,resid,chain,plddt,Uniprot Entry,pKa,PDB Code,sasa
0,28,A,91.94,P10809,11.32,/AF-P10809-F1-model_v1,47.71869801292657
1,31,A,94.58,P10809,10.52,/AF-P10809-F1-model_v1,45.97616128773543
2,58,A,95.23,P10809,10.29,/AF-P10809-F1-model_v1,45.842120001182266
3,72,A,91.4,P10809,11.15,/AF-P10809-F1-model_v1,48.92506959190505
4,75,A,91.61,P10809,8.35,/AF-P10809-F1-model_v1,16.084954386379742
5,82,A,92.53,P10809,10.17,/AF-P10809-F1-model_v1,71.71208830594301
6,87,A,95.2,P10809,10.45,/AF-P10809-F1-model_v1,95.70547859895947
7,89,A,94.87,P10809,10.41,/AF-P10809-F1-model_v1,73.18654245802783
8,91,A,96.66,P10809,10.33,/AF-P10809-F1-model_v1,40.34642725250252
9,96,A,95.89,P10809,11.29,/AF-P10809-F1-model_v1,54.554803627137964
10,125,A,95.9,P10809,10.8,/AF-P10809-F1-model_v1,71.71208830594303
11,130,A,91.29,P10809,10.31,/AF-P10809-F1-model_v1,49.72931731122404
12,133,A,72.71,P10809,10.48,/AF-P10809-F1-model_v1,104.68624479802149
13,156,A,95.98,P10809,10.26,/AF-P10809-F1-model_v1,84.84813438815314
14,157,A,96.82,P10809,11.04,/AF-P10809-F1-model_v1,74.92907918321896
15,160,A,94.65,P10809,10.37,/AF-P10809-F1-model_v1,96.24164374517213
16,180,A,94.23,P10809,10.32,/AF-P10809-F1-model_v1,101.06713006108606
17,191,A,89.34,P10809,10.91,/AF-P10809-F1-model_v1,49.32719345156455
18,192,A,86.42,P10809,10.38,/AF-P10809-F1-model_v1,69.83551029419871
19,196,A,71.91,P10809,10.47,/AF-P10809-F1-model_v1,122.51373590959238
20,202,A,82.48,P10809,10.28,/AF-P10809-F1-model_v1,88.86937298474808
21,205,A,83.9,P10809,10.42,/AF-P10809-F1-model_v1,105.22240994423416
22,218,A,85.96,P10809,11.82,/AF-P10809-F1-model_v1,34.180528071056955
23,233,A,80.61,P10809,10.47,/AF-P10809-F1-model_v1,91.95232257547087
24,236,A,86.56,P10809,10.53,/AF-P10809-F1-model_v1,47.45061543982024
25,249,A,92.42,P10809,10.48,/AF-P10809-F1-model_v1,73.58866631768733
26,250,A,93.81,P10809,10.78,/AF-P10809-F1-model_v1,62.59728082032784
27,269,A,93.24,P10809,10.48,/AF-P10809-F1-model_v1,48.52294573224556
28,292,A,91.54,P10809,10.34,/AF-P10809-F1-model_v1,72.11421216560251
29,301,A,96.91,P10809,11.23,/AF-P10809-F1-model_v1,51.47185403641518
30,310,A,93.62,P10809,12.46,/AF-P10809-F1-model_v1,36.86135380212024
31,314,A,93.5,P10809,10.97,/AF-P10809-F1-model_v1,49.72931731122404
32,344,A,95.56,P10809,10.27,/AF-P10809-F1-model_v1,54.956927486797454
33,352,A,92.49,P10809,10.75,/AF-P10809-F1-model_v1,82.7034738033025
34,359,A,84.35,P10809,10.64,/AF-P10809-F1-model_v1,102.13946035351137
35,361,A,90.03,P10809,11.44,/AF-P10809-F1-model_v1,59.38028994305189
36,364,A,89.29,P10809,10.53,/AF-P10809-F1-model_v1,106.02665766355312
37,369,A,94.46,P10809,10.49,/AF-P10809-F1-model_v1,92.62252900823668
38,387,A,83.42,P10809,10.76,/AF-P10809-F1-model_v1,51.33781274986201
39,389,A,86.02,P10809,12.61,/AF-P10809-F1-model_v1,28.14867017616455
40,396,A,80.69,P10809,10.1,/AF-P10809-F1-model_v1,27.478463743398724
41,405,A,89.18,P10809,11.5,/AF-P10809-F1-model_v1,47.04849158016075
42,417,A,91.98,P10809,11.23,/AF-P10809-F1-model_v1,26.27209216442025
43,418,A,89.46,P10809,11.23,/AF-P10809-F1-model_v1,59.11220736994555
44,462,A,96.12,P10809,11.39,/AF-P10809-F1-model_v1,52.67822561539366
45,469,A,97.07,P10809,12.31,/AF-P10809-F1-model_v1,24.931679298888604
46,473,A,97.95,P10809,9.75,/AF-P10809-F1-model_v1,34.44861064416328
47,481,A,97.27,P10809,10.33,/AF-P10809-F1-model_v1,90.47786842338606
48,493,A,96.38,P10809,10.18,/AF-P10809-F1-model_v1,63.669611112753145
49,516,A,93.61,P10809,10.73,/AF-P10809-F1-model_v1,62.329198247221505
50,523,A,96.34,P10809,11.28,/AF-P10809-F1-model_v1,34.046486784503784
51,551,A,72.53,P10809,10.61,/AF-P10809-F1-model_v1,67.28872584968859
52,3,C,0.0,P04406,10.32,/1U8F-alt1A_assembled/1U8F-alt1B_assembled,81.09497836466454
53,5,D,0.0,P04406,10.28,/1U8F-alt1A_assembled/1U8F-alt1B_assembled,64.6079001186253
54,27,D,0.0,P04406,10.45,/1U8F-alt1A_assembled/1U8F-alt1B_assembled,44.63574842220379
55,55,C,0.0,P04406,9.75,/1U8F-alt1A_assembled/1U8F-alt1B_assembled,47.85273929947974
56,61,D,0.0,P04406,10.54,/1U8F-alt1A_assembled/1U8F-alt1B_assembled,65.41214783794429
57,66,B,0.0,P04406,10.11,/1U8F-alt1A_assembled/1U8F-alt1B_assembled,62.99940467998733
58,84,B,0.0,P04406,10.34,/1U8F-alt1A_assembled/1U8F-alt1B_assembled,65.94831298415694
59,86,C,0.0,P04406,10.58,/1U8F-alt1A_assembled/1U8F-alt1B_assembled,75.1971617563253
60,107,B,0.0,P04406,10.29,/1U8F-alt1A_assembled/1U8F-alt1B_assembled,68.62913871522024
61,117,A,0.0,P04406,9.94,/1U8F-alt1A_assembled/1U8F-alt1B_assembled,61.65899181445569
62,139,D,0.0,P04406,10.16,/1U8F-alt1A_assembled/1U8F-alt1B_assembled,60.318578948924035
63,145,C,0.0,P04406,9.98,/1U8F-alt1A_assembled/1U8F-alt1B_assembled,49.193152165011384
64,162,A,0.0,P04406,11.07,/1U8F-alt1A_assembled/1U8F-alt1B_assembled,42.49108783735315
65,186,C,0.0,P04406,9.55,/1U8F-alt1A_assembled/1U8F-alt1B_assembled,40.61450982560885
66,194,B,0.0,P04406,10.41,/1U8F-alt1A_assembled/1U8F-alt1B_assembled,95.83951988551263
67,215,A,0.0,P04406,10.11,/1U8F-alt1A_assembled/1U8F-alt1B_assembled,71.57804701938986
68,219,D,0.0,P04406,9.5,/1U8F-alt1A_assembled/1U8F-alt1B_assembled,56.69946421198859
69,227,B,0.0,P04406,10.3,/1U8F-alt1A_assembled/1U8F-alt1B_assembled,43.69745941633163
70,251,C,0.0,P04406,10.28,/1U8F-alt1A_assembled/1U8F-alt1B_assembled,60.4526202354772
71,254,B,0.0,P04406,11.11,/1U8F-alt1A_assembled/1U8F-alt1B_assembled,61.92707438756201
72,259,C,0.0,P04406,10.78,/1U8F-alt1A_assembled/1U8F-alt1B_assembled,24.529555439229107
73,260,A,0.0,P04406,10.47,/1U8F-alt1A_assembled/1U8F-alt1B_assembled,82.70347380330253
74,263,A,0.0,P04406,10.74,/1U8F-alt1A_assembled/1U8F-alt1B_assembled,58.71008351028606
75,271,B,0.0,P04406,10.42,/1U8F-alt1A_assembled/1U8F-alt1B_assembled,72.24825345215568
76,309,A,0.0,P04406,9.32,/1U8F-alt1A_assembled/1U8F-alt1B_assembled,4.0212385965949355
77,334,B,0.0,P04406,10.05,/1U8F-alt1A_assembled/1U8F-alt1B_assembled,23.72530771991012
78,6,B,0.0,P62987,9.65,/2LJ5-alt-78_assembled/2LJ5-alt-100_assembled/2LJ5-alt-114_assembled/2LJ5-alt-44_assembled/2LJ5-alt-50_assembled/2LJ5-alt-128_assembled/2LJ5-alt-87_assembled/2LJ5-alt-93_assembled/2LJ5-alt-276_assembled/2LJ5-alt-262_assembled/2LJ5-alt-289_assembled/2LJ5-alt-288_assembled/2LJ5-alt-263_assembled/2LJ5-alt-277_assembled/2LJ5-alt-92_assembled/2LJ5-alt-86_assembled/2LJ5-alt-129_assembled/2LJ5-alt-51_assembled/2LJ5-alt-45_assembled/2LJ5-alt-115_assembled/2LJ5-alt-101_assembled/2LJ5-alt-79_assembled/2LJ5-alt-117_assembled/2LJ5-alt-103_assembled/2LJ5-alt-53_assembled/2LJ5-alt-47_assembled/2LJ5-alt-90_assembled/2LJ5-alt-84_assembled/2LJ5-alt-301_assembled/2LJ5-alt-261_assembled/2LJ5-alt-275_assembled/2LJ5-alt-249_assembled/2LJ5-alt-248_assembled/2LJ5-alt-274_assembled/2LJ5-alt-260_assembled/2LJ5-alt-300_assembled/2LJ5-alt-85_assembled/2LJ5-alt-91_assembled/2LJ5-alt-46_assembled/2LJ5-alt-52_assembled/2LJ5-alt-102_assembled/2LJ5-alt-116_assembled/2LJ5-alt-56_assembled/2LJ5-alt-42_assembled/2LJ5-alt-112_assembled/2LJ5-alt-106_assembled/2LJ5-alt-95_assembled/2LJ5-alt-81_assembled/2LJ5-alt-258_assembled/2LJ5-alt-264_assembled/2LJ5-alt-270_assembled/2LJ5-alt-271_assembled/2LJ5-alt-265_assembled/2LJ5-alt-259_assembled/2LJ5-alt-80_assembled/2LJ5-alt-94_assembled/2LJ5-alt-107_assembled/2LJ5-alt-113_assembled/2LJ5-alt-43_assembled/2LJ5-alt-57_assembled/2LJ5-alt-139_assembled/2LJ5-alt-41_assembled/2LJ5-alt-55_assembled/2LJ5-alt-105_assembled/2LJ5-alt-111_assembled/2LJ5-alt-69_assembled/2LJ5-alt-82_assembled/2LJ5-alt-96_assembled/2LJ5-alt-273_assembled/2LJ5-alt-267_assembled/2LJ5-alt-298_assembled/2LJ5-alt-299_assembled/2LJ5-alt-266_assembled/2LJ5-alt-272_assembled/2LJ5-alt-97_assembled/2LJ5-alt-83_assembled/2LJ5-alt-68_assembled/2LJ5-alt-110_assembled/2LJ5-alt-104_assembled/2LJ5-alt-54_assembled/2LJ5-alt-40_assembled/2LJ5-alt-138_assembled/2LJ5-alt-163_assembled/2LJ5-alt-177_assembled/2LJ5-alt-27_assembled/2LJ5-alt-33_assembled/2LJ5-alt-188_assembled/2LJ5-alt-215_assembled/2LJ5-alt-201_assembled/2LJ5-alt-229_assembled/2LJ5-alt-3_assembled/2LJ5-alt-2_assembled/2LJ5-alt-228_assembled/2LJ5-alt-200_assembled/2LJ5-alt-214_assembled/2LJ5-alt-189_assembled/2LJ5-alt-32_assembled/2LJ5-alt-26_assembled/2LJ5-alt-176_assembled/2LJ5-alt-162_assembled/2LJ5-alt-174_assembled/2LJ5-alt-160_assembled/2LJ5-alt-18_assembled/2LJ5-alt-148_assembled/2LJ5-alt-30_assembled/2LJ5-alt-24_assembled/2LJ5-alt-202_assembled/2LJ5-alt-216_assembled/2LJ5-alt-1_assembled/2LJ5-alt-217_assembled/2LJ5-alt-203_assembled/2LJ5-alt-25_assembled/2LJ5-alt-31_assembled/2LJ5-alt-149_assembled/2LJ5-alt-19_assembled/2LJ5-alt-161_assembled/2LJ5-alt-175_assembled/2LJ5-alt-35_assembled/2LJ5-alt-21_assembled/2LJ5-alt-159_assembled/2LJ5-alt-171_assembled/2LJ5-alt-165_assembled/2LJ5-alt-207_assembled/2LJ5-alt-213_assembled/2LJ5-alt-5_assembled/2LJ5-alt-4_assembled/2LJ5-alt-212_assembled/2LJ5-alt-206_assembled/2LJ5-alt-164_assembled/2LJ5-alt-170_assembled/2LJ5-alt-158_assembled/2LJ5-alt-20_assembled/2LJ5-alt-34_assembled/2LJ5-alt-22_assembled/2LJ5-alt-36_assembled/2LJ5-alt-166_assembled/2LJ5-alt-172_assembled/2LJ5-alt-199_assembled/2LJ5-alt-238_assembled/2LJ5-alt-210_assembled/2LJ5-alt-204_assembled/2LJ5-alt-6_assembled/2LJ5-alt-7_assembled/2LJ5-alt-205_assembled/2LJ5-alt-211_assembled/2LJ5-alt-239_assembled/2LJ5-alt-198_assembled/2LJ5-alt-173_assembled/2LJ5-alt-167_assembled/2LJ5-alt-37_assembled/2LJ5-alt-23_assembled/2LJ5-alt-142_assembled/2LJ5-alt-156_assembled/2LJ5-alt-12_assembled/2LJ5-alt-181_assembled/2LJ5-alt-195_assembled/2LJ5-alt-234_assembled/2LJ5-alt-220_assembled/2LJ5-alt-208_assembled/2LJ5-alt-209_assembled/2LJ5-alt-221_assembled/2LJ5-alt-235_assembled/2LJ5-alt-194_assembled/2LJ5-alt-180_assembled/2LJ5-alt-13_assembled/2LJ5-alt-157_assembled/2LJ5-alt-143_assembled/2LJ5-alt-155_assembled/2LJ5-alt-39_assembled/2LJ5-alt-141_assembled/2LJ5-alt-11_assembled/2LJ5-alt-169_assembled/2LJ5-alt-196_assembled/2LJ5-alt-182_assembled/2LJ5-alt-223_assembled/2LJ5-alt-237_assembled/2LJ5-alt-9_assembled/2LJ5-alt-8_assembled/2LJ5-alt-236_assembled/2LJ5-alt-222_assembled/2LJ5-alt-183_assembled/2LJ5-alt-197_assembled/2LJ5-alt-168_assembled/2LJ5-alt-10_assembled/2LJ5-alt-140_assembled/2LJ5-alt-38_assembled/2LJ5-alt-154_assembled/2LJ5-alt-14_assembled/2LJ5-alt-178_assembled/2LJ5-alt-150_assembled/2LJ5-alt-28_assembled/2LJ5-alt-144_assembled/2LJ5-alt-193_assembled/2LJ5-alt-187_assembled/2LJ5-alt-226_assembled/2LJ5-alt-232_assembled/2LJ5-alt-233_assembled/2LJ5-alt-227_assembled/2LJ5-alt-186_assembled/2LJ5-alt-192_assembled/2LJ5-alt-145_assembled/2LJ5-alt-29_assembled/2LJ5-alt-151_assembled/2LJ5-alt-179_assembled/2LJ5-alt-15_assembled/2LJ5-alt-17_assembled/2LJ5-alt-147_assembled/2LJ5-alt-153_assembled/2LJ5-alt-184_assembled/2LJ5-alt-190_assembled/2LJ5-alt-219_assembled/2LJ5-alt-231_assembled/2LJ5-alt-225_assembled/2LJ5-alt-224_assembled/2LJ5-alt-230_assembled/2LJ5-alt-218_assembled/2LJ5-alt-191_assembled/2LJ5-alt-185_assembled/2LJ5-alt-152_assembled/2LJ5-alt-146_assembled/2LJ5-alt-16_assembled/2LJ5-alt-121_assembled/2LJ5-alt-59_assembled/2LJ5-alt-135_assembled/2LJ5-alt-65_assembled/2LJ5-alt-109_assembled/2LJ5-alt-71_assembled/2LJ5-alt-257_assembled/2LJ5-alt-243_assembled/2LJ5-alt-294_assembled/2LJ5-alt-280_assembled/2LJ5-alt-281_assembled/2LJ5-alt-295_assembled/2LJ5-alt-242_assembled/2LJ5-alt-256_assembled/2LJ5-alt-70_assembled/2LJ5-alt-108_assembled/2LJ5-alt-64_assembled/2LJ5-alt-134_assembled/2LJ5-alt-58_assembled/2LJ5-alt-120_assembled/2LJ5-alt-136_assembled/2LJ5-alt-122_assembled/2LJ5-alt-72_assembled/2LJ5-alt-66_assembled/2LJ5-alt-99_assembled/2LJ5-alt-240_assembled/2LJ5-alt-254_assembled/2LJ5-alt-268_assembled/2LJ5-alt-283_assembled/2LJ5-alt-297_assembled/2LJ5-alt-296_assembled/2LJ5-alt-282_assembled/2LJ5-alt-269_assembled/2LJ5-alt-255_assembled/2LJ5-alt-241_assembled/2LJ5-alt-98_assembled/2LJ5-alt-67_assembled/2LJ5-alt-73_assembled/2LJ5-alt-123_assembled/2LJ5-alt-137_assembled/2LJ5-alt-77_assembled/2LJ5-alt-63_assembled/2LJ5-alt-133_assembled/2LJ5-alt-127_assembled/2LJ5-alt-88_assembled/2LJ5-alt-279_assembled/2LJ5-alt-245_assembled/2LJ5-alt-251_assembled/2LJ5-alt-286_assembled/2LJ5-alt-292_assembled/2LJ5-alt-293_assembled/2LJ5-alt-287_assembled/2LJ5-alt-250_assembled/2LJ5-alt-244_assembled/2LJ5-alt-278_assembled/2LJ5-alt-89_assembled/2LJ5-alt-126_assembled/2LJ5-alt-132_assembled/2LJ5-alt-62_assembled/2LJ5-alt-76_assembled/2LJ5-alt-60_assembled/2LJ5-alt-118_assembled/2LJ5-alt-74_assembled/2LJ5-alt-124_assembled/2LJ5-alt-48_assembled/2LJ5-alt-130_assembled/2LJ5-alt-252_assembled/2LJ5-alt-246_assembled/2LJ5-alt-291_assembled/2LJ5-alt-285_assembled/2LJ5-alt-284_assembled/2LJ5-alt-290_assembled/2LJ5-alt-247_assembled/2LJ5-alt-253_assembled/2LJ5-alt-131_assembled/2LJ5-alt-49_assembled/2LJ5-alt-125_assembled/2LJ5-alt-75_assembled/2LJ5-alt-119_assembled/2LJ5-alt-61_assembled/2MBH-alt-20_assembled/2MBH-alt-19_assembled/2MBH-alt-18_assembled/2MBH-alt-9_assembled/2MBH-alt-8_assembled/2MBH-alt-1_assembled/2MBH-alt-3_assembled/2MBH-alt-2_assembled/2MBH-alt-6_assembled/2MBH-alt-7_assembled/2MBH-alt-5_assembled/2MBH-alt-4_assembled/2MBH-alt-15_assembled/2MBH-alt-14_assembled/2MBH-alt-16_assembled/2MBH-alt-17_assembled/2MBH-alt-13_assembled/2MBH-alt-12_assembled/2MBH-alt-10_assembled/2MBH-alt-11_assembled,47.85273929947974
79,11,A,0.0,P62987,10.2,/2LJ5-alt-78_assembled/2LJ5-alt-100_assembled/2LJ5-alt-114_assembled/2LJ5-alt-44_assembled/2LJ5-alt-50_assembled/2LJ5-alt-128_assembled/2LJ5-alt-87_assembled/2LJ5-alt-93_assembled/2LJ5-alt-276_assembled/2LJ5-alt-262_assembled/2LJ5-alt-289_assembled/2LJ5-alt-288_assembled/2LJ5-alt-263_assembled/2LJ5-alt-277_assembled/2LJ5-alt-92_assembled/2LJ5-alt-86_assembled/2LJ5-alt-129_assembled/2LJ5-alt-51_assembled/2LJ5-alt-45_assembled/2LJ5-alt-115_assembled/2LJ5-alt-101_assembled/2LJ5-alt-79_assembled/2LJ5-alt-117_assembled/2LJ5-alt-103_assembled/2LJ5-alt-53_assembled/2LJ5-alt-47_assembled/2LJ5-alt-90_assembled/2LJ5-alt-84_assembled/2LJ5-alt-301_assembled/2LJ5-alt-261_assembled/2LJ5-alt-275_assembled/2LJ5-alt-249_assembled/2LJ5-alt-248_assembled/2LJ5-alt-274_assembled/2LJ5-alt-260_assembled/2LJ5-alt-300_assembled/2LJ5-alt-85_assembled/2LJ5-alt-91_assembled/2LJ5-alt-46_assembled/2LJ5-alt-52_assembled/2LJ5-alt-102_assembled/2LJ5-alt-116_assembled/2LJ5-alt-56_assembled/2LJ5-alt-42_assembled/2LJ5-alt-112_assembled/2LJ5-alt-106_assembled/2LJ5-alt-95_assembled/2LJ5-alt-81_assembled/2LJ5-alt-258_assembled/2LJ5-alt-264_assembled/2LJ5-alt-270_assembled/2LJ5-alt-271_assembled/2LJ5-alt-265_assembled/2LJ5-alt-259_assembled/2LJ5-alt-80_assembled/2LJ5-alt-94_assembled/2LJ5-alt-107_assembled/2LJ5-alt-113_assembled/2LJ5-alt-43_assembled/2LJ5-alt-57_assembled/2LJ5-alt-139_assembled/2LJ5-alt-41_assembled/2LJ5-alt-55_assembled/2LJ5-alt-105_assembled/2LJ5-alt-111_assembled/2LJ5-alt-69_assembled/2LJ5-alt-82_assembled/2LJ5-alt-96_assembled/2LJ5-alt-273_assembled/2LJ5-alt-267_assembled/2LJ5-alt-298_assembled/2LJ5-alt-299_assembled/2LJ5-alt-266_assembled/2LJ5-alt-272_assembled/2LJ5-alt-97_assembled/2LJ5-alt-83_assembled/2LJ5-alt-68_assembled/2LJ5-alt-110_assembled/2LJ5-alt-104_assembled/2LJ5-alt-54_assembled/2LJ5-alt-40_assembled/2LJ5-alt-138_assembled/2LJ5-alt-163_assembled/2LJ5-alt-177_assembled/2LJ5-alt-27_assembled/2LJ5-alt-33_assembled/2LJ5-alt-188_assembled/2LJ5-alt-215_assembled/2LJ5-alt-201_assembled/2LJ5-alt-229_assembled/2LJ5-alt-3_assembled/2LJ5-alt-2_assembled/2LJ5-alt-228_assembled/2LJ5-alt-200_assembled/2LJ5-alt-214_assembled/2LJ5-alt-189_assembled/2LJ5-alt-32_assembled/2LJ5-alt-26_assembled/2LJ5-alt-176_assembled/2LJ5-alt-162_assembled/2LJ5-alt-174_assembled/2LJ5-alt-160_assembled/2LJ5-alt-18_assembled/2LJ5-alt-148_assembled/2LJ5-alt-30_assembled/2LJ5-alt-24_assembled/2LJ5-alt-202_assembled/2LJ5-alt-216_assembled/2LJ5-alt-1_assembled/2LJ5-alt-217_assembled/2LJ5-alt-203_assembled/2LJ5-alt-25_assembled/2LJ5-alt-31_assembled/2LJ5-alt-149_assembled/2LJ5-alt-19_assembled/2LJ5-alt-161_assembled/2LJ5-alt-175_assembled/2LJ5-alt-35_assembled/2LJ5-alt-21_assembled/2LJ5-alt-159_assembled/2LJ5-alt-171_assembled/2LJ5-alt-165_assembled/2LJ5-alt-207_assembled/2LJ5-alt-213_assembled/2LJ5-alt-5_assembled/2LJ5-alt-4_assembled/2LJ5-alt-212_assembled/2LJ5-alt-206_assembled/2LJ5-alt-164_assembled/2LJ5-alt-170_assembled/2LJ5-alt-158_assembled/2LJ5-alt-20_assembled/2LJ5-alt-34_assembled/2LJ5-alt-22_assembled/2LJ5-alt-36_assembled/2LJ5-alt-166_assembled/2LJ5-alt-172_assembled/2LJ5-alt-199_assembled/2LJ5-alt-238_assembled/2LJ5-alt-210_assembled/2LJ5-alt-204_assembled/2LJ5-alt-6_assembled/2LJ5-alt-7_assembled/2LJ5-alt-205_assembled/2LJ5-alt-211_assembled/2LJ5-alt-239_assembled/2LJ5-alt-198_assembled/2LJ5-alt-173_assembled/2LJ5-alt-167_assembled/2LJ5-alt-37_assembled/2LJ5-alt-23_assembled/2LJ5-alt-142_assembled/2LJ5-alt-156_assembled/2LJ5-alt-12_assembled/2LJ5-alt-181_assembled/2LJ5-alt-195_assembled/2LJ5-alt-234_assembled/2LJ5-alt-220_assembled/2LJ5-alt-208_assembled/2LJ5-alt-209_assembled/2LJ5-alt-221_assembled/2LJ5-alt-235_assembled/2LJ5-alt-194_assembled/2LJ5-alt-180_assembled/2LJ5-alt-13_assembled/2LJ5-alt-157_assembled/2LJ5-alt-143_assembled/2LJ5-alt-155_assembled/2LJ5-alt-39_assembled/2LJ5-alt-141_assembled/2LJ5-alt-11_assembled/2LJ5-alt-169_assembled/2LJ5-alt-196_assembled/2LJ5-alt-182_assembled/2LJ5-alt-223_assembled/2LJ5-alt-237_assembled/2LJ5-alt-9_assembled/2LJ5-alt-8_assembled/2LJ5-alt-236_assembled/2LJ5-alt-222_assembled/2LJ5-alt-183_assembled/2LJ5-alt-197_assembled/2LJ5-alt-168_assembled/2LJ5-alt-10_assembled/2LJ5-alt-140_assembled/2LJ5-alt-38_assembled/2LJ5-alt-154_assembled/2LJ5-alt-14_assembled/2LJ5-alt-178_assembled/2LJ5-alt-150_assembled/2LJ5-alt-28_assembled/2LJ5-alt-144_assembled/2LJ5-alt-193_assembled/2LJ5-alt-187_assembled/2LJ5-alt-226_assembled/2LJ5-alt-232_assembled/2LJ5-alt-233_assembled/2LJ5-alt-227_assembled/2LJ5-alt-186_assembled/2LJ5-alt-192_assembled/2LJ5-alt-145_assembled/2LJ5-alt-29_assembled/2LJ5-alt-151_assembled/2LJ5-alt-179_assembled/2LJ5-alt-15_assembled/2LJ5-alt-17_assembled/2LJ5-alt-147_assembled/2LJ5-alt-153_assembled/2LJ5-alt-184_assembled/2LJ5-alt-190_assembled/2LJ5-alt-219_assembled/2LJ5-alt-231_assembled/2LJ5-alt-225_assembled/2LJ5-alt-224_assembled/2LJ5-alt-230_assembled/2LJ5-alt-218_assembled/2LJ5-alt-191_assembled/2LJ5-alt-185_assembled/2LJ5-alt-152_assembled/2LJ5-alt-146_assembled/2LJ5-alt-16_assembled/2LJ5-alt-121_assembled/2LJ5-alt-59_assembled/2LJ5-alt-135_assembled/2LJ5-alt-65_assembled/2LJ5-alt-109_assembled/2LJ5-alt-71_assembled/2LJ5-alt-257_assembled/2LJ5-alt-243_assembled/2LJ5-alt-294_assembled/2LJ5-alt-280_assembled/2LJ5-alt-281_assembled/2LJ5-alt-295_assembled/2LJ5-alt-242_assembled/2LJ5-alt-256_assembled/2LJ5-alt-70_assembled/2LJ5-alt-108_assembled/2LJ5-alt-64_assembled/2LJ5-alt-134_assembled/2LJ5-alt-58_assembled/2LJ5-alt-120_assembled/2LJ5-alt-136_assembled/2LJ5-alt-122_assembled/2LJ5-alt-72_assembled/2LJ5-alt-66_assembled/2LJ5-alt-99_assembled/2LJ5-alt-240_assembled/2LJ5-alt-254_assembled/2LJ5-alt-268_assembled/2LJ5-alt-283_assembled/2LJ5-alt-297_assembled/2LJ5-alt-296_assembled/2LJ5-alt-282_assembled/2LJ5-alt-269_assembled/2LJ5-alt-255_assembled/2LJ5-alt-241_assembled/2LJ5-alt-98_assembled/2LJ5-alt-67_assembled/2LJ5-alt-73_assembled/2LJ5-alt-123_assembled/2LJ5-alt-137_assembled/2LJ5-alt-77_assembled/2LJ5-alt-63_assembled/2LJ5-alt-133_assembled/2LJ5-alt-127_assembled/2LJ5-alt-88_assembled/2LJ5-alt-279_assembled/2LJ5-alt-245_assembled/2LJ5-alt-251_assembled/2LJ5-alt-286_assembled/2LJ5-alt-292_assembled/2LJ5-alt-293_assembled/2LJ5-alt-287_assembled/2LJ5-alt-250_assembled/2LJ5-alt-244_assembled/2LJ5-alt-278_assembled/2LJ5-alt-89_assembled/2LJ5-alt-126_assembled/2LJ5-alt-132_assembled/2LJ5-alt-62_assembled/2LJ5-alt-76_assembled/2LJ5-alt-60_assembled/2LJ5-alt-118_assembled/2LJ5-alt-74_assembled/2LJ5-alt-124_assembled/2LJ5-alt-48_assembled/2LJ5-alt-130_assembled/2LJ5-alt-252_assembled/2LJ5-alt-246_assembled/2LJ5-alt-291_assembled/2LJ5-alt-285_assembled/2LJ5-alt-284_assembled/2LJ5-alt-290_assembled/2LJ5-alt-247_assembled/2LJ5-alt-253_assembled/2LJ5-alt-131_assembled/2LJ5-alt-49_assembled/2LJ5-alt-125_assembled/2LJ5-alt-75_assembled/2LJ5-alt-119_assembled/2LJ5-alt-61_assembled/2MBH-alt-20_assembled/2MBH-alt-19_assembled/2MBH-alt-18_assembled/2MBH-alt-9_assembled/2MBH-alt-8_assembled/2MBH-alt-1_assembled/2MBH-alt-3_assembled/2MBH-alt-2_assembled/2MBH-alt-6_assembled/2MBH-alt-7_assembled/2MBH-alt-5_assembled/2MBH-alt-4_assembled/2MBH-alt-15_assembled/2MBH-alt-14_assembled/2MBH-alt-16_assembled/2MBH-alt-17_assembled/2MBH-alt-13_assembled/2MBH-alt-12_assembled/2MBH-alt-10_assembled/2MBH-alt-11_assembled,64.20577625896581
80,27,B,0.0,P62987,6.24,/2LJ5-alt-78_assembled/2LJ5-alt-100_assembled/2LJ5-alt-114_assembled/2LJ5-alt-44_assembled/2LJ5-alt-50_assembled/2LJ5-alt-128_assembled/2LJ5-alt-87_assembled/2LJ5-alt-93_assembled/2LJ5-alt-276_assembled/2LJ5-alt-262_assembled/2LJ5-alt-289_assembled/2LJ5-alt-288_assembled/2LJ5-alt-263_assembled/2LJ5-alt-277_assembled/2LJ5-alt-92_assembled/2LJ5-alt-86_assembled/2LJ5-alt-129_assembled/2LJ5-alt-51_assembled/2LJ5-alt-45_assembled/2LJ5-alt-115_assembled/2LJ5-alt-101_assembled/2LJ5-alt-79_assembled/2LJ5-alt-117_assembled/2LJ5-alt-103_assembled/2LJ5-alt-53_assembled/2LJ5-alt-47_assembled/2LJ5-alt-90_assembled/2LJ5-alt-84_assembled/2LJ5-alt-301_assembled/2LJ5-alt-261_assembled/2LJ5-alt-275_assembled/2LJ5-alt-249_assembled/2LJ5-alt-248_assembled/2LJ5-alt-274_assembled/2LJ5-alt-260_assembled/2LJ5-alt-300_assembled/2LJ5-alt-85_assembled/2LJ5-alt-91_assembled/2LJ5-alt-46_assembled/2LJ5-alt-52_assembled/2LJ5-alt-102_assembled/2LJ5-alt-116_assembled/2LJ5-alt-56_assembled/2LJ5-alt-42_assembled/2LJ5-alt-112_assembled/2LJ5-alt-106_assembled/2LJ5-alt-95_assembled/2LJ5-alt-81_assembled/2LJ5-alt-258_assembled/2LJ5-alt-264_assembled/2LJ5-alt-270_assembled/2LJ5-alt-271_assembled/2LJ5-alt-265_assembled/2LJ5-alt-259_assembled/2LJ5-alt-80_assembled/2LJ5-alt-94_assembled/2LJ5-alt-107_assembled/2LJ5-alt-113_assembled/2LJ5-alt-43_assembled/2LJ5-alt-57_assembled/2LJ5-alt-139_assembled/2LJ5-alt-41_assembled/2LJ5-alt-55_assembled/2LJ5-alt-105_assembled/2LJ5-alt-111_assembled/2LJ5-alt-69_assembled/2LJ5-alt-82_assembled/2LJ5-alt-96_assembled/2LJ5-alt-273_assembled/2LJ5-alt-267_assembled/2LJ5-alt-298_assembled/2LJ5-alt-299_assembled/2LJ5-alt-266_assembled/2LJ5-alt-272_assembled/2LJ5-alt-97_assembled/2LJ5-alt-83_assembled/2LJ5-alt-68_assembled/2LJ5-alt-110_assembled/2LJ5-alt-104_assembled/2LJ5-alt-54_assembled/2LJ5-alt-40_assembled/2LJ5-alt-138_assembled/2LJ5-alt-163_assembled/2LJ5-alt-177_assembled/2LJ5-alt-27_assembled/2LJ5-alt-33_assembled/2LJ5-alt-188_assembled/2LJ5-alt-215_assembled/2LJ5-alt-201_assembled/2LJ5-alt-229_assembled/2LJ5-alt-3_assembled/2LJ5-alt-2_assembled/2LJ5-alt-228_assembled/2LJ5-alt-200_assembled/2LJ5-alt-214_assembled/2LJ5-alt-189_assembled/2LJ5-alt-32_assembled/2LJ5-alt-26_assembled/2LJ5-alt-176_assembled/2LJ5-alt-162_assembled/2LJ5-alt-174_assembled/2LJ5-alt-160_assembled/2LJ5-alt-18_assembled/2LJ5-alt-148_assembled/2LJ5-alt-30_assembled/2LJ5-alt-24_assembled/2LJ5-alt-202_assembled/2LJ5-alt-216_assembled/2LJ5-alt-1_assembled/2LJ5-alt-217_assembled/2LJ5-alt-203_assembled/2LJ5-alt-25_assembled/2LJ5-alt-31_assembled/2LJ5-alt-149_assembled/2LJ5-alt-19_assembled/2LJ5-alt-161_assembled/2LJ5-alt-175_assembled/2LJ5-alt-35_assembled/2LJ5-alt-21_assembled/2LJ5-alt-159_assembled/2LJ5-alt-171_assembled/2LJ5-alt-165_assembled/2LJ5-alt-207_assembled/2LJ5-alt-213_assembled/2LJ5-alt-5_assembled/2LJ5-alt-4_assembled/2LJ5-alt-212_assembled/2LJ5-alt-206_assembled/2LJ5-alt-164_assembled/2LJ5-alt-170_assembled/2LJ5-alt-158_assembled/2LJ5-alt-20_assembled/2LJ5-alt-34_assembled/2LJ5-alt-22_assembled/2LJ5-alt-36_assembled/2LJ5-alt-166_assembled/2LJ5-alt-172_assembled/2LJ5-alt-199_assembled/2LJ5-alt-238_assembled/2LJ5-alt-210_assembled/2LJ5-alt-204_assembled/2LJ5-alt-6_assembled/2LJ5-alt-7_assembled/2LJ5-alt-205_assembled/2LJ5-alt-211_assembled/2LJ5-alt-239_assembled/2LJ5-alt-198_assembled/2LJ5-alt-173_assembled/2LJ5-alt-167_assembled/2LJ5-alt-37_assembled/2LJ5-alt-23_assembled/2LJ5-alt-142_assembled/2LJ5-alt-156_assembled/2LJ5-alt-12_assembled/2LJ5-alt-181_assembled/2LJ5-alt-195_assembled/2LJ5-alt-234_assembled/2LJ5-alt-220_assembled/2LJ5-alt-208_assembled/2LJ5-alt-209_assembled/2LJ5-alt-221_assembled/2LJ5-alt-235_assembled/2LJ5-alt-194_assembled/2LJ5-alt-180_assembled/2LJ5-alt-13_assembled/2LJ5-alt-157_assembled/2LJ5-alt-143_assembled/2LJ5-alt-155_assembled/2LJ5-alt-39_assembled/2LJ5-alt-141_assembled/2LJ5-alt-11_assembled/2LJ5-alt-169_assembled/2LJ5-alt-196_assembled/2LJ5-alt-182_assembled/2LJ5-alt-223_assembled/2LJ5-alt-237_assembled/2LJ5-alt-9_assembled/2LJ5-alt-8_assembled/2LJ5-alt-236_assembled/2LJ5-alt-222_assembled/2LJ5-alt-183_assembled/2LJ5-alt-197_assembled/2LJ5-alt-168_assembled/2LJ5-alt-10_assembled/2LJ5-alt-140_assembled/2LJ5-alt-38_assembled/2LJ5-alt-154_assembled/2LJ5-alt-14_assembled/2LJ5-alt-178_assembled/2LJ5-alt-150_assembled/2LJ5-alt-28_assembled/2LJ5-alt-144_assembled/2LJ5-alt-193_assembled/2LJ5-alt-187_assembled/2LJ5-alt-226_assembled/2LJ5-alt-232_assembled/2LJ5-alt-233_assembled/2LJ5-alt-227_assembled/2LJ5-alt-186_assembled/2LJ5-alt-192_assembled/2LJ5-alt-145_assembled/2LJ5-alt-29_assembled/2LJ5-alt-151_assembled/2LJ5-alt-179_assembled/2LJ5-alt-15_assembled/2LJ5-alt-17_assembled/2LJ5-alt-147_assembled/2LJ5-alt-153_assembled/2LJ5-alt-184_assembled/2LJ5-alt-190_assembled/2LJ5-alt-219_assembled/2LJ5-alt-231_assembled/2LJ5-alt-225_assembled/2LJ5-alt-224_assembled/2LJ5-alt-230_assembled/2LJ5-alt-218_assembled/2LJ5-alt-191_assembled/2LJ5-alt-185_assembled/2LJ5-alt-152_assembled/2LJ5-alt-146_assembled/2LJ5-alt-16_assembled/2LJ5-alt-121_assembled/2LJ5-alt-59_assembled/2LJ5-alt-135_assembled/2LJ5-alt-65_assembled/2LJ5-alt-109_assembled/2LJ5-alt-71_assembled/2LJ5-alt-257_assembled/2LJ5-alt-243_assembled/2LJ5-alt-294_assembled/2LJ5-alt-280_assembled/2LJ5-alt-281_assembled/2LJ5-alt-295_assembled/2LJ5-alt-242_assembled/2LJ5-alt-256_assembled/2LJ5-alt-70_assembled/2LJ5-alt-108_assembled/2LJ5-alt-64_assembled/2LJ5-alt-134_assembled/2LJ5-alt-58_assembled/2LJ5-alt-120_assembled/2LJ5-alt-136_assembled/2LJ5-alt-122_assembled/2LJ5-alt-72_assembled/2LJ5-alt-66_assembled/2LJ5-alt-99_assembled/2LJ5-alt-240_assembled/2LJ5-alt-254_assembled/2LJ5-alt-268_assembled/2LJ5-alt-283_assembled/2LJ5-alt-297_assembled/2LJ5-alt-296_assembled/2LJ5-alt-282_assembled/2LJ5-alt-269_assembled/2LJ5-alt-255_assembled/2LJ5-alt-241_assembled/2LJ5-alt-98_assembled/2LJ5-alt-67_assembled/2LJ5-alt-73_assembled/2LJ5-alt-123_assembled/2LJ5-alt-137_assembled/2LJ5-alt-77_assembled/2LJ5-alt-63_assembled/2LJ5-alt-133_assembled/2LJ5-alt-127_assembled/2LJ5-alt-88_assembled/2LJ5-alt-279_assembled/2LJ5-alt-245_assembled/2LJ5-alt-251_assembled/2LJ5-alt-286_assembled/2LJ5-alt-292_assembled/2LJ5-alt-293_assembled/2LJ5-alt-287_assembled/2LJ5-alt-250_assembled/2LJ5-alt-244_assembled/2LJ5-alt-278_assembled/2LJ5-alt-89_assembled/2LJ5-alt-126_assembled/2LJ5-alt-132_assembled/2LJ5-alt-62_assembled/2LJ5-alt-76_assembled/2LJ5-alt-60_assembled/2LJ5-alt-118_assembled/2LJ5-alt-74_assembled/2LJ5-alt-124_assembled/2LJ5-alt-48_assembled/2LJ5-alt-130_assembled/2LJ5-alt-252_assembled/2LJ5-alt-246_assembled/2LJ5-alt-291_assembled/2LJ5-alt-285_assembled/2LJ5-alt-284_assembled/2LJ5-alt-290_assembled/2LJ5-alt-247_assembled/2LJ5-alt-253_assembled/2LJ5-alt-131_assembled/2LJ5-alt-49_assembled/2LJ5-alt-125_assembled/2LJ5-alt-75_assembled/2LJ5-alt-119_assembled/2LJ5-alt-61_assembled/2MBH-alt-20_assembled/2MBH-alt-19_assembled/2MBH-alt-18_assembled/2MBH-alt-9_assembled/2MBH-alt-8_assembled/2MBH-alt-1_assembled/2MBH-alt-3_assembled/2MBH-alt-2_assembled/2MBH-alt-6_assembled/2MBH-alt-7_assembled/2MBH-alt-5_assembled/2MBH-alt-4_assembled/2MBH-alt-15_assembled/2MBH-alt-14_assembled/2MBH-alt-16_assembled/2MBH-alt-17_assembled/2MBH-alt-13_assembled/2MBH-alt-12_assembled/2MBH-alt-10_assembled/2MBH-alt-11_assembled,4.959527602467087
81,29,B,0.0,P62987,9.56,/2LJ5-alt-78_assembled/2LJ5-alt-100_assembled/2LJ5-alt-114_assembled/2LJ5-alt-44_assembled/2LJ5-alt-50_assembled/2LJ5-alt-128_assembled/2LJ5-alt-87_assembled/2LJ5-alt-93_assembled/2LJ5-alt-276_assembled/2LJ5-alt-262_assembled/2LJ5-alt-289_assembled/2LJ5-alt-288_assembled/2LJ5-alt-263_assembled/2LJ5-alt-277_assembled/2LJ5-alt-92_assembled/2LJ5-alt-86_assembled/2LJ5-alt-129_assembled/2LJ5-alt-51_assembled/2LJ5-alt-45_assembled/2LJ5-alt-115_assembled/2LJ5-alt-101_assembled/2LJ5-alt-79_assembled/2LJ5-alt-117_assembled/2LJ5-alt-103_assembled/2LJ5-alt-53_assembled/2LJ5-alt-47_assembled/2LJ5-alt-90_assembled/2LJ5-alt-84_assembled/2LJ5-alt-301_assembled/2LJ5-alt-261_assembled/2LJ5-alt-275_assembled/2LJ5-alt-249_assembled/2LJ5-alt-248_assembled/2LJ5-alt-274_assembled/2LJ5-alt-260_assembled/2LJ5-alt-300_assembled/2LJ5-alt-85_assembled/2LJ5-alt-91_assembled/2LJ5-alt-46_assembled/2LJ5-alt-52_assembled/2LJ5-alt-102_assembled/2LJ5-alt-116_assembled/2LJ5-alt-56_assembled/2LJ5-alt-42_assembled/2LJ5-alt-112_assembled/2LJ5-alt-106_assembled/2LJ5-alt-95_assembled/2LJ5-alt-81_assembled/2LJ5-alt-258_assembled/2LJ5-alt-264_assembled/2LJ5-alt-270_assembled/2LJ5-alt-271_assembled/2LJ5-alt-265_assembled/2LJ5-alt-259_assembled/2LJ5-alt-80_assembled/2LJ5-alt-94_assembled/2LJ5-alt-107_assembled/2LJ5-alt-113_assembled/2LJ5-alt-43_assembled/2LJ5-alt-57_assembled/2LJ5-alt-139_assembled/2LJ5-alt-41_assembled/2LJ5-alt-55_assembled/2LJ5-alt-105_assembled/2LJ5-alt-111_assembled/2LJ5-alt-69_assembled/2LJ5-alt-82_assembled/2LJ5-alt-96_assembled/2LJ5-alt-273_assembled/2LJ5-alt-267_assembled/2LJ5-alt-298_assembled/2LJ5-alt-299_assembled/2LJ5-alt-266_assembled/2LJ5-alt-272_assembled/2LJ5-alt-97_assembled/2LJ5-alt-83_assembled/2LJ5-alt-68_assembled/2LJ5-alt-110_assembled/2LJ5-alt-104_assembled/2LJ5-alt-54_assembled/2LJ5-alt-40_assembled/2LJ5-alt-138_assembled/2LJ5-alt-163_assembled/2LJ5-alt-177_assembled/2LJ5-alt-27_assembled/2LJ5-alt-33_assembled/2LJ5-alt-188_assembled/2LJ5-alt-215_assembled/2LJ5-alt-201_assembled/2LJ5-alt-229_assembled/2LJ5-alt-3_assembled/2LJ5-alt-2_assembled/2LJ5-alt-228_assembled/2LJ5-alt-200_assembled/2LJ5-alt-214_assembled/2LJ5-alt-189_assembled/2LJ5-alt-32_assembled/2LJ5-alt-26_assembled/2LJ5-alt-176_assembled/2LJ5-alt-162_assembled/2LJ5-alt-174_assembled/2LJ5-alt-160_assembled/2LJ5-alt-18_assembled/2LJ5-alt-148_assembled/2LJ5-alt-30_assembled/2LJ5-alt-24_assembled/2LJ5-alt-202_assembled/2LJ5-alt-216_assembled/2LJ5-alt-1_assembled/2LJ5-alt-217_assembled/2LJ5-alt-203_assembled/2LJ5-alt-25_assembled/2LJ5-alt-31_assembled/2LJ5-alt-149_assembled/2LJ5-alt-19_assembled/2LJ5-alt-161_assembled/2LJ5-alt-175_assembled/2LJ5-alt-35_assembled/2LJ5-alt-21_assembled/2LJ5-alt-159_assembled/2LJ5-alt-171_assembled/2LJ5-alt-165_assembled/2LJ5-alt-207_assembled/2LJ5-alt-213_assembled/2LJ5-alt-5_assembled/2LJ5-alt-4_assembled/2LJ5-alt-212_assembled/2LJ5-alt-206_assembled/2LJ5-alt-164_assembled/2LJ5-alt-170_assembled/2LJ5-alt-158_assembled/2LJ5-alt-20_assembled/2LJ5-alt-34_assembled/2LJ5-alt-22_assembled/2LJ5-alt-36_assembled/2LJ5-alt-166_assembled/2LJ5-alt-172_assembled/2LJ5-alt-199_assembled/2LJ5-alt-238_assembled/2LJ5-alt-210_assembled/2LJ5-alt-204_assembled/2LJ5-alt-6_assembled/2LJ5-alt-7_assembled/2LJ5-alt-205_assembled/2LJ5-alt-211_assembled/2LJ5-alt-239_assembled/2LJ5-alt-198_assembled/2LJ5-alt-173_assembled/2LJ5-alt-167_assembled/2LJ5-alt-37_assembled/2LJ5-alt-23_assembled/2LJ5-alt-142_assembled/2LJ5-alt-156_assembled/2LJ5-alt-12_assembled/2LJ5-alt-181_assembled/2LJ5-alt-195_assembled/2LJ5-alt-234_assembled/2LJ5-alt-220_assembled/2LJ5-alt-208_assembled/2LJ5-alt-209_assembled/2LJ5-alt-221_assembled/2LJ5-alt-235_assembled/2LJ5-alt-194_assembled/2LJ5-alt-180_assembled/2LJ5-alt-13_assembled/2LJ5-alt-157_assembled/2LJ5-alt-143_assembled/2LJ5-alt-155_assembled/2LJ5-alt-39_assembled/2LJ5-alt-141_assembled/2LJ5-alt-11_assembled/2LJ5-alt-169_assembled/2LJ5-alt-196_assembled/2LJ5-alt-182_assembled/2LJ5-alt-223_assembled/2LJ5-alt-237_assembled/2LJ5-alt-9_assembled/2LJ5-alt-8_assembled/2LJ5-alt-236_assembled/2LJ5-alt-222_assembled/2LJ5-alt-183_assembled/2LJ5-alt-197_assembled/2LJ5-alt-168_assembled/2LJ5-alt-10_assembled/2LJ5-alt-140_assembled/2LJ5-alt-38_assembled/2LJ5-alt-154_assembled/2LJ5-alt-14_assembled/2LJ5-alt-178_assembled/2LJ5-alt-150_assembled/2LJ5-alt-28_assembled/2LJ5-alt-144_assembled/2LJ5-alt-193_assembled/2LJ5-alt-187_assembled/2LJ5-alt-226_assembled/2LJ5-alt-232_assembled/2LJ5-alt-233_assembled/2LJ5-alt-227_assembled/2LJ5-alt-186_assembled/2LJ5-alt-192_assembled/2LJ5-alt-145_assembled/2LJ5-alt-29_assembled/2LJ5-alt-151_assembled/2LJ5-alt-179_assembled/2LJ5-alt-15_assembled/2LJ5-alt-17_assembled/2LJ5-alt-147_assembled/2LJ5-alt-153_assembled/2LJ5-alt-184_assembled/2LJ5-alt-190_assembled/2LJ5-alt-219_assembled/2LJ5-alt-231_assembled/2LJ5-alt-225_assembled/2LJ5-alt-224_assembled/2LJ5-alt-230_assembled/2LJ5-alt-218_assembled/2LJ5-alt-191_assembled/2LJ5-alt-185_assembled/2LJ5-alt-152_assembled/2LJ5-alt-146_assembled/2LJ5-alt-16_assembled/2LJ5-alt-121_assembled/2LJ5-alt-59_assembled/2LJ5-alt-135_assembled/2LJ5-alt-65_assembled/2LJ5-alt-109_assembled/2LJ5-alt-71_assembled/2LJ5-alt-257_assembled/2LJ5-alt-243_assembled/2LJ5-alt-294_assembled/2LJ5-alt-280_assembled/2LJ5-alt-281_assembled/2LJ5-alt-295_assembled/2LJ5-alt-242_assembled/2LJ5-alt-256_assembled/2LJ5-alt-70_assembled/2LJ5-alt-108_assembled/2LJ5-alt-64_assembled/2LJ5-alt-134_assembled/2LJ5-alt-58_assembled/2LJ5-alt-120_assembled/2LJ5-alt-136_assembled/2LJ5-alt-122_assembled/2LJ5-alt-72_assembled/2LJ5-alt-66_assembled/2LJ5-alt-99_assembled/2LJ5-alt-240_assembled/2LJ5-alt-254_assembled/2LJ5-alt-268_assembled/2LJ5-alt-283_assembled/2LJ5-alt-297_assembled/2LJ5-alt-296_assembled/2LJ5-alt-282_assembled/2LJ5-alt-269_assembled/2LJ5-alt-255_assembled/2LJ5-alt-241_assembled/2LJ5-alt-98_assembled/2LJ5-alt-67_assembled/2LJ5-alt-73_assembled/2LJ5-alt-123_assembled/2LJ5-alt-137_assembled/2LJ5-alt-77_assembled/2LJ5-alt-63_assembled/2LJ5-alt-133_assembled/2LJ5-alt-127_assembled/2LJ5-alt-88_assembled/2LJ5-alt-279_assembled/2LJ5-alt-245_assembled/2LJ5-alt-251_assembled/2LJ5-alt-286_assembled/2LJ5-alt-292_assembled/2LJ5-alt-293_assembled/2LJ5-alt-287_assembled/2LJ5-alt-250_assembled/2LJ5-alt-244_assembled/2LJ5-alt-278_assembled/2LJ5-alt-89_assembled/2LJ5-alt-126_assembled/2LJ5-alt-132_assembled/2LJ5-alt-62_assembled/2LJ5-alt-76_assembled/2LJ5-alt-60_assembled/2LJ5-alt-118_assembled/2LJ5-alt-74_assembled/2LJ5-alt-124_assembled/2LJ5-alt-48_assembled/2LJ5-alt-130_assembled/2LJ5-alt-252_assembled/2LJ5-alt-246_assembled/2LJ5-alt-291_assembled/2LJ5-alt-285_assembled/2LJ5-alt-284_assembled/2LJ5-alt-290_assembled/2LJ5-alt-247_assembled/2LJ5-alt-253_assembled/2LJ5-alt-131_assembled/2LJ5-alt-49_assembled/2LJ5-alt-125_assembled/2LJ5-alt-75_assembled/2LJ5-alt-119_assembled/2LJ5-alt-61_assembled/2MBH-alt-20_assembled/2MBH-alt-19_assembled/2MBH-alt-18_assembled/2MBH-alt-9_assembled/2MBH-alt-8_assembled/2MBH-alt-1_assembled/2MBH-alt-3_assembled/2MBH-alt-2_assembled/2MBH-alt-6_assembled/2MBH-alt-7_assembled/2MBH-alt-5_assembled/2MBH-alt-4_assembled/2MBH-alt-15_assembled/2MBH-alt-14_assembled/2MBH-alt-16_assembled/2MBH-alt-17_assembled/2MBH-alt-13_assembled/2MBH-alt-12_assembled/2MBH-alt-10_assembled/2MBH-alt-11_assembled,27.61250502995189
82,33,B,0.0,P62987,9.82,/2LJ5-alt-78_assembled/2LJ5-alt-100_assembled/2LJ5-alt-114_assembled/2LJ5-alt-44_assembled/2LJ5-alt-50_assembled/2LJ5-alt-128_assembled/2LJ5-alt-87_assembled/2LJ5-alt-93_assembled/2LJ5-alt-276_assembled/2LJ5-alt-262_assembled/2LJ5-alt-289_assembled/2LJ5-alt-288_assembled/2LJ5-alt-263_assembled/2LJ5-alt-277_assembled/2LJ5-alt-92_assembled/2LJ5-alt-86_assembled/2LJ5-alt-129_assembled/2LJ5-alt-51_assembled/2LJ5-alt-45_assembled/2LJ5-alt-115_assembled/2LJ5-alt-101_assembled/2LJ5-alt-79_assembled/2LJ5-alt-117_assembled/2LJ5-alt-103_assembled/2LJ5-alt-53_assembled/2LJ5-alt-47_assembled/2LJ5-alt-90_assembled/2LJ5-alt-84_assembled/2LJ5-alt-301_assembled/2LJ5-alt-261_assembled/2LJ5-alt-275_assembled/2LJ5-alt-249_assembled/2LJ5-alt-248_assembled/2LJ5-alt-274_assembled/2LJ5-alt-260_assembled/2LJ5-alt-300_assembled/2LJ5-alt-85_assembled/2LJ5-alt-91_assembled/2LJ5-alt-46_assembled/2LJ5-alt-52_assembled/2LJ5-alt-102_assembled/2LJ5-alt-116_assembled/2LJ5-alt-56_assembled/2LJ5-alt-42_assembled/2LJ5-alt-112_assembled/2LJ5-alt-106_assembled/2LJ5-alt-95_assembled/2LJ5-alt-81_assembled/2LJ5-alt-258_assembled/2LJ5-alt-264_assembled/2LJ5-alt-270_assembled/2LJ5-alt-271_assembled/2LJ5-alt-265_assembled/2LJ5-alt-259_assembled/2LJ5-alt-80_assembled/2LJ5-alt-94_assembled/2LJ5-alt-107_assembled/2LJ5-alt-113_assembled/2LJ5-alt-43_assembled/2LJ5-alt-57_assembled/2LJ5-alt-139_assembled/2LJ5-alt-41_assembled/2LJ5-alt-55_assembled/2LJ5-alt-105_assembled/2LJ5-alt-111_assembled/2LJ5-alt-69_assembled/2LJ5-alt-82_assembled/2LJ5-alt-96_assembled/2LJ5-alt-273_assembled/2LJ5-alt-267_assembled/2LJ5-alt-298_assembled/2LJ5-alt-299_assembled/2LJ5-alt-266_assembled/2LJ5-alt-272_assembled/2LJ5-alt-97_assembled/2LJ5-alt-83_assembled/2LJ5-alt-68_assembled/2LJ5-alt-110_assembled/2LJ5-alt-104_assembled/2LJ5-alt-54_assembled/2LJ5-alt-40_assembled/2LJ5-alt-138_assembled/2LJ5-alt-163_assembled/2LJ5-alt-177_assembled/2LJ5-alt-27_assembled/2LJ5-alt-33_assembled/2LJ5-alt-188_assembled/2LJ5-alt-215_assembled/2LJ5-alt-201_assembled/2LJ5-alt-229_assembled/2LJ5-alt-3_assembled/2LJ5-alt-2_assembled/2LJ5-alt-228_assembled/2LJ5-alt-200_assembled/2LJ5-alt-214_assembled/2LJ5-alt-189_assembled/2LJ5-alt-32_assembled/2LJ5-alt-26_assembled/2LJ5-alt-176_assembled/2LJ5-alt-162_assembled/2LJ5-alt-174_assembled/2LJ5-alt-160_assembled/2LJ5-alt-18_assembled/2LJ5-alt-148_assembled/2LJ5-alt-30_assembled/2LJ5-alt-24_assembled/2LJ5-alt-202_assembled/2LJ5-alt-216_assembled/2LJ5-alt-1_assembled/2LJ5-alt-217_assembled/2LJ5-alt-203_assembled/2LJ5-alt-25_assembled/2LJ5-alt-31_assembled/2LJ5-alt-149_assembled/2LJ5-alt-19_assembled/2LJ5-alt-161_assembled/2LJ5-alt-175_assembled/2LJ5-alt-35_assembled/2LJ5-alt-21_assembled/2LJ5-alt-159_assembled/2LJ5-alt-171_assembled/2LJ5-alt-165_assembled/2LJ5-alt-207_assembled/2LJ5-alt-213_assembled/2LJ5-alt-5_assembled/2LJ5-alt-4_assembled/2LJ5-alt-212_assembled/2LJ5-alt-206_assembled/2LJ5-alt-164_assembled/2LJ5-alt-170_assembled/2LJ5-alt-158_assembled/2LJ5-alt-20_assembled/2LJ5-alt-34_assembled/2LJ5-alt-22_assembled/2LJ5-alt-36_assembled/2LJ5-alt-166_assembled/2LJ5-alt-172_assembled/2LJ5-alt-199_assembled/2LJ5-alt-238_assembled/2LJ5-alt-210_assembled/2LJ5-alt-204_assembled/2LJ5-alt-6_assembled/2LJ5-alt-7_assembled/2LJ5-alt-205_assembled/2LJ5-alt-211_assembled/2LJ5-alt-239_assembled/2LJ5-alt-198_assembled/2LJ5-alt-173_assembled/2LJ5-alt-167_assembled/2LJ5-alt-37_assembled/2LJ5-alt-23_assembled/2LJ5-alt-142_assembled/2LJ5-alt-156_assembled/2LJ5-alt-12_assembled/2LJ5-alt-181_assembled/2LJ5-alt-195_assembled/2LJ5-alt-234_assembled/2LJ5-alt-220_assembled/2LJ5-alt-208_assembled/2LJ5-alt-209_assembled/2LJ5-alt-221_assembled/2LJ5-alt-235_assembled/2LJ5-alt-194_assembled/2LJ5-alt-180_assembled/2LJ5-alt-13_assembled/2LJ5-alt-157_assembled/2LJ5-alt-143_assembled/2LJ5-alt-155_assembled/2LJ5-alt-39_assembled/2LJ5-alt-141_assembled/2LJ5-alt-11_assembled/2LJ5-alt-169_assembled/2LJ5-alt-196_assembled/2LJ5-alt-182_assembled/2LJ5-alt-223_assembled/2LJ5-alt-237_assembled/2LJ5-alt-9_assembled/2LJ5-alt-8_assembled/2LJ5-alt-236_assembled/2LJ5-alt-222_assembled/2LJ5-alt-183_assembled/2LJ5-alt-197_assembled/2LJ5-alt-168_assembled/2LJ5-alt-10_assembled/2LJ5-alt-140_assembled/2LJ5-alt-38_assembled/2LJ5-alt-154_assembled/2LJ5-alt-14_assembled/2LJ5-alt-178_assembled/2LJ5-alt-150_assembled/2LJ5-alt-28_assembled/2LJ5-alt-144_assembled/2LJ5-alt-193_assembled/2LJ5-alt-187_assembled/2LJ5-alt-226_assembled/2LJ5-alt-232_assembled/2LJ5-alt-233_assembled/2LJ5-alt-227_assembled/2LJ5-alt-186_assembled/2LJ5-alt-192_assembled/2LJ5-alt-145_assembled/2LJ5-alt-29_assembled/2LJ5-alt-151_assembled/2LJ5-alt-179_assembled/2LJ5-alt-15_assembled/2LJ5-alt-17_assembled/2LJ5-alt-147_assembled/2LJ5-alt-153_assembled/2LJ5-alt-184_assembled/2LJ5-alt-190_assembled/2LJ5-alt-219_assembled/2LJ5-alt-231_assembled/2LJ5-alt-225_assembled/2LJ5-alt-224_assembled/2LJ5-alt-230_assembled/2LJ5-alt-218_assembled/2LJ5-alt-191_assembled/2LJ5-alt-185_assembled/2LJ5-alt-152_assembled/2LJ5-alt-146_assembled/2LJ5-alt-16_assembled/2LJ5-alt-121_assembled/2LJ5-alt-59_assembled/2LJ5-alt-135_assembled/2LJ5-alt-65_assembled/2LJ5-alt-109_assembled/2LJ5-alt-71_assembled/2LJ5-alt-257_assembled/2LJ5-alt-243_assembled/2LJ5-alt-294_assembled/2LJ5-alt-280_assembled/2LJ5-alt-281_assembled/2LJ5-alt-295_assembled/2LJ5-alt-242_assembled/2LJ5-alt-256_assembled/2LJ5-alt-70_assembled/2LJ5-alt-108_assembled/2LJ5-alt-64_assembled/2LJ5-alt-134_assembled/2LJ5-alt-58_assembled/2LJ5-alt-120_assembled/2LJ5-alt-136_assembled/2LJ5-alt-122_assembled/2LJ5-alt-72_assembled/2LJ5-alt-66_assembled/2LJ5-alt-99_assembled/2LJ5-alt-240_assembled/2LJ5-alt-254_assembled/2LJ5-alt-268_assembled/2LJ5-alt-283_assembled/2LJ5-alt-297_assembled/2LJ5-alt-296_assembled/2LJ5-alt-282_assembled/2LJ5-alt-269_assembled/2LJ5-alt-255_assembled/2LJ5-alt-241_assembled/2LJ5-alt-98_assembled/2LJ5-alt-67_assembled/2LJ5-alt-73_assembled/2LJ5-alt-123_assembled/2LJ5-alt-137_assembled/2LJ5-alt-77_assembled/2LJ5-alt-63_assembled/2LJ5-alt-133_assembled/2LJ5-alt-127_assembled/2LJ5-alt-88_assembled/2LJ5-alt-279_assembled/2LJ5-alt-245_assembled/2LJ5-alt-251_assembled/2LJ5-alt-286_assembled/2LJ5-alt-292_assembled/2LJ5-alt-293_assembled/2LJ5-alt-287_assembled/2LJ5-alt-250_assembled/2LJ5-alt-244_assembled/2LJ5-alt-278_assembled/2LJ5-alt-89_assembled/2LJ5-alt-126_assembled/2LJ5-alt-132_assembled/2LJ5-alt-62_assembled/2LJ5-alt-76_assembled/2LJ5-alt-60_assembled/2LJ5-alt-118_assembled/2LJ5-alt-74_assembled/2LJ5-alt-124_assembled/2LJ5-alt-48_assembled/2LJ5-alt-130_assembled/2LJ5-alt-252_assembled/2LJ5-alt-246_assembled/2LJ5-alt-291_assembled/2LJ5-alt-285_assembled/2LJ5-alt-284_assembled/2LJ5-alt-290_assembled/2LJ5-alt-247_assembled/2LJ5-alt-253_assembled/2LJ5-alt-131_assembled/2LJ5-alt-49_assembled/2LJ5-alt-125_assembled/2LJ5-alt-75_assembled/2LJ5-alt-119_assembled/2LJ5-alt-61_assembled/2MBH-alt-20_assembled/2MBH-alt-19_assembled/2MBH-alt-18_assembled/2MBH-alt-9_assembled/2MBH-alt-8_assembled/2MBH-alt-1_assembled/2MBH-alt-3_assembled/2MBH-alt-2_assembled/2MBH-alt-6_assembled/2MBH-alt-7_assembled/2MBH-alt-5_assembled/2MBH-alt-4_assembled/2MBH-alt-15_assembled/2MBH-alt-14_assembled/2MBH-alt-16_assembled/2MBH-alt-17_assembled/2MBH-alt-13_assembled/2MBH-alt-12_assembled/2MBH-alt-10_assembled/2MBH-alt-11_assembled,73.85674889079365
83,48,A,0.0,P62987,9.84,/2LJ5-alt-78_assembled/2LJ5-alt-100_assembled/2LJ5-alt-114_assembled/2LJ5-alt-44_assembled/2LJ5-alt-50_assembled/2LJ5-alt-128_assembled/2LJ5-alt-87_assembled/2LJ5-alt-93_assembled/2LJ5-alt-276_assembled/2LJ5-alt-262_assembled/2LJ5-alt-289_assembled/2LJ5-alt-288_assembled/2LJ5-alt-263_assembled/2LJ5-alt-277_assembled/2LJ5-alt-92_assembled/2LJ5-alt-86_assembled/2LJ5-alt-129_assembled/2LJ5-alt-51_assembled/2LJ5-alt-45_assembled/2LJ5-alt-115_assembled/2LJ5-alt-101_assembled/2LJ5-alt-79_assembled/2LJ5-alt-117_assembled/2LJ5-alt-103_assembled/2LJ5-alt-53_assembled/2LJ5-alt-47_assembled/2LJ5-alt-90_assembled/2LJ5-alt-84_assembled/2LJ5-alt-301_assembled/2LJ5-alt-261_assembled/2LJ5-alt-275_assembled/2LJ5-alt-249_assembled/2LJ5-alt-248_assembled/2LJ5-alt-274_assembled/2LJ5-alt-260_assembled/2LJ5-alt-300_assembled/2LJ5-alt-85_assembled/2LJ5-alt-91_assembled/2LJ5-alt-46_assembled/2LJ5-alt-52_assembled/2LJ5-alt-102_assembled/2LJ5-alt-116_assembled/2LJ5-alt-56_assembled/2LJ5-alt-42_assembled/2LJ5-alt-112_assembled/2LJ5-alt-106_assembled/2LJ5-alt-95_assembled/2LJ5-alt-81_assembled/2LJ5-alt-258_assembled/2LJ5-alt-264_assembled/2LJ5-alt-270_assembled/2LJ5-alt-271_assembled/2LJ5-alt-265_assembled/2LJ5-alt-259_assembled/2LJ5-alt-80_assembled/2LJ5-alt-94_assembled/2LJ5-alt-107_assembled/2LJ5-alt-113_assembled/2LJ5-alt-43_assembled/2LJ5-alt-57_assembled/2LJ5-alt-139_assembled/2LJ5-alt-41_assembled/2LJ5-alt-55_assembled/2LJ5-alt-105_assembled/2LJ5-alt-111_assembled/2LJ5-alt-69_assembled/2LJ5-alt-82_assembled/2LJ5-alt-96_assembled/2LJ5-alt-273_assembled/2LJ5-alt-267_assembled/2LJ5-alt-298_assembled/2LJ5-alt-299_assembled/2LJ5-alt-266_assembled/2LJ5-alt-272_assembled/2LJ5-alt-97_assembled/2LJ5-alt-83_assembled/2LJ5-alt-68_assembled/2LJ5-alt-110_assembled/2LJ5-alt-104_assembled/2LJ5-alt-54_assembled/2LJ5-alt-40_assembled/2LJ5-alt-138_assembled/2LJ5-alt-163_assembled/2LJ5-alt-177_assembled/2LJ5-alt-27_assembled/2LJ5-alt-33_assembled/2LJ5-alt-188_assembled/2LJ5-alt-215_assembled/2LJ5-alt-201_assembled/2LJ5-alt-229_assembled/2LJ5-alt-3_assembled/2LJ5-alt-2_assembled/2LJ5-alt-228_assembled/2LJ5-alt-200_assembled/2LJ5-alt-214_assembled/2LJ5-alt-189_assembled/2LJ5-alt-32_assembled/2LJ5-alt-26_assembled/2LJ5-alt-176_assembled/2LJ5-alt-162_assembled/2LJ5-alt-174_assembled/2LJ5-alt-160_assembled/2LJ5-alt-18_assembled/2LJ5-alt-148_assembled/2LJ5-alt-30_assembled/2LJ5-alt-24_assembled/2LJ5-alt-202_assembled/2LJ5-alt-216_assembled/2LJ5-alt-1_assembled/2LJ5-alt-217_assembled/2LJ5-alt-203_assembled/2LJ5-alt-25_assembled/2LJ5-alt-31_assembled/2LJ5-alt-149_assembled/2LJ5-alt-19_assembled/2LJ5-alt-161_assembled/2LJ5-alt-175_assembled/2LJ5-alt-35_assembled/2LJ5-alt-21_assembled/2LJ5-alt-159_assembled/2LJ5-alt-171_assembled/2LJ5-alt-165_assembled/2LJ5-alt-207_assembled/2LJ5-alt-213_assembled/2LJ5-alt-5_assembled/2LJ5-alt-4_assembled/2LJ5-alt-212_assembled/2LJ5-alt-206_assembled/2LJ5-alt-164_assembled/2LJ5-alt-170_assembled/2LJ5-alt-158_assembled/2LJ5-alt-20_assembled/2LJ5-alt-34_assembled/2LJ5-alt-22_assembled/2LJ5-alt-36_assembled/2LJ5-alt-166_assembled/2LJ5-alt-172_assembled/2LJ5-alt-199_assembled/2LJ5-alt-238_assembled/2LJ5-alt-210_assembled/2LJ5-alt-204_assembled/2LJ5-alt-6_assembled/2LJ5-alt-7_assembled/2LJ5-alt-205_assembled/2LJ5-alt-211_assembled/2LJ5-alt-239_assembled/2LJ5-alt-198_assembled/2LJ5-alt-173_assembled/2LJ5-alt-167_assembled/2LJ5-alt-37_assembled/2LJ5-alt-23_assembled/2LJ5-alt-142_assembled/2LJ5-alt-156_assembled/2LJ5-alt-12_assembled/2LJ5-alt-181_assembled/2LJ5-alt-195_assembled/2LJ5-alt-234_assembled/2LJ5-alt-220_assembled/2LJ5-alt-208_assembled/2LJ5-alt-209_assembled/2LJ5-alt-221_assembled/2LJ5-alt-235_assembled/2LJ5-alt-194_assembled/2LJ5-alt-180_assembled/2LJ5-alt-13_assembled/2LJ5-alt-157_assembled/2LJ5-alt-143_assembled/2LJ5-alt-155_assembled/2LJ5-alt-39_assembled/2LJ5-alt-141_assembled/2LJ5-alt-11_assembled/2LJ5-alt-169_assembled/2LJ5-alt-196_assembled/2LJ5-alt-182_assembled/2LJ5-alt-223_assembled/2LJ5-alt-237_assembled/2LJ5-alt-9_assembled/2LJ5-alt-8_assembled/2LJ5-alt-236_assembled/2LJ5-alt-222_assembled/2LJ5-alt-183_assembled/2LJ5-alt-197_assembled/2LJ5-alt-168_assembled/2LJ5-alt-10_assembled/2LJ5-alt-140_assembled/2LJ5-alt-38_assembled/2LJ5-alt-154_assembled/2LJ5-alt-14_assembled/2LJ5-alt-178_assembled/2LJ5-alt-150_assembled/2LJ5-alt-28_assembled/2LJ5-alt-144_assembled/2LJ5-alt-193_assembled/2LJ5-alt-187_assembled/2LJ5-alt-226_assembled/2LJ5-alt-232_assembled/2LJ5-alt-233_assembled/2LJ5-alt-227_assembled/2LJ5-alt-186_assembled/2LJ5-alt-192_assembled/2LJ5-alt-145_assembled/2LJ5-alt-29_assembled/2LJ5-alt-151_assembled/2LJ5-alt-179_assembled/2LJ5-alt-15_assembled/2LJ5-alt-17_assembled/2LJ5-alt-147_assembled/2LJ5-alt-153_assembled/2LJ5-alt-184_assembled/2LJ5-alt-190_assembled/2LJ5-alt-219_assembled/2LJ5-alt-231_assembled/2LJ5-alt-225_assembled/2LJ5-alt-224_assembled/2LJ5-alt-230_assembled/2LJ5-alt-218_assembled/2LJ5-alt-191_assembled/2LJ5-alt-185_assembled/2LJ5-alt-152_assembled/2LJ5-alt-146_assembled/2LJ5-alt-16_assembled/2LJ5-alt-121_assembled/2LJ5-alt-59_assembled/2LJ5-alt-135_assembled/2LJ5-alt-65_assembled/2LJ5-alt-109_assembled/2LJ5-alt-71_assembled/2LJ5-alt-257_assembled/2LJ5-alt-243_assembled/2LJ5-alt-294_assembled/2LJ5-alt-280_assembled/2LJ5-alt-281_assembled/2LJ5-alt-295_assembled/2LJ5-alt-242_assembled/2LJ5-alt-256_assembled/2LJ5-alt-70_assembled/2LJ5-alt-108_assembled/2LJ5-alt-64_assembled/2LJ5-alt-134_assembled/2LJ5-alt-58_assembled/2LJ5-alt-120_assembled/2LJ5-alt-136_assembled/2LJ5-alt-122_assembled/2LJ5-alt-72_assembled/2LJ5-alt-66_assembled/2LJ5-alt-99_assembled/2LJ5-alt-240_assembled/2LJ5-alt-254_assembled/2LJ5-alt-268_assembled/2LJ5-alt-283_assembled/2LJ5-alt-297_assembled/2LJ5-alt-296_assembled/2LJ5-alt-282_assembled/2LJ5-alt-269_assembled/2LJ5-alt-255_assembled/2LJ5-alt-241_assembled/2LJ5-alt-98_assembled/2LJ5-alt-67_assembled/2LJ5-alt-73_assembled/2LJ5-alt-123_assembled/2LJ5-alt-137_assembled/2LJ5-alt-77_assembled/2LJ5-alt-63_assembled/2LJ5-alt-133_assembled/2LJ5-alt-127_assembled/2LJ5-alt-88_assembled/2LJ5-alt-279_assembled/2LJ5-alt-245_assembled/2LJ5-alt-251_assembled/2LJ5-alt-286_assembled/2LJ5-alt-292_assembled/2LJ5-alt-293_assembled/2LJ5-alt-287_assembled/2LJ5-alt-250_assembled/2LJ5-alt-244_assembled/2LJ5-alt-278_assembled/2LJ5-alt-89_assembled/2LJ5-alt-126_assembled/2LJ5-alt-132_assembled/2LJ5-alt-62_assembled/2LJ5-alt-76_assembled/2LJ5-alt-60_assembled/2LJ5-alt-118_assembled/2LJ5-alt-74_assembled/2LJ5-alt-124_assembled/2LJ5-alt-48_assembled/2LJ5-alt-130_assembled/2LJ5-alt-252_assembled/2LJ5-alt-246_assembled/2LJ5-alt-291_assembled/2LJ5-alt-285_assembled/2LJ5-alt-284_assembled/2LJ5-alt-290_assembled/2LJ5-alt-247_assembled/2LJ5-alt-253_assembled/2LJ5-alt-131_assembled/2LJ5-alt-49_assembled/2LJ5-alt-125_assembled/2LJ5-alt-75_assembled/2LJ5-alt-119_assembled/2LJ5-alt-61_assembled/2MBH-alt-20_assembled/2MBH-alt-19_assembled/2MBH-alt-18_assembled/2MBH-alt-9_assembled/2MBH-alt-8_assembled/2MBH-alt-1_assembled/2MBH-alt-3_assembled/2MBH-alt-2_assembled/2MBH-alt-6_assembled/2MBH-alt-7_assembled/2MBH-alt-5_assembled/2MBH-alt-4_assembled/2MBH-alt-15_assembled/2MBH-alt-14_assembled/2MBH-alt-16_assembled/2MBH-alt-17_assembled/2MBH-alt-13_assembled/2MBH-alt-12_assembled/2MBH-alt-10_assembled/2MBH-alt-11_assembled,37.93368409454556
84,63,B,0.0,P62987,10.26,/2LJ5-alt-78_assembled/2LJ5-alt-100_assembled/2LJ5-alt-114_assembled/2LJ5-alt-44_assembled/2LJ5-alt-50_assembled/2LJ5-alt-128_assembled/2LJ5-alt-87_assembled/2LJ5-alt-93_assembled/2LJ5-alt-276_assembled/2LJ5-alt-262_assembled/2LJ5-alt-289_assembled/2LJ5-alt-288_assembled/2LJ5-alt-263_assembled/2LJ5-alt-277_assembled/2LJ5-alt-92_assembled/2LJ5-alt-86_assembled/2LJ5-alt-129_assembled/2LJ5-alt-51_assembled/2LJ5-alt-45_assembled/2LJ5-alt-115_assembled/2LJ5-alt-101_assembled/2LJ5-alt-79_assembled/2LJ5-alt-117_assembled/2LJ5-alt-103_assembled/2LJ5-alt-53_assembled/2LJ5-alt-47_assembled/2LJ5-alt-90_assembled/2LJ5-alt-84_assembled/2LJ5-alt-301_assembled/2LJ5-alt-261_assembled/2LJ5-alt-275_assembled/2LJ5-alt-249_assembled/2LJ5-alt-248_assembled/2LJ5-alt-274_assembled/2LJ5-alt-260_assembled/2LJ5-alt-300_assembled/2LJ5-alt-85_assembled/2LJ5-alt-91_assembled/2LJ5-alt-46_assembled/2LJ5-alt-52_assembled/2LJ5-alt-102_assembled/2LJ5-alt-116_assembled/2LJ5-alt-56_assembled/2LJ5-alt-42_assembled/2LJ5-alt-112_assembled/2LJ5-alt-106_assembled/2LJ5-alt-95_assembled/2LJ5-alt-81_assembled/2LJ5-alt-258_assembled/2LJ5-alt-264_assembled/2LJ5-alt-270_assembled/2LJ5-alt-271_assembled/2LJ5-alt-265_assembled/2LJ5-alt-259_assembled/2LJ5-alt-80_assembled/2LJ5-alt-94_assembled/2LJ5-alt-107_assembled/2LJ5-alt-113_assembled/2LJ5-alt-43_assembled/2LJ5-alt-57_assembled/2LJ5-alt-139_assembled/2LJ5-alt-41_assembled/2LJ5-alt-55_assembled/2LJ5-alt-105_assembled/2LJ5-alt-111_assembled/2LJ5-alt-69_assembled/2LJ5-alt-82_assembled/2LJ5-alt-96_assembled/2LJ5-alt-273_assembled/2LJ5-alt-267_assembled/2LJ5-alt-298_assembled/2LJ5-alt-299_assembled/2LJ5-alt-266_assembled/2LJ5-alt-272_assembled/2LJ5-alt-97_assembled/2LJ5-alt-83_assembled/2LJ5-alt-68_assembled/2LJ5-alt-110_assembled/2LJ5-alt-104_assembled/2LJ5-alt-54_assembled/2LJ5-alt-40_assembled/2LJ5-alt-138_assembled/2LJ5-alt-163_assembled/2LJ5-alt-177_assembled/2LJ5-alt-27_assembled/2LJ5-alt-33_assembled/2LJ5-alt-188_assembled/2LJ5-alt-215_assembled/2LJ5-alt-201_assembled/2LJ5-alt-229_assembled/2LJ5-alt-3_assembled/2LJ5-alt-2_assembled/2LJ5-alt-228_assembled/2LJ5-alt-200_assembled/2LJ5-alt-214_assembled/2LJ5-alt-189_assembled/2LJ5-alt-32_assembled/2LJ5-alt-26_assembled/2LJ5-alt-176_assembled/2LJ5-alt-162_assembled/2LJ5-alt-174_assembled/2LJ5-alt-160_assembled/2LJ5-alt-18_assembled/2LJ5-alt-148_assembled/2LJ5-alt-30_assembled/2LJ5-alt-24_assembled/2LJ5-alt-202_assembled/2LJ5-alt-216_assembled/2LJ5-alt-1_assembled/2LJ5-alt-217_assembled/2LJ5-alt-203_assembled/2LJ5-alt-25_assembled/2LJ5-alt-31_assembled/2LJ5-alt-149_assembled/2LJ5-alt-19_assembled/2LJ5-alt-161_assembled/2LJ5-alt-175_assembled/2LJ5-alt-35_assembled/2LJ5-alt-21_assembled/2LJ5-alt-159_assembled/2LJ5-alt-171_assembled/2LJ5-alt-165_assembled/2LJ5-alt-207_assembled/2LJ5-alt-213_assembled/2LJ5-alt-5_assembled/2LJ5-alt-4_assembled/2LJ5-alt-212_assembled/2LJ5-alt-206_assembled/2LJ5-alt-164_assembled/2LJ5-alt-170_assembled/2LJ5-alt-158_assembled/2LJ5-alt-20_assembled/2LJ5-alt-34_assembled/2LJ5-alt-22_assembled/2LJ5-alt-36_assembled/2LJ5-alt-166_assembled/2LJ5-alt-172_assembled/2LJ5-alt-199_assembled/2LJ5-alt-238_assembled/2LJ5-alt-210_assembled/2LJ5-alt-204_assembled/2LJ5-alt-6_assembled/2LJ5-alt-7_assembled/2LJ5-alt-205_assembled/2LJ5-alt-211_assembled/2LJ5-alt-239_assembled/2LJ5-alt-198_assembled/2LJ5-alt-173_assembled/2LJ5-alt-167_assembled/2LJ5-alt-37_assembled/2LJ5-alt-23_assembled/2LJ5-alt-142_assembled/2LJ5-alt-156_assembled/2LJ5-alt-12_assembled/2LJ5-alt-181_assembled/2LJ5-alt-195_assembled/2LJ5-alt-234_assembled/2LJ5-alt-220_assembled/2LJ5-alt-208_assembled/2LJ5-alt-209_assembled/2LJ5-alt-221_assembled/2LJ5-alt-235_assembled/2LJ5-alt-194_assembled/2LJ5-alt-180_assembled/2LJ5-alt-13_assembled/2LJ5-alt-157_assembled/2LJ5-alt-143_assembled/2LJ5-alt-155_assembled/2LJ5-alt-39_assembled/2LJ5-alt-141_assembled/2LJ5-alt-11_assembled/2LJ5-alt-169_assembled/2LJ5-alt-196_assembled/2LJ5-alt-182_assembled/2LJ5-alt-223_assembled/2LJ5-alt-237_assembled/2LJ5-alt-9_assembled/2LJ5-alt-8_assembled/2LJ5-alt-236_assembled/2LJ5-alt-222_assembled/2LJ5-alt-183_assembled/2LJ5-alt-197_assembled/2LJ5-alt-168_assembled/2LJ5-alt-10_assembled/2LJ5-alt-140_assembled/2LJ5-alt-38_assembled/2LJ5-alt-154_assembled/2LJ5-alt-14_assembled/2LJ5-alt-178_assembled/2LJ5-alt-150_assembled/2LJ5-alt-28_assembled/2LJ5-alt-144_assembled/2LJ5-alt-193_assembled/2LJ5-alt-187_assembled/2LJ5-alt-226_assembled/2LJ5-alt-232_assembled/2LJ5-alt-233_assembled/2LJ5-alt-227_assembled/2LJ5-alt-186_assembled/2LJ5-alt-192_assembled/2LJ5-alt-145_assembled/2LJ5-alt-29_assembled/2LJ5-alt-151_assembled/2LJ5-alt-179_assembled/2LJ5-alt-15_assembled/2LJ5-alt-17_assembled/2LJ5-alt-147_assembled/2LJ5-alt-153_assembled/2LJ5-alt-184_assembled/2LJ5-alt-190_assembled/2LJ5-alt-219_assembled/2LJ5-alt-231_assembled/2LJ5-alt-225_assembled/2LJ5-alt-224_assembled/2LJ5-alt-230_assembled/2LJ5-alt-218_assembled/2LJ5-alt-191_assembled/2LJ5-alt-185_assembled/2LJ5-alt-152_assembled/2LJ5-alt-146_assembled/2LJ5-alt-16_assembled/2LJ5-alt-121_assembled/2LJ5-alt-59_assembled/2LJ5-alt-135_assembled/2LJ5-alt-65_assembled/2LJ5-alt-109_assembled/2LJ5-alt-71_assembled/2LJ5-alt-257_assembled/2LJ5-alt-243_assembled/2LJ5-alt-294_assembled/2LJ5-alt-280_assembled/2LJ5-alt-281_assembled/2LJ5-alt-295_assembled/2LJ5-alt-242_assembled/2LJ5-alt-256_assembled/2LJ5-alt-70_assembled/2LJ5-alt-108_assembled/2LJ5-alt-64_assembled/2LJ5-alt-134_assembled/2LJ5-alt-58_assembled/2LJ5-alt-120_assembled/2LJ5-alt-136_assembled/2LJ5-alt-122_assembled/2LJ5-alt-72_assembled/2LJ5-alt-66_assembled/2LJ5-alt-99_assembled/2LJ5-alt-240_assembled/2LJ5-alt-254_assembled/2LJ5-alt-268_assembled/2LJ5-alt-283_assembled/2LJ5-alt-297_assembled/2LJ5-alt-296_assembled/2LJ5-alt-282_assembled/2LJ5-alt-269_assembled/2LJ5-alt-255_assembled/2LJ5-alt-241_assembled/2LJ5-alt-98_assembled/2LJ5-alt-67_assembled/2LJ5-alt-73_assembled/2LJ5-alt-123_assembled/2LJ5-alt-137_assembled/2LJ5-alt-77_assembled/2LJ5-alt-63_assembled/2LJ5-alt-133_assembled/2LJ5-alt-127_assembled/2LJ5-alt-88_assembled/2LJ5-alt-279_assembled/2LJ5-alt-245_assembled/2LJ5-alt-251_assembled/2LJ5-alt-286_assembled/2LJ5-alt-292_assembled/2LJ5-alt-293_assembled/2LJ5-alt-287_assembled/2LJ5-alt-250_assembled/2LJ5-alt-244_assembled/2LJ5-alt-278_assembled/2LJ5-alt-89_assembled/2LJ5-alt-126_assembled/2LJ5-alt-132_assembled/2LJ5-alt-62_assembled/2LJ5-alt-76_assembled/2LJ5-alt-60_assembled/2LJ5-alt-118_assembled/2LJ5-alt-74_assembled/2LJ5-alt-124_assembled/2LJ5-alt-48_assembled/2LJ5-alt-130_assembled/2LJ5-alt-252_assembled/2LJ5-alt-246_assembled/2LJ5-alt-291_assembled/2LJ5-alt-285_assembled/2LJ5-alt-284_assembled/2LJ5-alt-290_assembled/2LJ5-alt-247_assembled/2LJ5-alt-253_assembled/2LJ5-alt-131_assembled/2LJ5-alt-49_assembled/2LJ5-alt-125_assembled/2LJ5-alt-75_assembled/2LJ5-alt-119_assembled/2LJ5-alt-61_assembled/2MBH-alt-20_assembled/2MBH-alt-19_assembled/2MBH-alt-18_assembled/2MBH-alt-9_assembled/2MBH-alt-8_assembled/2MBH-alt-1_assembled/2MBH-alt-3_assembled/2MBH-alt-2_assembled/2MBH-alt-6_assembled/2MBH-alt-7_assembled/2MBH-alt-5_assembled/2MBH-alt-4_assembled/2MBH-alt-15_assembled/2MBH-alt-14_assembled/2MBH-alt-16_assembled/2MBH-alt-17_assembled/2MBH-alt-13_assembled/2MBH-alt-12_assembled/2MBH-alt-10_assembled/2MBH-alt-11_assembled,83.90984538228099
85,8,A,92.43,Q9HB71,10.42,/AF-Q9HB71-F1-model_v1,85.25025824781264
86,14,A,92.99,Q9HB71,11.34,/AF-Q9HB71-F1-model_v1,58.71008351028607
87,19,A,93.08,Q9HB71,10.43,/AF-Q9HB71-F1-model_v1,94.63314830653417
88,23,A,92.78,Q9HB71,10.44,/AF-Q9HB71-F1-model_v1,88.06512526542909
89,33,A,92.02,Q9HB71,10.47,/AF-Q9HB71-F1-model_v1,57.23562935820125
90,35,A,90.93,Q9HB71,11.64,/AF-Q9HB71-F1-model_v1,70.77379930007086
91,41,A,87.59,Q9HB71,10.41,/AF-Q9HB71-F1-model_v1,74.7950378966658
92,43,A,82.57,Q9HB71,10.28,/AF-Q9HB71-F1-model_v1,60.05049637581771
93,74,A,94.06,Q9HB71,10.38,/AF-Q9HB71-F1-model_v1,112.9968045643177
94,85,A,97.52,Q9HB71,10.61,/AF-Q9HB71-F1-model_v1,80.55881321845189
95,88,A,98.16,Q9HB71,10.86,/AF-Q9HB71-F1-model_v1,43.02725298356581
96,118,A,94.09,Q9HB71,10.17,/AF-Q9HB71-F1-model_v1,48.656987018798716
97,123,A,91.82,Q9HB71,11.74,/AF-Q9HB71-F1-model_v1,54.822886200244284
98,134,A,96.89,Q9HB71,10.06,/AF-Q9HB71-F1-model_v1,51.73993660952151
99,143,A,97.17,Q9HB71,9.8,/AF-Q9HB71-F1-model_v1,52.67822561539366
100,144,A,96.72,Q9HB71,10.29,/AF-Q9HB71-F1-model_v1,93.02465286789618
101,146,A,95.62,Q9HB71,10.17,/AF-Q9HB71-F1-model_v1,92.35444643513034
102,156,A,98.16,Q9HB71,9.14,/AF-Q9HB71-F1-model_v1,4.155279883148101
103,157,A,97.21,Q9HB71,11.36,/AF-Q9HB71-F1-model_v1,62.731322106880995
104,171,A,92.02,Q9HB71,10.98,/AF-Q9HB71-F1-model_v1,58.442000937179735
105,174,A,86.11,Q9HB71,11.65,/AF-Q9HB71-F1-model_v1,65.81427169760379
106,176,A,75.74,Q9HB71,10.7,/AF-Q9HB71-F1-model_v1,95.16931345274682
107,212,A,76.83,Q9HB71,10.41,/AF-Q9HB71-F1-model_v1,64.47385883207214
108,25,A,91.83,P0DMV9,11.59,/AF-P0DMV9-F1-model_v1,76.40353333530378
109,56,A,96.77,P0DMV9,11.55,/AF-P0DMV9-F1-model_v1,35.78902350969493
110,71,A,94.2,P0DMV9,11.4,/AF-P0DMV9-F1-model_v1,18.63173883088987
111,77,A,90.85,P0DMV9,10.1,/AF-P0DMV9-F1-model_v1,76.93969848151644
112,88,A,91.51,P0DMV9,10.32,/AF-P0DMV9-F1-model_v1,80.55881321845189
113,100,A,90.74,P0DMV9,10.33,/AF-P0DMV9-F1-model_v1,15.816871813273414
114,102,A,96.89,P0DMV9,12.12,/AF-P0DMV9-F1-model_v1,27.076339883739237
115,108,A,92.13,P0DMV9,12.03,/AF-P0DMV9-F1-model_v1,34.71669321726961
116,112,A,96.53,P0DMV9,9.75,/AF-P0DMV9-F1-model_v1,28.14867017616455
117,126,A,97.79,P0DMV9,10.99,/AF-P0DMV9-F1-model_v1,35.118817076929105
118,128,A,97.57,P0DMV9,9.52,/AF-P0DMV9-F1-model_v1,25.46784444510126
119,159,A,93.79,P0DMV9,10.08,/AF-P0DMV9-F1-model_v1,57.63775321786075
120,220,A,97.03,P0DMV9,11.09,/AF-P0DMV9-F1-model_v1,42.22300526424682
121,246,A,97.73,P0DMV9,11.51,/AF-P0DMV9-F1-model_v1,64.33981754551897
122,248,A,97.69,P0DMV9,11.03,/AF-P0DMV9-F1-model_v1,45.03787228186328
123,250,A,96.51,P0DMV9,10.24,/AF-P0DMV9-F1-model_v1,78.5481939201544
124,251,A,96.81,P0DMV9,11.3,/AF-P0DMV9-F1-model_v1,31.3656610534405
125,257,A,92.65,P0DMV9,9.74,/AF-P0DMV9-F1-model_v1,50.53356503054303
126,271,A,98.05,P0DMV9,11.25,/AF-P0DMV9-F1-model_v1,33.108197778631634
127,319,A,94.33,P0DMV9,10.73,/AF-P0DMV9-F1-model_v1,42.22300526424682
128,325,A,96.97,P0DMV9,10.42,/AF-P0DMV9-F1-model_v1,89.27149684440757
129,328,A,96.53,P0DMV9,9.71,/AF-P0DMV9-F1-model_v1,50.131441170883534
130,345,A,98.01,P0DMV9,10.17,/AF-P0DMV9-F1-model_v1,54.82288620024429
131,348,A,97.89,P0DMV9,10.71,/AF-P0DMV9-F1-model_v1,81.6311435108772
132,361,A,90.95,P0DMV9,10.05,/AF-P0DMV9-F1-model_v1,65.27810655139112
133,384,A,83.67,P0DMV9,10.45,/AF-P0DMV9-F1-model_v1,94.09698316032151
134,415,A,93.48,P0DMV9,10.4,/AF-P0DMV9-F1-model_v1,99.19055204934176
135,423,A,96.45,P0DMV9,10.56,/AF-P0DMV9-F1-model_v1,67.55680842279492
136,451,A,83.46,P0DMV9,10.7,/AF-P0DMV9-F1-model_v1,80.15668935879239
137,493,A,88.6,P0DMV9,11.42,/AF-P0DMV9-F1-model_v1,40.21238596594936
138,512,A,74.49,P0DMV9,10.56,/AF-P0DMV9-F1-model_v1,98.25226304346958
139,524,A,87.27,P0DMV9,10.68,/AF-P0DMV9-F1-model_v1,79.21840035292024
140,526,A,81.38,P0DMV9,10.78,/AF-P0DMV9-F1-model_v1,78.01202877394175
141,539,A,90.36,P0DMV9,10.25,/AF-P0DMV9-F1-model_v1,44.63574842220379
142,550,A,88.83,P0DMV9,10.54,/AF-P0DMV9-F1-model_v1,42.62512912390632
143,561,A,77.1,P0DMV9,10.38,/AF-P0DMV9-F1-model_v1,63.13344596654049
144,567,A,87.78,P0DMV9,10.4,/AF-P0DMV9-F1-model_v1,38.73793181386455
145,568,A,90.94,P0DMV9,10.67,/AF-P0DMV9-F1-model_v1,66.75256070347594
146,569,A,91.63,P0DMV9,10.45,/AF-P0DMV9-F1-model_v1,71.17592315973036
147,573,A,94.39,P0DMV9,12.03,/AF-P0DMV9-F1-model_v1,14.610500234294935
148,589,A,91.75,P0DMV9,11.78,/AF-P0DMV9-F1-model_v1,41.68684011803417
149,595,A,95.06,P0DMV9,11.06,/AF-P0DMV9-F1-model_v1,25.065720585441767
150,597,A,94.86,P0DMV9,10.57,/AF-P0DMV9-F1-model_v1,78.01202877394175
151,25,A,91.39,P0DMV8,11.61,/AF-P0DMV8-F1-model_v1,73.18654245802783
152,56,A,96.98,P0DMV8,11.68,/AF-P0DMV8-F1-model_v1,43.69745941633164
153,71,A,95.51,P0DMV8,11.31,/AF-P0DMV8-F1-model_v1,15.41474795361392
154,77,A,92.15,P0DMV8,10.34,/AF-P0DMV8-F1-model_v1,85.3842995343658
155,88,A,91.52,P0DMV8,10.33,/AF-P0DMV8-F1-model_v1,82.30134994364302
156,100,A,91.23,P0DMV8,10.15,/AF-P0DMV8-F1-model_v1,21.04448198884683
157,102,A,97.29,P0DMV8,10.89,/AF-P0DMV8-F1-model_v1,27.746546316505057
158,108,A,90.64,P0DMV8,12.12,/AF-P0DMV8-F1-model_v1,35.118817076929105
159,112,A,95.57,P0DMV8,11.19,/AF-P0DMV8-F1-model_v1,28.014628889611387
160,126,A,97.65,P0DMV8,11.0,/AF-P0DMV8-F1-model_v1,38.067725381098725
161,128,A,97.58,P0DMV8,9.38,/AF-P0DMV8-F1-model_v1,23.993390293016446
162,159,A,92.68,P0DMV8,10.03,/AF-P0DMV8-F1-model_v1,69.43338643453923
163,190,A,71.95,P0DMV8,9.96,/AF-P0DMV8-F1-model_v1,79.88860678568606
164,220,A,95.88,P0DMV8,11.05,/AF-P0DMV8-F1-model_v1,37.66560152143923
165,246,A,97.74,P0DMV8,11.76,/AF-P0DMV8-F1-model_v1,46.37828514739492
166,248,A,97.27,P0DMV8,11.03,/AF-P0DMV8-F1-model_v1,29.489083041696198
167,250,A,96.77,P0DMV8,10.19,/AF-P0DMV8-F1-model_v1,77.20778105462277
168,251,A,96.88,P0DMV8,11.46,/AF-P0DMV8-F1-model_v1,48.65698701879872
169,257,A,92.31,P0DMV8,9.76,/AF-P0DMV8-F1-model_v1,54.55480362713796
170,271,A,98.42,P0DMV8,11.24,/AF-P0DMV8-F1-model_v1,28.416752749270877
171,319,A,94.76,P0DMV8,10.76,/AF-P0DMV8-F1-model_v1,38.20176666765189
172,325,A,96.78,P0DMV8,10.42,/AF-P0DMV8-F1-model_v1,87.6630014057696
173,328,A,97.1,P0DMV8,9.76,/AF-P0DMV8-F1-model_v1,43.29533555667214
174,345,A,98.29,P0DMV8,10.37,/AF-P0DMV8-F1-model_v1,55.895216492669604
175,348,A,97.96,P0DMV8,11.43,/AF-P0DMV8-F1-model_v1,60.05049637581771
176,361,A,90.79,P0DMV8,10.03,/AF-P0DMV8-F1-model_v1,62.865363393434166
177,384,A,82.71,P0DMV8,10.45,/AF-P0DMV8-F1-model_v1,103.88199707870251
178,415,A,92.77,P0DMV8,10.38,/AF-P0DMV8-F1-model_v1,109.77981368704175
179,423,A,94.91,P0DMV8,10.56,/AF-P0DMV8-F1-model_v1,62.3291982472215
180,451,A,84.26,P0DMV8,10.59,/AF-P0DMV8-F1-model_v1,71.84612959249618
181,493,A,91.69,P0DMV8,11.36,/AF-P0DMV8-F1-model_v1,36.32518865590759
182,497,A,82.47,P0DMV8,10.22,/AF-P0DMV8-F1-model_v1,42.75917041045949
183,500,A,73.15,P0DMV8,10.4,/AF-P0DMV8-F1-model_v1,91.41615742925822
184,512,A,80.19,P0DMV8,11.58,/AF-P0DMV8-F1-model_v1,84.17792795538733
185,524,A,87.23,P0DMV8,10.62,/AF-P0DMV8-F1-model_v1,82.70347380330251
186,526,A,81.0,P0DMV8,10.64,/AF-P0DMV8-F1-model_v1,116.7499605878063
187,539,A,90.13,P0DMV8,10.28,/AF-P0DMV8-F1-model_v1,51.87397789607467
188,550,A,88.93,P0DMV8,10.59,/AF-P0DMV8-F1-model_v1,49.72931731122404
189,561,A,77.97,P0DMV8,10.39,/AF-P0DMV8-F1-model_v1,65.54618912449746
190,567,A,89.53,P0DMV8,10.45,/AF-P0DMV8-F1-model_v1,37.53156023488607
191,568,A,92.29,P0DMV8,10.68,/AF-P0DMV8-F1-model_v1,72.24825345215568
192,569,A,93.02,P0DMV8,10.44,/AF-P0DMV8-F1-model_v1,75.86736818909111
193,573,A,95.48,P0DMV8,12.04,/AF-P0DMV8-F1-model_v1,12.867963509103795
194,589,A,89.87,P0DMV8,11.8,/AF-P0DMV8-F1-model_v1,49.99739988433037
195,595,A,95.13,P0DMV8,11.1,/AF-P0DMV8-F1-model_v1,24.79763801233544
196,597,A,94.93,P0DMV8,10.57,/AF-P0DMV8-F1-model_v1,82.56943251674934
197,18,A,98.7,P63261,11.83,/AF-P63261-F1-model_v1,25.869968304760754
198,50,A,84.31,P63261,11.5,/AF-P63261-F1-model_v1,61.793033101008845
199,61,A,90.69,P63261,11.23,/AF-P63261-F1-model_v1,21.848729708165816
200,68,A,95.98,P63261,10.33,/AF-P63261-F1-model_v1,81.36306093777087
201,84,A,98.25,P63261,10.29,/AF-P63261-F1-model_v1,28.684835322377207
202,113,A,95.36,P63261,10.35,/AF-P63261-F1-model_v1,91.95232257547086
203,118,A,98.25,P63261,10.3,/AF-P63261-F1-model_v1,48.254863159139234
204,191,A,97.0,P63261,10.43,/AF-P63261-F1-model_v1,96.77780889138478
205,213,A,98.62,P63261,9.51,/AF-P63261-F1-model_v1,15.012624093954425
206,215,A,98.21,P63261,11.38,/AF-P63261-F1-model_v1,70.23763415385822
207,238,A,97.88,P63261,10.18,/AF-P63261-F1-model_v1,69.70146900764556
208,284,A,98.44,P63261,10.21,/AF-P63261-F1-model_v1,54.55480362713796
209,291,A,97.86,P63261,10.81,/AF-P63261-F1-model_v1,70.6397580135177
210,315,A,98.5,P63261,11.14,/AF-P63261-F1-model_v1,49.05911087845821
211,326,A,97.04,P63261,10.41,/AF-P63261-F1-model_v1,108.03727696185061
212,328,A,98.48,P63261,9.94,/AF-P63261-F1-model_v1,73.99079017734681
213,336,A,96.81,P63261,11.3,/AF-P63261-F1-model_v1,70.90784058662403
214,359,A,97.02,P63261,10.32,/AF-P63261-F1-model_v1,43.027252983565816
215,373,A,92.11,P63261,11.1,/AF-P63261-F1-model_v1,26.808257310632907
216,10,A,79.3,Q99832,10.4,/AF-Q99832-F1-model_v1,88.33320783853543
217,47,A,91.62,Q99832,9.79,/AF-Q99832-F1-model_v1,37.933684094545555
218,55,A,89.75,Q99832,11.11,/AF-Q99832-F1-model_v1,86.85875368645061
219,67,A,92.26,Q99832,11.4,/AF-Q99832-F1-model_v1,59.51433122960505
220,77,A,93.86,Q99832,10.59,/AF-Q99832-F1-model_v1,89.94170327717339
221,84,A,92.4,Q99832,10.2,/AF-Q99832-F1-model_v1,60.98878538168985
222,106,A,96.96,Q99832,10.41,/AF-Q99832-F1-model_v1,60.318578948924035
223,109,A,94.74,Q99832,10.5,/AF-Q99832-F1-model_v1,45.03787228186328
224,135,A,96.43,Q99832,11.38,/AF-Q99832-F1-model_v1,32.03586748620632
225,137,A,94.19,Q99832,10.27,/AF-Q99832-F1-model_v1,77.8779874873886
226,144,A,71.28,Q99832,10.45,/AF-Q99832-F1-model_v1,101.60329520729871
227,145,A,70.55,Q99832,10.52,/AF-Q99832-F1-model_v1,53.21439076160631
228,148,A,79.29,Q99832,10.43,/AF-Q99832-F1-model_v1,103.74795579214933
229,153,A,86.84,Q99832,10.64,/AF-Q99832-F1-model_v1,69.03126257487973
230,157,A,89.41,Q99832,9.1,/AF-Q99832-F1-model_v1,18.63173883088987
231,166,A,81.72,Q99832,12.3,/AF-Q99832-F1-model_v1,24.931679298888604
232,172,A,90.5,Q99832,9.86,/AF-Q99832-F1-model_v1,55.493092633010114
233,177,A,94.38,Q99832,10.51,/AF-Q99832-F1-model_v1,87.52896011921644
234,193,A,88.02,Q99832,10.41,/AF-Q99832-F1-model_v1,121.3073643306139
235,198,A,93.64,Q99832,9.94,/AF-Q99832-F1-model_v1,26.406133450973414
236,199,A,93.03,Q99832,11.38,/AF-Q99832-F1-model_v1,51.069730176755684
237,217,A,92.73,Q99832,11.26,/AF-Q99832-F1-model_v1,63.803652399306316
238,218,A,90.77,Q99832,9.69,/AF-Q99832-F1-model_v1,13.136046082210125
239,230,A,93.22,Q99832,8.94,/AF-Q99832-F1-model_v1,22.384894854378476
240,231,A,95.37,Q99832,11.43,/AF-Q99832-F1-model_v1,53.61651462126581
241,236,A,94.73,Q99832,10.14,/AF-Q99832-F1-model_v1,73.32058374458099
242,247,A,70.4,Q99832,10.59,/AF-Q99832-F1-model_v1,98.11822175691643
243,277,A,93.42,Q99832,10.92,/AF-Q99832-F1-model_v1,50.2654824574367
244,280,A,93.6,Q99832,11.26,/AF-Q99832-F1-model_v1,33.2422390651848
245,287,A,95.37,Q99832,10.05,/AF-Q99832-F1-model_v1,46.64636772050126
246,292,A,94.77,Q99832,11.31,/AF-Q99832-F1-model_v1,48.79102830535189
247,320,A,92.83,Q99832,11.48,/AF-Q99832-F1-model_v1,73.05250117147466
248,366,A,74.37,Q99832,10.34,/AF-Q99832-F1-model_v1,104.6862447980215
249,368,A,83.63,Q99832,11.46,/AF-Q99832-F1-model_v1,63.93769368585948
250,401,A,83.88,Q99832,9.65,/AF-Q99832-F1-model_v1,78.81627649326074
251,418,A,96.35,Q99832,10.86,/AF-Q99832-F1-model_v1,31.901826199653158
252,430,A,91.89,Q99832,10.26,/AF-Q99832-F1-model_v1,65.81427169760379
253,440,A,96.68,Q99832,10.09,/AF-Q99832-F1-model_v1,65.54618912449746
254,463,A,94.87,Q99832,11.34,/AF-Q99832-F1-model_v1,41.68684011803417
255,521,A,86.26,Q99832,10.37,/AF-Q99832-F1-model_v1,80.96093707811139
256,6,A,74.41,P62807,10.45,/AF-P62807-F1-model_v1,98.52034561657592
257,12,A,77.73,P62807,10.48,/AF-P62807-F1-model_v1,107.63515310219111
258,13,A,77.83,P62807,10.48,/AF-P62807-F1-model_v1,96.24164374517213
259,16,A,76.26,P62807,10.48,/AF-P62807-F1-model_v1,95.97356117206581
260,17,A,77.26,P62807,10.47,/AF-P62807-F1-model_v1,97.98418047036327
261,21,A,74.52,P62807,10.47,/AF-P62807-F1-model_v1,96.24164374517213
262,44,A,95.2,P62807,10.47,/AF-P62807-F1-model_v1,93.694859300662
263,47,A,97.63,P62807,10.35,/AF-P62807-F1-model_v1,36.191147369354425
264,58,A,97.06,P62807,10.46,/AF-P62807-F1-model_v1,108.70748339461643
265,86,A,96.92,P62807,10.46,/AF-P62807-F1-model_v1,104.95432737112782
266,109,A,95.4,P62807,11.15,/AF-P62807-F1-model_v1,75.86736818909112
267,117,A,92.27,P62807,11.47,/AF-P62807-F1-model_v1,69.43338643453922
268,121,A,92.78,P62807,10.39,/AF-P62807-F1-model_v1,106.42878152321263
269,52,A,81.33,P67809,11.51,/AF-P67809-F1-model_v1,54.420762340584794
270,53,A,90.77,P67809,10.42,/AF-P67809-F1-model_v1,83.37368023606834
271,58,A,92.8,P67809,10.66,/AF-P67809-F1-model_v1,89.67362070406708
272,64,A,95.88,P67809,11.42,/AF-P67809-F1-model_v1,79.21840035292024
273,81,A,91.81,P67809,10.45,/AF-P67809-F1-model_v1,103.34583193248986
274,92,A,90.96,P67809,10.28,/AF-P67809-F1-model_v1,78.5481939201544
275,93,A,90.16,P67809,10.25,/AF-P67809-F1-model_v1,72.65037731181516
276,98,A,88.83,P67809,10.95,/AF-P67809-F1-model_v1,17.157284678805063
277,118,A,87.58,P67809,10.52,/AF-P67809-F1-model_v1,109.77981368704175
278,137,A,90.3,P67809,11.39,/AF-P67809-F1-model_v1,92.22040514857719
279,25,A,0.0,P60709,10.64,/6NBW-alt1B_assembled/6NBW-alt1A_assembled,54.956927486797454
280,37,A,0.0,P60709,10.21,/6NBW-alt1B_assembled/6NBW-alt1A_assembled,33.108197778631634
281,53,A,0.0,P60709,10.32,/6NBW-alt1B_assembled/6NBW-alt1A_assembled,95.9735611720658
282,69,A,0.0,P60709,10.36,/6NBW-alt1B_assembled/6NBW-alt1A_assembled,73.320583744581
283,90,A,0.0,P60709,9.97,/6NBW-alt1B_assembled/6NBW-alt1A_assembled,36.191147369354425
284,104,A,0.0,P60709,9.54,/6NBW-alt1B_assembled/6NBW-alt1A_assembled,25.46784444510126
285,107,A,0.0,P60709,10.66,/6NBW-alt1B_assembled/6NBW-alt1A_assembled,52.008019182627834
286,115,A,0.0,P60709,10.35,/6NBW-alt1B_assembled/6NBW-alt1A_assembled,53.61651462126581
287,125,A,0.0,P60709,10.71,/6NBW-alt1B_assembled/6NBW-alt1A_assembled,63.93769368585948
288,126,A,0.0,P60709,10.98,/6NBW-alt1B_assembled/6NBW-alt1A_assembled,19.033862690549363
289,18,A,0.0,P60709,10.63,/3BYH-alt-1_assembled,19.972151696421513
290,50,A,0.0,P60709,9.01,/3BYH-alt-1_assembled,40.614509825608856
291,61,A,0.0,P60709,10.21,/3BYH-alt-1_assembled,60.98878538168986
292,68,A,0.0,P60709,9.39,/3BYH-alt-1_assembled,21.982770994718983
293,84,A,0.0,P60709,9.93,/3BYH-alt-1_assembled,33.91244549795062
294,113,A,0.0,P60709,11.17,/3BYH-alt-1_assembled,60.58666152203037
295,118,A,0.0,P60709,9.78,/3BYH-alt-1_assembled,45.97616128773543
296,191,A,0.0,P60709,10.52,/3BYH-alt-1_assembled,73.45462503113416
297,213,A,0.0,P60709,9.99,/3BYH-alt-1_assembled,10.857344210806328
298,215,A,0.0,P60709,11.74,/3BYH-alt-1_assembled,44.09958327599113
299,238,A,0.0,P60709,10.12,/3BYH-alt-1_assembled,41.15067497182151
300,284,A,0.0,P60709,9.76,/3BYH-alt-1_assembled,36.593271229013915
301,291,A,0.0,P60709,11.48,/3BYH-alt-1_assembled,49.193152165011384
302,315,A,0.0,P60709,10.38,/3BYH-alt-1_assembled,37.129436375226575
303,326,A,0.0,P60709,9.99,/3BYH-alt-1_assembled,65.27810655139112
304,328,A,0.0,P60709,10.31,/3BYH-alt-1_assembled,65.54618912449746
305,336,A,0.0,P60709,9.29,/3BYH-alt-1_assembled,62.865363393434166
306,359,A,0.0,P60709,10.3,/3BYH-alt-1_assembled,32.84011520552531
307,373,A,0.0,P60709,10.63,/3BYH-alt-1_assembled,47.31657415326708
308,430,B,0.0,P60709,9.73,/3BYH-alt-1_assembled,59.916455089264545
309,439,B,0.0,P60709,10.46,/3BYH-alt-1_assembled,86.59067111334429
310,443,B,0.0,P60709,10.3,/3BYH-alt-1_assembled,62.865363393434166
311,447,B,0.0,P60709,10.39,/3BYH-alt-1_assembled,80.8268957915582
312,452,B,0.0,P60709,9.98,/3BYH-alt-1_assembled,33.242239065184805
313,461,B,0.0,P60709,10.16,/3BYH-alt-1_assembled,61.12282666824302
314,464,B,0.0,P60709,9.65,/3BYH-alt-1_assembled,57.50371193130758
315,467,B,0.0,P60709,10.28,/3BYH-alt-1_assembled,75.73332690253795
316,483,B,0.0,P60709,10.28,/3BYH-alt-1_assembled,59.11220736994555
317,484,B,0.0,P60709,10.29,/3BYH-alt-1_assembled,87.52896011921644
318,503,B,0.0,P60709,10.11,/3BYH-alt-1_assembled,50.131441170883534
319,521,B,0.0,P60709,9.68,/3BYH-alt-1_assembled,30.025248187908854
320,528,B,0.0,P60709,10.45,/3BYH-alt-1_assembled,86.72471239989744
321,535,B,0.0,P60709,9.66,/3BYH-alt-1_assembled,30.829495907227844
322,537,B,0.0,P60709,10.14,/3BYH-alt-1_assembled,59.782413802711375
323,564,B,0.0,P60709,11.28,/3BYH-alt-1_assembled,62.061115674115186
324,571,B,0.0,P60709,10.49,/3BYH-alt-1_assembled,26.40613345097341
325,584,B,0.0,P60709,10.43,/3BYH-alt-1_assembled,72.2482534521557
326,602,B,0.0,P60709,6.16,/3BYH-alt-1_assembled,10.187137778040505
327,11,B,0.0,P12277,11.27,/3B6R-alt-1_assembled/3DRB-alt-1_assembled,23.72530771991012
328,32,A,0.0,P12277,10.61,/3B6R-alt-1_assembled/3DRB-alt-1_assembled,56.833505498541754
329,45,A,0.0,P12277,10.41,/3B6R-alt-1_assembled/3DRB-alt-1_assembled,47.85273929947974
330,86,B,0.0,P12277,11.74,/3B6R-alt-1_assembled/3DRB-alt-1_assembled,45.43999614152277
331,101,B,0.0,P12277,10.61,/3B6R-alt-1_assembled/3DRB-alt-1_assembled,51.73993660952151
332,107,B,0.0,P12277,10.42,/3B6R-alt-1_assembled/3DRB-alt-1_assembled,84.31196924194049
333,156,B,0.0,P12277,10.08,/3B6R-alt-1_assembled/3DRB-alt-1_assembled,33.51032163829113
334,177,B,0.0,P12277,10.4,/3B6R-alt-1_assembled/3DRB-alt-1_assembled,65.81427169760379
335,196,A,0.0,P12277,10.23,/3B6R-alt-1_assembled/3DRB-alt-1_assembled,60.31857894892403
336,223,B,0.0,P12277,9.94,/3B6R-alt-1_assembled/3DRB-alt-1_assembled,32.30395005931265
337,242,A,0.0,P12277,10.37,/3B6R-alt-1_assembled/3DRB-alt-1_assembled,112.32659813155189
338,247,A,0.0,P12277,10.31,/3B6R-alt-1_assembled/3DRB-alt-1_assembled,56.2973403523291
339,265,B,0.0,P12277,10.64,/3B6R-alt-1_assembled/3DRB-alt-1_assembled,67.82489099590126
340,267,B,0.0,P12277,8.93,/3B6R-alt-1_assembled/3DRB-alt-1_assembled,23.725307719910116
341,298,B,0.0,P12277,9.85,/3B6R-alt-1_assembled/3DRB-alt-1_assembled,40.61450982560885
342,304,A,0.0,P12277,8.26,/3B6R-alt-1_assembled/3DRB-alt-1_assembled,24.931679298888604
343,307,B,0.0,P12277,9.87,/3B6R-alt-1_assembled/3DRB-alt-1_assembled,50.39952374398986
344,313,B,0.0,P12277,10.4,/3B6R-alt-1_assembled/3DRB-alt-1_assembled,68.49509742866707
345,319,A,0.0,P12277,9.12,/3B6R-alt-1_assembled/3DRB-alt-1_assembled,37.7996428079924
346,358,B,0.0,P12277,10.36,/3B6R-alt-1_assembled/3DRB-alt-1_assembled,53.884597194372134
347,381,B,0.0,P12277,10.01,/3B6R-alt-1_assembled/3DRB-alt-1_assembled,73.45462503113416
348,4,B,0.0,P00338,9.84,/5W8J-alt1B_assembled/5W8J-alt1A_assembled,67.28872584968859
349,13,A,0.0,P00338,10.46,/5W8J-alt1B_assembled/5W8J-alt1A_assembled,97.58205661070377
350,21,A,0.0,P00338,9.52,/5W8J-alt1B_assembled/5W8J-alt1A_assembled,1.0723302924253162
351,41,A,0.0,P00338,9.02,/5W8J-alt1B_assembled/5W8J-alt1A_assembled,8.57864233940253
352,56,B,0.0,P00338,9.96,/5W8J-alt1B_assembled/5W8J-alt1A_assembled,44.63574842220379
353,58,A,0.0,P00338,10.09,/5W8J-alt1B_assembled/5W8J-alt1A_assembled,58.5760422237329
354,75,B,0.0,P00338,10.17,/5W8J-alt1B_assembled/5W8J-alt1A_assembled,58.84412479683923
355,80,A,0.0,P00338,10.5,/5W8J-alt1B_assembled/5W8J-alt1A_assembled,52.008019182627834
356,89,A,0.0,P00338,8.32,/5W8J-alt1B_assembled/5W8J-alt1A_assembled,50.131441170883534
357,117,A,0.0,P00338,9.37,/5W8J-alt1B_assembled/5W8J-alt1A_assembled,40.61450982560885
358,125,A,0.0,P00338,10.36,/5W8J-alt1B_assembled/5W8J-alt1A_assembled,70.23763415385821
359,131,B,0.0,P00338,7.77,/5W8J-alt1B_assembled/5W8J-alt1A_assembled,22.921060000591133
360,148,A,0.0,P00338,9.06,/5W8J-alt1B_assembled/5W8J-alt1A_assembled,31.901826199653158
361,154,A,0.0,P00338,7.87,/5W8J-alt1B_assembled/5W8J-alt1A_assembled,19.167903977102526
362,211,A,0.0,P00338,9.35,/5W8J-alt1B_assembled/5W8J-alt1A_assembled,50.93568889020252
363,221,A,0.0,P00338,10.68,/5W8J-alt1B_assembled/5W8J-alt1A_assembled,77.8779874873886
364,223,A,0.0,P00338,10.23,/5W8J-alt1B_assembled/5W8J-alt1A_assembled,35.78902350969493
365,227,C,0.0,P00338,10.1,/5W8J-alt1B_assembled/5W8J-alt1A_assembled,61.52495052790252
366,231,A,0.0,P00338,10.35,/5W8J-alt1B_assembled/5W8J-alt1A_assembled,47.85273929947974
367,242,D,0.0,P00338,10.45,/5W8J-alt1B_assembled/5W8J-alt1A_assembled,101.33521263419239
368,244,B,0.0,P00338,2.94,/5W8J-alt1B_assembled/5W8J-alt1A_assembled,0.0
369,264,A,0.0,P00338,9.24,/5W8J-alt1B_assembled/5W8J-alt1A_assembled,62.06111567411518
370,277,A,0.0,P00338,11.12,/5W8J-alt1B_assembled/5W8J-alt1A_assembled,46.11020257428859
371,283,A,0.0,P00338,10.39,/5W8J-alt1B_assembled/5W8J-alt1A_assembled,92.35444643513037
372,304,A,0.0,P00338,5.74,/5W8J-alt1B_assembled/5W8J-alt1A_assembled,0.0
373,316,D,0.0,P00338,11.08,/5W8J-alt1B_assembled/5W8J-alt1A_assembled,43.429376843225306
374,317,F,0.0,P00338,9.83,/5W8J-alt1B_assembled/5W8J-alt1A_assembled/6SBV-alt1B_assembled/6SBV-alt1A_assembled,26.808257310632904
375,327,A,0.0,P00338,10.43,/5W8J-alt1B_assembled/5W8J-alt1A_assembled,73.18654245802784
376,5,G,0.0,P00338,1.92,/6SBV-alt1B_assembled/6SBV-alt1A_assembled,0.0
377,14,D,0.0,P00338,5.18,/6SBV-alt1B_assembled/6SBV-alt1A_assembled,12.197757076337972
378,22,H,0.0,P00338,8.04,/6SBV-alt1B_assembled/6SBV-alt1A_assembled,0.0
379,42,D,0.0,P00338,8.9,/6SBV-alt1B_assembled/6SBV-alt1A_assembled,16.487078246039236
380,57,C,0.0,P00338,7.8,/6SBV-alt1B_assembled/6SBV-alt1A_assembled,22.25085356782531
381,59,A,0.0,P00338,8.07,/6SBV-alt1B_assembled/6SBV-alt1A_assembled,32.97415649207847
382,76,D,0.0,P00338,7.59,/6SBV-alt1B_assembled/6SBV-alt1A_assembled,20.24023426952784
383,81,E,0.0,P00338,10.48,/6SBV-alt1B_assembled/6SBV-alt1A_assembled,52.008019182627834
384,90,C,0.0,P00338,4.44,/6SBV-alt1B_assembled/6SBV-alt1A_assembled,6.1658991814455675
385,118,E,0.0,P00338,9.88,/6SBV-alt1B_assembled/6SBV-alt1A_assembled,31.76778491309999
386,126,F,0.0,P00338,10.4,/6SBV-alt1B_assembled/6SBV-alt1A_assembled,76.0014094756443
387,132,C,0.0,P00338,2.36,/6SBV-alt1B_assembled/6SBV-alt1A_assembled,1.2063715789784808
388,149,E,0.0,P00338,9.94,/6SBV-alt1B_assembled/6SBV-alt1A_assembled,38.33580795420505
389,155,E,0.0,P00338,8.34,/6SBV-alt1B_assembled/6SBV-alt1A_assembled,18.63173883088987
390,212,H,0.0,P00338,8.69,/6SBV-alt1B_assembled/6SBV-alt1A_assembled,33.37628035173796
391,222,E,0.0,P00338,10.6,/6SBV-alt1B_assembled/6SBV-alt1A_assembled,61.658991814455675
392,224,E,0.0,P00338,10.16,/6SBV-alt1B_assembled/6SBV-alt1A_assembled,32.03586748620633
393,228,C,0.0,P00338,9.32,/6SBV-alt1B_assembled/6SBV-alt1A_assembled,43.16129427011898
394,232,C,0.0,P00338,10.13,/6SBV-alt1B_assembled/6SBV-alt1A_assembled,25.601885731654423
395,243,H,0.0,P00338,10.04,/6SBV-alt1B_assembled/6SBV-alt1A_assembled,63.66961111275315
396,245,B,0.0,P00338,2.91,/6SBV-alt1B_assembled/6SBV-alt1A_assembled,0.0
397,265,H,0.0,P00338,8.4,/6SBV-alt1B_assembled/6SBV-alt1A_assembled,32.57203263241898
398,278,E,0.0,P00338,10.62,/6SBV-alt1B_assembled/6SBV-alt1A_assembled,49.193152165011384
399,284,E,0.0,P00338,10.27,/6SBV-alt1B_assembled/6SBV-alt1A_assembled,71.98017087904935
400,305,D,0.0,P00338,7.59,/6SBV-alt1B_assembled/6SBV-alt1A_assembled,34.44861064416329
401,318,H,0.0,P00338,9.75,/6SBV-alt1B_assembled/6SBV-alt1A_assembled,49.99739988433036
402,328,A,0.0,P00338,10.26,/6SBV-alt1B_assembled/6SBV-alt1A_assembled,41.552798831481
403,87,A,91.65,Q12931,10.47,/AF-Q12931-F1-model_v1,98.78842818968226
404,95,A,85.46,Q12931,10.41,/AF-Q12931-F1-model_v1,74.7950378966658
405,96,A,88.09,Q12931,11.09,/AF-Q12931-F1-model_v1,73.85674889079365
406,109,A,93.86,Q12931,11.9,/AF-Q12931-F1-model_v1,59.51433122960505
407,126,A,92.63,Q12931,8.91,/AF-Q12931-F1-model_v1,19.83811040986835
408,130,A,89.57,Q12931,10.33,/AF-Q12931-F1-model_v1,46.24424386084176
409,151,A,95.37,Q12931,10.4,/AF-Q12931-F1-model_v1,73.45462503113416
410,181,A,85.83,Q12931,11.36,/AF-Q12931-F1-model_v1,66.75256070347594
411,196,A,79.11,Q12931,10.76,/AF-Q12931-F1-model_v1,65.0100239782848
412,252,A,98.59,Q12931,9.87,/AF-Q12931-F1-model_v1,35.5209409365886
413,258,A,96.51,Q12931,9.69,/AF-Q12931-F1-model_v1,28.550794035824044
414,262,A,95.83,Q12931,10.16,/AF-Q12931-F1-model_v1,39.944303392843025
415,276,A,88.49,Q12931,13.3,/AF-Q12931-F1-model_v1,39.14005567352404
416,304,A,95.07,Q12931,10.66,/AF-Q12931-F1-model_v1,99.45863462244807
417,324,A,96.37,Q12931,10.84,/AF-Q12931-F1-model_v1,90.87999228304554
418,332,A,95.88,Q12931,9.62,/AF-Q12931-F1-model_v1,30.963537193781008
419,349,A,93.47,Q12931,11.44,/AF-Q12931-F1-model_v1,77.60990491428225
420,369,A,83.24,Q12931,9.33,/AF-Q12931-F1-model_v1,47.31657415326708
421,375,A,85.4,Q12931,10.17,/AF-Q12931-F1-model_v1,100.66500620142656
422,382,A,92.1,Q12931,10.36,/AF-Q12931-F1-model_v1,72.65037731181518
423,413,A,93.43,Q12931,10.26,/AF-Q12931-F1-model_v1,67.02064327658226
424,424,A,98.19,Q12931,10.48,/AF-Q12931-F1-model_v1,79.08435906636706
425,431,A,96.98,Q12931,10.4,/AF-Q12931-F1-model_v1,89.40553813096074
426,432,A,97.64,Q12931,10.42,/AF-Q12931-F1-model_v1,92.08636386202403
427,436,A,97.96,Q12931,9.88,/AF-Q12931-F1-model_v1,56.029257779222775
428,439,A,97.46,Q12931,11.58,/AF-Q12931-F1-model_v1,85.11621696125947
429,461,A,98.36,Q12931,9.08,/AF-Q12931-F1-model_v1,8.712683625955695
430,466,A,98.3,Q12931,11.29,/AF-Q12931-F1-model_v1,51.33781274986201
431,518,A,87.5,Q12931,10.08,/AF-Q12931-F1-model_v1,56.029257779222775
432,519,A,78.29,Q12931,9.33,/AF-Q12931-F1-model_v1,44.50170713565062
433,520,A,83.29,Q12931,12.47,/AF-Q12931-F1-model_v1,17.157284678805055
434,544,A,95.81,Q12931,10.54,/AF-Q12931-F1-model_v1,99.19055204934175
435,545,A,97.22,Q12931,11.18,/AF-Q12931-F1-model_v1,27.344422456845564
436,546,A,97.39,Q12931,11.25,/AF-Q12931-F1-model_v1,66.8866019900291
437,560,A,82.86,Q12931,10.83,/AF-Q12931-F1-model_v1,59.38028994305189
438,577,A,92.21,Q12931,10.7,/AF-Q12931-F1-model_v1,77.34182234117594
439,598,A,94.19,Q12931,10.34,/AF-Q12931-F1-model_v1,45.03787228186328
440,652,A,95.02,Q12931,10.28,/AF-Q12931-F1-model_v1,36.191147369354425
441,653,A,94.82,Q12931,10.29,/AF-Q12931-F1-model_v1,61.65899181445568
442,699,A,93.16,Q12931,11.47,/AF-Q12931-F1-model_v1,47.58465672637341
443,6,A,72.46,Q8N257,10.47,/AF-Q8N257-F1-model_v1,99.72671719555441
444,12,A,76.05,Q8N257,10.48,/AF-Q8N257-F1-model_v1,109.77981368704175
445,13,A,76.38,Q8N257,10.48,/AF-Q8N257-F1-model_v1,100.5309649148734
446,16,A,75.19,Q8N257,10.48,/AF-Q8N257-F1-model_v1,97.17993275104428
447,17,A,76.05,Q8N257,10.47,/AF-Q8N257-F1-model_v1,94.9012308796405
448,21,A,72.82,Q8N257,10.47,/AF-Q8N257-F1-model_v1,96.77780889138478
449,44,A,95.59,Q8N257,10.46,/AF-Q8N257-F1-model_v1,95.9735611720658
450,47,A,97.69,Q8N257,10.35,/AF-Q8N257-F1-model_v1,35.38689965003543
451,58,A,97.18,Q8N257,10.46,/AF-Q8N257-F1-model_v1,110.45002011980756
452,86,A,96.97,Q8N257,10.46,/AF-Q8N257-F1-model_v1,104.01603836525567
453,109,A,95.39,Q8N257,11.15,/AF-Q8N257-F1-model_v1,74.92907918321896
454,117,A,92.7,Q8N257,11.47,/AF-Q8N257-F1-model_v1,65.94831298415694
455,121,A,93.41,Q8N257,10.4,/AF-Q8N257-F1-model_v1,109.51173111393541
456,60,A,90.95,Q6PEY2,9.97,/AF-Q6PEY2-F1-model_v1,42.088963977693666
457,96,A,89.74,Q6PEY2,10.5,/AF-Q6PEY2-F1-model_v1,107.76919438874427
458,112,A,95.28,Q6PEY2,10.07,/AF-Q6PEY2-F1-model_v1,61.25686795479619
459,124,A,96.73,Q6PEY2,11.49,/AF-Q6PEY2-F1-model_v1,79.7545654991329
460,163,A,91.27,Q6PEY2,10.46,/AF-Q6PEY2-F1-model_v1,107.09898795597846
461,164,A,93.82,Q6PEY2,10.07,/AF-Q6PEY2-F1-model_v1,52.81226690194683
462,166,A,95.88,Q6PEY2,9.45,/AF-Q6PEY2-F1-model_v1,10.455220351146831
463,280,A,82.81,Q6PEY2,10.53,/AF-Q6PEY2-F1-model_v1,46.91445029360759
464,304,A,91.13,Q6PEY2,11.45,/AF-Q6PEY2-F1-model_v1,34.98477579037594
465,311,A,91.73,Q6PEY2,11.17,/AF-Q6PEY2-F1-model_v1,16.21899567293291
466,326,A,95.33,Q6PEY2,10.59,/AF-Q6PEY2-F1-model_v1,93.42677672755568
467,336,A,89.86,Q6PEY2,9.96,/AF-Q6PEY2-F1-model_v1,40.61450982560885
468,338,A,90.65,Q6PEY2,10.14,/AF-Q6PEY2-F1-model_v1,58.1739183640734
469,352,A,91.48,Q6PEY2,11.42,/AF-Q6PEY2-F1-model_v1,39.94430339284303
470,370,A,90.12,Q6PEY2,10.36,/AF-Q6PEY2-F1-model_v1,97.17993275104428
471,394,A,93.22,Q6PEY2,9.86,/AF-Q6PEY2-F1-model_v1,51.605895322968344
472,401,A,95.88,Q6PEY2,10.4,/AF-Q6PEY2-F1-model_v1,85.51834082091897
473,430,A,91.09,Q6PEY2,11.65,/AF-Q6PEY2-F1-model_v1,75.73332690253795
474,20,A,98.63,P68032,11.28,/AF-P68032-F1-model_v1,29.221000468589864
475,52,A,83.15,P68032,11.48,/AF-P68032-F1-model_v1,57.77179450441391
476,63,A,92.32,P68032,11.21,/AF-P68032-F1-model_v1,34.582651930716445
477,70,A,96.9,P68032,10.31,/AF-P68032-F1-model_v1,89.40553813096074
478,86,A,98.3,P68032,10.53,/AF-P68032-F1-model_v1,32.30395005931265
479,115,A,96.52,P68032,10.35,/AF-P68032-F1-model_v1,96.64376760483162
480,120,A,98.4,P68032,10.42,/AF-P68032-F1-model_v1,40.61450982560885
481,193,A,97.52,P68032,10.46,/AF-P68032-F1-model_v1,83.23963894951517
482,215,A,98.59,P68032,9.58,/AF-P68032-F1-model_v1,12.867963509103795
483,217,A,98.33,P68032,11.37,/AF-P68032-F1-model_v1,67.15468456313543
484,240,A,98.1,P68032,10.17,/AF-P68032-F1-model_v1,70.10359286730505
485,286,A,98.34,P68032,10.2,/AF-P68032-F1-model_v1,60.854744095136695
486,293,A,97.64,P68032,10.55,/AF-P68032-F1-model_v1,99.45863462244807
487,317,A,98.63,P68032,11.04,/AF-P68032-F1-model_v1,44.50170713565062
488,328,A,96.21,P68032,10.41,/AF-P68032-F1-model_v1,100.26288234176707
489,330,A,98.4,P68032,9.96,/AF-P68032-F1-model_v1,66.21639555726327
490,338,A,97.12,P68032,11.3,/AF-P68032-F1-model_v1,66.8866019900291
491,361,A,97.69,P68032,10.63,/AF-P68032-F1-model_v1,36.45922994246075
492,375,A,94.16,P68032,11.14,/AF-P68032-F1-model_v1,26.942298597186067
493,19,A,98.54,P63267,11.67,/AF-P63267-F1-model_v1,25.73592701820759
494,51,A,84.63,P63267,11.49,/AF-P63267-F1-model_v1,53.34843204815948
495,62,A,92.0,P63267,11.21,/AF-P63267-F1-model_v1,35.118817076929105
496,69,A,96.96,P63267,10.31,/AF-P63267-F1-model_v1,87.39491883266328
497,85,A,98.29,P63267,10.47,/AF-P63267-F1-model_v1,32.03586748620632
498,114,A,96.73,P63267,10.36,/AF-P63267-F1-model_v1,97.71609789725694
499,119,A,98.43,P63267,10.37,/AF-P63267-F1-model_v1,39.542179533183536
500,192,A,97.71,P63267,10.46,/AF-P63267-F1-model_v1,86.72471239989746
501,214,A,98.62,P63267,9.53,/AF-P63267-F1-model_v1,12.867963509103793
502,216,A,98.37,P63267,11.36,/AF-P63267-F1-model_v1,68.7631800017734
503,239,A,98.16,P63267,10.17,/AF-P63267-F1-model_v1,65.68023041105062
504,285,A,98.34,P63267,10.2,/AF-P63267-F1-model_v1,59.38028994305189
505,292,A,97.63,P63267,10.55,/AF-P63267-F1-model_v1,93.694859300662
506,316,A,98.66,P63267,10.99,/AF-P63267-F1-model_v1,42.75917041045948
507,327,A,96.19,P63267,10.41,/AF-P63267-F1-model_v1,102.80966678627719
508,329,A,98.39,P63267,9.94,/AF-P63267-F1-model_v1,67.69084970934809
509,337,A,97.04,P63267,11.26,/AF-P63267-F1-model_v1,68.22701485556075
510,360,A,97.84,P63267,10.75,/AF-P63267-F1-model_v1,32.303950059312655
511,374,A,94.15,P63267,11.26,/AF-P63267-F1-model_v1,31.231619766887338
512,38,A,93.71,O60506,11.63,/AF-O60506-F1-model_v1,62.19515696066834
513,42,A,93.62,O60506,10.9,/AF-O60506-F1-model_v1,25.73592701820759
514,66,A,90.25,O60506,10.25,/AF-O60506-F1-model_v1,32.169908772759484
515,81,A,90.82,O60506,11.41,/AF-O60506-F1-model_v1,40.34642725250252
516,91,A,92.11,O60506,11.01,/AF-O60506-F1-model_v1,25.869968304760754
517,100,A,88.11,O60506,9.84,/AF-O60506-F1-model_v1,111.65639169878604
518,107,A,83.66,O60506,10.6,/AF-O60506-F1-model_v1,75.46524432943163
519,123,A,93.12,O60506,12.26,/AF-O60506-F1-model_v1,56.16329906577593
520,125,A,91.32,O60506,10.88,/AF-O60506-F1-model_v1,65.94831298415696
521,143,A,94.98,O60506,9.71,/AF-O60506-F1-model_v1,51.069730176755684
522,168,A,94.9,O60506,10.02,/AF-O60506-F1-model_v1,65.81427169760379
523,184,A,95.81,O60506,10.24,/AF-O60506-F1-model_v1,64.20577625896581
524,213,A,93.21,O60506,10.22,/AF-O60506-F1-model_v1,58.576042223732905
525,221,A,94.57,O60506,11.4,/AF-O60506-F1-model_v1,63.13344596654049
526,232,A,92.49,O60506,11.02,/AF-O60506-F1-model_v1,62.59728082032784
527,252,A,91.85,O60506,10.13,/AF-O60506-F1-model_v1,50.66760631709619
528,254,A,91.09,O60506,10.19,/AF-O60506-F1-model_v1,37.26347766177974
529,256,A,91.77,O60506,11.05,/AF-O60506-F1-model_v1,45.842120001182266
530,265,A,91.66,O60506,12.5,/AF-O60506-F1-model_v1,46.51232643394809
531,282,A,79.29,O60506,10.35,/AF-O60506-F1-model_v1,31.633743626546828
532,283,A,82.93,O60506,10.53,/AF-O60506-F1-model_v1,90.34382713683289
533,284,A,87.4,O60506,11.48,/AF-O60506-F1-model_v1,55.62713391956328
534,297,A,82.43,O60506,9.28,/AF-O60506-F1-model_v1,35.252858363482275
535,310,A,76.18,O60506,10.28,/AF-O60506-F1-model_v1,69.70146900764556
536,312,A,77.01,O60506,10.4,/AF-O60506-F1-model_v1,64.47385883207212
537,336,A,89.66,O60506,11.11,/AF-O60506-F1-model_v1,60.720702808583525
538,338,A,94.77,O60506,10.7,/AF-O60506-F1-model_v1,44.23362456254429
539,356,A,94.17,O60506,10.43,/AF-O60506-F1-model_v1,81.49710222432404
540,363,A,94.97,O60506,11.63,/AF-O60506-F1-model_v1,70.77379930007088
541,368,A,94.53,O60506,10.18,/AF-O60506-F1-model_v1,75.86736818909114
542,369,A,93.04,O60506,9.39,/AF-O60506-F1-model_v1,11.795633216678478
543,371,A,85.55,O60506,10.58,/AF-O60506-F1-model_v1,94.90123087964048
544,386,A,95.74,O60506,11.5,/AF-O60506-F1-model_v1,55.22501005990378
545,394,A,91.62,O60506,11.25,/AF-O60506-F1-model_v1,47.45061543982024
546,407,A,87.24,O60506,10.64,/AF-O60506-F1-model_v1,44.76978970875695
547,417,A,70.46,O60506,10.08,/AF-O60506-F1-model_v1,86.72471239989744
548,18,A,90.66,Q6FI81,10.05,/AF-Q6FI81-F1-model_v1,78.14607006049492
549,26,A,94.27,Q6FI81,10.55,/AF-Q6FI81-F1-model_v1,86.72471239989744
550,31,A,92.34,Q6FI81,10.33,/AF-Q6FI81-F1-model_v1,84.31196924194049
551,48,A,89.7,Q6FI81,10.39,/AF-Q6FI81-F1-model_v1,107.36707052908478
552,56,A,91.8,Q6FI81,10.44,/AF-Q6FI81-F1-model_v1,96.50972631827847
553,96,A,95.52,Q6FI81,9.21,/AF-Q6FI81-F1-model_v1,31.63374362654683
554,108,A,87.52,Q6FI81,10.41,/AF-Q6FI81-F1-model_v1,107.63515310219111
555,110,A,92.97,Q6FI81,10.49,/AF-Q6FI81-F1-model_v1,30.695454620674674
556,114,A,94.45,Q6FI81,10.21,/AF-Q6FI81-F1-model_v1,94.36506573342783
557,128,A,95.35,Q6FI81,10.55,/AF-Q6FI81-F1-model_v1,87.12683625955694
558,162,A,96.16,Q6FI81,10.82,/AF-Q6FI81-F1-model_v1,56.6994642119886
559,163,A,95.56,Q6FI81,9.5,/AF-Q6FI81-F1-model_v1,22.78701871403797
560,175,A,74.85,Q6FI81,10.46,/AF-Q6FI81-F1-model_v1,95.83951988551263
561,225,A,81.85,Q6FI81,11.08,/AF-Q6FI81-F1-model_v1,62.59728082032783
562,226,A,79.34,Q6FI81,10.46,/AF-Q6FI81-F1-model_v1,88.86937298474808
563,244,A,71.81,Q6FI81,10.45,/AF-Q6FI81-F1-model_v1,85.3842995343658
564,247,A,71.37,Q6FI81,10.48,/AF-Q6FI81-F1-model_v1,100.79904748797972
565,259,A,75.61,Q6FI81,10.4,/AF-Q6FI81-F1-model_v1,92.08636386202403
566,297,A,72.47,Q6FI81,10.45,/AF-Q6FI81-F1-model_v1,91.95232257547086
567,14,A,71.73,P62750,10.47,/AF-P62750-F1-model_v1,97.98418047036327
568,18,A,83.43,P62750,10.44,/AF-P62750-F1-model_v1,86.72471239989744
569,20,A,83.61,P62750,10.39,/AF-P62750-F1-model_v1,71.71208830594303
570,23,A,82.94,P62750,10.42,/AF-P62750-F1-model_v1,86.45662982679113
571,25,A,84.54,P62750,10.43,/AF-P62750-F1-model_v1,79.08435906636706
572,26,A,81.46,P62750,10.41,/AF-P62750-F1-model_v1,78.54819392015442
573,30,A,71.07,P62750,10.41,/AF-P62750-F1-model_v1,75.1971617563253
574,37,A,71.84,P62750,10.42,/AF-P62750-F1-model_v1,84.71409310159999
575,38,A,79.72,P62750,10.47,/AF-P62750-F1-model_v1,95.30335473929998
576,39,A,82.49,P62750,10.45,/AF-P62750-F1-model_v1,96.50972631827847
577,50,A,94.33,P62750,10.47,/AF-P62750-F1-model_v1,97.04589146449112
578,59,A,95.46,P62750,10.47,/AF-P62750-F1-model_v1,97.71609789725694
579,63,A,94.67,P62750,10.42,/AF-P62750-F1-model_v1,105.75857509044681
580,70,A,90.68,P62750,10.41,/AF-P62750-F1-model_v1,102.27350164006452
581,78,A,95.95,P62750,11.45,/AF-P62750-F1-model_v1,55.895216492669604
582,88,A,96.72,P62750,10.45,/AF-P62750-F1-model_v1,73.72270760424048
583,89,A,97.06,P62750,10.34,/AF-P62750-F1-model_v1,65.14406526483796
584,103,A,96.53,P62750,10.57,/AF-P62750-F1-model_v1,111.65639169878605
585,106,A,98.02,P62750,10.18,/AF-P62750-F1-model_v1,78.81627649326073
586,110,A,97.39,P62750,10.18,/AF-P62750-F1-model_v1,73.85674889079365
587,114,A,96.17,P62750,11.62,/AF-P62750-F1-model_v1,72.65037731181518
588,115,A,95.77,P62750,10.28,/AF-P62750-F1-model_v1,88.33320783853542
589,123,A,97.54,P62750,10.33,/AF-P62750-F1-model_v1,83.5077215226215
590,134,A,98.36,P62750,9.91,/AF-P62750-F1-model_v1,22.384894854378476
591,135,A,98.31,P62750,10.3,/AF-P62750-F1-model_v1,26.808257310632907
592,152,A,92.1,P62750,10.49,/AF-P62750-F1-model_v1,102.13946035351137
593,3,B,0.0,P15311,10.36,/1NI2-alt-1_assembled,75.06312046977214
594,27,B,0.0,P15311,11.11,/1NI2-alt-1_assembled,57.50371193130758
595,35,A,0.0,P15311,10.34,/1NI2-alt-1_assembled,76.93969848151644
596,53,B,0.0,P15311,11.35,/1NI2-alt-1_assembled,39.542179533183536
597,60,A,0.0,P15311,9.43,/1NI2-alt-1_assembled,57.369670644754414
598,63,B,0.0,P15311,10.27,/1NI2-alt-1_assembled,64.74194140517847
599,64,A,0.0,P15311,10.18,/1NI2-alt-1_assembled,53.34843204815948
600,72,A,0.0,P15311,10.45,/1NI2-alt-1_assembled,94.09698316032149
601,79,B,0.0,P15311,9.91,/1NI2-alt-1_assembled,60.318578948924035
602,83,A,0.0,P15311,8.11,/1NI2-alt-1_assembled,21.714688421612653
603,100,A,0.0,P15311,11.12,/1NI2-alt-1_assembled,40.480468539055686
604,107,B,0.0,P15311,9.36,/1NI2-alt-1_assembled,29.623124328249357
605,133,B,0.0,P15311,11.18,/1NI2-alt-1_assembled,50.131441170883534
606,139,A,0.0,P15311,10.61,/1NI2-alt-1_assembled,95.5714373124063
607,143,A,0.0,P15311,10.42,/1NI2-alt-1_assembled,76.2694920487506
608,184,A,0.0,P15311,9.96,/1NI2-alt-1_assembled,55.76117520611644
609,193,B,0.0,P15311,11.48,/1NI2-alt-1_assembled,39.27409696007721
610,209,A,0.0,P15311,10.67,/1NI2-alt-1_assembled,59.11220736994555
611,211,A,0.0,P15311,10.35,/1NI2-alt-1_assembled,92.48848772168353
612,212,B,0.0,P15311,10.27,/1NI2-alt-1_assembled,82.83751508985569
613,230,B,0.0,P15311,10.58,/1NI2-alt-1_assembled,31.901826199653158
614,233,A,0.0,P15311,9.49,/1NI2-alt-1_assembled,42.357046550799986
615,237,A,0.0,P15311,10.32,/1NI2-alt-1_assembled,77.34182234117594
616,253,A,0.0,P15311,10.35,/1NI2-alt-1_assembled,68.22701485556074
617,254,B,0.0,P15311,10.46,/1NI2-alt-1_assembled,67.02064327658226
618,262,B,0.0,P15311,10.22,/1NI2-alt-1_assembled,66.08235427071011
619,263,A,0.0,P15311,10.39,/1NI2-alt-1_assembled,93.02465286789618
620,278,B,0.0,P15311,10.19,/1NI2-alt-1_assembled,71.98017087904935
621,296,A,0.0,P15311,10.45,/1NI2-alt-1_assembled,70.50571672696454
622,6,A,0.0,O75531,10.16,/1QCK-alt-3_assembled/1QCK-alt-10_assembled/1QCK-alt-2_assembled/1QCK-alt-12_assembled/1QCK-alt-13_assembled/1QCK-alt-1_assembled/1QCK-alt-5_assembled/1QCK-alt-17_assembled/1QCK-alt-16_assembled/1QCK-alt-4_assembled/1QCK-alt-6_assembled/1QCK-alt-14_assembled/1QCK-alt-7_assembled/1QCK-alt-18_assembled/1QCK-alt-19_assembled/1QCK-alt-9_assembled/1QCK-alt-8_assembled/1QCK-alt-21_assembled/1QCK-alt-20_assembled,67.02064327658226
623,18,B,0.0,O75531,10.19,/1QCK-alt-3_assembled/1QCK-alt-10_assembled/1QCK-alt-2_assembled/1QCK-alt-12_assembled/1QCK-alt-13_assembled/1QCK-alt-1_assembled/1QCK-alt-5_assembled/1QCK-alt-17_assembled/1QCK-alt-16_assembled/1QCK-alt-4_assembled/1QCK-alt-6_assembled/1QCK-alt-14_assembled/1QCK-alt-7_assembled/1QCK-alt-18_assembled/1QCK-alt-19_assembled/1QCK-alt-9_assembled/1QCK-alt-8_assembled/1QCK-alt-21_assembled/1QCK-alt-20_assembled,37.12943637522657
624,32,A,0.0,O75531,10.26,/1QCK-alt-3_assembled/1QCK-alt-10_assembled/1QCK-alt-2_assembled/1QCK-alt-12_assembled/1QCK-alt-13_assembled/1QCK-alt-1_assembled/1QCK-alt-5_assembled/1QCK-alt-17_assembled/1QCK-alt-16_assembled/1QCK-alt-4_assembled/1QCK-alt-6_assembled/1QCK-alt-14_assembled/1QCK-alt-7_assembled/1QCK-alt-18_assembled/1QCK-alt-19_assembled/1QCK-alt-9_assembled/1QCK-alt-8_assembled/1QCK-alt-21_assembled/1QCK-alt-20_assembled,66.75256070347594
625,33,B,0.0,O75531,10.19,/1QCK-alt-3_assembled/1QCK-alt-10_assembled/1QCK-alt-2_assembled/1QCK-alt-12_assembled/1QCK-alt-13_assembled/1QCK-alt-1_assembled/1QCK-alt-5_assembled/1QCK-alt-17_assembled/1QCK-alt-16_assembled/1QCK-alt-4_assembled/1QCK-alt-6_assembled/1QCK-alt-14_assembled/1QCK-alt-7_assembled/1QCK-alt-18_assembled/1QCK-alt-19_assembled/1QCK-alt-9_assembled/1QCK-alt-8_assembled/1QCK-alt-21_assembled/1QCK-alt-20_assembled,41.82088140458733
626,41,B,0.0,O75531,10.51,/1QCK-alt-3_assembled/1QCK-alt-10_assembled/1QCK-alt-2_assembled/1QCK-alt-12_assembled/1QCK-alt-13_assembled/1QCK-alt-1_assembled/1QCK-alt-5_assembled/1QCK-alt-17_assembled/1QCK-alt-16_assembled/1QCK-alt-4_assembled/1QCK-alt-6_assembled/1QCK-alt-14_assembled/1QCK-alt-7_assembled/1QCK-alt-18_assembled/1QCK-alt-19_assembled/1QCK-alt-9_assembled/1QCK-alt-8_assembled/1QCK-alt-21_assembled/1QCK-alt-20_assembled,32.706073918972145
627,53,A,0.0,O75531,9.67,/1QCK-alt-3_assembled/1QCK-alt-10_assembled/1QCK-alt-2_assembled/1QCK-alt-12_assembled/1QCK-alt-13_assembled/1QCK-alt-1_assembled/1QCK-alt-5_assembled/1QCK-alt-17_assembled/1QCK-alt-16_assembled/1QCK-alt-4_assembled/1QCK-alt-6_assembled/1QCK-alt-14_assembled/1QCK-alt-7_assembled/1QCK-alt-18_assembled/1QCK-alt-19_assembled/1QCK-alt-9_assembled/1QCK-alt-8_assembled/1QCK-alt-21_assembled/1QCK-alt-20_assembled,28.282711462717714
628,54,A,0.0,O75531,9.14,/1QCK-alt-3_assembled/1QCK-alt-10_assembled/1QCK-alt-2_assembled/1QCK-alt-12_assembled/1QCK-alt-13_assembled/1QCK-alt-1_assembled/1QCK-alt-5_assembled/1QCK-alt-17_assembled/1QCK-alt-16_assembled/1QCK-alt-4_assembled/1QCK-alt-6_assembled/1QCK-alt-14_assembled/1QCK-alt-7_assembled/1QCK-alt-18_assembled/1QCK-alt-19_assembled/1QCK-alt-9_assembled/1QCK-alt-8_assembled/1QCK-alt-21_assembled/1QCK-alt-20_assembled,29.221000468589867
629,64,B,0.0,O75531,10.32,/1QCK-alt-3_assembled/1QCK-alt-10_assembled/1QCK-alt-2_assembled/1QCK-alt-12_assembled/1QCK-alt-13_assembled/1QCK-alt-1_assembled/1QCK-alt-5_assembled/1QCK-alt-17_assembled/1QCK-alt-16_assembled/1QCK-alt-4_assembled/1QCK-alt-6_assembled/1QCK-alt-14_assembled/1QCK-alt-7_assembled/1QCK-alt-18_assembled/1QCK-alt-19_assembled/1QCK-alt-9_assembled/1QCK-alt-8_assembled/1QCK-alt-21_assembled/1QCK-alt-20_assembled,59.38028994305189
630,72,B,0.0,O75531,10.14,/1QCK-alt-3_assembled/1QCK-alt-10_assembled/1QCK-alt-2_assembled/1QCK-alt-12_assembled/1QCK-alt-13_assembled/1QCK-alt-1_assembled/1QCK-alt-5_assembled/1QCK-alt-17_assembled/1QCK-alt-16_assembled/1QCK-alt-4_assembled/1QCK-alt-6_assembled/1QCK-alt-14_assembled/1QCK-alt-7_assembled/1QCK-alt-18_assembled/1QCK-alt-19_assembled/1QCK-alt-9_assembled/1QCK-alt-8_assembled/1QCK-alt-21_assembled/1QCK-alt-20_assembled,73.05250117147466
631,19,A,85.07,P60981,10.19,/AF-P60981-F1-model_v1,65.41214783794429
632,30,A,83.7,P60981,10.41,/AF-P60981-F1-model_v1,83.5077215226215
633,31,A,85.8,P60981,11.58,/AF-P60981-F1-model_v1,76.93969848151644
634,33,A,90.08,P60981,10.8,/AF-P60981-F1-model_v1,36.593271229013915
635,34,A,90.94,P60981,10.26,/AF-P60981-F1-model_v1,20.642358129187336
636,44,A,83.6,P60981,10.27,/AF-P60981-F1-model_v1,69.70146900764556
637,45,A,86.86,P60981,10.45,/AF-P60981-F1-model_v1,91.01403356959872
638,53,A,87.32,P60981,10.05,/AF-P60981-F1-model_v1,55.359051346456944
639,69,A,86.57,P60981,10.57,/AF-P60981-F1-model_v1,101.60329520729871
640,78,A,87.56,P60981,10.51,/AF-P60981-F1-model_v1,110.98618526602023
641,92,A,86.08,P60981,10.39,/AF-P60981-F1-model_v1,80.42477193189872
642,96,A,89.55,P60981,10.47,/AF-P60981-F1-model_v1,90.87999228304555
643,112,A,87.84,P60981,10.45,/AF-P60981-F1-model_v1,108.8415246811696
644,114,A,88.95,P60981,10.28,/AF-P60981-F1-model_v1,47.04849158016074
645,121,A,89.25,P60981,10.78,/AF-P60981-F1-model_v1,52.544184328840494
646,125,A,87.69,P60981,11.52,/AF-P60981-F1-model_v1,52.544184328840494
647,126,A,88.89,P60981,10.5,/AF-P60981-F1-model_v1,99.45863462244807
648,127,A,88.34,P60981,10.61,/AF-P60981-F1-model_v1,76.0014094756443
649,132,A,81.89,P60981,11.5,/AF-P60981-F1-model_v1,86.18854725368479
650,151,A,85.59,P60981,10.96,/AF-P60981-F1-model_v1,59.380289943051885
651,20,A,98.59,P68133,11.31,/AF-P68133-F1-model_v1,28.014628889611384
652,52,A,83.77,P68133,11.5,/AF-P68133-F1-model_v1,62.59728082032783
653,63,A,92.07,P68133,11.26,/AF-P68133-F1-model_v1,36.32518865590759
654,70,A,97.22,P68133,10.29,/AF-P68133-F1-model_v1,85.92046468057848
655,86,A,98.31,P68133,10.71,/AF-P68133-F1-model_v1,30.695454620674674
656,115,A,96.9,P68133,10.34,/AF-P68133-F1-model_v1,101.87137778040504
657,120,A,98.48,P68133,10.4,/AF-P68133-F1-model_v1,42.62512912390632
658,193,A,96.8,P68133,10.46,/AF-P68133-F1-model_v1,82.16730865708985
659,215,A,98.44,P68133,9.62,/AF-P68133-F1-model_v1,15.950913099826579
660,217,A,98.17,P68133,11.37,/AF-P68133-F1-model_v1,67.69084970934809
661,240,A,97.87,P68133,10.17,/AF-P68133-F1-model_v1,65.94831298415694
662,286,A,98.23,P68133,10.21,/AF-P68133-F1-model_v1,59.64837251615822
663,293,A,97.43,P68133,10.55,/AF-P68133-F1-model_v1,97.04589146449112
664,317,A,98.43,P68133,10.96,/AF-P68133-F1-model_v1,51.203771463308854
665,328,A,95.7,P68133,10.41,/AF-P68133-F1-model_v1,102.67562549972402
666,330,A,98.22,P68133,9.94,/AF-P68133-F1-model_v1,70.90784058662403
667,338,A,96.9,P68133,11.29,/AF-P68133-F1-model_v1,74.25887275045315
668,361,A,97.71,P68133,10.33,/AF-P68133-F1-model_v1,44.23362456254429
669,375,A,94.16,P68133,11.14,/AF-P68133-F1-model_v1,27.88058760305822
670,19,A,98.53,Q562R1,11.69,/AF-Q562R1-F1-model_v1,27.076339883739237
671,51,A,84.42,Q562R1,11.55,/AF-Q562R1-F1-model_v1,51.73993660952151
672,62,A,91.68,Q562R1,11.28,/AF-Q562R1-F1-model_v1,32.706073918972145
673,69,A,96.72,Q562R1,10.31,/AF-Q562R1-F1-model_v1,84.84813438815314
674,85,A,97.96,Q562R1,10.48,/AF-Q562R1-F1-model_v1,41.552798831481
675,114,A,96.46,Q562R1,10.34,/AF-Q562R1-F1-model_v1,100.66500620142656
676,119,A,98.36,Q562R1,10.33,/AF-Q562R1-F1-model_v1,41.954922691140496
677,192,A,96.71,Q562R1,10.44,/AF-Q562R1-F1-model_v1,98.65438690312908
678,214,A,98.33,Q562R1,9.71,/AF-Q562R1-F1-model_v1,18.36365625778354
679,216,A,98.02,Q562R1,11.37,/AF-Q562R1-F1-model_v1,66.4844781303696
680,285,A,98.31,Q562R1,10.21,/AF-Q562R1-F1-model_v1,58.71008351028606
681,292,A,97.32,Q562R1,10.53,/AF-Q562R1-F1-model_v1,102.67562549972403
682,316,A,98.28,Q562R1,11.16,/AF-Q562R1-F1-model_v1,49.05911087845821
683,327,A,95.74,Q562R1,10.39,/AF-Q562R1-F1-model_v1,101.06713006108606
684,329,A,98.12,Q562R1,9.93,/AF-Q562R1-F1-model_v1,63.267487253093655
685,337,A,96.88,Q562R1,11.29,/AF-Q562R1-F1-model_v1,66.75256070347594
686,360,A,97.6,Q562R1,10.44,/AF-Q562R1-F1-model_v1,44.23362456254429
687,374,A,93.68,Q562R1,11.28,/AF-Q562R1-F1-model_v1,30.829495907227837
688,20,A,98.56,P62736,11.65,/AF-P62736-F1-model_v1,25.601885731654427
689,52,A,84.64,P62736,11.48,/AF-P62736-F1-model_v1,56.43138163888227
690,63,A,91.9,P62736,11.19,/AF-P62736-F1-model_v1,26.540174737526577
691,70,A,96.82,P62736,10.33,/AF-P62736-F1-model_v1,89.27149684440758
692,86,A,98.28,P62736,10.4,/AF-P62736-F1-model_v1,31.901826199653158
693,115,A,96.67,P62736,10.36,/AF-P62736-F1-model_v1,96.64376760483162
694,120,A,98.44,P62736,10.39,/AF-P62736-F1-model_v1,40.61450982560885
695,193,A,97.4,P62736,10.45,/AF-P62736-F1-model_v1,84.04388666883415
696,215,A,98.57,P62736,9.52,/AF-P62736-F1-model_v1,12.197757076337972
697,217,A,98.31,P62736,11.36,/AF-P62736-F1-model_v1,69.83551029419871
698,240,A,98.08,P62736,10.17,/AF-P62736-F1-model_v1,68.62913871522024
699,286,A,98.28,P62736,10.2,/AF-P62736-F1-model_v1,60.98878538168986
700,293,A,97.44,P62736,10.55,/AF-P62736-F1-model_v1,97.98418047036327
701,317,A,98.62,P62736,11.17,/AF-P62736-F1-model_v1,46.780409007054416
702,328,A,95.92,P62736,10.41,/AF-P62736-F1-model_v1,99.86075848210757
703,330,A,98.36,P62736,9.94,/AF-P62736-F1-model_v1,64.20577625896581
704,338,A,97.17,P62736,11.28,/AF-P62736-F1-model_v1,66.48447813036961
705,361,A,97.68,P62736,10.56,/AF-P62736-F1-model_v1,34.582651930716445
706,375,A,94.12,P62736,11.24,/AF-P62736-F1-model_v1,29.35504175514303
707,153,A,70.2,P29966,10.47,/AF-P29966-F1-model_v1,100.66500620142656
708,155,A,73.61,P29966,10.45,/AF-P29966-F1-model_v1,104.41816222491516
709,156,A,76.42,P29966,10.46,/AF-P29966-F1-model_v1,103.61391450559617
710,162,A,72.92,P29966,10.45,/AF-P29966-F1-model_v1,114.873382576062
711,172,A,70.61,P29966,10.44,/AF-P29966-F1-model_v1,82.70347380330251
712,173,A,83.71,P48668,10.38,/AF-P48668-F1-model_v1,77.34182234117594
713,180,A,88.36,P48668,10.32,/AF-P48668-F1-model_v1,75.33120304287846
714,189,A,93.42,P48668,10.44,/AF-P48668-F1-model_v1,86.32258854023794
715,194,A,88.63,P48668,10.41,/AF-P48668-F1-model_v1,75.1971617563253
716,250,A,97.9,P48668,12.22,/AF-P48668-F1-model_v1,56.16329906577594
717,252,A,98.07,P48668,11.34,/AF-P48668-F1-model_v1,67.95893228245441
718,259,A,97.4,P48668,11.09,/AF-P48668-F1-model_v1,60.854744095136695
719,271,A,97.76,P48668,10.4,/AF-P48668-F1-model_v1,86.32258854023794
720,272,A,97.75,P48668,10.37,/AF-P48668-F1-model_v1,85.65238210747214
721,281,A,98.22,P48668,10.4,/AF-P48668-F1-model_v1,86.72471239989744
722,287,A,97.86,P48668,10.98,/AF-P48668-F1-model_v1,61.793033101008845
723,338,A,92.43,P48668,10.33,/AF-P48668-F1-model_v1,67.42276713624176
724,359,A,94.88,P48668,11.38,/AF-P48668-F1-model_v1,53.482473334712644
725,378,A,97.38,P48668,10.43,/AF-P48668-F1-model_v1,79.3524416394734
726,399,A,97.05,P48668,11.06,/AF-P48668-F1-model_v1,80.29073064534555
727,400,A,96.73,P48668,10.38,/AF-P48668-F1-model_v1,98.2522630434696
728,421,A,97.39,P48668,10.41,/AF-P48668-F1-model_v1,84.84813438815314
729,424,A,96.65,P48668,10.4,/AF-P48668-F1-model_v1,92.22040514857719
730,426,A,96.52,P48668,10.64,/AF-P48668-F1-model_v1,83.90984538228099
731,436,A,97.26,P48668,10.44,/AF-P48668-F1-model_v1,81.6311435108772
732,438,A,96.43,P48668,10.2,/AF-P48668-F1-model_v1,52.81226690194681
733,446,A,96.25,P48668,11.12,/AF-P48668-F1-model_v1,65.94831298415694
734,455,A,96.15,P48668,11.39,/AF-P48668-F1-model_v1,65.14406526483796
735,467,A,87.72,P48668,10.44,/AF-P48668-F1-model_v1,74.25887275045315
736,34,A,0.0,P10412,10.44,/3TZD-alt1C_assembled/3TZD-alt1B_assembled/3TZD-alt1A_assembled,80.96093707811137
737,44,A,0.0,P10412,10.67,/3TZD-alt1C_assembled/3TZD-alt1B_assembled/3TZD-alt1A_assembled,73.58866631768734
738,50,A,0.0,P10412,11.08,/3TZD-alt1C_assembled/3TZD-alt1B_assembled/3TZD-alt1A_assembled,10.05309649148734
739,52,A,0.0,P10412,10.44,/3TZD-alt1C_assembled/3TZD-alt1B_assembled/3TZD-alt1A_assembled,66.61851941692277
740,81,A,0.0,P10412,10.35,/3TZD-alt1C_assembled,87.12683625955694
741,173,A,84.77,P02538,10.38,/AF-P02538-F1-model_v1,74.12483146389998
742,180,A,89.49,P02538,10.32,/AF-P02538-F1-model_v1,71.84612959249618
743,189,A,93.33,P02538,10.43,/AF-P02538-F1-model_v1,82.56943251674934
744,194,A,88.78,P02538,10.41,/AF-P02538-F1-model_v1,77.0737397680696
745,250,A,97.34,P02538,11.73,/AF-P02538-F1-model_v1,65.01002397828479
746,252,A,97.66,P02538,11.33,/AF-P02538-F1-model_v1,67.42276713624175
747,259,A,96.51,P02538,11.19,/AF-P02538-F1-model_v1,76.53757462185695
748,271,A,97.59,P02538,10.4,/AF-P02538-F1-model_v1,84.17792795538733
749,272,A,97.65,P02538,10.38,/AF-P02538-F1-model_v1,89.5395794175139
750,281,A,98.01,P02538,10.4,/AF-P02538-F1-model_v1,82.30134994364302
751,287,A,97.61,P02538,10.31,/AF-P02538-F1-model_v1,68.7631800017734
752,338,A,92.02,P02538,10.36,/AF-P02538-F1-model_v1,70.37167544041137
753,359,A,94.85,P02538,11.4,/AF-P02538-F1-model_v1,53.21439076160632
754,378,A,96.99,P02538,10.43,/AF-P02538-F1-model_v1,83.90984538228099
755,399,A,96.9,P02538,10.77,/AF-P02538-F1-model_v1,80.82689579155821
756,400,A,96.31,P02538,10.39,/AF-P02538-F1-model_v1,99.72671719555441
757,421,A,97.42,P02538,11.06,/AF-P02538-F1-model_v1,62.731322106880995
758,424,A,96.62,P02538,10.4,/AF-P02538-F1-model_v1,85.51834082091897
759,426,A,96.08,P02538,11.06,/AF-P02538-F1-model_v1,70.23763415385821
760,436,A,97.21,P02538,10.44,/AF-P02538-F1-model_v1,78.9503177798139
761,438,A,96.38,P02538,10.28,/AF-P02538-F1-model_v1,55.62713391956328
762,446,A,96.38,P02538,11.15,/AF-P02538-F1-model_v1,64.07173497241264
763,455,A,96.2,P02538,11.43,/AF-P02538-F1-model_v1,65.81427169760377
764,467,A,87.91,P02538,10.44,/AF-P02538-F1-model_v1,77.34182234117593
765,53,A,92.29,Q58FF7,10.39,/AF-Q58FF7-F1-model_v1,72.78441859836833
766,64,A,92.43,Q58FF7,11.3,/AF-Q58FF7-F1-model_v1,29.086959182036704
767,69,A,91.61,Q58FF7,10.56,/AF-Q58FF7-F1-model_v1,86.45662982679113
768,72,A,95.77,Q58FF7,12.11,/AF-Q58FF7-F1-model_v1,24.26147286612278
769,95,A,92.47,Q58FF7,10.37,/AF-Q58FF7-F1-model_v1,49.59527602467087
770,121,A,85.61,Q58FF7,11.25,/AF-Q58FF7-F1-model_v1,32.97415649207847
771,127,A,96.62,Q58FF7,10.09,/AF-Q58FF7-F1-model_v1,26.808257310632904
772,159,A,96.35,Q58FF7,10.53,/AF-Q58FF7-F1-model_v1,36.593271229013915
773,165,A,87.83,Q58FF7,10.36,/AF-Q58FF7-F1-model_v1,36.86135380212025
774,178,A,90.39,Q58FF7,11.57,/AF-Q58FF7-F1-model_v1,44.23362456254429
775,182,A,86.13,Q58FF7,10.28,/AF-Q58FF7-F1-model_v1,102.94370807283036
776,183,A,80.89,Q58FF7,11.32,/AF-Q58FF7-F1-model_v1,55.895216492669604
777,241,A,86.22,Q58FF7,10.96,/AF-Q58FF7-F1-model_v1,86.18854725368479
778,248,A,93.01,Q58FF7,10.5,/AF-Q58FF7-F1-model_v1,45.439996141522776
779,261,A,93.41,Q58FF7,10.36,/AF-Q58FF7-F1-model_v1,98.92246947623542
780,289,A,83.49,Q58FF7,10.46,/AF-Q58FF7-F1-model_v1,109.24364854082907
781,290,A,83.18,Q58FF7,11.21,/AF-Q58FF7-F1-model_v1,61.658991814455675
782,291,A,81.4,Q58FF7,11.15,/AF-Q58FF7-F1-model_v1,63.53556982619999
783,292,A,82.17,Q58FF7,12.51,/AF-Q58FF7-F1-model_v1,44.903830995310116
784,296,A,83.35,Q58FF7,9.34,/AF-Q58FF7-F1-model_v1,35.5209409365886
785,350,A,83.88,Q58FF7,10.07,/AF-Q58FF7-F1-model_v1,49.59527602467088
786,354,A,85.0,Q58FF7,10.48,/AF-Q58FF7-F1-model_v1,93.42677672755568
787,364,A,95.38,Q58FF7,10.45,/AF-Q58FF7-F1-model_v1,97.85013918381011
788,378,A,90.84,Q58FF7,10.11,/AF-Q58FF7-F1-model_v1,58.039877077520245
789,399,A,86.77,Q58FF7,10.43,/AF-Q58FF7-F1-model_v1,90.87999228304555
790,404,A,86.64,Q58FF7,10.05,/AF-Q58FF7-F1-model_v1,28.952917895483537
791,411,A,93.74,Q58FF7,9.52,/AF-Q58FF7-F1-model_v1,36.72731251556708
792,423,A,87.34,Q58FF7,11.62,/AF-Q58FF7-F1-model_v1,49.46123473811771
793,424,A,91.73,Q58FF7,10.66,/AF-Q58FF7-F1-model_v1,68.36105614211391
794,425,A,91.33,Q58FF7,10.85,/AF-Q58FF7-F1-model_v1,77.8779874873886
795,430,A,94.45,Q58FF7,11.31,/AF-Q58FF7-F1-model_v1,59.24624865649872
796,432,A,95.39,Q58FF7,11.1,/AF-Q58FF7-F1-model_v1,43.69745941633163
797,438,A,96.22,Q58FF7,11.51,/AF-Q58FF7-F1-model_v1,66.35043684381645
798,441,A,96.91,Q58FF7,10.98,/AF-Q58FF7-F1-model_v1,30.293330761015184
799,446,A,89.85,Q58FF7,10.44,/AF-Q58FF7-F1-model_v1,96.64376760483162
800,447,A,91.27,Q58FF7,10.33,/AF-Q58FF7-F1-model_v1,52.67822561539366
801,450,A,95.07,Q58FF7,10.35,/AF-Q58FF7-F1-model_v1,69.1653038614329
802,480,A,84.75,Q58FF7,11.16,/AF-Q58FF7-F1-model_v1,47.18253286671391
803,496,A,87.5,Q58FF7,11.51,/AF-Q58FF7-F1-model_v1,69.43338643453923
804,497,A,93.72,Q58FF7,9.84,/AF-Q58FF7-F1-model_v1,27.2103811702924
805,514,A,93.86,Q58FF7,10.56,/AF-Q58FF7-F1-model_v1,68.89722128832656
806,519,A,89.77,Q58FF7,10.38,/AF-Q58FF7-F1-model_v1,73.58866631768733
807,522,A,87.56,Q58FF7,10.66,/AF-Q58FF7-F1-model_v1,82.56943251674934
808,525,A,90.89,Q58FF7,10.36,/AF-Q58FF7-F1-model_v1,48.52294573224556
809,558,A,86.2,Q58FF7,10.41,/AF-Q58FF7-F1-model_v1,69.83551029419871
810,27,A,89.07,P46459,10.44,/AF-P46459-F1-model_v1,77.74394620083542
811,50,A,92.74,P46459,10.39,/AF-P46459-F1-model_v1,42.75917041045949
812,68,A,89.34,P46459,10.32,/AF-P46459-F1-model_v1,69.43338643453922
813,87,A,81.67,P46459,10.49,/AF-P46459-F1-model_v1,86.18854725368479
814,89,A,83.09,P46459,10.6,/AF-P46459-F1-model_v1,76.0014094756443
815,104,A,79.39,P46459,11.36,/AF-P46459-F1-model_v1,57.10158807164808
816,105,A,79.21,P46459,10.47,/AF-P46459-F1-model_v1,93.56081801410883
817,116,A,90.71,P46459,10.62,/AF-P46459-F1-model_v1,71.84612959249618
818,143,A,87.75,P46459,12.25,/AF-P46459-F1-model_v1,27.478463743398727
819,150,A,91.15,P46459,12.21,/AF-P46459-F1-model_v1,41.150674971821516
820,171,A,87.03,P46459,11.61,/AF-P46459-F1-model_v1,68.89722128832656
821,187,A,87.38,P46459,9.73,/AF-P46459-F1-model_v1,22.921060000591133
822,198,A,79.57,P46459,10.62,/AF-P46459-F1-model_v1,87.6630014057696
823,200,A,79.28,P46459,10.07,/AF-P46459-F1-model_v1,44.903830995310116
824,225,A,85.89,P46459,10.69,/AF-P46459-F1-model_v1,105.89261637699997
825,251,A,80.53,P46459,10.29,/AF-P46459-F1-model_v1,72.65037731181518
826,254,A,87.29,P46459,9.26,/AF-P46459-F1-model_v1,21.178523275399993
827,266,A,90.31,P46459,8.85,/AF-P46459-F1-model_v1,21.58064713505949
828,275,A,78.83,P46459,10.25,/AF-P46459-F1-model_v1,93.02465286789618
829,283,A,90.37,P46459,10.79,/AF-P46459-F1-model_v1,47.18253286671391
830,293,A,81.29,P46459,10.43,/AF-P46459-F1-model_v1,78.01202877394175
831,304,A,92.01,P46459,10.43,/AF-P46459-F1-model_v1,78.81627649326074
832,335,A,83.16,P46459,10.24,/AF-P46459-F1-model_v1,86.32258854023794
833,357,A,87.72,P46459,10.9,/AF-P46459-F1-model_v1,21.982770994718983
834,392,A,91.69,P46459,10.0,/AF-P46459-F1-model_v1,46.51232643394809
835,401,A,89.27,P46459,10.62,/AF-P46459-F1-model_v1,91.55019871581138
836,427,A,92.94,P46459,10.58,/AF-P46459-F1-model_v1,90.34382713683289
837,434,A,78.59,P46459,9.73,/AF-P46459-F1-model_v1,46.24424386084176
838,489,A,73.7,P46459,11.33,/AF-P46459-F1-model_v1,72.516336025262
839,509,A,91.04,P46459,10.5,/AF-P46459-F1-model_v1,70.6397580135177
840,529,A,91.73,P46459,10.37,/AF-P46459-F1-model_v1,75.46524432943163
841,549,A,94.17,P46459,8.65,/AF-P46459-F1-model_v1,7.238229473870884
842,555,A,92.06,P46459,11.53,/AF-P46459-F1-model_v1,25.065720585441767
843,566,A,89.2,P46459,9.64,/AF-P46459-F1-model_v1,75.46524432943164
844,572,A,87.56,P46459,11.11,/AF-P46459-F1-model_v1,41.552798831481
845,581,A,94.18,P46459,10.8,/AF-P46459-F1-model_v1,15.548789240167086
846,586,A,92.69,P46459,10.65,/AF-P46459-F1-model_v1,76.53757462185695
847,587,A,89.62,P46459,10.48,/AF-P46459-F1-model_v1,101.73733649385187
848,594,A,79.62,P46459,11.1,/AF-P46459-F1-model_v1,78.9503177798139
849,631,A,91.9,P46459,10.35,/AF-P46459-F1-model_v1,81.09497836466454
850,632,A,92.95,P46459,10.26,/AF-P46459-F1-model_v1,71.84612959249618
851,639,A,93.25,P46459,11.11,/AF-P46459-F1-model_v1,17.961532398124046
852,649,A,93.18,P46459,11.39,/AF-P46459-F1-model_v1,41.552798831481
853,687,A,90.58,P46459,10.47,/AF-P46459-F1-model_v1,86.59067111334429
854,689,A,90.59,P46459,10.44,/AF-P46459-F1-model_v1,91.14807485615188
855,699,A,82.57,P46459,10.51,/AF-P46459-F1-model_v1,87.12683625955694
856,701,A,84.39,P46459,10.02,/AF-P46459-F1-model_v1,58.97816608339239
857,702,A,85.05,P46459,10.52,/AF-P46459-F1-model_v1,97.17993275104428
858,708,A,92.41,P46459,10.3,/AF-P46459-F1-model_v1,83.37368023606834
859,709,A,92.41,P46459,11.27,/AF-P46459-F1-model_v1,40.480468539055686
860,728,A,92.51,P46459,10.4,/AF-P46459-F1-model_v1,52.008019182627834
861,20,A,77.88,O00567,10.41,/AF-O00567-F1-model_v1,86.18854725368479
862,41,A,82.69,O00567,10.42,/AF-O00567-F1-model_v1,76.6716159084101
863,99,A,90.99,O00567,10.56,/AF-O00567-F1-model_v1,86.18854725368479
864,134,A,79.79,O00567,10.44,/AF-O00567-F1-model_v1,103.21179064593669
865,143,A,92.16,O00567,10.39,/AF-O00567-F1-model_v1,94.63314830653417
866,156,A,89.75,O00567,11.24,/AF-O00567-F1-model_v1,63.13344596654049
867,158,A,84.18,O00567,10.55,/AF-O00567-F1-model_v1,104.95432737112783
868,180,A,95.23,O00567,10.49,/AF-O00567-F1-model_v1,91.68424000236453
869,202,A,87.23,O00567,10.49,/AF-O00567-F1-model_v1,98.78842818968226
870,227,A,76.23,O00567,10.08,/AF-O00567-F1-model_v1,39.14005567352404
871,230,A,79.54,O00567,10.47,/AF-O00567-F1-model_v1,73.99079017734681
872,240,A,84.15,O00567,10.71,/AF-O00567-F1-model_v1,59.64837251615821
873,242,A,85.65,O00567,10.59,/AF-O00567-F1-model_v1,68.62913871522024
874,288,A,90.56,O00567,10.51,/AF-O00567-F1-model_v1,61.92707438756201
875,320,A,94.96,O00567,10.39,/AF-O00567-F1-model_v1,85.11621696125948
876,333,A,87.39,O00567,10.43,/AF-O00567-F1-model_v1,112.86276327776451
877,340,A,92.29,O00567,10.4,/AF-O00567-F1-model_v1,86.72471239989744
878,347,A,84.12,O00567,10.36,/AF-O00567-F1-model_v1,85.51834082091898
879,363,A,87.64,O00567,10.46,/AF-O00567-F1-model_v1,94.49910701998098
880,365,A,89.09,O00567,10.33,/AF-O00567-F1-model_v1,38.87197310041771
881,375,A,93.51,O00567,8.4,/AF-O00567-F1-model_v1,10.321179064593668
882,396,A,90.93,O00567,11.45,/AF-O00567-F1-model_v1,24.9316792988886
883,416,A,82.34,O00567,10.44,/AF-O00567-F1-model_v1,92.35444643513037
884,422,A,83.11,O00567,10.39,/AF-O00567-F1-model_v1,93.82890058721517
885,438,A,79.96,O00567,11.39,/AF-O00567-F1-model_v1,79.88860678568606
886,441,A,79.66,O00567,10.39,/AF-O00567-F1-model_v1,90.07574456372656
887,444,A,75.9,O00567,10.63,/AF-O00567-F1-model_v1,86.18854725368479
888,445,A,78.19,O00567,10.39,/AF-O00567-F1-model_v1,91.01403356959871
889,448,A,75.33,O00567,10.42,/AF-O00567-F1-model_v1,80.02264807223922
890,449,A,77.71,O00567,10.39,/AF-O00567-F1-model_v1,97.31397403759743
891,451,A,76.73,O00567,10.42,/AF-O00567-F1-model_v1,88.86937298474808
892,452,A,77.42,O00567,10.4,/AF-O00567-F1-model_v1,82.70347380330251
893,56,G,0.0,Q01813,10.59,/4XZ2-alt-1_assembled/4XYJ-alt-1_assembled,57.23562935820125
894,109,G,0.0,Q01813,10.44,/4XZ2-alt-1_assembled/4XYJ-alt-1_assembled,64.87598269173162
895,139,B,0.0,Q01813,10.05,/4XZ2-alt-1_assembled/4XYJ-alt-1_assembled,45.439996141522776
896,156,C,0.0,Q01813,10.29,/4XZ2-alt-1_assembled/4XYJ-alt-1_assembled,77.8779874873886
897,161,A,0.0,Q01813,9.88,/4XZ2-alt-1_assembled/4XYJ-alt-1_assembled,25.065720585441767
898,255,B,0.0,Q01813,8.07,/4XZ2-alt-1_assembled/4XYJ-alt-1_assembled,4.557403742807594
899,263,H,0.0,Q01813,9.91,/4XZ2-alt-1_assembled/4XYJ-alt-1_assembled,61.25686795479619
900,264,H,0.0,Q01813,9.26,/4XZ2-alt-1_assembled/4XYJ-alt-1_assembled,28.952917895483537
901,281,B,0.0,Q01813,10.01,/4XZ2-alt-1_assembled/4XYJ-alt-1_assembled,53.34843204815949
902,287,B,0.0,Q01813,10.01,/4XZ2-alt-1_assembled/4XYJ-alt-1_assembled,41.820881404587325
903,289,H,0.0,Q01813,10.04,/4XZ2-alt-1_assembled/4XYJ-alt-1_assembled,35.9230647962481
904,369,B,0.0,Q01813,10.29,/4XZ2-alt-1_assembled/4XYJ-alt-1_assembled,55.49309263301011
905,395,D,0.0,Q01813,9.09,/4XZ2-alt-1_assembled/4XYJ-alt-1_assembled,51.203771463308854
906,400,C,0.0,Q01813,8.61,/4XZ2-alt-1_assembled/4XYJ-alt-1_assembled,23.99339029301645
907,408,B,0.0,Q01813,9.64,/4XZ2-alt-1_assembled/4XYJ-alt-1_assembled,28.014628889611384
908,455,D,0.0,Q01813,10.94,/4XZ2-alt-1_assembled/4XYJ-alt-1_assembled,44.09958327599113
909,459,F,0.0,Q01813,10.06,/4XZ2-alt-1_assembled/4XYJ-alt-1_assembled,52.946308188499984
910,480,D,0.0,Q01813,9.39,/4XZ2-alt-1_assembled/4XYJ-alt-1_assembled,34.44861064416328
911,486,C,0.0,Q01813,10.47,/4XZ2-alt-1_assembled/4XYJ-alt-1_assembled,93.29273544100252
912,524,G,0.0,Q01813,10.4,/4XZ2-alt-1_assembled/4XYJ-alt-1_assembled,93.15869415444934
913,567,A,0.0,Q01813,6.6,/4XZ2-alt-1_assembled/4XYJ-alt-1_assembled,25.333803158548093
914,574,C,0.0,Q01813,5.31,/4XZ2-alt-1_assembled/4XYJ-alt-1_assembled,9.248848772168351
915,625,A,0.0,Q01813,9.57,/4XZ2-alt-1_assembled/4XYJ-alt-1_assembled,22.116812281272146
916,627,E,0.0,Q01813,10.48,/4XZ2-alt-1_assembled/4XYJ-alt-1_assembled,49.99739988433037
917,659,E,0.0,Q01813,10.18,/4XZ2-alt-1_assembled/4XYJ-alt-1_assembled,50.93568889020253
918,666,F,0.0,Q01813,9.55,/4XZ2-alt-1_assembled/4XYJ-alt-1_assembled,36.32518865590758
919,688,D,0.0,Q01813,6.48,/4XZ2-alt-1_assembled/4XYJ-alt-1_assembled,43.29533555667214
920,700,H,0.0,Q01813,9.63,/4XZ2-alt-1_assembled/4XYJ-alt-1_assembled,25.601885731654427
921,702,A,0.0,Q01813,8.81,/4XZ2-alt-1_assembled/4XYJ-alt-1_assembled,43.027252983565816
922,709,A,0.0,Q01813,9.2,/4XZ2-alt-1_assembled/4XYJ-alt-1_assembled,39.676220819736706
923,710,C,0.0,Q01813,9.68,/4XZ2-alt-1_assembled/4XYJ-alt-1_assembled,27.07633988373923
924,724,B,0.0,Q01813,9.69,/4XZ2-alt-1_assembled/4XYJ-alt-1_assembled,42.62512912390632
925,736,F,0.0,Q01813,10.08,/4XZ2-alt-1_assembled/4XYJ-alt-1_assembled,61.92707438756201
926,737,C,0.0,Q01813,10.21,/4XZ2-alt-1_assembled/4XYJ-alt-1_assembled,82.97155637640884
927,747,E,0.0,Q01813,10.13,/4XZ2-alt-1_assembled/4XYJ-alt-1_assembled,76.6716159084101
928,753,A,0.0,Q01813,8.65,/4XZ2-alt-1_assembled/4XYJ-alt-1_assembled,34.58265193071645
929,759,G,0.0,Q01813,8.36,/4XZ2-alt-1_assembled/4XYJ-alt-1_assembled,25.065720585441767
930,15,D,0.0,Q01813,10.42,/4XYJ-alt-1_assembled,38.33580795420505
931,25,C,0.0,Q01813,9.38,/4XYJ-alt-1_assembled,42.22300526424682
932,763,F,0.0,Q01813,9.19,/4XYJ-alt-1_assembled,42.62512912390632
933,765,A,0.0,Q01813,9.71,/4XYJ-alt-1_assembled,82.97155637640884
934,9,A,90.86,Q9ULV4,10.23,/AF-Q9ULV4-F1-model_v1,58.844124796839225
935,19,A,95.71,Q9ULV4,10.43,/AF-Q9ULV4-F1-model_v1,94.0969831603215
936,65,A,94.83,Q9ULV4,10.11,/AF-Q9ULV4-F1-model_v1,57.905835790967075
937,71,A,91.41,Q9ULV4,10.21,/AF-Q9ULV4-F1-model_v1,63.669611112753145
938,131,A,98.25,Q9ULV4,10.53,/AF-Q9ULV4-F1-model_v1,69.29934514798606
939,194,A,96.49,Q9ULV4,11.13,/AF-Q9ULV4-F1-model_v1,51.20377146330885
940,196,A,95.23,Q9ULV4,10.1,/AF-Q9ULV4-F1-model_v1,48.79102830535189
941,197,A,97.25,Q9ULV4,11.42,/AF-Q9ULV4-F1-model_v1,37.665601521439235
942,205,A,97.51,Q9ULV4,11.16,/AF-Q9ULV4-F1-model_v1,72.38229473870885
943,212,A,97.74,Q9ULV4,10.13,/AF-Q9ULV4-F1-model_v1,26.40613345097341
944,214,A,95.18,Q9ULV4,11.55,/AF-Q9ULV4-F1-model_v1,71.98017087904935
945,251,A,95.75,Q9ULV4,10.41,/AF-Q9ULV4-F1-model_v1,99.59267590900124
946,285,A,91.49,Q9ULV4,7.32,/AF-Q9ULV4-F1-model_v1,28.81887660893037
947,311,A,92.36,Q9ULV4,10.48,/AF-Q9ULV4-F1-model_v1,113.13084585087086
948,322,A,95.88,Q9ULV4,10.48,/AF-Q9ULV4-F1-model_v1,22.652977427484803
949,329,A,92.11,Q9ULV4,11.53,/AF-Q9ULV4-F1-model_v1,80.55881321845189
950,337,A,98.03,Q9ULV4,8.73,/AF-Q9ULV4-F1-model_v1,0.5361651462126581
951,342,A,96.11,Q9ULV4,12.06,/AF-Q9ULV4-F1-model_v1,20.240234269527843
952,353,A,84.61,Q9ULV4,10.47,/AF-Q9ULV4-F1-model_v1,99.19055204934175
953,381,A,98.05,Q9ULV4,11.61,/AF-Q9ULV4-F1-model_v1,56.16329906577593
954,391,A,88.8,Q9ULV4,10.68,/AF-Q9ULV4-F1-model_v1,62.329198247221505
955,398,A,76.51,Q9ULV4,10.54,/AF-Q9ULV4-F1-model_v1,114.73934128950884
956,403,A,86.8,Q9ULV4,10.52,/AF-Q9ULV4-F1-model_v1,107.50111181563796
957,406,A,72.2,Q9ULV4,10.41,/AF-Q9ULV4-F1-model_v1,97.31397403759745
958,440,A,79.36,Q9ULV4,10.42,/AF-Q9ULV4-F1-model_v1,85.92046468057845
959,446,A,90.54,Q9ULV4,10.44,/AF-Q9ULV4-F1-model_v1,83.5077215226215
960,449,A,91.74,Q9ULV4,10.43,/AF-Q9ULV4-F1-model_v1,84.17792795538733
961,452,A,90.49,Q9ULV4,10.4,/AF-Q9ULV4-F1-model_v1,79.48648292602655
962,464,A,90.64,Q9ULV4,10.39,/AF-Q9ULV4-F1-model_v1,80.69285450500504
963,471,A,84.51,Q9ULV4,10.41,/AF-Q9ULV4-F1-model_v1,77.34182234117593
964,5,A,0.0,Q00796,10.43,/1PL8-alt1B_assembled/1PL8-alt1A_assembled,80.8268957915582
965,62,B,0.0,Q00796,10.32,/1PL8-alt1B_assembled/1PL8-alt1A_assembled,77.20778105462277
966,63,A,0.0,Q00796,10.59,/1PL8-alt1B_assembled/1PL8-alt1A_assembled,68.49509742866707
967,77,B,0.0,Q00796,11.3,/1PL8-alt1B_assembled/1PL8-alt1A_assembled,53.080349475053154
968,83,D,0.0,Q00796,10.26,/1PL8-alt1B_assembled/1PL8-alt1A_assembled,66.61851941692277
969,86,C,0.0,Q00796,11.3,/1PL8-alt1B_assembled/1PL8-alt1A_assembled,67.55680842279492
970,106,A,0.0,Q00796,10.43,/1PL8-alt1B_assembled/1PL8-alt1A_assembled,63.40152853964682
971,133,B,0.0,Q00796,10.23,/1PL8-alt1B_assembled/1PL8-alt1A_assembled,39.944303392843025
972,141,C,0.0,Q00796,10.01,/1PL8-alt1B_assembled/1PL8-alt1A_assembled,46.24424386084176
973,174,B,0.0,Q00796,10.13,/1PL8-alt1B_assembled/1PL8-alt1A_assembled,16.88920210569873
974,192,B,0.0,Q00796,10.11,/1PL8-alt1B_assembled/1PL8-alt1A_assembled,24.663596725782273
975,211,D,0.0,Q00796,9.98,/1PL8-alt1B_assembled/1PL8-alt1A_assembled,32.30395005931265
976,213,A,0.0,Q00796,9.17,/1PL8-alt1B_assembled/1PL8-alt1A_assembled,38.46984924075822
977,225,B,0.0,Q00796,10.45,/1PL8-alt1B_assembled/1PL8-alt1A_assembled,84.31196924194049
978,234,D,0.0,Q00796,9.43,/1PL8-alt1B_assembled/1PL8-alt1A_assembled,11.661591930125315
979,242,B,0.0,Q00796,10.66,/1PL8-alt1B_assembled/1PL8-alt1A_assembled,26.406133450973414
980,294,C,0.0,Q00796,10.2,/1PL8-alt1B_assembled/1PL8-alt1A_assembled,52.67822561539366
981,313,B,0.0,Q00796,10.11,/1PL8-alt1B_assembled/1PL8-alt1A_assembled,54.956927486797454
982,318,B,0.0,Q00796,10.71,/1PL8-alt1B_assembled/1PL8-alt1A_assembled,56.69946421198859
983,329,B,0.0,Q00796,10.45,/1PL8-alt1B_assembled/1PL8-alt1A_assembled,54.68884491369113
984,338,D,0.0,Q00796,10.78,/1PL8-alt1B_assembled/1PL8-alt1A_assembled,36.727312515567085
985,339,A,0.0,Q00796,10.38,/1PL8-alt1B_assembled/1PL8-alt1A_assembled,73.58866631768733
986,344,D,0.0,Q00796,12.21,/1PL8-alt1B_assembled/1PL8-alt1A_assembled,14.878582807401262
987,348,A,0.0,Q00796,9.74,/1PL8-alt1B_assembled/1PL8-alt1A_assembled,1.742536725191139
988,122,A,89.06,Q53GS9,9.61,/AF-Q53GS9-F1-model_v1,44.367665849097456
989,141,A,93.74,Q53GS9,10.58,/AF-Q53GS9-F1-model_v1,80.29073064534555
990,149,A,90.12,Q53GS9,10.44,/AF-Q53GS9-F1-model_v1,101.60329520729871
991,171,A,93.75,Q53GS9,11.64,/AF-Q53GS9-F1-model_v1,45.842120001182266
992,194,A,90.23,Q53GS9,11.01,/AF-Q53GS9-F1-model_v1,65.27810655139112
993,199,A,90.26,Q53GS9,10.73,/AF-Q53GS9-F1-model_v1,88.46724912508859
994,207,A,85.92,Q53GS9,10.41,/AF-Q53GS9-F1-model_v1,93.82890058721517
995,210,A,86.62,Q53GS9,10.39,/AF-Q53GS9-F1-model_v1,98.92246947623542
996,231,A,85.57,Q53GS9,10.33,/AF-Q53GS9-F1-model_v1,78.14607006049492
997,260,A,85.76,Q53GS9,10.56,/AF-Q53GS9-F1-model_v1,78.1460700604949
998,263,A,78.04,Q53GS9,10.46,/AF-Q53GS9-F1-model_v1,110.7181026929139
999,283,A,93.21,Q53GS9,12.7,/AF-Q53GS9-F1-model_v1,19.167903977102526
1000,291,A,88.0,Q53GS9,11.15,/AF-Q53GS9-F1-model_v1,40.74855111216202
1001,308,A,90.62,Q53GS9,10.42,/AF-Q53GS9-F1-model_v1,103.61391450559617
1002,309,A,88.01,Q53GS9,10.34,/AF-Q53GS9-F1-model_v1,89.67362070406708
1003,315,A,87.61,Q53GS9,10.37,/AF-Q53GS9-F1-model_v1,89.94170327717339
1004,341,A,72.99,Q53GS9,10.2,/AF-Q53GS9-F1-model_v1,80.4247719318987
1005,342,A,82.42,Q53GS9,10.59,/AF-Q53GS9-F1-model_v1,99.86075848210757
1006,358,A,90.17,Q53GS9,10.45,/AF-Q53GS9-F1-model_v1,62.731322106880995
1007,359,A,87.57,Q53GS9,12.68,/AF-Q53GS9-F1-model_v1,17.559408538464552
1008,370,A,80.12,Q53GS9,10.13,/AF-Q53GS9-F1-model_v1,34.046486784503784
1009,421,A,90.2,Q53GS9,9.68,/AF-Q53GS9-F1-model_v1,26.004009591313917
1010,428,A,87.33,Q53GS9,10.92,/AF-Q53GS9-F1-model_v1,52.81226690194681
1011,431,A,81.44,Q53GS9,10.96,/AF-Q53GS9-F1-model_v1,62.329198247221505
1012,434,A,75.58,Q53GS9,10.52,/AF-Q53GS9-F1-model_v1,85.51834082091897
1013,439,A,91.58,Q53GS9,10.02,/AF-Q53GS9-F1-model_v1,49.59527602467088
1014,445,A,91.04,Q53GS9,9.69,/AF-Q53GS9-F1-model_v1,72.78441859836835
1015,455,A,91.77,Q53GS9,10.28,/AF-Q53GS9-F1-model_v1,71.84612959249618
1016,459,A,83.6,Q53GS9,10.41,/AF-Q53GS9-F1-model_v1,91.68424000236453
1017,466,A,90.19,Q53GS9,9.9,/AF-Q53GS9-F1-model_v1,16.88920210569873
1018,493,A,78.73,Q53GS9,10.44,/AF-Q53GS9-F1-model_v1,93.82890058721517
1019,508,A,85.99,Q53GS9,10.41,/AF-Q53GS9-F1-model_v1,88.73533169819493
1020,525,A,94.01,Q53GS9,10.58,/AF-Q53GS9-F1-model_v1,72.78441859836835
1021,553,A,95.9,Q53GS9,11.06,/AF-Q53GS9-F1-model_v1,51.87397789607466
1022,131,A,83.72,Q9Y2R4,10.36,/AF-Q9Y2R4-F1-model_v1,73.05250117147466
1023,137,A,89.74,Q9Y2R4,11.39,/AF-Q9Y2R4-F1-model_v1,55.22501005990378
1024,139,A,91.36,Q9Y2R4,10.28,/AF-Q9Y2R4-F1-model_v1,89.13745555785441
1025,146,A,93.09,Q9Y2R4,10.35,/AF-Q9Y2R4-F1-model_v1,82.03326737053669
1026,148,A,91.04,Q9Y2R4,11.39,/AF-Q9Y2R4-F1-model_v1,63.93769368585947
1027,171,A,89.79,Q9Y2R4,10.47,/AF-Q9Y2R4-F1-model_v1,98.25226304346961
1028,215,A,92.05,Q9Y2R4,9.79,/AF-Q9Y2R4-F1-model_v1,23.859349006463283
1029,228,A,90.13,Q9Y2R4,10.37,/AF-Q9Y2R4-F1-model_v1,85.92046468057848
1030,233,A,85.97,Q9Y2R4,10.26,/AF-Q9Y2R4-F1-model_v1,78.9503177798139
1031,256,A,93.24,Q9Y2R4,10.57,/AF-Q9Y2R4-F1-model_v1,40.74855111216202
1032,284,A,74.32,Q9Y2R4,10.49,/AF-Q9Y2R4-F1-model_v1,71.57804701938986
1033,285,A,81.58,Q9Y2R4,10.37,/AF-Q9Y2R4-F1-model_v1,84.71409310159999
1034,301,A,87.1,Q9Y2R4,10.36,/AF-Q9Y2R4-F1-model_v1,86.59067111334429
1035,322,A,82.14,Q9Y2R4,11.3,/AF-Q9Y2R4-F1-model_v1,38.33580795420505
1036,346,A,89.47,Q9Y2R4,10.55,/AF-Q9Y2R4-F1-model_v1,70.37167544041137
1037,365,A,90.79,Q9Y2R4,11.31,/AF-Q9Y2R4-F1-model_v1,63.803652399306316
1038,399,A,93.41,Q9Y2R4,9.56,/AF-Q9Y2R4-F1-model_v1,6.836105614211391
1039,408,A,88.23,Q9Y2R4,10.45,/AF-Q9Y2R4-F1-model_v1,79.62052421257974
1040,409,A,88.81,Q9Y2R4,11.52,/AF-Q9Y2R4-F1-model_v1,70.77379930007086
1041,426,A,93.42,Q9Y2R4,11.36,/AF-Q9Y2R4-F1-model_v1,56.565422925435435
1042,462,A,89.19,Q9Y2R4,10.33,/AF-Q9Y2R4-F1-model_v1,75.5992856159848
1043,479,A,74.54,Q9Y2R4,10.36,/AF-Q9Y2R4-F1-model_v1,93.15869415444934
1044,509,A,86.08,Q9Y2R4,10.46,/AF-Q9Y2R4-F1-model_v1,111.65639169878605
1045,511,A,92.84,Q9Y2R4,12.33,/AF-Q9Y2R4-F1-model_v1,37.93368409454556
1046,521,A,86.05,Q9Y2R4,11.33,/AF-Q9Y2R4-F1-model_v1,48.79102830535189
1047,543,A,77.42,Q9Y2R4,11.28,/AF-Q9Y2R4-F1-model_v1,42.893211697012646
1048,547,A,73.76,Q9Y2R4,10.33,/AF-Q9Y2R4-F1-model_v1,111.79043298533921
1049,551,A,73.06,Q9Y2R4,10.46,/AF-Q9Y2R4-F1-model_v1,111.79043298533921
1050,553,A,73.67,Q9Y2R4,9.42,/AF-Q9Y2R4-F1-model_v1,70.50571672696455
1051,554,A,71.66,Q9Y2R4,11.23,/AF-Q9Y2R4-F1-model_v1,87.12683625955695
1052,555,A,74.77,Q9Y2R4,10.42,/AF-Q9Y2R4-F1-model_v1,103.34583193248986
1053,558,A,71.57,Q9Y2R4,10.34,/AF-Q9Y2R4-F1-model_v1,73.7227076042405
1054,559,A,75.18,Q9Y2R4,11.52,/AF-Q9Y2R4-F1-model_v1,83.105597662962
1055,571,A,70.45,Q9Y2R4,10.55,/AF-Q9Y2R4-F1-model_v1,104.15007965180882
1056,576,A,70.95,Q9Y2R4,10.37,/AF-Q9Y2R4-F1-model_v1,84.31196924194049
1057,578,A,75.56,Q9Y2R4,10.41,/AF-Q9Y2R4-F1-model_v1,91.68424000236453
1058,580,A,72.6,Q9Y2R4,10.42,/AF-Q9Y2R4-F1-model_v1,86.45662982679113
1059,582,A,72.58,Q9Y2R4,11.12,/AF-Q9Y2R4-F1-model_v1,73.18654245802783
1060,583,A,71.79,Q9Y2R4,10.42,/AF-Q9Y2R4-F1-model_v1,91.14807485615188
1061,42,A,80.83,P55265,10.47,/AF-P55265-F1-model_v1,66.35043684381644
1062,48,A,79.98,P55265,10.4,/AF-P55265-F1-model_v1,53.34843204815948
1063,145,A,88.17,P55265,11.58,/AF-P55265-F1-model_v1,61.39090924134935
1064,154,A,83.22,P55265,10.27,/AF-P55265-F1-model_v1,63.93769368585947
1065,164,A,87.74,P55265,10.33,/AF-P55265-F1-model_v1,65.01002397828479
1066,169,A,90.61,P55265,10.3,/AF-P55265-F1-model_v1,59.11220736994556
1067,170,A,90.42,P55265,10.43,/AF-P55265-F1-model_v1,93.15869415444934
1068,181,A,88.68,P55265,10.44,/AF-P55265-F1-model_v1,81.89922608398352
1069,182,A,88.15,P55265,11.38,/AF-P55265-F1-model_v1,46.780409007054416
1070,184,A,88.58,P55265,11.16,/AF-P55265-F1-model_v1,45.17191356841645
1071,187,A,91.12,P55265,11.37,/AF-P55265-F1-model_v1,35.38689965003544
1072,196,A,91.13,P55265,11.39,/AF-P55265-F1-model_v1,32.03586748620632
1073,300,A,92.25,P55265,11.27,/AF-P55265-F1-model_v1,29.489083041696194
1074,302,A,93.24,P55265,11.38,/AF-P55265-F1-model_v1,43.56341812977847
1075,320,A,91.25,P55265,10.32,/AF-P55265-F1-model_v1,67.42276713624176
1076,326,A,88.51,P55265,10.29,/AF-P55265-F1-model_v1,68.09297356900757
1077,358,A,88.47,P55265,10.25,/AF-P55265-F1-model_v1,76.0014094756443
1078,359,A,92.41,P55265,11.77,/AF-P55265-F1-model_v1,27.344422456845564
1079,366,A,82.0,P55265,11.57,/AF-P55265-F1-model_v1,70.10359286730505
1080,494,A,87.46,P55265,10.62,/AF-P55265-F1-model_v1,85.25025824781264
1081,495,A,89.95,P55265,12.8,/AF-P55265-F1-model_v1,24.395514152675943
1082,502,A,88.16,P55265,12.28,/AF-P55265-F1-model_v1,31.633743626546828
1083,536,A,95.95,P55265,11.57,/AF-P55265-F1-model_v1,45.842120001182266
1084,554,A,93.97,P55265,10.03,/AF-P55265-F1-model_v1,45.03787228186328
1085,555,A,93.38,P55265,10.38,/AF-P55265-F1-model_v1,77.34182234117594
1086,558,A,96.46,P55265,9.71,/AF-P55265-F1-model_v1,35.118817076929105
1087,564,A,95.79,P55265,10.19,/AF-P55265-F1-model_v1,51.47185403641517
1088,574,A,85.65,P55265,10.69,/AF-P55265-F1-model_v1,69.03126257487973
1089,576,A,77.0,P55265,10.54,/AF-P55265-F1-model_v1,94.36506573342783
1090,613,A,73.64,P55265,11.32,/AF-P55265-F1-model_v1,63.80365239930631
1091,625,A,78.12,P55265,10.41,/AF-P55265-F1-model_v1,96.24164374517213
1092,637,A,89.46,P55265,10.22,/AF-P55265-F1-model_v1,74.7950378966658
1093,645,A,88.82,P55265,11.13,/AF-P55265-F1-model_v1,64.20577625896581
1094,665,A,91.25,P55265,10.3,/AF-P55265-F1-model_v1,80.69285450500504
1095,666,A,90.99,P55265,10.38,/AF-P55265-F1-model_v1,84.71409310159999
1096,669,A,94.44,P55265,9.75,/AF-P55265-F1-model_v1,47.718698012926566
1097,678,A,86.59,P55265,11.55,/AF-P55265-F1-model_v1,64.87598269173164
1098,745,A,92.84,P55265,10.35,/AF-P55265-F1-model_v1,74.25887275045315
1099,757,A,86.27,P55265,11.44,/AF-P55265-F1-model_v1,49.32719345156455
1100,763,A,87.81,P55265,11.34,/AF-P55265-F1-model_v1,26.808257310632907
1101,777,A,92.43,P55265,10.31,/AF-P55265-F1-model_v1,56.02925777922277
1102,778,A,92.15,P55265,10.42,/AF-P55265-F1-model_v1,101.73733649385187
1103,781,A,93.9,P55265,10.12,/AF-P55265-F1-model_v1,65.27810655139112
1104,875,A,96.3,P55265,9.91,/AF-P55265-F1-model_v1,26.942298597186067
1105,876,A,93.37,P55265,10.46,/AF-P55265-F1-model_v1,91.81828128891772
1106,895,A,85.86,P55265,10.62,/AF-P55265-F1-model_v1,75.33120304287846
1107,902,A,92.84,P55265,10.56,/AF-P55265-F1-model_v1,84.84813438815314
1108,929,A,93.4,P55265,11.07,/AF-P55265-F1-model_v1,62.06111567411517
1109,936,A,88.89,P55265,10.52,/AF-P55265-F1-model_v1,92.48848772168353
1110,944,A,85.69,P55265,10.44,/AF-P55265-F1-model_v1,107.76919438874428
1111,948,A,93.94,P55265,10.85,/AF-P55265-F1-model_v1,32.706073918972145
1112,952,A,96.27,P55265,10.0,/AF-P55265-F1-model_v1,27.612505029951894
1113,953,A,94.42,P55265,10.56,/AF-P55265-F1-model_v1,100.66500620142656
1114,974,A,73.02,P55265,10.6,/AF-P55265-F1-model_v1,65.54618912449746
1115,996,A,83.75,P55265,10.41,/AF-P55265-F1-model_v1,109.51173111393543
1116,999,A,90.26,P55265,10.19,/AF-P55265-F1-model_v1,64.74194140517847
1117,19,A,0.0,P49005,10.21,/3E0J-alt-1_assembled,54.956927486797454
1118,24,B,0.0,P49005,10.25,/3E0J-alt-1_assembled,60.318578948924035
1119,38,C,0.0,P49005,9.27,/3E0J-alt-1_assembled,15.414747953613922
1120,48,C,0.0,P49005,11.5,/3E0J-alt-1_assembled,20.37427555608101
1121,50,A,0.0,P49005,10.68,/3E0J-alt-1_assembled,65.81427169760379
1122,76,B,0.0,P49005,10.63,/3E0J-alt-1_assembled,48.65698701879872
1123,84,A,0.0,P49005,10.53,/3E0J-alt-1_assembled,73.18654245802782
1124,89,B,0.0,P49005,10.88,/3E0J-alt-1_assembled,45.97616128773544
1125,91,A,0.0,P49005,10.23,/3E0J-alt-1_assembled,72.11421216560251
1126,105,C,0.0,P49005,10.19,/3E0J-alt-1_assembled,27.344422456845564
1127,109,A,0.0,P49005,10.46,/3E0J-alt-1_assembled,88.60129041164176
1128,123,C,0.0,P49005,10.62,/3E0J-alt-1_assembled,49.19315216501138
1129,131,A,0.0,P49005,10.31,/3E0J-alt-1_assembled,57.503711931307585
1130,48,A,70.85,P49790,10.43,/AF-P49790-F1-model_v1,89.80766199062023
1131,317,A,82.31,P49790,10.42,/AF-P49790-F1-model_v1,116.07975415504049
1132,672,A,94.39,P49790,10.55,/AF-P49790-F1-model_v1,80.15668935879239
1133,677,A,94.52,P49790,10.38,/AF-P49790-F1-model_v1,80.4247719318987
1134,685,A,90.57,P49790,10.07,/AF-P49790-F1-model_v1,33.91244549795062
1135,720,A,73.44,P49790,11.14,/AF-P49790-F1-model_v1,70.23763415385822
1136,736,A,94.31,P49790,10.42,/AF-P49790-F1-model_v1,80.4247719318987
1137,741,A,95.98,P49790,11.51,/AF-P49790-F1-model_v1,57.90583579096707
1138,749,A,93.05,P49790,10.01,/AF-P49790-F1-model_v1,23.859349006463283
1139,791,A,74.3,P49790,11.11,/AF-P49790-F1-model_v1,72.24825345215568
1140,812,A,95.3,P49790,10.22,/AF-P49790-F1-model_v1,41.552798831481
1141,820,A,92.14,P49790,10.15,/AF-P49790-F1-model_v1,35.252858363482275
1142,849,A,72.14,P49790,11.11,/AF-P49790-F1-model_v1,63.803652399306316
1143,850,A,73.75,P49790,11.47,/AF-P49790-F1-model_v1,62.19515696066834
1144,865,A,94.27,P49790,10.5,/AF-P49790-F1-model_v1,85.51834082091897
1145,870,A,95.8,P49790,11.12,/AF-P49790-F1-model_v1,58.039877077520245
1146,878,A,90.29,P49790,10.07,/AF-P49790-F1-model_v1,26.272092164420247
1147,142,A,87.29,Q6S8J3,10.38,/AF-Q6S8J3-F1-model_v1,89.67362070406708
1148,151,A,76.94,Q6S8J3,10.48,/AF-Q6S8J3-F1-model_v1,101.33521263419237
1149,155,A,82.97,Q6S8J3,10.4,/AF-Q6S8J3-F1-model_v1,77.20778105462277
1150,168,A,90.93,Q6S8J3,11.48,/AF-Q6S8J3-F1-model_v1,54.55480362713796
1151,169,A,92.96,Q6S8J3,9.94,/AF-Q6S8J3-F1-model_v1,47.18253286671391
1152,171,A,88.59,Q6S8J3,11.42,/AF-Q6S8J3-F1-model_v1,80.15668935879239
1153,173,A,91.87,Q6S8J3,10.37,/AF-Q6S8J3-F1-model_v1,80.69285450500504
1154,190,A,92.36,Q6S8J3,10.65,/AF-Q6S8J3-F1-model_v1,90.87999228304555
1155,205,A,91.67,Q6S8J3,11.33,/AF-Q6S8J3-F1-model_v1,41.954922691140496
1156,206,A,94.35,Q6S8J3,10.27,/AF-Q6S8J3-F1-model_v1,80.96093707811137
1157,212,A,95.86,Q6S8J3,6.92,/AF-Q6S8J3-F1-model_v1,0.26808257310632905
1158,252,A,94.1,Q6S8J3,9.87,/AF-Q6S8J3-F1-model_v1,83.37368023606834
1159,256,A,96.23,Q6S8J3,10.04,/AF-Q6S8J3-F1-model_v1,86.45662982679113
1160,268,A,95.29,Q6S8J3,10.16,/AF-Q6S8J3-F1-model_v1,49.05911087845821
1161,270,A,92.01,Q6S8J3,10.43,/AF-Q6S8J3-F1-model_v1,72.516336025262
1162,284,A,93.22,Q6S8J3,9.68,/AF-Q6S8J3-F1-model_v1,27.076339883739237
1163,289,A,95.46,Q6S8J3,10.45,/AF-Q6S8J3-F1-model_v1,74.25887275045315
1164,293,A,94.77,Q6S8J3,10.12,/AF-Q6S8J3-F1-model_v1,84.58005181504682
1165,294,A,94.27,Q6S8J3,10.27,/AF-Q6S8J3-F1-model_v1,67.42276713624176
1166,295,A,92.51,Q6S8J3,10.45,/AF-Q6S8J3-F1-model_v1,88.06512526542909
1167,361,A,85.82,Q6S8J3,10.2,/AF-Q6S8J3-F1-model_v1,88.60129041164176
1168,363,A,83.79,Q6S8J3,10.49,/AF-Q6S8J3-F1-model_v1,98.92246947623542
1169,629,A,76.91,Q6S8J3,10.42,/AF-Q6S8J3-F1-model_v1,69.96955158075188
1170,639,A,74.3,Q6S8J3,10.41,/AF-Q6S8J3-F1-model_v1,75.1971617563253
1171,640,A,75.42,Q6S8J3,10.39,/AF-Q6S8J3-F1-model_v1,72.9184598849215
1172,642,A,77.58,Q6S8J3,10.41,/AF-Q6S8J3-F1-model_v1,76.40353333530379
1173,666,A,85.72,Q6S8J3,10.54,/AF-Q6S8J3-F1-model_v1,62.3291982472215
1174,674,A,85.57,Q6S8J3,10.41,/AF-Q6S8J3-F1-model_v1,70.50571672696454
1175,675,A,85.26,Q6S8J3,10.64,/AF-Q6S8J3-F1-model_v1,79.21840035292024
1176,684,A,79.79,Q6S8J3,10.43,/AF-Q6S8J3-F1-model_v1,80.8268957915582
1177,685,A,79.63,Q6S8J3,10.44,/AF-Q6S8J3-F1-model_v1,85.65238210747214
1178,686,A,75.94,Q6S8J3,10.42,/AF-Q6S8J3-F1-model_v1,86.05450596713163
1179,692,A,70.12,Q6S8J3,10.39,/AF-Q6S8J3-F1-model_v1,94.36506573342783
1180,718,A,98.28,Q6S8J3,11.63,/AF-Q6S8J3-F1-model_v1,19.43598655020886
1181,750,A,78.57,Q6S8J3,11.2,/AF-Q6S8J3-F1-model_v1,59.916455089264545
1182,756,A,93.1,Q6S8J3,10.53,/AF-Q6S8J3-F1-model_v1,74.7950378966658
1183,761,A,88.01,Q6S8J3,11.52,/AF-Q6S8J3-F1-model_v1,23.323183860250627
1184,768,A,92.94,Q6S8J3,10.31,/AF-Q6S8J3-F1-model_v1,88.06512526542909
1185,784,A,97.22,Q6S8J3,10.19,/AF-Q6S8J3-F1-model_v1,38.067725381098725
1186,813,A,94.43,Q6S8J3,10.28,/AF-Q6S8J3-F1-model_v1,116.61591930125314
1187,818,A,97.78,Q6S8J3,10.24,/AF-Q6S8J3-F1-model_v1,51.20377146330885
1188,891,A,95.37,Q6S8J3,10.44,/AF-Q6S8J3-F1-model_v1,84.71409310159999
1189,913,A,97.51,Q6S8J3,9.64,/AF-Q6S8J3-F1-model_v1,11.661591930125313
1190,915,A,96.77,Q6S8J3,11.41,/AF-Q6S8J3-F1-model_v1,57.905835790967075
1191,938,A,96.68,Q6S8J3,10.19,/AF-Q6S8J3-F1-model_v1,69.43338643453922
1192,984,A,97.49,Q6S8J3,10.21,/AF-Q6S8J3-F1-model_v1,59.51433122960505
1193,991,A,89.78,Q6S8J3,10.53,/AF-Q6S8J3-F1-model_v1,105.75857509044681
1194,13,B,N/A,O95671,10.26,/2P5X-alt-1_assembled/AF-O95671-F1-model_v1,43.965541989437966
1195,41,B,N/A,O95671,9.95,/2P5X-alt-1_assembled/AF-O95671-F1-model_v1,60.18453766237088
1196,43,A,N/A,O95671,10.44,/2P5X-alt-1_assembled/AF-O95671-F1-model_v1,91.28211614270504
1197,45,B,N/A,O95671,10.12,/2P5X-alt-1_assembled/AF-O95671-F1-model_v1,79.7545654991329
1198,48,A,N/A,O95671,10.25,/2P5X-alt-1_assembled/AF-O95671-F1-model_v1,44.76978970875695
1199,63,A,N/A,O95671,10.85,/2P5X-alt-1_assembled/AF-O95671-F1-model_v1,32.43799134586581
1200,65,A,N/A,O95671,7.9,/2P5X-alt-1_assembled/AF-O95671-F1-model_v1,28.41675274927088
1201,76,A,N/A,O95671,10.44,/2P5X-alt-1_assembled/AF-O95671-F1-model_v1,85.92046468057846
1202,100,B,N/A,O95671,6.64,/2P5X-alt-1_assembled/AF-O95671-F1-model_v1,47.718698012926566
1203,104,A,N/A,O95671,10.16,/2P5X-alt-1_assembled/AF-O95671-F1-model_v1,55.62713391956328
1204,133,A,N/A,O95671,10.46,/2P5X-alt-1_assembled/AF-O95671-F1-model_v1,77.74394620083541
1205,149,B,N/A,O95671,10.94,/2P5X-alt-1_assembled/AF-O95671-F1-model_v1,54.4207623405848
1206,151,A,N/A,O95671,11.18,/2P5X-alt-1_assembled/AF-O95671-F1-model_v1,35.118817076929105
1207,172,B,N/A,O95671,9.49,/2P5X-alt-1_assembled/AF-O95671-F1-model_v1,12.4658396494443
1208,206,B,N/A,O95671,10.4,/2P5X-alt-1_assembled/AF-O95671-F1-model_v1,56.69946421198859
1209,210,A,N/A,O95671,10.13,/2P5X-alt-1_assembled/AF-O95671-F1-model_v1,65.01002397828479
1210,9,A,82.35,O95671,10.65,/AF-O95671-F1-model_v1,60.452620235477205
1211,299,A,96.83,O95671,9.69,/AF-O95671-F1-model_v1,46.37828514739493
1212,306,A,96.93,O95671,11.32,/AF-O95671-F1-model_v1,68.22701485556075
1213,308,A,97.44,O95671,9.75,/AF-O95671-F1-model_v1,55.493092633010114
1214,314,A,95.7,O95671,11.52,/AF-O95671-F1-model_v1,23.591266433356957
1215,320,A,97.62,O95671,10.5,/AF-O95671-F1-model_v1,81.36306093777087
1216,327,A,96.69,O95671,10.35,/AF-O95671-F1-model_v1,42.22300526424682
1217,350,A,97.78,O95671,12.59,/AF-O95671-F1-model_v1,52.008019182627834
1218,408,A,71.27,O95671,10.45,/AF-O95671-F1-model_v1,104.95432737112782
1219,437,A,92.61,O95671,9.84,/AF-O95671-F1-model_v1,46.24424386084176
1220,534,A,96.06,O95671,11.13,/AF-O95671-F1-model_v1,44.23362456254429
1221,537,A,97.48,O95671,9.99,/AF-O95671-F1-model_v1,57.23562935820125
1222,547,A,93.38,O95671,10.48,/AF-O95671-F1-model_v1,86.72471239989744
1223,563,A,88.12,O95671,11.31,/AF-O95671-F1-model_v1,43.16129427011898
1224,583,A,96.1,O95671,10.81,/AF-O95671-F1-model_v1,41.28471625837467
1225,618,A,96.88,O95671,9.89,/AF-O95671-F1-model_v1,18.095573684677213
1226,46,A,90.86,Q8N142,11.33,/AF-Q8N142-F1-model_v1,21.848729708165816
1227,48,A,87.18,Q8N142,8.77,/AF-Q8N142-F1-model_v1,53.482473334712644
1228,78,A,85.92,Q8N142,10.6,/AF-Q8N142-F1-model_v1,59.24624865649872
1229,93,A,95.31,Q8N142,10.43,/AF-Q8N142-F1-model_v1,94.90123087964048
1230,115,A,96.11,Q8N142,11.5,/AF-Q8N142-F1-model_v1,71.0418818731772
1231,118,A,95.33,Q8N142,10.53,/AF-Q8N142-F1-model_v1,93.29273544100252
1232,119,A,94.63,Q8N142,10.85,/AF-Q8N142-F1-model_v1,30.695454620674674
1233,122,A,93.69,Q8N142,11.48,/AF-Q8N142-F1-model_v1,63.93769368585948
1234,126,A,96.61,Q8N142,11.62,/AF-Q8N142-F1-model_v1,80.42477193189872
1235,158,A,71.47,Q8N142,10.46,/AF-Q8N142-F1-model_v1,82.7034738033025
1236,164,A,89.73,Q8N142,10.38,/AF-Q8N142-F1-model_v1,74.7950378966658
1237,165,A,93.46,Q8N142,10.07,/AF-Q8N142-F1-model_v1,62.99940467998733
1238,174,A,98.52,Q8N142,9.28,/AF-Q8N142-F1-model_v1,49.32719345156455
1239,197,A,98.63,Q8N142,11.41,/AF-Q8N142-F1-model_v1,43.56341812977847
1240,219,A,98.01,Q8N142,10.45,/AF-Q8N142-F1-model_v1,88.19916655198227
1241,222,A,97.79,Q8N142,10.49,/AF-Q8N142-F1-model_v1,71.30996444628352
1242,248,A,96.34,Q8N142,10.19,/AF-Q8N142-F1-model_v1,59.24624865649872
1243,249,A,97.54,Q8N142,11.55,/AF-Q8N142-F1-model_v1,69.83551029419873
1244,299,A,98.37,Q8N142,10.23,/AF-Q8N142-F1-model_v1,0.5361651462126581
1245,336,A,90.93,Q8N142,10.35,/AF-Q8N142-F1-model_v1,90.07574456372656
1246,363,A,97.54,Q8N142,8.1,/AF-Q8N142-F1-model_v1,46.64636772050125
1247,374,A,98.78,Q8N142,10.54,/AF-Q8N142-F1-model_v1,46.64636772050126
1248,380,A,98.32,Q8N142,11.46,/AF-Q8N142-F1-model_v1,41.41875754492784
1249,384,A,97.48,Q8N142,10.45,/AF-Q8N142-F1-model_v1,91.14807485615188
1250,398,A,97.49,Q8N142,10.42,/AF-Q8N142-F1-model_v1,79.88860678568605
1251,410,A,97.8,Q8N142,10.38,/AF-Q8N142-F1-model_v1,74.92907918321897
1252,442,A,98.58,Q8N142,11.02,/AF-Q8N142-F1-model_v1,17.961532398124046
1253,448,A,84.58,Q8N142,10.27,/AF-Q8N142-F1-model_v1,98.11822175691643
1254,56,A,94.75,Q8N3F8,11.39,/AF-Q8N3F8-F1-model_v1,60.18453766237087
1255,72,A,83.51,Q8N3F8,11.43,/AF-Q8N3F8-F1-model_v1,71.30996444628353
1256,670,A,84.54,Q8N3F8,11.26,/AF-Q8N3F8-F1-model_v1,36.72731251556708
1257,672,A,83.49,Q8N3F8,10.48,/AF-Q8N3F8-F1-model_v1,82.03326737053669
1258,708,A,91.3,Q8N3F8,10.22,/AF-Q8N3F8-F1-model_v1,79.62052421257972
1259,727,A,85.07,Q8N3F8,11.42,/AF-Q8N3F8-F1-model_v1,75.73332690253795
1260,732,A,87.25,Q8N3F8,8.73,/AF-Q8N3F8-F1-model_v1,68.89722128832656
1261,747,A,89.23,Q8N3F8,8.8,/AF-Q8N3F8-F1-model_v1,48.79102830535189
1262,768,A,88.38,Q8N3F8,11.18,/AF-Q8N3F8-F1-model_v1,52.544184328840494
1263,771,A,88.72,Q8N3F8,10.42,/AF-Q8N3F8-F1-model_v1,94.49910701998098
1264,782,A,96.58,Q8N3F8,10.43,/AF-Q8N3F8-F1-model_v1,84.31196924194049
1265,40,A,85.51,O00471,10.45,/AF-O00471-F1-model_v1,103.07774935938352
1266,63,A,93.44,O00471,10.33,/AF-O00471-F1-model_v1,84.98217567470631
1267,66,A,95.22,O00471,10.4,/AF-O00471-F1-model_v1,79.08435906636707
1268,73,A,95.8,O00471,10.4,/AF-O00471-F1-model_v1,66.61851941692278
1269,76,A,95.44,O00471,10.37,/AF-O00471-F1-model_v1,72.11421216560251
1270,80,A,95.58,O00471,10.41,/AF-O00471-F1-model_v1,86.45662982679113
1271,81,A,94.9,O00471,10.42,/AF-O00471-F1-model_v1,84.98217567470631
1272,87,A,95.47,O00471,10.41,/AF-O00471-F1-model_v1,92.89061158134302
1273,109,A,88.94,O00471,10.36,/AF-O00471-F1-model_v1,60.4526202354772
1274,132,A,84.95,O00471,10.84,/AF-O00471-F1-model_v1,50.39952374398986
1275,135,A,84.71,O00471,10.67,/AF-O00471-F1-model_v1,74.25887275045315
1276,155,A,75.32,O00471,10.81,/AF-O00471-F1-model_v1,46.91445029360759
1277,157,A,74.88,O00471,10.98,/AF-O00471-F1-model_v1,42.491087837353156
1278,165,A,86.49,O00471,12.29,/AF-O00471-F1-model_v1,30.42737204756835
1279,182,A,82.74,O00471,9.92,/AF-O00471-F1-model_v1,17.96153239812405
1280,184,A,84.72,O00471,11.36,/AF-O00471-F1-model_v1,34.582651930716445
1281,188,A,84.37,O00471,9.74,/AF-O00471-F1-model_v1,36.191147369354425
1282,223,A,79.4,O00471,10.41,/AF-O00471-F1-model_v1,87.12683625955694
1283,234,A,89.5,O00471,10.52,/AF-O00471-F1-model_v1,83.37368023606834
1284,259,A,89.28,O00471,10.34,/AF-O00471-F1-model_v1,72.11421216560251
1285,274,A,92.16,O00471,10.58,/AF-O00471-F1-model_v1,52.41014304228733
1286,283,A,90.91,O00471,10.11,/AF-O00471-F1-model_v1,60.98878538168986
1287,289,A,92.83,O00471,10.48,/AF-O00471-F1-model_v1,88.33320783853542
1288,297,A,75.29,O00471,10.49,/AF-O00471-F1-model_v1,112.72872199121136
1289,305,A,94.17,O00471,11.38,/AF-O00471-F1-model_v1,76.2694920487506
1290,320,A,91.97,O00471,10.47,/AF-O00471-F1-model_v1,102.13946035351137
1291,330,A,88.89,O00471,10.21,/AF-O00471-F1-model_v1,53.482473334712644
1292,336,A,94.26,O00471,10.5,/AF-O00471-F1-model_v1,81.09497836466454
1293,339,A,93.27,O00471,10.53,/AF-O00471-F1-model_v1,108.8415246811696
1294,358,A,97.41,O00471,10.53,/AF-O00471-F1-model_v1,64.33981754551898
1295,372,A,81.23,O00471,11.22,/AF-O00471-F1-model_v1,35.9230647962481
1296,424,A,97.24,O00471,10.53,/AF-O00471-F1-model_v1,53.21439076160632
1297,498,A,95.35,O00471,10.61,/AF-O00471-F1-model_v1,89.67362070406708
1298,513,A,89.82,O00471,11.23,/AF-O00471-F1-model_v1,41.68684011803417
1299,520,A,94.72,O00471,10.33,/AF-O00471-F1-model_v1,60.586661522030354
1300,521,A,94.85,O00471,10.34,/AF-O00471-F1-model_v1,23.591266433356957
1301,522,A,95.02,O00471,10.84,/AF-O00471-F1-model_v1,70.77379930007086
1302,531,A,93.24,O00471,11.98,/AF-O00471-F1-model_v1,23.859349006463283
1303,548,A,93.6,O00471,10.5,/AF-O00471-F1-model_v1,76.6716159084101
1304,556,A,90.38,O00471,10.59,/AF-O00471-F1-model_v1,72.24825345215567
1305,557,A,86.84,O00471,10.4,/AF-O00471-F1-model_v1,88.33320783853543
1306,561,A,88.93,O00471,10.37,/AF-O00471-F1-model_v1,80.96093707811137
1307,578,A,94.96,O00471,11.28,/AF-O00471-F1-model_v1,42.89321169701265
1308,585,A,93.41,O00471,10.36,/AF-O00471-F1-model_v1,79.08435906636706
1309,589,A,91.05,O00471,11.06,/AF-O00471-F1-model_v1,38.201766667651896
1310,591,A,92.87,O00471,10.05,/AF-O00471-F1-model_v1,36.86135380212024
1311,597,A,91.48,O00471,10.49,/AF-O00471-F1-model_v1,110.18193754670125
1312,640,A,95.35,O00471,10.81,/AF-O00471-F1-model_v1,66.35043684381644
1313,643,A,95.51,O00471,10.33,/AF-O00471-F1-model_v1,75.1971617563253
1314,646,A,93.69,O00471,10.47,/AF-O00471-F1-model_v1,83.23963894951517
1315,672,A,85.41,O00471,10.33,/AF-O00471-F1-model_v1,62.731322106881
1316,685,A,86.08,O00471,10.55,/AF-O00471-F1-model_v1,93.69485930066199
1317,2,A,71.41,Q68EM7,10.46,/AF-Q68EM7-F1-model_v1,99.05651076278859
1318,3,A,77.58,Q68EM7,10.47,/AF-Q68EM7-F1-model_v1,93.694859300662
1319,9,A,73.16,Q68EM7,10.42,/AF-Q68EM7-F1-model_v1,72.24825345215568
1320,48,A,95.64,Q68EM7,10.33,/AF-Q68EM7-F1-model_v1,75.86736818909111
1321,67,A,90.25,Q68EM7,11.49,/AF-Q68EM7-F1-model_v1,72.78441859836835
1322,68,A,90.79,Q68EM7,10.14,/AF-Q68EM7-F1-model_v1,69.03126257487973
1323,92,A,92.26,Q68EM7,11.41,/AF-Q68EM7-F1-model_v1,52.142060469181004
1324,117,A,95.74,Q68EM7,11.51,/AF-Q68EM7-F1-model_v1,76.80565719496327
1325,136,A,96.16,Q68EM7,10.38,/AF-Q68EM7-F1-model_v1,77.74394620083544
1326,139,A,94.78,Q68EM7,10.18,/AF-Q68EM7-F1-model_v1,70.6397580135177
1327,160,A,83.4,Q68EM7,10.36,/AF-Q68EM7-F1-model_v1,67.95893228245441
1328,172,A,84.55,Q68EM7,10.38,/AF-Q68EM7-F1-model_v1,80.29073064534555
1329,177,A,92.14,Q68EM7,10.9,/AF-Q68EM7-F1-model_v1,56.431381638882264
1330,186,A,95.71,Q68EM7,11.41,/AF-Q68EM7-F1-model_v1,51.87397789607466
1331,191,A,93.84,Q68EM7,11.38,/AF-Q68EM7-F1-model_v1,37.7996428079924
1332,204,A,95.03,Q68EM7,11.58,/AF-Q68EM7-F1-model_v1,41.28471625837467
1333,210,A,96.56,Q68EM7,10.52,/AF-Q68EM7-F1-model_v1,69.56742772109239
1334,225,A,98.33,Q68EM7,11.65,/AF-Q68EM7-F1-model_v1,52.81226690194683
1335,232,A,96.01,Q68EM7,10.63,/AF-Q68EM7-F1-model_v1,114.33721742984935
1336,243,A,72.15,Q68EM7,10.38,/AF-Q68EM7-F1-model_v1,98.92246947623542
1337,259,A,87.34,Q68EM7,10.45,/AF-Q68EM7-F1-model_v1,98.11822175691643
1338,282,A,94.69,Q68EM7,10.44,/AF-Q68EM7-F1-model_v1,84.9821756747063
1339,295,A,90.69,Q68EM7,11.37,/AF-Q68EM7-F1-model_v1,51.20377146330885
1340,297,A,92.37,Q68EM7,10.42,/AF-Q68EM7-F1-model_v1,84.84813438815314
1341,298,A,92.19,Q68EM7,11.34,/AF-Q68EM7-F1-model_v1,60.05049637581771
1342,300,A,93.16,Q68EM7,10.84,/AF-Q68EM7-F1-model_v1,27.2103811702924
1343,325,A,95.22,Q68EM7,8.73,/AF-Q68EM7-F1-model_v1,28.952917895483534
1344,355,A,94.55,Q68EM7,10.63,/AF-Q68EM7-F1-model_v1,60.050496375817715
1345,356,A,94.66,Q68EM7,9.57,/AF-Q68EM7-F1-model_v1,13.94029380152911
1346,366,A,96.36,Q68EM7,11.27,/AF-Q68EM7-F1-model_v1,49.193152165011384
1347,380,A,96.8,Q68EM7,10.71,/AF-Q68EM7-F1-model_v1,13.94029380152911
1348,384,A,95.65,Q68EM7,9.96,/AF-Q68EM7-F1-model_v1,50.39952374398986
1349,393,A,96.92,Q68EM7,10.63,/AF-Q68EM7-F1-model_v1,46.91445029360759
1350,17,A,91.93,P37802,10.39,/AF-P37802-F1-model_v1,97.58205661070377
1351,20,A,92.89,P37802,10.39,/AF-P37802-F1-model_v1,102.4075429266177
1352,40,A,87.2,P37802,11.48,/AF-P37802-F1-model_v1,75.86736818909112
1353,57,A,95.15,P37802,10.01,/AF-P37802-F1-model_v1,57.10158807164809
1354,78,A,90.37,P37802,10.42,/AF-P37802-F1-model_v1,107.23302924253161
1355,79,A,90.17,P37802,10.45,/AF-P37802-F1-model_v1,109.2436485408291
1356,88,A,94.53,P37802,10.33,/AF-P37802-F1-model_v1,71.98017087904935
1357,120,A,91.37,P37802,11.2,/AF-P37802-F1-model_v1,46.91445029360758
1358,153,A,74.17,P37802,10.47,/AF-P37802-F1-model_v1,109.37768982738226
1359,154,A,72.45,P37802,9.85,/AF-P37802-F1-model_v1,49.46123473811771
1360,171,A,83.58,P37802,10.3,/AF-P37802-F1-model_v1,70.90784058662403
1361,154,A,72.2,P35527,10.43,/AF-P35527-F1-model_v1,94.499107019981
1362,170,A,91.99,P35527,10.4,/AF-P35527-F1-model_v1,80.15668935879239
1363,184,A,89.66,P35527,11.45,/AF-P35527-F1-model_v1,68.49509742866707
1364,191,A,72.49,P35527,11.13,/AF-P35527-F1-model_v1,62.731322106880995
1365,212,A,96.04,P35527,11.05,/AF-P35527-F1-model_v1,68.7631800017734
1366,224,A,96.13,P35527,10.8,/AF-P35527-F1-model_v1,88.06512526542909
1367,242,A,95.86,P35527,10.51,/AF-P35527-F1-model_v1,122.7818184826987
1368,271,A,95.71,P35527,10.52,/AF-P35527-F1-model_v1,73.85674889079365
1369,289,A,94.63,P35527,10.3,/AF-P35527-F1-model_v1,70.6397580135177
1370,290,A,94.41,P35527,10.41,/AF-P35527-F1-model_v1,76.13545076219745
1371,293,A,89.42,P35527,10.44,/AF-P35527-F1-model_v1,83.90984538228099
1372,321,A,81.62,P35527,10.42,/AF-P35527-F1-model_v1,72.9184598849215
1373,336,A,92.98,P35527,10.41,/AF-P35527-F1-model_v1,69.29934514798606
1374,339,A,93.23,P35527,10.49,/AF-P35527-F1-model_v1,73.85674889079365
1375,368,A,93.44,P35527,10.33,/AF-P35527-F1-model_v1,72.78441859836835
1376,390,A,92.37,P35527,10.31,/AF-P35527-F1-model_v1,104.01603836525567
1377,391,A,92.66,P35527,10.79,/AF-P35527-F1-model_v1,96.91185017793795
1378,396,A,92.7,P35527,10.43,/AF-P35527-F1-model_v1,93.42677672755568
1379,402,A,96.03,P35527,10.39,/AF-P35527-F1-model_v1,94.63314830653415
1380,444,A,96.02,P35527,11.39,/AF-P35527-F1-model_v1,55.62713391956328
1381,449,A,91.31,P35527,10.4,/AF-P35527-F1-model_v1,82.16730865708985
1382,41,A,92.66,P07900,10.46,/AF-P07900-F1-model_v1,48.65698701879872
1383,58,A,92.32,P07900,8.93,/AF-P07900-F1-model_v1,17.961532398124046
1384,69,A,93.57,P07900,11.2,/AF-P07900-F1-model_v1,28.684835322377207
1385,74,A,93.79,P07900,10.56,/AF-P07900-F1-model_v1,86.85875368645061
1386,84,A,92.22,P07900,10.46,/AF-P07900-F1-model_v1,81.36306093777088
1387,100,A,96.65,P07900,10.42,/AF-P07900-F1-model_v1,63.26748725309365
1388,112,A,85.71,P07900,10.19,/AF-P07900-F1-model_v1,47.58465672637341
1389,116,A,84.24,P07900,10.63,/AF-P07900-F1-model_v1,69.70146900764556
1390,147,A,96.96,P07900,11.18,/AF-P07900-F1-model_v1,32.30395005931265
1391,153,A,97.66,P07900,9.96,/AF-P07900-F1-model_v1,27.746546316505054
1392,185,A,97.91,P07900,10.13,/AF-P07900-F1-model_v1,37.531560234886065
1393,191,A,96.54,P07900,9.34,/AF-P07900-F1-model_v1,34.98477579037594
1394,204,A,94.73,P07900,12.12,/AF-P07900-F1-model_v1,38.33580795420506
1395,208,A,90.16,P07900,9.98,/AF-P07900-F1-model_v1,75.46524432943164
1396,209,A,88.12,P07900,11.19,/AF-P07900-F1-model_v1,57.50371193130758
1397,224,A,84.86,P07900,12.91,/AF-P07900-F1-model_v1,40.61450982560885
1398,228,A,77.19,P07900,11.45,/AF-P07900-F1-model_v1,53.75055590781898
1399,281,A,77.76,P07900,11.65,/AF-P07900-F1-model_v1,69.70146900764556
1400,283,A,82.17,P07900,11.03,/AF-P07900-F1-model_v1,63.803652399306316
1401,292,A,86.83,P07900,10.57,/AF-P07900-F1-model_v1,82.16730865708986
1402,294,A,86.75,P07900,10.41,/AF-P07900-F1-model_v1,105.89261637699997
1403,314,A,93.53,P07900,11.36,/AF-P07900-F1-model_v1,44.36766584909746
1404,327,A,97.69,P07900,10.81,/AF-P07900-F1-model_v1,32.57203263241898
1405,356,A,83.33,P07900,10.72,/AF-P07900-F1-model_v1,64.20577625896581
1406,357,A,83.5,P07900,10.87,/AF-P07900-F1-model_v1,63.40152853964682
1407,358,A,84.95,P07900,11.61,/AF-P07900-F1-model_v1,46.91445029360759
1408,362,A,91.16,P07900,8.87,/AF-P07900-F1-model_v1,49.193152165011384
1409,407,A,84.84,P07900,10.45,/AF-P07900-F1-model_v1,102.13946035351137
1410,410,A,88.63,P07900,10.51,/AF-P07900-F1-model_v1,106.56282280976579
1411,414,A,94.11,P07900,10.34,/AF-P07900-F1-model_v1,97.71609789725693
1412,418,A,97.12,P07900,10.4,/AF-P07900-F1-model_v1,79.08435906636707
1413,419,A,97.75,P07900,11.32,/AF-P07900-F1-model_v1,45.30595485496961
1414,431,A,93.62,P07900,11.53,/AF-P07900-F1-model_v1,78.28011134704809
1415,435,A,96.73,P07900,10.76,/AF-P07900-F1-model_v1,82.97155637640884
1416,436,A,96.86,P07900,11.4,/AF-P07900-F1-model_v1,72.9184598849215
1417,443,A,97.71,P07900,10.42,/AF-P07900-F1-model_v1,82.03326737053669
1418,446,A,98.46,P07900,13.85,/AF-P07900-F1-model_v1,5.361651462126581
1419,457,A,95.86,P07900,10.79,/AF-P07900-F1-model_v1,91.55019871581138
1420,458,A,96.44,P07900,10.27,/AF-P07900-F1-model_v1,91.95232257547087
1421,478,A,96.04,P07900,10.65,/AF-P07900-F1-model_v1,95.5714373124063
1422,485,A,92.48,P07900,10.12,/AF-P07900-F1-model_v1,38.067725381098725
1423,489,A,91.17,P07900,10.47,/AF-P07900-F1-model_v1,100.1288410552139
1424,499,A,95.43,P07900,11.42,/AF-P07900-F1-model_v1,35.118817076929105
1425,513,A,91.35,P07900,10.07,/AF-P07900-F1-model_v1,57.50371193130758
1426,534,A,93.07,P07900,10.38,/AF-P07900-F1-model_v1,93.0246528678962
1427,539,A,95.22,P07900,10.28,/AF-P07900-F1-model_v1,48.3889044456924
1428,546,A,94.08,P07900,9.51,/AF-P07900-F1-model_v1,42.491087837353156
1429,558,A,85.18,P07900,10.63,/AF-P07900-F1-model_v1,68.49509742866707
1430,559,A,90.58,P07900,10.63,/AF-P07900-F1-model_v1,74.3929140370063
1431,560,A,89.85,P07900,11.7,/AF-P07900-F1-model_v1,64.20577625896581
1432,564,A,93.31,P07900,10.66,/AF-P07900-F1-model_v1,35.78902350969493
1433,565,A,93.73,P07900,11.3,/AF-P07900-F1-model_v1,53.080349475053154
1434,567,A,94.02,P07900,11.09,/AF-P07900-F1-model_v1,45.17191356841644
1435,573,A,94.3,P07900,11.5,/AF-P07900-F1-model_v1,69.43338643453923
1436,576,A,95.13,P07900,10.14,/AF-P07900-F1-model_v1,34.716693217269615
1437,581,A,87.54,P07900,10.55,/AF-P07900-F1-model_v1,91.4161574292582
1438,582,A,89.78,P07900,10.21,/AF-P07900-F1-model_v1,48.52294573224556
1439,585,A,94.32,P07900,10.71,/AF-P07900-F1-model_v1,65.81427169760379
1440,615,A,86.46,P07900,11.14,/AF-P07900-F1-model_v1,42.893211697012646
1441,631,A,87.36,P07900,11.51,/AF-P07900-F1-model_v1,69.16530386143289
1442,632,A,93.37,P07900,9.87,/AF-P07900-F1-model_v1,28.014628889611384
1443,649,A,90.85,P07900,10.54,/AF-P07900-F1-model_v1,55.35905134645695
1444,654,A,80.04,P07900,10.49,/AF-P07900-F1-model_v1,69.56742772109239
1445,657,A,80.7,P07900,10.66,/AF-P07900-F1-model_v1,88.33320783853543
1446,660,A,86.57,P07900,10.39,/AF-P07900-F1-model_v1,70.90784058662403
1447,693,A,85.81,P07900,10.43,/AF-P07900-F1-model_v1,71.57804701938986
1448,5,A,98.49,P61224,10.72,/AF-P61224-F1-model_v1,71.4440057328367
1449,16,A,97.55,P61224,8.36,/AF-P61224-F1-model_v1,9.650972631827846
1450,31,A,87.61,P61224,10.43,/AF-P61224-F1-model_v1,106.02665766355314
1451,42,A,98.43,P61224,9.41,/AF-P61224-F1-model_v1,32.03586748620632
1452,73,A,95.51,P61224,10.42,/AF-P61224-F1-model_v1,96.64376760483162
1453,104,A,96.0,P61224,9.02,/AF-P61224-F1-model_v1,21.982770994718983
1454,117,A,98.65,P61224,9.54,/AF-P61224-F1-model_v1,43.965541989437966
1455,128,A,98.51,P61224,10.6,/AF-P61224-F1-model_v1,79.21840035292023
1456,149,A,98.36,P61224,10.73,/AF-P61224-F1-model_v1,73.45462503113416
1457,151,A,98.12,P61224,10.23,/AF-P61224-F1-model_v1,70.37167544041137
1458,168,A,92.47,P61224,10.98,/AF-P61224-F1-model_v1,37.3975189483329
1459,46,A,0.0,P11021,10.1,/5EXW-alt1B_assembled/5EXW-alt1A_assembled/5F0X-alt1B_assembled/5F0X-alt1A_assembled,34.98477579037594
1460,81,B,0.0,P11021,8.53,/5EXW-alt1B_assembled/5EXW-alt1A_assembled/5F0X-alt1B_assembled/5F0X-alt1A_assembled,14.476458947741769
1461,96,B,0.0,P11021,9.16,/5EXW-alt1B_assembled/5EXW-alt1A_assembled/5F0X-alt1B_assembled/5F0X-alt1A_assembled,17.961532398124046
1462,113,B,0.0,P11021,10.1,/5EXW-alt1B_assembled/5EXW-alt1A_assembled/5F0X-alt1B_assembled/5F0X-alt1A_assembled,57.771794504413904
1463,118,B,0.0,P11021,10.26,/5EXW-alt1B_assembled/5EXW-alt1A_assembled/5F0X-alt1B_assembled/5F0X-alt1A_assembled,54.018638480925304
1464,122,A,0.0,P11021,9.11,/5EXW-alt1B_assembled/5EXW-alt1A_assembled/5F0X-alt1B_assembled/5F0X-alt1A_assembled,41.016633685268346
1465,123,A,0.0,P11021,10.34,/5EXW-alt1B_assembled/5EXW-alt1A_assembled/5F0X-alt1B_assembled/5F0X-alt1A_assembled,77.74394620083542
1466,125,B,0.0,P11021,10.38,/5EXW-alt1B_assembled/5EXW-alt1A_assembled/5F0X-alt1B_assembled/5F0X-alt1A_assembled,32.169908772759484
1467,138,B,0.0,P11021,9.97,/5EXW-alt1B_assembled/5EXW-alt1A_assembled/5F0X-alt1B_assembled/5F0X-alt1A_assembled,40.61450982560885
1468,152,A,0.0,P11021,10.04,/5EXW-alt1B_assembled/5EXW-alt1A_assembled/5F0X-alt1B_assembled/5F0X-alt1A_assembled,13.538169941869617
1469,154,B,0.0,P11021,9.81,/5EXW-alt1B_assembled/5EXW-alt1A_assembled/5F0X-alt1B_assembled/5F0X-alt1A_assembled,18.095573684677213
1470,163,B,0.0,P11021,8.61,/5EXW-alt1B_assembled/5EXW-alt1A_assembled/5F0X-alt1B_assembled/5F0X-alt1A_assembled,24.395514152675943
1471,164,B,0.0,P11021,9.9,/5EXW-alt1B_assembled/5EXW-alt1A_assembled/5F0X-alt1B_assembled/5F0X-alt1A_assembled,55.49309263301012
1472,185,A,0.0,P11021,9.44,/5EXW-alt1B_assembled/5EXW-alt1A_assembled/5F0X-alt1B_assembled/5F0X-alt1A_assembled,37.129436375226575
1473,213,B,0.0,P11021,3.39,/5EXW-alt1B_assembled/5EXW-alt1A_assembled/5F0X-alt1B_assembled/5F0X-alt1A_assembled,2.6808257310632904
1474,218,B,0.0,P11021,8.07,/5EXW-alt1B_assembled/5EXW-alt1A_assembled/5F0X-alt1B_assembled/5F0X-alt1A_assembled,28.014628889611384
1475,268,B,0.0,P11021,9.77,/5EXW-alt1B_assembled/5EXW-alt1A_assembled/5F0X-alt1B_assembled/5F0X-alt1A_assembled,39.40813824663037
1476,271,B,0.0,P11021,10.13,/5EXW-alt1B_assembled/5EXW-alt1A_assembled/5F0X-alt1B_assembled/5F0X-alt1A_assembled,43.69745941633163
1477,272,B,0.0,P11021,10.09,/5EXW-alt1B_assembled/5EXW-alt1A_assembled/5F0X-alt1B_assembled/5F0X-alt1A_assembled,63.267487253093655
1478,273,A,0.0,P11021,10.47,/5EXW-alt1B_assembled/5EXW-alt1A_assembled/5F0X-alt1B_assembled/5F0X-alt1A_assembled,88.19916655198227
1479,276,A,0.0,P11021,10.57,/5EXW-alt1B_assembled/5EXW-alt1A_assembled/5F0X-alt1B_assembled/5F0X-alt1A_assembled,45.17191356841644
1480,280,B,0.0,P11021,10.47,/5EXW-alt1B_assembled/5EXW-alt1A_assembled/5F0X-alt1B_assembled/5F0X-alt1A_assembled,74.7950378966658
1481,287,B,0.0,P11021,8.68,/5EXW-alt1B_assembled/5EXW-alt1A_assembled/5F0X-alt1B_assembled/5F0X-alt1A_assembled,26.272092164420247
1482,294,B,0.0,P11021,10.06,/5EXW-alt1B_assembled/5EXW-alt1A_assembled/5F0X-alt1B_assembled/5F0X-alt1A_assembled,51.47185403641518
1483,296,B,0.0,P11021,9.34,/5EXW-alt1B_assembled/5EXW-alt1A_assembled/5F0X-alt1B_assembled/5F0X-alt1A_assembled,14.074335088082274
1484,326,B,0.0,P11021,10.4,/5EXW-alt1B_assembled/5EXW-alt1A_assembled/5F0X-alt1B_assembled/5F0X-alt1A_assembled,39.006014386970875
1485,340,B,0.0,P11021,10.08,/5EXW-alt1B_assembled/5EXW-alt1A_assembled/5F0X-alt1B_assembled/5F0X-alt1A_assembled,65.54618912449746
1486,344,A,0.0,P11021,9.98,/5EXW-alt1B_assembled/5EXW-alt1A_assembled/5F0X-alt1B_assembled/5F0X-alt1A_assembled,68.22701485556074
1487,352,A,0.0,P11021,10.5,/5EXW-alt1B_assembled/5EXW-alt1A_assembled/5F0X-alt1B_assembled/5F0X-alt1A_assembled,106.9649466694253
1488,353,A,0.0,P11021,9.98,/5EXW-alt1B_assembled/5EXW-alt1A_assembled/5F0X-alt1B_assembled/5F0X-alt1A_assembled,53.21439076160631
1489,370,B,0.0,P11021,10.27,/5EXW-alt1B_assembled/5EXW-alt1A_assembled/5F0X-alt1B_assembled/5F0X-alt1A_assembled,21.04448198884683
1490,376,A,0.0,P11021,10.93,/5EXW-alt1B_assembled/5EXW-alt1A_assembled/5F0X-alt1B_assembled/5F0X-alt1A_assembled,58.039877077520245
1491,382,B,0.0,P11021,8.25,/5EXW-alt1B_assembled/5EXW-alt1A_assembled/5F0X-alt1B_assembled/5F0X-alt1A_assembled,26.540174737526577
1492,9,A,78.75,P08133,10.31,/AF-P08133-F1-model_v1,91.14807485615188
1493,34,A,92.77,P08133,10.54,/AF-P08133-F1-model_v1,98.11822175691643
1494,40,A,96.88,P08133,10.44,/AF-P08133-F1-model_v1,51.87397789607468
1495,63,A,98.27,P08133,10.38,/AF-P08133-F1-model_v1,59.380289943051885
1496,68,A,97.52,P08133,10.9,/AF-P08133-F1-model_v1,57.905835790967075
1497,75,A,97.32,P08133,9.87,/AF-P08133-F1-model_v1,51.33781274986201
1498,81,A,97.72,P08133,11.24,/AF-P08133-F1-model_v1,65.54618912449746
1499,99,A,98.33,P08133,10.56,/AF-P08133-F1-model_v1,42.759170410459475
1500,102,A,98.1,P08133,10.18,/AF-P08133-F1-model_v1,44.09958327599112
1501,113,A,96.7,P08133,9.64,/AF-P08133-F1-model_v1,73.85674889079365
1502,135,A,98.56,P08133,10.5,/AF-P08133-F1-model_v1,81.6311435108772
1503,156,A,98.34,P08133,10.35,/AF-P08133-F1-model_v1,67.15468456313542
1504,191,A,88.23,P08133,10.48,/AF-P08133-F1-model_v1,41.016633685268346
1505,208,A,97.54,P08133,8.74,/AF-P08133-F1-model_v1,70.10359286730504
1506,220,A,93.28,P08133,11.1,/AF-P08133-F1-model_v1,71.84612959249618
1507,224,A,90.82,P08133,11.43,/AF-P08133-F1-model_v1,62.731322106881
1508,240,A,96.13,P08133,11.48,/AF-P08133-F1-model_v1,79.62052421257972
1509,247,A,97.88,P08133,11.11,/AF-P08133-F1-model_v1,60.4526202354772
1510,262,A,95.93,P08133,9.44,/AF-P08133-F1-model_v1,34.44861064416328
1511,265,A,89.16,P08133,6.25,/AF-P08133-F1-model_v1,8.712683625955695
1512,296,A,91.68,P08133,13.65,/AF-P08133-F1-model_v1,35.38689965003543
1513,299,A,84.52,P08133,10.0,/AF-P08133-F1-model_v1,115.677630295381
1514,306,A,95.44,P08133,10.72,/AF-P08133-F1-model_v1,84.17792795538732
1515,314,A,97.95,P08133,10.03,/AF-P08133-F1-model_v1,38.73793181386455
1516,315,A,97.64,P08133,11.54,/AF-P08133-F1-model_v1,63.803652399306316
1517,319,A,96.37,P08133,11.15,/AF-P08133-F1-model_v1,56.431381638882264
1518,354,A,96.2,P08133,11.18,/AF-P08133-F1-model_v1,45.17191356841644
1519,370,A,98.39,P08133,10.49,/AF-P08133-F1-model_v1,63.13344596654049
1520,374,A,98.02,P08133,10.48,/AF-P08133-F1-model_v1,88.46724912508859
1521,377,A,93.93,P08133,10.24,/AF-P08133-F1-model_v1,78.81627649326074
1522,406,A,98.16,P08133,10.49,/AF-P08133-F1-model_v1,77.8779874873886
1523,418,A,96.4,P08133,10.39,/AF-P08133-F1-model_v1,85.38429953436581
1524,442,A,98.72,P08133,8.64,/AF-P08133-F1-model_v1,44.367665849097456
1525,445,A,98.58,P08133,11.13,/AF-P08133-F1-model_v1,28.818876608930374
1526,446,A,97.93,P08133,9.47,/AF-P08133-F1-model_v1,77.0737397680696
1527,456,A,97.65,P08133,10.55,/AF-P08133-F1-model_v1,122.11161204993289
1528,478,A,98.57,P08133,10.44,/AF-P08133-F1-model_v1,80.55881321845189
1529,483,A,97.69,P08133,10.22,/AF-P08133-F1-model_v1,43.965541989437966
1530,540,A,72.05,P08133,11.6,/AF-P08133-F1-model_v1,84.44601052849364
1531,568,A,92.87,P08133,11.53,/AF-P08133-F1-model_v1,48.38890444569239
1532,579,A,87.22,P08133,12.88,/AF-P08133-F1-model_v1,38.20176666765189
1533,580,A,82.1,P08133,11.61,/AF-P08133-F1-model_v1,74.52695532355948
1534,598,A,97.47,P08133,10.49,/AF-P08133-F1-model_v1,41.82088140458733
1535,600,A,98.32,P08133,9.45,/AF-P08133-F1-model_v1,27.880587603058224
1536,607,A,98.12,P08133,9.23,/AF-P08133-F1-model_v1,40.61450982560885
1537,610,A,95.67,P08133,11.65,/AF-P08133-F1-model_v1,87.52896011921644
1538,613,A,92.36,P08133,9.21,/AF-P08133-F1-model_v1,86.85875368645063
1539,620,A,97.55,P08133,10.47,/AF-P08133-F1-model_v1,99.45863462244807
1540,644,A,94.97,P08133,10.48,/AF-P08133-F1-model_v1,19.301945263655693
1541,647,A,91.67,P08133,9.9,/AF-P08133-F1-model_v1,60.98878538168986
1542,663,A,97.76,P08133,12.69,/AF-P08133-F1-model_v1,55.493092633010114
1543,5,A,94.72,P39023,10.42,/AF-P39023-F1-model_v1,82.56943251674934
1544,20,A,97.81,P39023,10.38,/AF-P39023-F1-model_v1,97.71609789725694
1545,28,A,97.55,P39023,9.86,/AF-P39023-F1-model_v1,80.02264807223924
1546,30,A,97.25,P39023,10.24,/AF-P39023-F1-model_v1,99.99479976866073
1547,34,A,96.09,P39023,10.44,/AF-P39023-F1-model_v1,116.07975415504049
1548,39,A,96.43,P39023,11.45,/AF-P39023-F1-model_v1,72.38229473870885
1549,50,A,98.55,P39023,8.91,/AF-P39023-F1-model_v1,16.084954386379742
1550,66,A,97.33,P39023,10.48,/AF-P39023-F1-model_v1,96.10760245861897
1551,69,A,95.02,P39023,11.64,/AF-P39023-F1-model_v1,62.731322106880995
1552,70,A,96.58,P39023,10.35,/AF-P39023-F1-model_v1,68.62913871522024
1553,103,A,97.02,P39023,11.32,/AF-P39023-F1-model_v1,37.26347766177974
1554,115,A,96.93,P39023,10.38,/AF-P39023-F1-model_v1,33.6443629248443
1555,120,A,95.16,P39023,10.46,/AF-P39023-F1-model_v1,116.21379544159365
1556,124,A,96.2,P39023,10.45,/AF-P39023-F1-model_v1,87.79704269232276
1557,126,A,96.48,P39023,10.46,/AF-P39023-F1-model_v1,104.01603836525567
1558,127,A,95.79,P39023,10.32,/AF-P39023-F1-model_v1,53.482473334712644
1559,128,A,95.83,P39023,10.42,/AF-P39023-F1-model_v1,75.86736818909112
1560,132,A,93.24,P39023,10.45,/AF-P39023-F1-model_v1,95.16931345274682
1561,135,A,92.94,P39023,10.36,/AF-P39023-F1-model_v1,79.21840035292024
1562,136,A,93.37,P39023,10.31,/AF-P39023-F1-model_v1,77.4758636277291
1563,143,A,95.1,P39023,11.51,/AF-P39023-F1-model_v1,46.1102025742886
1564,144,A,96.23,P39023,10.43,/AF-P39023-F1-model_v1,80.55881321845189
1565,148,A,96.56,P39023,10.37,/AF-P39023-F1-model_v1,82.43539123019619
1566,154,A,96.99,P39023,11.17,/AF-P39023-F1-model_v1,47.9867805860329
1567,155,A,97.03,P39023,11.08,/AF-P39023-F1-model_v1,76.26949204875062
1568,176,A,96.58,P39023,10.19,/AF-P39023-F1-model_v1,84.44601052849364
1569,177,A,96.95,P39023,9.34,/AF-P39023-F1-model_v1,42.62512912390632
1570,193,A,98.44,P39023,10.63,/AF-P39023-F1-model_v1,16.218995672932905
1571,224,A,98.27,P39023,10.33,/AF-P39023-F1-model_v1,104.82028608457466
1572,226,A,98.36,P39023,10.14,/AF-P39023-F1-model_v1,78.81627649326074
1573,229,A,98.35,P39023,10.3,/AF-P39023-F1-model_v1,55.22501005990378
1574,238,A,96.63,P39023,10.42,/AF-P39023-F1-model_v1,86.18854725368479
1575,239,A,97.37,P39023,10.07,/AF-P39023-F1-model_v1,65.54618912449746
1576,243,A,96.86,P39023,10.46,/AF-P39023-F1-model_v1,80.02264807223922
1577,250,A,97.22,P39023,10.01,/AF-P39023-F1-model_v1,38.067725381098725
1578,272,A,98.38,P39023,9.51,/AF-P39023-F1-model_v1,26.67421602407974
1579,282,A,98.31,P39023,11.05,/AF-P39023-F1-model_v1,27.612505029951894
1580,283,A,98.29,P39023,8.7,/AF-P39023-F1-model_v1,5.361651462126581
1581,286,A,97.95,P39023,8.98,/AF-P39023-F1-model_v1,38.469849240758215
1582,294,A,84.09,P39023,10.42,/AF-P39023-F1-model_v1,71.57804701938986
1583,297,A,88.23,P39023,10.45,/AF-P39023-F1-model_v1,95.97356117206581
1584,300,A,91.74,P39023,10.68,/AF-P39023-F1-model_v1,62.329198247221505
1585,312,A,94.37,P39023,9.94,/AF-P39023-F1-model_v1,3.216990877275949
1586,334,A,98.39,P39023,9.41,/AF-P39023-F1-model_v1,33.77840421139746
1587,341,A,96.25,P39023,9.58,/AF-P39023-F1-model_v1,43.96554198943796
1588,342,A,97.94,P39023,10.02,/AF-P39023-F1-model_v1,58.978166083392395
1589,349,A,98.29,P39023,10.3,/AF-P39023-F1-model_v1,27.746546316505054
1590,356,A,95.0,P39023,10.41,/AF-P39023-F1-model_v1,103.74795579214934
1591,362,A,96.11,P39023,10.5,/AF-P39023-F1-model_v1,97.17993275104428
1592,366,A,97.12,P39023,12.72,/AF-P39023-F1-model_v1,16.353036959486072
1593,373,A,97.09,P39023,9.85,/AF-P39023-F1-model_v1,26.138050877867087
1594,385,A,96.17,P39023,10.16,/AF-P39023-F1-model_v1,61.52495052790252
1595,386,A,95.2,P39023,10.54,/AF-P39023-F1-model_v1,89.67362070406708
1596,393,A,96.36,P39023,10.45,/AF-P39023-F1-model_v1,81.09497836466454
1597,394,A,95.22,P39023,10.61,/AF-P39023-F1-model_v1,71.8461295924962
1598,399,A,92.02,P39023,10.44,/AF-P39023-F1-model_v1,81.22901965121771
1599,31,A,89.02,O43390,10.43,/AF-O43390-F1-model_v1,88.46724912508859
1600,41,A,93.24,O43390,11.2,/AF-O43390-F1-model_v1,29.62312432824936
1601,84,A,90.36,O43390,10.13,/AF-O43390-F1-model_v1,24.395514152675943
1602,94,A,94.04,O43390,11.05,/AF-O43390-F1-model_v1,39.6762208197367
1603,103,A,92.24,O43390,9.92,/AF-O43390-F1-model_v1,117.5542083071253
1604,110,A,87.0,O43390,10.15,/AF-O43390-F1-model_v1,75.33120304287847
1605,126,A,93.89,O43390,11.85,/AF-O43390-F1-model_v1,52.544184328840494
1606,128,A,92.87,O43390,10.67,/AF-O43390-F1-model_v1,74.66099661011265
1607,146,A,96.06,O43390,9.51,/AF-O43390-F1-model_v1,50.53356503054303
1608,171,A,95.06,O43390,10.42,/AF-O43390-F1-model_v1,82.83751508985569
1609,187,A,94.75,O43390,10.6,/AF-O43390-F1-model_v1,52.27610175573416
1610,216,A,90.52,O43390,10.38,/AF-O43390-F1-model_v1,67.42276713624176
1611,224,A,93.25,O43390,10.43,/AF-O43390-F1-model_v1,93.15869415444934
1612,235,A,94.25,O43390,10.99,/AF-O43390-F1-model_v1,53.75055590781898
1613,255,A,90.86,O43390,10.17,/AF-O43390-F1-model_v1,54.956927486797454
1614,257,A,91.04,O43390,10.24,/AF-O43390-F1-model_v1,37.26347766177973
1615,259,A,91.6,O43390,11.22,/AF-O43390-F1-model_v1,53.75055590781898
1616,268,A,91.34,O43390,12.49,/AF-O43390-F1-model_v1,49.46123473811771
1617,285,A,74.26,O43390,10.7,/AF-O43390-F1-model_v1,39.6762208197367
1618,286,A,78.93,O43390,10.56,/AF-O43390-F1-model_v1,104.15007965180884
1619,287,A,85.94,O43390,11.5,/AF-O43390-F1-model_v1,59.78241380271138
1620,300,A,85.26,O43390,9.66,/AF-O43390-F1-model_v1,82.30134994364302
1621,313,A,79.63,O43390,10.41,/AF-O43390-F1-model_v1,103.47987321904301
1622,315,A,84.57,O43390,10.31,/AF-O43390-F1-model_v1,75.33120304287846
1623,339,A,84.83,O43390,10.52,/AF-O43390-F1-model_v1,73.85674889079365
1624,341,A,90.8,O43390,10.53,/AF-O43390-F1-model_v1,46.91445029360759
1625,359,A,92.03,O43390,10.43,/AF-O43390-F1-model_v1,88.73533169819493
1626,366,A,91.33,O43390,11.42,/AF-O43390-F1-model_v1,67.15468456313543
1627,371,A,92.6,O43390,10.32,/AF-O43390-F1-model_v1,77.4758636277291
1628,372,A,90.09,O43390,9.59,/AF-O43390-F1-model_v1,12.599880935997465
1629,374,A,84.17,O43390,10.54,/AF-O43390-F1-model_v1,89.40553813096074
1630,389,A,92.47,O43390,10.8,/AF-O43390-F1-model_v1,53.61651462126581
1631,397,A,88.75,O43390,10.31,/AF-O43390-F1-model_v1,55.76117520611645
1632,410,A,84.15,O43390,9.85,/AF-O43390-F1-model_v1,61.256867954796185
1633,122,A,97.68,P13861,8.16,/AF-P13861-F1-model_v1,1.3404128655316452
1634,135,A,89.94,P13861,11.54,/AF-P13861-F1-model_v1,82.16730865708985
1635,141,A,88.06,P13861,10.9,/AF-P13861-F1-model_v1,82.56943251674934
1636,161,A,98.39,P13861,10.57,/AF-P13861-F1-model_v1,95.1693134527468
1637,190,A,91.89,P13861,10.41,/AF-P13861-F1-model_v1,77.4758636277291
1638,243,A,91.13,P13861,11.23,/AF-P13861-F1-model_v1,48.12082187258606
1639,247,A,91.28,P13861,11.52,/AF-P13861-F1-model_v1,74.12483146389998
1640,248,A,91.97,P13861,12.27,/AF-P13861-F1-model_v1,41.82088140458733
1641,250,A,93.2,P13861,10.61,/AF-P13861-F1-model_v1,102.54158421317086
1642,263,A,86.86,P13861,10.45,/AF-P13861-F1-model_v1,95.70547859895947
1643,272,A,96.47,P13861,10.36,/AF-P13861-F1-model_v1,55.895216492669604
1644,280,A,96.96,P13861,10.62,/AF-P13861-F1-model_v1,77.4758636277291
1645,283,A,98.42,P13861,11.49,/AF-P13861-F1-model_v1,88.60129041164176
1646,294,A,95.35,P13861,10.53,/AF-P13861-F1-model_v1,88.60129041164177
1647,332,A,96.28,P13861,10.38,/AF-P13861-F1-model_v1,78.81627649326074
1648,345,A,91.05,P13861,10.36,/AF-P13861-F1-model_v1,69.29934514798606
1649,358,A,97.65,P13861,11.85,/AF-P13861-F1-model_v1,37.933684094545555
1650,379,A,86.15,P13861,11.62,/AF-P13861-F1-model_v1,46.51232643394809
1651,391,A,75.8,P13861,11.32,/AF-P13861-F1-model_v1,56.43138163888226
1652,36,A,70.67,P05023,10.99,/AF-P05023-F1-model_v1,35.78902350969493
1653,37,A,70.93,P05023,10.57,/AF-P05023-F1-model_v1,80.8268957915582
1654,45,A,92.05,P05023,11.7,/AF-P05023-F1-model_v1,33.644362924844295
1655,54,A,92.23,P05023,11.33,/AF-P05023-F1-model_v1,42.088963977693666
1656,91,A,84.16,P05023,11.3,/AF-P05023-F1-model_v1,46.91445029360759
1657,177,A,90.95,P05023,11.01,/AF-P05023-F1-model_v1,45.03787228186328
1658,194,A,90.49,P05023,10.45,/AF-P05023-F1-model_v1,63.13344596654049
1659,212,A,89.74,P05023,11.3,/AF-P05023-F1-model_v1,38.33580795420505
1660,349,A,88.77,P05023,10.13,/AF-P05023-F1-model_v1,100.39692362832022
1661,354,A,89.7,P05023,11.22,/AF-P05023-F1-model_v1,63.26748725309365
1662,359,A,79.75,P05023,8.19,/AF-P05023-F1-model_v1,38.201766667651896
1663,377,A,92.67,P05023,12.17,/AF-P05023-F1-model_v1,6.702064327658227
1664,413,A,86.93,P05023,10.88,/AF-P05023-F1-model_v1,37.3975189483329
1665,444,A,87.78,P05023,10.37,/AF-P05023-F1-model_v1,75.73332690253795
1666,458,A,94.58,P05023,8.06,/AF-P05023-F1-model_v1,17.15728467880506
1667,468,A,92.01,P05023,10.76,/AF-P05023-F1-model_v1,83.37368023606834
1668,476,A,94.23,P05023,10.62,/AF-P05023-F1-model_v1,30.963537193781004
1669,487,A,87.44,P05023,10.33,/AF-P05023-F1-model_v1,55.62713391956328
1670,494,A,93.57,P05023,11.26,/AF-P05023-F1-model_v1,65.41214783794429
1671,508,A,96.55,P05023,10.44,/AF-P05023-F1-model_v1,10.321179064593668
1672,526,A,92.65,P05023,10.44,/AF-P05023-F1-model_v1,84.71409310159999
1673,535,A,91.04,P05023,11.48,/AF-P05023-F1-model_v1,39.810262106289855
1674,605,A,95.12,P05023,11.47,/AF-P05023-F1-model_v1,68.09297356900757
1675,612,A,97.04,P05023,8.97,/AF-P05023-F1-model_v1,33.91244549795063
1676,625,A,93.61,P05023,10.59,/AF-P05023-F1-model_v1,25.869968304760754
1677,629,A,93.36,P05023,10.04,/AF-P05023-F1-model_v1,65.81427169760377
1678,661,A,93.2,P05023,10.45,/AF-P05023-F1-model_v1,83.64176280917466
1679,671,A,85.16,P05023,11.56,/AF-P05023-F1-model_v1,62.59728082032784
1680,683,A,93.35,P05023,10.75,/AF-P05023-F1-model_v1,57.10158807164809
1681,698,A,93.1,P05023,12.83,/AF-P05023-F1-model_v1,7.3722707604240485
1682,726,A,87.73,P05023,10.1,/AF-P05023-F1-model_v1,64.07173497241264
1683,727,A,91.78,P05023,10.16,/AF-P05023-F1-model_v1,41.552798831481
1684,743,A,82.45,P05023,9.79,/AF-P05023-F1-model_v1,25.601885731654427
1685,773,A,96.25,P05023,9.42,/AF-P05023-F1-model_v1,8.846724912508858
1686,774,A,96.68,P05023,9.84,/AF-P05023-F1-model_v1,7.774394620083543
1687,833,A,93.15,P05023,11.53,/AF-P05023-F1-model_v1,87.52896011921644
1688,840,A,91.06,P05023,10.38,/AF-P05023-F1-model_v1,111.12022655257338
1689,843,A,93.71,P05023,10.32,/AF-P05023-F1-model_v1,40.61450982560885
1690,912,A,94.14,P05023,12.7,/AF-P05023-F1-model_v1,11.393509357018985
1691,938,A,96.82,P05023,10.19,/AF-P05023-F1-model_v1,9.248848772168351
1692,950,A,93.77,P05023,10.39,/AF-P05023-F1-model_v1,96.10760245861897
1693,952,A,96.27,P05023,10.44,/AF-P05023-F1-model_v1,102.94370807283036
1694,984,A,92.15,P05023,10.37,/AF-P05023-F1-model_v1,59.78241380271138
1695,42,A,86.28,Q9Y285,10.66,/AF-Q9Y285-F1-model_v1,63.133445966540485
1696,59,A,82.79,Q9Y285,11.4,/AF-Q9Y285-F1-model_v1,53.080349475053154
1697,101,A,82.44,Q9Y285,10.42,/AF-Q9Y285-F1-model_v1,79.21840035292024
1698,106,A,85.35,Q9Y285,9.39,/AF-Q9Y285-F1-model_v1,35.65498222314176
1699,111,A,86.84,Q9Y285,10.45,/AF-Q9Y285-F1-model_v1,83.90984538228099
1700,117,A,82.79,Q9Y285,10.42,/AF-Q9Y285-F1-model_v1,83.77580409572784
1701,150,A,81.96,Q9Y285,10.24,/AF-Q9Y285-F1-model_v1,68.09297356900757
1702,154,A,85.7,Q9Y285,10.46,/AF-Q9Y285-F1-model_v1,100.1288410552139
1703,161,A,86.05,Q9Y285,10.42,/AF-Q9Y285-F1-model_v1,77.4758636277291
1704,163,A,86.0,Q9Y285,10.51,/AF-Q9Y285-F1-model_v1,89.67362070406706
1705,171,A,87.46,Q9Y285,10.42,/AF-Q9Y285-F1-model_v1,76.2694920487506
1706,177,A,89.19,Q9Y285,10.33,/AF-Q9Y285-F1-model_v1,36.72731251556708
1707,208,A,80.66,Q9Y285,10.38,/AF-Q9Y285-F1-model_v1,67.42276713624176
1708,229,A,88.7,Q9Y285,9.26,/AF-Q9Y285-F1-model_v1,10.589261637699998
1709,297,A,97.69,Q9Y285,10.27,/AF-Q9Y285-F1-model_v1,52.544184328840494
1710,311,A,94.83,Q9Y285,10.32,/AF-Q9Y285-F1-model_v1,57.63775321786074
1711,315,A,96.89,Q9Y285,10.52,/AF-Q9Y285-F1-model_v1,77.74394620083544
1712,321,A,96.94,Q9Y285,11.05,/AF-Q9Y285-F1-model_v1,49.595276024670866
1713,342,A,93.25,Q9Y285,10.31,/AF-Q9Y285-F1-model_v1,81.6311435108772
1714,343,A,90.13,Q9Y285,10.4,/AF-Q9Y285-F1-model_v1,93.02465286789618
1715,349,A,98.21,Q9Y285,10.11,/AF-Q9Y285-F1-model_v1,59.38028994305188
1716,397,A,88.27,Q9Y285,11.17,/AF-Q9Y285-F1-model_v1,26.27209216442025
1717,406,A,96.06,Q9Y285,11.51,/AF-Q9Y285-F1-model_v1,62.59728082032783
1718,427,A,84.71,Q9Y285,10.45,/AF-Q9Y285-F1-model_v1,97.31397403759743
1719,428,A,89.0,Q9Y285,10.18,/AF-Q9Y285-F1-model_v1,79.08435906636707
1720,468,A,77.72,Q9Y285,9.16,/AF-Q9Y285-F1-model_v1,51.33781274986201
1721,481,A,80.67,Q9Y285,10.12,/AF-Q9Y285-F1-model_v1,83.10559766296201
1722,20,A,0.0,Q9UIJ7,9.22,/6ZJE-alt1A_assembled/6ZJE-alt1C_assembled/6ZJE-alt1B_assembled,22.921060000591133
1723,34,A,0.0,Q9UIJ7,10.42,/6ZJE-alt1A_assembled/6ZJE-alt1C_assembled/6ZJE-alt1B_assembled,58.03987707752024
1724,57,A,0.0,Q9UIJ7,10.66,/6ZJE-alt1A_assembled/6ZJE-alt1C_assembled/6ZJE-alt1B_assembled,69.96955158075188
1725,64,A,0.0,Q9UIJ7,10.37,/6ZJE-alt1A_assembled/6ZJE-alt1C_assembled/6ZJE-alt1B_assembled,75.46524432943163
1726,80,A,0.0,Q9UIJ7,10.36,/6ZJE-alt1A_assembled/6ZJE-alt1C_assembled/6ZJE-alt1B_assembled,75.06312046977214
1727,122,A,0.0,Q9UIJ7,10.29,/6ZJE-alt1A_assembled/6ZJE-alt1C_assembled/6ZJE-alt1B_assembled,45.43999614152277
1728,146,A,0.0,Q9UIJ7,10.62,/6ZJE-alt1A_assembled/6ZJE-alt1C_assembled/6ZJE-alt1B_assembled,81.49710222432404
1729,165,A,0.0,Q9UIJ7,10.58,/6ZJE-alt1A_assembled/6ZJE-alt1C_assembled/6ZJE-alt1B_assembled,52.27610175573417
1730,171,A,0.0,Q9UIJ7,10.24,/6ZJE-alt1A_assembled/6ZJE-alt1C_assembled/6ZJE-alt1B_assembled,65.94831298415696
1731,174,A,0.0,Q9UIJ7,11.29,/6ZJE-alt1A_assembled/6ZJE-alt1C_assembled/6ZJE-alt1B_assembled,73.18654245802783
1732,181,A,0.0,Q9UIJ7,10.53,/6ZJE-alt1A_assembled/6ZJE-alt1C_assembled/6ZJE-alt1B_assembled,80.69285450500504
1733,189,A,0.0,Q9UIJ7,10.38,/6ZJE-alt1A_assembled/6ZJE-alt1C_assembled/6ZJE-alt1B_assembled,93.15869415444935
1734,190,A,0.0,Q9UIJ7,10.09,/6ZJE-alt1A_assembled/6ZJE-alt1C_assembled/6ZJE-alt1B_assembled,75.46524432943163
1735,203,A,0.0,Q9UIJ7,10.71,/6ZJE-alt1A_assembled/6ZJE-alt1C_assembled/6ZJE-alt1B_assembled,97.31397403759745
1736,215,A,0.0,Q9UIJ7,7.47,/6ZJE-alt1A_assembled/6ZJE-alt1C_assembled/6ZJE-alt1B_assembled,22.921060000591133
1737,150,A,81.5,Q9BXP5,10.38,/AF-Q9BXP5-F1-model_v1,49.193152165011384
1738,153,A,85.43,Q9BXP5,10.47,/AF-Q9BXP5-F1-model_v1,93.96294187376833
1739,170,A,89.53,Q9BXP5,10.47,/AF-Q9BXP5-F1-model_v1,86.05450596713163
1740,176,A,86.84,Q9BXP5,9.94,/AF-Q9BXP5-F1-model_v1,43.8315007028848
1741,192,A,88.67,Q9BXP5,11.45,/AF-Q9BXP5-F1-model_v1,31.231619766887334
1742,200,A,85.31,Q9BXP5,10.2,/AF-Q9BXP5-F1-model_v1,51.069730176755684
1743,208,A,88.62,Q9BXP5,10.62,/AF-Q9BXP5-F1-model_v1,92.75657029478984
1744,242,A,89.7,Q9BXP5,9.92,/AF-Q9BXP5-F1-model_v1,43.429376843225306
1745,248,A,91.43,Q9BXP5,11.0,/AF-Q9BXP5-F1-model_v1,29.221000468589864
1746,256,A,89.92,Q9BXP5,9.44,/AF-Q9BXP5-F1-model_v1,19.704069123315186
1747,413,A,81.76,Q9BXP5,10.45,/AF-Q9BXP5-F1-model_v1,107.23302924253161
1748,419,A,90.75,Q9BXP5,10.87,/AF-Q9BXP5-F1-model_v1,57.905835790967075
1749,442,A,95.01,Q9BXP5,10.39,/AF-Q9BXP5-F1-model_v1,90.07574456372657
1750,476,A,94.83,Q9BXP5,10.42,/AF-Q9BXP5-F1-model_v1,81.2290196512177
1751,514,A,92.02,Q9BXP5,11.35,/AF-Q9BXP5-F1-model_v1,26.942298597186074
1752,522,A,95.13,Q9BXP5,10.39,/AF-Q9BXP5-F1-model_v1,95.30335473929998
1753,526,A,92.97,Q9BXP5,10.94,/AF-Q9BXP5-F1-model_v1,67.82489099590126
1754,559,A,89.77,Q9BXP5,10.29,/AF-Q9BXP5-F1-model_v1,64.47385883207214
1755,604,A,91.51,Q9BXP5,10.68,/AF-Q9BXP5-F1-model_v1,93.15869415444935
1756,607,A,93.02,Q9BXP5,10.5,/AF-Q9BXP5-F1-model_v1,61.25686795479619
1757,611,A,94.05,Q9BXP5,11.07,/AF-Q9BXP5-F1-model_v1,66.48447813036961
1758,664,A,95.17,Q9BXP5,10.67,/AF-Q9BXP5-F1-model_v1,89.67362070406708
1759,669,A,93.04,Q9BXP5,9.85,/AF-Q9BXP5-F1-model_v1,45.03787228186329
1760,687,A,86.91,Q9BXP5,11.24,/AF-Q9BXP5-F1-model_v1,52.27610175573417
1761,691,A,91.62,Q9BXP5,10.75,/AF-Q9BXP5-F1-model_v1,48.38890444569239
1762,699,A,94.14,Q9BXP5,11.31,/AF-Q9BXP5-F1-model_v1,52.410143042287324
1763,710,A,90.54,Q9BXP5,10.47,/AF-Q9BXP5-F1-model_v1,90.61190970993923
1764,712,A,92.57,Q9BXP5,10.41,/AF-Q9BXP5-F1-model_v1,73.7227076042405
1765,720,A,93.71,Q9BXP5,10.27,/AF-Q9BXP5-F1-model_v1,63.40152853964682
1766,721,A,94.01,Q9BXP5,10.37,/AF-Q9BXP5-F1-model_v1,67.02064327658226
1767,723,A,93.17,Q9BXP5,10.44,/AF-Q9BXP5-F1-model_v1,90.07574456372657
1768,730,A,94.45,Q9BXP5,10.51,/AF-Q9BXP5-F1-model_v1,78.01202877394175
1769,735,A,93.89,Q9BXP5,10.36,/AF-Q9BXP5-F1-model_v1,73.05250117147466
1770,739,A,93.52,Q9BXP5,10.48,/AF-Q9BXP5-F1-model_v1,58.30795965062657
1771,744,A,93.84,Q9BXP5,10.53,/AF-Q9BXP5-F1-model_v1,72.516336025262
1772,745,A,92.71,Q9BXP5,11.56,/AF-Q9BXP5-F1-model_v1,64.74194140517847
1773,758,A,81.9,Q9BXP5,11.41,/AF-Q9BXP5-F1-model_v1,82.97155637640884
1774,31,A,91.29,Q9NW13,10.14,/AF-Q9NW13-F1-model_v1,53.482473334712644
1775,39,A,80.73,Q9NW13,12.4,/AF-Q9NW13-F1-model_v1,51.069730176755684
1776,42,A,78.53,Q9NW13,10.46,/AF-Q9NW13-F1-model_v1,92.48848772168353
1777,63,A,90.49,Q9NW13,10.44,/AF-Q9NW13-F1-model_v1,86.05450596713163
1778,72,A,88.5,Q9NW13,10.44,/AF-Q9NW13-F1-model_v1,82.70347380330251
1779,79,A,83.47,Q9NW13,10.42,/AF-Q9NW13-F1-model_v1,95.97356117206581
1780,80,A,77.95,Q9NW13,10.39,/AF-Q9NW13-F1-model_v1,101.20117134763922
1781,113,A,80.84,Q9NW13,10.42,/AF-Q9NW13-F1-model_v1,98.11822175691643
1782,124,A,89.55,Q9NW13,10.39,/AF-Q9NW13-F1-model_v1,83.10559766296201
1783,131,A,93.71,Q9NW13,10.5,/AF-Q9NW13-F1-model_v1,87.12683625955694
1784,148,A,86.13,Q9NW13,10.12,/AF-Q9NW13-F1-model_v1,55.09096877335062
1785,152,A,85.4,Q9NW13,11.04,/AF-Q9NW13-F1-model_v1,67.69084970934809
1786,162,A,90.79,Q9NW13,10.52,/AF-Q9NW13-F1-model_v1,79.88860678568606
1787,169,A,93.97,Q9NW13,10.44,/AF-Q9NW13-F1-model_v1,73.05250117147467
1788,172,A,93.38,Q9NW13,10.42,/AF-Q9NW13-F1-model_v1,87.93108397887593
1789,177,A,91.38,Q9NW13,10.21,/AF-Q9NW13-F1-model_v1,54.554803627137964
1790,180,A,87.88,Q9NW13,11.48,/AF-Q9NW13-F1-model_v1,40.61450982560885
1791,192,A,83.47,Q9NW13,10.47,/AF-Q9NW13-F1-model_v1,95.9735611720658
1792,194,A,82.18,Q9NW13,10.45,/AF-Q9NW13-F1-model_v1,88.73533169819493
1793,196,A,82.39,Q9NW13,10.24,/AF-Q9NW13-F1-model_v1,85.11621696125947
1794,335,A,90.89,Q9NW13,11.34,/AF-Q9NW13-F1-model_v1,38.067725381098725
1795,362,A,90.79,Q9NW13,11.54,/AF-Q9NW13-F1-model_v1,54.152679767478475
1796,376,A,91.39,Q9NW13,10.11,/AF-Q9NW13-F1-model_v1,38.46984924075822
1797,391,A,90.26,Q9NW13,10.91,/AF-Q9NW13-F1-model_v1,60.4526202354772
1798,406,A,85.2,Q9NW13,10.06,/AF-Q9NW13-F1-model_v1,48.92506959190506
1799,413,A,90.54,Q9NW13,10.31,/AF-Q9NW13-F1-model_v1,98.78842818968225
1800,425,A,82.05,Q9NW13,10.52,/AF-Q9NW13-F1-model_v1,92.22040514857719
1801,453,A,91.01,Q9NW13,10.46,/AF-Q9NW13-F1-model_v1,101.33521263419237
1802,465,A,92.32,Q9NW13,10.04,/AF-Q9NW13-F1-model_v1,58.71008351028607
1803,473,A,93.93,Q9NW13,10.03,/AF-Q9NW13-F1-model_v1,23.323183860250627
1804,476,A,94.35,Q9NW13,10.13,/AF-Q9NW13-F1-model_v1,90.74595099649238
1805,478,A,92.98,Q9NW13,10.36,/AF-Q9NW13-F1-model_v1,88.06512526542909
1806,496,A,90.6,Q9NW13,10.28,/AF-Q9NW13-F1-model_v1,65.94831298415696
1807,501,A,93.85,Q9NW13,10.41,/AF-Q9NW13-F1-model_v1,112.9968045643177
1808,505,A,93.35,Q9NW13,10.43,/AF-Q9NW13-F1-model_v1,94.0969831603215
1809,515,A,78.95,Q9NW13,10.48,/AF-Q9NW13-F1-model_v1,101.33521263419237
1810,520,A,93.71,Q9NW13,11.42,/AF-Q9NW13-F1-model_v1,60.18453766237087
1811,529,A,80.5,Q9NW13,10.58,/AF-Q9NW13-F1-model_v1,92.35444643513036
1812,536,A,75.55,Q9NW13,11.28,/AF-Q9NW13-F1-model_v1,62.731322106880995
1813,555,A,93.8,Q9NW13,11.07,/AF-Q9NW13-F1-model_v1,26.540174737526577
1814,571,A,84.86,Q9NW13,10.32,/AF-Q9NW13-F1-model_v1,77.34182234117594
1815,584,A,91.98,Q9NW13,10.51,/AF-Q9NW13-F1-model_v1,109.91385497359491
1816,586,A,91.83,Q9NW13,10.45,/AF-Q9NW13-F1-model_v1,102.27350164006452
1817,588,A,90.66,Q9NW13,10.46,/AF-Q9NW13-F1-model_v1,90.34382713683289
1818,598,A,89.2,Q9NW13,10.35,/AF-Q9NW13-F1-model_v1,89.00341427130124
1819,665,A,75.83,Q9NW13,10.59,/AF-Q9NW13-F1-model_v1,73.99079017734682
1820,666,A,73.6,Q9NW13,11.14,/AF-Q9NW13-F1-model_v1,49.86335859777721
1821,738,A,83.99,Q9NW13,10.45,/AF-Q9NW13-F1-model_v1,80.29073064534555
1822,740,A,79.32,Q9NW13,10.48,/AF-Q9NW13-F1-model_v1,87.93108397887593
1823,55,A,87.28,Q02539,10.45,/AF-Q02539-F1-model_v1,112.1925568449987
1824,66,A,94.1,Q02539,9.9,/AF-Q02539-F1-model_v1,46.51232643394809
1825,67,A,94.15,Q02539,10.42,/AF-Q02539-F1-model_v1,114.20317614329616
1826,78,A,93.07,Q02539,10.44,/AF-Q02539-F1-model_v1,104.41816222491516
1827,84,A,95.08,Q02539,10.32,/AF-Q02539-F1-model_v1,77.34182234117593
1828,88,A,95.3,Q02539,10.42,/AF-Q02539-F1-model_v1,112.72872199121136
1829,93,A,92.78,Q02539,10.34,/AF-Q02539-F1-model_v1,112.05851555844555
1830,100,A,93.07,Q02539,10.43,/AF-Q02539-F1-model_v1,95.83951988551263
1831,109,A,93.78,Q02539,10.23,/AF-Q02539-F1-model_v1,58.71008351028606
1832,112,A,79.5,Q02539,10.43,/AF-Q02539-F1-model_v1,105.35645123078731
1833,1965,A,0.0,P15924,10.69,/5DZZ-alt-1_assembled,62.99940467998733
1834,1973,A,0.0,P15924,10.15,/5DZZ-alt-1_assembled,51.47185403641517
1835,1974,A,0.0,P15924,11.4,/5DZZ-alt-1_assembled,67.15468456313543
1836,1988,A,0.0,P15924,11.55,/5DZZ-alt-1_assembled,61.52495052790252
1837,1993,A,0.0,P15924,9.85,/5DZZ-alt-1_assembled,35.5209409365886
1838,1996,A,0.0,P15924,10.43,/5DZZ-alt-1_assembled,78.01202877394175
1839,1998,A,0.0,P15924,10.38,/5DZZ-alt-1_assembled,77.60990491428225
1840,1999,A,0.0,P15924,10.65,/5DZZ-alt-1_assembled,56.16329906577593
1841,2026,A,0.0,P15924,10.55,/5DZZ-alt-1_assembled,93.02465286789618
1842,2028,A,0.0,P15924,10.67,/5DZZ-alt-1_assembled,18.497697544336702
1843,2035,A,0.0,P15924,11.17,/5DZZ-alt-1_assembled,28.952917895483537
1844,2037,A,0.0,P15924,10.42,/5DZZ-alt-1_assembled,57.23562935820125
1845,2038,A,0.0,P15924,10.37,/5DZZ-alt-1_assembled,88.86937298474808
1846,2066,A,0.0,P15924,8.6,/5DZZ-alt-1_assembled,42.491087837353156
1847,2091,A,0.0,P15924,10.37,/5DZZ-alt-1_assembled,60.854744095136695
1848,2103,A,0.0,P15924,10.35,/5DZZ-alt-1_assembled,76.93969848151644
1849,2112,A,0.0,P15924,11.01,/5DZZ-alt-1_assembled,56.2973403523291
1850,2113,A,0.0,P15924,10.71,/5DZZ-alt-1_assembled,68.22701485556074
1851,2145,A,0.0,P15924,10.7,/5DZZ-alt-1_assembled,70.37167544041137
1852,2170,A,0.0,P15924,10.01,/5DZZ-alt-1_assembled,36.45922994246075
1853,2178,A,0.0,P15924,10.57,/5DZZ-alt-1_assembled,102.4075429266177
1854,2179,A,0.0,P15924,10.38,/5DZZ-alt-1_assembled,105.89261637699998
1855,2180,A,0.0,P15924,10.13,/5DZZ-alt-1_assembled,89.27149684440758
1856,2187,A,0.0,P15924,9.39,/5DZZ-alt-1_assembled,27.210381170292397
1857,2205,A,0.0,P15924,10.7,/5DZZ-alt-1_assembled,72.65037731181516
1858,2251,A,0.0,P15924,10.87,/5DZZ-alt-1_assembled,56.96754678509492
1859,2269,A,0.0,P15924,10.74,/5DZZ-alt-1_assembled,66.75256070347594
1860,2271,A,0.0,P15924,10.94,/5DZZ-alt-1_assembled,38.201766667651896
1861,2279,A,0.0,P15924,11.32,/5DZZ-alt-1_assembled,46.64636772050125
1862,2317,A,0.0,P15924,11.59,/5DZZ-alt-1_assembled,52.946308188499984
1863,2326,A,0.0,P15924,11.18,/5DZZ-alt-1_assembled,32.84011520552531
1864,2328,A,0.0,P15924,10.47,/5DZZ-alt-1_assembled,70.77379930007086
1865,2356,A,0.0,P15924,10.5,/5DZZ-alt-1_assembled,52.008019182627834
1866,2361,A,0.0,P15924,10.48,/5DZZ-alt-1_assembled,70.23763415385821
1867,2381,A,0.0,P15924,10.67,/5DZZ-alt-1_assembled,63.267487253093655
1868,2393,A,0.0,P15924,10.33,/5DZZ-alt-1_assembled,87.66300140576959
1869,2413,A,0.0,P15924,10.41,/5DZZ-alt-1_assembled,43.16129427011898
1870,2430,A,0.0,P15924,10.82,/5DZZ-alt-1_assembled,22.11681228127215
1871,2435,A,0.0,P15924,10.4,/5DZZ-alt-1_assembled,70.10359286730504
1872,2447,A,0.0,P15924,10.62,/5DZZ-alt-1_assembled,77.60990491428227
1873,5,A,91.21,Q969X6,10.17,/AF-Q969X6-F1-model_v1,57.23562935820125
1874,53,A,95.07,Q969X6,9.16,/AF-Q969X6-F1-model_v1,33.242239065184805
1875,94,A,94.91,Q969X6,10.77,/AF-Q969X6-F1-model_v1,44.23362456254429
1876,126,A,98.4,Q969X6,10.1,/AF-Q969X6-F1-model_v1,14.476458947741769
1877,134,A,95.81,Q969X6,10.41,/AF-Q969X6-F1-model_v1,67.15468456313543
1878,145,A,92.54,Q969X6,10.57,/AF-Q969X6-F1-model_v1,106.29474023665946
1879,174,A,96.4,Q969X6,10.52,/AF-Q969X6-F1-model_v1,89.13745555785441
1880,181,A,95.14,Q969X6,9.99,/AF-Q969X6-F1-model_v1,49.32719345156454
1881,195,A,87.06,Q969X6,10.45,/AF-Q969X6-F1-model_v1,83.23963894951518
1882,217,A,95.03,Q969X6,11.27,/AF-Q969X6-F1-model_v1,20.508316842634173
1883,230,A,93.86,Q969X6,10.11,/AF-Q969X6-F1-model_v1,47.98678058603291
1884,275,A,88.77,Q969X6,10.37,/AF-Q969X6-F1-model_v1,71.57804701938986
1885,281,A,85.1,Q969X6,10.4,/AF-Q969X6-F1-model_v1,92.89061158134302
1886,329,A,92.83,Q969X6,9.66,/AF-Q969X6-F1-model_v1,57.63775321786075
1887,342,A,91.67,Q969X6,12.37,/AF-Q969X6-F1-model_v1,65.14406526483796
1888,343,A,92.34,Q969X6,10.65,/AF-Q969X6-F1-model_v1,63.669611112753145
1889,368,A,85.17,Q969X6,10.47,/AF-Q969X6-F1-model_v1,91.68424000236453
1890,377,A,92.7,Q969X6,11.26,/AF-Q969X6-F1-model_v1,51.73993660952151
1891,386,A,95.34,Q969X6,10.36,/AF-Q969X6-F1-model_v1,80.02264807223924
1892,388,A,87.48,Q969X6,10.32,/AF-Q969X6-F1-model_v1,114.4712587164025
1893,428,A,93.37,Q969X6,10.35,/AF-Q969X6-F1-model_v1,91.68424000236453
1894,432,A,82.98,Q969X6,10.46,/AF-Q969X6-F1-model_v1,100.39692362832022
1895,451,A,95.96,Q969X6,10.14,/AF-Q969X6-F1-model_v1,43.56341812977847
1896,472,A,91.65,Q969X6,10.4,/AF-Q969X6-F1-model_v1,82.16730865708985
1897,514,A,93.68,Q969X6,10.37,/AF-Q969X6-F1-model_v1,71.71208830594303
1898,517,A,94.2,Q969X6,10.22,/AF-Q969X6-F1-model_v1,64.74194140517847
1899,558,A,96.82,Q969X6,10.34,/AF-Q969X6-F1-model_v1,47.31657415326708
1900,569,A,93.77,Q969X6,10.44,/AF-Q969X6-F1-model_v1,93.82890058721517
1901,591,A,88.69,Q969X6,11.31,/AF-Q969X6-F1-model_v1,59.91645508926454
1902,609,A,93.52,Q969X6,10.18,/AF-Q969X6-F1-model_v1,10.32117906459367
1903,617,A,82.13,Q969X6,10.46,/AF-Q969X6-F1-model_v1,95.70547859895947
1904,642,A,91.37,Q969X6,10.66,/AF-Q969X6-F1-model_v1,58.71008351028606
1905,645,A,90.13,Q969X6,10.56,/AF-Q969X6-F1-model_v1,55.35905134645695
1906,648,A,94.5,Q969X6,10.41,/AF-Q969X6-F1-model_v1,81.2290196512177
1907,56,A,90.78,Q63ZY6,9.68,/AF-Q63ZY6-F1-model_v1,5.093568889020252
1908,65,A,91.61,Q63ZY6,10.39,/AF-Q63ZY6-F1-model_v1,92.48848772168353
1909,69,A,90.95,Q63ZY6,11.44,/AF-Q63ZY6-F1-model_v1,68.36105614211391
1910,226,A,88.49,Q63ZY6,10.45,/AF-Q63ZY6-F1-model_v1,99.59267590900124
1911,30,A,91.9,Q96PC5,10.73,/AF-Q96PC5-F1-model_v1,19.301945263655693
1912,31,A,92.2,Q96PC5,11.26,/AF-Q96PC5-F1-model_v1,51.06973017675569
1913,62,A,92.17,Q96PC5,10.36,/AF-Q96PC5-F1-model_v1,69.83551029419871
1914,71,A,93.83,Q96PC5,10.02,/AF-Q96PC5-F1-model_v1,10.455220351146833
1915,84,A,90.38,Q96PC5,11.66,/AF-Q96PC5-F1-model_v1,19.30194526365569
1916,86,A,82.13,Q96PC5,10.47,/AF-Q96PC5-F1-model_v1,89.9417032771734
1917,112,A,81.91,Q96PC5,10.43,/AF-Q96PC5-F1-model_v1,92.08636386202403
1918,684,A,74.93,Q96PC5,10.41,/AF-Q96PC5-F1-model_v1,76.80565719496327
1919,685,A,77.46,Q96PC5,10.4,/AF-Q96PC5-F1-model_v1,69.56742772109239
1920,697,A,76.09,Q96PC5,10.37,/AF-Q96PC5-F1-model_v1,80.82689579155821
1921,699,A,82.19,Q96PC5,11.07,/AF-Q96PC5-F1-model_v1,63.93769368585947
1922,703,A,81.79,Q96PC5,10.37,/AF-Q96PC5-F1-model_v1,81.09497836466454
1923,709,A,70.78,Q96PC5,10.4,/AF-Q96PC5-F1-model_v1,80.29073064534555
1924,741,A,85.77,Q96PC5,10.43,/AF-Q96PC5-F1-model_v1,81.76518479743035
1925,758,A,89.01,Q96PC5,10.43,/AF-Q96PC5-F1-model_v1,82.83751508985569
1926,761,A,86.1,Q96PC5,10.97,/AF-Q96PC5-F1-model_v1,58.978166083392395
1927,764,A,85.53,Q96PC5,10.35,/AF-Q96PC5-F1-model_v1,67.15468456313542
1928,766,A,86.94,Q96PC5,12.61,/AF-Q96PC5-F1-model_v1,49.32719345156455
1929,779,A,91.95,Q96PC5,10.52,/AF-Q96PC5-F1-model_v1,92.62252900823668
1930,789,A,90.97,Q96PC5,12.46,/AF-Q96PC5-F1-model_v1,56.43138163888226
1931,792,A,89.89,Q96PC5,10.24,/AF-Q96PC5-F1-model_v1,86.85875368645061
1932,799,A,90.9,Q96PC5,10.42,/AF-Q96PC5-F1-model_v1,111.5223504122329
1933,803,A,86.23,Q96PC5,10.39,/AF-Q96PC5-F1-model_v1,107.76919438874428
1934,813,A,90.81,Q96PC5,12.53,/AF-Q96PC5-F1-model_v1,56.6994642119886
1935,817,A,92.98,Q96PC5,10.53,/AF-Q96PC5-F1-model_v1,95.83951988551264
1936,831,A,91.97,Q96PC5,10.18,/AF-Q96PC5-F1-model_v1,55.35905134645695
1937,841,A,91.14,Q96PC5,10.41,/AF-Q96PC5-F1-model_v1,82.56943251674934
1938,849,A,91.57,Q96PC5,11.03,/AF-Q96PC5-F1-model_v1,51.47185403641518
1939,851,A,92.13,Q96PC5,10.41,/AF-Q96PC5-F1-model_v1,77.20778105462277
1940,858,A,92.87,Q96PC5,10.99,/AF-Q96PC5-F1-model_v1,48.3889044456924
1941,868,A,91.86,Q96PC5,11.04,/AF-Q96PC5-F1-model_v1,60.98878538168986
1942,873,A,88.79,Q96PC5,11.1,/AF-Q96PC5-F1-model_v1,65.94831298415694
1943,881,A,73.88,Q96PC5,10.97,/AF-Q96PC5-F1-model_v1,56.2973403523291
1944,923,A,71.93,Q96PC5,10.44,/AF-Q96PC5-F1-model_v1,83.105597662962
1945,929,A,89.52,Q96PC5,10.43,/AF-Q96PC5-F1-model_v1,89.27149684440758
1946,935,A,92.43,Q96PC5,10.41,/AF-Q96PC5-F1-model_v1,72.516336025262
1947,953,A,93.43,Q96PC5,10.39,/AF-Q96PC5-F1-model_v1,72.516336025262
1948,955,A,93.54,Q96PC5,11.6,/AF-Q96PC5-F1-model_v1,67.6908497093481
1949,963,A,95.07,Q96PC5,10.41,/AF-Q96PC5-F1-model_v1,64.33981754551897
1950,985,A,94.98,Q96PC5,10.4,/AF-Q96PC5-F1-model_v1,83.64176280917466
1951,989,A,95.5,Q96PC5,10.23,/AF-Q96PC5-F1-model_v1,82.16730865708985
1952,12,C,0.0,P22392,6.97,/3BBF-alt1B_assembled/3BBF-alt1A_assembled/3BBC-alt1B_assembled/3BBC-alt1A_assembled,12.331798362891137
1953,26,B,0.0,P22392,7.73,/3BBF-alt1B_assembled/3BBF-alt1A_assembled/3BBC-alt1B_assembled/3BBC-alt1A_assembled,72.9184598849215
1954,31,A,0.0,P22392,8.19,/3BBF-alt1B_assembled/3BBF-alt1A_assembled/3BBC-alt1B_assembled/3BBC-alt1A_assembled,3.0829495907227837
1955,39,C,0.0,P22392,9.68,/3BBF-alt1B_assembled/3BBF-alt1A_assembled/3BBC-alt1B_assembled/3BBC-alt1A_assembled,27.076339883739237
1956,49,E,0.0,P22392,10.24,/3BBF-alt1B_assembled/3BBF-alt1A_assembled/3BBC-alt1B_assembled/3BBC-alt1A_assembled,58.17391836407341
1957,56,A,0.0,P22392,10.29,/3BBF-alt1B_assembled/3BBF-alt1A_assembled/3BBC-alt1B_assembled/3BBC-alt1A_assembled,57.63775321786075
1958,66,A,0.0,P22392,10.28,/3BBF-alt1B_assembled/3BBF-alt1A_assembled/3BBC-alt1B_assembled/3BBC-alt1A_assembled,85.3842995343658
1959,85,E,0.0,P22392,9.76,/3BBF-alt1B_assembled/3BBF-alt1A_assembled/3BBC-alt1B_assembled/3BBC-alt1A_assembled,71.30996444628353
1960,100,A,0.0,P22392,10.06,/3BBF-alt1B_assembled/3BBF-alt1A_assembled/3BBC-alt1B_assembled/3BBC-alt1A_assembled,81.89922608398354
1961,124,D,0.0,P22392,10.16,/3BBF-alt1B_assembled/3BBF-alt1A_assembled/3BBC-alt1B_assembled/3BBC-alt1A_assembled,87.66300140576959
1962,128,A,0.0,P22392,9.91,/3BBF-alt1B_assembled/3BBF-alt1A_assembled/3BBC-alt1B_assembled/3BBC-alt1A_assembled,45.97616128773542
1963,135,A,0.0,P22392,10.61,/3BBF-alt1B_assembled/3BBF-alt1A_assembled/3BBC-alt1B_assembled/3BBC-alt1A_assembled,58.844124796839225
1964,143,E,0.0,P22392,10.31,/3BBF-alt1B_assembled/3BBF-alt1A_assembled/3BBC-alt1B_assembled/3BBC-alt1A_assembled,58.442000937179735
1965,12,C,0.0,P15531,7.06,/1UCN-alt-1_assembled/2HVD-alt-1_assembled,10.321179064593668
1966,26,B,0.0,P15531,10.38,/1UCN-alt-1_assembled/2HVD-alt-1_assembled,72.9184598849215
1967,31,C,0.0,P15531,8.29,/1UCN-alt-1_assembled/2HVD-alt-1_assembled,2.412743157956961
1968,39,A,0.0,P15531,10.34,/1UCN-alt-1_assembled/2HVD-alt-1_assembled,66.35043684381644
1969,49,A,0.0,P15531,10.19,/1UCN-alt-1_assembled/2HVD-alt-1_assembled,56.967546785094925
1970,56,C,0.0,P15531,9.98,/1UCN-alt-1_assembled/2HVD-alt-1_assembled,69.96955158075188
1971,66,A,0.0,P15531,10.35,/1UCN-alt-1_assembled/2HVD-alt-1_assembled,84.9821756747063
1972,85,A,0.0,P15531,9.73,/1UCN-alt-1_assembled/2HVD-alt-1_assembled,59.78241380271138
1973,100,B,0.0,P15531,9.69,/1UCN-alt-1_assembled/2HVD-alt-1_assembled,75.5992856159848
1974,128,B,0.0,P15531,10.42,/1UCN-alt-1_assembled/2HVD-alt-1_assembled,39.40813824663037
1975,17,A,73.85,P62805,10.48,/AF-P62805-F1-model_v1,109.24364854082908
1976,21,A,82.95,P62805,10.44,/AF-P62805-F1-model_v1,119.56482760542275
1977,32,A,97.84,P62805,10.41,/AF-P62805-F1-model_v1,78.5481939201544
1978,45,A,97.36,P62805,10.46,/AF-P62805-F1-model_v1,103.07774935938352
1979,60,A,96.41,P62805,10.83,/AF-P62805-F1-model_v1,93.69485930066199
1980,78,A,97.84,P62805,10.47,/AF-P62805-F1-model_v1,109.37768982738226
1981,80,A,96.9,P62805,10.46,/AF-P62805-F1-model_v1,115.00742386261516
1982,92,A,95.71,P62805,10.48,/AF-P62805-F1-model_v1,93.15869415444935
1983,29,B,0.0,P09211,10.39,/6Y1E-alt1A_assembled/6Y1E-alt1B_assembled/2A2R-alt1B_assembled/2A2R-alt1A_assembled,90.47786842338607
1984,44,B,0.0,P09211,10.02,/6Y1E-alt1A_assembled/6Y1E-alt1B_assembled/2A2R-alt1B_assembled/2A2R-alt1A_assembled,65.54618912449746
1985,54,A,0.0,P09211,10.12,/6Y1E-alt1A_assembled/6Y1E-alt1B_assembled/2A2R-alt1B_assembled/2A2R-alt1A_assembled,30.02524818790885
1986,81,C,0.0,P09211,11.01,/6Y1E-alt1A_assembled/6Y1E-alt1B_assembled/2A2R-alt1B_assembled/2A2R-alt1A_assembled,65.27810655139112
1987,102,B,0.0,P09211,9.87,/6Y1E-alt1A_assembled/6Y1E-alt1B_assembled/2A2R-alt1B_assembled/2A2R-alt1A_assembled,73.18654245802782
1988,115,C,0.0,P09211,10.22,/6Y1E-alt1A_assembled/6Y1E-alt1B_assembled/2A2R-alt1B_assembled/2A2R-alt1A_assembled,38.60389052731138
1989,120,C,0.0,P09211,10.38,/6Y1E-alt1A_assembled/6Y1E-alt1B_assembled/2A2R-alt1B_assembled/2A2R-alt1A_assembled,66.8866019900291
1990,127,A,0.0,P09211,10.15,/6Y1E-alt1A_assembled/6Y1E-alt1B_assembled/2A2R-alt1B_assembled/2A2R-alt1A_assembled,89.80766199062023
1991,140,A,0.0,P09211,8.9,/6Y1E-alt1A_assembled/6Y1E-alt1B_assembled/2A2R-alt1B_assembled/2A2R-alt1A_assembled,57.63775321786075
1992,188,D,0.0,P09211,7.86,/6Y1E-alt1A_assembled/6Y1E-alt1B_assembled/2A2R-alt1B_assembled/2A2R-alt1A_assembled,15.682830526720249
1993,190,A,0.0,P09211,10.36,/6Y1E-alt1A_assembled/6Y1E-alt1B_assembled/2A2R-alt1B_assembled/2A2R-alt1A_assembled,70.6397580135177
1994,208,C,0.0,P09211,10.93,/6Y1E-alt1A_assembled/6Y1E-alt1B_assembled/2A2R-alt1B_assembled/2A2R-alt1A_assembled,38.46984924075822
1995,28,D,0.0,P0A6B4,9.86,/4XBJ-alt1B_assembled/4XBJ-alt1A_assembled/4WR3-alt1B_assembled/4WR3-alt1A_assembled,36.593271229013915
1996,34,C,0.0,P0A6B4,6.25,/4XBJ-alt1B_assembled/4XBJ-alt1A_assembled/4WR3-alt1B_assembled/4WR3-alt1A_assembled,3.4850734503822776
1997,73,B,0.0,P0A6B4,8.22,/4XBJ-alt1B_assembled/4XBJ-alt1A_assembled/4WR3-alt1B_assembled/4WR3-alt1A_assembled,11.795633216678477
1998,122,C,0.0,P0A6B4,5.04,/4XBJ-alt1B_assembled/4XBJ-alt1A_assembled/4WR3-alt1B_assembled/4WR3-alt1A_assembled,19.301945263655693
1999,167,C,0.0,P0A6B4,10.41,/4XBJ-alt1B_assembled/4XBJ-alt1A_assembled/4WR3-alt1B_assembled/4WR3-alt1A_assembled,97.31397403759745
2000,173,D,0.0,P0A6B4,10.36,/4XBJ-alt1B_assembled/4XBJ-alt1A_assembled/4WR3-alt1B_assembled/4WR3-alt1A_assembled,82.70347380330253
2001,185,A,0.0,P0A6B4,10.31,/4XBJ-alt1B_assembled/4XBJ-alt1A_assembled/4WR3-alt1B_assembled/4WR3-alt1A_assembled,9.650972631827845
2002,248,D,0.0,P0A6B4,10.36,/4XBJ-alt1B_assembled/4XBJ-alt1A_assembled/4WR3-alt1B_assembled/4WR3-alt1A_assembled,66.8866019900291
2003,317,D,0.0,P0A6B4,10.29,/4XBJ-alt1B_assembled/4XBJ-alt1A_assembled/4WR3-alt1B_assembled/4WR3-alt1A_assembled,55.76117520611645
2004,339,A,0.0,P0A6B4,10.41,/4XBJ-alt1B_assembled/4XBJ-alt1A_assembled/4WR3-alt1B_assembled/4WR3-alt1A_assembled,96.64376760483162
2005,148,D,0.0,P0A6B4,10.3,/4XBJ-alt1B_assembled/4XBJ-alt1A_assembled/4WR3-alt1B_assembled/4WR3-alt1A_assembled,58.17391836407341
2006,356,D,0.0,P0A6B4,10.19,/4XBJ-alt1B_assembled/4XBJ-alt1A_assembled/4WR3-alt1B_assembled/4WR3-alt1A_assembled,66.48447813036961
2007,23,G,0.0,P0C2C2,10.37,/1BXN-alt-1_assembled,44.36766584909746
2008,34,C,0.0,P0C2C2,10.55,/1BXN-alt-1_assembled,53.080349475053154
2009,85,G,0.0,P0C2C2,9.94,/1BXN-alt-1_assembled,28.81887660893037
2010,130,C,0.0,P0C2C2,10.41,/1BXN-alt-1_assembled,84.71409310159999
2011,133,G,0.0,P0C2C2,10.06,/1BXN-alt-1_assembled,42.22300526424682
2012,148,E,0.0,P0C2C2,10.02,/1BXN-alt-1_assembled,53.21439076160631
2013,166,E,0.0,P0C2C2,9.25,/1BXN-alt-1_assembled,3.2169908772759483
2014,177,G,0.0,P0C2C2,9.75,/1BXN-alt-1_assembled,49.05911087845822
2015,179,C,0.0,P0C2C2,9.69,/1BXN-alt-1_assembled,16.35303695948607
2016,196,C,0.0,P0C2C2,6.67,/1BXN-alt-1_assembled,13.002004795656958
2017,203,A,0.0,P0C2C2,8.46,/1BXN-alt-1_assembled,9.650972631827846
2018,229,C,0.0,P0C2C2,2.51,/1BXN-alt-1_assembled,0.9382890058721517
2019,238,G,0.0,P0C2C2,7.01,/1BXN-alt-1_assembled,0.13404128655316452
2020,260,A,0.0,P0C2C2,6.81,/1BXN-alt-1_assembled,7.908435906636707
2021,306,A,0.0,P0C2C2,9.24,/1BXN-alt-1_assembled,45.97616128773544
2022,317,C,0.0,P0C2C2,9.58,/1BXN-alt-1_assembled,7.104188187317719
2023,335,C,0.0,P0C2C2,10.29,/1BXN-alt-1_assembled,43.429376843225306
2024,374,C,0.0,P0C2C2,7.96,/1BXN-alt-1_assembled,33.242239065184805
2025,21,F,0.0,P0C2C2,9.79,/1BXN-alt-1_assembled,37.12943637522657
2026,39,B,0.0,P10724,9.47,/1BD0-alt-1_assembled/1SFT-alt-1_assembled,17.827491111570883
2027,76,B,0.0,P10724,9.71,/1BD0-alt-1_assembled/1SFT-alt-1_assembled,34.58265193071645
2028,129,B,0.0,P10724,5.71,/1BD0-alt-1_assembled/1SFT-alt-1_assembled,10.05309649148734
2029,140,B,0.0,P10724,10.89,/1BD0-alt-1_assembled/1SFT-alt-1_assembled,24.127431579569617
2030,146,A,0.0,P10724,10.51,/1BD0-alt-1_assembled/1SFT-alt-1_assembled,62.59728082032783
2031,234,B,0.0,P10724,10.42,/1BD0-alt-1_assembled/1SFT-alt-1_assembled,45.03787228186329
2032,242,B,0.0,P10724,10.41,/1BD0-alt-1_assembled/1SFT-alt-1_assembled,41.820881404587325
2033,255,B,0.0,P10724,6.95,/1BD0-alt-1_assembled/1SFT-alt-1_assembled,13.270087368763289
2034,256,B,0.0,P10724,10.64,/1BD0-alt-1_assembled/1SFT-alt-1_assembled,36.191147369354425
2035,262,B,0.0,P10724,10.06,/1BD0-alt-1_assembled/1SFT-alt-1_assembled,30.427372047568348
2036,303,B,0.0,P10724,10.32,/1BD0-alt-1_assembled/1SFT-alt-1_assembled,62.46323953377467
2037,328,A,0.0,P10724,9.81,/1BD0-alt-1_assembled/1SFT-alt-1_assembled,46.24424386084176
2038,372,B,0.0,P10724,10.61,/1BD0-alt-1_assembled/1SFT-alt-1_assembled,78.9503177798139
2039,30,B,0.0,P14489,10.19,/1E3U-alt1B_assembled/1E3U-alt1A_assembled/1EWZ-alt-1_assembled,64.07173497241264
2040,45,C,0.0,P14489,9.71,/1E3U-alt1B_assembled/1E3U-alt1A_assembled/1EWZ-alt-1_assembled,39.81026210628987
2041,49,C,0.0,P14489,10.22,/1E3U-alt1B_assembled/1E3U-alt1A_assembled/1EWZ-alt-1_assembled,64.60790011862531
2042,61,D,0.0,P14489,10.14,/1E3U-alt1B_assembled/1E3U-alt1A_assembled/1EWZ-alt-1_assembled,60.72070280858354
2043,70,A,0.0,P14489,5.7,/1E3U-alt1B_assembled/1E3U-alt1A_assembled/1EWZ-alt-1_assembled,5.62973403523291
2044,84,D,0.0,P14489,10.11,/1E3U-alt1B_assembled/1E3U-alt1A_assembled/1EWZ-alt-1_assembled,93.02465286789618
2045,91,D,0.0,P14489,10.45,/1E3U-alt1B_assembled/1E3U-alt1A_assembled/1EWZ-alt-1_assembled,80.02264807223922
2046,95,A,0.0,P14489,4.38,/1E3U-alt1B_assembled/1E3U-alt1A_assembled/1EWZ-alt-1_assembled,3.216990877275949
2047,100,B,0.0,P14489,10.28,/1E3U-alt1B_assembled/1E3U-alt1A_assembled/1EWZ-alt-1_assembled,74.7950378966658
2048,134,A,0.0,P14489,9.91,/1E3U-alt1B_assembled/1E3U-alt1A_assembled/1EWZ-alt-1_assembled,53.214390761606325
2049,137,C,0.0,P14489,10.03,/1E3U-alt1B_assembled/1E3U-alt1A_assembled/1EWZ-alt-1_assembled,52.41014304228733
2050,138,C,0.0,P14489,9.63,/1E3U-alt1B_assembled/1E3U-alt1A_assembled/1EWZ-alt-1_assembled,34.180528071056955
2051,152,A,0.0,P14489,10.48,/1E3U-alt1B_assembled/1E3U-alt1A_assembled/1EWZ-alt-1_assembled,67.42276713624176
2052,177,B,0.0,P14489,10.36,/1E3U-alt1B_assembled/1E3U-alt1A_assembled/1EWZ-alt-1_assembled,57.23562935820125
2053,182,A,0.0,P14489,6.03,/1E3U-alt1B_assembled/1E3U-alt1A_assembled/1EWZ-alt-1_assembled,10.991385497359492
2054,189,B,0.0,P14489,4.14,/1E3U-alt1B_assembled/1E3U-alt1A_assembled/1EWZ-alt-1_assembled,2.278701871403797
2055,205,D,0.0,P14489,4.29,/1E3U-alt1B_assembled/1E3U-alt1A_assembled/1EWZ-alt-1_assembled,10.991385497359492
2056,228,C,0.0,P14489,7.81,/1E3U-alt1B_assembled/1E3U-alt1A_assembled/1EWZ-alt-1_assembled,25.735927018207587
2057,246,D,0.0,P14489,10.13,/1E3U-alt1B_assembled/1E3U-alt1A_assembled/1EWZ-alt-1_assembled,24.663596725782273
2058,251,D,0.0,P14489,7.74,/1E3U-alt1B_assembled/1E3U-alt1A_assembled/1EWZ-alt-1_assembled,55.22501005990378
2059,256,A,0.0,P14489,10.49,/1E3U-alt1B_assembled/1E3U-alt1A_assembled/1EWZ-alt-1_assembled,64.74194140517847
2060,2,B,0.0,P69996,8.17,/1E9Y-alt-1_assembled/1E9Z-alt-1_assembled,3.0829495907227837
2061,6,A,0.0,P69996,10.38,/1E9Y-alt-1_assembled/1E9Z-alt-1_assembled,59.78241380271138
2062,10,A,0.0,P69996,9.45,/1E9Y-alt-1_assembled/1E9Z-alt-1_assembled,34.44861064416328
2063,21,A,0.0,P69996,10.86,/1E9Y-alt-1_assembled/1E9Z-alt-1_assembled,42.62512912390632
2064,22,A,0.0,P69996,10.47,/1E9Y-alt-1_assembled/1E9Z-alt-1_assembled,58.71008351028606
2065,24,A,0.0,P69996,9.86,/1E9Y-alt-1_assembled/1E9Z-alt-1_assembled,39.542179533183536
2066,26,A,0.0,P69996,10.34,/1E9Y-alt-1_assembled/1E9Z-alt-1_assembled,66.35043684381644
2067,29,A,0.0,P69996,10.18,/1E9Y-alt-1_assembled/1E9Z-alt-1_assembled,49.99739988433037
2068,51,A,0.0,P69996,10.35,/1E9Y-alt-1_assembled/1E9Z-alt-1_assembled,75.1971617563253
2069,52,A,0.0,P69996,11.78,/1E9Y-alt-1_assembled/1E9Z-alt-1_assembled,30.427372047568348
2070,66,A,0.0,P69996,10.82,/1E9Y-alt-1_assembled/1E9Z-alt-1_assembled,61.12282666824302
2071,92,B,0.0,P69996,9.79,/1E9Y-alt-1_assembled/1E9Z-alt-1_assembled,37.12943637522657
2072,105,A,0.0,P69996,10.39,/1E9Y-alt-1_assembled/1E9Z-alt-1_assembled,88.60129041164176
2073,114,A,0.0,P69996,10.6,/1E9Y-alt-1_assembled/1E9Z-alt-1_assembled,57.63775321786075
2074,124,A,0.0,P69996,8.23,/1E9Y-alt-1_assembled/1E9Z-alt-1_assembled,23.189142573697463
2075,125,A,0.0,P69996,9.65,/1E9Y-alt-1_assembled/1E9Z-alt-1_assembled,52.41014304228733
2076,130,A,0.0,P69996,11.16,/1E9Y-alt-1_assembled/1E9Z-alt-1_assembled,76.53757462185695
2077,132,A,0.0,P69996,10.51,/1E9Y-alt-1_assembled/1E9Z-alt-1_assembled,56.431381638882264
2078,160,A,0.0,P69996,10.95,/1E9Y-alt-1_assembled/1E9Z-alt-1_assembled,60.0504963758177
2079,164,A,0.0,P69996,10.18,/1E9Y-alt-1_assembled/1E9Z-alt-1_assembled,12.331798362891137
2080,182,A,0.0,P69996,10.63,/1E9Y-alt-1_assembled/1E9Z-alt-1_assembled,37.3975189483329
2081,211,A,0.0,P69996,10.69,/1E9Y-alt-1_assembled/1E9Z-alt-1_assembled,20.776399415740503
2082,212,A,0.0,P69996,11.34,/1E9Y-alt-1_assembled/1E9Z-alt-1_assembled,64.07173497241264
2083,219,B,0.0,P69996,5.47,/1E9Y-alt-1_assembled/1E9Z-alt-1_assembled,2.412743157956961
2084,227,A,0.0,P69996,10.57,/1E9Y-alt-1_assembled/1E9Z-alt-1_assembled,57.10158807164808
2085,234,A,0.0,P69996,10.73,/1E9Y-alt-1_assembled/1E9Z-alt-1_assembled,63.535569826199975
2086,237,A,0.0,P69996,10.2,/1E9Y-alt-1_assembled/1E9Z-alt-1_assembled,77.0737397680696
2087,3,B,0.0,P69996,8.76,/1E9Y-alt-1_assembled/1E9Z-alt-1_assembled,30.963537193781008
2088,7,B,0.0,P69996,10.44,/1E9Y-alt-1_assembled/1E9Z-alt-1_assembled,84.31196924194049
2089,20,B,0.0,P69996,9.41,/1E9Y-alt-1_assembled/1E9Z-alt-1_assembled,7.506312046977213
2090,44,B,0.0,P69996,10.57,/1E9Y-alt-1_assembled/1E9Z-alt-1_assembled,8.176518479743036
2091,49,B,0.0,P69996,9.27,/1E9Y-alt-1_assembled/1E9Z-alt-1_assembled,37.26347766177974
2092,63,B,0.0,P69996,10.48,/1E9Y-alt-1_assembled/1E9Z-alt-1_assembled,92.75657029478985
2093,83,B,0.0,P69996,8.35,/1E9Y-alt-1_assembled/1E9Z-alt-1_assembled,8.042477193189871
2094,89,B,0.0,P69996,10.62,/1E9Y-alt-1_assembled/1E9Z-alt-1_assembled,26.004009591313917
2095,98,B,0.0,P69996,8.73,/1E9Y-alt-1_assembled/1E9Z-alt-1_assembled,6.1658991814455675
2096,102,B,0.0,P69996,10.03,/1E9Y-alt-1_assembled/1E9Z-alt-1_assembled,34.85073450382278
2097,109,B,0.0,P69996,9.09,/1E9Y-alt-1_assembled/1E9Z-alt-1_assembled,40.614509825608856
2098,180,B,0.0,P69996,9.62,/1E9Y-alt-1_assembled/1E9Z-alt-1_assembled,28.282711462717714
2099,198,B,0.0,P69996,8.7,/1E9Y-alt-1_assembled/1E9Z-alt-1_assembled,24.529555439229107
2100,240,B,0.0,P69996,10.83,/1E9Y-alt-1_assembled/1E9Z-alt-1_assembled,60.58666152203037
2101,288,B,0.0,P69996,10.38,/1E9Y-alt-1_assembled/1E9Z-alt-1_assembled,36.72731251556708
2102,324,B,0.0,P69996,10.89,/1E9Y-alt-1_assembled,22.921060000591137
2103,326,B,0.0,P69996,10.29,/1E9Y-alt-1_assembled/1E9Z-alt-1_assembled,52.41014304228733
2104,329,B,0.0,P69996,10.44,/1E9Y-alt-1_assembled/1E9Z-alt-1_assembled,82.30134994364302
2105,382,B,0.0,P69996,8.57,/1E9Y-alt-1_assembled/1E9Z-alt-1_assembled,20.642358129187336
2106,384,B,0.0,P69996,10.11,/1E9Y-alt-1_assembled/1E9Z-alt-1_assembled,3.8871973100417714
2107,385,B,0.0,P69996,10.79,/1E9Y-alt-1_assembled/1E9Z-alt-1_assembled,44.09958327599113
2108,391,B,0.0,P69996,10.48,/1E9Y-alt-1_assembled/1E9Z-alt-1_assembled,83.77580409572782
2109,394,B,0.0,P69996,10.4,/1E9Y-alt-1_assembled/1E9Z-alt-1_assembled,76.80565719496327
2110,403,B,0.0,P69996,9.64,/1E9Y-alt-1_assembled/1E9Z-alt-1_assembled,7.104188187317719
2111,408,B,0.0,P69996,5.22,/1E9Y-alt-1_assembled/1E9Z-alt-1_assembled,0.13404128655316452
2112,430,B,0.0,P69996,8.36,/1E9Y-alt-1_assembled/1E9Z-alt-1_assembled,6.2999404679987325
2113,445,B,0.0,P69996,8.69,/1E9Y-alt-1_assembled/1E9Z-alt-1_assembled,35.78902350969493
2114,451,B,0.0,P69996,8.35,/1E9Y-alt-1_assembled/1E9Z-alt-1_assembled,1.8765780117443034
2115,484,B,0.0,P69996,10.56,/1E9Y-alt-1_assembled/1E9Z-alt-1_assembled,85.51834082091898
2116,486,B,0.0,P69996,10.0,/1E9Y-alt-1_assembled/1E9Z-alt-1_assembled,18.765780117443033
2117,501,B,0.0,P69996,10.56,/1E9Y-alt-1_assembled/1E9Z-alt-1_assembled,61.92707438756201
2118,504,B,0.0,P69996,7.09,/1E9Y-alt-1_assembled/1E9Z-alt-1_assembled,8.980766199062023
2119,517,B,0.0,P69996,10.76,/1E9Y-alt-1_assembled/1E9Z-alt-1_assembled,44.903830995310116
2120,524,B,0.0,P69996,6.77,/1E9Y-alt-1_assembled/1E9Z-alt-1_assembled,0.6702064327658226
2121,525,B,0.0,P69996,10.25,/1E9Y-alt-1_assembled/1E9Z-alt-1_assembled,56.69946421198859
2122,550,B,0.0,P69996,10.18,/1E9Y-alt-1_assembled/1E9Z-alt-1_assembled,69.03126257487973
2123,555,B,0.0,P69996,10.41,/1E9Y-alt-1_assembled/1E9Z-alt-1_assembled,71.17592315973036
2124,559,B,0.0,P69996,10.16,/1E9Y-alt-1_assembled/1E9Z-alt-1_assembled,78.54819392015442
2125,18,A,0.0,Q5L1E2,10.6,/2OEJ-alt-1_assembled,72.24825345215568
2126,19,B,0.0,Q5L1E2,10.3,/2OEJ-alt-1_assembled,26.540174737526577
2127,45,A,0.0,Q5L1E2,6.17,/2OEJ-alt-1_assembled,11.527550643572148
2128,47,A,0.0,Q5L1E2,10.26,/2OEJ-alt-1_assembled,21.044481988846833
2129,68,A,0.0,Q5L1E2,10.55,/2OEJ-alt-1_assembled,33.37628035173796
2130,71,A,0.0,Q5L1E2,10.64,/2OEJ-alt-1_assembled,50.66760631709619
2131,76,A,0.0,Q5L1E2,10.4,/2OEJ-alt-1_assembled,38.73793181386455
2132,98,B,0.0,Q5L1E2,8.41,/2OEJ-alt-1_assembled,26.54017473752657
2133,117,B,0.0,Q5L1E2,10.72,/2OEJ-alt-1_assembled,13.136046082210122
2134,147,B,0.0,Q5L1E2,11.01,/2OEJ-alt-1_assembled,36.45922994246075
2135,162,B,0.0,Q5L1E2,10.68,/2OEJ-alt-1_assembled,28.550794035824044
2136,163,A,0.0,Q5L1E2,10.34,/2OEJ-alt-1_assembled,51.87397789607467
2137,173,B,0.0,Q5L1E2,8.81,/2OEJ-alt-1_assembled,1.4744541520848098
2138,188,B,0.0,Q5L1E2,10.48,/2OEJ-alt-1_assembled,68.7631800017734
2139,194,A,0.0,Q5L1E2,9.92,/2OEJ-alt-1_assembled,41.954922691140496
2140,206,B,0.0,Q5L1E2,9.86,/2OEJ-alt-1_assembled,36.32518865590759
2141,217,B,0.0,Q5L1E2,4.34,/2OEJ-alt-1_assembled,8.578642339402528
2142,222,A,0.0,Q5L1E2,10.36,/2OEJ-alt-1_assembled,76.0014094756443
2143,224,B,0.0,Q5L1E2,9.62,/2OEJ-alt-1_assembled,17.69344982501772
2144,226,B,0.0,Q5L1E2,10.68,/2OEJ-alt-1_assembled,21.982770994718983
2145,287,B,0.0,Q5L1E2,8.86,/2OEJ-alt-1_assembled,15.280706667060757
2146,401,A,0.0,Q5L1E2,10.12,/2OEJ-alt-1_assembled,32.97415649207848
2147,81,A,0.0,Q70AC7,10.27,/1RQE-alt1B_assembled/1RQE-alt1A_assembled,60.854744095136695
2148,114,A,0.0,Q70AC7,11.85,/1RQE-alt1B_assembled/1RQE-alt1A_assembled,12.867963509103795
2149,143,A,0.0,Q70AC7,11.25,/1RQE-alt1B_assembled/1RQE-alt1A_assembled,40.21238596594936
2150,144,A,0.0,Q70AC7,10.57,/1RQE-alt1B_assembled/1RQE-alt1A_assembled,79.21840035292024
2151,147,A,0.0,Q70AC7,10.3,/1RQE-alt1B_assembled/1RQE-alt1A_assembled,31.3656610534405
2152,168,A,0.0,Q70AC7,10.36,/1RQE-alt1B_assembled/1RQE-alt1A_assembled,70.23763415385821
2153,184,A,0.0,Q70AC7,10.31,/1RQE-alt1B_assembled/1RQE-alt1A_assembled,19.83811040986835
2154,191,A,0.0,Q70AC7,10.21,/1RQE-alt1B_assembled/1RQE-alt1A_assembled,61.256867954796185
2155,200,A,0.0,Q70AC7,11.95,/1RQE-alt1B_assembled/1RQE-alt1A_assembled,27.61250502995189
2156,203,A,0.0,Q70AC7,9.8,/1RQE-alt1B_assembled/1RQE-alt1A_assembled,5.62973403523291
2157,209,A,0.0,Q70AC7,10.31,/1RQE-alt1B_assembled/1RQE-alt1A_assembled,76.26949204875062
2158,229,A,0.0,Q70AC7,11.36,/1RQE-alt1B_assembled/1RQE-alt1A_assembled,42.35704655079999
2159,277,A,0.0,Q70AC7,10.66,/1RQE-alt1B_assembled/1RQE-alt1A_assembled,45.43999614152277
2160,283,A,0.0,Q70AC7,10.21,/1RQE-alt1B_assembled/1RQE-alt1A_assembled,70.23763415385821
2161,288,A,0.0,Q70AC7,11.42,/1RQE-alt1B_assembled/1RQE-alt1A_assembled,24.26147286612278
2162,290,A,0.0,Q70AC7,10.54,/1RQE-alt1B_assembled/1RQE-alt1A_assembled,60.05049637581771
2163,291,A,0.0,Q70AC7,10.94,/1RQE-alt1B_assembled/1RQE-alt1A_assembled,57.905835790967075
2164,295,A,0.0,Q70AC7,10.37,/1RQE-alt1B_assembled/1RQE-alt1A_assembled,85.51834082091897
2165,304,A,0.0,Q70AC7,10.44,/1RQE-alt1B_assembled/1RQE-alt1A_assembled,91.55019871581138
2166,327,A,0.0,Q70AC7,10.77,/1RQE-alt1B_assembled/1RQE-alt1A_assembled,46.91445029360759
2167,340,A,0.0,Q70AC7,10.43,/1RQE-alt1B_assembled/1RQE-alt1A_assembled,74.25887275045315
2168,369,A,0.0,Q70AC7,10.4,/1RQE-alt1B_assembled/1RQE-alt1A_assembled,71.0418818731772
2169,393,A,0.0,Q70AC7,10.61,/1RQE-alt1B_assembled/1RQE-alt1A_assembled,86.05450596713163
2170,396,A,0.0,Q70AC7,10.7,/1RQE-alt1B_assembled/1RQE-alt1A_assembled,72.24825345215568
2171,404,A,0.0,Q70AC7,11.43,/1RQE-alt1B_assembled/1RQE-alt1A_assembled,49.46123473811771
2172,405,A,0.0,Q70AC7,10.52,/1RQE-alt1B_assembled/1RQE-alt1A_assembled,86.32258854023796
2173,421,A,0.0,Q70AC7,11.5,/1RQE-alt1B_assembled/1RQE-alt1A_assembled,75.1971617563253
2174,424,A,0.0,Q70AC7,10.43,/1RQE-alt1B_assembled/1RQE-alt1A_assembled,92.08636386202403
2175,430,A,0.0,Q70AC7,10.53,/1RQE-alt1B_assembled/1RQE-alt1A_assembled,66.48447813036961
2176,471,A,0.0,Q70AC7,10.53,/1RQE-alt1B_assembled/1RQE-alt1A_assembled,82.30134994364302
2177,9,A,98.49,P05020,10.48,/AF-P05020-F1-model_v1,57.905835790967075
2178,27,A,98.69,P05020,11.5,/AF-P05020-F1-model_v1,70.50571672696455
2179,103,A,98.55,P05020,7.73,/AF-P05020-F1-model_v1,2.8148670176164554
2180,132,A,98.76,P05020,10.41,/AF-P05020-F1-model_v1,89.80766199062023
2181,173,A,98.9,P05020,9.17,/AF-P05020-F1-model_v1,45.43999614152277
2182,182,A,98.94,P05020,11.53,/AF-P05020-F1-model_v1,66.35043684381644
2183,227,A,98.87,P05020,9.71,/AF-P05020-F1-model_v1,4.825486315913923
2184,260,A,98.58,P05020,8.98,/AF-P05020-F1-model_v1,2.546784444510126
2185,347,A,94.81,P05020,11.59,/AF-P05020-F1-model_v1,57.77179450441392
2186,68,B,0.0,P22188,9.96,/7B53-alt1A_assembled/7B53-alt1B_assembled/7B60-alt1A_assembled/7B60-alt1B_assembled,31.365661053440498
2187,120,B,0.0,P22188,7.93,/7B53-alt1A_assembled/7B53-alt1B_assembled/7B60-alt1A_assembled/7B60-alt1B_assembled,11.527550643572148
2188,151,B,0.0,P22188,10.12,/7B53-alt1A_assembled/7B53-alt1B_assembled/7B60-alt1A_assembled/7B60-alt1B_assembled,57.369670644754414
2189,198,A,0.0,P22188,9.53,/7B53-alt1A_assembled/7B53-alt1B_assembled/7B60-alt1A_assembled/7B60-alt1B_assembled,32.706073918972145
2190,225,B,0.0,P22188,8.65,/7B53-alt1A_assembled/7B53-alt1B_assembled/7B60-alt1A_assembled/7B60-alt1B_assembled,23.0551012871443
2191,252,B,0.0,P22188,10.2,/7B53-alt1A_assembled/7B53-alt1B_assembled/7B60-alt1A_assembled/7B60-alt1B_assembled,46.37828514739493
2192,275,A,0.0,P22188,10.16,/7B53-alt1A_assembled/7B53-alt1B_assembled/7B60-alt1A_assembled/7B60-alt1B_assembled,28.14867017616455
2193,331,A,0.0,P22188,9.03,/7B53-alt1A_assembled/7B53-alt1B_assembled/7B60-alt1A_assembled/7B60-alt1B_assembled,26.540174737526574
2194,351,B,0.0,P22188,7.55,/7B53-alt1A_assembled/7B53-alt1B_assembled/7B60-alt1A_assembled/7B60-alt1B_assembled,14.878582807401262
2195,367,A,0.0,P22188,9.5,/7B53-alt1A_assembled/7B53-alt1B_assembled/7B60-alt1A_assembled/7B60-alt1B_assembled,71.71208830594303
2196,379,A,0.0,P22188,10.51,/7B53-alt1A_assembled/7B53-alt1B_assembled/7B60-alt1A_assembled/7B60-alt1B_assembled,77.74394620083542
2197,392,A,0.0,P22188,10.67,/7B53-alt1A_assembled/7B53-alt1B_assembled/7B60-alt1A_assembled/7B60-alt1B_assembled,62.59728082032783
2198,394,A,0.0,P22188,9.93,/7B53-alt1A_assembled/7B53-alt1B_assembled/7B60-alt1A_assembled/7B60-alt1B_assembled,30.963537193781008
2199,439,A,0.0,P22188,9.65,/7B53-alt1A_assembled/7B53-alt1B_assembled/7B60-alt1A_assembled/7B60-alt1B_assembled,29.891206901355687
2200,456,B,0.0,P22188,10.28,/7B53-alt1A_assembled/7B53-alt1B_assembled/7B60-alt1A_assembled/7B60-alt1B_assembled,81.6311435108772
2201,466,B,0.0,P22188,9.0,/7B53-alt1A_assembled/7B53-alt1B_assembled/7B60-alt1A_assembled/7B60-alt1B_assembled,1.8765780117443032
2202,34,B,0.0,P39377,9.73,/1YBQ-alt1B_assembled/1YBQ-alt1A_assembled,22.384894854378473
2203,119,B,0.0,P39377,9.84,/1YBQ-alt1B_assembled/1YBQ-alt1A_assembled,20.910440702293663
2204,150,B,0.0,P39377,7.69,/1YBQ-alt1B_assembled/1YBQ-alt1A_assembled,22.921060000591133
2205,162,B,0.0,P39377,7.15,/1YBQ-alt1B_assembled/1YBQ-alt1A_assembled,3.8871973100417714
2206,194,A,0.0,P39377,7.19,/1YBQ-alt1B_assembled/1YBQ-alt1A_assembled,11.929674503231643
2207,206,B,0.0,P39377,10.36,/1YBQ-alt1B_assembled/1YBQ-alt1A_assembled,84.71409310159999
2208,207,B,0.0,P39377,10.23,/1YBQ-alt1B_assembled/1YBQ-alt1A_assembled,71.8461295924962
2209,225,A,0.0,P39377,9.27,/1YBQ-alt1B_assembled/1YBQ-alt1A_assembled,28.952917895483537
2210,247,A,0.0,P39377,10.44,/1YBQ-alt1B_assembled/1YBQ-alt1A_assembled,81.09497836466454
2211,319,B,0.0,P39377,10.55,/1YBQ-alt1B_assembled/1YBQ-alt1A_assembled,90.47786842338604
2212,345,B,0.0,P39377,10.79,/1YBQ-alt1B_assembled/1YBQ-alt1A_assembled,11.661591930125313
2213,373,B,0.0,P39377,9.64,/1YBQ-alt1B_assembled/1YBQ-alt1A_assembled,46.91445029360759
2214,377,B,0.0,P39377,10.55,/1YBQ-alt1B_assembled/1YBQ-alt1A_assembled,72.516336025262
2215,380,B,0.0,P39377,10.55,/1YBQ-alt1B_assembled/1YBQ-alt1A_assembled,77.0737397680696
2216,384,A,0.0,P39377,10.31,/1YBQ-alt1B_assembled/1YBQ-alt1A_assembled,63.803652399306316
2217,499,B,0.0,P11498,9.88,/3BG9-alt-1_assembled,27.34442245684556
2218,519,A,0.0,P11498,10.44,/3BG9-alt-1_assembled,86.85875368645061
2219,588,A,0.0,P11498,10.64,/3BG9-alt-1_assembled,37.3975189483329
2220,589,D,0.0,P11498,10.08,/3BG9-alt-1_assembled,58.442000937179735
2221,600,A,0.0,P11498,10.33,/3BG9-alt-1_assembled,58.30795965062657
2222,661,B,0.0,P11498,11.27,/3BG9-alt-1_assembled,34.44861064416328
2223,667,D,0.0,P11498,10.03,/3BG9-alt-1_assembled,32.706073918972145
2224,717,A,0.0,P11498,8.63,/3BG9-alt-1_assembled,23.72530771991012
2225,741,B,0.0,P11498,8.35,/3BG9-alt-1_assembled,20.508316842634173
2226,748,B,0.0,P11498,9.17,/3BG9-alt-1_assembled,15.012624093954425
2227,855,A,0.0,P11498,9.46,/3BG9-alt-1_assembled,37.93368409454556
2228,886,C,0.0,P11498,10.57,/3BG9-alt-1_assembled,64.47385883207214
2229,888,B,0.0,P11498,11.54,/3BG9-alt-1_assembled,41.016633685268346
2230,891,B,0.0,P11498,11.04,/3BG9-alt-1_assembled,14.208376374635439
2231,892,D,0.0,P11498,10.07,/3BG9-alt-1_assembled,62.731322106880995
2232,906,D,0.0,P11498,9.31,/3BG9-alt-1_assembled,1.2063715789784808
2233,912,A,0.0,P11498,8.79,/3BG9-alt-1_assembled,65.41214783794429
2234,966,D,0.0,P11498,10.25,/3BG9-alt-1_assembled,43.56341812977847
2235,969,A,0.0,P11498,10.59,/3BG9-alt-1_assembled,32.706073918972145
2236,992,A,0.0,P11498,10.48,/3BG9-alt-1_assembled,86.18854725368479
2237,1021,B,0.0,P11498,10.18,/3BG9-alt-1_assembled,30.695454620674678
2238,1043,B,0.0,P11498,10.42,/3BG9-alt-1_assembled,45.17191356841644
2239,1056,A,0.0,P11498,9.44,/3BG9-alt-1_assembled,29.75716561480252
2240,1061,D,0.0,P11498,10.93,/3BG9-alt-1_assembled,41.418757544927836
2241,1090,A,0.0,P11498,9.03,/3BG9-alt-1_assembled,50.533565030543016
2242,1460,A,0.0,P27708,10.42,/4C6B-alt1A_assembled/4C6B-alt1B_assembled,86.05450596713163
2243,1482,A,0.0,P27708,10.41,/4C6B-alt1A_assembled/4C6B-alt1B_assembled,82.03326737053669
2244,1521,A,0.0,P27708,11.29,/4C6B-alt1A_assembled/4C6B-alt1B_assembled,69.1653038614329
2245,1556,A,0.0,P27708,9.78,/4C6B-alt1A_assembled/4C6B-alt1B_assembled,9.114807485615188
2246,1618,A,0.0,P27708,10.51,/4C6B-alt1A_assembled/4C6B-alt1B_assembled,47.18253286671391
2247,1625,A,0.0,P27708,10.33,/4C6B-alt1A_assembled/4C6B-alt1B_assembled,83.64176280917466
2248,1628,A,0.0,P27708,10.43,/4C6B-alt1A_assembled/4C6B-alt1B_assembled,39.944303392843025
2249,1657,A,0.0,P27708,9.53,/4C6B-alt1A_assembled/4C6B-alt1B_assembled,54.15267976747847
2250,1695,A,0.0,P27708,7.64,/4C6B-alt1A_assembled/4C6B-alt1B_assembled,0.8042477193189872
2251,1768,A,0.0,P27708,10.07,/4C6B-alt1A_assembled/4C6B-alt1B_assembled,35.38689965003544
2252,1778,A,0.0,P27708,10.48,/4C6B-alt1A_assembled/4C6B-alt1B_assembled,88.19916655198227
2253,1780,A,0.0,P27708,10.38,/4C6B-alt1A_assembled/4C6B-alt1B_assembled,54.956927486797454
2254,1811,A,0.0,P27708,10.96,/4C6B-alt1A_assembled/4C6B-alt1B_assembled,45.57403742807595
