,resid,chain,plddt,Uniprot Entry,pKa,PDB Code,sasa
0,3,A,0,P04406,10.26,/6YNE-alt1A_assembled/6YNE-alt1B_assembled,38.73793181
1,5,A,0,P04406,10.63,/6YNE-alt1A_assembled/6YNE-alt1B_assembled,53.34843205
2,27,A,0,P04406,11.09,/6YNE-alt1A_assembled/6YNE-alt1B_assembled,50.39952374
3,55,A,0,P04406,10.2,/6YNE-alt1A_assembled/6YNE-alt1B_assembled,62.99940468
4,61,A,0,P04406,11.11,/6YNE-alt1A_assembled/6YNE-alt1B_assembled,40.21238597
5,66,A,0,P04406,10.27,/6YNE-alt1A_assembled/6YNE-alt1B_assembled,46.78040901
6,84,A,0,P04406,11.39,/6YNE-alt1A_assembled/6YNE-alt1B_assembled,56.69946421
7,86,A,0,P04406,10.62,/6YNE-alt1A_assembled/6YNE-alt1B_assembled,83.90984538
8,107,A,0,P04406,10.34,/6YNE-alt1A_assembled/6YNE-alt1B_assembled,54.55480363
9,117,A,0,P04406,10.41,/6YNE-alt1A_assembled/6YNE-alt1B_assembled,77.20778105
10,139,A,0,P04406,10.34,/6YNE-alt1A_assembled/6YNE-alt1B_assembled,60.31857895
11,145,A,0,P04406,10.08,/6YNE-alt1A_assembled/6YNE-alt1B_assembled,63.8036524
12,162,A,0,P04406,11.13,/6YNE-alt1A_assembled/6YNE-alt1B_assembled,37.26347766
13,186,A,0,P04406,9.85,/6YNE-alt1A_assembled/6YNE-alt1B_assembled,56.96754679
14,194,A,0,P04406,10.43,/6YNE-alt1A_assembled/6YNE-alt1B_assembled,118.358456
15,215,A,0,P04406,10.34,/6YNE-alt1A_assembled/6YNE-alt1B_assembled,82.83751509
16,219,A,0,P04406,10.19,/6YNE-alt1A_assembled/6YNE-alt1B_assembled,76.13545076
17,227,A,0,P04406,10.21,/6YNE-alt1A_assembled/6YNE-alt1B_assembled,42.8932117
18,251,A,0,P04406,10.35,/6YNE-alt1A_assembled/6YNE-alt1B_assembled,68.62913872
19,254,A,0,P04406,11.55,/6YNE-alt1A_assembled/6YNE-alt1B_assembled,57.10158807
20,259,A,0,P04406,10.79,/6YNE-alt1A_assembled/6YNE-alt1B_assembled,23.72530772
21,260,A,0,P04406,10.67,/6YNE-alt1A_assembled/6YNE-alt1B_assembled,65.01002398
22,263,A,0,P04406,10.72,/6YNE-alt1A_assembled/6YNE-alt1B_assembled,55.62713392
23,271,A,0,P04406,10.43,/6YNE-alt1A_assembled/6YNE-alt1B_assembled,69.70146901
24,309,A,0,P04406,9.5,/6YNE-alt1A_assembled/6YNE-alt1B_assembled,0
25,334,A,0,P04406,10.58,/6YNE-alt1A_assembled/6YNE-alt1B_assembled,45.97616129
26,3,B,0,P04406,10.42,/6YNE-alt1A_assembled/6YNE-alt1B_assembled,66.08235427
27,5,B,0,P04406,10.53,/6YNE-alt1A_assembled/6YNE-alt1B_assembled,54.15267977
28,27,B,0,P04406,11.07,/6YNE-alt1A_assembled/6YNE-alt1B_assembled,52.67822562
29,55,B,0,P04406,10.22,/6YNE-alt1A_assembled/6YNE-alt1B_assembled,62.99940468
30,61,B,0,P04406,11.3,/6YNE-alt1A_assembled/6YNE-alt1B_assembled,47.31657415
31,66,B,0,P04406,10.27,/6YNE-alt1A_assembled/6YNE-alt1B_assembled,39.54217953
32,84,B,0,P04406,11.38,/6YNE-alt1A_assembled/6YNE-alt1B_assembled,51.8739779
33,86,B,0,P04406,10.62,/6YNE-alt1A_assembled/6YNE-alt1B_assembled,69.56742772
34,107,B,0,P04406,10.59,/6YNE-alt1A_assembled/6YNE-alt1B_assembled,59.7824138
35,117,B,0,P04406,10.44,/6YNE-alt1A_assembled/6YNE-alt1B_assembled,60.98878538
36,139,B,0,P04406,10.22,/6YNE-alt1A_assembled/6YNE-alt1B_assembled,59.11220737
37,145,B,0,P04406,10.07,/6YNE-alt1A_assembled/6YNE-alt1B_assembled,58.8441248
38,162,B,0,P04406,11.06,/6YNE-alt1A_assembled/6YNE-alt1B_assembled,37.39751895
39,186,B,0,P04406,9.68,/6YNE-alt1A_assembled/6YNE-alt1B_assembled,45.70807871
40,194,B,0,P04406,10.43,/6YNE-alt1A_assembled/6YNE-alt1B_assembled,98.6543869
41,215,B,0,P04406,10.34,/6YNE-alt1A_assembled/6YNE-alt1B_assembled,61.25686795
42,219,B,0,P04406,10.2,/6YNE-alt1A_assembled/6YNE-alt1B_assembled,67.95893228
43,227,B,0,P04406,10.31,/6YNE-alt1A_assembled/6YNE-alt1B_assembled,34.04648678
44,251,B,0,P04406,10.49,/6YNE-alt1A_assembled/6YNE-alt1B_assembled,74.12483146
45,254,B,0,P04406,11.56,/6YNE-alt1A_assembled/6YNE-alt1B_assembled,61.12282667
46,259,B,0,P04406,10.8,/6YNE-alt1A_assembled/6YNE-alt1B_assembled,28.28271146
47,260,B,0,P04406,10.37,/6YNE-alt1A_assembled/6YNE-alt1B_assembled,65.41214784
48,263,B,0,P04406,10.72,/6YNE-alt1A_assembled/6YNE-alt1B_assembled,55.22501006
49,271,B,0,P04406,10.43,/6YNE-alt1A_assembled/6YNE-alt1B_assembled,68.36105614
50,309,B,0,P04406,9.52,/6YNE-alt1A_assembled/6YNE-alt1B_assembled,0
51,334,B,0,P04406,10.57,/6YNE-alt1A_assembled/6YNE-alt1B_assembled,43.29533556
52,3,C,0,P04406,10.22,/6YNE-alt1A_assembled/6YNE-alt1B_assembled,56.02925778
53,5,C,0,P04406,10.66,/6YNE-alt1A_assembled/6YNE-alt1B_assembled,56.16329907
54,27,C,0,P04406,11.08,/6YNE-alt1A_assembled/6YNE-alt1B_assembled,46.24424386
55,55,C,0,P04406,9.98,/6YNE-alt1A_assembled/6YNE-alt1B_assembled,56.8335055
56,61,C,0,P04406,10.43,/6YNE-alt1A_assembled/6YNE-alt1B_assembled,44.76978971
57,66,C,0,P04406,10.27,/6YNE-alt1A_assembled/6YNE-alt1B_assembled,41.01663369
58,84,C,0,P04406,11.38,/6YNE-alt1A_assembled/6YNE-alt1B_assembled,51.60589532
59,86,C,0,P04406,10.62,/6YNE-alt1A_assembled/6YNE-alt1B_assembled,82.16730866
60,107,C,0,P04406,10.6,/6YNE-alt1A_assembled/6YNE-alt1B_assembled,68.49509743
61,117,C,0,P04406,10.41,/6YNE-alt1A_assembled/6YNE-alt1B_assembled,74.39291404
62,139,C,0,P04406,10.22,/6YNE-alt1A_assembled/6YNE-alt1B_assembled,59.64837252
63,145,C,0,P04406,10.08,/6YNE-alt1A_assembled/6YNE-alt1B_assembled,64.74194141
64,162,C,0,P04406,11.05,/6YNE-alt1A_assembled/6YNE-alt1B_assembled,34.58265193
65,186,C,0,P04406,9.82,/6YNE-alt1A_assembled/6YNE-alt1B_assembled,47.31657415
66,194,C,0,P04406,10.38,/6YNE-alt1A_assembled/6YNE-alt1B_assembled,88.60129041
67,215,C,0,P04406,10.37,/6YNE-alt1A_assembled/6YNE-alt1B_assembled,78.81627649
68,219,C,0,P04406,10.07,/6YNE-alt1A_assembled/6YNE-alt1B_assembled,61.25686795
69,227,C,0,P04406,10.32,/6YNE-alt1A_assembled/6YNE-alt1B_assembled,40.07834468
70,251,C,0,P04406,10.49,/6YNE-alt1A_assembled/6YNE-alt1B_assembled,69.16530386
71,254,C,0,P04406,11.56,/6YNE-alt1A_assembled/6YNE-alt1B_assembled,67.02064328
72,259,C,0,P04406,10.8,/6YNE-alt1A_assembled/6YNE-alt1B_assembled,26.13805088
73,260,C,0,P04406,10.37,/6YNE-alt1A_assembled/6YNE-alt1B_assembled,69.16530386
74,263,C,0,P04406,10.72,/6YNE-alt1A_assembled/6YNE-alt1B_assembled,57.63775322
75,271,C,0,P04406,10.43,/6YNE-alt1A_assembled/6YNE-alt1B_assembled,76.40353334
76,309,C,0,P04406,10.52,/6YNE-alt1A_assembled/6YNE-alt1B_assembled,0
77,334,C,0,P04406,10.58,/6YNE-alt1A_assembled/6YNE-alt1B_assembled,44.76978971
78,3,D,0,P04406,10.43,/6YNE-alt1A_assembled/6YNE-alt1B_assembled,96.91185018
79,5,D,0,P04406,10.53,/6YNE-alt1A_assembled/6YNE-alt1B_assembled,65.01002398
80,27,D,0,P04406,11.08,/6YNE-alt1A_assembled/6YNE-alt1B_assembled,47.58465673
81,55,D,0,P04406,9.95,/6YNE-alt1A_assembled/6YNE-alt1B_assembled,59.38028994
82,61,D,0,P04406,11.27,/6YNE-alt1A_assembled/6YNE-alt1B_assembled,61.25686795
83,66,D,0,P04406,10.27,/6YNE-alt1A_assembled/6YNE-alt1B_assembled,48.25486316
84,84,D,0,P04406,11.38,/6YNE-alt1A_assembled/6YNE-alt1B_assembled,52.8122669
85,86,D,0,P04406,10.63,/6YNE-alt1A_assembled/6YNE-alt1B_assembled,77.07373977
86,107,D,0,P04406,10.59,/6YNE-alt1A_assembled/6YNE-alt1B_assembled,73.18654246
87,117,D,0,P04406,10.46,/6YNE-alt1A_assembled/6YNE-alt1B_assembled,63.53556983
88,139,D,0,P04406,10.22,/6YNE-alt1A_assembled/6YNE-alt1B_assembled,63.26748725
89,145,D,0,P04406,9.91,/6YNE-alt1A_assembled/6YNE-alt1B_assembled,50.8016476
90,162,D,0,P04406,11.06,/6YNE-alt1A_assembled/6YNE-alt1B_assembled,36.59327123
91,186,D,0,P04406,9.73,/6YNE-alt1A_assembled/6YNE-alt1B_assembled,58.44200094
92,194,D,0,P04406,10.43,/6YNE-alt1A_assembled/6YNE-alt1B_assembled,118.7605799
93,215,D,0,P04406,10.37,/6YNE-alt1A_assembled/6YNE-alt1B_assembled,80.82689579
94,219,D,0,P04406,10.07,/6YNE-alt1A_assembled/6YNE-alt1B_assembled,70.90784059
95,227,D,0,P04406,10.31,/6YNE-alt1A_assembled/6YNE-alt1B_assembled,40.8825924
96,251,D,0,P04406,10.48,/6YNE-alt1A_assembled/6YNE-alt1B_assembled,78.28011135
97,254,D,0,P04406,11.56,/6YNE-alt1A_assembled/6YNE-alt1B_assembled,53.88459719
98,259,D,0,P04406,10.79,/6YNE-alt1A_assembled/6YNE-alt1B_assembled,27.34442246
99,260,D,0,P04406,10.67,/6YNE-alt1A_assembled/6YNE-alt1B_assembled,74.66099661
100,263,D,0,P04406,10.72,/6YNE-alt1A_assembled/6YNE-alt1B_assembled,56.16329907
101,271,D,0,P04406,10.43,/6YNE-alt1A_assembled/6YNE-alt1B_assembled,67.55680842
102,309,D,0,P04406,10.56,/6YNE-alt1A_assembled/6YNE-alt1B_assembled,0
103,334,D,0,P04406,10.59,/6YNE-alt1A_assembled/6YNE-alt1B_assembled,43.69745942
104,6,A,0,P62987,9.94,/2LJ5-alt-78_assembled/2LJ5-alt-100_assembled/2LJ5-alt-114_assembled/2LJ5-alt-44_assembled/2LJ5-alt-50_assembled/2LJ5-alt-128_assembled/2LJ5-alt-87_assembled/2LJ5-alt-93_assembled/2LJ5-alt-276_assembled/2LJ5-alt-262_assembled/2LJ5-alt-289_assembled/2LJ5-alt-288_assembled/2LJ5-alt-263_assembled/2LJ5-alt-277_assembled/2LJ5-alt-92_assembled/2LJ5-alt-86_assembled/2LJ5-alt-129_assembled/2LJ5-alt-51_assembled/2LJ5-alt-45_assembled/2LJ5-alt-115_assembled/2LJ5-alt-101_assembled/2LJ5-alt-79_assembled/2LJ5-alt-117_assembled/2LJ5-alt-103_assembled/2LJ5-alt-53_assembled/2LJ5-alt-47_assembled/2LJ5-alt-90_assembled/2LJ5-alt-84_assembled/2LJ5-alt-301_assembled/2LJ5-alt-261_assembled/2LJ5-alt-275_assembled/2LJ5-alt-249_assembled/2LJ5-alt-248_assembled/2LJ5-alt-274_assembled/2LJ5-alt-260_assembled/2LJ5-alt-300_assembled/2LJ5-alt-85_assembled/2LJ5-alt-91_assembled/2LJ5-alt-46_assembled/2LJ5-alt-52_assembled/2LJ5-alt-102_assembled/2LJ5-alt-116_assembled/2LJ5-alt-56_assembled/2LJ5-alt-42_assembled/2LJ5-alt-112_assembled/2LJ5-alt-106_assembled/2LJ5-alt-95_assembled/2LJ5-alt-81_assembled/2LJ5-alt-258_assembled/2LJ5-alt-264_assembled/2LJ5-alt-270_assembled/2LJ5-alt-271_assembled/2LJ5-alt-265_assembled/2LJ5-alt-259_assembled/2LJ5-alt-80_assembled/2LJ5-alt-94_assembled/2LJ5-alt-107_assembled/2LJ5-alt-113_assembled/2LJ5-alt-43_assembled/2LJ5-alt-57_assembled/2LJ5-alt-139_assembled/2LJ5-alt-41_assembled/2LJ5-alt-55_assembled/2LJ5-alt-105_assembled/2LJ5-alt-111_assembled/2LJ5-alt-69_assembled/2LJ5-alt-82_assembled/2LJ5-alt-96_assembled/2LJ5-alt-273_assembled/2LJ5-alt-267_assembled/2LJ5-alt-298_assembled/2LJ5-alt-299_assembled/2LJ5-alt-266_assembled/2LJ5-alt-272_assembled/2LJ5-alt-97_assembled/2LJ5-alt-83_assembled/2LJ5-alt-68_assembled/2LJ5-alt-110_assembled/2LJ5-alt-104_assembled/2LJ5-alt-54_assembled/2LJ5-alt-40_assembled/2LJ5-alt-138_assembled/2LJ5-alt-163_assembled/2LJ5-alt-177_assembled/2LJ5-alt-27_assembled/2LJ5-alt-33_assembled/2LJ5-alt-188_assembled/2LJ5-alt-215_assembled/2LJ5-alt-201_assembled/2LJ5-alt-229_assembled/2LJ5-alt-3_assembled/2LJ5-alt-2_assembled/2LJ5-alt-228_assembled/2LJ5-alt-200_assembled/2LJ5-alt-214_assembled/2LJ5-alt-189_assembled/2LJ5-alt-32_assembled/2LJ5-alt-26_assembled/2LJ5-alt-176_assembled/2LJ5-alt-162_assembled/2LJ5-alt-174_assembled/2LJ5-alt-160_assembled/2LJ5-alt-18_assembled/2LJ5-alt-148_assembled/2LJ5-alt-30_assembled/2LJ5-alt-24_assembled/2LJ5-alt-202_assembled/2LJ5-alt-216_assembled/2LJ5-alt-1_assembled/2LJ5-alt-217_assembled/2LJ5-alt-203_assembled/2LJ5-alt-25_assembled/2LJ5-alt-31_assembled/2LJ5-alt-149_assembled/2LJ5-alt-19_assembled/2LJ5-alt-161_assembled/2LJ5-alt-175_assembled/2LJ5-alt-35_assembled/2LJ5-alt-21_assembled/2LJ5-alt-159_assembled/2LJ5-alt-171_assembled/2LJ5-alt-165_assembled/2LJ5-alt-207_assembled/2LJ5-alt-213_assembled/2LJ5-alt-5_assembled/2LJ5-alt-4_assembled/2LJ5-alt-212_assembled/2LJ5-alt-206_assembled/2LJ5-alt-164_assembled/2LJ5-alt-170_assembled/2LJ5-alt-158_assembled/2LJ5-alt-20_assembled/2LJ5-alt-34_assembled/2LJ5-alt-22_assembled/2LJ5-alt-36_assembled/2LJ5-alt-166_assembled/2LJ5-alt-172_assembled/2LJ5-alt-199_assembled/2LJ5-alt-238_assembled/2LJ5-alt-210_assembled/2LJ5-alt-204_assembled/2LJ5-alt-6_assembled/2LJ5-alt-7_assembled/2LJ5-alt-205_assembled/2LJ5-alt-211_assembled/2LJ5-alt-239_assembled/2LJ5-alt-198_assembled/2LJ5-alt-173_assembled/2LJ5-alt-167_assembled/2LJ5-alt-37_assembled/2LJ5-alt-23_assembled/2LJ5-alt-142_assembled/2LJ5-alt-156_assembled/2LJ5-alt-12_assembled/2LJ5-alt-181_assembled/2LJ5-alt-195_assembled/2LJ5-alt-234_assembled/2LJ5-alt-220_assembled/2LJ5-alt-208_assembled/2LJ5-alt-209_assembled/2LJ5-alt-221_assembled/2LJ5-alt-235_assembled/2LJ5-alt-194_assembled/2LJ5-alt-180_assembled/2LJ5-alt-13_assembled/2LJ5-alt-157_assembled/2LJ5-alt-143_assembled/2LJ5-alt-155_assembled/2LJ5-alt-39_assembled/2LJ5-alt-141_assembled/2LJ5-alt-11_assembled/2LJ5-alt-169_assembled/2LJ5-alt-196_assembled/2LJ5-alt-182_assembled/2LJ5-alt-223_assembled/2LJ5-alt-237_assembled/2LJ5-alt-9_assembled/2LJ5-alt-8_assembled/2LJ5-alt-236_assembled/2LJ5-alt-222_assembled/2LJ5-alt-183_assembled/2LJ5-alt-197_assembled/2LJ5-alt-168_assembled/2LJ5-alt-10_assembled/2LJ5-alt-140_assembled/2LJ5-alt-38_assembled/2LJ5-alt-154_assembled/2LJ5-alt-14_assembled/2LJ5-alt-178_assembled/2LJ5-alt-150_assembled/2LJ5-alt-28_assembled/2LJ5-alt-144_assembled/2LJ5-alt-193_assembled/2LJ5-alt-187_assembled/2LJ5-alt-226_assembled/2LJ5-alt-232_assembled/2LJ5-alt-233_assembled/2LJ5-alt-227_assembled/2LJ5-alt-186_assembled/2LJ5-alt-192_assembled/2LJ5-alt-145_assembled/2LJ5-alt-29_assembled/2LJ5-alt-151_assembled/2LJ5-alt-179_assembled/2LJ5-alt-15_assembled/2LJ5-alt-17_assembled/2LJ5-alt-147_assembled/2LJ5-alt-153_assembled/2LJ5-alt-184_assembled/2LJ5-alt-190_assembled/2LJ5-alt-219_assembled/2LJ5-alt-231_assembled/2LJ5-alt-225_assembled/2LJ5-alt-224_assembled/2LJ5-alt-230_assembled/2LJ5-alt-218_assembled/2LJ5-alt-191_assembled/2LJ5-alt-185_assembled/2LJ5-alt-152_assembled/2LJ5-alt-146_assembled/2LJ5-alt-16_assembled/2LJ5-alt-121_assembled/2LJ5-alt-59_assembled/2LJ5-alt-135_assembled/2LJ5-alt-65_assembled/2LJ5-alt-109_assembled/2LJ5-alt-71_assembled/2LJ5-alt-257_assembled/2LJ5-alt-243_assembled/2LJ5-alt-294_assembled/2LJ5-alt-280_assembled/2LJ5-alt-281_assembled/2LJ5-alt-295_assembled/2LJ5-alt-242_assembled/2LJ5-alt-256_assembled/2LJ5-alt-70_assembled/2LJ5-alt-108_assembled/2LJ5-alt-64_assembled/2LJ5-alt-134_assembled/2LJ5-alt-58_assembled/2LJ5-alt-120_assembled/2LJ5-alt-136_assembled/2LJ5-alt-122_assembled/2LJ5-alt-72_assembled/2LJ5-alt-66_assembled/2LJ5-alt-99_assembled/2LJ5-alt-240_assembled/2LJ5-alt-254_assembled/2LJ5-alt-268_assembled/2LJ5-alt-283_assembled/2LJ5-alt-297_assembled/2LJ5-alt-296_assembled/2LJ5-alt-282_assembled/2LJ5-alt-269_assembled/2LJ5-alt-255_assembled/2LJ5-alt-241_assembled/2LJ5-alt-98_assembled/2LJ5-alt-67_assembled/2LJ5-alt-73_assembled/2LJ5-alt-123_assembled/2LJ5-alt-137_assembled/2LJ5-alt-77_assembled/2LJ5-alt-63_assembled/2LJ5-alt-133_assembled/2LJ5-alt-127_assembled/2LJ5-alt-88_assembled/2LJ5-alt-279_assembled/2LJ5-alt-245_assembled/2LJ5-alt-251_assembled/2LJ5-alt-286_assembled/2LJ5-alt-292_assembled/2LJ5-alt-293_assembled/2LJ5-alt-287_assembled/2LJ5-alt-250_assembled/2LJ5-alt-244_assembled/2LJ5-alt-278_assembled/2LJ5-alt-89_assembled/2LJ5-alt-126_assembled/2LJ5-alt-132_assembled/2LJ5-alt-62_assembled/2LJ5-alt-76_assembled/2LJ5-alt-60_assembled/2LJ5-alt-118_assembled/2LJ5-alt-74_assembled/2LJ5-alt-124_assembled/2LJ5-alt-48_assembled/2LJ5-alt-130_assembled/2LJ5-alt-252_assembled/2LJ5-alt-246_assembled/2LJ5-alt-291_assembled/2LJ5-alt-285_assembled/2LJ5-alt-284_assembled/2LJ5-alt-290_assembled/2LJ5-alt-247_assembled/2LJ5-alt-253_assembled/2LJ5-alt-131_assembled/2LJ5-alt-49_assembled/2LJ5-alt-125_assembled/2LJ5-alt-75_assembled/2LJ5-alt-119_assembled/2LJ5-alt-61_assembled,30.56141333
105,11,A,0,P62987,10.2,/2LJ5-alt-78_assembled/2LJ5-alt-100_assembled/2LJ5-alt-114_assembled/2LJ5-alt-44_assembled/2LJ5-alt-50_assembled/2LJ5-alt-128_assembled/2LJ5-alt-87_assembled/2LJ5-alt-93_assembled/2LJ5-alt-276_assembled/2LJ5-alt-262_assembled/2LJ5-alt-289_assembled/2LJ5-alt-288_assembled/2LJ5-alt-263_assembled/2LJ5-alt-277_assembled/2LJ5-alt-92_assembled/2LJ5-alt-86_assembled/2LJ5-alt-129_assembled/2LJ5-alt-51_assembled/2LJ5-alt-45_assembled/2LJ5-alt-115_assembled/2LJ5-alt-101_assembled/2LJ5-alt-79_assembled/2LJ5-alt-117_assembled/2LJ5-alt-103_assembled/2LJ5-alt-53_assembled/2LJ5-alt-47_assembled/2LJ5-alt-90_assembled/2LJ5-alt-84_assembled/2LJ5-alt-301_assembled/2LJ5-alt-261_assembled/2LJ5-alt-275_assembled/2LJ5-alt-249_assembled/2LJ5-alt-248_assembled/2LJ5-alt-274_assembled/2LJ5-alt-260_assembled/2LJ5-alt-300_assembled/2LJ5-alt-85_assembled/2LJ5-alt-91_assembled/2LJ5-alt-46_assembled/2LJ5-alt-52_assembled/2LJ5-alt-102_assembled/2LJ5-alt-116_assembled/2LJ5-alt-56_assembled/2LJ5-alt-42_assembled/2LJ5-alt-112_assembled/2LJ5-alt-106_assembled/2LJ5-alt-95_assembled/2LJ5-alt-81_assembled/2LJ5-alt-258_assembled/2LJ5-alt-264_assembled/2LJ5-alt-270_assembled/2LJ5-alt-271_assembled/2LJ5-alt-265_assembled/2LJ5-alt-259_assembled/2LJ5-alt-80_assembled/2LJ5-alt-94_assembled/2LJ5-alt-107_assembled/2LJ5-alt-113_assembled/2LJ5-alt-43_assembled/2LJ5-alt-57_assembled/2LJ5-alt-139_assembled/2LJ5-alt-41_assembled/2LJ5-alt-55_assembled/2LJ5-alt-105_assembled/2LJ5-alt-111_assembled/2LJ5-alt-69_assembled/2LJ5-alt-82_assembled/2LJ5-alt-96_assembled/2LJ5-alt-273_assembled/2LJ5-alt-267_assembled/2LJ5-alt-298_assembled/2LJ5-alt-299_assembled/2LJ5-alt-266_assembled/2LJ5-alt-272_assembled/2LJ5-alt-97_assembled/2LJ5-alt-83_assembled/2LJ5-alt-68_assembled/2LJ5-alt-110_assembled/2LJ5-alt-104_assembled/2LJ5-alt-54_assembled/2LJ5-alt-40_assembled/2LJ5-alt-138_assembled/2LJ5-alt-163_assembled/2LJ5-alt-177_assembled/2LJ5-alt-27_assembled/2LJ5-alt-33_assembled/2LJ5-alt-188_assembled/2LJ5-alt-215_assembled/2LJ5-alt-201_assembled/2LJ5-alt-229_assembled/2LJ5-alt-3_assembled/2LJ5-alt-2_assembled/2LJ5-alt-228_assembled/2LJ5-alt-200_assembled/2LJ5-alt-214_assembled/2LJ5-alt-189_assembled/2LJ5-alt-32_assembled/2LJ5-alt-26_assembled/2LJ5-alt-176_assembled/2LJ5-alt-162_assembled/2LJ5-alt-174_assembled/2LJ5-alt-160_assembled/2LJ5-alt-18_assembled/2LJ5-alt-148_assembled/2LJ5-alt-30_assembled/2LJ5-alt-24_assembled/2LJ5-alt-202_assembled/2LJ5-alt-216_assembled/2LJ5-alt-1_assembled/2LJ5-alt-217_assembled/2LJ5-alt-203_assembled/2LJ5-alt-25_assembled/2LJ5-alt-31_assembled/2LJ5-alt-149_assembled/2LJ5-alt-19_assembled/2LJ5-alt-161_assembled/2LJ5-alt-175_assembled/2LJ5-alt-35_assembled/2LJ5-alt-21_assembled/2LJ5-alt-159_assembled/2LJ5-alt-171_assembled/2LJ5-alt-165_assembled/2LJ5-alt-207_assembled/2LJ5-alt-213_assembled/2LJ5-alt-5_assembled/2LJ5-alt-4_assembled/2LJ5-alt-212_assembled/2LJ5-alt-206_assembled/2LJ5-alt-164_assembled/2LJ5-alt-170_assembled/2LJ5-alt-158_assembled/2LJ5-alt-20_assembled/2LJ5-alt-34_assembled/2LJ5-alt-22_assembled/2LJ5-alt-36_assembled/2LJ5-alt-166_assembled/2LJ5-alt-172_assembled/2LJ5-alt-199_assembled/2LJ5-alt-238_assembled/2LJ5-alt-210_assembled/2LJ5-alt-204_assembled/2LJ5-alt-6_assembled/2LJ5-alt-7_assembled/2LJ5-alt-205_assembled/2LJ5-alt-211_assembled/2LJ5-alt-239_assembled/2LJ5-alt-198_assembled/2LJ5-alt-173_assembled/2LJ5-alt-167_assembled/2LJ5-alt-37_assembled/2LJ5-alt-23_assembled/2LJ5-alt-142_assembled/2LJ5-alt-156_assembled/2LJ5-alt-12_assembled/2LJ5-alt-181_assembled/2LJ5-alt-195_assembled/2LJ5-alt-234_assembled/2LJ5-alt-220_assembled/2LJ5-alt-208_assembled/2LJ5-alt-209_assembled/2LJ5-alt-221_assembled/2LJ5-alt-235_assembled/2LJ5-alt-194_assembled/2LJ5-alt-180_assembled/2LJ5-alt-13_assembled/2LJ5-alt-157_assembled/2LJ5-alt-143_assembled/2LJ5-alt-155_assembled/2LJ5-alt-39_assembled/2LJ5-alt-141_assembled/2LJ5-alt-11_assembled/2LJ5-alt-169_assembled/2LJ5-alt-196_assembled/2LJ5-alt-182_assembled/2LJ5-alt-223_assembled/2LJ5-alt-237_assembled/2LJ5-alt-9_assembled/2LJ5-alt-8_assembled/2LJ5-alt-236_assembled/2LJ5-alt-222_assembled/2LJ5-alt-183_assembled/2LJ5-alt-197_assembled/2LJ5-alt-168_assembled/2LJ5-alt-10_assembled/2LJ5-alt-140_assembled/2LJ5-alt-38_assembled/2LJ5-alt-154_assembled/2LJ5-alt-14_assembled/2LJ5-alt-178_assembled/2LJ5-alt-150_assembled/2LJ5-alt-28_assembled/2LJ5-alt-144_assembled/2LJ5-alt-193_assembled/2LJ5-alt-187_assembled/2LJ5-alt-226_assembled/2LJ5-alt-232_assembled/2LJ5-alt-233_assembled/2LJ5-alt-227_assembled/2LJ5-alt-186_assembled/2LJ5-alt-192_assembled/2LJ5-alt-145_assembled/2LJ5-alt-29_assembled/2LJ5-alt-151_assembled/2LJ5-alt-179_assembled/2LJ5-alt-15_assembled/2LJ5-alt-17_assembled/2LJ5-alt-147_assembled/2LJ5-alt-153_assembled/2LJ5-alt-184_assembled/2LJ5-alt-190_assembled/2LJ5-alt-219_assembled/2LJ5-alt-231_assembled/2LJ5-alt-225_assembled/2LJ5-alt-224_assembled/2LJ5-alt-230_assembled/2LJ5-alt-218_assembled/2LJ5-alt-191_assembled/2LJ5-alt-185_assembled/2LJ5-alt-152_assembled/2LJ5-alt-146_assembled/2LJ5-alt-16_assembled/2LJ5-alt-121_assembled/2LJ5-alt-59_assembled/2LJ5-alt-135_assembled/2LJ5-alt-65_assembled/2LJ5-alt-109_assembled/2LJ5-alt-71_assembled/2LJ5-alt-257_assembled/2LJ5-alt-243_assembled/2LJ5-alt-294_assembled/2LJ5-alt-280_assembled/2LJ5-alt-281_assembled/2LJ5-alt-295_assembled/2LJ5-alt-242_assembled/2LJ5-alt-256_assembled/2LJ5-alt-70_assembled/2LJ5-alt-108_assembled/2LJ5-alt-64_assembled/2LJ5-alt-134_assembled/2LJ5-alt-58_assembled/2LJ5-alt-120_assembled/2LJ5-alt-136_assembled/2LJ5-alt-122_assembled/2LJ5-alt-72_assembled/2LJ5-alt-66_assembled/2LJ5-alt-99_assembled/2LJ5-alt-240_assembled/2LJ5-alt-254_assembled/2LJ5-alt-268_assembled/2LJ5-alt-283_assembled/2LJ5-alt-297_assembled/2LJ5-alt-296_assembled/2LJ5-alt-282_assembled/2LJ5-alt-269_assembled/2LJ5-alt-255_assembled/2LJ5-alt-241_assembled/2LJ5-alt-98_assembled/2LJ5-alt-67_assembled/2LJ5-alt-73_assembled/2LJ5-alt-123_assembled/2LJ5-alt-137_assembled/2LJ5-alt-77_assembled/2LJ5-alt-63_assembled/2LJ5-alt-133_assembled/2LJ5-alt-127_assembled/2LJ5-alt-88_assembled/2LJ5-alt-279_assembled/2LJ5-alt-245_assembled/2LJ5-alt-251_assembled/2LJ5-alt-286_assembled/2LJ5-alt-292_assembled/2LJ5-alt-293_assembled/2LJ5-alt-287_assembled/2LJ5-alt-250_assembled/2LJ5-alt-244_assembled/2LJ5-alt-278_assembled/2LJ5-alt-89_assembled/2LJ5-alt-126_assembled/2LJ5-alt-132_assembled/2LJ5-alt-62_assembled/2LJ5-alt-76_assembled/2LJ5-alt-60_assembled/2LJ5-alt-118_assembled/2LJ5-alt-74_assembled/2LJ5-alt-124_assembled/2LJ5-alt-48_assembled/2LJ5-alt-130_assembled/2LJ5-alt-252_assembled/2LJ5-alt-246_assembled/2LJ5-alt-291_assembled/2LJ5-alt-285_assembled/2LJ5-alt-284_assembled/2LJ5-alt-290_assembled/2LJ5-alt-247_assembled/2LJ5-alt-253_assembled/2LJ5-alt-131_assembled/2LJ5-alt-49_assembled/2LJ5-alt-125_assembled/2LJ5-alt-75_assembled/2LJ5-alt-119_assembled/2LJ5-alt-61_assembled,64.20577626
106,27,A,0,P62987,9.68,/2LJ5-alt-78_assembled/2LJ5-alt-100_assembled/2LJ5-alt-114_assembled/2LJ5-alt-44_assembled/2LJ5-alt-50_assembled/2LJ5-alt-128_assembled/2LJ5-alt-87_assembled/2LJ5-alt-93_assembled/2LJ5-alt-276_assembled/2LJ5-alt-262_assembled/2LJ5-alt-289_assembled/2LJ5-alt-288_assembled/2LJ5-alt-263_assembled/2LJ5-alt-277_assembled/2LJ5-alt-92_assembled/2LJ5-alt-86_assembled/2LJ5-alt-129_assembled/2LJ5-alt-51_assembled/2LJ5-alt-45_assembled/2LJ5-alt-115_assembled/2LJ5-alt-101_assembled/2LJ5-alt-79_assembled/2LJ5-alt-117_assembled/2LJ5-alt-103_assembled/2LJ5-alt-53_assembled/2LJ5-alt-47_assembled/2LJ5-alt-90_assembled/2LJ5-alt-84_assembled/2LJ5-alt-301_assembled/2LJ5-alt-261_assembled/2LJ5-alt-275_assembled/2LJ5-alt-249_assembled/2LJ5-alt-248_assembled/2LJ5-alt-274_assembled/2LJ5-alt-260_assembled/2LJ5-alt-300_assembled/2LJ5-alt-85_assembled/2LJ5-alt-91_assembled/2LJ5-alt-46_assembled/2LJ5-alt-52_assembled/2LJ5-alt-102_assembled/2LJ5-alt-116_assembled/2LJ5-alt-56_assembled/2LJ5-alt-42_assembled/2LJ5-alt-112_assembled/2LJ5-alt-106_assembled/2LJ5-alt-95_assembled/2LJ5-alt-81_assembled/2LJ5-alt-258_assembled/2LJ5-alt-264_assembled/2LJ5-alt-270_assembled/2LJ5-alt-271_assembled/2LJ5-alt-265_assembled/2LJ5-alt-259_assembled/2LJ5-alt-80_assembled/2LJ5-alt-94_assembled/2LJ5-alt-107_assembled/2LJ5-alt-113_assembled/2LJ5-alt-43_assembled/2LJ5-alt-57_assembled/2LJ5-alt-139_assembled/2LJ5-alt-41_assembled/2LJ5-alt-55_assembled/2LJ5-alt-105_assembled/2LJ5-alt-111_assembled/2LJ5-alt-69_assembled/2LJ5-alt-82_assembled/2LJ5-alt-96_assembled/2LJ5-alt-273_assembled/2LJ5-alt-267_assembled/2LJ5-alt-298_assembled/2LJ5-alt-299_assembled/2LJ5-alt-266_assembled/2LJ5-alt-272_assembled/2LJ5-alt-97_assembled/2LJ5-alt-83_assembled/2LJ5-alt-68_assembled/2LJ5-alt-110_assembled/2LJ5-alt-104_assembled/2LJ5-alt-54_assembled/2LJ5-alt-40_assembled/2LJ5-alt-138_assembled/2LJ5-alt-163_assembled/2LJ5-alt-177_assembled/2LJ5-alt-27_assembled/2LJ5-alt-33_assembled/2LJ5-alt-188_assembled/2LJ5-alt-215_assembled/2LJ5-alt-201_assembled/2LJ5-alt-229_assembled/2LJ5-alt-3_assembled/2LJ5-alt-2_assembled/2LJ5-alt-228_assembled/2LJ5-alt-200_assembled/2LJ5-alt-214_assembled/2LJ5-alt-189_assembled/2LJ5-alt-32_assembled/2LJ5-alt-26_assembled/2LJ5-alt-176_assembled/2LJ5-alt-162_assembled/2LJ5-alt-174_assembled/2LJ5-alt-160_assembled/2LJ5-alt-18_assembled/2LJ5-alt-148_assembled/2LJ5-alt-30_assembled/2LJ5-alt-24_assembled/2LJ5-alt-202_assembled/2LJ5-alt-216_assembled/2LJ5-alt-1_assembled/2LJ5-alt-217_assembled/2LJ5-alt-203_assembled/2LJ5-alt-25_assembled/2LJ5-alt-31_assembled/2LJ5-alt-149_assembled/2LJ5-alt-19_assembled/2LJ5-alt-161_assembled/2LJ5-alt-175_assembled/2LJ5-alt-35_assembled/2LJ5-alt-21_assembled/2LJ5-alt-159_assembled/2LJ5-alt-171_assembled/2LJ5-alt-165_assembled/2LJ5-alt-207_assembled/2LJ5-alt-213_assembled/2LJ5-alt-5_assembled/2LJ5-alt-4_assembled/2LJ5-alt-212_assembled/2LJ5-alt-206_assembled/2LJ5-alt-164_assembled/2LJ5-alt-170_assembled/2LJ5-alt-158_assembled/2LJ5-alt-20_assembled/2LJ5-alt-34_assembled/2LJ5-alt-22_assembled/2LJ5-alt-36_assembled/2LJ5-alt-166_assembled/2LJ5-alt-172_assembled/2LJ5-alt-199_assembled/2LJ5-alt-238_assembled/2LJ5-alt-210_assembled/2LJ5-alt-204_assembled/2LJ5-alt-6_assembled/2LJ5-alt-7_assembled/2LJ5-alt-205_assembled/2LJ5-alt-211_assembled/2LJ5-alt-239_assembled/2LJ5-alt-198_assembled/2LJ5-alt-173_assembled/2LJ5-alt-167_assembled/2LJ5-alt-37_assembled/2LJ5-alt-23_assembled/2LJ5-alt-142_assembled/2LJ5-alt-156_assembled/2LJ5-alt-12_assembled/2LJ5-alt-181_assembled/2LJ5-alt-195_assembled/2LJ5-alt-234_assembled/2LJ5-alt-220_assembled/2LJ5-alt-208_assembled/2LJ5-alt-209_assembled/2LJ5-alt-221_assembled/2LJ5-alt-235_assembled/2LJ5-alt-194_assembled/2LJ5-alt-180_assembled/2LJ5-alt-13_assembled/2LJ5-alt-157_assembled/2LJ5-alt-143_assembled/2LJ5-alt-155_assembled/2LJ5-alt-39_assembled/2LJ5-alt-141_assembled/2LJ5-alt-11_assembled/2LJ5-alt-169_assembled/2LJ5-alt-196_assembled/2LJ5-alt-182_assembled/2LJ5-alt-223_assembled/2LJ5-alt-237_assembled/2LJ5-alt-9_assembled/2LJ5-alt-8_assembled/2LJ5-alt-236_assembled/2LJ5-alt-222_assembled/2LJ5-alt-183_assembled/2LJ5-alt-197_assembled/2LJ5-alt-168_assembled/2LJ5-alt-10_assembled/2LJ5-alt-140_assembled/2LJ5-alt-38_assembled/2LJ5-alt-154_assembled/2LJ5-alt-14_assembled/2LJ5-alt-178_assembled/2LJ5-alt-150_assembled/2LJ5-alt-28_assembled/2LJ5-alt-144_assembled/2LJ5-alt-193_assembled/2LJ5-alt-187_assembled/2LJ5-alt-226_assembled/2LJ5-alt-232_assembled/2LJ5-alt-233_assembled/2LJ5-alt-227_assembled/2LJ5-alt-186_assembled/2LJ5-alt-192_assembled/2LJ5-alt-145_assembled/2LJ5-alt-29_assembled/2LJ5-alt-151_assembled/2LJ5-alt-179_assembled/2LJ5-alt-15_assembled/2LJ5-alt-17_assembled/2LJ5-alt-147_assembled/2LJ5-alt-153_assembled/2LJ5-alt-184_assembled/2LJ5-alt-190_assembled/2LJ5-alt-219_assembled/2LJ5-alt-231_assembled/2LJ5-alt-225_assembled/2LJ5-alt-224_assembled/2LJ5-alt-230_assembled/2LJ5-alt-218_assembled/2LJ5-alt-191_assembled/2LJ5-alt-185_assembled/2LJ5-alt-152_assembled/2LJ5-alt-146_assembled/2LJ5-alt-16_assembled/2LJ5-alt-121_assembled/2LJ5-alt-59_assembled/2LJ5-alt-135_assembled/2LJ5-alt-65_assembled/2LJ5-alt-109_assembled/2LJ5-alt-71_assembled/2LJ5-alt-257_assembled/2LJ5-alt-243_assembled/2LJ5-alt-294_assembled/2LJ5-alt-280_assembled/2LJ5-alt-281_assembled/2LJ5-alt-295_assembled/2LJ5-alt-242_assembled/2LJ5-alt-256_assembled/2LJ5-alt-70_assembled/2LJ5-alt-108_assembled/2LJ5-alt-64_assembled/2LJ5-alt-134_assembled/2LJ5-alt-58_assembled/2LJ5-alt-120_assembled/2LJ5-alt-136_assembled/2LJ5-alt-122_assembled/2LJ5-alt-72_assembled/2LJ5-alt-66_assembled/2LJ5-alt-99_assembled/2LJ5-alt-240_assembled/2LJ5-alt-254_assembled/2LJ5-alt-268_assembled/2LJ5-alt-283_assembled/2LJ5-alt-297_assembled/2LJ5-alt-296_assembled/2LJ5-alt-282_assembled/2LJ5-alt-269_assembled/2LJ5-alt-255_assembled/2LJ5-alt-241_assembled/2LJ5-alt-98_assembled/2LJ5-alt-67_assembled/2LJ5-alt-73_assembled/2LJ5-alt-123_assembled/2LJ5-alt-137_assembled/2LJ5-alt-77_assembled/2LJ5-alt-63_assembled/2LJ5-alt-133_assembled/2LJ5-alt-127_assembled/2LJ5-alt-88_assembled/2LJ5-alt-279_assembled/2LJ5-alt-245_assembled/2LJ5-alt-251_assembled/2LJ5-alt-286_assembled/2LJ5-alt-292_assembled/2LJ5-alt-293_assembled/2LJ5-alt-287_assembled/2LJ5-alt-250_assembled/2LJ5-alt-244_assembled/2LJ5-alt-278_assembled/2LJ5-alt-89_assembled/2LJ5-alt-126_assembled/2LJ5-alt-132_assembled/2LJ5-alt-62_assembled/2LJ5-alt-76_assembled/2LJ5-alt-60_assembled/2LJ5-alt-118_assembled/2LJ5-alt-74_assembled/2LJ5-alt-124_assembled/2LJ5-alt-48_assembled/2LJ5-alt-130_assembled/2LJ5-alt-252_assembled/2LJ5-alt-246_assembled/2LJ5-alt-291_assembled/2LJ5-alt-285_assembled/2LJ5-alt-284_assembled/2LJ5-alt-290_assembled/2LJ5-alt-247_assembled/2LJ5-alt-253_assembled/2LJ5-alt-131_assembled/2LJ5-alt-49_assembled/2LJ5-alt-125_assembled/2LJ5-alt-75_assembled/2LJ5-alt-119_assembled/2LJ5-alt-61_assembled,26.9422986
107,29,A,0,P62987,9.99,/2LJ5-alt-78_assembled/2LJ5-alt-100_assembled/2LJ5-alt-114_assembled/2LJ5-alt-44_assembled/2LJ5-alt-50_assembled/2LJ5-alt-128_assembled/2LJ5-alt-87_assembled/2LJ5-alt-93_assembled/2LJ5-alt-276_assembled/2LJ5-alt-262_assembled/2LJ5-alt-289_assembled/2LJ5-alt-288_assembled/2LJ5-alt-263_assembled/2LJ5-alt-277_assembled/2LJ5-alt-92_assembled/2LJ5-alt-86_assembled/2LJ5-alt-129_assembled/2LJ5-alt-51_assembled/2LJ5-alt-45_assembled/2LJ5-alt-115_assembled/2LJ5-alt-101_assembled/2LJ5-alt-79_assembled/2LJ5-alt-117_assembled/2LJ5-alt-103_assembled/2LJ5-alt-53_assembled/2LJ5-alt-47_assembled/2LJ5-alt-90_assembled/2LJ5-alt-84_assembled/2LJ5-alt-301_assembled/2LJ5-alt-261_assembled/2LJ5-alt-275_assembled/2LJ5-alt-249_assembled/2LJ5-alt-248_assembled/2LJ5-alt-274_assembled/2LJ5-alt-260_assembled/2LJ5-alt-300_assembled/2LJ5-alt-85_assembled/2LJ5-alt-91_assembled/2LJ5-alt-46_assembled/2LJ5-alt-52_assembled/2LJ5-alt-102_assembled/2LJ5-alt-116_assembled/2LJ5-alt-56_assembled/2LJ5-alt-42_assembled/2LJ5-alt-112_assembled/2LJ5-alt-106_assembled/2LJ5-alt-95_assembled/2LJ5-alt-81_assembled/2LJ5-alt-258_assembled/2LJ5-alt-264_assembled/2LJ5-alt-270_assembled/2LJ5-alt-271_assembled/2LJ5-alt-265_assembled/2LJ5-alt-259_assembled/2LJ5-alt-80_assembled/2LJ5-alt-94_assembled/2LJ5-alt-107_assembled/2LJ5-alt-113_assembled/2LJ5-alt-43_assembled/2LJ5-alt-57_assembled/2LJ5-alt-139_assembled/2LJ5-alt-41_assembled/2LJ5-alt-55_assembled/2LJ5-alt-105_assembled/2LJ5-alt-111_assembled/2LJ5-alt-69_assembled/2LJ5-alt-82_assembled/2LJ5-alt-96_assembled/2LJ5-alt-273_assembled/2LJ5-alt-267_assembled/2LJ5-alt-298_assembled/2LJ5-alt-299_assembled/2LJ5-alt-266_assembled/2LJ5-alt-272_assembled/2LJ5-alt-97_assembled/2LJ5-alt-83_assembled/2LJ5-alt-68_assembled/2LJ5-alt-110_assembled/2LJ5-alt-104_assembled/2LJ5-alt-54_assembled/2LJ5-alt-40_assembled/2LJ5-alt-138_assembled/2LJ5-alt-163_assembled/2LJ5-alt-177_assembled/2LJ5-alt-27_assembled/2LJ5-alt-33_assembled/2LJ5-alt-188_assembled/2LJ5-alt-215_assembled/2LJ5-alt-201_assembled/2LJ5-alt-229_assembled/2LJ5-alt-3_assembled/2LJ5-alt-2_assembled/2LJ5-alt-228_assembled/2LJ5-alt-200_assembled/2LJ5-alt-214_assembled/2LJ5-alt-189_assembled/2LJ5-alt-32_assembled/2LJ5-alt-26_assembled/2LJ5-alt-176_assembled/2LJ5-alt-162_assembled/2LJ5-alt-174_assembled/2LJ5-alt-160_assembled/2LJ5-alt-18_assembled/2LJ5-alt-148_assembled/2LJ5-alt-30_assembled/2LJ5-alt-24_assembled/2LJ5-alt-202_assembled/2LJ5-alt-216_assembled/2LJ5-alt-1_assembled/2LJ5-alt-217_assembled/2LJ5-alt-203_assembled/2LJ5-alt-25_assembled/2LJ5-alt-31_assembled/2LJ5-alt-149_assembled/2LJ5-alt-19_assembled/2LJ5-alt-161_assembled/2LJ5-alt-175_assembled/2LJ5-alt-35_assembled/2LJ5-alt-21_assembled/2LJ5-alt-159_assembled/2LJ5-alt-171_assembled/2LJ5-alt-165_assembled/2LJ5-alt-207_assembled/2LJ5-alt-213_assembled/2LJ5-alt-5_assembled/2LJ5-alt-4_assembled/2LJ5-alt-212_assembled/2LJ5-alt-206_assembled/2LJ5-alt-164_assembled/2LJ5-alt-170_assembled/2LJ5-alt-158_assembled/2LJ5-alt-20_assembled/2LJ5-alt-34_assembled/2LJ5-alt-22_assembled/2LJ5-alt-36_assembled/2LJ5-alt-166_assembled/2LJ5-alt-172_assembled/2LJ5-alt-199_assembled/2LJ5-alt-238_assembled/2LJ5-alt-210_assembled/2LJ5-alt-204_assembled/2LJ5-alt-6_assembled/2LJ5-alt-7_assembled/2LJ5-alt-205_assembled/2LJ5-alt-211_assembled/2LJ5-alt-239_assembled/2LJ5-alt-198_assembled/2LJ5-alt-173_assembled/2LJ5-alt-167_assembled/2LJ5-alt-37_assembled/2LJ5-alt-23_assembled/2LJ5-alt-142_assembled/2LJ5-alt-156_assembled/2LJ5-alt-12_assembled/2LJ5-alt-181_assembled/2LJ5-alt-195_assembled/2LJ5-alt-234_assembled/2LJ5-alt-220_assembled/2LJ5-alt-208_assembled/2LJ5-alt-209_assembled/2LJ5-alt-221_assembled/2LJ5-alt-235_assembled/2LJ5-alt-194_assembled/2LJ5-alt-180_assembled/2LJ5-alt-13_assembled/2LJ5-alt-157_assembled/2LJ5-alt-143_assembled/2LJ5-alt-155_assembled/2LJ5-alt-39_assembled/2LJ5-alt-141_assembled/2LJ5-alt-11_assembled/2LJ5-alt-169_assembled/2LJ5-alt-196_assembled/2LJ5-alt-182_assembled/2LJ5-alt-223_assembled/2LJ5-alt-237_assembled/2LJ5-alt-9_assembled/2LJ5-alt-8_assembled/2LJ5-alt-236_assembled/2LJ5-alt-222_assembled/2LJ5-alt-183_assembled/2LJ5-alt-197_assembled/2LJ5-alt-168_assembled/2LJ5-alt-10_assembled/2LJ5-alt-140_assembled/2LJ5-alt-38_assembled/2LJ5-alt-154_assembled/2LJ5-alt-14_assembled/2LJ5-alt-178_assembled/2LJ5-alt-150_assembled/2LJ5-alt-28_assembled/2LJ5-alt-144_assembled/2LJ5-alt-193_assembled/2LJ5-alt-187_assembled/2LJ5-alt-226_assembled/2LJ5-alt-232_assembled/2LJ5-alt-233_assembled/2LJ5-alt-227_assembled/2LJ5-alt-186_assembled/2LJ5-alt-192_assembled/2LJ5-alt-145_assembled/2LJ5-alt-29_assembled/2LJ5-alt-151_assembled/2LJ5-alt-179_assembled/2LJ5-alt-15_assembled/2LJ5-alt-17_assembled/2LJ5-alt-147_assembled/2LJ5-alt-153_assembled/2LJ5-alt-184_assembled/2LJ5-alt-190_assembled/2LJ5-alt-219_assembled/2LJ5-alt-231_assembled/2LJ5-alt-225_assembled/2LJ5-alt-224_assembled/2LJ5-alt-230_assembled/2LJ5-alt-218_assembled/2LJ5-alt-191_assembled/2LJ5-alt-185_assembled/2LJ5-alt-152_assembled/2LJ5-alt-146_assembled/2LJ5-alt-16_assembled/2LJ5-alt-121_assembled/2LJ5-alt-59_assembled/2LJ5-alt-135_assembled/2LJ5-alt-65_assembled/2LJ5-alt-109_assembled/2LJ5-alt-71_assembled/2LJ5-alt-257_assembled/2LJ5-alt-243_assembled/2LJ5-alt-294_assembled/2LJ5-alt-280_assembled/2LJ5-alt-281_assembled/2LJ5-alt-295_assembled/2LJ5-alt-242_assembled/2LJ5-alt-256_assembled/2LJ5-alt-70_assembled/2LJ5-alt-108_assembled/2LJ5-alt-64_assembled/2LJ5-alt-134_assembled/2LJ5-alt-58_assembled/2LJ5-alt-120_assembled/2LJ5-alt-136_assembled/2LJ5-alt-122_assembled/2LJ5-alt-72_assembled/2LJ5-alt-66_assembled/2LJ5-alt-99_assembled/2LJ5-alt-240_assembled/2LJ5-alt-254_assembled/2LJ5-alt-268_assembled/2LJ5-alt-283_assembled/2LJ5-alt-297_assembled/2LJ5-alt-296_assembled/2LJ5-alt-282_assembled/2LJ5-alt-269_assembled/2LJ5-alt-255_assembled/2LJ5-alt-241_assembled/2LJ5-alt-98_assembled/2LJ5-alt-67_assembled/2LJ5-alt-73_assembled/2LJ5-alt-123_assembled/2LJ5-alt-137_assembled/2LJ5-alt-77_assembled/2LJ5-alt-63_assembled/2LJ5-alt-133_assembled/2LJ5-alt-127_assembled/2LJ5-alt-88_assembled/2LJ5-alt-279_assembled/2LJ5-alt-245_assembled/2LJ5-alt-251_assembled/2LJ5-alt-286_assembled/2LJ5-alt-292_assembled/2LJ5-alt-293_assembled/2LJ5-alt-287_assembled/2LJ5-alt-250_assembled/2LJ5-alt-244_assembled/2LJ5-alt-278_assembled/2LJ5-alt-89_assembled/2LJ5-alt-126_assembled/2LJ5-alt-132_assembled/2LJ5-alt-62_assembled/2LJ5-alt-76_assembled/2LJ5-alt-60_assembled/2LJ5-alt-118_assembled/2LJ5-alt-74_assembled/2LJ5-alt-124_assembled/2LJ5-alt-48_assembled/2LJ5-alt-130_assembled/2LJ5-alt-252_assembled/2LJ5-alt-246_assembled/2LJ5-alt-291_assembled/2LJ5-alt-285_assembled/2LJ5-alt-284_assembled/2LJ5-alt-290_assembled/2LJ5-alt-247_assembled/2LJ5-alt-253_assembled/2LJ5-alt-131_assembled/2LJ5-alt-49_assembled/2LJ5-alt-125_assembled/2LJ5-alt-75_assembled/2LJ5-alt-119_assembled/2LJ5-alt-61_assembled/2MBH-alt-20_assembled/2MBH-alt-19_assembled/2MBH-alt-18_assembled/2MBH-alt-9_assembled/2MBH-alt-8_assembled/2MBH-alt-1_assembled/2MBH-alt-3_assembled/2MBH-alt-2_assembled/2MBH-alt-6_assembled/2MBH-alt-7_assembled/2MBH-alt-5_assembled/2MBH-alt-4_assembled/2MBH-alt-15_assembled/2MBH-alt-14_assembled/2MBH-alt-16_assembled/2MBH-alt-17_assembled/2MBH-alt-13_assembled/2MBH-alt-12_assembled/2MBH-alt-10_assembled/2MBH-alt-11_assembled,75.33120304
108,33,A,0,P62987,10.15,/2LJ5-alt-78_assembled/2LJ5-alt-100_assembled/2LJ5-alt-114_assembled/2LJ5-alt-44_assembled/2LJ5-alt-50_assembled/2LJ5-alt-128_assembled/2LJ5-alt-87_assembled/2LJ5-alt-93_assembled/2LJ5-alt-276_assembled/2LJ5-alt-262_assembled/2LJ5-alt-289_assembled/2LJ5-alt-288_assembled/2LJ5-alt-263_assembled/2LJ5-alt-277_assembled/2LJ5-alt-92_assembled/2LJ5-alt-86_assembled/2LJ5-alt-129_assembled/2LJ5-alt-51_assembled/2LJ5-alt-45_assembled/2LJ5-alt-115_assembled/2LJ5-alt-101_assembled/2LJ5-alt-79_assembled/2LJ5-alt-117_assembled/2LJ5-alt-103_assembled/2LJ5-alt-53_assembled/2LJ5-alt-47_assembled/2LJ5-alt-90_assembled/2LJ5-alt-84_assembled/2LJ5-alt-301_assembled/2LJ5-alt-261_assembled/2LJ5-alt-275_assembled/2LJ5-alt-249_assembled/2LJ5-alt-248_assembled/2LJ5-alt-274_assembled/2LJ5-alt-260_assembled/2LJ5-alt-300_assembled/2LJ5-alt-85_assembled/2LJ5-alt-91_assembled/2LJ5-alt-46_assembled/2LJ5-alt-52_assembled/2LJ5-alt-102_assembled/2LJ5-alt-116_assembled/2LJ5-alt-56_assembled/2LJ5-alt-42_assembled/2LJ5-alt-112_assembled/2LJ5-alt-106_assembled/2LJ5-alt-95_assembled/2LJ5-alt-81_assembled/2LJ5-alt-258_assembled/2LJ5-alt-264_assembled/2LJ5-alt-270_assembled/2LJ5-alt-271_assembled/2LJ5-alt-265_assembled/2LJ5-alt-259_assembled/2LJ5-alt-80_assembled/2LJ5-alt-94_assembled/2LJ5-alt-107_assembled/2LJ5-alt-113_assembled/2LJ5-alt-43_assembled/2LJ5-alt-57_assembled/2LJ5-alt-139_assembled/2LJ5-alt-41_assembled/2LJ5-alt-55_assembled/2LJ5-alt-105_assembled/2LJ5-alt-111_assembled/2LJ5-alt-69_assembled/2LJ5-alt-82_assembled/2LJ5-alt-96_assembled/2LJ5-alt-273_assembled/2LJ5-alt-267_assembled/2LJ5-alt-298_assembled/2LJ5-alt-299_assembled/2LJ5-alt-266_assembled/2LJ5-alt-272_assembled/2LJ5-alt-97_assembled/2LJ5-alt-83_assembled/2LJ5-alt-68_assembled/2LJ5-alt-110_assembled/2LJ5-alt-104_assembled/2LJ5-alt-54_assembled/2LJ5-alt-40_assembled/2LJ5-alt-138_assembled/2LJ5-alt-163_assembled/2LJ5-alt-177_assembled/2LJ5-alt-27_assembled/2LJ5-alt-33_assembled/2LJ5-alt-188_assembled/2LJ5-alt-215_assembled/2LJ5-alt-201_assembled/2LJ5-alt-229_assembled/2LJ5-alt-3_assembled/2LJ5-alt-2_assembled/2LJ5-alt-228_assembled/2LJ5-alt-200_assembled/2LJ5-alt-214_assembled/2LJ5-alt-189_assembled/2LJ5-alt-32_assembled/2LJ5-alt-26_assembled/2LJ5-alt-176_assembled/2LJ5-alt-162_assembled/2LJ5-alt-174_assembled/2LJ5-alt-160_assembled/2LJ5-alt-18_assembled/2LJ5-alt-148_assembled/2LJ5-alt-30_assembled/2LJ5-alt-24_assembled/2LJ5-alt-202_assembled/2LJ5-alt-216_assembled/2LJ5-alt-1_assembled/2LJ5-alt-217_assembled/2LJ5-alt-203_assembled/2LJ5-alt-25_assembled/2LJ5-alt-31_assembled/2LJ5-alt-149_assembled/2LJ5-alt-19_assembled/2LJ5-alt-161_assembled/2LJ5-alt-175_assembled/2LJ5-alt-35_assembled/2LJ5-alt-21_assembled/2LJ5-alt-159_assembled/2LJ5-alt-171_assembled/2LJ5-alt-165_assembled/2LJ5-alt-207_assembled/2LJ5-alt-213_assembled/2LJ5-alt-5_assembled/2LJ5-alt-4_assembled/2LJ5-alt-212_assembled/2LJ5-alt-206_assembled/2LJ5-alt-164_assembled/2LJ5-alt-170_assembled/2LJ5-alt-158_assembled/2LJ5-alt-20_assembled/2LJ5-alt-34_assembled/2LJ5-alt-22_assembled/2LJ5-alt-36_assembled/2LJ5-alt-166_assembled/2LJ5-alt-172_assembled/2LJ5-alt-199_assembled/2LJ5-alt-238_assembled/2LJ5-alt-210_assembled/2LJ5-alt-204_assembled/2LJ5-alt-6_assembled/2LJ5-alt-7_assembled/2LJ5-alt-205_assembled/2LJ5-alt-211_assembled/2LJ5-alt-239_assembled/2LJ5-alt-198_assembled/2LJ5-alt-173_assembled/2LJ5-alt-167_assembled/2LJ5-alt-37_assembled/2LJ5-alt-23_assembled/2LJ5-alt-142_assembled/2LJ5-alt-156_assembled/2LJ5-alt-12_assembled/2LJ5-alt-181_assembled/2LJ5-alt-195_assembled/2LJ5-alt-234_assembled/2LJ5-alt-220_assembled/2LJ5-alt-208_assembled/2LJ5-alt-209_assembled/2LJ5-alt-221_assembled/2LJ5-alt-235_assembled/2LJ5-alt-194_assembled/2LJ5-alt-180_assembled/2LJ5-alt-13_assembled/2LJ5-alt-157_assembled/2LJ5-alt-143_assembled/2LJ5-alt-155_assembled/2LJ5-alt-39_assembled/2LJ5-alt-141_assembled/2LJ5-alt-11_assembled/2LJ5-alt-169_assembled/2LJ5-alt-196_assembled/2LJ5-alt-182_assembled/2LJ5-alt-223_assembled/2LJ5-alt-237_assembled/2LJ5-alt-9_assembled/2LJ5-alt-8_assembled/2LJ5-alt-236_assembled/2LJ5-alt-222_assembled/2LJ5-alt-183_assembled/2LJ5-alt-197_assembled/2LJ5-alt-168_assembled/2LJ5-alt-10_assembled/2LJ5-alt-140_assembled/2LJ5-alt-38_assembled/2LJ5-alt-154_assembled/2LJ5-alt-14_assembled/2LJ5-alt-178_assembled/2LJ5-alt-150_assembled/2LJ5-alt-28_assembled/2LJ5-alt-144_assembled/2LJ5-alt-193_assembled/2LJ5-alt-187_assembled/2LJ5-alt-226_assembled/2LJ5-alt-232_assembled/2LJ5-alt-233_assembled/2LJ5-alt-227_assembled/2LJ5-alt-186_assembled/2LJ5-alt-192_assembled/2LJ5-alt-145_assembled/2LJ5-alt-29_assembled/2LJ5-alt-151_assembled/2LJ5-alt-179_assembled/2LJ5-alt-15_assembled/2LJ5-alt-17_assembled/2LJ5-alt-147_assembled/2LJ5-alt-153_assembled/2LJ5-alt-184_assembled/2LJ5-alt-190_assembled/2LJ5-alt-219_assembled/2LJ5-alt-231_assembled/2LJ5-alt-225_assembled/2LJ5-alt-224_assembled/2LJ5-alt-230_assembled/2LJ5-alt-218_assembled/2LJ5-alt-191_assembled/2LJ5-alt-185_assembled/2LJ5-alt-152_assembled/2LJ5-alt-146_assembled/2LJ5-alt-16_assembled/2LJ5-alt-121_assembled/2LJ5-alt-59_assembled/2LJ5-alt-135_assembled/2LJ5-alt-65_assembled/2LJ5-alt-109_assembled/2LJ5-alt-71_assembled/2LJ5-alt-257_assembled/2LJ5-alt-243_assembled/2LJ5-alt-294_assembled/2LJ5-alt-280_assembled/2LJ5-alt-281_assembled/2LJ5-alt-295_assembled/2LJ5-alt-242_assembled/2LJ5-alt-256_assembled/2LJ5-alt-70_assembled/2LJ5-alt-108_assembled/2LJ5-alt-64_assembled/2LJ5-alt-134_assembled/2LJ5-alt-58_assembled/2LJ5-alt-120_assembled/2LJ5-alt-136_assembled/2LJ5-alt-122_assembled/2LJ5-alt-72_assembled/2LJ5-alt-66_assembled/2LJ5-alt-99_assembled/2LJ5-alt-240_assembled/2LJ5-alt-254_assembled/2LJ5-alt-268_assembled/2LJ5-alt-283_assembled/2LJ5-alt-297_assembled/2LJ5-alt-296_assembled/2LJ5-alt-282_assembled/2LJ5-alt-269_assembled/2LJ5-alt-255_assembled/2LJ5-alt-241_assembled/2LJ5-alt-98_assembled/2LJ5-alt-67_assembled/2LJ5-alt-73_assembled/2LJ5-alt-123_assembled/2LJ5-alt-137_assembled/2LJ5-alt-77_assembled/2LJ5-alt-63_assembled/2LJ5-alt-133_assembled/2LJ5-alt-127_assembled/2LJ5-alt-88_assembled/2LJ5-alt-279_assembled/2LJ5-alt-245_assembled/2LJ5-alt-251_assembled/2LJ5-alt-286_assembled/2LJ5-alt-292_assembled/2LJ5-alt-293_assembled/2LJ5-alt-287_assembled/2LJ5-alt-250_assembled/2LJ5-alt-244_assembled/2LJ5-alt-278_assembled/2LJ5-alt-89_assembled/2LJ5-alt-126_assembled/2LJ5-alt-132_assembled/2LJ5-alt-62_assembled/2LJ5-alt-76_assembled/2LJ5-alt-60_assembled/2LJ5-alt-118_assembled/2LJ5-alt-74_assembled/2LJ5-alt-124_assembled/2LJ5-alt-48_assembled/2LJ5-alt-130_assembled/2LJ5-alt-252_assembled/2LJ5-alt-246_assembled/2LJ5-alt-291_assembled/2LJ5-alt-285_assembled/2LJ5-alt-284_assembled/2LJ5-alt-290_assembled/2LJ5-alt-247_assembled/2LJ5-alt-253_assembled/2LJ5-alt-131_assembled/2LJ5-alt-49_assembled/2LJ5-alt-125_assembled/2LJ5-alt-75_assembled/2LJ5-alt-119_assembled/2LJ5-alt-61_assembled,39.40813825
109,48,A,0,P62987,9.84,/2LJ5-alt-78_assembled/2LJ5-alt-100_assembled/2LJ5-alt-114_assembled/2LJ5-alt-44_assembled/2LJ5-alt-50_assembled/2LJ5-alt-128_assembled/2LJ5-alt-87_assembled/2LJ5-alt-93_assembled/2LJ5-alt-276_assembled/2LJ5-alt-262_assembled/2LJ5-alt-289_assembled/2LJ5-alt-288_assembled/2LJ5-alt-263_assembled/2LJ5-alt-277_assembled/2LJ5-alt-92_assembled/2LJ5-alt-86_assembled/2LJ5-alt-129_assembled/2LJ5-alt-51_assembled/2LJ5-alt-45_assembled/2LJ5-alt-115_assembled/2LJ5-alt-101_assembled/2LJ5-alt-79_assembled/2LJ5-alt-117_assembled/2LJ5-alt-103_assembled/2LJ5-alt-53_assembled/2LJ5-alt-47_assembled/2LJ5-alt-90_assembled/2LJ5-alt-84_assembled/2LJ5-alt-301_assembled/2LJ5-alt-261_assembled/2LJ5-alt-275_assembled/2LJ5-alt-249_assembled/2LJ5-alt-248_assembled/2LJ5-alt-274_assembled/2LJ5-alt-260_assembled/2LJ5-alt-300_assembled/2LJ5-alt-85_assembled/2LJ5-alt-91_assembled/2LJ5-alt-46_assembled/2LJ5-alt-52_assembled/2LJ5-alt-102_assembled/2LJ5-alt-116_assembled/2LJ5-alt-56_assembled/2LJ5-alt-42_assembled/2LJ5-alt-112_assembled/2LJ5-alt-106_assembled/2LJ5-alt-95_assembled/2LJ5-alt-81_assembled/2LJ5-alt-258_assembled/2LJ5-alt-264_assembled/2LJ5-alt-270_assembled/2LJ5-alt-271_assembled/2LJ5-alt-265_assembled/2LJ5-alt-259_assembled/2LJ5-alt-80_assembled/2LJ5-alt-94_assembled/2LJ5-alt-107_assembled/2LJ5-alt-113_assembled/2LJ5-alt-43_assembled/2LJ5-alt-57_assembled/2LJ5-alt-139_assembled/2LJ5-alt-41_assembled/2LJ5-alt-55_assembled/2LJ5-alt-105_assembled/2LJ5-alt-111_assembled/2LJ5-alt-69_assembled/2LJ5-alt-82_assembled/2LJ5-alt-96_assembled/2LJ5-alt-273_assembled/2LJ5-alt-267_assembled/2LJ5-alt-298_assembled/2LJ5-alt-299_assembled/2LJ5-alt-266_assembled/2LJ5-alt-272_assembled/2LJ5-alt-97_assembled/2LJ5-alt-83_assembled/2LJ5-alt-68_assembled/2LJ5-alt-110_assembled/2LJ5-alt-104_assembled/2LJ5-alt-54_assembled/2LJ5-alt-40_assembled/2LJ5-alt-138_assembled/2LJ5-alt-163_assembled/2LJ5-alt-177_assembled/2LJ5-alt-27_assembled/2LJ5-alt-33_assembled/2LJ5-alt-188_assembled/2LJ5-alt-215_assembled/2LJ5-alt-201_assembled/2LJ5-alt-229_assembled/2LJ5-alt-3_assembled/2LJ5-alt-2_assembled/2LJ5-alt-228_assembled/2LJ5-alt-200_assembled/2LJ5-alt-214_assembled/2LJ5-alt-189_assembled/2LJ5-alt-32_assembled/2LJ5-alt-26_assembled/2LJ5-alt-176_assembled/2LJ5-alt-162_assembled/2LJ5-alt-174_assembled/2LJ5-alt-160_assembled/2LJ5-alt-18_assembled/2LJ5-alt-148_assembled/2LJ5-alt-30_assembled/2LJ5-alt-24_assembled/2LJ5-alt-202_assembled/2LJ5-alt-216_assembled/2LJ5-alt-1_assembled/2LJ5-alt-217_assembled/2LJ5-alt-203_assembled/2LJ5-alt-25_assembled/2LJ5-alt-31_assembled/2LJ5-alt-149_assembled/2LJ5-alt-19_assembled/2LJ5-alt-161_assembled/2LJ5-alt-175_assembled/2LJ5-alt-35_assembled/2LJ5-alt-21_assembled/2LJ5-alt-159_assembled/2LJ5-alt-171_assembled/2LJ5-alt-165_assembled/2LJ5-alt-207_assembled/2LJ5-alt-213_assembled/2LJ5-alt-5_assembled/2LJ5-alt-4_assembled/2LJ5-alt-212_assembled/2LJ5-alt-206_assembled/2LJ5-alt-164_assembled/2LJ5-alt-170_assembled/2LJ5-alt-158_assembled/2LJ5-alt-20_assembled/2LJ5-alt-34_assembled/2LJ5-alt-22_assembled/2LJ5-alt-36_assembled/2LJ5-alt-166_assembled/2LJ5-alt-172_assembled/2LJ5-alt-199_assembled/2LJ5-alt-238_assembled/2LJ5-alt-210_assembled/2LJ5-alt-204_assembled/2LJ5-alt-6_assembled/2LJ5-alt-7_assembled/2LJ5-alt-205_assembled/2LJ5-alt-211_assembled/2LJ5-alt-239_assembled/2LJ5-alt-198_assembled/2LJ5-alt-173_assembled/2LJ5-alt-167_assembled/2LJ5-alt-37_assembled/2LJ5-alt-23_assembled/2LJ5-alt-142_assembled/2LJ5-alt-156_assembled/2LJ5-alt-12_assembled/2LJ5-alt-181_assembled/2LJ5-alt-195_assembled/2LJ5-alt-234_assembled/2LJ5-alt-220_assembled/2LJ5-alt-208_assembled/2LJ5-alt-209_assembled/2LJ5-alt-221_assembled/2LJ5-alt-235_assembled/2LJ5-alt-194_assembled/2LJ5-alt-180_assembled/2LJ5-alt-13_assembled/2LJ5-alt-157_assembled/2LJ5-alt-143_assembled/2LJ5-alt-155_assembled/2LJ5-alt-39_assembled/2LJ5-alt-141_assembled/2LJ5-alt-11_assembled/2LJ5-alt-169_assembled/2LJ5-alt-196_assembled/2LJ5-alt-182_assembled/2LJ5-alt-223_assembled/2LJ5-alt-237_assembled/2LJ5-alt-9_assembled/2LJ5-alt-8_assembled/2LJ5-alt-236_assembled/2LJ5-alt-222_assembled/2LJ5-alt-183_assembled/2LJ5-alt-197_assembled/2LJ5-alt-168_assembled/2LJ5-alt-10_assembled/2LJ5-alt-140_assembled/2LJ5-alt-38_assembled/2LJ5-alt-154_assembled/2LJ5-alt-14_assembled/2LJ5-alt-178_assembled/2LJ5-alt-150_assembled/2LJ5-alt-28_assembled/2LJ5-alt-144_assembled/2LJ5-alt-193_assembled/2LJ5-alt-187_assembled/2LJ5-alt-226_assembled/2LJ5-alt-232_assembled/2LJ5-alt-233_assembled/2LJ5-alt-227_assembled/2LJ5-alt-186_assembled/2LJ5-alt-192_assembled/2LJ5-alt-145_assembled/2LJ5-alt-29_assembled/2LJ5-alt-151_assembled/2LJ5-alt-179_assembled/2LJ5-alt-15_assembled/2LJ5-alt-17_assembled/2LJ5-alt-147_assembled/2LJ5-alt-153_assembled/2LJ5-alt-184_assembled/2LJ5-alt-190_assembled/2LJ5-alt-219_assembled/2LJ5-alt-231_assembled/2LJ5-alt-225_assembled/2LJ5-alt-224_assembled/2LJ5-alt-230_assembled/2LJ5-alt-218_assembled/2LJ5-alt-191_assembled/2LJ5-alt-185_assembled/2LJ5-alt-152_assembled/2LJ5-alt-146_assembled/2LJ5-alt-16_assembled/2LJ5-alt-121_assembled/2LJ5-alt-59_assembled/2LJ5-alt-135_assembled/2LJ5-alt-65_assembled/2LJ5-alt-109_assembled/2LJ5-alt-71_assembled/2LJ5-alt-257_assembled/2LJ5-alt-243_assembled/2LJ5-alt-294_assembled/2LJ5-alt-280_assembled/2LJ5-alt-281_assembled/2LJ5-alt-295_assembled/2LJ5-alt-242_assembled/2LJ5-alt-256_assembled/2LJ5-alt-70_assembled/2LJ5-alt-108_assembled/2LJ5-alt-64_assembled/2LJ5-alt-134_assembled/2LJ5-alt-58_assembled/2LJ5-alt-120_assembled/2LJ5-alt-136_assembled/2LJ5-alt-122_assembled/2LJ5-alt-72_assembled/2LJ5-alt-66_assembled/2LJ5-alt-99_assembled/2LJ5-alt-240_assembled/2LJ5-alt-254_assembled/2LJ5-alt-268_assembled/2LJ5-alt-283_assembled/2LJ5-alt-297_assembled/2LJ5-alt-296_assembled/2LJ5-alt-282_assembled/2LJ5-alt-269_assembled/2LJ5-alt-255_assembled/2LJ5-alt-241_assembled/2LJ5-alt-98_assembled/2LJ5-alt-67_assembled/2LJ5-alt-73_assembled/2LJ5-alt-123_assembled/2LJ5-alt-137_assembled/2LJ5-alt-77_assembled/2LJ5-alt-63_assembled/2LJ5-alt-133_assembled/2LJ5-alt-127_assembled/2LJ5-alt-88_assembled/2LJ5-alt-279_assembled/2LJ5-alt-245_assembled/2LJ5-alt-251_assembled/2LJ5-alt-286_assembled/2LJ5-alt-292_assembled/2LJ5-alt-293_assembled/2LJ5-alt-287_assembled/2LJ5-alt-250_assembled/2LJ5-alt-244_assembled/2LJ5-alt-278_assembled/2LJ5-alt-89_assembled/2LJ5-alt-126_assembled/2LJ5-alt-132_assembled/2LJ5-alt-62_assembled/2LJ5-alt-76_assembled/2LJ5-alt-60_assembled/2LJ5-alt-118_assembled/2LJ5-alt-74_assembled/2LJ5-alt-124_assembled/2LJ5-alt-48_assembled/2LJ5-alt-130_assembled/2LJ5-alt-252_assembled/2LJ5-alt-246_assembled/2LJ5-alt-291_assembled/2LJ5-alt-285_assembled/2LJ5-alt-284_assembled/2LJ5-alt-290_assembled/2LJ5-alt-247_assembled/2LJ5-alt-253_assembled/2LJ5-alt-131_assembled/2LJ5-alt-49_assembled/2LJ5-alt-125_assembled/2LJ5-alt-75_assembled/2LJ5-alt-119_assembled/2LJ5-alt-61_assembled,30.15928947
110,63,A,0,P62987,10.32,/2LJ5-alt-78_assembled/2LJ5-alt-100_assembled/2LJ5-alt-114_assembled/2LJ5-alt-44_assembled/2LJ5-alt-50_assembled/2LJ5-alt-128_assembled/2LJ5-alt-87_assembled/2LJ5-alt-93_assembled/2LJ5-alt-276_assembled/2LJ5-alt-262_assembled/2LJ5-alt-289_assembled/2LJ5-alt-288_assembled/2LJ5-alt-263_assembled/2LJ5-alt-277_assembled/2LJ5-alt-92_assembled/2LJ5-alt-86_assembled/2LJ5-alt-129_assembled/2LJ5-alt-51_assembled/2LJ5-alt-45_assembled/2LJ5-alt-115_assembled/2LJ5-alt-101_assembled/2LJ5-alt-79_assembled/2LJ5-alt-117_assembled/2LJ5-alt-103_assembled/2LJ5-alt-53_assembled/2LJ5-alt-47_assembled/2LJ5-alt-90_assembled/2LJ5-alt-84_assembled/2LJ5-alt-301_assembled/2LJ5-alt-261_assembled/2LJ5-alt-275_assembled/2LJ5-alt-249_assembled/2LJ5-alt-248_assembled/2LJ5-alt-274_assembled/2LJ5-alt-260_assembled/2LJ5-alt-300_assembled/2LJ5-alt-85_assembled/2LJ5-alt-91_assembled/2LJ5-alt-46_assembled/2LJ5-alt-52_assembled/2LJ5-alt-102_assembled/2LJ5-alt-116_assembled/2LJ5-alt-56_assembled/2LJ5-alt-42_assembled/2LJ5-alt-112_assembled/2LJ5-alt-106_assembled/2LJ5-alt-95_assembled/2LJ5-alt-81_assembled/2LJ5-alt-258_assembled/2LJ5-alt-264_assembled/2LJ5-alt-270_assembled/2LJ5-alt-271_assembled/2LJ5-alt-265_assembled/2LJ5-alt-259_assembled/2LJ5-alt-80_assembled/2LJ5-alt-94_assembled/2LJ5-alt-107_assembled/2LJ5-alt-113_assembled/2LJ5-alt-43_assembled/2LJ5-alt-57_assembled/2LJ5-alt-139_assembled/2LJ5-alt-41_assembled/2LJ5-alt-55_assembled/2LJ5-alt-105_assembled/2LJ5-alt-111_assembled/2LJ5-alt-69_assembled/2LJ5-alt-82_assembled/2LJ5-alt-96_assembled/2LJ5-alt-273_assembled/2LJ5-alt-267_assembled/2LJ5-alt-298_assembled/2LJ5-alt-299_assembled/2LJ5-alt-266_assembled/2LJ5-alt-272_assembled/2LJ5-alt-97_assembled/2LJ5-alt-83_assembled/2LJ5-alt-68_assembled/2LJ5-alt-110_assembled/2LJ5-alt-104_assembled/2LJ5-alt-54_assembled/2LJ5-alt-40_assembled/2LJ5-alt-138_assembled/2LJ5-alt-163_assembled/2LJ5-alt-177_assembled/2LJ5-alt-27_assembled/2LJ5-alt-33_assembled/2LJ5-alt-188_assembled/2LJ5-alt-215_assembled/2LJ5-alt-201_assembled/2LJ5-alt-229_assembled/2LJ5-alt-3_assembled/2LJ5-alt-2_assembled/2LJ5-alt-228_assembled/2LJ5-alt-200_assembled/2LJ5-alt-214_assembled/2LJ5-alt-189_assembled/2LJ5-alt-32_assembled/2LJ5-alt-26_assembled/2LJ5-alt-176_assembled/2LJ5-alt-162_assembled/2LJ5-alt-174_assembled/2LJ5-alt-160_assembled/2LJ5-alt-18_assembled/2LJ5-alt-148_assembled/2LJ5-alt-30_assembled/2LJ5-alt-24_assembled/2LJ5-alt-202_assembled/2LJ5-alt-216_assembled/2LJ5-alt-1_assembled/2LJ5-alt-217_assembled/2LJ5-alt-203_assembled/2LJ5-alt-25_assembled/2LJ5-alt-31_assembled/2LJ5-alt-149_assembled/2LJ5-alt-19_assembled/2LJ5-alt-161_assembled/2LJ5-alt-175_assembled/2LJ5-alt-35_assembled/2LJ5-alt-21_assembled/2LJ5-alt-159_assembled/2LJ5-alt-171_assembled/2LJ5-alt-165_assembled/2LJ5-alt-207_assembled/2LJ5-alt-213_assembled/2LJ5-alt-5_assembled/2LJ5-alt-4_assembled/2LJ5-alt-212_assembled/2LJ5-alt-206_assembled/2LJ5-alt-164_assembled/2LJ5-alt-170_assembled/2LJ5-alt-158_assembled/2LJ5-alt-20_assembled/2LJ5-alt-34_assembled/2LJ5-alt-22_assembled/2LJ5-alt-36_assembled/2LJ5-alt-166_assembled/2LJ5-alt-172_assembled/2LJ5-alt-199_assembled/2LJ5-alt-238_assembled/2LJ5-alt-210_assembled/2LJ5-alt-204_assembled/2LJ5-alt-6_assembled/2LJ5-alt-7_assembled/2LJ5-alt-205_assembled/2LJ5-alt-211_assembled/2LJ5-alt-239_assembled/2LJ5-alt-198_assembled/2LJ5-alt-173_assembled/2LJ5-alt-167_assembled/2LJ5-alt-37_assembled/2LJ5-alt-23_assembled/2LJ5-alt-142_assembled/2LJ5-alt-156_assembled/2LJ5-alt-12_assembled/2LJ5-alt-181_assembled/2LJ5-alt-195_assembled/2LJ5-alt-234_assembled/2LJ5-alt-220_assembled/2LJ5-alt-208_assembled/2LJ5-alt-209_assembled/2LJ5-alt-221_assembled/2LJ5-alt-235_assembled/2LJ5-alt-194_assembled/2LJ5-alt-180_assembled/2LJ5-alt-13_assembled/2LJ5-alt-157_assembled/2LJ5-alt-143_assembled/2LJ5-alt-155_assembled/2LJ5-alt-39_assembled/2LJ5-alt-141_assembled/2LJ5-alt-11_assembled/2LJ5-alt-169_assembled/2LJ5-alt-196_assembled/2LJ5-alt-182_assembled/2LJ5-alt-223_assembled/2LJ5-alt-237_assembled/2LJ5-alt-9_assembled/2LJ5-alt-8_assembled/2LJ5-alt-236_assembled/2LJ5-alt-222_assembled/2LJ5-alt-183_assembled/2LJ5-alt-197_assembled/2LJ5-alt-168_assembled/2LJ5-alt-10_assembled/2LJ5-alt-140_assembled/2LJ5-alt-38_assembled/2LJ5-alt-154_assembled/2LJ5-alt-14_assembled/2LJ5-alt-178_assembled/2LJ5-alt-150_assembled/2LJ5-alt-28_assembled/2LJ5-alt-144_assembled/2LJ5-alt-193_assembled/2LJ5-alt-187_assembled/2LJ5-alt-226_assembled/2LJ5-alt-232_assembled/2LJ5-alt-233_assembled/2LJ5-alt-227_assembled/2LJ5-alt-186_assembled/2LJ5-alt-192_assembled/2LJ5-alt-145_assembled/2LJ5-alt-29_assembled/2LJ5-alt-151_assembled/2LJ5-alt-179_assembled/2LJ5-alt-15_assembled/2LJ5-alt-17_assembled/2LJ5-alt-147_assembled/2LJ5-alt-153_assembled/2LJ5-alt-184_assembled/2LJ5-alt-190_assembled/2LJ5-alt-219_assembled/2LJ5-alt-231_assembled/2LJ5-alt-225_assembled/2LJ5-alt-224_assembled/2LJ5-alt-230_assembled/2LJ5-alt-218_assembled/2LJ5-alt-191_assembled/2LJ5-alt-185_assembled/2LJ5-alt-152_assembled/2LJ5-alt-146_assembled/2LJ5-alt-16_assembled/2LJ5-alt-121_assembled/2LJ5-alt-59_assembled/2LJ5-alt-135_assembled/2LJ5-alt-65_assembled/2LJ5-alt-109_assembled/2LJ5-alt-71_assembled/2LJ5-alt-257_assembled/2LJ5-alt-243_assembled/2LJ5-alt-294_assembled/2LJ5-alt-280_assembled/2LJ5-alt-281_assembled/2LJ5-alt-295_assembled/2LJ5-alt-242_assembled/2LJ5-alt-256_assembled/2LJ5-alt-70_assembled/2LJ5-alt-108_assembled/2LJ5-alt-64_assembled/2LJ5-alt-134_assembled/2LJ5-alt-58_assembled/2LJ5-alt-120_assembled/2LJ5-alt-136_assembled/2LJ5-alt-122_assembled/2LJ5-alt-72_assembled/2LJ5-alt-66_assembled/2LJ5-alt-99_assembled/2LJ5-alt-240_assembled/2LJ5-alt-254_assembled/2LJ5-alt-268_assembled/2LJ5-alt-283_assembled/2LJ5-alt-297_assembled/2LJ5-alt-296_assembled/2LJ5-alt-282_assembled/2LJ5-alt-269_assembled/2LJ5-alt-255_assembled/2LJ5-alt-241_assembled/2LJ5-alt-98_assembled/2LJ5-alt-67_assembled/2LJ5-alt-73_assembled/2LJ5-alt-123_assembled/2LJ5-alt-137_assembled/2LJ5-alt-77_assembled/2LJ5-alt-63_assembled/2LJ5-alt-133_assembled/2LJ5-alt-127_assembled/2LJ5-alt-88_assembled/2LJ5-alt-279_assembled/2LJ5-alt-245_assembled/2LJ5-alt-251_assembled/2LJ5-alt-286_assembled/2LJ5-alt-292_assembled/2LJ5-alt-293_assembled/2LJ5-alt-287_assembled/2LJ5-alt-250_assembled/2LJ5-alt-244_assembled/2LJ5-alt-278_assembled/2LJ5-alt-89_assembled/2LJ5-alt-126_assembled/2LJ5-alt-132_assembled/2LJ5-alt-62_assembled/2LJ5-alt-76_assembled/2LJ5-alt-60_assembled/2LJ5-alt-118_assembled/2LJ5-alt-74_assembled/2LJ5-alt-124_assembled/2LJ5-alt-48_assembled/2LJ5-alt-130_assembled/2LJ5-alt-252_assembled/2LJ5-alt-246_assembled/2LJ5-alt-291_assembled/2LJ5-alt-285_assembled/2LJ5-alt-284_assembled/2LJ5-alt-290_assembled/2LJ5-alt-247_assembled/2LJ5-alt-253_assembled/2LJ5-alt-131_assembled/2LJ5-alt-49_assembled/2LJ5-alt-125_assembled/2LJ5-alt-75_assembled/2LJ5-alt-119_assembled/2LJ5-alt-61_assembled,71.71208831
111,6,B,0,P62987,9.65,/2MBH-alt-20_assembled/2MBH-alt-19_assembled/2MBH-alt-18_assembled/2MBH-alt-9_assembled/2MBH-alt-8_assembled/2MBH-alt-1_assembled/2MBH-alt-3_assembled/2MBH-alt-2_assembled/2MBH-alt-6_assembled/2MBH-alt-7_assembled/2MBH-alt-5_assembled/2MBH-alt-4_assembled/2MBH-alt-15_assembled/2MBH-alt-14_assembled/2MBH-alt-16_assembled/2MBH-alt-17_assembled/2MBH-alt-13_assembled/2MBH-alt-12_assembled/2MBH-alt-10_assembled/2MBH-alt-11_assembled,47.18253287
112,11,B,0,P62987,10.37,/2MBH-alt-20_assembled/2MBH-alt-19_assembled/2MBH-alt-18_assembled/2MBH-alt-9_assembled/2MBH-alt-8_assembled/2MBH-alt-1_assembled/2MBH-alt-3_assembled/2MBH-alt-2_assembled/2MBH-alt-6_assembled/2MBH-alt-7_assembled/2MBH-alt-5_assembled/2MBH-alt-4_assembled/2MBH-alt-15_assembled/2MBH-alt-14_assembled/2MBH-alt-16_assembled/2MBH-alt-17_assembled/2MBH-alt-13_assembled/2MBH-alt-12_assembled/2MBH-alt-10_assembled/2MBH-alt-11_assembled,73.32058374
113,27,B,0,P62987,6.24,/2MBH-alt-20_assembled/2MBH-alt-19_assembled/2MBH-alt-18_assembled/2MBH-alt-9_assembled/2MBH-alt-8_assembled/2MBH-alt-1_assembled/2MBH-alt-3_assembled/2MBH-alt-2_assembled/2MBH-alt-6_assembled/2MBH-alt-7_assembled/2MBH-alt-5_assembled/2MBH-alt-4_assembled/2MBH-alt-15_assembled/2MBH-alt-14_assembled/2MBH-alt-16_assembled/2MBH-alt-17_assembled/2MBH-alt-13_assembled/2MBH-alt-12_assembled/2MBH-alt-10_assembled/2MBH-alt-11_assembled,0
114,29,B,0,P62987,9.56,/2MBH-alt-20_assembled/2MBH-alt-19_assembled/2MBH-alt-18_assembled/2MBH-alt-9_assembled/2MBH-alt-8_assembled/2MBH-alt-1_assembled/2MBH-alt-3_assembled/2MBH-alt-2_assembled/2MBH-alt-6_assembled/2MBH-alt-7_assembled/2MBH-alt-5_assembled/2MBH-alt-4_assembled/2MBH-alt-15_assembled/2MBH-alt-14_assembled/2MBH-alt-16_assembled/2MBH-alt-17_assembled/2MBH-alt-13_assembled/2MBH-alt-12_assembled/2MBH-alt-10_assembled/2MBH-alt-11_assembled,27.47846374
115,33,B,0,P62987,9.82,/2MBH-alt-20_assembled/2MBH-alt-19_assembled/2MBH-alt-18_assembled/2MBH-alt-9_assembled/2MBH-alt-8_assembled/2MBH-alt-1_assembled/2MBH-alt-3_assembled/2MBH-alt-2_assembled/2MBH-alt-6_assembled/2MBH-alt-7_assembled/2MBH-alt-5_assembled/2MBH-alt-4_assembled/2MBH-alt-15_assembled/2MBH-alt-14_assembled/2MBH-alt-16_assembled/2MBH-alt-17_assembled/2MBH-alt-13_assembled/2MBH-alt-12_assembled/2MBH-alt-10_assembled/2MBH-alt-11_assembled,65.41214784
116,48,B,0,P62987,10.19,/2MBH-alt-20_assembled/2MBH-alt-19_assembled/2MBH-alt-18_assembled/2MBH-alt-9_assembled/2MBH-alt-8_assembled/2MBH-alt-1_assembled/2MBH-alt-3_assembled/2MBH-alt-2_assembled/2MBH-alt-6_assembled/2MBH-alt-7_assembled/2MBH-alt-5_assembled/2MBH-alt-4_assembled/2MBH-alt-15_assembled/2MBH-alt-14_assembled/2MBH-alt-16_assembled/2MBH-alt-17_assembled/2MBH-alt-13_assembled/2MBH-alt-12_assembled/2MBH-alt-10_assembled/2MBH-alt-11_assembled,55.22501006
117,63,B,0,P62987,10.26,/2MBH-alt-20_assembled/2MBH-alt-19_assembled/2MBH-alt-18_assembled/2MBH-alt-9_assembled/2MBH-alt-8_assembled/2MBH-alt-1_assembled/2MBH-alt-3_assembled/2MBH-alt-2_assembled/2MBH-alt-6_assembled/2MBH-alt-7_assembled/2MBH-alt-5_assembled/2MBH-alt-4_assembled/2MBH-alt-15_assembled/2MBH-alt-14_assembled/2MBH-alt-16_assembled/2MBH-alt-17_assembled/2MBH-alt-13_assembled/2MBH-alt-12_assembled/2MBH-alt-10_assembled/2MBH-alt-11_assembled,83.90984538
118,8,A,92.43,Q9HB71,10.42,/AF-Q9HB71-F1-model_v1,85.25025825
119,14,A,92.99,Q9HB71,11.34,/AF-Q9HB71-F1-model_v1,47.04849158
120,19,A,93.08,Q9HB71,10.43,/AF-Q9HB71-F1-model_v1,94.63314831
121,23,A,92.78,Q9HB71,10.44,/AF-Q9HB71-F1-model_v1,83.23963895
122,33,A,92.02,Q9HB71,10.47,/AF-Q9HB71-F1-model_v1,46.78040901
123,35,A,90.93,Q9HB71,11.64,/AF-Q9HB71-F1-model_v1,69.03126257
124,41,A,87.59,Q9HB71,10.41,/AF-Q9HB71-F1-model_v1,72.38229474
125,43,A,82.57,Q9HB71,10.28,/AF-Q9HB71-F1-model_v1,53.75055591
126,74,A,94.06,Q9HB71,10.38,/AF-Q9HB71-F1-model_v1,107.6351531
127,85,A,97.52,Q9HB71,10.61,/AF-Q9HB71-F1-model_v1,73.7227076
128,88,A,98.16,Q9HB71,10.86,/AF-Q9HB71-F1-model_v1,38.20176667
129,118,A,94.09,Q9HB71,10.17,/AF-Q9HB71-F1-model_v1,44.23362456
130,123,A,91.82,Q9HB71,11.74,/AF-Q9HB71-F1-model_v1,52.54418433
131,134,A,96.89,Q9HB71,10.06,/AF-Q9HB71-F1-model_v1,39.40813825
132,143,A,97.17,Q9HB71,9.8,/AF-Q9HB71-F1-model_v1,42.49108784
133,144,A,96.72,Q9HB71,10.29,/AF-Q9HB71-F1-model_v1,87.79704269
134,146,A,95.62,Q9HB71,10.17,/AF-Q9HB71-F1-model_v1,88.7353317
135,156,A,98.16,Q9HB71,9.14,/AF-Q9HB71-F1-model_v1,0
136,157,A,97.21,Q9HB71,11.36,/AF-Q9HB71-F1-model_v1,60.98878538
137,171,A,92.02,Q9HB71,10.98,/AF-Q9HB71-F1-model_v1,53.08034948
138,174,A,86.11,Q9HB71,11.65,/AF-Q9HB71-F1-model_v1,62.73132211
139,176,A,75.74,Q9HB71,10.7,/AF-Q9HB71-F1-model_v1,95.16931345
140,212,A,76.83,Q9HB71,10.41,/AF-Q9HB71-F1-model_v1,53.34843205
141,25,A,91.83,P0DMV9,11.59,/AF-P0DMV9-F1-model_v1,76.26949205
142,56,A,96.77,P0DMV9,11.55,/AF-P0DMV9-F1-model_v1,26.40613345
143,71,A,94.2,P0DMV9,11.4,/AF-P0DMV9-F1-model_v1,0
144,77,A,90.85,P0DMV9,10.1,/AF-P0DMV9-F1-model_v1,73.85674889
145,88,A,91.51,P0DMV9,10.32,/AF-P0DMV9-F1-model_v1,80.55881322
146,100,A,90.74,P0DMV9,10.33,/AF-P0DMV9-F1-model_v1,8.042477193
147,102,A,96.89,P0DMV9,12.12,/AF-P0DMV9-F1-model_v1,22.65297743
148,108,A,92.13,P0DMV9,12.03,/AF-P0DMV9-F1-model_v1,33.10819778
149,112,A,96.53,P0DMV9,9.75,/AF-P0DMV9-F1-model_v1,16.35303696
150,126,A,97.79,P0DMV9,10.99,/AF-P0DMV9-F1-model_v1,24.52955544
151,128,A,97.57,P0DMV9,9.52,/AF-P0DMV9-F1-model_v1,15.54878924
152,159,A,93.79,P0DMV9,10.08,/AF-P0DMV9-F1-model_v1,49.46123474
153,220,A,97.03,P0DMV9,11.09,/AF-P0DMV9-F1-model_v1,32.84011521
154,246,A,97.73,P0DMV9,11.51,/AF-P0DMV9-F1-model_v1,57.36967064
155,248,A,97.69,P0DMV9,11.03,/AF-P0DMV9-F1-model_v1,38.46984924
156,250,A,96.51,P0DMV9,10.24,/AF-P0DMV9-F1-model_v1,78.54819392
157,251,A,96.81,P0DMV9,11.3,/AF-P0DMV9-F1-model_v1,25.8699683
158,257,A,92.65,P0DMV9,9.74,/AF-P0DMV9-F1-model_v1,47.58465673
159,271,A,98.05,P0DMV9,11.25,/AF-P0DMV9-F1-model_v1,23.72530772
160,319,A,94.33,P0DMV9,10.73,/AF-P0DMV9-F1-model_v1,36.72731252
161,325,A,96.97,P0DMV9,10.42,/AF-P0DMV9-F1-model_v1,86.18854725
162,328,A,96.53,P0DMV9,9.71,/AF-P0DMV9-F1-model_v1,45.70807871
163,345,A,98.01,P0DMV9,10.17,/AF-P0DMV9-F1-model_v1,51.20377146
164,348,A,97.89,P0DMV9,10.71,/AF-P0DMV9-F1-model_v1,72.51633603
165,361,A,90.95,P0DMV9,10.05,/AF-P0DMV9-F1-model_v1,59.7824138
166,384,A,83.67,P0DMV9,10.45,/AF-P0DMV9-F1-model_v1,87.66300141
167,415,A,93.48,P0DMV9,10.4,/AF-P0DMV9-F1-model_v1,94.36506573
168,423,A,96.45,P0DMV9,10.56,/AF-P0DMV9-F1-model_v1,62.06111567
169,451,A,83.46,P0DMV9,10.7,/AF-P0DMV9-F1-model_v1,78.28011135
170,493,A,88.6,P0DMV9,11.42,/AF-P0DMV9-F1-model_v1,35.25285836
171,512,A,74.49,P0DMV9,10.56,/AF-P0DMV9-F1-model_v1,92.75657029
172,524,A,87.27,P0DMV9,10.68,/AF-P0DMV9-F1-model_v1,75.7333269
173,526,A,81.38,P0DMV9,10.78,/AF-P0DMV9-F1-model_v1,69.43338643
174,539,A,90.36,P0DMV9,10.25,/AF-P0DMV9-F1-model_v1,44.23362456
175,550,A,88.83,P0DMV9,10.54,/AF-P0DMV9-F1-model_v1,41.41875754
176,561,A,77.1,P0DMV9,10.38,/AF-P0DMV9-F1-model_v1,58.44200094
177,567,A,87.78,P0DMV9,10.4,/AF-P0DMV9-F1-model_v1,30.82949591
178,568,A,90.94,P0DMV9,10.67,/AF-P0DMV9-F1-model_v1,60.18453766
179,569,A,91.63,P0DMV9,10.45,/AF-P0DMV9-F1-model_v1,68.76318
180,573,A,94.39,P0DMV9,12.03,/AF-P0DMV9-F1-model_v1,7.640353334
181,589,A,91.75,P0DMV9,11.78,/AF-P0DMV9-F1-model_v1,30.96353719
182,595,A,95.06,P0DMV9,11.06,/AF-P0DMV9-F1-model_v1,12.59988094
183,597,A,94.86,P0DMV9,10.57,/AF-P0DMV9-F1-model_v1,68.09297357
184,25,A,91.39,P0DMV8,11.61,/AF-P0DMV8-F1-model_v1,72.91845988
185,56,A,96.98,P0DMV8,11.68,/AF-P0DMV8-F1-model_v1,32.03586749
186,71,A,95.51,P0DMV8,11.31,/AF-P0DMV8-F1-model_v1,0
187,77,A,92.15,P0DMV8,10.34,/AF-P0DMV8-F1-model_v1,83.23963895
188,88,A,91.52,P0DMV8,10.33,/AF-P0DMV8-F1-model_v1,82.30134994
189,100,A,91.23,P0DMV8,10.15,/AF-P0DMV8-F1-model_v1,0
190,102,A,97.29,P0DMV8,10.89,/AF-P0DMV8-F1-model_v1,23.85934901
191,108,A,90.64,P0DMV8,12.12,/AF-P0DMV8-F1-model_v1,32.43799135
192,112,A,95.57,P0DMV8,11.19,/AF-P0DMV8-F1-model_v1,16.08495439
193,126,A,97.65,P0DMV8,11,/AF-P0DMV8-F1-model_v1,37.53156023
194,128,A,97.58,P0DMV8,9.38,/AF-P0DMV8-F1-model_v1,16.21899567
195,159,A,92.68,P0DMV8,10.03,/AF-P0DMV8-F1-model_v1,66.88660199
196,190,A,71.95,P0DMV8,9.96,/AF-P0DMV8-F1-model_v1,67.55680842
197,220,A,95.88,P0DMV8,11.05,/AF-P0DMV8-F1-model_v1,29.75716561
198,246,A,97.74,P0DMV8,11.76,/AF-P0DMV8-F1-model_v1,45.30595485
199,248,A,97.27,P0DMV8,11.03,/AF-P0DMV8-F1-model_v1,19.16790398
200,250,A,96.77,P0DMV8,10.19,/AF-P0DMV8-F1-model_v1,77.20778105
201,251,A,96.88,P0DMV8,11.46,/AF-P0DMV8-F1-model_v1,43.29533556
202,257,A,92.31,P0DMV8,9.76,/AF-P0DMV8-F1-model_v1,49.8633586
203,271,A,98.42,P0DMV8,11.24,/AF-P0DMV8-F1-model_v1,23.05510129
204,319,A,94.76,P0DMV8,10.76,/AF-P0DMV8-F1-model_v1,32.70607392
205,325,A,96.78,P0DMV8,10.42,/AF-P0DMV8-F1-model_v1,83.7758041
206,328,A,97.1,P0DMV8,9.76,/AF-P0DMV8-F1-model_v1,34.44861064
207,345,A,98.29,P0DMV8,10.37,/AF-P0DMV8-F1-model_v1,53.08034948
208,348,A,97.96,P0DMV8,11.43,/AF-P0DMV8-F1-model_v1,50.39952374
209,361,A,90.79,P0DMV8,10.03,/AF-P0DMV8-F1-model_v1,57.10158807
210,384,A,82.71,P0DMV8,10.45,/AF-P0DMV8-F1-model_v1,103.8819971
211,415,A,92.77,P0DMV8,10.38,/AF-P0DMV8-F1-model_v1,103.8819971
212,423,A,94.91,P0DMV8,10.56,/AF-P0DMV8-F1-model_v1,56.69946421
213,451,A,84.26,P0DMV8,10.59,/AF-P0DMV8-F1-model_v1,70.63975801
214,493,A,91.69,P0DMV8,11.36,/AF-P0DMV8-F1-model_v1,28.55079404
215,497,A,82.47,P0DMV8,10.22,/AF-P0DMV8-F1-model_v1,30.42737205
216,500,A,73.15,P0DMV8,10.4,/AF-P0DMV8-F1-model_v1,88.19916655
217,512,A,80.19,P0DMV8,11.58,/AF-P0DMV8-F1-model_v1,84.17792796
218,524,A,87.23,P0DMV8,10.62,/AF-P0DMV8-F1-model_v1,78.95031778
219,526,A,81,P0DMV8,10.64,/AF-P0DMV8-F1-model_v1,112.8627633
220,539,A,90.13,P0DMV8,10.28,/AF-P0DMV8-F1-model_v1,51.60589532
221,550,A,88.93,P0DMV8,10.59,/AF-P0DMV8-F1-model_v1,49.46123474
222,561,A,77.97,P0DMV8,10.39,/AF-P0DMV8-F1-model_v1,63.66961111
223,567,A,89.53,P0DMV8,10.45,/AF-P0DMV8-F1-model_v1,28.81887661
224,568,A,92.29,P0DMV8,10.68,/AF-P0DMV8-F1-model_v1,65.14406526
225,569,A,93.02,P0DMV8,10.44,/AF-P0DMV8-F1-model_v1,73.7227076
226,573,A,95.48,P0DMV8,12.04,/AF-P0DMV8-F1-model_v1,7.238229474
227,589,A,89.87,P0DMV8,11.8,/AF-P0DMV8-F1-model_v1,49.99739988
228,595,A,95.13,P0DMV8,11.1,/AF-P0DMV8-F1-model_v1,11.9296745
229,597,A,94.93,P0DMV8,10.57,/AF-P0DMV8-F1-model_v1,78.28011135
230,28,A,91.94,P10809,11.32,/AF-P10809-F1-model_v1,43.69745942
231,31,A,94.58,P10809,10.52,/AF-P10809-F1-model_v1,39.00601439
232,58,A,95.23,P10809,10.29,/AF-P10809-F1-model_v1,34.8507345
233,72,A,91.4,P10809,11.15,/AF-P10809-F1-model_v1,34.71669322
234,75,A,91.61,P10809,8.35,/AF-P10809-F1-model_v1,7.506312047
235,82,A,92.53,P10809,10.17,/AF-P10809-F1-model_v1,71.71208831
236,87,A,95.2,P10809,10.45,/AF-P10809-F1-model_v1,95.7054786
237,89,A,94.87,P10809,10.41,/AF-P10809-F1-model_v1,66.88660199
238,91,A,96.66,P10809,10.33,/AF-P10809-F1-model_v1,38.73793181
239,96,A,95.89,P10809,11.29,/AF-P10809-F1-model_v1,54.55480363
240,125,A,95.9,P10809,10.8,/AF-P10809-F1-model_v1,70.23763415
241,130,A,91.29,P10809,10.31,/AF-P10809-F1-model_v1,45.30595485
242,133,A,72.71,P10809,10.48,/AF-P10809-F1-model_v1,104.6862448
243,156,A,95.98,P10809,10.26,/AF-P10809-F1-model_v1,82.56943252
244,157,A,96.82,P10809,11.04,/AF-P10809-F1-model_v1,64.33981755
245,160,A,94.65,P10809,10.37,/AF-P10809-F1-model_v1,90.87999228
246,180,A,94.23,P10809,10.32,/AF-P10809-F1-model_v1,98.38630433
247,191,A,89.34,P10809,10.91,/AF-P10809-F1-model_v1,42.22300526
248,192,A,86.42,P10809,10.38,/AF-P10809-F1-model_v1,63.13344597
249,196,A,71.91,P10809,10.47,/AF-P10809-F1-model_v1,122.5137359
250,202,A,82.48,P10809,10.28,/AF-P10809-F1-model_v1,77.60990491
251,205,A,83.9,P10809,10.42,/AF-P10809-F1-model_v1,105.2224099
252,218,A,85.96,P10809,11.82,/AF-P10809-F1-model_v1,21.71468842
253,233,A,80.61,P10809,10.47,/AF-P10809-F1-model_v1,91.95232258
254,236,A,86.56,P10809,10.53,/AF-P10809-F1-model_v1,46.64636772
255,249,A,92.42,P10809,10.48,/AF-P10809-F1-model_v1,68.76318
256,250,A,93.81,P10809,10.78,/AF-P10809-F1-model_v1,52.27610176
257,269,A,93.24,P10809,10.48,/AF-P10809-F1-model_v1,45.84212
258,292,A,91.54,P10809,10.34,/AF-P10809-F1-model_v1,67.28872585
259,301,A,96.91,P10809,11.23,/AF-P10809-F1-model_v1,49.19315217
260,310,A,93.62,P10809,12.46,/AF-P10809-F1-model_v1,29.22100047
261,314,A,93.5,P10809,10.97,/AF-P10809-F1-model_v1,39.27409696
262,344,A,95.56,P10809,10.27,/AF-P10809-F1-model_v1,49.19315217
263,352,A,92.49,P10809,10.75,/AF-P10809-F1-model_v1,73.58866632
264,359,A,84.35,P10809,10.64,/AF-P10809-F1-model_v1,96.37568503
265,361,A,90.03,P10809,11.44,/AF-P10809-F1-model_v1,49.8633586
266,364,A,89.29,P10809,10.53,/AF-P10809-F1-model_v1,106.0266577
267,369,A,94.46,P10809,10.49,/AF-P10809-F1-model_v1,89.00341427
268,387,A,83.42,P10809,10.76,/AF-P10809-F1-model_v1,47.04849158
269,389,A,86.02,P10809,12.61,/AF-P10809-F1-model_v1,22.51893614
270,396,A,80.69,P10809,10.1,/AF-P10809-F1-model_v1,19.83811041
271,405,A,89.18,P10809,11.5,/AF-P10809-F1-model_v1,39.54217953
272,417,A,91.98,P10809,11.23,/AF-P10809-F1-model_v1,21.04448199
273,418,A,89.46,P10809,11.23,/AF-P10809-F1-model_v1,57.10158807
274,462,A,96.12,P10809,11.39,/AF-P10809-F1-model_v1,48.52294573
275,469,A,97.07,P10809,12.31,/AF-P10809-F1-model_v1,21.58064714
276,473,A,97.95,P10809,9.75,/AF-P10809-F1-model_v1,27.8805876
277,481,A,97.27,P10809,10.33,/AF-P10809-F1-model_v1,87.66300141
278,493,A,96.38,P10809,10.18,/AF-P10809-F1-model_v1,55.62713392
279,516,A,93.61,P10809,10.73,/AF-P10809-F1-model_v1,61.52495053
280,523,A,96.34,P10809,11.28,/AF-P10809-F1-model_v1,33.77840421
281,551,A,72.53,P10809,10.61,/AF-P10809-F1-model_v1,67.28872585
282,18,A,98.7,P63261,11.83,/AF-P63261-F1-model_v1,19.57002784
283,50,A,84.31,P63261,11.5,/AF-P63261-F1-model_v1,57.63775322
284,61,A,90.69,P63261,11.23,/AF-P63261-F1-model_v1,21.58064714
285,68,A,95.98,P63261,10.33,/AF-P63261-F1-model_v1,72.7844186
286,84,A,98.25,P63261,10.29,/AF-P63261-F1-model_v1,21.98277099
287,113,A,95.36,P63261,10.35,/AF-P63261-F1-model_v1,91.95232258
288,118,A,98.25,P63261,10.3,/AF-P63261-F1-model_v1,44.23362456
289,191,A,97,P63261,10.43,/AF-P63261-F1-model_v1,92.22040515
290,213,A,98.62,P63261,9.51,/AF-P63261-F1-model_v1,11.52755064
291,215,A,98.21,P63261,11.38,/AF-P63261-F1-model_v1,66.88660199
292,238,A,97.88,P63261,10.18,/AF-P63261-F1-model_v1,69.56742772
293,284,A,98.44,P63261,10.21,/AF-P63261-F1-model_v1,53.21439076
294,291,A,97.86,P63261,10.81,/AF-P63261-F1-model_v1,69.96955158
295,315,A,98.5,P63261,11.14,/AF-P63261-F1-model_v1,42.22300526
296,326,A,97.04,P63261,10.41,/AF-P63261-F1-model_v1,108.037277
297,328,A,98.48,P63261,9.94,/AF-P63261-F1-model_v1,63.8036524
298,336,A,96.81,P63261,11.3,/AF-P63261-F1-model_v1,66.88660199
299,359,A,97.02,P63261,10.32,/AF-P63261-F1-model_v1,38.20176667
300,373,A,92.11,P63261,11.1,/AF-P63261-F1-model_v1,19.70406912
301,10,A,79.3,Q99832,10.4,/AF-Q99832-F1-model_v1,87.52896012
302,47,A,91.62,Q99832,9.79,/AF-Q99832-F1-model_v1,30.56141333
303,55,A,89.75,Q99832,11.11,/AF-Q99832-F1-model_v1,86.85875369
304,67,A,92.26,Q99832,11.4,/AF-Q99832-F1-model_v1,57.23562936
305,77,A,93.86,Q99832,10.59,/AF-Q99832-F1-model_v1,88.33320784
306,84,A,92.4,Q99832,10.2,/AF-Q99832-F1-model_v1,54.55480363
307,106,A,96.96,Q99832,10.41,/AF-Q99832-F1-model_v1,51.8739779
308,109,A,94.74,Q99832,10.5,/AF-Q99832-F1-model_v1,37.39751895
309,135,A,96.43,Q99832,11.38,/AF-Q99832-F1-model_v1,28.81887661
310,137,A,94.19,Q99832,10.27,/AF-Q99832-F1-model_v1,72.91845988
311,144,A,71.28,Q99832,10.45,/AF-Q99832-F1-model_v1,101.6032952
312,145,A,70.55,Q99832,10.52,/AF-Q99832-F1-model_v1,47.98678059
313,148,A,79.29,Q99832,10.43,/AF-Q99832-F1-model_v1,103.7479558
314,153,A,86.84,Q99832,10.64,/AF-Q99832-F1-model_v1,60.31857895
315,157,A,89.41,Q99832,9.1,/AF-Q99832-F1-model_v1,8.980766199
316,166,A,81.72,Q99832,12.3,/AF-Q99832-F1-model_v1,9.919055205
317,172,A,90.5,Q99832,9.86,/AF-Q99832-F1-model_v1,54.15267977
318,177,A,94.38,Q99832,10.51,/AF-Q99832-F1-model_v1,82.7034738
319,193,A,88.02,Q99832,10.41,/AF-Q99832-F1-model_v1,121.3073643
320,198,A,93.64,Q99832,9.94,/AF-Q99832-F1-model_v1,26.13805088
321,199,A,93.03,Q99832,11.38,/AF-Q99832-F1-model_v1,42.49108784
322,217,A,92.73,Q99832,11.26,/AF-Q99832-F1-model_v1,63.8036524
323,218,A,90.77,Q99832,9.69,/AF-Q99832-F1-model_v1,0
324,230,A,93.22,Q99832,8.94,/AF-Q99832-F1-model_v1,21.31256456
325,231,A,95.37,Q99832,11.43,/AF-Q99832-F1-model_v1,46.37828515
326,236,A,94.73,Q99832,10.14,/AF-Q99832-F1-model_v1,71.71208831
327,247,A,70.4,Q99832,10.59,/AF-Q99832-F1-model_v1,98.11822176
328,277,A,93.42,Q99832,10.92,/AF-Q99832-F1-model_v1,50.26548246
329,280,A,93.6,Q99832,11.26,/AF-Q99832-F1-model_v1,29.62312433
330,287,A,95.37,Q99832,10.05,/AF-Q99832-F1-model_v1,45.97616129
331,292,A,94.77,Q99832,11.31,/AF-Q99832-F1-model_v1,42.75917041
332,320,A,92.83,Q99832,11.48,/AF-Q99832-F1-model_v1,68.22701486
333,366,A,74.37,Q99832,10.34,/AF-Q99832-F1-model_v1,100.3969236
334,368,A,83.63,Q99832,11.46,/AF-Q99832-F1-model_v1,59.11220737
335,401,A,83.88,Q99832,9.65,/AF-Q99832-F1-model_v1,72.91845988
336,418,A,96.35,Q99832,10.86,/AF-Q99832-F1-model_v1,20.9104407
337,430,A,91.89,Q99832,10.26,/AF-Q99832-F1-model_v1,57.7717945
338,440,A,96.68,Q99832,10.09,/AF-Q99832-F1-model_v1,62.99940468
339,463,A,94.87,Q99832,11.34,/AF-Q99832-F1-model_v1,39.94430339
340,521,A,86.26,Q99832,10.37,/AF-Q99832-F1-model_v1,74.7950379
341,6,A,74.41,P62807,10.45,/AF-P62807-F1-model_v1,98.52034562
342,12,A,77.73,P62807,10.48,/AF-P62807-F1-model_v1,107.6351531
343,13,A,77.83,P62807,10.48,/AF-P62807-F1-model_v1,96.24164375
344,16,A,76.26,P62807,10.48,/AF-P62807-F1-model_v1,89.6736207
345,17,A,77.26,P62807,10.47,/AF-P62807-F1-model_v1,97.98418047
346,21,A,74.52,P62807,10.47,/AF-P62807-F1-model_v1,96.24164375
347,44,A,95.2,P62807,10.47,/AF-P62807-F1-model_v1,93.6948593
348,47,A,97.63,P62807,10.35,/AF-P62807-F1-model_v1,26.54017474
349,58,A,97.06,P62807,10.46,/AF-P62807-F1-model_v1,108.7074834
350,86,A,96.92,P62807,10.46,/AF-P62807-F1-model_v1,104.9543274
351,109,A,95.4,P62807,11.15,/AF-P62807-F1-model_v1,75.86736819
352,117,A,92.27,P62807,11.47,/AF-P62807-F1-model_v1,69.43338643
353,121,A,92.78,P62807,10.39,/AF-P62807-F1-model_v1,101.7373365
354,52,A,81.33,P67809,11.51,/AF-P67809-F1-model_v1,41.41875754
355,53,A,90.77,P67809,10.42,/AF-P67809-F1-model_v1,77.47586363
356,58,A,92.8,P67809,10.66,/AF-P67809-F1-model_v1,82.16730866
357,64,A,95.88,P67809,11.42,/AF-P67809-F1-model_v1,69.83551029
358,81,A,91.81,P67809,10.45,/AF-P67809-F1-model_v1,103.3458319
359,92,A,90.96,P67809,10.28,/AF-P67809-F1-model_v1,74.92907918
360,93,A,90.16,P67809,10.25,/AF-P67809-F1-model_v1,65.68023041
361,98,A,88.83,P67809,10.95,/AF-P67809-F1-model_v1,8.17651848
362,118,A,87.58,P67809,10.52,/AF-P67809-F1-model_v1,109.7798137
363,137,A,90.3,P67809,11.39,/AF-P67809-F1-model_v1,85.25025825
364,25,A,0,P60709,10.64,/6NBW-alt1B_assembled/6NBW-alt1A_assembled,48.12082187
365,37,A,0,P60709,10.21,/6NBW-alt1B_assembled/6NBW-alt1A_assembled,30.56141333
366,53,A,0,P60709,10.32,/6NBW-alt1B_assembled/6NBW-alt1A_assembled,95.97356117
367,69,A,0,P60709,10.36,/6NBW-alt1B_assembled/6NBW-alt1A_assembled,65.14406526
368,90,A,0,P60709,9.97,/6NBW-alt1B_assembled/6NBW-alt1A_assembled,26.40613345
369,104,A,0,P60709,9.54,/6NBW-alt1B_assembled/6NBW-alt1A_assembled,22.92106
370,107,A,0,P60709,10.66,/6NBW-alt1B_assembled/6NBW-alt1A_assembled,37.53156023
371,115,A,0,P60709,10.35,/6NBW-alt1B_assembled/6NBW-alt1A_assembled,47.31657415
372,125,A,0,P60709,10.71,/6NBW-alt1B_assembled/6NBW-alt1A_assembled,61.25686795
373,126,A,0,P60709,10.98,/6NBW-alt1B_assembled/6NBW-alt1A_assembled,13.0020048
374,18,A,0,P60709,10.63,/3BYH-alt-1_assembled,16.62111953
375,50,A,0,P60709,9.01,/3BYH-alt-1_assembled,28.01462889
376,61,A,0,P60709,10.21,/3BYH-alt-1_assembled,54.42076234
377,68,A,0,P60709,9.39,/3BYH-alt-1_assembled,16.88920211
378,84,A,0,P60709,9.93,/3BYH-alt-1_assembled,30.56141333
379,113,A,0,P60709,11.17,/3BYH-alt-1_assembled,55.09096877
380,118,A,0,P60709,9.78,/3BYH-alt-1_assembled,39.54217953
381,191,A,0,P60709,10.52,/3BYH-alt-1_assembled,73.18654246
382,213,A,0,P60709,9.99,/3BYH-alt-1_assembled,8.846724913
383,215,A,0,P60709,11.74,/3BYH-alt-1_assembled,38.73793181
384,238,A,0,P60709,10.12,/3BYH-alt-1_assembled,30.02524819
385,284,A,0,P60709,9.76,/3BYH-alt-1_assembled,36.05710608
386,291,A,0,P60709,11.48,/3BYH-alt-1_assembled,47.45061544
387,315,A,0,P60709,10.38,/3BYH-alt-1_assembled,34.44861064
388,326,A,0,P60709,9.99,/3BYH-alt-1_assembled,65.27810655
389,328,A,0,P60709,10.31,/3BYH-alt-1_assembled,55.22501006
390,336,A,0,P60709,9.29,/3BYH-alt-1_assembled,57.63775322
391,359,A,0,P60709,10.3,/3BYH-alt-1_assembled,26.00400959
392,373,A,0,P60709,10.63,/3BYH-alt-1_assembled,40.74855111
393,430,B,0,P60709,9.73,/3BYH-alt-1_assembled,53.48247333
394,439,B,0,P60709,10.46,/3BYH-alt-1_assembled,80.96093708
395,443,B,0,P60709,10.3,/3BYH-alt-1_assembled,55.62713392
396,447,B,0,P60709,10.39,/3BYH-alt-1_assembled,74.7950379
397,452,B,0,P60709,9.98,/3BYH-alt-1_assembled,27.74654632
398,461,B,0,P60709,10.16,/3BYH-alt-1_assembled,51.60589532
399,464,B,0,P60709,9.65,/3BYH-alt-1_assembled,54.95692749
400,467,B,0,P60709,10.28,/3BYH-alt-1_assembled,75.7333269
401,483,B,0,P60709,10.28,/3BYH-alt-1_assembled,53.88459719
402,484,B,0,P60709,10.29,/3BYH-alt-1_assembled,82.30134994
403,503,B,0,P60709,10.11,/3BYH-alt-1_assembled,44.76978971
404,521,B,0,P60709,9.68,/3BYH-alt-1_assembled,27.21038117
405,528,B,0,P60709,10.45,/3BYH-alt-1_assembled,86.7247124
406,535,B,0,P60709,9.66,/3BYH-alt-1_assembled,30.82949591
407,537,B,0,P60709,10.14,/3BYH-alt-1_assembled,53.88459719
408,564,B,0,P60709,11.28,/3BYH-alt-1_assembled,62.06111567
409,571,B,0,P60709,10.49,/3BYH-alt-1_assembled,23.18914257
410,584,B,0,P60709,10.43,/3BYH-alt-1_assembled,71.17592316
411,602,B,0,P60709,6.16,/3BYH-alt-1_assembled,6.970146901
412,11,A,0,P12277,11.33,/3B6R-alt-1_assembled/3DRB-alt-1_assembled,12.06371579
413,32,A,0,P12277,10.61,/3B6R-alt-1_assembled/3DRB-alt-1_assembled,43.16129427
414,45,A,0,P12277,10.41,/3B6R-alt-1_assembled/3DRB-alt-1_assembled,39.40813825
415,86,A,0,P12277,11.79,/3B6R-alt-1_assembled/3DRB-alt-1_assembled,47.98678059
416,101,A,0,P12277,11.56,/3B6R-alt-1_assembled/3DRB-alt-1_assembled,47.71869801
417,107,A,0,P12277,10.74,/3B6R-alt-1_assembled/3DRB-alt-1_assembled,74.52695532
418,156,A,0,P12277,10.52,/3B6R-alt-1_assembled/3DRB-alt-1_assembled,63.8036524
419,177,A,0,P12277,10.46,/3B6R-alt-1_assembled/3DRB-alt-1_assembled,92.89061158
420,196,A,0,P12277,10.23,/3B6R-alt-1_assembled/3DRB-alt-1_assembled,52.67822562
421,223,A,0,P12277,11.35,/3B6R-alt-1_assembled/3DRB-alt-1_assembled,34.8507345
422,242,A,0,P12277,10.37,/3B6R-alt-1_assembled/3DRB-alt-1_assembled,112.3265981
423,247,A,0,P12277,10.31,/3B6R-alt-1_assembled/3DRB-alt-1_assembled,54.95692749
424,265,A,0,P12277,10.75,/3B6R-alt-1_assembled/3DRB-alt-1_assembled,75.46524433
425,267,A,0,P12277,10.76,/3B6R-alt-1_assembled/3DRB-alt-1_assembled,48.79102831
426,298,A,0,P12277,10.18,/3B6R-alt-1_assembled/3DRB-alt-1_assembled,39.67622082
427,304,A,0,P12277,8.26,/3B6R-alt-1_assembled/3DRB-alt-1_assembled,15.9509131
428,307,A,0,P12277,10.5,/3B6R-alt-1_assembled/3DRB-alt-1_assembled,27.61250503
429,313,A,0,P12277,11.31,/3B6R-alt-1_assembled/3DRB-alt-1_assembled,49.59527602
430,319,A,0,P12277,9.12,/3B6R-alt-1_assembled/3DRB-alt-1_assembled,27.07633988
431,358,A,0,P12277,10.69,/3B6R-alt-1_assembled/3DRB-alt-1_assembled,86.7247124
432,381,A,0,P12277,10.09,/3B6R-alt-1_assembled/3DRB-alt-1_assembled,41.68684012
433,11,B,0,P12277,11.27,/3B6R-alt-1_assembled/3DRB-alt-1_assembled,11.39350936
434,32,B,0,P12277,11.4,/3B6R-alt-1_assembled/3DRB-alt-1_assembled,43.42937684
435,45,B,0,P12277,10.49,/3B6R-alt-1_assembled/3DRB-alt-1_assembled,46.37828515
436,86,B,0,P12277,11.74,/3B6R-alt-1_assembled/3DRB-alt-1_assembled,43.42937684
437,101,B,0,P12277,10.61,/3B6R-alt-1_assembled/3DRB-alt-1_assembled,48.79102831
438,107,B,0,P12277,10.42,/3B6R-alt-1_assembled/3DRB-alt-1_assembled,84.31196924
439,156,B,0,P12277,10.08,/3B6R-alt-1_assembled/3DRB-alt-1_assembled,33.24223907
440,177,B,0,P12277,10.4,/3B6R-alt-1_assembled/3DRB-alt-1_assembled,62.59728082
441,196,B,0,P12277,11.47,/3B6R-alt-1_assembled/3DRB-alt-1_assembled,30.69545462
442,223,B,0,P12277,9.94,/3B6R-alt-1_assembled/3DRB-alt-1_assembled,25.60188573
443,242,B,0,P12277,10.39,/3B6R-alt-1_assembled/3DRB-alt-1_assembled,74.25887275
444,247,B,0,P12277,10.37,/3B6R-alt-1_assembled/3DRB-alt-1_assembled,33.37628035
445,265,B,0,P12277,10.64,/3B6R-alt-1_assembled/3DRB-alt-1_assembled,60.05049638
446,267,B,0,P12277,8.93,/3B6R-alt-1_assembled/3DRB-alt-1_assembled,7.238229474
447,298,B,0,P12277,9.85,/3B6R-alt-1_assembled/3DRB-alt-1_assembled,38.73793181
448,304,B,0,P12277,10.41,/3B6R-alt-1_assembled/3DRB-alt-1_assembled,73.18654246
449,307,B,0,P12277,9.87,/3B6R-alt-1_assembled/3DRB-alt-1_assembled,44.09958328
450,313,B,0,P12277,10.4,/3B6R-alt-1_assembled/3DRB-alt-1_assembled,60.58666152
451,319,B,0,P12277,9.86,/3B6R-alt-1_assembled/3DRB-alt-1_assembled,56.8335055
452,358,B,0,P12277,10.36,/3B6R-alt-1_assembled/3DRB-alt-1_assembled,45.57403743
453,381,B,0,P12277,10.01,/3B6R-alt-1_assembled/3DRB-alt-1_assembled,61.52495053
454,4,A,0,P00338,10.4,/5W8J-alt1B_assembled/5W8J-alt1A_assembled,77.07373977
455,13,A,0,P00338,10.46,/5W8J-alt1B_assembled/5W8J-alt1A_assembled,91.28211614
456,21,A,0,P00338,9.52,/5W8J-alt1B_assembled/5W8J-alt1A_assembled,0
457,41,A,0,P00338,9.02,/5W8J-alt1B_assembled/5W8J-alt1A_assembled,0
458,56,A,0,P00338,11.35,/5W8J-alt1B_assembled/5W8J-alt1A_assembled,35.38689965
459,58,A,0,P00338,10.09,/5W8J-alt1B_assembled/5W8J-alt1A_assembled,51.20377146
460,75,A,0,P00338,10.41,/5W8J-alt1B_assembled/5W8J-alt1A_assembled,47.31657415
461,80,A,0,P00338,10.5,/5W8J-alt1B_assembled/5W8J-alt1A_assembled,37.66560152
462,89,A,0,P00338,8.32,/5W8J-alt1B_assembled/5W8J-alt1A_assembled,43.69745942
463,117,A,0,P00338,9.37,/5W8J-alt1B_assembled/5W8J-alt1A_assembled,34.18052807
464,125,A,0,P00338,10.36,/5W8J-alt1B_assembled/5W8J-alt1A_assembled,63.13344597
465,131,A,0,P00338,8,/5W8J-alt1B_assembled/5W8J-alt1A_assembled,0
466,148,A,0,P00338,9.06,/5W8J-alt1B_assembled/5W8J-alt1A_assembled,27.61250503
467,154,A,0,P00338,7.87,/5W8J-alt1B_assembled/5W8J-alt1A_assembled,8.17651848
468,211,A,0,P00338,9.35,/5W8J-alt1B_assembled/5W8J-alt1A_assembled,45.70807871
469,221,A,0,P00338,10.68,/5W8J-alt1B_assembled/5W8J-alt1A_assembled,67.42276714
470,223,A,0,P00338,10.23,/5W8J-alt1B_assembled/5W8J-alt1A_assembled,27.34442246
471,227,A,0,P00338,11.3,/5W8J-alt1B_assembled/5W8J-alt1A_assembled,48.52294573
472,231,A,0,P00338,10.35,/5W8J-alt1B_assembled/5W8J-alt1A_assembled,39.14005567
473,242,A,0,P00338,10.46,/5W8J-alt1B_assembled/5W8J-alt1A_assembled,76.40353334
474,244,A,0,P00338,9.76,/5W8J-alt1B_assembled/5W8J-alt1A_assembled,7.104188187
475,264,A,0,P00338,9.24,/5W8J-alt1B_assembled/5W8J-alt1A_assembled,60.72070281
476,277,A,0,P00338,11.12,/5W8J-alt1B_assembled/5W8J-alt1A_assembled,40.61450983
477,283,A,0,P00338,10.39,/5W8J-alt1B_assembled/5W8J-alt1A_assembled,92.35444644
478,304,A,0,P00338,5.74,/5W8J-alt1B_assembled/5W8J-alt1A_assembled,0
479,316,A,0,P00338,11.1,/5W8J-alt1B_assembled/5W8J-alt1A_assembled,50.53356503
480,317,A,0,P00338,10.46,/5W8J-alt1B_assembled/5W8J-alt1A_assembled/6SBV-alt1B_assembled/6SBV-alt1A_assembled,83.23963895
481,327,A,0,P00338,10.43,/5W8J-alt1B_assembled/5W8J-alt1A_assembled,68.49509743
482,5,A,0,P00338,10.35,/6SBV-alt1B_assembled/6SBV-alt1A_assembled,56.8335055
483,14,A,0,P00338,7.93,/6SBV-alt1B_assembled/6SBV-alt1A_assembled,9.785013918
484,22,A,0,P00338,9.28,/6SBV-alt1B_assembled/6SBV-alt1A_assembled,0
485,42,A,0,P00338,10.7,/6SBV-alt1B_assembled/6SBV-alt1A_assembled,14.61050023
486,57,A,0,P00338,11.33,/6SBV-alt1B_assembled/6SBV-alt1A_assembled,39.00601439
487,59,A,0,P00338,8.07,/6SBV-alt1B_assembled/6SBV-alt1A_assembled,31.36566105
488,76,A,0,P00338,10,/6SBV-alt1B_assembled/6SBV-alt1A_assembled,23.59126643
489,81,A,0,P00338,10.68,/6SBV-alt1B_assembled/6SBV-alt1A_assembled,43.96554199
490,90,A,0,P00338,8.93,/6SBV-alt1B_assembled/6SBV-alt1A_assembled,36.8613538
491,118,A,0,P00338,10.45,/6SBV-alt1B_assembled/6SBV-alt1A_assembled,15.9509131
492,126,A,0,P00338,10.66,/6SBV-alt1B_assembled/6SBV-alt1A_assembled,56.96754679
493,132,A,0,P00338,5.15,/6SBV-alt1B_assembled/6SBV-alt1A_assembled,0
494,149,A,0,P00338,10.15,/6SBV-alt1B_assembled/6SBV-alt1A_assembled,30.56141333
495,155,A,0,P00338,9.8,/6SBV-alt1B_assembled/6SBV-alt1A_assembled,38.60389053
496,212,A,0,P00338,10.13,/6SBV-alt1B_assembled/6SBV-alt1A_assembled,42.8932117
497,222,A,0,P00338,10.71,/6SBV-alt1B_assembled/6SBV-alt1A_assembled,56.56542293
498,224,A,0,P00338,10.45,/6SBV-alt1B_assembled/6SBV-alt1A_assembled,83.10559766
499,228,A,0,P00338,10.4,/6SBV-alt1B_assembled/6SBV-alt1A_assembled,41.8208814
500,232,A,0,P00338,11.68,/6SBV-alt1B_assembled/6SBV-alt1A_assembled,38.60389053
501,243,A,0,P00338,10.28,/6SBV-alt1B_assembled/6SBV-alt1A_assembled,76.53757462
502,245,A,0,P00338,10.16,/6SBV-alt1B_assembled/6SBV-alt1A_assembled,9.248848772
503,265,A,0,P00338,9.76,/6SBV-alt1B_assembled/6SBV-alt1A_assembled,32.84011521
504,278,A,0,P00338,11.44,/6SBV-alt1B_assembled/6SBV-alt1A_assembled,33.51032164
505,284,A,0,P00338,10.42,/6SBV-alt1B_assembled/6SBV-alt1A_assembled,86.85875369
506,305,A,0,P00338,9.72,/6SBV-alt1B_assembled/6SBV-alt1A_assembled,36.05710608
507,318,A,0,P00338,10.14,/6SBV-alt1B_assembled/6SBV-alt1A_assembled,49.72931731
508,328,A,0,P00338,10.26,/6SBV-alt1B_assembled/6SBV-alt1A_assembled,35.9230648
509,4,B,0,P00338,9.84,/5W8J-alt1B_assembled/5W8J-alt1A_assembled,64.07173497
510,13,B,0,P00338,10.49,/5W8J-alt1B_assembled/5W8J-alt1A_assembled,90.34382714
511,21,B,0,P00338,9.85,/5W8J-alt1B_assembled/5W8J-alt1A_assembled,0
512,41,B,0,P00338,10.86,/5W8J-alt1B_assembled/5W8J-alt1A_assembled,27.47846374
513,56,B,0,P00338,9.96,/5W8J-alt1B_assembled/5W8J-alt1A_assembled,33.10819778
514,58,B,0,P00338,10.41,/5W8J-alt1B_assembled/5W8J-alt1A_assembled,65.54618912
515,75,B,0,P00338,10.17,/5W8J-alt1B_assembled/5W8J-alt1A_assembled,51.60589532
516,80,B,0,P00338,10.61,/5W8J-alt1B_assembled/5W8J-alt1A_assembled,43.29533556
517,89,B,0,P00338,8.49,/5W8J-alt1B_assembled/5W8J-alt1A_assembled,27.8805876
518,117,B,0,P00338,10.3,/5W8J-alt1B_assembled/5W8J-alt1A_assembled,23.85934901
519,125,B,0,P00338,10.72,/5W8J-alt1B_assembled/5W8J-alt1A_assembled,69.70146901
520,131,B,0,P00338,7.77,/5W8J-alt1B_assembled/5W8J-alt1A_assembled,21.17852328
521,148,B,0,P00338,10.34,/5W8J-alt1B_assembled/5W8J-alt1A_assembled,42.62512912
522,154,B,0,P00338,9.2,/5W8J-alt1B_assembled/5W8J-alt1A_assembled,36.8613538
523,211,B,0,P00338,10.09,/5W8J-alt1B_assembled/5W8J-alt1A_assembled,32.03586749
524,231,B,0,P00338,11,/5W8J-alt1B_assembled/5W8J-alt1A_assembled,36.05710608
525,242,B,0,P00338,10.7,/5W8J-alt1B_assembled/5W8J-alt1A_assembled,65.41214784
526,244,B,0,P00338,2.94,/5W8J-alt1B_assembled/5W8J-alt1A_assembled,0
527,264,B,0,P00338,9.34,/5W8J-alt1B_assembled/5W8J-alt1A_assembled,19.16790398
528,277,B,0,P00338,11.41,/5W8J-alt1B_assembled/5W8J-alt1A_assembled,32.16990877
529,304,B,0,P00338,9.87,/5W8J-alt1B_assembled/5W8J-alt1A_assembled,21.71468842
530,316,B,0,P00338,11.14,/5W8J-alt1B_assembled/5W8J-alt1A_assembled,37.39751895
531,327,B,0,P00338,10.61,/5W8J-alt1B_assembled/5W8J-alt1A_assembled,37.12943638
532,5,B,0,P00338,6.94,/6SBV-alt1B_assembled/6SBV-alt1A_assembled,20.10619298
533,14,B,0,P00338,10.45,/6SBV-alt1B_assembled/6SBV-alt1A_assembled,73.45462503
534,22,B,0,P00338,9.86,/6SBV-alt1B_assembled/6SBV-alt1A_assembled,0
535,42,B,0,P00338,9.16,/6SBV-alt1B_assembled/6SBV-alt1A_assembled,19.03386269
536,57,B,0,P00338,9.92,/6SBV-alt1B_assembled/6SBV-alt1A_assembled,28.9529179
537,59,B,0,P00338,10.22,/6SBV-alt1B_assembled/6SBV-alt1A_assembled,43.02725298
538,76,B,0,P00338,10.69,/6SBV-alt1B_assembled/6SBV-alt1A_assembled,53.48247333
539,81,B,0,P00338,10.51,/6SBV-alt1B_assembled/6SBV-alt1A_assembled,35.38689965
540,90,B,0,P00338,9.97,/6SBV-alt1B_assembled/6SBV-alt1A_assembled,38.20176667
541,118,B,0,P00338,9.93,/6SBV-alt1B_assembled/6SBV-alt1A_assembled,28.68483532
542,126,B,0,P00338,10.59,/6SBV-alt1B_assembled/6SBV-alt1A_assembled,45.70807871
543,132,B,0,P00338,8.48,/6SBV-alt1B_assembled/6SBV-alt1A_assembled,8.578642339
544,149,B,0,P00338,11.1,/6SBV-alt1B_assembled/6SBV-alt1A_assembled,28.68483532
545,155,B,0,P00338,10.17,/6SBV-alt1B_assembled/6SBV-alt1A_assembled,51.33781275
546,212,B,0,P00338,10.13,/6SBV-alt1B_assembled/6SBV-alt1A_assembled,41.15067497
547,222,B,0,P00338,10.74,/6SBV-alt1B_assembled/6SBV-alt1A_assembled,53.75055591
548,224,B,0,P00338,10.45,/6SBV-alt1B_assembled/6SBV-alt1A_assembled,80.69285451
549,228,B,0,P00338,10.95,/6SBV-alt1B_assembled/6SBV-alt1A_assembled,43.29533556
550,232,B,0,P00338,11.4,/6SBV-alt1B_assembled/6SBV-alt1A_assembled,38.33580795
551,243,B,0,P00338,10.74,/6SBV-alt1B_assembled/6SBV-alt1A_assembled,27.07633988
552,245,B,0,P00338,2.91,/6SBV-alt1B_assembled/6SBV-alt1A_assembled,0
553,265,B,0,P00338,9.04,/6SBV-alt1B_assembled/6SBV-alt1A_assembled,24.12743158
554,278,B,0,P00338,11.22,/6SBV-alt1B_assembled/6SBV-alt1A_assembled,43.69745942
555,284,B,0,P00338,10.36,/6SBV-alt1B_assembled/6SBV-alt1A_assembled,87.39491883
556,305,B,0,P00338,10.32,/6SBV-alt1B_assembled/6SBV-alt1A_assembled,39.67622082
557,317,B,0,P00338,10.6,/6SBV-alt1B_assembled/6SBV-alt1A_assembled,42.35704655
558,318,B,0,P00338,10.42,/6SBV-alt1B_assembled/6SBV-alt1A_assembled,62.73132211
559,328,B,0,P00338,11.25,/6SBV-alt1B_assembled/6SBV-alt1A_assembled,36.72731252
560,4,C,0,P00338,10.13,/5W8J-alt1B_assembled/5W8J-alt1A_assembled,47.8527393
561,21,C,0,P00338,9.75,/5W8J-alt1B_assembled/5W8J-alt1A_assembled,0
562,41,C,0,P00338,10.96,/5W8J-alt1B_assembled/5W8J-alt1A_assembled,18.49769754
563,56,C,0,P00338,11.07,/5W8J-alt1B_assembled/5W8J-alt1A_assembled,50.93568889
564,58,C,0,P00338,11.04,/5W8J-alt1B_assembled/5W8J-alt1A_assembled,57.50371193
565,75,C,0,P00338,10.53,/5W8J-alt1B_assembled/5W8J-alt1A_assembled,46.51232643
566,80,C,0,P00338,10.66,/5W8J-alt1B_assembled/5W8J-alt1A_assembled,53.61651462
567,89,C,0,P00338,9.3,/5W8J-alt1B_assembled/5W8J-alt1A_assembled,33.64436292
568,117,C,0,P00338,11.31,/5W8J-alt1B_assembled/5W8J-alt1A_assembled,39.81026211
569,125,C,0,P00338,10.78,/5W8J-alt1B_assembled/5W8J-alt1A_assembled,65.14406526
570,131,C,0,P00338,7.93,/5W8J-alt1B_assembled/5W8J-alt1A_assembled,11.9296745
571,154,C,0,P00338,10.08,/5W8J-alt1B_assembled/5W8J-alt1A_assembled,53.75055591
572,211,C,0,P00338,9.87,/5W8J-alt1B_assembled/5W8J-alt1A_assembled,41.41875754
573,227,C,0,P00338,10.1,/5W8J-alt1B_assembled/5W8J-alt1A_assembled,55.22501006
574,242,C,0,P00338,10.46,/5W8J-alt1B_assembled/5W8J-alt1A_assembled,107.098988
575,244,C,0,P00338,11.97,/5W8J-alt1B_assembled/5W8J-alt1A_assembled,0
576,264,C,0,P00338,9.43,/5W8J-alt1B_assembled/5W8J-alt1A_assembled,19.43598655
577,277,C,0,P00338,11.37,/5W8J-alt1B_assembled/5W8J-alt1A_assembled,48.65698702
578,304,C,0,P00338,9.73,/5W8J-alt1B_assembled/5W8J-alt1A_assembled,38.33580795
579,316,C,0,P00338,11.5,/5W8J-alt1B_assembled/5W8J-alt1A_assembled,36.72731252
580,317,C,0,P00338,10.46,/5W8J-alt1B_assembled/5W8J-alt1A_assembled/6SBV-alt1B_assembled/6SBV-alt1A_assembled,93.82890059
581,327,C,0,P00338,10.56,/5W8J-alt1B_assembled/5W8J-alt1A_assembled,53.75055591
582,5,C,0,P00338,10.39,/6SBV-alt1B_assembled/6SBV-alt1A_assembled,77.7439462
583,14,C,0,P00338,10.45,/6SBV-alt1B_assembled/6SBV-alt1A_assembled,88.19916655
584,22,C,0,P00338,8.43,/6SBV-alt1B_assembled/6SBV-alt1A_assembled,0
585,42,C,0,P00338,10.5,/6SBV-alt1B_assembled/6SBV-alt1A_assembled,9.114807486
586,57,C,0,P00338,7.8,/6SBV-alt1B_assembled/6SBV-alt1A_assembled,8.042477193
587,59,C,0,P00338,10.44,/6SBV-alt1B_assembled/6SBV-alt1A_assembled,57.50371193
588,76,C,0,P00338,10.55,/6SBV-alt1B_assembled/6SBV-alt1A_assembled,57.23562936
589,81,C,0,P00338,10.73,/6SBV-alt1B_assembled/6SBV-alt1A_assembled,54.68884491
590,90,C,0,P00338,4.44,/6SBV-alt1B_assembled/6SBV-alt1A_assembled,0
591,118,C,0,P00338,11.18,/6SBV-alt1B_assembled/6SBV-alt1A_assembled,36.19114737
592,126,C,0,P00338,10.81,/6SBV-alt1B_assembled/6SBV-alt1A_assembled,40.07834468
593,132,C,0,P00338,2.36,/6SBV-alt1B_assembled/6SBV-alt1A_assembled,0
594,149,C,0,P00338,9.96,/6SBV-alt1B_assembled/6SBV-alt1A_assembled,44.09958328
595,155,C,0,P00338,10.16,/6SBV-alt1B_assembled/6SBV-alt1A_assembled,56.8335055
596,212,C,0,P00338,9.18,/6SBV-alt1B_assembled/6SBV-alt1A_assembled,32.03586749
597,222,C,0,P00338,10.72,/6SBV-alt1B_assembled/6SBV-alt1A_assembled,53.88459719
598,224,C,0,P00338,10.4,/6SBV-alt1B_assembled/6SBV-alt1A_assembled,81.09497836
599,228,C,0,P00338,9.32,/6SBV-alt1B_assembled/6SBV-alt1A_assembled,37.12943638
600,232,C,0,P00338,10.13,/6SBV-alt1B_assembled/6SBV-alt1A_assembled,13.9402938
601,243,C,0,P00338,10.61,/6SBV-alt1B_assembled/6SBV-alt1A_assembled,56.8335055
602,245,C,0,P00338,4.67,/6SBV-alt1B_assembled/6SBV-alt1A_assembled,0
603,265,C,0,P00338,9.72,/6SBV-alt1B_assembled/6SBV-alt1A_assembled,34.04648678
604,278,C,0,P00338,11.29,/6SBV-alt1B_assembled/6SBV-alt1A_assembled,37.39751895
605,284,C,0,P00338,10.33,/6SBV-alt1B_assembled/6SBV-alt1A_assembled,60.45262024
606,305,C,0,P00338,10.42,/6SBV-alt1B_assembled/6SBV-alt1A_assembled,85.38429953
607,318,C,0,P00338,10.42,/6SBV-alt1B_assembled/6SBV-alt1A_assembled,62.99940468
608,328,C,0,P00338,10.42,/6SBV-alt1B_assembled/6SBV-alt1A_assembled,45.17191357
609,4,D,0,P00338,10.21,/5W8J-alt1B_assembled/5W8J-alt1A_assembled,40.07834468
610,21,D,0,P00338,9.76,/5W8J-alt1B_assembled/5W8J-alt1A_assembled,0
611,41,D,0,P00338,10.2,/5W8J-alt1B_assembled/5W8J-alt1A_assembled,19.16790398
612,56,D,0,P00338,11.15,/5W8J-alt1B_assembled/5W8J-alt1A_assembled,38.06772538
613,58,D,0,P00338,11.01,/5W8J-alt1B_assembled/5W8J-alt1A_assembled,54.42076234
614,75,D,0,P00338,10.48,/5W8J-alt1B_assembled/5W8J-alt1A_assembled,53.21439076
615,80,D,0,P00338,11.18,/5W8J-alt1B_assembled/5W8J-alt1A_assembled,65.94831298
616,89,D,0,P00338,9.69,/5W8J-alt1B_assembled/5W8J-alt1A_assembled,47.8527393
617,117,D,0,P00338,11.32,/5W8J-alt1B_assembled/5W8J-alt1A_assembled,38.60389053
618,125,D,0,P00338,11.34,/5W8J-alt1B_assembled/5W8J-alt1A_assembled,64.07173497
619,131,D,0,P00338,8.34,/5W8J-alt1B_assembled/5W8J-alt1A_assembled,12.19775708
620,148,D,0,P00338,10.21,/5W8J-alt1B_assembled/5W8J-alt1A_assembled,36.99539509
621,154,D,0,P00338,9.81,/5W8J-alt1B_assembled/5W8J-alt1A_assembled,50.53356503
622,211,D,0,P00338,9.93,/5W8J-alt1B_assembled/5W8J-alt1A_assembled,38.33580795
623,242,D,0,P00338,10.45,/5W8J-alt1B_assembled/5W8J-alt1A_assembled,96.10760246
624,244,D,0,P00338,12.02,/5W8J-alt1B_assembled/5W8J-alt1A_assembled,0
625,264,D,0,P00338,9.39,/5W8J-alt1B_assembled/5W8J-alt1A_assembled,52.54418433
626,277,D,0,P00338,11.22,/5W8J-alt1B_assembled/5W8J-alt1A_assembled,43.29533556
627,304,D,0,P00338,10.36,/5W8J-alt1B_assembled/5W8J-alt1A_assembled,100.1288411
628,316,D,0,P00338,11.08,/5W8J-alt1B_assembled/5W8J-alt1A_assembled,43.02725298
629,317,D,0,P00338,10.44,/5W8J-alt1B_assembled/5W8J-alt1A_assembled/6SBV-alt1B_assembled/6SBV-alt1A_assembled,89.40553813
630,327,D,0,P00338,10.58,/5W8J-alt1B_assembled/5W8J-alt1A_assembled,52.94630819
631,5,D,0,P00338,4.82,/6SBV-alt1B_assembled/6SBV-alt1A_assembled,0
632,14,D,0,P00338,5.18,/6SBV-alt1B_assembled/6SBV-alt1A_assembled,0
633,22,D,0,P00338,9.49,/6SBV-alt1B_assembled/6SBV-alt1A_assembled,0
634,42,D,0,P00338,8.9,/6SBV-alt1B_assembled/6SBV-alt1A_assembled,0
635,57,D,0,P00338,8.03,/6SBV-alt1B_assembled/6SBV-alt1A_assembled,8.17651848
636,59,D,0,P00338,8.9,/6SBV-alt1B_assembled/6SBV-alt1A_assembled,36.45922994
637,76,D,0,P00338,7.59,/6SBV-alt1B_assembled/6SBV-alt1A_assembled,8.310559766
638,81,D,0,P00338,11.45,/6SBV-alt1B_assembled/6SBV-alt1A_assembled,39.67622082
639,90,D,0,P00338,9.79,/6SBV-alt1B_assembled/6SBV-alt1A_assembled,38.73793181
640,118,D,0,P00338,10.24,/6SBV-alt1B_assembled/6SBV-alt1A_assembled,15.01262409
641,126,D,0,P00338,10.44,/6SBV-alt1B_assembled/6SBV-alt1A_assembled,74.39291404
642,132,D,0,P00338,6.39,/6SBV-alt1B_assembled/6SBV-alt1A_assembled,0
643,149,D,0,P00338,10.36,/6SBV-alt1B_assembled/6SBV-alt1A_assembled,45.70807871
644,155,D,0,P00338,9.86,/6SBV-alt1B_assembled/6SBV-alt1A_assembled,42.75917041
645,212,D,0,P00338,10.39,/6SBV-alt1B_assembled/6SBV-alt1A_assembled,44.76978971
646,222,D,0,P00338,10.81,/6SBV-alt1B_assembled/6SBV-alt1A_assembled,54.8228862
647,224,D,0,P00338,10.61,/6SBV-alt1B_assembled/6SBV-alt1A_assembled,81.36306094
648,228,D,0,P00338,11.22,/6SBV-alt1B_assembled/6SBV-alt1A_assembled,67.42276714
649,232,D,0,P00338,10.98,/6SBV-alt1B_assembled/6SBV-alt1A_assembled,44.36766585
650,243,D,0,P00338,10.51,/6SBV-alt1B_assembled/6SBV-alt1A_assembled,40.74855111
651,245,D,0,P00338,11.57,/6SBV-alt1B_assembled/6SBV-alt1A_assembled,0
652,265,D,0,P00338,9.88,/6SBV-alt1B_assembled/6SBV-alt1A_assembled,37.66560152
653,278,D,0,P00338,11.35,/6SBV-alt1B_assembled/6SBV-alt1A_assembled,26.00400959
654,284,D,0,P00338,10.52,/6SBV-alt1B_assembled/6SBV-alt1A_assembled,69.70146901
655,305,D,0,P00338,7.59,/6SBV-alt1B_assembled/6SBV-alt1A_assembled,29.62312433
656,318,D,0,P00338,10.45,/6SBV-alt1B_assembled/6SBV-alt1A_assembled,66.48447813
657,328,D,0,P00338,10.35,/6SBV-alt1B_assembled/6SBV-alt1A_assembled,47.71869801
658,5,E,0,P00338,10.41,/6SBV-alt1B_assembled/6SBV-alt1A_assembled,75.86736819
659,14,E,0,P00338,10.58,/6SBV-alt1B_assembled/6SBV-alt1A_assembled,73.18654246
660,22,E,0,P00338,8.98,/6SBV-alt1B_assembled/6SBV-alt1A_assembled,0
661,42,E,0,P00338,10.69,/6SBV-alt1B_assembled/6SBV-alt1A_assembled,23.18914257
662,57,E,0,P00338,8,/6SBV-alt1B_assembled/6SBV-alt1A_assembled,18.22961497
663,59,E,0,P00338,10.3,/6SBV-alt1B_assembled/6SBV-alt1A_assembled,65.54618912
664,76,E,0,P00338,10.47,/6SBV-alt1B_assembled/6SBV-alt1A_assembled,41.28471626
665,81,E,0,P00338,10.48,/6SBV-alt1B_assembled/6SBV-alt1A_assembled,48.52294573
666,90,E,0,P00338,6.62,/6SBV-alt1B_assembled/6SBV-alt1A_assembled,0
667,118,E,0,P00338,9.88,/6SBV-alt1B_assembled/6SBV-alt1A_assembled,27.34442246
668,126,E,0,P00338,10.62,/6SBV-alt1B_assembled/6SBV-alt1A_assembled,46.78040901
669,132,E,0,P00338,5.1,/6SBV-alt1B_assembled/6SBV-alt1A_assembled,0
670,149,E,0,P00338,9.94,/6SBV-alt1B_assembled/6SBV-alt1A_assembled,38.33580795
671,155,E,0,P00338,8.34,/6SBV-alt1B_assembled/6SBV-alt1A_assembled,14.20837637
672,212,E,0,P00338,10.23,/6SBV-alt1B_assembled/6SBV-alt1A_assembled,50.93568889
673,222,E,0,P00338,10.6,/6SBV-alt1B_assembled/6SBV-alt1A_assembled,55.09096877
674,224,E,0,P00338,10.16,/6SBV-alt1B_assembled/6SBV-alt1A_assembled,16.88920211
675,228,E,0,P00338,10.96,/6SBV-alt1B_assembled/6SBV-alt1A_assembled,61.12282667
676,232,E,0,P00338,10.92,/6SBV-alt1B_assembled/6SBV-alt1A_assembled,38.06772538
677,243,E,0,P00338,10.15,/6SBV-alt1B_assembled/6SBV-alt1A_assembled,48.92506959
678,245,E,0,P00338,4.28,/6SBV-alt1B_assembled/6SBV-alt1A_assembled,0
679,265,E,0,P00338,9.72,/6SBV-alt1B_assembled/6SBV-alt1A_assembled,47.04849158
680,278,E,0,P00338,10.62,/6SBV-alt1B_assembled/6SBV-alt1A_assembled,44.36766585
681,284,E,0,P00338,10.27,/6SBV-alt1B_assembled/6SBV-alt1A_assembled,71.98017088
682,305,E,0,P00338,9.75,/6SBV-alt1B_assembled/6SBV-alt1A_assembled,47.45061544
683,317,E,0,P00338,10.66,/6SBV-alt1B_assembled/6SBV-alt1A_assembled,25.60188573
684,318,E,0,P00338,10.36,/6SBV-alt1B_assembled/6SBV-alt1A_assembled,70.50571673
685,328,E,0,P00338,10.33,/6SBV-alt1B_assembled/6SBV-alt1A_assembled,59.38028994
686,5,F,0,P00338,10.53,/6SBV-alt1B_assembled/6SBV-alt1A_assembled,63.13344597
687,14,F,0,P00338,10.25,/6SBV-alt1B_assembled/6SBV-alt1A_assembled,74.52695532
688,22,F,0,P00338,9.9,/6SBV-alt1B_assembled/6SBV-alt1A_assembled,0
689,42,F,0,P00338,8.94,/6SBV-alt1B_assembled/6SBV-alt1A_assembled,13.13604608
690,57,F,0,P00338,9.14,/6SBV-alt1B_assembled/6SBV-alt1A_assembled,28.81887661
691,59,F,0,P00338,9.34,/6SBV-alt1B_assembled/6SBV-alt1A_assembled,24.66359673
692,76,F,0,P00338,9.95,/6SBV-alt1B_assembled/6SBV-alt1A_assembled,46.51232643
693,81,F,0,P00338,10.59,/6SBV-alt1B_assembled/6SBV-alt1A_assembled,48.12082187
694,90,F,0,P00338,9.57,/6SBV-alt1B_assembled/6SBV-alt1A_assembled,32.57203263
695,118,F,0,P00338,10.19,/6SBV-alt1B_assembled/6SBV-alt1A_assembled,27.47846374
696,126,F,0,P00338,10.4,/6SBV-alt1B_assembled/6SBV-alt1A_assembled,74.7950379
697,132,F,0,P00338,4.78,/6SBV-alt1B_assembled/6SBV-alt1A_assembled,0
698,149,F,0,P00338,10.01,/6SBV-alt1B_assembled/6SBV-alt1A_assembled,34.31456936
699,155,F,0,P00338,9.97,/6SBV-alt1B_assembled/6SBV-alt1A_assembled,49.72931731
700,212,F,0,P00338,10.21,/6SBV-alt1B_assembled/6SBV-alt1A_assembled,53.61651462
701,222,F,0,P00338,10.79,/6SBV-alt1B_assembled/6SBV-alt1A_assembled,56.16329907
702,224,F,0,P00338,10.48,/6SBV-alt1B_assembled/6SBV-alt1A_assembled,85.38429953
703,228,F,0,P00338,11.23,/6SBV-alt1B_assembled/6SBV-alt1A_assembled,39.54217953
704,232,F,0,P00338,10.91,/6SBV-alt1B_assembled/6SBV-alt1A_assembled,37.93368409
705,243,F,0,P00338,10.39,/6SBV-alt1B_assembled/6SBV-alt1A_assembled,67.69084971
706,245,F,0,P00338,9.47,/6SBV-alt1B_assembled/6SBV-alt1A_assembled,9.382890059
707,265,F,0,P00338,10.62,/6SBV-alt1B_assembled/6SBV-alt1A_assembled,37.26347766
708,278,F,0,P00338,11.08,/6SBV-alt1B_assembled/6SBV-alt1A_assembled,35.25285836
709,284,F,0,P00338,10.48,/6SBV-alt1B_assembled/6SBV-alt1A_assembled,83.23963895
710,305,F,0,P00338,9.95,/6SBV-alt1B_assembled/6SBV-alt1A_assembled,63.40152854
711,317,F,0,P00338,9.83,/6SBV-alt1B_assembled/6SBV-alt1A_assembled,11.79563322
712,318,F,0,P00338,10.41,/6SBV-alt1B_assembled/6SBV-alt1A_assembled,73.45462503
713,328,F,0,P00338,10.59,/6SBV-alt1B_assembled/6SBV-alt1A_assembled,57.23562936
714,5,G,0,P00338,1.92,/6SBV-alt1B_assembled/6SBV-alt1A_assembled,0
715,14,G,0,P00338,5.68,/6SBV-alt1B_assembled/6SBV-alt1A_assembled,0
716,22,G,0,P00338,10.1,/6SBV-alt1B_assembled/6SBV-alt1A_assembled,0
717,42,G,0,P00338,9.77,/6SBV-alt1B_assembled/6SBV-alt1A_assembled,17.55940854
718,57,G,0,P00338,9.03,/6SBV-alt1B_assembled/6SBV-alt1A_assembled,24.39551415
719,59,G,0,P00338,10.64,/6SBV-alt1B_assembled/6SBV-alt1A_assembled,26.13805088
720,76,G,0,P00338,8.95,/6SBV-alt1B_assembled/6SBV-alt1A_assembled,20.10619298
721,81,G,0,P00338,10.57,/6SBV-alt1B_assembled/6SBV-alt1A_assembled,41.15067497
722,90,G,0,P00338,9.89,/6SBV-alt1B_assembled/6SBV-alt1A_assembled,30.29333076
723,118,G,0,P00338,10.51,/6SBV-alt1B_assembled/6SBV-alt1A_assembled,56.02925778
724,126,G,0,P00338,10.41,/6SBV-alt1B_assembled/6SBV-alt1A_assembled,70.37167544
725,132,G,0,P00338,7.63,/6SBV-alt1B_assembled/6SBV-alt1A_assembled,0
726,149,G,0,P00338,10.08,/6SBV-alt1B_assembled/6SBV-alt1A_assembled,33.24223907
727,155,G,0,P00338,10.21,/6SBV-alt1B_assembled/6SBV-alt1A_assembled,68.22701486
728,212,G,0,P00338,10.08,/6SBV-alt1B_assembled/6SBV-alt1A_assembled,42.22300526
729,222,G,0,P00338,10.67,/6SBV-alt1B_assembled/6SBV-alt1A_assembled,56.96754679
730,224,G,0,P00338,10.48,/6SBV-alt1B_assembled/6SBV-alt1A_assembled,80.82689579
731,228,G,0,P00338,11.36,/6SBV-alt1B_assembled/6SBV-alt1A_assembled,51.20377146
732,232,G,0,P00338,10.86,/6SBV-alt1B_assembled/6SBV-alt1A_assembled,42.8932117
733,243,G,0,P00338,10.47,/6SBV-alt1B_assembled/6SBV-alt1A_assembled,63.93769369
734,245,G,0,P00338,9.77,/6SBV-alt1B_assembled/6SBV-alt1A_assembled,0
735,265,G,0,P00338,10.67,/6SBV-alt1B_assembled/6SBV-alt1A_assembled,38.06772538
736,278,G,0,P00338,10.93,/6SBV-alt1B_assembled/6SBV-alt1A_assembled,37.93368409
737,284,G,0,P00338,10.45,/6SBV-alt1B_assembled/6SBV-alt1A_assembled,86.05450597
738,305,G,0,P00338,10.14,/6SBV-alt1B_assembled/6SBV-alt1A_assembled,76.13545076
739,317,G,0,P00338,10.91,/6SBV-alt1B_assembled/6SBV-alt1A_assembled,27.21038117
740,318,G,0,P00338,10.28,/6SBV-alt1B_assembled/6SBV-alt1A_assembled,70.10359287
741,328,G,0,P00338,11.42,/6SBV-alt1B_assembled/6SBV-alt1A_assembled,43.42937684
742,5,H,0,P00338,10.39,/6SBV-alt1B_assembled/6SBV-alt1A_assembled,73.45462503
743,14,H,0,P00338,8.42,/6SBV-alt1B_assembled/6SBV-alt1A_assembled,48.12082187
744,22,H,0,P00338,8.04,/6SBV-alt1B_assembled/6SBV-alt1A_assembled,0
745,42,H,0,P00338,11.68,/6SBV-alt1B_assembled/6SBV-alt1A_assembled,35.9230648
746,57,H,0,P00338,10.88,/6SBV-alt1B_assembled/6SBV-alt1A_assembled,32.03586749
747,59,H,0,P00338,10.41,/6SBV-alt1B_assembled/6SBV-alt1A_assembled,58.44200094
748,76,H,0,P00338,10.32,/6SBV-alt1B_assembled/6SBV-alt1A_assembled,50.53356503
749,81,H,0,P00338,10.58,/6SBV-alt1B_assembled/6SBV-alt1A_assembled,47.71869801
750,90,H,0,P00338,8.79,/6SBV-alt1B_assembled/6SBV-alt1A_assembled,10.18713778
751,118,H,0,P00338,11.2,/6SBV-alt1B_assembled/6SBV-alt1A_assembled,23.45722515
752,126,H,0,P00338,10.4,/6SBV-alt1B_assembled/6SBV-alt1A_assembled,74.39291404
753,132,H,0,P00338,6.89,/6SBV-alt1B_assembled/6SBV-alt1A_assembled,6.836105614
754,149,H,0,P00338,11.32,/6SBV-alt1B_assembled/6SBV-alt1A_assembled,47.71869801
755,155,H,0,P00338,10.18,/6SBV-alt1B_assembled/6SBV-alt1A_assembled,62.06111567
756,212,H,0,P00338,8.69,/6SBV-alt1B_assembled/6SBV-alt1A_assembled,22.78701871
757,222,H,0,P00338,10.8,/6SBV-alt1B_assembled/6SBV-alt1A_assembled,58.44200094
758,224,H,0,P00338,10.44,/6SBV-alt1B_assembled/6SBV-alt1A_assembled,77.47586363
759,228,H,0,P00338,10.31,/6SBV-alt1B_assembled/6SBV-alt1A_assembled,42.75917041
760,232,H,0,P00338,11.1,/6SBV-alt1B_assembled/6SBV-alt1A_assembled,38.8719731
761,243,H,0,P00338,10.04,/6SBV-alt1B_assembled/6SBV-alt1A_assembled,57.36967064
762,245,H,0,P00338,4.1,/6SBV-alt1B_assembled/6SBV-alt1A_assembled,0
763,265,H,0,P00338,8.4,/6SBV-alt1B_assembled/6SBV-alt1A_assembled,30.02524819
764,278,H,0,P00338,11.25,/6SBV-alt1B_assembled/6SBV-alt1A_assembled,34.04648678
765,284,H,0,P00338,10.3,/6SBV-alt1B_assembled/6SBV-alt1A_assembled,79.7545655
766,305,H,0,P00338,10.37,/6SBV-alt1B_assembled/6SBV-alt1A_assembled,78.28011135
767,317,H,0,P00338,11.33,/6SBV-alt1B_assembled/6SBV-alt1A_assembled,38.60389053
768,318,H,0,P00338,9.75,/6SBV-alt1B_assembled/6SBV-alt1A_assembled,45.03787228
769,328,H,0,P00338,10.63,/6SBV-alt1B_assembled/6SBV-alt1A_assembled,60.72070281
770,87,A,91.65,Q12931,10.47,/AF-Q12931-F1-model_v1,98.78842819
771,95,A,85.46,Q12931,10.41,/AF-Q12931-F1-model_v1,70.90784059
772,96,A,88.09,Q12931,11.09,/AF-Q12931-F1-model_v1,73.85674889
773,109,A,93.86,Q12931,11.9,/AF-Q12931-F1-model_v1,56.29734035
774,126,A,92.63,Q12931,8.91,/AF-Q12931-F1-model_v1,14.87858281
775,130,A,89.57,Q12931,10.33,/AF-Q12931-F1-model_v1,38.46984924
776,151,A,95.37,Q12931,10.4,/AF-Q12931-F1-model_v1,71.30996445
777,181,A,85.83,Q12931,11.36,/AF-Q12931-F1-model_v1,65.27810655
778,196,A,79.11,Q12931,10.76,/AF-Q12931-F1-model_v1,61.7930331
779,252,A,98.59,Q12931,9.87,/AF-Q12931-F1-model_v1,28.68483532
780,258,A,96.51,Q12931,9.69,/AF-Q12931-F1-model_v1,17.42536725
781,262,A,95.83,Q12931,10.16,/AF-Q12931-F1-model_v1,32.84011521
782,276,A,88.49,Q12931,13.3,/AF-Q12931-F1-model_v1,24.79763801
783,304,A,95.07,Q12931,10.66,/AF-Q12931-F1-model_v1,93.56081801
784,324,A,96.37,Q12931,10.84,/AF-Q12931-F1-model_v1,84.31196924
785,332,A,95.88,Q12931,9.62,/AF-Q12931-F1-model_v1,24.12743158
786,349,A,93.47,Q12931,11.44,/AF-Q12931-F1-model_v1,77.60990491
787,369,A,83.24,Q12931,9.33,/AF-Q12931-F1-model_v1,41.41875754
788,375,A,85.4,Q12931,10.17,/AF-Q12931-F1-model_v1,99.32459334
789,382,A,92.1,Q12931,10.36,/AF-Q12931-F1-model_v1,72.65037731
790,413,A,93.43,Q12931,10.26,/AF-Q12931-F1-model_v1,64.20577626
791,424,A,98.19,Q12931,10.48,/AF-Q12931-F1-model_v1,70.50571673
792,431,A,96.98,Q12931,10.4,/AF-Q12931-F1-model_v1,89.40553813
793,432,A,97.64,Q12931,10.42,/AF-Q12931-F1-model_v1,92.08636386
794,436,A,97.96,Q12931,9.88,/AF-Q12931-F1-model_v1,48.79102831
795,439,A,97.46,Q12931,11.58,/AF-Q12931-F1-model_v1,85.11621696
796,461,A,98.36,Q12931,9.08,/AF-Q12931-F1-model_v1,0
797,466,A,98.3,Q12931,11.29,/AF-Q12931-F1-model_v1,42.49108784
798,518,A,87.5,Q12931,10.08,/AF-Q12931-F1-model_v1,49.32719345
799,519,A,78.29,Q12931,9.33,/AF-Q12931-F1-model_v1,38.73793181
800,520,A,83.29,Q12931,12.47,/AF-Q12931-F1-model_v1,8.310559766
801,544,A,95.81,Q12931,10.54,/AF-Q12931-F1-model_v1,99.19055205
802,545,A,97.22,Q12931,11.18,/AF-Q12931-F1-model_v1,23.72530772
803,546,A,97.39,Q12931,11.25,/AF-Q12931-F1-model_v1,59.38028994
804,560,A,82.86,Q12931,10.83,/AF-Q12931-F1-model_v1,53.88459719
805,577,A,92.21,Q12931,10.7,/AF-Q12931-F1-model_v1,71.44400573
806,598,A,94.19,Q12931,10.34,/AF-Q12931-F1-model_v1,36.19114737
807,652,A,95.02,Q12931,10.28,/AF-Q12931-F1-model_v1,26.54017474
808,653,A,94.82,Q12931,10.29,/AF-Q12931-F1-model_v1,52.54418433
809,699,A,93.16,Q12931,11.47,/AF-Q12931-F1-model_v1,37.39751895
810,6,A,72.46,Q8N257,10.47,/AF-Q8N257-F1-model_v1,99.7267172
811,12,A,76.05,Q8N257,10.48,/AF-Q8N257-F1-model_v1,109.7798137
812,13,A,76.38,Q8N257,10.48,/AF-Q8N257-F1-model_v1,100.5309649
813,16,A,75.19,Q8N257,10.48,/AF-Q8N257-F1-model_v1,90.87999228
814,17,A,76.05,Q8N257,10.47,/AF-Q8N257-F1-model_v1,94.90123088
815,21,A,72.82,Q8N257,10.47,/AF-Q8N257-F1-model_v1,96.77780889
816,44,A,95.59,Q8N257,10.46,/AF-Q8N257-F1-model_v1,95.97356117
817,47,A,97.69,Q8N257,10.35,/AF-Q8N257-F1-model_v1,26.13805088
818,58,A,97.18,Q8N257,10.46,/AF-Q8N257-F1-model_v1,110.4500201
819,86,A,96.97,Q8N257,10.46,/AF-Q8N257-F1-model_v1,104.0160384
820,109,A,95.39,Q8N257,11.15,/AF-Q8N257-F1-model_v1,68.89722129
821,117,A,92.7,Q8N257,11.47,/AF-Q8N257-F1-model_v1,65.94831298
822,121,A,93.41,Q8N257,10.4,/AF-Q8N257-F1-model_v1,98.25226304
823,60,A,90.95,Q6PEY2,9.97,/AF-Q6PEY2-F1-model_v1,40.61450983
824,96,A,89.74,Q6PEY2,10.5,/AF-Q6PEY2-F1-model_v1,107.7691944
825,112,A,95.28,Q6PEY2,10.07,/AF-Q6PEY2-F1-model_v1,57.50371193
826,124,A,96.73,Q6PEY2,11.49,/AF-Q6PEY2-F1-model_v1,79.7545655
827,163,A,91.27,Q6PEY2,10.46,/AF-Q6PEY2-F1-model_v1,107.098988
828,164,A,93.82,Q6PEY2,10.07,/AF-Q6PEY2-F1-model_v1,51.06973018
829,166,A,95.88,Q6PEY2,9.45,/AF-Q6PEY2-F1-model_v1,0
830,280,A,82.81,Q6PEY2,10.53,/AF-Q6PEY2-F1-model_v1,43.8315007
831,304,A,91.13,Q6PEY2,11.45,/AF-Q6PEY2-F1-model_v1,33.37628035
832,311,A,91.73,Q6PEY2,11.17,/AF-Q6PEY2-F1-model_v1,8.578642339
833,326,A,95.33,Q6PEY2,10.59,/AF-Q6PEY2-F1-model_v1,93.42677673
834,336,A,89.86,Q6PEY2,9.96,/AF-Q6PEY2-F1-model_v1,28.68483532
835,338,A,90.65,Q6PEY2,10.14,/AF-Q6PEY2-F1-model_v1,53.88459719
836,352,A,91.48,Q6PEY2,11.42,/AF-Q6PEY2-F1-model_v1,34.98477579
837,370,A,90.12,Q6PEY2,10.36,/AF-Q6PEY2-F1-model_v1,92.08636386
838,394,A,93.22,Q6PEY2,9.86,/AF-Q6PEY2-F1-model_v1,50.13144117
839,401,A,95.88,Q6PEY2,10.4,/AF-Q6PEY2-F1-model_v1,82.30134994
840,430,A,91.09,Q6PEY2,11.65,/AF-Q6PEY2-F1-model_v1,72.7844186
841,20,A,98.63,P68032,11.28,/AF-P68032-F1-model_v1,28.81887661
842,52,A,83.15,P68032,11.48,/AF-P68032-F1-model_v1,52.00801918
843,63,A,92.32,P68032,11.21,/AF-P68032-F1-model_v1,26.40613345
844,70,A,96.9,P68032,10.31,/AF-P68032-F1-model_v1,85.78642339
845,86,A,98.3,P68032,10.53,/AF-P68032-F1-model_v1,31.09757848
846,115,A,96.52,P68032,10.35,/AF-P68032-F1-model_v1,96.6437676
847,120,A,98.4,P68032,10.42,/AF-P68032-F1-model_v1,32.70607392
848,193,A,97.52,P68032,10.46,/AF-P68032-F1-model_v1,78.41415263
849,215,A,98.59,P68032,9.58,/AF-P68032-F1-model_v1,12.06371579
850,217,A,98.33,P68032,11.37,/AF-P68032-F1-model_v1,64.33981755
851,240,A,98.1,P68032,10.17,/AF-P68032-F1-model_v1,69.83551029
852,286,A,98.34,P68032,10.2,/AF-P68032-F1-model_v1,59.38028994
853,293,A,97.64,P68032,10.55,/AF-P68032-F1-model_v1,99.45863462
854,317,A,98.63,P68032,11.04,/AF-P68032-F1-model_v1,36.72731252
855,328,A,96.21,P68032,10.41,/AF-P68032-F1-model_v1,100.2628823
856,330,A,98.4,P68032,9.96,/AF-P68032-F1-model_v1,56.8335055
857,338,A,97.12,P68032,11.3,/AF-P68032-F1-model_v1,63.66961111
858,361,A,97.69,P68032,10.63,/AF-P68032-F1-model_v1,30.15928947
859,375,A,94.16,P68032,11.14,/AF-P68032-F1-model_v1,19.70406912
860,19,A,98.54,P63267,11.67,/AF-P63267-F1-model_v1,25.46784445
861,51,A,84.63,P63267,11.49,/AF-P63267-F1-model_v1,41.01663369
862,62,A,92,P63267,11.21,/AF-P63267-F1-model_v1,27.21038117
863,69,A,96.96,P63267,10.31,/AF-P63267-F1-model_v1,83.90984538
864,85,A,98.29,P63267,10.47,/AF-P63267-F1-model_v1,30.96353719
865,114,A,96.73,P63267,10.36,/AF-P63267-F1-model_v1,97.7160979
866,119,A,98.43,P63267,10.37,/AF-P63267-F1-model_v1,33.10819778
867,192,A,97.71,P63267,10.46,/AF-P63267-F1-model_v1,81.09497836
868,214,A,98.62,P63267,9.53,/AF-P63267-F1-model_v1,10.58926164
869,216,A,98.37,P63267,11.36,/AF-P63267-F1-model_v1,66.7525607
870,239,A,98.16,P63267,10.17,/AF-P63267-F1-model_v1,65.41214784
871,285,A,98.34,P63267,10.2,/AF-P63267-F1-model_v1,58.03987708
872,292,A,97.63,P63267,10.55,/AF-P63267-F1-model_v1,89.53957942
873,316,A,98.66,P63267,10.99,/AF-P63267-F1-model_v1,34.31456936
874,327,A,96.19,P63267,10.41,/AF-P63267-F1-model_v1,102.8096668
875,329,A,98.39,P63267,9.94,/AF-P63267-F1-model_v1,57.90583579
876,337,A,97.04,P63267,11.26,/AF-P63267-F1-model_v1,64.07173497
877,360,A,97.84,P63267,10.75,/AF-P63267-F1-model_v1,28.81887661
878,374,A,94.15,P63267,11.26,/AF-P63267-F1-model_v1,29.62312433
879,38,A,93.71,O60506,11.63,/AF-O60506-F1-model_v1,55.89521649
880,42,A,93.62,O60506,10.9,/AF-O60506-F1-model_v1,21.98277099
881,66,A,90.25,O60506,10.25,/AF-O60506-F1-model_v1,30.69545462
882,81,A,90.82,O60506,11.41,/AF-O60506-F1-model_v1,36.45922994
883,91,A,92.11,O60506,11.01,/AF-O60506-F1-model_v1,21.04448199
884,100,A,88.11,O60506,9.84,/AF-O60506-F1-model_v1,108.4394008
885,107,A,83.66,O60506,10.6,/AF-O60506-F1-model_v1,71.30996445
886,123,A,93.12,O60506,12.26,/AF-O60506-F1-model_v1,54.55480363
887,125,A,91.32,O60506,10.88,/AF-O60506-F1-model_v1,54.01863848
888,143,A,94.98,O60506,9.71,/AF-O60506-F1-model_v1,50.8016476
889,168,A,94.9,O60506,10.02,/AF-O60506-F1-model_v1,62.73132211
890,184,A,95.81,O60506,10.24,/AF-O60506-F1-model_v1,56.8335055
891,213,A,93.21,O60506,10.22,/AF-O60506-F1-model_v1,43.8315007
892,221,A,94.57,O60506,11.4,/AF-O60506-F1-model_v1,57.7717945
893,232,A,92.49,O60506,11.02,/AF-O60506-F1-model_v1,55.76117521
894,252,A,91.85,O60506,10.13,/AF-O60506-F1-model_v1,46.24424386
895,254,A,91.09,O60506,10.19,/AF-O60506-F1-model_v1,35.65498222
896,256,A,91.77,O60506,11.05,/AF-O60506-F1-model_v1,39.54217953
897,265,A,91.66,O60506,12.5,/AF-O60506-F1-model_v1,42.35704655
898,282,A,79.29,O60506,10.35,/AF-O60506-F1-model_v1,22.11681228
899,283,A,82.93,O60506,10.53,/AF-O60506-F1-model_v1,90.34382714
900,284,A,87.4,O60506,11.48,/AF-O60506-F1-model_v1,53.48247333
901,297,A,82.43,O60506,9.28,/AF-O60506-F1-model_v1,32.70607392
902,310,A,76.18,O60506,10.28,/AF-O60506-F1-model_v1,69.70146901
903,312,A,77.01,O60506,10.4,/AF-O60506-F1-model_v1,57.36967064
904,336,A,89.66,O60506,11.11,/AF-O60506-F1-model_v1,60.72070281
905,338,A,94.77,O60506,10.7,/AF-O60506-F1-model_v1,35.78902351
906,356,A,94.17,O60506,10.43,/AF-O60506-F1-model_v1,78.95031778
907,363,A,94.97,O60506,11.63,/AF-O60506-F1-model_v1,66.08235427
908,368,A,94.53,O60506,10.18,/AF-O60506-F1-model_v1,68.09297357
909,369,A,93.04,O60506,9.39,/AF-O60506-F1-model_v1,8.578642339
910,371,A,85.55,O60506,10.58,/AF-O60506-F1-model_v1,90.87999228
911,386,A,95.74,O60506,11.5,/AF-O60506-F1-model_v1,53.34843205
912,394,A,91.62,O60506,11.25,/AF-O60506-F1-model_v1,44.23362456
913,407,A,87.24,O60506,10.64,/AF-O60506-F1-model_v1,41.28471626
914,417,A,70.46,O60506,10.08,/AF-O60506-F1-model_v1,80.82689579
915,18,A,90.66,Q6FI81,10.05,/AF-Q6FI81-F1-model_v1,72.91845988
916,26,A,94.27,Q6FI81,10.55,/AF-Q6FI81-F1-model_v1,86.7247124
917,31,A,92.34,Q6FI81,10.33,/AF-Q6FI81-F1-model_v1,79.08435907
918,48,A,89.7,Q6FI81,10.39,/AF-Q6FI81-F1-model_v1,107.3670705
919,56,A,91.8,Q6FI81,10.44,/AF-Q6FI81-F1-model_v1,96.50972632
920,96,A,95.52,Q6FI81,9.21,/AF-Q6FI81-F1-model_v1,27.47846374
921,108,A,87.52,Q6FI81,10.41,/AF-Q6FI81-F1-model_v1,101.7373365
922,110,A,92.97,Q6FI81,10.49,/AF-Q6FI81-F1-model_v1,20.37427556
923,114,A,94.45,Q6FI81,10.21,/AF-Q6FI81-F1-model_v1,91.14807486
924,128,A,95.35,Q6FI81,10.55,/AF-Q6FI81-F1-model_v1,82.56943252
925,162,A,96.16,Q6FI81,10.82,/AF-Q6FI81-F1-model_v1,45.43999614
926,163,A,95.56,Q6FI81,9.5,/AF-Q6FI81-F1-model_v1,17.69344983
927,175,A,74.85,Q6FI81,10.46,/AF-Q6FI81-F1-model_v1,95.83951989
928,225,A,81.85,Q6FI81,11.08,/AF-Q6FI81-F1-model_v1,62.59728082
929,226,A,79.34,Q6FI81,10.46,/AF-Q6FI81-F1-model_v1,84.31196924
930,244,A,71.81,Q6FI81,10.45,/AF-Q6FI81-F1-model_v1,79.88860679
931,247,A,71.37,Q6FI81,10.48,/AF-Q6FI81-F1-model_v1,100.7990475
932,259,A,75.61,Q6FI81,10.4,/AF-Q6FI81-F1-model_v1,86.59067111
933,297,A,72.47,Q6FI81,10.45,/AF-Q6FI81-F1-model_v1,87.12683626
934,14,A,71.73,P62750,10.47,/AF-P62750-F1-model_v1,97.98418047
935,18,A,83.43,P62750,10.44,/AF-P62750-F1-model_v1,86.7247124
936,20,A,83.61,P62750,10.39,/AF-P62750-F1-model_v1,71.71208831
937,23,A,82.94,P62750,10.42,/AF-P62750-F1-model_v1,86.45662983
938,25,A,84.54,P62750,10.43,/AF-P62750-F1-model_v1,76.00140948
939,26,A,81.46,P62750,10.41,/AF-P62750-F1-model_v1,73.85674889
940,30,A,71.07,P62750,10.41,/AF-P62750-F1-model_v1,74.92907918
941,37,A,71.84,P62750,10.42,/AF-P62750-F1-model_v1,84.7140931
942,38,A,79.72,P62750,10.47,/AF-P62750-F1-model_v1,95.30335474
943,39,A,82.49,P62750,10.45,/AF-P62750-F1-model_v1,96.50972632
944,50,A,94.33,P62750,10.47,/AF-P62750-F1-model_v1,97.04589146
945,59,A,95.46,P62750,10.47,/AF-P62750-F1-model_v1,91.28211614
946,63,A,94.67,P62750,10.42,/AF-P62750-F1-model_v1,99.59267591
947,70,A,90.68,P62750,10.41,/AF-P62750-F1-model_v1,102.2735016
948,78,A,95.95,P62750,11.45,/AF-P62750-F1-model_v1,47.31657415
949,88,A,96.72,P62750,10.45,/AF-P62750-F1-model_v1,64.60790012
950,89,A,97.06,P62750,10.34,/AF-P62750-F1-model_v1,65.14406526
951,103,A,96.53,P62750,10.57,/AF-P62750-F1-model_v1,106.9649467
952,106,A,98.02,P62750,10.18,/AF-P62750-F1-model_v1,75.33120304
953,110,A,97.39,P62750,10.18,/AF-P62750-F1-model_v1,67.42276714
954,114,A,96.17,P62750,11.62,/AF-P62750-F1-model_v1,67.42276714
955,115,A,95.77,P62750,10.28,/AF-P62750-F1-model_v1,81.63114351
956,123,A,97.54,P62750,10.33,/AF-P62750-F1-model_v1,78.41415263
957,134,A,98.36,P62750,9.91,/AF-P62750-F1-model_v1,17.15728468
958,135,A,98.31,P62750,10.3,/AF-P62750-F1-model_v1,24.9316793
959,152,A,92.1,P62750,10.49,/AF-P62750-F1-model_v1,99.19055205
960,3,A,0,P15311,10.37,/1NI2-alt-1_assembled,79.08435907
961,27,A,0,P15311,11.2,/1NI2-alt-1_assembled,54.68884491
962,35,A,0,P15311,10.34,/1NI2-alt-1_assembled,73.05250117
963,53,A,0,P15311,11.58,/1NI2-alt-1_assembled,55.09096877
964,60,A,0,P15311,9.43,/1NI2-alt-1_assembled,56.16329907
965,63,A,0,P15311,10.49,/1NI2-alt-1_assembled,71.04188187
966,64,A,0,P15311,10.18,/1NI2-alt-1_assembled,48.12082187
967,72,A,0,P15311,10.45,/1NI2-alt-1_assembled,94.09698316
968,79,A,0,P15311,9.93,/1NI2-alt-1_assembled,59.64837252
969,83,A,0,P15311,8.11,/1NI2-alt-1_assembled,15.81687181
970,100,A,0,P15311,11.12,/1NI2-alt-1_assembled,34.31456936
971,107,A,0,P15311,9.37,/1NI2-alt-1_assembled,26.13805088
972,133,A,0,P15311,11.41,/1NI2-alt-1_assembled,42.8932117
973,139,A,0,P15311,10.61,/1NI2-alt-1_assembled,89.40553813
974,143,A,0,P15311,10.42,/1NI2-alt-1_assembled,73.99079018
975,184,A,0,P15311,9.96,/1NI2-alt-1_assembled,53.61651462
976,193,A,0,P15311,11.53,/1NI2-alt-1_assembled,36.72731252
977,209,A,0,P15311,10.67,/1NI2-alt-1_assembled,52.00801918
978,211,A,0,P15311,10.35,/1NI2-alt-1_assembled,87.52896012
979,212,A,0,P15311,10.44,/1NI2-alt-1_assembled,92.22040515
980,230,A,0,P15311,10.6,/1NI2-alt-1_assembled,43.96554199
981,233,A,0,P15311,9.49,/1NI2-alt-1_assembled,29.22100047
982,237,A,0,P15311,10.32,/1NI2-alt-1_assembled,69.70146901
983,253,A,0,P15311,10.35,/1NI2-alt-1_assembled,61.12282667
984,254,A,0,P15311,10.61,/1NI2-alt-1_assembled,54.68884491
985,262,A,0,P15311,10.56,/1NI2-alt-1_assembled,75.33120304
986,263,A,0,P15311,10.39,/1NI2-alt-1_assembled,93.02465287
987,278,A,0,P15311,10.26,/1NI2-alt-1_assembled,75.59928562
988,296,A,0,P15311,10.45,/1NI2-alt-1_assembled,65.94831298
989,3,B,0,P15311,10.36,/1NI2-alt-1_assembled,71.84612959
990,27,B,0,P15311,11.11,/1NI2-alt-1_assembled,51.33781275
991,35,B,0,P15311,10.35,/1NI2-alt-1_assembled,66.21639556
992,53,B,0,P15311,11.35,/1NI2-alt-1_assembled,29.22100047
993,60,B,0,P15311,10.59,/1NI2-alt-1_assembled,54.28672105
994,63,B,0,P15311,10.27,/1NI2-alt-1_assembled,59.51433123
995,64,B,0,P15311,10.27,/1NI2-alt-1_assembled,48.52294573
996,72,B,0,P15311,10.45,/1NI2-alt-1_assembled,90.34382714
997,79,B,0,P15311,9.91,/1NI2-alt-1_assembled,56.02925778
998,83,B,0,P15311,8.32,/1NI2-alt-1_assembled,10.72330292
999,100,B,0,P15311,11.2,/1NI2-alt-1_assembled,33.9124455
1000,107,B,0,P15311,9.36,/1NI2-alt-1_assembled,25.33380316
1001,133,B,0,P15311,11.18,/1NI2-alt-1_assembled,36.99539509
1002,139,B,0,P15311,10.63,/1NI2-alt-1_assembled,82.83751509
1003,143,B,0,P15311,10.43,/1NI2-alt-1_assembled,70.10359287
1004,184,B,0,P15311,10.21,/1NI2-alt-1_assembled,50.66760632
1005,193,B,0,P15311,11.48,/1NI2-alt-1_assembled,31.09757848
1006,209,B,0,P15311,10.68,/1NI2-alt-1_assembled,43.16129427
1007,211,B,0,P15311,10.49,/1NI2-alt-1_assembled,86.85875369
1008,212,B,0,P15311,10.27,/1NI2-alt-1_assembled,80.02264807
1009,230,B,0,P15311,10.58,/1NI2-alt-1_assembled,26.27209216
1010,233,B,0,P15311,9.51,/1NI2-alt-1_assembled,24.9316793
1011,237,B,0,P15311,10.92,/1NI2-alt-1_assembled,49.8633586
1012,253,B,0,P15311,10.54,/1NI2-alt-1_assembled,41.95492269
1013,254,B,0,P15311,10.46,/1NI2-alt-1_assembled,63.40152854
1014,262,B,0,P15311,10.22,/1NI2-alt-1_assembled,60.18453766
1015,263,B,0,P15311,10.49,/1NI2-alt-1_assembled,69.03126257
1016,278,B,0,P15311,10.19,/1NI2-alt-1_assembled,67.28872585
1017,296,B,0,P15311,10.45,/1NI2-alt-1_assembled,64.87598269
1018,6,A,0,O75531,10.16,/1QCK-alt-3_assembled/1QCK-alt-10_assembled/1QCK-alt-2_assembled/1QCK-alt-12_assembled/1QCK-alt-13_assembled/1QCK-alt-1_assembled/1QCK-alt-5_assembled/1QCK-alt-17_assembled/1QCK-alt-16_assembled/1QCK-alt-4_assembled/1QCK-alt-6_assembled/1QCK-alt-14_assembled/1QCK-alt-7_assembled/1QCK-alt-18_assembled/1QCK-alt-19_assembled/1QCK-alt-9_assembled/1QCK-alt-8_assembled/1QCK-alt-21_assembled/1QCK-alt-20_assembled,54.42076234
1019,18,A,0,O75531,10.2,/1QCK-alt-3_assembled/1QCK-alt-10_assembled/1QCK-alt-2_assembled/1QCK-alt-12_assembled/1QCK-alt-13_assembled/1QCK-alt-1_assembled/1QCK-alt-5_assembled/1QCK-alt-17_assembled/1QCK-alt-16_assembled/1QCK-alt-4_assembled/1QCK-alt-6_assembled/1QCK-alt-14_assembled/1QCK-alt-7_assembled/1QCK-alt-18_assembled/1QCK-alt-19_assembled/1QCK-alt-9_assembled/1QCK-alt-8_assembled/1QCK-alt-21_assembled/1QCK-alt-20_assembled,65.68023041
1020,32,A,0,O75531,10.26,/1QCK-alt-3_assembled/1QCK-alt-10_assembled/1QCK-alt-2_assembled/1QCK-alt-12_assembled/1QCK-alt-13_assembled/1QCK-alt-1_assembled/1QCK-alt-5_assembled/1QCK-alt-17_assembled/1QCK-alt-16_assembled/1QCK-alt-4_assembled/1QCK-alt-6_assembled/1QCK-alt-14_assembled/1QCK-alt-7_assembled/1QCK-alt-18_assembled/1QCK-alt-19_assembled/1QCK-alt-9_assembled/1QCK-alt-8_assembled/1QCK-alt-21_assembled/1QCK-alt-20_assembled,66.7525607
1021,33,A,0,O75531,10.19,/1QCK-alt-3_assembled/1QCK-alt-10_assembled/1QCK-alt-2_assembled/1QCK-alt-12_assembled/1QCK-alt-13_assembled/1QCK-alt-1_assembled/1QCK-alt-5_assembled/1QCK-alt-17_assembled/1QCK-alt-16_assembled/1QCK-alt-4_assembled/1QCK-alt-6_assembled/1QCK-alt-14_assembled/1QCK-alt-7_assembled/1QCK-alt-18_assembled/1QCK-alt-19_assembled/1QCK-alt-9_assembled/1QCK-alt-8_assembled/1QCK-alt-21_assembled/1QCK-alt-20_assembled,41.95492269
1022,41,A,0,O75531,10.51,/1QCK-alt-3_assembled/1QCK-alt-10_assembled/1QCK-alt-2_assembled/1QCK-alt-12_assembled/1QCK-alt-13_assembled/1QCK-alt-1_assembled/1QCK-alt-5_assembled/1QCK-alt-17_assembled/1QCK-alt-16_assembled/1QCK-alt-4_assembled/1QCK-alt-6_assembled/1QCK-alt-14_assembled/1QCK-alt-7_assembled/1QCK-alt-18_assembled/1QCK-alt-19_assembled/1QCK-alt-9_assembled/1QCK-alt-8_assembled/1QCK-alt-21_assembled/1QCK-alt-20_assembled,36.19114737
1023,53,A,0,O75531,9.67,/1QCK-alt-3_assembled/1QCK-alt-10_assembled/1QCK-alt-2_assembled/1QCK-alt-12_assembled/1QCK-alt-13_assembled/1QCK-alt-1_assembled/1QCK-alt-5_assembled/1QCK-alt-17_assembled/1QCK-alt-16_assembled/1QCK-alt-4_assembled/1QCK-alt-6_assembled/1QCK-alt-14_assembled/1QCK-alt-7_assembled/1QCK-alt-18_assembled/1QCK-alt-19_assembled/1QCK-alt-9_assembled/1QCK-alt-8_assembled/1QCK-alt-21_assembled/1QCK-alt-20_assembled,12.46583965
1024,54,A,0,O75531,9.14,/1QCK-alt-3_assembled/1QCK-alt-10_assembled/1QCK-alt-2_assembled/1QCK-alt-12_assembled/1QCK-alt-13_assembled/1QCK-alt-1_assembled/1QCK-alt-5_assembled/1QCK-alt-17_assembled/1QCK-alt-16_assembled/1QCK-alt-4_assembled/1QCK-alt-6_assembled/1QCK-alt-14_assembled/1QCK-alt-7_assembled/1QCK-alt-18_assembled/1QCK-alt-19_assembled/1QCK-alt-9_assembled/1QCK-alt-8_assembled/1QCK-alt-21_assembled/1QCK-alt-20_assembled,19.03386269
1025,64,A,0,O75531,10.32,/1QCK-alt-3_assembled/1QCK-alt-10_assembled/1QCK-alt-2_assembled/1QCK-alt-12_assembled/1QCK-alt-13_assembled/1QCK-alt-1_assembled/1QCK-alt-5_assembled/1QCK-alt-17_assembled/1QCK-alt-16_assembled/1QCK-alt-4_assembled/1QCK-alt-6_assembled/1QCK-alt-14_assembled/1QCK-alt-7_assembled/1QCK-alt-18_assembled/1QCK-alt-19_assembled/1QCK-alt-9_assembled/1QCK-alt-8_assembled/1QCK-alt-21_assembled/1QCK-alt-20_assembled,57.63775322
1026,72,A,0,O75531,10.14,/1QCK-alt-3_assembled/1QCK-alt-10_assembled/1QCK-alt-2_assembled/1QCK-alt-12_assembled/1QCK-alt-13_assembled/1QCK-alt-1_assembled/1QCK-alt-5_assembled/1QCK-alt-17_assembled/1QCK-alt-16_assembled/1QCK-alt-4_assembled/1QCK-alt-6_assembled/1QCK-alt-14_assembled/1QCK-alt-7_assembled/1QCK-alt-18_assembled/1QCK-alt-19_assembled/1QCK-alt-9_assembled/1QCK-alt-8_assembled/1QCK-alt-21_assembled/1QCK-alt-20_assembled,76.40353334
1027,6,B,0,O75531,10.16,/1QCK-alt-3_assembled/1QCK-alt-10_assembled/1QCK-alt-2_assembled/1QCK-alt-12_assembled/1QCK-alt-13_assembled/1QCK-alt-1_assembled/1QCK-alt-5_assembled/1QCK-alt-17_assembled/1QCK-alt-16_assembled/1QCK-alt-4_assembled/1QCK-alt-6_assembled/1QCK-alt-14_assembled/1QCK-alt-7_assembled/1QCK-alt-18_assembled/1QCK-alt-19_assembled/1QCK-alt-9_assembled/1QCK-alt-8_assembled/1QCK-alt-21_assembled/1QCK-alt-20_assembled,48.25486316
1028,18,B,0,O75531,10.19,/1QCK-alt-3_assembled/1QCK-alt-10_assembled/1QCK-alt-2_assembled/1QCK-alt-12_assembled/1QCK-alt-13_assembled/1QCK-alt-1_assembled/1QCK-alt-5_assembled/1QCK-alt-17_assembled/1QCK-alt-16_assembled/1QCK-alt-4_assembled/1QCK-alt-6_assembled/1QCK-alt-14_assembled/1QCK-alt-7_assembled/1QCK-alt-18_assembled/1QCK-alt-19_assembled/1QCK-alt-9_assembled/1QCK-alt-8_assembled/1QCK-alt-21_assembled/1QCK-alt-20_assembled,29.22100047
1029,32,B,0,O75531,10.26,/1QCK-alt-3_assembled/1QCK-alt-10_assembled/1QCK-alt-2_assembled/1QCK-alt-12_assembled/1QCK-alt-13_assembled/1QCK-alt-1_assembled/1QCK-alt-5_assembled/1QCK-alt-17_assembled/1QCK-alt-16_assembled/1QCK-alt-4_assembled/1QCK-alt-6_assembled/1QCK-alt-14_assembled/1QCK-alt-7_assembled/1QCK-alt-18_assembled/1QCK-alt-19_assembled/1QCK-alt-9_assembled/1QCK-alt-8_assembled/1QCK-alt-21_assembled/1QCK-alt-20_assembled,45.43999614
1030,33,B,0,O75531,10.19,/1QCK-alt-3_assembled/1QCK-alt-10_assembled/1QCK-alt-2_assembled/1QCK-alt-12_assembled/1QCK-alt-13_assembled/1QCK-alt-1_assembled/1QCK-alt-5_assembled/1QCK-alt-17_assembled/1QCK-alt-16_assembled/1QCK-alt-4_assembled/1QCK-alt-6_assembled/1QCK-alt-14_assembled/1QCK-alt-7_assembled/1QCK-alt-18_assembled/1QCK-alt-19_assembled/1QCK-alt-9_assembled/1QCK-alt-8_assembled/1QCK-alt-21_assembled/1QCK-alt-20_assembled,30.56141333
1031,41,B,0,O75531,10.51,/1QCK-alt-3_assembled/1QCK-alt-10_assembled/1QCK-alt-2_assembled/1QCK-alt-12_assembled/1QCK-alt-13_assembled/1QCK-alt-1_assembled/1QCK-alt-5_assembled/1QCK-alt-17_assembled/1QCK-alt-16_assembled/1QCK-alt-4_assembled/1QCK-alt-6_assembled/1QCK-alt-14_assembled/1QCK-alt-7_assembled/1QCK-alt-18_assembled/1QCK-alt-19_assembled/1QCK-alt-9_assembled/1QCK-alt-8_assembled/1QCK-alt-21_assembled/1QCK-alt-20_assembled,30.15928947
1032,53,B,0,O75531,9.68,/1QCK-alt-3_assembled/1QCK-alt-10_assembled/1QCK-alt-2_assembled/1QCK-alt-12_assembled/1QCK-alt-13_assembled/1QCK-alt-1_assembled/1QCK-alt-5_assembled/1QCK-alt-17_assembled/1QCK-alt-16_assembled/1QCK-alt-4_assembled/1QCK-alt-6_assembled/1QCK-alt-14_assembled/1QCK-alt-7_assembled/1QCK-alt-18_assembled/1QCK-alt-19_assembled/1QCK-alt-9_assembled/1QCK-alt-8_assembled/1QCK-alt-21_assembled/1QCK-alt-20_assembled,17.9615324
1033,54,B,0,O75531,9.14,/1QCK-alt-3_assembled/1QCK-alt-10_assembled/1QCK-alt-2_assembled/1QCK-alt-12_assembled/1QCK-alt-13_assembled/1QCK-alt-1_assembled/1QCK-alt-5_assembled/1QCK-alt-17_assembled/1QCK-alt-16_assembled/1QCK-alt-4_assembled/1QCK-alt-6_assembled/1QCK-alt-14_assembled/1QCK-alt-7_assembled/1QCK-alt-18_assembled/1QCK-alt-19_assembled/1QCK-alt-9_assembled/1QCK-alt-8_assembled/1QCK-alt-21_assembled/1QCK-alt-20_assembled,22.25085357
1034,64,B,0,O75531,10.32,/1QCK-alt-3_assembled/1QCK-alt-10_assembled/1QCK-alt-2_assembled/1QCK-alt-12_assembled/1QCK-alt-13_assembled/1QCK-alt-1_assembled/1QCK-alt-5_assembled/1QCK-alt-17_assembled/1QCK-alt-16_assembled/1QCK-alt-4_assembled/1QCK-alt-6_assembled/1QCK-alt-14_assembled/1QCK-alt-7_assembled/1QCK-alt-18_assembled/1QCK-alt-19_assembled/1QCK-alt-9_assembled/1QCK-alt-8_assembled/1QCK-alt-21_assembled/1QCK-alt-20_assembled,57.10158807
1035,72,B,0,O75531,10.14,/1QCK-alt-3_assembled/1QCK-alt-10_assembled/1QCK-alt-2_assembled/1QCK-alt-12_assembled/1QCK-alt-13_assembled/1QCK-alt-1_assembled/1QCK-alt-5_assembled/1QCK-alt-17_assembled/1QCK-alt-16_assembled/1QCK-alt-4_assembled/1QCK-alt-6_assembled/1QCK-alt-14_assembled/1QCK-alt-7_assembled/1QCK-alt-18_assembled/1QCK-alt-19_assembled/1QCK-alt-9_assembled/1QCK-alt-8_assembled/1QCK-alt-21_assembled/1QCK-alt-20_assembled,70.63975801
1036,19,A,85.07,P60981,10.19,/AF-P60981-F1-model_v1,65.27810655
1037,30,A,83.7,P60981,10.41,/AF-P60981-F1-model_v1,80.55881322
1038,31,A,85.8,P60981,11.58,/AF-P60981-F1-model_v1,72.51633603
1039,33,A,90.08,P60981,10.8,/AF-P60981-F1-model_v1,29.8912069
1040,34,A,90.94,P60981,10.26,/AF-P60981-F1-model_v1,7.77439462
1041,44,A,83.6,P60981,10.27,/AF-P60981-F1-model_v1,62.73132211
1042,45,A,86.86,P60981,10.45,/AF-P60981-F1-model_v1,86.18854725
1043,53,A,87.32,P60981,10.05,/AF-P60981-F1-model_v1,50.66760632
1044,69,A,86.57,P60981,10.57,/AF-P60981-F1-model_v1,96.24164375
1045,78,A,87.56,P60981,10.51,/AF-P60981-F1-model_v1,110.9861853
1046,92,A,86.08,P60981,10.39,/AF-P60981-F1-model_v1,77.47586363
1047,96,A,89.55,P60981,10.47,/AF-P60981-F1-model_v1,81.89922608
1048,112,A,87.84,P60981,10.45,/AF-P60981-F1-model_v1,108.8415247
1049,114,A,88.95,P60981,10.28,/AF-P60981-F1-model_v1,43.29533556
1050,121,A,89.25,P60981,10.78,/AF-P60981-F1-model_v1,47.04849158
1051,125,A,87.69,P60981,11.52,/AF-P60981-F1-model_v1,45.57403743
1052,126,A,88.89,P60981,10.5,/AF-P60981-F1-model_v1,99.45863462
1053,127,A,88.34,P60981,10.61,/AF-P60981-F1-model_v1,63.8036524
1054,132,A,81.89,P60981,11.5,/AF-P60981-F1-model_v1,81.63114351
1055,151,A,85.59,P60981,10.96,/AF-P60981-F1-model_v1,57.50371193
1056,20,A,98.59,P68133,11.31,/AF-P68133-F1-model_v1,27.47846374
1057,52,A,83.77,P68133,11.5,/AF-P68133-F1-model_v1,54.01863848
1058,63,A,92.07,P68133,11.26,/AF-P68133-F1-model_v1,35.65498222
1059,70,A,97.22,P68133,10.29,/AF-P68133-F1-model_v1,81.89922608
1060,86,A,98.31,P68133,10.71,/AF-P68133-F1-model_v1,23.32318386
1061,115,A,96.9,P68133,10.34,/AF-P68133-F1-model_v1,101.8713778
1062,120,A,98.48,P68133,10.4,/AF-P68133-F1-model_v1,39.40813825
1063,193,A,96.8,P68133,10.46,/AF-P68133-F1-model_v1,77.60990491
1064,215,A,98.44,P68133,9.62,/AF-P68133-F1-model_v1,15.68283053
1065,217,A,98.17,P68133,11.37,/AF-P68133-F1-model_v1,65.01002398
1066,240,A,97.87,P68133,10.17,/AF-P68133-F1-model_v1,65.54618912
1067,286,A,98.23,P68133,10.21,/AF-P68133-F1-model_v1,58.44200094
1068,293,A,97.43,P68133,10.55,/AF-P68133-F1-model_v1,91.41615743
1069,317,A,98.43,P68133,10.96,/AF-P68133-F1-model_v1,43.42937684
1070,328,A,95.7,P68133,10.41,/AF-P68133-F1-model_v1,102.6756255
1071,330,A,98.22,P68133,9.94,/AF-P68133-F1-model_v1,65.14406526
1072,338,A,96.9,P68133,11.29,/AF-P68133-F1-model_v1,69.83551029
1073,361,A,97.71,P68133,10.33,/AF-P68133-F1-model_v1,38.33580795
1074,375,A,94.16,P68133,11.14,/AF-P68133-F1-model_v1,21.04448199
1075,19,A,98.53,Q562R1,11.69,/AF-Q562R1-F1-model_v1,26.40613345
1076,51,A,84.42,Q562R1,11.55,/AF-Q562R1-F1-model_v1,45.43999614
1077,62,A,91.68,Q562R1,11.28,/AF-Q562R1-F1-model_v1,26.9422986
1078,69,A,96.72,Q562R1,10.31,/AF-Q562R1-F1-model_v1,81.7651848
1079,85,A,97.96,Q562R1,10.48,/AF-Q562R1-F1-model_v1,40.21238597
1080,114,A,96.46,Q562R1,10.34,/AF-Q562R1-F1-model_v1,100.6650062
1081,119,A,98.36,Q562R1,10.33,/AF-Q562R1-F1-model_v1,33.64436292
1082,192,A,96.71,Q562R1,10.44,/AF-Q562R1-F1-model_v1,95.57143731
1083,214,A,98.33,Q562R1,9.71,/AF-Q562R1-F1-model_v1,18.22961497
1084,216,A,98.02,Q562R1,11.37,/AF-Q562R1-F1-model_v1,63.8036524
1085,285,A,98.31,Q562R1,10.21,/AF-Q562R1-F1-model_v1,56.96754679
1086,292,A,97.32,Q562R1,10.53,/AF-Q562R1-F1-model_v1,96.37568503
1087,316,A,98.28,Q562R1,11.16,/AF-Q562R1-F1-model_v1,42.08896398
1088,327,A,95.74,Q562R1,10.39,/AF-Q562R1-F1-model_v1,101.0671301
1089,329,A,98.12,Q562R1,9.93,/AF-Q562R1-F1-model_v1,53.08034948
1090,337,A,96.88,Q562R1,11.29,/AF-Q562R1-F1-model_v1,62.46323953
1091,360,A,97.6,Q562R1,10.44,/AF-Q562R1-F1-model_v1,39.54217953
1092,374,A,93.68,Q562R1,11.28,/AF-Q562R1-F1-model_v1,30.02524819
1093,20,A,98.56,P62736,11.65,/AF-P62736-F1-model_v1,25.60188573
1094,52,A,84.64,P62736,11.48,/AF-P62736-F1-model_v1,50.13144117
1095,63,A,91.9,P62736,11.19,/AF-P62736-F1-model_v1,13.67221123
1096,70,A,96.82,P62736,10.33,/AF-P62736-F1-model_v1,85.78642339
1097,86,A,98.28,P62736,10.4,/AF-P62736-F1-model_v1,30.82949591
1098,115,A,96.67,P62736,10.36,/AF-P62736-F1-model_v1,96.6437676
1099,120,A,98.44,P62736,10.39,/AF-P62736-F1-model_v1,32.16990877
1100,193,A,97.4,P62736,10.45,/AF-P62736-F1-model_v1,78.95031778
1101,215,A,98.57,P62736,9.52,/AF-P62736-F1-model_v1,9.650972632
1102,217,A,98.31,P62736,11.36,/AF-P62736-F1-model_v1,66.88660199
1103,240,A,98.08,P62736,10.17,/AF-P62736-F1-model_v1,68.36105614
1104,286,A,98.28,P62736,10.2,/AF-P62736-F1-model_v1,59.51433123
1105,293,A,97.44,P62736,10.55,/AF-P62736-F1-model_v1,91.81828129
1106,317,A,98.62,P62736,11.17,/AF-P62736-F1-model_v1,39.67622082
1107,328,A,95.92,P62736,10.41,/AF-P62736-F1-model_v1,99.86075848
1108,330,A,98.36,P62736,9.94,/AF-P62736-F1-model_v1,54.28672105
1109,338,A,97.17,P62736,11.28,/AF-P62736-F1-model_v1,62.99940468
1110,361,A,97.68,P62736,10.56,/AF-P62736-F1-model_v1,28.81887661
1111,375,A,94.12,P62736,11.24,/AF-P62736-F1-model_v1,28.9529179
1112,153,A,70.2,P29966,10.47,/AF-P29966-F1-model_v1,100.6650062
1113,155,A,73.61,P29966,10.45,/AF-P29966-F1-model_v1,104.4181622
1114,156,A,76.42,P29966,10.46,/AF-P29966-F1-model_v1,103.6139145
1115,162,A,72.92,P29966,10.45,/AF-P29966-F1-model_v1,114.8733826
1116,172,A,70.61,P29966,10.44,/AF-P29966-F1-model_v1,77.34182234
1117,173,A,83.71,P48668,10.38,/AF-P48668-F1-model_v1,75.46524433
1118,180,A,88.36,P48668,10.32,/AF-P48668-F1-model_v1,71.30996445
1119,189,A,93.42,P48668,10.44,/AF-P48668-F1-model_v1,84.17792796
1120,194,A,88.63,P48668,10.41,/AF-P48668-F1-model_v1,66.08235427
1121,250,A,97.9,P48668,12.22,/AF-P48668-F1-model_v1,46.11020257
1122,252,A,98.07,P48668,11.34,/AF-P48668-F1-model_v1,67.95893228
1123,259,A,97.4,P48668,11.09,/AF-P48668-F1-model_v1,60.8547441
1124,271,A,97.76,P48668,10.4,/AF-P48668-F1-model_v1,75.33120304
1125,272,A,97.75,P48668,10.37,/AF-P48668-F1-model_v1,79.48648293
1126,281,A,98.22,P48668,10.4,/AF-P48668-F1-model_v1,83.50772152
1127,287,A,97.86,P48668,10.98,/AF-P48668-F1-model_v1,61.7930331
1128,338,A,92.43,P48668,10.33,/AF-P48668-F1-model_v1,61.92707439
1129,359,A,94.88,P48668,11.38,/AF-P48668-F1-model_v1,45.57403743
1130,378,A,97.38,P48668,10.43,/AF-P48668-F1-model_v1,77.34182234
1131,399,A,97.05,P48668,11.06,/AF-P48668-F1-model_v1,80.29073065
1132,400,A,96.73,P48668,10.38,/AF-P48668-F1-model_v1,98.25226304
1133,421,A,97.39,P48668,10.41,/AF-P48668-F1-model_v1,83.50772152
1134,424,A,96.65,P48668,10.4,/AF-P48668-F1-model_v1,86.18854725
1135,426,A,96.52,P48668,10.64,/AF-P48668-F1-model_v1,82.16730866
1136,436,A,97.26,P48668,10.44,/AF-P48668-F1-model_v1,79.88860679
1137,438,A,96.43,P48668,10.2,/AF-P48668-F1-model_v1,47.31657415
1138,446,A,96.25,P48668,11.12,/AF-P48668-F1-model_v1,57.90583579
1139,455,A,96.15,P48668,11.39,/AF-P48668-F1-model_v1,60.45262024
1140,467,A,87.72,P48668,10.44,/AF-P48668-F1-model_v1,68.49509743
1141,34,A,0,P10412,10.44,/3TZD-alt1C_assembled/3TZD-alt1B_assembled/3TZD-alt1A_assembled,76.13545076
1142,44,A,0,P10412,10.67,/3TZD-alt1C_assembled/3TZD-alt1B_assembled/3TZD-alt1A_assembled,65.54618912
1143,50,A,0,P10412,11.08,/3TZD-alt1C_assembled/3TZD-alt1B_assembled/3TZD-alt1A_assembled,0
1144,52,A,0,P10412,10.44,/3TZD-alt1C_assembled/3TZD-alt1B_assembled/3TZD-alt1A_assembled,63.26748725
1145,81,A,0,P10412,10.35,/3TZD-alt1C_assembled,87.12683626
1146,173,A,84.77,P02538,10.38,/AF-P02538-F1-model_v1,72.11421217
1147,180,A,89.49,P02538,10.32,/AF-P02538-F1-model_v1,68.62913872
1148,189,A,93.33,P02538,10.43,/AF-P02538-F1-model_v1,74.25887275
1149,194,A,88.78,P02538,10.41,/AF-P02538-F1-model_v1,67.824891
1150,250,A,97.34,P02538,11.73,/AF-P02538-F1-model_v1,60.31857895
1151,252,A,97.66,P02538,11.33,/AF-P02538-F1-model_v1,67.42276714
1152,259,A,96.51,P02538,11.19,/AF-P02538-F1-model_v1,76.53757462
1153,271,A,97.59,P02538,10.4,/AF-P02538-F1-model_v1,76.40353334
1154,272,A,97.65,P02538,10.38,/AF-P02538-F1-model_v1,89.53957942
1155,281,A,98.01,P02538,10.4,/AF-P02538-F1-model_v1,79.35244164
1156,287,A,97.61,P02538,10.31,/AF-P02538-F1-model_v1,62.46323953
1157,338,A,92.02,P02538,10.36,/AF-P02538-F1-model_v1,64.60790012
1158,359,A,94.85,P02538,11.4,/AF-P02538-F1-model_v1,44.36766585
1159,378,A,96.99,P02538,10.43,/AF-P02538-F1-model_v1,81.36306094
1160,399,A,96.9,P02538,10.77,/AF-P02538-F1-model_v1,80.82689579
1161,400,A,96.31,P02538,10.39,/AF-P02538-F1-model_v1,99.7267172
1162,421,A,97.42,P02538,11.06,/AF-P02538-F1-model_v1,62.73132211
1163,424,A,96.62,P02538,10.4,/AF-P02538-F1-model_v1,81.22901965
1164,426,A,96.08,P02538,11.06,/AF-P02538-F1-model_v1,70.23763415
1165,436,A,97.21,P02538,10.44,/AF-P02538-F1-model_v1,70.7737993
1166,438,A,96.38,P02538,10.28,/AF-P02538-F1-model_v1,43.96554199
1167,446,A,96.38,P02538,11.15,/AF-P02538-F1-model_v1,56.8335055
1168,455,A,96.2,P02538,11.43,/AF-P02538-F1-model_v1,61.39090924
1169,467,A,87.91,P02538,10.44,/AF-P02538-F1-model_v1,70.90784059
1170,53,A,92.29,Q58FF7,10.39,/AF-Q58FF7-F1-model_v1,68.22701486
1171,64,A,92.43,Q58FF7,11.3,/AF-Q58FF7-F1-model_v1,22.11681228
1172,69,A,91.61,Q58FF7,10.56,/AF-Q58FF7-F1-model_v1,83.64176281
1173,72,A,95.77,Q58FF7,12.11,/AF-Q58FF7-F1-model_v1,12.86796351
1174,95,A,92.47,Q58FF7,10.37,/AF-Q58FF7-F1-model_v1,40.8825924
1175,121,A,85.61,Q58FF7,11.25,/AF-Q58FF7-F1-model_v1,28.01462889
1176,127,A,96.62,Q58FF7,10.09,/AF-Q58FF7-F1-model_v1,26.80825731
1177,159,A,96.35,Q58FF7,10.53,/AF-Q58FF7-F1-model_v1,33.24223907
1178,165,A,87.83,Q58FF7,10.36,/AF-Q58FF7-F1-model_v1,29.75716561
1179,178,A,90.39,Q58FF7,11.57,/AF-Q58FF7-F1-model_v1,32.70607392
1180,182,A,86.13,Q58FF7,10.28,/AF-Q58FF7-F1-model_v1,99.45863462
1181,183,A,80.89,Q58FF7,11.32,/AF-Q58FF7-F1-model_v1,48.52294573
1182,241,A,86.22,Q58FF7,10.96,/AF-Q58FF7-F1-model_v1,86.18854725
1183,248,A,93.01,Q58FF7,10.5,/AF-Q58FF7-F1-model_v1,38.8719731
1184,261,A,93.41,Q58FF7,10.36,/AF-Q58FF7-F1-model_v1,98.92246948
1185,289,A,83.49,Q58FF7,10.46,/AF-Q58FF7-F1-model_v1,103.4798732
1186,290,A,83.18,Q58FF7,11.21,/AF-Q58FF7-F1-model_v1,54.42076234
1187,291,A,81.4,Q58FF7,11.15,/AF-Q58FF7-F1-model_v1,52.94630819
1188,292,A,82.17,Q58FF7,12.51,/AF-Q58FF7-F1-model_v1,33.10819778
1189,296,A,83.35,Q58FF7,9.34,/AF-Q58FF7-F1-model_v1,34.58265193
1190,350,A,83.88,Q58FF7,10.07,/AF-Q58FF7-F1-model_v1,48.12082187
1191,354,A,85,Q58FF7,10.48,/AF-Q58FF7-F1-model_v1,93.42677673
1192,364,A,95.38,Q58FF7,10.45,/AF-Q58FF7-F1-model_v1,94.23102445
1193,378,A,90.84,Q58FF7,10.11,/AF-Q58FF7-F1-model_v1,52.54418433
1194,399,A,86.77,Q58FF7,10.43,/AF-Q58FF7-F1-model_v1,84.7140931
1195,404,A,86.64,Q58FF7,10.05,/AF-Q58FF7-F1-model_v1,26.00400959
1196,411,A,93.74,Q58FF7,9.52,/AF-Q58FF7-F1-model_v1,23.05510129
1197,423,A,87.34,Q58FF7,11.62,/AF-Q58FF7-F1-model_v1,40.61450983
1198,424,A,91.73,Q58FF7,10.66,/AF-Q58FF7-F1-model_v1,59.7824138
1199,425,A,91.33,Q58FF7,10.85,/AF-Q58FF7-F1-model_v1,77.87798749
1200,430,A,94.45,Q58FF7,11.31,/AF-Q58FF7-F1-model_v1,56.43138164
1201,432,A,95.39,Q58FF7,11.1,/AF-Q58FF7-F1-model_v1,33.10819778
1202,438,A,96.22,Q58FF7,11.51,/AF-Q58FF7-F1-model_v1,66.35043684
1203,441,A,96.91,Q58FF7,10.98,/AF-Q58FF7-F1-model_v1,24.26147287
1204,446,A,89.85,Q58FF7,10.44,/AF-Q58FF7-F1-model_v1,96.6437676
1205,447,A,91.27,Q58FF7,10.33,/AF-Q58FF7-F1-model_v1,49.99739988
1206,450,A,95.07,Q58FF7,10.35,/AF-Q58FF7-F1-model_v1,61.25686795
1207,480,A,84.75,Q58FF7,11.16,/AF-Q58FF7-F1-model_v1,43.96554199
1208,496,A,87.5,Q58FF7,11.51,/AF-Q58FF7-F1-model_v1,65.01002398
1209,497,A,93.72,Q58FF7,9.84,/AF-Q58FF7-F1-model_v1,20.9104407
1210,514,A,93.86,Q58FF7,10.56,/AF-Q58FF7-F1-model_v1,62.86536339
1211,519,A,89.77,Q58FF7,10.38,/AF-Q58FF7-F1-model_v1,69.16530386
1212,522,A,87.56,Q58FF7,10.66,/AF-Q58FF7-F1-model_v1,76.26949205
1213,525,A,90.89,Q58FF7,10.36,/AF-Q58FF7-F1-model_v1,41.68684012
1214,558,A,86.2,Q58FF7,10.41,/AF-Q58FF7-F1-model_v1,65.41214784
1215,27,A,89.07,P46459,10.44,/AF-P46459-F1-model_v1,72.38229474
1216,50,A,92.74,P46459,10.39,/AF-P46459-F1-model_v1,36.72731252
1217,68,A,89.34,P46459,10.32,/AF-P46459-F1-model_v1,67.02064328
1218,87,A,81.67,P46459,10.49,/AF-P46459-F1-model_v1,81.22901965
1219,89,A,83.09,P46459,10.6,/AF-P46459-F1-model_v1,65.41214784
1220,104,A,79.39,P46459,11.36,/AF-P46459-F1-model_v1,53.61651462
1221,105,A,79.21,P46459,10.47,/AF-P46459-F1-model_v1,93.56081801
1222,116,A,90.71,P46459,10.62,/AF-P46459-F1-model_v1,69.96955158
1223,143,A,87.75,P46459,12.25,/AF-P46459-F1-model_v1,21.98277099
1224,150,A,91.15,P46459,12.21,/AF-P46459-F1-model_v1,33.10819778
1225,171,A,87.03,P46459,11.61,/AF-P46459-F1-model_v1,68.89722129
1226,187,A,87.38,P46459,9.73,/AF-P46459-F1-model_v1,15.54878924
1227,198,A,79.57,P46459,10.62,/AF-P46459-F1-model_v1,81.49710222
1228,200,A,79.28,P46459,10.07,/AF-P46459-F1-model_v1,40.74855111
1229,225,A,85.89,P46459,10.69,/AF-P46459-F1-model_v1,105.8926164
1230,251,A,80.53,P46459,10.29,/AF-P46459-F1-model_v1,72.65037731
1231,254,A,87.29,P46459,9.26,/AF-P46459-F1-model_v1,17.9615324
1232,266,A,90.31,P46459,8.85,/AF-P46459-F1-model_v1,15.41474795
1233,275,A,78.83,P46459,10.25,/AF-P46459-F1-model_v1,87.79704269
1234,283,A,90.37,P46459,10.79,/AF-P46459-F1-model_v1,36.45922994
1235,293,A,81.29,P46459,10.43,/AF-P46459-F1-model_v1,76.53757462
1236,304,A,92.01,P46459,10.43,/AF-P46459-F1-model_v1,78.81627649
1237,335,A,83.16,P46459,10.24,/AF-P46459-F1-model_v1,81.49710222
1238,357,A,87.72,P46459,10.9,/AF-P46459-F1-model_v1,17.15728468
1239,392,A,91.69,P46459,10,/AF-P46459-F1-model_v1,39.81026211
1240,401,A,89.27,P46459,10.62,/AF-P46459-F1-model_v1,91.55019872
1241,427,A,92.94,P46459,10.58,/AF-P46459-F1-model_v1,86.7247124
1242,434,A,78.59,P46459,9.73,/AF-P46459-F1-model_v1,34.71669322
1243,489,A,73.7,P46459,11.33,/AF-P46459-F1-model_v1,72.51633603
1244,509,A,91.04,P46459,10.5,/AF-P46459-F1-model_v1,68.76318
1245,529,A,91.73,P46459,10.37,/AF-P46459-F1-model_v1,73.18654246
1246,549,A,94.17,P46459,8.65,/AF-P46459-F1-model_v1,0
1247,555,A,92.06,P46459,11.53,/AF-P46459-F1-model_v1,17.02324339
1248,566,A,89.2,P46459,9.64,/AF-P46459-F1-model_v1,74.39291404
1249,572,A,87.56,P46459,11.11,/AF-P46459-F1-model_v1,35.9230648
1250,581,A,94.18,P46459,10.8,/AF-P46459-F1-model_v1,0
1251,586,A,92.69,P46459,10.65,/AF-P46459-F1-model_v1,67.55680842
1252,587,A,89.62,P46459,10.48,/AF-P46459-F1-model_v1,97.44801532
1253,594,A,79.62,P46459,11.1,/AF-P46459-F1-model_v1,73.7227076
1254,631,A,91.9,P46459,10.35,/AF-P46459-F1-model_v1,69.03126257
1255,632,A,92.95,P46459,10.26,/AF-P46459-F1-model_v1,69.96955158
1256,639,A,93.25,P46459,11.11,/AF-P46459-F1-model_v1,12.46583965
1257,649,A,93.18,P46459,11.39,/AF-P46459-F1-model_v1,37.66560152
1258,687,A,90.58,P46459,10.47,/AF-P46459-F1-model_v1,81.09497836
1259,689,A,90.59,P46459,10.44,/AF-P46459-F1-model_v1,91.14807486
1260,699,A,82.57,P46459,10.51,/AF-P46459-F1-model_v1,84.84813439
1261,701,A,84.39,P46459,10.02,/AF-P46459-F1-model_v1,54.8228862
1262,702,A,85.05,P46459,10.52,/AF-P46459-F1-model_v1,97.17993275
1263,708,A,92.41,P46459,10.3,/AF-P46459-F1-model_v1,77.7439462
1264,709,A,92.41,P46459,11.27,/AF-P46459-F1-model_v1,34.04648678
1265,728,A,92.51,P46459,10.4,/AF-P46459-F1-model_v1,50.13144117
1266,20,A,77.88,O00567,10.41,/AF-O00567-F1-model_v1,80.69285451
1267,41,A,82.69,O00567,10.42,/AF-O00567-F1-model_v1,71.44400573
1268,99,A,90.99,O00567,10.56,/AF-O00567-F1-model_v1,84.04388667
1269,134,A,79.79,O00567,10.44,/AF-O00567-F1-model_v1,103.2117906
1270,143,A,92.16,O00567,10.39,/AF-O00567-F1-model_v1,94.63314831
1271,156,A,89.75,O00567,11.24,/AF-O00567-F1-model_v1,55.76117521
1272,158,A,84.18,O00567,10.55,/AF-O00567-F1-model_v1,99.05651076
1273,180,A,95.23,O00567,10.49,/AF-O00567-F1-model_v1,91.68424
1274,202,A,87.23,O00567,10.49,/AF-O00567-F1-model_v1,98.78842819
1275,227,A,76.23,O00567,10.08,/AF-O00567-F1-model_v1,35.38689965
1276,230,A,79.54,O00567,10.47,/AF-O00567-F1-model_v1,60.45262024
1277,240,A,84.15,O00567,10.71,/AF-O00567-F1-model_v1,54.95692749
1278,242,A,85.65,O00567,10.59,/AF-O00567-F1-model_v1,65.94831298
1279,288,A,90.56,O00567,10.51,/AF-O00567-F1-model_v1,57.36967064
1280,320,A,94.96,O00567,10.39,/AF-O00567-F1-model_v1,85.11621696
1281,333,A,87.39,O00567,10.43,/AF-O00567-F1-model_v1,112.8627633
1282,340,A,92.29,O00567,10.4,/AF-O00567-F1-model_v1,86.7247124
1283,347,A,84.12,O00567,10.36,/AF-O00567-F1-model_v1,81.22901965
1284,363,A,87.64,O00567,10.46,/AF-O00567-F1-model_v1,94.49910702
1285,365,A,89.09,O00567,10.33,/AF-O00567-F1-model_v1,38.60389053
1286,375,A,93.51,O00567,8.4,/AF-O00567-F1-model_v1,0
1287,396,A,90.93,O00567,11.45,/AF-O00567-F1-model_v1,16.62111953
1288,416,A,82.34,O00567,10.44,/AF-O00567-F1-model_v1,87.79704269
1289,422,A,83.11,O00567,10.39,/AF-O00567-F1-model_v1,93.82890059
1290,438,A,79.96,O00567,11.39,/AF-O00567-F1-model_v1,79.88860679
1291,441,A,79.66,O00567,10.39,/AF-O00567-F1-model_v1,90.07574456
1292,444,A,75.9,O00567,10.63,/AF-O00567-F1-model_v1,86.18854725
1293,445,A,78.19,O00567,10.39,/AF-O00567-F1-model_v1,91.01403357
1294,448,A,75.33,O00567,10.42,/AF-O00567-F1-model_v1,78.41415263
1295,449,A,77.71,O00567,10.39,/AF-O00567-F1-model_v1,95.03527217
1296,451,A,76.73,O00567,10.42,/AF-O00567-F1-model_v1,84.44601053
1297,452,A,77.42,O00567,10.4,/AF-O00567-F1-model_v1,77.20778105
1298,56,A,0,Q01813,10.91,/4XZ2-alt-1_assembled/4XYJ-alt-1_assembled,49.05911088
1299,109,A,0,Q01813,10.49,/4XZ2-alt-1_assembled/4XYJ-alt-1_assembled,55.76117521
1300,139,A,0,Q01813,10.19,/4XZ2-alt-1_assembled/4XYJ-alt-1_assembled,53.88459719
1301,156,A,0,Q01813,10.42,/4XZ2-alt-1_assembled/4XYJ-alt-1_assembled,60.31857895
1302,161,A,0,Q01813,9.88,/4XZ2-alt-1_assembled/4XYJ-alt-1_assembled,13.13604608
1303,255,A,0,Q01813,8.23,/4XZ2-alt-1_assembled/4XYJ-alt-1_assembled,28.28271146
1304,263,A,0,Q01813,10.36,/4XZ2-alt-1_assembled/4XYJ-alt-1_assembled,65.27810655
1305,264,A,0,Q01813,10.1,/4XZ2-alt-1_assembled/4XYJ-alt-1_assembled,21.17852328
1306,281,A,0,Q01813,10.49,/4XZ2-alt-1_assembled/4XYJ-alt-1_assembled,59.64837252
1307,287,A,0,Q01813,10.2,/4XZ2-alt-1_assembled/4XYJ-alt-1_assembled,52.00801918
1308,289,A,0,Q01813,10.22,/4XZ2-alt-1_assembled/4XYJ-alt-1_assembled,33.51032164
1309,369,A,0,Q01813,10.53,/4XZ2-alt-1_assembled/4XYJ-alt-1_assembled,60.18453766
1310,395,A,0,Q01813,9.26,/4XZ2-alt-1_assembled/4XYJ-alt-1_assembled,57.63775322
1311,400,A,0,Q01813,9.76,/4XZ2-alt-1_assembled/4XYJ-alt-1_assembled,37.39751895
1312,408,A,0,Q01813,10.16,/4XZ2-alt-1_assembled/4XYJ-alt-1_assembled,46.24424386
1313,455,A,0,Q01813,11.02,/4XZ2-alt-1_assembled/4XYJ-alt-1_assembled,44.903831
1314,459,A,0,Q01813,10.1,/4XZ2-alt-1_assembled/4XYJ-alt-1_assembled,39.94430339
1315,480,A,0,Q01813,10.67,/4XZ2-alt-1_assembled/4XYJ-alt-1_assembled,30.69545462
1316,486,A,0,Q01813,10.49,/4XZ2-alt-1_assembled/4XYJ-alt-1_assembled,86.32258854
1317,524,A,0,Q01813,10.41,/4XZ2-alt-1_assembled/4XYJ-alt-1_assembled,70.50571673
1318,567,A,0,Q01813,6.6,/4XZ2-alt-1_assembled/4XYJ-alt-1_assembled,12.19775708
1319,574,A,0,Q01813,10.39,/4XZ2-alt-1_assembled/4XYJ-alt-1_assembled,43.02725298
1320,625,A,0,Q01813,9.57,/4XZ2-alt-1_assembled/4XYJ-alt-1_assembled,22.11681228
1321,627,A,0,Q01813,10.66,/4XZ2-alt-1_assembled/4XYJ-alt-1_assembled,49.72931731
1322,659,A,0,Q01813,10.73,/4XZ2-alt-1_assembled/4XYJ-alt-1_assembled,45.70807871
1323,666,A,0,Q01813,11.22,/4XZ2-alt-1_assembled/4XYJ-alt-1_assembled,41.15067497
1324,688,A,0,Q01813,8.09,/4XZ2-alt-1_assembled/4XYJ-alt-1_assembled,42.8932117
1325,700,A,0,Q01813,10.38,/4XZ2-alt-1_assembled/4XYJ-alt-1_assembled,17.9615324
1326,702,A,0,Q01813,8.81,/4XZ2-alt-1_assembled/4XYJ-alt-1_assembled,35.65498222
1327,709,A,0,Q01813,9.2,/4XZ2-alt-1_assembled/4XYJ-alt-1_assembled,24.26147287
1328,710,A,0,Q01813,10.55,/4XZ2-alt-1_assembled/4XYJ-alt-1_assembled,84.58005182
1329,724,A,0,Q01813,10.36,/4XZ2-alt-1_assembled/4XYJ-alt-1_assembled,73.99079018
1330,736,A,0,Q01813,10.16,/4XZ2-alt-1_assembled/4XYJ-alt-1_assembled,55.35905135
1331,737,A,0,Q01813,10.42,/4XZ2-alt-1_assembled/4XYJ-alt-1_assembled,87.12683626
1332,747,A,0,Q01813,10.27,/4XZ2-alt-1_assembled/4XYJ-alt-1_assembled,49.8633586
1333,753,A,0,Q01813,8.65,/4XZ2-alt-1_assembled/4XYJ-alt-1_assembled,32.70607392
1334,759,A,0,Q01813,9.8,/4XZ2-alt-1_assembled/4XYJ-alt-1_assembled,27.47846374
1335,15,A,0,Q01813,10.82,/4XYJ-alt-1_assembled,41.28471626
1336,25,A,0,Q01813,9.61,/4XYJ-alt-1_assembled,32.30395006
1337,763,A,0,Q01813,10.05,/4XYJ-alt-1_assembled,58.97816608
1338,765,A,0,Q01813,9.71,/4XYJ-alt-1_assembled,82.97155638
1339,56,B,0,Q01813,10.92,/4XZ2-alt-1_assembled/4XYJ-alt-1_assembled,51.8739779
1340,109,B,0,Q01813,10.51,/4XZ2-alt-1_assembled/4XYJ-alt-1_assembled,69.83551029
1341,139,B,0,Q01813,10.05,/4XZ2-alt-1_assembled/4XYJ-alt-1_assembled,44.63574842
1342,156,B,0,Q01813,10.41,/4XZ2-alt-1_assembled/4XYJ-alt-1_assembled,72.24825345
1343,161,B,0,Q01813,10.01,/4XZ2-alt-1_assembled/4XYJ-alt-1_assembled,16.62111953
1344,255,B,0,Q01813,8.07,/4XZ2-alt-1_assembled/4XYJ-alt-1_assembled,0
1345,263,B,0,Q01813,10.38,/4XZ2-alt-1_assembled/4XYJ-alt-1_assembled,60.18453766
1346,264,B,0,Q01813,10,/4XZ2-alt-1_assembled/4XYJ-alt-1_assembled,18.36365626
1347,281,B,0,Q01813,10.01,/4XZ2-alt-1_assembled/4XYJ-alt-1_assembled,49.8633586
1348,287,B,0,Q01813,10.01,/4XZ2-alt-1_assembled/4XYJ-alt-1_assembled,36.72731252
1349,289,B,0,Q01813,10.19,/4XZ2-alt-1_assembled/4XYJ-alt-1_assembled,30.56141333
1350,369,B,0,Q01813,10.29,/4XZ2-alt-1_assembled/4XYJ-alt-1_assembled,50.8016476
1351,395,B,0,Q01813,9.46,/4XZ2-alt-1_assembled/4XYJ-alt-1_assembled,42.62512912
1352,400,B,0,Q01813,9.62,/4XZ2-alt-1_assembled/4XYJ-alt-1_assembled,34.71669322
1353,408,B,0,Q01813,9.64,/4XZ2-alt-1_assembled/4XYJ-alt-1_assembled,15.28070667
1354,455,B,0,Q01813,11.35,/4XZ2-alt-1_assembled/4XYJ-alt-1_assembled,49.05911088
1355,459,B,0,Q01813,10.43,/4XZ2-alt-1_assembled/4XYJ-alt-1_assembled,53.75055591
1356,480,B,0,Q01813,9.45,/4XZ2-alt-1_assembled/4XYJ-alt-1_assembled,39.54217953
1357,486,B,0,Q01813,10.52,/4XZ2-alt-1_assembled/4XYJ-alt-1_assembled,78.68223521
1358,524,B,0,Q01813,10.49,/4XZ2-alt-1_assembled/4XYJ-alt-1_assembled,82.83751509
1359,567,B,0,Q01813,7.93,/4XZ2-alt-1_assembled/4XYJ-alt-1_assembled,0
1360,574,B,0,Q01813,9.53,/4XZ2-alt-1_assembled/4XYJ-alt-1_assembled,39.00601439
1361,625,B,0,Q01813,9.59,/4XZ2-alt-1_assembled/4XYJ-alt-1_assembled,15.28070667
1362,627,B,0,Q01813,10.68,/4XZ2-alt-1_assembled/4XYJ-alt-1_assembled,49.72931731
1363,659,B,0,Q01813,10.85,/4XZ2-alt-1_assembled/4XYJ-alt-1_assembled,57.50371193
1364,666,B,0,Q01813,11.21,/4XZ2-alt-1_assembled/4XYJ-alt-1_assembled,39.81026211
1365,688,B,0,Q01813,8.59,/4XZ2-alt-1_assembled/4XYJ-alt-1_assembled,36.45922994
1366,700,B,0,Q01813,10.59,/4XZ2-alt-1_assembled/4XYJ-alt-1_assembled,16.75516082
1367,702,B,0,Q01813,10.33,/4XZ2-alt-1_assembled/4XYJ-alt-1_assembled,73.7227076
1368,709,B,0,Q01813,10.03,/4XZ2-alt-1_assembled/4XYJ-alt-1_assembled,50.13144117
1369,710,B,0,Q01813,10.33,/4XZ2-alt-1_assembled/4XYJ-alt-1_assembled,52.94630819
1370,724,B,0,Q01813,9.69,/4XZ2-alt-1_assembled/4XYJ-alt-1_assembled,27.61250503
1371,736,B,0,Q01813,10.3,/4XZ2-alt-1_assembled/4XYJ-alt-1_assembled,60.8547441
1372,737,B,0,Q01813,10.49,/4XZ2-alt-1_assembled/4XYJ-alt-1_assembled,66.61851942
1373,747,B,0,Q01813,10.37,/4XZ2-alt-1_assembled/4XYJ-alt-1_assembled,23.32318386
1374,753,B,0,Q01813,9,/4XZ2-alt-1_assembled/4XYJ-alt-1_assembled,38.73793181
1375,759,B,0,Q01813,9.82,/4XZ2-alt-1_assembled/4XYJ-alt-1_assembled,23.72530772
1376,15,B,0,Q01813,10.86,/4XYJ-alt-1_assembled,26.9422986
1377,25,B,0,Q01813,9.47,/4XYJ-alt-1_assembled,36.32518866
1378,763,B,0,Q01813,10.1,/4XYJ-alt-1_assembled,55.22501006
1379,765,B,0,Q01813,9.75,/4XYJ-alt-1_assembled,83.90984538
1380,15,C,0,Q01813,11.02,/4XYJ-alt-1_assembled,46.24424386
1381,25,C,0,Q01813,9.38,/4XYJ-alt-1_assembled,37.79964281
1382,56,C,0,Q01813,11.33,/4XYJ-alt-1_assembled,49.46123474
1383,109,C,0,Q01813,10.55,/4XYJ-alt-1_assembled,68.49509743
1384,139,C,0,Q01813,10.31,/4XYJ-alt-1_assembled,68.89722129
1385,156,C,0,Q01813,10.29,/4XYJ-alt-1_assembled,77.87798749
1386,161,C,0,Q01813,10.79,/4XYJ-alt-1_assembled,84.98217567
1387,255,C,0,Q01813,8.48,/4XYJ-alt-1_assembled,21.04448199
1388,263,C,0,Q01813,10.45,/4XYJ-alt-1_assembled,77.7439462
1389,264,C,0,Q01813,10.2,/4XYJ-alt-1_assembled,25.73592702
1390,281,C,0,Q01813,10.34,/4XYJ-alt-1_assembled,48.38890445
1391,287,C,0,Q01813,10.12,/4XYJ-alt-1_assembled,25.19976187
1392,289,C,0,Q01813,10.54,/4XYJ-alt-1_assembled,42.8932117
1393,369,C,0,Q01813,10.64,/4XYJ-alt-1_assembled,60.8547441
1394,395,C,0,Q01813,9.59,/4XYJ-alt-1_assembled,58.97816608
1395,400,C,0,Q01813,8.61,/4XYJ-alt-1_assembled,15.41474795
1396,408,C,0,Q01813,11.02,/4XYJ-alt-1_assembled,22.78701871
1397,455,C,0,Q01813,11.66,/4XYJ-alt-1_assembled,48.65698702
1398,459,C,0,Q01813,11.28,/4XYJ-alt-1_assembled,47.71869801
1399,480,C,0,Q01813,10.58,/4XYJ-alt-1_assembled,50.8016476
1400,486,C,0,Q01813,10.47,/4XYJ-alt-1_assembled,93.29273544
1401,524,C,0,Q01813,10.51,/4XYJ-alt-1_assembled,80.15668936
1402,567,C,0,Q01813,7.39,/4XYJ-alt-1_assembled,23.72530772
1403,574,C,0,Q01813,5.31,/4XYJ-alt-1_assembled,0
1404,625,C,0,Q01813,9.95,/4XYJ-alt-1_assembled,8.846724913
1405,627,C,0,Q01813,10.88,/4XYJ-alt-1_assembled,49.8633586
1406,659,C,0,Q01813,10.73,/4XYJ-alt-1_assembled,50.93568889
1407,666,C,0,Q01813,10.87,/4XYJ-alt-1_assembled,44.903831
1408,688,C,0,Q01813,8.26,/4XYJ-alt-1_assembled,47.8527393
1409,700,C,0,Q01813,10,/4XYJ-alt-1_assembled,42.08896398
1410,702,C,0,Q01813,10.39,/4XYJ-alt-1_assembled,77.07373977
1411,709,C,0,Q01813,10.53,/4XYJ-alt-1_assembled,72.7844186
1412,710,C,0,Q01813,9.68,/4XYJ-alt-1_assembled,19.16790398
1413,724,C,0,Q01813,10.3,/4XYJ-alt-1_assembled,68.89722129
1414,736,C,0,Q01813,10.1,/4XYJ-alt-1_assembled,38.46984924
1415,737,C,0,Q01813,10.21,/4XYJ-alt-1_assembled,82.97155638
1416,747,C,0,Q01813,10.57,/4XYJ-alt-1_assembled,52.27610176
1417,753,C,0,Q01813,10.98,/4XYJ-alt-1_assembled,43.02725298
1418,759,C,0,Q01813,9.78,/4XYJ-alt-1_assembled,27.07633988
1419,763,C,0,Q01813,9.42,/4XYJ-alt-1_assembled,39.94430339
1420,765,C,0,Q01813,9.92,/4XYJ-alt-1_assembled,65.54618912
1421,15,D,0,Q01813,10.42,/4XYJ-alt-1_assembled,34.98477579
1422,25,D,0,Q01813,9.75,/4XYJ-alt-1_assembled,38.46984924
1423,56,D,0,Q01813,11.02,/4XYJ-alt-1_assembled,47.98678059
1424,109,D,0,Q01813,10.48,/4XYJ-alt-1_assembled,51.73993661
1425,139,D,0,Q01813,10.12,/4XYJ-alt-1_assembled,69.70146901
1426,156,D,0,Q01813,10.29,/4XYJ-alt-1_assembled,62.32919825
1427,161,D,0,Q01813,10.7,/4XYJ-alt-1_assembled,64.20577626
1428,255,D,0,Q01813,9.28,/4XYJ-alt-1_assembled,14.34241766
1429,263,D,0,Q01813,9.99,/4XYJ-alt-1_assembled,83.64176281
1430,264,D,0,Q01813,9.93,/4XYJ-alt-1_assembled,27.61250503
1431,281,D,0,Q01813,10.33,/4XYJ-alt-1_assembled,52.8122669
1432,287,D,0,Q01813,10.72,/4XYJ-alt-1_assembled,41.41875754
1433,289,D,0,Q01813,10.27,/4XYJ-alt-1_assembled,30.82949591
1434,369,D,0,Q01813,11.35,/4XYJ-alt-1_assembled,53.88459719
1435,395,D,0,Q01813,9.09,/4XYJ-alt-1_assembled,47.04849158
1436,400,D,0,Q01813,9.08,/4XYJ-alt-1_assembled,16.08495439
1437,408,D,0,Q01813,11.22,/4XYJ-alt-1_assembled,28.01462889
1438,455,D,0,Q01813,10.94,/4XYJ-alt-1_assembled,43.02725298
1439,459,D,0,Q01813,10.43,/4XYJ-alt-1_assembled,63.8036524
1440,480,D,0,Q01813,9.39,/4XYJ-alt-1_assembled,31.9018262
1441,486,D,0,Q01813,10.69,/4XYJ-alt-1_assembled,72.24825345
1442,524,D,0,Q01813,10.59,/4XYJ-alt-1_assembled,71.17592316
1443,567,D,0,Q01813,10.58,/4XYJ-alt-1_assembled,15.01262409
1444,574,D,0,Q01813,10.4,/4XYJ-alt-1_assembled,71.17592316
1445,625,D,0,Q01813,9.94,/4XYJ-alt-1_assembled,7.640353334
1446,627,D,0,Q01813,10.5,/4XYJ-alt-1_assembled,41.28471626
1447,659,D,0,Q01813,10.93,/4XYJ-alt-1_assembled,57.36967064
1448,666,D,0,Q01813,10.22,/4XYJ-alt-1_assembled,49.72931731
1449,688,D,0,Q01813,6.48,/4XYJ-alt-1_assembled,38.06772538
1450,700,D,0,Q01813,10.46,/4XYJ-alt-1_assembled,33.24223907
1451,702,D,0,Q01813,10.42,/4XYJ-alt-1_assembled,82.97155638
1452,709,D,0,Q01813,10.37,/4XYJ-alt-1_assembled,65.94831298
1453,710,D,0,Q01813,10.66,/4XYJ-alt-1_assembled,62.59728082
1454,724,D,0,Q01813,9.93,/4XYJ-alt-1_assembled,68.36105614
1455,736,D,0,Q01813,10.34,/4XYJ-alt-1_assembled,60.45262024
1456,737,D,0,Q01813,10.45,/4XYJ-alt-1_assembled,76.80565719
1457,747,D,0,Q01813,10.52,/4XYJ-alt-1_assembled,79.7545655
1458,753,D,0,Q01813,10.22,/4XYJ-alt-1_assembled,45.43999614
1459,759,D,0,Q01813,9.9,/4XYJ-alt-1_assembled,21.58064714
1460,763,D,0,Q01813,9.82,/4XYJ-alt-1_assembled,52.14206047
1461,765,D,0,Q01813,10.03,/4XYJ-alt-1_assembled,73.45462503
1462,15,E,0,Q01813,11.21,/4XYJ-alt-1_assembled,60.18453766
1463,25,E,0,Q01813,9.68,/4XYJ-alt-1_assembled,34.44861064
1464,56,E,0,Q01813,11.28,/4XYJ-alt-1_assembled,29.22100047
1465,109,E,0,Q01813,10.45,/4XYJ-alt-1_assembled,46.78040901
1466,139,E,0,Q01813,10.32,/4XYJ-alt-1_assembled,62.73132211
1467,156,E,0,Q01813,10.5,/4XYJ-alt-1_assembled,61.52495053
1468,161,E,0,Q01813,10.55,/4XYJ-alt-1_assembled,77.20778105
1469,255,E,0,Q01813,9.14,/4XYJ-alt-1_assembled,9.919055205
1470,263,E,0,Q01813,9.99,/4XYJ-alt-1_assembled,63.93769369
1471,264,E,0,Q01813,10.43,/4XYJ-alt-1_assembled,30.96353719
1472,281,E,0,Q01813,10.35,/4XYJ-alt-1_assembled,54.55480363
1473,287,E,0,Q01813,10.61,/4XYJ-alt-1_assembled,35.9230648
1474,289,E,0,Q01813,10.22,/4XYJ-alt-1_assembled,36.72731252
1475,369,E,0,Q01813,10.6,/4XYJ-alt-1_assembled,42.62512912
1476,395,E,0,Q01813,9.39,/4XYJ-alt-1_assembled,42.08896398
1477,400,E,0,Q01813,9.19,/4XYJ-alt-1_assembled,28.28271146
1478,408,E,0,Q01813,11.16,/4XYJ-alt-1_assembled,43.42937684
1479,455,E,0,Q01813,11.64,/4XYJ-alt-1_assembled,45.97616129
1480,459,E,0,Q01813,10.58,/4XYJ-alt-1_assembled,58.71008351
1481,486,E,0,Q01813,10.58,/4XYJ-alt-1_assembled,84.44601053
1482,524,E,0,Q01813,10.49,/4XYJ-alt-1_assembled,82.43539123
1483,567,E,0,Q01813,8.3,/4XYJ-alt-1_assembled,17.55940854
1484,574,E,0,Q01813,9.1,/4XYJ-alt-1_assembled,10.18713778
1485,625,E,0,Q01813,10.05,/4XYJ-alt-1_assembled,21.17852328
1486,627,E,0,Q01813,10.48,/4XYJ-alt-1_assembled,29.75716561
1487,659,E,0,Q01813,10.18,/4XYJ-alt-1_assembled,50.13144117
1488,666,E,0,Q01813,10.92,/4XYJ-alt-1_assembled,31.9018262
1489,688,E,0,Q01813,8.86,/4XYJ-alt-1_assembled,44.76978971
1490,700,E,0,Q01813,10.06,/4XYJ-alt-1_assembled,21.17852328
1491,702,E,0,Q01813,9.59,/4XYJ-alt-1_assembled,64.07173497
1492,709,E,0,Q01813,10.25,/4XYJ-alt-1_assembled,67.28872585
1493,710,E,0,Q01813,10.58,/4XYJ-alt-1_assembled,53.48247333
1494,724,E,0,Q01813,10.31,/4XYJ-alt-1_assembled,86.05450597
1495,736,E,0,Q01813,10.33,/4XYJ-alt-1_assembled,59.64837252
1496,737,E,0,Q01813,10.41,/4XYJ-alt-1_assembled,86.32258854
1497,747,E,0,Q01813,10.13,/4XYJ-alt-1_assembled,74.66099661
1498,753,E,0,Q01813,11.31,/4XYJ-alt-1_assembled,46.64636772
1499,759,E,0,Q01813,9.73,/4XYJ-alt-1_assembled,19.03386269
1500,763,E,0,Q01813,9.77,/4XYJ-alt-1_assembled,41.15067497
1501,765,E,0,Q01813,9.99,/4XYJ-alt-1_assembled,75.19716176
1502,15,F,0,Q01813,11.06,/4XYJ-alt-1_assembled,38.73793181
1503,25,F,0,Q01813,10.13,/4XYJ-alt-1_assembled,60.31857895
1504,56,F,0,Q01813,10.67,/4XYJ-alt-1_assembled,20.37427556
1505,109,F,0,Q01813,10.48,/4XYJ-alt-1_assembled,35.38689965
1506,139,F,0,Q01813,10.45,/4XYJ-alt-1_assembled,75.7333269
1507,156,F,0,Q01813,10.49,/4XYJ-alt-1_assembled,79.21840035
1508,161,F,0,Q01813,10.55,/4XYJ-alt-1_assembled,68.36105614
1509,255,F,0,Q01813,9.79,/4XYJ-alt-1_assembled,6.568023041
1510,263,F,0,Q01813,10.39,/4XYJ-alt-1_assembled,77.20778105
1511,264,F,0,Q01813,10.64,/4XYJ-alt-1_assembled,41.01663369
1512,281,F,0,Q01813,10.43,/4XYJ-alt-1_assembled,55.89521649
1513,287,F,0,Q01813,10.49,/4XYJ-alt-1_assembled,36.59327123
1514,289,F,0,Q01813,10.23,/4XYJ-alt-1_assembled,38.46984924
1515,369,F,0,Q01813,11.4,/4XYJ-alt-1_assembled,49.19315217
1516,395,F,0,Q01813,9.29,/4XYJ-alt-1_assembled,55.09096877
1517,400,F,0,Q01813,9.42,/4XYJ-alt-1_assembled,21.98277099
1518,408,F,0,Q01813,11.21,/4XYJ-alt-1_assembled,37.66560152
1519,455,F,0,Q01813,11.6,/4XYJ-alt-1_assembled,47.71869801
1520,459,F,0,Q01813,10.06,/4XYJ-alt-1_assembled,39.54217953
1521,480,F,0,Q01813,9.98,/4XYJ-alt-1_assembled,58.30795965
1522,486,F,0,Q01813,10.65,/4XYJ-alt-1_assembled,78.68223521
1523,524,F,0,Q01813,10.42,/4XYJ-alt-1_assembled,64.33981755
1524,567,F,0,Q01813,9.34,/4XYJ-alt-1_assembled,22.38489485
1525,574,F,0,Q01813,6.49,/4XYJ-alt-1_assembled,0
1526,625,F,0,Q01813,10.2,/4XYJ-alt-1_assembled,8.578642339
1527,627,F,0,Q01813,10.86,/4XYJ-alt-1_assembled,28.28271146
1528,659,F,0,Q01813,10.65,/4XYJ-alt-1_assembled,61.12282667
1529,666,F,0,Q01813,9.55,/4XYJ-alt-1_assembled,31.36566105
1530,688,F,0,Q01813,8.96,/4XYJ-alt-1_assembled,44.50170714
1531,700,F,0,Q01813,10.46,/4XYJ-alt-1_assembled,37.66560152
1532,702,F,0,Q01813,10.41,/4XYJ-alt-1_assembled,52.27610176
1533,709,F,0,Q01813,10.54,/4XYJ-alt-1_assembled,64.33981755
1534,710,F,0,Q01813,10.7,/4XYJ-alt-1_assembled,70.90784059
1535,724,F,0,Q01813,10.34,/4XYJ-alt-1_assembled,85.38429953
1536,736,F,0,Q01813,10.08,/4XYJ-alt-1_assembled,58.17391836
1537,737,F,0,Q01813,10.22,/4XYJ-alt-1_assembled,66.21639556
1538,747,F,0,Q01813,10.49,/4XYJ-alt-1_assembled,79.7545655
1539,753,F,0,Q01813,10.86,/4XYJ-alt-1_assembled,46.78040901
1540,759,F,0,Q01813,10.1,/4XYJ-alt-1_assembled,58.57604222
1541,763,F,0,Q01813,9.19,/4XYJ-alt-1_assembled,41.55279883
1542,765,F,0,Q01813,10.34,/4XYJ-alt-1_assembled,73.85674889
1543,15,G,0,Q01813,10.64,/4XYJ-alt-1_assembled,40.34642725
1544,25,G,0,Q01813,9.48,/4XYJ-alt-1_assembled,36.72731252
1545,56,G,0,Q01813,10.59,/4XYJ-alt-1_assembled,52.14206047
1546,109,G,0,Q01813,10.44,/4XYJ-alt-1_assembled,60.72070281
1547,139,G,0,Q01813,10.16,/4XYJ-alt-1_assembled,54.01863848
1548,156,G,0,Q01813,10.5,/4XYJ-alt-1_assembled,85.25025825
1549,161,G,0,Q01813,10.95,/4XYJ-alt-1_assembled,54.68884491
1550,255,G,0,Q01813,8.85,/4XYJ-alt-1_assembled,6.702064328
1551,263,G,0,Q01813,10.41,/4XYJ-alt-1_assembled,80.29073065
1552,264,G,0,Q01813,9.81,/4XYJ-alt-1_assembled,20.77639942
1553,281,G,0,Q01813,10.24,/4XYJ-alt-1_assembled,57.63775322
1554,287,G,0,Q01813,10.2,/4XYJ-alt-1_assembled,36.59327123
1555,289,G,0,Q01813,10.17,/4XYJ-alt-1_assembled,41.95492269
1556,369,G,0,Q01813,10.85,/4XYJ-alt-1_assembled,42.75917041
1557,395,G,0,Q01813,9.84,/4XYJ-alt-1_assembled,61.25686795
1558,400,G,0,Q01813,9.67,/4XYJ-alt-1_assembled,30.29333076
1559,408,G,0,Q01813,11.19,/4XYJ-alt-1_assembled,30.15928947
1560,455,G,0,Q01813,11.97,/4XYJ-alt-1_assembled,38.06772538
1561,459,G,0,Q01813,10.46,/4XYJ-alt-1_assembled,64.87598269
1562,480,G,0,Q01813,10.22,/4XYJ-alt-1_assembled,25.60188573
1563,486,G,0,Q01813,10.6,/4XYJ-alt-1_assembled,72.91845988
1564,524,G,0,Q01813,10.4,/4XYJ-alt-1_assembled,90.07574456
1565,567,G,0,Q01813,9.15,/4XYJ-alt-1_assembled,26.40613345
1566,574,G,0,Q01813,9.85,/4XYJ-alt-1_assembled,43.16129427
1567,625,G,0,Q01813,9.77,/4XYJ-alt-1_assembled,21.98277099
1568,627,G,0,Q01813,10.88,/4XYJ-alt-1_assembled,36.99539509
1569,659,G,0,Q01813,11.17,/4XYJ-alt-1_assembled,54.28672105
1570,666,G,0,Q01813,11.15,/4XYJ-alt-1_assembled,33.37628035
1571,688,G,0,Q01813,9.48,/4XYJ-alt-1_assembled,36.8613538
1572,700,G,0,Q01813,10.12,/4XYJ-alt-1_assembled,22.78701871
1573,702,G,0,Q01813,10.28,/4XYJ-alt-1_assembled,77.7439462
1574,709,G,0,Q01813,10.17,/4XYJ-alt-1_assembled,71.04188187
1575,710,G,0,Q01813,10.25,/4XYJ-alt-1_assembled,48.52294573
1576,724,G,0,Q01813,10.42,/4XYJ-alt-1_assembled,83.7758041
1577,736,G,0,Q01813,10.23,/4XYJ-alt-1_assembled,47.31657415
1578,737,G,0,Q01813,10.43,/4XYJ-alt-1_assembled,69.70146901
1579,747,G,0,Q01813,10.58,/4XYJ-alt-1_assembled,80.96093708
1580,753,G,0,Q01813,11.46,/4XYJ-alt-1_assembled,48.92506959
1581,759,G,0,Q01813,8.36,/4XYJ-alt-1_assembled,17.9615324
1582,763,G,0,Q01813,10.51,/4XYJ-alt-1_assembled,40.74855111
1583,765,G,0,Q01813,10.39,/4XYJ-alt-1_assembled,93.56081801
1584,25,H,0,Q01813,9.78,/4XYJ-alt-1_assembled,57.36967064
1585,56,H,0,Q01813,10.92,/4XYJ-alt-1_assembled,46.78040901
1586,109,H,0,Q01813,10.45,/4XYJ-alt-1_assembled,64.74194141
1587,139,H,0,Q01813,10.37,/4XYJ-alt-1_assembled,89.13745556
1588,156,H,0,Q01813,10.32,/4XYJ-alt-1_assembled,60.72070281
1589,161,H,0,Q01813,10.11,/4XYJ-alt-1_assembled,59.38028994
1590,255,H,0,Q01813,10.04,/4XYJ-alt-1_assembled,21.98277099
1591,263,H,0,Q01813,9.91,/4XYJ-alt-1_assembled,56.8335055
1592,264,H,0,Q01813,9.26,/4XYJ-alt-1_assembled,16.75516082
1593,281,H,0,Q01813,10.24,/4XYJ-alt-1_assembled,54.68884491
1594,287,H,0,Q01813,10.36,/4XYJ-alt-1_assembled,31.9018262
1595,289,H,0,Q01813,10.04,/4XYJ-alt-1_assembled,31.49970234
1596,369,H,0,Q01813,11.37,/4XYJ-alt-1_assembled,59.11220737
1597,395,H,0,Q01813,9.55,/4XYJ-alt-1_assembled,60.18453766
1598,400,H,0,Q01813,9.14,/4XYJ-alt-1_assembled,26.9422986
1599,408,H,0,Q01813,11.34,/4XYJ-alt-1_assembled,33.10819778
1600,455,H,0,Q01813,11.57,/4XYJ-alt-1_assembled,34.71669322
1601,459,H,0,Q01813,10.52,/4XYJ-alt-1_assembled,50.8016476
1602,480,H,0,Q01813,10.18,/4XYJ-alt-1_assembled,46.37828515
1603,486,H,0,Q01813,10.6,/4XYJ-alt-1_assembled,60.58666152
1604,524,H,0,Q01813,11.29,/4XYJ-alt-1_assembled,48.12082187
1605,567,H,0,Q01813,8.31,/4XYJ-alt-1_assembled,19.83811041
1606,574,H,0,Q01813,10.88,/4XYJ-alt-1_assembled,36.8613538
1607,625,H,0,Q01813,10.42,/4XYJ-alt-1_assembled,48.52294573
1608,627,H,0,Q01813,10.71,/4XYJ-alt-1_assembled,27.07633988
1609,659,H,0,Q01813,11.13,/4XYJ-alt-1_assembled,60.58666152
1610,666,H,0,Q01813,10.07,/4XYJ-alt-1_assembled,37.26347766
1611,688,H,0,Q01813,7.86,/4XYJ-alt-1_assembled,41.28471626
1612,700,H,0,Q01813,9.63,/4XYJ-alt-1_assembled,25.60188573
1613,702,H,0,Q01813,10.39,/4XYJ-alt-1_assembled,80.29073065
1614,709,H,0,Q01813,10.4,/4XYJ-alt-1_assembled,72.91845988
1615,710,H,0,Q01813,10.77,/4XYJ-alt-1_assembled,47.04849158
1616,724,H,0,Q01813,10.36,/4XYJ-alt-1_assembled,79.62052421
1617,736,H,0,Q01813,10.12,/4XYJ-alt-1_assembled,46.91445029
1618,737,H,0,Q01813,10.42,/4XYJ-alt-1_assembled,90.61190971
1619,747,H,0,Q01813,10.46,/4XYJ-alt-1_assembled,47.04849158
1620,753,H,0,Q01813,10.2,/4XYJ-alt-1_assembled,73.32058374
1621,759,H,0,Q01813,10.4,/4XYJ-alt-1_assembled,37.26347766
1622,763,H,0,Q01813,9.87,/4XYJ-alt-1_assembled,69.70146901
1623,9,A,90.86,Q9ULV4,10.23,/AF-Q9ULV4-F1-model_v1,58.8441248
1624,19,A,95.71,Q9ULV4,10.43,/AF-Q9ULV4-F1-model_v1,92.62252901
1625,65,A,94.83,Q9ULV4,10.11,/AF-Q9ULV4-F1-model_v1,53.48247333
1626,71,A,91.41,Q9ULV4,10.21,/AF-Q9ULV4-F1-model_v1,62.73132211
1627,131,A,98.25,Q9ULV4,10.53,/AF-Q9ULV4-F1-model_v1,56.29734035
1628,194,A,96.49,Q9ULV4,11.13,/AF-Q9ULV4-F1-model_v1,46.91445029
1629,196,A,95.23,Q9ULV4,10.1,/AF-Q9ULV4-F1-model_v1,41.95492269
1630,197,A,97.25,Q9ULV4,11.42,/AF-Q9ULV4-F1-model_v1,37.66560152
1631,205,A,97.51,Q9ULV4,11.16,/AF-Q9ULV4-F1-model_v1,68.22701486
1632,212,A,97.74,Q9ULV4,10.13,/AF-Q9ULV4-F1-model_v1,21.44660585
1633,214,A,95.18,Q9ULV4,11.55,/AF-Q9ULV4-F1-model_v1,64.47385883
1634,251,A,95.75,Q9ULV4,10.41,/AF-Q9ULV4-F1-model_v1,99.59267591
1635,285,A,91.49,Q9ULV4,7.32,/AF-Q9ULV4-F1-model_v1,19.9721517
1636,311,A,92.36,Q9ULV4,10.48,/AF-Q9ULV4-F1-model_v1,113.1308459
1637,322,A,95.88,Q9ULV4,10.48,/AF-Q9ULV4-F1-model_v1,14.74454152
1638,329,A,92.11,Q9ULV4,11.53,/AF-Q9ULV4-F1-model_v1,74.52695532
1639,337,A,98.03,Q9ULV4,8.73,/AF-Q9ULV4-F1-model_v1,0
1640,342,A,96.11,Q9ULV4,12.06,/AF-Q9ULV4-F1-model_v1,15.68283053
1641,353,A,84.61,Q9ULV4,10.47,/AF-Q9ULV4-F1-model_v1,99.19055205
1642,381,A,98.05,Q9ULV4,11.61,/AF-Q9ULV4-F1-model_v1,53.88459719
1643,391,A,88.8,Q9ULV4,10.68,/AF-Q9ULV4-F1-model_v1,61.52495053
1644,398,A,76.51,Q9ULV4,10.54,/AF-Q9ULV4-F1-model_v1,114.7393413
1645,403,A,86.8,Q9ULV4,10.52,/AF-Q9ULV4-F1-model_v1,101.4692539
1646,406,A,72.2,Q9ULV4,10.41,/AF-Q9ULV4-F1-model_v1,97.31397404
1647,440,A,79.36,Q9ULV4,10.42,/AF-Q9ULV4-F1-model_v1,85.92046468
1648,446,A,90.54,Q9ULV4,10.44,/AF-Q9ULV4-F1-model_v1,81.89922608
1649,449,A,91.74,Q9ULV4,10.43,/AF-Q9ULV4-F1-model_v1,81.49710222
1650,452,A,90.49,Q9ULV4,10.4,/AF-Q9ULV4-F1-model_v1,73.32058374
1651,464,A,90.64,Q9ULV4,10.39,/AF-Q9ULV4-F1-model_v1,76.67161591
1652,471,A,84.51,Q9ULV4,10.41,/AF-Q9ULV4-F1-model_v1,73.05250117
1653,5,A,0,Q00796,10.43,/1PL8-alt1B_assembled/1PL8-alt1A_assembled,80.82689579
1654,62,A,0,Q00796,10.34,/1PL8-alt1B_assembled/1PL8-alt1A_assembled,60.98878538
1655,63,A,0,Q00796,10.59,/1PL8-alt1B_assembled/1PL8-alt1A_assembled,56.96754679
1656,77,A,0,Q00796,11.45,/1PL8-alt1B_assembled/1PL8-alt1A_assembled,45.84212
1657,83,A,0,Q00796,10.44,/1PL8-alt1B_assembled/1PL8-alt1A_assembled,76.00140948
1658,86,A,0,Q00796,11.35,/1PL8-alt1B_assembled/1PL8-alt1A_assembled,58.57604222
1659,106,A,0,Q00796,10.43,/1PL8-alt1B_assembled/1PL8-alt1A_assembled,56.56542293
1660,133,A,0,Q00796,10.38,/1PL8-alt1B_assembled/1PL8-alt1A_assembled,32.30395006
1661,141,A,0,Q00796,10.29,/1PL8-alt1B_assembled/1PL8-alt1A_assembled,43.16129427
1662,174,A,0,Q00796,10.27,/1PL8-alt1B_assembled/1PL8-alt1A_assembled,21.31256456
1663,192,A,0,Q00796,10.19,/1PL8-alt1B_assembled/1PL8-alt1A_assembled,19.70406912
1664,211,A,0,Q00796,10.06,/1PL8-alt1B_assembled/1PL8-alt1A_assembled,27.8805876
1665,213,A,0,Q00796,9.17,/1PL8-alt1B_assembled/1PL8-alt1A_assembled,27.21038117
1666,225,A,0,Q00796,10.52,/1PL8-alt1B_assembled/1PL8-alt1A_assembled,65.94831298
1667,234,A,0,Q00796,9.65,/1PL8-alt1B_assembled/1PL8-alt1A_assembled,7.506312047
1668,242,A,0,Q00796,10.75,/1PL8-alt1B_assembled/1PL8-alt1A_assembled,23.05510129
1669,294,A,0,Q00796,10.23,/1PL8-alt1B_assembled/1PL8-alt1A_assembled,38.06772538
1670,313,A,0,Q00796,10.2,/1PL8-alt1B_assembled/1PL8-alt1A_assembled,57.90583579
1671,318,A,0,Q00796,10.72,/1PL8-alt1B_assembled/1PL8-alt1A_assembled,46.64636772
1672,329,A,0,Q00796,10.46,/1PL8-alt1B_assembled/1PL8-alt1A_assembled,54.42076234
1673,338,A,0,Q00796,11.14,/1PL8-alt1B_assembled/1PL8-alt1A_assembled,42.62512912
1674,339,A,0,Q00796,10.38,/1PL8-alt1B_assembled/1PL8-alt1A_assembled,69.16530386
1675,344,A,0,Q00796,12.24,/1PL8-alt1B_assembled/1PL8-alt1A_assembled,10.58926164
1676,348,A,0,Q00796,9.74,/1PL8-alt1B_assembled/1PL8-alt1A_assembled,0
1677,5,B,0,Q00796,10.43,/1PL8-alt1B_assembled/1PL8-alt1A_assembled,76.53757462
1678,62,B,0,Q00796,10.32,/1PL8-alt1B_assembled/1PL8-alt1A_assembled,72.38229474
1679,63,B,0,Q00796,10.64,/1PL8-alt1B_assembled/1PL8-alt1A_assembled,62.59728082
1680,77,B,0,Q00796,11.3,/1PL8-alt1B_assembled/1PL8-alt1A_assembled,45.17191357
1681,83,B,0,Q00796,10.44,/1PL8-alt1B_assembled/1PL8-alt1A_assembled,94.23102445
1682,86,B,0,Q00796,11.36,/1PL8-alt1B_assembled/1PL8-alt1A_assembled,70.90784059
1683,106,B,0,Q00796,10.43,/1PL8-alt1B_assembled/1PL8-alt1A_assembled,58.03987708
1684,133,B,0,Q00796,10.23,/1PL8-alt1B_assembled/1PL8-alt1A_assembled,38.20176667
1685,141,B,0,Q00796,10.04,/1PL8-alt1B_assembled/1PL8-alt1A_assembled,41.15067497
1686,174,B,0,Q00796,10.13,/1PL8-alt1B_assembled/1PL8-alt1A_assembled,14.74454152
1687,192,B,0,Q00796,10.11,/1PL8-alt1B_assembled/1PL8-alt1A_assembled,17.69344983
1688,211,B,0,Q00796,10.34,/1PL8-alt1B_assembled/1PL8-alt1A_assembled,25.60188573
1689,213,B,0,Q00796,10.3,/1PL8-alt1B_assembled/1PL8-alt1A_assembled,29.8912069
1690,225,B,0,Q00796,10.45,/1PL8-alt1B_assembled/1PL8-alt1A_assembled,80.55881322
1691,234,B,0,Q00796,10.52,/1PL8-alt1B_assembled/1PL8-alt1A_assembled,39.81026211
1692,242,B,0,Q00796,10.66,/1PL8-alt1B_assembled/1PL8-alt1A_assembled,19.03386269
1693,294,B,0,Q00796,10.21,/1PL8-alt1B_assembled/1PL8-alt1A_assembled,38.60389053
1694,313,B,0,Q00796,10.11,/1PL8-alt1B_assembled/1PL8-alt1A_assembled,54.95692749
1695,318,B,0,Q00796,10.71,/1PL8-alt1B_assembled/1PL8-alt1A_assembled,49.72931731
1696,329,B,0,Q00796,10.45,/1PL8-alt1B_assembled/1PL8-alt1A_assembled,53.34843205
1697,338,B,0,Q00796,10.91,/1PL8-alt1B_assembled/1PL8-alt1A_assembled,34.98477579
1698,339,B,0,Q00796,10.42,/1PL8-alt1B_assembled/1PL8-alt1A_assembled,66.21639556
1699,344,B,0,Q00796,12.23,/1PL8-alt1B_assembled/1PL8-alt1A_assembled,7.640353334
1700,348,B,0,Q00796,9.77,/1PL8-alt1B_assembled/1PL8-alt1A_assembled,0
1701,5,C,0,Q00796,10.43,/1PL8-alt1B_assembled/1PL8-alt1A_assembled,79.35244164
1702,62,C,0,Q00796,10.35,/1PL8-alt1B_assembled/1PL8-alt1A_assembled,64.20577626
1703,63,C,0,Q00796,10.64,/1PL8-alt1B_assembled/1PL8-alt1A_assembled,63.53556983
1704,77,C,0,Q00796,11.37,/1PL8-alt1B_assembled/1PL8-alt1A_assembled,38.73793181
1705,83,C,0,Q00796,10.43,/1PL8-alt1B_assembled/1PL8-alt1A_assembled,75.46524433
1706,86,C,0,Q00796,11.3,/1PL8-alt1B_assembled/1PL8-alt1A_assembled,66.88660199
1707,106,C,0,Q00796,10.43,/1PL8-alt1B_assembled/1PL8-alt1A_assembled,57.36967064
1708,133,C,0,Q00796,10.26,/1PL8-alt1B_assembled/1PL8-alt1A_assembled,36.45922994
1709,141,C,0,Q00796,10.01,/1PL8-alt1B_assembled/1PL8-alt1A_assembled,36.45922994
1710,174,C,0,Q00796,10.16,/1PL8-alt1B_assembled/1PL8-alt1A_assembled,22.92106
1711,192,C,0,Q00796,10.15,/1PL8-alt1B_assembled/1PL8-alt1A_assembled,16.88920211
1712,211,C,0,Q00796,10.3,/1PL8-alt1B_assembled/1PL8-alt1A_assembled,25.8699683
1713,213,C,0,Q00796,10.29,/1PL8-alt1B_assembled/1PL8-alt1A_assembled,32.70607392
1714,225,C,0,Q00796,10.46,/1PL8-alt1B_assembled/1PL8-alt1A_assembled,88.06512527
1715,234,C,0,Q00796,10.51,/1PL8-alt1B_assembled/1PL8-alt1A_assembled,43.42937684
1716,242,C,0,Q00796,10.92,/1PL8-alt1B_assembled/1PL8-alt1A_assembled,20.50831684
1717,294,C,0,Q00796,10.2,/1PL8-alt1B_assembled/1PL8-alt1A_assembled,46.64636772
1718,313,C,0,Q00796,10.14,/1PL8-alt1B_assembled/1PL8-alt1A_assembled,56.43138164
1719,318,C,0,Q00796,10.71,/1PL8-alt1B_assembled/1PL8-alt1A_assembled,50.26548246
1720,329,C,0,Q00796,10.45,/1PL8-alt1B_assembled/1PL8-alt1A_assembled,57.10158807
1721,338,C,0,Q00796,11.42,/1PL8-alt1B_assembled/1PL8-alt1A_assembled,47.18253287
1722,339,C,0,Q00796,10.39,/1PL8-alt1B_assembled/1PL8-alt1A_assembled,64.47385883
1723,344,C,0,Q00796,12.23,/1PL8-alt1B_assembled/1PL8-alt1A_assembled,16.08495439
1724,348,C,0,Q00796,9.79,/1PL8-alt1B_assembled/1PL8-alt1A_assembled,0
1725,5,D,0,Q00796,10.43,/1PL8-alt1B_assembled/1PL8-alt1A_assembled,82.16730866
1726,62,D,0,Q00796,10.35,/1PL8-alt1B_assembled/1PL8-alt1A_assembled,75.59928562
1727,63,D,0,Q00796,10.63,/1PL8-alt1B_assembled/1PL8-alt1A_assembled,57.63775322
1728,77,D,0,Q00796,11.44,/1PL8-alt1B_assembled/1PL8-alt1A_assembled,45.84212
1729,83,D,0,Q00796,10.26,/1PL8-alt1B_assembled/1PL8-alt1A_assembled,61.52495053
1730,86,D,0,Q00796,11.39,/1PL8-alt1B_assembled/1PL8-alt1A_assembled,60.45262024
1731,106,D,0,Q00796,10.43,/1PL8-alt1B_assembled/1PL8-alt1A_assembled,57.7717945
1732,133,D,0,Q00796,10.32,/1PL8-alt1B_assembled/1PL8-alt1A_assembled,31.36566105
1733,141,D,0,Q00796,10.3,/1PL8-alt1B_assembled/1PL8-alt1A_assembled,36.8613538
1734,174,D,0,Q00796,10.23,/1PL8-alt1B_assembled/1PL8-alt1A_assembled,17.69344983
1735,192,D,0,Q00796,10.2,/1PL8-alt1B_assembled/1PL8-alt1A_assembled,16.88920211
1736,211,D,0,Q00796,9.98,/1PL8-alt1B_assembled/1PL8-alt1A_assembled,26.27209216
1737,213,D,0,Q00796,9.32,/1PL8-alt1B_assembled/1PL8-alt1A_assembled,21.84872971
1738,225,D,0,Q00796,10.51,/1PL8-alt1B_assembled/1PL8-alt1A_assembled,73.32058374
1739,234,D,0,Q00796,9.43,/1PL8-alt1B_assembled/1PL8-alt1A_assembled,6.970146901
1740,242,D,0,Q00796,10.85,/1PL8-alt1B_assembled/1PL8-alt1A_assembled,18.76578012
1741,294,D,0,Q00796,10.23,/1PL8-alt1B_assembled/1PL8-alt1A_assembled,41.8208814
1742,313,D,0,Q00796,10.2,/1PL8-alt1B_assembled/1PL8-alt1A_assembled,54.01863848
1743,318,D,0,Q00796,10.72,/1PL8-alt1B_assembled/1PL8-alt1A_assembled,47.98678059
1744,329,D,0,Q00796,10.48,/1PL8-alt1B_assembled/1PL8-alt1A_assembled,54.15267977
1745,338,D,0,Q00796,10.78,/1PL8-alt1B_assembled/1PL8-alt1A_assembled,33.10819778
1746,339,D,0,Q00796,10.4,/1PL8-alt1B_assembled/1PL8-alt1A_assembled,61.25686795
1747,344,D,0,Q00796,12.21,/1PL8-alt1B_assembled/1PL8-alt1A_assembled,8.578642339
1748,348,D,0,Q00796,9.76,/1PL8-alt1B_assembled/1PL8-alt1A_assembled,0
1749,122,A,89.06,Q53GS9,9.61,/AF-Q53GS9-F1-model_v1,37.66560152
1750,141,A,93.74,Q53GS9,10.58,/AF-Q53GS9-F1-model_v1,80.29073065
1751,149,A,90.12,Q53GS9,10.44,/AF-Q53GS9-F1-model_v1,101.6032952
1752,171,A,93.75,Q53GS9,11.64,/AF-Q53GS9-F1-model_v1,41.15067497
1753,194,A,90.23,Q53GS9,11.01,/AF-Q53GS9-F1-model_v1,62.86536339
1754,199,A,90.26,Q53GS9,10.73,/AF-Q53GS9-F1-model_v1,83.10559766
1755,207,A,85.92,Q53GS9,10.41,/AF-Q53GS9-F1-model_v1,93.82890059
1756,210,A,86.62,Q53GS9,10.39,/AF-Q53GS9-F1-model_v1,93.02465287
1757,231,A,85.57,Q53GS9,10.33,/AF-Q53GS9-F1-model_v1,68.36105614
1758,260,A,85.76,Q53GS9,10.56,/AF-Q53GS9-F1-model_v1,77.60990491
1759,263,A,78.04,Q53GS9,10.46,/AF-Q53GS9-F1-model_v1,110.7181027
1760,283,A,93.21,Q53GS9,12.7,/AF-Q53GS9-F1-model_v1,0
1761,291,A,88,Q53GS9,11.15,/AF-Q53GS9-F1-model_v1,32.57203263
1762,308,A,90.62,Q53GS9,10.42,/AF-Q53GS9-F1-model_v1,103.6139145
1763,309,A,88.01,Q53GS9,10.34,/AF-Q53GS9-F1-model_v1,84.04388667
1764,315,A,87.61,Q53GS9,10.37,/AF-Q53GS9-F1-model_v1,86.85875369
1765,341,A,72.99,Q53GS9,10.2,/AF-Q53GS9-F1-model_v1,77.87798749
1766,342,A,82.42,Q53GS9,10.59,/AF-Q53GS9-F1-model_v1,94.49910702
1767,358,A,90.17,Q53GS9,10.45,/AF-Q53GS9-F1-model_v1,52.41014304
1768,359,A,87.57,Q53GS9,12.68,/AF-Q53GS9-F1-model_v1,15.68283053
1769,370,A,80.12,Q53GS9,10.13,/AF-Q53GS9-F1-model_v1,26.80825731
1770,421,A,90.2,Q53GS9,9.68,/AF-Q53GS9-F1-model_v1,11.12542678
1771,428,A,87.33,Q53GS9,10.92,/AF-Q53GS9-F1-model_v1,42.75917041
1772,431,A,81.44,Q53GS9,10.96,/AF-Q53GS9-F1-model_v1,59.11220737
1773,434,A,75.58,Q53GS9,10.52,/AF-Q53GS9-F1-model_v1,73.58866632
1774,439,A,91.58,Q53GS9,10.02,/AF-Q53GS9-F1-model_v1,42.08896398
1775,445,A,91.04,Q53GS9,9.69,/AF-Q53GS9-F1-model_v1,67.55680842
1776,455,A,91.77,Q53GS9,10.28,/AF-Q53GS9-F1-model_v1,59.24624866
1777,459,A,83.6,Q53GS9,10.41,/AF-Q53GS9-F1-model_v1,90.61190971
1778,466,A,90.19,Q53GS9,9.9,/AF-Q53GS9-F1-model_v1,8.310559766
1779,493,A,78.73,Q53GS9,10.44,/AF-Q53GS9-F1-model_v1,90.87999228
1780,508,A,85.99,Q53GS9,10.41,/AF-Q53GS9-F1-model_v1,84.58005182
1781,525,A,94.01,Q53GS9,10.58,/AF-Q53GS9-F1-model_v1,68.49509743
1782,553,A,95.9,Q53GS9,11.06,/AF-Q53GS9-F1-model_v1,50.26548246
1783,131,A,83.72,Q9Y2R4,10.36,/AF-Q9Y2R4-F1-model_v1,70.10359287
1784,137,A,89.74,Q9Y2R4,11.39,/AF-Q9Y2R4-F1-model_v1,48.79102831
1785,139,A,91.36,Q9Y2R4,10.28,/AF-Q9Y2R4-F1-model_v1,83.23963895
1786,146,A,93.09,Q9Y2R4,10.35,/AF-Q9Y2R4-F1-model_v1,73.85674889
1787,148,A,91.04,Q9Y2R4,11.39,/AF-Q9Y2R4-F1-model_v1,60.8547441
1788,171,A,89.79,Q9Y2R4,10.47,/AF-Q9Y2R4-F1-model_v1,92.75657029
1789,215,A,92.05,Q9Y2R4,9.79,/AF-Q9Y2R4-F1-model_v1,23.45722515
1790,228,A,90.13,Q9Y2R4,10.37,/AF-Q9Y2R4-F1-model_v1,82.97155638
1791,233,A,85.97,Q9Y2R4,10.26,/AF-Q9Y2R4-F1-model_v1,78.28011135
1792,256,A,93.24,Q9Y2R4,10.57,/AF-Q9Y2R4-F1-model_v1,36.72731252
1793,284,A,74.32,Q9Y2R4,10.49,/AF-Q9Y2R4-F1-model_v1,68.22701486
1794,285,A,81.58,Q9Y2R4,10.37,/AF-Q9Y2R4-F1-model_v1,81.7651848
1795,301,A,87.1,Q9Y2R4,10.36,/AF-Q9Y2R4-F1-model_v1,81.22901965
1796,322,A,82.14,Q9Y2R4,11.3,/AF-Q9Y2R4-F1-model_v1,37.39751895
1797,346,A,89.47,Q9Y2R4,10.55,/AF-Q9Y2R4-F1-model_v1,63.66961111
1798,365,A,90.79,Q9Y2R4,11.31,/AF-Q9Y2R4-F1-model_v1,58.8441248
1799,399,A,93.41,Q9Y2R4,9.56,/AF-Q9Y2R4-F1-model_v1,6.836105614
1800,408,A,88.23,Q9Y2R4,10.45,/AF-Q9Y2R4-F1-model_v1,79.62052421
1801,409,A,88.81,Q9Y2R4,11.52,/AF-Q9Y2R4-F1-model_v1,65.8142717
1802,426,A,93.42,Q9Y2R4,11.36,/AF-Q9Y2R4-F1-model_v1,51.47185404
1803,462,A,89.19,Q9Y2R4,10.33,/AF-Q9Y2R4-F1-model_v1,70.90784059
1804,479,A,74.54,Q9Y2R4,10.36,/AF-Q9Y2R4-F1-model_v1,87.93108398
1805,509,A,86.08,Q9Y2R4,10.46,/AF-Q9Y2R4-F1-model_v1,111.6563917
1806,511,A,92.84,Q9Y2R4,12.33,/AF-Q9Y2R4-F1-model_v1,37.39751895
1807,521,A,86.05,Q9Y2R4,11.33,/AF-Q9Y2R4-F1-model_v1,45.30595485
1808,543,A,77.42,Q9Y2R4,11.28,/AF-Q9Y2R4-F1-model_v1,41.01663369
1809,547,A,73.76,Q9Y2R4,10.33,/AF-Q9Y2R4-F1-model_v1,111.790433
1810,551,A,73.06,Q9Y2R4,10.46,/AF-Q9Y2R4-F1-model_v1,111.790433
1811,553,A,73.67,Q9Y2R4,9.42,/AF-Q9Y2R4-F1-model_v1,69.29934515
1812,554,A,71.66,Q9Y2R4,11.23,/AF-Q9Y2R4-F1-model_v1,87.12683626
1813,555,A,74.77,Q9Y2R4,10.42,/AF-Q9Y2R4-F1-model_v1,96.91185018
1814,558,A,71.57,Q9Y2R4,10.34,/AF-Q9Y2R4-F1-model_v1,67.95893228
1815,559,A,75.18,Q9Y2R4,11.52,/AF-Q9Y2R4-F1-model_v1,83.10559766
1816,571,A,70.45,Q9Y2R4,10.55,/AF-Q9Y2R4-F1-model_v1,99.05651076
1817,576,A,70.95,Q9Y2R4,10.37,/AF-Q9Y2R4-F1-model_v1,84.31196924
1818,578,A,75.56,Q9Y2R4,10.41,/AF-Q9Y2R4-F1-model_v1,91.68424
1819,580,A,72.6,Q9Y2R4,10.42,/AF-Q9Y2R4-F1-model_v1,80.96093708
1820,582,A,72.58,Q9Y2R4,11.12,/AF-Q9Y2R4-F1-model_v1,67.95893228
1821,583,A,71.79,Q9Y2R4,10.42,/AF-Q9Y2R4-F1-model_v1,91.14807486
1822,42,A,80.83,P55265,10.47,/AF-P55265-F1-model_v1,65.01002398
1823,48,A,79.98,P55265,10.4,/AF-P55265-F1-model_v1,50.39952374
1824,145,A,88.17,P55265,11.58,/AF-P55265-F1-model_v1,56.56542293
1825,154,A,83.22,P55265,10.27,/AF-P55265-F1-model_v1,62.06111567
1826,164,A,87.74,P55265,10.33,/AF-P55265-F1-model_v1,59.51433123
1827,169,A,90.61,P55265,10.3,/AF-P55265-F1-model_v1,58.57604222
1828,170,A,90.42,P55265,10.43,/AF-P55265-F1-model_v1,93.15869415
1829,181,A,88.68,P55265,10.44,/AF-P55265-F1-model_v1,78.95031778
1830,182,A,88.15,P55265,11.38,/AF-P55265-F1-model_v1,38.8719731
1831,184,A,88.58,P55265,11.16,/AF-P55265-F1-model_v1,42.35704655
1832,187,A,91.12,P55265,11.37,/AF-P55265-F1-model_v1,20.37427556
1833,196,A,91.13,P55265,11.39,/AF-P55265-F1-model_v1,23.99339029
1834,300,A,92.25,P55265,11.27,/AF-P55265-F1-model_v1,21.17852328
1835,302,A,93.24,P55265,11.38,/AF-P55265-F1-model_v1,38.73793181
1836,320,A,91.25,P55265,10.32,/AF-P55265-F1-model_v1,67.42276714
1837,326,A,88.51,P55265,10.29,/AF-P55265-F1-model_v1,61.39090924
1838,358,A,88.47,P55265,10.25,/AF-P55265-F1-model_v1,70.63975801
1839,359,A,92.41,P55265,11.77,/AF-P55265-F1-model_v1,21.84872971
1840,366,A,82,P55265,11.57,/AF-P55265-F1-model_v1,67.55680842
1841,494,A,87.46,P55265,10.62,/AF-P55265-F1-model_v1,81.49710222
1842,495,A,89.95,P55265,12.8,/AF-P55265-F1-model_v1,13.13604608
1843,502,A,88.16,P55265,12.28,/AF-P55265-F1-model_v1,20.37427556
1844,536,A,95.95,P55265,11.57,/AF-P55265-F1-model_v1,43.42937684
1845,554,A,93.97,P55265,10.03,/AF-P55265-F1-model_v1,40.34642725
1846,555,A,93.38,P55265,10.38,/AF-P55265-F1-model_v1,77.34182234
1847,558,A,96.46,P55265,9.71,/AF-P55265-F1-model_v1,32.97415649
1848,564,A,95.79,P55265,10.19,/AF-P55265-F1-model_v1,46.64636772
1849,574,A,85.65,P55265,10.69,/AF-P55265-F1-model_v1,68.76318
1850,576,A,77,P55265,10.54,/AF-P55265-F1-model_v1,94.36506573
1851,613,A,73.64,P55265,11.32,/AF-P55265-F1-model_v1,62.73132211
1852,625,A,78.12,P55265,10.41,/AF-P55265-F1-model_v1,90.47786842
1853,637,A,89.46,P55265,10.22,/AF-P55265-F1-model_v1,72.7844186
1854,645,A,88.82,P55265,11.13,/AF-P55265-F1-model_v1,53.88459719
1855,665,A,91.25,P55265,10.3,/AF-P55265-F1-model_v1,79.35244164
1856,666,A,90.99,P55265,10.38,/AF-P55265-F1-model_v1,84.7140931
1857,669,A,94.44,P55265,9.75,/AF-P55265-F1-model_v1,43.69745942
1858,678,A,86.59,P55265,11.55,/AF-P55265-F1-model_v1,64.87598269
1859,745,A,92.84,P55265,10.35,/AF-P55265-F1-model_v1,67.02064328
1860,757,A,86.27,P55265,11.44,/AF-P55265-F1-model_v1,46.37828515
1861,763,A,87.81,P55265,11.34,/AF-P55265-F1-model_v1,23.32318386
1862,777,A,92.43,P55265,10.31,/AF-P55265-F1-model_v1,50.26548246
1863,778,A,92.15,P55265,10.42,/AF-P55265-F1-model_v1,101.7373365
1864,781,A,93.9,P55265,10.12,/AF-P55265-F1-model_v1,63.40152854
1865,875,A,96.3,P55265,9.91,/AF-P55265-F1-model_v1,22.65297743
1866,876,A,93.37,P55265,10.46,/AF-P55265-F1-model_v1,83.37368024
1867,895,A,85.86,P55265,10.62,/AF-P55265-F1-model_v1,62.73132211
1868,902,A,92.84,P55265,10.56,/AF-P55265-F1-model_v1,77.60990491
1869,929,A,93.4,P55265,11.07,/AF-P55265-F1-model_v1,62.06111567
1870,936,A,88.89,P55265,10.52,/AF-P55265-F1-model_v1,86.99279497
1871,944,A,85.69,P55265,10.44,/AF-P55265-F1-model_v1,107.7691944
1872,948,A,93.94,P55265,10.85,/AF-P55265-F1-model_v1,28.28271146
1873,952,A,96.27,P55265,10,/AF-P55265-F1-model_v1,22.38489485
1874,953,A,94.42,P55265,10.56,/AF-P55265-F1-model_v1,100.6650062
1875,974,A,73.02,P55265,10.6,/AF-P55265-F1-model_v1,65.54618912
1876,996,A,83.75,P55265,10.41,/AF-P55265-F1-model_v1,109.5117311
1877,999,A,90.26,P55265,10.19,/AF-P55265-F1-model_v1,53.61651462
1878,19,A,0,P49005,10.21,/3E0J-alt-1_assembled,47.71869801
1879,24,A,0,P49005,10.26,/3E0J-alt-1_assembled,46.37828515
1880,38,A,0,P49005,9.28,/3E0J-alt-1_assembled,12.59988094
1881,48,A,0,P49005,11.55,/3E0J-alt-1_assembled,17.69344983
1882,50,A,0,P49005,10.68,/3E0J-alt-1_assembled,65.8142717
1883,76,A,0,P49005,10.64,/3E0J-alt-1_assembled,47.31657415
1884,84,A,0,P49005,10.53,/3E0J-alt-1_assembled,67.69084971
1885,89,A,0,P49005,10.94,/3E0J-alt-1_assembled,43.8315007
1886,91,A,0,P49005,10.23,/3E0J-alt-1_assembled,72.11421217
1887,105,A,0,P49005,10.2,/3E0J-alt-1_assembled,18.49769754
1888,109,A,0,P49005,10.46,/3E0J-alt-1_assembled,83.37368024
1889,123,A,0,P49005,10.63,/3E0J-alt-1_assembled,34.18052807
1890,131,A,0,P49005,10.31,/3E0J-alt-1_assembled,49.19315217
1891,19,B,0,P49005,10.21,/3E0J-alt-1_assembled,50.93568889
1892,24,B,0,P49005,10.25,/3E0J-alt-1_assembled,54.01863848
1893,38,B,0,P49005,9.28,/3E0J-alt-1_assembled,12.73392222
1894,48,B,0,P49005,11.51,/3E0J-alt-1_assembled,17.29132597
1895,50,B,0,P49005,10.69,/3E0J-alt-1_assembled,58.71008351
1896,76,B,0,P49005,10.63,/3E0J-alt-1_assembled,47.8527393
1897,84,B,0,P49005,10.54,/3E0J-alt-1_assembled,66.48447813
1898,89,B,0,P49005,10.88,/3E0J-alt-1_assembled,39.14005567
1899,91,B,0,P49005,10.23,/3E0J-alt-1_assembled,64.47385883
1900,105,B,0,P49005,10.21,/3E0J-alt-1_assembled,19.57002784
1901,109,B,0,P49005,10.46,/3E0J-alt-1_assembled,79.7545655
1902,123,B,0,P49005,10.7,/3E0J-alt-1_assembled,32.84011521
1903,131,B,0,P49005,10.32,/3E0J-alt-1_assembled,51.06973018
1904,19,C,0,P49005,10.21,/3E0J-alt-1_assembled,48.12082187
1905,24,C,0,P49005,10.25,/3E0J-alt-1_assembled,50.13144117
1906,38,C,0,P49005,9.27,/3E0J-alt-1_assembled,12.06371579
1907,48,C,0,P49005,11.5,/3E0J-alt-1_assembled,18.09557368
1908,50,C,0,P49005,10.69,/3E0J-alt-1_assembled,70.10359287
1909,76,C,0,P49005,10.65,/3E0J-alt-1_assembled,46.37828515
1910,84,C,0,P49005,10.53,/3E0J-alt-1_assembled,65.54618912
1911,89,C,0,P49005,11,/3E0J-alt-1_assembled,40.21238597
1912,91,C,0,P49005,10.23,/3E0J-alt-1_assembled,66.21639556
1913,105,C,0,P49005,10.19,/3E0J-alt-1_assembled,18.49769754
1914,109,C,0,P49005,10.46,/3E0J-alt-1_assembled,78.41415263
1915,123,C,0,P49005,10.62,/3E0J-alt-1_assembled,41.68684012
1916,131,C,0,P49005,10.32,/3E0J-alt-1_assembled,50.66760632
1917,19,D,0,P49005,10.21,/3E0J-alt-1_assembled,49.19315217
1918,24,D,0,P49005,10.25,/3E0J-alt-1_assembled,55.49309263
1919,38,D,0,P49005,9.3,/3E0J-alt-1_assembled,13.67221123
1920,48,D,0,P49005,11.52,/3E0J-alt-1_assembled,9.919055205
1921,50,D,0,P49005,10.7,/3E0J-alt-1_assembled,67.69084971
1922,76,D,0,P49005,10.65,/3E0J-alt-1_assembled,51.60589532
1923,84,D,0,P49005,10.53,/3E0J-alt-1_assembled,67.69084971
1924,89,D,0,P49005,10.99,/3E0J-alt-1_assembled,45.43999614
1925,91,D,0,P49005,10.23,/3E0J-alt-1_assembled,68.09297357
1926,105,D,0,P49005,10.2,/3E0J-alt-1_assembled,19.83811041
1927,109,D,0,P49005,10.46,/3E0J-alt-1_assembled,79.62052421
1928,123,D,0,P49005,10.62,/3E0J-alt-1_assembled,34.18052807
1929,131,D,0,P49005,10.31,/3E0J-alt-1_assembled,50.93568889
1930,48,A,70.85,P49790,10.43,/AF-P49790-F1-model_v1,79.35244164
1931,317,A,82.31,P49790,10.42,/AF-P49790-F1-model_v1,116.0797542
1932,672,A,94.39,P49790,10.55,/AF-P49790-F1-model_v1,78.54819392
1933,677,A,94.52,P49790,10.38,/AF-P49790-F1-model_v1,73.05250117
1934,685,A,90.57,P49790,10.07,/AF-P49790-F1-model_v1,25.46784445
1935,720,A,73.44,P49790,11.14,/AF-P49790-F1-model_v1,64.60790012
1936,736,A,94.31,P49790,10.42,/AF-P49790-F1-model_v1,78.14607006
1937,741,A,95.98,P49790,11.51,/AF-P49790-F1-model_v1,50.26548246
1938,749,A,93.05,P49790,10.01,/AF-P49790-F1-model_v1,22.38489485
1939,791,A,74.3,P49790,11.11,/AF-P49790-F1-model_v1,67.28872585
1940,812,A,95.3,P49790,10.22,/AF-P49790-F1-model_v1,35.11881708
1941,820,A,92.14,P49790,10.15,/AF-P49790-F1-model_v1,32.16990877
1942,849,A,72.14,P49790,11.11,/AF-P49790-F1-model_v1,57.7717945
1943,850,A,73.75,P49790,11.47,/AF-P49790-F1-model_v1,58.17391836
1944,865,A,94.27,P49790,10.5,/AF-P49790-F1-model_v1,85.51834082
1945,870,A,95.8,P49790,11.12,/AF-P49790-F1-model_v1,52.14206047
1946,878,A,90.29,P49790,10.07,/AF-P49790-F1-model_v1,23.18914257
1947,142,A,87.29,Q6S8J3,10.38,/AF-Q6S8J3-F1-model_v1,86.85875369
1948,151,A,76.94,Q6S8J3,10.48,/AF-Q6S8J3-F1-model_v1,101.3352126
1949,155,A,82.97,Q6S8J3,10.4,/AF-Q6S8J3-F1-model_v1,71.98017088
1950,168,A,90.93,Q6S8J3,11.48,/AF-Q6S8J3-F1-model_v1,42.35704655
1951,169,A,92.96,Q6S8J3,9.94,/AF-Q6S8J3-F1-model_v1,42.08896398
1952,171,A,88.59,Q6S8J3,11.42,/AF-Q6S8J3-F1-model_v1,80.15668936
1953,173,A,91.87,Q6S8J3,10.37,/AF-Q6S8J3-F1-model_v1,80.69285451
1954,190,A,92.36,Q6S8J3,10.65,/AF-Q6S8J3-F1-model_v1,85.78642339
1955,205,A,91.67,Q6S8J3,11.33,/AF-Q6S8J3-F1-model_v1,32.70607392
1956,206,A,94.35,Q6S8J3,10.27,/AF-Q6S8J3-F1-model_v1,80.96093708
1957,212,A,95.86,Q6S8J3,6.92,/AF-Q6S8J3-F1-model_v1,0
1958,252,A,94.1,Q6S8J3,9.87,/AF-Q6S8J3-F1-model_v1,82.30134994
1959,256,A,96.23,Q6S8J3,10.04,/AF-Q6S8J3-F1-model_v1,86.32258854
1960,268,A,95.29,Q6S8J3,10.16,/AF-Q6S8J3-F1-model_v1,42.8932117
1961,270,A,92.01,Q6S8J3,10.43,/AF-Q6S8J3-F1-model_v1,72.51633603
1962,284,A,93.22,Q6S8J3,9.68,/AF-Q6S8J3-F1-model_v1,21.58064714
1963,289,A,95.46,Q6S8J3,10.45,/AF-Q6S8J3-F1-model_v1,70.50571673
1964,293,A,94.77,Q6S8J3,10.12,/AF-Q6S8J3-F1-model_v1,79.21840035
1965,294,A,94.27,Q6S8J3,10.27,/AF-Q6S8J3-F1-model_v1,66.35043684
1966,295,A,92.51,Q6S8J3,10.45,/AF-Q6S8J3-F1-model_v1,81.7651848
1967,361,A,85.82,Q6S8J3,10.2,/AF-Q6S8J3-F1-model_v1,85.25025825
1968,363,A,83.79,Q6S8J3,10.49,/AF-Q6S8J3-F1-model_v1,98.92246948
1969,629,A,76.91,Q6S8J3,10.42,/AF-Q6S8J3-F1-model_v1,63.26748725
1970,639,A,74.3,Q6S8J3,10.41,/AF-Q6S8J3-F1-model_v1,70.23763415
1971,640,A,75.42,Q6S8J3,10.39,/AF-Q6S8J3-F1-model_v1,67.15468456
1972,642,A,77.58,Q6S8J3,10.41,/AF-Q6S8J3-F1-model_v1,70.23763415
1973,666,A,85.72,Q6S8J3,10.54,/AF-Q6S8J3-F1-model_v1,62.32919825
1974,674,A,85.57,Q6S8J3,10.41,/AF-Q6S8J3-F1-model_v1,61.65899181
1975,675,A,85.26,Q6S8J3,10.64,/AF-Q6S8J3-F1-model_v1,77.07373977
1976,684,A,79.79,Q6S8J3,10.43,/AF-Q6S8J3-F1-model_v1,74.66099661
1977,685,A,79.63,Q6S8J3,10.44,/AF-Q6S8J3-F1-model_v1,83.23963895
1978,686,A,75.94,Q6S8J3,10.42,/AF-Q6S8J3-F1-model_v1,86.05450597
1979,692,A,70.12,Q6S8J3,10.39,/AF-Q6S8J3-F1-model_v1,94.36506573
1980,718,A,98.28,Q6S8J3,11.63,/AF-Q6S8J3-F1-model_v1,9.650972632
1981,750,A,78.57,Q6S8J3,11.2,/AF-Q6S8J3-F1-model_v1,54.42076234
1982,756,A,93.1,Q6S8J3,10.53,/AF-Q6S8J3-F1-model_v1,74.7950379
1983,761,A,88.01,Q6S8J3,11.52,/AF-Q6S8J3-F1-model_v1,21.17852328
1984,768,A,92.94,Q6S8J3,10.31,/AF-Q6S8J3-F1-model_v1,84.84813439
1985,784,A,97.22,Q6S8J3,10.19,/AF-Q6S8J3-F1-model_v1,37.53156023
1986,813,A,94.43,Q6S8J3,10.28,/AF-Q6S8J3-F1-model_v1,116.6159193
1987,818,A,97.78,Q6S8J3,10.24,/AF-Q6S8J3-F1-model_v1,45.57403743
1988,891,A,95.37,Q6S8J3,10.44,/AF-Q6S8J3-F1-model_v1,81.09497836
1989,913,A,97.51,Q6S8J3,9.64,/AF-Q6S8J3-F1-model_v1,11.12542678
1990,915,A,96.77,Q6S8J3,11.41,/AF-Q6S8J3-F1-model_v1,55.35905135
1991,938,A,96.68,Q6S8J3,10.19,/AF-Q6S8J3-F1-model_v1,68.22701486
1992,984,A,97.49,Q6S8J3,10.21,/AF-Q6S8J3-F1-model_v1,58.30795965
1993,991,A,89.78,Q6S8J3,10.53,/AF-Q6S8J3-F1-model_v1,105.7585751
1994,13,A,N/A,O95671,11.32,/2P5X-alt-1_assembled/AF-O95671-F1-model_v1,32.70607392
1995,41,A,N/A,O95671,10.21,/2P5X-alt-1_assembled/AF-O95671-F1-model_v1,68.62913872
1996,43,A,N/A,O95671,10.44,/2P5X-alt-1_assembled/AF-O95671-F1-model_v1,87.12683626
1997,45,A,N/A,O95671,10.43,/2P5X-alt-1_assembled/AF-O95671-F1-model_v1,88.60129041
1998,48,A,N/A,O95671,10.25,/2P5X-alt-1_assembled/AF-O95671-F1-model_v1,39.27409696
1999,63,A,N/A,O95671,10.85,/2P5X-alt-1_assembled/AF-O95671-F1-model_v1,30.02524819
2000,65,A,N/A,O95671,7.9,/2P5X-alt-1_assembled/AF-O95671-F1-model_v1,16.48707825
2001,76,A,N/A,O95671,10.44,/2P5X-alt-1_assembled/AF-O95671-F1-model_v1,83.23963895
2002,100,A,N/A,O95671,9.54,/2P5X-alt-1_assembled/AF-O95671-F1-model_v1,54.15267977
2003,104,A,N/A,O95671,10.16,/2P5X-alt-1_assembled/AF-O95671-F1-model_v1,45.30595485
2004,133,A,N/A,O95671,10.46,/2P5X-alt-1_assembled/AF-O95671-F1-model_v1,77.7439462
2005,149,A,N/A,O95671,11.26,/2P5X-alt-1_assembled/AF-O95671-F1-model_v1,41.68684012
2006,151,A,N/A,O95671,11.18,/2P5X-alt-1_assembled/AF-O95671-F1-model_v1,23.85934901
2007,172,A,N/A,O95671,10.28,/2P5X-alt-1_assembled/AF-O95671-F1-model_v1,7.77439462
2008,206,A,N/A,O95671,10.4,/2P5X-alt-1_assembled/AF-O95671-F1-model_v1,71.30996445
2009,210,A,N/A,O95671,10.13,/2P5X-alt-1_assembled/AF-O95671-F1-model_v1,59.91645509
2010,9,A,82.35,O95671,10.65,/AF-O95671-F1-model_v1,54.42076234
2011,299,A,96.83,O95671,9.69,/AF-O95671-F1-model_v1,42.22300526
2012,306,A,96.93,O95671,11.32,/AF-O95671-F1-model_v1,67.69084971
2013,308,A,97.44,O95671,9.75,/AF-O95671-F1-model_v1,53.88459719
2014,314,A,95.7,O95671,11.52,/AF-O95671-F1-model_v1,20.37427556
2015,320,A,97.62,O95671,10.5,/AF-O95671-F1-model_v1,77.7439462
2016,327,A,96.69,O95671,10.35,/AF-O95671-F1-model_v1,38.60389053
2017,350,A,97.78,O95671,12.59,/AF-O95671-F1-model_v1,44.50170714
2018,408,A,71.27,O95671,10.45,/AF-O95671-F1-model_v1,104.9543274
2019,437,A,92.61,O95671,9.84,/AF-O95671-F1-model_v1,36.19114737
2020,534,A,96.06,O95671,11.13,/AF-O95671-F1-model_v1,37.93368409
2021,537,A,97.48,O95671,9.99,/AF-O95671-F1-model_v1,55.09096877
2022,547,A,93.38,O95671,10.48,/AF-O95671-F1-model_v1,81.22901965
2023,563,A,88.12,O95671,11.31,/AF-O95671-F1-model_v1,33.77840421
2024,583,A,96.1,O95671,10.81,/AF-O95671-F1-model_v1,39.81026211
2025,618,A,96.88,O95671,9.89,/AF-O95671-F1-model_v1,12.86796351
2026,13,B,0,O95671,10.26,/2P5X-alt-1_assembled,36.19114737
2027,41,B,0,O95671,9.95,/2P5X-alt-1_assembled,53.61651462
2028,43,B,0,O95671,10.45,/2P5X-alt-1_assembled,84.7140931
2029,45,B,0,O95671,10.12,/2P5X-alt-1_assembled,73.99079018
2030,48,B,0,O95671,11.05,/2P5X-alt-1_assembled,39.00601439
2031,63,B,0,O95671,10.92,/2P5X-alt-1_assembled,32.30395006
2032,65,B,0,O95671,9.52,/2P5X-alt-1_assembled,27.21038117
2033,76,B,0,O95671,11.03,/2P5X-alt-1_assembled,51.33781275
2034,100,B,0,O95671,6.64,/2P5X-alt-1_assembled,41.68684012
2035,104,B,0,O95671,10.36,/2P5X-alt-1_assembled,55.76117521
2036,133,B,0,O95671,10.49,/2P5X-alt-1_assembled,72.7844186
2037,149,B,0,O95671,10.94,/2P5X-alt-1_assembled,53.61651462
2038,151,B,0,O95671,11.29,/2P5X-alt-1_assembled,15.28070667
2039,172,B,0,O95671,9.49,/2P5X-alt-1_assembled,0
2040,206,B,0,O95671,10.4,/2P5X-alt-1_assembled,56.69946421
2041,210,B,0,O95671,10.46,/2P5X-alt-1_assembled,62.59728082
2042,46,A,90.86,Q8N142,11.33,/AF-Q8N142-F1-model_v1,21.84872971
2043,48,A,87.18,Q8N142,8.77,/AF-Q8N142-F1-model_v1,47.18253287
2044,78,A,85.92,Q8N142,10.6,/AF-Q8N142-F1-model_v1,51.8739779
2045,93,A,95.31,Q8N142,10.43,/AF-Q8N142-F1-model_v1,88.46724913
2046,115,A,96.11,Q8N142,11.5,/AF-Q8N142-F1-model_v1,68.22701486
2047,118,A,95.33,Q8N142,10.53,/AF-Q8N142-F1-model_v1,93.29273544
2048,119,A,94.63,Q8N142,10.85,/AF-Q8N142-F1-model_v1,20.64235813
2049,122,A,93.69,Q8N142,11.48,/AF-Q8N142-F1-model_v1,58.57604222
2050,126,A,96.61,Q8N142,11.62,/AF-Q8N142-F1-model_v1,80.42477193
2051,158,A,71.47,Q8N142,10.46,/AF-Q8N142-F1-model_v1,72.51633603
2052,164,A,89.73,Q8N142,10.38,/AF-Q8N142-F1-model_v1,68.49509743
2053,165,A,93.46,Q8N142,10.07,/AF-Q8N142-F1-model_v1,62.86536339
2054,174,A,98.52,Q8N142,9.28,/AF-Q8N142-F1-model_v1,41.8208814
2055,197,A,98.63,Q8N142,11.41,/AF-Q8N142-F1-model_v1,38.06772538
2056,219,A,98.01,Q8N142,10.45,/AF-Q8N142-F1-model_v1,85.51834082
2057,222,A,97.79,Q8N142,10.49,/AF-Q8N142-F1-model_v1,64.47385883
2058,248,A,96.34,Q8N142,10.19,/AF-Q8N142-F1-model_v1,57.10158807
2059,249,A,97.54,Q8N142,11.55,/AF-Q8N142-F1-model_v1,61.39090924
2060,299,A,98.37,Q8N142,10.23,/AF-Q8N142-F1-model_v1,0
2061,336,A,90.93,Q8N142,10.35,/AF-Q8N142-F1-model_v1,84.7140931
2062,363,A,97.54,Q8N142,8.1,/AF-Q8N142-F1-model_v1,45.30595485
2063,374,A,98.78,Q8N142,10.54,/AF-Q8N142-F1-model_v1,38.73793181
2064,380,A,98.32,Q8N142,11.46,/AF-Q8N142-F1-model_v1,37.93368409
2065,384,A,97.48,Q8N142,10.45,/AF-Q8N142-F1-model_v1,91.14807486
2066,398,A,97.49,Q8N142,10.42,/AF-Q8N142-F1-model_v1,77.87798749
2067,410,A,97.8,Q8N142,10.38,/AF-Q8N142-F1-model_v1,72.91845988
2068,442,A,98.58,Q8N142,11.02,/AF-Q8N142-F1-model_v1,13.9402938
2069,448,A,84.58,Q8N142,10.27,/AF-Q8N142-F1-model_v1,98.11822176
2070,56,A,94.75,Q8N3F8,11.39,/AF-Q8N3F8-F1-model_v1,59.38028994
2071,72,A,83.51,Q8N3F8,11.43,/AF-Q8N3F8-F1-model_v1,64.47385883
2072,670,A,84.54,Q8N3F8,11.26,/AF-Q8N3F8-F1-model_v1,28.55079404
2073,672,A,83.49,Q8N3F8,10.48,/AF-Q8N3F8-F1-model_v1,79.48648293
2074,708,A,91.3,Q8N3F8,10.22,/AF-Q8N3F8-F1-model_v1,77.34182234
2075,727,A,85.07,Q8N3F8,11.42,/AF-Q8N3F8-F1-model_v1,75.7333269
2076,732,A,87.25,Q8N3F8,8.73,/AF-Q8N3F8-F1-model_v1,63.66961111
2077,747,A,89.23,Q8N3F8,8.8,/AF-Q8N3F8-F1-model_v1,47.31657415
2078,768,A,88.38,Q8N3F8,11.18,/AF-Q8N3F8-F1-model_v1,44.76978971
2079,771,A,88.72,Q8N3F8,10.42,/AF-Q8N3F8-F1-model_v1,89.40553813
2080,782,A,96.58,Q8N3F8,10.43,/AF-Q8N3F8-F1-model_v1,80.96093708
2081,40,A,85.51,O00471,10.45,/AF-O00471-F1-model_v1,103.0777494
2082,63,A,93.44,O00471,10.33,/AF-O00471-F1-model_v1,82.56943252
2083,66,A,95.22,O00471,10.4,/AF-O00471-F1-model_v1,73.05250117
2084,73,A,95.8,O00471,10.4,/AF-O00471-F1-model_v1,52.00801918
2085,76,A,95.44,O00471,10.37,/AF-O00471-F1-model_v1,72.11421217
2086,80,A,95.58,O00471,10.41,/AF-O00471-F1-model_v1,80.15668936
2087,81,A,94.9,O00471,10.42,/AF-O00471-F1-model_v1,76.26949205
2088,87,A,95.47,O00471,10.41,/AF-O00471-F1-model_v1,92.89061158
2089,109,A,88.94,O00471,10.36,/AF-O00471-F1-model_v1,54.42076234
2090,132,A,84.95,O00471,10.84,/AF-O00471-F1-model_v1,40.34642725
2091,135,A,84.71,O00471,10.67,/AF-O00471-F1-model_v1,71.04188187
2092,155,A,75.32,O00471,10.81,/AF-O00471-F1-model_v1,45.17191357
2093,157,A,74.88,O00471,10.98,/AF-O00471-F1-model_v1,35.38689965
2094,165,A,86.49,O00471,12.29,/AF-O00471-F1-model_v1,28.41675275
2095,182,A,82.74,O00471,9.92,/AF-O00471-F1-model_v1,8.17651848
2096,184,A,84.72,O00471,11.36,/AF-O00471-F1-model_v1,27.74654632
2097,188,A,84.37,O00471,9.74,/AF-O00471-F1-model_v1,33.9124455
2098,223,A,79.4,O00471,10.41,/AF-O00471-F1-model_v1,87.12683626
2099,234,A,89.5,O00471,10.52,/AF-O00471-F1-model_v1,80.55881322
2100,259,A,89.28,O00471,10.34,/AF-O00471-F1-model_v1,66.7525607
2101,274,A,92.16,O00471,10.58,/AF-O00471-F1-model_v1,39.27409696
2102,283,A,90.91,O00471,10.11,/AF-O00471-F1-model_v1,55.22501006
2103,289,A,92.83,O00471,10.48,/AF-O00471-F1-model_v1,84.84813439
2104,297,A,75.29,O00471,10.49,/AF-O00471-F1-model_v1,112.728722
2105,305,A,94.17,O00471,11.38,/AF-O00471-F1-model_v1,76.26949205
2106,320,A,91.97,O00471,10.47,/AF-O00471-F1-model_v1,102.1394604
2107,330,A,88.89,O00471,10.21,/AF-O00471-F1-model_v1,52.14206047
2108,336,A,94.26,O00471,10.5,/AF-O00471-F1-model_v1,81.09497836
2109,339,A,93.27,O00471,10.53,/AF-O00471-F1-model_v1,108.8415247
2110,358,A,97.41,O00471,10.53,/AF-O00471-F1-model_v1,55.35905135
2111,372,A,81.23,O00471,11.22,/AF-O00471-F1-model_v1,27.8805876
2112,424,A,97.24,O00471,10.53,/AF-O00471-F1-model_v1,43.29533556
2113,498,A,95.35,O00471,10.61,/AF-O00471-F1-model_v1,82.03326737
2114,513,A,89.82,O00471,11.23,/AF-O00471-F1-model_v1,33.77840421
2115,520,A,94.72,O00471,10.33,/AF-O00471-F1-model_v1,54.01863848
2116,521,A,94.85,O00471,10.34,/AF-O00471-F1-model_v1,17.29132597
2117,522,A,95.02,O00471,10.84,/AF-O00471-F1-model_v1,56.43138164
2118,531,A,93.24,O00471,11.98,/AF-O00471-F1-model_v1,17.42536725
2119,548,A,93.6,O00471,10.5,/AF-O00471-F1-model_v1,76.67161591
2120,556,A,90.38,O00471,10.59,/AF-O00471-F1-model_v1,65.01002398
2121,557,A,86.84,O00471,10.4,/AF-O00471-F1-model_v1,82.97155638
2122,561,A,88.93,O00471,10.37,/AF-O00471-F1-model_v1,79.35244164
2123,578,A,94.96,O00471,11.28,/AF-O00471-F1-model_v1,36.19114737
2124,585,A,93.41,O00471,10.36,/AF-O00471-F1-model_v1,76.13545076
2125,589,A,91.05,O00471,11.06,/AF-O00471-F1-model_v1,32.84011521
2126,591,A,92.87,O00471,10.05,/AF-O00471-F1-model_v1,34.58265193
2127,597,A,91.48,O00471,10.49,/AF-O00471-F1-model_v1,110.1819375
2128,640,A,95.35,O00471,10.81,/AF-O00471-F1-model_v1,58.30795965
2129,643,A,95.51,O00471,10.33,/AF-O00471-F1-model_v1,71.04188187
2130,646,A,93.69,O00471,10.47,/AF-O00471-F1-model_v1,78.95031778
2131,672,A,85.41,O00471,10.33,/AF-O00471-F1-model_v1,57.90583579
2132,685,A,86.08,O00471,10.55,/AF-O00471-F1-model_v1,93.6948593
2133,2,A,71.41,Q68EM7,10.46,/AF-Q68EM7-F1-model_v1,99.05651076
2134,3,A,77.58,Q68EM7,10.47,/AF-Q68EM7-F1-model_v1,93.6948593
2135,9,A,73.16,Q68EM7,10.42,/AF-Q68EM7-F1-model_v1,63.66961111
2136,48,A,95.64,Q68EM7,10.33,/AF-Q68EM7-F1-model_v1,68.89722129
2137,67,A,90.25,Q68EM7,11.49,/AF-Q68EM7-F1-model_v1,72.7844186
2138,68,A,90.79,Q68EM7,10.14,/AF-Q68EM7-F1-model_v1,64.60790012
2139,92,A,92.26,Q68EM7,11.41,/AF-Q68EM7-F1-model_v1,42.62512912
2140,117,A,95.74,Q68EM7,11.51,/AF-Q68EM7-F1-model_v1,71.98017088
2141,136,A,96.16,Q68EM7,10.38,/AF-Q68EM7-F1-model_v1,74.39291404
2142,139,A,94.78,Q68EM7,10.18,/AF-Q68EM7-F1-model_v1,70.63975801
2143,160,A,83.4,Q68EM7,10.36,/AF-Q68EM7-F1-model_v1,67.95893228
2144,172,A,84.55,Q68EM7,10.38,/AF-Q68EM7-F1-model_v1,71.04188187
2145,177,A,92.14,Q68EM7,10.9,/AF-Q68EM7-F1-model_v1,56.16329907
2146,186,A,95.71,Q68EM7,11.41,/AF-Q68EM7-F1-model_v1,50.39952374
2147,191,A,93.84,Q68EM7,11.38,/AF-Q68EM7-F1-model_v1,29.62312433
2148,204,A,95.03,Q68EM7,11.58,/AF-Q68EM7-F1-model_v1,36.32518866
2149,210,A,96.56,Q68EM7,10.52,/AF-Q68EM7-F1-model_v1,69.56742772
2150,225,A,98.33,Q68EM7,11.65,/AF-Q68EM7-F1-model_v1,50.26548246
2151,232,A,96.01,Q68EM7,10.63,/AF-Q68EM7-F1-model_v1,110.4500201
2152,243,A,72.15,Q68EM7,10.38,/AF-Q68EM7-F1-model_v1,98.92246948
2153,259,A,87.34,Q68EM7,10.45,/AF-Q68EM7-F1-model_v1,93.6948593
2154,282,A,94.69,Q68EM7,10.44,/AF-Q68EM7-F1-model_v1,79.62052421
2155,295,A,90.69,Q68EM7,11.37,/AF-Q68EM7-F1-model_v1,45.97616129
2156,297,A,92.37,Q68EM7,10.42,/AF-Q68EM7-F1-model_v1,82.30134994
2157,298,A,92.19,Q68EM7,11.34,/AF-Q68EM7-F1-model_v1,57.50371193
2158,300,A,93.16,Q68EM7,10.84,/AF-Q68EM7-F1-model_v1,16.35303696
2159,325,A,95.22,Q68EM7,8.73,/AF-Q68EM7-F1-model_v1,22.11681228
2160,355,A,94.55,Q68EM7,10.63,/AF-Q68EM7-F1-model_v1,49.8633586
2161,356,A,94.66,Q68EM7,9.57,/AF-Q68EM7-F1-model_v1,8.980766199
2162,366,A,96.36,Q68EM7,11.27,/AF-Q68EM7-F1-model_v1,46.24424386
2163,380,A,96.8,Q68EM7,10.71,/AF-Q68EM7-F1-model_v1,8.980766199
2164,384,A,95.65,Q68EM7,9.96,/AF-Q68EM7-F1-model_v1,42.75917041
2165,393,A,96.92,Q68EM7,10.63,/AF-Q68EM7-F1-model_v1,38.33580795
2166,17,A,91.93,P37802,10.39,/AF-P37802-F1-model_v1,97.58205661
2167,20,A,92.89,P37802,10.39,/AF-P37802-F1-model_v1,96.10760246
2168,40,A,87.2,P37802,11.48,/AF-P37802-F1-model_v1,70.10359287
2169,57,A,95.15,P37802,10.01,/AF-P37802-F1-model_v1,44.903831
2170,78,A,90.37,P37802,10.42,/AF-P37802-F1-model_v1,107.2330292
2171,79,A,90.17,P37802,10.45,/AF-P37802-F1-model_v1,109.2436485
2172,88,A,94.53,P37802,10.33,/AF-P37802-F1-model_v1,69.96955158
2173,120,A,91.37,P37802,11.2,/AF-P37802-F1-model_v1,34.98477579
2174,153,A,74.17,P37802,10.47,/AF-P37802-F1-model_v1,109.3776898
2175,154,A,72.45,P37802,9.85,/AF-P37802-F1-model_v1,39.14005567
2176,171,A,83.58,P37802,10.3,/AF-P37802-F1-model_v1,66.35043684
2177,154,A,72.2,P35527,10.43,/AF-P35527-F1-model_v1,91.55019872
2178,170,A,91.99,P35527,10.4,/AF-P35527-F1-model_v1,72.51633603
2179,184,A,89.66,P35527,11.45,/AF-P35527-F1-model_v1,68.49509743
2180,191,A,72.49,P35527,11.13,/AF-P35527-F1-model_v1,58.44200094
2181,212,A,96.04,P35527,11.05,/AF-P35527-F1-model_v1,68.76318
2182,224,A,96.13,P35527,10.8,/AF-P35527-F1-model_v1,84.58005182
2183,242,A,95.86,P35527,10.51,/AF-P35527-F1-model_v1,122.7818185
2184,271,A,95.71,P35527,10.52,/AF-P35527-F1-model_v1,58.8441248
2185,289,A,94.63,P35527,10.3,/AF-P35527-F1-model_v1,65.01002398
2186,290,A,94.41,P35527,10.41,/AF-P35527-F1-model_v1,72.51633603
2187,293,A,89.42,P35527,10.44,/AF-P35527-F1-model_v1,81.63114351
2188,321,A,81.62,P35527,10.42,/AF-P35527-F1-model_v1,69.43338643
2189,336,A,92.98,P35527,10.41,/AF-P35527-F1-model_v1,65.41214784
2190,339,A,93.23,P35527,10.49,/AF-P35527-F1-model_v1,65.41214784
2191,368,A,93.44,P35527,10.33,/AF-P35527-F1-model_v1,72.7844186
2192,390,A,92.37,P35527,10.31,/AF-P35527-F1-model_v1,99.45863462
2193,391,A,92.66,P35527,10.79,/AF-P35527-F1-model_v1,91.28211614
2194,396,A,92.7,P35527,10.43,/AF-P35527-F1-model_v1,83.37368024
2195,402,A,96.03,P35527,10.39,/AF-P35527-F1-model_v1,90.07574456
2196,444,A,96.02,P35527,11.39,/AF-P35527-F1-model_v1,50.13144117
2197,449,A,91.31,P35527,10.4,/AF-P35527-F1-model_v1,77.60990491
2198,41,A,92.66,P07900,10.46,/AF-P07900-F1-model_v1,43.02725298
2199,58,A,92.32,P07900,8.93,/AF-P07900-F1-model_v1,14.47645895
2200,69,A,93.57,P07900,11.2,/AF-P07900-F1-model_v1,16.08495439
2201,74,A,93.79,P07900,10.56,/AF-P07900-F1-model_v1,83.7758041
2202,84,A,92.22,P07900,10.46,/AF-P07900-F1-model_v1,76.13545076
2203,100,A,96.65,P07900,10.42,/AF-P07900-F1-model_v1,61.25686795
2204,112,A,85.71,P07900,10.19,/AF-P07900-F1-model_v1,46.37828515
2205,116,A,84.24,P07900,10.63,/AF-P07900-F1-model_v1,68.89722129
2206,147,A,96.96,P07900,11.18,/AF-P07900-F1-model_v1,28.55079404
2207,153,A,97.66,P07900,9.96,/AF-P07900-F1-model_v1,27.61250503
2208,185,A,97.91,P07900,10.13,/AF-P07900-F1-model_v1,35.65498222
2209,191,A,96.54,P07900,9.34,/AF-P07900-F1-model_v1,30.56141333
2210,204,A,94.73,P07900,12.12,/AF-P07900-F1-model_v1,37.12943638
2211,208,A,90.16,P07900,9.98,/AF-P07900-F1-model_v1,71.57804702
2212,209,A,88.12,P07900,11.19,/AF-P07900-F1-model_v1,54.68884491
2213,224,A,84.86,P07900,12.91,/AF-P07900-F1-model_v1,27.61250503
2214,228,A,77.19,P07900,11.45,/AF-P07900-F1-model_v1,44.09958328
2215,281,A,77.76,P07900,11.65,/AF-P07900-F1-model_v1,59.11220737
2216,283,A,82.17,P07900,11.03,/AF-P07900-F1-model_v1,52.94630819
2217,292,A,86.83,P07900,10.57,/AF-P07900-F1-model_v1,78.14607006
2218,294,A,86.75,P07900,10.41,/AF-P07900-F1-model_v1,105.8926164
2219,314,A,93.53,P07900,11.36,/AF-P07900-F1-model_v1,44.36766585
2220,327,A,97.69,P07900,10.81,/AF-P07900-F1-model_v1,28.68483532
2221,356,A,83.33,P07900,10.72,/AF-P07900-F1-model_v1,57.23562936
2222,357,A,83.5,P07900,10.87,/AF-P07900-F1-model_v1,55.89521649
2223,358,A,84.95,P07900,11.61,/AF-P07900-F1-model_v1,38.33580795
2224,362,A,91.16,P07900,8.87,/AF-P07900-F1-model_v1,48.65698702
2225,407,A,84.84,P07900,10.45,/AF-P07900-F1-model_v1,102.1394604
2226,410,A,88.63,P07900,10.51,/AF-P07900-F1-model_v1,106.5628228
2227,414,A,94.11,P07900,10.34,/AF-P07900-F1-model_v1,97.7160979
2228,418,A,97.12,P07900,10.4,/AF-P07900-F1-model_v1,69.56742772
2229,419,A,97.75,P07900,11.32,/AF-P07900-F1-model_v1,41.01663369
2230,431,A,93.62,P07900,11.53,/AF-P07900-F1-model_v1,78.28011135
2231,435,A,96.73,P07900,10.76,/AF-P07900-F1-model_v1,80.69285451
2232,436,A,96.86,P07900,11.4,/AF-P07900-F1-model_v1,72.91845988
2233,443,A,97.71,P07900,10.42,/AF-P07900-F1-model_v1,77.34182234
2234,446,A,98.46,P07900,13.85,/AF-P07900-F1-model_v1,0
2235,457,A,95.86,P07900,10.79,/AF-P07900-F1-model_v1,86.32258854
2236,458,A,96.44,P07900,10.27,/AF-P07900-F1-model_v1,82.7034738
2237,478,A,96.04,P07900,10.65,/AF-P07900-F1-model_v1,91.95232258
2238,485,A,92.48,P07900,10.12,/AF-P07900-F1-model_v1,26.13805088
2239,489,A,91.17,P07900,10.47,/AF-P07900-F1-model_v1,96.37568503
2240,499,A,95.43,P07900,11.42,/AF-P07900-F1-model_v1,29.08695918
2241,513,A,91.35,P07900,10.07,/AF-P07900-F1-model_v1,52.67822562
2242,534,A,93.07,P07900,10.38,/AF-P07900-F1-model_v1,93.02465287
2243,539,A,95.22,P07900,10.28,/AF-P07900-F1-model_v1,45.84212
2244,546,A,94.08,P07900,9.51,/AF-P07900-F1-model_v1,39.54217953
2245,558,A,85.18,P07900,10.63,/AF-P07900-F1-model_v1,58.97816608
2246,559,A,90.58,P07900,10.63,/AF-P07900-F1-model_v1,72.38229474
2247,560,A,89.85,P07900,11.7,/AF-P07900-F1-model_v1,58.17391836
2248,564,A,93.31,P07900,10.66,/AF-P07900-F1-model_v1,35.78902351
2249,565,A,93.73,P07900,11.3,/AF-P07900-F1-model_v1,50.39952374
2250,567,A,94.02,P07900,11.09,/AF-P07900-F1-model_v1,30.96353719
2251,573,A,94.3,P07900,11.5,/AF-P07900-F1-model_v1,69.43338643
2252,576,A,95.13,P07900,10.14,/AF-P07900-F1-model_v1,32.30395006
2253,581,A,87.54,P07900,10.55,/AF-P07900-F1-model_v1,91.41615743
2254,582,A,89.78,P07900,10.21,/AF-P07900-F1-model_v1,46.11020257
2255,585,A,94.32,P07900,10.71,/AF-P07900-F1-model_v1,58.71008351
2256,615,A,86.46,P07900,11.14,/AF-P07900-F1-model_v1,31.76778491
2257,631,A,87.36,P07900,11.51,/AF-P07900-F1-model_v1,63.40152854
2258,632,A,93.37,P07900,9.87,/AF-P07900-F1-model_v1,23.72530772
2259,649,A,90.85,P07900,10.54,/AF-P07900-F1-model_v1,48.38890445
2260,654,A,80.04,P07900,10.49,/AF-P07900-F1-model_v1,63.40152854
2261,657,A,80.7,P07900,10.66,/AF-P07900-F1-model_v1,88.33320784
2262,660,A,86.57,P07900,10.39,/AF-P07900-F1-model_v1,67.69084971
2263,693,A,85.81,P07900,10.43,/AF-P07900-F1-model_v1,67.824891
2264,5,A,98.49,P61224,10.72,/AF-P61224-F1-model_v1,65.14406526
2265,16,A,97.55,P61224,8.36,/AF-P61224-F1-model_v1,9.516931345
2266,31,A,87.61,P61224,10.43,/AF-P61224-F1-model_v1,106.0266577
2267,42,A,98.43,P61224,9.41,/AF-P61224-F1-model_v1,26.80825731
2268,73,A,95.51,P61224,10.42,/AF-P61224-F1-model_v1,96.6437676
2269,104,A,96,P61224,9.02,/AF-P61224-F1-model_v1,16.08495439
2270,117,A,98.65,P61224,9.54,/AF-P61224-F1-model_v1,32.97415649
2271,128,A,98.51,P61224,10.6,/AF-P61224-F1-model_v1,78.95031778
2272,149,A,98.36,P61224,10.73,/AF-P61224-F1-model_v1,63.40152854
2273,151,A,98.12,P61224,10.23,/AF-P61224-F1-model_v1,68.62913872
2274,168,A,92.47,P61224,10.98,/AF-P61224-F1-model_v1,34.31456936
2275,46,A,0,P11021,10.1,/5EXW-alt1B_assembled/5EXW-alt1A_assembled/5F0X-alt1B_assembled/5F0X-alt1A_assembled,31.49970234
2276,81,A,0,P11021,12.36,/5EXW-alt1B_assembled/5EXW-alt1A_assembled/5F0X-alt1B_assembled/5F0X-alt1A_assembled,21.84872971
2277,96,A,0,P11021,11.69,/5EXW-alt1B_assembled/5EXW-alt1A_assembled/5F0X-alt1B_assembled/5F0X-alt1A_assembled,0
2278,113,A,0,P11021,10.3,/5EXW-alt1B_assembled/5EXW-alt1A_assembled/5F0X-alt1B_assembled/5F0X-alt1A_assembled,48.52294573
2279,118,A,0,P11021,10.32,/5EXW-alt1B_assembled/5EXW-alt1A_assembled/5F0X-alt1B_assembled/5F0X-alt1A_assembled,49.59527602
2280,122,A,0,P11021,9.11,/5EXW-alt1B_assembled/5EXW-alt1A_assembled/5F0X-alt1B_assembled/5F0X-alt1A_assembled,29.75716561
2281,123,A,0,P11021,10.34,/5EXW-alt1B_assembled/5EXW-alt1A_assembled/5F0X-alt1B_assembled/5F0X-alt1A_assembled,77.7439462
2282,125,A,0,P11021,10.75,/5EXW-alt1B_assembled/5EXW-alt1A_assembled/5F0X-alt1B_assembled/5F0X-alt1A_assembled,69.70146901
2283,138,A,0,P11021,10.21,/5EXW-alt1B_assembled/5EXW-alt1A_assembled/5F0X-alt1B_assembled/5F0X-alt1A_assembled,45.57403743
2284,152,A,0,P11021,10.04,/5EXW-alt1B_assembled/5EXW-alt1A_assembled/5F0X-alt1B_assembled/5F0X-alt1A_assembled,0
2285,154,A,0,P11021,11.1,/5EXW-alt1B_assembled/5EXW-alt1A_assembled/5F0X-alt1B_assembled/5F0X-alt1A_assembled,22.65297743
2286,163,A,0,P11021,10.06,/5EXW-alt1B_assembled/5EXW-alt1A_assembled/5F0X-alt1B_assembled/5F0X-alt1A_assembled,47.04849158
2287,164,A,0,P11021,10.16,/5EXW-alt1B_assembled/5EXW-alt1A_assembled/5F0X-alt1B_assembled/5F0X-alt1A_assembled,77.7439462
2288,185,A,0,P11021,9.44,/5EXW-alt1B_assembled/5EXW-alt1A_assembled/5F0X-alt1B_assembled/5F0X-alt1A_assembled,34.04648678
2289,213,A,0,P11021,10.33,/5EXW-alt1B_assembled/5EXW-alt1A_assembled/5F0X-alt1B_assembled/5F0X-alt1A_assembled,27.47846374
2290,218,A,0,P11021,9.58,/5EXW-alt1B_assembled/5EXW-alt1A_assembled/5F0X-alt1B_assembled/5F0X-alt1A_assembled,45.70807871
2291,268,A,0,P11021,10.28,/5EXW-alt1B_assembled/5EXW-alt1A_assembled/5F0X-alt1B_assembled/5F0X-alt1A_assembled,97.58205661
2292,271,A,0,P11021,10.36,/5EXW-alt1B_assembled/5EXW-alt1A_assembled/5F0X-alt1B_assembled/5F0X-alt1A_assembled,75.86736819
2293,272,A,0,P11021,10.44,/5EXW-alt1B_assembled/5EXW-alt1A_assembled/5F0X-alt1B_assembled/5F0X-alt1A_assembled,87.93108398
2294,273,A,0,P11021,10.47,/5EXW-alt1B_assembled/5EXW-alt1A_assembled/5F0X-alt1B_assembled/5F0X-alt1A_assembled,82.56943252
2295,276,A,0,P11021,10.57,/5EXW-alt1B_assembled/5EXW-alt1A_assembled/5F0X-alt1B_assembled/5F0X-alt1A_assembled,42.08896398
2296,280,A,0,P11021,10.59,/5EXW-alt1B_assembled/5EXW-alt1A_assembled/5F0X-alt1B_assembled/5F0X-alt1A_assembled,64.20577626
2297,287,A,0,P11021,10.07,/5EXW-alt1B_assembled/5EXW-alt1A_assembled/5F0X-alt1B_assembled/5F0X-alt1A_assembled,26.80825731
2298,294,A,0,P11021,10.84,/5EXW-alt1B_assembled/5EXW-alt1A_assembled/5F0X-alt1B_assembled/5F0X-alt1A_assembled,55.62713392
2299,296,A,0,P11021,10.34,/5EXW-alt1B_assembled/5EXW-alt1A_assembled/5F0X-alt1B_assembled/5F0X-alt1A_assembled,18.49769754
2300,326,A,0,P11021,10.64,/5EXW-alt1B_assembled/5EXW-alt1A_assembled/5F0X-alt1B_assembled/5F0X-alt1A_assembled,40.8825924
2301,340,A,0,P11021,10.38,/5EXW-alt1B_assembled/5EXW-alt1A_assembled/5F0X-alt1B_assembled/5F0X-alt1A_assembled,117.2861257
2302,344,A,0,P11021,9.98,/5EXW-alt1B_assembled/5EXW-alt1A_assembled/5F0X-alt1B_assembled/5F0X-alt1A_assembled,59.51433123
2303,352,A,0,P11021,10.5,/5EXW-alt1B_assembled/5EXW-alt1A_assembled/5F0X-alt1B_assembled/5F0X-alt1A_assembled,101.4692539
2304,353,A,0,P11021,9.98,/5EXW-alt1B_assembled/5EXW-alt1A_assembled/5F0X-alt1B_assembled/5F0X-alt1A_assembled,50.66760632
2305,370,A,0,P11021,10.43,/5EXW-alt1B_assembled/5EXW-alt1A_assembled/5F0X-alt1B_assembled/5F0X-alt1A_assembled,26.67421602
2306,376,A,0,P11021,10.93,/5EXW-alt1B_assembled/5EXW-alt1A_assembled/5F0X-alt1B_assembled/5F0X-alt1A_assembled,54.15267977
2307,382,A,0,P11021,9.54,/5EXW-alt1B_assembled/5EXW-alt1A_assembled/5F0X-alt1B_assembled/5F0X-alt1A_assembled,41.28471626
2308,46,B,0,P11021,10.2,/5EXW-alt1B_assembled/5EXW-alt1A_assembled/5F0X-alt1B_assembled/5F0X-alt1A_assembled,30.29333076
2309,81,B,0,P11021,8.53,/5EXW-alt1B_assembled/5EXW-alt1A_assembled/5F0X-alt1B_assembled/5F0X-alt1A_assembled,6.568023041
2310,96,B,0,P11021,9.16,/5EXW-alt1B_assembled/5EXW-alt1A_assembled/5F0X-alt1B_assembled/5F0X-alt1A_assembled,7.908435907
2311,113,B,0,P11021,10.1,/5EXW-alt1B_assembled/5EXW-alt1A_assembled/5F0X-alt1B_assembled/5F0X-alt1A_assembled,57.7717945
2312,118,B,0,P11021,10.26,/5EXW-alt1B_assembled/5EXW-alt1A_assembled/5F0X-alt1B_assembled/5F0X-alt1A_assembled,41.55279883
2313,122,B,0,P11021,9.95,/5EXW-alt1B_assembled/5EXW-alt1A_assembled/5F0X-alt1B_assembled/5F0X-alt1A_assembled,35.52094094
2314,123,B,0,P11021,10.38,/5EXW-alt1B_assembled/5EXW-alt1A_assembled/5F0X-alt1B_assembled/5F0X-alt1A_assembled,49.8633586
2315,125,B,0,P11021,10.38,/5EXW-alt1B_assembled/5EXW-alt1A_assembled/5F0X-alt1B_assembled/5F0X-alt1A_assembled,30.02524819
2316,138,B,0,P11021,9.97,/5EXW-alt1B_assembled/5EXW-alt1A_assembled/5F0X-alt1B_assembled/5F0X-alt1A_assembled,34.71669322
2317,152,B,0,P11021,10.06,/5EXW-alt1B_assembled/5EXW-alt1A_assembled/5F0X-alt1B_assembled/5F0X-alt1A_assembled,7.238229474
2318,154,B,0,P11021,9.81,/5EXW-alt1B_assembled/5EXW-alt1A_assembled/5F0X-alt1B_assembled/5F0X-alt1A_assembled,15.14666538
2319,163,B,0,P11021,8.61,/5EXW-alt1B_assembled/5EXW-alt1A_assembled/5F0X-alt1B_assembled/5F0X-alt1A_assembled,21.71468842
2320,164,B,0,P11021,9.9,/5EXW-alt1B_assembled/5EXW-alt1A_assembled/5F0X-alt1B_assembled/5F0X-alt1A_assembled,49.19315217
2321,185,B,0,P11021,9.67,/5EXW-alt1B_assembled/5EXW-alt1A_assembled/5F0X-alt1B_assembled/5F0X-alt1A_assembled,32.57203263
2322,213,B,0,P11021,3.39,/5EXW-alt1B_assembled/5EXW-alt1A_assembled/5F0X-alt1B_assembled/5F0X-alt1A_assembled,0
2323,218,B,0,P11021,8.07,/5EXW-alt1B_assembled/5EXW-alt1A_assembled/5F0X-alt1B_assembled/5F0X-alt1A_assembled,19.83811041
2324,268,B,0,P11021,9.77,/5EXW-alt1B_assembled/5EXW-alt1A_assembled/5F0X-alt1B_assembled/5F0X-alt1A_assembled,39.40813825
2325,271,B,0,P11021,10.13,/5EXW-alt1B_assembled/5EXW-alt1A_assembled/5F0X-alt1B_assembled/5F0X-alt1A_assembled,35.65498222
2326,272,B,0,P11021,10.09,/5EXW-alt1B_assembled/5EXW-alt1A_assembled/5F0X-alt1B_assembled/5F0X-alt1A_assembled,57.7717945
2327,273,B,0,P11021,11.21,/5EXW-alt1B_assembled/5EXW-alt1A_assembled/5F0X-alt1B_assembled/5F0X-alt1A_assembled,44.76978971
2328,276,B,0,P11021,11.06,/5EXW-alt1B_assembled/5EXW-alt1A_assembled/5F0X-alt1B_assembled/5F0X-alt1A_assembled,40.61450983
2329,280,B,0,P11021,10.47,/5EXW-alt1B_assembled/5EXW-alt1A_assembled/5F0X-alt1B_assembled/5F0X-alt1A_assembled,74.7950379
2330,287,B,0,P11021,8.68,/5EXW-alt1B_assembled/5EXW-alt1A_assembled/5F0X-alt1B_assembled/5F0X-alt1A_assembled,24.26147287
2331,294,B,0,P11021,10.06,/5EXW-alt1B_assembled/5EXW-alt1A_assembled/5F0X-alt1B_assembled/5F0X-alt1A_assembled,41.95492269
2332,296,B,0,P11021,9.34,/5EXW-alt1B_assembled/5EXW-alt1A_assembled/5F0X-alt1B_assembled/5F0X-alt1A_assembled,13.13604608
2333,326,B,0,P11021,10.4,/5EXW-alt1B_assembled/5EXW-alt1A_assembled/5F0X-alt1B_assembled/5F0X-alt1A_assembled,30.02524819
2334,340,B,0,P11021,10.08,/5EXW-alt1B_assembled/5EXW-alt1A_assembled/5F0X-alt1B_assembled/5F0X-alt1A_assembled,62.86536339
2335,344,B,0,P11021,10.48,/5EXW-alt1B_assembled/5EXW-alt1A_assembled/5F0X-alt1B_assembled/5F0X-alt1A_assembled,62.19515696
2336,352,B,0,P11021,10.52,/5EXW-alt1B_assembled/5EXW-alt1A_assembled/5F0X-alt1B_assembled/5F0X-alt1A_assembled,87.79704269
2337,353,B,0,P11021,10.08,/5EXW-alt1B_assembled/5EXW-alt1A_assembled/5F0X-alt1B_assembled/5F0X-alt1A_assembled,42.8932117
2338,370,B,0,P11021,10.27,/5EXW-alt1B_assembled/5EXW-alt1A_assembled/5F0X-alt1B_assembled/5F0X-alt1A_assembled,14.34241766
2339,376,B,0,P11021,11.1,/5EXW-alt1B_assembled/5EXW-alt1A_assembled/5F0X-alt1B_assembled/5F0X-alt1A_assembled,38.46984924
2340,382,B,0,P11021,8.25,/5EXW-alt1B_assembled/5EXW-alt1A_assembled/5F0X-alt1B_assembled/5F0X-alt1A_assembled,22.38489485
2341,9,A,78.75,P08133,10.31,/AF-P08133-F1-model_v1,91.14807486
2342,34,A,92.77,P08133,10.54,/AF-P08133-F1-model_v1,96.91185018
2343,40,A,96.88,P08133,10.44,/AF-P08133-F1-model_v1,45.70807871
2344,63,A,98.27,P08133,10.38,/AF-P08133-F1-model_v1,53.61651462
2345,68,A,97.52,P08133,10.9,/AF-P08133-F1-model_v1,54.42076234
2346,75,A,97.32,P08133,9.87,/AF-P08133-F1-model_v1,41.55279883
2347,81,A,97.72,P08133,11.24,/AF-P08133-F1-model_v1,58.03987708
2348,99,A,98.33,P08133,10.56,/AF-P08133-F1-model_v1,39.27409696
2349,102,A,98.1,P08133,10.18,/AF-P08133-F1-model_v1,40.21238597
2350,113,A,96.7,P08133,9.64,/AF-P08133-F1-model_v1,72.65037731
2351,135,A,98.56,P08133,10.5,/AF-P08133-F1-model_v1,75.7333269
2352,156,A,98.34,P08133,10.35,/AF-P08133-F1-model_v1,63.66961111
2353,191,A,88.23,P08133,10.48,/AF-P08133-F1-model_v1,38.46984924
2354,208,A,97.54,P08133,8.74,/AF-P08133-F1-model_v1,62.19515696
2355,220,A,93.28,P08133,11.1,/AF-P08133-F1-model_v1,68.62913872
2356,224,A,90.82,P08133,11.43,/AF-P08133-F1-model_v1,57.23562936
2357,240,A,96.13,P08133,11.48,/AF-P08133-F1-model_v1,76.00140948
2358,247,A,97.88,P08133,11.11,/AF-P08133-F1-model_v1,53.61651462
2359,262,A,95.93,P08133,9.44,/AF-P08133-F1-model_v1,32.16990877
2360,265,A,89.16,P08133,6.25,/AF-P08133-F1-model_v1,0
2361,296,A,91.68,P08133,13.65,/AF-P08133-F1-model_v1,28.41675275
2362,299,A,84.52,P08133,10,/AF-P08133-F1-model_v1,110.852144
2363,306,A,95.44,P08133,10.72,/AF-P08133-F1-model_v1,81.7651848
2364,314,A,97.95,P08133,10.03,/AF-P08133-F1-model_v1,38.46984924
2365,315,A,97.64,P08133,11.54,/AF-P08133-F1-model_v1,58.57604222
2366,319,A,96.37,P08133,11.15,/AF-P08133-F1-model_v1,52.54418433
2367,354,A,96.2,P08133,11.18,/AF-P08133-F1-model_v1,31.09757848
2368,370,A,98.39,P08133,10.49,/AF-P08133-F1-model_v1,59.51433123
2369,374,A,98.02,P08133,10.48,/AF-P08133-F1-model_v1,84.84813439
2370,377,A,93.93,P08133,10.24,/AF-P08133-F1-model_v1,73.99079018
2371,406,A,98.16,P08133,10.49,/AF-P08133-F1-model_v1,72.65037731
2372,418,A,96.4,P08133,10.39,/AF-P08133-F1-model_v1,80.42477193
2373,442,A,98.72,P08133,8.64,/AF-P08133-F1-model_v1,37.26347766
2374,445,A,98.58,P08133,11.13,/AF-P08133-F1-model_v1,27.21038117
2375,446,A,97.93,P08133,9.47,/AF-P08133-F1-model_v1,77.07373977
2376,456,A,97.65,P08133,10.55,/AF-P08133-F1-model_v1,122.111612
2377,478,A,98.57,P08133,10.44,/AF-P08133-F1-model_v1,73.7227076
2378,483,A,97.69,P08133,10.22,/AF-P08133-F1-model_v1,34.31456936
2379,540,A,72.05,P08133,11.6,/AF-P08133-F1-model_v1,84.44601053
2380,568,A,92.87,P08133,11.53,/AF-P08133-F1-model_v1,36.99539509
2381,579,A,87.22,P08133,12.88,/AF-P08133-F1-model_v1,34.98477579
2382,580,A,82.1,P08133,11.61,/AF-P08133-F1-model_v1,71.17592316
2383,598,A,97.47,P08133,10.49,/AF-P08133-F1-model_v1,40.48046854
2384,600,A,98.32,P08133,9.45,/AF-P08133-F1-model_v1,15.28070667
2385,607,A,98.12,P08133,9.23,/AF-P08133-F1-model_v1,38.33580795
2386,610,A,95.67,P08133,11.65,/AF-P08133-F1-model_v1,87.52896012
2387,613,A,92.36,P08133,9.21,/AF-P08133-F1-model_v1,81.36306094
2388,620,A,97.55,P08133,10.47,/AF-P08133-F1-model_v1,94.09698316
2389,644,A,94.97,P08133,10.48,/AF-P08133-F1-model_v1,7.908435907
2390,647,A,91.67,P08133,9.9,/AF-P08133-F1-model_v1,48.52294573
2391,663,A,97.76,P08133,12.69,/AF-P08133-F1-model_v1,45.57403743
2392,5,A,94.72,P39023,10.42,/AF-P39023-F1-model_v1,78.01202877
2393,20,A,97.81,P39023,10.38,/AF-P39023-F1-model_v1,95.7054786
2394,28,A,97.55,P39023,9.86,/AF-P39023-F1-model_v1,77.07373977
2395,30,A,97.25,P39023,10.24,/AF-P39023-F1-model_v1,99.99479977
2396,34,A,96.09,P39023,10.44,/AF-P39023-F1-model_v1,116.0797542
2397,39,A,96.43,P39023,11.45,/AF-P39023-F1-model_v1,66.35043684
2398,50,A,98.55,P39023,8.91,/AF-P39023-F1-model_v1,15.9509131
2399,66,A,97.33,P39023,10.48,/AF-P39023-F1-model_v1,96.10760246
2400,69,A,95.02,P39023,11.64,/AF-P39023-F1-model_v1,59.64837252
2401,70,A,96.58,P39023,10.35,/AF-P39023-F1-model_v1,60.45262024
2402,103,A,97.02,P39023,11.32,/AF-P39023-F1-model_v1,23.85934901
2403,115,A,96.93,P39023,10.38,/AF-P39023-F1-model_v1,27.47846374
2404,120,A,95.16,P39023,10.46,/AF-P39023-F1-model_v1,116.2137954
2405,124,A,96.2,P39023,10.45,/AF-P39023-F1-model_v1,82.03326737
2406,126,A,96.48,P39023,10.46,/AF-P39023-F1-model_v1,98.11822176
2407,127,A,95.79,P39023,10.32,/AF-P39023-F1-model_v1,47.45061544
2408,128,A,95.83,P39023,10.42,/AF-P39023-F1-model_v1,73.05250117
2409,132,A,93.24,P39023,10.45,/AF-P39023-F1-model_v1,95.16931345
2410,135,A,92.94,P39023,10.36,/AF-P39023-F1-model_v1,74.52695532
2411,136,A,93.37,P39023,10.31,/AF-P39023-F1-model_v1,72.7844186
2412,143,A,95.1,P39023,11.51,/AF-P39023-F1-model_v1,37.12943638
2413,144,A,96.23,P39023,10.43,/AF-P39023-F1-model_v1,80.55881322
2414,148,A,96.56,P39023,10.37,/AF-P39023-F1-model_v1,79.35244164
2415,154,A,96.99,P39023,11.17,/AF-P39023-F1-model_v1,47.98678059
2416,155,A,97.03,P39023,11.08,/AF-P39023-F1-model_v1,73.7227076
2417,176,A,96.58,P39023,10.19,/AF-P39023-F1-model_v1,81.22901965
2418,177,A,96.95,P39023,9.34,/AF-P39023-F1-model_v1,42.62512912
2419,193,A,98.44,P39023,10.63,/AF-P39023-F1-model_v1,16.21899567
2420,224,A,98.27,P39023,10.33,/AF-P39023-F1-model_v1,103.2117906
2421,226,A,98.36,P39023,10.14,/AF-P39023-F1-model_v1,72.11421217
2422,229,A,98.35,P39023,10.3,/AF-P39023-F1-model_v1,44.50170714
2423,238,A,96.63,P39023,10.42,/AF-P39023-F1-model_v1,79.7545655
2424,239,A,97.37,P39023,10.07,/AF-P39023-F1-model_v1,51.73993661
2425,243,A,96.86,P39023,10.46,/AF-P39023-F1-model_v1,74.52695532
2426,250,A,97.22,P39023,10.01,/AF-P39023-F1-model_v1,32.57203263
2427,272,A,98.38,P39023,9.51,/AF-P39023-F1-model_v1,26.67421602
2428,282,A,98.31,P39023,11.05,/AF-P39023-F1-model_v1,19.30194526
2429,283,A,98.29,P39023,8.7,/AF-P39023-F1-model_v1,0
2430,286,A,97.95,P39023,8.98,/AF-P39023-F1-model_v1,30.02524819
2431,294,A,84.09,P39023,10.42,/AF-P39023-F1-model_v1,68.22701486
2432,297,A,88.23,P39023,10.45,/AF-P39023-F1-model_v1,95.97356117
2433,300,A,91.74,P39023,10.68,/AF-P39023-F1-model_v1,60.8547441
2434,312,A,94.37,P39023,9.94,/AF-P39023-F1-model_v1,0
2435,334,A,98.39,P39023,9.41,/AF-P39023-F1-model_v1,26.9422986
2436,341,A,96.25,P39023,9.58,/AF-P39023-F1-model_v1,33.77840421
2437,342,A,97.94,P39023,10.02,/AF-P39023-F1-model_v1,56.29734035
2438,349,A,98.29,P39023,10.3,/AF-P39023-F1-model_v1,25.06572059
2439,356,A,95,P39023,10.41,/AF-P39023-F1-model_v1,103.7479558
2440,362,A,96.11,P39023,10.5,/AF-P39023-F1-model_v1,92.35444644
2441,366,A,97.12,P39023,12.72,/AF-P39023-F1-model_v1,9.650972632
2442,373,A,97.09,P39023,9.85,/AF-P39023-F1-model_v1,20.9104407
2443,385,A,96.17,P39023,10.16,/AF-P39023-F1-model_v1,54.55480363
2444,386,A,95.2,P39023,10.54,/AF-P39023-F1-model_v1,84.17792796
2445,393,A,96.36,P39023,10.45,/AF-P39023-F1-model_v1,76.93969848
2446,394,A,95.22,P39023,10.61,/AF-P39023-F1-model_v1,69.83551029
2447,399,A,92.02,P39023,10.44,/AF-P39023-F1-model_v1,78.95031778
2448,31,A,89.02,O43390,10.43,/AF-O43390-F1-model_v1,83.10559766
2449,41,A,93.24,O43390,11.2,/AF-O43390-F1-model_v1,17.69344983
2450,84,A,90.36,O43390,10.13,/AF-O43390-F1-model_v1,19.30194526
2451,94,A,94.04,O43390,11.05,/AF-O43390-F1-model_v1,34.58265193
2452,103,A,92.24,O43390,9.92,/AF-O43390-F1-model_v1,113.9350936
2453,110,A,87,O43390,10.15,/AF-O43390-F1-model_v1,69.96955158
2454,126,A,93.89,O43390,11.85,/AF-O43390-F1-model_v1,46.11020257
2455,128,A,92.87,O43390,10.67,/AF-O43390-F1-model_v1,60.18453766
2456,146,A,96.06,O43390,9.51,/AF-O43390-F1-model_v1,50.39952374
2457,171,A,95.06,O43390,10.42,/AF-O43390-F1-model_v1,78.14607006
2458,187,A,94.75,O43390,10.6,/AF-O43390-F1-model_v1,48.92506959
2459,216,A,90.52,O43390,10.38,/AF-O43390-F1-model_v1,65.01002398
2460,224,A,93.25,O43390,10.43,/AF-O43390-F1-model_v1,93.15869415
2461,235,A,94.25,O43390,10.99,/AF-O43390-F1-model_v1,46.64636772
2462,255,A,90.86,O43390,10.17,/AF-O43390-F1-model_v1,36.45922994
2463,257,A,91.04,O43390,10.24,/AF-O43390-F1-model_v1,37.12943638
2464,259,A,91.6,O43390,11.22,/AF-O43390-F1-model_v1,46.37828515
2465,268,A,91.34,O43390,12.49,/AF-O43390-F1-model_v1,49.46123474
2466,285,A,74.26,O43390,10.7,/AF-O43390-F1-model_v1,27.8805876
2467,286,A,78.93,O43390,10.56,/AF-O43390-F1-model_v1,104.1500797
2468,287,A,85.94,O43390,11.5,/AF-O43390-F1-model_v1,50.53356503
2469,300,A,85.26,O43390,9.66,/AF-O43390-F1-model_v1,76.40353334
2470,313,A,79.63,O43390,10.41,/AF-O43390-F1-model_v1,103.4798732
2471,315,A,84.57,O43390,10.31,/AF-O43390-F1-model_v1,64.60790012
2472,339,A,84.83,O43390,10.52,/AF-O43390-F1-model_v1,68.22701486
2473,341,A,90.8,O43390,10.53,/AF-O43390-F1-model_v1,39.67622082
2474,359,A,92.03,O43390,10.43,/AF-O43390-F1-model_v1,85.38429953
2475,366,A,91.33,O43390,11.42,/AF-O43390-F1-model_v1,63.8036524
2476,371,A,92.6,O43390,10.32,/AF-O43390-F1-model_v1,76.13545076
2477,372,A,90.09,O43390,9.59,/AF-O43390-F1-model_v1,8.980766199
2478,374,A,84.17,O43390,10.54,/AF-O43390-F1-model_v1,85.51834082
2479,389,A,92.47,O43390,10.8,/AF-O43390-F1-model_v1,44.50170714
2480,397,A,88.75,O43390,10.31,/AF-O43390-F1-model_v1,45.17191357
2481,410,A,84.15,O43390,9.85,/AF-O43390-F1-model_v1,61.25686795
2482,122,A,97.68,P13861,8.16,/AF-P13861-F1-model_v1,0
2483,135,A,89.94,P13861,11.54,/AF-P13861-F1-model_v1,82.16730866
2484,141,A,88.06,P13861,10.9,/AF-P13861-F1-model_v1,79.7545655
2485,161,A,98.39,P13861,10.57,/AF-P13861-F1-model_v1,90.87999228
2486,190,A,91.89,P13861,10.41,/AF-P13861-F1-model_v1,77.47586363
2487,243,A,91.13,P13861,11.23,/AF-P13861-F1-model_v1,47.18253287
2488,247,A,91.28,P13861,11.52,/AF-P13861-F1-model_v1,71.17592316
2489,248,A,91.97,P13861,12.27,/AF-P13861-F1-model_v1,32.57203263
2490,250,A,93.2,P13861,10.61,/AF-P13861-F1-model_v1,99.7267172
2491,263,A,86.86,P13861,10.45,/AF-P13861-F1-model_v1,93.02465287
2492,272,A,96.47,P13861,10.36,/AF-P13861-F1-model_v1,55.22501006
2493,280,A,96.96,P13861,10.62,/AF-P13861-F1-model_v1,64.07173497
2494,283,A,98.42,P13861,11.49,/AF-P13861-F1-model_v1,85.78642339
2495,294,A,95.35,P13861,10.53,/AF-P13861-F1-model_v1,82.16730866
2496,332,A,96.28,P13861,10.38,/AF-P13861-F1-model_v1,70.10359287
2497,345,A,91.05,P13861,10.36,/AF-P13861-F1-model_v1,65.27810655
2498,358,A,97.65,P13861,11.85,/AF-P13861-F1-model_v1,34.8507345
2499,379,A,86.15,P13861,11.62,/AF-P13861-F1-model_v1,37.93368409
2500,391,A,75.8,P13861,11.32,/AF-P13861-F1-model_v1,54.68884491
2501,36,A,70.67,P05023,10.99,/AF-P05023-F1-model_v1,18.76578012
2502,37,A,70.93,P05023,10.57,/AF-P05023-F1-model_v1,76.00140948
2503,45,A,92.05,P05023,11.7,/AF-P05023-F1-model_v1,33.64436292
2504,54,A,92.23,P05023,11.33,/AF-P05023-F1-model_v1,37.53156023
2505,91,A,84.16,P05023,11.3,/AF-P05023-F1-model_v1,33.10819778
2506,177,A,90.95,P05023,11.01,/AF-P05023-F1-model_v1,30.02524819
2507,194,A,90.49,P05023,10.45,/AF-P05023-F1-model_v1,51.47185404
2508,212,A,89.74,P05023,11.3,/AF-P05023-F1-model_v1,37.66560152
2509,349,A,88.77,P05023,10.13,/AF-P05023-F1-model_v1,100.3969236
2510,354,A,89.7,P05023,11.22,/AF-P05023-F1-model_v1,63.26748725
2511,359,A,79.75,P05023,8.19,/AF-P05023-F1-model_v1,29.35504176
2512,377,A,92.67,P05023,12.17,/AF-P05023-F1-model_v1,0
2513,413,A,86.93,P05023,10.88,/AF-P05023-F1-model_v1,37.26347766
2514,444,A,87.78,P05023,10.37,/AF-P05023-F1-model_v1,70.7737993
2515,458,A,94.58,P05023,8.06,/AF-P05023-F1-model_v1,12.59988094
2516,468,A,92.01,P05023,10.76,/AF-P05023-F1-model_v1,83.37368024
2517,476,A,94.23,P05023,10.62,/AF-P05023-F1-model_v1,27.61250503
2518,487,A,87.44,P05023,10.33,/AF-P05023-F1-model_v1,47.04849158
2519,494,A,93.57,P05023,11.26,/AF-P05023-F1-model_v1,61.92707439
2520,508,A,96.55,P05023,10.44,/AF-P05023-F1-model_v1,0
2521,526,A,92.65,P05023,10.44,/AF-P05023-F1-model_v1,79.35244164
2522,535,A,91.04,P05023,11.48,/AF-P05023-F1-model_v1,30.15928947
2523,605,A,95.12,P05023,11.47,/AF-P05023-F1-model_v1,60.18453766
2524,612,A,97.04,P05023,8.97,/AF-P05023-F1-model_v1,32.43799135
2525,625,A,93.61,P05023,10.59,/AF-P05023-F1-model_v1,21.31256456
2526,629,A,93.36,P05023,10.04,/AF-P05023-F1-model_v1,58.57604222
2527,661,A,93.2,P05023,10.45,/AF-P05023-F1-model_v1,80.96093708
2528,671,A,85.16,P05023,11.56,/AF-P05023-F1-model_v1,58.57604222
2529,683,A,93.35,P05023,10.75,/AF-P05023-F1-model_v1,48.38890445
2530,698,A,93.1,P05023,12.83,/AF-P05023-F1-model_v1,0
2531,726,A,87.73,P05023,10.1,/AF-P05023-F1-model_v1,61.52495053
2532,727,A,91.78,P05023,10.16,/AF-P05023-F1-model_v1,35.52094094
2533,743,A,82.45,P05023,9.79,/AF-P05023-F1-model_v1,21.31256456
2534,773,A,96.25,P05023,9.42,/AF-P05023-F1-model_v1,8.17651848
2535,774,A,96.68,P05023,9.84,/AF-P05023-F1-model_v1,0
2536,833,A,93.15,P05023,11.53,/AF-P05023-F1-model_v1,87.52896012
2537,840,A,91.06,P05023,10.38,/AF-P05023-F1-model_v1,111.1202266
2538,843,A,93.71,P05023,10.32,/AF-P05023-F1-model_v1,29.35504176
2539,912,A,94.14,P05023,12.7,/AF-P05023-F1-model_v1,6.702064328
2540,938,A,96.82,P05023,10.19,/AF-P05023-F1-model_v1,0
2541,950,A,93.77,P05023,10.39,/AF-P05023-F1-model_v1,96.10760246
2542,952,A,96.27,P05023,10.44,/AF-P05023-F1-model_v1,102.9437081
2543,984,A,92.15,P05023,10.37,/AF-P05023-F1-model_v1,58.71008351
2544,42,A,86.28,Q9Y285,10.66,/AF-Q9Y285-F1-model_v1,52.94630819
2545,59,A,82.79,Q9Y285,11.4,/AF-Q9Y285-F1-model_v1,46.64636772
2546,101,A,82.44,Q9Y285,10.42,/AF-Q9Y285-F1-model_v1,77.7439462
2547,106,A,85.35,Q9Y285,9.39,/AF-Q9Y285-F1-model_v1,35.25285836
2548,111,A,86.84,Q9Y285,10.45,/AF-Q9Y285-F1-model_v1,72.51633603
2549,117,A,82.79,Q9Y285,10.42,/AF-Q9Y285-F1-model_v1,83.7758041
2550,150,A,81.96,Q9Y285,10.24,/AF-Q9Y285-F1-model_v1,68.09297357
2551,154,A,85.7,Q9Y285,10.46,/AF-Q9Y285-F1-model_v1,100.1288411
2552,161,A,86.05,Q9Y285,10.42,/AF-Q9Y285-F1-model_v1,71.57804702
2553,163,A,86,Q9Y285,10.51,/AF-Q9Y285-F1-model_v1,77.7439462
2554,171,A,87.46,Q9Y285,10.42,/AF-Q9Y285-F1-model_v1,70.90784059
2555,177,A,89.19,Q9Y285,10.33,/AF-Q9Y285-F1-model_v1,29.8912069
2556,208,A,80.66,Q9Y285,10.38,/AF-Q9Y285-F1-model_v1,65.14406526
2557,229,A,88.7,Q9Y285,9.26,/AF-Q9Y285-F1-model_v1,0
2558,297,A,97.69,Q9Y285,10.27,/AF-Q9Y285-F1-model_v1,49.05911088
2559,311,A,94.83,Q9Y285,10.32,/AF-Q9Y285-F1-model_v1,49.32719345
2560,315,A,96.89,Q9Y285,10.52,/AF-Q9Y285-F1-model_v1,69.70146901
2561,321,A,96.94,Q9Y285,11.05,/AF-Q9Y285-F1-model_v1,44.36766585
2562,342,A,93.25,Q9Y285,10.31,/AF-Q9Y285-F1-model_v1,76.40353334
2563,343,A,90.13,Q9Y285,10.4,/AF-Q9Y285-F1-model_v1,87.26087755
2564,349,A,98.21,Q9Y285,10.11,/AF-Q9Y285-F1-model_v1,54.95692749
2565,397,A,88.27,Q9Y285,11.17,/AF-Q9Y285-F1-model_v1,20.10619298
2566,406,A,96.06,Q9Y285,11.51,/AF-Q9Y285-F1-model_v1,52.67822562
2567,427,A,84.71,Q9Y285,10.45,/AF-Q9Y285-F1-model_v1,90.07574456
2568,428,A,89,Q9Y285,10.18,/AF-Q9Y285-F1-model_v1,75.7333269
2569,468,A,77.72,Q9Y285,9.16,/AF-Q9Y285-F1-model_v1,42.75917041
2570,481,A,80.67,Q9Y285,10.12,/AF-Q9Y285-F1-model_v1,72.24825345
2571,20,A,0,Q9UIJ7,9.22,/6ZJE-alt1A_assembled/6ZJE-alt1C_assembled/6ZJE-alt1B_assembled,21.44660585
2572,34,A,0,Q9UIJ7,10.42,/6ZJE-alt1A_assembled/6ZJE-alt1C_assembled/6ZJE-alt1B_assembled,57.23562936
2573,57,A,0,Q9UIJ7,10.66,/6ZJE-alt1A_assembled/6ZJE-alt1C_assembled/6ZJE-alt1B_assembled,68.36105614
2574,64,A,0,Q9UIJ7,10.37,/6ZJE-alt1A_assembled/6ZJE-alt1C_assembled/6ZJE-alt1B_assembled,74.12483146
2575,80,A,0,Q9UIJ7,10.36,/6ZJE-alt1A_assembled/6ZJE-alt1C_assembled/6ZJE-alt1B_assembled,73.58866632
2576,122,A,0,Q9UIJ7,10.29,/6ZJE-alt1A_assembled/6ZJE-alt1C_assembled/6ZJE-alt1B_assembled,37.93368409
2577,146,A,0,Q9UIJ7,10.62,/6ZJE-alt1A_assembled/6ZJE-alt1C_assembled/6ZJE-alt1B_assembled,81.49710222
2578,165,A,0,Q9UIJ7,10.58,/6ZJE-alt1A_assembled/6ZJE-alt1C_assembled/6ZJE-alt1B_assembled,43.42937684
2579,171,A,0,Q9UIJ7,10.24,/6ZJE-alt1A_assembled/6ZJE-alt1C_assembled/6ZJE-alt1B_assembled,61.52495053
2580,174,A,0,Q9UIJ7,11.29,/6ZJE-alt1A_assembled/6ZJE-alt1C_assembled/6ZJE-alt1B_assembled,73.18654246
2581,181,A,0,Q9UIJ7,10.53,/6ZJE-alt1A_assembled/6ZJE-alt1C_assembled/6ZJE-alt1B_assembled,74.52695532
2582,189,A,0,Q9UIJ7,10.38,/6ZJE-alt1A_assembled/6ZJE-alt1C_assembled/6ZJE-alt1B_assembled,88.7353317
2583,190,A,0,Q9UIJ7,10.09,/6ZJE-alt1A_assembled/6ZJE-alt1C_assembled/6ZJE-alt1B_assembled,70.90784059
2584,203,A,0,Q9UIJ7,10.71,/6ZJE-alt1A_assembled/6ZJE-alt1C_assembled/6ZJE-alt1B_assembled,97.31397404
2585,215,A,0,Q9UIJ7,7.47,/6ZJE-alt1A_assembled/6ZJE-alt1C_assembled/6ZJE-alt1B_assembled,17.29132597
2586,150,A,81.5,Q9BXP5,10.38,/AF-Q9BXP5-F1-model_v1,49.19315217
2587,153,A,85.43,Q9BXP5,10.47,/AF-Q9BXP5-F1-model_v1,93.96294187
2588,170,A,89.53,Q9BXP5,10.47,/AF-Q9BXP5-F1-model_v1,81.7651848
2589,176,A,86.84,Q9BXP5,9.94,/AF-Q9BXP5-F1-model_v1,32.16990877
2590,192,A,88.67,Q9BXP5,11.45,/AF-Q9BXP5-F1-model_v1,30.42737205
2591,200,A,85.31,Q9BXP5,10.2,/AF-Q9BXP5-F1-model_v1,49.72931731
2592,208,A,88.62,Q9BXP5,10.62,/AF-Q9BXP5-F1-model_v1,89.13745556
2593,242,A,89.7,Q9BXP5,9.92,/AF-Q9BXP5-F1-model_v1,37.66560152
2594,248,A,91.43,Q9BXP5,11,/AF-Q9BXP5-F1-model_v1,25.33380316
2595,256,A,89.92,Q9BXP5,9.44,/AF-Q9BXP5-F1-model_v1,7.238229474
2596,413,A,81.76,Q9BXP5,10.45,/AF-Q9BXP5-F1-model_v1,107.2330292
2597,419,A,90.75,Q9BXP5,10.87,/AF-Q9BXP5-F1-model_v1,57.23562936
2598,442,A,95.01,Q9BXP5,10.39,/AF-Q9BXP5-F1-model_v1,84.04388667
2599,476,A,94.83,Q9BXP5,10.42,/AF-Q9BXP5-F1-model_v1,70.63975801
2600,514,A,92.02,Q9BXP5,11.35,/AF-Q9BXP5-F1-model_v1,21.84872971
2601,522,A,95.13,Q9BXP5,10.39,/AF-Q9BXP5-F1-model_v1,95.16931345
2602,526,A,92.97,Q9BXP5,10.94,/AF-Q9BXP5-F1-model_v1,64.20577626
2603,559,A,89.77,Q9BXP5,10.29,/AF-Q9BXP5-F1-model_v1,56.69946421
2604,604,A,91.51,Q9BXP5,10.68,/AF-Q9BXP5-F1-model_v1,93.15869415
2605,607,A,93.02,Q9BXP5,10.5,/AF-Q9BXP5-F1-model_v1,56.56542293
2606,611,A,94.05,Q9BXP5,11.07,/AF-Q9BXP5-F1-model_v1,63.13344597
2607,664,A,95.17,Q9BXP5,10.67,/AF-Q9BXP5-F1-model_v1,84.98217567
2608,669,A,93.04,Q9BXP5,9.85,/AF-Q9BXP5-F1-model_v1,45.03787228
2609,687,A,86.91,Q9BXP5,11.24,/AF-Q9BXP5-F1-model_v1,40.07834468
2610,691,A,91.62,Q9BXP5,10.75,/AF-Q9BXP5-F1-model_v1,40.48046854
2611,699,A,94.14,Q9BXP5,11.31,/AF-Q9BXP5-F1-model_v1,52.41014304
2612,710,A,90.54,Q9BXP5,10.47,/AF-Q9BXP5-F1-model_v1,90.61190971
2613,712,A,92.57,Q9BXP5,10.41,/AF-Q9BXP5-F1-model_v1,65.27810655
2614,720,A,93.71,Q9BXP5,10.27,/AF-Q9BXP5-F1-model_v1,61.39090924
2615,721,A,94.01,Q9BXP5,10.37,/AF-Q9BXP5-F1-model_v1,65.8142717
2616,723,A,93.17,Q9BXP5,10.44,/AF-Q9BXP5-F1-model_v1,90.07574456
2617,730,A,94.45,Q9BXP5,10.51,/AF-Q9BXP5-F1-model_v1,78.01202877
2618,735,A,93.89,Q9BXP5,10.36,/AF-Q9BXP5-F1-model_v1,64.47385883
2619,739,A,93.52,Q9BXP5,10.48,/AF-Q9BXP5-F1-model_v1,49.59527602
2620,744,A,93.84,Q9BXP5,10.53,/AF-Q9BXP5-F1-model_v1,66.08235427
2621,745,A,92.71,Q9BXP5,11.56,/AF-Q9BXP5-F1-model_v1,52.94630819
2622,758,A,81.9,Q9BXP5,11.41,/AF-Q9BXP5-F1-model_v1,82.97155638
2623,31,A,91.29,Q9NW13,10.14,/AF-Q9NW13-F1-model_v1,49.59527602
2624,39,A,80.73,Q9NW13,12.4,/AF-Q9NW13-F1-model_v1,45.97616129
2625,42,A,78.53,Q9NW13,10.46,/AF-Q9NW13-F1-model_v1,92.48848772
2626,63,A,90.49,Q9NW13,10.44,/AF-Q9NW13-F1-model_v1,86.05450597
2627,72,A,88.5,Q9NW13,10.44,/AF-Q9NW13-F1-model_v1,78.14607006
2628,79,A,83.47,Q9NW13,10.42,/AF-Q9NW13-F1-model_v1,95.97356117
2629,80,A,77.95,Q9NW13,10.39,/AF-Q9NW13-F1-model_v1,101.2011713
2630,113,A,80.84,Q9NW13,10.42,/AF-Q9NW13-F1-model_v1,98.11822176
2631,124,A,89.55,Q9NW13,10.39,/AF-Q9NW13-F1-model_v1,79.88860679
2632,131,A,93.71,Q9NW13,10.5,/AF-Q9NW13-F1-model_v1,87.12683626
2633,148,A,86.13,Q9NW13,10.12,/AF-Q9NW13-F1-model_v1,48.65698702
2634,152,A,85.4,Q9NW13,11.04,/AF-Q9NW13-F1-model_v1,61.25686795
2635,162,A,90.79,Q9NW13,10.52,/AF-Q9NW13-F1-model_v1,79.88860679
2636,169,A,93.97,Q9NW13,10.44,/AF-Q9NW13-F1-model_v1,66.88660199
2637,172,A,93.38,Q9NW13,10.42,/AF-Q9NW13-F1-model_v1,87.93108398
2638,177,A,91.38,Q9NW13,10.21,/AF-Q9NW13-F1-model_v1,46.78040901
2639,180,A,87.88,Q9NW13,11.48,/AF-Q9NW13-F1-model_v1,34.98477579
2640,192,A,83.47,Q9NW13,10.47,/AF-Q9NW13-F1-model_v1,95.97356117
2641,194,A,82.18,Q9NW13,10.45,/AF-Q9NW13-F1-model_v1,86.99279497
2642,196,A,82.39,Q9NW13,10.24,/AF-Q9NW13-F1-model_v1,80.29073065
2643,335,A,90.89,Q9NW13,11.34,/AF-Q9NW13-F1-model_v1,34.04648678
2644,362,A,90.79,Q9NW13,11.54,/AF-Q9NW13-F1-model_v1,52.54418433
2645,376,A,91.39,Q9NW13,10.11,/AF-Q9NW13-F1-model_v1,26.13805088
2646,391,A,90.26,Q9NW13,10.91,/AF-Q9NW13-F1-model_v1,53.88459719
2647,406,A,85.2,Q9NW13,10.06,/AF-Q9NW13-F1-model_v1,48.65698702
2648,413,A,90.54,Q9NW13,10.31,/AF-Q9NW13-F1-model_v1,94.63314831
2649,425,A,82.05,Q9NW13,10.52,/AF-Q9NW13-F1-model_v1,92.22040515
2650,453,A,91.01,Q9NW13,10.46,/AF-Q9NW13-F1-model_v1,101.3352126
2651,465,A,92.32,Q9NW13,10.04,/AF-Q9NW13-F1-model_v1,55.62713392
2652,473,A,93.93,Q9NW13,10.03,/AF-Q9NW13-F1-model_v1,17.82749111
2653,476,A,94.35,Q9NW13,10.13,/AF-Q9NW13-F1-model_v1,90.61190971
2654,478,A,92.98,Q9NW13,10.36,/AF-Q9NW13-F1-model_v1,88.06512527
2655,496,A,90.6,Q9NW13,10.28,/AF-Q9NW13-F1-model_v1,65.94831298
2656,501,A,93.85,Q9NW13,10.41,/AF-Q9NW13-F1-model_v1,112.9968046
2657,505,A,93.35,Q9NW13,10.43,/AF-Q9NW13-F1-model_v1,91.55019872
2658,515,A,78.95,Q9NW13,10.48,/AF-Q9NW13-F1-model_v1,101.3352126
2659,520,A,93.71,Q9NW13,11.42,/AF-Q9NW13-F1-model_v1,52.14206047
2660,529,A,80.5,Q9NW13,10.58,/AF-Q9NW13-F1-model_v1,92.35444644
2661,536,A,75.55,Q9NW13,11.28,/AF-Q9NW13-F1-model_v1,52.54418433
2662,555,A,93.8,Q9NW13,11.07,/AF-Q9NW13-F1-model_v1,16.35303696
2663,571,A,84.86,Q9NW13,10.32,/AF-Q9NW13-F1-model_v1,72.11421217
2664,584,A,91.98,Q9NW13,10.51,/AF-Q9NW13-F1-model_v1,109.913855
2665,586,A,91.83,Q9NW13,10.45,/AF-Q9NW13-F1-model_v1,90.34382714
2666,588,A,90.66,Q9NW13,10.46,/AF-Q9NW13-F1-model_v1,86.05450597
2667,598,A,89.2,Q9NW13,10.35,/AF-Q9NW13-F1-model_v1,83.90984538
2668,665,A,75.83,Q9NW13,10.59,/AF-Q9NW13-F1-model_v1,73.99079018
2669,666,A,73.6,Q9NW13,11.14,/AF-Q9NW13-F1-model_v1,41.55279883
2670,738,A,83.99,Q9NW13,10.45,/AF-Q9NW13-F1-model_v1,75.7333269
2671,740,A,79.32,Q9NW13,10.48,/AF-Q9NW13-F1-model_v1,82.83751509
2672,55,A,87.28,Q02539,10.45,/AF-Q02539-F1-model_v1,112.1925568
2673,66,A,94.1,Q02539,9.9,/AF-Q02539-F1-model_v1,37.26347766
2674,67,A,94.15,Q02539,10.42,/AF-Q02539-F1-model_v1,114.2031761
2675,78,A,93.07,Q02539,10.44,/AF-Q02539-F1-model_v1,99.59267591
2676,84,A,95.08,Q02539,10.32,/AF-Q02539-F1-model_v1,72.11421217
2677,88,A,95.3,Q02539,10.42,/AF-Q02539-F1-model_v1,109.1096073
2678,93,A,92.78,Q02539,10.34,/AF-Q02539-F1-model_v1,109.5117311
2679,100,A,93.07,Q02539,10.43,/AF-Q02539-F1-model_v1,95.83951989
2680,109,A,93.78,Q02539,10.23,/AF-Q02539-F1-model_v1,48.52294573
2681,112,A,79.5,Q02539,10.43,/AF-Q02539-F1-model_v1,102.5415842
2682,1965,A,0,P15924,10.69,/5DZZ-alt-1_assembled,62.99940468
2683,1973,A,0,P15924,10.15,/5DZZ-alt-1_assembled,43.96554199
2684,1974,A,0,P15924,11.4,/5DZZ-alt-1_assembled,63.8036524
2685,1988,A,0,P15924,11.55,/5DZZ-alt-1_assembled,58.97816608
2686,1993,A,0,P15924,9.85,/5DZZ-alt-1_assembled,32.70607392
2687,1996,A,0,P15924,10.43,/5DZZ-alt-1_assembled,66.88660199
2688,1998,A,0,P15924,10.38,/5DZZ-alt-1_assembled,73.32058374
2689,1999,A,0,P15924,10.65,/5DZZ-alt-1_assembled,47.71869801
2690,2026,A,0,P15924,10.55,/5DZZ-alt-1_assembled,86.99279497
2691,2028,A,0,P15924,10.67,/5DZZ-alt-1_assembled,0
2692,2035,A,0,P15924,11.17,/5DZZ-alt-1_assembled,28.28271146
2693,2037,A,0,P15924,10.42,/5DZZ-alt-1_assembled,43.69745942
2694,2038,A,0,P15924,10.37,/5DZZ-alt-1_assembled,86.7247124
2695,2066,A,0,P15924,8.6,/5DZZ-alt-1_assembled,40.48046854
2696,2091,A,0,P15924,10.37,/5DZZ-alt-1_assembled,52.54418433
2697,2103,A,0,P15924,10.35,/5DZZ-alt-1_assembled,73.32058374
2698,2112,A,0,P15924,11.01,/5DZZ-alt-1_assembled,55.09096877
2699,2113,A,0,P15924,10.71,/5DZZ-alt-1_assembled,65.54618912
2700,2145,A,0,P15924,10.7,/5DZZ-alt-1_assembled,66.35043684
2701,2170,A,0,P15924,10.01,/5DZZ-alt-1_assembled,31.63374363
2702,2178,A,0,P15924,10.57,/5DZZ-alt-1_assembled,102.4075429
2703,2179,A,0,P15924,10.38,/5DZZ-alt-1_assembled,102.0054191
2704,2180,A,0,P15924,10.13,/5DZZ-alt-1_assembled,89.27149684
2705,2187,A,0,P15924,9.39,/5DZZ-alt-1_assembled,24.39551415
2706,2205,A,0,P15924,10.7,/5DZZ-alt-1_assembled,65.01002398
2707,2251,A,0,P15924,10.87,/5DZZ-alt-1_assembled,55.62713392
2708,2269,A,0,P15924,10.74,/5DZZ-alt-1_assembled,64.87598269
2709,2271,A,0,P15924,10.94,/5DZZ-alt-1_assembled,33.64436292
2710,2279,A,0,P15924,11.32,/5DZZ-alt-1_assembled,34.31456936
2711,2317,A,0,P15924,11.59,/5DZZ-alt-1_assembled,43.02725298
2712,2326,A,0,P15924,11.18,/5DZZ-alt-1_assembled,24.52955544
2713,2328,A,0,P15924,10.47,/5DZZ-alt-1_assembled,63.53556983
2714,2356,A,0,P15924,10.5,/5DZZ-alt-1_assembled,47.45061544
2715,2361,A,0,P15924,10.48,/5DZZ-alt-1_assembled,69.43338643
2716,2381,A,0,P15924,10.67,/5DZZ-alt-1_assembled,57.90583579
2717,2393,A,0,P15924,10.33,/5DZZ-alt-1_assembled,79.08435907
2718,2413,A,0,P15924,10.41,/5DZZ-alt-1_assembled,36.8613538
2719,2430,A,0,P15924,10.82,/5DZZ-alt-1_assembled,12.06371579
2720,2435,A,0,P15924,10.4,/5DZZ-alt-1_assembled,64.07173497
2721,2447,A,0,P15924,10.62,/5DZZ-alt-1_assembled,73.45462503
2722,5,A,91.21,Q969X6,10.17,/AF-Q969X6-F1-model_v1,52.00801918
2723,53,A,95.07,Q969X6,9.16,/AF-Q969X6-F1-model_v1,31.9018262
2724,94,A,94.91,Q969X6,10.77,/AF-Q969X6-F1-model_v1,40.48046854
2725,126,A,98.4,Q969X6,10.1,/AF-Q969X6-F1-model_v1,12.73392222
2726,134,A,95.81,Q969X6,10.41,/AF-Q969X6-F1-model_v1,63.13344597
2727,145,A,92.54,Q969X6,10.57,/AF-Q969X6-F1-model_v1,106.2947402
2728,174,A,96.4,Q969X6,10.52,/AF-Q969X6-F1-model_v1,82.83751509
2729,181,A,95.14,Q969X6,9.99,/AF-Q969X6-F1-model_v1,48.12082187
2730,195,A,87.06,Q969X6,10.45,/AF-Q969X6-F1-model_v1,78.28011135
2731,217,A,95.03,Q969X6,11.27,/AF-Q969X6-F1-model_v1,20.50831684
2732,230,A,93.86,Q969X6,10.11,/AF-Q969X6-F1-model_v1,42.35704655
2733,275,A,88.77,Q969X6,10.37,/AF-Q969X6-F1-model_v1,64.47385883
2734,281,A,85.1,Q969X6,10.4,/AF-Q969X6-F1-model_v1,88.60129041
2735,329,A,92.83,Q969X6,9.66,/AF-Q969X6-F1-model_v1,53.75055591
2736,342,A,91.67,Q969X6,12.37,/AF-Q969X6-F1-model_v1,65.14406526
2737,343,A,92.34,Q969X6,10.65,/AF-Q969X6-F1-model_v1,58.17391836
2738,368,A,85.17,Q969X6,10.47,/AF-Q969X6-F1-model_v1,86.99279497
2739,377,A,92.7,Q969X6,11.26,/AF-Q969X6-F1-model_v1,38.33580795
2740,386,A,95.34,Q969X6,10.36,/AF-Q969X6-F1-model_v1,71.71208831
2741,388,A,87.48,Q969X6,10.32,/AF-Q969X6-F1-model_v1,114.4712587
2742,428,A,93.37,Q969X6,10.35,/AF-Q969X6-F1-model_v1,87.52896012
2743,432,A,82.98,Q969X6,10.46,/AF-Q969X6-F1-model_v1,100.3969236
2744,451,A,95.96,Q969X6,10.14,/AF-Q969X6-F1-model_v1,41.01663369
2745,472,A,91.65,Q969X6,10.4,/AF-Q969X6-F1-model_v1,76.00140948
2746,514,A,93.68,Q969X6,10.37,/AF-Q969X6-F1-model_v1,71.71208831
2747,517,A,94.2,Q969X6,10.22,/AF-Q969X6-F1-model_v1,64.33981755
2748,558,A,96.82,Q969X6,10.34,/AF-Q969X6-F1-model_v1,37.39751895
2749,569,A,93.77,Q969X6,10.44,/AF-Q969X6-F1-model_v1,89.6736207
2750,591,A,88.69,Q969X6,11.31,/AF-Q969X6-F1-model_v1,54.55480363
2751,609,A,93.52,Q969X6,10.18,/AF-Q969X6-F1-model_v1,8.846724913
2752,617,A,82.13,Q969X6,10.46,/AF-Q969X6-F1-model_v1,95.7054786
2753,642,A,91.37,Q969X6,10.66,/AF-Q969X6-F1-model_v1,58.71008351
2754,645,A,90.13,Q969X6,10.56,/AF-Q969X6-F1-model_v1,47.71869801
2755,648,A,94.5,Q969X6,10.41,/AF-Q969X6-F1-model_v1,80.29073065
2756,56,A,90.78,Q63ZY6,9.68,/AF-Q63ZY6-F1-model_v1,0
2757,65,A,91.61,Q63ZY6,10.39,/AF-Q63ZY6-F1-model_v1,82.03326737
2758,69,A,90.95,Q63ZY6,11.44,/AF-Q63ZY6-F1-model_v1,66.88660199
2759,226,A,88.49,Q63ZY6,10.45,/AF-Q63ZY6-F1-model_v1,99.59267591
2760,30,A,91.9,Q96PC5,10.73,/AF-Q96PC5-F1-model_v1,17.15728468
2761,31,A,92.2,Q96PC5,11.26,/AF-Q96PC5-F1-model_v1,46.51232643
2762,62,A,92.17,Q96PC5,10.36,/AF-Q96PC5-F1-model_v1,65.14406526
2763,71,A,93.83,Q96PC5,10.02,/AF-Q96PC5-F1-model_v1,6.568023041
2764,84,A,90.38,Q96PC5,11.66,/AF-Q96PC5-F1-model_v1,8.980766199
2765,86,A,82.13,Q96PC5,10.47,/AF-Q96PC5-F1-model_v1,89.94170328
2766,112,A,81.91,Q96PC5,10.43,/AF-Q96PC5-F1-model_v1,89.53957942
2767,684,A,74.93,Q96PC5,10.41,/AF-Q96PC5-F1-model_v1,76.80565719
2768,685,A,77.46,Q96PC5,10.4,/AF-Q96PC5-F1-model_v1,62.06111567
2769,697,A,76.09,Q96PC5,10.37,/AF-Q96PC5-F1-model_v1,72.7844186
2770,699,A,82.19,Q96PC5,11.07,/AF-Q96PC5-F1-model_v1,57.50371193
2771,703,A,81.79,Q96PC5,10.37,/AF-Q96PC5-F1-model_v1,75.33120304
2772,709,A,70.78,Q96PC5,10.4,/AF-Q96PC5-F1-model_v1,75.33120304
2773,741,A,85.77,Q96PC5,10.43,/AF-Q96PC5-F1-model_v1,79.7545655
2774,758,A,89.01,Q96PC5,10.43,/AF-Q96PC5-F1-model_v1,80.69285451
2775,761,A,86.1,Q96PC5,10.97,/AF-Q96PC5-F1-model_v1,58.97816608
2776,764,A,85.53,Q96PC5,10.35,/AF-Q96PC5-F1-model_v1,62.59728082
2777,766,A,86.94,Q96PC5,12.61,/AF-Q96PC5-F1-model_v1,49.32719345
2778,779,A,91.95,Q96PC5,10.52,/AF-Q96PC5-F1-model_v1,89.80766199
2779,789,A,90.97,Q96PC5,12.46,/AF-Q96PC5-F1-model_v1,56.43138164
2780,792,A,89.89,Q96PC5,10.24,/AF-Q96PC5-F1-model_v1,86.85875369
2781,799,A,90.9,Q96PC5,10.42,/AF-Q96PC5-F1-model_v1,108.975566
2782,803,A,86.23,Q96PC5,10.39,/AF-Q96PC5-F1-model_v1,107.7691944
2783,813,A,90.81,Q96PC5,12.53,/AF-Q96PC5-F1-model_v1,50.66760632
2784,817,A,92.98,Q96PC5,10.53,/AF-Q96PC5-F1-model_v1,92.75657029
2785,831,A,91.97,Q96PC5,10.18,/AF-Q96PC5-F1-model_v1,55.35905135
2786,841,A,91.14,Q96PC5,10.41,/AF-Q96PC5-F1-model_v1,79.7545655
2787,849,A,91.57,Q96PC5,11.03,/AF-Q96PC5-F1-model_v1,46.78040901
2788,851,A,92.13,Q96PC5,10.41,/AF-Q96PC5-F1-model_v1,74.52695532
2789,858,A,92.87,Q96PC5,10.99,/AF-Q96PC5-F1-model_v1,40.34642725
2790,868,A,91.86,Q96PC5,11.04,/AF-Q96PC5-F1-model_v1,56.16329907
2791,873,A,88.79,Q96PC5,11.1,/AF-Q96PC5-F1-model_v1,65.94831298
2792,881,A,73.88,Q96PC5,10.97,/AF-Q96PC5-F1-model_v1,50.39952374
2793,923,A,71.93,Q96PC5,10.44,/AF-Q96PC5-F1-model_v1,78.28011135
2794,929,A,89.52,Q96PC5,10.43,/AF-Q96PC5-F1-model_v1,85.38429953
2795,935,A,92.43,Q96PC5,10.41,/AF-Q96PC5-F1-model_v1,66.48447813
2796,953,A,93.43,Q96PC5,10.39,/AF-Q96PC5-F1-model_v1,70.90784059
2797,955,A,93.54,Q96PC5,11.6,/AF-Q96PC5-F1-model_v1,64.07173497
2798,963,A,95.07,Q96PC5,10.41,/AF-Q96PC5-F1-model_v1,58.97816608
2799,985,A,94.98,Q96PC5,10.4,/AF-Q96PC5-F1-model_v1,82.16730866
2800,989,A,95.5,Q96PC5,10.23,/AF-Q96PC5-F1-model_v1,76.53757462