,atom,index,name,resname,chain,resid,occupancy,beta,atomtype,radius,charge
0,ATOM,0,N,ALA,A,3,1.0,16.87,,1.8,0.0
1,ATOM,1,CA,ALA,A,3,1.0,16.78,,1.8,0.0
2,ATOM,2,C,ALA,A,3,1.0,14.42,,1.8,0.0
3,ATOM,3,O,ALA,A,3,1.0,16.27,,1.8,0.0
4,ATOM,4,CB,ALA,A,3,1.0,15.68,,1.8,0.0
5,ATOM,5,N,ALA,A,4,1.0,16.09,,1.8,0.0
6,ATOM,6,CA,ALA,A,4,1.0,16.11,,1.8,0.0
7,ATOM,7,C,ALA,A,4,1.0,15.21,,1.8,0.0
8,ATOM,8,O,ALA,A,4,1.0,15.74,,1.8,0.0
9,ATOM,9,CB,ALA,A,4,1.0,17.73,,1.8,0.0
10,ATOM,10,N,THR,A,5,1.0,14.65,,1.8,0.0
11,ATOM,11,CA,THR,A,5,1.0,13.77,,1.8,0.0
12,ATOM,12,C,THR,A,5,1.0,13.17,,1.8,0.0
13,ATOM,13,O,THR,A,5,1.0,14.81,,1.8,0.0
14,ATOM,14,CB,THR,A,5,1.0,13.87,,1.8,0.0
15,ATOM,15,OG1,THR,A,5,1.0,14.82,,1.8,0.0
16,ATOM,16,CG2,THR,A,5,1.0,14.42,,1.8,0.0
17,ATOM,17,N,VAL,A,6,1.0,13.05,,1.8,0.0
18,ATOM,18,CA,VAL,A,6,1.0,13.82,,1.8,0.0
19,ATOM,19,C,VAL,A,6,1.0,13.66,,1.8,0.0
20,ATOM,20,O,VAL,A,6,1.0,13.78,,1.8,0.0
21,ATOM,21,CB,VAL,A,6,1.0,14.33,,1.8,0.0
22,ATOM,22,CG1,VAL,A,6,1.0,16.07,,1.8,0.0
23,ATOM,23,CG2,VAL,A,6,1.0,14.92,,1.8,0.0
24,ATOM,24,N,VAL,A,7,1.0,14.51,,1.8,0.0
25,ATOM,25,CA,VAL,A,7,1.0,13.33,,1.8,0.0
26,ATOM,26,C,VAL,A,7,1.0,12.9,,1.8,0.0
27,ATOM,27,O,VAL,A,7,1.0,13.35,,1.8,0.0
28,ATOM,28,CB,VAL,A,7,1.0,14.54,,1.8,0.0
29,ATOM,29,CG1,VAL,A,7,1.0,15.15,,1.8,0.0
30,ATOM,30,CG2,VAL,A,7,1.0,13.99,,1.8,0.0
31,ATOM,31,N,ILE,A,8,1.0,11.17,,1.8,0.0
32,ATOM,32,CA,ILE,A,8,1.0,11.49,,1.8,0.0
33,ATOM,33,C,ILE,A,8,1.0,12.21,,1.8,0.0
34,ATOM,34,O,ILE,A,8,1.0,13.45,,1.8,0.0
35,ATOM,35,CB,ILE,A,8,1.0,11.58,,1.8,0.0
36,ATOM,36,CG1,ILE,A,8,1.0,11.5,,1.8,0.0
37,ATOM,37,CG2,ILE,A,8,1.0,12.42,,1.8,0.0
38,ATOM,38,CD1,ILE,A,8,1.0,11.84,,1.8,0.0
39,ATOM,39,N,ASN,A,9,1.0,11.84,,1.8,0.0
40,ATOM,40,CA,ASN,A,9,1.0,12.35,,1.8,0.0
41,ATOM,41,C,ASN,A,9,1.0,12.33,,1.8,0.0
42,ATOM,42,O,ASN,A,9,1.0,12.36,,1.8,0.0
43,ATOM,43,CB,ASN,A,9,1.0,12.54,,1.8,0.0
44,ATOM,44,CG,ASN,A,9,1.0,13.22,,1.8,0.0
45,ATOM,45,OD1,ASN,A,9,1.0,11.51,,1.8,0.0
46,ATOM,46,ND2,ASN,A,9,1.0,13.46,,1.8,0.0
47,ATOM,47,N,ARG,A,10,1.0,12.05,,1.8,0.0
48,ATOM,48,CA,ARG,A,10,1.0,12.67,,1.8,0.0
49,ATOM,49,C,ARG,A,10,1.0,13.51,,1.8,0.0
50,ATOM,50,O,ARG,A,10,1.0,15.21,,1.8,0.0
51,ATOM,51,CB,ARG,A,10,1.0,13.68,,1.8,0.0
52,ATOM,52,CG,ARG,A,10,1.0,14.11,,1.8,0.0
53,ATOM,53,CD,ARG,A,10,1.0,15.16,,1.8,0.0
54,ATOM,54,NE,ARG,A,10,1.0,19.09,,1.8,0.0
55,ATOM,55,CZ,ARG,A,10,1.0,17.88,,1.8,0.0
56,ATOM,56,NH1,ARG,A,10,1.0,15.36,,1.8,0.0
57,ATOM,57,NH2,ARG,A,10,1.0,22.46,,1.8,0.0
58,ATOM,58,N,ARG,A,11,1.0,12.86,,1.8,0.0
59,ATOM,59,CA,ARG,A,11,1.0,15.11,,1.8,0.0
60,ATOM,60,C,ARG,A,11,1.0,12.46,,1.8,0.0
61,ATOM,61,O,ARG,A,11,1.0,10.96,,1.8,0.0
62,ATOM,62,CB,ARG,A,11,1.0,18.58,,1.8,0.0
63,ATOM,63,CG,ARG,A,11,1.0,22.45,,1.8,0.0
64,ATOM,64,CD,ARG,A,11,1.0,24.96,,1.8,0.0
65,ATOM,65,NE,ARG,A,11,1.0,27.06,,1.8,0.0
66,ATOM,66,CZ,ARG,A,11,1.0,26.84,,1.8,0.0
67,ATOM,67,NH1,ARG,A,11,1.0,26.53,,1.8,0.0
68,ATOM,68,NH2,ARG,A,11,1.0,29.17,,1.8,0.0
69,ATOM,69,N,ALA,A,12,1.0,10.87,,1.8,0.0
70,ATOM,70,CA,ALA,A,12,1.0,11.35,,1.8,0.0
71,ATOM,71,C,ALA,A,12,1.0,9.79,,1.8,0.0
72,ATOM,72,O,ALA,A,12,1.0,8.86,,1.8,0.0
73,ATOM,73,CB,ALA,A,12,1.0,10.99,,1.8,0.0
74,ATOM,74,N,LEU,A,13,1.0,10.67,,1.8,0.0
75,ATOM,75,CA,LEU,A,13,1.0,12.47,,1.8,0.0
76,ATOM,76,C,LEU,A,13,1.0,12.74,,1.8,0.0
77,ATOM,77,O,LEU,A,13,1.0,12.29,,1.8,0.0
78,ATOM,78,CB,LEU,A,13,1.0,13.03,,1.8,0.0
79,ATOM,79,CG,LEU,A,13,1.0,13.73,,1.8,0.0
80,ATOM,80,CD1,LEU,A,13,1.0,14.76,,1.8,0.0
81,ATOM,81,CD2,LEU,A,13,1.0,13.44,,1.8,0.0
82,ATOM,82,N,ARG,A,14,1.0,12.38,,1.8,0.0
83,ATOM,83,CA,ARG,A,14,1.0,14.0,,1.8,0.0
84,ATOM,84,C,ARG,A,14,1.0,13.07,,1.8,0.0
85,ATOM,85,O,ARG,A,14,1.0,12.08,,1.8,0.0
86,ATOM,86,CB,ARG,A,14,1.0,15.64,,1.8,0.0
87,ATOM,87,CG,ARG,A,14,1.0,17.79,,1.8,0.0
88,ATOM,88,CD,ARG,A,14,1.0,20.58,,1.8,0.0
89,ATOM,89,NE,ARG,A,14,1.0,23.4,,1.8,0.0
90,ATOM,90,CZ,ARG,A,14,1.0,24.62,,1.8,0.0
91,ATOM,91,NH1,ARG,A,14,1.0,24.13,,1.8,0.0
92,ATOM,92,NH2,ARG,A,14,1.0,22.49,,1.8,0.0
93,ATOM,93,N,HIS,A,15,1.0,13.54,,1.8,0.0
94,ATOM,94,CA,HIS,A,15,1.0,13.0,,1.8,0.0
95,ATOM,95,C,HIS,A,15,1.0,13.08,,1.8,0.0
96,ATOM,96,O,HIS,A,15,1.0,11.72,,1.8,0.0
97,ATOM,97,CB,HIS,A,15,1.0,13.43,,1.8,0.0
98,ATOM,98,CG,HIS,A,15,1.0,13.58,,1.8,0.0
99,ATOM,99,ND1,HIS,A,15,1.0,14.25,,1.8,0.0
100,ATOM,100,CD2,HIS,A,15,1.0,13.81,,1.8,0.0
101,ATOM,101,CE1,HIS,A,15,1.0,15.95,,1.8,0.0
102,ATOM,102,NE2,HIS,A,15,1.0,16.16,,1.8,0.0
103,ATOM,103,N,ASN,A,16,1.0,11.87,,1.8,0.0
104,ATOM,104,CA,ASN,A,16,1.0,11.51,,1.8,0.0
105,ATOM,105,C,ASN,A,16,1.0,11.56,,1.8,0.0
106,ATOM,106,O,ASN,A,16,1.0,11.81,,1.8,0.0
107,ATOM,107,CB,ASN,A,16,1.0,10.18,,1.8,0.0
108,ATOM,108,CG,ASN,A,16,1.0,10.75,,1.8,0.0
109,ATOM,109,OD1,ASN,A,16,1.0,10.78,,1.8,0.0
110,ATOM,110,ND2,ASN,A,16,1.0,9.95,,1.8,0.0
111,ATOM,111,N,LEU,A,17,1.0,12.09,,1.8,0.0
112,ATOM,112,CA,LEU,A,17,1.0,13.21,,1.8,0.0
113,ATOM,113,C,LEU,A,17,1.0,14.7,,1.8,0.0
114,ATOM,114,O,LEU,A,17,1.0,12.68,,1.8,0.0
115,ATOM,115,CB,LEU,A,17,1.0,14.01,,1.8,0.0
116,ATOM,116,CG,LEU,A,17,1.0,14.14,,1.8,0.0
117,ATOM,117,CD1,LEU,A,17,1.0,14.09,,1.8,0.0
118,ATOM,118,CD2,LEU,A,17,1.0,13.51,,1.8,0.0
119,ATOM,119,N,GLN,A,18,1.0,14.14,,1.8,0.0
120,ATOM,120,CA,GLN,A,18,1.0,16.42,,1.8,0.0
121,ATOM,121,C,GLN,A,18,1.0,14.73,,1.8,0.0
122,ATOM,122,O,GLN,A,18,1.0,13.23,,1.8,0.0
123,ATOM,123,CB,GLN,A,18,1.0,17.68,,1.8,0.0
124,ATOM,124,CG,GLN,A,18,1.0,20.94,,1.8,0.0
125,ATOM,125,CD,GLN,A,18,1.0,24.33,,1.8,0.0
126,ATOM,126,OE1,GLN,A,18,1.0,19.66,,1.8,0.0
127,ATOM,127,NE2,GLN,A,18,1.0,23.65,,1.8,0.0
128,ATOM,128,N,ARG,A,19,1.0,15.63,,1.8,0.0
129,ATOM,129,CA,ARG,A,19,1.0,14.85,,1.8,0.0
130,ATOM,130,C,ARG,A,19,1.0,14.02,,1.8,0.0
131,ATOM,131,O,ARG,A,19,1.0,12.7,,1.8,0.0
132,ATOM,132,CB,ARG,A,19,1.0,16.46,,1.8,0.0
133,ATOM,133,CG,ARG,A,19,1.0,18.29,,1.8,0.0
134,ATOM,134,CD,ARG,A,19,1.0,22.4,,1.8,0.0
135,ATOM,135,NE,ARG,A,19,1.0,24.15,,1.8,0.0
136,ATOM,136,CZ,ARG,A,19,1.0,23.0,,1.8,0.0
137,ATOM,137,NH1,ARG,A,19,1.0,25.81,,1.8,0.0
138,ATOM,138,NH2,ARG,A,19,1.0,24.55,,1.8,0.0
139,ATOM,139,N,LEU,A,20,1.0,12.9,,1.8,0.0
140,ATOM,140,CA,LEU,A,20,1.0,13.27,,1.8,0.0
141,ATOM,141,C,LEU,A,20,1.0,13.19,,1.8,0.0
142,ATOM,142,O,LEU,A,20,1.0,10.69,,1.8,0.0
143,ATOM,143,CB,LEU,A,20,1.0,13.93,,1.8,0.0
144,ATOM,144,CG,LEU,A,20,1.0,14.16,,1.8,0.0
145,ATOM,145,CD1,LEU,A,20,1.0,15.22,,1.8,0.0
146,ATOM,146,CD2,LEU,A,20,1.0,14.21,,1.8,0.0
147,ATOM,147,N,ARG,A,21,1.0,14.56,,1.8,0.0
148,ATOM,148,CA,ARG,A,21,1.0,15.66,,1.8,0.0
149,ATOM,149,C,ARG,A,21,1.0,14.99,,1.8,0.0
150,ATOM,150,O,ARG,A,21,1.0,14.78,,1.8,0.0
151,ATOM,151,CB,ARG,A,21,1.0,15.33,,1.8,0.0
152,ATOM,152,CG,ARG,A,21,1.0,19.53,,1.8,0.0
153,ATOM,153,CD,ARG,A,21,1.0,22.99,,1.8,0.0
154,ATOM,154,NE,ARG,A,21,1.0,26.75,,1.8,0.0
155,ATOM,155,CZ,ARG,A,21,1.0,21.71,,1.8,0.0
156,ATOM,156,NH1,ARG,A,21,1.0,21.11,,1.8,0.0
157,ATOM,157,NH2,ARG,A,21,1.0,18.17,,1.8,0.0
158,ATOM,158,N,GLU,A,22,1.0,15.63,,1.8,0.0
159,ATOM,159,CA,GLU,A,22,1.0,18.23,,1.8,0.0
160,ATOM,160,C,GLU,A,22,1.0,16.93,,1.8,0.0
161,ATOM,161,O,GLU,A,22,1.0,20.72,,1.8,0.0
162,ATOM,162,CB,GLU,A,22,1.0,17.79,,1.8,0.0
163,ATOM,163,CG,GLU,A,22,1.0,18.69,,1.8,0.0
164,ATOM,164,CD,GLU,A,22,1.0,19.08,,1.8,0.0
165,ATOM,165,OE1,GLU,A,22,1.0,19.89,,1.8,0.0
166,ATOM,166,OE2,GLU,A,22,1.0,19.73,,1.8,0.0
167,ATOM,167,N,LEU,A,23,1.0,16.72,,1.8,0.0
168,ATOM,168,CA,LEU,A,23,1.0,17.11,,1.8,0.0
169,ATOM,169,C,LEU,A,23,1.0,17.32,,1.8,0.0
170,ATOM,170,O,LEU,A,23,1.0,16.86,,1.8,0.0
171,ATOM,171,CB,LEU,A,23,1.0,16.52,,1.8,0.0
172,ATOM,172,CG,LEU,A,23,1.0,18.79,,1.8,0.0
173,ATOM,173,CD1,LEU,A,23,1.0,20.72,,1.8,0.0
174,ATOM,174,CD2,LEU,A,23,1.0,19.04,,1.8,0.0
175,ATOM,175,N,ALA,A,24,1.0,17.34,,1.8,0.0
176,ATOM,176,CA,ALA,A,24,1.0,18.57,,1.8,0.0
177,ATOM,177,C,ALA,A,24,1.0,18.56,,1.8,0.0
178,ATOM,178,O,ALA,A,24,1.0,16.04,,1.8,0.0
179,ATOM,179,CB,ALA,A,24,1.0,18.79,,1.8,0.0
180,ATOM,180,N,PRO,A,25,1.0,19.39,,1.8,0.0
181,ATOM,181,CA,PRO,A,25,1.0,19.26,,1.8,0.0
182,ATOM,182,C,PRO,A,25,1.0,17.27,,1.8,0.0
183,ATOM,183,O,PRO,A,25,1.0,18.35,,1.8,0.0
184,ATOM,184,CB,PRO,A,25,1.0,19.64,,1.8,0.0
185,ATOM,185,CG,PRO,A,25,1.0,20.63,,1.8,0.0
186,ATOM,186,CD,PRO,A,25,1.0,20.86,,1.8,0.0
187,ATOM,187,N,ALA,A,26,1.0,16.95,,1.8,0.0
188,ATOM,188,CA,ALA,A,26,1.0,19.73,,1.8,0.0
189,ATOM,189,C,ALA,A,26,1.0,16.39,,1.8,0.0
190,ATOM,190,O,ALA,A,26,1.0,18.08,,1.8,0.0
191,ATOM,191,CB,ALA,A,26,1.0,18.85,,1.8,0.0
192,ATOM,192,N,SER,A,27,1.0,15.25,,1.8,0.0
193,ATOM,193,CA,SER,A,27,1.0,13.99,,1.8,0.0
194,ATOM,194,C,SER,A,27,1.0,13.81,,1.8,0.0
195,ATOM,195,O,SER,A,27,1.0,13.43,,1.8,0.0
196,ATOM,196,CB,SER,A,27,1.0,14.9,,1.8,0.0
197,ATOM,197,OG,SER,A,27,1.0,14.07,,1.8,0.0
198,ATOM,198,N,LYS,A,28,1.0,12.81,,1.8,0.0
199,ATOM,199,CA,LYS,A,28,1.0,11.76,,1.8,0.0
200,ATOM,200,C,LYS,A,28,1.0,11.62,,1.8,0.0
201,ATOM,201,O,LYS,A,28,1.0,12.45,,1.8,0.0
202,ATOM,202,CB,LYS,A,28,1.0,12.22,,1.8,0.0
203,ATOM,203,CG,LYS,A,28,1.0,12.69,,1.8,0.0
204,ATOM,204,CD,LYS,A,28,1.0,13.31,,1.8,0.0
205,ATOM,205,CE,LYS,A,28,1.0,15.12,,1.8,0.0
206,ATOM,206,NZ,LYS,A,28,1.0,14.94,,1.8,0.0
207,ATOM,207,N,MET,A,29,1.0,10.42,,1.8,0.0
208,ATOM,208,CA,MET,A,29,1.0,11.56,,1.8,0.0
209,ATOM,209,C,MET,A,29,1.0,10.73,,1.8,0.0
210,ATOM,210,O,MET,A,29,1.0,10.03,,1.8,0.0
211,ATOM,211,CB,MET,A,29,1.0,11.81,,1.8,0.0
212,ATOM,212,CG,MET,A,29,1.0,11.96,,1.8,0.0
213,ATOM,213,SD,MET,A,29,1.0,13.21,,1.8,0.0
214,ATOM,214,CE,MET,A,29,1.0,13.44,,1.8,0.0
215,ATOM,215,N,VAL,A,30,1.0,10.58,,1.8,0.0
216,ATOM,216,CA,VAL,A,30,1.0,10.54,,1.8,0.0
217,ATOM,217,C,VAL,A,30,1.0,10.24,,1.8,0.0
218,ATOM,218,O,VAL,A,30,1.0,10.27,,1.8,0.0
219,ATOM,219,CB,VAL,A,30,1.0,10.67,,1.8,0.0
220,ATOM,220,CG1,VAL,A,30,1.0,10.82,,1.8,0.0
221,ATOM,221,CG2,VAL,A,30,1.0,10.66,,1.8,0.0
222,ATOM,222,N,ALA,A,31,1.0,10.06,,1.8,0.0
223,ATOM,223,CA,ALA,A,31,1.0,9.88,,1.8,0.0
224,ATOM,224,C,ALA,A,31,1.0,10.03,,1.8,0.0
225,ATOM,225,O,ALA,A,31,1.0,10.8,,1.8,0.0
226,ATOM,226,CB,ALA,A,31,1.0,10.97,,1.8,0.0
227,ATOM,227,N,VAL,A,32,1.0,9.57,,1.8,0.0
228,ATOM,228,CA,VAL,A,32,1.0,10.31,,1.8,0.0
229,ATOM,229,C,VAL,A,32,1.0,10.34,,1.8,0.0
230,ATOM,230,O,VAL,A,32,1.0,10.73,,1.8,0.0
231,ATOM,231,CB,VAL,A,32,1.0,9.67,,1.8,0.0
232,ATOM,232,CG1,VAL,A,32,1.0,9.64,,1.8,0.0
233,ATOM,233,CG2,VAL,A,32,1.0,10.2,,1.8,0.0
234,ATOM,234,N,VAL,A,33,1.0,10.02,,1.8,0.0
235,ATOM,235,CA,VAL,A,33,1.0,9.27,,1.8,0.0
236,ATOM,236,C,VAL,A,33,1.0,8.79,,1.8,0.0
237,ATOM,237,O,VAL,A,33,1.0,8.32,,1.8,0.0
238,ATOM,238,CB,VAL,A,33,1.0,9.05,,1.8,0.0
239,ATOM,239,CG1,VAL,A,33,1.0,9.3,,1.8,0.0
240,ATOM,240,CG2,VAL,A,33,1.0,9.34,,1.8,0.0
241,ATOM,241,N,LYS,A,34,1.0,9.57,,1.8,0.0
242,ATOM,242,CA,LYS,A,34,1.0,9.6,,1.8,0.0
243,ATOM,243,C,LYS,A,34,1.0,9.82,,1.8,0.0
244,ATOM,244,O,LYS,A,34,1.0,11.2,,1.8,0.0
245,ATOM,245,CB,LYS,A,34,1.0,10.24,,1.8,0.0
246,ATOM,246,CG,LYS,A,34,1.0,11.15,,1.8,0.0
247,ATOM,247,CD,LYS,A,34,1.0,11.52,,1.8,0.0
248,ATOM,248,CE,LYS,A,34,1.0,11.44,,1.8,0.0
249,ATOM,249,NZ,LYS,A,34,1.0,13.17,,1.8,0.0
250,ATOM,250,N,ALA,A,35,1.0,10.13,,1.8,0.0
251,ATOM,251,CA,ALA,A,35,1.0,9.88,,1.8,0.0
252,ATOM,252,C,ALA,A,35,1.0,9.65,,1.8,0.0
253,ATOM,253,O,ALA,A,35,1.0,9.46,,1.8,0.0
254,ATOM,254,CB,ALA,A,35,1.0,9.62,,1.8,0.0
255,ATOM,255,N,ASN,A,36,1.0,9.26,,1.8,0.0
256,ATOM,256,CA,ASN,A,36,1.0,9.38,,1.8,0.0
257,ATOM,257,C,ASN,A,36,1.0,8.0,,1.8,0.0
258,ATOM,258,O,ASN,A,36,1.0,7.97,,1.8,0.0
259,ATOM,259,CB,ASN,A,36,1.0,9.74,,1.8,0.0
260,ATOM,260,CG,ASN,A,36,1.0,10.76,,1.8,0.0
261,ATOM,261,OD1,ASN,A,36,1.0,12.09,,1.8,0.0
262,ATOM,262,ND2,ASN,A,36,1.0,10.34,,1.8,0.0
263,ATOM,263,N,ALA,A,37,1.0,7.34,,1.8,0.0
264,ATOM,264,CA,ALA,A,37,1.0,7.68,,1.8,0.0
265,ATOM,265,C,ALA,A,37,1.0,7.87,,1.8,0.0
266,ATOM,266,O,ALA,A,37,1.0,7.84,,1.8,0.0
267,ATOM,267,CB,ALA,A,37,1.0,8.27,,1.8,0.0
268,ATOM,268,N,TYR,A,38,1.0,8.6,,1.8,0.0
269,ATOM,269,CA,TYR,A,38,1.0,8.82,,1.8,0.0
270,ATOM,270,C,TYR,A,38,1.0,9.16,,1.8,0.0
271,ATOM,271,O,TYR,A,38,1.0,9.27,,1.8,0.0
272,ATOM,272,CB,TYR,A,38,1.0,8.9,,1.8,0.0
273,ATOM,273,CG,TYR,A,38,1.0,9.22,,1.8,0.0
274,ATOM,274,CD1,TYR,A,38,1.0,9.8,,1.8,0.0
275,ATOM,275,CD2,TYR,A,38,1.0,9.18,,1.8,0.0
276,ATOM,276,CE1,TYR,A,38,1.0,9.51,,1.8,0.0
277,ATOM,277,CE2,TYR,A,38,1.0,8.9,,1.8,0.0
278,ATOM,278,CZ,TYR,A,38,1.0,9.23,,1.8,0.0
279,ATOM,279,OH,TYR,A,38,1.0,8.59,,1.8,0.0
280,ATOM,280,N,GLY,A,39,1.0,8.55,,1.8,0.0
281,ATOM,281,CA,GLY,A,39,1.0,9.07,,1.8,0.0
282,ATOM,282,C,GLY,A,39,1.0,9.89,,1.8,0.0
283,ATOM,283,O,GLY,A,39,1.0,10.04,,1.8,0.0
284,ATOM,284,N,HIS,A,40,1.0,9.73,,1.8,0.0
285,ATOM,285,CA,HIS,A,40,1.0,9.12,,1.8,0.0
286,ATOM,286,C,HIS,A,40,1.0,9.65,,1.8,0.0
287,ATOM,287,O,HIS,A,40,1.0,9.67,,1.8,0.0
288,ATOM,288,CB,HIS,A,40,1.0,9.8,,1.8,0.0
289,ATOM,289,CG,HIS,A,40,1.0,9.69,,1.8,0.0
290,ATOM,290,ND1,HIS,A,40,1.0,9.83,,1.8,0.0
291,ATOM,291,CD2,HIS,A,40,1.0,9.95,,1.8,0.0
292,ATOM,292,CE1,HIS,A,40,1.0,9.75,,1.8,0.0
293,ATOM,293,NE2,HIS,A,40,1.0,9.63,,1.8,0.0
294,ATOM,294,N,GLY,A,41,1.0,9.24,,1.8,0.0
295,ATOM,295,CA,GLY,A,41,1.0,9.65,,1.8,0.0
296,ATOM,296,C,GLY,A,41,1.0,9.93,,1.8,0.0
297,ATOM,297,O,GLY,A,41,1.0,9.75,,1.8,0.0
298,ATOM,298,N,LEU,A,42,1.0,11.13,,1.8,0.0
299,ATOM,299,CA,LEU,A,42,1.0,10.92,,1.8,0.0
300,ATOM,300,C,LEU,A,42,1.0,11.24,,1.8,0.0
301,ATOM,301,O,LEU,A,42,1.0,9.95,,1.8,0.0
302,ATOM,302,CB,LEU,A,42,1.0,10.32,,1.8,0.0
303,ATOM,303,CG,LEU,A,42,1.0,9.77,,1.8,0.0
304,ATOM,304,CD1,LEU,A,42,1.0,9.23,,1.8,0.0
305,ATOM,305,CD2,LEU,A,42,1.0,9.79,,1.8,0.0
306,ATOM,306,N,LEU,A,43,1.0,12.95,,1.8,0.0
307,ATOM,307,CA,LEU,A,43,1.0,13.07,,1.8,0.0
308,ATOM,308,C,LEU,A,43,1.0,12.86,,1.8,0.0
309,ATOM,309,O,LEU,A,43,1.0,12.86,,1.8,0.0
310,ATOM,310,CB,LEU,A,43,1.0,14.12,,1.8,0.0
311,ATOM,311,CG,LEU,A,43,1.0,15.96,,1.8,0.0
312,ATOM,312,CD1,LEU,A,43,1.0,15.8,,1.8,0.0
313,ATOM,313,CD2,LEU,A,43,1.0,16.97,,1.8,0.0
314,ATOM,314,N,GLU,A,44,1.0,12.49,,1.8,0.0
315,ATOM,315,CA,GLU,A,44,1.0,13.05,,1.8,0.0
316,ATOM,316,C,GLU,A,44,1.0,11.6,,1.8,0.0
317,ATOM,317,O,GLU,A,44,1.0,11.77,,1.8,0.0
318,ATOM,318,CB,GLU,A,44,1.0,13.78,,1.8,0.0
319,ATOM,319,CG,GLU,A,44,1.0,14.23,,1.8,0.0
320,ATOM,320,CD,GLU,A,44,1.0,16.0,,1.8,0.0
321,ATOM,321,OE1,GLU,A,44,1.0,16.57,,1.8,0.0
322,ATOM,322,OE2,GLU,A,44,1.0,17.18,,1.8,0.0
323,ATOM,323,N,THR,A,45,1.0,10.31,,1.8,0.0
324,ATOM,324,CA,THR,A,45,1.0,10.48,,1.8,0.0
325,ATOM,325,C,THR,A,45,1.0,12.03,,1.8,0.0
326,ATOM,326,O,THR,A,45,1.0,11.89,,1.8,0.0
327,ATOM,327,CB,THR,A,45,1.0,9.87,,1.8,0.0
328,ATOM,328,OG1,THR,A,45,1.0,10.04,,1.8,0.0
329,ATOM,329,CG2,THR,A,45,1.0,9.71,,1.8,0.0
330,ATOM,330,N,ALA,A,46,1.0,12.42,,1.8,0.0
331,ATOM,331,CA,ALA,A,46,1.0,13.53,,1.8,0.0
332,ATOM,332,C,ALA,A,46,1.0,15.17,,1.8,0.0
333,ATOM,333,O,ALA,A,46,1.0,16.51,,1.8,0.0
334,ATOM,334,CB,ALA,A,46,1.0,13.4,,1.8,0.0
335,ATOM,335,N,ARG,A,47,1.0,15.78,,1.8,0.0
336,ATOM,336,CA,ARG,A,47,1.0,16.94,,1.8,0.0
337,ATOM,337,C,ARG,A,47,1.0,16.54,,1.8,0.0
338,ATOM,338,O,ARG,A,47,1.0,15.84,,1.8,0.0
339,ATOM,339,CB,ARG,A,47,1.0,18.92,,1.8,0.0
340,ATOM,340,CG,ARG,A,47,1.0,20.82,,1.8,0.0
341,ATOM,341,CD,ARG,A,47,1.0,21.87,,1.8,0.0
342,ATOM,342,NE,ARG,A,47,1.0,20.64,,1.8,0.0
343,ATOM,343,CZ,ARG,A,47,1.0,24.17,,1.8,0.0
344,ATOM,344,NH1,ARG,A,47,1.0,23.9,,1.8,0.0
345,ATOM,345,NH2,ARG,A,47,1.0,20.19,,1.8,0.0
346,ATOM,346,N,THR,A,48,1.0,16.27,,1.8,0.0
347,ATOM,347,CA,THR,A,48,1.0,14.56,,1.8,0.0
348,ATOM,348,C,THR,A,48,1.0,13.62,,1.8,0.0
349,ATOM,349,O,THR,A,48,1.0,15.6,,1.8,0.0
350,ATOM,350,CB,THR,A,48,1.0,14.56,,1.8,0.0
351,ATOM,351,OG1,THR,A,48,1.0,15.48,,1.8,0.0
352,ATOM,352,CG2,THR,A,48,1.0,14.21,,1.8,0.0
353,ATOM,353,N,LEU,A,49,1.0,13.49,,1.8,0.0
354,ATOM,354,CA,LEU,A,49,1.0,13.32,,1.8,0.0
355,ATOM,355,C,LEU,A,49,1.0,13.77,,1.8,0.0
356,ATOM,356,O,LEU,A,49,1.0,14.44,,1.8,0.0
357,ATOM,357,CB,LEU,A,49,1.0,14.0,,1.8,0.0
358,ATOM,358,CG,LEU,A,49,1.0,13.67,,1.8,0.0
359,ATOM,359,CD1,LEU,A,49,1.0,14.42,,1.8,0.0
360,ATOM,360,CD2,LEU,A,49,1.0,12.6,,1.8,0.0
361,ATOM,361,N,PRO,A,50,1.0,16.03,,1.8,0.0
362,ATOM,362,CA,PRO,A,50,1.0,19.89,,1.8,0.0
363,ATOM,363,C,PRO,A,50,1.0,19.19,,1.8,0.0
364,ATOM,364,O,PRO,A,50,1.0,22.18,,1.8,0.0
365,ATOM,365,CB,PRO,A,50,1.0,19.91,,1.8,0.0
366,ATOM,366,CG,PRO,A,50,1.0,17.11,,1.8,0.0
367,ATOM,367,CD,PRO,A,50,1.0,18.08,,1.8,0.0
368,ATOM,368,N,ASP,A,51,1.0,19.78,,1.8,0.0
369,ATOM,369,CA,ASP,A,51,1.0,19.5,,1.8,0.0
370,ATOM,370,C,ASP,A,51,1.0,19.34,,1.8,0.0
371,ATOM,371,O,ASP,A,51,1.0,16.44,,1.8,0.0
372,ATOM,372,CB,ASP,A,51,1.0,20.09,,1.8,0.0
373,ATOM,373,CG,ASP,A,51,1.0,23.48,,1.8,0.0
374,ATOM,374,OD1,ASP,A,51,1.0,23.15,,1.8,0.0
375,ATOM,375,OD2,ASP,A,51,1.0,23.84,,1.8,0.0
376,ATOM,376,N,ALA,A,52,1.0,16.97,,1.8,0.0
377,ATOM,377,CA,ALA,A,52,1.0,15.23,,1.8,0.0
378,ATOM,378,C,ALA,A,52,1.0,14.26,,1.8,0.0
379,ATOM,379,O,ALA,A,52,1.0,14.67,,1.8,0.0
380,ATOM,380,CB,ALA,A,52,1.0,14.15,,1.8,0.0
381,ATOM,381,N,ASP,A,53,1.0,13.39,,1.8,0.0
382,ATOM,382,CA,ASP,A,53,1.0,14.42,,1.8,0.0
383,ATOM,383,C,ASP,A,53,1.0,13.82,,1.8,0.0
384,ATOM,384,O,ASP,A,53,1.0,14.5,,1.8,0.0
385,ATOM,385,CB,ASP,A,53,1.0,15.24,,1.8,0.0
386,ATOM,386,CG,ASP,A,53,1.0,15.0,,1.8,0.0
387,ATOM,387,OD1,ASP,A,53,1.0,17.18,,1.8,0.0
388,ATOM,388,OD2,ASP,A,53,1.0,16.57,,1.8,0.0
389,ATOM,389,N,ALA,A,54,1.0,13.34,,1.8,0.0
390,ATOM,390,CA,ALA,A,54,1.0,12.01,,1.8,0.0
391,ATOM,391,C,ALA,A,54,1.0,11.23,,1.8,0.0
392,ATOM,392,O,ALA,A,54,1.0,11.51,,1.8,0.0
393,ATOM,393,CB,ALA,A,54,1.0,12.02,,1.8,0.0
394,ATOM,394,N,PHE,A,55,1.0,10.3,,1.8,0.0
395,ATOM,395,CA,PHE,A,55,1.0,11.31,,1.8,0.0
396,ATOM,396,C,PHE,A,55,1.0,11.66,,1.8,0.0
397,ATOM,397,O,PHE,A,55,1.0,12.78,,1.8,0.0
398,ATOM,398,CB,PHE,A,55,1.0,10.93,,1.8,0.0
399,ATOM,399,CG,PHE,A,55,1.0,10.3,,1.8,0.0
400,ATOM,400,CD1,PHE,A,55,1.0,10.67,,1.8,0.0
401,ATOM,401,CD2,PHE,A,55,1.0,11.12,,1.8,0.0
402,ATOM,402,CE1,PHE,A,55,1.0,10.72,,1.8,0.0
403,ATOM,403,CE2,PHE,A,55,1.0,10.16,,1.8,0.0
404,ATOM,404,CZ,PHE,A,55,1.0,10.31,,1.8,0.0
405,ATOM,405,N,GLY,A,56,1.0,10.53,,1.8,0.0
406,ATOM,406,CA,GLY,A,56,1.0,10.3,,1.8,0.0
407,ATOM,407,C,GLY,A,56,1.0,10.76,,1.8,0.0
408,ATOM,408,O,GLY,A,56,1.0,11.39,,1.8,0.0
409,ATOM,409,N,VAL,A,57,1.0,10.03,,1.8,0.0
410,ATOM,410,CA,VAL,A,57,1.0,10.87,,1.8,0.0
411,ATOM,411,C,VAL,A,57,1.0,11.26,,1.8,0.0
412,ATOM,412,O,VAL,A,57,1.0,11.88,,1.8,0.0
413,ATOM,413,CB,VAL,A,57,1.0,10.32,,1.8,0.0
414,ATOM,414,CG1,VAL,A,57,1.0,10.27,,1.8,0.0
415,ATOM,415,CG2,VAL,A,57,1.0,9.89,,1.8,0.0
416,ATOM,416,N,ALA,A,58,1.0,11.7,,1.8,0.0
417,ATOM,417,CA,ALA,A,58,1.0,11.68,,1.8,0.0
418,ATOM,418,C,ALA,A,58,1.0,11.58,,1.8,0.0
419,ATOM,419,O,ALA,A,58,1.0,10.67,,1.8,0.0
420,ATOM,420,CB,ALA,A,58,1.0,10.84,,1.8,0.0
421,ATOM,421,N,ARG,A,59,1.0,11.03,,1.8,0.0
422,ATOM,422,CA,ARG,A,59,1.0,12.03,,1.8,0.0
423,ATOM,423,C,ARG,A,59,1.0,10.83,,1.8,0.0
424,ATOM,424,O,ARG,A,59,1.0,12.18,,1.8,0.0
425,ATOM,425,CB,ARG,A,59,1.0,12.18,,1.8,0.0
426,ATOM,426,CG,ARG,A,59,1.0,13.37,,1.8,0.0
427,ATOM,427,CD,ARG,A,59,1.0,12.51,,1.8,0.0
428,ATOM,428,NE,ARG,A,59,1.0,12.25,,1.8,0.0
429,ATOM,429,CZ,ARG,A,59,1.0,11.52,,1.8,0.0
430,ATOM,430,NH1,ARG,A,59,1.0,11.15,,1.8,0.0
431,ATOM,431,NH2,ARG,A,59,1.0,11.45,,1.8,0.0
432,ATOM,432,N,LEU,A,60,1.0,10.85,,1.8,0.0
433,ATOM,433,CA,LEU,A,60,1.0,11.83,,1.8,0.0
434,ATOM,434,C,LEU,A,60,1.0,11.6,,1.8,0.0
435,ATOM,435,O,LEU,A,60,1.0,11.99,,1.8,0.0
436,ATOM,436,CB,LEU,A,60,1.0,11.94,,1.8,0.0
437,ATOM,437,CG,LEU,A,60,1.0,12.49,,1.8,0.0
438,ATOM,438,CD1,LEU,A,60,1.0,11.44,,1.8,0.0
439,ATOM,439,CD2,LEU,A,60,1.0,13.67,,1.8,0.0
440,ATOM,440,N,GLU,A,61,1.0,11.38,,1.8,0.0
441,ATOM,441,CA,GLU,A,61,1.0,11.9,,1.8,0.0
442,ATOM,442,C,GLU,A,61,1.0,12.18,,1.8,0.0
443,ATOM,443,O,GLU,A,61,1.0,13.51,,1.8,0.0
444,ATOM,444,CB,GLU,A,61,1.0,12.87,,1.8,0.0
445,ATOM,445,N,GLU,A,62,1.0,11.8,,1.8,0.0
446,ATOM,446,CA,GLU,A,62,1.0,11.15,,1.8,0.0
447,ATOM,447,C,GLU,A,62,1.0,11.07,,1.8,0.0
448,ATOM,448,O,GLU,A,62,1.0,10.82,,1.8,0.0
449,ATOM,449,CB,GLU,A,62,1.0,11.23,,1.8,0.0
450,ATOM,450,CG,GLU,A,62,1.0,11.81,,1.8,0.0
451,ATOM,451,CD,GLU,A,62,1.0,11.72,,1.8,0.0
452,ATOM,452,OE1,GLU,A,62,1.0,13.22,,1.8,0.0
453,ATOM,453,OE2,GLU,A,62,1.0,12.97,,1.8,0.0
454,ATOM,454,N,ALA,A,63,1.0,11.13,,1.8,0.0
455,ATOM,455,CA,ALA,A,63,1.0,11.23,,1.8,0.0
456,ATOM,456,C,ALA,A,63,1.0,12.87,,1.8,0.0
457,ATOM,457,O,ALA,A,63,1.0,11.12,,1.8,0.0
458,ATOM,458,CB,ALA,A,63,1.0,10.92,,1.8,0.0
459,ATOM,459,N,LEU,A,64,1.0,13.61,,1.8,0.0
460,ATOM,460,CA,LEU,A,64,1.0,13.56,,1.8,0.0
461,ATOM,461,C,LEU,A,64,1.0,15.09,,1.8,0.0
462,ATOM,462,O,LEU,A,64,1.0,14.7,,1.8,0.0
463,ATOM,463,CB,LEU,A,64,1.0,14.19,,1.8,0.0
464,ATOM,464,CG,LEU,A,64,1.0,14.37,,1.8,0.0
465,ATOM,465,CD1,LEU,A,64,1.0,15.48,,1.8,0.0
466,ATOM,466,CD2,LEU,A,64,1.0,13.89,,1.8,0.0
467,ATOM,467,N,ARG,A,65,1.0,14.72,,1.8,0.0
468,ATOM,468,CA,ARG,A,65,1.0,15.51,,1.8,0.0
469,ATOM,469,C,ARG,A,65,1.0,14.33,,1.8,0.0
470,ATOM,470,O,ARG,A,65,1.0,13.0,,1.8,0.0
471,ATOM,471,CB,ARG,A,65,1.0,18.81,,1.8,0.0
472,ATOM,472,CG,ARG,A,65,1.0,24.33,,1.8,0.0
473,ATOM,473,CD,ARG,A,65,1.0,30.78,,1.8,0.0
474,ATOM,474,NE,ARG,A,65,1.0,33.44,,1.8,0.0
475,ATOM,475,CZ,ARG,A,65,1.0,39.85,,1.8,0.0
476,ATOM,476,NH1,ARG,A,65,1.0,40.57,,1.8,0.0
477,ATOM,477,NH2,ARG,A,65,1.0,48.39,,1.8,0.0
478,ATOM,478,N,LEU,A,66,1.0,12.12,,1.8,0.0
479,ATOM,479,CA,LEU,A,66,1.0,12.16,,1.8,0.0
480,ATOM,480,C,LEU,A,66,1.0,13.33,,1.8,0.0
481,ATOM,481,O,LEU,A,66,1.0,13.97,,1.8,0.0
482,ATOM,482,CB,LEU,A,66,1.0,10.47,,1.8,0.0
483,ATOM,483,CG,LEU,A,66,1.0,11.06,,1.8,0.0
484,ATOM,484,CD1,LEU,A,66,1.0,10.98,,1.8,0.0
485,ATOM,485,CD2,LEU,A,66,1.0,10.62,,1.8,0.0
486,ATOM,486,N,ARG,A,67,1.0,12.66,,1.8,0.0
487,ATOM,487,CA,ARG,A,67,1.0,13.49,,1.8,0.0
488,ATOM,488,C,ARG,A,67,1.0,13.63,,1.8,0.0
489,ATOM,489,O,ARG,A,67,1.0,12.33,,1.8,0.0
490,ATOM,490,CB,ARG,A,67,1.0,13.63,,1.8,0.0
491,ATOM,491,CG,ARG,A,67,1.0,13.74,,1.8,0.0
492,ATOM,492,CD,ARG,A,67,1.0,14.35,,1.8,0.0
493,ATOM,493,NE,ARG,A,67,1.0,13.27,,1.8,0.0
494,ATOM,494,CZ,ARG,A,67,1.0,11.78,,1.8,0.0
495,ATOM,495,NH1,ARG,A,67,1.0,12.05,,1.8,0.0
496,ATOM,496,NH2,ARG,A,67,1.0,11.03,,1.8,0.0
497,ATOM,497,N,ALA,A,68,1.0,14.81,,1.8,0.0
498,ATOM,498,CA,ALA,A,68,1.0,14.89,,1.8,0.0
499,ATOM,499,C,ALA,A,68,1.0,16.23,,1.8,0.0
500,ATOM,500,O,ALA,A,68,1.0,14.76,,1.8,0.0
501,ATOM,501,CB,ALA,A,68,1.0,14.82,,1.8,0.0
502,ATOM,502,N,GLY,A,69,1.0,16.12,,1.8,0.0
503,ATOM,503,CA,GLY,A,69,1.0,14.16,,1.8,0.0
504,ATOM,504,C,GLY,A,69,1.0,14.36,,1.8,0.0
505,ATOM,505,O,GLY,A,69,1.0,13.73,,1.8,0.0
506,ATOM,506,N,GLY,A,70,1.0,13.02,,1.8,0.0
507,ATOM,507,CA,GLY,A,70,1.0,12.99,,1.8,0.0
508,ATOM,508,C,GLY,A,70,1.0,11.9,,1.8,0.0
509,ATOM,509,O,GLY,A,70,1.0,11.68,,1.8,0.0
510,ATOM,510,N,ILE,A,71,1.0,12.26,,1.8,0.0
511,ATOM,511,CA,ILE,A,71,1.0,11.39,,1.8,0.0
512,ATOM,512,C,ILE,A,71,1.0,11.78,,1.8,0.0
513,ATOM,513,O,ILE,A,71,1.0,12.77,,1.8,0.0
514,ATOM,514,CB,ILE,A,71,1.0,11.87,,1.8,0.0
515,ATOM,515,CG1,ILE,A,71,1.0,12.16,,1.8,0.0
516,ATOM,516,CG2,ILE,A,71,1.0,11.87,,1.8,0.0
517,ATOM,517,CD1,ILE,A,71,1.0,13.1,,1.8,0.0
518,ATOM,518,N,THR,A,72,1.0,13.69,,1.8,0.0
519,ATOM,519,CA,THR,A,72,1.0,15.6,,1.8,0.0
520,ATOM,520,C,THR,A,72,1.0,16.66,,1.8,0.0
521,ATOM,521,O,THR,A,72,1.0,16.7,,1.8,0.0
522,ATOM,522,CB,THR,A,72,1.0,16.82,,1.8,0.0
523,ATOM,523,OG1,THR,A,72,1.0,15.65,,1.8,0.0
524,ATOM,524,CG2,THR,A,72,1.0,15.95,,1.8,0.0
525,ATOM,525,N,LYS,A,73,1.0,15.49,,1.8,0.0
526,ATOM,526,CA,LYS,A,73,1.0,16.22,,1.8,0.0
527,ATOM,527,C,LYS,A,73,1.0,15.75,,1.8,0.0
528,ATOM,528,O,LYS,A,73,1.0,14.22,,1.8,0.0
529,ATOM,529,CB,LYS,A,73,1.0,17.73,,1.8,0.0
530,ATOM,530,CG,LYS,A,73,1.0,18.73,,1.8,0.0
531,ATOM,531,CD,LYS,A,73,1.0,18.62,,1.8,0.0
532,ATOM,532,CE,LYS,A,73,1.0,19.53,,1.8,0.0
533,ATOM,533,NZ,LYS,A,73,1.0,20.39,,1.8,0.0
534,ATOM,534,N,PRO,A,74,1.0,14.13,,1.8,0.0
535,ATOM,535,CA,PRO,A,74,1.0,14.22,,1.8,0.0
536,ATOM,536,C,PRO,A,74,1.0,13.09,,1.8,0.0
537,ATOM,537,O,PRO,A,74,1.0,11.12,,1.8,0.0
538,ATOM,538,CB,PRO,A,74,1.0,15.06,,1.8,0.0
539,ATOM,539,CG,PRO,A,74,1.0,13.79,,1.8,0.0
540,ATOM,540,CD,PRO,A,74,1.0,13.8,,1.8,0.0
541,ATOM,541,N,VAL,A,75,1.0,12.9,,1.8,0.0
542,ATOM,542,CA,VAL,A,75,1.0,12.14,,1.8,0.0
543,ATOM,543,C,VAL,A,75,1.0,12.54,,1.8,0.0
544,ATOM,544,O,VAL,A,75,1.0,12.68,,1.8,0.0
545,ATOM,545,CB,VAL,A,75,1.0,11.54,,1.8,0.0
546,ATOM,546,CG1,VAL,A,75,1.0,11.37,,1.8,0.0
547,ATOM,547,CG2,VAL,A,75,1.0,11.42,,1.8,0.0
548,ATOM,548,N,LEU,A,76,1.0,12.04,,1.8,0.0
549,ATOM,549,CA,LEU,A,76,1.0,11.1,,1.8,0.0
550,ATOM,550,C,LEU,A,76,1.0,10.06,,1.8,0.0
551,ATOM,551,O,LEU,A,76,1.0,10.54,,1.8,0.0
552,ATOM,552,CB,LEU,A,76,1.0,11.41,,1.8,0.0
553,ATOM,553,CG,LEU,A,76,1.0,12.9,,1.8,0.0
554,ATOM,554,CD1,LEU,A,76,1.0,12.65,,1.8,0.0
555,ATOM,555,CD2,LEU,A,76,1.0,14.23,,1.8,0.0
556,ATOM,556,N,LEU,A,77,1.0,8.73,,1.8,0.0
557,ATOM,557,CA,LEU,A,77,1.0,9.11,,1.8,0.0
558,ATOM,558,C,LEU,A,77,1.0,9.71,,1.8,0.0
559,ATOM,559,O,LEU,A,77,1.0,8.72,,1.8,0.0
560,ATOM,560,CB,LEU,A,77,1.0,8.87,,1.8,0.0
561,ATOM,561,CG,LEU,A,77,1.0,9.04,,1.8,0.0
562,ATOM,562,CD1,LEU,A,77,1.0,10.76,,1.8,0.0
563,ATOM,563,CD2,LEU,A,77,1.0,9.92,,1.8,0.0
564,ATOM,564,N,LEU,A,78,1.0,9.29,,1.8,0.0
565,ATOM,565,CA,LEU,A,78,1.0,9.52,,1.8,0.0
566,ATOM,566,C,LEU,A,78,1.0,9.24,,1.8,0.0
567,ATOM,567,O,LEU,A,78,1.0,9.46,,1.8,0.0
568,ATOM,568,CB,LEU,A,78,1.0,9.39,,1.8,0.0
569,ATOM,569,CG,LEU,A,78,1.0,9.85,,1.8,0.0
570,ATOM,570,CD1,LEU,A,78,1.0,8.64,,1.8,0.0
571,ATOM,571,CD2,LEU,A,78,1.0,9.98,,1.8,0.0
572,ATOM,572,N,GLU,A,79,1.0,9.68,,1.8,0.0
573,ATOM,573,CA,GLU,A,79,1.0,9.91,,1.8,0.0
574,ATOM,574,C,GLU,A,79,1.0,10.34,,1.8,0.0
575,ATOM,575,O,GLU,A,79,1.0,10.53,,1.8,0.0
576,ATOM,576,CB,GLU,A,79,1.0,10.21,,1.8,0.0
577,ATOM,577,CG,GLU,A,79,1.0,9.95,,1.8,0.0
578,ATOM,578,CD,GLU,A,79,1.0,11.3,,1.8,0.0
579,ATOM,579,OE1,GLU,A,79,1.0,10.98,,1.8,0.0
580,ATOM,580,OE2,GLU,A,79,1.0,12.11,,1.8,0.0
581,ATOM,581,N,GLY,A,80,1.0,10.29,,1.8,0.0
582,ATOM,582,CA,GLY,A,80,1.0,9.98,,1.8,0.0
583,ATOM,583,C,GLY,A,80,1.0,11.4,,1.8,0.0
584,ATOM,584,O,GLY,A,80,1.0,10.63,,1.8,0.0
585,ATOM,585,N,PHE,A,81,1.0,11.09,,1.8,0.0
586,ATOM,586,CA,PHE,A,81,1.0,12.67,,1.8,0.0
587,ATOM,587,C,PHE,A,81,1.0,12.14,,1.8,0.0
588,ATOM,588,O,PHE,A,81,1.0,12.37,,1.8,0.0
589,ATOM,589,CB,PHE,A,81,1.0,12.09,,1.8,0.0
590,ATOM,590,CG,PHE,A,81,1.0,11.89,,1.8,0.0
591,ATOM,591,CD1,PHE,A,81,1.0,12.87,,1.8,0.0
592,ATOM,592,CD2,PHE,A,81,1.0,12.23,,1.8,0.0
593,ATOM,593,CE1,PHE,A,81,1.0,12.22,,1.8,0.0
594,ATOM,594,CE2,PHE,A,81,1.0,11.27,,1.8,0.0
595,ATOM,595,CZ,PHE,A,81,1.0,10.82,,1.8,0.0
596,ATOM,596,N,PHE,A,82,1.0,15.61,,1.8,0.0
597,ATOM,597,CA,PHE,A,82,1.0,18.06,,1.8,0.0
598,ATOM,598,C,PHE,A,82,1.0,17.6,,1.8,0.0
599,ATOM,599,O,PHE,A,82,1.0,16.4,,1.8,0.0
600,ATOM,600,CB,PHE,A,82,1.0,20.57,,1.8,0.0
601,ATOM,601,CG,PHE,A,82,1.0,22.37,,1.8,0.0
602,ATOM,602,CD1,PHE,A,82,1.0,23.69,,1.8,0.0
603,ATOM,603,CD2,PHE,A,82,1.0,21.4,,1.8,0.0
604,ATOM,604,CE1,PHE,A,82,1.0,20.75,,1.8,0.0
605,ATOM,605,CE2,PHE,A,82,1.0,23.32,,1.8,0.0
606,ATOM,606,CZ,PHE,A,82,1.0,20.53,,1.8,0.0
607,ATOM,607,N,ASP,A,83,1.0,19.97,,1.8,0.0
608,ATOM,608,CA,ASP,A,83,1.0,18.91,,1.8,0.0
609,ATOM,609,C,ASP,A,83,1.0,20.16,,1.8,0.0
610,ATOM,610,O,ASP,A,83,1.0,16.55,,1.8,0.0
611,ATOM,611,CB,ASP,A,83,1.0,21.28,,1.8,0.0
612,ATOM,612,CG,ASP,A,83,1.0,26.11,,1.8,0.0
613,ATOM,613,OD1,ASP,A,83,1.0,21.45,,1.8,0.0
614,ATOM,614,OD2,ASP,A,83,1.0,23.86,,1.8,0.0
615,ATOM,615,N,ALA,A,84,1.0,17.32,,1.8,0.0
616,ATOM,616,CA,ALA,A,84,1.0,16.64,,1.8,0.0
617,ATOM,617,C,ALA,A,84,1.0,16.86,,1.8,0.0
618,ATOM,618,O,ALA,A,84,1.0,14.61,,1.8,0.0
619,ATOM,619,CB,ALA,A,84,1.0,18.27,,1.8,0.0
620,ATOM,620,N,ARG,A,85,1.0,17.6,,1.8,0.0
621,ATOM,621,CA,ARG,A,85,1.0,19.94,,1.8,0.0
622,ATOM,622,C,ARG,A,85,1.0,17.83,,1.8,0.0
623,ATOM,623,O,ARG,A,85,1.0,20.24,,1.8,0.0
624,ATOM,624,CB,ARG,A,85,1.0,24.7,,1.8,0.0
625,ATOM,625,CG,ARG,A,85,1.0,28.83,,1.8,0.0
626,ATOM,626,CD,ARG,A,85,1.0,33.74,,1.8,0.0
627,ATOM,627,NE,ARG,A,85,1.0,33.83,,1.8,0.0
628,ATOM,628,CZ,ARG,A,85,1.0,38.94,,1.8,0.0
629,ATOM,629,NH1,ARG,A,85,1.0,39.15,,1.8,0.0
630,ATOM,630,NH2,ARG,A,85,1.0,32.85,,1.8,0.0
631,ATOM,631,N,ASP,A,86,1.0,17.1,,1.8,0.0
632,ATOM,632,CA,ASP,A,86,1.0,16.56,,1.8,0.0
633,ATOM,633,C,ASP,A,86,1.0,14.55,,1.8,0.0
634,ATOM,634,O,ASP,A,86,1.0,13.96,,1.8,0.0
635,ATOM,635,CB,ASP,A,86,1.0,16.5,,1.8,0.0
636,ATOM,636,CG,ASP,A,86,1.0,18.71,,1.8,0.0
637,ATOM,637,OD1,ASP,A,86,1.0,18.81,,1.8,0.0
638,ATOM,638,OD2,ASP,A,86,1.0,19.22,,1.8,0.0
639,ATOM,639,N,LEU,A,87,1.0,15.11,,1.8,0.0
640,ATOM,640,CA,LEU,A,87,1.0,14.44,,1.8,0.0
641,ATOM,641,C,LEU,A,87,1.0,12.67,,1.8,0.0
642,ATOM,642,O,LEU,A,87,1.0,12.53,,1.8,0.0
643,ATOM,643,CB,LEU,A,87,1.0,15.85,,1.8,0.0
644,ATOM,644,CG,LEU,A,87,1.0,16.5,,1.8,0.0
645,ATOM,645,CD1,LEU,A,87,1.0,17.11,,1.8,0.0
646,ATOM,646,CD2,LEU,A,87,1.0,17.91,,1.8,0.0
647,ATOM,647,N,PRO,A,88,1.0,12.52,,1.8,0.0
648,ATOM,648,CA,PRO,A,88,1.0,11.55,,1.8,0.0
649,ATOM,649,C,PRO,A,88,1.0,11.95,,1.8,0.0
650,ATOM,650,O,PRO,A,88,1.0,11.17,,1.8,0.0
651,ATOM,651,CB,PRO,A,88,1.0,11.34,,1.8,0.0
652,ATOM,652,CG,PRO,A,88,1.0,11.41,,1.8,0.0
653,ATOM,653,CD,PRO,A,88,1.0,12.08,,1.8,0.0
654,ATOM,654,N,THR,A,89,1.0,11.96,,1.8,0.0
655,ATOM,655,CA,THR,A,89,1.0,12.16,,1.8,0.0
656,ATOM,656,C,THR,A,89,1.0,11.5,,1.8,0.0
657,ATOM,657,O,THR,A,89,1.0,12.93,,1.8,0.0
658,ATOM,658,CB,THR,A,89,1.0,11.89,,1.8,0.0
659,ATOM,659,OG1,THR,A,89,1.0,13.43,,1.8,0.0
660,ATOM,660,CG2,THR,A,89,1.0,12.91,,1.8,0.0
661,ATOM,661,N,ILE,A,90,1.0,11.33,,1.8,0.0
662,ATOM,662,CA,ILE,A,90,1.0,12.53,,1.8,0.0
663,ATOM,663,C,ILE,A,90,1.0,12.63,,1.8,0.0
664,ATOM,664,O,ILE,A,90,1.0,12.05,,1.8,0.0
665,ATOM,665,CB,ILE,A,90,1.0,12.69,,1.8,0.0
666,ATOM,666,CG1,ILE,A,90,1.0,13.86,,1.8,0.0
667,ATOM,667,CG2,ILE,A,90,1.0,13.88,,1.8,0.0
668,ATOM,668,CD1,ILE,A,90,1.0,13.43,,1.8,0.0
669,ATOM,669,N,SER,A,91,1.0,11.88,,1.8,0.0
670,ATOM,670,CA,SER,A,91,1.0,12.22,,1.8,0.0
671,ATOM,671,C,SER,A,91,1.0,11.74,,1.8,0.0
672,ATOM,672,O,SER,A,91,1.0,13.48,,1.8,0.0
673,ATOM,673,CB,SER,A,91,1.0,13.08,,1.8,0.0
674,ATOM,674,OG,SER,A,91,1.0,13.03,,1.8,0.0
675,ATOM,675,N,ALA,A,92,1.0,12.04,,1.8,0.0
676,ATOM,676,CA,ALA,A,92,1.0,12.13,,1.8,0.0
677,ATOM,677,C,ALA,A,92,1.0,12.48,,1.8,0.0
678,ATOM,678,O,ALA,A,92,1.0,12.81,,1.8,0.0
679,ATOM,679,CB,ALA,A,92,1.0,11.83,,1.8,0.0
680,ATOM,680,N,GLN,A,93,1.0,13.01,,1.8,0.0
681,ATOM,681,CA,GLN,A,93,1.0,12.77,,1.8,0.0
682,ATOM,682,C,GLN,A,93,1.0,14.6,,1.8,0.0
683,ATOM,683,O,GLN,A,93,1.0,14.34,,1.8,0.0
684,ATOM,684,CB,GLN,A,93,1.0,12.0,,1.8,0.0
685,ATOM,685,CG,GLN,A,93,1.0,11.23,,1.8,0.0
686,ATOM,686,CD,GLN,A,93,1.0,11.22,,1.8,0.0
687,ATOM,687,OE1,GLN,A,93,1.0,12.41,,1.8,0.0
688,ATOM,688,NE2,GLN,A,93,1.0,9.12,,1.8,0.0
689,ATOM,689,N,HIS,A,94,1.0,15.81,,1.8,0.0
690,ATOM,690,CA,HIS,A,94,1.0,18.19,,1.8,0.0
691,ATOM,691,C,HIS,A,94,1.0,16.55,,1.8,0.0
692,ATOM,692,O,HIS,A,94,1.0,17.37,,1.8,0.0
693,ATOM,693,CB,HIS,A,94,1.0,22.31,,1.8,0.0
694,ATOM,694,CG,HIS,A,94,1.0,24.27,,1.8,0.0
695,ATOM,695,ND1,HIS,A,94,1.0,26.2,,1.8,0.0
696,ATOM,696,CD2,HIS,A,94,1.0,24.8,,1.8,0.0
697,ATOM,697,CE1,HIS,A,94,1.0,25.52,,1.8,0.0
698,ATOM,698,NE2,HIS,A,94,1.0,25.2,,1.8,0.0
699,ATOM,699,N,PHE,A,95,1.0,15.36,,1.8,0.0
700,ATOM,700,CA,PHE,A,95,1.0,14.52,,1.8,0.0
701,ATOM,701,C,PHE,A,95,1.0,14.03,,1.8,0.0
702,ATOM,702,O,PHE,A,95,1.0,15.1,,1.8,0.0
703,ATOM,703,CB,PHE,A,95,1.0,12.78,,1.8,0.0
704,ATOM,704,CG,PHE,A,95,1.0,12.24,,1.8,0.0
705,ATOM,705,CD1,PHE,A,95,1.0,12.92,,1.8,0.0
706,ATOM,706,CD2,PHE,A,95,1.0,11.57,,1.8,0.0
707,ATOM,707,CE1,PHE,A,95,1.0,12.67,,1.8,0.0
708,ATOM,708,CE2,PHE,A,95,1.0,12.9,,1.8,0.0
709,ATOM,709,CZ,PHE,A,95,1.0,12.21,,1.8,0.0
710,ATOM,710,N,HIS,A,96,1.0,13.7,,1.8,0.0
711,ATOM,711,CA,HIS,A,96,1.0,14.21,,1.8,0.0
712,ATOM,712,C,HIS,A,96,1.0,13.68,,1.8,0.0
713,ATOM,713,O,HIS,A,96,1.0,13.5,,1.8,0.0
714,ATOM,714,CB,HIS,A,96,1.0,15.63,,1.8,0.0
715,ATOM,715,CG,HIS,A,96,1.0,15.75,,1.8,0.0
716,ATOM,716,ND1,HIS,A,96,1.0,17.99,,1.8,0.0
717,ATOM,717,CD2,HIS,A,96,1.0,16.15,,1.8,0.0
718,ATOM,718,CE1,HIS,A,96,1.0,17.9,,1.8,0.0
719,ATOM,719,NE2,HIS,A,96,1.0,17.86,,1.8,0.0
720,ATOM,720,N,THR,A,97,1.0,13.13,,1.8,0.0
721,ATOM,721,CA,THR,A,97,1.0,11.71,,1.8,0.0
722,ATOM,722,C,THR,A,97,1.0,11.72,,1.8,0.0
723,ATOM,723,O,THR,A,97,1.0,10.46,,1.8,0.0
724,ATOM,724,CB,THR,A,97,1.0,12.48,,1.8,0.0
725,ATOM,725,OG1,THR,A,97,1.0,11.28,,1.8,0.0
726,ATOM,726,CG2,THR,A,97,1.0,12.54,,1.8,0.0
727,ATOM,727,N,ALA,A,98,1.0,11.52,,1.8,0.0
728,ATOM,728,CA,ALA,A,98,1.0,11.48,,1.8,0.0
729,ATOM,729,C,ALA,A,98,1.0,11.96,,1.8,0.0
730,ATOM,730,O,ALA,A,98,1.0,11.92,,1.8,0.0
731,ATOM,731,CB,ALA,A,98,1.0,11.46,,1.8,0.0
732,ATOM,732,N,VAL,A,99,1.0,11.16,,1.8,0.0
733,ATOM,733,CA,VAL,A,99,1.0,11.5,,1.8,0.0
734,ATOM,734,C,VAL,A,99,1.0,12.41,,1.8,0.0
735,ATOM,735,O,VAL,A,99,1.0,9.98,,1.8,0.0
736,ATOM,736,CB,VAL,A,99,1.0,11.43,,1.8,0.0
737,ATOM,737,CG1,VAL,A,99,1.0,11.11,,1.8,0.0
738,ATOM,738,CG2,VAL,A,99,1.0,11.19,,1.8,0.0
739,ATOM,739,N,HIS,A,100,1.0,12.24,,1.8,0.0
740,ATOM,740,CA,HIS,A,100,1.0,12.79,,1.8,0.0
741,ATOM,741,C,HIS,A,100,1.0,13.01,,1.8,0.0
742,ATOM,742,O,HIS,A,100,1.0,12.22,,1.8,0.0
743,ATOM,743,CB,HIS,A,100,1.0,12.67,,1.8,0.0
744,ATOM,744,CG,HIS,A,100,1.0,11.59,,1.8,0.0
745,ATOM,745,ND1,HIS,A,100,1.0,11.95,,1.8,0.0
746,ATOM,746,CD2,HIS,A,100,1.0,11.49,,1.8,0.0
747,ATOM,747,CE1,HIS,A,100,1.0,12.12,,1.8,0.0
748,ATOM,748,NE2,HIS,A,100,1.0,11.75,,1.8,0.0
749,ATOM,749,N,ASN,A,101,1.0,13.59,,1.8,0.0
750,ATOM,750,CA,ASN,A,101,1.0,13.73,,1.8,0.0
751,ATOM,751,C,ASN,A,101,1.0,13.82,,1.8,0.0
752,ATOM,752,O,ASN,A,101,1.0,12.9,,1.8,0.0
753,ATOM,753,CB,ASN,A,101,1.0,13.54,,1.8,0.0
754,ATOM,754,CG,ASN,A,101,1.0,13.99,,1.8,0.0
755,ATOM,755,OD1,ASN,A,101,1.0,13.34,,1.8,0.0
756,ATOM,756,ND2,ASN,A,101,1.0,14.98,,1.8,0.0
757,ATOM,757,N,GLU,A,102,1.0,15.01,,1.8,0.0
758,ATOM,758,CA,GLU,A,102,1.0,13.75,,1.8,0.0
759,ATOM,759,C,GLU,A,102,1.0,14.77,,1.8,0.0
760,ATOM,760,O,GLU,A,102,1.0,15.4,,1.8,0.0
761,ATOM,761,CB,GLU,A,102,1.0,15.62,,1.8,0.0
762,ATOM,762,CG,GLU,A,102,1.0,15.51,,1.8,0.0
763,ATOM,763,CD,GLU,A,102,1.0,16.66,,1.8,0.0
764,ATOM,764,OE1,GLU,A,102,1.0,18.43,,1.8,0.0
765,ATOM,765,OE2,GLU,A,102,1.0,16.17,,1.8,0.0
766,ATOM,766,N,GLU,A,103,1.0,14.08,,1.8,0.0
767,ATOM,767,CA,GLU,A,103,1.0,15.58,,1.8,0.0
768,ATOM,768,C,GLU,A,103,1.0,13.82,,1.8,0.0
769,ATOM,769,O,GLU,A,103,1.0,15.34,,1.8,0.0
770,ATOM,770,CB,GLU,A,103,1.0,16.21,,1.8,0.0
771,ATOM,771,CG,GLU,A,103,1.0,19.2,,1.8,0.0
772,ATOM,772,CD,GLU,A,103,1.0,21.33,,1.8,0.0
773,ATOM,773,OE1,GLU,A,103,1.0,22.05,,1.8,0.0
774,ATOM,774,OE2,GLU,A,103,1.0,24.15,,1.8,0.0
775,ATOM,775,N,GLN,A,104,1.0,14.24,,1.8,0.0
776,ATOM,776,CA,GLN,A,104,1.0,14.36,,1.8,0.0
777,ATOM,777,C,GLN,A,104,1.0,13.67,,1.8,0.0
778,ATOM,778,O,GLN,A,104,1.0,14.8,,1.8,0.0
779,ATOM,779,CB,GLN,A,104,1.0,14.08,,1.8,0.0
780,ATOM,780,CG,GLN,A,104,1.0,13.16,,1.8,0.0
781,ATOM,781,CD,GLN,A,104,1.0,13.89,,1.8,0.0
782,ATOM,782,OE1,GLN,A,104,1.0,14.24,,1.8,0.0
783,ATOM,783,NE2,GLN,A,104,1.0,15.06,,1.8,0.0
784,ATOM,784,N,LEU,A,105,1.0,13.04,,1.8,0.0
785,ATOM,785,CA,LEU,A,105,1.0,14.88,,1.8,0.0
786,ATOM,786,C,LEU,A,105,1.0,15.71,,1.8,0.0
787,ATOM,787,O,LEU,A,105,1.0,15.26,,1.8,0.0
788,ATOM,788,CB,LEU,A,105,1.0,15.11,,1.8,0.0
789,ATOM,789,CG,LEU,A,105,1.0,15.91,,1.8,0.0
790,ATOM,790,CD1,LEU,A,105,1.0,15.73,,1.8,0.0
791,ATOM,791,CD2,LEU,A,105,1.0,16.31,,1.8,0.0
792,ATOM,792,N,ALA,A,106,1.0,14.56,,1.8,0.0
793,ATOM,793,CA,ALA,A,106,1.0,15.7,,1.8,0.0
794,ATOM,794,C,ALA,A,106,1.0,16.5,,1.8,0.0
795,ATOM,795,O,ALA,A,106,1.0,16.66,,1.8,0.0
796,ATOM,796,CB,ALA,A,106,1.0,15.66,,1.8,0.0
797,ATOM,797,N,ALA,A,107,1.0,15.33,,1.8,0.0
798,ATOM,798,CA,ALA,A,107,1.0,14.57,,1.8,0.0
799,ATOM,799,C,ALA,A,107,1.0,15.79,,1.8,0.0
800,ATOM,800,O,ALA,A,107,1.0,16.73,,1.8,0.0
801,ATOM,801,CB,ALA,A,107,1.0,14.92,,1.8,0.0
802,ATOM,802,N,LEU,A,108,1.0,16.72,,1.8,0.0
803,ATOM,803,CA,LEU,A,108,1.0,15.46,,1.8,0.0
804,ATOM,804,C,LEU,A,108,1.0,16.76,,1.8,0.0
805,ATOM,805,O,LEU,A,108,1.0,16.75,,1.8,0.0
806,ATOM,806,CB,LEU,A,108,1.0,15.07,,1.8,0.0
807,ATOM,807,CG,LEU,A,108,1.0,13.67,,1.8,0.0
808,ATOM,808,CD1,LEU,A,108,1.0,13.87,,1.8,0.0
809,ATOM,809,CD2,LEU,A,108,1.0,13.86,,1.8,0.0
810,ATOM,810,N,GLU,A,109,1.0,19.2,,1.8,0.0
811,ATOM,811,CA,GLU,A,109,1.0,18.23,,1.8,0.0
812,ATOM,812,C,GLU,A,109,1.0,19.18,,1.8,0.0
813,ATOM,813,O,GLU,A,109,1.0,18.25,,1.8,0.0
814,ATOM,814,CB,GLU,A,109,1.0,17.92,,1.8,0.0
815,ATOM,815,CG,GLU,A,109,1.0,17.66,,1.8,0.0
816,ATOM,816,CD,GLU,A,109,1.0,16.19,,1.8,0.0
817,ATOM,817,OE1,GLU,A,109,1.0,16.6,,1.8,0.0
818,ATOM,818,OE2,GLU,A,109,1.0,13.73,,1.8,0.0
819,ATOM,819,N,GLU,A,110,1.0,20.62,,1.8,0.0
820,ATOM,820,CA,GLU,A,110,1.0,21.72,,1.8,0.0
821,ATOM,821,C,GLU,A,110,1.0,23.51,,1.8,0.0
822,ATOM,822,O,GLU,A,110,1.0,24.36,,1.8,0.0
823,ATOM,823,CB,GLU,A,110,1.0,25.58,,1.8,0.0
824,ATOM,824,CG,GLU,A,110,1.0,30.74,,1.8,0.0
825,ATOM,825,CD,GLU,A,110,1.0,30.27,,1.8,0.0
826,ATOM,826,OE1,GLU,A,110,1.0,33.16,,1.8,0.0
827,ATOM,827,OE2,GLU,A,110,1.0,30.19,,1.8,0.0
828,ATOM,828,N,ALA,A,111,1.0,22.77,,1.8,0.0
829,ATOM,829,CA,ALA,A,111,1.0,22.4,,1.8,0.0
830,ATOM,830,C,ALA,A,111,1.0,22.51,,1.8,0.0
831,ATOM,831,O,ALA,A,111,1.0,22.83,,1.8,0.0
832,ATOM,832,CB,ALA,A,111,1.0,21.01,,1.8,0.0
833,ATOM,833,N,SER,A,112,1.0,25.78,,1.8,0.0
834,ATOM,834,CA,SER,A,112,1.0,28.12,,1.8,0.0
835,ATOM,835,C,SER,A,112,1.0,24.47,,1.8,0.0
836,ATOM,836,O,SER,A,112,1.0,28.57,,1.8,0.0
837,ATOM,837,CB,SER,A,112,1.0,28.8,,1.8,0.0
838,ATOM,838,OG,SER,A,112,1.0,27.91,,1.8,0.0
839,ATOM,839,N,LEU,A,113,1.0,25.79,,1.8,0.0
840,ATOM,840,CA,LEU,A,113,1.0,26.51,,1.8,0.0
841,ATOM,841,C,LEU,A,113,1.0,25.98,,1.8,0.0
842,ATOM,842,O,LEU,A,113,1.0,25.22,,1.8,0.0
843,ATOM,843,CB,LEU,A,113,1.0,23.65,,1.8,0.0
844,ATOM,844,CG,LEU,A,113,1.0,22.25,,1.8,0.0
845,ATOM,845,CD1,LEU,A,113,1.0,19.87,,1.8,0.0
846,ATOM,846,CD2,LEU,A,113,1.0,24.5,,1.8,0.0
847,ATOM,847,N,ASP,A,114,1.0,23.96,,1.8,0.0
848,ATOM,848,CA,ASP,A,114,1.0,24.62,,1.8,0.0
849,ATOM,849,C,ASP,A,114,1.0,25.9,,1.8,0.0
850,ATOM,850,O,ASP,A,114,1.0,21.7,,1.8,0.0
851,ATOM,851,CB,ASP,A,114,1.0,25.27,,1.8,0.0
852,ATOM,852,CG,ASP,A,114,1.0,29.21,,1.8,0.0
853,ATOM,853,OD1,ASP,A,114,1.0,36.53,,1.8,0.0
854,ATOM,854,OD2,ASP,A,114,1.0,27.33,,1.8,0.0
855,ATOM,855,N,GLU,A,115,1.0,21.65,,1.8,0.0
856,ATOM,856,CA,GLU,A,115,1.0,24.42,,1.8,0.0
857,ATOM,857,C,GLU,A,115,1.0,21.1,,1.8,0.0
858,ATOM,858,O,GLU,A,115,1.0,23.48,,1.8,0.0
859,ATOM,859,CB,GLU,A,115,1.0,25.7,,1.8,0.0
860,ATOM,860,CG,GLU,A,115,1.0,27.61,,1.8,0.0
861,ATOM,861,CD,GLU,A,115,1.0,28.14,,1.8,0.0
862,ATOM,862,OE1,GLU,A,115,1.0,24.48,,1.8,0.0
863,ATOM,863,OE2,GLU,A,115,1.0,21.24,,1.8,0.0
864,ATOM,864,N,PRO,A,116,1.0,17.85,,1.8,0.0
865,ATOM,865,CA,PRO,A,116,1.0,17.83,,1.8,0.0
866,ATOM,866,C,PRO,A,116,1.0,16.34,,1.8,0.0
867,ATOM,867,O,PRO,A,116,1.0,14.35,,1.8,0.0
868,ATOM,868,CB,PRO,A,116,1.0,19.61,,1.8,0.0
869,ATOM,869,CG,PRO,A,116,1.0,20.76,,1.8,0.0
870,ATOM,870,CD,PRO,A,116,1.0,18.42,,1.8,0.0
871,ATOM,871,N,VAL,A,117,0.5,16.1,,1.8,0.0
872,ATOM,872,CA,VAL,A,117,0.5,14.72,,1.8,0.0
873,ATOM,873,C,VAL,A,117,0.5,14.52,,1.8,0.0
874,ATOM,874,O,VAL,A,117,0.5,16.04,,1.8,0.0
875,ATOM,875,CB,VAL,A,117,0.5,13.91,,1.8,0.0
876,ATOM,876,CG1,VAL,A,117,0.5,13.21,,1.8,0.0
877,ATOM,877,CG2,VAL,A,117,0.5,14.46,,1.8,0.0
878,ATOM,878,N,THR,A,118,1.0,13.26,,1.8,0.0
879,ATOM,879,CA,THR,A,118,1.0,13.64,,1.8,0.0
880,ATOM,880,C,THR,A,118,1.0,12.63,,1.8,0.0
881,ATOM,881,O,THR,A,118,1.0,12.15,,1.8,0.0
882,ATOM,882,CB,THR,A,118,1.0,13.16,,1.8,0.0
883,ATOM,883,OG1,THR,A,118,1.0,14.87,,1.8,0.0
884,ATOM,884,CG2,THR,A,118,1.0,14.34,,1.8,0.0
885,ATOM,885,N,VAL,A,119,1.0,11.3,,1.8,0.0
886,ATOM,886,CA,VAL,A,119,1.0,12.09,,1.8,0.0
887,ATOM,887,C,VAL,A,119,1.0,11.42,,1.8,0.0
888,ATOM,888,O,VAL,A,119,1.0,12.3,,1.8,0.0
889,ATOM,889,CB,VAL,A,119,1.0,13.68,,1.8,0.0
890,ATOM,890,CG1,VAL,A,119,1.0,14.91,,1.8,0.0
891,ATOM,891,CG2,VAL,A,119,1.0,13.03,,1.8,0.0
892,ATOM,892,N,TRP,A,120,1.0,11.04,,1.8,0.0
893,ATOM,893,CA,TRP,A,120,1.0,11.32,,1.8,0.0
894,ATOM,894,C,TRP,A,120,1.0,11.27,,1.8,0.0
895,ATOM,895,O,TRP,A,120,1.0,10.23,,1.8,0.0
896,ATOM,896,CB,TRP,A,120,1.0,10.46,,1.8,0.0
897,ATOM,897,CG,TRP,A,120,1.0,12.03,,1.8,0.0
898,ATOM,898,CD1,TRP,A,120,1.0,11.66,,1.8,0.0
899,ATOM,899,CD2,TRP,A,120,1.0,11.32,,1.8,0.0
900,ATOM,900,NE1,TRP,A,120,1.0,10.21,,1.8,0.0
901,ATOM,901,CE2,TRP,A,120,1.0,11.02,,1.8,0.0
902,ATOM,902,CE3,TRP,A,120,1.0,12.01,,1.8,0.0
903,ATOM,903,CZ2,TRP,A,120,1.0,11.24,,1.8,0.0
904,ATOM,904,CZ3,TRP,A,120,1.0,11.75,,1.8,0.0
905,ATOM,905,CH2,TRP,A,120,1.0,11.96,,1.8,0.0
906,ATOM,906,N,MET,A,121,1.0,12.28,,1.8,0.0
907,ATOM,907,CA,MET,A,121,1.0,11.9,,1.8,0.0
908,ATOM,908,C,MET,A,121,1.0,12.89,,1.8,0.0
909,ATOM,909,O,MET,A,121,1.0,13.08,,1.8,0.0
910,ATOM,910,CB,MET,A,121,1.0,12.72,,1.8,0.0
911,ATOM,911,CG,MET,A,121,1.0,14.2,,1.8,0.0
912,ATOM,912,SD,MET,A,121,1.0,15.65,,1.8,0.0
913,ATOM,913,CE,MET,A,121,1.0,15.44,,1.8,0.0
914,ATOM,914,N,LYS,A,122,1.0,13.64,,1.8,0.0
915,ATOM,915,CA,LYS,A,122,1.0,14.81,,1.8,0.0
916,ATOM,916,C,LYS,A,122,1.0,16.04,,1.8,0.0
917,ATOM,917,O,LYS,A,122,1.0,15.22,,1.8,0.0
918,ATOM,918,CB,LYS,A,122,1.0,15.51,,1.8,0.0
919,ATOM,919,CG,LYS,A,122,1.0,18.48,,1.8,0.0
920,ATOM,920,CD,LYS,A,122,1.0,22.32,,1.8,0.0
921,ATOM,921,CE,LYS,A,122,1.0,21.34,,1.8,0.0
922,ATOM,922,NZ,LYS,A,122,1.0,22.05,,1.8,0.0
923,ATOM,923,N,LEU,A,123,1.0,15.81,,1.8,0.0
924,ATOM,924,CA,LEU,A,123,1.0,16.06,,1.8,0.0
925,ATOM,925,C,LEU,A,123,1.0,15.47,,1.8,0.0
926,ATOM,926,O,LEU,A,123,1.0,15.07,,1.8,0.0
927,ATOM,927,CB,LEU,A,123,1.0,17.36,,1.8,0.0
928,ATOM,928,CG,LEU,A,123,1.0,20.43,,1.8,0.0
929,ATOM,929,CD1,LEU,A,123,1.0,19.09,,1.8,0.0
930,ATOM,930,CD2,LEU,A,123,1.0,22.67,,1.8,0.0
931,ATOM,931,N,ASP,A,124,1.0,13.44,,1.8,0.0
932,ATOM,932,CA,ASP,A,124,1.0,13.01,,1.8,0.0
933,ATOM,933,C,ASP,A,124,1.0,12.77,,1.8,0.0
934,ATOM,934,O,ASP,A,124,1.0,13.55,,1.8,0.0
935,ATOM,935,CB,ASP,A,124,1.0,12.91,,1.8,0.0
936,ATOM,936,CG,ASP,A,124,1.0,12.48,,1.8,0.0
937,ATOM,937,OD1,ASP,A,124,1.0,11.23,,1.8,0.0
938,ATOM,938,OD2,ASP,A,124,1.0,11.24,,1.8,0.0
939,ATOM,939,N,THR,A,125,1.0,12.18,,1.8,0.0
940,ATOM,940,CA,THR,A,125,1.0,12.42,,1.8,0.0
941,ATOM,941,C,THR,A,125,1.0,12.59,,1.8,0.0
942,ATOM,942,O,THR,A,125,1.0,13.01,,1.8,0.0
943,ATOM,943,CB,THR,A,125,1.0,11.96,,1.8,0.0
944,ATOM,944,OG1,THR,A,125,1.0,12.76,,1.8,0.0
945,ATOM,945,CG2,THR,A,125,1.0,12.23,,1.8,0.0
946,ATOM,946,N,GLY,A,126,1.0,12.02,,1.8,0.0
947,ATOM,947,CA,GLY,A,126,1.0,13.38,,1.8,0.0
948,ATOM,948,C,GLY,A,126,1.0,15.84,,1.8,0.0
949,ATOM,949,O,GLY,A,126,1.0,15.65,,1.8,0.0
950,ATOM,950,N,MET,A,127,0.5,17.56,,1.8,0.0
951,ATOM,951,CA,MET,A,127,0.5,18.58,,1.8,0.0
952,ATOM,952,C,MET,A,127,0.5,17.78,,1.8,0.0
953,ATOM,953,O,MET,A,127,0.5,18.18,,1.8,0.0
954,ATOM,954,CB,MET,A,127,0.5,20.31,,1.8,0.0
955,ATOM,955,CG,MET,A,127,0.5,20.93,,1.8,0.0
956,ATOM,956,SD,MET,A,127,0.5,22.81,,1.8,0.0
957,ATOM,957,CE,MET,A,127,0.5,22.27,,1.8,0.0
958,ATOM,958,N,HIS,A,128,1.0,16.73,,1.8,0.0
959,ATOM,959,CA,HIS,A,128,1.0,15.64,,1.8,0.0
960,ATOM,960,C,HIS,A,128,1.0,15.24,,1.8,0.0
961,ATOM,961,O,HIS,A,128,1.0,16.03,,1.8,0.0
962,ATOM,962,CB,HIS,A,128,1.0,15.74,,1.8,0.0
963,ATOM,963,CG,HIS,A,128,1.0,15.47,,1.8,0.0
964,ATOM,964,ND1,HIS,A,128,1.0,15.79,,1.8,0.0
965,ATOM,965,CD2,HIS,A,128,1.0,15.69,,1.8,0.0
966,ATOM,966,CE1,HIS,A,128,1.0,14.63,,1.8,0.0
967,ATOM,967,NE2,HIS,A,128,1.0,15.21,,1.8,0.0
968,ATOM,968,N,ARG,A,129,1.0,13.29,,1.8,0.0
969,ATOM,969,CA,ARG,A,129,1.0,13.65,,1.8,0.0
970,ATOM,970,C,ARG,A,129,1.0,13.1,,1.8,0.0
971,ATOM,971,O,ARG,A,129,1.0,12.59,,1.8,0.0
972,ATOM,972,CB,ARG,A,129,1.0,15.37,,1.8,0.0
973,ATOM,973,CG,ARG,A,129,1.0,15.93,,1.8,0.0
974,ATOM,974,CD,ARG,A,129,1.0,17.25,,1.8,0.0
975,ATOM,975,NE,ARG,A,129,1.0,17.88,,1.8,0.0
976,ATOM,976,CZ,ARG,A,129,1.0,19.0,,1.8,0.0
977,ATOM,977,NH1,ARG,A,129,1.0,18.94,,1.8,0.0
978,ATOM,978,NH2,ARG,A,129,1.0,20.47,,1.8,0.0
979,ATOM,979,N,LEU,A,130,1.0,12.91,,1.8,0.0
980,ATOM,980,CA,LEU,A,130,1.0,12.22,,1.8,0.0
981,ATOM,981,C,LEU,A,130,1.0,12.32,,1.8,0.0
982,ATOM,982,O,LEU,A,130,1.0,14.05,,1.8,0.0
983,ATOM,983,CB,LEU,A,130,1.0,12.49,,1.8,0.0
984,ATOM,984,CG,LEU,A,130,1.0,13.15,,1.8,0.0
985,ATOM,985,CD1,LEU,A,130,1.0,13.05,,1.8,0.0
986,ATOM,986,CD2,LEU,A,130,1.0,12.87,,1.8,0.0
987,ATOM,987,N,GLY,A,131,1.0,12.18,,1.8,0.0
988,ATOM,988,CA,GLY,A,131,1.0,13.37,,1.8,0.0
989,ATOM,989,C,GLY,A,131,1.0,13.37,,1.8,0.0
990,ATOM,990,O,GLY,A,131,1.0,13.73,,1.8,0.0
991,ATOM,991,N,VAL,A,132,1.0,12.82,,1.8,0.0
992,ATOM,992,CA,VAL,A,132,1.0,13.3,,1.8,0.0
993,ATOM,993,C,VAL,A,132,1.0,14.04,,1.8,0.0
994,ATOM,994,O,VAL,A,132,1.0,13.17,,1.8,0.0
995,ATOM,995,CB,VAL,A,132,1.0,15.54,,1.8,0.0
996,ATOM,996,CG1,VAL,A,132,1.0,15.8,,1.8,0.0
997,ATOM,997,CG2,VAL,A,132,1.0,15.43,,1.8,0.0
998,ATOM,998,N,ARG,A,133,1.0,14.14,,1.8,0.0
999,ATOM,999,CA,ARG,A,133,1.0,15.54,,1.8,0.0
1000,ATOM,1000,C,ARG,A,133,1.0,16.34,,1.8,0.0
1001,ATOM,1001,O,ARG,A,133,1.0,13.72,,1.8,0.0
1002,ATOM,1002,CB,ARG,A,133,1.0,15.73,,1.8,0.0
1003,ATOM,1003,CG,ARG,A,133,1.0,16.45,,1.8,0.0
1004,ATOM,1004,CD,ARG,A,133,1.0,17.0,,1.8,0.0
1005,ATOM,1005,NE,ARG,A,133,1.0,17.76,,1.8,0.0
1006,ATOM,1006,CZ,ARG,A,133,1.0,18.54,,1.8,0.0
1007,ATOM,1007,NH1,ARG,A,133,1.0,18.33,,1.8,0.0
1008,ATOM,1008,NH2,ARG,A,133,1.0,16.87,,1.8,0.0
1009,ATOM,1009,N,PRO,A,134,1.0,18.89,,1.8,0.0
1010,ATOM,1010,CA,PRO,A,134,1.0,18.03,,1.8,0.0
1011,ATOM,1011,C,PRO,A,134,1.0,19.17,,1.8,0.0
1012,ATOM,1012,O,PRO,A,134,1.0,18.61,,1.8,0.0
1013,ATOM,1013,CB,PRO,A,134,1.0,19.02,,1.8,0.0
1014,ATOM,1014,CG,PRO,A,134,1.0,18.53,,1.8,0.0
1015,ATOM,1015,CD,PRO,A,134,1.0,17.26,,1.8,0.0
1016,ATOM,1016,N,GLU,A,135,1.0,20.16,,1.8,0.0
1017,ATOM,1017,CA,GLU,A,135,1.0,23.15,,1.8,0.0
1018,ATOM,1018,C,GLU,A,135,1.0,20.49,,1.8,0.0
1019,ATOM,1019,O,GLU,A,135,1.0,20.99,,1.8,0.0
1020,ATOM,1020,CB,GLU,A,135,1.0,25.14,,1.8,0.0
1021,ATOM,1021,CG,GLU,A,135,1.0,27.07,,1.8,0.0
1022,ATOM,1022,CD,GLU,A,135,1.0,30.15,,1.8,0.0
1023,ATOM,1023,OE1,GLU,A,135,1.0,30.97,,1.8,0.0
1024,ATOM,1024,OE2,GLU,A,135,1.0,28.74,,1.8,0.0
1025,ATOM,1025,N,GLN,A,136,1.0,20.08,,1.8,0.0
1026,ATOM,1026,CA,GLN,A,136,1.0,19.73,,1.8,0.0
1027,ATOM,1027,C,GLN,A,136,1.0,19.69,,1.8,0.0
1028,ATOM,1028,O,GLN,A,136,1.0,21.51,,1.8,0.0
1029,ATOM,1029,CB,GLN,A,136,1.0,20.01,,1.8,0.0
1030,ATOM,1030,CG,GLN,A,136,1.0,19.46,,1.8,0.0
1031,ATOM,1031,CD,GLN,A,136,1.0,20.74,,1.8,0.0
1032,ATOM,1032,OE1,GLN,A,136,1.0,23.13,,1.8,0.0
1033,ATOM,1033,NE2,GLN,A,136,1.0,22.77,,1.8,0.0
1034,ATOM,1034,N,ALA,A,137,1.0,17.55,,1.8,0.0
1035,ATOM,1035,CA,ALA,A,137,1.0,17.05,,1.8,0.0
1036,ATOM,1036,C,ALA,A,137,1.0,16.33,,1.8,0.0
1037,ATOM,1037,O,ALA,A,137,1.0,16.33,,1.8,0.0
1038,ATOM,1038,CB,ALA,A,137,1.0,16.85,,1.8,0.0
1039,ATOM,1039,N,GLU,A,138,1.0,14.93,,1.8,0.0
1040,ATOM,1040,CA,GLU,A,138,1.0,14.75,,1.8,0.0
1041,ATOM,1041,C,GLU,A,138,1.0,15.68,,1.8,0.0
1042,ATOM,1042,O,GLU,A,138,1.0,15.75,,1.8,0.0
1043,ATOM,1043,CB,GLU,A,138,1.0,15.73,,1.8,0.0
1044,ATOM,1044,CG,GLU,A,138,1.0,15.59,,1.8,0.0
1045,ATOM,1045,CD,GLU,A,138,1.0,18.71,,1.8,0.0
1046,ATOM,1046,OE1,GLU,A,138,1.0,18.96,,1.8,0.0
1047,ATOM,1047,OE2,GLU,A,138,1.0,19.34,,1.8,0.0
1048,ATOM,1048,N,ALA,A,139,1.0,15.94,,1.8,0.0
1049,ATOM,1049,CA,ALA,A,139,1.0,16.21,,1.8,0.0
1050,ATOM,1050,C,ALA,A,139,1.0,16.44,,1.8,0.0
1051,ATOM,1051,O,ALA,A,139,1.0,16.49,,1.8,0.0
1052,ATOM,1052,CB,ALA,A,139,1.0,17.46,,1.8,0.0
1053,ATOM,1053,N,PHE,A,140,1.0,16.2,,1.8,0.0
1054,ATOM,1054,CA,PHE,A,140,1.0,16.25,,1.8,0.0
1055,ATOM,1055,C,PHE,A,140,1.0,15.32,,1.8,0.0
1056,ATOM,1056,O,PHE,A,140,1.0,14.58,,1.8,0.0
1057,ATOM,1057,CB,PHE,A,140,1.0,15.09,,1.8,0.0
1058,ATOM,1058,CG,PHE,A,140,1.0,13.54,,1.8,0.0
1059,ATOM,1059,CD1,PHE,A,140,1.0,13.79,,1.8,0.0
1060,ATOM,1060,CD2,PHE,A,140,1.0,13.43,,1.8,0.0
1061,ATOM,1061,CE1,PHE,A,140,1.0,13.67,,1.8,0.0
1062,ATOM,1062,CE2,PHE,A,140,1.0,13.08,,1.8,0.0
1063,ATOM,1063,CZ,PHE,A,140,1.0,13.31,,1.8,0.0
1064,ATOM,1064,N,TYR,A,141,1.0,15.64,,1.8,0.0
1065,ATOM,1065,CA,TYR,A,141,1.0,15.18,,1.8,0.0
1066,ATOM,1066,C,TYR,A,141,1.0,16.27,,1.8,0.0
1067,ATOM,1067,O,TYR,A,141,1.0,15.99,,1.8,0.0
1068,ATOM,1068,CB,TYR,A,141,1.0,15.38,,1.8,0.0
1069,ATOM,1069,CG,TYR,A,141,1.0,16.74,,1.8,0.0
1070,ATOM,1070,CD1,TYR,A,141,1.0,16.61,,1.8,0.0
1071,ATOM,1071,CD2,TYR,A,141,1.0,16.79,,1.8,0.0
1072,ATOM,1072,CE1,TYR,A,141,1.0,16.06,,1.8,0.0
1073,ATOM,1073,CE2,TYR,A,141,1.0,16.94,,1.8,0.0
1074,ATOM,1074,CZ,TYR,A,141,1.0,17.74,,1.8,0.0
1075,ATOM,1075,OH,TYR,A,141,1.0,24.13,,1.8,0.0
1076,ATOM,1076,N,HIS,A,142,1.0,17.78,,1.8,0.0
1077,ATOM,1077,CA,HIS,A,142,1.0,18.25,,1.8,0.0
1078,ATOM,1078,C,HIS,A,142,1.0,17.44,,1.8,0.0
1079,ATOM,1079,O,HIS,A,142,1.0,16.98,,1.8,0.0
1080,ATOM,1080,CB,HIS,A,142,1.0,22.07,,1.8,0.0
1081,ATOM,1081,CG,HIS,A,142,1.0,24.97,,1.8,0.0
1082,ATOM,1082,ND1,HIS,A,142,1.0,29.25,,1.8,0.0
1083,ATOM,1083,CD2,HIS,A,142,1.0,25.27,,1.8,0.0
1084,ATOM,1084,CE1,HIS,A,142,1.0,28.57,,1.8,0.0
1085,ATOM,1085,NE2,HIS,A,142,1.0,28.47,,1.8,0.0
1086,ATOM,1086,N,ARG,A,143,1.0,17.56,,1.8,0.0
1087,ATOM,1087,CA,ARG,A,143,1.0,16.38,,1.8,0.0
1088,ATOM,1088,C,ARG,A,143,1.0,17.11,,1.8,0.0
1089,ATOM,1089,O,ARG,A,143,1.0,17.49,,1.8,0.0
1090,ATOM,1090,CB,ARG,A,143,1.0,16.68,,1.8,0.0
1091,ATOM,1091,CG,ARG,A,143,1.0,17.38,,1.8,0.0
1092,ATOM,1092,CD,ARG,A,143,1.0,16.98,,1.8,0.0
1093,ATOM,1093,NE,ARG,A,143,1.0,16.71,,1.8,0.0
1094,ATOM,1094,CZ,ARG,A,143,1.0,14.43,,1.8,0.0
1095,ATOM,1095,NH1,ARG,A,143,1.0,13.51,,1.8,0.0
1096,ATOM,1096,NH2,ARG,A,143,1.0,13.47,,1.8,0.0
1097,ATOM,1097,N,LEU,A,144,1.0,15.51,,1.8,0.0
1098,ATOM,1098,CA,LEU,A,144,1.0,14.93,,1.8,0.0
1099,ATOM,1099,C,LEU,A,144,1.0,14.03,,1.8,0.0
1100,ATOM,1100,O,LEU,A,144,1.0,14.51,,1.8,0.0
1101,ATOM,1101,CB,LEU,A,144,1.0,15.12,,1.8,0.0
1102,ATOM,1102,CG,LEU,A,144,1.0,14.14,,1.8,0.0
1103,ATOM,1103,CD1,LEU,A,144,1.0,13.9,,1.8,0.0
1104,ATOM,1104,CD2,LEU,A,144,1.0,14.67,,1.8,0.0
1105,ATOM,1105,N,THR,A,145,1.0,15.31,,1.8,0.0
1106,ATOM,1106,CA,THR,A,145,1.0,14.85,,1.8,0.0
1107,ATOM,1107,C,THR,A,145,1.0,15.78,,1.8,0.0
1108,ATOM,1108,O,THR,A,145,1.0,14.11,,1.8,0.0
1109,ATOM,1109,CB,THR,A,145,1.0,15.64,,1.8,0.0
1110,ATOM,1110,OG1,THR,A,145,1.0,15.32,,1.8,0.0
1111,ATOM,1111,CG2,THR,A,145,1.0,14.43,,1.8,0.0
1112,ATOM,1112,N,GLN,A,146,1.0,17.69,,1.8,0.0
1113,ATOM,1113,CA,GLN,A,146,1.0,17.57,,1.8,0.0
1114,ATOM,1114,C,GLN,A,146,1.0,20.45,,1.8,0.0
1115,ATOM,1115,O,GLN,A,146,1.0,19.41,,1.8,0.0
1116,ATOM,1116,CB,GLN,A,146,1.0,19.71,,1.8,0.0
1117,ATOM,1117,CG,GLN,A,146,1.0,19.42,,1.8,0.0
1118,ATOM,1118,CD,GLN,A,146,1.0,23.31,,1.8,0.0
1119,ATOM,1119,OE1,GLN,A,146,1.0,23.85,,1.8,0.0
1120,ATOM,1120,NE2,GLN,A,146,1.0,24.73,,1.8,0.0
1121,ATOM,1121,N,CYS,A,147,0.5,21.02,,1.8,0.0
1122,ATOM,1122,CA,CYS,A,147,0.5,22.27,,1.8,0.0
1123,ATOM,1123,C,CYS,A,147,0.5,19.44,,1.8,0.0
1124,ATOM,1124,O,CYS,A,147,0.5,19.3,,1.8,0.0
1125,ATOM,1125,CB,CYS,A,147,0.5,25.1,,1.8,0.0
1126,ATOM,1126,SG,CYS,A,147,0.5,31.27,,1.8,0.0
1127,ATOM,1127,N,LYS,A,148,1.0,18.85,,1.8,0.0
1128,ATOM,1128,CA,LYS,A,148,1.0,20.4,,1.8,0.0
1129,ATOM,1129,C,LYS,A,148,1.0,19.67,,1.8,0.0
1130,ATOM,1130,O,LYS,A,148,1.0,19.21,,1.8,0.0
1131,ATOM,1131,CB,LYS,A,148,1.0,19.98,,1.8,0.0
1132,ATOM,1132,N,ASN,A,149,1.0,17.83,,1.8,0.0
1133,ATOM,1133,CA,ASN,A,149,1.0,17.48,,1.8,0.0
1134,ATOM,1134,C,ASN,A,149,1.0,15.86,,1.8,0.0
1135,ATOM,1135,O,ASN,A,149,1.0,17.1,,1.8,0.0
1136,ATOM,1136,CB,ASN,A,149,1.0,18.7,,1.8,0.0
1137,ATOM,1137,CG,ASN,A,149,1.0,17.63,,1.8,0.0
1138,ATOM,1138,OD1,ASN,A,149,1.0,19.17,,1.8,0.0
1139,ATOM,1139,ND2,ASN,A,149,1.0,19.23,,1.8,0.0
1140,ATOM,1140,N,VAL,A,150,1.0,17.41,,1.8,0.0
1141,ATOM,1141,CA,VAL,A,150,1.0,17.0,,1.8,0.0
1142,ATOM,1142,C,VAL,A,150,1.0,16.06,,1.8,0.0
1143,ATOM,1143,O,VAL,A,150,1.0,17.19,,1.8,0.0
1144,ATOM,1144,CB,VAL,A,150,1.0,17.13,,1.8,0.0
1145,ATOM,1145,CG1,VAL,A,150,1.0,18.22,,1.8,0.0
1146,ATOM,1146,CG2,VAL,A,150,1.0,17.7,,1.8,0.0
1147,ATOM,1147,N,ARG,A,151,1.0,17.95,,1.8,0.0
1148,ATOM,1148,CA,ARG,A,151,1.0,20.39,,1.8,0.0
1149,ATOM,1149,C,ARG,A,151,1.0,21.16,,1.8,0.0
1150,ATOM,1150,O,ARG,A,151,1.0,26.61,,1.8,0.0
1151,ATOM,1151,CB,ARG,A,151,1.0,23.52,,1.8,0.0
1152,ATOM,1152,CG,ARG,A,151,1.0,27.77,,1.8,0.0
1153,ATOM,1153,CD,ARG,A,151,1.0,27.53,,1.8,0.0
1154,ATOM,1154,NE,ARG,A,151,1.0,30.51,,1.8,0.0
1155,ATOM,1155,CZ,ARG,A,151,1.0,36.0,,1.8,0.0
1156,ATOM,1156,NH1,ARG,A,151,1.0,30.67,,1.8,0.0
1157,ATOM,1157,NH2,ARG,A,151,1.0,32.36,,1.8,0.0
1158,ATOM,1158,N,GLN,A,152,1.0,19.27,,1.8,0.0
1159,ATOM,1159,CA,GLN,A,152,1.0,18.2,,1.8,0.0
1160,ATOM,1160,C,GLN,A,152,1.0,17.31,,1.8,0.0
1161,ATOM,1161,O,GLN,A,152,1.0,14.35,,1.8,0.0
1162,ATOM,1162,CB,GLN,A,152,1.0,19.53,,1.8,0.0
1163,ATOM,1163,CG,GLN,A,152,1.0,19.19,,1.8,0.0
1164,ATOM,1164,CD,GLN,A,152,1.0,21.84,,1.8,0.0
1165,ATOM,1165,OE1,GLN,A,152,1.0,23.42,,1.8,0.0
1166,ATOM,1166,NE2,GLN,A,152,1.0,20.31,,1.8,0.0
1167,ATOM,1167,N,PRO,A,153,1.0,17.7,,1.8,0.0
1168,ATOM,1168,CA,PRO,A,153,1.0,16.9,,1.8,0.0
1169,ATOM,1169,C,PRO,A,153,1.0,16.25,,1.8,0.0
1170,ATOM,1170,O,PRO,A,153,1.0,13.36,,1.8,0.0
1171,ATOM,1171,CB,PRO,A,153,1.0,16.84,,1.8,0.0
1172,ATOM,1172,CG,PRO,A,153,1.0,19.26,,1.8,0.0
1173,ATOM,1173,CD,PRO,A,153,1.0,19.3,,1.8,0.0
1174,ATOM,1174,N,VAL,A,154,1.0,15.17,,1.8,0.0
1175,ATOM,1175,CA,VAL,A,154,1.0,13.08,,1.8,0.0
1176,ATOM,1176,C,VAL,A,154,1.0,12.23,,1.8,0.0
1177,ATOM,1177,O,VAL,A,154,1.0,12.23,,1.8,0.0
1178,ATOM,1178,CB,VAL,A,154,1.0,13.15,,1.8,0.0
1179,ATOM,1179,CG1,VAL,A,154,1.0,13.27,,1.8,0.0
1180,ATOM,1180,CG2,VAL,A,154,1.0,12.91,,1.8,0.0
1181,ATOM,1181,N,ASN,A,155,1.0,11.25,,1.8,0.0
1182,ATOM,1182,CA,ASN,A,155,1.0,11.37,,1.8,0.0
1183,ATOM,1183,C,ASN,A,155,1.0,11.37,,1.8,0.0
1184,ATOM,1184,O,ASN,A,155,1.0,10.08,,1.8,0.0
1185,ATOM,1185,CB,ASN,A,155,1.0,11.65,,1.8,0.0
1186,ATOM,1186,CG,ASN,A,155,1.0,11.69,,1.8,0.0
1187,ATOM,1187,OD1,ASN,A,155,1.0,11.45,,1.8,0.0
1188,ATOM,1188,ND2,ASN,A,155,1.0,13.6,,1.8,0.0
1189,ATOM,1189,N,ILE,A,156,1.0,11.53,,1.8,0.0
1190,ATOM,1190,CA,ILE,A,156,1.0,10.58,,1.8,0.0
1191,ATOM,1191,C,ILE,A,156,1.0,10.33,,1.8,0.0
1192,ATOM,1192,O,ILE,A,156,1.0,10.01,,1.8,0.0
1193,ATOM,1193,CB,ILE,A,156,1.0,11.51,,1.8,0.0
1194,ATOM,1194,CG1,ILE,A,156,1.0,11.98,,1.8,0.0
1195,ATOM,1195,CG2,ILE,A,156,1.0,11.24,,1.8,0.0
1196,ATOM,1196,CD1,ILE,A,156,1.0,13.38,,1.8,0.0
1197,ATOM,1197,N,VAL,A,157,1.0,10.06,,1.8,0.0
1198,ATOM,1198,CA,VAL,A,157,1.0,9.4,,1.8,0.0
1199,ATOM,1199,C,VAL,A,157,1.0,10.1,,1.8,0.0
1200,ATOM,1200,O,VAL,A,157,1.0,9.88,,1.8,0.0
1201,ATOM,1201,CB,VAL,A,157,1.0,9.68,,1.8,0.0
1202,ATOM,1202,CG1,VAL,A,157,1.0,9.03,,1.8,0.0
1203,ATOM,1203,CG2,VAL,A,157,1.0,10.11,,1.8,0.0
1204,ATOM,1204,N,SER,A,158,1.0,9.54,,1.8,0.0
1205,ATOM,1205,CA,SER,A,158,1.0,9.69,,1.8,0.0
1206,ATOM,1206,C,SER,A,158,1.0,10.42,,1.8,0.0
1207,ATOM,1207,O,SER,A,158,1.0,10.02,,1.8,0.0
1208,ATOM,1208,CB,SER,A,158,1.0,9.71,,1.8,0.0
1209,ATOM,1209,OG,SER,A,158,1.0,10.15,,1.8,0.0
1210,ATOM,1210,N,HIS,A,159,1.0,10.29,,1.8,0.0
1211,ATOM,1211,CA,HIS,A,159,1.0,11.45,,1.8,0.0
1212,ATOM,1212,C,HIS,A,159,1.0,10.67,,1.8,0.0
1213,ATOM,1213,O,HIS,A,159,1.0,12.39,,1.8,0.0
1214,ATOM,1214,CB,HIS,A,159,1.0,11.01,,1.8,0.0
1215,ATOM,1215,CG,HIS,A,159,1.0,11.62,,1.8,0.0
1216,ATOM,1216,ND1,HIS,A,159,1.0,11.79,,1.8,0.0
1217,ATOM,1217,CD2,HIS,A,159,1.0,10.77,,1.8,0.0
1218,ATOM,1218,CE1,HIS,A,159,1.0,11.04,,1.8,0.0
1219,ATOM,1219,NE2,HIS,A,159,1.0,11.08,,1.8,0.0
1220,ATOM,1220,N,PHE,A,160,1.0,11.87,,1.8,0.0
1221,ATOM,1221,CA,PHE,A,160,1.0,13.65,,1.8,0.0
1222,ATOM,1222,C,PHE,A,160,1.0,15.67,,1.8,0.0
1223,ATOM,1223,O,PHE,A,160,1.0,18.26,,1.8,0.0
1224,ATOM,1224,CB,PHE,A,160,1.0,13.97,,1.8,0.0
1225,ATOM,1225,CG,PHE,A,160,1.0,14.3,,1.8,0.0
1226,ATOM,1226,CD1,PHE,A,160,1.0,13.57,,1.8,0.0
1227,ATOM,1227,CD2,PHE,A,160,1.0,13.78,,1.8,0.0
1228,ATOM,1228,CE1,PHE,A,160,1.0,14.11,,1.8,0.0
1229,ATOM,1229,CE2,PHE,A,160,1.0,15.28,,1.8,0.0
1230,ATOM,1230,CZ,PHE,A,160,1.0,14.32,,1.8,0.0
1231,ATOM,1231,N,ALA,A,161,1.0,15.52,,1.8,0.0
1232,ATOM,1232,CA,ALA,A,161,1.0,16.79,,1.8,0.0
1233,ATOM,1233,C,ALA,A,161,1.0,17.37,,1.8,0.0
1234,ATOM,1234,O,ALA,A,161,1.0,16.14,,1.8,0.0
1235,ATOM,1235,CB,ALA,A,161,1.0,16.57,,1.8,0.0
1236,ATOM,1236,N,ARG,A,162,1.0,19.47,,1.8,0.0
1237,ATOM,1237,CA,ARG,A,162,1.0,22.98,,1.8,0.0
1238,ATOM,1238,C,ARG,A,162,1.0,23.81,,1.8,0.0
1239,ATOM,1239,O,ARG,A,162,1.0,23.55,,1.8,0.0
1240,ATOM,1240,CB,ARG,A,162,1.0,25.54,,1.8,0.0
1241,ATOM,1241,CG,ARG,A,162,1.0,27.93,,1.8,0.0
1242,ATOM,1242,CD,ARG,A,162,1.0,29.06,,1.8,0.0
1243,ATOM,1243,NE,ARG,A,162,1.0,29.82,,1.8,0.0
1244,ATOM,1244,CZ,ARG,A,162,1.0,33.75,,1.8,0.0
1245,ATOM,1245,NH1,ARG,A,162,1.0,36.22,,1.8,0.0
1246,ATOM,1246,NH2,ARG,A,162,1.0,31.47,,1.8,0.0
1247,ATOM,1247,N,ALA,A,163,1.0,22.47,,1.8,0.0
1248,ATOM,1248,CA,ALA,A,163,1.0,24.7,,1.8,0.0
1249,ATOM,1249,C,ALA,A,163,1.0,26.42,,1.8,0.0
1250,ATOM,1250,O,ALA,A,163,1.0,25.62,,1.8,0.0
1251,ATOM,1251,CB,ALA,A,163,1.0,25.01,,1.8,0.0
1252,ATOM,1252,N,ASP,A,164,1.0,27.62,,1.8,0.0
1253,ATOM,1253,CA,ASP,A,164,1.0,28.12,,1.8,0.0
1254,ATOM,1254,C,ASP,A,164,1.0,28.44,,1.8,0.0
1255,ATOM,1255,O,ASP,A,164,1.0,29.59,,1.8,0.0
1256,ATOM,1256,CB,ASP,A,164,1.0,29.27,,1.8,0.0
1257,ATOM,1257,CG,ASP,A,164,1.0,32.29,,1.8,0.0
1258,ATOM,1258,OD1,ASP,A,164,1.0,29.45,,1.8,0.0
1259,ATOM,1259,OD2,ASP,A,164,1.0,34.92,,1.8,0.0
1260,ATOM,1260,N,GLU,A,165,1.0,31.71,,1.8,0.0
1261,ATOM,1261,CA,GLU,A,165,1.0,30.02,,1.8,0.0
1262,ATOM,1262,C,GLU,A,165,1.0,34.85,,1.8,0.0
1263,ATOM,1263,O,GLU,A,165,1.0,26.98,,1.8,0.0
1264,ATOM,1264,CB,GLU,A,165,1.0,30.86,,1.8,0.0
1265,ATOM,1265,CG,GLU,A,165,1.0,30.45,,1.8,0.0
1266,ATOM,1266,CD,GLU,A,165,1.0,30.22,,1.8,0.0
1267,ATOM,1267,OE1,GLU,A,165,1.0,26.24,,1.8,0.0
1268,ATOM,1268,OE2,GLU,A,165,1.0,27.65,,1.8,0.0
1269,ATOM,1269,N,PRO,A,166,1.0,37.01,,1.8,0.0
1270,ATOM,1270,CA,PRO,A,166,1.0,42.59,,1.8,0.0
1271,ATOM,1271,C,PRO,A,166,1.0,44.35,,1.8,0.0
1272,ATOM,1272,O,PRO,A,166,1.0,50.67,,1.8,0.0
1273,ATOM,1273,CB,PRO,A,166,1.0,41.65,,1.8,0.0
1274,ATOM,1274,CG,PRO,A,166,1.0,42.0,,1.8,0.0
1275,ATOM,1275,CD,PRO,A,166,1.0,38.17,,1.8,0.0
1276,ATOM,1276,N,LYS,A,167,1.0,47.16,,1.8,0.0
1277,ATOM,1277,CA,LYS,A,167,1.0,49.29,,1.8,0.0
1278,ATOM,1278,C,LYS,A,167,1.0,49.54,,1.8,0.0
1279,ATOM,1279,O,LYS,A,167,1.0,46.66,,1.8,0.0
1280,ATOM,1280,CB,LYS,A,167,1.0,53.68,,1.8,0.0
1281,ATOM,1281,CG,LYS,A,167,1.0,59.9,,1.8,0.0
1282,ATOM,1282,CD,LYS,A,167,1.0,64.79,,1.8,0.0
1283,ATOM,1283,CE,LYS,A,167,1.0,65.23,,1.8,0.0
1284,ATOM,1284,NZ,LYS,A,167,1.0,64.06,,1.8,0.0
1285,ATOM,1285,N,CYS,A,168,1.0,46.46,,1.8,0.0
1286,ATOM,1286,CA,CYS,A,168,1.0,46.68,,1.8,0.0
1287,ATOM,1287,C,CYS,A,168,1.0,39.78,,1.8,0.0
1288,ATOM,1288,O,CYS,A,168,1.0,43.76,,1.8,0.0
1289,ATOM,1289,CB,CYS,A,168,1.0,43.4,,1.8,0.0
1290,ATOM,1290,SG,CYS,A,168,1.0,50.45,,1.8,0.0
1291,ATOM,1291,N,GLY,A,169,1.0,35.83,,1.8,0.0
1292,ATOM,1292,CA,GLY,A,169,1.0,33.36,,1.8,0.0
1293,ATOM,1293,C,GLY,A,169,1.0,29.51,,1.8,0.0
1294,ATOM,1294,O,GLY,A,169,1.0,22.47,,1.8,0.0
1295,ATOM,1295,N,ALA,A,170,1.0,29.28,,1.8,0.0
1296,ATOM,1296,CA,ALA,A,170,1.0,25.85,,1.8,0.0
1297,ATOM,1297,C,ALA,A,170,1.0,24.67,,1.8,0.0
1298,ATOM,1298,O,ALA,A,170,1.0,23.34,,1.8,0.0
1299,ATOM,1299,CB,ALA,A,170,1.0,25.63,,1.8,0.0
1300,ATOM,1300,N,THR,A,171,1.0,21.38,,1.8,0.0
1301,ATOM,1301,CA,THR,A,171,1.0,22.23,,1.8,0.0
1302,ATOM,1302,C,THR,A,171,1.0,20.21,,1.8,0.0
1303,ATOM,1303,O,THR,A,171,1.0,22.4,,1.8,0.0
1304,ATOM,1304,CB,THR,A,171,1.0,22.05,,1.8,0.0
1305,ATOM,1305,OG1,THR,A,171,1.0,18.44,,1.8,0.0
1306,ATOM,1306,CG2,THR,A,171,1.0,24.17,,1.8,0.0
1307,ATOM,1307,N,GLU,A,172,0.5,17.93,,1.8,0.0
1308,ATOM,1308,CA,GLU,A,172,0.5,17.35,,1.8,0.0
1309,ATOM,1309,C,GLU,A,172,0.5,17.01,,1.8,0.0
1310,ATOM,1310,O,GLU,A,172,0.5,15.73,,1.8,0.0
1311,ATOM,1311,CB,GLU,A,172,0.5,16.97,,1.8,0.0
1312,ATOM,1312,CG,GLU,A,172,0.5,17.03,,1.8,0.0
1313,ATOM,1313,CD,GLU,A,172,0.5,17.73,,1.8,0.0
1314,ATOM,1314,OE1,GLU,A,172,0.5,19.34,,1.8,0.0
1315,ATOM,1315,OE2,GLU,A,172,0.5,16.9,,1.8,0.0
1316,ATOM,1316,N,LYS,A,173,1.0,17.95,,1.8,0.0
1317,ATOM,1317,CA,LYS,A,173,1.0,18.79,,1.8,0.0
1318,ATOM,1318,C,LYS,A,173,1.0,19.21,,1.8,0.0
1319,ATOM,1319,O,LYS,A,173,1.0,17.34,,1.8,0.0
1320,ATOM,1320,CB,LYS,A,173,1.0,24.59,,1.8,0.0
1321,ATOM,1321,CG,LYS,A,173,1.0,25.45,,1.8,0.0
1322,ATOM,1322,CD,LYS,A,173,1.0,27.69,,1.8,0.0
1323,ATOM,1323,CE,LYS,A,173,1.0,28.0,,1.8,0.0
1324,ATOM,1324,NZ,LYS,A,173,1.0,28.1,,1.8,0.0
1325,ATOM,1325,N,GLN,A,174,1.0,19.4,,1.8,0.0
1326,ATOM,1326,CA,GLN,A,174,1.0,17.31,,1.8,0.0
1327,ATOM,1327,C,GLN,A,174,1.0,16.21,,1.8,0.0
1328,ATOM,1328,O,GLN,A,174,1.0,17.59,,1.8,0.0
1329,ATOM,1329,CB,GLN,A,174,1.0,16.18,,1.8,0.0
1330,ATOM,1330,CG,GLN,A,174,1.0,16.39,,1.8,0.0
1331,ATOM,1331,CD,GLN,A,174,1.0,17.77,,1.8,0.0
1332,ATOM,1332,OE1,GLN,A,174,1.0,19.37,,1.8,0.0
1333,ATOM,1333,NE2,GLN,A,174,1.0,17.95,,1.8,0.0
1334,ATOM,1334,N,LEU,A,175,1.0,14.85,,1.8,0.0
1335,ATOM,1335,CA,LEU,A,175,1.0,17.0,,1.8,0.0
1336,ATOM,1336,C,LEU,A,175,1.0,17.13,,1.8,0.0
1337,ATOM,1337,O,LEU,A,175,1.0,17.61,,1.8,0.0
1338,ATOM,1338,CB,LEU,A,175,1.0,17.15,,1.8,0.0
1339,ATOM,1339,CG,LEU,A,175,1.0,20.95,,1.8,0.0
1340,ATOM,1340,CD1,LEU,A,175,1.0,20.39,,1.8,0.0
1341,ATOM,1341,CD2,LEU,A,175,1.0,19.37,,1.8,0.0
1342,ATOM,1342,N,ALA,A,176,1.0,16.37,,1.8,0.0
1343,ATOM,1343,CA,ALA,A,176,1.0,19.49,,1.8,0.0
1344,ATOM,1344,C,ALA,A,176,1.0,18.54,,1.8,0.0
1345,ATOM,1345,O,ALA,A,176,1.0,18.05,,1.8,0.0
1346,ATOM,1346,CB,ALA,A,176,1.0,20.31,,1.8,0.0
1347,ATOM,1347,N,ILE,A,177,1.0,16.89,,1.8,0.0
1348,ATOM,1348,CA,ILE,A,177,1.0,16.48,,1.8,0.0
1349,ATOM,1349,C,ILE,A,177,1.0,16.2,,1.8,0.0
1350,ATOM,1350,O,ILE,A,177,1.0,16.97,,1.8,0.0
1351,ATOM,1351,CB,ILE,A,177,1.0,16.96,,1.8,0.0
1352,ATOM,1352,CG1,ILE,A,177,1.0,17.32,,1.8,0.0
1353,ATOM,1353,CG2,ILE,A,177,1.0,18.78,,1.8,0.0
1354,ATOM,1354,CD1,ILE,A,177,1.0,16.99,,1.8,0.0
1355,ATOM,1355,N,PHE,A,178,1.0,17.18,,1.8,0.0
1356,ATOM,1356,CA,PHE,A,178,1.0,17.26,,1.8,0.0
1357,ATOM,1357,C,PHE,A,178,1.0,16.17,,1.8,0.0
1358,ATOM,1358,O,PHE,A,178,1.0,16.81,,1.8,0.0
1359,ATOM,1359,CB,PHE,A,178,1.0,18.27,,1.8,0.0
1360,ATOM,1360,CG,PHE,A,178,1.0,17.6,,1.8,0.0
1361,ATOM,1361,CD1,PHE,A,178,1.0,16.79,,1.8,0.0
1362,ATOM,1362,CD2,PHE,A,178,1.0,18.99,,1.8,0.0
1363,ATOM,1363,CE1,PHE,A,178,1.0,16.24,,1.8,0.0
1364,ATOM,1364,CE2,PHE,A,178,1.0,17.32,,1.8,0.0
1365,ATOM,1365,CZ,PHE,A,178,1.0,17.7,,1.8,0.0
1366,ATOM,1366,N,ASN,A,179,1.0,16.83,,1.8,0.0
1367,ATOM,1367,CA,ASN,A,179,1.0,16.49,,1.8,0.0
1368,ATOM,1368,C,ASN,A,179,1.0,18.22,,1.8,0.0
1369,ATOM,1369,O,ASN,A,179,1.0,18.63,,1.8,0.0
1370,ATOM,1370,CB,ASN,A,179,1.0,16.98,,1.8,0.0
1371,ATOM,1371,CG,ASN,A,179,1.0,18.45,,1.8,0.0
1372,ATOM,1372,OD1,ASN,A,179,1.0,21.68,,1.8,0.0
1373,ATOM,1373,ND2,ASN,A,179,1.0,17.09,,1.8,0.0
1374,ATOM,1374,N,THR,A,180,1.0,18.45,,1.8,0.0
1375,ATOM,1375,CA,THR,A,180,1.0,17.76,,1.8,0.0
1376,ATOM,1376,C,THR,A,180,1.0,18.08,,1.8,0.0
1377,ATOM,1377,O,THR,A,180,1.0,19.63,,1.8,0.0
1378,ATOM,1378,CB,THR,A,180,1.0,20.51,,1.8,0.0
1379,ATOM,1379,OG1,THR,A,180,1.0,20.12,,1.8,0.0
1380,ATOM,1380,CG2,THR,A,180,1.0,19.45,,1.8,0.0
1381,ATOM,1381,N,PHE,A,181,1.0,18.32,,1.8,0.0
1382,ATOM,1382,CA,PHE,A,181,1.0,16.48,,1.8,0.0
1383,ATOM,1383,C,PHE,A,181,1.0,17.74,,1.8,0.0
1384,ATOM,1384,O,PHE,A,181,1.0,14.33,,1.8,0.0
1385,ATOM,1385,CB,PHE,A,181,1.0,16.33,,1.8,0.0
1386,ATOM,1386,CG,PHE,A,181,1.0,15.97,,1.8,0.0
1387,ATOM,1387,CD1,PHE,A,181,1.0,17.83,,1.8,0.0
1388,ATOM,1388,CD2,PHE,A,181,1.0,15.31,,1.8,0.0
1389,ATOM,1389,CE1,PHE,A,181,1.0,17.74,,1.8,0.0
1390,ATOM,1390,CE2,PHE,A,181,1.0,16.73,,1.8,0.0
1391,ATOM,1391,CZ,PHE,A,181,1.0,15.55,,1.8,0.0
1392,ATOM,1392,N,CYS,A,182,1.0,18.2,,1.8,0.0
1393,ATOM,1393,CA,CYS,A,182,1.0,18.33,,1.8,0.0
1394,ATOM,1394,C,CYS,A,182,1.0,19.03,,1.8,0.0
1395,ATOM,1395,O,CYS,A,182,1.0,18.12,,1.8,0.0
1396,ATOM,1396,CB,CYS,A,182,1.0,19.84,,1.8,0.0
1397,ATOM,1397,SG,CYS,A,182,1.0,21.04,,1.8,0.0
1398,ATOM,1398,N,GLU,A,183,1.0,19.94,,1.8,0.0
1399,ATOM,1399,CA,GLU,A,183,1.0,19.62,,1.8,0.0
1400,ATOM,1400,C,GLU,A,183,1.0,19.04,,1.8,0.0
1401,ATOM,1401,O,GLU,A,183,1.0,20.27,,1.8,0.0
1402,ATOM,1402,CB,GLU,A,183,1.0,21.87,,1.8,0.0
1403,ATOM,1403,CG,GLU,A,183,1.0,24.41,,1.8,0.0
1404,ATOM,1404,CD,GLU,A,183,1.0,24.56,,1.8,0.0
1405,ATOM,1405,OE1,GLU,A,183,1.0,25.59,,1.8,0.0
1406,ATOM,1406,OE2,GLU,A,183,1.0,25.16,,1.8,0.0
1407,ATOM,1407,N,GLY,A,184,1.0,19.36,,1.8,0.0
1408,ATOM,1408,CA,GLY,A,184,1.0,20.36,,1.8,0.0
1409,ATOM,1409,C,GLY,A,184,1.0,19.82,,1.8,0.0
1410,ATOM,1410,O,GLY,A,184,1.0,19.86,,1.8,0.0
1411,ATOM,1411,N,LYS,A,185,1.0,17.63,,1.8,0.0
1412,ATOM,1412,CA,LYS,A,185,1.0,15.29,,1.8,0.0
1413,ATOM,1413,C,LYS,A,185,1.0,14.11,,1.8,0.0
1414,ATOM,1414,O,LYS,A,185,1.0,13.3,,1.8,0.0
1415,ATOM,1415,CB,LYS,A,185,1.0,15.93,,1.8,0.0
1416,ATOM,1416,CG,LYS,A,185,1.0,16.89,,1.8,0.0
1417,ATOM,1417,CD,LYS,A,185,1.0,16.81,,1.8,0.0
1418,ATOM,1418,CE,LYS,A,185,1.0,18.56,,1.8,0.0
1419,ATOM,1419,NZ,LYS,A,185,1.0,18.09,,1.8,0.0
1420,ATOM,1420,N,PRO,A,186,1.0,14.5,,1.8,0.0
1421,ATOM,1421,CA,PRO,A,186,1.0,14.47,,1.8,0.0
1422,ATOM,1422,C,PRO,A,186,1.0,16.27,,1.8,0.0
1423,ATOM,1423,O,PRO,A,186,1.0,14.73,,1.8,0.0
1424,ATOM,1424,CB,PRO,A,186,1.0,14.53,,1.8,0.0
1425,ATOM,1425,CG,PRO,A,186,1.0,14.11,,1.8,0.0
1426,ATOM,1426,CD,PRO,A,186,1.0,13.88,,1.8,0.0
1427,ATOM,1427,N,GLY,A,187,1.0,15.54,,1.8,0.0
1428,ATOM,1428,CA,GLY,A,187,1.0,16.91,,1.8,0.0
1429,ATOM,1429,C,GLY,A,187,1.0,15.58,,1.8,0.0
1430,ATOM,1430,O,GLY,A,187,1.0,16.08,,1.8,0.0
1431,ATOM,1431,N,GLN,A,188,1.0,15.14,,1.8,0.0
1432,ATOM,1432,CA,GLN,A,188,1.0,15.14,,1.8,0.0
1433,ATOM,1433,C,GLN,A,188,1.0,13.78,,1.8,0.0
1434,ATOM,1434,O,GLN,A,188,1.0,12.95,,1.8,0.0
1435,ATOM,1435,CB,GLN,A,188,1.0,14.95,,1.8,0.0
1436,ATOM,1436,CG,GLN,A,188,1.0,15.53,,1.8,0.0
1437,ATOM,1437,CD,GLN,A,188,1.0,18.0,,1.8,0.0
1438,ATOM,1438,OE1,GLN,A,188,1.0,16.16,,1.8,0.0
1439,ATOM,1439,NE2,GLN,A,188,1.0,16.18,,1.8,0.0
1440,ATOM,1440,N,ARG,A,189,1.0,15.15,,1.8,0.0
1441,ATOM,1441,CA,ARG,A,189,1.0,14.05,,1.8,0.0
1442,ATOM,1442,C,ARG,A,189,1.0,13.47,,1.8,0.0
1443,ATOM,1443,O,ARG,A,189,1.0,11.05,,1.8,0.0
1444,ATOM,1444,CB,ARG,A,189,1.0,15.42,,1.8,0.0
1445,ATOM,1445,CG,ARG,A,189,1.0,17.08,,1.8,0.0
1446,ATOM,1446,CD,ARG,A,189,1.0,17.96,,1.8,0.0
1447,ATOM,1447,NE,ARG,A,189,1.0,18.83,,1.8,0.0
1448,ATOM,1448,CZ,ARG,A,189,1.0,21.68,,1.8,0.0
1449,ATOM,1449,NH1,ARG,A,189,1.0,26.38,,1.8,0.0
1450,ATOM,1450,NH2,ARG,A,189,1.0,23.65,,1.8,0.0
1451,ATOM,1451,N,SER,A,190,1.0,12.58,,1.8,0.0
1452,ATOM,1452,CA,SER,A,190,1.0,12.56,,1.8,0.0
1453,ATOM,1453,C,SER,A,190,1.0,11.42,,1.8,0.0
1454,ATOM,1454,O,SER,A,190,1.0,10.84,,1.8,0.0
1455,ATOM,1455,CB,SER,A,190,1.0,11.95,,1.8,0.0
1456,ATOM,1456,OG,SER,A,190,1.0,14.41,,1.8,0.0
1457,ATOM,1457,N,ILE,A,191,1.0,13.39,,1.8,0.0
1458,ATOM,1458,CA,ILE,A,191,1.0,12.49,,1.8,0.0
1459,ATOM,1459,C,ILE,A,191,1.0,11.17,,1.8,0.0
1460,ATOM,1460,O,ILE,A,191,1.0,10.33,,1.8,0.0
1461,ATOM,1461,CB,ILE,A,191,1.0,14.07,,1.8,0.0
1462,ATOM,1462,CG1,ILE,A,191,1.0,14.59,,1.8,0.0
1463,ATOM,1463,CG2,ILE,A,191,1.0,14.69,,1.8,0.0
1464,ATOM,1464,CD1,ILE,A,191,1.0,15.68,,1.8,0.0
1465,ATOM,1465,N,ALA,A,192,1.0,11.45,,1.8,0.0
1466,ATOM,1466,CA,ALA,A,192,1.0,10.41,,1.8,0.0
1467,ATOM,1467,C,ALA,A,192,1.0,10.79,,1.8,0.0
1468,ATOM,1468,O,ALA,A,192,1.0,11.93,,1.8,0.0
1469,ATOM,1469,CB,ALA,A,192,1.0,11.09,,1.8,0.0
1470,ATOM,1470,N,ALA,A,193,1.0,10.26,,1.8,0.0
1471,ATOM,1471,CA,ALA,A,193,1.0,10.14,,1.8,0.0
1472,ATOM,1472,C,ALA,A,193,1.0,10.92,,1.8,0.0
1473,ATOM,1473,O,ALA,A,193,1.0,12.02,,1.8,0.0
1474,ATOM,1474,CB,ALA,A,193,1.0,9.92,,1.8,0.0
1475,ATOM,1475,N,SER,A,194,1.0,10.21,,1.8,0.0
1476,ATOM,1476,CA,SER,A,194,1.0,11.44,,1.8,0.0
1477,ATOM,1477,C,SER,A,194,1.0,11.57,,1.8,0.0
1478,ATOM,1478,O,SER,A,194,1.0,14.15,,1.8,0.0
1479,ATOM,1479,CB,SER,A,194,1.0,11.62,,1.8,0.0
1480,ATOM,1480,OG,SER,A,194,1.0,13.21,,1.8,0.0
1481,ATOM,1481,N,GLY,A,195,1.0,11.18,,1.8,0.0
1482,ATOM,1482,CA,GLY,A,195,1.0,11.71,,1.8,0.0
1483,ATOM,1483,C,GLY,A,195,1.0,11.74,,1.8,0.0
1484,ATOM,1484,O,GLY,A,195,1.0,11.84,,1.8,0.0
1485,ATOM,1485,N,GLY,A,196,1.0,11.68,,1.8,0.0
1486,ATOM,1486,CA,GLY,A,196,1.0,12.62,,1.8,0.0
1487,ATOM,1487,C,GLY,A,196,1.0,14.18,,1.8,0.0
1488,ATOM,1488,O,GLY,A,196,1.0,15.6,,1.8,0.0
1489,ATOM,1489,N,ILE,A,197,1.0,13.16,,1.8,0.0
1490,ATOM,1490,CA,ILE,A,197,1.0,12.54,,1.8,0.0
1491,ATOM,1491,C,ILE,A,197,1.0,14.02,,1.8,0.0
1492,ATOM,1492,O,ILE,A,197,1.0,15.08,,1.8,0.0
1493,ATOM,1493,CB,ILE,A,197,1.0,11.91,,1.8,0.0
1494,ATOM,1494,CG1,ILE,A,197,1.0,11.9,,1.8,0.0
1495,ATOM,1495,CG2,ILE,A,197,1.0,12.28,,1.8,0.0
1496,ATOM,1496,CD1,ILE,A,197,1.0,11.76,,1.8,0.0
1497,ATOM,1497,N,LEU,A,198,1.0,16.0,,1.8,0.0
1498,ATOM,1498,CA,LEU,A,198,1.0,15.32,,1.8,0.0
1499,ATOM,1499,C,LEU,A,198,1.0,15.94,,1.8,0.0
1500,ATOM,1500,O,LEU,A,198,1.0,17.53,,1.8,0.0
1501,ATOM,1501,CB,LEU,A,198,1.0,14.52,,1.8,0.0
1502,ATOM,1502,CG,LEU,A,198,1.0,13.71,,1.8,0.0
1503,ATOM,1503,CD1,LEU,A,198,1.0,14.65,,1.8,0.0
1504,ATOM,1504,CD2,LEU,A,198,1.0,13.81,,1.8,0.0
1505,ATOM,1505,N,LEU,A,199,1.0,16.6,,1.8,0.0
1506,ATOM,1506,CA,LEU,A,199,1.0,17.5,,1.8,0.0
1507,ATOM,1507,C,LEU,A,199,1.0,19.61,,1.8,0.0
1508,ATOM,1508,O,LEU,A,199,1.0,18.43,,1.8,0.0
1509,ATOM,1509,CB,LEU,A,199,1.0,16.12,,1.8,0.0
1510,ATOM,1510,CG,LEU,A,199,1.0,18.47,,1.8,0.0
1511,ATOM,1511,CD1,LEU,A,199,1.0,18.1,,1.8,0.0
1512,ATOM,1512,CD2,LEU,A,199,1.0,19.05,,1.8,0.0
1513,ATOM,1513,N,TRP,A,200,1.0,19.8,,1.8,0.0
1514,ATOM,1514,CA,TRP,A,200,1.0,19.48,,1.8,0.0
1515,ATOM,1515,C,TRP,A,200,1.0,19.75,,1.8,0.0
1516,ATOM,1516,O,TRP,A,200,1.0,18.39,,1.8,0.0
1517,ATOM,1517,CB,TRP,A,200,1.0,20.04,,1.8,0.0
1518,ATOM,1518,CG,TRP,A,200,1.0,21.64,,1.8,0.0
1519,ATOM,1519,CD1,TRP,A,200,1.0,23.71,,1.8,0.0
1520,ATOM,1520,CD2,TRP,A,200,1.0,24.18,,1.8,0.0
1521,ATOM,1521,NE1,TRP,A,200,1.0,24.97,,1.8,0.0
1522,ATOM,1522,CE2,TRP,A,200,1.0,24.09,,1.8,0.0
1523,ATOM,1523,CE3,TRP,A,200,1.0,23.94,,1.8,0.0
1524,ATOM,1524,CZ2,TRP,A,200,1.0,24.34,,1.8,0.0
1525,ATOM,1525,CZ3,TRP,A,200,1.0,21.83,,1.8,0.0
1526,ATOM,1526,CH2,TRP,A,200,1.0,23.88,,1.8,0.0
1527,ATOM,1527,N,PRO,A,201,1.0,21.03,,1.8,0.0
1528,ATOM,1528,CA,PRO,A,201,1.0,19.68,,1.8,0.0
1529,ATOM,1529,C,PRO,A,201,1.0,18.66,,1.8,0.0
1530,ATOM,1530,O,PRO,A,201,1.0,18.29,,1.8,0.0
1531,ATOM,1531,CB,PRO,A,201,1.0,19.94,,1.8,0.0
1532,ATOM,1532,CG,PRO,A,201,1.0,21.0,,1.8,0.0
1533,ATOM,1533,CD,PRO,A,201,1.0,19.51,,1.8,0.0
1534,ATOM,1534,N,GLN,A,202,1.0,15.76,,1.8,0.0
1535,ATOM,1535,CA,GLN,A,202,1.0,17.8,,1.8,0.0
1536,ATOM,1536,C,GLN,A,202,1.0,15.56,,1.8,0.0
1537,ATOM,1537,O,GLN,A,202,1.0,16.6,,1.8,0.0
1538,ATOM,1538,CB,GLN,A,202,1.0,21.14,,1.8,0.0
1539,ATOM,1539,CG,GLN,A,202,1.0,24.29,,1.8,0.0
1540,ATOM,1540,CD,GLN,A,202,1.0,26.96,,1.8,0.0
1541,ATOM,1541,OE1,GLN,A,202,1.0,21.51,,1.8,0.0
1542,ATOM,1542,NE2,GLN,A,202,1.0,26.38,,1.8,0.0
1543,ATOM,1543,N,SER,A,203,1.0,15.81,,1.8,0.0
1544,ATOM,1544,CA,SER,A,203,1.0,13.72,,1.8,0.0
1545,ATOM,1545,C,SER,A,203,1.0,14.28,,1.8,0.0
1546,ATOM,1546,O,SER,A,203,1.0,15.38,,1.8,0.0
1547,ATOM,1547,CB,SER,A,203,1.0,14.8,,1.8,0.0
1548,ATOM,1548,OG,SER,A,203,1.0,12.82,,1.8,0.0
1549,ATOM,1549,N,HIS,A,204,1.0,14.76,,1.8,0.0
1550,ATOM,1550,CA,HIS,A,204,1.0,13.78,,1.8,0.0
1551,ATOM,1551,C,HIS,A,204,1.0,15.41,,1.8,0.0
1552,ATOM,1552,O,HIS,A,204,1.0,13.7,,1.8,0.0
1553,ATOM,1553,CB,HIS,A,204,1.0,13.6,,1.8,0.0
1554,ATOM,1554,CG,HIS,A,204,1.0,12.93,,1.8,0.0
1555,ATOM,1555,ND1,HIS,A,204,1.0,13.57,,1.8,0.0
1556,ATOM,1556,CD2,HIS,A,204,1.0,13.6,,1.8,0.0
1557,ATOM,1557,CE1,HIS,A,204,1.0,13.78,,1.8,0.0
1558,ATOM,1558,NE2,HIS,A,204,1.0,14.86,,1.8,0.0
1559,ATOM,1559,N,PHE,A,205,1.0,15.43,,1.8,0.0
1560,ATOM,1560,CA,PHE,A,205,1.0,15.49,,1.8,0.0
1561,ATOM,1561,C,PHE,A,205,1.0,15.02,,1.8,0.0
1562,ATOM,1562,O,PHE,A,205,1.0,15.25,,1.8,0.0
1563,ATOM,1563,CB,PHE,A,205,1.0,16.39,,1.8,0.0
1564,ATOM,1564,CG,PHE,A,205,1.0,18.7,,1.8,0.0
1565,ATOM,1565,CD1,PHE,A,205,1.0,22.25,,1.8,0.0
1566,ATOM,1566,CD2,PHE,A,205,1.0,19.72,,1.8,0.0
1567,ATOM,1567,CE1,PHE,A,205,1.0,22.65,,1.8,0.0
1568,ATOM,1568,CE2,PHE,A,205,1.0,23.42,,1.8,0.0
1569,ATOM,1569,CZ,PHE,A,205,1.0,19.71,,1.8,0.0
1570,ATOM,1570,N,ASP,A,206,1.0,12.91,,1.8,0.0
1571,ATOM,1571,CA,ASP,A,206,1.0,12.23,,1.8,0.0
1572,ATOM,1572,C,ASP,A,206,1.0,11.93,,1.8,0.0
1573,ATOM,1573,O,ASP,A,206,1.0,13.34,,1.8,0.0
1574,ATOM,1574,CB,ASP,A,206,1.0,12.47,,1.8,0.0
1575,ATOM,1575,CG,ASP,A,206,1.0,14.51,,1.8,0.0
1576,ATOM,1576,OD1,ASP,A,206,1.0,16.58,,1.8,0.0
1577,ATOM,1577,OD2,ASP,A,206,1.0,13.99,,1.8,0.0
1578,ATOM,1578,N,TRP,A,207,1.0,11.45,,1.8,0.0
1579,ATOM,1579,CA,TRP,A,207,1.0,12.14,,1.8,0.0
1580,ATOM,1580,C,TRP,A,207,1.0,10.82,,1.8,0.0
1581,ATOM,1581,O,TRP,A,207,1.0,9.87,,1.8,0.0
1582,ATOM,1582,CB,TRP,A,207,1.0,12.46,,1.8,0.0
1583,ATOM,1583,CG,TRP,A,207,1.0,12.05,,1.8,0.0
1584,ATOM,1584,CD1,TRP,A,207,1.0,13.64,,1.8,0.0
1585,ATOM,1585,CD2,TRP,A,207,1.0,12.29,,1.8,0.0
1586,ATOM,1586,NE1,TRP,A,207,1.0,12.24,,1.8,0.0
1587,ATOM,1587,CE2,TRP,A,207,1.0,12.48,,1.8,0.0
1588,ATOM,1588,CE3,TRP,A,207,1.0,12.26,,1.8,0.0
1589,ATOM,1589,CZ2,TRP,A,207,1.0,13.62,,1.8,0.0
1590,ATOM,1590,CZ3,TRP,A,207,1.0,12.83,,1.8,0.0
1591,ATOM,1591,CH2,TRP,A,207,1.0,13.33,,1.8,0.0
1592,ATOM,1592,N,VAL,A,208,1.0,11.85,,1.8,0.0
1593,ATOM,1593,CA,VAL,A,208,1.0,10.4,,1.8,0.0
1594,ATOM,1594,C,VAL,A,208,1.0,9.97,,1.8,0.0
1595,ATOM,1595,O,VAL,A,208,1.0,11.24,,1.8,0.0
1596,ATOM,1596,CB,VAL,A,208,1.0,10.41,,1.8,0.0
1597,ATOM,1597,CG1,VAL,A,208,1.0,11.22,,1.8,0.0
1598,ATOM,1598,CG2,VAL,A,208,1.0,10.41,,1.8,0.0
1599,ATOM,1599,N,ARG,A,209,1.0,9.82,,1.8,0.0
1600,ATOM,1600,CA,ARG,A,209,1.0,10.08,,1.8,0.0
1601,ATOM,1601,C,ARG,A,209,1.0,9.88,,1.8,0.0
1602,ATOM,1602,O,ARG,A,209,1.0,9.07,,1.8,0.0
1603,ATOM,1603,CB,ARG,A,209,1.0,10.4,,1.8,0.0
1604,ATOM,1604,CG,ARG,A,209,1.0,9.93,,1.8,0.0
1605,ATOM,1605,CD,ARG,A,209,1.0,10.61,,1.8,0.0
1606,ATOM,1606,NE,ARG,A,209,1.0,11.04,,1.8,0.0
1607,ATOM,1607,CZ,ARG,A,209,1.0,12.25,,1.8,0.0
1608,ATOM,1608,NH1,ARG,A,209,1.0,11.01,,1.8,0.0
1609,ATOM,1609,NH2,ARG,A,209,1.0,12.95,,1.8,0.0
1610,ATOM,1610,N,PRO,A,210,1.0,10.71,,1.8,0.0
1611,ATOM,1611,CA,PRO,A,210,1.0,10.15,,1.8,0.0
1612,ATOM,1612,C,PRO,A,210,1.0,10.02,,1.8,0.0
1613,ATOM,1613,O,PRO,A,210,1.0,10.27,,1.8,0.0
1614,ATOM,1614,CB,PRO,A,210,1.0,9.97,,1.8,0.0
1615,ATOM,1615,CG,PRO,A,210,1.0,10.89,,1.8,0.0
1616,ATOM,1616,CD,PRO,A,210,1.0,10.12,,1.8,0.0
1617,ATOM,1617,N,GLY,A,211,1.0,9.4,,1.8,0.0
1618,ATOM,1618,CA,GLY,A,211,1.0,9.71,,1.8,0.0
1619,ATOM,1619,C,GLY,A,211,1.0,10.15,,1.8,0.0
1620,ATOM,1620,O,GLY,A,211,1.0,9.46,,1.8,0.0
1621,ATOM,1621,N,ILE,A,212,1.0,9.91,,1.8,0.0
1622,ATOM,1622,CA,ILE,A,212,1.0,10.85,,1.8,0.0
1623,ATOM,1623,C,ILE,A,212,1.0,10.16,,1.8,0.0
1624,ATOM,1624,O,ILE,A,212,1.0,10.43,,1.8,0.0
1625,ATOM,1625,CB,ILE,A,212,1.0,10.73,,1.8,0.0
1626,ATOM,1626,CG1,ILE,A,212,1.0,10.71,,1.8,0.0
1627,ATOM,1627,CG2,ILE,A,212,1.0,9.98,,1.8,0.0
1628,ATOM,1628,CD1,ILE,A,212,1.0,10.61,,1.8,0.0
1629,ATOM,1629,N,ILE,A,213,1.0,10.16,,1.8,0.0
1630,ATOM,1630,CA,ILE,A,213,1.0,10.25,,1.8,0.0
1631,ATOM,1631,C,ILE,A,213,1.0,10.06,,1.8,0.0
1632,ATOM,1632,O,ILE,A,213,1.0,9.75,,1.8,0.0
1633,ATOM,1633,CB,ILE,A,213,1.0,11.54,,1.8,0.0
1634,ATOM,1634,CG1,ILE,A,213,1.0,11.19,,1.8,0.0
1635,ATOM,1635,CG2,ILE,A,213,1.0,10.59,,1.8,0.0
1636,ATOM,1636,CD1,ILE,A,213,1.0,12.3,,1.8,0.0
1637,ATOM,1637,N,LEU,A,214,1.0,9.74,,1.8,0.0
1638,ATOM,1638,CA,LEU,A,214,1.0,10.3,,1.8,0.0
1639,ATOM,1639,C,LEU,A,214,1.0,9.52,,1.8,0.0
1640,ATOM,1640,O,LEU,A,214,1.0,10.84,,1.8,0.0
1641,ATOM,1641,CB,LEU,A,214,1.0,10.06,,1.8,0.0
1642,ATOM,1642,CG,LEU,A,214,1.0,10.33,,1.8,0.0
1643,ATOM,1643,CD1,LEU,A,214,1.0,10.82,,1.8,0.0
1644,ATOM,1644,CD2,LEU,A,214,1.0,9.91,,1.8,0.0
1645,ATOM,1645,N,TYR,A,215,1.0,9.26,,1.8,0.0
1646,ATOM,1646,CA,TYR,A,215,1.0,9.0,,1.8,0.0
1647,ATOM,1647,C,TYR,A,215,1.0,8.62,,1.8,0.0
1648,ATOM,1648,O,TYR,A,215,1.0,8.65,,1.8,0.0
1649,ATOM,1649,CB,TYR,A,215,1.0,8.64,,1.8,0.0
1650,ATOM,1650,CG,TYR,A,215,1.0,8.66,,1.8,0.0
1651,ATOM,1651,CD1,TYR,A,215,1.0,8.49,,1.8,0.0
1652,ATOM,1652,CD2,TYR,A,215,1.0,8.33,,1.8,0.0
1653,ATOM,1653,CE1,TYR,A,215,1.0,9.4,,1.8,0.0
1654,ATOM,1654,CE2,TYR,A,215,1.0,8.71,,1.8,0.0
1655,ATOM,1655,CZ,TYR,A,215,1.0,8.97,,1.8,0.0
1656,ATOM,1656,OH,TYR,A,215,1.0,9.17,,1.8,0.0
1657,ATOM,1657,N,GLY,A,216,1.0,7.61,,1.8,0.0
1658,ATOM,1658,CA,GLY,A,216,1.0,8.0,,1.8,0.0
1659,ATOM,1659,C,GLY,A,216,1.0,7.34,,1.8,0.0
1660,ATOM,1660,O,GLY,A,216,1.0,7.28,,1.8,0.0
1661,ATOM,1661,N,VAL,A,217,1.0,8.53,,1.8,0.0
1662,ATOM,1662,CA,VAL,A,217,1.0,8.38,,1.8,0.0
1663,ATOM,1663,C,VAL,A,217,1.0,8.8,,1.8,0.0
1664,ATOM,1664,O,VAL,A,217,1.0,9.11,,1.8,0.0
1665,ATOM,1665,CB,VAL,A,217,1.0,8.53,,1.8,0.0
1666,ATOM,1666,CG1,VAL,A,217,1.0,8.87,,1.8,0.0
1667,ATOM,1667,CG2,VAL,A,217,1.0,8.85,,1.8,0.0
1668,ATOM,1668,N,SER,A,218,1.0,8.68,,1.8,0.0
1669,ATOM,1669,CA,SER,A,218,1.0,8.94,,1.8,0.0
1670,ATOM,1670,C,SER,A,218,1.0,9.09,,1.8,0.0
1671,ATOM,1671,O,SER,A,218,1.0,8.0,,1.8,0.0
1672,ATOM,1672,CB,SER,A,218,1.0,8.72,,1.8,0.0
1673,ATOM,1673,OG,SER,A,218,1.0,8.31,,1.8,0.0
1674,ATOM,1674,N,PRO,A,219,1.0,9.59,,1.8,0.0
1675,ATOM,1675,CA,PRO,A,219,1.0,10.6,,1.8,0.0
1676,ATOM,1676,C,PRO,A,219,1.0,11.29,,1.8,0.0
1677,ATOM,1677,O,PRO,A,219,1.0,9.88,,1.8,0.0
1678,ATOM,1678,CB,PRO,A,219,1.0,10.97,,1.8,0.0
1679,ATOM,1679,CG,PRO,A,219,1.0,10.78,,1.8,0.0
1680,ATOM,1680,CD,PRO,A,219,1.0,10.98,,1.8,0.0
1681,ATOM,1681,N,LEU,A,220,1.0,12.97,,1.8,0.0
1682,ATOM,1682,CA,LEU,A,220,1.0,16.12,,1.8,0.0
1683,ATOM,1683,C,LEU,A,220,1.0,17.86,,1.8,0.0
1684,ATOM,1684,O,LEU,A,220,1.0,24.06,,1.8,0.0
1685,ATOM,1685,CB,LEU,A,220,1.0,15.32,,1.8,0.0
1686,ATOM,1686,CG,LEU,A,220,1.0,14.53,,1.8,0.0
1687,ATOM,1687,CD1,LEU,A,220,1.0,15.2,,1.8,0.0
1688,ATOM,1688,CD2,LEU,A,220,1.0,16.18,,1.8,0.0
1689,ATOM,1689,N,GLU,A,221,1.0,22.41,,1.8,0.0
1690,ATOM,1690,CA,GLU,A,221,1.0,24.03,,1.8,0.0
1691,ATOM,1691,C,GLU,A,221,1.0,28.23,,1.8,0.0
1692,ATOM,1692,O,GLU,A,221,1.0,32.64,,1.8,0.0
1693,ATOM,1693,CB,GLU,A,221,1.0,27.28,,1.8,0.0
1694,ATOM,1694,CG,GLU,A,221,1.0,28.09,,1.8,0.0
1695,ATOM,1695,CD,GLU,A,221,1.0,28.49,,1.8,0.0
1696,ATOM,1696,OE1,GLU,A,221,1.0,30.71,,1.8,0.0
1697,ATOM,1697,OE2,GLU,A,221,1.0,25.7,,1.8,0.0
1698,ATOM,1698,N,ASP,A,222,1.0,24.97,,1.8,0.0
1699,ATOM,1699,CA,ASP,A,222,1.0,25.56,,1.8,0.0
1700,ATOM,1700,C,ASP,A,222,1.0,26.81,,1.8,0.0
1701,ATOM,1701,O,ASP,A,222,1.0,30.28,,1.8,0.0
1702,ATOM,1702,CB,ASP,A,222,1.0,25.4,,1.8,0.0
1703,ATOM,1703,CG,ASP,A,222,1.0,23.16,,1.8,0.0
1704,ATOM,1704,OD1,ASP,A,222,1.0,20.9,,1.8,0.0
1705,ATOM,1705,OD2,ASP,A,222,1.0,20.91,,1.8,0.0
1706,ATOM,1706,N,ARG,A,223,1.0,22.14,,1.8,0.0
1707,ATOM,1707,CA,ARG,A,223,1.0,22.88,,1.8,0.0
1708,ATOM,1708,C,ARG,A,223,1.0,17.78,,1.8,0.0
1709,ATOM,1709,O,ARG,A,223,1.0,20.86,,1.8,0.0
1710,ATOM,1710,CB,ARG,A,223,1.0,28.31,,1.8,0.0
1711,ATOM,1711,CG,ARG,A,223,1.0,30.73,,1.8,0.0
1712,ATOM,1712,CD,ARG,A,223,1.0,36.72,,1.8,0.0
1713,ATOM,1713,NE,ARG,A,223,1.0,41.09,,1.8,0.0
1714,ATOM,1714,CZ,ARG,A,223,1.0,51.75,,1.8,0.0
1715,ATOM,1715,NH1,ARG,A,223,1.0,42.71,,1.8,0.0
1716,ATOM,1716,NH2,ARG,A,223,1.0,42.81,,1.8,0.0
1717,ATOM,1717,N,SER,A,224,1.0,16.59,,1.8,0.0
1718,ATOM,1718,CA,SER,A,224,1.0,14.36,,1.8,0.0
1719,ATOM,1719,C,SER,A,224,1.0,14.03,,1.8,0.0
1720,ATOM,1720,O,SER,A,224,1.0,13.57,,1.8,0.0
1721,ATOM,1721,CB,SER,A,224,1.0,14.12,,1.8,0.0
1722,ATOM,1722,OG,SER,A,224,1.0,12.37,,1.8,0.0
1723,ATOM,1723,N,THR,A,225,1.0,13.1,,1.8,0.0
1724,ATOM,1724,CA,THR,A,225,1.0,11.96,,1.8,0.0
1725,ATOM,1725,C,THR,A,225,1.0,11.68,,1.8,0.0
1726,ATOM,1726,O,THR,A,225,1.0,10.8,,1.8,0.0
1727,ATOM,1727,CB,THR,A,225,1.0,11.37,,1.8,0.0
1728,ATOM,1728,OG1,THR,A,225,1.0,11.27,,1.8,0.0
1729,ATOM,1729,CG2,THR,A,225,1.0,11.59,,1.8,0.0
1730,ATOM,1730,N,GLY,A,226,1.0,10.76,,1.8,0.0
1731,ATOM,1731,CA,GLY,A,226,1.0,11.3,,1.8,0.0
1732,ATOM,1732,C,GLY,A,226,1.0,11.75,,1.8,0.0
1733,ATOM,1733,O,GLY,A,226,1.0,12.85,,1.8,0.0
1734,ATOM,1734,N,ALA,A,227,1.0,11.41,,1.8,0.0
1735,ATOM,1735,CA,ALA,A,227,1.0,12.05,,1.8,0.0
1736,ATOM,1736,C,ALA,A,227,1.0,12.15,,1.8,0.0
1737,ATOM,1737,O,ALA,A,227,1.0,13.41,,1.8,0.0
1738,ATOM,1738,CB,ALA,A,227,1.0,12.6,,1.8,0.0
1739,ATOM,1739,N,ASP,A,228,1.0,12.3,,1.8,0.0
1740,ATOM,1740,CA,ASP,A,228,1.0,12.39,,1.8,0.0
1741,ATOM,1741,C,ASP,A,228,1.0,12.48,,1.8,0.0
1742,ATOM,1742,O,ASP,A,228,1.0,12.99,,1.8,0.0
1743,ATOM,1743,CB,ASP,A,228,1.0,13.38,,1.8,0.0
1744,ATOM,1744,CG,ASP,A,228,1.0,14.14,,1.8,0.0
1745,ATOM,1745,OD1,ASP,A,228,1.0,17.22,,1.8,0.0
1746,ATOM,1746,OD2,ASP,A,228,1.0,18.01,,1.8,0.0
1747,ATOM,1747,N,PHE,A,229,1.0,12.82,,1.8,0.0
1748,ATOM,1748,CA,PHE,A,229,1.0,11.92,,1.8,0.0
1749,ATOM,1749,C,PHE,A,229,1.0,12.56,,1.8,0.0
1750,ATOM,1750,O,PHE,A,229,1.0,13.83,,1.8,0.0
1751,ATOM,1751,CB,PHE,A,229,1.0,11.13,,1.8,0.0
1752,ATOM,1752,CG,PHE,A,229,1.0,10.75,,1.8,0.0
1753,ATOM,1753,CD1,PHE,A,229,1.0,11.04,,1.8,0.0
1754,ATOM,1754,CD2,PHE,A,229,1.0,11.51,,1.8,0.0
1755,ATOM,1755,CE1,PHE,A,229,1.0,11.76,,1.8,0.0
1756,ATOM,1756,CE2,PHE,A,229,1.0,10.36,,1.8,0.0
1757,ATOM,1757,CZ,PHE,A,229,1.0,11.35,,1.8,0.0
1758,ATOM,1758,N,GLY,A,230,1.0,12.54,,1.8,0.0
1759,ATOM,1759,CA,GLY,A,230,1.0,12.3,,1.8,0.0
1760,ATOM,1760,C,GLY,A,230,1.0,12.84,,1.8,0.0
1761,ATOM,1761,O,GLY,A,230,1.0,12.28,,1.8,0.0
1762,ATOM,1762,N,CYS,A,231,1.0,12.49,,1.8,0.0
1763,ATOM,1763,CA,CYS,A,231,1.0,13.04,,1.8,0.0
1764,ATOM,1764,C,CYS,A,231,1.0,13.91,,1.8,0.0
1765,ATOM,1765,O,CYS,A,231,1.0,16.01,,1.8,0.0
1766,ATOM,1766,CB,CYS,A,231,1.0,12.77,,1.8,0.0
1767,ATOM,1767,SG,CYS,A,231,1.0,14.27,,1.8,0.0
1768,ATOM,1768,N,GLN,A,232,1.0,13.22,,1.8,0.0
1769,ATOM,1769,CA,GLN,A,232,1.0,13.48,,1.8,0.0
1770,ATOM,1770,C,GLN,A,232,1.0,12.01,,1.8,0.0
1771,ATOM,1771,O,GLN,A,232,1.0,12.39,,1.8,0.0
1772,ATOM,1772,CB,GLN,A,232,1.0,13.44,,1.8,0.0
1773,ATOM,1773,CG,GLN,A,232,1.0,14.36,,1.8,0.0
1774,ATOM,1774,CD,GLN,A,232,1.0,15.37,,1.8,0.0
1775,ATOM,1775,OE1,GLN,A,232,1.0,16.37,,1.8,0.0
1776,ATOM,1776,NE2,GLN,A,232,1.0,16.6,,1.8,0.0
1777,ATOM,1777,N,PRO,A,233,1.0,11.75,,1.8,0.0
1778,ATOM,1778,CA,PRO,A,233,1.0,11.45,,1.8,0.0
1779,ATOM,1779,C,PRO,A,233,1.0,10.03,,1.8,0.0
1780,ATOM,1780,O,PRO,A,233,1.0,10.96,,1.8,0.0
1781,ATOM,1781,CB,PRO,A,233,1.0,11.4,,1.8,0.0
1782,ATOM,1782,CG,PRO,A,233,1.0,12.27,,1.8,0.0
1783,ATOM,1783,CD,PRO,A,233,1.0,12.65,,1.8,0.0
1784,ATOM,1784,N,VAL,A,234,1.0,9.54,,1.8,0.0
1785,ATOM,1785,CA,VAL,A,234,1.0,9.63,,1.8,0.0
1786,ATOM,1786,C,VAL,A,234,1.0,10.15,,1.8,0.0
1787,ATOM,1787,O,VAL,A,234,1.0,9.68,,1.8,0.0
1788,ATOM,1788,CB,VAL,A,234,1.0,9.49,,1.8,0.0
1789,ATOM,1789,CG1,VAL,A,234,1.0,9.6,,1.8,0.0
1790,ATOM,1790,CG2,VAL,A,234,1.0,9.06,,1.8,0.0
1791,ATOM,1791,N,MET,A,235,1.0,10.09,,1.8,0.0
1792,ATOM,1792,CA,MET,A,235,1.0,9.84,,1.8,0.0
1793,ATOM,1793,C,MET,A,235,1.0,10.03,,1.8,0.0
1794,ATOM,1794,O,MET,A,235,1.0,8.81,,1.8,0.0
1795,ATOM,1795,CB,MET,A,235,1.0,10.11,,1.8,0.0
1796,ATOM,1796,CG,MET,A,235,1.0,9.66,,1.8,0.0
1797,ATOM,1797,SD,MET,A,235,1.0,10.28,,1.8,0.0
1798,ATOM,1798,CE,MET,A,235,1.0,9.61,,1.8,0.0
1799,ATOM,1799,N,SER,A,236,1.0,9.66,,1.8,0.0
1800,ATOM,1800,CA,SER,A,236,1.0,10.75,,1.8,0.0
1801,ATOM,1801,C,SER,A,236,1.0,10.69,,1.8,0.0
1802,ATOM,1802,O,SER,A,236,1.0,13.58,,1.8,0.0
1803,ATOM,1803,CB,SER,A,236,1.0,11.12,,1.8,0.0
1804,ATOM,1804,OG,SER,A,236,1.0,12.4,,1.8,0.0
1805,ATOM,1805,N,LEU,A,237,1.0,10.34,,1.8,0.0
1806,ATOM,1806,CA,LEU,A,237,1.0,10.4,,1.8,0.0
1807,ATOM,1807,C,LEU,A,237,1.0,10.48,,1.8,0.0
1808,ATOM,1808,O,LEU,A,237,1.0,11.34,,1.8,0.0
1809,ATOM,1809,CB,LEU,A,237,1.0,8.83,,1.8,0.0
1810,ATOM,1810,CG,LEU,A,237,1.0,9.23,,1.8,0.0
1811,ATOM,1811,CD1,LEU,A,237,1.0,10.67,,1.8,0.0
1812,ATOM,1812,CD2,LEU,A,237,1.0,9.38,,1.8,0.0
1813,ATOM,1813,N,THR,A,238,1.0,10.54,,1.8,0.0
1814,ATOM,1814,CA,THR,A,238,1.0,10.8,,1.8,0.0
1815,ATOM,1815,C,THR,A,238,1.0,10.68,,1.8,0.0
1816,ATOM,1816,O,THR,A,238,1.0,11.59,,1.8,0.0
1817,ATOM,1817,CB,THR,A,238,1.0,10.59,,1.8,0.0
1818,ATOM,1818,OG1,THR,A,238,1.0,9.76,,1.8,0.0
1819,ATOM,1819,CG2,THR,A,238,1.0,10.82,,1.8,0.0
1820,ATOM,1820,N,SER,A,239,1.0,10.69,,1.8,0.0
1821,ATOM,1821,CA,SER,A,239,1.0,10.18,,1.8,0.0
1822,ATOM,1822,C,SER,A,239,1.0,10.12,,1.8,0.0
1823,ATOM,1823,O,SER,A,239,1.0,10.03,,1.8,0.0
1824,ATOM,1824,CB,SER,A,239,1.0,10.18,,1.8,0.0
1825,ATOM,1825,OG,SER,A,239,1.0,11.29,,1.8,0.0
1826,ATOM,1826,N,SER,A,240,1.0,10.39,,1.8,0.0
1827,ATOM,1827,CA,SER,A,240,1.0,11.25,,1.8,0.0
1828,ATOM,1828,C,SER,A,240,1.0,11.5,,1.8,0.0
1829,ATOM,1829,O,SER,A,240,1.0,10.33,,1.8,0.0
1830,ATOM,1830,CB,SER,A,240,1.0,12.32,,1.8,0.0
1831,ATOM,1831,OG,SER,A,240,1.0,14.04,,1.8,0.0
1832,ATOM,1832,N,LEU,A,241,1.0,11.08,,1.8,0.0
1833,ATOM,1833,CA,LEU,A,241,1.0,12.76,,1.8,0.0
1834,ATOM,1834,C,LEU,A,241,1.0,13.49,,1.8,0.0
1835,ATOM,1835,O,LEU,A,241,1.0,11.61,,1.8,0.0
1836,ATOM,1836,CB,LEU,A,241,1.0,12.79,,1.8,0.0
1837,ATOM,1837,CG,LEU,A,241,1.0,12.64,,1.8,0.0
1838,ATOM,1838,CD1,LEU,A,241,1.0,12.49,,1.8,0.0
1839,ATOM,1839,CD2,LEU,A,241,1.0,12.62,,1.8,0.0
1840,ATOM,1840,N,ILE,A,242,1.0,12.64,,1.8,0.0
1841,ATOM,1841,CA,ILE,A,242,1.0,15.09,,1.8,0.0
1842,ATOM,1842,C,ILE,A,242,1.0,13.4,,1.8,0.0
1843,ATOM,1843,O,ILE,A,242,1.0,13.8,,1.8,0.0
1844,ATOM,1844,CB,ILE,A,242,1.0,16.33,,1.8,0.0
1845,ATOM,1845,CG1,ILE,A,242,1.0,17.72,,1.8,0.0
1846,ATOM,1846,CG2,ILE,A,242,1.0,19.46,,1.8,0.0
1847,ATOM,1847,CD1,ILE,A,242,1.0,16.68,,1.8,0.0
1848,ATOM,1848,N,ALA,A,243,1.0,12.73,,1.8,0.0
1849,ATOM,1849,CA,ALA,A,243,1.0,11.61,,1.8,0.0
1850,ATOM,1850,C,ALA,A,243,1.0,11.61,,1.8,0.0
1851,ATOM,1851,O,ALA,A,243,1.0,9.96,,1.8,0.0
1852,ATOM,1852,CB,ALA,A,243,1.0,11.05,,1.8,0.0
1853,ATOM,1853,N,VAL,A,244,1.0,12.32,,1.8,0.0
1854,ATOM,1854,CA,VAL,A,244,1.0,12.15,,1.8,0.0
1855,ATOM,1855,C,VAL,A,244,1.0,10.73,,1.8,0.0
1856,ATOM,1856,O,VAL,A,244,1.0,9.96,,1.8,0.0
1857,ATOM,1857,CB,VAL,A,244,1.0,11.76,,1.8,0.0
1858,ATOM,1858,CG1,VAL,A,244,1.0,13.21,,1.8,0.0
1859,ATOM,1859,CG2,VAL,A,244,1.0,13.03,,1.8,0.0
1860,ATOM,1860,N,ARG,A,245,1.0,11.21,,1.8,0.0
1861,ATOM,1861,CA,ARG,A,245,1.0,12.54,,1.8,0.0
1862,ATOM,1862,C,ARG,A,245,1.0,13.12,,1.8,0.0
1863,ATOM,1863,O,ARG,A,245,1.0,12.33,,1.8,0.0
1864,ATOM,1864,CB,ARG,A,245,1.0,13.62,,1.8,0.0
1865,ATOM,1865,CG,ARG,A,245,1.0,12.97,,1.8,0.0
1866,ATOM,1866,CD,ARG,A,245,1.0,14.02,,1.8,0.0
1867,ATOM,1867,NE,ARG,A,245,1.0,13.24,,1.8,0.0
1868,ATOM,1868,CZ,ARG,A,245,1.0,13.62,,1.8,0.0
1869,ATOM,1869,NH1,ARG,A,245,1.0,12.5,,1.8,0.0
1870,ATOM,1870,NH2,ARG,A,245,1.0,12.55,,1.8,0.0
1871,ATOM,1871,N,GLU,A,246,1.0,14.19,,1.8,0.0
1872,ATOM,1872,CA,GLU,A,246,1.0,13.93,,1.8,0.0
1873,ATOM,1873,C,GLU,A,246,1.0,14.97,,1.8,0.0
1874,ATOM,1874,O,GLU,A,246,1.0,16.61,,1.8,0.0
1875,ATOM,1875,CB,GLU,A,246,1.0,13.77,,1.8,0.0
1876,ATOM,1876,CG,GLU,A,246,1.0,14.15,,1.8,0.0
1877,ATOM,1877,CD,GLU,A,246,1.0,13.95,,1.8,0.0
1878,ATOM,1878,OE1,GLU,A,246,1.0,12.9,,1.8,0.0
1879,ATOM,1879,OE2,GLU,A,246,1.0,15.58,,1.8,0.0
1880,ATOM,1880,N,HIS,A,247,1.0,14.57,,1.8,0.0
1881,ATOM,1881,CA,HIS,A,247,1.0,14.43,,1.8,0.0
1882,ATOM,1882,C,HIS,A,247,1.0,15.86,,1.8,0.0
1883,ATOM,1883,O,HIS,A,247,1.0,15.55,,1.8,0.0
1884,ATOM,1884,CB,HIS,A,247,1.0,15.61,,1.8,0.0
1885,ATOM,1885,CG,HIS,A,247,1.0,14.61,,1.8,0.0
1886,ATOM,1886,ND1,HIS,A,247,1.0,14.23,,1.8,0.0
1887,ATOM,1887,CD2,HIS,A,247,1.0,14.51,,1.8,0.0
1888,ATOM,1888,CE1,HIS,A,247,1.0,14.2,,1.8,0.0
1889,ATOM,1889,NE2,HIS,A,247,1.0,14.29,,1.8,0.0
1890,ATOM,1890,N,LYS,A,248,1.0,16.45,,1.8,0.0
1891,ATOM,1891,CA,LYS,A,248,1.0,17.0,,1.8,0.0
1892,ATOM,1892,C,LYS,A,248,1.0,17.85,,1.8,0.0
1893,ATOM,1893,O,LYS,A,248,1.0,15.03,,1.8,0.0
1894,ATOM,1894,CB,LYS,A,248,1.0,18.82,,1.8,0.0
1895,ATOM,1895,CG,LYS,A,248,1.0,19.55,,1.8,0.0
1896,ATOM,1896,CD,LYS,A,248,1.0,24.93,,1.8,0.0
1897,ATOM,1897,CE,LYS,A,248,1.0,25.9,,1.8,0.0
1898,ATOM,1898,NZ,LYS,A,248,1.0,29.12,,1.8,0.0
1899,ATOM,1899,N,ALA,A,249,1.0,18.52,,1.8,0.0
1900,ATOM,1900,CA,ALA,A,249,1.0,18.39,,1.8,0.0
1901,ATOM,1901,C,ALA,A,249,1.0,18.02,,1.8,0.0
1902,ATOM,1902,O,ALA,A,249,1.0,17.42,,1.8,0.0
1903,ATOM,1903,CB,ALA,A,249,1.0,19.52,,1.8,0.0
1904,ATOM,1904,N,GLY,A,250,1.0,16.99,,1.8,0.0
1905,ATOM,1905,CA,GLY,A,250,1.0,15.75,,1.8,0.0
1906,ATOM,1906,C,GLY,A,250,1.0,17.62,,1.8,0.0
1907,ATOM,1907,O,GLY,A,250,1.0,17.86,,1.8,0.0
1908,ATOM,1908,N,GLU,A,251,1.0,17.2,,1.8,0.0
1909,ATOM,1909,CA,GLU,A,251,1.0,14.35,,1.8,0.0
1910,ATOM,1910,C,GLU,A,251,1.0,14.81,,1.8,0.0
1911,ATOM,1911,O,GLU,A,251,1.0,13.98,,1.8,0.0
1912,ATOM,1912,CB,GLU,A,251,1.0,14.41,,1.8,0.0
1913,ATOM,1913,CG,GLU,A,251,1.0,14.56,,1.8,0.0
1914,ATOM,1914,CD,GLU,A,251,1.0,16.58,,1.8,0.0
1915,ATOM,1915,OE1,GLU,A,251,1.0,16.63,,1.8,0.0
1916,ATOM,1916,OE2,GLU,A,251,1.0,16.76,,1.8,0.0
1917,ATOM,1917,N,PRO,A,252,1.0,14.51,,1.8,0.0
1918,ATOM,1918,CA,PRO,A,252,1.0,14.22,,1.8,0.0
1919,ATOM,1919,C,PRO,A,252,1.0,12.81,,1.8,0.0
1920,ATOM,1920,O,PRO,A,252,1.0,12.89,,1.8,0.0
1921,ATOM,1921,CB,PRO,A,252,1.0,14.87,,1.8,0.0
1922,ATOM,1922,CG,PRO,A,252,1.0,14.9,,1.8,0.0
1923,ATOM,1923,CD,PRO,A,252,1.0,14.5,,1.8,0.0
1924,ATOM,1924,N,VAL,A,253,1.0,12.36,,1.8,0.0
1925,ATOM,1925,CA,VAL,A,253,1.0,12.9,,1.8,0.0
1926,ATOM,1926,C,VAL,A,253,1.0,13.14,,1.8,0.0
1927,ATOM,1927,O,VAL,A,253,1.0,13.65,,1.8,0.0
1928,ATOM,1928,CB,VAL,A,253,1.0,14.41,,1.8,0.0
1929,ATOM,1929,CG1,VAL,A,253,1.0,14.36,,1.8,0.0
1930,ATOM,1930,CG2,VAL,A,253,1.0,14.1,,1.8,0.0
1931,ATOM,1931,N,GLY,A,254,1.0,14.51,,1.8,0.0
1932,ATOM,1932,CA,GLY,A,254,1.0,16.5,,1.8,0.0
1933,ATOM,1933,C,GLY,A,254,1.0,17.09,,1.8,0.0
1934,ATOM,1934,O,GLY,A,254,1.0,17.13,,1.8,0.0
1935,ATOM,1935,N,TYR,A,255,1.0,18.16,,1.8,0.0
1936,ATOM,1936,CA,TYR,A,255,1.0,20.64,,1.8,0.0
1937,ATOM,1937,C,TYR,A,255,1.0,20.73,,1.8,0.0
1938,ATOM,1938,O,TYR,A,255,1.0,20.9,,1.8,0.0
1939,ATOM,1939,CB,TYR,A,255,1.0,19.91,,1.8,0.0
1940,ATOM,1940,CG,TYR,A,255,1.0,20.3,,1.8,0.0
1941,ATOM,1941,CD1,TYR,A,255,1.0,21.43,,1.8,0.0
1942,ATOM,1942,CD2,TYR,A,255,1.0,19.52,,1.8,0.0
1943,ATOM,1943,CE1,TYR,A,255,1.0,19.47,,1.8,0.0
1944,ATOM,1944,CE2,TYR,A,255,1.0,19.93,,1.8,0.0
1945,ATOM,1945,CZ,TYR,A,255,1.0,18.66,,1.8,0.0
1946,ATOM,1946,OH,TYR,A,255,1.0,18.8,,1.8,0.0
1947,ATOM,1947,N,GLY,A,256,1.0,20.16,,1.8,0.0
1948,ATOM,1948,CA,GLY,A,256,1.0,19.34,,1.8,0.0
1949,ATOM,1949,C,GLY,A,256,1.0,20.21,,1.8,0.0
1950,ATOM,1950,O,GLY,A,256,1.0,23.02,,1.8,0.0
1951,ATOM,1951,N,GLY,A,257,1.0,25.01,,1.8,0.0
1952,ATOM,1952,CA,GLY,A,257,1.0,22.83,,1.8,0.0
1953,ATOM,1953,C,GLY,A,257,1.0,26.02,,1.8,0.0
1954,ATOM,1954,O,GLY,A,257,1.0,29.09,,1.8,0.0
1955,ATOM,1955,N,THR,A,258,1.0,22.32,,1.8,0.0
1956,ATOM,1956,CA,THR,A,258,1.0,22.8,,1.8,0.0
1957,ATOM,1957,C,THR,A,258,1.0,22.91,,1.8,0.0
1958,ATOM,1958,O,THR,A,258,1.0,21.39,,1.8,0.0
1959,ATOM,1959,CB,THR,A,258,1.0,23.12,,1.8,0.0
1960,ATOM,1960,OG1,THR,A,258,1.0,22.3,,1.8,0.0
1961,ATOM,1961,CG2,THR,A,258,1.0,23.02,,1.8,0.0
1962,ATOM,1962,N,TRP,A,259,1.0,20.74,,1.8,0.0
1963,ATOM,1963,CA,TRP,A,259,1.0,18.77,,1.8,0.0
1964,ATOM,1964,C,TRP,A,259,1.0,17.85,,1.8,0.0
1965,ATOM,1965,O,TRP,A,259,1.0,17.57,,1.8,0.0
1966,ATOM,1966,CB,TRP,A,259,1.0,16.3,,1.8,0.0
1967,ATOM,1967,CG,TRP,A,259,1.0,14.07,,1.8,0.0
1968,ATOM,1968,CD1,TRP,A,259,1.0,13.68,,1.8,0.0
1969,ATOM,1969,CD2,TRP,A,259,1.0,12.88,,1.8,0.0
1970,ATOM,1970,NE1,TRP,A,259,1.0,13.31,,1.8,0.0
1971,ATOM,1971,CE2,TRP,A,259,1.0,13.69,,1.8,0.0
1972,ATOM,1972,CE3,TRP,A,259,1.0,13.38,,1.8,0.0
1973,ATOM,1973,CZ2,TRP,A,259,1.0,13.31,,1.8,0.0
1974,ATOM,1974,CZ3,TRP,A,259,1.0,12.44,,1.8,0.0
1975,ATOM,1975,CH2,TRP,A,259,1.0,13.12,,1.8,0.0
1976,ATOM,1976,N,VAL,A,260,1.0,16.0,,1.8,0.0
1977,ATOM,1977,CA,VAL,A,260,1.0,17.05,,1.8,0.0
1978,ATOM,1978,C,VAL,A,260,1.0,17.18,,1.8,0.0
1979,ATOM,1979,O,VAL,A,260,1.0,17.25,,1.8,0.0
1980,ATOM,1980,CB,VAL,A,260,1.0,19.76,,1.8,0.0
1981,ATOM,1981,CG1,VAL,A,260,1.0,17.85,,1.8,0.0
1982,ATOM,1982,CG2,VAL,A,260,1.0,20.35,,1.8,0.0
1983,ATOM,1983,N,SER,A,261,1.0,17.24,,1.8,0.0
1984,ATOM,1984,CA,SER,A,261,1.0,16.92,,1.8,0.0
1985,ATOM,1985,C,SER,A,261,1.0,18.34,,1.8,0.0
1986,ATOM,1986,O,SER,A,261,1.0,17.46,,1.8,0.0
1987,ATOM,1987,CB,SER,A,261,1.0,16.9,,1.8,0.0
1988,ATOM,1988,OG,SER,A,261,1.0,16.95,,1.8,0.0
1989,ATOM,1989,N,GLU,A,262,1.0,17.48,,1.8,0.0
1990,ATOM,1990,CA,GLU,A,262,1.0,20.13,,1.8,0.0
1991,ATOM,1991,C,GLU,A,262,1.0,20.34,,1.8,0.0
1992,ATOM,1992,O,GLU,A,262,1.0,19.46,,1.8,0.0
1993,ATOM,1993,CB,GLU,A,262,1.0,24.59,,1.8,0.0
1994,ATOM,1994,CG,GLU,A,262,1.0,24.51,,1.8,0.0
1995,ATOM,1995,CD,GLU,A,262,1.0,29.06,,1.8,0.0
1996,ATOM,1996,OE1,GLU,A,262,1.0,29.5,,1.8,0.0
1997,ATOM,1997,OE2,GLU,A,262,1.0,30.39,,1.8,0.0
1998,ATOM,1998,N,ARG,A,263,1.0,17.61,,1.8,0.0
1999,ATOM,1999,CA,ARG,A,263,1.0,17.63,,1.8,0.0
2000,ATOM,2000,C,ARG,A,263,1.0,17.42,,1.8,0.0
2001,ATOM,2001,O,ARG,A,263,1.0,17.64,,1.8,0.0
2002,ATOM,2002,CB,ARG,A,263,1.0,19.22,,1.8,0.0
2003,ATOM,2003,CG,ARG,A,263,1.0,18.73,,1.8,0.0
2004,ATOM,2004,CD,ARG,A,263,1.0,18.56,,1.8,0.0
2005,ATOM,2005,NE,ARG,A,263,1.0,19.42,,1.8,0.0
2006,ATOM,2006,CZ,ARG,A,263,1.0,20.61,,1.8,0.0
2007,ATOM,2007,NH1,ARG,A,263,1.0,20.22,,1.8,0.0
2008,ATOM,2008,NH2,ARG,A,263,1.0,21.03,,1.8,0.0
2009,ATOM,2009,N,ASP,A,264,1.0,15.91,,1.8,0.0
2010,ATOM,2010,CA,ASP,A,264,1.0,15.91,,1.8,0.0
2011,ATOM,2011,C,ASP,A,264,1.0,15.49,,1.8,0.0
2012,ATOM,2012,O,ASP,A,264,1.0,11.79,,1.8,0.0
2013,ATOM,2013,CB,ASP,A,264,1.0,17.12,,1.8,0.0
2014,ATOM,2014,CG,ASP,A,264,1.0,19.49,,1.8,0.0
2015,ATOM,2015,OD1,ASP,A,264,1.0,22.86,,1.8,0.0
2016,ATOM,2016,OD2,ASP,A,264,1.0,22.82,,1.8,0.0
2017,ATOM,2017,N,THR,A,265,1.0,15.05,,1.8,0.0
2018,ATOM,2018,CA,THR,A,265,1.0,14.41,,1.8,0.0
2019,ATOM,2019,C,THR,A,265,1.0,14.09,,1.8,0.0
2020,ATOM,2020,O,THR,A,265,1.0,14.26,,1.8,0.0
2021,ATOM,2021,CB,THR,A,265,1.0,14.59,,1.8,0.0
2022,ATOM,2022,OG1,THR,A,265,1.0,13.49,,1.8,0.0
2023,ATOM,2023,CG2,THR,A,265,1.0,14.62,,1.8,0.0
2024,ATOM,2024,N,ARG,A,266,1.0,13.4,,1.8,0.0
2025,ATOM,2025,CA,ARG,A,266,1.0,13.64,,1.8,0.0
2026,ATOM,2026,C,ARG,A,266,1.0,12.78,,1.8,0.0
2027,ATOM,2027,O,ARG,A,266,1.0,12.66,,1.8,0.0
2028,ATOM,2028,CB,ARG,A,266,1.0,14.85,,1.8,0.0
2029,ATOM,2029,CG,ARG,A,266,1.0,15.73,,1.8,0.0
2030,ATOM,2030,CD,ARG,A,266,1.0,16.18,,1.8,0.0
2031,ATOM,2031,NE,ARG,A,266,1.0,16.61,,1.8,0.0
2032,ATOM,2032,CZ,ARG,A,266,1.0,15.75,,1.8,0.0
2033,ATOM,2033,NH1,ARG,A,266,1.0,16.34,,1.8,0.0
2034,ATOM,2034,NH2,ARG,A,266,1.0,15.13,,1.8,0.0
2035,ATOM,2035,N,LEU,A,267,1.0,11.66,,1.8,0.0
2036,ATOM,2036,CA,LEU,A,267,1.0,11.73,,1.8,0.0
2037,ATOM,2037,C,LEU,A,267,1.0,12.64,,1.8,0.0
2038,ATOM,2038,O,LEU,A,267,1.0,12.0,,1.8,0.0
2039,ATOM,2039,CB,LEU,A,267,1.0,12.12,,1.8,0.0
2040,ATOM,2040,CG,LEU,A,267,1.0,11.79,,1.8,0.0
2041,ATOM,2041,CD1,LEU,A,267,1.0,11.46,,1.8,0.0
2042,ATOM,2042,CD2,LEU,A,267,1.0,11.23,,1.8,0.0
2043,ATOM,2043,N,GLY,A,268,1.0,11.2,,1.8,0.0
2044,ATOM,2044,CA,GLY,A,268,1.0,11.76,,1.8,0.0
2045,ATOM,2045,C,GLY,A,268,1.0,11.37,,1.8,0.0
2046,ATOM,2046,O,GLY,A,268,1.0,11.19,,1.8,0.0
2047,ATOM,2047,N,VAL,A,269,1.0,11.01,,1.8,0.0
2048,ATOM,2048,CA,VAL,A,269,1.0,9.85,,1.8,0.0
2049,ATOM,2049,C,VAL,A,269,1.0,10.12,,1.8,0.0
2050,ATOM,2050,O,VAL,A,269,1.0,8.72,,1.8,0.0
2051,ATOM,2051,CB,VAL,A,269,1.0,10.07,,1.8,0.0
2052,ATOM,2052,CG1,VAL,A,269,1.0,9.28,,1.8,0.0
2053,ATOM,2053,CG2,VAL,A,269,1.0,9.66,,1.8,0.0
2054,ATOM,2054,N,VAL,A,270,1.0,9.67,,1.8,0.0
2055,ATOM,2055,CA,VAL,A,270,1.0,10.14,,1.8,0.0
2056,ATOM,2056,C,VAL,A,270,1.0,10.07,,1.8,0.0
2057,ATOM,2057,O,VAL,A,270,1.0,10.75,,1.8,0.0
2058,ATOM,2058,CB,VAL,A,270,1.0,9.34,,1.8,0.0
2059,ATOM,2059,CG1,VAL,A,270,1.0,10.38,,1.8,0.0
2060,ATOM,2060,CG2,VAL,A,270,1.0,9.86,,1.8,0.0
2061,ATOM,2061,N,ALA,A,271,1.0,9.7,,1.8,0.0
2062,ATOM,2062,CA,ALA,A,271,1.0,8.86,,1.8,0.0
2063,ATOM,2063,C,ALA,A,271,1.0,9.31,,1.8,0.0
2064,ATOM,2064,O,ALA,A,271,1.0,8.59,,1.8,0.0
2065,ATOM,2065,CB,ALA,A,271,1.0,9.09,,1.8,0.0
2066,ATOM,2066,N,MET,A,272,1.0,9.95,,1.8,0.0
2067,ATOM,2067,CA,MET,A,272,1.0,9.54,,1.8,0.0
2068,ATOM,2068,C,MET,A,272,1.0,9.63,,1.8,0.0
2069,ATOM,2069,O,MET,A,272,1.0,9.34,,1.8,0.0
2070,ATOM,2070,CB,MET,A,272,1.0,10.58,,1.8,0.0
2071,ATOM,2071,CG,MET,A,272,1.0,11.05,,1.8,0.0
2072,ATOM,2072,SD,MET,A,272,1.0,10.76,,1.8,0.0
2073,ATOM,2073,CE,MET,A,272,1.0,9.66,,1.8,0.0
2074,ATOM,2074,N,GLY,A,273,1.0,9.67,,1.8,0.0
2075,ATOM,2075,CA,GLY,A,273,1.0,9.64,,1.8,0.0
2076,ATOM,2076,C,GLY,A,273,1.0,8.85,,1.8,0.0
2077,ATOM,2077,O,GLY,A,273,1.0,8.56,,1.8,0.0
2078,ATOM,2078,N,PHE,A,274,1.0,8.55,,1.8,0.0
2079,ATOM,2079,CA,PHE,A,274,1.0,8.45,,1.8,0.0
2080,ATOM,2080,C,PHE,A,274,1.0,8.79,,1.8,0.0
2081,ATOM,2081,O,PHE,A,274,1.0,10.15,,1.8,0.0
2082,ATOM,2082,CB,PHE,A,274,1.0,7.62,,1.8,0.0
2083,ATOM,2083,CG,PHE,A,274,1.0,7.82,,1.8,0.0
2084,ATOM,2084,CD1,PHE,A,274,1.0,8.05,,1.8,0.0
2085,ATOM,2085,CD2,PHE,A,274,1.0,7.74,,1.8,0.0
2086,ATOM,2086,CE1,PHE,A,274,1.0,8.48,,1.8,0.0
2087,ATOM,2087,CE2,PHE,A,274,1.0,8.38,,1.8,0.0
2088,ATOM,2088,CZ,PHE,A,274,1.0,8.08,,1.8,0.0
2089,ATOM,2089,N,GLY,A,275,1.0,9.34,,1.8,0.0
2090,ATOM,2090,CA,GLY,A,275,1.0,9.68,,1.8,0.0
2091,ATOM,2091,C,GLY,A,275,1.0,9.06,,1.8,0.0
2092,ATOM,2092,O,GLY,A,275,1.0,9.2,,1.8,0.0
2093,ATOM,2093,N,ASP,A,276,1.0,8.98,,1.8,0.0
2094,ATOM,2094,CA,ASP,A,276,1.0,8.4,,1.8,0.0
2095,ATOM,2095,C,ASP,A,276,1.0,8.35,,1.8,0.0
2096,ATOM,2096,O,ASP,A,276,1.0,8.56,,1.8,0.0
2097,ATOM,2097,CB,ASP,A,276,1.0,8.1,,1.8,0.0
2098,ATOM,2098,CG,ASP,A,276,1.0,8.77,,1.8,0.0
2099,ATOM,2099,OD1,ASP,A,276,1.0,8.74,,1.8,0.0
2100,ATOM,2100,OD2,ASP,A,276,1.0,7.43,,1.8,0.0
2101,ATOM,2101,N,GLY,A,277,1.0,8.37,,1.8,0.0
2102,ATOM,2102,CA,GLY,A,277,1.0,9.57,,1.8,0.0
2103,ATOM,2103,C,GLY,A,277,1.0,10.59,,1.8,0.0
2104,ATOM,2104,O,GLY,A,277,1.0,9.83,,1.8,0.0
2105,ATOM,2105,N,TYR,A,278,1.0,10.3,,1.8,0.0
2106,ATOM,2106,CA,TYR,A,278,1.0,10.61,,1.8,0.0
2107,ATOM,2107,C,TYR,A,278,1.0,9.59,,1.8,0.0
2108,ATOM,2108,O,TYR,A,278,1.0,9.98,,1.8,0.0
2109,ATOM,2109,CB,TYR,A,278,1.0,10.6,,1.8,0.0
2110,ATOM,2110,CG,TYR,A,278,1.0,10.2,,1.8,0.0
2111,ATOM,2111,CD1,TYR,A,278,1.0,10.37,,1.8,0.0
2112,ATOM,2112,CD2,TYR,A,278,1.0,12.85,,1.8,0.0
2113,ATOM,2113,CE1,TYR,A,278,1.0,11.19,,1.8,0.0
2114,ATOM,2114,CE2,TYR,A,278,1.0,11.9,,1.8,0.0
2115,ATOM,2115,CZ,TYR,A,278,1.0,10.58,,1.8,0.0
2116,ATOM,2116,OH,TYR,A,278,1.0,10.82,,1.8,0.0
2117,ATOM,2117,N,PRO,A,279,1.0,10.57,,1.8,0.0
2118,ATOM,2118,CA,PRO,A,279,1.0,11.52,,1.8,0.0
2119,ATOM,2119,C,PRO,A,279,1.0,13.18,,1.8,0.0
2120,ATOM,2120,O,PRO,A,279,1.0,13.31,,1.8,0.0
2121,ATOM,2121,CB,PRO,A,279,1.0,11.53,,1.8,0.0
2122,ATOM,2122,CG,PRO,A,279,1.0,11.2,,1.8,0.0
2123,ATOM,2123,CD,PRO,A,279,1.0,10.53,,1.8,0.0
2124,ATOM,2124,N,ARG,A,280,1.0,14.43,,1.8,0.0
2125,ATOM,2125,CA,ARG,A,280,1.0,14.31,,1.8,0.0
2126,ATOM,2126,C,ARG,A,280,1.0,14.14,,1.8,0.0
2127,ATOM,2127,O,ARG,A,280,1.0,15.57,,1.8,0.0
2128,ATOM,2128,CB,ARG,A,280,1.0,15.35,,1.8,0.0
2129,ATOM,2129,CG,ARG,A,280,1.0,15.47,,1.8,0.0
2130,ATOM,2130,CD,ARG,A,280,1.0,15.97,,1.8,0.0
2131,ATOM,2131,NE,ARG,A,280,1.0,16.15,,1.8,0.0
2132,ATOM,2132,CZ,ARG,A,280,1.0,18.16,,1.8,0.0
2133,ATOM,2133,NH1,ARG,A,280,1.0,17.14,,1.8,0.0
2134,ATOM,2134,NH2,ARG,A,280,1.0,21.19,,1.8,0.0
2135,ATOM,2135,N,ALA,A,281,1.0,14.8,,1.8,0.0
2136,ATOM,2136,CA,ALA,A,281,1.0,18.14,,1.8,0.0
2137,ATOM,2137,C,ALA,A,281,1.0,19.34,,1.8,0.0
2138,ATOM,2138,O,ALA,A,281,1.0,18.14,,1.8,0.0
2139,ATOM,2139,CB,ALA,A,281,1.0,18.54,,1.8,0.0
2140,ATOM,2140,N,ALA,A,282,1.0,18.77,,1.8,0.0
2141,ATOM,2141,CA,ALA,A,282,1.0,19.84,,1.8,0.0
2142,ATOM,2142,C,ALA,A,282,1.0,16.99,,1.8,0.0
2143,ATOM,2143,O,ALA,A,282,1.0,16.75,,1.8,0.0
2144,ATOM,2144,CB,ALA,A,282,1.0,19.08,,1.8,0.0
2145,ATOM,2145,N,PRO,A,283,1.0,16.52,,1.8,0.0
2146,ATOM,2146,CA,PRO,A,283,1.0,17.04,,1.8,0.0
2147,ATOM,2147,C,PRO,A,283,1.0,16.9,,1.8,0.0
2148,ATOM,2148,O,PRO,A,283,1.0,17.5,,1.8,0.0
2149,ATOM,2149,CB,PRO,A,283,1.0,17.63,,1.8,0.0
2150,ATOM,2150,CG,PRO,A,283,1.0,17.76,,1.8,0.0
2151,ATOM,2151,CD,PRO,A,283,1.0,17.32,,1.8,0.0
2152,ATOM,2152,N,SER,A,284,1.0,14.94,,1.8,0.0
2153,ATOM,2153,CA,SER,A,284,1.0,15.73,,1.8,0.0
2154,ATOM,2154,C,SER,A,284,1.0,14.3,,1.8,0.0
2155,ATOM,2155,O,SER,A,284,1.0,12.84,,1.8,0.0
2156,ATOM,2156,CB,SER,A,284,1.0,15.93,,1.8,0.0
2157,ATOM,2157,OG,SER,A,284,1.0,17.26,,1.8,0.0
2158,ATOM,2158,N,GLY,A,285,1.0,12.24,,1.8,0.0
2159,ATOM,2159,CA,GLY,A,285,1.0,13.08,,1.8,0.0
2160,ATOM,2160,C,GLY,A,285,1.0,13.54,,1.8,0.0
2161,ATOM,2161,O,GLY,A,285,1.0,13.83,,1.8,0.0
2162,ATOM,2162,N,THR,A,286,1.0,14.66,,1.8,0.0
2163,ATOM,2163,CA,THR,A,286,1.0,13.36,,1.8,0.0
2164,ATOM,2164,C,THR,A,286,1.0,13.05,,1.8,0.0
2165,ATOM,2165,O,THR,A,286,1.0,13.48,,1.8,0.0
2166,ATOM,2166,CB,THR,A,286,1.0,13.78,,1.8,0.0
2167,ATOM,2167,OG1,THR,A,286,1.0,14.0,,1.8,0.0
2168,ATOM,2168,CG2,THR,A,286,1.0,13.78,,1.8,0.0
2169,ATOM,2169,N,PRO,A,287,1.0,13.01,,1.8,0.0
2170,ATOM,2170,CA,PRO,A,287,1.0,11.37,,1.8,0.0
2171,ATOM,2171,C,PRO,A,287,1.0,11.54,,1.8,0.0
2172,ATOM,2172,O,PRO,A,287,1.0,11.57,,1.8,0.0
2173,ATOM,2173,CB,PRO,A,287,1.0,12.86,,1.8,0.0
2174,ATOM,2174,CG,PRO,A,287,1.0,12.23,,1.8,0.0
2175,ATOM,2175,CD,PRO,A,287,1.0,11.79,,1.8,0.0
2176,ATOM,2176,N,VAL,A,288,0.5,11.44,,1.8,0.0
2177,ATOM,2177,CA,VAL,A,288,0.5,11.21,,1.8,0.0
2178,ATOM,2178,C,VAL,A,288,0.5,11.73,,1.8,0.0
2179,ATOM,2179,O,VAL,A,288,0.5,12.17,,1.8,0.0
2180,ATOM,2180,CB,VAL,A,288,0.5,10.93,,1.8,0.0
2181,ATOM,2181,CG1,VAL,A,288,0.5,10.38,,1.8,0.0
2182,ATOM,2182,CG2,VAL,A,288,0.5,10.35,,1.8,0.0
2183,ATOM,2183,N,LEU,A,289,1.0,11.37,,1.8,0.0
2184,ATOM,2184,CA,LEU,A,289,1.0,11.8,,1.8,0.0
2185,ATOM,2185,C,LEU,A,289,1.0,12.54,,1.8,0.0
2186,ATOM,2186,O,LEU,A,289,1.0,11.98,,1.8,0.0
2187,ATOM,2187,CB,LEU,A,289,1.0,11.61,,1.8,0.0
2188,ATOM,2188,CG,LEU,A,289,1.0,12.11,,1.8,0.0
2189,ATOM,2189,CD1,LEU,A,289,1.0,11.48,,1.8,0.0
2190,ATOM,2190,CD2,LEU,A,289,1.0,12.06,,1.8,0.0
2191,ATOM,2191,N,VAL,A,290,1.0,12.22,,1.8,0.0
2192,ATOM,2192,CA,VAL,A,290,1.0,13.26,,1.8,0.0
2193,ATOM,2193,C,VAL,A,290,1.0,13.65,,1.8,0.0
2194,ATOM,2194,O,VAL,A,290,1.0,13.58,,1.8,0.0
2195,ATOM,2195,CB,VAL,A,290,1.0,12.58,,1.8,0.0
2196,ATOM,2196,CG1,VAL,A,290,1.0,14.39,,1.8,0.0
2197,ATOM,2197,CG2,VAL,A,290,1.0,13.18,,1.8,0.0
2198,ATOM,2198,N,ASN,A,291,1.0,14.84,,1.8,0.0
2199,ATOM,2199,CA,ASN,A,291,1.0,15.76,,1.8,0.0
2200,ATOM,2200,C,ASN,A,291,1.0,18.48,,1.8,0.0
2201,ATOM,2201,O,ASN,A,291,1.0,18.07,,1.8,0.0
2202,ATOM,2202,CB,ASN,A,291,1.0,17.07,,1.8,0.0
2203,ATOM,2203,CG,ASN,A,291,1.0,16.53,,1.8,0.0
2204,ATOM,2204,OD1,ASN,A,291,1.0,18.28,,1.8,0.0
2205,ATOM,2205,ND2,ASN,A,291,1.0,16.55,,1.8,0.0
2206,ATOM,2206,N,GLY,A,292,1.0,19.68,,1.8,0.0
2207,ATOM,2207,CA,GLY,A,292,1.0,20.01,,1.8,0.0
2208,ATOM,2208,C,GLY,A,292,1.0,19.67,,1.8,0.0
2209,ATOM,2209,O,GLY,A,292,1.0,18.82,,1.8,0.0
2210,ATOM,2210,N,ARG,A,293,1.0,18.34,,1.8,0.0
2211,ATOM,2211,CA,ARG,A,293,1.0,17.31,,1.8,0.0
2212,ATOM,2212,C,ARG,A,293,1.0,15.49,,1.8,0.0
2213,ATOM,2213,O,ARG,A,293,1.0,15.2,,1.8,0.0
2214,ATOM,2214,CB,ARG,A,293,1.0,19.62,,1.8,0.0
2215,ATOM,2215,CG,ARG,A,293,1.0,18.87,,1.8,0.0
2216,ATOM,2216,CD,ARG,A,293,1.0,19.44,,1.8,0.0
2217,ATOM,2217,NE,ARG,A,293,1.0,17.77,,1.8,0.0
2218,ATOM,2218,CZ,ARG,A,293,1.0,20.09,,1.8,0.0
2219,ATOM,2219,NH1,ARG,A,293,1.0,20.0,,1.8,0.0
2220,ATOM,2220,NH2,ARG,A,293,1.0,19.26,,1.8,0.0
2221,ATOM,2221,N,GLU,A,294,1.0,14.47,,1.8,0.0
2222,ATOM,2222,CA,GLU,A,294,1.0,13.68,,1.8,0.0
2223,ATOM,2223,C,GLU,A,294,1.0,12.96,,1.8,0.0
2224,ATOM,2224,O,GLU,A,294,1.0,11.74,,1.8,0.0
2225,ATOM,2225,CB,GLU,A,294,1.0,14.37,,1.8,0.0
2226,ATOM,2226,CG,GLU,A,294,1.0,17.23,,1.8,0.0
2227,ATOM,2227,CD,GLU,A,294,1.0,17.23,,1.8,0.0
2228,ATOM,2228,OE1,GLU,A,294,1.0,20.42,,1.8,0.0
2229,ATOM,2229,OE2,GLU,A,294,1.0,18.71,,1.8,0.0
2230,ATOM,2230,N,VAL,A,295,1.0,11.19,,1.8,0.0
2231,ATOM,2231,CA,VAL,A,295,1.0,10.63,,1.8,0.0
2232,ATOM,2232,C,VAL,A,295,1.0,12.31,,1.8,0.0
2233,ATOM,2233,O,VAL,A,295,1.0,12.0,,1.8,0.0
2234,ATOM,2234,CB,VAL,A,295,1.0,10.81,,1.8,0.0
2235,ATOM,2235,CG1,VAL,A,295,1.0,11.14,,1.8,0.0
2236,ATOM,2236,CG2,VAL,A,295,1.0,10.43,,1.8,0.0
2237,ATOM,2237,N,PRO,A,296,1.0,11.77,,1.8,0.0
2238,ATOM,2238,CA,PRO,A,296,1.0,12.06,,1.8,0.0
2239,ATOM,2239,C,PRO,A,296,1.0,12.21,,1.8,0.0
2240,ATOM,2240,O,PRO,A,296,1.0,11.08,,1.8,0.0
2241,ATOM,2241,CB,PRO,A,296,1.0,12.03,,1.8,0.0
2242,ATOM,2242,CG,PRO,A,296,1.0,12.62,,1.8,0.0
2243,ATOM,2243,CD,PRO,A,296,1.0,12.69,,1.8,0.0
2244,ATOM,2244,N,ILE,A,297,1.0,12.3,,1.8,0.0
2245,ATOM,2245,CA,ILE,A,297,1.0,11.76,,1.8,0.0
2246,ATOM,2246,C,ILE,A,297,1.0,10.69,,1.8,0.0
2247,ATOM,2247,O,ILE,A,297,1.0,10.05,,1.8,0.0
2248,ATOM,2248,CB,ILE,A,297,1.0,11.07,,1.8,0.0
2249,ATOM,2249,CG1,ILE,A,297,1.0,10.66,,1.8,0.0
2250,ATOM,2250,CG2,ILE,A,297,1.0,11.85,,1.8,0.0
2251,ATOM,2251,CD1,ILE,A,297,1.0,11.02,,1.8,0.0
2252,ATOM,2252,N,VAL,A,298,1.0,11.3,,1.8,0.0
2253,ATOM,2253,CA,VAL,A,298,1.0,12.05,,1.8,0.0
2254,ATOM,2254,C,VAL,A,298,1.0,12.84,,1.8,0.0
2255,ATOM,2255,O,VAL,A,298,1.0,13.42,,1.8,0.0
2256,ATOM,2256,CB,VAL,A,298,1.0,12.48,,1.8,0.0
2257,ATOM,2257,CG1,VAL,A,298,1.0,13.15,,1.8,0.0
2258,ATOM,2258,CG2,VAL,A,298,1.0,13.03,,1.8,0.0
2259,ATOM,2259,N,GLY,A,299,1.0,12.48,,1.8,0.0
2260,ATOM,2260,CA,GLY,A,299,1.0,13.95,,1.8,0.0
2261,ATOM,2261,C,GLY,A,299,1.0,13.08,,1.8,0.0
2262,ATOM,2262,O,GLY,A,299,1.0,14.16,,1.8,0.0
2263,ATOM,2263,N,ARG,A,300,1.0,15.16,,1.8,0.0
2264,ATOM,2264,CA,ARG,A,300,1.0,17.86,,1.8,0.0
2265,ATOM,2265,C,ARG,A,300,1.0,17.51,,1.8,0.0
2266,ATOM,2266,O,ARG,A,300,1.0,13.07,,1.8,0.0
2267,ATOM,2267,CB,ARG,A,300,1.0,23.12,,1.8,0.0
2268,ATOM,2268,CG,ARG,A,300,1.0,28.01,,1.8,0.0
2269,ATOM,2269,CD,ARG,A,300,1.0,33.18,,1.8,0.0
2270,ATOM,2270,NE,ARG,A,300,1.0,32.82,,1.8,0.0
2271,ATOM,2271,CZ,ARG,A,300,1.0,35.54,,1.8,0.0
2272,ATOM,2272,NH1,ARG,A,300,1.0,38.29,,1.8,0.0
2273,ATOM,2273,NH2,ARG,A,300,1.0,34.51,,1.8,0.0
2274,ATOM,2274,N,VAL,A,301,1.0,16.87,,1.8,0.0
2275,ATOM,2275,CA,VAL,A,301,1.0,15.85,,1.8,0.0
2276,ATOM,2276,C,VAL,A,301,1.0,16.27,,1.8,0.0
2277,ATOM,2277,O,VAL,A,301,1.0,15.82,,1.8,0.0
2278,ATOM,2278,CB,VAL,A,301,1.0,14.16,,1.8,0.0
2279,ATOM,2279,CG1,VAL,A,301,1.0,13.66,,1.8,0.0
2280,ATOM,2280,CG2,VAL,A,301,1.0,13.63,,1.8,0.0
2281,ATOM,2281,N,ALA,A,302,1.0,13.97,,1.8,0.0
2282,ATOM,2282,CA,ALA,A,302,1.0,14.33,,1.8,0.0
2283,ATOM,2283,C,ALA,A,302,1.0,11.68,,1.8,0.0
2284,ATOM,2284,O,ALA,A,302,1.0,12.69,,1.8,0.0
2285,ATOM,2285,CB,ALA,A,302,1.0,14.06,,1.8,0.0
2286,ATOM,2286,N,MET,A,303,1.0,11.47,,1.8,0.0
2287,ATOM,2287,CA,MET,A,303,1.0,11.69,,1.8,0.0
2288,ATOM,2288,C,MET,A,303,1.0,12.35,,1.8,0.0
2289,ATOM,2289,O,MET,A,303,1.0,12.96,,1.8,0.0
2290,ATOM,2290,CB,MET,A,303,1.0,12.0,,1.8,0.0
2291,ATOM,2291,CG,MET,A,303,1.0,11.8,,1.8,0.0
2292,ATOM,2292,SD,MET,A,303,1.0,11.67,,1.8,0.0
2293,ATOM,2293,CE,MET,A,303,1.0,10.91,,1.8,0.0
2294,ATOM,2294,N,ASP,A,304,1.0,12.3,,1.8,0.0
2295,ATOM,2295,CA,ASP,A,304,1.0,11.07,,1.8,0.0
2296,ATOM,2296,C,ASP,A,304,1.0,11.39,,1.8,0.0
2297,ATOM,2297,O,ASP,A,304,1.0,11.2,,1.8,0.0
2298,ATOM,2298,CB,ASP,A,304,1.0,10.8,,1.8,0.0
2299,ATOM,2299,CG,ASP,A,304,1.0,11.89,,1.8,0.0
2300,ATOM,2300,OD1,ASP,A,304,1.0,13.01,,1.8,0.0
2301,ATOM,2301,OD2,ASP,A,304,1.0,15.06,,1.8,0.0
2302,ATOM,2302,N,MET,A,305,1.0,11.01,,1.8,0.0
2303,ATOM,2303,CA,MET,A,305,1.0,11.04,,1.8,0.0
2304,ATOM,2304,C,MET,A,305,1.0,11.8,,1.8,0.0
2305,ATOM,2305,O,MET,A,305,1.0,11.03,,1.8,0.0
2306,ATOM,2306,CB,MET,A,305,1.0,12.04,,1.8,0.0
2307,ATOM,2307,CG,MET,A,305,1.0,11.9,,1.8,0.0
2308,ATOM,2308,SD,MET,A,305,1.0,13.2,,1.8,0.0
2309,ATOM,2309,CE,MET,A,305,1.0,10.82,,1.8,0.0
2310,ATOM,2310,N,ILE,A,306,1.0,12.04,,1.8,0.0
2311,ATOM,2311,CA,ILE,A,306,1.0,11.47,,1.8,0.0
2312,ATOM,2312,C,ILE,A,306,1.0,10.18,,1.8,0.0
2313,ATOM,2313,O,ILE,A,306,1.0,10.43,,1.8,0.0
2314,ATOM,2314,CB,ILE,A,306,1.0,10.43,,1.8,0.0
2315,ATOM,2315,CG1,ILE,A,306,1.0,10.74,,1.8,0.0
2316,ATOM,2316,CG2,ILE,A,306,1.0,10.52,,1.8,0.0
2317,ATOM,2317,CD1,ILE,A,306,1.0,10.27,,1.8,0.0
2318,ATOM,2318,N,CYS,A,307,1.0,11.34,,1.8,0.0
2319,ATOM,2319,CA,CYS,A,307,1.0,12.53,,1.8,0.0
2320,ATOM,2320,C,CYS,A,307,1.0,11.89,,1.8,0.0
2321,ATOM,2321,O,CYS,A,307,1.0,10.71,,1.8,0.0
2322,ATOM,2322,CB,CYS,A,307,1.0,13.12,,1.8,0.0
2323,ATOM,2323,SG,CYS,A,307,1.0,14.5,,1.8,0.0
2324,ATOM,2324,N,VAL,A,308,1.0,11.72,,1.8,0.0
2325,ATOM,2325,CA,VAL,A,308,1.0,12.81,,1.8,0.0
2326,ATOM,2326,C,VAL,A,308,1.0,13.8,,1.8,0.0
2327,ATOM,2327,O,VAL,A,308,1.0,13.89,,1.8,0.0
2328,ATOM,2328,CB,VAL,A,308,1.0,12.56,,1.8,0.0
2329,ATOM,2329,CG1,VAL,A,308,1.0,12.41,,1.8,0.0
2330,ATOM,2330,CG2,VAL,A,308,1.0,12.89,,1.8,0.0
2331,ATOM,2331,N,ASP,A,309,1.0,15.12,,1.8,0.0
2332,ATOM,2332,CA,ASP,A,309,1.0,15.56,,1.8,0.0
2333,ATOM,2333,C,ASP,A,309,1.0,14.35,,1.8,0.0
2334,ATOM,2334,O,ASP,A,309,1.0,13.36,,1.8,0.0
2335,ATOM,2335,CB,ASP,A,309,1.0,15.24,,1.8,0.0
2336,ATOM,2336,CG,ASP,A,309,1.0,14.96,,1.8,0.0
2337,ATOM,2337,OD1,ASP,A,309,1.0,15.56,,1.8,0.0
2338,ATOM,2338,OD2,ASP,A,309,1.0,14.32,,1.8,0.0
2339,ATOM,2339,N,LEU,A,310,1.0,14.35,,1.8,0.0
2340,ATOM,2340,CA,LEU,A,310,1.0,13.33,,1.8,0.0
2341,ATOM,2341,C,LEU,A,310,1.0,13.45,,1.8,0.0
2342,ATOM,2342,O,LEU,A,310,1.0,14.58,,1.8,0.0
2343,ATOM,2343,CB,LEU,A,310,1.0,13.29,,1.8,0.0
2344,ATOM,2344,CG,LEU,A,310,1.0,13.82,,1.8,0.0
2345,ATOM,2345,CD1,LEU,A,310,1.0,14.49,,1.8,0.0
2346,ATOM,2346,CD2,LEU,A,310,1.0,12.65,,1.8,0.0
2347,ATOM,2347,N,GLY,A,311,1.0,13.88,,1.8,0.0
2348,ATOM,2348,CA,GLY,A,311,1.0,14.64,,1.8,0.0
2349,ATOM,2349,C,GLY,A,311,1.0,13.9,,1.8,0.0
2350,ATOM,2350,O,GLY,A,311,1.0,14.58,,1.8,0.0
2351,ATOM,2351,N,PRO,A,312,1.0,13.3,,1.8,0.0
2352,ATOM,2352,CA,PRO,A,312,1.0,13.14,,1.8,0.0
2353,ATOM,2353,C,PRO,A,312,1.0,13.6,,1.8,0.0
2354,ATOM,2354,O,PRO,A,312,1.0,16.71,,1.8,0.0
2355,ATOM,2355,CB,PRO,A,312,1.0,13.62,,1.8,0.0
2356,ATOM,2356,CG,PRO,A,312,1.0,13.18,,1.8,0.0
2357,ATOM,2357,CD,PRO,A,312,1.0,13.27,,1.8,0.0
2358,ATOM,2358,N,GLN,A,313,0.5,13.16,,1.8,0.0
2359,ATOM,2359,CA,GLN,A,313,0.5,13.0,,1.8,0.0
2360,ATOM,2360,C,GLN,A,313,0.5,12.81,,1.8,0.0
2361,ATOM,2361,O,GLN,A,313,0.5,12.25,,1.8,0.0
2362,ATOM,2362,CB,GLN,A,313,0.5,12.65,,1.8,0.0
2363,ATOM,2363,CG,GLN,A,313,0.5,11.77,,1.8,0.0
2364,ATOM,2364,CD,GLN,A,313,0.5,12.36,,1.8,0.0
2365,ATOM,2365,OE1,GLN,A,313,0.5,11.64,,1.8,0.0
2366,ATOM,2366,NE2,GLN,A,313,0.5,11.54,,1.8,0.0
2367,ATOM,2367,N,ALA,A,314,1.0,14.11,,1.8,0.0
2368,ATOM,2368,CA,ALA,A,314,1.0,13.26,,1.8,0.0
2369,ATOM,2369,C,ALA,A,314,1.0,12.76,,1.8,0.0
2370,ATOM,2370,O,ALA,A,314,1.0,14.66,,1.8,0.0
2371,ATOM,2371,CB,ALA,A,314,1.0,13.52,,1.8,0.0
2372,ATOM,2372,N,GLN,A,315,1.0,13.64,,1.8,0.0
2373,ATOM,2373,CA,GLN,A,315,1.0,13.06,,1.8,0.0
2374,ATOM,2374,C,GLN,A,315,1.0,13.21,,1.8,0.0
2375,ATOM,2375,O,GLN,A,315,1.0,10.94,,1.8,0.0
2376,ATOM,2376,CB,GLN,A,315,1.0,15.22,,1.8,0.0
2377,ATOM,2377,CG,GLN,A,315,1.0,14.92,,1.8,0.0
2378,ATOM,2378,CD,GLN,A,315,1.0,15.25,,1.8,0.0
2379,ATOM,2379,OE1,GLN,A,315,1.0,16.61,,1.8,0.0
2380,ATOM,2380,NE2,GLN,A,315,1.0,15.07,,1.8,0.0
2381,ATOM,2381,N,ASP,A,316,1.0,13.49,,1.8,0.0
2382,ATOM,2382,CA,ASP,A,316,1.0,12.96,,1.8,0.0
2383,ATOM,2383,C,ASP,A,316,1.0,13.32,,1.8,0.0
2384,ATOM,2384,O,ASP,A,316,1.0,12.51,,1.8,0.0
2385,ATOM,2385,CB,ASP,A,316,1.0,13.75,,1.8,0.0
2386,ATOM,2386,CG,ASP,A,316,1.0,13.79,,1.8,0.0
2387,ATOM,2387,OD1,ASP,A,316,1.0,14.09,,1.8,0.0
2388,ATOM,2388,OD2,ASP,A,316,1.0,13.19,,1.8,0.0
2389,ATOM,2389,N,LYS,A,317,1.0,13.11,,1.8,0.0
2390,ATOM,2390,CA,LYS,A,317,1.0,13.75,,1.8,0.0
2391,ATOM,2391,C,LYS,A,317,1.0,12.32,,1.8,0.0
2392,ATOM,2392,O,LYS,A,317,1.0,10.9,,1.8,0.0
2393,ATOM,2393,CB,LYS,A,317,1.0,16.4,,1.8,0.0
2394,ATOM,2394,CG,LYS,A,317,1.0,19.62,,1.8,0.0
2395,ATOM,2395,CD,LYS,A,317,1.0,22.17,,1.8,0.0
2396,ATOM,2396,CE,LYS,A,317,1.0,25.42,,1.8,0.0
2397,ATOM,2397,NZ,LYS,A,317,1.0,26.81,,1.8,0.0
2398,ATOM,2398,N,ALA,A,318,1.0,12.9,,1.8,0.0
2399,ATOM,2399,CA,ALA,A,318,1.0,12.86,,1.8,0.0
2400,ATOM,2400,C,ALA,A,318,1.0,12.85,,1.8,0.0
2401,ATOM,2401,O,ALA,A,318,1.0,12.53,,1.8,0.0
2402,ATOM,2402,CB,ALA,A,318,1.0,13.69,,1.8,0.0
2403,ATOM,2403,N,GLY,A,319,1.0,12.58,,1.8,0.0
2404,ATOM,2404,CA,GLY,A,319,1.0,11.42,,1.8,0.0
2405,ATOM,2405,C,GLY,A,319,1.0,11.19,,1.8,0.0
2406,ATOM,2406,O,GLY,A,319,1.0,11.8,,1.8,0.0
2407,ATOM,2407,N,ASP,A,320,1.0,10.15,,1.8,0.0
2408,ATOM,2408,CA,ASP,A,320,1.0,10.9,,1.8,0.0
2409,ATOM,2409,C,ASP,A,320,1.0,10.51,,1.8,0.0
2410,ATOM,2410,O,ASP,A,320,1.0,10.73,,1.8,0.0
2411,ATOM,2411,CB,ASP,A,320,1.0,11.15,,1.8,0.0
2412,ATOM,2412,CG,ASP,A,320,1.0,12.24,,1.8,0.0
2413,ATOM,2413,OD1,ASP,A,320,1.0,13.83,,1.8,0.0
2414,ATOM,2414,OD2,ASP,A,320,1.0,13.51,,1.8,0.0
2415,ATOM,2415,N,PRO,A,321,1.0,10.57,,1.8,0.0
2416,ATOM,2416,CA,PRO,A,321,1.0,10.45,,1.8,0.0
2417,ATOM,2417,C,PRO,A,321,1.0,10.5,,1.8,0.0
2418,ATOM,2418,O,PRO,A,321,1.0,10.92,,1.8,0.0
2419,ATOM,2419,CB,PRO,A,321,1.0,11.48,,1.8,0.0
2420,ATOM,2420,CG,PRO,A,321,1.0,11.68,,1.8,0.0
2421,ATOM,2421,CD,PRO,A,321,1.0,10.9,,1.8,0.0
2422,ATOM,2422,N,VAL,A,322,1.0,10.08,,1.8,0.0
2423,ATOM,2423,CA,VAL,A,322,1.0,9.45,,1.8,0.0
2424,ATOM,2424,C,VAL,A,322,1.0,9.07,,1.8,0.0
2425,ATOM,2425,O,VAL,A,322,1.0,8.93,,1.8,0.0
2426,ATOM,2426,CB,VAL,A,322,1.0,9.03,,1.8,0.0
2427,ATOM,2427,CG1,VAL,A,322,1.0,8.89,,1.8,0.0
2428,ATOM,2428,CG2,VAL,A,322,1.0,9.5,,1.8,0.0
2429,ATOM,2429,N,ILE,A,323,1.0,10.03,,1.8,0.0
2430,ATOM,2430,CA,ILE,A,323,1.0,10.52,,1.8,0.0
2431,ATOM,2431,C,ILE,A,323,1.0,10.3,,1.8,0.0
2432,ATOM,2432,O,ILE,A,323,1.0,10.44,,1.8,0.0
2433,ATOM,2433,CB,ILE,A,323,1.0,10.83,,1.8,0.0
2434,ATOM,2434,CG1,ILE,A,323,1.0,11.44,,1.8,0.0
2435,ATOM,2435,CG2,ILE,A,323,1.0,11.76,,1.8,0.0
2436,ATOM,2436,CD1,ILE,A,323,1.0,12.12,,1.8,0.0
2437,ATOM,2437,N,LEU,A,324,1.0,9.16,,1.8,0.0
2438,ATOM,2438,CA,LEU,A,324,1.0,9.38,,1.8,0.0
2439,ATOM,2439,C,LEU,A,324,1.0,9.96,,1.8,0.0
2440,ATOM,2440,O,LEU,A,324,1.0,10.73,,1.8,0.0
2441,ATOM,2441,CB,LEU,A,324,1.0,8.7,,1.8,0.0
2442,ATOM,2442,CG,LEU,A,324,1.0,8.87,,1.8,0.0
2443,ATOM,2443,CD1,LEU,A,324,1.0,8.66,,1.8,0.0
2444,ATOM,2444,CD2,LEU,A,324,1.0,9.19,,1.8,0.0
2445,ATOM,2445,N,TRP,A,325,1.0,9.95,,1.8,0.0
2446,ATOM,2446,CA,TRP,A,325,1.0,11.58,,1.8,0.0
2447,ATOM,2447,C,TRP,A,325,1.0,13.3,,1.8,0.0
2448,ATOM,2448,O,TRP,A,325,1.0,12.99,,1.8,0.0
2449,ATOM,2449,CB,TRP,A,325,1.0,12.15,,1.8,0.0
2450,ATOM,2450,CG,TRP,A,325,1.0,12.18,,1.8,0.0
2451,ATOM,2451,CD1,TRP,A,325,1.0,11.13,,1.8,0.0
2452,ATOM,2452,CD2,TRP,A,325,1.0,11.28,,1.8,0.0
2453,ATOM,2453,NE1,TRP,A,325,1.0,11.74,,1.8,0.0
2454,ATOM,2454,CE2,TRP,A,325,1.0,11.31,,1.8,0.0
2455,ATOM,2455,CE3,TRP,A,325,1.0,11.7,,1.8,0.0
2456,ATOM,2456,CZ2,TRP,A,325,1.0,11.39,,1.8,0.0
2457,ATOM,2457,CZ3,TRP,A,325,1.0,11.03,,1.8,0.0
2458,ATOM,2458,CH2,TRP,A,325,1.0,11.72,,1.8,0.0
2459,ATOM,2459,N,GLY,A,326,1.0,15.65,,1.8,0.0
2460,ATOM,2460,CA,GLY,A,326,1.0,17.69,,1.8,0.0
2461,ATOM,2461,C,GLY,A,326,1.0,19.85,,1.8,0.0
2462,ATOM,2462,O,GLY,A,326,1.0,18.51,,1.8,0.0
2463,ATOM,2463,N,GLU,A,327,1.0,20.15,,1.8,0.0
2464,ATOM,2464,CA,GLU,A,327,1.0,22.31,,1.8,0.0
2465,ATOM,2465,C,GLU,A,327,1.0,20.23,,1.8,0.0
2466,ATOM,2466,O,GLU,A,327,1.0,26.52,,1.8,0.0
2467,ATOM,2467,CB,GLU,A,327,1.0,23.57,,1.8,0.0
2468,ATOM,2468,CG,GLU,A,327,1.0,25.68,,1.8,0.0
2469,ATOM,2469,CD,GLU,A,327,1.0,24.68,,1.8,0.0
2470,ATOM,2470,OE1,GLU,A,327,1.0,25.16,,1.8,0.0
2471,ATOM,2471,OE2,GLU,A,327,1.0,28.93,,1.8,0.0
2472,ATOM,2472,N,GLY,A,328,1.0,17.63,,1.8,0.0
2473,ATOM,2473,CA,GLY,A,328,1.0,15.53,,1.8,0.0
2474,ATOM,2474,C,GLY,A,328,1.0,13.31,,1.8,0.0
2475,ATOM,2475,O,GLY,A,328,1.0,16.11,,1.8,0.0
2476,ATOM,2476,N,LEU,A,329,1.0,13.22,,1.8,0.0
2477,ATOM,2477,CA,LEU,A,329,1.0,12.69,,1.8,0.0
2478,ATOM,2478,C,LEU,A,329,1.0,14.3,,1.8,0.0
2479,ATOM,2479,O,LEU,A,329,1.0,12.98,,1.8,0.0
2480,ATOM,2480,CB,LEU,A,329,1.0,11.85,,1.8,0.0
2481,ATOM,2481,CG,LEU,A,329,1.0,11.83,,1.8,0.0
2482,ATOM,2482,CD1,LEU,A,329,1.0,12.9,,1.8,0.0
2483,ATOM,2483,CD2,LEU,A,329,1.0,13.49,,1.8,0.0
2484,ATOM,2484,N,PRO,A,330,1.0,14.13,,1.8,0.0
2485,ATOM,2485,CA,PRO,A,330,1.0,13.15,,1.8,0.0
2486,ATOM,2486,C,PRO,A,330,1.0,13.66,,1.8,0.0
2487,ATOM,2487,O,PRO,A,330,1.0,12.49,,1.8,0.0
2488,ATOM,2488,CB,PRO,A,330,1.0,15.6,,1.8,0.0
2489,ATOM,2489,CG,PRO,A,330,1.0,16.49,,1.8,0.0
2490,ATOM,2490,CD,PRO,A,330,1.0,15.09,,1.8,0.0
2491,ATOM,2491,N,VAL,A,331,1.0,12.6,,1.8,0.0
2492,ATOM,2492,CA,VAL,A,331,1.0,11.53,,1.8,0.0
2493,ATOM,2493,C,VAL,A,331,1.0,11.64,,1.8,0.0
2494,ATOM,2494,O,VAL,A,331,1.0,12.15,,1.8,0.0
2495,ATOM,2495,CB,VAL,A,331,1.0,10.79,,1.8,0.0
2496,ATOM,2496,CG1,VAL,A,331,1.0,10.97,,1.8,0.0
2497,ATOM,2497,CG2,VAL,A,331,1.0,11.96,,1.8,0.0
2498,ATOM,2498,N,GLU,A,332,1.0,12.52,,1.8,0.0
2499,ATOM,2499,CA,GLU,A,332,1.0,13.55,,1.8,0.0
2500,ATOM,2500,C,GLU,A,332,1.0,14.3,,1.8,0.0
2501,ATOM,2501,O,GLU,A,332,1.0,14.65,,1.8,0.0
2502,ATOM,2502,CB,GLU,A,332,1.0,13.55,,1.8,0.0
2503,ATOM,2503,CG,GLU,A,332,1.0,13.57,,1.8,0.0
2504,ATOM,2504,CD,GLU,A,332,1.0,14.16,,1.8,0.0
2505,ATOM,2505,OE1,GLU,A,332,1.0,15.92,,1.8,0.0
2506,ATOM,2506,OE2,GLU,A,332,1.0,15.28,,1.8,0.0
2507,ATOM,2507,N,ARG,A,333,1.0,15.22,,1.8,0.0
2508,ATOM,2508,CA,ARG,A,333,1.0,16.82,,1.8,0.0
2509,ATOM,2509,C,ARG,A,333,1.0,15.7,,1.8,0.0
2510,ATOM,2510,O,ARG,A,333,1.0,16.46,,1.8,0.0
2511,ATOM,2511,CB,ARG,A,333,1.0,18.9,,1.8,0.0
2512,ATOM,2512,CG,ARG,A,333,1.0,21.75,,1.8,0.0
2513,ATOM,2513,CD,ARG,A,333,1.0,22.67,,1.8,0.0
2514,ATOM,2514,NE,ARG,A,333,1.0,22.4,,1.8,0.0
2515,ATOM,2515,CZ,ARG,A,333,1.0,23.47,,1.8,0.0
2516,ATOM,2516,NH1,ARG,A,333,1.0,27.5,,1.8,0.0
2517,ATOM,2517,NH2,ARG,A,333,1.0,26.12,,1.8,0.0
2518,ATOM,2518,N,ILE,A,334,1.0,14.46,,1.8,0.0
2519,ATOM,2519,CA,ILE,A,334,1.0,14.18,,1.8,0.0
2520,ATOM,2520,C,ILE,A,334,1.0,14.79,,1.8,0.0
2521,ATOM,2521,O,ILE,A,334,1.0,11.03,,1.8,0.0
2522,ATOM,2522,CB,ILE,A,334,1.0,13.78,,1.8,0.0
2523,ATOM,2523,CG1,ILE,A,334,1.0,14.12,,1.8,0.0
2524,ATOM,2524,CG2,ILE,A,334,1.0,13.84,,1.8,0.0
2525,ATOM,2525,CD1,ILE,A,334,1.0,13.95,,1.8,0.0
2526,ATOM,2526,N,ALA,A,335,1.0,16.53,,1.8,0.0
2527,ATOM,2527,CA,ALA,A,335,1.0,16.6,,1.8,0.0
2528,ATOM,2528,C,ALA,A,335,1.0,18.63,,1.8,0.0
2529,ATOM,2529,O,ALA,A,335,1.0,20.34,,1.8,0.0
2530,ATOM,2530,CB,ALA,A,335,1.0,16.98,,1.8,0.0
2531,ATOM,2531,N,GLU,A,336,1.0,21.18,,1.8,0.0
2532,ATOM,2532,CA,GLU,A,336,1.0,24.38,,1.8,0.0
2533,ATOM,2533,C,GLU,A,336,1.0,25.26,,1.8,0.0
2534,ATOM,2534,O,GLU,A,336,1.0,23.6,,1.8,0.0
2535,ATOM,2535,CB,GLU,A,336,1.0,26.8,,1.8,0.0
2536,ATOM,2536,CG,GLU,A,336,1.0,30.88,,1.8,0.0
2537,ATOM,2537,CD,GLU,A,336,1.0,30.92,,1.8,0.0
2538,ATOM,2538,OE1,GLU,A,336,1.0,32.53,,1.8,0.0
2539,ATOM,2539,OE2,GLU,A,336,1.0,35.9,,1.8,0.0
2540,ATOM,2540,N,MET,A,337,1.0,23.69,,1.8,0.0
2541,ATOM,2541,CA,MET,A,337,1.0,23.94,,1.8,0.0
2542,ATOM,2542,C,MET,A,337,1.0,23.13,,1.8,0.0
2543,ATOM,2543,O,MET,A,337,1.0,23.9,,1.8,0.0
2544,ATOM,2544,CB,MET,A,337,1.0,27.31,,1.8,0.0
2545,ATOM,2545,CG,MET,A,337,1.0,34.02,,1.8,0.0
2546,ATOM,2546,SD,MET,A,337,1.0,41.46,,1.8,0.0
2547,ATOM,2547,CE,MET,A,337,1.0,34.51,,1.8,0.0
2548,ATOM,2548,N,THR,A,338,1.0,22.82,,1.8,0.0
2549,ATOM,2549,CA,THR,A,338,1.0,18.16,,1.8,0.0
2550,ATOM,2550,C,THR,A,338,1.0,18.47,,1.8,0.0
2551,ATOM,2551,O,THR,A,338,1.0,18.6,,1.8,0.0
2552,ATOM,2552,CB,THR,A,338,1.0,18.32,,1.8,0.0
2553,ATOM,2553,OG1,THR,A,338,1.0,19.07,,1.8,0.0
2554,ATOM,2554,CG2,THR,A,338,1.0,20.5,,1.8,0.0
2555,ATOM,2555,N,LYS,A,339,1.0,20.82,,1.8,0.0
2556,ATOM,2556,CA,LYS,A,339,1.0,20.37,,1.8,0.0
2557,ATOM,2557,C,LYS,A,339,1.0,20.93,,1.8,0.0
2558,ATOM,2558,O,LYS,A,339,1.0,21.91,,1.8,0.0
2559,ATOM,2559,CB,LYS,A,339,1.0,22.26,,1.8,0.0
2560,ATOM,2560,CG,LYS,A,339,1.0,23.42,,1.8,0.0
2561,ATOM,2561,CD,LYS,A,339,1.0,23.51,,1.8,0.0
2562,ATOM,2562,CE,LYS,A,339,1.0,24.98,,1.8,0.0
2563,ATOM,2563,NZ,LYS,A,339,1.0,27.03,,1.8,0.0
2564,ATOM,2564,N,VAL,A,340,1.0,19.5,,1.8,0.0
2565,ATOM,2565,CA,VAL,A,340,1.0,20.04,,1.8,0.0
2566,ATOM,2566,C,VAL,A,340,1.0,19.21,,1.8,0.0
2567,ATOM,2567,O,VAL,A,340,1.0,18.43,,1.8,0.0
2568,ATOM,2568,CB,VAL,A,340,1.0,21.38,,1.8,0.0
2569,ATOM,2569,CG1,VAL,A,340,1.0,26.28,,1.8,0.0
2570,ATOM,2570,CG2,VAL,A,340,1.0,22.25,,1.8,0.0
2571,ATOM,2571,N,SER,A,341,1.0,15.62,,1.8,0.0
2572,ATOM,2572,CA,SER,A,341,1.0,14.5,,1.8,0.0
2573,ATOM,2573,C,SER,A,341,1.0,12.65,,1.8,0.0
2574,ATOM,2574,O,SER,A,341,1.0,12.64,,1.8,0.0
2575,ATOM,2575,CB,SER,A,341,1.0,13.49,,1.8,0.0
2576,ATOM,2576,OG,SER,A,341,1.0,16.7,,1.8,0.0
2577,ATOM,2577,N,ALA,A,342,1.0,12.58,,1.8,0.0
2578,ATOM,2578,CA,ALA,A,342,1.0,11.22,,1.8,0.0
2579,ATOM,2579,C,ALA,A,342,1.0,10.33,,1.8,0.0
2580,ATOM,2580,O,ALA,A,342,1.0,10.39,,1.8,0.0
2581,ATOM,2581,CB,ALA,A,342,1.0,10.2,,1.8,0.0
2582,ATOM,2582,N,TYR,A,343,1.0,10.6,,1.8,0.0
2583,ATOM,2583,CA,TYR,A,343,1.0,10.44,,1.8,0.0
2584,ATOM,2584,C,TYR,A,343,1.0,9.48,,1.8,0.0
2585,ATOM,2585,O,TYR,A,343,1.0,9.07,,1.8,0.0
2586,ATOM,2586,CB,TYR,A,343,1.0,11.47,,1.8,0.0
2587,ATOM,2587,CG,TYR,A,343,1.0,10.99,,1.8,0.0
2588,ATOM,2588,CD1,TYR,A,343,1.0,10.57,,1.8,0.0
2589,ATOM,2589,CD2,TYR,A,343,1.0,10.87,,1.8,0.0
2590,ATOM,2590,CE1,TYR,A,343,1.0,10.38,,1.8,0.0
2591,ATOM,2591,CE2,TYR,A,343,1.0,9.88,,1.8,0.0
2592,ATOM,2592,CZ,TYR,A,343,1.0,10.7,,1.8,0.0
2593,ATOM,2593,OH,TYR,A,343,1.0,9.32,,1.8,0.0
2594,ATOM,2594,N,GLU,A,344,1.0,10.01,,1.8,0.0
2595,ATOM,2595,CA,GLU,A,344,1.0,10.32,,1.8,0.0
2596,ATOM,2596,C,GLU,A,344,1.0,10.78,,1.8,0.0
2597,ATOM,2597,O,GLU,A,344,1.0,10.84,,1.8,0.0
2598,ATOM,2598,CB,GLU,A,344,1.0,10.94,,1.8,0.0
2599,ATOM,2599,CG,GLU,A,344,1.0,11.05,,1.8,0.0
2600,ATOM,2600,CD,GLU,A,344,1.0,10.79,,1.8,0.0
2601,ATOM,2601,OE1,GLU,A,344,1.0,12.66,,1.8,0.0
2602,ATOM,2602,OE2,GLU,A,344,1.0,11.99,,1.8,0.0
2603,ATOM,2603,N,LEU,A,345,1.0,10.88,,1.8,0.0
2604,ATOM,2604,CA,LEU,A,345,1.0,11.38,,1.8,0.0
2605,ATOM,2605,C,LEU,A,345,1.0,10.5,,1.8,0.0
2606,ATOM,2606,O,LEU,A,345,1.0,9.35,,1.8,0.0
2607,ATOM,2607,CB,LEU,A,345,1.0,11.87,,1.8,0.0
2608,ATOM,2608,CG,LEU,A,345,1.0,12.84,,1.8,0.0
2609,ATOM,2609,CD1,LEU,A,345,1.0,14.18,,1.8,0.0
2610,ATOM,2610,CD2,LEU,A,345,1.0,13.58,,1.8,0.0
2611,ATOM,2611,N,ILE,A,346,1.0,11.26,,1.8,0.0
2612,ATOM,2612,CA,ILE,A,346,1.0,9.89,,1.8,0.0
2613,ATOM,2613,C,ILE,A,346,1.0,9.8,,1.8,0.0
2614,ATOM,2614,O,ILE,A,346,1.0,9.54,,1.8,0.0
2615,ATOM,2615,CB,ILE,A,346,1.0,9.46,,1.8,0.0
2616,ATOM,2616,CG1,ILE,A,346,1.0,9.43,,1.8,0.0
2617,ATOM,2617,CG2,ILE,A,346,1.0,10.79,,1.8,0.0
2618,ATOM,2618,CD1,ILE,A,346,1.0,8.75,,1.8,0.0
2619,ATOM,2619,N,THR,A,347,1.0,9.5,,1.8,0.0
2620,ATOM,2620,CA,THR,A,347,1.0,9.15,,1.8,0.0
2621,ATOM,2621,C,THR,A,347,1.0,9.66,,1.8,0.0
2622,ATOM,2622,O,THR,A,347,1.0,9.98,,1.8,0.0
2623,ATOM,2623,CB,THR,A,347,1.0,8.89,,1.8,0.0
2624,ATOM,2624,OG1,THR,A,347,1.0,9.97,,1.8,0.0
2625,ATOM,2625,CG2,THR,A,347,1.0,8.31,,1.8,0.0
2626,ATOM,2626,N,ARG,A,348,1.0,10.21,,1.8,0.0
2627,ATOM,2627,CA,ARG,A,348,1.0,11.09,,1.8,0.0
2628,ATOM,2628,C,ARG,A,348,1.0,10.77,,1.8,0.0
2629,ATOM,2629,O,ARG,A,348,1.0,11.52,,1.8,0.0
2630,ATOM,2630,CB,ARG,A,348,1.0,10.21,,1.8,0.0
2631,ATOM,2631,CG,ARG,A,348,1.0,12.21,,1.8,0.0
2632,ATOM,2632,CD,ARG,A,348,1.0,12.09,,1.8,0.0
2633,ATOM,2633,NE,ARG,A,348,1.0,13.84,,1.8,0.0
2634,ATOM,2634,CZ,ARG,A,348,1.0,13.95,,1.8,0.0
2635,ATOM,2635,NH1,ARG,A,348,1.0,15.66,,1.8,0.0
2636,ATOM,2636,NH2,ARG,A,348,1.0,12.1,,1.8,0.0
2637,ATOM,2637,N,LEU,A,349,1.0,10.97,,1.8,0.0
2638,ATOM,2638,CA,LEU,A,349,1.0,10.49,,1.8,0.0
2639,ATOM,2639,C,LEU,A,349,1.0,11.09,,1.8,0.0
2640,ATOM,2640,O,LEU,A,349,1.0,13.38,,1.8,0.0
2641,ATOM,2641,CB,LEU,A,349,1.0,10.58,,1.8,0.0
2642,ATOM,2642,CG,LEU,A,349,1.0,10.33,,1.8,0.0
2643,ATOM,2643,CD1,LEU,A,349,1.0,10.59,,1.8,0.0
2644,ATOM,2644,CD2,LEU,A,349,1.0,9.83,,1.8,0.0
2645,ATOM,2645,N,THR,A,350,1.0,11.32,,1.8,0.0
2646,ATOM,2646,CA,THR,A,350,1.0,10.49,,1.8,0.0
2647,ATOM,2647,C,THR,A,350,1.0,10.9,,1.8,0.0
2648,ATOM,2648,O,THR,A,350,1.0,10.28,,1.8,0.0
2649,ATOM,2649,CB,THR,A,350,1.0,10.64,,1.8,0.0
2650,ATOM,2650,OG1,THR,A,350,1.0,10.04,,1.8,0.0
2651,ATOM,2651,CG2,THR,A,350,1.0,10.05,,1.8,0.0
2652,ATOM,2652,N,SER,A,351,1.0,11.69,,1.8,0.0
2653,ATOM,2653,CA,SER,A,351,1.0,12.75,,1.8,0.0
2654,ATOM,2654,C,SER,A,351,1.0,13.22,,1.8,0.0
2655,ATOM,2655,O,SER,A,351,1.0,13.49,,1.8,0.0
2656,ATOM,2656,CB,SER,A,351,1.0,13.13,,1.8,0.0
2657,ATOM,2657,OG,SER,A,351,1.0,12.78,,1.8,0.0
2658,ATOM,2658,N,ARG,A,352,1.0,12.33,,1.8,0.0
2659,ATOM,2659,CA,ARG,A,352,1.0,13.63,,1.8,0.0
2660,ATOM,2660,C,ARG,A,352,1.0,13.71,,1.8,0.0
2661,ATOM,2661,O,ARG,A,352,1.0,14.34,,1.8,0.0
2662,ATOM,2662,CB,ARG,A,352,1.0,14.35,,1.8,0.0
2663,ATOM,2663,CG,ARG,A,352,1.0,13.08,,1.8,0.0
2664,ATOM,2664,CD,ARG,A,352,1.0,14.51,,1.8,0.0
2665,ATOM,2665,NE,ARG,A,352,1.0,12.39,,1.8,0.0
2666,ATOM,2666,CZ,ARG,A,352,1.0,13.13,,1.8,0.0
2667,ATOM,2667,NH1,ARG,A,352,1.0,13.8,,1.8,0.0
2668,ATOM,2668,NH2,ARG,A,352,1.0,12.02,,1.8,0.0
2669,ATOM,2669,N,VAL,A,353,1.0,15.01,,1.8,0.0
2670,ATOM,2670,CA,VAL,A,353,1.0,15.91,,1.8,0.0
2671,ATOM,2671,C,VAL,A,353,1.0,16.15,,1.8,0.0
2672,ATOM,2672,O,VAL,A,353,1.0,16.57,,1.8,0.0
2673,ATOM,2673,CB,VAL,A,353,1.0,16.48,,1.8,0.0
2674,ATOM,2674,CG1,VAL,A,353,1.0,16.23,,1.8,0.0
2675,ATOM,2675,CG2,VAL,A,353,1.0,17.06,,1.8,0.0
2676,ATOM,2676,N,ALA,A,354,1.0,15.8,,1.8,0.0
2677,ATOM,2677,CA,ALA,A,354,1.0,16.32,,1.8,0.0
2678,ATOM,2678,C,ALA,A,354,1.0,16.61,,1.8,0.0
2679,ATOM,2679,O,ALA,A,354,1.0,17.54,,1.8,0.0
2680,ATOM,2680,CB,ALA,A,354,1.0,15.33,,1.8,0.0
2681,ATOM,2681,N,MET,A,355,1.0,16.24,,1.8,0.0
2682,ATOM,2682,CA,MET,A,355,1.0,16.35,,1.8,0.0
2683,ATOM,2683,C,MET,A,355,1.0,15.86,,1.8,0.0
2684,ATOM,2684,O,MET,A,355,1.0,15.49,,1.8,0.0
2685,ATOM,2685,CB,MET,A,355,1.0,17.34,,1.8,0.0
2686,ATOM,2686,CG,MET,A,355,1.0,19.15,,1.8,0.0
2687,ATOM,2687,SD,MET,A,355,1.0,19.13,,1.8,0.0
2688,ATOM,2688,CE,MET,A,355,1.0,18.63,,1.8,0.0
2689,ATOM,2689,N,LYS,A,356,1.0,14.71,,1.8,0.0
2690,ATOM,2690,CA,LYS,A,356,1.0,15.55,,1.8,0.0
2691,ATOM,2691,C,LYS,A,356,1.0,14.59,,1.8,0.0
2692,ATOM,2692,O,LYS,A,356,1.0,13.53,,1.8,0.0
2693,ATOM,2693,CB,LYS,A,356,1.0,16.49,,1.8,0.0
2694,ATOM,2694,N,TYR,A,357,1.0,14.39,,1.8,0.0
2695,ATOM,2695,CA,TYR,A,357,1.0,13.74,,1.8,0.0
2696,ATOM,2696,C,TYR,A,357,1.0,15.09,,1.8,0.0
2697,ATOM,2697,O,TYR,A,357,1.0,15.63,,1.8,0.0
2698,ATOM,2698,CB,TYR,A,357,1.0,13.93,,1.8,0.0
2699,ATOM,2699,CG,TYR,A,357,1.0,14.55,,1.8,0.0
2700,ATOM,2700,CD1,TYR,A,357,1.0,15.27,,1.8,0.0
2701,ATOM,2701,CD2,TYR,A,357,1.0,14.71,,1.8,0.0
2702,ATOM,2702,CE1,TYR,A,357,1.0,15.96,,1.8,0.0
2703,ATOM,2703,CE2,TYR,A,357,1.0,13.66,,1.8,0.0
2704,ATOM,2704,CZ,TYR,A,357,1.0,14.67,,1.8,0.0
2705,ATOM,2705,OH,TYR,A,357,1.0,14.45,,1.8,0.0
2706,ATOM,2706,N,VAL,A,358,1.0,16.43,,1.8,0.0
2707,ATOM,2707,CA,VAL,A,358,1.0,18.37,,1.8,0.0
2708,ATOM,2708,C,VAL,A,358,1.0,20.6,,1.8,0.0
2709,ATOM,2709,O,VAL,A,358,1.0,17.73,,1.8,0.0
2710,ATOM,2710,CB,VAL,A,358,1.0,18.02,,1.8,0.0
2711,ATOM,2711,CG1,VAL,A,358,1.0,15.93,,1.8,0.0
2712,ATOM,2712,CG2,VAL,A,358,1.0,15.66,,1.8,0.0
2713,ATOM,2713,N,ASP,A,359,1.0,23.41,,1.8,0.0
2714,ATOM,2714,CA,ASP,A,359,1.0,28.13,,1.8,0.0
2715,ATOM,2715,C,ASP,A,359,1.0,28.63,,1.8,0.0
2716,ATOM,2716,O,ASP,A,359,1.0,39.18,,1.8,0.0
2717,ATOM,2717,CB,ASP,A,359,1.0,27.56,,1.8,0.0
2718,ATOM,2718,CG,ASP,A,359,1.0,30.26,,1.8,0.0
2719,ATOM,2719,OD1,ASP,A,359,1.0,27.02,,1.8,0.0
2720,ATOM,2720,OD2,ASP,A,359,1.0,27.74,,1.8,0.0
2721,ATOM,2721,N,GLN,B,2,1.0,32.73,,1.8,0.0
2722,ATOM,2722,CA,GLN,B,2,1.0,31.47,,1.8,0.0
2723,ATOM,2723,C,GLN,B,2,1.0,31.33,,1.8,0.0
2724,ATOM,2724,O,GLN,B,2,1.0,35.29,,1.8,0.0
2725,ATOM,2725,CB,GLN,B,2,1.0,32.63,,1.8,0.0
2726,ATOM,2726,CG,GLN,B,2,1.0,34.89,,1.8,0.0
2727,ATOM,2727,CD,GLN,B,2,1.0,39.18,,1.8,0.0
2728,ATOM,2728,OE1,GLN,B,2,1.0,39.36,,1.8,0.0
2729,ATOM,2729,NE2,GLN,B,2,1.0,37.72,,1.8,0.0
2730,ATOM,2730,N,ALA,B,3,1.0,29.08,,1.8,0.0
2731,ATOM,2731,CA,ALA,B,3,1.0,27.62,,1.8,0.0
2732,ATOM,2732,C,ALA,B,3,1.0,21.84,,1.8,0.0
2733,ATOM,2733,O,ALA,B,3,1.0,26.39,,1.8,0.0
2734,ATOM,2734,CB,ALA,B,3,1.0,29.62,,1.8,0.0
2735,ATOM,2735,N,ALA,B,4,1.0,19.96,,1.8,0.0
2736,ATOM,2736,CA,ALA,B,4,1.0,18.81,,1.8,0.0
2737,ATOM,2737,C,ALA,B,4,1.0,17.34,,1.8,0.0
2738,ATOM,2738,O,ALA,B,4,1.0,17.82,,1.8,0.0
2739,ATOM,2739,CB,ALA,B,4,1.0,19.79,,1.8,0.0
2740,ATOM,2740,N,THR,B,5,1.0,16.66,,1.8,0.0
2741,ATOM,2741,CA,THR,B,5,1.0,16.57,,1.8,0.0
2742,ATOM,2742,C,THR,B,5,1.0,15.82,,1.8,0.0
2743,ATOM,2743,O,THR,B,5,1.0,19.13,,1.8,0.0
2744,ATOM,2744,CB,THR,B,5,1.0,16.39,,1.8,0.0
2745,ATOM,2745,OG1,THR,B,5,1.0,17.08,,1.8,0.0
2746,ATOM,2746,CG2,THR,B,5,1.0,17.67,,1.8,0.0
2747,ATOM,2747,N,VAL,B,6,1.0,15.72,,1.8,0.0
2748,ATOM,2748,CA,VAL,B,6,1.0,14.5,,1.8,0.0
2749,ATOM,2749,C,VAL,B,6,1.0,14.01,,1.8,0.0
2750,ATOM,2750,O,VAL,B,6,1.0,14.08,,1.8,0.0
2751,ATOM,2751,CB,VAL,B,6,1.0,14.85,,1.8,0.0
2752,ATOM,2752,CG1,VAL,B,6,1.0,16.99,,1.8,0.0
2753,ATOM,2753,CG2,VAL,B,6,1.0,16.08,,1.8,0.0
2754,ATOM,2754,N,VAL,B,7,1.0,13.47,,1.8,0.0
2755,ATOM,2755,CA,VAL,B,7,1.0,12.42,,1.8,0.0
2756,ATOM,2756,C,VAL,B,7,1.0,13.48,,1.8,0.0
2757,ATOM,2757,O,VAL,B,7,1.0,13.75,,1.8,0.0
2758,ATOM,2758,CB,VAL,B,7,1.0,12.67,,1.8,0.0
2759,ATOM,2759,CG1,VAL,B,7,1.0,12.57,,1.8,0.0
2760,ATOM,2760,CG2,VAL,B,7,1.0,12.66,,1.8,0.0
2761,ATOM,2761,N,ILE,B,8,1.0,11.44,,1.8,0.0
2762,ATOM,2762,CA,ILE,B,8,1.0,12.02,,1.8,0.0
2763,ATOM,2763,C,ILE,B,8,1.0,12.2,,1.8,0.0
2764,ATOM,2764,O,ILE,B,8,1.0,13.7,,1.8,0.0
2765,ATOM,2765,CB,ILE,B,8,1.0,13.13,,1.8,0.0
2766,ATOM,2766,CG1,ILE,B,8,1.0,13.72,,1.8,0.0
2767,ATOM,2767,CG2,ILE,B,8,1.0,13.54,,1.8,0.0
2768,ATOM,2768,CD1,ILE,B,8,1.0,12.59,,1.8,0.0
2769,ATOM,2769,N,ASN,B,9,1.0,13.57,,1.8,0.0
2770,ATOM,2770,CA,ASN,B,9,1.0,14.78,,1.8,0.0
2771,ATOM,2771,C,ASN,B,9,1.0,13.86,,1.8,0.0
2772,ATOM,2772,O,ASN,B,9,1.0,13.41,,1.8,0.0
2773,ATOM,2773,CB,ASN,B,9,1.0,14.66,,1.8,0.0
2774,ATOM,2774,CG,ASN,B,9,1.0,15.73,,1.8,0.0
2775,ATOM,2775,OD1,ASN,B,9,1.0,14.14,,1.8,0.0
2776,ATOM,2776,ND2,ASN,B,9,1.0,15.97,,1.8,0.0
2777,ATOM,2777,N,ARG,B,10,1.0,16.62,,1.8,0.0
2778,ATOM,2778,CA,ARG,B,10,1.0,16.67,,1.8,0.0
2779,ATOM,2779,C,ARG,B,10,1.0,16.26,,1.8,0.0
2780,ATOM,2780,O,ARG,B,10,1.0,18.8,,1.8,0.0
2781,ATOM,2781,CB,ARG,B,10,1.0,17.41,,1.8,0.0
2782,ATOM,2782,CG,ARG,B,10,1.0,19.48,,1.8,0.0
2783,ATOM,2783,CD,ARG,B,10,1.0,20.89,,1.8,0.0
2784,ATOM,2784,NE,ARG,B,10,1.0,23.29,,1.8,0.0
2785,ATOM,2785,CZ,ARG,B,10,1.0,18.51,,1.8,0.0
2786,ATOM,2786,NH1,ARG,B,10,1.0,19.38,,1.8,0.0
2787,ATOM,2787,NH2,ARG,B,10,1.0,21.38,,1.8,0.0
2788,ATOM,2788,N,ARG,B,11,1.0,15.16,,1.8,0.0
2789,ATOM,2789,CA,ARG,B,11,1.0,16.28,,1.8,0.0
2790,ATOM,2790,C,ARG,B,11,1.0,13.62,,1.8,0.0
2791,ATOM,2791,O,ARG,B,11,1.0,13.05,,1.8,0.0
2792,ATOM,2792,CB,ARG,B,11,1.0,19.61,,1.8,0.0
2793,ATOM,2793,CG,ARG,B,11,1.0,26.03,,1.8,0.0
2794,ATOM,2794,CD,ARG,B,11,1.0,28.61,,1.8,0.0
2795,ATOM,2795,NE,ARG,B,11,1.0,35.91,,1.8,0.0
2796,ATOM,2796,CZ,ARG,B,11,1.0,37.9,,1.8,0.0
2797,ATOM,2797,NH1,ARG,B,11,1.0,41.51,,1.8,0.0
2798,ATOM,2798,NH2,ARG,B,11,1.0,35.44,,1.8,0.0
2799,ATOM,2799,N,ALA,B,12,1.0,13.42,,1.8,0.0
2800,ATOM,2800,CA,ALA,B,12,1.0,12.86,,1.8,0.0
2801,ATOM,2801,C,ALA,B,12,1.0,12.02,,1.8,0.0
2802,ATOM,2802,O,ALA,B,12,1.0,11.78,,1.8,0.0
2803,ATOM,2803,CB,ALA,B,12,1.0,14.54,,1.8,0.0
2804,ATOM,2804,N,LEU,B,13,1.0,11.95,,1.8,0.0
2805,ATOM,2805,CA,LEU,B,13,1.0,12.73,,1.8,0.0
2806,ATOM,2806,C,LEU,B,13,1.0,13.22,,1.8,0.0
2807,ATOM,2807,O,LEU,B,13,1.0,14.14,,1.8,0.0
2808,ATOM,2808,CB,LEU,B,13,1.0,12.56,,1.8,0.0
2809,ATOM,2809,CG,LEU,B,13,1.0,12.76,,1.8,0.0
2810,ATOM,2810,CD1,LEU,B,13,1.0,13.17,,1.8,0.0
2811,ATOM,2811,CD2,LEU,B,13,1.0,12.5,,1.8,0.0
2812,ATOM,2812,N,ARG,B,14,0.5,12.92,,1.8,0.0
2813,ATOM,2813,CA,ARG,B,14,0.5,13.96,,1.8,0.0
2814,ATOM,2814,C,ARG,B,14,0.5,13.84,,1.8,0.0
2815,ATOM,2815,O,ARG,B,14,0.5,14.91,,1.8,0.0
2816,ATOM,2816,CB,ARG,B,14,0.5,14.16,,1.8,0.0
2817,ATOM,2817,CG,ARG,B,14,0.5,15.41,,1.8,0.0
2818,ATOM,2818,CD,ARG,B,14,0.5,16.37,,1.8,0.0
2819,ATOM,2819,NE,ARG,B,14,0.5,16.05,,1.8,0.0
2820,ATOM,2820,CZ,ARG,B,14,0.5,17.08,,1.8,0.0
2821,ATOM,2821,NH1,ARG,B,14,0.5,15.89,,1.8,0.0
2822,ATOM,2822,NH2,ARG,B,14,0.5,16.66,,1.8,0.0
2823,ATOM,2823,N,HIS,B,15,1.0,13.75,,1.8,0.0
2824,ATOM,2824,CA,HIS,B,15,1.0,13.23,,1.8,0.0
2825,ATOM,2825,C,HIS,B,15,1.0,12.08,,1.8,0.0
2826,ATOM,2826,O,HIS,B,15,1.0,12.12,,1.8,0.0
2827,ATOM,2827,CB,HIS,B,15,1.0,14.54,,1.8,0.0
2828,ATOM,2828,CG,HIS,B,15,1.0,14.27,,1.8,0.0
2829,ATOM,2829,ND1,HIS,B,15,1.0,15.22,,1.8,0.0
2830,ATOM,2830,CD2,HIS,B,15,1.0,15.9,,1.8,0.0
2831,ATOM,2831,CE1,HIS,B,15,1.0,16.27,,1.8,0.0
2832,ATOM,2832,NE2,HIS,B,15,1.0,16.01,,1.8,0.0
2833,ATOM,2833,N,ASN,B,16,1.0,11.06,,1.8,0.0
2834,ATOM,2834,CA,ASN,B,16,1.0,10.92,,1.8,0.0
2835,ATOM,2835,C,ASN,B,16,1.0,11.94,,1.8,0.0
2836,ATOM,2836,O,ASN,B,16,1.0,11.66,,1.8,0.0
2837,ATOM,2837,CB,ASN,B,16,1.0,10.72,,1.8,0.0
2838,ATOM,2838,CG,ASN,B,16,1.0,11.46,,1.8,0.0
2839,ATOM,2839,OD1,ASN,B,16,1.0,12.4,,1.8,0.0
2840,ATOM,2840,ND2,ASN,B,16,1.0,10.73,,1.8,0.0
2841,ATOM,2841,N,LEU,B,17,1.0,13.13,,1.8,0.0
2842,ATOM,2842,CA,LEU,B,17,1.0,13.54,,1.8,0.0
2843,ATOM,2843,C,LEU,B,17,1.0,15.38,,1.8,0.0
2844,ATOM,2844,O,LEU,B,17,1.0,13.15,,1.8,0.0
2845,ATOM,2845,CB,LEU,B,17,1.0,13.1,,1.8,0.0
2846,ATOM,2846,CG,LEU,B,17,1.0,14.35,,1.8,0.0
2847,ATOM,2847,CD1,LEU,B,17,1.0,13.72,,1.8,0.0
2848,ATOM,2848,CD2,LEU,B,17,1.0,14.46,,1.8,0.0
2849,ATOM,2849,N,GLN,B,18,1.0,15.2,,1.8,0.0
2850,ATOM,2850,CA,GLN,B,18,1.0,14.71,,1.8,0.0
2851,ATOM,2851,C,GLN,B,18,1.0,14.7,,1.8,0.0
2852,ATOM,2852,O,GLN,B,18,1.0,13.12,,1.8,0.0
2853,ATOM,2853,CB,GLN,B,18,1.0,17.22,,1.8,0.0
2854,ATOM,2854,CG,GLN,B,18,1.0,19.18,,1.8,0.0
2855,ATOM,2855,CD,GLN,B,18,1.0,23.22,,1.8,0.0
2856,ATOM,2856,OE1,GLN,B,18,1.0,24.16,,1.8,0.0
2857,ATOM,2857,NE2,GLN,B,18,1.0,21.75,,1.8,0.0
2858,ATOM,2858,N,ARG,B,19,1.0,14.27,,1.8,0.0
2859,ATOM,2859,CA,ARG,B,19,1.0,14.42,,1.8,0.0
2860,ATOM,2860,C,ARG,B,19,1.0,14.95,,1.8,0.0
2861,ATOM,2861,O,ARG,B,19,1.0,12.04,,1.8,0.0
2862,ATOM,2862,CB,ARG,B,19,1.0,15.56,,1.8,0.0
2863,ATOM,2863,CG,ARG,B,19,1.0,17.84,,1.8,0.0
2864,ATOM,2864,CD,ARG,B,19,1.0,22.25,,1.8,0.0
2865,ATOM,2865,NE,ARG,B,19,1.0,23.51,,1.8,0.0
2866,ATOM,2866,CZ,ARG,B,19,1.0,25.4,,1.8,0.0
2867,ATOM,2867,NH1,ARG,B,19,1.0,28.98,,1.8,0.0
2868,ATOM,2868,NH2,ARG,B,19,1.0,27.78,,1.8,0.0
2869,ATOM,2869,N,LEU,B,20,1.0,13.34,,1.8,0.0
2870,ATOM,2870,CA,LEU,B,20,1.0,15.32,,1.8,0.0
2871,ATOM,2871,C,LEU,B,20,1.0,16.32,,1.8,0.0
2872,ATOM,2872,O,LEU,B,20,1.0,14.9,,1.8,0.0
2873,ATOM,2873,CB,LEU,B,20,1.0,15.92,,1.8,0.0
2874,ATOM,2874,CG,LEU,B,20,1.0,15.66,,1.8,0.0
2875,ATOM,2875,CD1,LEU,B,20,1.0,16.61,,1.8,0.0
2876,ATOM,2876,CD2,LEU,B,20,1.0,15.36,,1.8,0.0
2877,ATOM,2877,N,ARG,B,21,1.0,18.09,,1.8,0.0
2878,ATOM,2878,CA,ARG,B,21,1.0,19.64,,1.8,0.0
2879,ATOM,2879,C,ARG,B,21,1.0,18.7,,1.8,0.0
2880,ATOM,2880,O,ARG,B,21,1.0,21.44,,1.8,0.0
2881,ATOM,2881,CB,ARG,B,21,1.0,19.55,,1.8,0.0
2882,ATOM,2882,CG,ARG,B,21,1.0,21.8,,1.8,0.0
2883,ATOM,2883,CD,ARG,B,21,1.0,23.65,,1.8,0.0
2884,ATOM,2884,NE,ARG,B,21,1.0,28.81,,1.8,0.0
2885,ATOM,2885,CZ,ARG,B,21,1.0,28.85,,1.8,0.0
2886,ATOM,2886,NH1,ARG,B,21,1.0,24.6,,1.8,0.0
2887,ATOM,2887,NH2,ARG,B,21,1.0,28.45,,1.8,0.0
2888,ATOM,2888,N,GLU,B,22,1.0,19.41,,1.8,0.0
2889,ATOM,2889,CA,GLU,B,22,1.0,20.58,,1.8,0.0
2890,ATOM,2890,C,GLU,B,22,1.0,17.73,,1.8,0.0
2891,ATOM,2891,O,GLU,B,22,1.0,18.24,,1.8,0.0
2892,ATOM,2892,CB,GLU,B,22,1.0,19.49,,1.8,0.0
2893,ATOM,2893,CG,GLU,B,22,1.0,20.17,,1.8,0.0
2894,ATOM,2894,CD,GLU,B,22,1.0,22.82,,1.8,0.0
2895,ATOM,2895,OE1,GLU,B,22,1.0,25.39,,1.8,0.0
2896,ATOM,2896,OE2,GLU,B,22,1.0,21.7,,1.8,0.0
2897,ATOM,2897,N,LEU,B,23,1.0,16.37,,1.8,0.0
2898,ATOM,2898,CA,LEU,B,23,1.0,17.37,,1.8,0.0
2899,ATOM,2899,C,LEU,B,23,1.0,19.28,,1.8,0.0
2900,ATOM,2900,O,LEU,B,23,1.0,18.0,,1.8,0.0
2901,ATOM,2901,CB,LEU,B,23,1.0,17.24,,1.8,0.0
2902,ATOM,2902,CG,LEU,B,23,1.0,17.86,,1.8,0.0
2903,ATOM,2903,CD1,LEU,B,23,1.0,18.66,,1.8,0.0
2904,ATOM,2904,CD2,LEU,B,23,1.0,18.32,,1.8,0.0
2905,ATOM,2905,N,ALA,B,24,1.0,17.89,,1.8,0.0
2906,ATOM,2906,CA,ALA,B,24,1.0,17.51,,1.8,0.0
2907,ATOM,2907,C,ALA,B,24,1.0,16.01,,1.8,0.0
2908,ATOM,2908,O,ALA,B,24,1.0,13.69,,1.8,0.0
2909,ATOM,2909,CB,ALA,B,24,1.0,18.13,,1.8,0.0
2910,ATOM,2910,N,PRO,B,25,1.0,16.22,,1.8,0.0
2911,ATOM,2911,CA,PRO,B,25,1.0,16.72,,1.8,0.0
2912,ATOM,2912,C,PRO,B,25,1.0,15.48,,1.8,0.0
2913,ATOM,2913,O,PRO,B,25,1.0,16.32,,1.8,0.0
2914,ATOM,2914,CB,PRO,B,25,1.0,17.17,,1.8,0.0
2915,ATOM,2915,CG,PRO,B,25,1.0,17.19,,1.8,0.0
2916,ATOM,2916,CD,PRO,B,25,1.0,17.94,,1.8,0.0
2917,ATOM,2917,N,ALA,B,26,1.0,16.29,,1.8,0.0
2918,ATOM,2918,CA,ALA,B,26,1.0,17.97,,1.8,0.0
2919,ATOM,2919,C,ALA,B,26,1.0,16.39,,1.8,0.0
2920,ATOM,2920,O,ALA,B,26,1.0,16.1,,1.8,0.0
2921,ATOM,2921,CB,ALA,B,26,1.0,18.45,,1.8,0.0
2922,ATOM,2922,N,SER,B,27,1.0,17.96,,1.8,0.0
2923,ATOM,2923,CA,SER,B,27,1.0,15.37,,1.8,0.0
2924,ATOM,2924,C,SER,B,27,1.0,16.91,,1.8,0.0
2925,ATOM,2925,O,SER,B,27,1.0,14.83,,1.8,0.0
2926,ATOM,2926,CB,SER,B,27,1.0,17.59,,1.8,0.0
2927,ATOM,2927,OG,SER,B,27,1.0,16.39,,1.8,0.0
2928,ATOM,2928,N,LYS,B,28,1.0,16.53,,1.8,0.0
2929,ATOM,2929,CA,LYS,B,28,1.0,15.03,,1.8,0.0
2930,ATOM,2930,C,LYS,B,28,1.0,13.66,,1.8,0.0
2931,ATOM,2931,O,LYS,B,28,1.0,12.61,,1.8,0.0
2932,ATOM,2932,CB,LYS,B,28,1.0,14.5,,1.8,0.0
2933,ATOM,2933,CG,LYS,B,28,1.0,15.66,,1.8,0.0
2934,ATOM,2934,CD,LYS,B,28,1.0,18.17,,1.8,0.0
2935,ATOM,2935,CE,LYS,B,28,1.0,19.0,,1.8,0.0
2936,ATOM,2936,NZ,LYS,B,28,1.0,20.31,,1.8,0.0
2937,ATOM,2937,N,MET,B,29,1.0,13.17,,1.8,0.0
2938,ATOM,2938,CA,MET,B,29,1.0,13.26,,1.8,0.0
2939,ATOM,2939,C,MET,B,29,1.0,12.22,,1.8,0.0
2940,ATOM,2940,O,MET,B,29,1.0,10.97,,1.8,0.0
2941,ATOM,2941,CB,MET,B,29,1.0,14.2,,1.8,0.0
2942,ATOM,2942,CG,MET,B,29,1.0,14.07,,1.8,0.0
2943,ATOM,2943,SD,MET,B,29,1.0,15.9,,1.8,0.0
2944,ATOM,2944,CE,MET,B,29,1.0,14.16,,1.8,0.0
2945,ATOM,2945,N,VAL,B,30,1.0,12.16,,1.8,0.0
2946,ATOM,2946,CA,VAL,B,30,1.0,10.81,,1.8,0.0
2947,ATOM,2947,C,VAL,B,30,1.0,10.52,,1.8,0.0
2948,ATOM,2948,O,VAL,B,30,1.0,9.98,,1.8,0.0
2949,ATOM,2949,CB,VAL,B,30,1.0,10.62,,1.8,0.0
2950,ATOM,2950,CG1,VAL,B,30,1.0,10.93,,1.8,0.0
2951,ATOM,2951,CG2,VAL,B,30,1.0,10.29,,1.8,0.0
2952,ATOM,2952,N,ALA,B,31,1.0,10.6,,1.8,0.0
2953,ATOM,2953,CA,ALA,B,31,1.0,9.88,,1.8,0.0
2954,ATOM,2954,C,ALA,B,31,1.0,9.57,,1.8,0.0
2955,ATOM,2955,O,ALA,B,31,1.0,9.74,,1.8,0.0
2956,ATOM,2956,CB,ALA,B,31,1.0,10.61,,1.8,0.0
2957,ATOM,2957,N,VAL,B,32,1.0,8.79,,1.8,0.0
2958,ATOM,2958,CA,VAL,B,32,1.0,8.72,,1.8,0.0
2959,ATOM,2959,C,VAL,B,32,1.0,8.77,,1.8,0.0
2960,ATOM,2960,O,VAL,B,32,1.0,8.7,,1.8,0.0
2961,ATOM,2961,CB,VAL,B,32,1.0,8.87,,1.8,0.0
2962,ATOM,2962,CG1,VAL,B,32,1.0,9.12,,1.8,0.0
2963,ATOM,2963,CG2,VAL,B,32,1.0,9.0,,1.8,0.0
2964,ATOM,2964,N,VAL,B,33,1.0,8.35,,1.8,0.0
2965,ATOM,2965,CA,VAL,B,33,1.0,8.73,,1.8,0.0
2966,ATOM,2966,C,VAL,B,33,1.0,8.99,,1.8,0.0
2967,ATOM,2967,O,VAL,B,33,1.0,8.06,,1.8,0.0
2968,ATOM,2968,CB,VAL,B,33,1.0,8.96,,1.8,0.0
2969,ATOM,2969,CG1,VAL,B,33,1.0,9.25,,1.8,0.0
2970,ATOM,2970,CG2,VAL,B,33,1.0,9.51,,1.8,0.0
2971,ATOM,2971,N,LYS,B,34,1.0,9.42,,1.8,0.0
2972,ATOM,2972,CA,LYS,B,34,1.0,9.85,,1.8,0.0
2973,ATOM,2973,C,LYS,B,34,1.0,10.75,,1.8,0.0
2974,ATOM,2974,O,LYS,B,34,1.0,11.62,,1.8,0.0
2975,ATOM,2975,CB,LYS,B,34,1.0,11.03,,1.8,0.0
2976,ATOM,2976,CG,LYS,B,34,1.0,12.0,,1.8,0.0
2977,ATOM,2977,CD,LYS,B,34,1.0,12.14,,1.8,0.0
2978,ATOM,2978,CE,LYS,B,34,1.0,12.46,,1.8,0.0
2979,ATOM,2979,NZ,LYS,B,34,1.0,15.6,,1.8,0.0
2980,ATOM,2980,N,ALA,B,35,1.0,10.16,,1.8,0.0
2981,ATOM,2981,CA,ALA,B,35,1.0,9.78,,1.8,0.0
2982,ATOM,2982,C,ALA,B,35,1.0,10.38,,1.8,0.0
2983,ATOM,2983,O,ALA,B,35,1.0,10.12,,1.8,0.0
2984,ATOM,2984,CB,ALA,B,35,1.0,9.73,,1.8,0.0
2985,ATOM,2985,N,ASN,B,36,1.0,9.86,,1.8,0.0
2986,ATOM,2986,CA,ASN,B,36,1.0,10.23,,1.8,0.0
2987,ATOM,2987,C,ASN,B,36,1.0,9.06,,1.8,0.0
2988,ATOM,2988,O,ASN,B,36,1.0,8.41,,1.8,0.0
2989,ATOM,2989,CB,ASN,B,36,1.0,11.31,,1.8,0.0
2990,ATOM,2990,CG,ASN,B,36,1.0,11.54,,1.8,0.0
2991,ATOM,2991,OD1,ASN,B,36,1.0,12.43,,1.8,0.0
2992,ATOM,2992,ND2,ASN,B,36,1.0,12.76,,1.8,0.0
2993,ATOM,2993,N,ALA,B,37,1.0,9.42,,1.8,0.0
2994,ATOM,2994,CA,ALA,B,37,1.0,9.04,,1.8,0.0
2995,ATOM,2995,C,ALA,B,37,1.0,9.41,,1.8,0.0
2996,ATOM,2996,O,ALA,B,37,1.0,9.05,,1.8,0.0
2997,ATOM,2997,CB,ALA,B,37,1.0,9.04,,1.8,0.0
2998,ATOM,2998,N,TYR,B,38,1.0,9.96,,1.8,0.0
2999,ATOM,2999,CA,TYR,B,38,1.0,9.46,,1.8,0.0
3000,ATOM,3000,C,TYR,B,38,1.0,8.72,,1.8,0.0
3001,ATOM,3001,O,TYR,B,38,1.0,8.72,,1.8,0.0
3002,ATOM,3002,CB,TYR,B,38,1.0,9.59,,1.8,0.0
3003,ATOM,3003,CG,TYR,B,38,1.0,9.84,,1.8,0.0
3004,ATOM,3004,CD1,TYR,B,38,1.0,10.5,,1.8,0.0
3005,ATOM,3005,CD2,TYR,B,38,1.0,9.64,,1.8,0.0
3006,ATOM,3006,CE1,TYR,B,38,1.0,10.28,,1.8,0.0
3007,ATOM,3007,CE2,TYR,B,38,1.0,9.35,,1.8,0.0
3008,ATOM,3008,CZ,TYR,B,38,1.0,9.58,,1.8,0.0
3009,ATOM,3009,OH,TYR,B,38,1.0,8.86,,1.8,0.0
3010,ATOM,3010,N,GLY,B,39,1.0,8.39,,1.8,0.0
3011,ATOM,3011,CA,GLY,B,39,1.0,8.35,,1.8,0.0
3012,ATOM,3012,C,GLY,B,39,1.0,7.93,,1.8,0.0
3013,ATOM,3013,O,GLY,B,39,1.0,8.86,,1.8,0.0
3014,ATOM,3014,N,HIS,B,40,1.0,7.65,,1.8,0.0
3015,ATOM,3015,CA,HIS,B,40,1.0,7.53,,1.8,0.0
3016,ATOM,3016,C,HIS,B,40,1.0,7.48,,1.8,0.0
3017,ATOM,3017,O,HIS,B,40,1.0,8.01,,1.8,0.0
3018,ATOM,3018,CB,HIS,B,40,1.0,8.52,,1.8,0.0
3019,ATOM,3019,CG,HIS,B,40,1.0,7.98,,1.8,0.0
3020,ATOM,3020,ND1,HIS,B,40,1.0,7.68,,1.8,0.0
3021,ATOM,3021,CD2,HIS,B,40,1.0,8.15,,1.8,0.0
3022,ATOM,3022,CE1,HIS,B,40,1.0,7.93,,1.8,0.0
3023,ATOM,3023,NE2,HIS,B,40,1.0,7.97,,1.8,0.0
3024,ATOM,3024,N,GLY,B,41,1.0,6.97,,1.8,0.0
3025,ATOM,3025,CA,GLY,B,41,1.0,7.88,,1.8,0.0
3026,ATOM,3026,C,GLY,B,41,1.0,8.65,,1.8,0.0
3027,ATOM,3027,O,GLY,B,41,1.0,8.15,,1.8,0.0
3028,ATOM,3028,N,LEU,B,42,1.0,9.75,,1.8,0.0
3029,ATOM,3029,CA,LEU,B,42,1.0,11.07,,1.8,0.0
3030,ATOM,3030,C,LEU,B,42,1.0,11.46,,1.8,0.0
3031,ATOM,3031,O,LEU,B,42,1.0,11.26,,1.8,0.0
3032,ATOM,3032,CB,LEU,B,42,1.0,10.88,,1.8,0.0
3033,ATOM,3033,CG,LEU,B,42,1.0,11.29,,1.8,0.0
3034,ATOM,3034,CD1,LEU,B,42,1.0,10.84,,1.8,0.0
3035,ATOM,3035,CD2,LEU,B,42,1.0,11.44,,1.8,0.0
3036,ATOM,3036,N,LEU,B,43,1.0,12.88,,1.8,0.0
3037,ATOM,3037,CA,LEU,B,43,1.0,12.33,,1.8,0.0
3038,ATOM,3038,C,LEU,B,43,1.0,12.61,,1.8,0.0
3039,ATOM,3039,O,LEU,B,43,1.0,14.35,,1.8,0.0
3040,ATOM,3040,CB,LEU,B,43,1.0,13.4,,1.8,0.0
3041,ATOM,3041,CG,LEU,B,43,1.0,14.03,,1.8,0.0
3042,ATOM,3042,CD1,LEU,B,43,1.0,12.92,,1.8,0.0
3043,ATOM,3043,CD2,LEU,B,43,1.0,16.36,,1.8,0.0
3044,ATOM,3044,N,GLU,B,44,1.0,11.96,,1.8,0.0
3045,ATOM,3045,CA,GLU,B,44,1.0,11.49,,1.8,0.0
3046,ATOM,3046,C,GLU,B,44,1.0,10.49,,1.8,0.0
3047,ATOM,3047,O,GLU,B,44,1.0,11.2,,1.8,0.0
3048,ATOM,3048,CB,GLU,B,44,1.0,11.43,,1.8,0.0
3049,ATOM,3049,CG,GLU,B,44,1.0,13.72,,1.8,0.0
3050,ATOM,3050,CD,GLU,B,44,1.0,13.83,,1.8,0.0
3051,ATOM,3051,OE1,GLU,B,44,1.0,16.52,,1.8,0.0
3052,ATOM,3052,OE2,GLU,B,44,1.0,17.04,,1.8,0.0
3053,ATOM,3053,N,THR,B,45,1.0,9.73,,1.8,0.0
3054,ATOM,3054,CA,THR,B,45,1.0,9.49,,1.8,0.0
3055,ATOM,3055,C,THR,B,45,1.0,9.78,,1.8,0.0
3056,ATOM,3056,O,THR,B,45,1.0,10.7,,1.8,0.0
3057,ATOM,3057,CB,THR,B,45,1.0,9.45,,1.8,0.0
3058,ATOM,3058,OG1,THR,B,45,1.0,10.35,,1.8,0.0
3059,ATOM,3059,CG2,THR,B,45,1.0,9.64,,1.8,0.0
3060,ATOM,3060,N,ALA,B,46,1.0,10.44,,1.8,0.0
3061,ATOM,3061,CA,ALA,B,46,1.0,12.41,,1.8,0.0
3062,ATOM,3062,C,ALA,B,46,1.0,12.38,,1.8,0.0
3063,ATOM,3063,O,ALA,B,46,1.0,13.62,,1.8,0.0
3064,ATOM,3064,CB,ALA,B,46,1.0,12.81,,1.8,0.0
3065,ATOM,3065,N,ARG,B,47,1.0,12.33,,1.8,0.0
3066,ATOM,3066,CA,ARG,B,47,1.0,12.22,,1.8,0.0
3067,ATOM,3067,C,ARG,B,47,1.0,12.25,,1.8,0.0
3068,ATOM,3068,O,ARG,B,47,1.0,12.96,,1.8,0.0
3069,ATOM,3069,CB,ARG,B,47,1.0,12.27,,1.8,0.0
3070,ATOM,3070,CG,ARG,B,47,1.0,11.92,,1.8,0.0
3071,ATOM,3071,CD,ARG,B,47,1.0,10.4,,1.8,0.0
3072,ATOM,3072,NE,ARG,B,47,1.0,11.54,,1.8,0.0
3073,ATOM,3073,CZ,ARG,B,47,1.0,14.54,,1.8,0.0
3074,ATOM,3074,NH1,ARG,B,47,1.0,12.94,,1.8,0.0
3075,ATOM,3075,NH2,ARG,B,47,1.0,12.26,,1.8,0.0
3076,ATOM,3076,N,THR,B,48,1.0,12.26,,1.8,0.0
3077,ATOM,3077,CA,THR,B,48,1.0,11.13,,1.8,0.0
3078,ATOM,3078,C,THR,B,48,1.0,11.85,,1.8,0.0
3079,ATOM,3079,O,THR,B,48,1.0,13.09,,1.8,0.0
3080,ATOM,3080,CB,THR,B,48,1.0,11.24,,1.8,0.0
3081,ATOM,3081,OG1,THR,B,48,1.0,10.9,,1.8,0.0
3082,ATOM,3082,CG2,THR,B,48,1.0,11.55,,1.8,0.0
3083,ATOM,3083,N,LEU,B,49,1.0,12.32,,1.8,0.0
3084,ATOM,3084,CA,LEU,B,49,1.0,12.37,,1.8,0.0
3085,ATOM,3085,C,LEU,B,49,1.0,13.65,,1.8,0.0
3086,ATOM,3086,O,LEU,B,49,1.0,12.59,,1.8,0.0
3087,ATOM,3087,CB,LEU,B,49,1.0,13.01,,1.8,0.0
3088,ATOM,3088,CG,LEU,B,49,1.0,13.55,,1.8,0.0
3089,ATOM,3089,CD1,LEU,B,49,1.0,14.18,,1.8,0.0
3090,ATOM,3090,CD2,LEU,B,49,1.0,13.59,,1.8,0.0
3091,ATOM,3091,N,PRO,B,50,1.0,14.63,,1.8,0.0
3092,ATOM,3092,CA,PRO,B,50,1.0,17.85,,1.8,0.0
3093,ATOM,3093,C,PRO,B,50,1.0,17.6,,1.8,0.0
3094,ATOM,3094,O,PRO,B,50,1.0,19.99,,1.8,0.0
3095,ATOM,3095,CB,PRO,B,50,1.0,16.59,,1.8,0.0
3096,ATOM,3096,CG,PRO,B,50,1.0,15.51,,1.8,0.0
3097,ATOM,3097,CD,PRO,B,50,1.0,16.36,,1.8,0.0
3098,ATOM,3098,N,ASP,B,51,1.0,23.19,,1.8,0.0
3099,ATOM,3099,CA,ASP,B,51,1.0,23.93,,1.8,0.0
3100,ATOM,3100,C,ASP,B,51,1.0,22.05,,1.8,0.0
3101,ATOM,3101,O,ASP,B,51,1.0,21.63,,1.8,0.0
3102,ATOM,3102,CB,ASP,B,51,1.0,22.46,,1.8,0.0
3103,ATOM,3103,CG,ASP,B,51,1.0,27.22,,1.8,0.0
3104,ATOM,3104,OD1,ASP,B,51,1.0,27.68,,1.8,0.0
3105,ATOM,3105,OD2,ASP,B,51,1.0,24.77,,1.8,0.0
3106,ATOM,3106,N,ALA,B,52,1.0,19.08,,1.8,0.0
3107,ATOM,3107,CA,ALA,B,52,1.0,16.38,,1.8,0.0
3108,ATOM,3108,C,ALA,B,52,1.0,14.42,,1.8,0.0
3109,ATOM,3109,O,ALA,B,52,1.0,15.13,,1.8,0.0
3110,ATOM,3110,CB,ALA,B,52,1.0,15.06,,1.8,0.0
3111,ATOM,3111,N,ASP,B,53,1.0,13.49,,1.8,0.0
3112,ATOM,3112,CA,ASP,B,53,1.0,13.97,,1.8,0.0
3113,ATOM,3113,C,ASP,B,53,1.0,13.22,,1.8,0.0
3114,ATOM,3114,O,ASP,B,53,1.0,13.58,,1.8,0.0
3115,ATOM,3115,CB,ASP,B,53,1.0,14.53,,1.8,0.0
3116,ATOM,3116,CG,ASP,B,53,1.0,14.49,,1.8,0.0
3117,ATOM,3117,OD1,ASP,B,53,1.0,13.44,,1.8,0.0
3118,ATOM,3118,OD2,ASP,B,53,1.0,15.83,,1.8,0.0
3119,ATOM,3119,N,ALA,B,54,1.0,12.63,,1.8,0.0
3120,ATOM,3120,CA,ALA,B,54,1.0,11.38,,1.8,0.0
3121,ATOM,3121,C,ALA,B,54,1.0,10.78,,1.8,0.0
3122,ATOM,3122,O,ALA,B,54,1.0,10.26,,1.8,0.0
3123,ATOM,3123,CB,ALA,B,54,1.0,11.04,,1.8,0.0
3124,ATOM,3124,N,PHE,B,55,1.0,10.23,,1.8,0.0
3125,ATOM,3125,CA,PHE,B,55,1.0,10.5,,1.8,0.0
3126,ATOM,3126,C,PHE,B,55,1.0,10.97,,1.8,0.0
3127,ATOM,3127,O,PHE,B,55,1.0,13.71,,1.8,0.0
3128,ATOM,3128,CB,PHE,B,55,1.0,10.18,,1.8,0.0
3129,ATOM,3129,CG,PHE,B,55,1.0,9.61,,1.8,0.0
3130,ATOM,3130,CD1,PHE,B,55,1.0,9.18,,1.8,0.0
3131,ATOM,3131,CD2,PHE,B,55,1.0,9.92,,1.8,0.0
3132,ATOM,3132,CE1,PHE,B,55,1.0,9.2,,1.8,0.0
3133,ATOM,3133,CE2,PHE,B,55,1.0,9.36,,1.8,0.0
3134,ATOM,3134,CZ,PHE,B,55,1.0,9.48,,1.8,0.0
3135,ATOM,3135,N,GLY,B,56,1.0,10.05,,1.8,0.0
3136,ATOM,3136,CA,GLY,B,56,1.0,9.67,,1.8,0.0
3137,ATOM,3137,C,GLY,B,56,1.0,9.38,,1.8,0.0
3138,ATOM,3138,O,GLY,B,56,1.0,8.6,,1.8,0.0
3139,ATOM,3139,N,VAL,B,57,1.0,9.0,,1.8,0.0
3140,ATOM,3140,CA,VAL,B,57,1.0,8.98,,1.8,0.0
3141,ATOM,3141,C,VAL,B,57,1.0,8.95,,1.8,0.0
3142,ATOM,3142,O,VAL,B,57,1.0,9.15,,1.8,0.0
3143,ATOM,3143,CB,VAL,B,57,1.0,9.42,,1.8,0.0
3144,ATOM,3144,CG1,VAL,B,57,1.0,9.36,,1.8,0.0
3145,ATOM,3145,CG2,VAL,B,57,1.0,8.95,,1.8,0.0
3146,ATOM,3146,N,ALA,B,58,1.0,9.28,,1.8,0.0
3147,ATOM,3147,CA,ALA,B,58,1.0,9.34,,1.8,0.0
3148,ATOM,3148,C,ALA,B,58,1.0,9.35,,1.8,0.0
3149,ATOM,3149,O,ALA,B,58,1.0,9.59,,1.8,0.0
3150,ATOM,3150,CB,ALA,B,58,1.0,9.55,,1.8,0.0
3151,ATOM,3151,N,ARG,B,59,1.0,9.12,,1.8,0.0
3152,ATOM,3152,CA,ARG,B,59,1.0,9.35,,1.8,0.0
3153,ATOM,3153,C,ARG,B,59,1.0,8.73,,1.8,0.0
3154,ATOM,3154,O,ARG,B,59,1.0,9.98,,1.8,0.0
3155,ATOM,3155,CB,ARG,B,59,1.0,8.77,,1.8,0.0
3156,ATOM,3156,CG,ARG,B,59,1.0,9.62,,1.8,0.0
3157,ATOM,3157,CD,ARG,B,59,1.0,9.06,,1.8,0.0
3158,ATOM,3158,NE,ARG,B,59,1.0,9.46,,1.8,0.0
3159,ATOM,3159,CZ,ARG,B,59,1.0,8.65,,1.8,0.0
3160,ATOM,3160,NH1,ARG,B,59,1.0,8.99,,1.8,0.0
3161,ATOM,3161,NH2,ARG,B,59,1.0,7.92,,1.8,0.0
3162,ATOM,3162,N,LEU,B,60,1.0,8.93,,1.8,0.0
3163,ATOM,3163,CA,LEU,B,60,1.0,8.95,,1.8,0.0
3164,ATOM,3164,C,LEU,B,60,1.0,9.94,,1.8,0.0
3165,ATOM,3165,O,LEU,B,60,1.0,10.18,,1.8,0.0
3166,ATOM,3166,CB,LEU,B,60,1.0,9.83,,1.8,0.0
3167,ATOM,3167,CG,LEU,B,60,1.0,10.35,,1.8,0.0
3168,ATOM,3168,CD1,LEU,B,60,1.0,9.59,,1.8,0.0
3169,ATOM,3169,CD2,LEU,B,60,1.0,10.51,,1.8,0.0
3170,ATOM,3170,N,GLU,B,61,1.0,9.44,,1.8,0.0
3171,ATOM,3171,CA,GLU,B,61,1.0,10.88,,1.8,0.0
3172,ATOM,3172,C,GLU,B,61,1.0,10.1,,1.8,0.0
3173,ATOM,3173,O,GLU,B,61,1.0,10.15,,1.8,0.0
3174,ATOM,3174,CB,GLU,B,61,1.0,11.86,,1.8,0.0
3175,ATOM,3175,CG,GLU,B,61,1.0,14.04,,1.8,0.0
3176,ATOM,3176,CD,GLU,B,61,1.0,14.85,,1.8,0.0
3177,ATOM,3177,OE1,GLU,B,61,1.0,12.73,,1.8,0.0
3178,ATOM,3178,OE2,GLU,B,61,1.0,9.95,,1.8,0.0
3179,ATOM,3179,N,GLU,B,62,1.0,10.08,,1.8,0.0
3180,ATOM,3180,CA,GLU,B,62,1.0,9.25,,1.8,0.0
3181,ATOM,3181,C,GLU,B,62,1.0,9.31,,1.8,0.0
3182,ATOM,3182,O,GLU,B,62,1.0,9.31,,1.8,0.0
3183,ATOM,3183,CB,GLU,B,62,1.0,8.74,,1.8,0.0
3184,ATOM,3184,CG,GLU,B,62,1.0,9.27,,1.8,0.0
3185,ATOM,3185,CD,GLU,B,62,1.0,9.98,,1.8,0.0
3186,ATOM,3186,OE1,GLU,B,62,1.0,9.54,,1.8,0.0
3187,ATOM,3187,OE2,GLU,B,62,1.0,10.08,,1.8,0.0
3188,ATOM,3188,N,ALA,B,63,1.0,11.22,,1.8,0.0
3189,ATOM,3189,CA,ALA,B,63,1.0,11.85,,1.8,0.0
3190,ATOM,3190,C,ALA,B,63,1.0,13.72,,1.8,0.0
3191,ATOM,3191,O,ALA,B,63,1.0,12.1,,1.8,0.0
3192,ATOM,3192,CB,ALA,B,63,1.0,11.79,,1.8,0.0
3193,ATOM,3193,N,LEU,B,64,1.0,13.12,,1.8,0.0
3194,ATOM,3194,CA,LEU,B,64,1.0,13.33,,1.8,0.0
3195,ATOM,3195,C,LEU,B,64,1.0,14.03,,1.8,0.0
3196,ATOM,3196,O,LEU,B,64,1.0,14.53,,1.8,0.0
3197,ATOM,3197,CB,LEU,B,64,1.0,12.96,,1.8,0.0
3198,ATOM,3198,CG,LEU,B,64,1.0,14.12,,1.8,0.0
3199,ATOM,3199,CD1,LEU,B,64,1.0,14.7,,1.8,0.0
3200,ATOM,3200,CD2,LEU,B,64,1.0,15.46,,1.8,0.0
3201,ATOM,3201,N,ARG,B,65,1.0,13.64,,1.8,0.0
3202,ATOM,3202,CA,ARG,B,65,1.0,14.95,,1.8,0.0
3203,ATOM,3203,C,ARG,B,65,1.0,14.72,,1.8,0.0
3204,ATOM,3204,O,ARG,B,65,1.0,14.2,,1.8,0.0
3205,ATOM,3205,CB,ARG,B,65,1.0,15.48,,1.8,0.0
3206,ATOM,3206,CG,ARG,B,65,1.0,17.74,,1.8,0.0
3207,ATOM,3207,CD,ARG,B,65,1.0,20.39,,1.8,0.0
3208,ATOM,3208,NE,ARG,B,65,1.0,23.28,,1.8,0.0
3209,ATOM,3209,CZ,ARG,B,65,1.0,22.47,,1.8,0.0
3210,ATOM,3210,NH1,ARG,B,65,1.0,22.18,,1.8,0.0
3211,ATOM,3211,NH2,ARG,B,65,1.0,20.45,,1.8,0.0
3212,ATOM,3212,N,LEU,B,66,1.0,13.45,,1.8,0.0
3213,ATOM,3213,CA,LEU,B,66,1.0,13.71,,1.8,0.0
3214,ATOM,3214,C,LEU,B,66,1.0,14.43,,1.8,0.0
3215,ATOM,3215,O,LEU,B,66,1.0,17.01,,1.8,0.0
3216,ATOM,3216,CB,LEU,B,66,1.0,12.71,,1.8,0.0
3217,ATOM,3217,CG,LEU,B,66,1.0,12.8,,1.8,0.0
3218,ATOM,3218,CD1,LEU,B,66,1.0,12.31,,1.8,0.0
3219,ATOM,3219,CD2,LEU,B,66,1.0,13.24,,1.8,0.0
3220,ATOM,3220,N,ARG,B,67,1.0,14.17,,1.8,0.0
3221,ATOM,3221,CA,ARG,B,67,1.0,14.81,,1.8,0.0
3222,ATOM,3222,C,ARG,B,67,1.0,14.12,,1.8,0.0
3223,ATOM,3223,O,ARG,B,67,1.0,14.22,,1.8,0.0
3224,ATOM,3224,CB,ARG,B,67,1.0,16.88,,1.8,0.0
3225,ATOM,3225,CG,ARG,B,67,1.0,15.77,,1.8,0.0
3226,ATOM,3226,CD,ARG,B,67,1.0,15.59,,1.8,0.0
3227,ATOM,3227,NE,ARG,B,67,1.0,13.52,,1.8,0.0
3228,ATOM,3228,CZ,ARG,B,67,1.0,13.78,,1.8,0.0
3229,ATOM,3229,NH1,ARG,B,67,1.0,13.55,,1.8,0.0
3230,ATOM,3230,NH2,ARG,B,67,1.0,13.15,,1.8,0.0
3231,ATOM,3231,N,ALA,B,68,1.0,13.6,,1.8,0.0
3232,ATOM,3232,CA,ALA,B,68,1.0,14.24,,1.8,0.0
3233,ATOM,3233,C,ALA,B,68,1.0,14.23,,1.8,0.0
3234,ATOM,3234,O,ALA,B,68,1.0,14.4,,1.8,0.0
3235,ATOM,3235,CB,ALA,B,68,1.0,13.37,,1.8,0.0
3236,ATOM,3236,N,GLY,B,69,1.0,15.23,,1.8,0.0
3237,ATOM,3237,CA,GLY,B,69,1.0,15.24,,1.8,0.0
3238,ATOM,3238,C,GLY,B,69,1.0,14.49,,1.8,0.0
3239,ATOM,3239,O,GLY,B,69,1.0,14.82,,1.8,0.0
3240,ATOM,3240,N,GLY,B,70,1.0,14.7,,1.8,0.0
3241,ATOM,3241,CA,GLY,B,70,1.0,13.51,,1.8,0.0
3242,ATOM,3242,C,GLY,B,70,1.0,12.15,,1.8,0.0
3243,ATOM,3243,O,GLY,B,70,1.0,12.45,,1.8,0.0
3244,ATOM,3244,N,ILE,B,71,1.0,11.82,,1.8,0.0
3245,ATOM,3245,CA,ILE,B,71,1.0,11.34,,1.8,0.0
3246,ATOM,3246,C,ILE,B,71,1.0,10.92,,1.8,0.0
3247,ATOM,3247,O,ILE,B,71,1.0,12.3,,1.8,0.0
3248,ATOM,3248,CB,ILE,B,71,1.0,11.61,,1.8,0.0
3249,ATOM,3249,CG1,ILE,B,71,1.0,11.44,,1.8,0.0
3250,ATOM,3250,CG2,ILE,B,71,1.0,10.69,,1.8,0.0
3251,ATOM,3251,CD1,ILE,B,71,1.0,11.52,,1.8,0.0
3252,ATOM,3252,N,THR,B,72,1.0,10.84,,1.8,0.0
3253,ATOM,3253,CA,THR,B,72,1.0,11.94,,1.8,0.0
3254,ATOM,3254,C,THR,B,72,1.0,14.44,,1.8,0.0
3255,ATOM,3255,O,THR,B,72,1.0,14.46,,1.8,0.0
3256,ATOM,3256,CB,THR,B,72,1.0,12.74,,1.8,0.0
3257,ATOM,3257,OG1,THR,B,72,1.0,12.44,,1.8,0.0
3258,ATOM,3258,CG2,THR,B,72,1.0,12.69,,1.8,0.0
3259,ATOM,3259,N,LYS,B,73,1.0,13.07,,1.8,0.0
3260,ATOM,3260,CA,LYS,B,73,1.0,13.7,,1.8,0.0
3261,ATOM,3261,C,LYS,B,73,1.0,14.31,,1.8,0.0
3262,ATOM,3262,O,LYS,B,73,1.0,12.77,,1.8,0.0
3263,ATOM,3263,CB,LYS,B,73,1.0,14.95,,1.8,0.0
3264,ATOM,3264,CG,LYS,B,73,1.0,15.05,,1.8,0.0
3265,ATOM,3265,CD,LYS,B,73,1.0,16.28,,1.8,0.0
3266,ATOM,3266,CE,LYS,B,73,1.0,16.92,,1.8,0.0
3267,ATOM,3267,NZ,LYS,B,73,1.0,18.25,,1.8,0.0
3268,ATOM,3268,N,PRO,B,74,1.0,13.48,,1.8,0.0
3269,ATOM,3269,CA,PRO,B,74,1.0,13.19,,1.8,0.0
3270,ATOM,3270,C,PRO,B,74,1.0,14.04,,1.8,0.0
3271,ATOM,3271,O,PRO,B,74,1.0,12.82,,1.8,0.0
3272,ATOM,3272,CB,PRO,B,74,1.0,15.04,,1.8,0.0
3273,ATOM,3273,CG,PRO,B,74,1.0,14.08,,1.8,0.0
3274,ATOM,3274,CD,PRO,B,74,1.0,14.39,,1.8,0.0
3275,ATOM,3275,N,VAL,B,75,1.0,14.45,,1.8,0.0
3276,ATOM,3276,CA,VAL,B,75,1.0,14.34,,1.8,0.0
3277,ATOM,3277,C,VAL,B,75,1.0,13.81,,1.8,0.0
3278,ATOM,3278,O,VAL,B,75,1.0,15.08,,1.8,0.0
3279,ATOM,3279,CB,VAL,B,75,1.0,13.59,,1.8,0.0
3280,ATOM,3280,CG1,VAL,B,75,1.0,13.78,,1.8,0.0
3281,ATOM,3281,CG2,VAL,B,75,1.0,13.26,,1.8,0.0
3282,ATOM,3282,N,LEU,B,76,1.0,13.67,,1.8,0.0
3283,ATOM,3283,CA,LEU,B,76,1.0,12.28,,1.8,0.0
3284,ATOM,3284,C,LEU,B,76,1.0,11.41,,1.8,0.0
3285,ATOM,3285,O,LEU,B,76,1.0,10.18,,1.8,0.0
3286,ATOM,3286,CB,LEU,B,76,1.0,13.3,,1.8,0.0
3287,ATOM,3287,CG,LEU,B,76,1.0,14.6,,1.8,0.0
3288,ATOM,3288,CD1,LEU,B,76,1.0,14.32,,1.8,0.0
3289,ATOM,3289,CD2,LEU,B,76,1.0,14.72,,1.8,0.0
3290,ATOM,3290,N,LEU,B,77,1.0,10.45,,1.8,0.0
3291,ATOM,3291,CA,LEU,B,77,1.0,10.61,,1.8,0.0
3292,ATOM,3292,C,LEU,B,77,1.0,11.49,,1.8,0.0
3293,ATOM,3293,O,LEU,B,77,1.0,10.41,,1.8,0.0
3294,ATOM,3294,CB,LEU,B,77,1.0,11.44,,1.8,0.0
3295,ATOM,3295,CG,LEU,B,77,1.0,11.06,,1.8,0.0
3296,ATOM,3296,CD1,LEU,B,77,1.0,11.96,,1.8,0.0
3297,ATOM,3297,CD2,LEU,B,77,1.0,12.06,,1.8,0.0
3298,ATOM,3298,N,LEU,B,78,1.0,11.76,,1.8,0.0
3299,ATOM,3299,CA,LEU,B,78,1.0,12.02,,1.8,0.0
3300,ATOM,3300,C,LEU,B,78,1.0,12.14,,1.8,0.0
3301,ATOM,3301,O,LEU,B,78,1.0,12.26,,1.8,0.0
3302,ATOM,3302,CB,LEU,B,78,1.0,11.76,,1.8,0.0
3303,ATOM,3303,CG,LEU,B,78,1.0,12.47,,1.8,0.0
3304,ATOM,3304,CD1,LEU,B,78,1.0,12.85,,1.8,0.0
3305,ATOM,3305,CD2,LEU,B,78,1.0,12.44,,1.8,0.0
3306,ATOM,3306,N,GLU,B,79,1.0,12.37,,1.8,0.0
3307,ATOM,3307,CA,GLU,B,79,1.0,12.77,,1.8,0.0
3308,ATOM,3308,C,GLU,B,79,1.0,14.23,,1.8,0.0
3309,ATOM,3309,O,GLU,B,79,1.0,15.43,,1.8,0.0
3310,ATOM,3310,CB,GLU,B,79,1.0,13.83,,1.8,0.0
3311,ATOM,3311,CG,GLU,B,79,1.0,12.82,,1.8,0.0
3312,ATOM,3312,CD,GLU,B,79,1.0,13.97,,1.8,0.0
3313,ATOM,3313,OE1,GLU,B,79,1.0,13.87,,1.8,0.0
3314,ATOM,3314,OE2,GLU,B,79,1.0,13.17,,1.8,0.0
3315,ATOM,3315,N,GLY,B,80,1.0,13.43,,1.8,0.0
3316,ATOM,3316,CA,GLY,B,80,1.0,13.22,,1.8,0.0
3317,ATOM,3317,C,GLY,B,80,1.0,14.6,,1.8,0.0
3318,ATOM,3318,O,GLY,B,80,1.0,14.09,,1.8,0.0
3319,ATOM,3319,N,PHE,B,81,1.0,12.72,,1.8,0.0
3320,ATOM,3320,CA,PHE,B,81,1.0,13.68,,1.8,0.0
3321,ATOM,3321,C,PHE,B,81,1.0,14.77,,1.8,0.0
3322,ATOM,3322,O,PHE,B,81,1.0,13.03,,1.8,0.0
3323,ATOM,3323,CB,PHE,B,81,1.0,14.21,,1.8,0.0
3324,ATOM,3324,CG,PHE,B,81,1.0,13.06,,1.8,0.0
3325,ATOM,3325,CD1,PHE,B,81,1.0,13.93,,1.8,0.0
3326,ATOM,3326,CD2,PHE,B,81,1.0,13.24,,1.8,0.0
3327,ATOM,3327,CE1,PHE,B,81,1.0,13.54,,1.8,0.0
3328,ATOM,3328,CE2,PHE,B,81,1.0,12.94,,1.8,0.0
3329,ATOM,3329,CZ,PHE,B,81,1.0,13.91,,1.8,0.0
3330,ATOM,3330,N,PHE,B,82,1.0,15.39,,1.8,0.0
3331,ATOM,3331,CA,PHE,B,82,1.0,17.1,,1.8,0.0
3332,ATOM,3332,C,PHE,B,82,1.0,16.03,,1.8,0.0
3333,ATOM,3333,O,PHE,B,82,1.0,14.93,,1.8,0.0
3334,ATOM,3334,CB,PHE,B,82,1.0,19.03,,1.8,0.0
3335,ATOM,3335,CG,PHE,B,82,1.0,22.3,,1.8,0.0
3336,ATOM,3336,CD1,PHE,B,82,1.0,22.1,,1.8,0.0
3337,ATOM,3337,CD2,PHE,B,82,1.0,21.6,,1.8,0.0
3338,ATOM,3338,CE1,PHE,B,82,1.0,20.23,,1.8,0.0
3339,ATOM,3339,CE2,PHE,B,82,1.0,23.44,,1.8,0.0
3340,ATOM,3340,CZ,PHE,B,82,1.0,19.84,,1.8,0.0
3341,ATOM,3341,N,ASP,B,83,1.0,18.05,,1.8,0.0
3342,ATOM,3342,CA,ASP,B,83,1.0,18.33,,1.8,0.0
3343,ATOM,3343,C,ASP,B,83,1.0,20.07,,1.8,0.0
3344,ATOM,3344,O,ASP,B,83,1.0,19.69,,1.8,0.0
3345,ATOM,3345,CB,ASP,B,83,1.0,20.33,,1.8,0.0
3346,ATOM,3346,CG,ASP,B,83,1.0,23.93,,1.8,0.0
3347,ATOM,3347,OD1,ASP,B,83,1.0,21.48,,1.8,0.0
3348,ATOM,3348,OD2,ASP,B,83,1.0,20.52,,1.8,0.0
3349,ATOM,3349,N,ALA,B,84,1.0,20.76,,1.8,0.0
3350,ATOM,3350,CA,ALA,B,84,1.0,20.83,,1.8,0.0
3351,ATOM,3351,C,ALA,B,84,1.0,20.69,,1.8,0.0
3352,ATOM,3352,O,ALA,B,84,1.0,17.97,,1.8,0.0
3353,ATOM,3353,CB,ALA,B,84,1.0,21.32,,1.8,0.0
3354,ATOM,3354,N,ARG,B,85,1.0,22.3,,1.8,0.0
3355,ATOM,3355,CA,ARG,B,85,1.0,23.02,,1.8,0.0
3356,ATOM,3356,C,ARG,B,85,1.0,19.48,,1.8,0.0
3357,ATOM,3357,O,ARG,B,85,1.0,17.46,,1.8,0.0
3358,ATOM,3358,CB,ARG,B,85,1.0,27.11,,1.8,0.0
3359,ATOM,3359,CG,ARG,B,85,1.0,30.66,,1.8,0.0
3360,ATOM,3360,CD,ARG,B,85,1.0,33.0,,1.8,0.0
3361,ATOM,3361,NE,ARG,B,85,1.0,35.93,,1.8,0.0
3362,ATOM,3362,CZ,ARG,B,85,1.0,37.45,,1.8,0.0
3363,ATOM,3363,NH1,ARG,B,85,1.0,32.26,,1.8,0.0
3364,ATOM,3364,NH2,ARG,B,85,1.0,36.0,,1.8,0.0
3365,ATOM,3365,N,ASP,B,86,1.0,18.73,,1.8,0.0
3366,ATOM,3366,CA,ASP,B,86,1.0,16.66,,1.8,0.0
3367,ATOM,3367,C,ASP,B,86,1.0,15.84,,1.8,0.0
3368,ATOM,3368,O,ASP,B,86,1.0,13.91,,1.8,0.0
3369,ATOM,3369,CB,ASP,B,86,1.0,17.96,,1.8,0.0
3370,ATOM,3370,CG,ASP,B,86,1.0,18.6,,1.8,0.0
3371,ATOM,3371,OD1,ASP,B,86,1.0,18.92,,1.8,0.0
3372,ATOM,3372,OD2,ASP,B,86,1.0,23.39,,1.8,0.0
3373,ATOM,3373,N,LEU,B,87,1.0,15.14,,1.8,0.0
3374,ATOM,3374,CA,LEU,B,87,1.0,15.64,,1.8,0.0
3375,ATOM,3375,C,LEU,B,87,1.0,16.01,,1.8,0.0
3376,ATOM,3376,O,LEU,B,87,1.0,17.83,,1.8,0.0
3377,ATOM,3377,CB,LEU,B,87,1.0,17.05,,1.8,0.0
3378,ATOM,3378,CG,LEU,B,87,1.0,15.68,,1.8,0.0
3379,ATOM,3379,CD1,LEU,B,87,1.0,17.58,,1.8,0.0
3380,ATOM,3380,CD2,LEU,B,87,1.0,16.05,,1.8,0.0
3381,ATOM,3381,N,PRO,B,88,1.0,14.09,,1.8,0.0
3382,ATOM,3382,CA,PRO,B,88,1.0,12.96,,1.8,0.0
3383,ATOM,3383,C,PRO,B,88,1.0,12.53,,1.8,0.0
3384,ATOM,3384,O,PRO,B,88,1.0,11.94,,1.8,0.0
3385,ATOM,3385,CB,PRO,B,88,1.0,13.3,,1.8,0.0
3386,ATOM,3386,CG,PRO,B,88,1.0,13.73,,1.8,0.0
3387,ATOM,3387,CD,PRO,B,88,1.0,14.91,,1.8,0.0
3388,ATOM,3388,N,THR,B,89,1.0,13.93,,1.8,0.0
3389,ATOM,3389,CA,THR,B,89,1.0,13.42,,1.8,0.0
3390,ATOM,3390,C,THR,B,89,1.0,12.45,,1.8,0.0
3391,ATOM,3391,O,THR,B,89,1.0,16.01,,1.8,0.0
3392,ATOM,3392,CB,THR,B,89,1.0,12.72,,1.8,0.0
3393,ATOM,3393,OG1,THR,B,89,1.0,13.07,,1.8,0.0
3394,ATOM,3394,CG2,THR,B,89,1.0,12.83,,1.8,0.0
3395,ATOM,3395,N,ILE,B,90,1.0,12.37,,1.8,0.0
3396,ATOM,3396,CA,ILE,B,90,1.0,12.73,,1.8,0.0
3397,ATOM,3397,C,ILE,B,90,1.0,12.46,,1.8,0.0
3398,ATOM,3398,O,ILE,B,90,1.0,12.72,,1.8,0.0
3399,ATOM,3399,CB,ILE,B,90,1.0,12.22,,1.8,0.0
3400,ATOM,3400,CG1,ILE,B,90,1.0,12.58,,1.8,0.0
3401,ATOM,3401,CG2,ILE,B,90,1.0,12.29,,1.8,0.0
3402,ATOM,3402,CD1,ILE,B,90,1.0,12.52,,1.8,0.0
3403,ATOM,3403,N,SER,B,91,1.0,12.94,,1.8,0.0
3404,ATOM,3404,CA,SER,B,91,1.0,13.65,,1.8,0.0
3405,ATOM,3405,C,SER,B,91,1.0,13.19,,1.8,0.0
3406,ATOM,3406,O,SER,B,91,1.0,14.71,,1.8,0.0
3407,ATOM,3407,CB,SER,B,91,1.0,15.79,,1.8,0.0
3408,ATOM,3408,OG,SER,B,91,1.0,14.44,,1.8,0.0
3409,ATOM,3409,N,ALA,B,92,1.0,13.21,,1.8,0.0
3410,ATOM,3410,CA,ALA,B,92,1.0,13.42,,1.8,0.0
3411,ATOM,3411,C,ALA,B,92,1.0,14.39,,1.8,0.0
3412,ATOM,3412,O,ALA,B,92,1.0,13.95,,1.8,0.0
3413,ATOM,3413,CB,ALA,B,92,1.0,13.82,,1.8,0.0
3414,ATOM,3414,N,GLN,B,93,1.0,14.76,,1.8,0.0
3415,ATOM,3415,CA,GLN,B,93,1.0,14.24,,1.8,0.0
3416,ATOM,3416,C,GLN,B,93,1.0,14.88,,1.8,0.0
3417,ATOM,3417,O,GLN,B,93,1.0,14.96,,1.8,0.0
3418,ATOM,3418,CB,GLN,B,93,1.0,14.49,,1.8,0.0
3419,ATOM,3419,CG,GLN,B,93,1.0,13.29,,1.8,0.0
3420,ATOM,3420,CD,GLN,B,93,1.0,13.4,,1.8,0.0
3421,ATOM,3421,OE1,GLN,B,93,1.0,15.88,,1.8,0.0
3422,ATOM,3422,NE2,GLN,B,93,1.0,14.05,,1.8,0.0
3423,ATOM,3423,N,HIS,B,94,1.0,13.7,,1.8,0.0
3424,ATOM,3424,CA,HIS,B,94,1.0,16.32,,1.8,0.0
3425,ATOM,3425,C,HIS,B,94,1.0,15.38,,1.8,0.0
3426,ATOM,3426,O,HIS,B,94,1.0,15.42,,1.8,0.0
3427,ATOM,3427,CB,HIS,B,94,1.0,17.99,,1.8,0.0
3428,ATOM,3428,CG,HIS,B,94,1.0,18.32,,1.8,0.0
3429,ATOM,3429,ND1,HIS,B,94,1.0,20.76,,1.8,0.0
3430,ATOM,3430,CD2,HIS,B,94,1.0,19.38,,1.8,0.0
3431,ATOM,3431,CE1,HIS,B,94,1.0,19.81,,1.8,0.0
3432,ATOM,3432,NE2,HIS,B,94,1.0,19.01,,1.8,0.0
3433,ATOM,3433,N,PHE,B,95,1.0,13.37,,1.8,0.0
3434,ATOM,3434,CA,PHE,B,95,1.0,13.23,,1.8,0.0
3435,ATOM,3435,C,PHE,B,95,1.0,12.95,,1.8,0.0
3436,ATOM,3436,O,PHE,B,95,1.0,15.08,,1.8,0.0
3437,ATOM,3437,CB,PHE,B,95,1.0,13.38,,1.8,0.0
3438,ATOM,3438,CG,PHE,B,95,1.0,11.83,,1.8,0.0
3439,ATOM,3439,CD1,PHE,B,95,1.0,11.45,,1.8,0.0
3440,ATOM,3440,CD2,PHE,B,95,1.0,10.41,,1.8,0.0
3441,ATOM,3441,CE1,PHE,B,95,1.0,11.38,,1.8,0.0
3442,ATOM,3442,CE2,PHE,B,95,1.0,11.45,,1.8,0.0
3443,ATOM,3443,CZ,PHE,B,95,1.0,10.54,,1.8,0.0
3444,ATOM,3444,N,HIS,B,96,1.0,12.59,,1.8,0.0
3445,ATOM,3445,CA,HIS,B,96,1.0,12.43,,1.8,0.0
3446,ATOM,3446,C,HIS,B,96,1.0,12.48,,1.8,0.0
3447,ATOM,3447,O,HIS,B,96,1.0,13.82,,1.8,0.0
3448,ATOM,3448,CB,HIS,B,96,1.0,13.09,,1.8,0.0
3449,ATOM,3449,CG,HIS,B,96,1.0,13.8,,1.8,0.0
3450,ATOM,3450,ND1,HIS,B,96,1.0,16.24,,1.8,0.0
3451,ATOM,3451,CD2,HIS,B,96,1.0,13.1,,1.8,0.0
3452,ATOM,3452,CE1,HIS,B,96,1.0,15.89,,1.8,0.0
3453,ATOM,3453,NE2,HIS,B,96,1.0,15.12,,1.8,0.0
3454,ATOM,3454,N,THR,B,97,1.0,11.37,,1.8,0.0
3455,ATOM,3455,CA,THR,B,97,1.0,10.13,,1.8,0.0
3456,ATOM,3456,C,THR,B,97,1.0,11.26,,1.8,0.0
3457,ATOM,3457,O,THR,B,97,1.0,10.33,,1.8,0.0
3458,ATOM,3458,CB,THR,B,97,1.0,11.96,,1.8,0.0
3459,ATOM,3459,OG1,THR,B,97,1.0,11.14,,1.8,0.0
3460,ATOM,3460,CG2,THR,B,97,1.0,11.99,,1.8,0.0
3461,ATOM,3461,N,ALA,B,98,1.0,11.05,,1.8,0.0
3462,ATOM,3462,CA,ALA,B,98,1.0,10.35,,1.8,0.0
3463,ATOM,3463,C,ALA,B,98,1.0,10.43,,1.8,0.0
3464,ATOM,3464,O,ALA,B,98,1.0,10.37,,1.8,0.0
3465,ATOM,3465,CB,ALA,B,98,1.0,10.8,,1.8,0.0
3466,ATOM,3466,N,VAL,B,99,1.0,10.03,,1.8,0.0
3467,ATOM,3467,CA,VAL,B,99,1.0,10.56,,1.8,0.0
3468,ATOM,3468,C,VAL,B,99,1.0,10.84,,1.8,0.0
3469,ATOM,3469,O,VAL,B,99,1.0,10.06,,1.8,0.0
3470,ATOM,3470,CB,VAL,B,99,1.0,10.07,,1.8,0.0
3471,ATOM,3471,CG1,VAL,B,99,1.0,10.27,,1.8,0.0
3472,ATOM,3472,CG2,VAL,B,99,1.0,10.34,,1.8,0.0
3473,ATOM,3473,N,HIS,B,100,1.0,9.82,,1.8,0.0
3474,ATOM,3474,CA,HIS,B,100,1.0,10.33,,1.8,0.0
3475,ATOM,3475,C,HIS,B,100,1.0,11.34,,1.8,0.0
3476,ATOM,3476,O,HIS,B,100,1.0,12.2,,1.8,0.0
3477,ATOM,3477,CB,HIS,B,100,1.0,9.74,,1.8,0.0
3478,ATOM,3478,CG,HIS,B,100,1.0,9.41,,1.8,0.0
3479,ATOM,3479,ND1,HIS,B,100,1.0,9.59,,1.8,0.0
3480,ATOM,3480,CD2,HIS,B,100,1.0,10.27,,1.8,0.0
3481,ATOM,3481,CE1,HIS,B,100,1.0,9.41,,1.8,0.0
3482,ATOM,3482,NE2,HIS,B,100,1.0,9.79,,1.8,0.0
3483,ATOM,3483,N,ASN,B,101,1.0,12.18,,1.8,0.0
3484,ATOM,3484,CA,ASN,B,101,1.0,12.6,,1.8,0.0
3485,ATOM,3485,C,ASN,B,101,1.0,13.66,,1.8,0.0
3486,ATOM,3486,O,ASN,B,101,1.0,13.8,,1.8,0.0
3487,ATOM,3487,CB,ASN,B,101,1.0,12.56,,1.8,0.0
3488,ATOM,3488,CG,ASN,B,101,1.0,12.6,,1.8,0.0
3489,ATOM,3489,OD1,ASN,B,101,1.0,11.31,,1.8,0.0
3490,ATOM,3490,ND2,ASN,B,101,1.0,11.33,,1.8,0.0
3491,ATOM,3491,N,GLU,B,102,1.0,14.6,,1.8,0.0
3492,ATOM,3492,CA,GLU,B,102,1.0,14.17,,1.8,0.0
3493,ATOM,3493,C,GLU,B,102,1.0,16.29,,1.8,0.0
3494,ATOM,3494,O,GLU,B,102,1.0,16.92,,1.8,0.0
3495,ATOM,3495,CB,GLU,B,102,1.0,16.56,,1.8,0.0
3496,ATOM,3496,CG,GLU,B,102,1.0,17.28,,1.8,0.0
3497,ATOM,3497,CD,GLU,B,102,1.0,17.22,,1.8,0.0
3498,ATOM,3498,OE1,GLU,B,102,1.0,17.08,,1.8,0.0
3499,ATOM,3499,OE2,GLU,B,102,1.0,18.02,,1.8,0.0
3500,ATOM,3500,N,GLU,B,103,1.0,17.15,,1.8,0.0
3501,ATOM,3501,CA,GLU,B,103,1.0,16.65,,1.8,0.0
3502,ATOM,3502,C,GLU,B,103,1.0,15.49,,1.8,0.0
3503,ATOM,3503,O,GLU,B,103,1.0,15.54,,1.8,0.0
3504,ATOM,3504,CB,GLU,B,103,1.0,18.17,,1.8,0.0
3505,ATOM,3505,CG,GLU,B,103,1.0,21.08,,1.8,0.0
3506,ATOM,3506,CD,GLU,B,103,1.0,22.16,,1.8,0.0
3507,ATOM,3507,OE1,GLU,B,103,1.0,22.4,,1.8,0.0
3508,ATOM,3508,OE2,GLU,B,103,1.0,27.92,,1.8,0.0
3509,ATOM,3509,N,GLN,B,104,1.0,14.6,,1.8,0.0
3510,ATOM,3510,CA,GLN,B,104,1.0,12.81,,1.8,0.0
3511,ATOM,3511,C,GLN,B,104,1.0,12.07,,1.8,0.0
3512,ATOM,3512,O,GLN,B,104,1.0,12.62,,1.8,0.0
3513,ATOM,3513,CB,GLN,B,104,1.0,12.71,,1.8,0.0
3514,ATOM,3514,CG,GLN,B,104,1.0,12.64,,1.8,0.0
3515,ATOM,3515,CD,GLN,B,104,1.0,12.73,,1.8,0.0
3516,ATOM,3516,OE1,GLN,B,104,1.0,11.82,,1.8,0.0
3517,ATOM,3517,NE2,GLN,B,104,1.0,12.9,,1.8,0.0
3518,ATOM,3518,N,LEU,B,105,1.0,12.08,,1.8,0.0
3519,ATOM,3519,CA,LEU,B,105,1.0,13.3,,1.8,0.0
3520,ATOM,3520,C,LEU,B,105,1.0,12.75,,1.8,0.0
3521,ATOM,3521,O,LEU,B,105,1.0,11.51,,1.8,0.0
3522,ATOM,3522,CB,LEU,B,105,1.0,12.62,,1.8,0.0
3523,ATOM,3523,CG,LEU,B,105,1.0,14.17,,1.8,0.0
3524,ATOM,3524,CD1,LEU,B,105,1.0,14.6,,1.8,0.0
3525,ATOM,3525,CD2,LEU,B,105,1.0,13.52,,1.8,0.0
3526,ATOM,3526,N,ALA,B,106,1.0,12.97,,1.8,0.0
3527,ATOM,3527,CA,ALA,B,106,1.0,14.11,,1.8,0.0
3528,ATOM,3528,C,ALA,B,106,1.0,14.53,,1.8,0.0
3529,ATOM,3529,O,ALA,B,106,1.0,15.5,,1.8,0.0
3530,ATOM,3530,CB,ALA,B,106,1.0,14.89,,1.8,0.0
3531,ATOM,3531,N,ALA,B,107,1.0,14.27,,1.8,0.0
3532,ATOM,3532,CA,ALA,B,107,1.0,14.98,,1.8,0.0
3533,ATOM,3533,C,ALA,B,107,1.0,15.77,,1.8,0.0
3534,ATOM,3534,O,ALA,B,107,1.0,16.21,,1.8,0.0
3535,ATOM,3535,CB,ALA,B,107,1.0,14.39,,1.8,0.0
3536,ATOM,3536,N,LEU,B,108,1.0,16.6,,1.8,0.0
3537,ATOM,3537,CA,LEU,B,108,1.0,15.96,,1.8,0.0
3538,ATOM,3538,C,LEU,B,108,1.0,18.11,,1.8,0.0
3539,ATOM,3539,O,LEU,B,108,1.0,18.84,,1.8,0.0
3540,ATOM,3540,CB,LEU,B,108,1.0,16.08,,1.8,0.0
3541,ATOM,3541,CG,LEU,B,108,1.0,15.81,,1.8,0.0
3542,ATOM,3542,CD1,LEU,B,108,1.0,16.6,,1.8,0.0
3543,ATOM,3543,CD2,LEU,B,108,1.0,16.58,,1.8,0.0
3544,ATOM,3544,N,GLU,B,109,1.0,19.03,,1.8,0.0
3545,ATOM,3545,CA,GLU,B,109,1.0,20.34,,1.8,0.0
3546,ATOM,3546,C,GLU,B,109,1.0,24.96,,1.8,0.0
3547,ATOM,3547,O,GLU,B,109,1.0,21.16,,1.8,0.0
3548,ATOM,3548,CB,GLU,B,109,1.0,20.49,,1.8,0.0
3549,ATOM,3549,CG,GLU,B,109,1.0,19.58,,1.8,0.0
3550,ATOM,3550,CD,GLU,B,109,1.0,17.51,,1.8,0.0
3551,ATOM,3551,OE1,GLU,B,109,1.0,18.33,,1.8,0.0
3552,ATOM,3552,OE2,GLU,B,109,1.0,15.61,,1.8,0.0
3553,ATOM,3553,N,GLU,B,110,1.0,24.93,,1.8,0.0
3554,ATOM,3554,CA,GLU,B,110,1.0,26.38,,1.8,0.0
3555,ATOM,3555,C,GLU,B,110,1.0,27.93,,1.8,0.0
3556,ATOM,3556,O,GLU,B,110,1.0,24.7,,1.8,0.0
3557,ATOM,3557,CB,GLU,B,110,1.0,29.74,,1.8,0.0
3558,ATOM,3558,CG,GLU,B,110,1.0,36.36,,1.8,0.0
3559,ATOM,3559,CD,GLU,B,110,1.0,38.55,,1.8,0.0
3560,ATOM,3560,OE1,GLU,B,110,1.0,51.96,,1.8,0.0
3561,ATOM,3561,OE2,GLU,B,110,1.0,35.64,,1.8,0.0
3562,ATOM,3562,N,ALA,B,111,1.0,25.45,,1.8,0.0
3563,ATOM,3563,CA,ALA,B,111,1.0,23.05,,1.8,0.0
3564,ATOM,3564,C,ALA,B,111,1.0,24.4,,1.8,0.0
3565,ATOM,3565,O,ALA,B,111,1.0,23.01,,1.8,0.0
3566,ATOM,3566,CB,ALA,B,111,1.0,22.95,,1.8,0.0
3567,ATOM,3567,N,SER,B,112,1.0,25.8,,1.8,0.0
3568,ATOM,3568,CA,SER,B,112,1.0,29.65,,1.8,0.0
3569,ATOM,3569,C,SER,B,112,1.0,24.8,,1.8,0.0
3570,ATOM,3570,O,SER,B,112,1.0,30.18,,1.8,0.0
3571,ATOM,3571,CB,SER,B,112,1.0,29.14,,1.8,0.0
3572,ATOM,3572,OG,SER,B,112,1.0,25.72,,1.8,0.0
3573,ATOM,3573,N,LEU,B,113,1.0,24.89,,1.8,0.0
3574,ATOM,3574,CA,LEU,B,113,1.0,23.42,,1.8,0.0
3575,ATOM,3575,C,LEU,B,113,1.0,23.55,,1.8,0.0
3576,ATOM,3576,O,LEU,B,113,1.0,20.91,,1.8,0.0
3577,ATOM,3577,CB,LEU,B,113,1.0,21.47,,1.8,0.0
3578,ATOM,3578,CG,LEU,B,113,1.0,18.9,,1.8,0.0
3579,ATOM,3579,CD1,LEU,B,113,1.0,17.28,,1.8,0.0
3580,ATOM,3580,CD2,LEU,B,113,1.0,20.72,,1.8,0.0
3581,ATOM,3581,N,ASP,B,114,1.0,24.39,,1.8,0.0
3582,ATOM,3582,CA,ASP,B,114,1.0,24.88,,1.8,0.0
3583,ATOM,3583,C,ASP,B,114,1.0,26.26,,1.8,0.0
3584,ATOM,3584,O,ASP,B,114,1.0,25.23,,1.8,0.0
3585,ATOM,3585,CB,ASP,B,114,1.0,25.68,,1.8,0.0
3586,ATOM,3586,CG,ASP,B,114,1.0,34.1,,1.8,0.0
3587,ATOM,3587,OD1,ASP,B,114,1.0,31.04,,1.8,0.0
3588,ATOM,3588,OD2,ASP,B,114,1.0,31.91,,1.8,0.0
3589,ATOM,3589,N,GLU,B,115,1.0,21.96,,1.8,0.0
3590,ATOM,3590,CA,GLU,B,115,1.0,24.57,,1.8,0.0
3591,ATOM,3591,C,GLU,B,115,1.0,22.49,,1.8,0.0
3592,ATOM,3592,O,GLU,B,115,1.0,22.92,,1.8,0.0
3593,ATOM,3593,CB,GLU,B,115,1.0,29.29,,1.8,0.0
3594,ATOM,3594,CG,GLU,B,115,1.0,29.93,,1.8,0.0
3595,ATOM,3595,CD,GLU,B,115,1.0,40.15,,1.8,0.0
3596,ATOM,3596,OE1,GLU,B,115,1.0,37.68,,1.8,0.0
3597,ATOM,3597,OE2,GLU,B,115,1.0,36.89,,1.8,0.0
3598,ATOM,3598,N,PRO,B,116,1.0,21.09,,1.8,0.0
3599,ATOM,3599,CA,PRO,B,116,1.0,21.79,,1.8,0.0
3600,ATOM,3600,C,PRO,B,116,1.0,19.71,,1.8,0.0
3601,ATOM,3601,O,PRO,B,116,1.0,18.51,,1.8,0.0
3602,ATOM,3602,CB,PRO,B,116,1.0,23.72,,1.8,0.0
3603,ATOM,3603,CG,PRO,B,116,1.0,25.03,,1.8,0.0
3604,ATOM,3604,CD,PRO,B,116,1.0,24.27,,1.8,0.0
3605,ATOM,3605,N,VAL,B,117,1.0,19.96,,1.8,0.0
3606,ATOM,3606,CA,VAL,B,117,1.0,17.95,,1.8,0.0
3607,ATOM,3607,C,VAL,B,117,1.0,16.32,,1.8,0.0
3608,ATOM,3608,O,VAL,B,117,1.0,16.41,,1.8,0.0
3609,ATOM,3609,CB,VAL,B,117,1.0,19.91,,1.8,0.0
3610,ATOM,3610,CG1,VAL,B,117,1.0,20.25,,1.8,0.0
3611,ATOM,3611,CG2,VAL,B,117,1.0,18.72,,1.8,0.0
3612,ATOM,3612,N,THR,B,118,1.0,14.7,,1.8,0.0
3613,ATOM,3613,CA,THR,B,118,1.0,15.63,,1.8,0.0
3614,ATOM,3614,C,THR,B,118,1.0,15.02,,1.8,0.0
3615,ATOM,3615,O,THR,B,118,1.0,16.36,,1.8,0.0
3616,ATOM,3616,CB,THR,B,118,1.0,14.09,,1.8,0.0
3617,ATOM,3617,OG1,THR,B,118,1.0,13.08,,1.8,0.0
3618,ATOM,3618,CG2,THR,B,118,1.0,14.94,,1.8,0.0
3619,ATOM,3619,N,VAL,B,119,1.0,12.95,,1.8,0.0
3620,ATOM,3620,CA,VAL,B,119,1.0,12.44,,1.8,0.0
3621,ATOM,3621,C,VAL,B,119,1.0,12.54,,1.8,0.0
3622,ATOM,3622,O,VAL,B,119,1.0,11.97,,1.8,0.0
3623,ATOM,3623,CB,VAL,B,119,1.0,14.1,,1.8,0.0
3624,ATOM,3624,CG1,VAL,B,119,1.0,13.92,,1.8,0.0
3625,ATOM,3625,CG2,VAL,B,119,1.0,13.3,,1.8,0.0
3626,ATOM,3626,N,TRP,B,120,1.0,11.35,,1.8,0.0
3627,ATOM,3627,CA,TRP,B,120,1.0,11.93,,1.8,0.0
3628,ATOM,3628,C,TRP,B,120,1.0,12.22,,1.8,0.0
3629,ATOM,3629,O,TRP,B,120,1.0,9.88,,1.8,0.0
3630,ATOM,3630,CB,TRP,B,120,1.0,10.58,,1.8,0.0
3631,ATOM,3631,CG,TRP,B,120,1.0,12.89,,1.8,0.0
3632,ATOM,3632,CD1,TRP,B,120,1.0,11.87,,1.8,0.0
3633,ATOM,3633,CD2,TRP,B,120,1.0,12.56,,1.8,0.0
3634,ATOM,3634,NE1,TRP,B,120,1.0,11.44,,1.8,0.0
3635,ATOM,3635,CE2,TRP,B,120,1.0,13.41,,1.8,0.0
3636,ATOM,3636,CE3,TRP,B,120,1.0,13.41,,1.8,0.0
3637,ATOM,3637,CZ2,TRP,B,120,1.0,12.15,,1.8,0.0
3638,ATOM,3638,CZ3,TRP,B,120,1.0,12.48,,1.8,0.0
3639,ATOM,3639,CH2,TRP,B,120,1.0,13.98,,1.8,0.0
3640,ATOM,3640,N,MET,B,121,1.0,13.72,,1.8,0.0
3641,ATOM,3641,CA,MET,B,121,1.0,13.29,,1.8,0.0
3642,ATOM,3642,C,MET,B,121,1.0,14.29,,1.8,0.0
3643,ATOM,3643,O,MET,B,121,1.0,12.75,,1.8,0.0
3644,ATOM,3644,CB,MET,B,121,1.0,13.62,,1.8,0.0
3645,ATOM,3645,CG,MET,B,121,1.0,14.33,,1.8,0.0
3646,ATOM,3646,SD,MET,B,121,1.0,16.61,,1.8,0.0
3647,ATOM,3647,CE,MET,B,121,1.0,15.41,,1.8,0.0
3648,ATOM,3648,N,LYS,B,122,1.0,14.12,,1.8,0.0
3649,ATOM,3649,CA,LYS,B,122,1.0,15.43,,1.8,0.0
3650,ATOM,3650,C,LYS,B,122,1.0,16.34,,1.8,0.0
3651,ATOM,3651,O,LYS,B,122,1.0,14.35,,1.8,0.0
3652,ATOM,3652,CB,LYS,B,122,1.0,17.6,,1.8,0.0
3653,ATOM,3653,CG,LYS,B,122,1.0,21.17,,1.8,0.0
3654,ATOM,3654,CD,LYS,B,122,1.0,25.24,,1.8,0.0
3655,ATOM,3655,CE,LYS,B,122,1.0,22.37,,1.8,0.0
3656,ATOM,3656,NZ,LYS,B,122,1.0,21.83,,1.8,0.0
3657,ATOM,3657,N,LEU,B,123,1.0,15.04,,1.8,0.0
3658,ATOM,3658,CA,LEU,B,123,1.0,16.45,,1.8,0.0
3659,ATOM,3659,C,LEU,B,123,1.0,16.16,,1.8,0.0
3660,ATOM,3660,O,LEU,B,123,1.0,16.83,,1.8,0.0
3661,ATOM,3661,CB,LEU,B,123,1.0,17.38,,1.8,0.0
3662,ATOM,3662,CG,LEU,B,123,1.0,20.57,,1.8,0.0
3663,ATOM,3663,CD1,LEU,B,123,1.0,20.87,,1.8,0.0
3664,ATOM,3664,CD2,LEU,B,123,1.0,19.26,,1.8,0.0
3665,ATOM,3665,N,ASP,B,124,1.0,13.98,,1.8,0.0
3666,ATOM,3666,CA,ASP,B,124,1.0,15.03,,1.8,0.0
3667,ATOM,3667,C,ASP,B,124,1.0,14.45,,1.8,0.0
3668,ATOM,3668,O,ASP,B,124,1.0,15.41,,1.8,0.0
3669,ATOM,3669,CB,ASP,B,124,1.0,14.88,,1.8,0.0
3670,ATOM,3670,CG,ASP,B,124,1.0,15.25,,1.8,0.0
3671,ATOM,3671,OD1,ASP,B,124,1.0,12.84,,1.8,0.0
3672,ATOM,3672,OD2,ASP,B,124,1.0,15.11,,1.8,0.0
3673,ATOM,3673,N,THR,B,125,1.0,15.35,,1.8,0.0
3674,ATOM,3674,CA,THR,B,125,1.0,16.83,,1.8,0.0
3675,ATOM,3675,C,THR,B,125,1.0,14.04,,1.8,0.0
3676,ATOM,3676,O,THR,B,125,1.0,14.04,,1.8,0.0
3677,ATOM,3677,CB,THR,B,125,1.0,15.2,,1.8,0.0
3678,ATOM,3678,OG1,THR,B,125,1.0,15.07,,1.8,0.0
3679,ATOM,3679,CG2,THR,B,125,1.0,15.19,,1.8,0.0
3680,ATOM,3680,N,GLY,B,126,1.0,12.75,,1.8,0.0
3681,ATOM,3681,CA,GLY,B,126,1.0,13.03,,1.8,0.0
3682,ATOM,3682,C,GLY,B,126,1.0,14.05,,1.8,0.0
3683,ATOM,3683,O,GLY,B,126,1.0,16.62,,1.8,0.0
3684,ATOM,3684,N,MET,B,127,1.0,16.07,,1.8,0.0
3685,ATOM,3685,CA,MET,B,127,1.0,16.11,,1.8,0.0
3686,ATOM,3686,C,MET,B,127,1.0,15.95,,1.8,0.0
3687,ATOM,3687,O,MET,B,127,1.0,16.84,,1.8,0.0
3688,ATOM,3688,CB,MET,B,127,1.0,18.46,,1.8,0.0
3689,ATOM,3689,CG,MET,B,127,1.0,21.71,,1.8,0.0
3690,ATOM,3690,SD,MET,B,127,1.0,25.84,,1.8,0.0
3691,ATOM,3691,CE,MET,B,127,1.0,26.24,,1.8,0.0
3692,ATOM,3692,N,HIS,B,128,1.0,15.74,,1.8,0.0
3693,ATOM,3693,CA,HIS,B,128,1.0,13.15,,1.8,0.0
3694,ATOM,3694,C,HIS,B,128,1.0,12.51,,1.8,0.0
3695,ATOM,3695,O,HIS,B,128,1.0,12.52,,1.8,0.0
3696,ATOM,3696,CB,HIS,B,128,1.0,13.52,,1.8,0.0
3697,ATOM,3697,CG,HIS,B,128,1.0,12.56,,1.8,0.0
3698,ATOM,3698,ND1,HIS,B,128,1.0,13.53,,1.8,0.0
3699,ATOM,3699,CD2,HIS,B,128,1.0,13.08,,1.8,0.0
3700,ATOM,3700,CE1,HIS,B,128,1.0,13.13,,1.8,0.0
3701,ATOM,3701,NE2,HIS,B,128,1.0,13.94,,1.8,0.0
3702,ATOM,3702,N,ARG,B,129,1.0,12.58,,1.8,0.0
3703,ATOM,3703,CA,ARG,B,129,1.0,12.58,,1.8,0.0
3704,ATOM,3704,C,ARG,B,129,1.0,12.47,,1.8,0.0
3705,ATOM,3705,O,ARG,B,129,1.0,11.39,,1.8,0.0
3706,ATOM,3706,CB,ARG,B,129,1.0,14.1,,1.8,0.0
3707,ATOM,3707,CG,ARG,B,129,1.0,14.53,,1.8,0.0
3708,ATOM,3708,CD,ARG,B,129,1.0,15.8,,1.8,0.0
3709,ATOM,3709,NE,ARG,B,129,1.0,16.92,,1.8,0.0
3710,ATOM,3710,CZ,ARG,B,129,1.0,17.64,,1.8,0.0
3711,ATOM,3711,NH1,ARG,B,129,1.0,17.27,,1.8,0.0
3712,ATOM,3712,NH2,ARG,B,129,1.0,20.56,,1.8,0.0
3713,ATOM,3713,N,LEU,B,130,1.0,12.09,,1.8,0.0
3714,ATOM,3714,CA,LEU,B,130,1.0,11.78,,1.8,0.0
3715,ATOM,3715,C,LEU,B,130,1.0,12.34,,1.8,0.0
3716,ATOM,3716,O,LEU,B,130,1.0,13.75,,1.8,0.0
3717,ATOM,3717,CB,LEU,B,130,1.0,11.21,,1.8,0.0
3718,ATOM,3718,CG,LEU,B,130,1.0,12.99,,1.8,0.0
3719,ATOM,3719,CD1,LEU,B,130,1.0,13.09,,1.8,0.0
3720,ATOM,3720,CD2,LEU,B,130,1.0,12.93,,1.8,0.0
3721,ATOM,3721,N,GLY,B,131,1.0,12.58,,1.8,0.0
3722,ATOM,3722,CA,GLY,B,131,1.0,12.76,,1.8,0.0
3723,ATOM,3723,C,GLY,B,131,1.0,13.75,,1.8,0.0
3724,ATOM,3724,O,GLY,B,131,1.0,13.6,,1.8,0.0
3725,ATOM,3725,N,VAL,B,132,1.0,12.88,,1.8,0.0
3726,ATOM,3726,CA,VAL,B,132,1.0,13.58,,1.8,0.0
3727,ATOM,3727,C,VAL,B,132,1.0,15.25,,1.8,0.0
3728,ATOM,3728,O,VAL,B,132,1.0,16.08,,1.8,0.0
3729,ATOM,3729,CB,VAL,B,132,1.0,15.32,,1.8,0.0
3730,ATOM,3730,CG1,VAL,B,132,1.0,14.74,,1.8,0.0
3731,ATOM,3731,CG2,VAL,B,132,1.0,14.87,,1.8,0.0
3732,ATOM,3732,N,ARG,B,133,1.0,13.89,,1.8,0.0
3733,ATOM,3733,CA,ARG,B,133,1.0,14.53,,1.8,0.0
3734,ATOM,3734,C,ARG,B,133,1.0,15.47,,1.8,0.0
3735,ATOM,3735,O,ARG,B,133,1.0,14.9,,1.8,0.0
3736,ATOM,3736,CB,ARG,B,133,1.0,14.77,,1.8,0.0
3737,ATOM,3737,CG,ARG,B,133,1.0,14.39,,1.8,0.0
3738,ATOM,3738,CD,ARG,B,133,1.0,15.93,,1.8,0.0
3739,ATOM,3739,NE,ARG,B,133,1.0,17.03,,1.8,0.0
3740,ATOM,3740,CZ,ARG,B,133,1.0,17.64,,1.8,0.0
3741,ATOM,3741,NH1,ARG,B,133,1.0,16.54,,1.8,0.0
3742,ATOM,3742,NH2,ARG,B,133,1.0,17.25,,1.8,0.0
3743,ATOM,3743,N,PRO,B,134,1.0,17.01,,1.8,0.0
3744,ATOM,3744,CA,PRO,B,134,1.0,16.81,,1.8,0.0
3745,ATOM,3745,C,PRO,B,134,1.0,16.74,,1.8,0.0
3746,ATOM,3746,O,PRO,B,134,1.0,16.27,,1.8,0.0
3747,ATOM,3747,CB,PRO,B,134,1.0,17.95,,1.8,0.0
3748,ATOM,3748,CG,PRO,B,134,1.0,17.76,,1.8,0.0
3749,ATOM,3749,CD,PRO,B,134,1.0,17.33,,1.8,0.0
3750,ATOM,3750,N,GLU,B,135,1.0,18.28,,1.8,0.0
3751,ATOM,3751,CA,GLU,B,135,1.0,20.56,,1.8,0.0
3752,ATOM,3752,C,GLU,B,135,1.0,18.97,,1.8,0.0
3753,ATOM,3753,O,GLU,B,135,1.0,16.83,,1.8,0.0
3754,ATOM,3754,CB,GLU,B,135,1.0,24.56,,1.8,0.0
3755,ATOM,3755,CG,GLU,B,135,1.0,24.57,,1.8,0.0
3756,ATOM,3756,CD,GLU,B,135,1.0,27.83,,1.8,0.0
3757,ATOM,3757,OE1,GLU,B,135,1.0,26.81,,1.8,0.0
3758,ATOM,3758,OE2,GLU,B,135,1.0,24.89,,1.8,0.0
3759,ATOM,3759,N,GLN,B,136,1.0,16.5,,1.8,0.0
3760,ATOM,3760,CA,GLN,B,136,1.0,16.52,,1.8,0.0
3761,ATOM,3761,C,GLN,B,136,1.0,14.79,,1.8,0.0
3762,ATOM,3762,O,GLN,B,136,1.0,14.98,,1.8,0.0
3763,ATOM,3763,CB,GLN,B,136,1.0,16.48,,1.8,0.0
3764,ATOM,3764,CG,GLN,B,136,1.0,17.96,,1.8,0.0
3765,ATOM,3765,CD,GLN,B,136,1.0,20.24,,1.8,0.0
3766,ATOM,3766,OE1,GLN,B,136,1.0,24.15,,1.8,0.0
3767,ATOM,3767,NE2,GLN,B,136,1.0,19.76,,1.8,0.0
3768,ATOM,3768,N,ALA,B,137,1.0,14.72,,1.8,0.0
3769,ATOM,3769,CA,ALA,B,137,1.0,16.26,,1.8,0.0
3770,ATOM,3770,C,ALA,B,137,1.0,16.19,,1.8,0.0
3771,ATOM,3771,O,ALA,B,137,1.0,15.13,,1.8,0.0
3772,ATOM,3772,CB,ALA,B,137,1.0,15.87,,1.8,0.0
3773,ATOM,3773,N,GLU,B,138,1.0,17.39,,1.8,0.0
3774,ATOM,3774,CA,GLU,B,138,1.0,19.77,,1.8,0.0
3775,ATOM,3775,C,GLU,B,138,1.0,16.21,,1.8,0.0
3776,ATOM,3776,O,GLU,B,138,1.0,17.11,,1.8,0.0
3777,ATOM,3777,CB,GLU,B,138,1.0,24.7,,1.8,0.0
3778,ATOM,3778,CG,GLU,B,138,1.0,25.65,,1.8,0.0
3779,ATOM,3779,CD,GLU,B,138,1.0,30.12,,1.8,0.0
3780,ATOM,3780,OE1,GLU,B,138,1.0,34.44,,1.8,0.0
3781,ATOM,3781,OE2,GLU,B,138,1.0,31.78,,1.8,0.0
3782,ATOM,3782,N,ALA,B,139,1.0,15.68,,1.8,0.0
3783,ATOM,3783,CA,ALA,B,139,1.0,15.59,,1.8,0.0
3784,ATOM,3784,C,ALA,B,139,1.0,16.27,,1.8,0.0
3785,ATOM,3785,O,ALA,B,139,1.0,14.93,,1.8,0.0
3786,ATOM,3786,CB,ALA,B,139,1.0,17.89,,1.8,0.0
3787,ATOM,3787,N,PHE,B,140,1.0,14.6,,1.8,0.0
3788,ATOM,3788,CA,PHE,B,140,1.0,14.73,,1.8,0.0
3789,ATOM,3789,C,PHE,B,140,1.0,13.97,,1.8,0.0
3790,ATOM,3790,O,PHE,B,140,1.0,12.47,,1.8,0.0
3791,ATOM,3791,CB,PHE,B,140,1.0,14.57,,1.8,0.0
3792,ATOM,3792,CG,PHE,B,140,1.0,13.01,,1.8,0.0
3793,ATOM,3793,CD1,PHE,B,140,1.0,13.13,,1.8,0.0
3794,ATOM,3794,CD2,PHE,B,140,1.0,13.38,,1.8,0.0
3795,ATOM,3795,CE1,PHE,B,140,1.0,13.02,,1.8,0.0
3796,ATOM,3796,CE2,PHE,B,140,1.0,12.6,,1.8,0.0
3797,ATOM,3797,CZ,PHE,B,140,1.0,13.26,,1.8,0.0
3798,ATOM,3798,N,TYR,B,141,1.0,14.28,,1.8,0.0
3799,ATOM,3799,CA,TYR,B,141,1.0,14.46,,1.8,0.0
3800,ATOM,3800,C,TYR,B,141,1.0,14.81,,1.8,0.0
3801,ATOM,3801,O,TYR,B,141,1.0,13.81,,1.8,0.0
3802,ATOM,3802,CB,TYR,B,141,1.0,14.86,,1.8,0.0
3803,ATOM,3803,CG,TYR,B,141,1.0,14.69,,1.8,0.0
3804,ATOM,3804,CD1,TYR,B,141,1.0,15.3,,1.8,0.0
3805,ATOM,3805,CD2,TYR,B,141,1.0,15.82,,1.8,0.0
3806,ATOM,3806,CE1,TYR,B,141,1.0,14.6,,1.8,0.0
3807,ATOM,3807,CE2,TYR,B,141,1.0,16.67,,1.8,0.0
3808,ATOM,3808,CZ,TYR,B,141,1.0,17.64,,1.8,0.0
3809,ATOM,3809,OH,TYR,B,141,1.0,19.55,,1.8,0.0
3810,ATOM,3810,N,HIS,B,142,1.0,16.04,,1.8,0.0
3811,ATOM,3811,CA,HIS,B,142,1.0,17.3,,1.8,0.0
3812,ATOM,3812,C,HIS,B,142,1.0,15.83,,1.8,0.0
3813,ATOM,3813,O,HIS,B,142,1.0,16.23,,1.8,0.0
3814,ATOM,3814,CB,HIS,B,142,1.0,19.29,,1.8,0.0
3815,ATOM,3815,CG,HIS,B,142,1.0,23.44,,1.8,0.0
3816,ATOM,3816,ND1,HIS,B,142,1.0,26.28,,1.8,0.0
3817,ATOM,3817,CD2,HIS,B,142,1.0,24.41,,1.8,0.0
3818,ATOM,3818,CE1,HIS,B,142,1.0,22.35,,1.8,0.0
3819,ATOM,3819,NE2,HIS,B,142,1.0,25.73,,1.8,0.0
3820,ATOM,3820,N,ARG,B,143,1.0,17.42,,1.8,0.0
3821,ATOM,3821,CA,ARG,B,143,1.0,17.2,,1.8,0.0
3822,ATOM,3822,C,ARG,B,143,1.0,17.58,,1.8,0.0
3823,ATOM,3823,O,ARG,B,143,1.0,16.81,,1.8,0.0
3824,ATOM,3824,CB,ARG,B,143,1.0,17.33,,1.8,0.0
3825,ATOM,3825,CG,ARG,B,143,1.0,18.23,,1.8,0.0
3826,ATOM,3826,CD,ARG,B,143,1.0,16.68,,1.8,0.0
3827,ATOM,3827,NE,ARG,B,143,1.0,15.88,,1.8,0.0
3828,ATOM,3828,CZ,ARG,B,143,1.0,14.38,,1.8,0.0
3829,ATOM,3829,NH1,ARG,B,143,1.0,14.52,,1.8,0.0
3830,ATOM,3830,NH2,ARG,B,143,1.0,13.47,,1.8,0.0
3831,ATOM,3831,N,LEU,B,144,1.0,17.04,,1.8,0.0
3832,ATOM,3832,CA,LEU,B,144,1.0,15.69,,1.8,0.0
3833,ATOM,3833,C,LEU,B,144,1.0,16.1,,1.8,0.0
3834,ATOM,3834,O,LEU,B,144,1.0,15.7,,1.8,0.0
3835,ATOM,3835,CB,LEU,B,144,1.0,16.34,,1.8,0.0
3836,ATOM,3836,CG,LEU,B,144,1.0,15.79,,1.8,0.0
3837,ATOM,3837,CD1,LEU,B,144,1.0,16.16,,1.8,0.0
3838,ATOM,3838,CD2,LEU,B,144,1.0,15.66,,1.8,0.0
3839,ATOM,3839,N,THR,B,145,1.0,14.84,,1.8,0.0
3840,ATOM,3840,CA,THR,B,145,1.0,16.36,,1.8,0.0
3841,ATOM,3841,C,THR,B,145,1.0,15.46,,1.8,0.0
3842,ATOM,3842,O,THR,B,145,1.0,13.05,,1.8,0.0
3843,ATOM,3843,CB,THR,B,145,1.0,16.48,,1.8,0.0
3844,ATOM,3844,OG1,THR,B,145,1.0,17.0,,1.8,0.0
3845,ATOM,3845,CG2,THR,B,145,1.0,15.71,,1.8,0.0
3846,ATOM,3846,N,GLN,B,146,1.0,15.37,,1.8,0.0
3847,ATOM,3847,CA,GLN,B,146,1.0,16.06,,1.8,0.0
3848,ATOM,3848,C,GLN,B,146,1.0,18.49,,1.8,0.0
3849,ATOM,3849,O,GLN,B,146,1.0,16.91,,1.8,0.0
3850,ATOM,3850,CB,GLN,B,146,1.0,17.23,,1.8,0.0
3851,ATOM,3851,CG,GLN,B,146,1.0,18.08,,1.8,0.0
3852,ATOM,3852,CD,GLN,B,146,1.0,20.08,,1.8,0.0
3853,ATOM,3853,OE1,GLN,B,146,1.0,22.95,,1.8,0.0
3854,ATOM,3854,NE2,GLN,B,146,1.0,21.33,,1.8,0.0
3855,ATOM,3855,N,CYS,B,147,0.3,17.05,,1.8,0.0
3856,ATOM,3856,CA,CYS,B,147,0.3,15.99,,1.8,0.0
3857,ATOM,3857,C,CYS,B,147,0.3,16.61,,1.8,0.0
3858,ATOM,3858,O,CYS,B,147,0.3,17.14,,1.8,0.0
3859,ATOM,3859,CB,CYS,B,147,0.3,14.55,,1.8,0.0
3860,ATOM,3860,SG,CYS,B,147,0.3,11.5,,1.8,0.0
3861,ATOM,3861,N,LYS,B,148,1.0,18.9,,1.8,0.0
3862,ATOM,3862,CA,LYS,B,148,1.0,20.27,,1.8,0.0
3863,ATOM,3863,C,LYS,B,148,1.0,18.29,,1.8,0.0
3864,ATOM,3864,O,LYS,B,148,1.0,18.0,,1.8,0.0
3865,ATOM,3865,CB,LYS,B,148,1.0,21.4,,1.8,0.0
3866,ATOM,3866,CG,LYS,B,148,1.0,24.52,,1.8,0.0
3867,ATOM,3867,CD,LYS,B,148,1.0,28.67,,1.8,0.0
3868,ATOM,3868,CE,LYS,B,148,1.0,29.92,,1.8,0.0
3869,ATOM,3869,NZ,LYS,B,148,1.0,32.88,,1.8,0.0
3870,ATOM,3870,N,ASN,B,149,1.0,17.16,,1.8,0.0
3871,ATOM,3871,CA,ASN,B,149,1.0,17.13,,1.8,0.0
3872,ATOM,3872,C,ASN,B,149,1.0,16.11,,1.8,0.0
3873,ATOM,3873,O,ASN,B,149,1.0,16.79,,1.8,0.0
3874,ATOM,3874,CB,ASN,B,149,1.0,16.23,,1.8,0.0
3875,ATOM,3875,CG,ASN,B,149,1.0,17.61,,1.8,0.0
3876,ATOM,3876,OD1,ASN,B,149,1.0,19.09,,1.8,0.0
3877,ATOM,3877,ND2,ASN,B,149,1.0,17.98,,1.8,0.0
3878,ATOM,3878,N,VAL,B,150,1.0,16.09,,1.8,0.0
3879,ATOM,3879,CA,VAL,B,150,1.0,16.84,,1.8,0.0
3880,ATOM,3880,C,VAL,B,150,1.0,17.44,,1.8,0.0
3881,ATOM,3881,O,VAL,B,150,1.0,18.4,,1.8,0.0
3882,ATOM,3882,CB,VAL,B,150,1.0,16.37,,1.8,0.0
3883,ATOM,3883,CG1,VAL,B,150,1.0,16.45,,1.8,0.0
3884,ATOM,3884,CG2,VAL,B,150,1.0,16.11,,1.8,0.0
3885,ATOM,3885,N,ARG,B,151,1.0,18.49,,1.8,0.0
3886,ATOM,3886,CA,ARG,B,151,1.0,22.52,,1.8,0.0
3887,ATOM,3887,C,ARG,B,151,1.0,22.36,,1.8,0.0
3888,ATOM,3888,O,ARG,B,151,1.0,24.87,,1.8,0.0
3889,ATOM,3889,CB,ARG,B,151,1.0,24.39,,1.8,0.0
3890,ATOM,3890,CG,ARG,B,151,1.0,26.15,,1.8,0.0
3891,ATOM,3891,CD,ARG,B,151,1.0,28.2,,1.8,0.0
3892,ATOM,3892,NE,ARG,B,151,1.0,33.46,,1.8,0.0
3893,ATOM,3893,CZ,ARG,B,151,1.0,39.03,,1.8,0.0
3894,ATOM,3894,NH1,ARG,B,151,1.0,31.5,,1.8,0.0
3895,ATOM,3895,NH2,ARG,B,151,1.0,37.76,,1.8,0.0
3896,ATOM,3896,N,GLN,B,152,1.0,17.25,,1.8,0.0
3897,ATOM,3897,CA,GLN,B,152,1.0,16.75,,1.8,0.0
3898,ATOM,3898,C,GLN,B,152,1.0,16.74,,1.8,0.0
3899,ATOM,3899,O,GLN,B,152,1.0,16.3,,1.8,0.0
3900,ATOM,3900,CB,GLN,B,152,1.0,14.59,,1.8,0.0
3901,ATOM,3901,CG,GLN,B,152,1.0,14.36,,1.8,0.0
3902,ATOM,3902,CD,GLN,B,152,1.0,16.09,,1.8,0.0
3903,ATOM,3903,OE1,GLN,B,152,1.0,15.18,,1.8,0.0
3904,ATOM,3904,NE2,GLN,B,152,1.0,14.1,,1.8,0.0
3905,ATOM,3905,N,PRO,B,153,1.0,15.76,,1.8,0.0
3906,ATOM,3906,CA,PRO,B,153,1.0,16.1,,1.8,0.0
3907,ATOM,3907,C,PRO,B,153,1.0,15.21,,1.8,0.0
3908,ATOM,3908,O,PRO,B,153,1.0,15.79,,1.8,0.0
3909,ATOM,3909,CB,PRO,B,153,1.0,16.38,,1.8,0.0
3910,ATOM,3910,CG,PRO,B,153,1.0,17.6,,1.8,0.0
3911,ATOM,3911,CD,PRO,B,153,1.0,17.14,,1.8,0.0
3912,ATOM,3912,N,VAL,B,154,1.0,14.4,,1.8,0.0
3913,ATOM,3913,CA,VAL,B,154,1.0,14.28,,1.8,0.0
3914,ATOM,3914,C,VAL,B,154,1.0,15.64,,1.8,0.0
3915,ATOM,3915,O,VAL,B,154,1.0,16.46,,1.8,0.0
3916,ATOM,3916,CB,VAL,B,154,1.0,14.12,,1.8,0.0
3917,ATOM,3917,CG1,VAL,B,154,1.0,13.69,,1.8,0.0
3918,ATOM,3918,CG2,VAL,B,154,1.0,14.47,,1.8,0.0
3919,ATOM,3919,N,ASN,B,155,1.0,14.32,,1.8,0.0
3920,ATOM,3920,CA,ASN,B,155,1.0,15.74,,1.8,0.0
3921,ATOM,3921,C,ASN,B,155,1.0,15.45,,1.8,0.0
3922,ATOM,3922,O,ASN,B,155,1.0,15.36,,1.8,0.0
3923,ATOM,3923,CB,ASN,B,155,1.0,15.99,,1.8,0.0
3924,ATOM,3924,CG,ASN,B,155,1.0,16.16,,1.8,0.0
3925,ATOM,3925,OD1,ASN,B,155,1.0,15.63,,1.8,0.0
3926,ATOM,3926,ND2,ASN,B,155,1.0,18.78,,1.8,0.0
3927,ATOM,3927,N,ILE,B,156,1.0,15.49,,1.8,0.0
3928,ATOM,3928,CA,ILE,B,156,1.0,13.9,,1.8,0.0
3929,ATOM,3929,C,ILE,B,156,1.0,14.72,,1.8,0.0
3930,ATOM,3930,O,ILE,B,156,1.0,15.36,,1.8,0.0
3931,ATOM,3931,CB,ILE,B,156,1.0,15.56,,1.8,0.0
3932,ATOM,3932,CG1,ILE,B,156,1.0,16.96,,1.8,0.0
3933,ATOM,3933,CG2,ILE,B,156,1.0,13.06,,1.8,0.0
3934,ATOM,3934,CD1,ILE,B,156,1.0,20.24,,1.8,0.0
3935,ATOM,3935,N,VAL,B,157,1.0,13.72,,1.8,0.0
3936,ATOM,3936,CA,VAL,B,157,1.0,13.09,,1.8,0.0
3937,ATOM,3937,C,VAL,B,157,1.0,13.48,,1.8,0.0
3938,ATOM,3938,O,VAL,B,157,1.0,12.98,,1.8,0.0
3939,ATOM,3939,CB,VAL,B,157,1.0,12.85,,1.8,0.0
3940,ATOM,3940,CG1,VAL,B,157,1.0,12.9,,1.8,0.0
3941,ATOM,3941,CG2,VAL,B,157,1.0,12.78,,1.8,0.0
3942,ATOM,3942,N,SER,B,158,1.0,11.99,,1.8,0.0
3943,ATOM,3943,CA,SER,B,158,1.0,11.86,,1.8,0.0
3944,ATOM,3944,C,SER,B,158,1.0,12.63,,1.8,0.0
3945,ATOM,3945,O,SER,B,158,1.0,11.92,,1.8,0.0
3946,ATOM,3946,CB,SER,B,158,1.0,12.91,,1.8,0.0
3947,ATOM,3947,OG,SER,B,158,1.0,13.05,,1.8,0.0
3948,ATOM,3948,N,HIS,B,159,1.0,13.58,,1.8,0.0
3949,ATOM,3949,CA,HIS,B,159,1.0,13.43,,1.8,0.0
3950,ATOM,3950,C,HIS,B,159,1.0,13.84,,1.8,0.0
3951,ATOM,3951,O,HIS,B,159,1.0,16.51,,1.8,0.0
3952,ATOM,3952,CB,HIS,B,159,1.0,12.64,,1.8,0.0
3953,ATOM,3953,CG,HIS,B,159,1.0,12.17,,1.8,0.0
3954,ATOM,3954,ND1,HIS,B,159,1.0,11.51,,1.8,0.0
3955,ATOM,3955,CD2,HIS,B,159,1.0,12.64,,1.8,0.0
3956,ATOM,3956,CE1,HIS,B,159,1.0,11.9,,1.8,0.0
3957,ATOM,3957,NE2,HIS,B,159,1.0,12.48,,1.8,0.0
3958,ATOM,3958,N,PHE,B,160,1.0,14.59,,1.8,0.0
3959,ATOM,3959,CA,PHE,B,160,1.0,15.3,,1.8,0.0
3960,ATOM,3960,C,PHE,B,160,1.0,15.77,,1.8,0.0
3961,ATOM,3961,O,PHE,B,160,1.0,14.84,,1.8,0.0
3962,ATOM,3962,CB,PHE,B,160,1.0,16.2,,1.8,0.0
3963,ATOM,3963,CG,PHE,B,160,1.0,15.41,,1.8,0.0
3964,ATOM,3964,CD1,PHE,B,160,1.0,16.98,,1.8,0.0
3965,ATOM,3965,CD2,PHE,B,160,1.0,15.23,,1.8,0.0
3966,ATOM,3966,CE1,PHE,B,160,1.0,18.07,,1.8,0.0
3967,ATOM,3967,CE2,PHE,B,160,1.0,16.26,,1.8,0.0
3968,ATOM,3968,CZ,PHE,B,160,1.0,16.6,,1.8,0.0
3969,ATOM,3969,N,ALA,B,161,1.0,16.13,,1.8,0.0
3970,ATOM,3970,CA,ALA,B,161,1.0,17.25,,1.8,0.0
3971,ATOM,3971,C,ALA,B,161,1.0,18.39,,1.8,0.0
3972,ATOM,3972,O,ALA,B,161,1.0,19.17,,1.8,0.0
3973,ATOM,3973,CB,ALA,B,161,1.0,16.24,,1.8,0.0
3974,ATOM,3974,N,ARG,B,162,1.0,19.59,,1.8,0.0
3975,ATOM,3975,CA,ARG,B,162,1.0,21.47,,1.8,0.0
3976,ATOM,3976,C,ARG,B,162,1.0,21.13,,1.8,0.0
3977,ATOM,3977,O,ARG,B,162,1.0,23.37,,1.8,0.0
3978,ATOM,3978,CB,ARG,B,162,1.0,23.49,,1.8,0.0
3979,ATOM,3979,CG,ARG,B,162,1.0,26.14,,1.8,0.0
3980,ATOM,3980,CD,ARG,B,162,1.0,22.69,,1.8,0.0
3981,ATOM,3981,NE,ARG,B,162,1.0,22.97,,1.8,0.0
3982,ATOM,3982,CZ,ARG,B,162,1.0,26.11,,1.8,0.0
3983,ATOM,3983,NH1,ARG,B,162,1.0,26.36,,1.8,0.0
3984,ATOM,3984,NH2,ARG,B,162,1.0,23.47,,1.8,0.0
3985,ATOM,3985,N,ALA,B,163,1.0,20.7,,1.8,0.0
3986,ATOM,3986,CA,ALA,B,163,1.0,21.59,,1.8,0.0
3987,ATOM,3987,C,ALA,B,163,1.0,25.35,,1.8,0.0
3988,ATOM,3988,O,ALA,B,163,1.0,24.84,,1.8,0.0
3989,ATOM,3989,CB,ALA,B,163,1.0,22.21,,1.8,0.0
3990,ATOM,3990,N,ASP,B,164,1.0,25.31,,1.8,0.0
3991,ATOM,3991,CA,ASP,B,164,1.0,27.36,,1.8,0.0
3992,ATOM,3992,C,ASP,B,164,1.0,27.86,,1.8,0.0
3993,ATOM,3993,O,ASP,B,164,1.0,27.49,,1.8,0.0
3994,ATOM,3994,CB,ASP,B,164,1.0,29.56,,1.8,0.0
3995,ATOM,3995,CG,ASP,B,164,1.0,32.08,,1.8,0.0
3996,ATOM,3996,OD1,ASP,B,164,1.0,32.33,,1.8,0.0
3997,ATOM,3997,OD2,ASP,B,164,1.0,30.52,,1.8,0.0
3998,ATOM,3998,N,GLU,B,165,1.0,31.28,,1.8,0.0
3999,ATOM,3999,CA,GLU,B,165,1.0,28.52,,1.8,0.0
4000,ATOM,4000,C,GLU,B,165,1.0,30.53,,1.8,0.0
4001,ATOM,4001,O,GLU,B,165,1.0,25.9,,1.8,0.0
4002,ATOM,4002,CB,GLU,B,165,1.0,30.08,,1.8,0.0
4003,ATOM,4003,CG,GLU,B,165,1.0,30.27,,1.8,0.0
4004,ATOM,4004,CD,GLU,B,165,1.0,31.8,,1.8,0.0
4005,ATOM,4005,OE1,GLU,B,165,1.0,30.39,,1.8,0.0
4006,ATOM,4006,OE2,GLU,B,165,1.0,35.35,,1.8,0.0
4007,ATOM,4007,N,PRO,B,166,1.0,26.78,,1.8,0.0
4008,ATOM,4008,CA,PRO,B,166,1.0,27.71,,1.8,0.0
4009,ATOM,4009,C,PRO,B,166,1.0,29.82,,1.8,0.0
4010,ATOM,4010,O,PRO,B,166,1.0,31.9,,1.8,0.0
4011,ATOM,4011,CB,PRO,B,166,1.0,27.64,,1.8,0.0
4012,ATOM,4012,CG,PRO,B,166,1.0,29.27,,1.8,0.0
4013,ATOM,4013,CD,PRO,B,166,1.0,28.6,,1.8,0.0
4014,ATOM,4014,N,LYS,B,167,1.0,32.38,,1.8,0.0
4015,ATOM,4015,CA,LYS,B,167,1.0,36.57,,1.8,0.0
4016,ATOM,4016,C,LYS,B,167,1.0,34.73,,1.8,0.0
4017,ATOM,4017,O,LYS,B,167,1.0,36.51,,1.8,0.0
4018,ATOM,4018,CB,LYS,B,167,1.0,39.39,,1.8,0.0
4019,ATOM,4019,CG,LYS,B,167,1.0,43.18,,1.8,0.0
4020,ATOM,4020,CD,LYS,B,167,1.0,47.46,,1.8,0.0
4021,ATOM,4021,CE,LYS,B,167,1.0,45.36,,1.8,0.0
4022,ATOM,4022,NZ,LYS,B,167,1.0,42.7,,1.8,0.0
4023,ATOM,4023,N,CYS,B,168,1.0,36.06,,1.8,0.0
4024,ATOM,4024,CA,CYS,B,168,1.0,32.92,,1.8,0.0
4025,ATOM,4025,C,CYS,B,168,1.0,29.22,,1.8,0.0
4026,ATOM,4026,O,CYS,B,168,1.0,29.39,,1.8,0.0
4027,ATOM,4027,CB,CYS,B,168,1.0,33.41,,1.8,0.0
4028,ATOM,4028,SG,CYS,B,168,1.0,29.96,,1.8,0.0
4029,ATOM,4029,N,GLY,B,169,1.0,26.98,,1.8,0.0
4030,ATOM,4030,CA,GLY,B,169,1.0,27.15,,1.8,0.0
4031,ATOM,4031,C,GLY,B,169,1.0,24.79,,1.8,0.0
4032,ATOM,4032,O,GLY,B,169,1.0,23.72,,1.8,0.0
4033,ATOM,4033,N,ALA,B,170,1.0,24.52,,1.8,0.0
4034,ATOM,4034,CA,ALA,B,170,1.0,21.83,,1.8,0.0
4035,ATOM,4035,C,ALA,B,170,1.0,21.0,,1.8,0.0
4036,ATOM,4036,O,ALA,B,170,1.0,22.81,,1.8,0.0
4037,ATOM,4037,CB,ALA,B,170,1.0,21.92,,1.8,0.0
4038,ATOM,4038,N,THR,B,171,1.0,17.88,,1.8,0.0
4039,ATOM,4039,CA,THR,B,171,1.0,19.69,,1.8,0.0
4040,ATOM,4040,C,THR,B,171,1.0,21.8,,1.8,0.0
4041,ATOM,4041,O,THR,B,171,1.0,20.03,,1.8,0.0
4042,ATOM,4042,CB,THR,B,171,1.0,17.92,,1.8,0.0
4043,ATOM,4043,OG1,THR,B,171,1.0,16.21,,1.8,0.0
4044,ATOM,4044,CG2,THR,B,171,1.0,18.38,,1.8,0.0
4045,ATOM,4045,N,GLU,B,172,1.0,20.32,,1.8,0.0
4046,ATOM,4046,CA,GLU,B,172,1.0,24.1,,1.8,0.0
4047,ATOM,4047,C,GLU,B,172,1.0,22.58,,1.8,0.0
4048,ATOM,4048,O,GLU,B,172,1.0,23.2,,1.8,0.0
4049,ATOM,4049,CB,GLU,B,172,1.0,28.12,,1.8,0.0
4050,ATOM,4050,CG,GLU,B,172,1.0,31.4,,1.8,0.0
4051,ATOM,4051,CD,GLU,B,172,1.0,38.58,,1.8,0.0
4052,ATOM,4052,OE1,GLU,B,172,1.0,32.67,,1.8,0.0
4053,ATOM,4053,OE2,GLU,B,172,1.0,34.15,,1.8,0.0
4054,ATOM,4054,N,LYS,B,173,1.0,21.82,,1.8,0.0
4055,ATOM,4055,CA,LYS,B,173,1.0,23.92,,1.8,0.0
4056,ATOM,4056,C,LYS,B,173,1.0,23.5,,1.8,0.0
4057,ATOM,4057,O,LYS,B,173,1.0,20.31,,1.8,0.0
4058,ATOM,4058,CB,LYS,B,173,1.0,28.47,,1.8,0.0
4059,ATOM,4059,CG,LYS,B,173,1.0,29.06,,1.8,0.0
4060,ATOM,4060,CD,LYS,B,173,1.0,32.74,,1.8,0.0
4061,ATOM,4061,CE,LYS,B,173,1.0,35.81,,1.8,0.0
4062,ATOM,4062,NZ,LYS,B,173,1.0,34.06,,1.8,0.0
4063,ATOM,4063,N,GLN,B,174,1.0,22.49,,1.8,0.0
4064,ATOM,4064,CA,GLN,B,174,1.0,21.16,,1.8,0.0
4065,ATOM,4065,C,GLN,B,174,1.0,17.72,,1.8,0.0
4066,ATOM,4066,O,GLN,B,174,1.0,17.55,,1.8,0.0
4067,ATOM,4067,CB,GLN,B,174,1.0,19.23,,1.8,0.0
4068,ATOM,4068,CG,GLN,B,174,1.0,20.26,,1.8,0.0
4069,ATOM,4069,CD,GLN,B,174,1.0,19.76,,1.8,0.0
4070,ATOM,4070,OE1,GLN,B,174,1.0,21.4,,1.8,0.0
4071,ATOM,4071,NE2,GLN,B,174,1.0,20.59,,1.8,0.0
4072,ATOM,4072,N,LEU,B,175,1.0,16.25,,1.8,0.0
4073,ATOM,4073,CA,LEU,B,175,1.0,17.81,,1.8,0.0
4074,ATOM,4074,C,LEU,B,175,1.0,16.8,,1.8,0.0
4075,ATOM,4075,O,LEU,B,175,1.0,18.08,,1.8,0.0
4076,ATOM,4076,CB,LEU,B,175,1.0,18.53,,1.8,0.0
4077,ATOM,4077,CG,LEU,B,175,1.0,20.69,,1.8,0.0
4078,ATOM,4078,CD1,LEU,B,175,1.0,19.45,,1.8,0.0
4079,ATOM,4079,CD2,LEU,B,175,1.0,21.72,,1.8,0.0
4080,ATOM,4080,N,ALA,B,176,1.0,16.69,,1.8,0.0
4081,ATOM,4081,CA,ALA,B,176,1.0,18.58,,1.8,0.0
4082,ATOM,4082,C,ALA,B,176,1.0,16.83,,1.8,0.0
4083,ATOM,4083,O,ALA,B,176,1.0,16.63,,1.8,0.0
4084,ATOM,4084,CB,ALA,B,176,1.0,21.26,,1.8,0.0
4085,ATOM,4085,N,ILE,B,177,1.0,17.66,,1.8,0.0
4086,ATOM,4086,CA,ILE,B,177,1.0,17.65,,1.8,0.0
4087,ATOM,4087,C,ILE,B,177,1.0,16.72,,1.8,0.0
4088,ATOM,4088,O,ILE,B,177,1.0,16.42,,1.8,0.0
4089,ATOM,4089,CB,ILE,B,177,1.0,18.03,,1.8,0.0
4090,ATOM,4090,CG1,ILE,B,177,1.0,18.4,,1.8,0.0
4091,ATOM,4091,CG2,ILE,B,177,1.0,19.27,,1.8,0.0
4092,ATOM,4092,CD1,ILE,B,177,1.0,18.04,,1.8,0.0
4093,ATOM,4093,N,PHE,B,178,1.0,16.47,,1.8,0.0
4094,ATOM,4094,CA,PHE,B,178,1.0,17.21,,1.8,0.0
4095,ATOM,4095,C,PHE,B,178,1.0,18.15,,1.8,0.0
4096,ATOM,4096,O,PHE,B,178,1.0,18.69,,1.8,0.0
4097,ATOM,4097,CB,PHE,B,178,1.0,18.79,,1.8,0.0
4098,ATOM,4098,CG,PHE,B,178,1.0,15.68,,1.8,0.0
4099,ATOM,4099,CD1,PHE,B,178,1.0,15.37,,1.8,0.0
4100,ATOM,4100,CD2,PHE,B,178,1.0,17.81,,1.8,0.0
4101,ATOM,4101,CE1,PHE,B,178,1.0,14.92,,1.8,0.0
4102,ATOM,4102,CE2,PHE,B,178,1.0,17.33,,1.8,0.0
4103,ATOM,4103,CZ,PHE,B,178,1.0,15.84,,1.8,0.0
4104,ATOM,4104,N,ASN,B,179,1.0,20.22,,1.8,0.0
4105,ATOM,4105,CA,ASN,B,179,1.0,20.56,,1.8,0.0
4106,ATOM,4106,C,ASN,B,179,1.0,19.83,,1.8,0.0
4107,ATOM,4107,O,ASN,B,179,1.0,19.96,,1.8,0.0
4108,ATOM,4108,CB,ASN,B,179,1.0,21.96,,1.8,0.0
4109,ATOM,4109,CG,ASN,B,179,1.0,23.85,,1.8,0.0
4110,ATOM,4110,OD1,ASN,B,179,1.0,25.59,,1.8,0.0
4111,ATOM,4111,ND2,ASN,B,179,1.0,22.08,,1.8,0.0
4112,ATOM,4112,N,THR,B,180,1.0,20.16,,1.8,0.0
4113,ATOM,4113,CA,THR,B,180,1.0,19.67,,1.8,0.0
4114,ATOM,4114,C,THR,B,180,1.0,19.59,,1.8,0.0
4115,ATOM,4115,O,THR,B,180,1.0,17.89,,1.8,0.0
4116,ATOM,4116,CB,THR,B,180,1.0,22.68,,1.8,0.0
4117,ATOM,4117,OG1,THR,B,180,1.0,24.51,,1.8,0.0
4118,ATOM,4118,CG2,THR,B,180,1.0,22.47,,1.8,0.0
4119,ATOM,4119,N,PHE,B,181,1.0,17.59,,1.8,0.0
4120,ATOM,4120,CA,PHE,B,181,1.0,16.71,,1.8,0.0
4121,ATOM,4121,C,PHE,B,181,1.0,17.19,,1.8,0.0
4122,ATOM,4122,O,PHE,B,181,1.0,16.42,,1.8,0.0
4123,ATOM,4123,CB,PHE,B,181,1.0,16.22,,1.8,0.0
4124,ATOM,4124,CG,PHE,B,181,1.0,15.86,,1.8,0.0
4125,ATOM,4125,CD1,PHE,B,181,1.0,17.0,,1.8,0.0
4126,ATOM,4126,CD2,PHE,B,181,1.0,16.78,,1.8,0.0
4127,ATOM,4127,CE1,PHE,B,181,1.0,17.1,,1.8,0.0
4128,ATOM,4128,CE2,PHE,B,181,1.0,17.44,,1.8,0.0
4129,ATOM,4129,CZ,PHE,B,181,1.0,16.24,,1.8,0.0
4130,ATOM,4130,N,CYS,B,182,1.0,16.35,,1.8,0.0
4131,ATOM,4131,CA,CYS,B,182,1.0,17.13,,1.8,0.0
4132,ATOM,4132,C,CYS,B,182,1.0,19.31,,1.8,0.0
4133,ATOM,4133,O,CYS,B,182,1.0,18.4,,1.8,0.0
4134,ATOM,4134,CB,CYS,B,182,1.0,17.22,,1.8,0.0
4135,ATOM,4135,SG,CYS,B,182,1.0,18.15,,1.8,0.0
4136,ATOM,4136,N,GLU,B,183,1.0,20.04,,1.8,0.0
4137,ATOM,4137,CA,GLU,B,183,1.0,20.45,,1.8,0.0
4138,ATOM,4138,C,GLU,B,183,1.0,17.23,,1.8,0.0
4139,ATOM,4139,O,GLU,B,183,1.0,20.57,,1.8,0.0
4140,ATOM,4140,CB,GLU,B,183,1.0,22.05,,1.8,0.0
4141,ATOM,4141,CG,GLU,B,183,1.0,25.06,,1.8,0.0
4142,ATOM,4142,CD,GLU,B,183,1.0,26.54,,1.8,0.0
4143,ATOM,4143,OE1,GLU,B,183,1.0,27.31,,1.8,0.0
4144,ATOM,4144,OE2,GLU,B,183,1.0,28.3,,1.8,0.0
4145,ATOM,4145,N,GLY,B,184,1.0,16.83,,1.8,0.0
4146,ATOM,4146,CA,GLY,B,184,1.0,18.56,,1.8,0.0
4147,ATOM,4147,C,GLY,B,184,1.0,20.46,,1.8,0.0
4148,ATOM,4148,O,GLY,B,184,1.0,21.72,,1.8,0.0
4149,ATOM,4149,N,LYS,B,185,1.0,16.54,,1.8,0.0
4150,ATOM,4150,CA,LYS,B,185,1.0,15.74,,1.8,0.0
4151,ATOM,4151,C,LYS,B,185,1.0,14.24,,1.8,0.0
4152,ATOM,4152,O,LYS,B,185,1.0,13.85,,1.8,0.0
4153,ATOM,4153,CB,LYS,B,185,1.0,14.93,,1.8,0.0
4154,ATOM,4154,CG,LYS,B,185,1.0,15.2,,1.8,0.0
4155,ATOM,4155,CD,LYS,B,185,1.0,14.38,,1.8,0.0
4156,ATOM,4156,CE,LYS,B,185,1.0,14.44,,1.8,0.0
4157,ATOM,4157,NZ,LYS,B,185,1.0,13.38,,1.8,0.0
4158,ATOM,4158,N,PRO,B,186,1.0,15.67,,1.8,0.0
4159,ATOM,4159,CA,PRO,B,186,1.0,16.39,,1.8,0.0
4160,ATOM,4160,C,PRO,B,186,1.0,17.33,,1.8,0.0
4161,ATOM,4161,O,PRO,B,186,1.0,20.08,,1.8,0.0
4162,ATOM,4162,CB,PRO,B,186,1.0,16.66,,1.8,0.0
4163,ATOM,4163,CG,PRO,B,186,1.0,16.92,,1.8,0.0
4164,ATOM,4164,CD,PRO,B,186,1.0,15.27,,1.8,0.0
4165,ATOM,4165,N,GLY,B,187,1.0,16.87,,1.8,0.0
4166,ATOM,4166,CA,GLY,B,187,1.0,18.53,,1.8,0.0
4167,ATOM,4167,C,GLY,B,187,1.0,15.74,,1.8,0.0
4168,ATOM,4168,O,GLY,B,187,1.0,16.03,,1.8,0.0
4169,ATOM,4169,N,GLN,B,188,1.0,15.92,,1.8,0.0
4170,ATOM,4170,CA,GLN,B,188,1.0,15.97,,1.8,0.0
4171,ATOM,4171,C,GLN,B,188,1.0,16.08,,1.8,0.0
4172,ATOM,4172,O,GLN,B,188,1.0,13.4,,1.8,0.0
4173,ATOM,4173,CB,GLN,B,188,1.0,16.45,,1.8,0.0
4174,ATOM,4174,CG,GLN,B,188,1.0,15.88,,1.8,0.0
4175,ATOM,4175,CD,GLN,B,188,1.0,16.15,,1.8,0.0
4176,ATOM,4176,OE1,GLN,B,188,1.0,15.39,,1.8,0.0
4177,ATOM,4177,NE2,GLN,B,188,1.0,18.77,,1.8,0.0
4178,ATOM,4178,N,ARG,B,189,1.0,15.59,,1.8,0.0
4179,ATOM,4179,CA,ARG,B,189,1.0,14.46,,1.8,0.0
4180,ATOM,4180,C,ARG,B,189,1.0,13.54,,1.8,0.0
4181,ATOM,4181,O,ARG,B,189,1.0,12.97,,1.8,0.0
4182,ATOM,4182,CB,ARG,B,189,1.0,16.34,,1.8,0.0
4183,ATOM,4183,CG,ARG,B,189,1.0,19.3,,1.8,0.0
4184,ATOM,4184,CD,ARG,B,189,1.0,19.3,,1.8,0.0
4185,ATOM,4185,NE,ARG,B,189,1.0,23.21,,1.8,0.0
4186,ATOM,4186,CZ,ARG,B,189,1.0,24.61,,1.8,0.0
4187,ATOM,4187,NH1,ARG,B,189,1.0,27.4,,1.8,0.0
4188,ATOM,4188,NH2,ARG,B,189,1.0,25.44,,1.8,0.0
4189,ATOM,4189,N,SER,B,190,1.0,11.23,,1.8,0.0
4190,ATOM,4190,CA,SER,B,190,1.0,10.96,,1.8,0.0
4191,ATOM,4191,C,SER,B,190,1.0,10.37,,1.8,0.0
4192,ATOM,4192,O,SER,B,190,1.0,10.14,,1.8,0.0
4193,ATOM,4193,CB,SER,B,190,1.0,11.11,,1.8,0.0
4194,ATOM,4194,OG,SER,B,190,1.0,13.04,,1.8,0.0
4195,ATOM,4195,N,ILE,B,191,1.0,10.73,,1.8,0.0
4196,ATOM,4196,CA,ILE,B,191,1.0,11.1,,1.8,0.0
4197,ATOM,4197,C,ILE,B,191,1.0,10.03,,1.8,0.0
4198,ATOM,4198,O,ILE,B,191,1.0,10.88,,1.8,0.0
4199,ATOM,4199,CB,ILE,B,191,1.0,12.61,,1.8,0.0
4200,ATOM,4200,CG1,ILE,B,191,1.0,13.09,,1.8,0.0
4201,ATOM,4201,CG2,ILE,B,191,1.0,12.63,,1.8,0.0
4202,ATOM,4202,CD1,ILE,B,191,1.0,14.35,,1.8,0.0
4203,ATOM,4203,N,ALA,B,192,1.0,10.4,,1.8,0.0
4204,ATOM,4204,CA,ALA,B,192,1.0,10.96,,1.8,0.0
4205,ATOM,4205,C,ALA,B,192,1.0,10.99,,1.8,0.0
4206,ATOM,4206,O,ALA,B,192,1.0,10.75,,1.8,0.0
4207,ATOM,4207,CB,ALA,B,192,1.0,11.9,,1.8,0.0
4208,ATOM,4208,N,ALA,B,193,1.0,10.13,,1.8,0.0
4209,ATOM,4209,CA,ALA,B,193,1.0,9.57,,1.8,0.0
4210,ATOM,4210,C,ALA,B,193,1.0,10.61,,1.8,0.0
4211,ATOM,4211,O,ALA,B,193,1.0,10.85,,1.8,0.0
4212,ATOM,4212,CB,ALA,B,193,1.0,9.35,,1.8,0.0
4213,ATOM,4213,N,SER,B,194,1.0,10.34,,1.8,0.0
4214,ATOM,4214,CA,SER,B,194,1.0,11.63,,1.8,0.0
4215,ATOM,4215,C,SER,B,194,1.0,12.07,,1.8,0.0
4216,ATOM,4216,O,SER,B,194,1.0,12.18,,1.8,0.0
4217,ATOM,4217,CB,SER,B,194,1.0,10.71,,1.8,0.0
4218,ATOM,4218,OG,SER,B,194,1.0,11.17,,1.8,0.0
4219,ATOM,4219,N,GLY,B,195,1.0,11.85,,1.8,0.0
4220,ATOM,4220,CA,GLY,B,195,1.0,13.01,,1.8,0.0
4221,ATOM,4221,C,GLY,B,195,1.0,13.19,,1.8,0.0
4222,ATOM,4222,O,GLY,B,195,1.0,13.89,,1.8,0.0
4223,ATOM,4223,N,GLY,B,196,1.0,13.16,,1.8,0.0
4224,ATOM,4224,CA,GLY,B,196,1.0,12.83,,1.8,0.0
4225,ATOM,4225,C,GLY,B,196,1.0,13.73,,1.8,0.0
4226,ATOM,4226,O,GLY,B,196,1.0,15.04,,1.8,0.0
4227,ATOM,4227,N,ILE,B,197,1.0,12.74,,1.8,0.0
4228,ATOM,4228,CA,ILE,B,197,1.0,13.64,,1.8,0.0
4229,ATOM,4229,C,ILE,B,197,1.0,15.73,,1.8,0.0
4230,ATOM,4230,O,ILE,B,197,1.0,15.32,,1.8,0.0
4231,ATOM,4231,CB,ILE,B,197,1.0,13.3,,1.8,0.0
4232,ATOM,4232,CG1,ILE,B,197,1.0,13.11,,1.8,0.0
4233,ATOM,4233,CG2,ILE,B,197,1.0,13.89,,1.8,0.0
4234,ATOM,4234,CD1,ILE,B,197,1.0,13.02,,1.8,0.0
4235,ATOM,4235,N,LEU,B,198,1.0,15.51,,1.8,0.0
4236,ATOM,4236,CA,LEU,B,198,1.0,13.89,,1.8,0.0
4237,ATOM,4237,C,LEU,B,198,1.0,14.44,,1.8,0.0
4238,ATOM,4238,O,LEU,B,198,1.0,12.83,,1.8,0.0
4239,ATOM,4239,CB,LEU,B,198,1.0,13.75,,1.8,0.0
4240,ATOM,4240,CG,LEU,B,198,1.0,13.78,,1.8,0.0
4241,ATOM,4241,CD1,LEU,B,198,1.0,14.69,,1.8,0.0
4242,ATOM,4242,CD2,LEU,B,198,1.0,14.49,,1.8,0.0
4243,ATOM,4243,N,LEU,B,199,1.0,14.68,,1.8,0.0
4244,ATOM,4244,CA,LEU,B,199,1.0,15.1,,1.8,0.0
4245,ATOM,4245,C,LEU,B,199,1.0,15.65,,1.8,0.0
4246,ATOM,4246,O,LEU,B,199,1.0,15.79,,1.8,0.0
4247,ATOM,4247,CB,LEU,B,199,1.0,13.9,,1.8,0.0
4248,ATOM,4248,CG,LEU,B,199,1.0,16.02,,1.8,0.0
4249,ATOM,4249,CD1,LEU,B,199,1.0,15.47,,1.8,0.0
4250,ATOM,4250,CD2,LEU,B,199,1.0,17.73,,1.8,0.0
4251,ATOM,4251,N,TRP,B,200,1.0,15.27,,1.8,0.0
4252,ATOM,4252,CA,TRP,B,200,1.0,15.04,,1.8,0.0
4253,ATOM,4253,C,TRP,B,200,1.0,15.52,,1.8,0.0
4254,ATOM,4254,O,TRP,B,200,1.0,14.07,,1.8,0.0
4255,ATOM,4255,CB,TRP,B,200,1.0,14.57,,1.8,0.0
4256,ATOM,4256,CG,TRP,B,200,1.0,16.58,,1.8,0.0
4257,ATOM,4257,CD1,TRP,B,200,1.0,16.58,,1.8,0.0
4258,ATOM,4258,CD2,TRP,B,200,1.0,17.27,,1.8,0.0
4259,ATOM,4259,NE1,TRP,B,200,1.0,17.75,,1.8,0.0
4260,ATOM,4260,CE2,TRP,B,200,1.0,18.02,,1.8,0.0
4261,ATOM,4261,CE3,TRP,B,200,1.0,18.86,,1.8,0.0
4262,ATOM,4262,CZ2,TRP,B,200,1.0,18.63,,1.8,0.0
4263,ATOM,4263,CZ3,TRP,B,200,1.0,17.61,,1.8,0.0
4264,ATOM,4264,CH2,TRP,B,200,1.0,19.1,,1.8,0.0
4265,ATOM,4265,N,PRO,B,201,1.0,17.29,,1.8,0.0
4266,ATOM,4266,CA,PRO,B,201,1.0,16.44,,1.8,0.0
4267,ATOM,4267,C,PRO,B,201,1.0,16.45,,1.8,0.0
4268,ATOM,4268,O,PRO,B,201,1.0,15.04,,1.8,0.0
4269,ATOM,4269,CB,PRO,B,201,1.0,17.85,,1.8,0.0
4270,ATOM,4270,CG,PRO,B,201,1.0,18.34,,1.8,0.0
4271,ATOM,4271,CD,PRO,B,201,1.0,18.87,,1.8,0.0
4272,ATOM,4272,N,GLN,B,202,1.0,15.5,,1.8,0.0
4273,ATOM,4273,CA,GLN,B,202,1.0,20.02,,1.8,0.0
4274,ATOM,4274,C,GLN,B,202,1.0,17.94,,1.8,0.0
4275,ATOM,4275,O,GLN,B,202,1.0,19.63,,1.8,0.0
4276,ATOM,4276,CB,GLN,B,202,1.0,21.64,,1.8,0.0
4277,ATOM,4277,CG,GLN,B,202,1.0,23.57,,1.8,0.0
4278,ATOM,4278,CD,GLN,B,202,1.0,26.49,,1.8,0.0
4279,ATOM,4279,OE1,GLN,B,202,1.0,25.98,,1.8,0.0
4280,ATOM,4280,NE2,GLN,B,202,1.0,22.21,,1.8,0.0
4281,ATOM,4281,N,SER,B,203,1.0,17.53,,1.8,0.0
4282,ATOM,4282,CA,SER,B,203,1.0,14.59,,1.8,0.0
4283,ATOM,4283,C,SER,B,203,1.0,14.14,,1.8,0.0
4284,ATOM,4284,O,SER,B,203,1.0,13.95,,1.8,0.0
4285,ATOM,4285,CB,SER,B,203,1.0,16.22,,1.8,0.0
4286,ATOM,4286,OG,SER,B,203,1.0,16.82,,1.8,0.0
4287,ATOM,4287,N,HIS,B,204,1.0,13.24,,1.8,0.0
4288,ATOM,4288,CA,HIS,B,204,1.0,12.42,,1.8,0.0
4289,ATOM,4289,C,HIS,B,204,1.0,12.38,,1.8,0.0
4290,ATOM,4290,O,HIS,B,204,1.0,12.0,,1.8,0.0
4291,ATOM,4291,CB,HIS,B,204,1.0,12.91,,1.8,0.0
4292,ATOM,4292,CG,HIS,B,204,1.0,12.62,,1.8,0.0
4293,ATOM,4293,ND1,HIS,B,204,1.0,13.28,,1.8,0.0
4294,ATOM,4294,CD2,HIS,B,204,1.0,13.01,,1.8,0.0
4295,ATOM,4295,CE1,HIS,B,204,1.0,13.74,,1.8,0.0
4296,ATOM,4296,NE2,HIS,B,204,1.0,14.37,,1.8,0.0
4297,ATOM,4297,N,PHE,B,205,1.0,12.14,,1.8,0.0
4298,ATOM,4298,CA,PHE,B,205,1.0,11.28,,1.8,0.0
4299,ATOM,4299,C,PHE,B,205,1.0,10.34,,1.8,0.0
4300,ATOM,4300,O,PHE,B,205,1.0,10.01,,1.8,0.0
4301,ATOM,4301,CB,PHE,B,205,1.0,12.22,,1.8,0.0
4302,ATOM,4302,CG,PHE,B,205,1.0,13.65,,1.8,0.0
4303,ATOM,4303,CD1,PHE,B,205,1.0,16.15,,1.8,0.0
4304,ATOM,4304,CD2,PHE,B,205,1.0,12.96,,1.8,0.0
4305,ATOM,4305,CE1,PHE,B,205,1.0,16.22,,1.8,0.0
4306,ATOM,4306,CE2,PHE,B,205,1.0,15.65,,1.8,0.0
4307,ATOM,4307,CZ,PHE,B,205,1.0,16.29,,1.8,0.0
4308,ATOM,4308,N,ASP,B,206,1.0,9.55,,1.8,0.0
4309,ATOM,4309,CA,ASP,B,206,1.0,9.29,,1.8,0.0
4310,ATOM,4310,C,ASP,B,206,1.0,9.09,,1.8,0.0
4311,ATOM,4311,O,ASP,B,206,1.0,8.85,,1.8,0.0
4312,ATOM,4312,CB,ASP,B,206,1.0,9.65,,1.8,0.0
4313,ATOM,4313,CG,ASP,B,206,1.0,9.75,,1.8,0.0
4314,ATOM,4314,OD1,ASP,B,206,1.0,9.26,,1.8,0.0
4315,ATOM,4315,OD2,ASP,B,206,1.0,9.22,,1.8,0.0
4316,ATOM,4316,N,TRP,B,207,1.0,9.14,,1.8,0.0
4317,ATOM,4317,CA,TRP,B,207,1.0,9.76,,1.8,0.0
4318,ATOM,4318,C,TRP,B,207,1.0,9.17,,1.8,0.0
4319,ATOM,4319,O,TRP,B,207,1.0,9.58,,1.8,0.0
4320,ATOM,4320,CB,TRP,B,207,1.0,10.96,,1.8,0.0
4321,ATOM,4321,CG,TRP,B,207,1.0,10.19,,1.8,0.0
4322,ATOM,4322,CD1,TRP,B,207,1.0,12.49,,1.8,0.0
4323,ATOM,4323,CD2,TRP,B,207,1.0,11.33,,1.8,0.0
4324,ATOM,4324,NE1,TRP,B,207,1.0,11.42,,1.8,0.0
4325,ATOM,4325,CE2,TRP,B,207,1.0,11.73,,1.8,0.0
4326,ATOM,4326,CE3,TRP,B,207,1.0,11.57,,1.8,0.0
4327,ATOM,4327,CZ2,TRP,B,207,1.0,12.07,,1.8,0.0
4328,ATOM,4328,CZ3,TRP,B,207,1.0,12.12,,1.8,0.0
4329,ATOM,4329,CH2,TRP,B,207,1.0,12.46,,1.8,0.0
4330,ATOM,4330,N,VAL,B,208,1.0,10.12,,1.8,0.0
4331,ATOM,4331,CA,VAL,B,208,1.0,10.65,,1.8,0.0
4332,ATOM,4332,C,VAL,B,208,1.0,9.87,,1.8,0.0
4333,ATOM,4333,O,VAL,B,208,1.0,10.29,,1.8,0.0
4334,ATOM,4334,CB,VAL,B,208,1.0,10.89,,1.8,0.0
4335,ATOM,4335,CG1,VAL,B,208,1.0,10.85,,1.8,0.0
4336,ATOM,4336,CG2,VAL,B,208,1.0,11.45,,1.8,0.0
4337,ATOM,4337,N,ARG,B,209,1.0,9.6,,1.8,0.0
4338,ATOM,4338,CA,ARG,B,209,1.0,9.73,,1.8,0.0
4339,ATOM,4339,C,ARG,B,209,1.0,9.54,,1.8,0.0
4340,ATOM,4340,O,ARG,B,209,1.0,9.42,,1.8,0.0
4341,ATOM,4341,CB,ARG,B,209,1.0,9.84,,1.8,0.0
4342,ATOM,4342,CG,ARG,B,209,1.0,9.03,,1.8,0.0
4343,ATOM,4343,CD,ARG,B,209,1.0,9.35,,1.8,0.0
4344,ATOM,4344,NE,ARG,B,209,1.0,9.46,,1.8,0.0
4345,ATOM,4345,CZ,ARG,B,209,1.0,9.74,,1.8,0.0
4346,ATOM,4346,NH1,ARG,B,209,1.0,9.64,,1.8,0.0
4347,ATOM,4347,NH2,ARG,B,209,1.0,10.68,,1.8,0.0
4348,ATOM,4348,N,PRO,B,210,1.0,9.59,,1.8,0.0
4349,ATOM,4349,CA,PRO,B,210,1.0,9.38,,1.8,0.0
4350,ATOM,4350,C,PRO,B,210,1.0,10.19,,1.8,0.0
4351,ATOM,4351,O,PRO,B,210,1.0,10.08,,1.8,0.0
4352,ATOM,4352,CB,PRO,B,210,1.0,9.25,,1.8,0.0
4353,ATOM,4353,CG,PRO,B,210,1.0,9.35,,1.8,0.0
4354,ATOM,4354,CD,PRO,B,210,1.0,8.99,,1.8,0.0
4355,ATOM,4355,N,GLY,B,211,1.0,10.51,,1.8,0.0
4356,ATOM,4356,CA,GLY,B,211,1.0,10.3,,1.8,0.0
4357,ATOM,4357,C,GLY,B,211,1.0,10.53,,1.8,0.0
4358,ATOM,4358,O,GLY,B,211,1.0,10.18,,1.8,0.0
4359,ATOM,4359,N,ILE,B,212,1.0,9.5,,1.8,0.0
4360,ATOM,4360,CA,ILE,B,212,1.0,10.41,,1.8,0.0
4361,ATOM,4361,C,ILE,B,212,1.0,10.27,,1.8,0.0
4362,ATOM,4362,O,ILE,B,212,1.0,10.77,,1.8,0.0
4363,ATOM,4363,CB,ILE,B,212,1.0,10.68,,1.8,0.0
4364,ATOM,4364,CG1,ILE,B,212,1.0,11.8,,1.8,0.0
4365,ATOM,4365,CG2,ILE,B,212,1.0,9.72,,1.8,0.0
4366,ATOM,4366,CD1,ILE,B,212,1.0,12.62,,1.8,0.0
4367,ATOM,4367,N,ILE,B,213,1.0,10.11,,1.8,0.0
4368,ATOM,4368,CA,ILE,B,213,1.0,11.04,,1.8,0.0
4369,ATOM,4369,C,ILE,B,213,1.0,10.71,,1.8,0.0
4370,ATOM,4370,O,ILE,B,213,1.0,9.45,,1.8,0.0
4371,ATOM,4371,CB,ILE,B,213,1.0,11.57,,1.8,0.0
4372,ATOM,4372,CG1,ILE,B,213,1.0,11.98,,1.8,0.0
4373,ATOM,4373,CG2,ILE,B,213,1.0,10.94,,1.8,0.0
4374,ATOM,4374,CD1,ILE,B,213,1.0,11.73,,1.8,0.0
4375,ATOM,4375,N,LEU,B,214,1.0,10.29,,1.8,0.0
4376,ATOM,4376,CA,LEU,B,214,1.0,10.08,,1.8,0.0
4377,ATOM,4377,C,LEU,B,214,1.0,9.6,,1.8,0.0
4378,ATOM,4378,O,LEU,B,214,1.0,10.26,,1.8,0.0
4379,ATOM,4379,CB,LEU,B,214,1.0,10.58,,1.8,0.0
4380,ATOM,4380,CG,LEU,B,214,1.0,9.99,,1.8,0.0
4381,ATOM,4381,CD1,LEU,B,214,1.0,10.47,,1.8,0.0
4382,ATOM,4382,CD2,LEU,B,214,1.0,9.53,,1.8,0.0
4383,ATOM,4383,N,TYR,B,215,1.0,10.86,,1.8,0.0
4384,ATOM,4384,CA,TYR,B,215,1.0,10.94,,1.8,0.0
4385,ATOM,4385,C,TYR,B,215,1.0,12.19,,1.8,0.0
4386,ATOM,4386,O,TYR,B,215,1.0,11.55,,1.8,0.0
4387,ATOM,4387,CB,TYR,B,215,1.0,10.94,,1.8,0.0
4388,ATOM,4388,CG,TYR,B,215,1.0,10.37,,1.8,0.0
4389,ATOM,4389,CD1,TYR,B,215,1.0,11.8,,1.8,0.0
4390,ATOM,4390,CD2,TYR,B,215,1.0,10.21,,1.8,0.0
4391,ATOM,4391,CE1,TYR,B,215,1.0,11.78,,1.8,0.0
4392,ATOM,4392,CE2,TYR,B,215,1.0,10.94,,1.8,0.0
4393,ATOM,4393,CZ,TYR,B,215,1.0,11.39,,1.8,0.0
4394,ATOM,4394,OH,TYR,B,215,1.0,12.19,,1.8,0.0
4395,ATOM,4395,N,GLY,B,216,1.0,11.15,,1.8,0.0
4396,ATOM,4396,CA,GLY,B,216,1.0,11.85,,1.8,0.0
4397,ATOM,4397,C,GLY,B,216,1.0,10.65,,1.8,0.0
4398,ATOM,4398,O,GLY,B,216,1.0,11.67,,1.8,0.0
4399,ATOM,4399,N,VAL,B,217,1.0,11.77,,1.8,0.0
4400,ATOM,4400,CA,VAL,B,217,1.0,10.8,,1.8,0.0
4401,ATOM,4401,C,VAL,B,217,1.0,10.58,,1.8,0.0
4402,ATOM,4402,O,VAL,B,217,1.0,10.63,,1.8,0.0
4403,ATOM,4403,CB,VAL,B,217,1.0,11.68,,1.8,0.0
4404,ATOM,4404,CG1,VAL,B,217,1.0,11.88,,1.8,0.0
4405,ATOM,4405,CG2,VAL,B,217,1.0,12.92,,1.8,0.0
4406,ATOM,4406,N,SER,B,218,1.0,10.5,,1.8,0.0
4407,ATOM,4407,CA,SER,B,218,1.0,10.45,,1.8,0.0
4408,ATOM,4408,C,SER,B,218,1.0,11.01,,1.8,0.0
4409,ATOM,4409,O,SER,B,218,1.0,9.84,,1.8,0.0
4410,ATOM,4410,CB,SER,B,218,1.0,10.98,,1.8,0.0
4411,ATOM,4411,OG,SER,B,218,1.0,9.58,,1.8,0.0
4412,ATOM,4412,N,PRO,B,219,1.0,11.88,,1.8,0.0
4413,ATOM,4413,CA,PRO,B,219,1.0,12.53,,1.8,0.0
4414,ATOM,4414,C,PRO,B,219,1.0,12.76,,1.8,0.0
4415,ATOM,4415,O,PRO,B,219,1.0,10.89,,1.8,0.0
4416,ATOM,4416,CB,PRO,B,219,1.0,12.35,,1.8,0.0
4417,ATOM,4417,CG,PRO,B,219,1.0,11.87,,1.8,0.0
4418,ATOM,4418,CD,PRO,B,219,1.0,12.8,,1.8,0.0
4419,ATOM,4419,N,LEU,B,220,1.0,14.69,,1.8,0.0
4420,ATOM,4420,CA,LEU,B,220,1.0,17.25,,1.8,0.0
4421,ATOM,4421,C,LEU,B,220,1.0,19.21,,1.8,0.0
4422,ATOM,4422,O,LEU,B,220,1.0,21.13,,1.8,0.0
4423,ATOM,4423,CB,LEU,B,220,1.0,15.06,,1.8,0.0
4424,ATOM,4424,CG,LEU,B,220,1.0,14.23,,1.8,0.0
4425,ATOM,4425,CD1,LEU,B,220,1.0,14.71,,1.8,0.0
4426,ATOM,4426,CD2,LEU,B,220,1.0,14.57,,1.8,0.0
4427,ATOM,4427,N,GLU,B,221,1.0,20.91,,1.8,0.0
4428,ATOM,4428,CA,GLU,B,221,1.0,20.88,,1.8,0.0
4429,ATOM,4429,C,GLU,B,221,1.0,21.72,,1.8,0.0
4430,ATOM,4430,O,GLU,B,221,1.0,23.15,,1.8,0.0
4431,ATOM,4431,CB,GLU,B,221,1.0,23.75,,1.8,0.0
4432,ATOM,4432,CG,GLU,B,221,1.0,24.74,,1.8,0.0
4433,ATOM,4433,CD,GLU,B,221,1.0,29.74,,1.8,0.0
4434,ATOM,4434,OE1,GLU,B,221,1.0,31.93,,1.8,0.0
4435,ATOM,4435,OE2,GLU,B,221,1.0,28.58,,1.8,0.0
4436,ATOM,4436,N,ASP,B,222,1.0,19.92,,1.8,0.0
4437,ATOM,4437,CA,ASP,B,222,1.0,22.07,,1.8,0.0
4438,ATOM,4438,C,ASP,B,222,1.0,22.37,,1.8,0.0
4439,ATOM,4439,O,ASP,B,222,1.0,26.75,,1.8,0.0
4440,ATOM,4440,CB,ASP,B,222,1.0,21.84,,1.8,0.0
4441,ATOM,4441,CG,ASP,B,222,1.0,20.69,,1.8,0.0
4442,ATOM,4442,OD1,ASP,B,222,1.0,20.32,,1.8,0.0
4443,ATOM,4443,OD2,ASP,B,222,1.0,19.02,,1.8,0.0
4444,ATOM,4444,N,ARG,B,223,1.0,22.25,,1.8,0.0
4445,ATOM,4445,CA,ARG,B,223,1.0,22.26,,1.8,0.0
4446,ATOM,4446,C,ARG,B,223,1.0,18.64,,1.8,0.0
4447,ATOM,4447,O,ARG,B,223,1.0,21.49,,1.8,0.0
4448,ATOM,4448,CB,ARG,B,223,1.0,29.51,,1.8,0.0
4449,ATOM,4449,CG,ARG,B,223,1.0,33.13,,1.8,0.0
4450,ATOM,4450,CD,ARG,B,223,1.0,36.97,,1.8,0.0
4451,ATOM,4451,NE,ARG,B,223,1.0,45.07,,1.8,0.0
4452,ATOM,4452,CZ,ARG,B,223,1.0,50.0,,1.8,0.0
4453,ATOM,4453,NH1,ARG,B,223,1.0,46.71,,1.8,0.0
4454,ATOM,4454,NH2,ARG,B,223,1.0,53.28,,1.8,0.0
4455,ATOM,4455,N,SER,B,224,1.0,17.81,,1.8,0.0
4456,ATOM,4456,CA,SER,B,224,1.0,15.55,,1.8,0.0
4457,ATOM,4457,C,SER,B,224,1.0,15.94,,1.8,0.0
4458,ATOM,4458,O,SER,B,224,1.0,14.49,,1.8,0.0
4459,ATOM,4459,CB,SER,B,224,1.0,15.33,,1.8,0.0
4460,ATOM,4460,OG,SER,B,224,1.0,14.82,,1.8,0.0
4461,ATOM,4461,N,THR,B,225,1.0,13.83,,1.8,0.0
4462,ATOM,4462,CA,THR,B,225,1.0,13.16,,1.8,0.0
4463,ATOM,4463,C,THR,B,225,1.0,13.09,,1.8,0.0
4464,ATOM,4464,O,THR,B,225,1.0,14.66,,1.8,0.0
4465,ATOM,4465,CB,THR,B,225,1.0,12.72,,1.8,0.0
4466,ATOM,4466,OG1,THR,B,225,1.0,12.2,,1.8,0.0
4467,ATOM,4467,CG2,THR,B,225,1.0,12.99,,1.8,0.0
4468,ATOM,4468,N,GLY,B,226,1.0,12.01,,1.8,0.0
4469,ATOM,4469,CA,GLY,B,226,1.0,14.06,,1.8,0.0
4470,ATOM,4470,C,GLY,B,226,1.0,13.94,,1.8,0.0
4471,ATOM,4471,O,GLY,B,226,1.0,13.74,,1.8,0.0
4472,ATOM,4472,N,ALA,B,227,1.0,14.5,,1.8,0.0
4473,ATOM,4473,CA,ALA,B,227,1.0,14.36,,1.8,0.0
4474,ATOM,4474,C,ALA,B,227,1.0,15.09,,1.8,0.0
4475,ATOM,4475,O,ALA,B,227,1.0,17.03,,1.8,0.0
4476,ATOM,4476,CB,ALA,B,227,1.0,14.3,,1.8,0.0
4477,ATOM,4477,N,ASP,B,228,1.0,14.73,,1.8,0.0
4478,ATOM,4478,CA,ASP,B,228,1.0,14.86,,1.8,0.0
4479,ATOM,4479,C,ASP,B,228,1.0,14.86,,1.8,0.0
4480,ATOM,4480,O,ASP,B,228,1.0,17.06,,1.8,0.0
4481,ATOM,4481,CB,ASP,B,228,1.0,17.63,,1.8,0.0
4482,ATOM,4482,CG,ASP,B,228,1.0,19.52,,1.8,0.0
4483,ATOM,4483,OD1,ASP,B,228,1.0,21.44,,1.8,0.0
4484,ATOM,4484,OD2,ASP,B,228,1.0,22.68,,1.8,0.0
4485,ATOM,4485,N,PHE,B,229,1.0,14.75,,1.8,0.0
4486,ATOM,4486,CA,PHE,B,229,1.0,14.46,,1.8,0.0
4487,ATOM,4487,C,PHE,B,229,1.0,14.31,,1.8,0.0
4488,ATOM,4488,O,PHE,B,229,1.0,12.97,,1.8,0.0
4489,ATOM,4489,CB,PHE,B,229,1.0,14.89,,1.8,0.0
4490,ATOM,4490,CG,PHE,B,229,1.0,13.66,,1.8,0.0
4491,ATOM,4491,CD1,PHE,B,229,1.0,13.02,,1.8,0.0
4492,ATOM,4492,CD2,PHE,B,229,1.0,14.88,,1.8,0.0
4493,ATOM,4493,CE1,PHE,B,229,1.0,15.31,,1.8,0.0
4494,ATOM,4494,CE2,PHE,B,229,1.0,13.75,,1.8,0.0
4495,ATOM,4495,CZ,PHE,B,229,1.0,14.42,,1.8,0.0
4496,ATOM,4496,N,GLY,B,230,1.0,14.35,,1.8,0.0
4497,ATOM,4497,CA,GLY,B,230,1.0,13.35,,1.8,0.0
4498,ATOM,4498,C,GLY,B,230,1.0,12.65,,1.8,0.0
4499,ATOM,4499,O,GLY,B,230,1.0,14.64,,1.8,0.0
4500,ATOM,4500,N,CYS,B,231,1.0,12.14,,1.8,0.0
4501,ATOM,4501,CA,CYS,B,231,1.0,12.75,,1.8,0.0
4502,ATOM,4502,C,CYS,B,231,1.0,12.92,,1.8,0.0
4503,ATOM,4503,O,CYS,B,231,1.0,12.45,,1.8,0.0
4504,ATOM,4504,CB,CYS,B,231,1.0,12.81,,1.8,0.0
4505,ATOM,4505,SG,CYS,B,231,1.0,14.43,,1.8,0.0
4506,ATOM,4506,N,GLN,B,232,1.0,12.82,,1.8,0.0
4507,ATOM,4507,CA,GLN,B,232,1.0,12.98,,1.8,0.0
4508,ATOM,4508,C,GLN,B,232,1.0,11.62,,1.8,0.0
4509,ATOM,4509,O,GLN,B,232,1.0,12.02,,1.8,0.0
4510,ATOM,4510,CB,GLN,B,232,1.0,13.5,,1.8,0.0
4511,ATOM,4511,CG,GLN,B,232,1.0,14.45,,1.8,0.0
4512,ATOM,4512,CD,GLN,B,232,1.0,16.52,,1.8,0.0
4513,ATOM,4513,OE1,GLN,B,232,1.0,20.99,,1.8,0.0
4514,ATOM,4514,NE2,GLN,B,232,1.0,15.28,,1.8,0.0
4515,ATOM,4515,N,PRO,B,233,1.0,11.55,,1.8,0.0
4516,ATOM,4516,CA,PRO,B,233,1.0,11.54,,1.8,0.0
4517,ATOM,4517,C,PRO,B,233,1.0,10.63,,1.8,0.0
4518,ATOM,4518,O,PRO,B,233,1.0,12.74,,1.8,0.0
4519,ATOM,4519,CB,PRO,B,233,1.0,11.74,,1.8,0.0
4520,ATOM,4520,CG,PRO,B,233,1.0,11.13,,1.8,0.0
4521,ATOM,4521,CD,PRO,B,233,1.0,11.81,,1.8,0.0
4522,ATOM,4522,N,VAL,B,234,1.0,10.33,,1.8,0.0
4523,ATOM,4523,CA,VAL,B,234,1.0,9.83,,1.8,0.0
4524,ATOM,4524,C,VAL,B,234,1.0,10.36,,1.8,0.0
4525,ATOM,4525,O,VAL,B,234,1.0,9.66,,1.8,0.0
4526,ATOM,4526,CB,VAL,B,234,1.0,10.03,,1.8,0.0
4527,ATOM,4527,CG1,VAL,B,234,1.0,10.3,,1.8,0.0
4528,ATOM,4528,CG2,VAL,B,234,1.0,9.91,,1.8,0.0
4529,ATOM,4529,N,MET,B,235,1.0,11.49,,1.8,0.0
4530,ATOM,4530,CA,MET,B,235,1.0,9.91,,1.8,0.0
4531,ATOM,4531,C,MET,B,235,1.0,9.27,,1.8,0.0
4532,ATOM,4532,O,MET,B,235,1.0,8.17,,1.8,0.0
4533,ATOM,4533,CB,MET,B,235,1.0,10.41,,1.8,0.0
4534,ATOM,4534,CG,MET,B,235,1.0,10.65,,1.8,0.0
4535,ATOM,4535,SD,MET,B,235,1.0,11.86,,1.8,0.0
4536,ATOM,4536,CE,MET,B,235,1.0,11.59,,1.8,0.0
4537,ATOM,4537,N,SER,B,236,1.0,9.01,,1.8,0.0
4538,ATOM,4538,CA,SER,B,236,1.0,9.52,,1.8,0.0
4539,ATOM,4539,C,SER,B,236,1.0,9.89,,1.8,0.0
4540,ATOM,4540,O,SER,B,236,1.0,11.14,,1.8,0.0
4541,ATOM,4541,CB,SER,B,236,1.0,10.26,,1.8,0.0
4542,ATOM,4542,OG,SER,B,236,1.0,10.21,,1.8,0.0
4543,ATOM,4543,N,LEU,B,237,1.0,10.09,,1.8,0.0
4544,ATOM,4544,CA,LEU,B,237,1.0,10.11,,1.8,0.0
4545,ATOM,4545,C,LEU,B,237,1.0,10.76,,1.8,0.0
4546,ATOM,4546,O,LEU,B,237,1.0,12.97,,1.8,0.0
4547,ATOM,4547,CB,LEU,B,237,1.0,10.18,,1.8,0.0
4548,ATOM,4548,CG,LEU,B,237,1.0,10.13,,1.8,0.0
4549,ATOM,4549,CD1,LEU,B,237,1.0,11.04,,1.8,0.0
4550,ATOM,4550,CD2,LEU,B,237,1.0,9.7,,1.8,0.0
4551,ATOM,4551,N,THR,B,238,1.0,9.95,,1.8,0.0
4552,ATOM,4552,CA,THR,B,238,1.0,11.51,,1.8,0.0
4553,ATOM,4553,C,THR,B,238,1.0,9.63,,1.8,0.0
4554,ATOM,4554,O,THR,B,238,1.0,10.03,,1.8,0.0
4555,ATOM,4555,CB,THR,B,238,1.0,11.43,,1.8,0.0
4556,ATOM,4556,OG1,THR,B,238,1.0,13.06,,1.8,0.0
4557,ATOM,4557,CG2,THR,B,238,1.0,12.06,,1.8,0.0
4558,ATOM,4558,N,SER,B,239,1.0,9.92,,1.8,0.0
4559,ATOM,4559,CA,SER,B,239,1.0,9.72,,1.8,0.0
4560,ATOM,4560,C,SER,B,239,1.0,10.17,,1.8,0.0
4561,ATOM,4561,O,SER,B,239,1.0,12.06,,1.8,0.0
4562,ATOM,4562,CB,SER,B,239,1.0,10.14,,1.8,0.0
4563,ATOM,4563,OG,SER,B,239,1.0,10.08,,1.8,0.0
4564,ATOM,4564,N,SER,B,240,1.0,11.32,,1.8,0.0
4565,ATOM,4565,CA,SER,B,240,1.0,12.22,,1.8,0.0
4566,ATOM,4566,C,SER,B,240,1.0,11.27,,1.8,0.0
4567,ATOM,4567,O,SER,B,240,1.0,10.3,,1.8,0.0
4568,ATOM,4568,CB,SER,B,240,1.0,14.16,,1.8,0.0
4569,ATOM,4569,OG,SER,B,240,1.0,17.24,,1.8,0.0
4570,ATOM,4570,N,LEU,B,241,1.0,10.51,,1.8,0.0
4571,ATOM,4571,CA,LEU,B,241,1.0,10.41,,1.8,0.0
4572,ATOM,4572,C,LEU,B,241,1.0,11.25,,1.8,0.0
4573,ATOM,4573,O,LEU,B,241,1.0,10.08,,1.8,0.0
4574,ATOM,4574,CB,LEU,B,241,1.0,9.77,,1.8,0.0
4575,ATOM,4575,CG,LEU,B,241,1.0,9.35,,1.8,0.0
4576,ATOM,4576,CD1,LEU,B,241,1.0,9.96,,1.8,0.0
4577,ATOM,4577,CD2,LEU,B,241,1.0,9.6,,1.8,0.0
4578,ATOM,4578,N,ILE,B,242,1.0,12.08,,1.8,0.0
4579,ATOM,4579,CA,ILE,B,242,1.0,12.45,,1.8,0.0
4580,ATOM,4580,C,ILE,B,242,1.0,11.42,,1.8,0.0
4581,ATOM,4581,O,ILE,B,242,1.0,12.8,,1.8,0.0
4582,ATOM,4582,CB,ILE,B,242,1.0,13.86,,1.8,0.0
4583,ATOM,4583,CG1,ILE,B,242,1.0,14.58,,1.8,0.0
4584,ATOM,4584,CG2,ILE,B,242,1.0,15.24,,1.8,0.0
4585,ATOM,4585,CD1,ILE,B,242,1.0,14.61,,1.8,0.0
4586,ATOM,4586,N,ALA,B,243,1.0,10.4,,1.8,0.0
4587,ATOM,4587,CA,ALA,B,243,1.0,10.42,,1.8,0.0
4588,ATOM,4588,C,ALA,B,243,1.0,10.4,,1.8,0.0
4589,ATOM,4589,O,ALA,B,243,1.0,9.7,,1.8,0.0
4590,ATOM,4590,CB,ALA,B,243,1.0,9.74,,1.8,0.0
4591,ATOM,4591,N,VAL,B,244,1.0,10.51,,1.8,0.0
4592,ATOM,4592,CA,VAL,B,244,1.0,11.34,,1.8,0.0
4593,ATOM,4593,C,VAL,B,244,1.0,10.87,,1.8,0.0
4594,ATOM,4594,O,VAL,B,244,1.0,10.05,,1.8,0.0
4595,ATOM,4595,CB,VAL,B,244,1.0,10.54,,1.8,0.0
4596,ATOM,4596,CG1,VAL,B,244,1.0,10.95,,1.8,0.0
4597,ATOM,4597,CG2,VAL,B,244,1.0,11.73,,1.8,0.0
4598,ATOM,4598,N,ARG,B,245,1.0,10.64,,1.8,0.0
4599,ATOM,4599,CA,ARG,B,245,1.0,11.34,,1.8,0.0
4600,ATOM,4600,C,ARG,B,245,1.0,11.74,,1.8,0.0
4601,ATOM,4601,O,ARG,B,245,1.0,11.94,,1.8,0.0
4602,ATOM,4602,CB,ARG,B,245,1.0,11.76,,1.8,0.0
4603,ATOM,4603,CG,ARG,B,245,1.0,11.59,,1.8,0.0
4604,ATOM,4604,CD,ARG,B,245,1.0,12.01,,1.8,0.0
4605,ATOM,4605,NE,ARG,B,245,1.0,12.1,,1.8,0.0
4606,ATOM,4606,CZ,ARG,B,245,1.0,11.73,,1.8,0.0
4607,ATOM,4607,NH1,ARG,B,245,1.0,13.28,,1.8,0.0
4608,ATOM,4608,NH2,ARG,B,245,1.0,11.86,,1.8,0.0
4609,ATOM,4609,N,GLU,B,246,1.0,11.23,,1.8,0.0
4610,ATOM,4610,CA,GLU,B,246,1.0,11.75,,1.8,0.0
4611,ATOM,4611,C,GLU,B,246,1.0,12.09,,1.8,0.0
4612,ATOM,4612,O,GLU,B,246,1.0,12.64,,1.8,0.0
4613,ATOM,4613,CB,GLU,B,246,1.0,13.58,,1.8,0.0
4614,ATOM,4614,CG,GLU,B,246,1.0,13.54,,1.8,0.0
4615,ATOM,4615,CD,GLU,B,246,1.0,13.9,,1.8,0.0
4616,ATOM,4616,OE1,GLU,B,246,1.0,14.18,,1.8,0.0
4617,ATOM,4617,OE2,GLU,B,246,1.0,15.33,,1.8,0.0
4618,ATOM,4618,N,HIS,B,247,1.0,12.19,,1.8,0.0
4619,ATOM,4619,CA,HIS,B,247,1.0,13.21,,1.8,0.0
4620,ATOM,4620,C,HIS,B,247,1.0,15.31,,1.8,0.0
4621,ATOM,4621,O,HIS,B,247,1.0,15.73,,1.8,0.0
4622,ATOM,4622,CB,HIS,B,247,1.0,13.97,,1.8,0.0
4623,ATOM,4623,CG,HIS,B,247,1.0,13.44,,1.8,0.0
4624,ATOM,4624,ND1,HIS,B,247,1.0,15.52,,1.8,0.0
4625,ATOM,4625,CD2,HIS,B,247,1.0,15.25,,1.8,0.0
4626,ATOM,4626,CE1,HIS,B,247,1.0,14.91,,1.8,0.0
4627,ATOM,4627,NE2,HIS,B,247,1.0,14.99,,1.8,0.0
4628,ATOM,4628,N,LYS,B,248,1.0,16.3,,1.8,0.0
4629,ATOM,4629,CA,LYS,B,248,1.0,17.54,,1.8,0.0
4630,ATOM,4630,C,LYS,B,248,1.0,19.09,,1.8,0.0
4631,ATOM,4631,O,LYS,B,248,1.0,17.55,,1.8,0.0
4632,ATOM,4632,CB,LYS,B,248,1.0,19.54,,1.8,0.0
4633,ATOM,4633,CG,LYS,B,248,1.0,21.2,,1.8,0.0
4634,ATOM,4634,CD,LYS,B,248,1.0,27.71,,1.8,0.0
4635,ATOM,4635,CE,LYS,B,248,1.0,29.46,,1.8,0.0
4636,ATOM,4636,NZ,LYS,B,248,1.0,28.65,,1.8,0.0
4637,ATOM,4637,N,ALA,B,249,1.0,20.56,,1.8,0.0
4638,ATOM,4638,CA,ALA,B,249,1.0,19.93,,1.8,0.0
4639,ATOM,4639,C,ALA,B,249,1.0,18.79,,1.8,0.0
4640,ATOM,4640,O,ALA,B,249,1.0,20.76,,1.8,0.0
4641,ATOM,4641,CB,ALA,B,249,1.0,20.36,,1.8,0.0
4642,ATOM,4642,N,GLY,B,250,1.0,17.56,,1.8,0.0
4643,ATOM,4643,CA,GLY,B,250,1.0,16.76,,1.8,0.0
4644,ATOM,4644,C,GLY,B,250,1.0,15.79,,1.8,0.0
4645,ATOM,4645,O,GLY,B,250,1.0,14.69,,1.8,0.0
4646,ATOM,4646,N,GLU,B,251,1.0,15.84,,1.8,0.0
4647,ATOM,4647,CA,GLU,B,251,1.0,15.0,,1.8,0.0
4648,ATOM,4648,C,GLU,B,251,1.0,15.05,,1.8,0.0
4649,ATOM,4649,O,GLU,B,251,1.0,15.36,,1.8,0.0
4650,ATOM,4650,CB,GLU,B,251,1.0,15.66,,1.8,0.0
4651,ATOM,4651,CG,GLU,B,251,1.0,15.2,,1.8,0.0
4652,ATOM,4652,CD,GLU,B,251,1.0,14.82,,1.8,0.0
4653,ATOM,4653,OE1,GLU,B,251,1.0,14.76,,1.8,0.0
4654,ATOM,4654,OE2,GLU,B,251,1.0,16.39,,1.8,0.0
4655,ATOM,4655,N,PRO,B,252,1.0,15.75,,1.8,0.0
4656,ATOM,4656,CA,PRO,B,252,1.0,15.31,,1.8,0.0
4657,ATOM,4657,C,PRO,B,252,1.0,14.62,,1.8,0.0
4658,ATOM,4658,O,PRO,B,252,1.0,14.51,,1.8,0.0
4659,ATOM,4659,CB,PRO,B,252,1.0,18.18,,1.8,0.0
4660,ATOM,4660,CG,PRO,B,252,1.0,16.92,,1.8,0.0
4661,ATOM,4661,CD,PRO,B,252,1.0,16.92,,1.8,0.0
4662,ATOM,4662,N,VAL,B,253,1.0,13.95,,1.8,0.0
4663,ATOM,4663,CA,VAL,B,253,1.0,14.39,,1.8,0.0
4664,ATOM,4664,C,VAL,B,253,1.0,14.96,,1.8,0.0
4665,ATOM,4665,O,VAL,B,253,1.0,14.41,,1.8,0.0
4666,ATOM,4666,CB,VAL,B,253,1.0,15.7,,1.8,0.0
4667,ATOM,4667,CG1,VAL,B,253,1.0,14.94,,1.8,0.0
4668,ATOM,4668,CG2,VAL,B,253,1.0,14.95,,1.8,0.0
4669,ATOM,4669,N,GLY,B,254,1.0,16.53,,1.8,0.0
4670,ATOM,4670,CA,GLY,B,254,1.0,18.9,,1.8,0.0
4671,ATOM,4671,C,GLY,B,254,1.0,19.08,,1.8,0.0
4672,ATOM,4672,O,GLY,B,254,1.0,19.95,,1.8,0.0
4673,ATOM,4673,N,TYR,B,255,1.0,18.49,,1.8,0.0
4674,ATOM,4674,CA,TYR,B,255,1.0,20.1,,1.8,0.0
4675,ATOM,4675,C,TYR,B,255,1.0,20.35,,1.8,0.0
4676,ATOM,4676,O,TYR,B,255,1.0,19.21,,1.8,0.0
4677,ATOM,4677,CB,TYR,B,255,1.0,20.72,,1.8,0.0
4678,ATOM,4678,CG,TYR,B,255,1.0,22.3,,1.8,0.0
4679,ATOM,4679,CD1,TYR,B,255,1.0,23.89,,1.8,0.0
4680,ATOM,4680,CD2,TYR,B,255,1.0,21.08,,1.8,0.0
4681,ATOM,4681,CE1,TYR,B,255,1.0,23.66,,1.8,0.0
4682,ATOM,4682,CE2,TYR,B,255,1.0,23.35,,1.8,0.0
4683,ATOM,4683,CZ,TYR,B,255,1.0,22.42,,1.8,0.0
4684,ATOM,4684,OH,TYR,B,255,1.0,27.57,,1.8,0.0
4685,ATOM,4685,N,GLY,B,256,1.0,18.31,,1.8,0.0
4686,ATOM,4686,CA,GLY,B,256,1.0,19.52,,1.8,0.0
4687,ATOM,4687,C,GLY,B,256,1.0,18.87,,1.8,0.0
4688,ATOM,4688,O,GLY,B,256,1.0,18.26,,1.8,0.0
4689,ATOM,4689,N,GLY,B,257,1.0,19.46,,1.8,0.0
4690,ATOM,4690,CA,GLY,B,257,1.0,20.15,,1.8,0.0
4691,ATOM,4691,C,GLY,B,257,1.0,20.12,,1.8,0.0
4692,ATOM,4692,O,GLY,B,257,1.0,21.22,,1.8,0.0
4693,ATOM,4693,N,THR,B,258,1.0,20.03,,1.8,0.0
4694,ATOM,4694,CA,THR,B,258,1.0,20.04,,1.8,0.0
4695,ATOM,4695,C,THR,B,258,1.0,20.22,,1.8,0.0
4696,ATOM,4696,O,THR,B,258,1.0,19.27,,1.8,0.0
4697,ATOM,4697,CB,THR,B,258,1.0,21.05,,1.8,0.0
4698,ATOM,4698,OG1,THR,B,258,1.0,23.07,,1.8,0.0
4699,ATOM,4699,CG2,THR,B,258,1.0,19.93,,1.8,0.0
4700,ATOM,4700,N,TRP,B,259,1.0,20.52,,1.8,0.0
4701,ATOM,4701,CA,TRP,B,259,1.0,18.52,,1.8,0.0
4702,ATOM,4702,C,TRP,B,259,1.0,17.52,,1.8,0.0
4703,ATOM,4703,O,TRP,B,259,1.0,19.55,,1.8,0.0
4704,ATOM,4704,CB,TRP,B,259,1.0,18.64,,1.8,0.0
4705,ATOM,4705,CG,TRP,B,259,1.0,16.97,,1.8,0.0
4706,ATOM,4706,CD1,TRP,B,259,1.0,17.64,,1.8,0.0
4707,ATOM,4707,CD2,TRP,B,259,1.0,16.15,,1.8,0.0
4708,ATOM,4708,NE1,TRP,B,259,1.0,15.92,,1.8,0.0
4709,ATOM,4709,CE2,TRP,B,259,1.0,16.44,,1.8,0.0
4710,ATOM,4710,CE3,TRP,B,259,1.0,15.54,,1.8,0.0
4711,ATOM,4711,CZ2,TRP,B,259,1.0,17.42,,1.8,0.0
4712,ATOM,4712,CZ3,TRP,B,259,1.0,14.35,,1.8,0.0
4713,ATOM,4713,CH2,TRP,B,259,1.0,16.8,,1.8,0.0
4714,ATOM,4714,N,VAL,B,260,1.0,17.25,,1.8,0.0
4715,ATOM,4715,CA,VAL,B,260,1.0,17.04,,1.8,0.0
4716,ATOM,4716,C,VAL,B,260,1.0,16.57,,1.8,0.0
4717,ATOM,4717,O,VAL,B,260,1.0,15.68,,1.8,0.0
4718,ATOM,4718,CB,VAL,B,260,1.0,18.54,,1.8,0.0
4719,ATOM,4719,CG1,VAL,B,260,1.0,18.04,,1.8,0.0
4720,ATOM,4720,CG2,VAL,B,260,1.0,21.14,,1.8,0.0
4721,ATOM,4721,N,SER,B,261,1.0,15.67,,1.8,0.0
4722,ATOM,4722,CA,SER,B,261,1.0,15.31,,1.8,0.0
4723,ATOM,4723,C,SER,B,261,1.0,16.97,,1.8,0.0
4724,ATOM,4724,O,SER,B,261,1.0,16.64,,1.8,0.0
4725,ATOM,4725,CB,SER,B,261,1.0,14.43,,1.8,0.0
4726,ATOM,4726,OG,SER,B,261,1.0,15.2,,1.8,0.0
4727,ATOM,4727,N,GLU,B,262,1.0,16.66,,1.8,0.0
4728,ATOM,4728,CA,GLU,B,262,1.0,18.42,,1.8,0.0
4729,ATOM,4729,C,GLU,B,262,1.0,18.96,,1.8,0.0
4730,ATOM,4730,O,GLU,B,262,1.0,17.0,,1.8,0.0
4731,ATOM,4731,CB,GLU,B,262,1.0,22.66,,1.8,0.0
4732,ATOM,4732,CG,GLU,B,262,1.0,23.34,,1.8,0.0
4733,ATOM,4733,CD,GLU,B,262,1.0,27.48,,1.8,0.0
4734,ATOM,4734,OE1,GLU,B,262,1.0,28.64,,1.8,0.0
4735,ATOM,4735,OE2,GLU,B,262,1.0,30.0,,1.8,0.0
4736,ATOM,4736,N,ARG,B,263,1.0,17.14,,1.8,0.0
4737,ATOM,4737,CA,ARG,B,263,1.0,16.74,,1.8,0.0
4738,ATOM,4738,C,ARG,B,263,1.0,15.47,,1.8,0.0
4739,ATOM,4739,O,ARG,B,263,1.0,15.83,,1.8,0.0
4740,ATOM,4740,CB,ARG,B,263,1.0,18.75,,1.8,0.0
4741,ATOM,4741,CG,ARG,B,263,1.0,18.47,,1.8,0.0
4742,ATOM,4742,CD,ARG,B,263,1.0,18.9,,1.8,0.0
4743,ATOM,4743,NE,ARG,B,263,1.0,20.55,,1.8,0.0
4744,ATOM,4744,CZ,ARG,B,263,1.0,21.77,,1.8,0.0
4745,ATOM,4745,NH1,ARG,B,263,1.0,23.46,,1.8,0.0
4746,ATOM,4746,NH2,ARG,B,263,1.0,20.86,,1.8,0.0
4747,ATOM,4747,N,ASP,B,264,1.0,14.29,,1.8,0.0
4748,ATOM,4748,CA,ASP,B,264,1.0,14.31,,1.8,0.0
4749,ATOM,4749,C,ASP,B,264,1.0,14.82,,1.8,0.0
4750,ATOM,4750,O,ASP,B,264,1.0,11.88,,1.8,0.0
4751,ATOM,4751,CB,ASP,B,264,1.0,14.09,,1.8,0.0
4752,ATOM,4752,CG,ASP,B,264,1.0,15.18,,1.8,0.0
4753,ATOM,4753,OD1,ASP,B,264,1.0,17.51,,1.8,0.0
4754,ATOM,4754,OD2,ASP,B,264,1.0,16.17,,1.8,0.0
4755,ATOM,4755,N,THR,B,265,1.0,14.17,,1.8,0.0
4756,ATOM,4756,CA,THR,B,265,1.0,13.53,,1.8,0.0
4757,ATOM,4757,C,THR,B,265,1.0,13.18,,1.8,0.0
4758,ATOM,4758,O,THR,B,265,1.0,13.49,,1.8,0.0
4759,ATOM,4759,CB,THR,B,265,1.0,13.54,,1.8,0.0
4760,ATOM,4760,OG1,THR,B,265,1.0,13.43,,1.8,0.0
4761,ATOM,4761,CG2,THR,B,265,1.0,13.19,,1.8,0.0
4762,ATOM,4762,N,ARG,B,266,1.0,13.85,,1.8,0.0
4763,ATOM,4763,CA,ARG,B,266,1.0,13.4,,1.8,0.0
4764,ATOM,4764,C,ARG,B,266,1.0,12.97,,1.8,0.0
4765,ATOM,4765,O,ARG,B,266,1.0,14.05,,1.8,0.0
4766,ATOM,4766,CB,ARG,B,266,1.0,13.47,,1.8,0.0
4767,ATOM,4767,CG,ARG,B,266,1.0,13.28,,1.8,0.0
4768,ATOM,4768,CD,ARG,B,266,1.0,13.56,,1.8,0.0
4769,ATOM,4769,NE,ARG,B,266,1.0,13.89,,1.8,0.0
4770,ATOM,4770,CZ,ARG,B,266,1.0,13.7,,1.8,0.0
4771,ATOM,4771,NH1,ARG,B,266,1.0,14.06,,1.8,0.0
4772,ATOM,4772,NH2,ARG,B,266,1.0,14.39,,1.8,0.0
4773,ATOM,4773,N,LEU,B,267,1.0,11.55,,1.8,0.0
4774,ATOM,4774,CA,LEU,B,267,1.0,11.76,,1.8,0.0
4775,ATOM,4775,C,LEU,B,267,1.0,12.29,,1.8,0.0
4776,ATOM,4776,O,LEU,B,267,1.0,10.8,,1.8,0.0
4777,ATOM,4777,CB,LEU,B,267,1.0,12.92,,1.8,0.0
4778,ATOM,4778,CG,LEU,B,267,1.0,11.9,,1.8,0.0
4779,ATOM,4779,CD1,LEU,B,267,1.0,12.01,,1.8,0.0
4780,ATOM,4780,CD2,LEU,B,267,1.0,11.43,,1.8,0.0
4781,ATOM,4781,N,GLY,B,268,1.0,10.67,,1.8,0.0
4782,ATOM,4782,CA,GLY,B,268,1.0,11.04,,1.8,0.0
4783,ATOM,4783,C,GLY,B,268,1.0,10.95,,1.8,0.0
4784,ATOM,4784,O,GLY,B,268,1.0,9.33,,1.8,0.0
4785,ATOM,4785,N,VAL,B,269,1.0,10.77,,1.8,0.0
4786,ATOM,4786,CA,VAL,B,269,1.0,10.81,,1.8,0.0
4787,ATOM,4787,C,VAL,B,269,1.0,11.19,,1.8,0.0
4788,ATOM,4788,O,VAL,B,269,1.0,10.35,,1.8,0.0
4789,ATOM,4789,CB,VAL,B,269,1.0,12.0,,1.8,0.0
4790,ATOM,4790,CG1,VAL,B,269,1.0,12.1,,1.8,0.0
4791,ATOM,4791,CG2,VAL,B,269,1.0,11.68,,1.8,0.0
4792,ATOM,4792,N,VAL,B,270,1.0,9.61,,1.8,0.0
4793,ATOM,4793,CA,VAL,B,270,1.0,10.12,,1.8,0.0
4794,ATOM,4794,C,VAL,B,270,1.0,9.93,,1.8,0.0
4795,ATOM,4795,O,VAL,B,270,1.0,10.51,,1.8,0.0
4796,ATOM,4796,CB,VAL,B,270,1.0,9.79,,1.8,0.0
4797,ATOM,4797,CG1,VAL,B,270,1.0,9.86,,1.8,0.0
4798,ATOM,4798,CG2,VAL,B,270,1.0,10.47,,1.8,0.0
4799,ATOM,4799,N,ALA,B,271,1.0,9.78,,1.8,0.0
4800,ATOM,4800,CA,ALA,B,271,1.0,9.48,,1.8,0.0
4801,ATOM,4801,C,ALA,B,271,1.0,10.47,,1.8,0.0
4802,ATOM,4802,O,ALA,B,271,1.0,8.52,,1.8,0.0
4803,ATOM,4803,CB,ALA,B,271,1.0,9.2,,1.8,0.0
4804,ATOM,4804,N,MET,B,272,1.0,10.45,,1.8,0.0
4805,ATOM,4805,CA,MET,B,272,1.0,10.11,,1.8,0.0
4806,ATOM,4806,C,MET,B,272,1.0,10.05,,1.8,0.0
4807,ATOM,4807,O,MET,B,272,1.0,9.29,,1.8,0.0
4808,ATOM,4808,CB,MET,B,272,1.0,10.37,,1.8,0.0
4809,ATOM,4809,CG,MET,B,272,1.0,11.18,,1.8,0.0
4810,ATOM,4810,SD,MET,B,272,1.0,12.16,,1.8,0.0
4811,ATOM,4811,CE,MET,B,272,1.0,10.25,,1.8,0.0
4812,ATOM,4812,N,GLY,B,273,1.0,10.4,,1.8,0.0
4813,ATOM,4813,CA,GLY,B,273,1.0,10.57,,1.8,0.0
4814,ATOM,4814,C,GLY,B,273,1.0,9.98,,1.8,0.0
4815,ATOM,4815,O,GLY,B,273,1.0,9.82,,1.8,0.0
4816,ATOM,4816,N,PHE,B,274,1.0,10.31,,1.8,0.0
4817,ATOM,4817,CA,PHE,B,274,1.0,9.51,,1.8,0.0
4818,ATOM,4818,C,PHE,B,274,1.0,10.12,,1.8,0.0
4819,ATOM,4819,O,PHE,B,274,1.0,10.74,,1.8,0.0
4820,ATOM,4820,CB,PHE,B,274,1.0,9.23,,1.8,0.0
4821,ATOM,4821,CG,PHE,B,274,1.0,9.7,,1.8,0.0
4822,ATOM,4822,CD1,PHE,B,274,1.0,9.57,,1.8,0.0
4823,ATOM,4823,CD2,PHE,B,274,1.0,9.28,,1.8,0.0
4824,ATOM,4824,CE1,PHE,B,274,1.0,10.09,,1.8,0.0
4825,ATOM,4825,CE2,PHE,B,274,1.0,9.44,,1.8,0.0
4826,ATOM,4826,CZ,PHE,B,274,1.0,9.99,,1.8,0.0
4827,ATOM,4827,N,GLY,B,275,1.0,10.27,,1.8,0.0
4828,ATOM,4828,CA,GLY,B,275,1.0,10.77,,1.8,0.0
4829,ATOM,4829,C,GLY,B,275,1.0,11.17,,1.8,0.0
4830,ATOM,4830,O,GLY,B,275,1.0,10.91,,1.8,0.0
4831,ATOM,4831,N,ASP,B,276,1.0,10.25,,1.8,0.0
4832,ATOM,4832,CA,ASP,B,276,1.0,10.29,,1.8,0.0
4833,ATOM,4833,C,ASP,B,276,1.0,9.83,,1.8,0.0
4834,ATOM,4834,O,ASP,B,276,1.0,9.13,,1.8,0.0
4835,ATOM,4835,CB,ASP,B,276,1.0,9.77,,1.8,0.0
4836,ATOM,4836,CG,ASP,B,276,1.0,9.86,,1.8,0.0
4837,ATOM,4837,OD1,ASP,B,276,1.0,9.79,,1.8,0.0
4838,ATOM,4838,OD2,ASP,B,276,1.0,8.32,,1.8,0.0
4839,ATOM,4839,N,GLY,B,277,1.0,10.35,,1.8,0.0
4840,ATOM,4840,CA,GLY,B,277,1.0,11.18,,1.8,0.0
4841,ATOM,4841,C,GLY,B,277,1.0,11.3,,1.8,0.0
4842,ATOM,4842,O,GLY,B,277,1.0,11.04,,1.8,0.0
4843,ATOM,4843,N,TYR,B,278,1.0,11.56,,1.8,0.0
4844,ATOM,4844,CA,TYR,B,278,1.0,11.44,,1.8,0.0
4845,ATOM,4845,C,TYR,B,278,1.0,12.54,,1.8,0.0
4846,ATOM,4846,O,TYR,B,278,1.0,12.71,,1.8,0.0
4847,ATOM,4847,CB,TYR,B,278,1.0,11.33,,1.8,0.0
4848,ATOM,4848,CG,TYR,B,278,1.0,11.92,,1.8,0.0
4849,ATOM,4849,CD1,TYR,B,278,1.0,11.94,,1.8,0.0
4850,ATOM,4850,CD2,TYR,B,278,1.0,13.16,,1.8,0.0
4851,ATOM,4851,CE1,TYR,B,278,1.0,10.93,,1.8,0.0
4852,ATOM,4852,CE2,TYR,B,278,1.0,12.46,,1.8,0.0
4853,ATOM,4853,CZ,TYR,B,278,1.0,11.9,,1.8,0.0
4854,ATOM,4854,OH,TYR,B,278,1.0,11.69,,1.8,0.0
4855,ATOM,4855,N,PRO,B,279,1.0,13.13,,1.8,0.0
4856,ATOM,4856,CA,PRO,B,279,1.0,12.56,,1.8,0.0
4857,ATOM,4857,C,PRO,B,279,1.0,13.91,,1.8,0.0
4858,ATOM,4858,O,PRO,B,279,1.0,14.05,,1.8,0.0
4859,ATOM,4859,CB,PRO,B,279,1.0,12.96,,1.8,0.0
4860,ATOM,4860,CG,PRO,B,279,1.0,13.64,,1.8,0.0
4861,ATOM,4861,CD,PRO,B,279,1.0,12.98,,1.8,0.0
4862,ATOM,4862,N,ARG,B,280,1.0,13.44,,1.8,0.0
4863,ATOM,4863,CA,ARG,B,280,1.0,14.16,,1.8,0.0
4864,ATOM,4864,C,ARG,B,280,1.0,13.95,,1.8,0.0
4865,ATOM,4865,O,ARG,B,280,1.0,14.6,,1.8,0.0
4866,ATOM,4866,CB,ARG,B,280,1.0,13.78,,1.8,0.0
4867,ATOM,4867,CG,ARG,B,280,1.0,14.68,,1.8,0.0
4868,ATOM,4868,CD,ARG,B,280,1.0,14.3,,1.8,0.0
4869,ATOM,4869,NE,ARG,B,280,1.0,14.22,,1.8,0.0
4870,ATOM,4870,CZ,ARG,B,280,1.0,16.98,,1.8,0.0
4871,ATOM,4871,NH1,ARG,B,280,1.0,16.09,,1.8,0.0
4872,ATOM,4872,NH2,ARG,B,280,1.0,17.61,,1.8,0.0
4873,ATOM,4873,N,ALA,B,281,1.0,13.46,,1.8,0.0
4874,ATOM,4874,CA,ALA,B,281,1.0,16.75,,1.8,0.0
4875,ATOM,4875,C,ALA,B,281,1.0,17.62,,1.8,0.0
4876,ATOM,4876,O,ALA,B,281,1.0,17.48,,1.8,0.0
4877,ATOM,4877,CB,ALA,B,281,1.0,18.2,,1.8,0.0
4878,ATOM,4878,N,ALA,B,282,1.0,17.31,,1.8,0.0
4879,ATOM,4879,CA,ALA,B,282,1.0,18.73,,1.8,0.0
4880,ATOM,4880,C,ALA,B,282,1.0,15.41,,1.8,0.0
4881,ATOM,4881,O,ALA,B,282,1.0,16.56,,1.8,0.0
4882,ATOM,4882,CB,ALA,B,282,1.0,18.33,,1.8,0.0
4883,ATOM,4883,N,PRO,B,283,1.0,16.15,,1.8,0.0
4884,ATOM,4884,CA,PRO,B,283,1.0,16.19,,1.8,0.0
4885,ATOM,4885,C,PRO,B,283,1.0,16.22,,1.8,0.0
4886,ATOM,4886,O,PRO,B,283,1.0,14.98,,1.8,0.0
4887,ATOM,4887,CB,PRO,B,283,1.0,16.05,,1.8,0.0
4888,ATOM,4888,CG,PRO,B,283,1.0,17.02,,1.8,0.0
4889,ATOM,4889,CD,PRO,B,283,1.0,16.75,,1.8,0.0
4890,ATOM,4890,N,SER,B,284,1.0,15.29,,1.8,0.0
4891,ATOM,4891,CA,SER,B,284,1.0,15.07,,1.8,0.0
4892,ATOM,4892,C,SER,B,284,1.0,14.3,,1.8,0.0
4893,ATOM,4893,O,SER,B,284,1.0,13.71,,1.8,0.0
4894,ATOM,4894,CB,SER,B,284,1.0,15.24,,1.8,0.0
4895,ATOM,4895,OG,SER,B,284,1.0,15.16,,1.8,0.0
4896,ATOM,4896,N,GLY,B,285,1.0,14.11,,1.8,0.0
4897,ATOM,4897,CA,GLY,B,285,1.0,15.87,,1.8,0.0
4898,ATOM,4898,C,GLY,B,285,1.0,16.93,,1.8,0.0
4899,ATOM,4899,O,GLY,B,285,1.0,16.86,,1.8,0.0
4900,ATOM,4900,N,THR,B,286,1.0,16.72,,1.8,0.0
4901,ATOM,4901,CA,THR,B,286,1.0,15.3,,1.8,0.0
4902,ATOM,4902,C,THR,B,286,1.0,15.43,,1.8,0.0
4903,ATOM,4903,O,THR,B,286,1.0,15.97,,1.8,0.0
4904,ATOM,4904,CB,THR,B,286,1.0,16.19,,1.8,0.0
4905,ATOM,4905,OG1,THR,B,286,1.0,14.23,,1.8,0.0
4906,ATOM,4906,CG2,THR,B,286,1.0,15.95,,1.8,0.0
4907,ATOM,4907,N,PRO,B,287,1.0,14.35,,1.8,0.0
4908,ATOM,4908,CA,PRO,B,287,1.0,13.6,,1.8,0.0
4909,ATOM,4909,C,PRO,B,287,1.0,13.97,,1.8,0.0
4910,ATOM,4910,O,PRO,B,287,1.0,12.75,,1.8,0.0
4911,ATOM,4911,CB,PRO,B,287,1.0,14.23,,1.8,0.0
4912,ATOM,4912,CG,PRO,B,287,1.0,13.53,,1.8,0.0
4913,ATOM,4913,CD,PRO,B,287,1.0,13.7,,1.8,0.0
4914,ATOM,4914,N,VAL,B,288,1.0,13.28,,1.8,0.0
4915,ATOM,4915,CA,VAL,B,288,1.0,12.9,,1.8,0.0
4916,ATOM,4916,C,VAL,B,288,1.0,12.31,,1.8,0.0
4917,ATOM,4917,O,VAL,B,288,1.0,11.53,,1.8,0.0
4918,ATOM,4918,CB,VAL,B,288,1.0,13.65,,1.8,0.0
4919,ATOM,4919,CG1,VAL,B,288,1.0,14.1,,1.8,0.0
4920,ATOM,4920,CG2,VAL,B,288,1.0,14.13,,1.8,0.0
4921,ATOM,4921,N,LEU,B,289,1.0,10.37,,1.8,0.0
4922,ATOM,4922,CA,LEU,B,289,1.0,10.96,,1.8,0.0
4923,ATOM,4923,C,LEU,B,289,1.0,11.83,,1.8,0.0
4924,ATOM,4924,O,LEU,B,289,1.0,12.94,,1.8,0.0
4925,ATOM,4925,CB,LEU,B,289,1.0,10.58,,1.8,0.0
4926,ATOM,4926,CG,LEU,B,289,1.0,11.42,,1.8,0.0
4927,ATOM,4927,CD1,LEU,B,289,1.0,11.74,,1.8,0.0
4928,ATOM,4928,CD2,LEU,B,289,1.0,11.32,,1.8,0.0
4929,ATOM,4929,N,VAL,B,290,1.0,11.26,,1.8,0.0
4930,ATOM,4930,CA,VAL,B,290,1.0,11.48,,1.8,0.0
4931,ATOM,4931,C,VAL,B,290,1.0,11.52,,1.8,0.0
4932,ATOM,4932,O,VAL,B,290,1.0,10.91,,1.8,0.0
4933,ATOM,4933,CB,VAL,B,290,1.0,10.73,,1.8,0.0
4934,ATOM,4934,CG1,VAL,B,290,1.0,10.84,,1.8,0.0
4935,ATOM,4935,CG2,VAL,B,290,1.0,12.39,,1.8,0.0
4936,ATOM,4936,N,ASN,B,291,1.0,12.01,,1.8,0.0
4937,ATOM,4937,CA,ASN,B,291,1.0,13.18,,1.8,0.0
4938,ATOM,4938,C,ASN,B,291,1.0,14.06,,1.8,0.0
4939,ATOM,4939,O,ASN,B,291,1.0,13.88,,1.8,0.0
4940,ATOM,4940,CB,ASN,B,291,1.0,14.04,,1.8,0.0
4941,ATOM,4941,CG,ASN,B,291,1.0,14.28,,1.8,0.0
4942,ATOM,4942,OD1,ASN,B,291,1.0,14.43,,1.8,0.0
4943,ATOM,4943,ND2,ASN,B,291,1.0,13.55,,1.8,0.0
4944,ATOM,4944,N,GLY,B,292,1.0,15.41,,1.8,0.0
4945,ATOM,4945,CA,GLY,B,292,1.0,15.42,,1.8,0.0
4946,ATOM,4946,C,GLY,B,292,1.0,14.88,,1.8,0.0
4947,ATOM,4947,O,GLY,B,292,1.0,15.9,,1.8,0.0
4948,ATOM,4948,N,ARG,B,293,1.0,13.35,,1.8,0.0
4949,ATOM,4949,CA,ARG,B,293,0.5,12.01,,1.8,0.0
4950,ATOM,4950,C,ARG,B,293,1.0,12.24,,1.8,0.0
4951,ATOM,4951,O,ARG,B,293,1.0,11.98,,1.8,0.0
4952,ATOM,4952,CB,ARG,B,293,0.5,11.96,,1.8,0.0
4953,ATOM,4953,CG,ARG,B,293,0.5,10.93,,1.8,0.0
4954,ATOM,4954,CD,ARG,B,293,0.5,10.36,,1.8,0.0
4955,ATOM,4955,NE,ARG,B,293,0.5,9.94,,1.8,0.0
4956,ATOM,4956,CZ,ARG,B,293,0.5,9.77,,1.8,0.0
4957,ATOM,4957,NH1,ARG,B,293,0.5,9.85,,1.8,0.0
4958,ATOM,4958,NH2,ARG,B,293,0.5,10.06,,1.8,0.0
4959,ATOM,4959,N,GLU,B,294,1.0,12.21,,1.8,0.0
4960,ATOM,4960,CA,GLU,B,294,1.0,13.51,,1.8,0.0
4961,ATOM,4961,C,GLU,B,294,1.0,12.91,,1.8,0.0
4962,ATOM,4962,O,GLU,B,294,1.0,13.91,,1.8,0.0
4963,ATOM,4963,CB,GLU,B,294,1.0,16.02,,1.8,0.0
4964,ATOM,4964,CG,GLU,B,294,1.0,18.93,,1.8,0.0
4965,ATOM,4965,CD,GLU,B,294,1.0,22.41,,1.8,0.0
4966,ATOM,4966,OE1,GLU,B,294,1.0,21.63,,1.8,0.0
4967,ATOM,4967,OE2,GLU,B,294,1.0,22.02,,1.8,0.0
4968,ATOM,4968,N,VAL,B,295,1.0,12.09,,1.8,0.0
4969,ATOM,4969,CA,VAL,B,295,1.0,12.04,,1.8,0.0
4970,ATOM,4970,C,VAL,B,295,1.0,12.67,,1.8,0.0
4971,ATOM,4971,O,VAL,B,295,1.0,12.44,,1.8,0.0
4972,ATOM,4972,CB,VAL,B,295,1.0,11.55,,1.8,0.0
4973,ATOM,4973,CG1,VAL,B,295,1.0,11.84,,1.8,0.0
4974,ATOM,4974,CG2,VAL,B,295,1.0,11.21,,1.8,0.0
4975,ATOM,4975,N,PRO,B,296,1.0,12.48,,1.8,0.0
4976,ATOM,4976,CA,PRO,B,296,1.0,12.3,,1.8,0.0
4977,ATOM,4977,C,PRO,B,296,1.0,13.56,,1.8,0.0
4978,ATOM,4978,O,PRO,B,296,1.0,13.08,,1.8,0.0
4979,ATOM,4979,CB,PRO,B,296,1.0,11.53,,1.8,0.0
4980,ATOM,4980,CG,PRO,B,296,1.0,12.06,,1.8,0.0
4981,ATOM,4981,CD,PRO,B,296,1.0,13.81,,1.8,0.0
4982,ATOM,4982,N,ILE,B,297,1.0,13.96,,1.8,0.0
4983,ATOM,4983,CA,ILE,B,297,1.0,13.65,,1.8,0.0
4984,ATOM,4984,C,ILE,B,297,1.0,12.76,,1.8,0.0
4985,ATOM,4985,O,ILE,B,297,1.0,13.75,,1.8,0.0
4986,ATOM,4986,CB,ILE,B,297,1.0,13.54,,1.8,0.0
4987,ATOM,4987,CG1,ILE,B,297,1.0,13.54,,1.8,0.0
4988,ATOM,4988,CG2,ILE,B,297,1.0,14.66,,1.8,0.0
4989,ATOM,4989,CD1,ILE,B,297,1.0,14.68,,1.8,0.0
4990,ATOM,4990,N,VAL,B,298,1.0,12.72,,1.8,0.0
4991,ATOM,4991,CA,VAL,B,298,1.0,13.75,,1.8,0.0
4992,ATOM,4992,C,VAL,B,298,1.0,13.24,,1.8,0.0
4993,ATOM,4993,O,VAL,B,298,1.0,13.02,,1.8,0.0
4994,ATOM,4994,CB,VAL,B,298,1.0,12.97,,1.8,0.0
4995,ATOM,4995,CG1,VAL,B,298,1.0,13.26,,1.8,0.0
4996,ATOM,4996,CG2,VAL,B,298,1.0,14.09,,1.8,0.0
4997,ATOM,4997,N,GLY,B,299,1.0,12.49,,1.8,0.0
4998,ATOM,4998,CA,GLY,B,299,1.0,13.12,,1.8,0.0
4999,ATOM,4999,C,GLY,B,299,1.0,12.11,,1.8,0.0
5000,ATOM,5000,O,GLY,B,299,1.0,14.09,,1.8,0.0
5001,ATOM,5001,N,ARG,B,300,1.0,11.95,,1.8,0.0
5002,ATOM,5002,CA,ARG,B,300,1.0,13.3,,1.8,0.0
5003,ATOM,5003,C,ARG,B,300,1.0,12.75,,1.8,0.0
5004,ATOM,5004,O,ARG,B,300,1.0,12.36,,1.8,0.0
5005,ATOM,5005,CB,ARG,B,300,1.0,15.11,,1.8,0.0
5006,ATOM,5006,CG,ARG,B,300,1.0,15.24,,1.8,0.0
5007,ATOM,5007,CD,ARG,B,300,1.0,17.3,,1.8,0.0
5008,ATOM,5008,NE,ARG,B,300,1.0,19.18,,1.8,0.0
5009,ATOM,5009,CZ,ARG,B,300,1.0,17.9,,1.8,0.0
5010,ATOM,5010,NH1,ARG,B,300,1.0,18.98,,1.8,0.0
5011,ATOM,5011,NH2,ARG,B,300,1.0,21.24,,1.8,0.0
5012,ATOM,5012,N,VAL,B,301,1.0,12.8,,1.8,0.0
5013,ATOM,5013,CA,VAL,B,301,1.0,12.11,,1.8,0.0
5014,ATOM,5014,C,VAL,B,301,1.0,12.25,,1.8,0.0
5015,ATOM,5015,O,VAL,B,301,1.0,11.31,,1.8,0.0
5016,ATOM,5016,CB,VAL,B,301,1.0,12.59,,1.8,0.0
5017,ATOM,5017,CG1,VAL,B,301,1.0,12.76,,1.8,0.0
5018,ATOM,5018,CG2,VAL,B,301,1.0,13.04,,1.8,0.0
5019,ATOM,5019,N,ALA,B,302,1.0,10.59,,1.8,0.0
5020,ATOM,5020,CA,ALA,B,302,1.0,10.94,,1.8,0.0
5021,ATOM,5021,C,ALA,B,302,1.0,9.61,,1.8,0.0
5022,ATOM,5022,O,ALA,B,302,1.0,10.95,,1.8,0.0
5023,ATOM,5023,CB,ALA,B,302,1.0,10.62,,1.8,0.0
5024,ATOM,5024,N,MET,B,303,1.0,9.43,,1.8,0.0
5025,ATOM,5025,CA,MET,B,303,1.0,10.07,,1.8,0.0
5026,ATOM,5026,C,MET,B,303,1.0,9.15,,1.8,0.0
5027,ATOM,5027,O,MET,B,303,1.0,9.19,,1.8,0.0
5028,ATOM,5028,CB,MET,B,303,1.0,10.83,,1.8,0.0
5029,ATOM,5029,CG,MET,B,303,1.0,10.93,,1.8,0.0
5030,ATOM,5030,SD,MET,B,303,1.0,12.44,,1.8,0.0
5031,ATOM,5031,CE,MET,B,303,1.0,11.01,,1.8,0.0
5032,ATOM,5032,N,ASP,B,304,1.0,8.94,,1.8,0.0
5033,ATOM,5033,CA,ASP,B,304,1.0,8.56,,1.8,0.0
5034,ATOM,5034,C,ASP,B,304,1.0,9.55,,1.8,0.0
5035,ATOM,5035,O,ASP,B,304,1.0,10.56,,1.8,0.0
5036,ATOM,5036,CB,ASP,B,304,1.0,8.09,,1.8,0.0
5037,ATOM,5037,CG,ASP,B,304,1.0,8.22,,1.8,0.0
5038,ATOM,5038,OD1,ASP,B,304,1.0,8.15,,1.8,0.0
5039,ATOM,5039,OD2,ASP,B,304,1.0,8.1,,1.8,0.0
5040,ATOM,5040,N,MET,B,305,1.0,10.02,,1.8,0.0
5041,ATOM,5041,CA,MET,B,305,1.0,9.87,,1.8,0.0
5042,ATOM,5042,C,MET,B,305,1.0,10.48,,1.8,0.0
5043,ATOM,5043,O,MET,B,305,1.0,10.56,,1.8,0.0
5044,ATOM,5044,CB,MET,B,305,1.0,10.75,,1.8,0.0
5045,ATOM,5045,CG,MET,B,305,1.0,10.49,,1.8,0.0
5046,ATOM,5046,SD,MET,B,305,1.0,11.99,,1.8,0.0
5047,ATOM,5047,CE,MET,B,305,1.0,10.75,,1.8,0.0
5048,ATOM,5048,N,ILE,B,306,1.0,10.49,,1.8,0.0
5049,ATOM,5049,CA,ILE,B,306,1.0,9.97,,1.8,0.0
5050,ATOM,5050,C,ILE,B,306,1.0,9.91,,1.8,0.0
5051,ATOM,5051,O,ILE,B,306,1.0,10.78,,1.8,0.0
5052,ATOM,5052,CB,ILE,B,306,1.0,10.06,,1.8,0.0
5053,ATOM,5053,CG1,ILE,B,306,1.0,10.21,,1.8,0.0
5054,ATOM,5054,CG2,ILE,B,306,1.0,9.69,,1.8,0.0
5055,ATOM,5055,CD1,ILE,B,306,1.0,10.56,,1.8,0.0
5056,ATOM,5056,N,CYS,B,307,1.0,10.34,,1.8,0.0
5057,ATOM,5057,CA,CYS,B,307,1.0,10.05,,1.8,0.0
5058,ATOM,5058,C,CYS,B,307,1.0,10.46,,1.8,0.0
5059,ATOM,5059,O,CYS,B,307,1.0,10.07,,1.8,0.0
5060,ATOM,5060,CB,CYS,B,307,1.0,10.32,,1.8,0.0
5061,ATOM,5061,SG,CYS,B,307,1.0,11.23,,1.8,0.0
5062,ATOM,5062,N,VAL,B,308,1.0,10.51,,1.8,0.0
5063,ATOM,5063,CA,VAL,B,308,1.0,10.7,,1.8,0.0
5064,ATOM,5064,C,VAL,B,308,1.0,11.45,,1.8,0.0
5065,ATOM,5065,O,VAL,B,308,1.0,10.43,,1.8,0.0
5066,ATOM,5066,CB,VAL,B,308,1.0,9.8,,1.8,0.0
5067,ATOM,5067,CG1,VAL,B,308,1.0,9.85,,1.8,0.0
5068,ATOM,5068,CG2,VAL,B,308,1.0,9.77,,1.8,0.0
5069,ATOM,5069,N,ASP,B,309,1.0,12.51,,1.8,0.0
5070,ATOM,5070,CA,ASP,B,309,1.0,14.17,,1.8,0.0
5071,ATOM,5071,C,ASP,B,309,1.0,12.89,,1.8,0.0
5072,ATOM,5072,O,ASP,B,309,1.0,12.33,,1.8,0.0
5073,ATOM,5073,CB,ASP,B,309,1.0,15.02,,1.8,0.0
5074,ATOM,5074,CG,ASP,B,309,1.0,13.64,,1.8,0.0
5075,ATOM,5075,OD1,ASP,B,309,1.0,14.9,,1.8,0.0
5076,ATOM,5076,OD2,ASP,B,309,1.0,15.04,,1.8,0.0
5077,ATOM,5077,N,LEU,B,310,1.0,13.53,,1.8,0.0
5078,ATOM,5078,CA,LEU,B,310,1.0,11.6,,1.8,0.0
5079,ATOM,5079,C,LEU,B,310,1.0,11.84,,1.8,0.0
5080,ATOM,5080,O,LEU,B,310,1.0,14.21,,1.8,0.0
5081,ATOM,5081,CB,LEU,B,310,1.0,11.23,,1.8,0.0
5082,ATOM,5082,CG,LEU,B,310,1.0,11.18,,1.8,0.0
5083,ATOM,5083,CD1,LEU,B,310,1.0,12.19,,1.8,0.0
5084,ATOM,5084,CD2,LEU,B,310,1.0,11.08,,1.8,0.0
5085,ATOM,5085,N,GLY,B,311,1.0,12.28,,1.8,0.0
5086,ATOM,5086,CA,GLY,B,311,1.0,12.6,,1.8,0.0
5087,ATOM,5087,C,GLY,B,311,1.0,13.51,,1.8,0.0
5088,ATOM,5088,O,GLY,B,311,1.0,13.66,,1.8,0.0
5089,ATOM,5089,N,PRO,B,312,1.0,13.57,,1.8,0.0
5090,ATOM,5090,CA,PRO,B,312,1.0,12.87,,1.8,0.0
5091,ATOM,5091,C,PRO,B,312,1.0,13.57,,1.8,0.0
5092,ATOM,5092,O,PRO,B,312,1.0,14.6,,1.8,0.0
5093,ATOM,5093,CB,PRO,B,312,1.0,12.91,,1.8,0.0
5094,ATOM,5094,CG,PRO,B,312,1.0,12.41,,1.8,0.0
5095,ATOM,5095,CD,PRO,B,312,1.0,13.43,,1.8,0.0
5096,ATOM,5096,N,GLN,B,313,1.0,12.64,,1.8,0.0
5097,ATOM,5097,CA,GLN,B,313,1.0,13.06,,1.8,0.0
5098,ATOM,5098,C,GLN,B,313,1.0,13.39,,1.8,0.0
5099,ATOM,5099,O,GLN,B,313,1.0,12.48,,1.8,0.0
5100,ATOM,5100,CB,GLN,B,313,1.0,13.84,,1.8,0.0
5101,ATOM,5101,CG,GLN,B,313,1.0,12.76,,1.8,0.0
5102,ATOM,5102,CD,GLN,B,313,1.0,14.98,,1.8,0.0
5103,ATOM,5103,OE1,GLN,B,313,1.0,16.8,,1.8,0.0
5104,ATOM,5104,NE2,GLN,B,313,1.0,13.3,,1.8,0.0
5105,ATOM,5105,N,ALA,B,314,1.0,13.19,,1.8,0.0
5106,ATOM,5106,CA,ALA,B,314,1.0,14.18,,1.8,0.0
5107,ATOM,5107,C,ALA,B,314,1.0,12.86,,1.8,0.0
5108,ATOM,5108,O,ALA,B,314,1.0,14.76,,1.8,0.0
5109,ATOM,5109,CB,ALA,B,314,1.0,13.56,,1.8,0.0
5110,ATOM,5110,N,GLN,B,315,1.0,14.05,,1.8,0.0
5111,ATOM,5111,CA,GLN,B,315,1.0,15.48,,1.8,0.0
5112,ATOM,5112,C,GLN,B,315,1.0,15.18,,1.8,0.0
5113,ATOM,5113,O,GLN,B,315,1.0,15.26,,1.8,0.0
5114,ATOM,5114,CB,GLN,B,315,1.0,17.17,,1.8,0.0
5115,ATOM,5115,CG,GLN,B,315,1.0,18.81,,1.8,0.0
5116,ATOM,5116,CD,GLN,B,315,1.0,18.63,,1.8,0.0
5117,ATOM,5117,OE1,GLN,B,315,1.0,17.18,,1.8,0.0
5118,ATOM,5118,NE2,GLN,B,315,1.0,16.99,,1.8,0.0
5119,ATOM,5119,N,ASP,B,316,1.0,15.08,,1.8,0.0
5120,ATOM,5120,CA,ASP,B,316,1.0,15.04,,1.8,0.0
5121,ATOM,5121,C,ASP,B,316,1.0,15.46,,1.8,0.0
5122,ATOM,5122,O,ASP,B,316,1.0,17.23,,1.8,0.0
5123,ATOM,5123,CB,ASP,B,316,1.0,16.35,,1.8,0.0
5124,ATOM,5124,CG,ASP,B,316,1.0,15.43,,1.8,0.0
5125,ATOM,5125,OD1,ASP,B,316,1.0,15.54,,1.8,0.0
5126,ATOM,5126,OD2,ASP,B,316,1.0,13.77,,1.8,0.0
5127,ATOM,5127,N,LYS,B,317,1.0,14.2,,1.8,0.0
5128,ATOM,5128,CA,LYS,B,317,1.0,15.11,,1.8,0.0
5129,ATOM,5129,C,LYS,B,317,1.0,14.88,,1.8,0.0
5130,ATOM,5130,O,LYS,B,317,1.0,10.53,,1.8,0.0
5131,ATOM,5131,CB,LYS,B,317,1.0,18.1,,1.8,0.0
5132,ATOM,5132,CG,LYS,B,317,1.0,18.22,,1.8,0.0
5133,ATOM,5133,CD,LYS,B,317,1.0,18.92,,1.8,0.0
5134,ATOM,5134,CE,LYS,B,317,1.0,20.64,,1.8,0.0
5135,ATOM,5135,NZ,LYS,B,317,1.0,21.46,,1.8,0.0
5136,ATOM,5136,N,ALA,B,318,1.0,15.74,,1.8,0.0
5137,ATOM,5137,CA,ALA,B,318,1.0,14.9,,1.8,0.0
5138,ATOM,5138,C,ALA,B,318,1.0,15.59,,1.8,0.0
5139,ATOM,5139,O,ALA,B,318,1.0,16.9,,1.8,0.0
5140,ATOM,5140,CB,ALA,B,318,1.0,14.87,,1.8,0.0
5141,ATOM,5141,N,GLY,B,319,1.0,14.79,,1.8,0.0
5142,ATOM,5142,CA,GLY,B,319,1.0,13.12,,1.8,0.0
5143,ATOM,5143,C,GLY,B,319,1.0,13.23,,1.8,0.0
5144,ATOM,5144,O,GLY,B,319,1.0,13.25,,1.8,0.0
5145,ATOM,5145,N,ASP,B,320,1.0,12.58,,1.8,0.0
5146,ATOM,5146,CA,ASP,B,320,1.0,12.35,,1.8,0.0
5147,ATOM,5147,C,ASP,B,320,1.0,11.98,,1.8,0.0
5148,ATOM,5148,O,ASP,B,320,1.0,11.29,,1.8,0.0
5149,ATOM,5149,CB,ASP,B,320,1.0,12.34,,1.8,0.0
5150,ATOM,5150,CG,ASP,B,320,1.0,12.37,,1.8,0.0
5151,ATOM,5151,OD1,ASP,B,320,1.0,12.92,,1.8,0.0
5152,ATOM,5152,OD2,ASP,B,320,1.0,10.08,,1.8,0.0
5153,ATOM,5153,N,PRO,B,321,1.0,11.98,,1.8,0.0
5154,ATOM,5154,CA,PRO,B,321,1.0,11.17,,1.8,0.0
5155,ATOM,5155,C,PRO,B,321,1.0,11.78,,1.8,0.0
5156,ATOM,5156,O,PRO,B,321,1.0,10.89,,1.8,0.0
5157,ATOM,5157,CB,PRO,B,321,1.0,12.36,,1.8,0.0
5158,ATOM,5158,CG,PRO,B,321,1.0,12.42,,1.8,0.0
5159,ATOM,5159,CD,PRO,B,321,1.0,12.14,,1.8,0.0
5160,ATOM,5160,N,VAL,B,322,1.0,10.28,,1.8,0.0
5161,ATOM,5161,CA,VAL,B,322,1.0,10.6,,1.8,0.0
5162,ATOM,5162,C,VAL,B,322,1.0,9.51,,1.8,0.0
5163,ATOM,5163,O,VAL,B,322,1.0,10.04,,1.8,0.0
5164,ATOM,5164,CB,VAL,B,322,1.0,10.82,,1.8,0.0
5165,ATOM,5165,CG1,VAL,B,322,1.0,9.94,,1.8,0.0
5166,ATOM,5166,CG2,VAL,B,322,1.0,11.28,,1.8,0.0
5167,ATOM,5167,N,ILE,B,323,1.0,9.91,,1.8,0.0
5168,ATOM,5168,CA,ILE,B,323,1.0,10.1,,1.8,0.0
5169,ATOM,5169,C,ILE,B,323,1.0,10.02,,1.8,0.0
5170,ATOM,5170,O,ILE,B,323,1.0,10.24,,1.8,0.0
5171,ATOM,5171,CB,ILE,B,323,1.0,10.33,,1.8,0.0
5172,ATOM,5172,CG1,ILE,B,323,1.0,11.3,,1.8,0.0
5173,ATOM,5173,CG2,ILE,B,323,1.0,9.99,,1.8,0.0
5174,ATOM,5174,CD1,ILE,B,323,1.0,10.06,,1.8,0.0
5175,ATOM,5175,N,LEU,B,324,1.0,10.32,,1.8,0.0
5176,ATOM,5176,CA,LEU,B,324,1.0,9.47,,1.8,0.0
5177,ATOM,5177,C,LEU,B,324,1.0,9.65,,1.8,0.0
5178,ATOM,5178,O,LEU,B,324,1.0,10.23,,1.8,0.0
5179,ATOM,5179,CB,LEU,B,324,1.0,9.39,,1.8,0.0
5180,ATOM,5180,CG,LEU,B,324,1.0,9.42,,1.8,0.0
5181,ATOM,5181,CD1,LEU,B,324,1.0,9.37,,1.8,0.0
5182,ATOM,5182,CD2,LEU,B,324,1.0,9.31,,1.8,0.0
5183,ATOM,5183,N,TRP,B,325,1.0,9.59,,1.8,0.0
5184,ATOM,5184,CA,TRP,B,325,1.0,10.91,,1.8,0.0
5185,ATOM,5185,C,TRP,B,325,1.0,13.04,,1.8,0.0
5186,ATOM,5186,O,TRP,B,325,1.0,12.81,,1.8,0.0
5187,ATOM,5187,CB,TRP,B,325,1.0,10.63,,1.8,0.0
5188,ATOM,5188,CG,TRP,B,325,1.0,10.09,,1.8,0.0
5189,ATOM,5189,CD1,TRP,B,325,1.0,8.84,,1.8,0.0
5190,ATOM,5190,CD2,TRP,B,325,1.0,9.21,,1.8,0.0
5191,ATOM,5191,NE1,TRP,B,325,1.0,8.33,,1.8,0.0
5192,ATOM,5192,CE2,TRP,B,325,1.0,9.0,,1.8,0.0
5193,ATOM,5193,CE3,TRP,B,325,1.0,8.78,,1.8,0.0
5194,ATOM,5194,CZ2,TRP,B,325,1.0,8.56,,1.8,0.0
5195,ATOM,5195,CZ3,TRP,B,325,1.0,8.31,,1.8,0.0
5196,ATOM,5196,CH2,TRP,B,325,1.0,8.57,,1.8,0.0
5197,ATOM,5197,N,GLY,B,326,1.0,16.15,,1.8,0.0
5198,ATOM,5198,CA,GLY,B,326,1.0,17.31,,1.8,0.0
5199,ATOM,5199,C,GLY,B,326,1.0,20.04,,1.8,0.0
5200,ATOM,5200,O,GLY,B,326,1.0,19.16,,1.8,0.0
5201,ATOM,5201,N,GLU,B,327,1.0,18.96,,1.8,0.0
5202,ATOM,5202,CA,GLU,B,327,1.0,18.77,,1.8,0.0
5203,ATOM,5203,C,GLU,B,327,1.0,15.96,,1.8,0.0
5204,ATOM,5204,O,GLU,B,327,1.0,19.89,,1.8,0.0
5205,ATOM,5205,CB,GLU,B,327,1.0,18.77,,1.8,0.0
5206,ATOM,5206,CG,GLU,B,327,1.0,19.86,,1.8,0.0
5207,ATOM,5207,CD,GLU,B,327,1.0,24.51,,1.8,0.0
5208,ATOM,5208,OE1,GLU,B,327,1.0,27.94,,1.8,0.0
5209,ATOM,5209,OE2,GLU,B,327,1.0,24.95,,1.8,0.0
5210,ATOM,5210,N,GLY,B,328,1.0,16.42,,1.8,0.0
5211,ATOM,5211,CA,GLY,B,328,1.0,14.09,,1.8,0.0
5212,ATOM,5212,C,GLY,B,328,1.0,12.36,,1.8,0.0
5213,ATOM,5213,O,GLY,B,328,1.0,11.55,,1.8,0.0
5214,ATOM,5214,N,LEU,B,329,1.0,13.23,,1.8,0.0
5215,ATOM,5215,CA,LEU,B,329,1.0,13.06,,1.8,0.0
5216,ATOM,5216,C,LEU,B,329,1.0,13.97,,1.8,0.0
5217,ATOM,5217,O,LEU,B,329,1.0,15.21,,1.8,0.0
5218,ATOM,5218,CB,LEU,B,329,1.0,12.84,,1.8,0.0
5219,ATOM,5219,CG,LEU,B,329,1.0,12.79,,1.8,0.0
5220,ATOM,5220,CD1,LEU,B,329,1.0,15.09,,1.8,0.0
5221,ATOM,5221,CD2,LEU,B,329,1.0,14.31,,1.8,0.0
5222,ATOM,5222,N,PRO,B,330,1.0,14.02,,1.8,0.0
5223,ATOM,5223,CA,PRO,B,330,1.0,13.83,,1.8,0.0
5224,ATOM,5224,C,PRO,B,330,1.0,13.38,,1.8,0.0
5225,ATOM,5225,O,PRO,B,330,1.0,12.35,,1.8,0.0
5226,ATOM,5226,CB,PRO,B,330,1.0,14.85,,1.8,0.0
5227,ATOM,5227,CG,PRO,B,330,1.0,15.45,,1.8,0.0
5228,ATOM,5228,CD,PRO,B,330,1.0,15.0,,1.8,0.0
5229,ATOM,5229,N,VAL,B,331,1.0,12.23,,1.8,0.0
5230,ATOM,5230,CA,VAL,B,331,1.0,11.66,,1.8,0.0
5231,ATOM,5231,C,VAL,B,331,1.0,10.95,,1.8,0.0
5232,ATOM,5232,O,VAL,B,331,1.0,10.5,,1.8,0.0
5233,ATOM,5233,CB,VAL,B,331,1.0,11.92,,1.8,0.0
5234,ATOM,5234,CG1,VAL,B,331,1.0,12.98,,1.8,0.0
5235,ATOM,5235,CG2,VAL,B,331,1.0,11.8,,1.8,0.0
5236,ATOM,5236,N,GLU,B,332,1.0,13.27,,1.8,0.0
5237,ATOM,5237,CA,GLU,B,332,1.0,13.42,,1.8,0.0
5238,ATOM,5238,C,GLU,B,332,1.0,15.45,,1.8,0.0
5239,ATOM,5239,O,GLU,B,332,1.0,13.33,,1.8,0.0
5240,ATOM,5240,CB,GLU,B,332,1.0,13.54,,1.8,0.0
5241,ATOM,5241,CG,GLU,B,332,1.0,12.54,,1.8,0.0
5242,ATOM,5242,CD,GLU,B,332,1.0,13.51,,1.8,0.0
5243,ATOM,5243,OE1,GLU,B,332,1.0,13.1,,1.8,0.0
5244,ATOM,5244,OE2,GLU,B,332,1.0,12.96,,1.8,0.0
5245,ATOM,5245,N,ARG,B,333,1.0,19.01,,1.8,0.0
5246,ATOM,5246,CA,ARG,B,333,1.0,19.99,,1.8,0.0
5247,ATOM,5247,C,ARG,B,333,1.0,18.11,,1.8,0.0
5248,ATOM,5248,O,ARG,B,333,1.0,16.93,,1.8,0.0
5249,ATOM,5249,CB,ARG,B,333,1.0,24.57,,1.8,0.0
5250,ATOM,5250,CG,ARG,B,333,1.0,30.83,,1.8,0.0
5251,ATOM,5251,CD,ARG,B,333,1.0,38.39,,1.8,0.0
5252,ATOM,5252,NE,ARG,B,333,1.0,42.42,,1.8,0.0
5253,ATOM,5253,CZ,ARG,B,333,1.0,49.36,,1.8,0.0
5254,ATOM,5254,NH1,ARG,B,333,1.0,43.47,,1.8,0.0
5255,ATOM,5255,NH2,ARG,B,333,1.0,47.56,,1.8,0.0
5256,ATOM,5256,N,ILE,B,334,1.0,16.25,,1.8,0.0
5257,ATOM,5257,CA,ILE,B,334,1.0,14.63,,1.8,0.0
5258,ATOM,5258,C,ILE,B,334,1.0,15.19,,1.8,0.0
5259,ATOM,5259,O,ILE,B,334,1.0,13.02,,1.8,0.0
5260,ATOM,5260,CB,ILE,B,334,1.0,15.81,,1.8,0.0
5261,ATOM,5261,CG1,ILE,B,334,1.0,15.49,,1.8,0.0
5262,ATOM,5262,CG2,ILE,B,334,1.0,15.56,,1.8,0.0
5263,ATOM,5263,CD1,ILE,B,334,1.0,15.98,,1.8,0.0
5264,ATOM,5264,N,ALA,B,335,1.0,15.78,,1.8,0.0
5265,ATOM,5265,CA,ALA,B,335,1.0,16.41,,1.8,0.0
5266,ATOM,5266,C,ALA,B,335,1.0,17.22,,1.8,0.0
5267,ATOM,5267,O,ALA,B,335,1.0,17.94,,1.8,0.0
5268,ATOM,5268,CB,ALA,B,335,1.0,15.19,,1.8,0.0
5269,ATOM,5269,N,GLU,B,336,1.0,21.0,,1.8,0.0
5270,ATOM,5270,CA,GLU,B,336,1.0,23.06,,1.8,0.0
5271,ATOM,5271,C,GLU,B,336,1.0,24.05,,1.8,0.0
5272,ATOM,5272,O,GLU,B,336,1.0,22.29,,1.8,0.0
5273,ATOM,5273,CB,GLU,B,336,1.0,24.18,,1.8,0.0
5274,ATOM,5274,CG,GLU,B,336,1.0,28.04,,1.8,0.0
5275,ATOM,5275,CD,GLU,B,336,1.0,28.54,,1.8,0.0
5276,ATOM,5276,OE1,GLU,B,336,1.0,30.65,,1.8,0.0
5277,ATOM,5277,OE2,GLU,B,336,1.0,36.72,,1.8,0.0
5278,ATOM,5278,N,MET,B,337,1.0,23.23,,1.8,0.0
5279,ATOM,5279,CA,MET,B,337,1.0,23.2,,1.8,0.0
5280,ATOM,5280,C,MET,B,337,1.0,20.07,,1.8,0.0
5281,ATOM,5281,O,MET,B,337,1.0,23.57,,1.8,0.0
5282,ATOM,5282,CB,MET,B,337,1.0,25.15,,1.8,0.0
5283,ATOM,5283,CG,MET,B,337,1.0,30.38,,1.8,0.0
5284,ATOM,5284,SD,MET,B,337,1.0,36.6,,1.8,0.0
5285,ATOM,5285,CE,MET,B,337,1.0,35.3,,1.8,0.0
5286,ATOM,5286,N,THR,B,338,1.0,18.47,,1.8,0.0
5287,ATOM,5287,CA,THR,B,338,1.0,15.74,,1.8,0.0
5288,ATOM,5288,C,THR,B,338,1.0,15.91,,1.8,0.0
5289,ATOM,5289,O,THR,B,338,1.0,16.78,,1.8,0.0
5290,ATOM,5290,CB,THR,B,338,1.0,16.13,,1.8,0.0
5291,ATOM,5291,OG1,THR,B,338,1.0,16.67,,1.8,0.0
5292,ATOM,5292,CG2,THR,B,338,1.0,17.33,,1.8,0.0
5293,ATOM,5293,N,LYS,B,339,1.0,17.09,,1.8,0.0
5294,ATOM,5294,CA,LYS,B,339,1.0,16.6,,1.8,0.0
5295,ATOM,5295,C,LYS,B,339,1.0,17.3,,1.8,0.0
5296,ATOM,5296,O,LYS,B,339,1.0,17.58,,1.8,0.0
5297,ATOM,5297,CB,LYS,B,339,1.0,19.56,,1.8,0.0
5298,ATOM,5298,CG,LYS,B,339,1.0,21.94,,1.8,0.0
5299,ATOM,5299,CD,LYS,B,339,1.0,21.42,,1.8,0.0
5300,ATOM,5300,CE,LYS,B,339,1.0,22.12,,1.8,0.0
5301,ATOM,5301,NZ,LYS,B,339,1.0,23.16,,1.8,0.0
5302,ATOM,5302,N,VAL,B,340,1.0,17.73,,1.8,0.0
5303,ATOM,5303,CA,VAL,B,340,1.0,17.25,,1.8,0.0
5304,ATOM,5304,C,VAL,B,340,1.0,17.06,,1.8,0.0
5305,ATOM,5305,O,VAL,B,340,1.0,16.13,,1.8,0.0
5306,ATOM,5306,CB,VAL,B,340,1.0,18.59,,1.8,0.0
5307,ATOM,5307,CG1,VAL,B,340,1.0,21.02,,1.8,0.0
5308,ATOM,5308,CG2,VAL,B,340,1.0,19.99,,1.8,0.0
5309,ATOM,5309,N,SER,B,341,1.0,14.05,,1.8,0.0
5310,ATOM,5310,CA,SER,B,341,1.0,13.92,,1.8,0.0
5311,ATOM,5311,C,SER,B,341,1.0,13.15,,1.8,0.0
5312,ATOM,5312,O,SER,B,341,1.0,11.25,,1.8,0.0
5313,ATOM,5313,CB,SER,B,341,1.0,13.01,,1.8,0.0
5314,ATOM,5314,OG,SER,B,341,1.0,15.99,,1.8,0.0
5315,ATOM,5315,N,ALA,B,342,1.0,12.56,,1.8,0.0
5316,ATOM,5316,CA,ALA,B,342,1.0,11.39,,1.8,0.0
5317,ATOM,5317,C,ALA,B,342,1.0,11.66,,1.8,0.0
5318,ATOM,5318,O,ALA,B,342,1.0,10.48,,1.8,0.0
5319,ATOM,5319,CB,ALA,B,342,1.0,10.46,,1.8,0.0
5320,ATOM,5320,N,TYR,B,343,1.0,11.43,,1.8,0.0
5321,ATOM,5321,CA,TYR,B,343,1.0,12.1,,1.8,0.0
5322,ATOM,5322,C,TYR,B,343,1.0,11.13,,1.8,0.0
5323,ATOM,5323,O,TYR,B,343,1.0,12.38,,1.8,0.0
5324,ATOM,5324,CB,TYR,B,343,1.0,12.77,,1.8,0.0
5325,ATOM,5325,CG,TYR,B,343,1.0,13.21,,1.8,0.0
5326,ATOM,5326,CD1,TYR,B,343,1.0,13.15,,1.8,0.0
5327,ATOM,5327,CD2,TYR,B,343,1.0,14.52,,1.8,0.0
5328,ATOM,5328,CE1,TYR,B,343,1.0,11.86,,1.8,0.0
5329,ATOM,5329,CE2,TYR,B,343,1.0,13.58,,1.8,0.0
5330,ATOM,5330,CZ,TYR,B,343,1.0,12.96,,1.8,0.0
5331,ATOM,5331,OH,TYR,B,343,1.0,12.78,,1.8,0.0
5332,ATOM,5332,N,GLU,B,344,1.0,12.12,,1.8,0.0
5333,ATOM,5333,CA,GLU,B,344,1.0,11.53,,1.8,0.0
5334,ATOM,5334,C,GLU,B,344,1.0,12.22,,1.8,0.0
5335,ATOM,5335,O,GLU,B,344,1.0,10.57,,1.8,0.0
5336,ATOM,5336,CB,GLU,B,344,1.0,11.9,,1.8,0.0
5337,ATOM,5337,CG,GLU,B,344,1.0,12.97,,1.8,0.0
5338,ATOM,5338,CD,GLU,B,344,1.0,12.95,,1.8,0.0
5339,ATOM,5339,OE1,GLU,B,344,1.0,11.95,,1.8,0.0
5340,ATOM,5340,OE2,GLU,B,344,1.0,13.16,,1.8,0.0
5341,ATOM,5341,N,LEU,B,345,1.0,12.1,,1.8,0.0
5342,ATOM,5342,CA,LEU,B,345,1.0,12.08,,1.8,0.0
5343,ATOM,5343,C,LEU,B,345,1.0,11.4,,1.8,0.0
5344,ATOM,5344,O,LEU,B,345,1.0,10.67,,1.8,0.0
5345,ATOM,5345,CB,LEU,B,345,1.0,13.64,,1.8,0.0
5346,ATOM,5346,CG,LEU,B,345,1.0,14.36,,1.8,0.0
5347,ATOM,5347,CD1,LEU,B,345,1.0,15.66,,1.8,0.0
5348,ATOM,5348,CD2,LEU,B,345,1.0,14.9,,1.8,0.0
5349,ATOM,5349,N,ILE,B,346,1.0,10.43,,1.8,0.0
5350,ATOM,5350,CA,ILE,B,346,1.0,8.79,,1.8,0.0
5351,ATOM,5351,C,ILE,B,346,1.0,8.75,,1.8,0.0
5352,ATOM,5352,O,ILE,B,346,1.0,9.97,,1.8,0.0
5353,ATOM,5353,CB,ILE,B,346,1.0,8.26,,1.8,0.0
5354,ATOM,5354,CG1,ILE,B,346,1.0,7.85,,1.8,0.0
5355,ATOM,5355,CG2,ILE,B,346,1.0,9.32,,1.8,0.0
5356,ATOM,5356,CD1,ILE,B,346,1.0,7.59,,1.8,0.0
5357,ATOM,5357,N,THR,B,347,1.0,9.25,,1.8,0.0
5358,ATOM,5358,CA,THR,B,347,1.0,9.13,,1.8,0.0
5359,ATOM,5359,C,THR,B,347,1.0,8.9,,1.8,0.0
5360,ATOM,5360,O,THR,B,347,1.0,9.14,,1.8,0.0
5361,ATOM,5361,CB,THR,B,347,1.0,9.96,,1.8,0.0
5362,ATOM,5362,OG1,THR,B,347,1.0,10.64,,1.8,0.0
5363,ATOM,5363,CG2,THR,B,347,1.0,9.7,,1.8,0.0
5364,ATOM,5364,N,ARG,B,348,1.0,9.31,,1.8,0.0
5365,ATOM,5365,CA,ARG,B,348,1.0,10.04,,1.8,0.0
5366,ATOM,5366,C,ARG,B,348,1.0,10.14,,1.8,0.0
5367,ATOM,5367,O,ARG,B,348,1.0,9.84,,1.8,0.0
5368,ATOM,5368,CB,ARG,B,348,1.0,9.49,,1.8,0.0
5369,ATOM,5369,CG,ARG,B,348,1.0,11.13,,1.8,0.0
5370,ATOM,5370,CD,ARG,B,348,1.0,10.66,,1.8,0.0
5371,ATOM,5371,NE,ARG,B,348,1.0,11.86,,1.8,0.0
5372,ATOM,5372,CZ,ARG,B,348,1.0,11.7,,1.8,0.0
5373,ATOM,5373,NH1,ARG,B,348,1.0,13.22,,1.8,0.0
5374,ATOM,5374,NH2,ARG,B,348,1.0,10.54,,1.8,0.0
5375,ATOM,5375,N,LEU,B,349,1.0,11.17,,1.8,0.0
5376,ATOM,5376,CA,LEU,B,349,1.0,10.97,,1.8,0.0
5377,ATOM,5377,C,LEU,B,349,1.0,11.13,,1.8,0.0
5378,ATOM,5378,O,LEU,B,349,1.0,11.26,,1.8,0.0
5379,ATOM,5379,CB,LEU,B,349,1.0,10.99,,1.8,0.0
5380,ATOM,5380,CG,LEU,B,349,1.0,11.71,,1.8,0.0
5381,ATOM,5381,CD1,LEU,B,349,1.0,12.35,,1.8,0.0
5382,ATOM,5382,CD2,LEU,B,349,1.0,11.55,,1.8,0.0
5383,ATOM,5383,N,THR,B,350,1.0,10.9,,1.8,0.0
5384,ATOM,5384,CA,THR,B,350,1.0,11.19,,1.8,0.0
5385,ATOM,5385,C,THR,B,350,1.0,11.1,,1.8,0.0
5386,ATOM,5386,O,THR,B,350,1.0,10.51,,1.8,0.0
5387,ATOM,5387,CB,THR,B,350,1.0,11.89,,1.8,0.0
5388,ATOM,5388,OG1,THR,B,350,1.0,11.91,,1.8,0.0
5389,ATOM,5389,CG2,THR,B,350,1.0,12.37,,1.8,0.0
5390,ATOM,5390,N,SER,B,351,1.0,11.4,,1.8,0.0
5391,ATOM,5391,CA,SER,B,351,1.0,12.18,,1.8,0.0
5392,ATOM,5392,C,SER,B,351,1.0,12.81,,1.8,0.0
5393,ATOM,5393,O,SER,B,351,1.0,12.3,,1.8,0.0
5394,ATOM,5394,CB,SER,B,351,1.0,11.31,,1.8,0.0
5395,ATOM,5395,OG,SER,B,351,1.0,13.38,,1.8,0.0
5396,ATOM,5396,N,ARG,B,352,1.0,12.47,,1.8,0.0
5397,ATOM,5397,CA,ARG,B,352,1.0,13.13,,1.8,0.0
5398,ATOM,5398,C,ARG,B,352,1.0,13.49,,1.8,0.0
5399,ATOM,5399,O,ARG,B,352,1.0,12.81,,1.8,0.0
5400,ATOM,5400,CB,ARG,B,352,1.0,13.12,,1.8,0.0
5401,ATOM,5401,CG,ARG,B,352,1.0,13.25,,1.8,0.0
5402,ATOM,5402,CD,ARG,B,352,1.0,13.99,,1.8,0.0
5403,ATOM,5403,NE,ARG,B,352,1.0,11.96,,1.8,0.0
5404,ATOM,5404,CZ,ARG,B,352,1.0,12.01,,1.8,0.0
5405,ATOM,5405,NH1,ARG,B,352,1.0,13.25,,1.8,0.0
5406,ATOM,5406,NH2,ARG,B,352,1.0,11.59,,1.8,0.0
5407,ATOM,5407,N,VAL,B,353,1.0,14.32,,1.8,0.0
5408,ATOM,5408,CA,VAL,B,353,1.0,14.94,,1.8,0.0
5409,ATOM,5409,C,VAL,B,353,1.0,16.55,,1.8,0.0
5410,ATOM,5410,O,VAL,B,353,1.0,17.7,,1.8,0.0
5411,ATOM,5411,CB,VAL,B,353,1.0,15.71,,1.8,0.0
5412,ATOM,5412,CG1,VAL,B,353,1.0,16.43,,1.8,0.0
5413,ATOM,5413,CG2,VAL,B,353,1.0,13.82,,1.8,0.0
5414,ATOM,5414,N,ALA,B,354,1.0,16.14,,1.8,0.0
5415,ATOM,5415,CA,ALA,B,354,1.0,16.01,,1.8,0.0
5416,ATOM,5416,C,ALA,B,354,1.0,16.94,,1.8,0.0
5417,ATOM,5417,O,ALA,B,354,1.0,16.23,,1.8,0.0
5418,ATOM,5418,CB,ALA,B,354,1.0,15.38,,1.8,0.0
5419,ATOM,5419,N,MET,B,355,1.0,16.31,,1.8,0.0
5420,ATOM,5420,CA,MET,B,355,1.0,17.4,,1.8,0.0
5421,ATOM,5421,C,MET,B,355,1.0,17.07,,1.8,0.0
5422,ATOM,5422,O,MET,B,355,1.0,17.7,,1.8,0.0
5423,ATOM,5423,CB,MET,B,355,1.0,19.27,,1.8,0.0
5424,ATOM,5424,CG,MET,B,355,1.0,20.42,,1.8,0.0
5425,ATOM,5425,SD,MET,B,355,1.0,22.32,,1.8,0.0
5426,ATOM,5426,CE,MET,B,355,1.0,22.34,,1.8,0.0
5427,ATOM,5427,N,LYS,B,356,1.0,16.9,,1.8,0.0
5428,ATOM,5428,CA,LYS,B,356,1.0,18.84,,1.8,0.0
5429,ATOM,5429,C,LYS,B,356,1.0,16.66,,1.8,0.0
5430,ATOM,5430,O,LYS,B,356,1.0,16.34,,1.8,0.0
5431,ATOM,5431,CB,LYS,B,356,1.0,22.55,,1.8,0.0
5432,ATOM,5432,CG,LYS,B,356,1.0,27.7,,1.8,0.0
5433,ATOM,5433,CD,LYS,B,356,1.0,33.56,,1.8,0.0
5434,ATOM,5434,CE,LYS,B,356,1.0,34.06,,1.8,0.0
5435,ATOM,5435,NZ,LYS,B,356,1.0,37.0,,1.8,0.0
5436,ATOM,5436,N,TYR,B,357,1.0,17.24,,1.8,0.0
5437,ATOM,5437,CA,TYR,B,357,1.0,16.61,,1.8,0.0
5438,ATOM,5438,C,TYR,B,357,1.0,17.92,,1.8,0.0
5439,ATOM,5439,O,TYR,B,357,1.0,18.45,,1.8,0.0
5440,ATOM,5440,CB,TYR,B,357,1.0,16.64,,1.8,0.0
5441,ATOM,5441,CG,TYR,B,357,1.0,17.79,,1.8,0.0
5442,ATOM,5442,CD1,TYR,B,357,1.0,17.42,,1.8,0.0
5443,ATOM,5443,CD2,TYR,B,357,1.0,16.35,,1.8,0.0
5444,ATOM,5444,CE1,TYR,B,357,1.0,17.82,,1.8,0.0
5445,ATOM,5445,CE2,TYR,B,357,1.0,16.84,,1.8,0.0
5446,ATOM,5446,CZ,TYR,B,357,1.0,18.2,,1.8,0.0
5447,ATOM,5447,OH,TYR,B,357,1.0,16.86,,1.8,0.0
5448,ATOM,5448,N,VAL,B,358,1.0,18.93,,1.8,0.0
5449,ATOM,5449,CA,VAL,B,358,1.0,22.03,,1.8,0.0
5450,ATOM,5450,C,VAL,B,358,1.0,23.66,,1.8,0.0
5451,ATOM,5451,O,VAL,B,358,1.0,21.28,,1.8,0.0
5452,ATOM,5452,CB,VAL,B,358,1.0,20.58,,1.8,0.0
5453,ATOM,5453,CG1,VAL,B,358,1.0,19.04,,1.8,0.0
5454,ATOM,5454,CG2,VAL,B,358,1.0,19.64,,1.8,0.0
5455,ATOM,5455,N,ASP,B,359,1.0,30.32,,1.8,0.0
5456,ATOM,5456,CA,ASP,B,359,1.0,34.65,,1.8,0.0
5457,ATOM,5457,C,ASP,B,359,1.0,29.78,,1.8,0.0
5458,ATOM,5458,O,ASP,B,359,1.0,43.98,,1.8,0.0
5459,ATOM,5459,CB,ASP,B,359,1.0,31.77,,1.8,0.0
5460,ATOM,5460,CG,ASP,B,359,1.0,39.14,,1.8,0.0
5461,ATOM,5461,OD1,ASP,B,359,1.0,38.8,,1.8,0.0
5462,ATOM,5462,OD2,ASP,B,359,1.0,33.17,,1.8,0.0
5463,ATOM,5463,N,ALA,C,1,1.0,27.67,,1.8,0.0
5464,ATOM,5464,CA,ALA,C,1,1.0,27.67,,1.8,0.0
5465,ATOM,5465,CB,ALA,C,1,1.0,27.67,,1.8,0.0
5466,ATOM,5466,C,ALA,C,1,1.0,27.67,,1.8,0.0
5467,ATOM,5467,O,ALA,C,1,1.0,27.67,,1.8,0.0
5468,ATOM,5468,N,ALA,C,2,1.0,56.59,,1.8,0.0
5469,ATOM,5469,CA,ALA,C,2,1.0,56.59,,1.8,0.0
5470,ATOM,5470,CB,ALA,C,2,1.0,56.59,,1.8,0.0
5471,ATOM,5471,C,ALA,C,2,1.0,56.59,,1.8,0.0
5472,ATOM,5472,O,ALA,C,2,1.0,56.59,,1.8,0.0
5473,ATOM,5473,N,THR,C,3,1.0,125.73,,1.8,0.0
5474,ATOM,5474,CA,THR,C,3,1.0,125.73,,1.8,0.0
5475,ATOM,5475,CB,THR,C,3,1.0,125.73,,1.8,0.0
5476,ATOM,5476,OG1,THR,C,3,1.0,125.73,,1.8,0.0
5477,ATOM,5477,CG2,THR,C,3,1.0,125.73,,1.8,0.0
5478,ATOM,5478,C,THR,C,3,1.0,125.73,,1.8,0.0
5479,ATOM,5479,O,THR,C,3,1.0,125.73,,1.8,0.0
5480,ATOM,5480,N,VAL,C,4,1.0,46.44,,1.8,0.0
5481,ATOM,5481,CA,VAL,C,4,1.0,46.44,,1.8,0.0
5482,ATOM,5482,CB,VAL,C,4,1.0,46.44,,1.8,0.0
5483,ATOM,5483,CG1,VAL,C,4,1.0,46.44,,1.8,0.0
5484,ATOM,5484,CG2,VAL,C,4,1.0,46.44,,1.8,0.0
5485,ATOM,5485,C,VAL,C,4,1.0,46.44,,1.8,0.0
5486,ATOM,5486,O,VAL,C,4,1.0,46.44,,1.8,0.0
5487,ATOM,5487,N,VAL,C,5,1.0,47.83,,1.8,0.0
5488,ATOM,5488,CA,VAL,C,5,1.0,47.83,,1.8,0.0
5489,ATOM,5489,CB,VAL,C,5,1.0,47.83,,1.8,0.0
5490,ATOM,5490,CG1,VAL,C,5,1.0,47.83,,1.8,0.0
5491,ATOM,5491,CG2,VAL,C,5,1.0,47.83,,1.8,0.0
5492,ATOM,5492,C,VAL,C,5,1.0,47.83,,1.8,0.0
5493,ATOM,5493,O,VAL,C,5,1.0,47.83,,1.8,0.0
5494,ATOM,5494,N,ILE,C,6,1.0,81.53,,1.8,0.0
5495,ATOM,5495,CA,ILE,C,6,1.0,81.53,,1.8,0.0
5496,ATOM,5496,CB,ILE,C,6,1.0,81.53,,1.8,0.0
5497,ATOM,5497,CG1,ILE,C,6,1.0,81.53,,1.8,0.0
5498,ATOM,5498,CG2,ILE,C,6,1.0,81.53,,1.8,0.0
5499,ATOM,5499,CD1,ILE,C,6,1.0,81.53,,1.8,0.0
5500,ATOM,5500,C,ILE,C,6,1.0,81.53,,1.8,0.0
5501,ATOM,5501,O,ILE,C,6,1.0,81.53,,1.8,0.0
5502,ATOM,5502,N,ASN,C,7,1.0,64.36,,1.8,0.0
5503,ATOM,5503,CA,ASN,C,7,1.0,64.36,,1.8,0.0
5504,ATOM,5504,CB,ASN,C,7,1.0,64.36,,1.8,0.0
5505,ATOM,5505,CG,ASN,C,7,1.0,64.36,,1.8,0.0
5506,ATOM,5506,OD1,ASN,C,7,1.0,64.36,,1.8,0.0
5507,ATOM,5507,ND2,ASN,C,7,1.0,64.36,,1.8,0.0
5508,ATOM,5508,C,ASN,C,7,1.0,64.36,,1.8,0.0
5509,ATOM,5509,O,ASN,C,7,1.0,64.36,,1.8,0.0
5510,ATOM,5510,N,ARG,C,8,1.0,130.82,,1.8,0.0
5511,ATOM,5511,CA,ARG,C,8,1.0,130.82,,1.8,0.0
5512,ATOM,5512,CB,ARG,C,8,1.0,130.82,,1.8,0.0
5513,ATOM,5513,CG,ARG,C,8,1.0,130.82,,1.8,0.0
5514,ATOM,5514,CD,ARG,C,8,1.0,130.82,,1.8,0.0
5515,ATOM,5515,NE,ARG,C,8,1.0,130.82,,1.8,0.0
5516,ATOM,5516,CZ,ARG,C,8,1.0,130.82,,1.8,0.0
5517,ATOM,5517,NH1,ARG,C,8,1.0,130.82,,1.8,0.0
5518,ATOM,5518,NH2,ARG,C,8,1.0,130.82,,1.8,0.0
5519,ATOM,5519,C,ARG,C,8,1.0,130.82,,1.8,0.0
5520,ATOM,5520,O,ARG,C,8,1.0,130.82,,1.8,0.0
5521,ATOM,5521,N,ARG,C,9,1.0,111.82,,1.8,0.0
5522,ATOM,5522,CA,ARG,C,9,1.0,111.82,,1.8,0.0
5523,ATOM,5523,CB,ARG,C,9,1.0,111.82,,1.8,0.0
5524,ATOM,5524,CG,ARG,C,9,1.0,111.82,,1.8,0.0
5525,ATOM,5525,CD,ARG,C,9,1.0,111.82,,1.8,0.0
5526,ATOM,5526,NE,ARG,C,9,1.0,111.82,,1.8,0.0
5527,ATOM,5527,CZ,ARG,C,9,1.0,111.82,,1.8,0.0
5528,ATOM,5528,NH1,ARG,C,9,1.0,111.82,,1.8,0.0
5529,ATOM,5529,NH2,ARG,C,9,1.0,111.82,,1.8,0.0
5530,ATOM,5530,C,ARG,C,9,1.0,111.82,,1.8,0.0
5531,ATOM,5531,O,ARG,C,9,1.0,111.82,,1.8,0.0
5532,ATOM,5532,N,ALA,C,10,1.0,40.62,,1.8,0.0
5533,ATOM,5533,CA,ALA,C,10,1.0,40.62,,1.8,0.0
5534,ATOM,5534,CB,ALA,C,10,1.0,40.62,,1.8,0.0
5535,ATOM,5535,C,ALA,C,10,1.0,40.62,,1.8,0.0
5536,ATOM,5536,O,ALA,C,10,1.0,40.62,,1.8,0.0
5537,ATOM,5537,N,LEU,C,11,1.0,73.13,,1.8,0.0
5538,ATOM,5538,CA,LEU,C,11,1.0,73.13,,1.8,0.0
5539,ATOM,5539,CB,LEU,C,11,1.0,73.13,,1.8,0.0
5540,ATOM,5540,CG,LEU,C,11,1.0,73.13,,1.8,0.0
5541,ATOM,5541,CD1,LEU,C,11,1.0,73.13,,1.8,0.0
5542,ATOM,5542,CD2,LEU,C,11,1.0,73.13,,1.8,0.0
5543,ATOM,5543,C,LEU,C,11,1.0,73.13,,1.8,0.0
5544,ATOM,5544,O,LEU,C,11,1.0,73.13,,1.8,0.0
5545,ATOM,5545,N,ARG,C,12,1.0,92.83,,1.8,0.0
5546,ATOM,5546,CA,ARG,C,12,1.0,92.83,,1.8,0.0
5547,ATOM,5547,CB,ARG,C,12,1.0,92.83,,1.8,0.0
5548,ATOM,5548,CG,ARG,C,12,1.0,92.83,,1.8,0.0
5549,ATOM,5549,CD,ARG,C,12,1.0,92.83,,1.8,0.0
5550,ATOM,5550,NE,ARG,C,12,1.0,92.83,,1.8,0.0
5551,ATOM,5551,CZ,ARG,C,12,1.0,92.83,,1.8,0.0
5552,ATOM,5552,NH1,ARG,C,12,1.0,92.83,,1.8,0.0
5553,ATOM,5553,NH2,ARG,C,12,1.0,92.83,,1.8,0.0
5554,ATOM,5554,C,ARG,C,12,1.0,92.83,,1.8,0.0
5555,ATOM,5555,O,ARG,C,12,1.0,92.83,,1.8,0.0
5556,ATOM,5556,N,HIS,C,13,1.0,45.05,,1.8,0.0
5557,ATOM,5557,CA,HIS,C,13,1.0,45.05,,1.8,0.0
5558,ATOM,5558,ND1,HIS,C,13,1.0,45.05,,1.8,0.0
5559,ATOM,5559,CG,HIS,C,13,1.0,45.05,,1.8,0.0
5560,ATOM,5560,CB,HIS,C,13,1.0,45.05,,1.8,0.0
5561,ATOM,5561,NE2,HIS,C,13,1.0,45.05,,1.8,0.0
5562,ATOM,5562,CD2,HIS,C,13,1.0,45.05,,1.8,0.0
5563,ATOM,5563,CE1,HIS,C,13,1.0,45.05,,1.8,0.0
5564,ATOM,5564,C,HIS,C,13,1.0,45.05,,1.8,0.0
5565,ATOM,5565,O,HIS,C,13,1.0,45.05,,1.8,0.0
5566,ATOM,5566,N,ASN,C,14,1.0,47.01,,1.8,0.0
5567,ATOM,5567,CA,ASN,C,14,1.0,47.01,,1.8,0.0
5568,ATOM,5568,CB,ASN,C,14,1.0,47.01,,1.8,0.0
5569,ATOM,5569,CG,ASN,C,14,1.0,47.01,,1.8,0.0
5570,ATOM,5570,OD1,ASN,C,14,1.0,47.01,,1.8,0.0
5571,ATOM,5571,ND2,ASN,C,14,1.0,47.01,,1.8,0.0
5572,ATOM,5572,C,ASN,C,14,1.0,47.01,,1.8,0.0
5573,ATOM,5573,O,ASN,C,14,1.0,47.01,,1.8,0.0
5574,ATOM,5574,N,LEU,C,15,1.0,57.44,,1.8,0.0
5575,ATOM,5575,CA,LEU,C,15,1.0,57.44,,1.8,0.0
5576,ATOM,5576,CB,LEU,C,15,1.0,57.44,,1.8,0.0
5577,ATOM,5577,CG,LEU,C,15,1.0,57.44,,1.8,0.0
5578,ATOM,5578,CD1,LEU,C,15,1.0,57.44,,1.8,0.0
5579,ATOM,5579,CD2,LEU,C,15,1.0,57.44,,1.8,0.0
5580,ATOM,5580,C,LEU,C,15,1.0,57.44,,1.8,0.0
5581,ATOM,5581,O,LEU,C,15,1.0,57.44,,1.8,0.0
5582,ATOM,5582,N,GLN,C,16,1.0,41.85,,1.8,0.0
5583,ATOM,5583,CA,GLN,C,16,1.0,41.85,,1.8,0.0
5584,ATOM,5584,CB,GLN,C,16,1.0,41.85,,1.8,0.0
5585,ATOM,5585,CG,GLN,C,16,1.0,41.85,,1.8,0.0
5586,ATOM,5586,CD,GLN,C,16,1.0,41.85,,1.8,0.0
5587,ATOM,5587,OE1,GLN,C,16,1.0,41.85,,1.8,0.0
5588,ATOM,5588,NE2,GLN,C,16,1.0,41.85,,1.8,0.0
5589,ATOM,5589,C,GLN,C,16,1.0,41.85,,1.8,0.0
5590,ATOM,5590,O,GLN,C,16,1.0,41.85,,1.8,0.0
5591,ATOM,5591,N,ARG,C,17,1.0,108.91,,1.8,0.0
5592,ATOM,5592,CA,ARG,C,17,1.0,108.91,,1.8,0.0
5593,ATOM,5593,CB,ARG,C,17,1.0,108.91,,1.8,0.0
5594,ATOM,5594,CG,ARG,C,17,1.0,108.91,,1.8,0.0
5595,ATOM,5595,CD,ARG,C,17,1.0,108.91,,1.8,0.0
5596,ATOM,5596,NE,ARG,C,17,1.0,108.91,,1.8,0.0
5597,ATOM,5597,CZ,ARG,C,17,1.0,108.91,,1.8,0.0
5598,ATOM,5598,NH1,ARG,C,17,1.0,108.91,,1.8,0.0
5599,ATOM,5599,NH2,ARG,C,17,1.0,108.91,,1.8,0.0
5600,ATOM,5600,C,ARG,C,17,1.0,108.91,,1.8,0.0
5601,ATOM,5601,O,ARG,C,17,1.0,108.91,,1.8,0.0
5602,ATOM,5602,N,LEU,C,18,1.0,113.02,,1.8,0.0
5603,ATOM,5603,CA,LEU,C,18,1.0,113.02,,1.8,0.0
5604,ATOM,5604,CB,LEU,C,18,1.0,113.02,,1.8,0.0
5605,ATOM,5605,CG,LEU,C,18,1.0,113.02,,1.8,0.0
5606,ATOM,5606,CD1,LEU,C,18,1.0,113.02,,1.8,0.0
5607,ATOM,5607,CD2,LEU,C,18,1.0,113.02,,1.8,0.0
5608,ATOM,5608,C,LEU,C,18,1.0,113.02,,1.8,0.0
5609,ATOM,5609,O,LEU,C,18,1.0,113.02,,1.8,0.0
5610,ATOM,5610,N,ARG,C,19,1.0,66.55,,1.8,0.0
5611,ATOM,5611,CA,ARG,C,19,1.0,66.55,,1.8,0.0
5612,ATOM,5612,CB,ARG,C,19,1.0,66.55,,1.8,0.0
5613,ATOM,5613,CG,ARG,C,19,1.0,66.55,,1.8,0.0
5614,ATOM,5614,CD,ARG,C,19,1.0,66.55,,1.8,0.0
5615,ATOM,5615,NE,ARG,C,19,1.0,66.55,,1.8,0.0
5616,ATOM,5616,CZ,ARG,C,19,1.0,66.55,,1.8,0.0
5617,ATOM,5617,NH1,ARG,C,19,1.0,66.55,,1.8,0.0
5618,ATOM,5618,NH2,ARG,C,19,1.0,66.55,,1.8,0.0
5619,ATOM,5619,C,ARG,C,19,1.0,66.55,,1.8,0.0
5620,ATOM,5620,O,ARG,C,19,1.0,66.55,,1.8,0.0
5621,ATOM,5621,N,GLU,C,20,1.0,47.67,,1.8,0.0
5622,ATOM,5622,CA,GLU,C,20,1.0,47.67,,1.8,0.0
5623,ATOM,5623,CB,GLU,C,20,1.0,47.67,,1.8,0.0
5624,ATOM,5624,CG,GLU,C,20,1.0,47.67,,1.8,0.0
5625,ATOM,5625,CD,GLU,C,20,1.0,47.67,,1.8,0.0
5626,ATOM,5626,OE1,GLU,C,20,1.0,47.67,,1.8,0.0
5627,ATOM,5627,OE2,GLU,C,20,1.0,47.67,,1.8,0.0
5628,ATOM,5628,C,GLU,C,20,1.0,47.67,,1.8,0.0
5629,ATOM,5629,O,GLU,C,20,1.0,47.67,,1.8,0.0
5630,ATOM,5630,N,LEU,C,21,1.0,56.83,,1.8,0.0
5631,ATOM,5631,CA,LEU,C,21,1.0,56.83,,1.8,0.0
5632,ATOM,5632,CB,LEU,C,21,1.0,56.83,,1.8,0.0
5633,ATOM,5633,CG,LEU,C,21,1.0,56.83,,1.8,0.0
5634,ATOM,5634,CD1,LEU,C,21,1.0,56.83,,1.8,0.0
5635,ATOM,5635,CD2,LEU,C,21,1.0,56.83,,1.8,0.0
5636,ATOM,5636,C,LEU,C,21,1.0,56.83,,1.8,0.0
5637,ATOM,5637,O,LEU,C,21,1.0,56.83,,1.8,0.0
5638,ATOM,5638,N,ALA,C,22,1.0,75.74,,1.8,0.0
5639,ATOM,5639,CA,ALA,C,22,1.0,75.74,,1.8,0.0
5640,ATOM,5640,CB,ALA,C,22,1.0,75.74,,1.8,0.0
5641,ATOM,5641,C,ALA,C,22,1.0,75.74,,1.8,0.0
5642,ATOM,5642,O,ALA,C,22,1.0,75.74,,1.8,0.0
5643,ATOM,5643,N,PRO,C,23,1.0,88.69,,1.8,0.0
5644,ATOM,5644,CA,PRO,C,23,1.0,88.69,,1.8,0.0
5645,ATOM,5645,CD,PRO,C,23,1.0,88.69,,1.8,0.0
5646,ATOM,5646,CB,PRO,C,23,1.0,88.69,,1.8,0.0
5647,ATOM,5647,CG,PRO,C,23,1.0,88.69,,1.8,0.0
5648,ATOM,5648,C,PRO,C,23,1.0,88.69,,1.8,0.0
5649,ATOM,5649,O,PRO,C,23,1.0,88.69,,1.8,0.0
5650,ATOM,5650,N,ALA,C,24,1.0,61.3,,1.8,0.0
5651,ATOM,5651,CA,ALA,C,24,1.0,61.3,,1.8,0.0
5652,ATOM,5652,CB,ALA,C,24,1.0,61.3,,1.8,0.0
5653,ATOM,5653,C,ALA,C,24,1.0,61.3,,1.8,0.0
5654,ATOM,5654,O,ALA,C,24,1.0,61.3,,1.8,0.0
5655,ATOM,5655,N,SER,C,25,1.0,109.45,,1.8,0.0
5656,ATOM,5656,CA,SER,C,25,1.0,109.45,,1.8,0.0
5657,ATOM,5657,CB,SER,C,25,1.0,109.45,,1.8,0.0
5658,ATOM,5658,OG,SER,C,25,1.0,109.45,,1.8,0.0
5659,ATOM,5659,C,SER,C,25,1.0,109.45,,1.8,0.0
5660,ATOM,5660,O,SER,C,25,1.0,109.45,,1.8,0.0
5661,ATOM,5661,N,LYS,C,26,1.0,107.58,,1.8,0.0
5662,ATOM,5662,CA,LYS,C,26,1.0,107.58,,1.8,0.0
5663,ATOM,5663,CB,LYS,C,26,1.0,107.58,,1.8,0.0
5664,ATOM,5664,CG,LYS,C,26,1.0,107.58,,1.8,0.0
5665,ATOM,5665,CD,LYS,C,26,1.0,107.58,,1.8,0.0
5666,ATOM,5666,CE,LYS,C,26,1.0,107.58,,1.8,0.0
5667,ATOM,5667,NZ,LYS,C,26,1.0,107.58,,1.8,0.0
5668,ATOM,5668,C,LYS,C,26,1.0,107.58,,1.8,0.0
5669,ATOM,5669,O,LYS,C,26,1.0,107.58,,1.8,0.0
5670,ATOM,5670,N,MET,C,27,1.0,62.53,,1.8,0.0
5671,ATOM,5671,CA,MET,C,27,1.0,62.53,,1.8,0.0
5672,ATOM,5672,CB,MET,C,27,1.0,62.53,,1.8,0.0
5673,ATOM,5673,CG,MET,C,27,1.0,62.53,,1.8,0.0
5674,ATOM,5674,SD,MET,C,27,1.0,62.53,,1.8,0.0
5675,ATOM,5675,CE,MET,C,27,1.0,62.53,,1.8,0.0
5676,ATOM,5676,C,MET,C,27,1.0,62.53,,1.8,0.0
5677,ATOM,5677,O,MET,C,27,1.0,62.53,,1.8,0.0
5678,ATOM,5678,N,VAL,C,28,1.0,54.53,,1.8,0.0
5679,ATOM,5679,CA,VAL,C,28,1.0,54.53,,1.8,0.0
5680,ATOM,5680,CB,VAL,C,28,1.0,54.53,,1.8,0.0
5681,ATOM,5681,CG1,VAL,C,28,1.0,54.53,,1.8,0.0
5682,ATOM,5682,CG2,VAL,C,28,1.0,54.53,,1.8,0.0
5683,ATOM,5683,C,VAL,C,28,1.0,54.53,,1.8,0.0
5684,ATOM,5684,O,VAL,C,28,1.0,54.53,,1.8,0.0
5685,ATOM,5685,N,ALA,C,29,1.0,59.25,,1.8,0.0
5686,ATOM,5686,CA,ALA,C,29,1.0,59.25,,1.8,0.0
5687,ATOM,5687,CB,ALA,C,29,1.0,59.25,,1.8,0.0
5688,ATOM,5688,C,ALA,C,29,1.0,59.25,,1.8,0.0
5689,ATOM,5689,O,ALA,C,29,1.0,59.25,,1.8,0.0
5690,ATOM,5690,N,VAL,C,30,1.0,80.12,,1.8,0.0
5691,ATOM,5691,CA,VAL,C,30,1.0,80.12,,1.8,0.0
5692,ATOM,5692,CB,VAL,C,30,1.0,80.12,,1.8,0.0
5693,ATOM,5693,CG1,VAL,C,30,1.0,80.12,,1.8,0.0
5694,ATOM,5694,CG2,VAL,C,30,1.0,80.12,,1.8,0.0
5695,ATOM,5695,C,VAL,C,30,1.0,80.12,,1.8,0.0
5696,ATOM,5696,O,VAL,C,30,1.0,80.12,,1.8,0.0
5697,ATOM,5697,N,VAL,C,31,1.0,187.79,,1.8,0.0
5698,ATOM,5698,CA,VAL,C,31,1.0,187.79,,1.8,0.0
5699,ATOM,5699,CB,VAL,C,31,1.0,187.79,,1.8,0.0
5700,ATOM,5700,CG1,VAL,C,31,1.0,187.79,,1.8,0.0
5701,ATOM,5701,CG2,VAL,C,31,1.0,187.79,,1.8,0.0
5702,ATOM,5702,C,VAL,C,31,1.0,187.79,,1.8,0.0
5703,ATOM,5703,O,VAL,C,31,1.0,187.79,,1.8,0.0
5704,ATOM,5704,N,LYS,C,32,1.0,133.32,,1.8,0.0
5705,ATOM,5705,CA,LYS,C,32,1.0,133.32,,1.8,0.0
5706,ATOM,5706,CB,LYS,C,32,1.0,133.32,,1.8,0.0
5707,ATOM,5707,CG,LYS,C,32,1.0,133.32,,1.8,0.0
5708,ATOM,5708,CD,LYS,C,32,1.0,133.32,,1.8,0.0
5709,ATOM,5709,CE,LYS,C,32,1.0,133.32,,1.8,0.0
5710,ATOM,5710,NZ,LYS,C,32,1.0,133.32,,1.8,0.0
5711,ATOM,5711,C,LYS,C,32,1.0,133.32,,1.8,0.0
5712,ATOM,5712,O,LYS,C,32,1.0,133.32,,1.8,0.0
5713,ATOM,5713,N,ALA,C,33,1.0,59.87,,1.8,0.0
5714,ATOM,5714,CA,ALA,C,33,1.0,59.87,,1.8,0.0
5715,ATOM,5715,CB,ALA,C,33,1.0,59.87,,1.8,0.0
5716,ATOM,5716,C,ALA,C,33,1.0,59.87,,1.8,0.0
5717,ATOM,5717,O,ALA,C,33,1.0,59.87,,1.8,0.0
5718,ATOM,5718,N,ASN,C,34,1.0,66.47,,1.8,0.0
5719,ATOM,5719,CA,ASN,C,34,1.0,66.47,,1.8,0.0
5720,ATOM,5720,CB,ASN,C,34,1.0,66.47,,1.8,0.0
5721,ATOM,5721,CG,ASN,C,34,1.0,66.47,,1.8,0.0
5722,ATOM,5722,OD1,ASN,C,34,1.0,66.47,,1.8,0.0
5723,ATOM,5723,ND2,ASN,C,34,1.0,66.47,,1.8,0.0
5724,ATOM,5724,C,ASN,C,34,1.0,66.47,,1.8,0.0
5725,ATOM,5725,O,ASN,C,34,1.0,66.47,,1.8,0.0
5726,ATOM,5726,N,ALA,C,35,1.0,56.0,,1.8,0.0
5727,ATOM,5727,CA,ALA,C,35,1.0,56.0,,1.8,0.0
5728,ATOM,5728,CB,ALA,C,35,1.0,56.0,,1.8,0.0
5729,ATOM,5729,C,ALA,C,35,1.0,56.0,,1.8,0.0
5730,ATOM,5730,O,ALA,C,35,1.0,56.0,,1.8,0.0
5731,ATOM,5731,N,TYR,C,36,1.0,101.32,,1.8,0.0
5732,ATOM,5732,CA,TYR,C,36,1.0,101.32,,1.8,0.0
5733,ATOM,5733,CB,TYR,C,36,1.0,101.32,,1.8,0.0
5734,ATOM,5734,CG,TYR,C,36,1.0,101.32,,1.8,0.0
5735,ATOM,5735,CD1,TYR,C,36,1.0,101.32,,1.8,0.0
5736,ATOM,5736,CD2,TYR,C,36,1.0,101.32,,1.8,0.0
5737,ATOM,5737,CE1,TYR,C,36,1.0,101.32,,1.8,0.0
5738,ATOM,5738,CE2,TYR,C,36,1.0,101.32,,1.8,0.0
5739,ATOM,5739,CZ,TYR,C,36,1.0,101.32,,1.8,0.0
5740,ATOM,5740,OH,TYR,C,36,1.0,101.32,,1.8,0.0
5741,ATOM,5741,C,TYR,C,36,1.0,101.32,,1.8,0.0
5742,ATOM,5742,O,TYR,C,36,1.0,101.32,,1.8,0.0
5743,ATOM,5743,N,GLY,C,37,1.0,45.53,,1.8,0.0
5744,ATOM,5744,CA,GLY,C,37,1.0,45.53,,1.8,0.0
5745,ATOM,5745,C,GLY,C,37,1.0,45.53,,1.8,0.0
5746,ATOM,5746,O,GLY,C,37,1.0,45.53,,1.8,0.0
5747,ATOM,5747,N,HIS,C,38,1.0,120.04,,1.8,0.0
5748,ATOM,5748,CA,HIS,C,38,1.0,120.04,,1.8,0.0
5749,ATOM,5749,ND1,HIS,C,38,1.0,120.04,,1.8,0.0
5750,ATOM,5750,CG,HIS,C,38,1.0,120.04,,1.8,0.0
5751,ATOM,5751,CB,HIS,C,38,1.0,120.04,,1.8,0.0
5752,ATOM,5752,NE2,HIS,C,38,1.0,120.04,,1.8,0.0
5753,ATOM,5753,CD2,HIS,C,38,1.0,120.04,,1.8,0.0
5754,ATOM,5754,CE1,HIS,C,38,1.0,120.04,,1.8,0.0
5755,ATOM,5755,C,HIS,C,38,1.0,120.04,,1.8,0.0
5756,ATOM,5756,O,HIS,C,38,1.0,120.04,,1.8,0.0
5757,ATOM,5757,N,GLY,C,39,1.0,75.41,,1.8,0.0
5758,ATOM,5758,CA,GLY,C,39,1.0,75.41,,1.8,0.0
5759,ATOM,5759,C,GLY,C,39,1.0,75.41,,1.8,0.0
5760,ATOM,5760,O,GLY,C,39,1.0,75.41,,1.8,0.0
5761,ATOM,5761,N,LEU,C,40,1.0,79.93,,1.8,0.0
5762,ATOM,5762,CA,LEU,C,40,1.0,79.93,,1.8,0.0
5763,ATOM,5763,CB,LEU,C,40,1.0,79.93,,1.8,0.0
5764,ATOM,5764,CG,LEU,C,40,1.0,79.93,,1.8,0.0
5765,ATOM,5765,CD1,LEU,C,40,1.0,79.93,,1.8,0.0
5766,ATOM,5766,CD2,LEU,C,40,1.0,79.93,,1.8,0.0
5767,ATOM,5767,C,LEU,C,40,1.0,79.93,,1.8,0.0
5768,ATOM,5768,O,LEU,C,40,1.0,79.93,,1.8,0.0
5769,ATOM,5769,N,LEU,C,41,1.0,73.18,,1.8,0.0
5770,ATOM,5770,CA,LEU,C,41,1.0,73.18,,1.8,0.0
5771,ATOM,5771,CB,LEU,C,41,1.0,73.18,,1.8,0.0
5772,ATOM,5772,CG,LEU,C,41,1.0,73.18,,1.8,0.0
5773,ATOM,5773,CD1,LEU,C,41,1.0,73.18,,1.8,0.0
5774,ATOM,5774,CD2,LEU,C,41,1.0,73.18,,1.8,0.0
5775,ATOM,5775,C,LEU,C,41,1.0,73.18,,1.8,0.0
5776,ATOM,5776,O,LEU,C,41,1.0,73.18,,1.8,0.0
5777,ATOM,5777,N,GLU,C,42,1.0,146.6,,1.8,0.0
5778,ATOM,5778,CA,GLU,C,42,1.0,146.6,,1.8,0.0
5779,ATOM,5779,CB,GLU,C,42,1.0,146.6,,1.8,0.0
5780,ATOM,5780,CG,GLU,C,42,1.0,146.6,,1.8,0.0
5781,ATOM,5781,CD,GLU,C,42,1.0,146.6,,1.8,0.0
5782,ATOM,5782,OE1,GLU,C,42,1.0,146.6,,1.8,0.0
5783,ATOM,5783,OE2,GLU,C,42,1.0,146.6,,1.8,0.0
5784,ATOM,5784,C,GLU,C,42,1.0,146.6,,1.8,0.0
5785,ATOM,5785,O,GLU,C,42,1.0,146.6,,1.8,0.0
5786,ATOM,5786,N,THR,C,43,1.0,44.85,,1.8,0.0
5787,ATOM,5787,CA,THR,C,43,1.0,44.85,,1.8,0.0
5788,ATOM,5788,CB,THR,C,43,1.0,44.85,,1.8,0.0
5789,ATOM,5789,OG1,THR,C,43,1.0,44.85,,1.8,0.0
5790,ATOM,5790,CG2,THR,C,43,1.0,44.85,,1.8,0.0
5791,ATOM,5791,C,THR,C,43,1.0,44.85,,1.8,0.0
5792,ATOM,5792,O,THR,C,43,1.0,44.85,,1.8,0.0
5793,ATOM,5793,N,ALA,C,44,1.0,43.06,,1.8,0.0
5794,ATOM,5794,CA,ALA,C,44,1.0,43.06,,1.8,0.0
5795,ATOM,5795,CB,ALA,C,44,1.0,43.06,,1.8,0.0
5796,ATOM,5796,C,ALA,C,44,1.0,43.06,,1.8,0.0
5797,ATOM,5797,O,ALA,C,44,1.0,43.06,,1.8,0.0
5798,ATOM,5798,N,ARG,C,45,1.0,150.47,,1.8,0.0
5799,ATOM,5799,CA,ARG,C,45,1.0,150.47,,1.8,0.0
5800,ATOM,5800,CB,ARG,C,45,1.0,150.47,,1.8,0.0
5801,ATOM,5801,CG,ARG,C,45,1.0,150.47,,1.8,0.0
5802,ATOM,5802,CD,ARG,C,45,1.0,150.47,,1.8,0.0
5803,ATOM,5803,NE,ARG,C,45,1.0,150.47,,1.8,0.0
5804,ATOM,5804,CZ,ARG,C,45,1.0,150.47,,1.8,0.0
5805,ATOM,5805,NH1,ARG,C,45,1.0,150.47,,1.8,0.0
5806,ATOM,5806,NH2,ARG,C,45,1.0,150.47,,1.8,0.0
5807,ATOM,5807,C,ARG,C,45,1.0,150.47,,1.8,0.0
5808,ATOM,5808,O,ARG,C,45,1.0,150.47,,1.8,0.0
5809,ATOM,5809,N,THR,C,46,1.0,146.01,,1.8,0.0
5810,ATOM,5810,CA,THR,C,46,1.0,146.01,,1.8,0.0
5811,ATOM,5811,CB,THR,C,46,1.0,146.01,,1.8,0.0
5812,ATOM,5812,OG1,THR,C,46,1.0,146.01,,1.8,0.0
5813,ATOM,5813,CG2,THR,C,46,1.0,146.01,,1.8,0.0
5814,ATOM,5814,C,THR,C,46,1.0,146.01,,1.8,0.0
5815,ATOM,5815,O,THR,C,46,1.0,146.01,,1.8,0.0
5816,ATOM,5816,N,LEU,C,47,1.0,97.48,,1.8,0.0
5817,ATOM,5817,CA,LEU,C,47,1.0,97.48,,1.8,0.0
5818,ATOM,5818,CB,LEU,C,47,1.0,97.48,,1.8,0.0
5819,ATOM,5819,CG,LEU,C,47,1.0,97.48,,1.8,0.0
5820,ATOM,5820,CD1,LEU,C,47,1.0,97.48,,1.8,0.0
5821,ATOM,5821,CD2,LEU,C,47,1.0,97.48,,1.8,0.0
5822,ATOM,5822,C,LEU,C,47,1.0,97.48,,1.8,0.0
5823,ATOM,5823,O,LEU,C,47,1.0,97.48,,1.8,0.0
5824,ATOM,5824,N,PRO,C,48,1.0,82.87,,1.8,0.0
5825,ATOM,5825,CA,PRO,C,48,1.0,82.87,,1.8,0.0
5826,ATOM,5826,CD,PRO,C,48,1.0,82.87,,1.8,0.0
5827,ATOM,5827,CB,PRO,C,48,1.0,82.87,,1.8,0.0
5828,ATOM,5828,CG,PRO,C,48,1.0,82.87,,1.8,0.0
5829,ATOM,5829,C,PRO,C,48,1.0,82.87,,1.8,0.0
5830,ATOM,5830,O,PRO,C,48,1.0,82.87,,1.8,0.0
5831,ATOM,5831,N,ASP,C,49,1.0,70.7,,1.8,0.0
5832,ATOM,5832,CA,ASP,C,49,1.0,70.7,,1.8,0.0
5833,ATOM,5833,CB,ASP,C,49,1.0,70.7,,1.8,0.0
5834,ATOM,5834,CG,ASP,C,49,1.0,70.7,,1.8,0.0
5835,ATOM,5835,OD1,ASP,C,49,1.0,70.7,,1.8,0.0
5836,ATOM,5836,OD2,ASP,C,49,1.0,70.7,,1.8,0.0
5837,ATOM,5837,C,ASP,C,49,1.0,70.7,,1.8,0.0
5838,ATOM,5838,O,ASP,C,49,1.0,70.7,,1.8,0.0
5839,ATOM,5839,N,ALA,C,50,1.0,40.1,,1.8,0.0
5840,ATOM,5840,CA,ALA,C,50,1.0,40.1,,1.8,0.0
5841,ATOM,5841,CB,ALA,C,50,1.0,40.1,,1.8,0.0
5842,ATOM,5842,C,ALA,C,50,1.0,40.1,,1.8,0.0
5843,ATOM,5843,O,ALA,C,50,1.0,40.1,,1.8,0.0
5844,ATOM,5844,N,ASP,C,51,1.0,53.44,,1.8,0.0
5845,ATOM,5845,CA,ASP,C,51,1.0,53.44,,1.8,0.0
5846,ATOM,5846,CB,ASP,C,51,1.0,53.44,,1.8,0.0
5847,ATOM,5847,CG,ASP,C,51,1.0,53.44,,1.8,0.0
5848,ATOM,5848,OD1,ASP,C,51,1.0,53.44,,1.8,0.0
5849,ATOM,5849,OD2,ASP,C,51,1.0,53.44,,1.8,0.0
5850,ATOM,5850,C,ASP,C,51,1.0,53.44,,1.8,0.0
5851,ATOM,5851,O,ASP,C,51,1.0,53.44,,1.8,0.0
5852,ATOM,5852,N,ALA,C,52,1.0,38.61,,1.8,0.0
5853,ATOM,5853,CA,ALA,C,52,1.0,38.61,,1.8,0.0
5854,ATOM,5854,CB,ALA,C,52,1.0,38.61,,1.8,0.0
5855,ATOM,5855,C,ALA,C,52,1.0,38.61,,1.8,0.0
5856,ATOM,5856,O,ALA,C,52,1.0,38.61,,1.8,0.0
5857,ATOM,5857,N,PHE,C,53,1.0,49.46,,1.8,0.0
5858,ATOM,5858,CA,PHE,C,53,1.0,49.46,,1.8,0.0
5859,ATOM,5859,CB,PHE,C,53,1.0,49.46,,1.8,0.0
5860,ATOM,5860,CG,PHE,C,53,1.0,49.46,,1.8,0.0
5861,ATOM,5861,CD1,PHE,C,53,1.0,49.46,,1.8,0.0
5862,ATOM,5862,CD2,PHE,C,53,1.0,49.46,,1.8,0.0
5863,ATOM,5863,CE1,PHE,C,53,1.0,49.46,,1.8,0.0
5864,ATOM,5864,CE2,PHE,C,53,1.0,49.46,,1.8,0.0
5865,ATOM,5865,CZ,PHE,C,53,1.0,49.46,,1.8,0.0
5866,ATOM,5866,C,PHE,C,53,1.0,49.46,,1.8,0.0
5867,ATOM,5867,O,PHE,C,53,1.0,49.46,,1.8,0.0
5868,ATOM,5868,N,GLY,C,54,1.0,30.12,,1.8,0.0
5869,ATOM,5869,CA,GLY,C,54,1.0,30.12,,1.8,0.0
5870,ATOM,5870,C,GLY,C,54,1.0,30.12,,1.8,0.0
5871,ATOM,5871,O,GLY,C,54,1.0,30.12,,1.8,0.0
5872,ATOM,5872,N,VAL,C,55,1.0,44.95,,1.8,0.0
5873,ATOM,5873,CA,VAL,C,55,1.0,44.95,,1.8,0.0
5874,ATOM,5874,CB,VAL,C,55,1.0,44.95,,1.8,0.0
5875,ATOM,5875,CG1,VAL,C,55,1.0,44.95,,1.8,0.0
5876,ATOM,5876,CG2,VAL,C,55,1.0,44.95,,1.8,0.0
5877,ATOM,5877,C,VAL,C,55,1.0,44.95,,1.8,0.0
5878,ATOM,5878,O,VAL,C,55,1.0,44.95,,1.8,0.0
5879,ATOM,5879,N,ALA,C,56,1.0,59.29,,1.8,0.0
5880,ATOM,5880,CA,ALA,C,56,1.0,59.29,,1.8,0.0
5881,ATOM,5881,CB,ALA,C,56,1.0,59.29,,1.8,0.0
5882,ATOM,5882,C,ALA,C,56,1.0,59.29,,1.8,0.0
5883,ATOM,5883,O,ALA,C,56,1.0,59.29,,1.8,0.0
5884,ATOM,5884,N,ARG,C,57,1.0,185.63,,1.8,0.0
5885,ATOM,5885,CA,ARG,C,57,1.0,185.63,,1.8,0.0
5886,ATOM,5886,CB,ARG,C,57,1.0,185.63,,1.8,0.0
5887,ATOM,5887,CG,ARG,C,57,1.0,185.63,,1.8,0.0
5888,ATOM,5888,CD,ARG,C,57,1.0,185.63,,1.8,0.0
5889,ATOM,5889,NE,ARG,C,57,1.0,185.63,,1.8,0.0
5890,ATOM,5890,CZ,ARG,C,57,1.0,185.63,,1.8,0.0
5891,ATOM,5891,NH1,ARG,C,57,1.0,185.63,,1.8,0.0
5892,ATOM,5892,NH2,ARG,C,57,1.0,185.63,,1.8,0.0
5893,ATOM,5893,C,ARG,C,57,1.0,185.63,,1.8,0.0
5894,ATOM,5894,O,ARG,C,57,1.0,185.63,,1.8,0.0
5895,ATOM,5895,N,LEU,C,58,1.0,64.13,,1.8,0.0
5896,ATOM,5896,CA,LEU,C,58,1.0,64.13,,1.8,0.0
5897,ATOM,5897,CB,LEU,C,58,1.0,64.13,,1.8,0.0
5898,ATOM,5898,CG,LEU,C,58,1.0,64.13,,1.8,0.0
5899,ATOM,5899,CD1,LEU,C,58,1.0,64.13,,1.8,0.0
5900,ATOM,5900,CD2,LEU,C,58,1.0,64.13,,1.8,0.0
5901,ATOM,5901,C,LEU,C,58,1.0,64.13,,1.8,0.0
5902,ATOM,5902,O,LEU,C,58,1.0,64.13,,1.8,0.0
5903,ATOM,5903,N,GLU,C,59,1.0,83.74,,1.8,0.0
5904,ATOM,5904,CA,GLU,C,59,1.0,83.74,,1.8,0.0
5905,ATOM,5905,CB,GLU,C,59,1.0,83.74,,1.8,0.0
5906,ATOM,5906,CG,GLU,C,59,1.0,83.74,,1.8,0.0
5907,ATOM,5907,CD,GLU,C,59,1.0,83.74,,1.8,0.0
5908,ATOM,5908,OE1,GLU,C,59,1.0,83.74,,1.8,0.0
5909,ATOM,5909,OE2,GLU,C,59,1.0,83.74,,1.8,0.0
5910,ATOM,5910,C,GLU,C,59,1.0,83.74,,1.8,0.0
5911,ATOM,5911,O,GLU,C,59,1.0,83.74,,1.8,0.0
5912,ATOM,5912,N,GLU,C,60,1.0,44.1,,1.8,0.0
5913,ATOM,5913,CA,GLU,C,60,1.0,44.1,,1.8,0.0
5914,ATOM,5914,CB,GLU,C,60,1.0,44.1,,1.8,0.0
5915,ATOM,5915,CG,GLU,C,60,1.0,44.1,,1.8,0.0
5916,ATOM,5916,CD,GLU,C,60,1.0,44.1,,1.8,0.0
5917,ATOM,5917,OE1,GLU,C,60,1.0,44.1,,1.8,0.0
5918,ATOM,5918,OE2,GLU,C,60,1.0,44.1,,1.8,0.0
5919,ATOM,5919,C,GLU,C,60,1.0,44.1,,1.8,0.0
5920,ATOM,5920,O,GLU,C,60,1.0,44.1,,1.8,0.0
5921,ATOM,5921,N,ALA,C,61,1.0,41.8,,1.8,0.0
5922,ATOM,5922,CA,ALA,C,61,1.0,41.8,,1.8,0.0
5923,ATOM,5923,CB,ALA,C,61,1.0,41.8,,1.8,0.0
5924,ATOM,5924,C,ALA,C,61,1.0,41.8,,1.8,0.0
5925,ATOM,5925,O,ALA,C,61,1.0,41.8,,1.8,0.0
5926,ATOM,5926,N,LEU,C,62,1.0,49.69,,1.8,0.0
5927,ATOM,5927,CA,LEU,C,62,1.0,49.69,,1.8,0.0
5928,ATOM,5928,CB,LEU,C,62,1.0,49.69,,1.8,0.0
5929,ATOM,5929,CG,LEU,C,62,1.0,49.69,,1.8,0.0
5930,ATOM,5930,CD1,LEU,C,62,1.0,49.69,,1.8,0.0
5931,ATOM,5931,CD2,LEU,C,62,1.0,49.69,,1.8,0.0
5932,ATOM,5932,C,LEU,C,62,1.0,49.69,,1.8,0.0
5933,ATOM,5933,O,LEU,C,62,1.0,49.69,,1.8,0.0
5934,ATOM,5934,N,ARG,C,63,1.0,89.61,,1.8,0.0
5935,ATOM,5935,CA,ARG,C,63,1.0,89.61,,1.8,0.0
5936,ATOM,5936,CB,ARG,C,63,1.0,89.61,,1.8,0.0
5937,ATOM,5937,CG,ARG,C,63,1.0,89.61,,1.8,0.0
5938,ATOM,5938,CD,ARG,C,63,1.0,89.61,,1.8,0.0
5939,ATOM,5939,NE,ARG,C,63,1.0,89.61,,1.8,0.0
5940,ATOM,5940,CZ,ARG,C,63,1.0,89.61,,1.8,0.0
5941,ATOM,5941,NH1,ARG,C,63,1.0,89.61,,1.8,0.0
5942,ATOM,5942,NH2,ARG,C,63,1.0,89.61,,1.8,0.0
5943,ATOM,5943,C,ARG,C,63,1.0,89.61,,1.8,0.0
5944,ATOM,5944,O,ARG,C,63,1.0,89.61,,1.8,0.0
5945,ATOM,5945,N,LEU,C,64,1.0,45.54,,1.8,0.0
5946,ATOM,5946,CA,LEU,C,64,1.0,45.54,,1.8,0.0
5947,ATOM,5947,CB,LEU,C,64,1.0,45.54,,1.8,0.0
5948,ATOM,5948,CG,LEU,C,64,1.0,45.54,,1.8,0.0
5949,ATOM,5949,CD1,LEU,C,64,1.0,45.54,,1.8,0.0
5950,ATOM,5950,CD2,LEU,C,64,1.0,45.54,,1.8,0.0
5951,ATOM,5951,C,LEU,C,64,1.0,45.54,,1.8,0.0
5952,ATOM,5952,O,LEU,C,64,1.0,45.54,,1.8,0.0
5953,ATOM,5953,N,ARG,C,65,1.0,63.31,,1.8,0.0
5954,ATOM,5954,CA,ARG,C,65,1.0,63.31,,1.8,0.0
5955,ATOM,5955,CB,ARG,C,65,1.0,63.31,,1.8,0.0
5956,ATOM,5956,CG,ARG,C,65,1.0,63.31,,1.8,0.0
5957,ATOM,5957,CD,ARG,C,65,1.0,63.31,,1.8,0.0
5958,ATOM,5958,NE,ARG,C,65,1.0,63.31,,1.8,0.0
5959,ATOM,5959,CZ,ARG,C,65,1.0,63.31,,1.8,0.0
5960,ATOM,5960,NH1,ARG,C,65,1.0,63.31,,1.8,0.0
5961,ATOM,5961,NH2,ARG,C,65,1.0,63.31,,1.8,0.0
5962,ATOM,5962,C,ARG,C,65,1.0,63.31,,1.8,0.0
5963,ATOM,5963,O,ARG,C,65,1.0,63.31,,1.8,0.0
5964,ATOM,5964,N,ALA,C,66,1.0,27.22,,1.8,0.0
5965,ATOM,5965,CA,ALA,C,66,1.0,27.22,,1.8,0.0
5966,ATOM,5966,CB,ALA,C,66,1.0,27.22,,1.8,0.0
5967,ATOM,5967,C,ALA,C,66,1.0,27.22,,1.8,0.0
5968,ATOM,5968,O,ALA,C,66,1.0,27.22,,1.8,0.0
5969,ATOM,5969,N,GLY,C,67,1.0,48.44,,1.8,0.0
5970,ATOM,5970,CA,GLY,C,67,1.0,48.44,,1.8,0.0
5971,ATOM,5971,C,GLY,C,67,1.0,48.44,,1.8,0.0
5972,ATOM,5972,O,GLY,C,67,1.0,48.44,,1.8,0.0
5973,ATOM,5973,N,GLY,C,68,1.0,40.28,,1.8,0.0
5974,ATOM,5974,CA,GLY,C,68,1.0,40.28,,1.8,0.0
5975,ATOM,5975,C,GLY,C,68,1.0,40.28,,1.8,0.0
5976,ATOM,5976,O,GLY,C,68,1.0,40.28,,1.8,0.0
5977,ATOM,5977,N,ILE,C,69,1.0,107.17,,1.8,0.0
5978,ATOM,5978,CA,ILE,C,69,1.0,107.17,,1.8,0.0
5979,ATOM,5979,CB,ILE,C,69,1.0,107.17,,1.8,0.0
5980,ATOM,5980,CG1,ILE,C,69,1.0,107.17,,1.8,0.0
5981,ATOM,5981,CG2,ILE,C,69,1.0,107.17,,1.8,0.0
5982,ATOM,5982,CD1,ILE,C,69,1.0,107.17,,1.8,0.0
5983,ATOM,5983,C,ILE,C,69,1.0,107.17,,1.8,0.0
5984,ATOM,5984,O,ILE,C,69,1.0,107.17,,1.8,0.0
5985,ATOM,5985,N,THR,C,70,1.0,70.03,,1.8,0.0
5986,ATOM,5986,CA,THR,C,70,1.0,70.03,,1.8,0.0
5987,ATOM,5987,CB,THR,C,70,1.0,70.03,,1.8,0.0
5988,ATOM,5988,OG1,THR,C,70,1.0,70.03,,1.8,0.0
5989,ATOM,5989,CG2,THR,C,70,1.0,70.03,,1.8,0.0
5990,ATOM,5990,C,THR,C,70,1.0,70.03,,1.8,0.0
5991,ATOM,5991,O,THR,C,70,1.0,70.03,,1.8,0.0
5992,ATOM,5992,N,LYS,C,71,1.0,119.35,,1.8,0.0
5993,ATOM,5993,CA,LYS,C,71,1.0,119.35,,1.8,0.0
5994,ATOM,5994,CB,LYS,C,71,1.0,119.35,,1.8,0.0
5995,ATOM,5995,CG,LYS,C,71,1.0,119.35,,1.8,0.0
5996,ATOM,5996,CD,LYS,C,71,1.0,119.35,,1.8,0.0
5997,ATOM,5997,CE,LYS,C,71,1.0,119.35,,1.8,0.0
5998,ATOM,5998,NZ,LYS,C,71,1.0,119.35,,1.8,0.0
5999,ATOM,5999,C,LYS,C,71,1.0,119.35,,1.8,0.0
6000,ATOM,6000,O,LYS,C,71,1.0,119.35,,1.8,0.0
6001,ATOM,6001,N,PRO,C,72,1.0,65.83,,1.8,0.0
6002,ATOM,6002,CA,PRO,C,72,1.0,65.83,,1.8,0.0
6003,ATOM,6003,CD,PRO,C,72,1.0,65.83,,1.8,0.0
6004,ATOM,6004,CB,PRO,C,72,1.0,65.83,,1.8,0.0
6005,ATOM,6005,CG,PRO,C,72,1.0,65.83,,1.8,0.0
6006,ATOM,6006,C,PRO,C,72,1.0,65.83,,1.8,0.0
6007,ATOM,6007,O,PRO,C,72,1.0,65.83,,1.8,0.0
6008,ATOM,6008,N,VAL,C,73,1.0,41.24,,1.8,0.0
6009,ATOM,6009,CA,VAL,C,73,1.0,41.24,,1.8,0.0
6010,ATOM,6010,CB,VAL,C,73,1.0,41.24,,1.8,0.0
6011,ATOM,6011,CG1,VAL,C,73,1.0,41.24,,1.8,0.0
6012,ATOM,6012,CG2,VAL,C,73,1.0,41.24,,1.8,0.0
6013,ATOM,6013,C,VAL,C,73,1.0,41.24,,1.8,0.0
6014,ATOM,6014,O,VAL,C,73,1.0,41.24,,1.8,0.0
6015,ATOM,6015,N,LEU,C,74,1.0,60.84,,1.8,0.0
6016,ATOM,6016,CA,LEU,C,74,1.0,60.84,,1.8,0.0
6017,ATOM,6017,CB,LEU,C,74,1.0,60.84,,1.8,0.0
6018,ATOM,6018,CG,LEU,C,74,1.0,60.84,,1.8,0.0
6019,ATOM,6019,CD1,LEU,C,74,1.0,60.84,,1.8,0.0
6020,ATOM,6020,CD2,LEU,C,74,1.0,60.84,,1.8,0.0
6021,ATOM,6021,C,LEU,C,74,1.0,60.84,,1.8,0.0
6022,ATOM,6022,O,LEU,C,74,1.0,60.84,,1.8,0.0
6023,ATOM,6023,N,LEU,C,75,1.0,74.51,,1.8,0.0
6024,ATOM,6024,CA,LEU,C,75,1.0,74.51,,1.8,0.0
6025,ATOM,6025,CB,LEU,C,75,1.0,74.51,,1.8,0.0
6026,ATOM,6026,CG,LEU,C,75,1.0,74.51,,1.8,0.0
6027,ATOM,6027,CD1,LEU,C,75,1.0,74.51,,1.8,0.0
6028,ATOM,6028,CD2,LEU,C,75,1.0,74.51,,1.8,0.0
6029,ATOM,6029,C,LEU,C,75,1.0,74.51,,1.8,0.0
6030,ATOM,6030,O,LEU,C,75,1.0,74.51,,1.8,0.0
6031,ATOM,6031,N,LEU,C,76,1.0,72.77,,1.8,0.0
6032,ATOM,6032,CA,LEU,C,76,1.0,72.77,,1.8,0.0
6033,ATOM,6033,CB,LEU,C,76,1.0,72.77,,1.8,0.0
6034,ATOM,6034,CG,LEU,C,76,1.0,72.77,,1.8,0.0
6035,ATOM,6035,CD1,LEU,C,76,1.0,72.77,,1.8,0.0
6036,ATOM,6036,CD2,LEU,C,76,1.0,72.77,,1.8,0.0
6037,ATOM,6037,C,LEU,C,76,1.0,72.77,,1.8,0.0
6038,ATOM,6038,O,LEU,C,76,1.0,72.77,,1.8,0.0
6039,ATOM,6039,N,GLU,C,77,1.0,97.76,,1.8,0.0
6040,ATOM,6040,CA,GLU,C,77,1.0,97.76,,1.8,0.0
6041,ATOM,6041,CB,GLU,C,77,1.0,97.76,,1.8,0.0
6042,ATOM,6042,CG,GLU,C,77,1.0,97.76,,1.8,0.0
6043,ATOM,6043,CD,GLU,C,77,1.0,97.76,,1.8,0.0
6044,ATOM,6044,OE1,GLU,C,77,1.0,97.76,,1.8,0.0
6045,ATOM,6045,OE2,GLU,C,77,1.0,97.76,,1.8,0.0
6046,ATOM,6046,C,GLU,C,77,1.0,97.76,,1.8,0.0
6047,ATOM,6047,O,GLU,C,77,1.0,97.76,,1.8,0.0
6048,ATOM,6048,N,GLY,C,78,1.0,40.4,,1.8,0.0
6049,ATOM,6049,CA,GLY,C,78,1.0,40.4,,1.8,0.0
6050,ATOM,6050,C,GLY,C,78,1.0,40.4,,1.8,0.0
6051,ATOM,6051,O,GLY,C,78,1.0,40.4,,1.8,0.0
6052,ATOM,6052,N,PHE,C,79,1.0,73.3,,1.8,0.0
6053,ATOM,6053,CA,PHE,C,79,1.0,73.3,,1.8,0.0
6054,ATOM,6054,CB,PHE,C,79,1.0,73.3,,1.8,0.0
6055,ATOM,6055,CG,PHE,C,79,1.0,73.3,,1.8,0.0
6056,ATOM,6056,CD1,PHE,C,79,1.0,73.3,,1.8,0.0
6057,ATOM,6057,CD2,PHE,C,79,1.0,73.3,,1.8,0.0
6058,ATOM,6058,CE1,PHE,C,79,1.0,73.3,,1.8,0.0
6059,ATOM,6059,CE2,PHE,C,79,1.0,73.3,,1.8,0.0
6060,ATOM,6060,CZ,PHE,C,79,1.0,73.3,,1.8,0.0
6061,ATOM,6061,C,PHE,C,79,1.0,73.3,,1.8,0.0
6062,ATOM,6062,O,PHE,C,79,1.0,73.3,,1.8,0.0
6063,ATOM,6063,N,PHE,C,80,1.0,105.66,,1.8,0.0
6064,ATOM,6064,CA,PHE,C,80,1.0,105.66,,1.8,0.0
6065,ATOM,6065,CB,PHE,C,80,1.0,105.66,,1.8,0.0
6066,ATOM,6066,CG,PHE,C,80,1.0,105.66,,1.8,0.0
6067,ATOM,6067,CD1,PHE,C,80,1.0,105.66,,1.8,0.0
6068,ATOM,6068,CD2,PHE,C,80,1.0,105.66,,1.8,0.0
6069,ATOM,6069,CE1,PHE,C,80,1.0,105.66,,1.8,0.0
6070,ATOM,6070,CE2,PHE,C,80,1.0,105.66,,1.8,0.0
6071,ATOM,6071,CZ,PHE,C,80,1.0,105.66,,1.8,0.0
6072,ATOM,6072,C,PHE,C,80,1.0,105.66,,1.8,0.0
6073,ATOM,6073,O,PHE,C,80,1.0,105.66,,1.8,0.0
6074,ATOM,6074,N,ASP,C,81,1.0,97.71,,1.8,0.0
6075,ATOM,6075,CA,ASP,C,81,1.0,97.71,,1.8,0.0
6076,ATOM,6076,CB,ASP,C,81,1.0,97.71,,1.8,0.0
6077,ATOM,6077,CG,ASP,C,81,1.0,97.71,,1.8,0.0
6078,ATOM,6078,OD1,ASP,C,81,1.0,97.71,,1.8,0.0
6079,ATOM,6079,OD2,ASP,C,81,1.0,97.71,,1.8,0.0
6080,ATOM,6080,C,ASP,C,81,1.0,97.71,,1.8,0.0
6081,ATOM,6081,O,ASP,C,81,1.0,97.71,,1.8,0.0
6082,ATOM,6082,N,ALA,C,82,1.0,48.19,,1.8,0.0
6083,ATOM,6083,CA,ALA,C,82,1.0,48.19,,1.8,0.0
6084,ATOM,6084,CB,ALA,C,82,1.0,48.19,,1.8,0.0
6085,ATOM,6085,C,ALA,C,82,1.0,48.19,,1.8,0.0
6086,ATOM,6086,O,ALA,C,82,1.0,48.19,,1.8,0.0
6087,ATOM,6087,N,ARG,C,83,1.0,139.65,,1.8,0.0
6088,ATOM,6088,CA,ARG,C,83,1.0,139.65,,1.8,0.0
6089,ATOM,6089,CB,ARG,C,83,1.0,139.65,,1.8,0.0
6090,ATOM,6090,CG,ARG,C,83,1.0,139.65,,1.8,0.0
6091,ATOM,6091,CD,ARG,C,83,1.0,139.65,,1.8,0.0
6092,ATOM,6092,NE,ARG,C,83,1.0,139.65,,1.8,0.0
6093,ATOM,6093,CZ,ARG,C,83,1.0,139.65,,1.8,0.0
6094,ATOM,6094,NH1,ARG,C,83,1.0,139.65,,1.8,0.0
6095,ATOM,6095,NH2,ARG,C,83,1.0,139.65,,1.8,0.0
6096,ATOM,6096,C,ARG,C,83,1.0,139.65,,1.8,0.0
6097,ATOM,6097,O,ARG,C,83,1.0,139.65,,1.8,0.0
6098,ATOM,6098,N,ASP,C,84,1.0,68.17,,1.8,0.0
6099,ATOM,6099,CA,ASP,C,84,1.0,68.17,,1.8,0.0
6100,ATOM,6100,CB,ASP,C,84,1.0,68.17,,1.8,0.0
6101,ATOM,6101,CG,ASP,C,84,1.0,68.17,,1.8,0.0
6102,ATOM,6102,OD1,ASP,C,84,1.0,68.17,,1.8,0.0
6103,ATOM,6103,OD2,ASP,C,84,1.0,68.17,,1.8,0.0
6104,ATOM,6104,C,ASP,C,84,1.0,68.17,,1.8,0.0
6105,ATOM,6105,O,ASP,C,84,1.0,68.17,,1.8,0.0
6106,ATOM,6106,N,LEU,C,85,1.0,73.12,,1.8,0.0
6107,ATOM,6107,CA,LEU,C,85,1.0,73.12,,1.8,0.0
6108,ATOM,6108,CB,LEU,C,85,1.0,73.12,,1.8,0.0
6109,ATOM,6109,CG,LEU,C,85,1.0,73.12,,1.8,0.0
6110,ATOM,6110,CD1,LEU,C,85,1.0,73.12,,1.8,0.0
6111,ATOM,6111,CD2,LEU,C,85,1.0,73.12,,1.8,0.0
6112,ATOM,6112,C,LEU,C,85,1.0,73.12,,1.8,0.0
6113,ATOM,6113,O,LEU,C,85,1.0,73.12,,1.8,0.0
6114,ATOM,6114,N,PRO,C,86,1.0,76.12,,1.8,0.0
6115,ATOM,6115,CA,PRO,C,86,1.0,76.12,,1.8,0.0
6116,ATOM,6116,CD,PRO,C,86,1.0,76.12,,1.8,0.0
6117,ATOM,6117,CB,PRO,C,86,1.0,76.12,,1.8,0.0
6118,ATOM,6118,CG,PRO,C,86,1.0,76.12,,1.8,0.0
6119,ATOM,6119,C,PRO,C,86,1.0,76.12,,1.8,0.0
6120,ATOM,6120,O,PRO,C,86,1.0,76.12,,1.8,0.0
6121,ATOM,6121,N,THR,C,87,1.0,104.36,,1.8,0.0
6122,ATOM,6122,CA,THR,C,87,1.0,104.36,,1.8,0.0
6123,ATOM,6123,CB,THR,C,87,1.0,104.36,,1.8,0.0
6124,ATOM,6124,OG1,THR,C,87,1.0,104.36,,1.8,0.0
6125,ATOM,6125,CG2,THR,C,87,1.0,104.36,,1.8,0.0
6126,ATOM,6126,C,THR,C,87,1.0,104.36,,1.8,0.0
6127,ATOM,6127,O,THR,C,87,1.0,104.36,,1.8,0.0
6128,ATOM,6128,N,ILE,C,88,1.0,43.8,,1.8,0.0
6129,ATOM,6129,CA,ILE,C,88,1.0,43.8,,1.8,0.0
6130,ATOM,6130,CB,ILE,C,88,1.0,43.8,,1.8,0.0
6131,ATOM,6131,CG1,ILE,C,88,1.0,43.8,,1.8,0.0
6132,ATOM,6132,CG2,ILE,C,88,1.0,43.8,,1.8,0.0
6133,ATOM,6133,CD1,ILE,C,88,1.0,43.8,,1.8,0.0
6134,ATOM,6134,C,ILE,C,88,1.0,43.8,,1.8,0.0
6135,ATOM,6135,O,ILE,C,88,1.0,43.8,,1.8,0.0
6136,ATOM,6136,N,SER,C,89,1.0,44.58,,1.8,0.0
6137,ATOM,6137,CA,SER,C,89,1.0,44.58,,1.8,0.0
6138,ATOM,6138,CB,SER,C,89,1.0,44.58,,1.8,0.0
6139,ATOM,6139,OG,SER,C,89,1.0,44.58,,1.8,0.0
6140,ATOM,6140,C,SER,C,89,1.0,44.58,,1.8,0.0
6141,ATOM,6141,O,SER,C,89,1.0,44.58,,1.8,0.0
6142,ATOM,6142,N,ALA,C,90,1.0,45.94,,1.8,0.0
6143,ATOM,6143,CA,ALA,C,90,1.0,45.94,,1.8,0.0
6144,ATOM,6144,CB,ALA,C,90,1.0,45.94,,1.8,0.0
6145,ATOM,6145,C,ALA,C,90,1.0,45.94,,1.8,0.0
6146,ATOM,6146,O,ALA,C,90,1.0,45.94,,1.8,0.0
6147,ATOM,6147,N,GLN,C,91,1.0,84.3,,1.8,0.0
6148,ATOM,6148,CA,GLN,C,91,1.0,84.3,,1.8,0.0
6149,ATOM,6149,CB,GLN,C,91,1.0,84.3,,1.8,0.0
6150,ATOM,6150,CG,GLN,C,91,1.0,84.3,,1.8,0.0
6151,ATOM,6151,CD,GLN,C,91,1.0,84.3,,1.8,0.0
6152,ATOM,6152,OE1,GLN,C,91,1.0,84.3,,1.8,0.0
6153,ATOM,6153,NE2,GLN,C,91,1.0,84.3,,1.8,0.0
6154,ATOM,6154,C,GLN,C,91,1.0,84.3,,1.8,0.0
6155,ATOM,6155,O,GLN,C,91,1.0,84.3,,1.8,0.0
6156,ATOM,6156,N,HIS,C,92,1.0,84.2,,1.8,0.0
6157,ATOM,6157,CA,HIS,C,92,1.0,84.2,,1.8,0.0
6158,ATOM,6158,ND1,HIS,C,92,1.0,84.2,,1.8,0.0
6159,ATOM,6159,CG,HIS,C,92,1.0,84.2,,1.8,0.0
6160,ATOM,6160,CB,HIS,C,92,1.0,84.2,,1.8,0.0
6161,ATOM,6161,NE2,HIS,C,92,1.0,84.2,,1.8,0.0
6162,ATOM,6162,CD2,HIS,C,92,1.0,84.2,,1.8,0.0
6163,ATOM,6163,CE1,HIS,C,92,1.0,84.2,,1.8,0.0
6164,ATOM,6164,C,HIS,C,92,1.0,84.2,,1.8,0.0
6165,ATOM,6165,O,HIS,C,92,1.0,84.2,,1.8,0.0
6166,ATOM,6166,N,PHE,C,93,1.0,89.98,,1.8,0.0
6167,ATOM,6167,CA,PHE,C,93,1.0,89.98,,1.8,0.0
6168,ATOM,6168,CB,PHE,C,93,1.0,89.98,,1.8,0.0
6169,ATOM,6169,CG,PHE,C,93,1.0,89.98,,1.8,0.0
6170,ATOM,6170,CD1,PHE,C,93,1.0,89.98,,1.8,0.0
6171,ATOM,6171,CD2,PHE,C,93,1.0,89.98,,1.8,0.0
6172,ATOM,6172,CE1,PHE,C,93,1.0,89.98,,1.8,0.0
6173,ATOM,6173,CE2,PHE,C,93,1.0,89.98,,1.8,0.0
6174,ATOM,6174,CZ,PHE,C,93,1.0,89.98,,1.8,0.0
6175,ATOM,6175,C,PHE,C,93,1.0,89.98,,1.8,0.0
6176,ATOM,6176,O,PHE,C,93,1.0,89.98,,1.8,0.0
6177,ATOM,6177,N,HIS,C,94,1.0,73.0,,1.8,0.0
6178,ATOM,6178,CA,HIS,C,94,1.0,73.0,,1.8,0.0
6179,ATOM,6179,ND1,HIS,C,94,1.0,73.0,,1.8,0.0
6180,ATOM,6180,CG,HIS,C,94,1.0,73.0,,1.8,0.0
6181,ATOM,6181,CB,HIS,C,94,1.0,73.0,,1.8,0.0
6182,ATOM,6182,NE2,HIS,C,94,1.0,73.0,,1.8,0.0
6183,ATOM,6183,CD2,HIS,C,94,1.0,73.0,,1.8,0.0
6184,ATOM,6184,CE1,HIS,C,94,1.0,73.0,,1.8,0.0
6185,ATOM,6185,C,HIS,C,94,1.0,73.0,,1.8,0.0
6186,ATOM,6186,O,HIS,C,94,1.0,73.0,,1.8,0.0
6187,ATOM,6187,N,THR,C,95,1.0,119.4,,1.8,0.0
6188,ATOM,6188,CA,THR,C,95,1.0,119.4,,1.8,0.0
6189,ATOM,6189,CB,THR,C,95,1.0,119.4,,1.8,0.0
6190,ATOM,6190,OG1,THR,C,95,1.0,119.4,,1.8,0.0
6191,ATOM,6191,CG2,THR,C,95,1.0,119.4,,1.8,0.0
6192,ATOM,6192,C,THR,C,95,1.0,119.4,,1.8,0.0
6193,ATOM,6193,O,THR,C,95,1.0,119.4,,1.8,0.0
6194,ATOM,6194,N,ALA,C,96,1.0,43.95,,1.8,0.0
6195,ATOM,6195,CA,ALA,C,96,1.0,43.95,,1.8,0.0
6196,ATOM,6196,CB,ALA,C,96,1.0,43.95,,1.8,0.0
6197,ATOM,6197,C,ALA,C,96,1.0,43.95,,1.8,0.0
6198,ATOM,6198,O,ALA,C,96,1.0,43.95,,1.8,0.0
6199,ATOM,6199,N,VAL,C,97,1.0,72.51,,1.8,0.0
6200,ATOM,6200,CA,VAL,C,97,1.0,72.51,,1.8,0.0
6201,ATOM,6201,CB,VAL,C,97,1.0,72.51,,1.8,0.0
6202,ATOM,6202,CG1,VAL,C,97,1.0,72.51,,1.8,0.0
6203,ATOM,6203,CG2,VAL,C,97,1.0,72.51,,1.8,0.0
6204,ATOM,6204,C,VAL,C,97,1.0,72.51,,1.8,0.0
6205,ATOM,6205,O,VAL,C,97,1.0,72.51,,1.8,0.0
6206,ATOM,6206,N,HIS,C,98,1.0,126.31,,1.8,0.0
6207,ATOM,6207,CA,HIS,C,98,1.0,126.31,,1.8,0.0
6208,ATOM,6208,ND1,HIS,C,98,1.0,126.31,,1.8,0.0
6209,ATOM,6209,CG,HIS,C,98,1.0,126.31,,1.8,0.0
6210,ATOM,6210,CB,HIS,C,98,1.0,126.31,,1.8,0.0
6211,ATOM,6211,NE2,HIS,C,98,1.0,126.31,,1.8,0.0
6212,ATOM,6212,CD2,HIS,C,98,1.0,126.31,,1.8,0.0
6213,ATOM,6213,CE1,HIS,C,98,1.0,126.31,,1.8,0.0
6214,ATOM,6214,C,HIS,C,98,1.0,126.31,,1.8,0.0
6215,ATOM,6215,O,HIS,C,98,1.0,126.31,,1.8,0.0
6216,ATOM,6216,N,ASN,C,99,1.0,81.64,,1.8,0.0
6217,ATOM,6217,CA,ASN,C,99,1.0,81.64,,1.8,0.0
6218,ATOM,6218,CB,ASN,C,99,1.0,81.64,,1.8,0.0
6219,ATOM,6219,CG,ASN,C,99,1.0,81.64,,1.8,0.0
6220,ATOM,6220,OD1,ASN,C,99,1.0,81.64,,1.8,0.0
6221,ATOM,6221,ND2,ASN,C,99,1.0,81.64,,1.8,0.0
6222,ATOM,6222,C,ASN,C,99,1.0,81.64,,1.8,0.0
6223,ATOM,6223,O,ASN,C,99,1.0,81.64,,1.8,0.0
6224,ATOM,6224,N,GLU,C,100,1.0,86.83,,1.8,0.0
6225,ATOM,6225,CA,GLU,C,100,1.0,86.83,,1.8,0.0
6226,ATOM,6226,CB,GLU,C,100,1.0,86.83,,1.8,0.0
6227,ATOM,6227,CG,GLU,C,100,1.0,86.83,,1.8,0.0
6228,ATOM,6228,CD,GLU,C,100,1.0,86.83,,1.8,0.0
6229,ATOM,6229,OE1,GLU,C,100,1.0,86.83,,1.8,0.0
6230,ATOM,6230,OE2,GLU,C,100,1.0,86.83,,1.8,0.0
6231,ATOM,6231,C,GLU,C,100,1.0,86.83,,1.8,0.0
6232,ATOM,6232,O,GLU,C,100,1.0,86.83,,1.8,0.0
6233,ATOM,6233,N,GLU,C,101,1.0,74.19,,1.8,0.0
6234,ATOM,6234,CA,GLU,C,101,1.0,74.19,,1.8,0.0
6235,ATOM,6235,CB,GLU,C,101,1.0,74.19,,1.8,0.0
6236,ATOM,6236,CG,GLU,C,101,1.0,74.19,,1.8,0.0
6237,ATOM,6237,CD,GLU,C,101,1.0,74.19,,1.8,0.0
6238,ATOM,6238,OE1,GLU,C,101,1.0,74.19,,1.8,0.0
6239,ATOM,6239,OE2,GLU,C,101,1.0,74.19,,1.8,0.0
6240,ATOM,6240,C,GLU,C,101,1.0,74.19,,1.8,0.0
6241,ATOM,6241,O,GLU,C,101,1.0,74.19,,1.8,0.0
6242,ATOM,6242,N,GLN,C,102,1.0,46.62,,1.8,0.0
6243,ATOM,6243,CA,GLN,C,102,1.0,46.62,,1.8,0.0
6244,ATOM,6244,CB,GLN,C,102,1.0,46.62,,1.8,0.0
6245,ATOM,6245,CG,GLN,C,102,1.0,46.62,,1.8,0.0
6246,ATOM,6246,CD,GLN,C,102,1.0,46.62,,1.8,0.0
6247,ATOM,6247,OE1,GLN,C,102,1.0,46.62,,1.8,0.0
6248,ATOM,6248,NE2,GLN,C,102,1.0,46.62,,1.8,0.0
6249,ATOM,6249,C,GLN,C,102,1.0,46.62,,1.8,0.0
6250,ATOM,6250,O,GLN,C,102,1.0,46.62,,1.8,0.0
6251,ATOM,6251,N,LEU,C,103,1.0,63.13,,1.8,0.0
6252,ATOM,6252,CA,LEU,C,103,1.0,63.13,,1.8,0.0
6253,ATOM,6253,CB,LEU,C,103,1.0,63.13,,1.8,0.0
6254,ATOM,6254,CG,LEU,C,103,1.0,63.13,,1.8,0.0
6255,ATOM,6255,CD1,LEU,C,103,1.0,63.13,,1.8,0.0
6256,ATOM,6256,CD2,LEU,C,103,1.0,63.13,,1.8,0.0
6257,ATOM,6257,C,LEU,C,103,1.0,63.13,,1.8,0.0
6258,ATOM,6258,O,LEU,C,103,1.0,63.13,,1.8,0.0
6259,ATOM,6259,N,ALA,C,104,1.0,34.95,,1.8,0.0
6260,ATOM,6260,CA,ALA,C,104,1.0,34.95,,1.8,0.0
6261,ATOM,6261,CB,ALA,C,104,1.0,34.95,,1.8,0.0
6262,ATOM,6262,C,ALA,C,104,1.0,34.95,,1.8,0.0
6263,ATOM,6263,O,ALA,C,104,1.0,34.95,,1.8,0.0
6264,ATOM,6264,N,ALA,C,105,1.0,26.5,,1.8,0.0
6265,ATOM,6265,CA,ALA,C,105,1.0,26.5,,1.8,0.0
6266,ATOM,6266,CB,ALA,C,105,1.0,26.5,,1.8,0.0
6267,ATOM,6267,C,ALA,C,105,1.0,26.5,,1.8,0.0
6268,ATOM,6268,O,ALA,C,105,1.0,26.5,,1.8,0.0
6269,ATOM,6269,N,LEU,C,106,1.0,52.04,,1.8,0.0
6270,ATOM,6270,CA,LEU,C,106,1.0,52.04,,1.8,0.0
6271,ATOM,6271,CB,LEU,C,106,1.0,52.04,,1.8,0.0
6272,ATOM,6272,CG,LEU,C,106,1.0,52.04,,1.8,0.0
6273,ATOM,6273,CD1,LEU,C,106,1.0,52.04,,1.8,0.0
6274,ATOM,6274,CD2,LEU,C,106,1.0,52.04,,1.8,0.0
6275,ATOM,6275,C,LEU,C,106,1.0,52.04,,1.8,0.0
6276,ATOM,6276,O,LEU,C,106,1.0,52.04,,1.8,0.0
6277,ATOM,6277,N,GLU,C,107,1.0,53.98,,1.8,0.0
6278,ATOM,6278,CA,GLU,C,107,1.0,53.98,,1.8,0.0
6279,ATOM,6279,CB,GLU,C,107,1.0,53.98,,1.8,0.0
6280,ATOM,6280,CG,GLU,C,107,1.0,53.98,,1.8,0.0
6281,ATOM,6281,CD,GLU,C,107,1.0,53.98,,1.8,0.0
6282,ATOM,6282,OE1,GLU,C,107,1.0,53.98,,1.8,0.0
6283,ATOM,6283,OE2,GLU,C,107,1.0,53.98,,1.8,0.0
6284,ATOM,6284,C,GLU,C,107,1.0,53.98,,1.8,0.0
6285,ATOM,6285,O,GLU,C,107,1.0,53.98,,1.8,0.0
6286,ATOM,6286,N,GLU,C,108,1.0,112.9,,1.8,0.0
6287,ATOM,6287,CA,GLU,C,108,1.0,112.9,,1.8,0.0
6288,ATOM,6288,CB,GLU,C,108,1.0,112.9,,1.8,0.0
6289,ATOM,6289,CG,GLU,C,108,1.0,112.9,,1.8,0.0
6290,ATOM,6290,CD,GLU,C,108,1.0,112.9,,1.8,0.0
6291,ATOM,6291,OE1,GLU,C,108,1.0,112.9,,1.8,0.0
6292,ATOM,6292,OE2,GLU,C,108,1.0,112.9,,1.8,0.0
6293,ATOM,6293,C,GLU,C,108,1.0,112.9,,1.8,0.0
6294,ATOM,6294,O,GLU,C,108,1.0,112.9,,1.8,0.0
6295,ATOM,6295,N,ALA,C,109,1.0,58.0,,1.8,0.0
6296,ATOM,6296,CA,ALA,C,109,1.0,58.0,,1.8,0.0
6297,ATOM,6297,CB,ALA,C,109,1.0,58.0,,1.8,0.0
6298,ATOM,6298,C,ALA,C,109,1.0,58.0,,1.8,0.0
6299,ATOM,6299,O,ALA,C,109,1.0,58.0,,1.8,0.0
6300,ATOM,6300,N,SER,C,110,1.0,127.11,,1.8,0.0
6301,ATOM,6301,CA,SER,C,110,1.0,127.11,,1.8,0.0
6302,ATOM,6302,CB,SER,C,110,1.0,127.11,,1.8,0.0
6303,ATOM,6303,OG,SER,C,110,1.0,127.11,,1.8,0.0
6304,ATOM,6304,C,SER,C,110,1.0,127.11,,1.8,0.0
6305,ATOM,6305,O,SER,C,110,1.0,127.11,,1.8,0.0
6306,ATOM,6306,N,LEU,C,111,1.0,107.99,,1.8,0.0
6307,ATOM,6307,CA,LEU,C,111,1.0,107.99,,1.8,0.0
6308,ATOM,6308,CB,LEU,C,111,1.0,107.99,,1.8,0.0
6309,ATOM,6309,CG,LEU,C,111,1.0,107.99,,1.8,0.0
6310,ATOM,6310,CD1,LEU,C,111,1.0,107.99,,1.8,0.0
6311,ATOM,6311,CD2,LEU,C,111,1.0,107.99,,1.8,0.0
6312,ATOM,6312,C,LEU,C,111,1.0,107.99,,1.8,0.0
6313,ATOM,6313,O,LEU,C,111,1.0,107.99,,1.8,0.0
6314,ATOM,6314,N,ASP,C,112,1.0,70.17,,1.8,0.0
6315,ATOM,6315,CA,ASP,C,112,1.0,70.17,,1.8,0.0
6316,ATOM,6316,CB,ASP,C,112,1.0,70.17,,1.8,0.0
6317,ATOM,6317,CG,ASP,C,112,1.0,70.17,,1.8,0.0
6318,ATOM,6318,OD1,ASP,C,112,1.0,70.17,,1.8,0.0
6319,ATOM,6319,OD2,ASP,C,112,1.0,70.17,,1.8,0.0
6320,ATOM,6320,C,ASP,C,112,1.0,70.17,,1.8,0.0
6321,ATOM,6321,O,ASP,C,112,1.0,70.17,,1.8,0.0
6322,ATOM,6322,N,GLU,C,113,1.0,51.86,,1.8,0.0
6323,ATOM,6323,CA,GLU,C,113,1.0,51.86,,1.8,0.0
6324,ATOM,6324,CB,GLU,C,113,1.0,51.86,,1.8,0.0
6325,ATOM,6325,CG,GLU,C,113,1.0,51.86,,1.8,0.0
6326,ATOM,6326,CD,GLU,C,113,1.0,51.86,,1.8,0.0
6327,ATOM,6327,OE1,GLU,C,113,1.0,51.86,,1.8,0.0
6328,ATOM,6328,OE2,GLU,C,113,1.0,51.86,,1.8,0.0
6329,ATOM,6329,C,GLU,C,113,1.0,51.86,,1.8,0.0
6330,ATOM,6330,O,GLU,C,113,1.0,51.86,,1.8,0.0
6331,ATOM,6331,N,PRO,C,114,1.0,70.72,,1.8,0.0
6332,ATOM,6332,CA,PRO,C,114,1.0,70.72,,1.8,0.0
6333,ATOM,6333,CD,PRO,C,114,1.0,70.72,,1.8,0.0
6334,ATOM,6334,CB,PRO,C,114,1.0,70.72,,1.8,0.0
6335,ATOM,6335,CG,PRO,C,114,1.0,70.72,,1.8,0.0
6336,ATOM,6336,C,PRO,C,114,1.0,70.72,,1.8,0.0
6337,ATOM,6337,O,PRO,C,114,1.0,70.72,,1.8,0.0
6338,ATOM,6338,N,VAL,C,115,1.0,40.42,,1.8,0.0
6339,ATOM,6339,CA,VAL,C,115,1.0,40.42,,1.8,0.0
6340,ATOM,6340,CB,VAL,C,115,1.0,40.42,,1.8,0.0
6341,ATOM,6341,CG1,VAL,C,115,1.0,40.42,,1.8,0.0
6342,ATOM,6342,CG2,VAL,C,115,1.0,40.42,,1.8,0.0
6343,ATOM,6343,C,VAL,C,115,1.0,40.42,,1.8,0.0
6344,ATOM,6344,O,VAL,C,115,1.0,40.42,,1.8,0.0
6345,ATOM,6345,N,THR,C,116,1.0,48.42,,1.8,0.0
6346,ATOM,6346,CA,THR,C,116,1.0,48.42,,1.8,0.0
6347,ATOM,6347,CB,THR,C,116,1.0,48.42,,1.8,0.0
6348,ATOM,6348,OG1,THR,C,116,1.0,48.42,,1.8,0.0
6349,ATOM,6349,CG2,THR,C,116,1.0,48.42,,1.8,0.0
6350,ATOM,6350,C,THR,C,116,1.0,48.42,,1.8,0.0
6351,ATOM,6351,O,THR,C,116,1.0,48.42,,1.8,0.0
6352,ATOM,6352,N,VAL,C,117,1.0,49.34,,1.8,0.0
6353,ATOM,6353,CA,VAL,C,117,1.0,49.34,,1.8,0.0
6354,ATOM,6354,CB,VAL,C,117,1.0,49.34,,1.8,0.0
6355,ATOM,6355,CG1,VAL,C,117,1.0,49.34,,1.8,0.0
6356,ATOM,6356,CG2,VAL,C,117,1.0,49.34,,1.8,0.0
6357,ATOM,6357,C,VAL,C,117,1.0,49.34,,1.8,0.0
6358,ATOM,6358,O,VAL,C,117,1.0,49.34,,1.8,0.0
6359,ATOM,6359,N,TRP,C,118,1.0,79.93,,1.8,0.0
6360,ATOM,6360,CA,TRP,C,118,1.0,79.93,,1.8,0.0
6361,ATOM,6361,CB,TRP,C,118,1.0,79.93,,1.8,0.0
6362,ATOM,6362,CG,TRP,C,118,1.0,79.93,,1.8,0.0
6363,ATOM,6363,CD2,TRP,C,118,1.0,79.93,,1.8,0.0
6364,ATOM,6364,CD1,TRP,C,118,1.0,79.93,,1.8,0.0
6365,ATOM,6365,NE1,TRP,C,118,1.0,79.93,,1.8,0.0
6366,ATOM,6366,CE2,TRP,C,118,1.0,79.93,,1.8,0.0
6367,ATOM,6367,CE3,TRP,C,118,1.0,79.93,,1.8,0.0
6368,ATOM,6368,CZ2,TRP,C,118,1.0,79.93,,1.8,0.0
6369,ATOM,6369,CZ3,TRP,C,118,1.0,79.93,,1.8,0.0
6370,ATOM,6370,CH2,TRP,C,118,1.0,79.93,,1.8,0.0
6371,ATOM,6371,C,TRP,C,118,1.0,79.93,,1.8,0.0
6372,ATOM,6372,O,TRP,C,118,1.0,79.93,,1.8,0.0
6373,ATOM,6373,N,MET,C,119,1.0,53.43,,1.8,0.0
6374,ATOM,6374,CA,MET,C,119,1.0,53.43,,1.8,0.0
6375,ATOM,6375,CB,MET,C,119,1.0,53.43,,1.8,0.0
6376,ATOM,6376,CG,MET,C,119,1.0,53.43,,1.8,0.0
6377,ATOM,6377,SD,MET,C,119,1.0,53.43,,1.8,0.0
6378,ATOM,6378,CE,MET,C,119,1.0,53.43,,1.8,0.0
6379,ATOM,6379,C,MET,C,119,1.0,53.43,,1.8,0.0
6380,ATOM,6380,O,MET,C,119,1.0,53.43,,1.8,0.0
6381,ATOM,6381,N,LYS,C,120,1.0,109.8,,1.8,0.0
6382,ATOM,6382,CA,LYS,C,120,1.0,109.8,,1.8,0.0
6383,ATOM,6383,CB,LYS,C,120,1.0,109.8,,1.8,0.0
6384,ATOM,6384,CG,LYS,C,120,1.0,109.8,,1.8,0.0
6385,ATOM,6385,CD,LYS,C,120,1.0,109.8,,1.8,0.0
6386,ATOM,6386,CE,LYS,C,120,1.0,109.8,,1.8,0.0
6387,ATOM,6387,NZ,LYS,C,120,1.0,109.8,,1.8,0.0
6388,ATOM,6388,C,LYS,C,120,1.0,109.8,,1.8,0.0
6389,ATOM,6389,O,LYS,C,120,1.0,109.8,,1.8,0.0
6390,ATOM,6390,N,LEU,C,121,1.0,162.1,,1.8,0.0
6391,ATOM,6391,CA,LEU,C,121,1.0,162.1,,1.8,0.0
6392,ATOM,6392,CB,LEU,C,121,1.0,162.1,,1.8,0.0
6393,ATOM,6393,CG,LEU,C,121,1.0,162.1,,1.8,0.0
6394,ATOM,6394,CD1,LEU,C,121,1.0,162.1,,1.8,0.0
6395,ATOM,6395,CD2,LEU,C,121,1.0,162.1,,1.8,0.0
6396,ATOM,6396,C,LEU,C,121,1.0,162.1,,1.8,0.0
6397,ATOM,6397,O,LEU,C,121,1.0,162.1,,1.8,0.0
6398,ATOM,6398,N,ASP,C,122,1.0,70.74,,1.8,0.0
6399,ATOM,6399,CA,ASP,C,122,1.0,70.74,,1.8,0.0
6400,ATOM,6400,CB,ASP,C,122,1.0,70.74,,1.8,0.0
6401,ATOM,6401,CG,ASP,C,122,1.0,70.74,,1.8,0.0
6402,ATOM,6402,OD1,ASP,C,122,1.0,70.74,,1.8,0.0
6403,ATOM,6403,OD2,ASP,C,122,1.0,70.74,,1.8,0.0
6404,ATOM,6404,C,ASP,C,122,1.0,70.74,,1.8,0.0
6405,ATOM,6405,O,ASP,C,122,1.0,70.74,,1.8,0.0
6406,ATOM,6406,N,THR,C,123,1.0,174.64,,1.8,0.0
6407,ATOM,6407,CA,THR,C,123,1.0,174.64,,1.8,0.0
6408,ATOM,6408,CB,THR,C,123,1.0,174.64,,1.8,0.0
6409,ATOM,6409,OG1,THR,C,123,1.0,174.64,,1.8,0.0
6410,ATOM,6410,CG2,THR,C,123,1.0,174.64,,1.8,0.0
6411,ATOM,6411,C,THR,C,123,1.0,174.64,,1.8,0.0
6412,ATOM,6412,O,THR,C,123,1.0,174.64,,1.8,0.0
6413,ATOM,6413,N,GLY,C,124,1.0,61.9,,1.8,0.0
6414,ATOM,6414,CA,GLY,C,124,1.0,61.9,,1.8,0.0
6415,ATOM,6415,C,GLY,C,124,1.0,61.9,,1.8,0.0
6416,ATOM,6416,O,GLY,C,124,1.0,61.9,,1.8,0.0
6417,ATOM,6417,N,MET,C,125,1.0,114.55,,1.8,0.0
6418,ATOM,6418,CA,MET,C,125,1.0,114.55,,1.8,0.0
6419,ATOM,6419,CB,MET,C,125,1.0,114.55,,1.8,0.0
6420,ATOM,6420,CG,MET,C,125,1.0,114.55,,1.8,0.0
6421,ATOM,6421,SD,MET,C,125,1.0,114.55,,1.8,0.0
6422,ATOM,6422,CE,MET,C,125,1.0,114.55,,1.8,0.0
6423,ATOM,6423,C,MET,C,125,1.0,114.55,,1.8,0.0
6424,ATOM,6424,O,MET,C,125,1.0,114.55,,1.8,0.0
6425,ATOM,6425,N,HIS,C,126,1.0,91.42,,1.8,0.0
6426,ATOM,6426,CA,HIS,C,126,1.0,91.42,,1.8,0.0
6427,ATOM,6427,ND1,HIS,C,126,1.0,91.42,,1.8,0.0
6428,ATOM,6428,CG,HIS,C,126,1.0,91.42,,1.8,0.0
6429,ATOM,6429,CB,HIS,C,126,1.0,91.42,,1.8,0.0
6430,ATOM,6430,NE2,HIS,C,126,1.0,91.42,,1.8,0.0
6431,ATOM,6431,CD2,HIS,C,126,1.0,91.42,,1.8,0.0
6432,ATOM,6432,CE1,HIS,C,126,1.0,91.42,,1.8,0.0
6433,ATOM,6433,C,HIS,C,126,1.0,91.42,,1.8,0.0
6434,ATOM,6434,O,HIS,C,126,1.0,91.42,,1.8,0.0
6435,ATOM,6435,N,ARG,C,127,1.0,148.93,,1.8,0.0
6436,ATOM,6436,CA,ARG,C,127,1.0,148.93,,1.8,0.0
6437,ATOM,6437,CB,ARG,C,127,1.0,148.93,,1.8,0.0
6438,ATOM,6438,CG,ARG,C,127,1.0,148.93,,1.8,0.0
6439,ATOM,6439,CD,ARG,C,127,1.0,148.93,,1.8,0.0
6440,ATOM,6440,NE,ARG,C,127,1.0,148.93,,1.8,0.0
6441,ATOM,6441,CZ,ARG,C,127,1.0,148.93,,1.8,0.0
6442,ATOM,6442,NH1,ARG,C,127,1.0,148.93,,1.8,0.0
6443,ATOM,6443,NH2,ARG,C,127,1.0,148.93,,1.8,0.0
6444,ATOM,6444,C,ARG,C,127,1.0,148.93,,1.8,0.0
6445,ATOM,6445,O,ARG,C,127,1.0,148.93,,1.8,0.0
6446,ATOM,6446,N,LEU,C,128,1.0,130.86,,1.8,0.0
6447,ATOM,6447,CA,LEU,C,128,1.0,130.86,,1.8,0.0
6448,ATOM,6448,CB,LEU,C,128,1.0,130.86,,1.8,0.0
6449,ATOM,6449,CG,LEU,C,128,1.0,130.86,,1.8,0.0
6450,ATOM,6450,CD1,LEU,C,128,1.0,130.86,,1.8,0.0
6451,ATOM,6451,CD2,LEU,C,128,1.0,130.86,,1.8,0.0
6452,ATOM,6452,C,LEU,C,128,1.0,130.86,,1.8,0.0
6453,ATOM,6453,O,LEU,C,128,1.0,130.86,,1.8,0.0
6454,ATOM,6454,N,GLY,C,129,1.0,40.37,,1.8,0.0
6455,ATOM,6455,CA,GLY,C,129,1.0,40.37,,1.8,0.0
6456,ATOM,6456,C,GLY,C,129,1.0,40.37,,1.8,0.0
6457,ATOM,6457,O,GLY,C,129,1.0,40.37,,1.8,0.0
6458,ATOM,6458,N,VAL,C,130,1.0,46.96,,1.8,0.0
6459,ATOM,6459,CA,VAL,C,130,1.0,46.96,,1.8,0.0
6460,ATOM,6460,CB,VAL,C,130,1.0,46.96,,1.8,0.0
6461,ATOM,6461,CG1,VAL,C,130,1.0,46.96,,1.8,0.0
6462,ATOM,6462,CG2,VAL,C,130,1.0,46.96,,1.8,0.0
6463,ATOM,6463,C,VAL,C,130,1.0,46.96,,1.8,0.0
6464,ATOM,6464,O,VAL,C,130,1.0,46.96,,1.8,0.0
6465,ATOM,6465,N,ARG,C,131,1.0,126.54,,1.8,0.0
6466,ATOM,6466,CA,ARG,C,131,1.0,126.54,,1.8,0.0
6467,ATOM,6467,CB,ARG,C,131,1.0,126.54,,1.8,0.0
6468,ATOM,6468,CG,ARG,C,131,1.0,126.54,,1.8,0.0
6469,ATOM,6469,CD,ARG,C,131,1.0,126.54,,1.8,0.0
6470,ATOM,6470,NE,ARG,C,131,1.0,126.54,,1.8,0.0
6471,ATOM,6471,CZ,ARG,C,131,1.0,126.54,,1.8,0.0
6472,ATOM,6472,NH1,ARG,C,131,1.0,126.54,,1.8,0.0
6473,ATOM,6473,NH2,ARG,C,131,1.0,126.54,,1.8,0.0
6474,ATOM,6474,C,ARG,C,131,1.0,126.54,,1.8,0.0
6475,ATOM,6475,O,ARG,C,131,1.0,126.54,,1.8,0.0
6476,ATOM,6476,N,PRO,C,132,1.0,74.61,,1.8,0.0
6477,ATOM,6477,CA,PRO,C,132,1.0,74.61,,1.8,0.0
6478,ATOM,6478,CD,PRO,C,132,1.0,74.61,,1.8,0.0
6479,ATOM,6479,CB,PRO,C,132,1.0,74.61,,1.8,0.0
6480,ATOM,6480,CG,PRO,C,132,1.0,74.61,,1.8,0.0
6481,ATOM,6481,C,PRO,C,132,1.0,74.61,,1.8,0.0
6482,ATOM,6482,O,PRO,C,132,1.0,74.61,,1.8,0.0
6483,ATOM,6483,N,GLU,C,133,1.0,85.53,,1.8,0.0
6484,ATOM,6484,CA,GLU,C,133,1.0,85.53,,1.8,0.0
6485,ATOM,6485,CB,GLU,C,133,1.0,85.53,,1.8,0.0
6486,ATOM,6486,CG,GLU,C,133,1.0,85.53,,1.8,0.0
6487,ATOM,6487,CD,GLU,C,133,1.0,85.53,,1.8,0.0
6488,ATOM,6488,OE1,GLU,C,133,1.0,85.53,,1.8,0.0
6489,ATOM,6489,OE2,GLU,C,133,1.0,85.53,,1.8,0.0
6490,ATOM,6490,C,GLU,C,133,1.0,85.53,,1.8,0.0
6491,ATOM,6491,O,GLU,C,133,1.0,85.53,,1.8,0.0
6492,ATOM,6492,N,GLN,C,134,1.0,122.57,,1.8,0.0
6493,ATOM,6493,CA,GLN,C,134,1.0,122.57,,1.8,0.0
6494,ATOM,6494,CB,GLN,C,134,1.0,122.57,,1.8,0.0
6495,ATOM,6495,CG,GLN,C,134,1.0,122.57,,1.8,0.0
6496,ATOM,6496,CD,GLN,C,134,1.0,122.57,,1.8,0.0
6497,ATOM,6497,OE1,GLN,C,134,1.0,122.57,,1.8,0.0
6498,ATOM,6498,NE2,GLN,C,134,1.0,122.57,,1.8,0.0
6499,ATOM,6499,C,GLN,C,134,1.0,122.57,,1.8,0.0
6500,ATOM,6500,O,GLN,C,134,1.0,122.57,,1.8,0.0
6501,ATOM,6501,N,ALA,C,135,1.0,60.11,,1.8,0.0
6502,ATOM,6502,CA,ALA,C,135,1.0,60.11,,1.8,0.0
6503,ATOM,6503,CB,ALA,C,135,1.0,60.11,,1.8,0.0
6504,ATOM,6504,C,ALA,C,135,1.0,60.11,,1.8,0.0
6505,ATOM,6505,O,ALA,C,135,1.0,60.11,,1.8,0.0
6506,ATOM,6506,N,GLU,C,136,1.0,112.56,,1.8,0.0
6507,ATOM,6507,CA,GLU,C,136,1.0,112.56,,1.8,0.0
6508,ATOM,6508,CB,GLU,C,136,1.0,112.56,,1.8,0.0
6509,ATOM,6509,CG,GLU,C,136,1.0,112.56,,1.8,0.0
6510,ATOM,6510,CD,GLU,C,136,1.0,112.56,,1.8,0.0
6511,ATOM,6511,OE1,GLU,C,136,1.0,112.56,,1.8,0.0
6512,ATOM,6512,OE2,GLU,C,136,1.0,112.56,,1.8,0.0
6513,ATOM,6513,C,GLU,C,136,1.0,112.56,,1.8,0.0
6514,ATOM,6514,O,GLU,C,136,1.0,112.56,,1.8,0.0
6515,ATOM,6515,N,ALA,C,137,1.0,26.3,,1.8,0.0
6516,ATOM,6516,CA,ALA,C,137,1.0,26.3,,1.8,0.0
6517,ATOM,6517,CB,ALA,C,137,1.0,26.3,,1.8,0.0
6518,ATOM,6518,C,ALA,C,137,1.0,26.3,,1.8,0.0
6519,ATOM,6519,O,ALA,C,137,1.0,26.3,,1.8,0.0
6520,ATOM,6520,N,PHE,C,138,1.0,107.9,,1.8,0.0
6521,ATOM,6521,CA,PHE,C,138,1.0,107.9,,1.8,0.0
6522,ATOM,6522,CB,PHE,C,138,1.0,107.9,,1.8,0.0
6523,ATOM,6523,CG,PHE,C,138,1.0,107.9,,1.8,0.0
6524,ATOM,6524,CD1,PHE,C,138,1.0,107.9,,1.8,0.0
6525,ATOM,6525,CD2,PHE,C,138,1.0,107.9,,1.8,0.0
6526,ATOM,6526,CE1,PHE,C,138,1.0,107.9,,1.8,0.0
6527,ATOM,6527,CE2,PHE,C,138,1.0,107.9,,1.8,0.0
6528,ATOM,6528,CZ,PHE,C,138,1.0,107.9,,1.8,0.0
6529,ATOM,6529,C,PHE,C,138,1.0,107.9,,1.8,0.0
6530,ATOM,6530,O,PHE,C,138,1.0,107.9,,1.8,0.0
6531,ATOM,6531,N,TYR,C,139,1.0,135.17,,1.8,0.0
6532,ATOM,6532,CA,TYR,C,139,1.0,135.17,,1.8,0.0
6533,ATOM,6533,CB,TYR,C,139,1.0,135.17,,1.8,0.0
6534,ATOM,6534,CG,TYR,C,139,1.0,135.17,,1.8,0.0
6535,ATOM,6535,CD1,TYR,C,139,1.0,135.17,,1.8,0.0
6536,ATOM,6536,CD2,TYR,C,139,1.0,135.17,,1.8,0.0
6537,ATOM,6537,CE1,TYR,C,139,1.0,135.17,,1.8,0.0
6538,ATOM,6538,CE2,TYR,C,139,1.0,135.17,,1.8,0.0
6539,ATOM,6539,CZ,TYR,C,139,1.0,135.17,,1.8,0.0
6540,ATOM,6540,OH,TYR,C,139,1.0,135.17,,1.8,0.0
6541,ATOM,6541,C,TYR,C,139,1.0,135.17,,1.8,0.0
6542,ATOM,6542,O,TYR,C,139,1.0,135.17,,1.8,0.0
6543,ATOM,6543,N,HIS,C,140,1.0,81.96,,1.8,0.0
6544,ATOM,6544,CA,HIS,C,140,1.0,81.96,,1.8,0.0
6545,ATOM,6545,ND1,HIS,C,140,1.0,81.96,,1.8,0.0
6546,ATOM,6546,CG,HIS,C,140,1.0,81.96,,1.8,0.0
6547,ATOM,6547,CB,HIS,C,140,1.0,81.96,,1.8,0.0
6548,ATOM,6548,NE2,HIS,C,140,1.0,81.96,,1.8,0.0
6549,ATOM,6549,CD2,HIS,C,140,1.0,81.96,,1.8,0.0
6550,ATOM,6550,CE1,HIS,C,140,1.0,81.96,,1.8,0.0
6551,ATOM,6551,C,HIS,C,140,1.0,81.96,,1.8,0.0
6552,ATOM,6552,O,HIS,C,140,1.0,81.96,,1.8,0.0
6553,ATOM,6553,N,ARG,C,141,1.0,123.23,,1.8,0.0
6554,ATOM,6554,CA,ARG,C,141,1.0,123.23,,1.8,0.0
6555,ATOM,6555,CB,ARG,C,141,1.0,123.23,,1.8,0.0
6556,ATOM,6556,CG,ARG,C,141,1.0,123.23,,1.8,0.0
6557,ATOM,6557,CD,ARG,C,141,1.0,123.23,,1.8,0.0
6558,ATOM,6558,NE,ARG,C,141,1.0,123.23,,1.8,0.0
6559,ATOM,6559,CZ,ARG,C,141,1.0,123.23,,1.8,0.0
6560,ATOM,6560,NH1,ARG,C,141,1.0,123.23,,1.8,0.0
6561,ATOM,6561,NH2,ARG,C,141,1.0,123.23,,1.8,0.0
6562,ATOM,6562,C,ARG,C,141,1.0,123.23,,1.8,0.0
6563,ATOM,6563,O,ARG,C,141,1.0,123.23,,1.8,0.0
6564,ATOM,6564,N,LEU,C,142,1.0,54.12,,1.8,0.0
6565,ATOM,6565,CA,LEU,C,142,1.0,54.12,,1.8,0.0
6566,ATOM,6566,CB,LEU,C,142,1.0,54.12,,1.8,0.0
6567,ATOM,6567,CG,LEU,C,142,1.0,54.12,,1.8,0.0
6568,ATOM,6568,CD1,LEU,C,142,1.0,54.12,,1.8,0.0
6569,ATOM,6569,CD2,LEU,C,142,1.0,54.12,,1.8,0.0
6570,ATOM,6570,C,LEU,C,142,1.0,54.12,,1.8,0.0
6571,ATOM,6571,O,LEU,C,142,1.0,54.12,,1.8,0.0
6572,ATOM,6572,N,THR,C,143,1.0,45.89,,1.8,0.0
6573,ATOM,6573,CA,THR,C,143,1.0,45.89,,1.8,0.0
6574,ATOM,6574,CB,THR,C,143,1.0,45.89,,1.8,0.0
6575,ATOM,6575,OG1,THR,C,143,1.0,45.89,,1.8,0.0
6576,ATOM,6576,CG2,THR,C,143,1.0,45.89,,1.8,0.0
6577,ATOM,6577,C,THR,C,143,1.0,45.89,,1.8,0.0
6578,ATOM,6578,O,THR,C,143,1.0,45.89,,1.8,0.0
6579,ATOM,6579,N,GLN,C,144,1.0,64.28,,1.8,0.0
6580,ATOM,6580,CA,GLN,C,144,1.0,64.28,,1.8,0.0
6581,ATOM,6581,CB,GLN,C,144,1.0,64.28,,1.8,0.0
6582,ATOM,6582,CG,GLN,C,144,1.0,64.28,,1.8,0.0
6583,ATOM,6583,CD,GLN,C,144,1.0,64.28,,1.8,0.0
6584,ATOM,6584,OE1,GLN,C,144,1.0,64.28,,1.8,0.0
6585,ATOM,6585,NE2,GLN,C,144,1.0,64.28,,1.8,0.0
6586,ATOM,6586,C,GLN,C,144,1.0,64.28,,1.8,0.0
6587,ATOM,6587,O,GLN,C,144,1.0,64.28,,1.8,0.0
6588,ATOM,6588,N,CYS,C,145,0.5,56.18,,1.8,0.0
6589,ATOM,6589,CA,CYS,C,145,0.5,56.18,,1.8,0.0
6590,ATOM,6590,CB,CYS,C,145,0.5,56.18,,1.8,0.0
6591,ATOM,6591,SG,CYS,C,145,0.5,56.18,,1.8,0.0
6592,ATOM,6592,C,CYS,C,145,0.5,56.18,,1.8,0.0
6593,ATOM,6593,O,CYS,C,145,0.5,56.18,,1.8,0.0
6594,ATOM,6594,N,LYS,C,146,1.0,70.79,,1.8,0.0
6595,ATOM,6595,CA,LYS,C,146,1.0,70.79,,1.8,0.0
6596,ATOM,6596,CB,LYS,C,146,1.0,70.79,,1.8,0.0
6597,ATOM,6597,CG,LYS,C,146,1.0,70.79,,1.8,0.0
6598,ATOM,6598,CD,LYS,C,146,1.0,70.79,,1.8,0.0
6599,ATOM,6599,CE,LYS,C,146,1.0,70.79,,1.8,0.0
6600,ATOM,6600,NZ,LYS,C,146,1.0,70.79,,1.8,0.0
6601,ATOM,6601,C,LYS,C,146,1.0,70.79,,1.8,0.0
6602,ATOM,6602,O,LYS,C,146,1.0,70.79,,1.8,0.0
6603,ATOM,6603,N,ASN,C,147,1.0,104.93,,1.8,0.0
6604,ATOM,6604,CA,ASN,C,147,1.0,104.93,,1.8,0.0
6605,ATOM,6605,CB,ASN,C,147,1.0,104.93,,1.8,0.0
6606,ATOM,6606,CG,ASN,C,147,1.0,104.93,,1.8,0.0
6607,ATOM,6607,OD1,ASN,C,147,1.0,104.93,,1.8,0.0
6608,ATOM,6608,ND2,ASN,C,147,1.0,104.93,,1.8,0.0
6609,ATOM,6609,C,ASN,C,147,1.0,104.93,,1.8,0.0
6610,ATOM,6610,O,ASN,C,147,1.0,104.93,,1.8,0.0
6611,ATOM,6611,N,VAL,C,148,1.0,53.16,,1.8,0.0
6612,ATOM,6612,CA,VAL,C,148,1.0,53.16,,1.8,0.0
6613,ATOM,6613,CB,VAL,C,148,1.0,53.16,,1.8,0.0
6614,ATOM,6614,CG1,VAL,C,148,1.0,53.16,,1.8,0.0
6615,ATOM,6615,CG2,VAL,C,148,1.0,53.16,,1.8,0.0
6616,ATOM,6616,C,VAL,C,148,1.0,53.16,,1.8,0.0
6617,ATOM,6617,O,VAL,C,148,1.0,53.16,,1.8,0.0
6618,ATOM,6618,N,ARG,C,149,1.0,145.01,,1.8,0.0
6619,ATOM,6619,CA,ARG,C,149,1.0,145.01,,1.8,0.0
6620,ATOM,6620,CB,ARG,C,149,1.0,145.01,,1.8,0.0
6621,ATOM,6621,CG,ARG,C,149,1.0,145.01,,1.8,0.0
6622,ATOM,6622,CD,ARG,C,149,1.0,145.01,,1.8,0.0
6623,ATOM,6623,NE,ARG,C,149,1.0,145.01,,1.8,0.0
6624,ATOM,6624,CZ,ARG,C,149,1.0,145.01,,1.8,0.0
6625,ATOM,6625,NH1,ARG,C,149,1.0,145.01,,1.8,0.0
6626,ATOM,6626,NH2,ARG,C,149,1.0,145.01,,1.8,0.0
6627,ATOM,6627,C,ARG,C,149,1.0,145.01,,1.8,0.0
6628,ATOM,6628,O,ARG,C,149,1.0,145.01,,1.8,0.0
6629,ATOM,6629,N,GLN,C,150,1.0,56.34,,1.8,0.0
6630,ATOM,6630,CA,GLN,C,150,1.0,56.34,,1.8,0.0
6631,ATOM,6631,CB,GLN,C,150,1.0,56.34,,1.8,0.0
6632,ATOM,6632,CG,GLN,C,150,1.0,56.34,,1.8,0.0
6633,ATOM,6633,CD,GLN,C,150,1.0,56.34,,1.8,0.0
6634,ATOM,6634,OE1,GLN,C,150,1.0,56.34,,1.8,0.0
6635,ATOM,6635,NE2,GLN,C,150,1.0,56.34,,1.8,0.0
6636,ATOM,6636,C,GLN,C,150,1.0,56.34,,1.8,0.0
6637,ATOM,6637,O,GLN,C,150,1.0,56.34,,1.8,0.0
6638,ATOM,6638,N,PRO,C,151,1.0,77.71,,1.8,0.0
6639,ATOM,6639,CA,PRO,C,151,1.0,77.71,,1.8,0.0
6640,ATOM,6640,CD,PRO,C,151,1.0,77.71,,1.8,0.0
6641,ATOM,6641,CB,PRO,C,151,1.0,77.71,,1.8,0.0
6642,ATOM,6642,CG,PRO,C,151,1.0,77.71,,1.8,0.0
6643,ATOM,6643,C,PRO,C,151,1.0,77.71,,1.8,0.0
6644,ATOM,6644,O,PRO,C,151,1.0,77.71,,1.8,0.0
6645,ATOM,6645,N,VAL,C,152,1.0,46.9,,1.8,0.0
6646,ATOM,6646,CA,VAL,C,152,1.0,46.9,,1.8,0.0
6647,ATOM,6647,CB,VAL,C,152,1.0,46.9,,1.8,0.0
6648,ATOM,6648,CG1,VAL,C,152,1.0,46.9,,1.8,0.0
6649,ATOM,6649,CG2,VAL,C,152,1.0,46.9,,1.8,0.0
6650,ATOM,6650,C,VAL,C,152,1.0,46.9,,1.8,0.0
6651,ATOM,6651,O,VAL,C,152,1.0,46.9,,1.8,0.0
6652,ATOM,6652,N,ASN,C,153,1.0,53.92,,1.8,0.0
6653,ATOM,6653,CA,ASN,C,153,1.0,53.92,,1.8,0.0
6654,ATOM,6654,CB,ASN,C,153,1.0,53.92,,1.8,0.0
6655,ATOM,6655,CG,ASN,C,153,1.0,53.92,,1.8,0.0
6656,ATOM,6656,OD1,ASN,C,153,1.0,53.92,,1.8,0.0
6657,ATOM,6657,ND2,ASN,C,153,1.0,53.92,,1.8,0.0
6658,ATOM,6658,C,ASN,C,153,1.0,53.92,,1.8,0.0
6659,ATOM,6659,O,ASN,C,153,1.0,53.92,,1.8,0.0
6660,ATOM,6660,N,ILE,C,154,1.0,66.74,,1.8,0.0
6661,ATOM,6661,CA,ILE,C,154,1.0,66.74,,1.8,0.0
6662,ATOM,6662,CB,ILE,C,154,1.0,66.74,,1.8,0.0
6663,ATOM,6663,CG1,ILE,C,154,1.0,66.74,,1.8,0.0
6664,ATOM,6664,CG2,ILE,C,154,1.0,66.74,,1.8,0.0
6665,ATOM,6665,CD1,ILE,C,154,1.0,66.74,,1.8,0.0
6666,ATOM,6666,C,ILE,C,154,1.0,66.74,,1.8,0.0
6667,ATOM,6667,O,ILE,C,154,1.0,66.74,,1.8,0.0
6668,ATOM,6668,N,VAL,C,155,1.0,107.59,,1.8,0.0
6669,ATOM,6669,CA,VAL,C,155,1.0,107.59,,1.8,0.0
6670,ATOM,6670,CB,VAL,C,155,1.0,107.59,,1.8,0.0
6671,ATOM,6671,CG1,VAL,C,155,1.0,107.59,,1.8,0.0
6672,ATOM,6672,CG2,VAL,C,155,1.0,107.59,,1.8,0.0
6673,ATOM,6673,C,VAL,C,155,1.0,107.59,,1.8,0.0
6674,ATOM,6674,O,VAL,C,155,1.0,107.59,,1.8,0.0
6675,ATOM,6675,N,SER,C,156,1.0,51.66,,1.8,0.0
6676,ATOM,6676,CA,SER,C,156,1.0,51.66,,1.8,0.0
6677,ATOM,6677,CB,SER,C,156,1.0,51.66,,1.8,0.0
6678,ATOM,6678,OG,SER,C,156,1.0,51.66,,1.8,0.0
6679,ATOM,6679,C,SER,C,156,1.0,51.66,,1.8,0.0
6680,ATOM,6680,O,SER,C,156,1.0,51.66,,1.8,0.0
6681,ATOM,6681,N,HIS,C,157,1.0,71.97,,1.8,0.0
6682,ATOM,6682,CA,HIS,C,157,1.0,71.97,,1.8,0.0
6683,ATOM,6683,ND1,HIS,C,157,1.0,71.97,,1.8,0.0
6684,ATOM,6684,CG,HIS,C,157,1.0,71.97,,1.8,0.0
6685,ATOM,6685,CB,HIS,C,157,1.0,71.97,,1.8,0.0
6686,ATOM,6686,NE2,HIS,C,157,1.0,71.97,,1.8,0.0
6687,ATOM,6687,CD2,HIS,C,157,1.0,71.97,,1.8,0.0
6688,ATOM,6688,CE1,HIS,C,157,1.0,71.97,,1.8,0.0
6689,ATOM,6689,C,HIS,C,157,1.0,71.97,,1.8,0.0
6690,ATOM,6690,O,HIS,C,157,1.0,71.97,,1.8,0.0
6691,ATOM,6691,N,PHE,C,158,1.0,88.17,,1.8,0.0
6692,ATOM,6692,CA,PHE,C,158,1.0,88.17,,1.8,0.0
6693,ATOM,6693,CB,PHE,C,158,1.0,88.17,,1.8,0.0
6694,ATOM,6694,CG,PHE,C,158,1.0,88.17,,1.8,0.0
6695,ATOM,6695,CD1,PHE,C,158,1.0,88.17,,1.8,0.0
6696,ATOM,6696,CD2,PHE,C,158,1.0,88.17,,1.8,0.0
6697,ATOM,6697,CE1,PHE,C,158,1.0,88.17,,1.8,0.0
6698,ATOM,6698,CE2,PHE,C,158,1.0,88.17,,1.8,0.0
6699,ATOM,6699,CZ,PHE,C,158,1.0,88.17,,1.8,0.0
6700,ATOM,6700,C,PHE,C,158,1.0,88.17,,1.8,0.0
6701,ATOM,6701,O,PHE,C,158,1.0,88.17,,1.8,0.0
6702,ATOM,6702,N,ALA,C,159,1.0,90.38,,1.8,0.0
6703,ATOM,6703,CA,ALA,C,159,1.0,90.38,,1.8,0.0
6704,ATOM,6704,CB,ALA,C,159,1.0,90.38,,1.8,0.0
6705,ATOM,6705,C,ALA,C,159,1.0,90.38,,1.8,0.0
6706,ATOM,6706,O,ALA,C,159,1.0,90.38,,1.8,0.0
6707,ATOM,6707,N,ARG,C,160,1.0,179.19,,1.8,0.0
6708,ATOM,6708,CA,ARG,C,160,1.0,179.19,,1.8,0.0
6709,ATOM,6709,CB,ARG,C,160,1.0,179.19,,1.8,0.0
6710,ATOM,6710,CG,ARG,C,160,1.0,179.19,,1.8,0.0
6711,ATOM,6711,CD,ARG,C,160,1.0,179.19,,1.8,0.0
6712,ATOM,6712,NE,ARG,C,160,1.0,179.19,,1.8,0.0
6713,ATOM,6713,CZ,ARG,C,160,1.0,179.19,,1.8,0.0
6714,ATOM,6714,NH1,ARG,C,160,1.0,179.19,,1.8,0.0
6715,ATOM,6715,NH2,ARG,C,160,1.0,179.19,,1.8,0.0
6716,ATOM,6716,C,ARG,C,160,1.0,179.19,,1.8,0.0
6717,ATOM,6717,O,ARG,C,160,1.0,179.19,,1.8,0.0
6718,ATOM,6718,N,ALA,C,161,1.0,74.38,,1.8,0.0
6719,ATOM,6719,CA,ALA,C,161,1.0,74.38,,1.8,0.0
6720,ATOM,6720,CB,ALA,C,161,1.0,74.38,,1.8,0.0
6721,ATOM,6721,C,ALA,C,161,1.0,74.38,,1.8,0.0
6722,ATOM,6722,O,ALA,C,161,1.0,74.38,,1.8,0.0
6723,ATOM,6723,N,ASP,C,162,1.0,93.88,,1.8,0.0
6724,ATOM,6724,CA,ASP,C,162,1.0,93.88,,1.8,0.0
6725,ATOM,6725,CB,ASP,C,162,1.0,93.88,,1.8,0.0
6726,ATOM,6726,CG,ASP,C,162,1.0,93.88,,1.8,0.0
6727,ATOM,6727,OD1,ASP,C,162,1.0,93.88,,1.8,0.0
6728,ATOM,6728,OD2,ASP,C,162,1.0,93.88,,1.8,0.0
6729,ATOM,6729,C,ASP,C,162,1.0,93.88,,1.8,0.0
6730,ATOM,6730,O,ASP,C,162,1.0,93.88,,1.8,0.0
6731,ATOM,6731,N,GLU,C,163,1.0,94.69,,1.8,0.0
6732,ATOM,6732,CA,GLU,C,163,1.0,94.69,,1.8,0.0
6733,ATOM,6733,CB,GLU,C,163,1.0,94.69,,1.8,0.0
6734,ATOM,6734,CG,GLU,C,163,1.0,94.69,,1.8,0.0
6735,ATOM,6735,CD,GLU,C,163,1.0,94.69,,1.8,0.0
6736,ATOM,6736,OE1,GLU,C,163,1.0,94.69,,1.8,0.0
6737,ATOM,6737,OE2,GLU,C,163,1.0,94.69,,1.8,0.0
6738,ATOM,6738,C,GLU,C,163,1.0,94.69,,1.8,0.0
6739,ATOM,6739,O,GLU,C,163,1.0,94.69,,1.8,0.0
6740,ATOM,6740,N,PRO,C,164,1.0,80.58,,1.8,0.0
6741,ATOM,6741,CA,PRO,C,164,1.0,80.58,,1.8,0.0
6742,ATOM,6742,CD,PRO,C,164,1.0,80.58,,1.8,0.0
6743,ATOM,6743,CB,PRO,C,164,1.0,80.58,,1.8,0.0
6744,ATOM,6744,CG,PRO,C,164,1.0,80.58,,1.8,0.0
6745,ATOM,6745,C,PRO,C,164,1.0,80.58,,1.8,0.0
6746,ATOM,6746,O,PRO,C,164,1.0,80.58,,1.8,0.0
6747,ATOM,6747,N,LYS,C,165,1.0,82.63,,1.8,0.0
6748,ATOM,6748,CA,LYS,C,165,1.0,82.63,,1.8,0.0
6749,ATOM,6749,CB,LYS,C,165,1.0,82.63,,1.8,0.0
6750,ATOM,6750,CG,LYS,C,165,1.0,82.63,,1.8,0.0
6751,ATOM,6751,CD,LYS,C,165,1.0,82.63,,1.8,0.0
6752,ATOM,6752,CE,LYS,C,165,1.0,82.63,,1.8,0.0
6753,ATOM,6753,NZ,LYS,C,165,1.0,82.63,,1.8,0.0
6754,ATOM,6754,C,LYS,C,165,1.0,82.63,,1.8,0.0
6755,ATOM,6755,O,LYS,C,165,1.0,82.63,,1.8,0.0
6756,ATOM,6756,N,CYS,C,166,1.0,102.44,,1.8,0.0
6757,ATOM,6757,CA,CYS,C,166,1.0,102.44,,1.8,0.0
6758,ATOM,6758,CB,CYS,C,166,1.0,102.44,,1.8,0.0
6759,ATOM,6759,SG,CYS,C,166,1.0,102.44,,1.8,0.0
6760,ATOM,6760,C,CYS,C,166,1.0,102.44,,1.8,0.0
6761,ATOM,6761,O,CYS,C,166,1.0,102.44,,1.8,0.0
6762,ATOM,6762,N,GLY,C,167,1.0,56.11,,1.8,0.0
6763,ATOM,6763,CA,GLY,C,167,1.0,56.11,,1.8,0.0
6764,ATOM,6764,C,GLY,C,167,1.0,56.11,,1.8,0.0
6765,ATOM,6765,O,GLY,C,167,1.0,56.11,,1.8,0.0
6766,ATOM,6766,N,ALA,C,168,1.0,63.38,,1.8,0.0
6767,ATOM,6767,CA,ALA,C,168,1.0,63.38,,1.8,0.0
6768,ATOM,6768,CB,ALA,C,168,1.0,63.38,,1.8,0.0
6769,ATOM,6769,C,ALA,C,168,1.0,63.38,,1.8,0.0
6770,ATOM,6770,O,ALA,C,168,1.0,63.38,,1.8,0.0
6771,ATOM,6771,N,THR,C,169,1.0,47.36,,1.8,0.0
6772,ATOM,6772,CA,THR,C,169,1.0,47.36,,1.8,0.0
6773,ATOM,6773,CB,THR,C,169,1.0,47.36,,1.8,0.0
6774,ATOM,6774,OG1,THR,C,169,1.0,47.36,,1.8,0.0
6775,ATOM,6775,CG2,THR,C,169,1.0,47.36,,1.8,0.0
6776,ATOM,6776,C,THR,C,169,1.0,47.36,,1.8,0.0
6777,ATOM,6777,O,THR,C,169,1.0,47.36,,1.8,0.0
6778,ATOM,6778,N,GLU,C,170,1.0,119.18,,1.8,0.0
6779,ATOM,6779,CA,GLU,C,170,1.0,119.18,,1.8,0.0
6780,ATOM,6780,CB,GLU,C,170,1.0,119.18,,1.8,0.0
6781,ATOM,6781,CG,GLU,C,170,1.0,119.18,,1.8,0.0
6782,ATOM,6782,CD,GLU,C,170,1.0,119.18,,1.8,0.0
6783,ATOM,6783,OE1,GLU,C,170,1.0,119.18,,1.8,0.0
6784,ATOM,6784,OE2,GLU,C,170,1.0,119.18,,1.8,0.0
6785,ATOM,6785,C,GLU,C,170,1.0,119.18,,1.8,0.0
6786,ATOM,6786,O,GLU,C,170,1.0,119.18,,1.8,0.0
6787,ATOM,6787,N,LYS,C,171,1.0,62.83,,1.8,0.0
6788,ATOM,6788,CA,LYS,C,171,1.0,62.83,,1.8,0.0
6789,ATOM,6789,CB,LYS,C,171,1.0,62.83,,1.8,0.0
6790,ATOM,6790,CG,LYS,C,171,1.0,62.83,,1.8,0.0
6791,ATOM,6791,CD,LYS,C,171,1.0,62.83,,1.8,0.0
6792,ATOM,6792,CE,LYS,C,171,1.0,62.83,,1.8,0.0
6793,ATOM,6793,NZ,LYS,C,171,1.0,62.83,,1.8,0.0
6794,ATOM,6794,C,LYS,C,171,1.0,62.83,,1.8,0.0
6795,ATOM,6795,O,LYS,C,171,1.0,62.83,,1.8,0.0
6796,ATOM,6796,N,GLN,C,172,1.0,58.45,,1.8,0.0
6797,ATOM,6797,CA,GLN,C,172,1.0,58.45,,1.8,0.0
6798,ATOM,6798,CB,GLN,C,172,1.0,58.45,,1.8,0.0
6799,ATOM,6799,CG,GLN,C,172,1.0,58.45,,1.8,0.0
6800,ATOM,6800,CD,GLN,C,172,1.0,58.45,,1.8,0.0
6801,ATOM,6801,OE1,GLN,C,172,1.0,58.45,,1.8,0.0
6802,ATOM,6802,NE2,GLN,C,172,1.0,58.45,,1.8,0.0
6803,ATOM,6803,C,GLN,C,172,1.0,58.45,,1.8,0.0
6804,ATOM,6804,O,GLN,C,172,1.0,58.45,,1.8,0.0
6805,ATOM,6805,N,LEU,C,173,1.0,49.46,,1.8,0.0
6806,ATOM,6806,CA,LEU,C,173,1.0,49.46,,1.8,0.0
6807,ATOM,6807,CB,LEU,C,173,1.0,49.46,,1.8,0.0
6808,ATOM,6808,CG,LEU,C,173,1.0,49.46,,1.8,0.0
6809,ATOM,6809,CD1,LEU,C,173,1.0,49.46,,1.8,0.0
6810,ATOM,6810,CD2,LEU,C,173,1.0,49.46,,1.8,0.0
6811,ATOM,6811,C,LEU,C,173,1.0,49.46,,1.8,0.0
6812,ATOM,6812,O,LEU,C,173,1.0,49.46,,1.8,0.0
6813,ATOM,6813,N,ALA,C,174,1.0,25.97,,1.8,0.0
6814,ATOM,6814,CA,ALA,C,174,1.0,25.97,,1.8,0.0
6815,ATOM,6815,CB,ALA,C,174,1.0,25.97,,1.8,0.0
6816,ATOM,6816,C,ALA,C,174,1.0,25.97,,1.8,0.0
6817,ATOM,6817,O,ALA,C,174,1.0,25.97,,1.8,0.0
6818,ATOM,6818,N,ILE,C,175,1.0,36.74,,1.8,0.0
6819,ATOM,6819,CA,ILE,C,175,1.0,36.74,,1.8,0.0
6820,ATOM,6820,CB,ILE,C,175,1.0,36.74,,1.8,0.0
6821,ATOM,6821,CG1,ILE,C,175,1.0,36.74,,1.8,0.0
6822,ATOM,6822,CG2,ILE,C,175,1.0,36.74,,1.8,0.0
6823,ATOM,6823,CD1,ILE,C,175,1.0,36.74,,1.8,0.0
6824,ATOM,6824,C,ILE,C,175,1.0,36.74,,1.8,0.0
6825,ATOM,6825,O,ILE,C,175,1.0,36.74,,1.8,0.0
6826,ATOM,6826,N,PHE,C,176,1.0,78.11,,1.8,0.0
6827,ATOM,6827,CA,PHE,C,176,1.0,78.11,,1.8,0.0
6828,ATOM,6828,CB,PHE,C,176,1.0,78.11,,1.8,0.0
6829,ATOM,6829,CG,PHE,C,176,1.0,78.11,,1.8,0.0
6830,ATOM,6830,CD1,PHE,C,176,1.0,78.11,,1.8,0.0
6831,ATOM,6831,CD2,PHE,C,176,1.0,78.11,,1.8,0.0
6832,ATOM,6832,CE1,PHE,C,176,1.0,78.11,,1.8,0.0
6833,ATOM,6833,CE2,PHE,C,176,1.0,78.11,,1.8,0.0
6834,ATOM,6834,CZ,PHE,C,176,1.0,78.11,,1.8,0.0
6835,ATOM,6835,C,PHE,C,176,1.0,78.11,,1.8,0.0
6836,ATOM,6836,O,PHE,C,176,1.0,78.11,,1.8,0.0
6837,ATOM,6837,N,ASN,C,177,1.0,38.17,,1.8,0.0
6838,ATOM,6838,CA,ASN,C,177,1.0,38.17,,1.8,0.0
6839,ATOM,6839,CB,ASN,C,177,1.0,38.17,,1.8,0.0
6840,ATOM,6840,CG,ASN,C,177,1.0,38.17,,1.8,0.0
6841,ATOM,6841,OD1,ASN,C,177,1.0,38.17,,1.8,0.0
6842,ATOM,6842,ND2,ASN,C,177,1.0,38.17,,1.8,0.0
6843,ATOM,6843,C,ASN,C,177,1.0,38.17,,1.8,0.0
6844,ATOM,6844,O,ASN,C,177,1.0,38.17,,1.8,0.0
6845,ATOM,6845,N,THR,C,178,1.0,39.0,,1.8,0.0
6846,ATOM,6846,CA,THR,C,178,1.0,39.0,,1.8,0.0
6847,ATOM,6847,CB,THR,C,178,1.0,39.0,,1.8,0.0
6848,ATOM,6848,OG1,THR,C,178,1.0,39.0,,1.8,0.0
6849,ATOM,6849,CG2,THR,C,178,1.0,39.0,,1.8,0.0
6850,ATOM,6850,C,THR,C,178,1.0,39.0,,1.8,0.0
6851,ATOM,6851,O,THR,C,178,1.0,39.0,,1.8,0.0
6852,ATOM,6852,N,PHE,C,179,1.0,75.35,,1.8,0.0
6853,ATOM,6853,CA,PHE,C,179,1.0,75.35,,1.8,0.0
6854,ATOM,6854,CB,PHE,C,179,1.0,75.35,,1.8,0.0
6855,ATOM,6855,CG,PHE,C,179,1.0,75.35,,1.8,0.0
6856,ATOM,6856,CD1,PHE,C,179,1.0,75.35,,1.8,0.0
6857,ATOM,6857,CD2,PHE,C,179,1.0,75.35,,1.8,0.0
6858,ATOM,6858,CE1,PHE,C,179,1.0,75.35,,1.8,0.0
6859,ATOM,6859,CE2,PHE,C,179,1.0,75.35,,1.8,0.0
6860,ATOM,6860,CZ,PHE,C,179,1.0,75.35,,1.8,0.0
6861,ATOM,6861,C,PHE,C,179,1.0,75.35,,1.8,0.0
6862,ATOM,6862,O,PHE,C,179,1.0,75.35,,1.8,0.0
6863,ATOM,6863,N,CYS,C,180,1.0,55.62,,1.8,0.0
6864,ATOM,6864,CA,CYS,C,180,1.0,55.62,,1.8,0.0
6865,ATOM,6865,CB,CYS,C,180,1.0,55.62,,1.8,0.0
6866,ATOM,6866,SG,CYS,C,180,1.0,55.62,,1.8,0.0
6867,ATOM,6867,C,CYS,C,180,1.0,55.62,,1.8,0.0
6868,ATOM,6868,O,CYS,C,180,1.0,55.62,,1.8,0.0
6869,ATOM,6869,N,GLU,C,181,1.0,88.9,,1.8,0.0
6870,ATOM,6870,CA,GLU,C,181,1.0,88.9,,1.8,0.0
6871,ATOM,6871,CB,GLU,C,181,1.0,88.9,,1.8,0.0
6872,ATOM,6872,CG,GLU,C,181,1.0,88.9,,1.8,0.0
6873,ATOM,6873,CD,GLU,C,181,1.0,88.9,,1.8,0.0
6874,ATOM,6874,OE1,GLU,C,181,1.0,88.9,,1.8,0.0
6875,ATOM,6875,OE2,GLU,C,181,1.0,88.9,,1.8,0.0
6876,ATOM,6876,C,GLU,C,181,1.0,88.9,,1.8,0.0
6877,ATOM,6877,O,GLU,C,181,1.0,88.9,,1.8,0.0
6878,ATOM,6878,N,GLY,C,182,1.0,25.41,,1.8,0.0
6879,ATOM,6879,CA,GLY,C,182,1.0,25.41,,1.8,0.0
6880,ATOM,6880,C,GLY,C,182,1.0,25.41,,1.8,0.0
6881,ATOM,6881,O,GLY,C,182,1.0,25.41,,1.8,0.0
6882,ATOM,6882,N,LYS,C,183,1.0,142.03,,1.8,0.0
6883,ATOM,6883,CA,LYS,C,183,1.0,142.03,,1.8,0.0
6884,ATOM,6884,CB,LYS,C,183,1.0,142.03,,1.8,0.0
6885,ATOM,6885,CG,LYS,C,183,1.0,142.03,,1.8,0.0
6886,ATOM,6886,CD,LYS,C,183,1.0,142.03,,1.8,0.0
6887,ATOM,6887,CE,LYS,C,183,1.0,142.03,,1.8,0.0
6888,ATOM,6888,NZ,LYS,C,183,1.0,142.03,,1.8,0.0
6889,ATOM,6889,C,LYS,C,183,1.0,142.03,,1.8,0.0
6890,ATOM,6890,O,LYS,C,183,1.0,142.03,,1.8,0.0
6891,ATOM,6891,N,PRO,C,184,1.0,167.85,,1.8,0.0
6892,ATOM,6892,CA,PRO,C,184,1.0,167.85,,1.8,0.0
6893,ATOM,6893,CD,PRO,C,184,1.0,167.85,,1.8,0.0
6894,ATOM,6894,CB,PRO,C,184,1.0,167.85,,1.8,0.0
6895,ATOM,6895,CG,PRO,C,184,1.0,167.85,,1.8,0.0
6896,ATOM,6896,C,PRO,C,184,1.0,167.85,,1.8,0.0
6897,ATOM,6897,O,PRO,C,184,1.0,167.85,,1.8,0.0
6898,ATOM,6898,N,GLY,C,185,1.0,35.63,,1.8,0.0
6899,ATOM,6899,CA,GLY,C,185,1.0,35.63,,1.8,0.0
6900,ATOM,6900,C,GLY,C,185,1.0,35.63,,1.8,0.0
6901,ATOM,6901,O,GLY,C,185,1.0,35.63,,1.8,0.0
6902,ATOM,6902,N,GLN,C,186,1.0,56.35,,1.8,0.0
6903,ATOM,6903,CA,GLN,C,186,1.0,56.35,,1.8,0.0
6904,ATOM,6904,CB,GLN,C,186,1.0,56.35,,1.8,0.0
6905,ATOM,6905,CG,GLN,C,186,1.0,56.35,,1.8,0.0
6906,ATOM,6906,CD,GLN,C,186,1.0,56.35,,1.8,0.0
6907,ATOM,6907,OE1,GLN,C,186,1.0,56.35,,1.8,0.0
6908,ATOM,6908,NE2,GLN,C,186,1.0,56.35,,1.8,0.0
6909,ATOM,6909,C,GLN,C,186,1.0,56.35,,1.8,0.0
6910,ATOM,6910,O,GLN,C,186,1.0,56.35,,1.8,0.0
6911,ATOM,6911,N,ARG,C,187,1.0,96.48,,1.8,0.0
6912,ATOM,6912,CA,ARG,C,187,1.0,96.48,,1.8,0.0
6913,ATOM,6913,CB,ARG,C,187,1.0,96.48,,1.8,0.0
6914,ATOM,6914,CG,ARG,C,187,1.0,96.48,,1.8,0.0
6915,ATOM,6915,CD,ARG,C,187,1.0,96.48,,1.8,0.0
6916,ATOM,6916,NE,ARG,C,187,1.0,96.48,,1.8,0.0
6917,ATOM,6917,CZ,ARG,C,187,1.0,96.48,,1.8,0.0
6918,ATOM,6918,NH1,ARG,C,187,1.0,96.48,,1.8,0.0
6919,ATOM,6919,NH2,ARG,C,187,1.0,96.48,,1.8,0.0
6920,ATOM,6920,C,ARG,C,187,1.0,96.48,,1.8,0.0
6921,ATOM,6921,O,ARG,C,187,1.0,96.48,,1.8,0.0
6922,ATOM,6922,N,SER,C,188,1.0,87.94,,1.8,0.0
6923,ATOM,6923,CA,SER,C,188,1.0,87.94,,1.8,0.0
6924,ATOM,6924,CB,SER,C,188,1.0,87.94,,1.8,0.0
6925,ATOM,6925,OG,SER,C,188,1.0,87.94,,1.8,0.0
6926,ATOM,6926,C,SER,C,188,1.0,87.94,,1.8,0.0
6927,ATOM,6927,O,SER,C,188,1.0,87.94,,1.8,0.0
6928,ATOM,6928,N,ILE,C,189,1.0,127.22,,1.8,0.0
6929,ATOM,6929,CA,ILE,C,189,1.0,127.22,,1.8,0.0
6930,ATOM,6930,CB,ILE,C,189,1.0,127.22,,1.8,0.0
6931,ATOM,6931,CG1,ILE,C,189,1.0,127.22,,1.8,0.0
6932,ATOM,6932,CG2,ILE,C,189,1.0,127.22,,1.8,0.0
6933,ATOM,6933,CD1,ILE,C,189,1.0,127.22,,1.8,0.0
6934,ATOM,6934,C,ILE,C,189,1.0,127.22,,1.8,0.0
6935,ATOM,6935,O,ILE,C,189,1.0,127.22,,1.8,0.0
6936,ATOM,6936,N,ALA,C,190,1.0,76.85,,1.8,0.0
6937,ATOM,6937,CA,ALA,C,190,1.0,76.85,,1.8,0.0
6938,ATOM,6938,CB,ALA,C,190,1.0,76.85,,1.8,0.0
6939,ATOM,6939,C,ALA,C,190,1.0,76.85,,1.8,0.0
6940,ATOM,6940,O,ALA,C,190,1.0,76.85,,1.8,0.0
6941,ATOM,6941,N,ALA,C,191,1.0,67.65,,1.8,0.0
6942,ATOM,6942,CA,ALA,C,191,1.0,67.65,,1.8,0.0
6943,ATOM,6943,CB,ALA,C,191,1.0,67.65,,1.8,0.0
6944,ATOM,6944,C,ALA,C,191,1.0,67.65,,1.8,0.0
6945,ATOM,6945,O,ALA,C,191,1.0,67.65,,1.8,0.0
6946,ATOM,6946,N,SER,C,192,1.0,90.58,,1.8,0.0
6947,ATOM,6947,CA,SER,C,192,1.0,90.58,,1.8,0.0
6948,ATOM,6948,CB,SER,C,192,1.0,90.58,,1.8,0.0
6949,ATOM,6949,OG,SER,C,192,1.0,90.58,,1.8,0.0
6950,ATOM,6950,C,SER,C,192,1.0,90.58,,1.8,0.0
6951,ATOM,6951,O,SER,C,192,1.0,90.58,,1.8,0.0
6952,ATOM,6952,N,GLY,C,193,1.0,35.04,,1.8,0.0
6953,ATOM,6953,CA,GLY,C,193,1.0,35.04,,1.8,0.0
6954,ATOM,6954,C,GLY,C,193,1.0,35.04,,1.8,0.0
6955,ATOM,6955,O,GLY,C,193,1.0,35.04,,1.8,0.0
6956,ATOM,6956,N,GLY,C,194,1.0,27.92,,1.8,0.0
6957,ATOM,6957,CA,GLY,C,194,1.0,27.92,,1.8,0.0
6958,ATOM,6958,C,GLY,C,194,1.0,27.92,,1.8,0.0
6959,ATOM,6959,O,GLY,C,194,1.0,27.92,,1.8,0.0
6960,ATOM,6960,N,ILE,C,195,1.0,53.52,,1.8,0.0
6961,ATOM,6961,CA,ILE,C,195,1.0,53.52,,1.8,0.0
6962,ATOM,6962,CB,ILE,C,195,1.0,53.52,,1.8,0.0
6963,ATOM,6963,CG1,ILE,C,195,1.0,53.52,,1.8,0.0
6964,ATOM,6964,CG2,ILE,C,195,1.0,53.52,,1.8,0.0
6965,ATOM,6965,CD1,ILE,C,195,1.0,53.52,,1.8,0.0
6966,ATOM,6966,C,ILE,C,195,1.0,53.52,,1.8,0.0
6967,ATOM,6967,O,ILE,C,195,1.0,53.52,,1.8,0.0
6968,ATOM,6968,N,LEU,C,196,1.0,143.19,,1.8,0.0
6969,ATOM,6969,CA,LEU,C,196,1.0,143.19,,1.8,0.0
6970,ATOM,6970,CB,LEU,C,196,1.0,143.19,,1.8,0.0
6971,ATOM,6971,CG,LEU,C,196,1.0,143.19,,1.8,0.0
6972,ATOM,6972,CD1,LEU,C,196,1.0,143.19,,1.8,0.0
6973,ATOM,6973,CD2,LEU,C,196,1.0,143.19,,1.8,0.0
6974,ATOM,6974,C,LEU,C,196,1.0,143.19,,1.8,0.0
6975,ATOM,6975,O,LEU,C,196,1.0,143.19,,1.8,0.0
6976,ATOM,6976,N,LEU,C,197,1.0,106.41,,1.8,0.0
6977,ATOM,6977,CA,LEU,C,197,1.0,106.41,,1.8,0.0
6978,ATOM,6978,CB,LEU,C,197,1.0,106.41,,1.8,0.0
6979,ATOM,6979,CG,LEU,C,197,1.0,106.41,,1.8,0.0
6980,ATOM,6980,CD1,LEU,C,197,1.0,106.41,,1.8,0.0
6981,ATOM,6981,CD2,LEU,C,197,1.0,106.41,,1.8,0.0
6982,ATOM,6982,C,LEU,C,197,1.0,106.41,,1.8,0.0
6983,ATOM,6983,O,LEU,C,197,1.0,106.41,,1.8,0.0
6984,ATOM,6984,N,TRP,C,198,1.0,108.74,,1.8,0.0
6985,ATOM,6985,CA,TRP,C,198,1.0,108.74,,1.8,0.0
6986,ATOM,6986,CB,TRP,C,198,1.0,108.74,,1.8,0.0
6987,ATOM,6987,CG,TRP,C,198,1.0,108.74,,1.8,0.0
6988,ATOM,6988,CD2,TRP,C,198,1.0,108.74,,1.8,0.0
6989,ATOM,6989,CD1,TRP,C,198,1.0,108.74,,1.8,0.0
6990,ATOM,6990,NE1,TRP,C,198,1.0,108.74,,1.8,0.0
6991,ATOM,6991,CE2,TRP,C,198,1.0,108.74,,1.8,0.0
6992,ATOM,6992,CE3,TRP,C,198,1.0,108.74,,1.8,0.0
6993,ATOM,6993,CZ2,TRP,C,198,1.0,108.74,,1.8,0.0
6994,ATOM,6994,CZ3,TRP,C,198,1.0,108.74,,1.8,0.0
6995,ATOM,6995,CH2,TRP,C,198,1.0,108.74,,1.8,0.0
6996,ATOM,6996,C,TRP,C,198,1.0,108.74,,1.8,0.0
6997,ATOM,6997,O,TRP,C,198,1.0,108.74,,1.8,0.0
6998,ATOM,6998,N,PRO,C,199,1.0,68.76,,1.8,0.0
6999,ATOM,6999,CA,PRO,C,199,1.0,68.76,,1.8,0.0
7000,ATOM,7000,CD,PRO,C,199,1.0,68.76,,1.8,0.0
7001,ATOM,7001,CB,PRO,C,199,1.0,68.76,,1.8,0.0
7002,ATOM,7002,CG,PRO,C,199,1.0,68.76,,1.8,0.0
7003,ATOM,7003,C,PRO,C,199,1.0,68.76,,1.8,0.0
7004,ATOM,7004,O,PRO,C,199,1.0,68.76,,1.8,0.0
7005,ATOM,7005,N,GLN,C,200,1.0,57.21,,1.8,0.0
7006,ATOM,7006,CA,GLN,C,200,1.0,57.21,,1.8,0.0
7007,ATOM,7007,CB,GLN,C,200,1.0,57.21,,1.8,0.0
7008,ATOM,7008,CG,GLN,C,200,1.0,57.21,,1.8,0.0
7009,ATOM,7009,CD,GLN,C,200,1.0,57.21,,1.8,0.0
7010,ATOM,7010,OE1,GLN,C,200,1.0,57.21,,1.8,0.0
7011,ATOM,7011,NE2,GLN,C,200,1.0,57.21,,1.8,0.0
7012,ATOM,7012,C,GLN,C,200,1.0,57.21,,1.8,0.0
7013,ATOM,7013,O,GLN,C,200,1.0,57.21,,1.8,0.0
7014,ATOM,7014,N,SER,C,201,1.0,77.24,,1.8,0.0
7015,ATOM,7015,CA,SER,C,201,1.0,77.24,,1.8,0.0
7016,ATOM,7016,CB,SER,C,201,1.0,77.24,,1.8,0.0
7017,ATOM,7017,OG,SER,C,201,1.0,77.24,,1.8,0.0
7018,ATOM,7018,C,SER,C,201,1.0,77.24,,1.8,0.0
7019,ATOM,7019,O,SER,C,201,1.0,77.24,,1.8,0.0
7020,ATOM,7020,N,HIS,C,202,1.0,89.03,,1.8,0.0
7021,ATOM,7021,CA,HIS,C,202,1.0,89.03,,1.8,0.0
7022,ATOM,7022,ND1,HIS,C,202,1.0,89.03,,1.8,0.0
7023,ATOM,7023,CG,HIS,C,202,1.0,89.03,,1.8,0.0
7024,ATOM,7024,CB,HIS,C,202,1.0,89.03,,1.8,0.0
7025,ATOM,7025,NE2,HIS,C,202,1.0,89.03,,1.8,0.0
7026,ATOM,7026,CD2,HIS,C,202,1.0,89.03,,1.8,0.0
7027,ATOM,7027,CE1,HIS,C,202,1.0,89.03,,1.8,0.0
7028,ATOM,7028,C,HIS,C,202,1.0,89.03,,1.8,0.0
7029,ATOM,7029,O,HIS,C,202,1.0,89.03,,1.8,0.0
7030,ATOM,7030,N,PHE,C,203,1.0,108.76,,1.8,0.0
7031,ATOM,7031,CA,PHE,C,203,1.0,108.76,,1.8,0.0
7032,ATOM,7032,CB,PHE,C,203,1.0,108.76,,1.8,0.0
7033,ATOM,7033,CG,PHE,C,203,1.0,108.76,,1.8,0.0
7034,ATOM,7034,CD1,PHE,C,203,1.0,108.76,,1.8,0.0
7035,ATOM,7035,CD2,PHE,C,203,1.0,108.76,,1.8,0.0
7036,ATOM,7036,CE1,PHE,C,203,1.0,108.76,,1.8,0.0
7037,ATOM,7037,CE2,PHE,C,203,1.0,108.76,,1.8,0.0
7038,ATOM,7038,CZ,PHE,C,203,1.0,108.76,,1.8,0.0
7039,ATOM,7039,C,PHE,C,203,1.0,108.76,,1.8,0.0
7040,ATOM,7040,O,PHE,C,203,1.0,108.76,,1.8,0.0
7041,ATOM,7041,N,ASP,C,204,1.0,75.57,,1.8,0.0
7042,ATOM,7042,CA,ASP,C,204,1.0,75.57,,1.8,0.0
7043,ATOM,7043,CB,ASP,C,204,1.0,75.57,,1.8,0.0
7044,ATOM,7044,CG,ASP,C,204,1.0,75.57,,1.8,0.0
7045,ATOM,7045,OD1,ASP,C,204,1.0,75.57,,1.8,0.0
7046,ATOM,7046,OD2,ASP,C,204,1.0,75.57,,1.8,0.0
7047,ATOM,7047,C,ASP,C,204,1.0,75.57,,1.8,0.0
7048,ATOM,7048,O,ASP,C,204,1.0,75.57,,1.8,0.0
7049,ATOM,7049,N,TRP,C,205,1.0,79.9,,1.8,0.0
7050,ATOM,7050,CA,TRP,C,205,1.0,79.9,,1.8,0.0
7051,ATOM,7051,CB,TRP,C,205,1.0,79.9,,1.8,0.0
7052,ATOM,7052,CG,TRP,C,205,1.0,79.9,,1.8,0.0
7053,ATOM,7053,CD2,TRP,C,205,1.0,79.9,,1.8,0.0
7054,ATOM,7054,CD1,TRP,C,205,1.0,79.9,,1.8,0.0
7055,ATOM,7055,NE1,TRP,C,205,1.0,79.9,,1.8,0.0
7056,ATOM,7056,CE2,TRP,C,205,1.0,79.9,,1.8,0.0
7057,ATOM,7057,CE3,TRP,C,205,1.0,79.9,,1.8,0.0
7058,ATOM,7058,CZ2,TRP,C,205,1.0,79.9,,1.8,0.0
7059,ATOM,7059,CZ3,TRP,C,205,1.0,79.9,,1.8,0.0
7060,ATOM,7060,CH2,TRP,C,205,1.0,79.9,,1.8,0.0
7061,ATOM,7061,C,TRP,C,205,1.0,79.9,,1.8,0.0
7062,ATOM,7062,O,TRP,C,205,1.0,79.9,,1.8,0.0
7063,ATOM,7063,N,VAL,C,206,1.0,57.21,,1.8,0.0
7064,ATOM,7064,CA,VAL,C,206,1.0,57.21,,1.8,0.0
7065,ATOM,7065,CB,VAL,C,206,1.0,57.21,,1.8,0.0
7066,ATOM,7066,CG1,VAL,C,206,1.0,57.21,,1.8,0.0
7067,ATOM,7067,CG2,VAL,C,206,1.0,57.21,,1.8,0.0
7068,ATOM,7068,C,VAL,C,206,1.0,57.21,,1.8,0.0
7069,ATOM,7069,O,VAL,C,206,1.0,57.21,,1.8,0.0
7070,ATOM,7070,N,ARG,C,207,1.0,184.1,,1.8,0.0
7071,ATOM,7071,CA,ARG,C,207,1.0,184.1,,1.8,0.0
7072,ATOM,7072,CB,ARG,C,207,1.0,184.1,,1.8,0.0
7073,ATOM,7073,CG,ARG,C,207,1.0,184.1,,1.8,0.0
7074,ATOM,7074,CD,ARG,C,207,1.0,184.1,,1.8,0.0
7075,ATOM,7075,NE,ARG,C,207,1.0,184.1,,1.8,0.0
7076,ATOM,7076,CZ,ARG,C,207,1.0,184.1,,1.8,0.0
7077,ATOM,7077,NH1,ARG,C,207,1.0,184.1,,1.8,0.0
7078,ATOM,7078,NH2,ARG,C,207,1.0,184.1,,1.8,0.0
7079,ATOM,7079,C,ARG,C,207,1.0,184.1,,1.8,0.0
7080,ATOM,7080,O,ARG,C,207,1.0,184.1,,1.8,0.0
7081,ATOM,7081,N,PRO,C,208,1.0,125.13,,1.8,0.0
7082,ATOM,7082,CA,PRO,C,208,1.0,125.13,,1.8,0.0
7083,ATOM,7083,CD,PRO,C,208,1.0,125.13,,1.8,0.0
7084,ATOM,7084,CB,PRO,C,208,1.0,125.13,,1.8,0.0
7085,ATOM,7085,CG,PRO,C,208,1.0,125.13,,1.8,0.0
7086,ATOM,7086,C,PRO,C,208,1.0,125.13,,1.8,0.0
7087,ATOM,7087,O,PRO,C,208,1.0,125.13,,1.8,0.0
7088,ATOM,7088,N,GLY,C,209,1.0,113.86,,1.8,0.0
7089,ATOM,7089,CA,GLY,C,209,1.0,113.86,,1.8,0.0
7090,ATOM,7090,C,GLY,C,209,1.0,113.86,,1.8,0.0
7091,ATOM,7091,O,GLY,C,209,1.0,113.86,,1.8,0.0
7092,ATOM,7092,N,ILE,C,210,1.0,121.2,,1.8,0.0
7093,ATOM,7093,CA,ILE,C,210,1.0,121.2,,1.8,0.0
7094,ATOM,7094,CB,ILE,C,210,1.0,121.2,,1.8,0.0
7095,ATOM,7095,CG1,ILE,C,210,1.0,121.2,,1.8,0.0
7096,ATOM,7096,CG2,ILE,C,210,1.0,121.2,,1.8,0.0
7097,ATOM,7097,CD1,ILE,C,210,1.0,121.2,,1.8,0.0
7098,ATOM,7098,C,ILE,C,210,1.0,121.2,,1.8,0.0
7099,ATOM,7099,O,ILE,C,210,1.0,121.2,,1.8,0.0
7100,ATOM,7100,N,ILE,C,211,1.0,106.04,,1.8,0.0
7101,ATOM,7101,CA,ILE,C,211,1.0,106.04,,1.8,0.0
7102,ATOM,7102,CB,ILE,C,211,1.0,106.04,,1.8,0.0
7103,ATOM,7103,CG1,ILE,C,211,1.0,106.04,,1.8,0.0
7104,ATOM,7104,CG2,ILE,C,211,1.0,106.04,,1.8,0.0
7105,ATOM,7105,CD1,ILE,C,211,1.0,106.04,,1.8,0.0
7106,ATOM,7106,C,ILE,C,211,1.0,106.04,,1.8,0.0
7107,ATOM,7107,O,ILE,C,211,1.0,106.04,,1.8,0.0
7108,ATOM,7108,N,LEU,C,212,1.0,191.23,,1.8,0.0
7109,ATOM,7109,CA,LEU,C,212,1.0,191.23,,1.8,0.0
7110,ATOM,7110,CB,LEU,C,212,1.0,191.23,,1.8,0.0
7111,ATOM,7111,CG,LEU,C,212,1.0,191.23,,1.8,0.0
7112,ATOM,7112,CD1,LEU,C,212,1.0,191.23,,1.8,0.0
7113,ATOM,7113,CD2,LEU,C,212,1.0,191.23,,1.8,0.0
7114,ATOM,7114,C,LEU,C,212,1.0,191.23,,1.8,0.0
7115,ATOM,7115,O,LEU,C,212,1.0,191.23,,1.8,0.0
7116,ATOM,7116,N,TYR,C,213,1.0,141.69,,1.8,0.0
7117,ATOM,7117,CA,TYR,C,213,1.0,141.69,,1.8,0.0
7118,ATOM,7118,CB,TYR,C,213,1.0,141.69,,1.8,0.0
7119,ATOM,7119,CG,TYR,C,213,1.0,141.69,,1.8,0.0
7120,ATOM,7120,CD1,TYR,C,213,1.0,141.69,,1.8,0.0
7121,ATOM,7121,CD2,TYR,C,213,1.0,141.69,,1.8,0.0
7122,ATOM,7122,CE1,TYR,C,213,1.0,141.69,,1.8,0.0
7123,ATOM,7123,CE2,TYR,C,213,1.0,141.69,,1.8,0.0
7124,ATOM,7124,CZ,TYR,C,213,1.0,141.69,,1.8,0.0
7125,ATOM,7125,OH,TYR,C,213,1.0,141.69,,1.8,0.0
7126,ATOM,7126,C,TYR,C,213,1.0,141.69,,1.8,0.0
7127,ATOM,7127,O,TYR,C,213,1.0,141.69,,1.8,0.0
7128,ATOM,7128,N,GLY,C,214,1.0,42.62,,1.8,0.0
7129,ATOM,7129,CA,GLY,C,214,1.0,42.62,,1.8,0.0
7130,ATOM,7130,C,GLY,C,214,1.0,42.62,,1.8,0.0
7131,ATOM,7131,O,GLY,C,214,1.0,42.62,,1.8,0.0
7132,ATOM,7132,N,VAL,C,215,1.0,53.59,,1.8,0.0
7133,ATOM,7133,CA,VAL,C,215,1.0,53.59,,1.8,0.0
7134,ATOM,7134,CB,VAL,C,215,1.0,53.59,,1.8,0.0
7135,ATOM,7135,CG1,VAL,C,215,1.0,53.59,,1.8,0.0
7136,ATOM,7136,CG2,VAL,C,215,1.0,53.59,,1.8,0.0
7137,ATOM,7137,C,VAL,C,215,1.0,53.59,,1.8,0.0
7138,ATOM,7138,O,VAL,C,215,1.0,53.59,,1.8,0.0
7139,ATOM,7139,N,SER,C,216,1.0,56.94,,1.8,0.0
7140,ATOM,7140,CA,SER,C,216,1.0,56.94,,1.8,0.0
7141,ATOM,7141,CB,SER,C,216,1.0,56.94,,1.8,0.0
7142,ATOM,7142,OG,SER,C,216,1.0,56.94,,1.8,0.0
7143,ATOM,7143,C,SER,C,216,1.0,56.94,,1.8,0.0
7144,ATOM,7144,O,SER,C,216,1.0,56.94,,1.8,0.0
7145,ATOM,7145,N,PRO,C,217,1.0,102.5,,1.8,0.0
7146,ATOM,7146,CA,PRO,C,217,1.0,102.5,,1.8,0.0
7147,ATOM,7147,CD,PRO,C,217,1.0,102.5,,1.8,0.0
7148,ATOM,7148,CB,PRO,C,217,1.0,102.5,,1.8,0.0
7149,ATOM,7149,CG,PRO,C,217,1.0,102.5,,1.8,0.0
7150,ATOM,7150,C,PRO,C,217,1.0,102.5,,1.8,0.0
7151,ATOM,7151,O,PRO,C,217,1.0,102.5,,1.8,0.0
7152,ATOM,7152,N,LEU,C,218,1.0,83.09,,1.8,0.0
7153,ATOM,7153,CA,LEU,C,218,1.0,83.09,,1.8,0.0
7154,ATOM,7154,CB,LEU,C,218,1.0,83.09,,1.8,0.0
7155,ATOM,7155,CG,LEU,C,218,1.0,83.09,,1.8,0.0
7156,ATOM,7156,CD1,LEU,C,218,1.0,83.09,,1.8,0.0
7157,ATOM,7157,CD2,LEU,C,218,1.0,83.09,,1.8,0.0
7158,ATOM,7158,C,LEU,C,218,1.0,83.09,,1.8,0.0
7159,ATOM,7159,O,LEU,C,218,1.0,83.09,,1.8,0.0
7160,ATOM,7160,N,GLU,C,219,1.0,151.69,,1.8,0.0
7161,ATOM,7161,CA,GLU,C,219,1.0,151.69,,1.8,0.0
7162,ATOM,7162,CB,GLU,C,219,1.0,151.69,,1.8,0.0
7163,ATOM,7163,CG,GLU,C,219,1.0,151.69,,1.8,0.0
7164,ATOM,7164,CD,GLU,C,219,1.0,151.69,,1.8,0.0
7165,ATOM,7165,OE1,GLU,C,219,1.0,151.69,,1.8,0.0
7166,ATOM,7166,OE2,GLU,C,219,1.0,151.69,,1.8,0.0
7167,ATOM,7167,C,GLU,C,219,1.0,151.69,,1.8,0.0
7168,ATOM,7168,O,GLU,C,219,1.0,151.69,,1.8,0.0
7169,ATOM,7169,N,ASP,C,220,1.0,108.52,,1.8,0.0
7170,ATOM,7170,CA,ASP,C,220,1.0,108.52,,1.8,0.0
7171,ATOM,7171,CB,ASP,C,220,1.0,108.52,,1.8,0.0
7172,ATOM,7172,CG,ASP,C,220,1.0,108.52,,1.8,0.0
7173,ATOM,7173,OD1,ASP,C,220,1.0,108.52,,1.8,0.0
7174,ATOM,7174,OD2,ASP,C,220,1.0,108.52,,1.8,0.0
7175,ATOM,7175,C,ASP,C,220,1.0,108.52,,1.8,0.0
7176,ATOM,7176,O,ASP,C,220,1.0,108.52,,1.8,0.0
7177,ATOM,7177,N,ARG,C,221,1.0,195.61,,1.8,0.0
7178,ATOM,7178,CA,ARG,C,221,1.0,195.61,,1.8,0.0
7179,ATOM,7179,CB,ARG,C,221,1.0,195.61,,1.8,0.0
7180,ATOM,7180,CG,ARG,C,221,1.0,195.61,,1.8,0.0
7181,ATOM,7181,CD,ARG,C,221,1.0,195.61,,1.8,0.0
7182,ATOM,7182,NE,ARG,C,221,1.0,195.61,,1.8,0.0
7183,ATOM,7183,CZ,ARG,C,221,1.0,195.61,,1.8,0.0
7184,ATOM,7184,NH1,ARG,C,221,1.0,195.61,,1.8,0.0
7185,ATOM,7185,NH2,ARG,C,221,1.0,195.61,,1.8,0.0
7186,ATOM,7186,C,ARG,C,221,1.0,195.61,,1.8,0.0
7187,ATOM,7187,O,ARG,C,221,1.0,195.61,,1.8,0.0
7188,ATOM,7188,N,SER,C,222,1.0,49.75,,1.8,0.0
7189,ATOM,7189,CA,SER,C,222,1.0,49.75,,1.8,0.0
7190,ATOM,7190,CB,SER,C,222,1.0,49.75,,1.8,0.0
7191,ATOM,7191,OG,SER,C,222,1.0,49.75,,1.8,0.0
7192,ATOM,7192,C,SER,C,222,1.0,49.75,,1.8,0.0
7193,ATOM,7193,O,SER,C,222,1.0,49.75,,1.8,0.0
7194,ATOM,7194,N,THR,C,223,1.0,137.53,,1.8,0.0
7195,ATOM,7195,CA,THR,C,223,1.0,137.53,,1.8,0.0
7196,ATOM,7196,CB,THR,C,223,1.0,137.53,,1.8,0.0
7197,ATOM,7197,OG1,THR,C,223,1.0,137.53,,1.8,0.0
7198,ATOM,7198,CG2,THR,C,223,1.0,137.53,,1.8,0.0
7199,ATOM,7199,C,THR,C,223,1.0,137.53,,1.8,0.0
7200,ATOM,7200,O,THR,C,223,1.0,137.53,,1.8,0.0
7201,ATOM,7201,N,GLY,C,224,1.0,44.7,,1.8,0.0
7202,ATOM,7202,CA,GLY,C,224,1.0,44.7,,1.8,0.0
7203,ATOM,7203,C,GLY,C,224,1.0,44.7,,1.8,0.0
7204,ATOM,7204,O,GLY,C,224,1.0,44.7,,1.8,0.0
7205,ATOM,7205,N,ALA,C,225,1.0,49.91,,1.8,0.0
7206,ATOM,7206,CA,ALA,C,225,1.0,49.91,,1.8,0.0
7207,ATOM,7207,CB,ALA,C,225,1.0,49.91,,1.8,0.0
7208,ATOM,7208,C,ALA,C,225,1.0,49.91,,1.8,0.0
7209,ATOM,7209,O,ALA,C,225,1.0,49.91,,1.8,0.0
7210,ATOM,7210,N,ASP,C,226,1.0,62.26,,1.8,0.0
7211,ATOM,7211,CA,ASP,C,226,1.0,62.26,,1.8,0.0
7212,ATOM,7212,CB,ASP,C,226,1.0,62.26,,1.8,0.0
7213,ATOM,7213,CG,ASP,C,226,1.0,62.26,,1.8,0.0
7214,ATOM,7214,OD1,ASP,C,226,1.0,62.26,,1.8,0.0
7215,ATOM,7215,OD2,ASP,C,226,1.0,62.26,,1.8,0.0
7216,ATOM,7216,C,ASP,C,226,1.0,62.26,,1.8,0.0
7217,ATOM,7217,O,ASP,C,226,1.0,62.26,,1.8,0.0
7218,ATOM,7218,N,PHE,C,227,1.0,121.6,,1.8,0.0
7219,ATOM,7219,CA,PHE,C,227,1.0,121.6,,1.8,0.0
7220,ATOM,7220,CB,PHE,C,227,1.0,121.6,,1.8,0.0
7221,ATOM,7221,CG,PHE,C,227,1.0,121.6,,1.8,0.0
7222,ATOM,7222,CD1,PHE,C,227,1.0,121.6,,1.8,0.0
7223,ATOM,7223,CD2,PHE,C,227,1.0,121.6,,1.8,0.0
7224,ATOM,7224,CE1,PHE,C,227,1.0,121.6,,1.8,0.0
7225,ATOM,7225,CE2,PHE,C,227,1.0,121.6,,1.8,0.0
7226,ATOM,7226,CZ,PHE,C,227,1.0,121.6,,1.8,0.0
7227,ATOM,7227,C,PHE,C,227,1.0,121.6,,1.8,0.0
7228,ATOM,7228,O,PHE,C,227,1.0,121.6,,1.8,0.0
7229,ATOM,7229,N,GLY,C,228,1.0,32.12,,1.8,0.0
7230,ATOM,7230,CA,GLY,C,228,1.0,32.12,,1.8,0.0
7231,ATOM,7231,C,GLY,C,228,1.0,32.12,,1.8,0.0
7232,ATOM,7232,O,GLY,C,228,1.0,32.12,,1.8,0.0
7233,ATOM,7233,N,CYS,C,229,1.0,43.19,,1.8,0.0
7234,ATOM,7234,CA,CYS,C,229,1.0,43.19,,1.8,0.0
7235,ATOM,7235,CB,CYS,C,229,1.0,43.19,,1.8,0.0
7236,ATOM,7236,SG,CYS,C,229,1.0,43.19,,1.8,0.0
7237,ATOM,7237,C,CYS,C,229,1.0,43.19,,1.8,0.0
7238,ATOM,7238,O,CYS,C,229,1.0,43.19,,1.8,0.0
7239,ATOM,7239,N,GLN,C,230,1.0,75.84,,1.8,0.0
7240,ATOM,7240,CA,GLN,C,230,1.0,75.84,,1.8,0.0
7241,ATOM,7241,CB,GLN,C,230,1.0,75.84,,1.8,0.0
7242,ATOM,7242,CG,GLN,C,230,1.0,75.84,,1.8,0.0
7243,ATOM,7243,CD,GLN,C,230,1.0,75.84,,1.8,0.0
7244,ATOM,7244,OE1,GLN,C,230,1.0,75.84,,1.8,0.0
7245,ATOM,7245,NE2,GLN,C,230,1.0,75.84,,1.8,0.0
7246,ATOM,7246,C,GLN,C,230,1.0,75.84,,1.8,0.0
7247,ATOM,7247,O,GLN,C,230,1.0,75.84,,1.8,0.0
7248,ATOM,7248,N,PRO,C,231,1.0,100.62,,1.8,0.0
7249,ATOM,7249,CA,PRO,C,231,1.0,100.62,,1.8,0.0
7250,ATOM,7250,CD,PRO,C,231,1.0,100.62,,1.8,0.0
7251,ATOM,7251,CB,PRO,C,231,1.0,100.62,,1.8,0.0
7252,ATOM,7252,CG,PRO,C,231,1.0,100.62,,1.8,0.0
7253,ATOM,7253,C,PRO,C,231,1.0,100.62,,1.8,0.0
7254,ATOM,7254,O,PRO,C,231,1.0,100.62,,1.8,0.0
7255,ATOM,7255,N,VAL,C,232,1.0,76.59,,1.8,0.0
7256,ATOM,7256,CA,VAL,C,232,1.0,76.59,,1.8,0.0
7257,ATOM,7257,CB,VAL,C,232,1.0,76.59,,1.8,0.0
7258,ATOM,7258,CG1,VAL,C,232,1.0,76.59,,1.8,0.0
7259,ATOM,7259,CG2,VAL,C,232,1.0,76.59,,1.8,0.0
7260,ATOM,7260,C,VAL,C,232,1.0,76.59,,1.8,0.0
7261,ATOM,7261,O,VAL,C,232,1.0,76.59,,1.8,0.0
7262,ATOM,7262,N,MET,C,233,1.0,70.93,,1.8,0.0
7263,ATOM,7263,CA,MET,C,233,1.0,70.93,,1.8,0.0
7264,ATOM,7264,CB,MET,C,233,1.0,70.93,,1.8,0.0
7265,ATOM,7265,CG,MET,C,233,1.0,70.93,,1.8,0.0
7266,ATOM,7266,SD,MET,C,233,1.0,70.93,,1.8,0.0
7267,ATOM,7267,CE,MET,C,233,1.0,70.93,,1.8,0.0
7268,ATOM,7268,C,MET,C,233,1.0,70.93,,1.8,0.0
7269,ATOM,7269,O,MET,C,233,1.0,70.93,,1.8,0.0
7270,ATOM,7270,N,SER,C,234,1.0,51.91,,1.8,0.0
7271,ATOM,7271,CA,SER,C,234,1.0,51.91,,1.8,0.0
7272,ATOM,7272,CB,SER,C,234,1.0,51.91,,1.8,0.0
7273,ATOM,7273,OG,SER,C,234,1.0,51.91,,1.8,0.0
7274,ATOM,7274,C,SER,C,234,1.0,51.91,,1.8,0.0
7275,ATOM,7275,O,SER,C,234,1.0,51.91,,1.8,0.0
7276,ATOM,7276,N,LEU,C,235,1.0,71.0,,1.8,0.0
7277,ATOM,7277,CA,LEU,C,235,1.0,71.0,,1.8,0.0
7278,ATOM,7278,CB,LEU,C,235,1.0,71.0,,1.8,0.0
7279,ATOM,7279,CG,LEU,C,235,1.0,71.0,,1.8,0.0
7280,ATOM,7280,CD1,LEU,C,235,1.0,71.0,,1.8,0.0
7281,ATOM,7281,CD2,LEU,C,235,1.0,71.0,,1.8,0.0
7282,ATOM,7282,C,LEU,C,235,1.0,71.0,,1.8,0.0
7283,ATOM,7283,O,LEU,C,235,1.0,71.0,,1.8,0.0
7284,ATOM,7284,N,THR,C,236,1.0,62.55,,1.8,0.0
7285,ATOM,7285,CA,THR,C,236,1.0,62.55,,1.8,0.0
7286,ATOM,7286,CB,THR,C,236,1.0,62.55,,1.8,0.0
7287,ATOM,7287,OG1,THR,C,236,1.0,62.55,,1.8,0.0
7288,ATOM,7288,CG2,THR,C,236,1.0,62.55,,1.8,0.0
7289,ATOM,7289,C,THR,C,236,1.0,62.55,,1.8,0.0
7290,ATOM,7290,O,THR,C,236,1.0,62.55,,1.8,0.0
7291,ATOM,7291,N,SER,C,237,1.0,102.91,,1.8,0.0
7292,ATOM,7292,CA,SER,C,237,1.0,102.91,,1.8,0.0
7293,ATOM,7293,CB,SER,C,237,1.0,102.91,,1.8,0.0
7294,ATOM,7294,OG,SER,C,237,1.0,102.91,,1.8,0.0
7295,ATOM,7295,C,SER,C,237,1.0,102.91,,1.8,0.0
7296,ATOM,7296,O,SER,C,237,1.0,102.91,,1.8,0.0
7297,ATOM,7297,N,SER,C,238,1.0,46.14,,1.8,0.0
7298,ATOM,7298,CA,SER,C,238,1.0,46.14,,1.8,0.0
7299,ATOM,7299,CB,SER,C,238,1.0,46.14,,1.8,0.0
7300,ATOM,7300,OG,SER,C,238,1.0,46.14,,1.8,0.0
7301,ATOM,7301,C,SER,C,238,1.0,46.14,,1.8,0.0
7302,ATOM,7302,O,SER,C,238,1.0,46.14,,1.8,0.0
7303,ATOM,7303,N,LEU,C,239,1.0,108.73,,1.8,0.0
7304,ATOM,7304,CA,LEU,C,239,1.0,108.73,,1.8,0.0
7305,ATOM,7305,CB,LEU,C,239,1.0,108.73,,1.8,0.0
7306,ATOM,7306,CG,LEU,C,239,1.0,108.73,,1.8,0.0
7307,ATOM,7307,CD1,LEU,C,239,1.0,108.73,,1.8,0.0
7308,ATOM,7308,CD2,LEU,C,239,1.0,108.73,,1.8,0.0
7309,ATOM,7309,C,LEU,C,239,1.0,108.73,,1.8,0.0
7310,ATOM,7310,O,LEU,C,239,1.0,108.73,,1.8,0.0
7311,ATOM,7311,N,ILE,C,240,1.0,90.7,,1.8,0.0
7312,ATOM,7312,CA,ILE,C,240,1.0,90.7,,1.8,0.0
7313,ATOM,7313,CB,ILE,C,240,1.0,90.7,,1.8,0.0
7314,ATOM,7314,CG1,ILE,C,240,1.0,90.7,,1.8,0.0
7315,ATOM,7315,CG2,ILE,C,240,1.0,90.7,,1.8,0.0
7316,ATOM,7316,CD1,ILE,C,240,1.0,90.7,,1.8,0.0
7317,ATOM,7317,C,ILE,C,240,1.0,90.7,,1.8,0.0
7318,ATOM,7318,O,ILE,C,240,1.0,90.7,,1.8,0.0
7319,ATOM,7319,N,ALA,C,241,1.0,51.35,,1.8,0.0
7320,ATOM,7320,CA,ALA,C,241,1.0,51.35,,1.8,0.0
7321,ATOM,7321,CB,ALA,C,241,1.0,51.35,,1.8,0.0
7322,ATOM,7322,C,ALA,C,241,1.0,51.35,,1.8,0.0
7323,ATOM,7323,O,ALA,C,241,1.0,51.35,,1.8,0.0
7324,ATOM,7324,N,VAL,C,242,1.0,57.3,,1.8,0.0
7325,ATOM,7325,CA,VAL,C,242,1.0,57.3,,1.8,0.0
7326,ATOM,7326,CB,VAL,C,242,1.0,57.3,,1.8,0.0
7327,ATOM,7327,CG1,VAL,C,242,1.0,57.3,,1.8,0.0
7328,ATOM,7328,CG2,VAL,C,242,1.0,57.3,,1.8,0.0
7329,ATOM,7329,C,VAL,C,242,1.0,57.3,,1.8,0.0
7330,ATOM,7330,O,VAL,C,242,1.0,57.3,,1.8,0.0
7331,ATOM,7331,N,ARG,C,243,1.0,94.38,,1.8,0.0
7332,ATOM,7332,CA,ARG,C,243,1.0,94.38,,1.8,0.0
7333,ATOM,7333,CB,ARG,C,243,1.0,94.38,,1.8,0.0
7334,ATOM,7334,CG,ARG,C,243,1.0,94.38,,1.8,0.0
7335,ATOM,7335,CD,ARG,C,243,1.0,94.38,,1.8,0.0
7336,ATOM,7336,NE,ARG,C,243,1.0,94.38,,1.8,0.0
7337,ATOM,7337,CZ,ARG,C,243,1.0,94.38,,1.8,0.0
7338,ATOM,7338,NH1,ARG,C,243,1.0,94.38,,1.8,0.0
7339,ATOM,7339,NH2,ARG,C,243,1.0,94.38,,1.8,0.0
7340,ATOM,7340,C,ARG,C,243,1.0,94.38,,1.8,0.0
7341,ATOM,7341,O,ARG,C,243,1.0,94.38,,1.8,0.0
7342,ATOM,7342,N,GLU,C,244,1.0,87.37,,1.8,0.0
7343,ATOM,7343,CA,GLU,C,244,1.0,87.37,,1.8,0.0
7344,ATOM,7344,CB,GLU,C,244,1.0,87.37,,1.8,0.0
7345,ATOM,7345,CG,GLU,C,244,1.0,87.37,,1.8,0.0
7346,ATOM,7346,CD,GLU,C,244,1.0,87.37,,1.8,0.0
7347,ATOM,7347,OE1,GLU,C,244,1.0,87.37,,1.8,0.0
7348,ATOM,7348,OE2,GLU,C,244,1.0,87.37,,1.8,0.0
7349,ATOM,7349,C,GLU,C,244,1.0,87.37,,1.8,0.0
7350,ATOM,7350,O,GLU,C,244,1.0,87.37,,1.8,0.0
7351,ATOM,7351,N,HIS,C,245,1.0,72.73,,1.8,0.0
7352,ATOM,7352,CA,HIS,C,245,1.0,72.73,,1.8,0.0
7353,ATOM,7353,ND1,HIS,C,245,1.0,72.73,,1.8,0.0
7354,ATOM,7354,CG,HIS,C,245,1.0,72.73,,1.8,0.0
7355,ATOM,7355,CB,HIS,C,245,1.0,72.73,,1.8,0.0
7356,ATOM,7356,NE2,HIS,C,245,1.0,72.73,,1.8,0.0
7357,ATOM,7357,CD2,HIS,C,245,1.0,72.73,,1.8,0.0
7358,ATOM,7358,CE1,HIS,C,245,1.0,72.73,,1.8,0.0
7359,ATOM,7359,C,HIS,C,245,1.0,72.73,,1.8,0.0
7360,ATOM,7360,O,HIS,C,245,1.0,72.73,,1.8,0.0
7361,ATOM,7361,N,LYS,C,246,1.0,176.65,,1.8,0.0
7362,ATOM,7362,CA,LYS,C,246,1.0,176.65,,1.8,0.0
7363,ATOM,7363,CB,LYS,C,246,1.0,176.65,,1.8,0.0
7364,ATOM,7364,CG,LYS,C,246,1.0,176.65,,1.8,0.0
7365,ATOM,7365,CD,LYS,C,246,1.0,176.65,,1.8,0.0
7366,ATOM,7366,CE,LYS,C,246,1.0,176.65,,1.8,0.0
7367,ATOM,7367,NZ,LYS,C,246,1.0,176.65,,1.8,0.0
7368,ATOM,7368,C,LYS,C,246,1.0,176.65,,1.8,0.0
7369,ATOM,7369,O,LYS,C,246,1.0,176.65,,1.8,0.0
7370,ATOM,7370,N,ALA,C,247,1.0,171.07,,1.8,0.0
7371,ATOM,7371,CA,ALA,C,247,1.0,171.07,,1.8,0.0
7372,ATOM,7372,CB,ALA,C,247,1.0,171.07,,1.8,0.0
7373,ATOM,7373,C,ALA,C,247,1.0,171.07,,1.8,0.0
7374,ATOM,7374,O,ALA,C,247,1.0,171.07,,1.8,0.0
7375,ATOM,7375,N,GLY,C,248,1.0,140.59,,1.8,0.0
7376,ATOM,7376,CA,GLY,C,248,1.0,140.59,,1.8,0.0
7377,ATOM,7377,C,GLY,C,248,1.0,140.59,,1.8,0.0
7378,ATOM,7378,O,GLY,C,248,1.0,140.59,,1.8,0.0
7379,ATOM,7379,N,GLU,C,249,1.0,113.93,,1.8,0.0
7380,ATOM,7380,CA,GLU,C,249,1.0,113.93,,1.8,0.0
7381,ATOM,7381,CB,GLU,C,249,1.0,113.93,,1.8,0.0
7382,ATOM,7382,CG,GLU,C,249,1.0,113.93,,1.8,0.0
7383,ATOM,7383,CD,GLU,C,249,1.0,113.93,,1.8,0.0
7384,ATOM,7384,OE1,GLU,C,249,1.0,113.93,,1.8,0.0
7385,ATOM,7385,OE2,GLU,C,249,1.0,113.93,,1.8,0.0
7386,ATOM,7386,C,GLU,C,249,1.0,113.93,,1.8,0.0
7387,ATOM,7387,O,GLU,C,249,1.0,113.93,,1.8,0.0
7388,ATOM,7388,N,PRO,C,250,1.0,84.63,,1.8,0.0
7389,ATOM,7389,CA,PRO,C,250,1.0,84.63,,1.8,0.0
7390,ATOM,7390,CD,PRO,C,250,1.0,84.63,,1.8,0.0
7391,ATOM,7391,CB,PRO,C,250,1.0,84.63,,1.8,0.0
7392,ATOM,7392,CG,PRO,C,250,1.0,84.63,,1.8,0.0
7393,ATOM,7393,C,PRO,C,250,1.0,84.63,,1.8,0.0
7394,ATOM,7394,O,PRO,C,250,1.0,84.63,,1.8,0.0
7395,ATOM,7395,N,VAL,C,251,1.0,51.19,,1.8,0.0
7396,ATOM,7396,CA,VAL,C,251,1.0,51.19,,1.8,0.0
7397,ATOM,7397,CB,VAL,C,251,1.0,51.19,,1.8,0.0
7398,ATOM,7398,CG1,VAL,C,251,1.0,51.19,,1.8,0.0
7399,ATOM,7399,CG2,VAL,C,251,1.0,51.19,,1.8,0.0
7400,ATOM,7400,C,VAL,C,251,1.0,51.19,,1.8,0.0
7401,ATOM,7401,O,VAL,C,251,1.0,51.19,,1.8,0.0
7402,ATOM,7402,N,GLY,C,252,1.0,33.91,,1.8,0.0
7403,ATOM,7403,CA,GLY,C,252,1.0,33.91,,1.8,0.0
7404,ATOM,7404,C,GLY,C,252,1.0,33.91,,1.8,0.0
7405,ATOM,7405,O,GLY,C,252,1.0,33.91,,1.8,0.0
7406,ATOM,7406,N,TYR,C,253,1.0,115.11,,1.8,0.0
7407,ATOM,7407,CA,TYR,C,253,1.0,115.11,,1.8,0.0
7408,ATOM,7408,CB,TYR,C,253,1.0,115.11,,1.8,0.0
7409,ATOM,7409,CG,TYR,C,253,1.0,115.11,,1.8,0.0
7410,ATOM,7410,CD1,TYR,C,253,1.0,115.11,,1.8,0.0
7411,ATOM,7411,CD2,TYR,C,253,1.0,115.11,,1.8,0.0
7412,ATOM,7412,CE1,TYR,C,253,1.0,115.11,,1.8,0.0
7413,ATOM,7413,CE2,TYR,C,253,1.0,115.11,,1.8,0.0
7414,ATOM,7414,CZ,TYR,C,253,1.0,115.11,,1.8,0.0
7415,ATOM,7415,OH,TYR,C,253,1.0,115.11,,1.8,0.0
7416,ATOM,7416,C,TYR,C,253,1.0,115.11,,1.8,0.0
7417,ATOM,7417,O,TYR,C,253,1.0,115.11,,1.8,0.0
7418,ATOM,7418,N,GLY,C,254,1.0,20.12,,1.8,0.0
7419,ATOM,7419,CA,GLY,C,254,1.0,20.12,,1.8,0.0
7420,ATOM,7420,C,GLY,C,254,1.0,20.12,,1.8,0.0
7421,ATOM,7421,O,GLY,C,254,1.0,20.12,,1.8,0.0
7422,ATOM,7422,N,GLY,C,255,1.0,22.27,,1.8,0.0
7423,ATOM,7423,CA,GLY,C,255,1.0,22.27,,1.8,0.0
7424,ATOM,7424,C,GLY,C,255,1.0,22.27,,1.8,0.0
7425,ATOM,7425,O,GLY,C,255,1.0,22.27,,1.8,0.0
7426,ATOM,7426,N,THR,C,256,1.0,40.98,,1.8,0.0
7427,ATOM,7427,CA,THR,C,256,1.0,40.98,,1.8,0.0
7428,ATOM,7428,CB,THR,C,256,1.0,40.98,,1.8,0.0
7429,ATOM,7429,OG1,THR,C,256,1.0,40.98,,1.8,0.0
7430,ATOM,7430,CG2,THR,C,256,1.0,40.98,,1.8,0.0
7431,ATOM,7431,C,THR,C,256,1.0,40.98,,1.8,0.0
7432,ATOM,7432,O,THR,C,256,1.0,40.98,,1.8,0.0
7433,ATOM,7433,N,TRP,C,257,1.0,75.08,,1.8,0.0
7434,ATOM,7434,CA,TRP,C,257,1.0,75.08,,1.8,0.0
7435,ATOM,7435,CB,TRP,C,257,1.0,75.08,,1.8,0.0
7436,ATOM,7436,CG,TRP,C,257,1.0,75.08,,1.8,0.0
7437,ATOM,7437,CD2,TRP,C,257,1.0,75.08,,1.8,0.0
7438,ATOM,7438,CD1,TRP,C,257,1.0,75.08,,1.8,0.0
7439,ATOM,7439,NE1,TRP,C,257,1.0,75.08,,1.8,0.0
7440,ATOM,7440,CE2,TRP,C,257,1.0,75.08,,1.8,0.0
7441,ATOM,7441,CE3,TRP,C,257,1.0,75.08,,1.8,0.0
7442,ATOM,7442,CZ2,TRP,C,257,1.0,75.08,,1.8,0.0
7443,ATOM,7443,CZ3,TRP,C,257,1.0,75.08,,1.8,0.0
7444,ATOM,7444,CH2,TRP,C,257,1.0,75.08,,1.8,0.0
7445,ATOM,7445,C,TRP,C,257,1.0,75.08,,1.8,0.0
7446,ATOM,7446,O,TRP,C,257,1.0,75.08,,1.8,0.0
7447,ATOM,7447,N,VAL,C,258,1.0,108.24,,1.8,0.0
7448,ATOM,7448,CA,VAL,C,258,1.0,108.24,,1.8,0.0
7449,ATOM,7449,CB,VAL,C,258,1.0,108.24,,1.8,0.0
7450,ATOM,7450,CG1,VAL,C,258,1.0,108.24,,1.8,0.0
7451,ATOM,7451,CG2,VAL,C,258,1.0,108.24,,1.8,0.0
7452,ATOM,7452,C,VAL,C,258,1.0,108.24,,1.8,0.0
7453,ATOM,7453,O,VAL,C,258,1.0,108.24,,1.8,0.0
7454,ATOM,7454,N,SER,C,259,1.0,186.78,,1.8,0.0
7455,ATOM,7455,CA,SER,C,259,1.0,186.78,,1.8,0.0
7456,ATOM,7456,CB,SER,C,259,1.0,186.78,,1.8,0.0
7457,ATOM,7457,OG,SER,C,259,1.0,186.78,,1.8,0.0
7458,ATOM,7458,C,SER,C,259,1.0,186.78,,1.8,0.0
7459,ATOM,7459,O,SER,C,259,1.0,186.78,,1.8,0.0
7460,ATOM,7460,N,GLU,C,260,1.0,341.75,,1.8,0.0
7461,ATOM,7461,CA,GLU,C,260,1.0,341.75,,1.8,0.0
7462,ATOM,7462,CB,GLU,C,260,1.0,341.75,,1.8,0.0
7463,ATOM,7463,CG,GLU,C,260,1.0,341.75,,1.8,0.0
7464,ATOM,7464,CD,GLU,C,260,1.0,341.75,,1.8,0.0
7465,ATOM,7465,OE1,GLU,C,260,1.0,341.75,,1.8,0.0
7466,ATOM,7466,OE2,GLU,C,260,1.0,341.75,,1.8,0.0
7467,ATOM,7467,C,GLU,C,260,1.0,341.75,,1.8,0.0
7468,ATOM,7468,O,GLU,C,260,1.0,341.75,,1.8,0.0
7469,ATOM,7469,N,ARG,C,261,1.0,173.5,,1.8,0.0
7470,ATOM,7470,CA,ARG,C,261,1.0,173.5,,1.8,0.0
7471,ATOM,7471,CB,ARG,C,261,1.0,173.5,,1.8,0.0
7472,ATOM,7472,CG,ARG,C,261,1.0,173.5,,1.8,0.0
7473,ATOM,7473,CD,ARG,C,261,1.0,173.5,,1.8,0.0
7474,ATOM,7474,NE,ARG,C,261,1.0,173.5,,1.8,0.0
7475,ATOM,7475,CZ,ARG,C,261,1.0,173.5,,1.8,0.0
7476,ATOM,7476,NH1,ARG,C,261,1.0,173.5,,1.8,0.0
7477,ATOM,7477,NH2,ARG,C,261,1.0,173.5,,1.8,0.0
7478,ATOM,7478,C,ARG,C,261,1.0,173.5,,1.8,0.0
7479,ATOM,7479,O,ARG,C,261,1.0,173.5,,1.8,0.0
7480,ATOM,7480,N,ASP,C,262,1.0,51.59,,1.8,0.0
7481,ATOM,7481,CA,ASP,C,262,1.0,51.59,,1.8,0.0
7482,ATOM,7482,CB,ASP,C,262,1.0,51.59,,1.8,0.0
7483,ATOM,7483,CG,ASP,C,262,1.0,51.59,,1.8,0.0
7484,ATOM,7484,OD1,ASP,C,262,1.0,51.59,,1.8,0.0
7485,ATOM,7485,OD2,ASP,C,262,1.0,51.59,,1.8,0.0
7486,ATOM,7486,C,ASP,C,262,1.0,51.59,,1.8,0.0
7487,ATOM,7487,O,ASP,C,262,1.0,51.59,,1.8,0.0
7488,ATOM,7488,N,THR,C,263,1.0,75.57,,1.8,0.0
7489,ATOM,7489,CA,THR,C,263,1.0,75.57,,1.8,0.0
7490,ATOM,7490,CB,THR,C,263,1.0,75.57,,1.8,0.0
7491,ATOM,7491,OG1,THR,C,263,1.0,75.57,,1.8,0.0
7492,ATOM,7492,CG2,THR,C,263,1.0,75.57,,1.8,0.0
7493,ATOM,7493,C,THR,C,263,1.0,75.57,,1.8,0.0
7494,ATOM,7494,O,THR,C,263,1.0,75.57,,1.8,0.0
7495,ATOM,7495,N,ARG,C,264,1.0,82.01,,1.8,0.0
7496,ATOM,7496,CA,ARG,C,264,1.0,82.01,,1.8,0.0
7497,ATOM,7497,CB,ARG,C,264,1.0,82.01,,1.8,0.0
7498,ATOM,7498,CG,ARG,C,264,1.0,82.01,,1.8,0.0
7499,ATOM,7499,CD,ARG,C,264,1.0,82.01,,1.8,0.0
7500,ATOM,7500,NE,ARG,C,264,1.0,82.01,,1.8,0.0
7501,ATOM,7501,CZ,ARG,C,264,1.0,82.01,,1.8,0.0
7502,ATOM,7502,NH1,ARG,C,264,1.0,82.01,,1.8,0.0
7503,ATOM,7503,NH2,ARG,C,264,1.0,82.01,,1.8,0.0
7504,ATOM,7504,C,ARG,C,264,1.0,82.01,,1.8,0.0
7505,ATOM,7505,O,ARG,C,264,1.0,82.01,,1.8,0.0
7506,ATOM,7506,N,LEU,C,265,1.0,54.1,,1.8,0.0
7507,ATOM,7507,CA,LEU,C,265,1.0,54.1,,1.8,0.0
7508,ATOM,7508,CB,LEU,C,265,1.0,54.1,,1.8,0.0
7509,ATOM,7509,CG,LEU,C,265,1.0,54.1,,1.8,0.0
7510,ATOM,7510,CD1,LEU,C,265,1.0,54.1,,1.8,0.0
7511,ATOM,7511,CD2,LEU,C,265,1.0,54.1,,1.8,0.0
7512,ATOM,7512,C,LEU,C,265,1.0,54.1,,1.8,0.0
7513,ATOM,7513,O,LEU,C,265,1.0,54.1,,1.8,0.0
7514,ATOM,7514,N,GLY,C,266,1.0,29.45,,1.8,0.0
7515,ATOM,7515,CA,GLY,C,266,1.0,29.45,,1.8,0.0
7516,ATOM,7516,C,GLY,C,266,1.0,29.45,,1.8,0.0
7517,ATOM,7517,O,GLY,C,266,1.0,29.45,,1.8,0.0
7518,ATOM,7518,N,VAL,C,267,1.0,53.88,,1.8,0.0
7519,ATOM,7519,CA,VAL,C,267,1.0,53.88,,1.8,0.0
7520,ATOM,7520,CB,VAL,C,267,1.0,53.88,,1.8,0.0
7521,ATOM,7521,CG1,VAL,C,267,1.0,53.88,,1.8,0.0
7522,ATOM,7522,CG2,VAL,C,267,1.0,53.88,,1.8,0.0
7523,ATOM,7523,C,VAL,C,267,1.0,53.88,,1.8,0.0
7524,ATOM,7524,O,VAL,C,267,1.0,53.88,,1.8,0.0
7525,ATOM,7525,N,VAL,C,268,1.0,54.84,,1.8,0.0
7526,ATOM,7526,CA,VAL,C,268,1.0,54.84,,1.8,0.0
7527,ATOM,7527,CB,VAL,C,268,1.0,54.84,,1.8,0.0
7528,ATOM,7528,CG1,VAL,C,268,1.0,54.84,,1.8,0.0
7529,ATOM,7529,CG2,VAL,C,268,1.0,54.84,,1.8,0.0
7530,ATOM,7530,C,VAL,C,268,1.0,54.84,,1.8,0.0
7531,ATOM,7531,O,VAL,C,268,1.0,54.84,,1.8,0.0
7532,ATOM,7532,N,ALA,C,269,1.0,65.53,,1.8,0.0
7533,ATOM,7533,CA,ALA,C,269,1.0,65.53,,1.8,0.0
7534,ATOM,7534,CB,ALA,C,269,1.0,65.53,,1.8,0.0
7535,ATOM,7535,C,ALA,C,269,1.0,65.53,,1.8,0.0
7536,ATOM,7536,O,ALA,C,269,1.0,65.53,,1.8,0.0
7537,ATOM,7537,N,MET,C,270,1.0,59.86,,1.8,0.0
7538,ATOM,7538,CA,MET,C,270,1.0,59.86,,1.8,0.0
7539,ATOM,7539,CB,MET,C,270,1.0,59.86,,1.8,0.0
7540,ATOM,7540,CG,MET,C,270,1.0,59.86,,1.8,0.0
7541,ATOM,7541,SD,MET,C,270,1.0,59.86,,1.8,0.0
7542,ATOM,7542,CE,MET,C,270,1.0,59.86,,1.8,0.0
7543,ATOM,7543,C,MET,C,270,1.0,59.86,,1.8,0.0
7544,ATOM,7544,O,MET,C,270,1.0,59.86,,1.8,0.0
7545,ATOM,7545,N,GLY,C,271,1.0,29.4,,1.8,0.0
7546,ATOM,7546,CA,GLY,C,271,1.0,29.4,,1.8,0.0
7547,ATOM,7547,C,GLY,C,271,1.0,29.4,,1.8,0.0
7548,ATOM,7548,O,GLY,C,271,1.0,29.4,,1.8,0.0
7549,ATOM,7549,N,PHE,C,272,1.0,76.61,,1.8,0.0
7550,ATOM,7550,CA,PHE,C,272,1.0,76.61,,1.8,0.0
7551,ATOM,7551,CB,PHE,C,272,1.0,76.61,,1.8,0.0
7552,ATOM,7552,CG,PHE,C,272,1.0,76.61,,1.8,0.0
7553,ATOM,7553,CD1,PHE,C,272,1.0,76.61,,1.8,0.0
7554,ATOM,7554,CD2,PHE,C,272,1.0,76.61,,1.8,0.0
7555,ATOM,7555,CE1,PHE,C,272,1.0,76.61,,1.8,0.0
7556,ATOM,7556,CE2,PHE,C,272,1.0,76.61,,1.8,0.0
7557,ATOM,7557,CZ,PHE,C,272,1.0,76.61,,1.8,0.0
7558,ATOM,7558,C,PHE,C,272,1.0,76.61,,1.8,0.0
7559,ATOM,7559,O,PHE,C,272,1.0,76.61,,1.8,0.0
7560,ATOM,7560,N,GLY,C,273,1.0,41.26,,1.8,0.0
7561,ATOM,7561,CA,GLY,C,273,1.0,41.26,,1.8,0.0
7562,ATOM,7562,C,GLY,C,273,1.0,41.26,,1.8,0.0
7563,ATOM,7563,O,GLY,C,273,1.0,41.26,,1.8,0.0
7564,ATOM,7564,N,ASP,C,274,1.0,78.58,,1.8,0.0
7565,ATOM,7565,CA,ASP,C,274,1.0,78.58,,1.8,0.0
7566,ATOM,7566,CB,ASP,C,274,1.0,78.58,,1.8,0.0
7567,ATOM,7567,CG,ASP,C,274,1.0,78.58,,1.8,0.0
7568,ATOM,7568,OD1,ASP,C,274,1.0,78.58,,1.8,0.0
7569,ATOM,7569,OD2,ASP,C,274,1.0,78.58,,1.8,0.0
7570,ATOM,7570,C,ASP,C,274,1.0,78.58,,1.8,0.0
7571,ATOM,7571,O,ASP,C,274,1.0,78.58,,1.8,0.0
7572,ATOM,7572,N,GLY,C,275,1.0,53.98,,1.8,0.0
7573,ATOM,7573,CA,GLY,C,275,1.0,53.98,,1.8,0.0
7574,ATOM,7574,C,GLY,C,275,1.0,53.98,,1.8,0.0
7575,ATOM,7575,O,GLY,C,275,1.0,53.98,,1.8,0.0
7576,ATOM,7576,N,TYR,C,276,1.0,86.47,,1.8,0.0
7577,ATOM,7577,CA,TYR,C,276,1.0,86.47,,1.8,0.0
7578,ATOM,7578,CB,TYR,C,276,1.0,86.47,,1.8,0.0
7579,ATOM,7579,CG,TYR,C,276,1.0,86.47,,1.8,0.0
7580,ATOM,7580,CD1,TYR,C,276,1.0,86.47,,1.8,0.0
7581,ATOM,7581,CD2,TYR,C,276,1.0,86.47,,1.8,0.0
7582,ATOM,7582,CE1,TYR,C,276,1.0,86.47,,1.8,0.0
7583,ATOM,7583,CE2,TYR,C,276,1.0,86.47,,1.8,0.0
7584,ATOM,7584,CZ,TYR,C,276,1.0,86.47,,1.8,0.0
7585,ATOM,7585,OH,TYR,C,276,1.0,86.47,,1.8,0.0
7586,ATOM,7586,C,TYR,C,276,1.0,86.47,,1.8,0.0
7587,ATOM,7587,O,TYR,C,276,1.0,86.47,,1.8,0.0
7588,ATOM,7588,N,PRO,C,277,1.0,91.07,,1.8,0.0
7589,ATOM,7589,CA,PRO,C,277,1.0,91.07,,1.8,0.0
7590,ATOM,7590,CD,PRO,C,277,1.0,91.07,,1.8,0.0
7591,ATOM,7591,CB,PRO,C,277,1.0,91.07,,1.8,0.0
7592,ATOM,7592,CG,PRO,C,277,1.0,91.07,,1.8,0.0
7593,ATOM,7593,C,PRO,C,277,1.0,91.07,,1.8,0.0
7594,ATOM,7594,O,PRO,C,277,1.0,91.07,,1.8,0.0
7595,ATOM,7595,N,ARG,C,278,1.0,87.76,,1.8,0.0
7596,ATOM,7596,CA,ARG,C,278,1.0,87.76,,1.8,0.0
7597,ATOM,7597,CB,ARG,C,278,1.0,87.76,,1.8,0.0
7598,ATOM,7598,CG,ARG,C,278,1.0,87.76,,1.8,0.0
7599,ATOM,7599,CD,ARG,C,278,1.0,87.76,,1.8,0.0
7600,ATOM,7600,NE,ARG,C,278,1.0,87.76,,1.8,0.0
7601,ATOM,7601,CZ,ARG,C,278,1.0,87.76,,1.8,0.0
7602,ATOM,7602,NH1,ARG,C,278,1.0,87.76,,1.8,0.0
7603,ATOM,7603,NH2,ARG,C,278,1.0,87.76,,1.8,0.0
7604,ATOM,7604,C,ARG,C,278,1.0,87.76,,1.8,0.0
7605,ATOM,7605,O,ARG,C,278,1.0,87.76,,1.8,0.0
7606,ATOM,7606,N,ALA,C,279,1.0,60.44,,1.8,0.0
7607,ATOM,7607,CA,ALA,C,279,1.0,60.44,,1.8,0.0
7608,ATOM,7608,CB,ALA,C,279,1.0,60.44,,1.8,0.0
7609,ATOM,7609,C,ALA,C,279,1.0,60.44,,1.8,0.0
7610,ATOM,7610,O,ALA,C,279,1.0,60.44,,1.8,0.0
7611,ATOM,7611,N,ALA,C,280,1.0,60.55,,1.8,0.0
7612,ATOM,7612,CA,ALA,C,280,1.0,60.55,,1.8,0.0
7613,ATOM,7613,CB,ALA,C,280,1.0,60.55,,1.8,0.0
7614,ATOM,7614,C,ALA,C,280,1.0,60.55,,1.8,0.0
7615,ATOM,7615,O,ALA,C,280,1.0,60.55,,1.8,0.0
7616,ATOM,7616,N,PRO,C,281,1.0,77.73,,1.8,0.0
7617,ATOM,7617,CA,PRO,C,281,1.0,77.73,,1.8,0.0
7618,ATOM,7618,CD,PRO,C,281,1.0,77.73,,1.8,0.0
7619,ATOM,7619,CB,PRO,C,281,1.0,77.73,,1.8,0.0
7620,ATOM,7620,CG,PRO,C,281,1.0,77.73,,1.8,0.0
7621,ATOM,7621,C,PRO,C,281,1.0,77.73,,1.8,0.0
7622,ATOM,7622,O,PRO,C,281,1.0,77.73,,1.8,0.0
7623,ATOM,7623,N,SER,C,282,1.0,39.48,,1.8,0.0
7624,ATOM,7624,CA,SER,C,282,1.0,39.48,,1.8,0.0
7625,ATOM,7625,CB,SER,C,282,1.0,39.48,,1.8,0.0
7626,ATOM,7626,OG,SER,C,282,1.0,39.48,,1.8,0.0
7627,ATOM,7627,C,SER,C,282,1.0,39.48,,1.8,0.0
7628,ATOM,7628,O,SER,C,282,1.0,39.48,,1.8,0.0
7629,ATOM,7629,N,GLY,C,283,1.0,30.29,,1.8,0.0
7630,ATOM,7630,CA,GLY,C,283,1.0,30.29,,1.8,0.0
7631,ATOM,7631,C,GLY,C,283,1.0,30.29,,1.8,0.0
7632,ATOM,7632,O,GLY,C,283,1.0,30.29,,1.8,0.0
7633,ATOM,7633,N,THR,C,284,1.0,48.76,,1.8,0.0
7634,ATOM,7634,CA,THR,C,284,1.0,48.76,,1.8,0.0
7635,ATOM,7635,CB,THR,C,284,1.0,48.76,,1.8,0.0
7636,ATOM,7636,OG1,THR,C,284,1.0,48.76,,1.8,0.0
7637,ATOM,7637,CG2,THR,C,284,1.0,48.76,,1.8,0.0
7638,ATOM,7638,C,THR,C,284,1.0,48.76,,1.8,0.0
7639,ATOM,7639,O,THR,C,284,1.0,48.76,,1.8,0.0
7640,ATOM,7640,N,PRO,C,285,1.0,99.84,,1.8,0.0
7641,ATOM,7641,CA,PRO,C,285,1.0,99.84,,1.8,0.0
7642,ATOM,7642,CD,PRO,C,285,1.0,99.84,,1.8,0.0
7643,ATOM,7643,CB,PRO,C,285,1.0,99.84,,1.8,0.0
7644,ATOM,7644,CG,PRO,C,285,1.0,99.84,,1.8,0.0
7645,ATOM,7645,C,PRO,C,285,1.0,99.84,,1.8,0.0
7646,ATOM,7646,O,PRO,C,285,1.0,99.84,,1.8,0.0
7647,ATOM,7647,N,VAL,C,286,1.0,61.33,,1.8,0.0
7648,ATOM,7648,CA,VAL,C,286,1.0,61.33,,1.8,0.0
7649,ATOM,7649,CB,VAL,C,286,1.0,61.33,,1.8,0.0
7650,ATOM,7650,CG1,VAL,C,286,1.0,61.33,,1.8,0.0
7651,ATOM,7651,CG2,VAL,C,286,1.0,61.33,,1.8,0.0
7652,ATOM,7652,C,VAL,C,286,1.0,61.33,,1.8,0.0
7653,ATOM,7653,O,VAL,C,286,1.0,61.33,,1.8,0.0
7654,ATOM,7654,N,LEU,C,287,1.0,142.83,,1.8,0.0
7655,ATOM,7655,CA,LEU,C,287,1.0,142.83,,1.8,0.0
7656,ATOM,7656,CB,LEU,C,287,1.0,142.83,,1.8,0.0
7657,ATOM,7657,CG,LEU,C,287,1.0,142.83,,1.8,0.0
7658,ATOM,7658,CD1,LEU,C,287,1.0,142.83,,1.8,0.0
7659,ATOM,7659,CD2,LEU,C,287,1.0,142.83,,1.8,0.0
7660,ATOM,7660,C,LEU,C,287,1.0,142.83,,1.8,0.0
7661,ATOM,7661,O,LEU,C,287,1.0,142.83,,1.8,0.0
7662,ATOM,7662,N,VAL,C,288,1.0,72.47,,1.8,0.0
7663,ATOM,7663,CA,VAL,C,288,1.0,72.47,,1.8,0.0
7664,ATOM,7664,CB,VAL,C,288,1.0,72.47,,1.8,0.0
7665,ATOM,7665,CG1,VAL,C,288,1.0,72.47,,1.8,0.0
7666,ATOM,7666,CG2,VAL,C,288,1.0,72.47,,1.8,0.0
7667,ATOM,7667,C,VAL,C,288,1.0,72.47,,1.8,0.0
7668,ATOM,7668,O,VAL,C,288,1.0,72.47,,1.8,0.0
7669,ATOM,7669,N,ASN,C,289,1.0,270.29,,1.8,0.0
7670,ATOM,7670,CA,ASN,C,289,1.0,270.29,,1.8,0.0
7671,ATOM,7671,CB,ASN,C,289,1.0,270.29,,1.8,0.0
7672,ATOM,7672,CG,ASN,C,289,1.0,270.29,,1.8,0.0
7673,ATOM,7673,OD1,ASN,C,289,1.0,270.29,,1.8,0.0
7674,ATOM,7674,ND2,ASN,C,289,1.0,270.29,,1.8,0.0
7675,ATOM,7675,C,ASN,C,289,1.0,270.29,,1.8,0.0
7676,ATOM,7676,O,ASN,C,289,1.0,270.29,,1.8,0.0
7677,ATOM,7677,N,GLY,C,290,1.0,175.86,,1.8,0.0
7678,ATOM,7678,CA,GLY,C,290,1.0,175.86,,1.8,0.0
7679,ATOM,7679,C,GLY,C,290,1.0,175.86,,1.8,0.0
7680,ATOM,7680,O,GLY,C,290,1.0,175.86,,1.8,0.0
7681,ATOM,7681,N,ARG,C,291,1.0,114.43,,1.8,0.0
7682,ATOM,7682,CA,ARG,C,291,1.0,114.43,,1.8,0.0
7683,ATOM,7683,CB,ARG,C,291,1.0,114.43,,1.8,0.0
7684,ATOM,7684,CG,ARG,C,291,1.0,114.43,,1.8,0.0
7685,ATOM,7685,CD,ARG,C,291,1.0,114.43,,1.8,0.0
7686,ATOM,7686,NE,ARG,C,291,1.0,114.43,,1.8,0.0
7687,ATOM,7687,CZ,ARG,C,291,1.0,114.43,,1.8,0.0
7688,ATOM,7688,NH1,ARG,C,291,1.0,114.43,,1.8,0.0
7689,ATOM,7689,NH2,ARG,C,291,1.0,114.43,,1.8,0.0
7690,ATOM,7690,C,ARG,C,291,1.0,114.43,,1.8,0.0
7691,ATOM,7691,O,ARG,C,291,1.0,114.43,,1.8,0.0
7692,ATOM,7692,N,GLU,C,292,1.0,87.39,,1.8,0.0
7693,ATOM,7693,CA,GLU,C,292,1.0,87.39,,1.8,0.0
7694,ATOM,7694,CB,GLU,C,292,1.0,87.39,,1.8,0.0
7695,ATOM,7695,CG,GLU,C,292,1.0,87.39,,1.8,0.0
7696,ATOM,7696,CD,GLU,C,292,1.0,87.39,,1.8,0.0
7697,ATOM,7697,OE1,GLU,C,292,1.0,87.39,,1.8,0.0
7698,ATOM,7698,OE2,GLU,C,292,1.0,87.39,,1.8,0.0
7699,ATOM,7699,C,GLU,C,292,1.0,87.39,,1.8,0.0
7700,ATOM,7700,O,GLU,C,292,1.0,87.39,,1.8,0.0
7701,ATOM,7701,N,VAL,C,293,1.0,50.37,,1.8,0.0
7702,ATOM,7702,CA,VAL,C,293,1.0,50.37,,1.8,0.0
7703,ATOM,7703,CB,VAL,C,293,1.0,50.37,,1.8,0.0
7704,ATOM,7704,CG1,VAL,C,293,1.0,50.37,,1.8,0.0
7705,ATOM,7705,CG2,VAL,C,293,1.0,50.37,,1.8,0.0
7706,ATOM,7706,C,VAL,C,293,1.0,50.37,,1.8,0.0
7707,ATOM,7707,O,VAL,C,293,1.0,50.37,,1.8,0.0
7708,ATOM,7708,N,PRO,C,294,1.0,116.74,,1.8,0.0
7709,ATOM,7709,CA,PRO,C,294,1.0,116.74,,1.8,0.0
7710,ATOM,7710,CD,PRO,C,294,1.0,116.74,,1.8,0.0
7711,ATOM,7711,CB,PRO,C,294,1.0,116.74,,1.8,0.0
7712,ATOM,7712,CG,PRO,C,294,1.0,116.74,,1.8,0.0
7713,ATOM,7713,C,PRO,C,294,1.0,116.74,,1.8,0.0
7714,ATOM,7714,O,PRO,C,294,1.0,116.74,,1.8,0.0
7715,ATOM,7715,N,ILE,C,295,1.0,155.9,,1.8,0.0
7716,ATOM,7716,CA,ILE,C,295,1.0,155.9,,1.8,0.0
7717,ATOM,7717,CB,ILE,C,295,1.0,155.9,,1.8,0.0
7718,ATOM,7718,CG1,ILE,C,295,1.0,155.9,,1.8,0.0
7719,ATOM,7719,CG2,ILE,C,295,1.0,155.9,,1.8,0.0
7720,ATOM,7720,CD1,ILE,C,295,1.0,155.9,,1.8,0.0
7721,ATOM,7721,C,ILE,C,295,1.0,155.9,,1.8,0.0
7722,ATOM,7722,O,ILE,C,295,1.0,155.9,,1.8,0.0
7723,ATOM,7723,N,VAL,C,296,1.0,143.02,,1.8,0.0
7724,ATOM,7724,CA,VAL,C,296,1.0,143.02,,1.8,0.0
7725,ATOM,7725,CB,VAL,C,296,1.0,143.02,,1.8,0.0
7726,ATOM,7726,CG1,VAL,C,296,1.0,143.02,,1.8,0.0
7727,ATOM,7727,CG2,VAL,C,296,1.0,143.02,,1.8,0.0
7728,ATOM,7728,C,VAL,C,296,1.0,143.02,,1.8,0.0
7729,ATOM,7729,O,VAL,C,296,1.0,143.02,,1.8,0.0
7730,ATOM,7730,N,GLY,C,297,1.0,35.22,,1.8,0.0
7731,ATOM,7731,CA,GLY,C,297,1.0,35.22,,1.8,0.0
7732,ATOM,7732,C,GLY,C,297,1.0,35.22,,1.8,0.0
7733,ATOM,7733,O,GLY,C,297,1.0,35.22,,1.8,0.0
7734,ATOM,7734,N,ARG,C,298,1.0,111.11,,1.8,0.0
7735,ATOM,7735,CA,ARG,C,298,1.0,111.11,,1.8,0.0
7736,ATOM,7736,CB,ARG,C,298,1.0,111.11,,1.8,0.0
7737,ATOM,7737,CG,ARG,C,298,1.0,111.11,,1.8,0.0
7738,ATOM,7738,CD,ARG,C,298,1.0,111.11,,1.8,0.0
7739,ATOM,7739,NE,ARG,C,298,1.0,111.11,,1.8,0.0
7740,ATOM,7740,CZ,ARG,C,298,1.0,111.11,,1.8,0.0
7741,ATOM,7741,NH1,ARG,C,298,1.0,111.11,,1.8,0.0
7742,ATOM,7742,NH2,ARG,C,298,1.0,111.11,,1.8,0.0
7743,ATOM,7743,C,ARG,C,298,1.0,111.11,,1.8,0.0
7744,ATOM,7744,O,ARG,C,298,1.0,111.11,,1.8,0.0
7745,ATOM,7745,N,VAL,C,299,1.0,50.31,,1.8,0.0
7746,ATOM,7746,CA,VAL,C,299,1.0,50.31,,1.8,0.0
7747,ATOM,7747,CB,VAL,C,299,1.0,50.31,,1.8,0.0
7748,ATOM,7748,CG1,VAL,C,299,1.0,50.31,,1.8,0.0
7749,ATOM,7749,CG2,VAL,C,299,1.0,50.31,,1.8,0.0
7750,ATOM,7750,C,VAL,C,299,1.0,50.31,,1.8,0.0
7751,ATOM,7751,O,VAL,C,299,1.0,50.31,,1.8,0.0
7752,ATOM,7752,N,ALA,C,300,1.0,51.54,,1.8,0.0
7753,ATOM,7753,CA,ALA,C,300,1.0,51.54,,1.8,0.0
7754,ATOM,7754,CB,ALA,C,300,1.0,51.54,,1.8,0.0
7755,ATOM,7755,C,ALA,C,300,1.0,51.54,,1.8,0.0
7756,ATOM,7756,O,ALA,C,300,1.0,51.54,,1.8,0.0
7757,ATOM,7757,N,MET,C,301,1.0,67.05,,1.8,0.0
7758,ATOM,7758,CA,MET,C,301,1.0,67.05,,1.8,0.0
7759,ATOM,7759,CB,MET,C,301,1.0,67.05,,1.8,0.0
7760,ATOM,7760,CG,MET,C,301,1.0,67.05,,1.8,0.0
7761,ATOM,7761,SD,MET,C,301,1.0,67.05,,1.8,0.0
7762,ATOM,7762,CE,MET,C,301,1.0,67.05,,1.8,0.0
7763,ATOM,7763,C,MET,C,301,1.0,67.05,,1.8,0.0
7764,ATOM,7764,O,MET,C,301,1.0,67.05,,1.8,0.0
7765,ATOM,7765,N,ASP,C,302,1.0,104.48,,1.8,0.0
7766,ATOM,7766,CA,ASP,C,302,1.0,104.48,,1.8,0.0
7767,ATOM,7767,CB,ASP,C,302,1.0,104.48,,1.8,0.0
7768,ATOM,7768,CG,ASP,C,302,1.0,104.48,,1.8,0.0
7769,ATOM,7769,OD1,ASP,C,302,1.0,104.48,,1.8,0.0
7770,ATOM,7770,OD2,ASP,C,302,1.0,104.48,,1.8,0.0
7771,ATOM,7771,C,ASP,C,302,1.0,104.48,,1.8,0.0
7772,ATOM,7772,O,ASP,C,302,1.0,104.48,,1.8,0.0
7773,ATOM,7773,N,MET,C,303,1.0,74.95,,1.8,0.0
7774,ATOM,7774,CA,MET,C,303,1.0,74.95,,1.8,0.0
7775,ATOM,7775,CB,MET,C,303,1.0,74.95,,1.8,0.0
7776,ATOM,7776,CG,MET,C,303,1.0,74.95,,1.8,0.0
7777,ATOM,7777,SD,MET,C,303,1.0,74.95,,1.8,0.0
7778,ATOM,7778,CE,MET,C,303,1.0,74.95,,1.8,0.0
7779,ATOM,7779,C,MET,C,303,1.0,74.95,,1.8,0.0
7780,ATOM,7780,O,MET,C,303,1.0,74.95,,1.8,0.0
7781,ATOM,7781,N,ILE,C,304,1.0,59.7,,1.8,0.0
7782,ATOM,7782,CA,ILE,C,304,1.0,59.7,,1.8,0.0
7783,ATOM,7783,CB,ILE,C,304,1.0,59.7,,1.8,0.0
7784,ATOM,7784,CG1,ILE,C,304,1.0,59.7,,1.8,0.0
7785,ATOM,7785,CG2,ILE,C,304,1.0,59.7,,1.8,0.0
7786,ATOM,7786,CD1,ILE,C,304,1.0,59.7,,1.8,0.0
7787,ATOM,7787,C,ILE,C,304,1.0,59.7,,1.8,0.0
7788,ATOM,7788,O,ILE,C,304,1.0,59.7,,1.8,0.0
7789,ATOM,7789,N,CYS,C,305,1.0,43.61,,1.8,0.0
7790,ATOM,7790,CA,CYS,C,305,1.0,43.61,,1.8,0.0
7791,ATOM,7791,CB,CYS,C,305,1.0,43.61,,1.8,0.0
7792,ATOM,7792,SG,CYS,C,305,1.0,43.61,,1.8,0.0
7793,ATOM,7793,C,CYS,C,305,1.0,43.61,,1.8,0.0
7794,ATOM,7794,O,CYS,C,305,1.0,43.61,,1.8,0.0
7795,ATOM,7795,N,VAL,C,306,1.0,50.78,,1.8,0.0
7796,ATOM,7796,CA,VAL,C,306,1.0,50.78,,1.8,0.0
7797,ATOM,7797,CB,VAL,C,306,1.0,50.78,,1.8,0.0
7798,ATOM,7798,CG1,VAL,C,306,1.0,50.78,,1.8,0.0
7799,ATOM,7799,CG2,VAL,C,306,1.0,50.78,,1.8,0.0
7800,ATOM,7800,C,VAL,C,306,1.0,50.78,,1.8,0.0
7801,ATOM,7801,O,VAL,C,306,1.0,50.78,,1.8,0.0
7802,ATOM,7802,N,ASP,C,307,1.0,83.01,,1.8,0.0
7803,ATOM,7803,CA,ASP,C,307,1.0,83.01,,1.8,0.0
7804,ATOM,7804,CB,ASP,C,307,1.0,83.01,,1.8,0.0
7805,ATOM,7805,CG,ASP,C,307,1.0,83.01,,1.8,0.0
7806,ATOM,7806,OD1,ASP,C,307,1.0,83.01,,1.8,0.0
7807,ATOM,7807,OD2,ASP,C,307,1.0,83.01,,1.8,0.0
7808,ATOM,7808,C,ASP,C,307,1.0,83.01,,1.8,0.0
7809,ATOM,7809,O,ASP,C,307,1.0,83.01,,1.8,0.0
7810,ATOM,7810,N,LEU,C,308,1.0,86.56,,1.8,0.0
7811,ATOM,7811,CA,LEU,C,308,1.0,86.56,,1.8,0.0
7812,ATOM,7812,CB,LEU,C,308,1.0,86.56,,1.8,0.0
7813,ATOM,7813,CG,LEU,C,308,1.0,86.56,,1.8,0.0
7814,ATOM,7814,CD1,LEU,C,308,1.0,86.56,,1.8,0.0
7815,ATOM,7815,CD2,LEU,C,308,1.0,86.56,,1.8,0.0
7816,ATOM,7816,C,LEU,C,308,1.0,86.56,,1.8,0.0
7817,ATOM,7817,O,LEU,C,308,1.0,86.56,,1.8,0.0
7818,ATOM,7818,N,GLY,C,309,1.0,41.0,,1.8,0.0
7819,ATOM,7819,CA,GLY,C,309,1.0,41.0,,1.8,0.0
7820,ATOM,7820,C,GLY,C,309,1.0,41.0,,1.8,0.0
7821,ATOM,7821,O,GLY,C,309,1.0,41.0,,1.8,0.0
7822,ATOM,7822,N,PRO,C,310,1.0,93.65,,1.8,0.0
7823,ATOM,7823,CA,PRO,C,310,1.0,93.65,,1.8,0.0
7824,ATOM,7824,CD,PRO,C,310,1.0,93.65,,1.8,0.0
7825,ATOM,7825,CB,PRO,C,310,1.0,93.65,,1.8,0.0
7826,ATOM,7826,CG,PRO,C,310,1.0,93.65,,1.8,0.0
7827,ATOM,7827,C,PRO,C,310,1.0,93.65,,1.8,0.0
7828,ATOM,7828,O,PRO,C,310,1.0,93.65,,1.8,0.0
7829,ATOM,7829,N,GLN,C,311,1.0,135.24,,1.8,0.0
7830,ATOM,7830,CA,GLN,C,311,1.0,135.24,,1.8,0.0
7831,ATOM,7831,CB,GLN,C,311,1.0,135.24,,1.8,0.0
7832,ATOM,7832,CG,GLN,C,311,1.0,135.24,,1.8,0.0
7833,ATOM,7833,CD,GLN,C,311,1.0,135.24,,1.8,0.0
7834,ATOM,7834,OE1,GLN,C,311,1.0,135.24,,1.8,0.0
7835,ATOM,7835,NE2,GLN,C,311,1.0,135.24,,1.8,0.0
7836,ATOM,7836,C,GLN,C,311,1.0,135.24,,1.8,0.0
7837,ATOM,7837,O,GLN,C,311,1.0,135.24,,1.8,0.0
7838,ATOM,7838,N,ALA,C,312,1.0,80.38,,1.8,0.0
7839,ATOM,7839,CA,ALA,C,312,1.0,80.38,,1.8,0.0
7840,ATOM,7840,CB,ALA,C,312,1.0,80.38,,1.8,0.0
7841,ATOM,7841,C,ALA,C,312,1.0,80.38,,1.8,0.0
7842,ATOM,7842,O,ALA,C,312,1.0,80.38,,1.8,0.0
7843,ATOM,7843,N,GLN,C,313,1.0,126.44,,1.8,0.0
7844,ATOM,7844,CA,GLN,C,313,1.0,126.44,,1.8,0.0
7845,ATOM,7845,CB,GLN,C,313,1.0,126.44,,1.8,0.0
7846,ATOM,7846,CG,GLN,C,313,1.0,126.44,,1.8,0.0
7847,ATOM,7847,CD,GLN,C,313,1.0,126.44,,1.8,0.0
7848,ATOM,7848,OE1,GLN,C,313,1.0,126.44,,1.8,0.0
7849,ATOM,7849,NE2,GLN,C,313,1.0,126.44,,1.8,0.0
7850,ATOM,7850,C,GLN,C,313,1.0,126.44,,1.8,0.0
7851,ATOM,7851,O,GLN,C,313,1.0,126.44,,1.8,0.0
7852,ATOM,7852,N,ASP,C,314,1.0,101.61,,1.8,0.0
7853,ATOM,7853,CA,ASP,C,314,1.0,101.61,,1.8,0.0
7854,ATOM,7854,CB,ASP,C,314,1.0,101.61,,1.8,0.0
7855,ATOM,7855,CG,ASP,C,314,1.0,101.61,,1.8,0.0
7856,ATOM,7856,OD1,ASP,C,314,1.0,101.61,,1.8,0.0
7857,ATOM,7857,OD2,ASP,C,314,1.0,101.61,,1.8,0.0
7858,ATOM,7858,C,ASP,C,314,1.0,101.61,,1.8,0.0
7859,ATOM,7859,O,ASP,C,314,1.0,101.61,,1.8,0.0
7860,ATOM,7860,N,LYS,C,315,1.0,73.88,,1.8,0.0
7861,ATOM,7861,CA,LYS,C,315,1.0,73.88,,1.8,0.0
7862,ATOM,7862,CB,LYS,C,315,1.0,73.88,,1.8,0.0
7863,ATOM,7863,CG,LYS,C,315,1.0,73.88,,1.8,0.0
7864,ATOM,7864,CD,LYS,C,315,1.0,73.88,,1.8,0.0
7865,ATOM,7865,CE,LYS,C,315,1.0,73.88,,1.8,0.0
7866,ATOM,7866,NZ,LYS,C,315,1.0,73.88,,1.8,0.0
7867,ATOM,7867,C,LYS,C,315,1.0,73.88,,1.8,0.0
7868,ATOM,7868,O,LYS,C,315,1.0,73.88,,1.8,0.0
7869,ATOM,7869,N,ALA,C,316,1.0,31.11,,1.8,0.0
7870,ATOM,7870,CA,ALA,C,316,1.0,31.11,,1.8,0.0
7871,ATOM,7871,CB,ALA,C,316,1.0,31.11,,1.8,0.0
7872,ATOM,7872,C,ALA,C,316,1.0,31.11,,1.8,0.0
7873,ATOM,7873,O,ALA,C,316,1.0,31.11,,1.8,0.0
7874,ATOM,7874,N,GLY,C,317,1.0,22.91,,1.8,0.0
7875,ATOM,7875,CA,GLY,C,317,1.0,22.91,,1.8,0.0
7876,ATOM,7876,C,GLY,C,317,1.0,22.91,,1.8,0.0
7877,ATOM,7877,O,GLY,C,317,1.0,22.91,,1.8,0.0
7878,ATOM,7878,N,ASP,C,318,1.0,47.93,,1.8,0.0
7879,ATOM,7879,CA,ASP,C,318,1.0,47.93,,1.8,0.0
7880,ATOM,7880,CB,ASP,C,318,1.0,47.93,,1.8,0.0
7881,ATOM,7881,CG,ASP,C,318,1.0,47.93,,1.8,0.0
7882,ATOM,7882,OD1,ASP,C,318,1.0,47.93,,1.8,0.0
7883,ATOM,7883,OD2,ASP,C,318,1.0,47.93,,1.8,0.0
7884,ATOM,7884,C,ASP,C,318,1.0,47.93,,1.8,0.0
7885,ATOM,7885,O,ASP,C,318,1.0,47.93,,1.8,0.0
7886,ATOM,7886,N,PRO,C,319,1.0,157.67,,1.8,0.0
7887,ATOM,7887,CA,PRO,C,319,1.0,157.67,,1.8,0.0
7888,ATOM,7888,CD,PRO,C,319,1.0,157.67,,1.8,0.0
7889,ATOM,7889,CB,PRO,C,319,1.0,157.67,,1.8,0.0
7890,ATOM,7890,CG,PRO,C,319,1.0,157.67,,1.8,0.0
7891,ATOM,7891,C,PRO,C,319,1.0,157.67,,1.8,0.0
7892,ATOM,7892,O,PRO,C,319,1.0,157.67,,1.8,0.0
7893,ATOM,7893,N,VAL,C,320,1.0,49.65,,1.8,0.0
7894,ATOM,7894,CA,VAL,C,320,1.0,49.65,,1.8,0.0
7895,ATOM,7895,CB,VAL,C,320,1.0,49.65,,1.8,0.0
7896,ATOM,7896,CG1,VAL,C,320,1.0,49.65,,1.8,0.0
7897,ATOM,7897,CG2,VAL,C,320,1.0,49.65,,1.8,0.0
7898,ATOM,7898,C,VAL,C,320,1.0,49.65,,1.8,0.0
7899,ATOM,7899,O,VAL,C,320,1.0,49.65,,1.8,0.0
7900,ATOM,7900,N,ILE,C,321,1.0,95.33,,1.8,0.0
7901,ATOM,7901,CA,ILE,C,321,1.0,95.33,,1.8,0.0
7902,ATOM,7902,CB,ILE,C,321,1.0,95.33,,1.8,0.0
7903,ATOM,7903,CG1,ILE,C,321,1.0,95.33,,1.8,0.0
7904,ATOM,7904,CG2,ILE,C,321,1.0,95.33,,1.8,0.0
7905,ATOM,7905,CD1,ILE,C,321,1.0,95.33,,1.8,0.0
7906,ATOM,7906,C,ILE,C,321,1.0,95.33,,1.8,0.0
7907,ATOM,7907,O,ILE,C,321,1.0,95.33,,1.8,0.0
7908,ATOM,7908,N,LEU,C,322,1.0,104.01,,1.8,0.0
7909,ATOM,7909,CA,LEU,C,322,1.0,104.01,,1.8,0.0
7910,ATOM,7910,CB,LEU,C,322,1.0,104.01,,1.8,0.0
7911,ATOM,7911,CG,LEU,C,322,1.0,104.01,,1.8,0.0
7912,ATOM,7912,CD1,LEU,C,322,1.0,104.01,,1.8,0.0
7913,ATOM,7913,CD2,LEU,C,322,1.0,104.01,,1.8,0.0
7914,ATOM,7914,C,LEU,C,322,1.0,104.01,,1.8,0.0
7915,ATOM,7915,O,LEU,C,322,1.0,104.01,,1.8,0.0
7916,ATOM,7916,N,TRP,C,323,1.0,89.87,,1.8,0.0
7917,ATOM,7917,CA,TRP,C,323,1.0,89.87,,1.8,0.0
7918,ATOM,7918,CB,TRP,C,323,1.0,89.87,,1.8,0.0
7919,ATOM,7919,CG,TRP,C,323,1.0,89.87,,1.8,0.0
7920,ATOM,7920,CD2,TRP,C,323,1.0,89.87,,1.8,0.0
7921,ATOM,7921,CD1,TRP,C,323,1.0,89.87,,1.8,0.0
7922,ATOM,7922,NE1,TRP,C,323,1.0,89.87,,1.8,0.0
7923,ATOM,7923,CE2,TRP,C,323,1.0,89.87,,1.8,0.0
7924,ATOM,7924,CE3,TRP,C,323,1.0,89.87,,1.8,0.0
7925,ATOM,7925,CZ2,TRP,C,323,1.0,89.87,,1.8,0.0
7926,ATOM,7926,CZ3,TRP,C,323,1.0,89.87,,1.8,0.0
7927,ATOM,7927,CH2,TRP,C,323,1.0,89.87,,1.8,0.0
7928,ATOM,7928,C,TRP,C,323,1.0,89.87,,1.8,0.0
7929,ATOM,7929,O,TRP,C,323,1.0,89.87,,1.8,0.0
7930,ATOM,7930,N,GLY,C,324,1.0,64.68,,1.8,0.0
7931,ATOM,7931,CA,GLY,C,324,1.0,64.68,,1.8,0.0
7932,ATOM,7932,C,GLY,C,324,1.0,64.68,,1.8,0.0
7933,ATOM,7933,O,GLY,C,324,1.0,64.68,,1.8,0.0
7934,ATOM,7934,N,GLU,C,325,1.0,243.48,,1.8,0.0
7935,ATOM,7935,CA,GLU,C,325,1.0,243.48,,1.8,0.0
7936,ATOM,7936,CB,GLU,C,325,1.0,243.48,,1.8,0.0
7937,ATOM,7937,CG,GLU,C,325,1.0,243.48,,1.8,0.0
7938,ATOM,7938,CD,GLU,C,325,1.0,243.48,,1.8,0.0
7939,ATOM,7939,OE1,GLU,C,325,1.0,243.48,,1.8,0.0
7940,ATOM,7940,OE2,GLU,C,325,1.0,243.48,,1.8,0.0
7941,ATOM,7941,C,GLU,C,325,1.0,243.48,,1.8,0.0
7942,ATOM,7942,O,GLU,C,325,1.0,243.48,,1.8,0.0
7943,ATOM,7943,N,GLY,C,326,1.0,206.88,,1.8,0.0
7944,ATOM,7944,CA,GLY,C,326,1.0,206.88,,1.8,0.0
7945,ATOM,7945,C,GLY,C,326,1.0,206.88,,1.8,0.0
7946,ATOM,7946,O,GLY,C,326,1.0,206.88,,1.8,0.0
7947,ATOM,7947,N,LEU,C,327,1.0,92.83,,1.8,0.0
7948,ATOM,7948,CA,LEU,C,327,1.0,92.83,,1.8,0.0
7949,ATOM,7949,CB,LEU,C,327,1.0,92.83,,1.8,0.0
7950,ATOM,7950,CG,LEU,C,327,1.0,92.83,,1.8,0.0
7951,ATOM,7951,CD1,LEU,C,327,1.0,92.83,,1.8,0.0
7952,ATOM,7952,CD2,LEU,C,327,1.0,92.83,,1.8,0.0
7953,ATOM,7953,C,LEU,C,327,1.0,92.83,,1.8,0.0
7954,ATOM,7954,O,LEU,C,327,1.0,92.83,,1.8,0.0
7955,ATOM,7955,N,PRO,C,328,1.0,77.95,,1.8,0.0
7956,ATOM,7956,CA,PRO,C,328,1.0,77.95,,1.8,0.0
7957,ATOM,7957,CD,PRO,C,328,1.0,77.95,,1.8,0.0
7958,ATOM,7958,CB,PRO,C,328,1.0,77.95,,1.8,0.0
7959,ATOM,7959,CG,PRO,C,328,1.0,77.95,,1.8,0.0
7960,ATOM,7960,C,PRO,C,328,1.0,77.95,,1.8,0.0
7961,ATOM,7961,O,PRO,C,328,1.0,77.95,,1.8,0.0
7962,ATOM,7962,N,VAL,C,329,1.0,105.63,,1.8,0.0
7963,ATOM,7963,CA,VAL,C,329,1.0,105.63,,1.8,0.0
7964,ATOM,7964,CB,VAL,C,329,1.0,105.63,,1.8,0.0
7965,ATOM,7965,CG1,VAL,C,329,1.0,105.63,,1.8,0.0
7966,ATOM,7966,CG2,VAL,C,329,1.0,105.63,,1.8,0.0
7967,ATOM,7967,C,VAL,C,329,1.0,105.63,,1.8,0.0
7968,ATOM,7968,O,VAL,C,329,1.0,105.63,,1.8,0.0
7969,ATOM,7969,N,GLU,C,330,1.0,96.59,,1.8,0.0
7970,ATOM,7970,CA,GLU,C,330,1.0,96.59,,1.8,0.0
7971,ATOM,7971,CB,GLU,C,330,1.0,96.59,,1.8,0.0
7972,ATOM,7972,CG,GLU,C,330,1.0,96.59,,1.8,0.0
7973,ATOM,7973,CD,GLU,C,330,1.0,96.59,,1.8,0.0
7974,ATOM,7974,OE1,GLU,C,330,1.0,96.59,,1.8,0.0
7975,ATOM,7975,OE2,GLU,C,330,1.0,96.59,,1.8,0.0
7976,ATOM,7976,C,GLU,C,330,1.0,96.59,,1.8,0.0
7977,ATOM,7977,O,GLU,C,330,1.0,96.59,,1.8,0.0
7978,ATOM,7978,N,ARG,C,331,1.0,164.7,,1.8,0.0
7979,ATOM,7979,CA,ARG,C,331,1.0,164.7,,1.8,0.0
7980,ATOM,7980,CB,ARG,C,331,1.0,164.7,,1.8,0.0
7981,ATOM,7981,CG,ARG,C,331,1.0,164.7,,1.8,0.0
7982,ATOM,7982,CD,ARG,C,331,1.0,164.7,,1.8,0.0
7983,ATOM,7983,NE,ARG,C,331,1.0,164.7,,1.8,0.0
7984,ATOM,7984,CZ,ARG,C,331,1.0,164.7,,1.8,0.0
7985,ATOM,7985,NH1,ARG,C,331,1.0,164.7,,1.8,0.0
7986,ATOM,7986,NH2,ARG,C,331,1.0,164.7,,1.8,0.0
7987,ATOM,7987,C,ARG,C,331,1.0,164.7,,1.8,0.0
7988,ATOM,7988,O,ARG,C,331,1.0,164.7,,1.8,0.0
7989,ATOM,7989,N,ILE,C,332,1.0,164.49,,1.8,0.0
7990,ATOM,7990,CA,ILE,C,332,1.0,164.49,,1.8,0.0
7991,ATOM,7991,CB,ILE,C,332,1.0,164.49,,1.8,0.0
7992,ATOM,7992,CG1,ILE,C,332,1.0,164.49,,1.8,0.0
7993,ATOM,7993,CG2,ILE,C,332,1.0,164.49,,1.8,0.0
7994,ATOM,7994,CD1,ILE,C,332,1.0,164.49,,1.8,0.0
7995,ATOM,7995,C,ILE,C,332,1.0,164.49,,1.8,0.0
7996,ATOM,7996,O,ILE,C,332,1.0,164.49,,1.8,0.0
7997,ATOM,7997,N,ALA,C,333,1.0,186.01,,1.8,0.0
7998,ATOM,7998,CA,ALA,C,333,1.0,186.01,,1.8,0.0
7999,ATOM,7999,CB,ALA,C,333,1.0,186.01,,1.8,0.0
8000,ATOM,8000,C,ALA,C,333,1.0,186.01,,1.8,0.0
8001,ATOM,8001,O,ALA,C,333,1.0,186.01,,1.8,0.0
8002,ATOM,8002,N,GLU,C,334,1.0,249.9,,1.8,0.0
8003,ATOM,8003,CA,GLU,C,334,1.0,249.9,,1.8,0.0
8004,ATOM,8004,CB,GLU,C,334,1.0,249.9,,1.8,0.0
8005,ATOM,8005,CG,GLU,C,334,1.0,249.9,,1.8,0.0
8006,ATOM,8006,CD,GLU,C,334,1.0,249.9,,1.8,0.0
8007,ATOM,8007,OE1,GLU,C,334,1.0,249.9,,1.8,0.0
8008,ATOM,8008,OE2,GLU,C,334,1.0,249.9,,1.8,0.0
8009,ATOM,8009,C,GLU,C,334,1.0,249.9,,1.8,0.0
8010,ATOM,8010,O,GLU,C,334,1.0,249.9,,1.8,0.0
8011,ATOM,8011,N,MET,C,335,1.0,320.12,,1.8,0.0
8012,ATOM,8012,CA,MET,C,335,1.0,320.12,,1.8,0.0
8013,ATOM,8013,CB,MET,C,335,1.0,320.12,,1.8,0.0
8014,ATOM,8014,CG,MET,C,335,1.0,320.12,,1.8,0.0
8015,ATOM,8015,SD,MET,C,335,1.0,320.12,,1.8,0.0
8016,ATOM,8016,CE,MET,C,335,1.0,320.12,,1.8,0.0
8017,ATOM,8017,C,MET,C,335,1.0,320.12,,1.8,0.0
8018,ATOM,8018,O,MET,C,335,1.0,320.12,,1.8,0.0
8019,ATOM,8019,N,THR,C,336,1.0,136.32,,1.8,0.0
8020,ATOM,8020,CA,THR,C,336,1.0,136.32,,1.8,0.0
8021,ATOM,8021,CB,THR,C,336,1.0,136.32,,1.8,0.0
8022,ATOM,8022,OG1,THR,C,336,1.0,136.32,,1.8,0.0
8023,ATOM,8023,CG2,THR,C,336,1.0,136.32,,1.8,0.0
8024,ATOM,8024,C,THR,C,336,1.0,136.32,,1.8,0.0
8025,ATOM,8025,O,THR,C,336,1.0,136.32,,1.8,0.0
8026,ATOM,8026,N,LYS,C,337,1.0,154.72,,1.8,0.0
8027,ATOM,8027,CA,LYS,C,337,1.0,154.72,,1.8,0.0
8028,ATOM,8028,CB,LYS,C,337,1.0,154.72,,1.8,0.0
8029,ATOM,8029,CG,LYS,C,337,1.0,154.72,,1.8,0.0
8030,ATOM,8030,CD,LYS,C,337,1.0,154.72,,1.8,0.0
8031,ATOM,8031,CE,LYS,C,337,1.0,154.72,,1.8,0.0
8032,ATOM,8032,NZ,LYS,C,337,1.0,154.72,,1.8,0.0
8033,ATOM,8033,C,LYS,C,337,1.0,154.72,,1.8,0.0
8034,ATOM,8034,O,LYS,C,337,1.0,154.72,,1.8,0.0
8035,ATOM,8035,N,VAL,C,338,1.0,35.66,,1.8,0.0
8036,ATOM,8036,CA,VAL,C,338,1.0,35.66,,1.8,0.0
8037,ATOM,8037,CB,VAL,C,338,1.0,35.66,,1.8,0.0
8038,ATOM,8038,CG1,VAL,C,338,1.0,35.66,,1.8,0.0
8039,ATOM,8039,CG2,VAL,C,338,1.0,35.66,,1.8,0.0
8040,ATOM,8040,C,VAL,C,338,1.0,35.66,,1.8,0.0
8041,ATOM,8041,O,VAL,C,338,1.0,35.66,,1.8,0.0
8042,ATOM,8042,N,SER,C,339,1.0,28.32,,1.8,0.0
8043,ATOM,8043,CA,SER,C,339,1.0,28.32,,1.8,0.0
8044,ATOM,8044,CB,SER,C,339,1.0,28.32,,1.8,0.0
8045,ATOM,8045,OG,SER,C,339,1.0,28.32,,1.8,0.0
8046,ATOM,8046,C,SER,C,339,1.0,28.32,,1.8,0.0
8047,ATOM,8047,O,SER,C,339,1.0,28.32,,1.8,0.0
8048,ATOM,8048,N,ALA,C,340,1.0,41.77,,1.8,0.0
8049,ATOM,8049,CA,ALA,C,340,1.0,41.77,,1.8,0.0
8050,ATOM,8050,CB,ALA,C,340,1.0,41.77,,1.8,0.0
8051,ATOM,8051,C,ALA,C,340,1.0,41.77,,1.8,0.0
8052,ATOM,8052,O,ALA,C,340,1.0,41.77,,1.8,0.0
8053,ATOM,8053,N,TYR,C,341,1.0,67.39,,1.8,0.0
8054,ATOM,8054,CA,TYR,C,341,1.0,67.39,,1.8,0.0
8055,ATOM,8055,CB,TYR,C,341,1.0,67.39,,1.8,0.0
8056,ATOM,8056,CG,TYR,C,341,1.0,67.39,,1.8,0.0
8057,ATOM,8057,CD1,TYR,C,341,1.0,67.39,,1.8,0.0
8058,ATOM,8058,CD2,TYR,C,341,1.0,67.39,,1.8,0.0
8059,ATOM,8059,CE1,TYR,C,341,1.0,67.39,,1.8,0.0
8060,ATOM,8060,CE2,TYR,C,341,1.0,67.39,,1.8,0.0
8061,ATOM,8061,CZ,TYR,C,341,1.0,67.39,,1.8,0.0
8062,ATOM,8062,OH,TYR,C,341,1.0,67.39,,1.8,0.0
8063,ATOM,8063,C,TYR,C,341,1.0,67.39,,1.8,0.0
8064,ATOM,8064,O,TYR,C,341,1.0,67.39,,1.8,0.0
8065,ATOM,8065,N,GLU,C,342,1.0,62.64,,1.8,0.0
8066,ATOM,8066,CA,GLU,C,342,1.0,62.64,,1.8,0.0
8067,ATOM,8067,CB,GLU,C,342,1.0,62.64,,1.8,0.0
8068,ATOM,8068,CG,GLU,C,342,1.0,62.64,,1.8,0.0
8069,ATOM,8069,CD,GLU,C,342,1.0,62.64,,1.8,0.0
8070,ATOM,8070,OE1,GLU,C,342,1.0,62.64,,1.8,0.0
8071,ATOM,8071,OE2,GLU,C,342,1.0,62.64,,1.8,0.0
8072,ATOM,8072,C,GLU,C,342,1.0,62.64,,1.8,0.0
8073,ATOM,8073,O,GLU,C,342,1.0,62.64,,1.8,0.0
8074,ATOM,8074,N,LEU,C,343,1.0,66.0,,1.8,0.0
8075,ATOM,8075,CA,LEU,C,343,1.0,66.0,,1.8,0.0
8076,ATOM,8076,CB,LEU,C,343,1.0,66.0,,1.8,0.0
8077,ATOM,8077,CG,LEU,C,343,1.0,66.0,,1.8,0.0
8078,ATOM,8078,CD1,LEU,C,343,1.0,66.0,,1.8,0.0
8079,ATOM,8079,CD2,LEU,C,343,1.0,66.0,,1.8,0.0
8080,ATOM,8080,C,LEU,C,343,1.0,66.0,,1.8,0.0
8081,ATOM,8081,O,LEU,C,343,1.0,66.0,,1.8,0.0
8082,ATOM,8082,N,ILE,C,344,1.0,176.42,,1.8,0.0
8083,ATOM,8083,CA,ILE,C,344,1.0,176.42,,1.8,0.0
8084,ATOM,8084,CB,ILE,C,344,1.0,176.42,,1.8,0.0
8085,ATOM,8085,CG1,ILE,C,344,1.0,176.42,,1.8,0.0
8086,ATOM,8086,CG2,ILE,C,344,1.0,176.42,,1.8,0.0
8087,ATOM,8087,CD1,ILE,C,344,1.0,176.42,,1.8,0.0
8088,ATOM,8088,C,ILE,C,344,1.0,176.42,,1.8,0.0
8089,ATOM,8089,O,ILE,C,344,1.0,176.42,,1.8,0.0
8090,ATOM,8090,N,THR,C,345,1.0,163.38,,1.8,0.0
8091,ATOM,8091,CA,THR,C,345,1.0,163.38,,1.8,0.0
8092,ATOM,8092,CB,THR,C,345,1.0,163.38,,1.8,0.0
8093,ATOM,8093,OG1,THR,C,345,1.0,163.38,,1.8,0.0
8094,ATOM,8094,CG2,THR,C,345,1.0,163.38,,1.8,0.0
8095,ATOM,8095,C,THR,C,345,1.0,163.38,,1.8,0.0
8096,ATOM,8096,O,THR,C,345,1.0,163.38,,1.8,0.0
8097,ATOM,8097,N,ARG,C,346,1.0,168.95,,1.8,0.0
8098,ATOM,8098,CA,ARG,C,346,1.0,168.95,,1.8,0.0
8099,ATOM,8099,CB,ARG,C,346,1.0,168.95,,1.8,0.0
8100,ATOM,8100,CG,ARG,C,346,1.0,168.95,,1.8,0.0
8101,ATOM,8101,CD,ARG,C,346,1.0,168.95,,1.8,0.0
8102,ATOM,8102,NE,ARG,C,346,1.0,168.95,,1.8,0.0
8103,ATOM,8103,CZ,ARG,C,346,1.0,168.95,,1.8,0.0
8104,ATOM,8104,NH1,ARG,C,346,1.0,168.95,,1.8,0.0
8105,ATOM,8105,NH2,ARG,C,346,1.0,168.95,,1.8,0.0
8106,ATOM,8106,C,ARG,C,346,1.0,168.95,,1.8,0.0
8107,ATOM,8107,O,ARG,C,346,1.0,168.95,,1.8,0.0
8108,ATOM,8108,N,LEU,C,347,1.0,144.23,,1.8,0.0
8109,ATOM,8109,CA,LEU,C,347,1.0,144.23,,1.8,0.0
8110,ATOM,8110,CB,LEU,C,347,1.0,144.23,,1.8,0.0
8111,ATOM,8111,CG,LEU,C,347,1.0,144.23,,1.8,0.0
8112,ATOM,8112,CD1,LEU,C,347,1.0,144.23,,1.8,0.0
8113,ATOM,8113,CD2,LEU,C,347,1.0,144.23,,1.8,0.0
8114,ATOM,8114,C,LEU,C,347,1.0,144.23,,1.8,0.0
8115,ATOM,8115,O,LEU,C,347,1.0,144.23,,1.8,0.0
8116,ATOM,8116,N,THR,C,348,1.0,112.86,,1.8,0.0
8117,ATOM,8117,CA,THR,C,348,1.0,112.86,,1.8,0.0
8118,ATOM,8118,CB,THR,C,348,1.0,112.86,,1.8,0.0
8119,ATOM,8119,OG1,THR,C,348,1.0,112.86,,1.8,0.0
8120,ATOM,8120,CG2,THR,C,348,1.0,112.86,,1.8,0.0
8121,ATOM,8121,C,THR,C,348,1.0,112.86,,1.8,0.0
8122,ATOM,8122,O,THR,C,348,1.0,112.86,,1.8,0.0
8123,ATOM,8123,N,SER,C,349,1.0,44.28,,1.8,0.0
8124,ATOM,8124,CA,SER,C,349,1.0,44.28,,1.8,0.0
8125,ATOM,8125,CB,SER,C,349,1.0,44.28,,1.8,0.0
8126,ATOM,8126,OG,SER,C,349,1.0,44.28,,1.8,0.0
8127,ATOM,8127,C,SER,C,349,1.0,44.28,,1.8,0.0
8128,ATOM,8128,O,SER,C,349,1.0,44.28,,1.8,0.0
8129,ATOM,8129,N,ARG,C,350,1.0,150.35,,1.8,0.0
8130,ATOM,8130,CA,ARG,C,350,1.0,150.35,,1.8,0.0
8131,ATOM,8131,CB,ARG,C,350,1.0,150.35,,1.8,0.0
8132,ATOM,8132,CG,ARG,C,350,1.0,150.35,,1.8,0.0
8133,ATOM,8133,CD,ARG,C,350,1.0,150.35,,1.8,0.0
8134,ATOM,8134,NE,ARG,C,350,1.0,150.35,,1.8,0.0
8135,ATOM,8135,CZ,ARG,C,350,1.0,150.35,,1.8,0.0
8136,ATOM,8136,NH1,ARG,C,350,1.0,150.35,,1.8,0.0
8137,ATOM,8137,NH2,ARG,C,350,1.0,150.35,,1.8,0.0
8138,ATOM,8138,C,ARG,C,350,1.0,150.35,,1.8,0.0
8139,ATOM,8139,O,ARG,C,350,1.0,150.35,,1.8,0.0
8140,ATOM,8140,N,VAL,C,351,1.0,45.88,,1.8,0.0
8141,ATOM,8141,CA,VAL,C,351,1.0,45.88,,1.8,0.0
8142,ATOM,8142,CB,VAL,C,351,1.0,45.88,,1.8,0.0
8143,ATOM,8143,CG1,VAL,C,351,1.0,45.88,,1.8,0.0
8144,ATOM,8144,CG2,VAL,C,351,1.0,45.88,,1.8,0.0
8145,ATOM,8145,C,VAL,C,351,1.0,45.88,,1.8,0.0
8146,ATOM,8146,O,VAL,C,351,1.0,45.88,,1.8,0.0
8147,ATOM,8147,N,ALA,C,352,1.0,41.13,,1.8,0.0
8148,ATOM,8148,CA,ALA,C,352,1.0,41.13,,1.8,0.0
8149,ATOM,8149,CB,ALA,C,352,1.0,41.13,,1.8,0.0
8150,ATOM,8150,C,ALA,C,352,1.0,41.13,,1.8,0.0
8151,ATOM,8151,O,ALA,C,352,1.0,41.13,,1.8,0.0
8152,ATOM,8152,N,MET,C,353,1.0,97.6,,1.8,0.0
8153,ATOM,8153,CA,MET,C,353,1.0,97.6,,1.8,0.0
8154,ATOM,8154,CB,MET,C,353,1.0,97.6,,1.8,0.0
8155,ATOM,8155,CG,MET,C,353,1.0,97.6,,1.8,0.0
8156,ATOM,8156,SD,MET,C,353,1.0,97.6,,1.8,0.0
8157,ATOM,8157,CE,MET,C,353,1.0,97.6,,1.8,0.0
8158,ATOM,8158,C,MET,C,353,1.0,97.6,,1.8,0.0
8159,ATOM,8159,O,MET,C,353,1.0,97.6,,1.8,0.0
8160,ATOM,8160,N,LYS,C,354,1.0,115.95,,1.8,0.0
8161,ATOM,8161,CA,LYS,C,354,1.0,115.95,,1.8,0.0
8162,ATOM,8162,CB,LYS,C,354,1.0,115.95,,1.8,0.0
8163,ATOM,8163,CG,LYS,C,354,1.0,115.95,,1.8,0.0
8164,ATOM,8164,CD,LYS,C,354,1.0,115.95,,1.8,0.0
8165,ATOM,8165,CE,LYS,C,354,1.0,115.95,,1.8,0.0
8166,ATOM,8166,NZ,LYS,C,354,1.0,115.95,,1.8,0.0
8167,ATOM,8167,C,LYS,C,354,1.0,115.95,,1.8,0.0
8168,ATOM,8168,O,LYS,C,354,1.0,115.95,,1.8,0.0
8169,ATOM,8169,N,TYR,C,355,1.0,55.96,,1.8,0.0
8170,ATOM,8170,CA,TYR,C,355,1.0,55.96,,1.8,0.0
8171,ATOM,8171,CB,TYR,C,355,1.0,55.96,,1.8,0.0
8172,ATOM,8172,CG,TYR,C,355,1.0,55.96,,1.8,0.0
8173,ATOM,8173,CD1,TYR,C,355,1.0,55.96,,1.8,0.0
8174,ATOM,8174,CD2,TYR,C,355,1.0,55.96,,1.8,0.0
8175,ATOM,8175,CE1,TYR,C,355,1.0,55.96,,1.8,0.0
8176,ATOM,8176,CE2,TYR,C,355,1.0,55.96,,1.8,0.0
8177,ATOM,8177,CZ,TYR,C,355,1.0,55.96,,1.8,0.0
8178,ATOM,8178,OH,TYR,C,355,1.0,55.96,,1.8,0.0
8179,ATOM,8179,C,TYR,C,355,1.0,55.96,,1.8,0.0
8180,ATOM,8180,O,TYR,C,355,1.0,55.96,,1.8,0.0
8181,ATOM,8181,N,VAL,C,356,1.0,98.98,,1.8,0.0
8182,ATOM,8182,CA,VAL,C,356,1.0,98.98,,1.8,0.0
8183,ATOM,8183,CB,VAL,C,356,1.0,98.98,,1.8,0.0
8184,ATOM,8184,CG1,VAL,C,356,1.0,98.98,,1.8,0.0
8185,ATOM,8185,CG2,VAL,C,356,1.0,98.98,,1.8,0.0
8186,ATOM,8186,C,VAL,C,356,1.0,98.98,,1.8,0.0
8187,ATOM,8187,O,VAL,C,356,1.0,98.98,,1.8,0.0
8188,ATOM,8188,N,ASP,C,357,1.0,129.24,,1.8,0.0
8189,ATOM,8189,CA,ASP,C,357,1.0,129.24,,1.8,0.0
8190,ATOM,8190,CB,ASP,C,357,1.0,129.24,,1.8,0.0
8191,ATOM,8191,CG,ASP,C,357,1.0,129.24,,1.8,0.0
8192,ATOM,8192,OD1,ASP,C,357,1.0,129.24,,1.8,0.0
8193,ATOM,8193,OD2,ASP,C,357,1.0,129.24,,1.8,0.0
8194,ATOM,8194,C,ASP,C,357,1.0,129.24,,1.8,0.0
8195,ATOM,8195,O,ASP,C,357,1.0,129.24,,1.8,0.0
8196,ATOM,8196,OXT,ASP,C,357,1.0,129.24,,1.8,0.0
8197,ATOM,8197,N,ALA,D,1,1.0,31.0,,1.8,0.0
8198,ATOM,8198,CA,ALA,D,1,1.0,31.0,,1.8,0.0
8199,ATOM,8199,CB,ALA,D,1,1.0,31.0,,1.8,0.0
8200,ATOM,8200,C,ALA,D,1,1.0,31.0,,1.8,0.0
8201,ATOM,8201,O,ALA,D,1,1.0,31.0,,1.8,0.0
8202,ATOM,8202,N,THR,D,2,1.0,118.68,,1.8,0.0
8203,ATOM,8203,CA,THR,D,2,1.0,118.68,,1.8,0.0
8204,ATOM,8204,CB,THR,D,2,1.0,118.68,,1.8,0.0
8205,ATOM,8205,OG1,THR,D,2,1.0,118.68,,1.8,0.0
8206,ATOM,8206,CG2,THR,D,2,1.0,118.68,,1.8,0.0
8207,ATOM,8207,C,THR,D,2,1.0,118.68,,1.8,0.0
8208,ATOM,8208,O,THR,D,2,1.0,118.68,,1.8,0.0
8209,ATOM,8209,N,VAL,D,3,1.0,49.48,,1.8,0.0
8210,ATOM,8210,CA,VAL,D,3,1.0,49.48,,1.8,0.0
8211,ATOM,8211,CB,VAL,D,3,1.0,49.48,,1.8,0.0
8212,ATOM,8212,CG1,VAL,D,3,1.0,49.48,,1.8,0.0
8213,ATOM,8213,CG2,VAL,D,3,1.0,49.48,,1.8,0.0
8214,ATOM,8214,C,VAL,D,3,1.0,49.48,,1.8,0.0
8215,ATOM,8215,O,VAL,D,3,1.0,49.48,,1.8,0.0
8216,ATOM,8216,N,VAL,D,4,1.0,50.13,,1.8,0.0
8217,ATOM,8217,CA,VAL,D,4,1.0,50.13,,1.8,0.0
8218,ATOM,8218,CB,VAL,D,4,1.0,50.13,,1.8,0.0
8219,ATOM,8219,CG1,VAL,D,4,1.0,50.13,,1.8,0.0
8220,ATOM,8220,CG2,VAL,D,4,1.0,50.13,,1.8,0.0
8221,ATOM,8221,C,VAL,D,4,1.0,50.13,,1.8,0.0
8222,ATOM,8222,O,VAL,D,4,1.0,50.13,,1.8,0.0
8223,ATOM,8223,N,ILE,D,5,1.0,96.95,,1.8,0.0
8224,ATOM,8224,CA,ILE,D,5,1.0,96.95,,1.8,0.0
8225,ATOM,8225,CB,ILE,D,5,1.0,96.95,,1.8,0.0
8226,ATOM,8226,CG1,ILE,D,5,1.0,96.95,,1.8,0.0
8227,ATOM,8227,CG2,ILE,D,5,1.0,96.95,,1.8,0.0
8228,ATOM,8228,CD1,ILE,D,5,1.0,96.95,,1.8,0.0
8229,ATOM,8229,C,ILE,D,5,1.0,96.95,,1.8,0.0
8230,ATOM,8230,O,ILE,D,5,1.0,96.95,,1.8,0.0
8231,ATOM,8231,N,ASN,D,6,1.0,59.12,,1.8,0.0
8232,ATOM,8232,CA,ASN,D,6,1.0,59.12,,1.8,0.0
8233,ATOM,8233,CB,ASN,D,6,1.0,59.12,,1.8,0.0
8234,ATOM,8234,CG,ASN,D,6,1.0,59.12,,1.8,0.0
8235,ATOM,8235,OD1,ASN,D,6,1.0,59.12,,1.8,0.0
8236,ATOM,8236,ND2,ASN,D,6,1.0,59.12,,1.8,0.0
8237,ATOM,8237,C,ASN,D,6,1.0,59.12,,1.8,0.0
8238,ATOM,8238,O,ASN,D,6,1.0,59.12,,1.8,0.0
8239,ATOM,8239,N,ARG,D,7,1.0,62.35,,1.8,0.0
8240,ATOM,8240,CA,ARG,D,7,1.0,62.35,,1.8,0.0
8241,ATOM,8241,CB,ARG,D,7,1.0,62.35,,1.8,0.0
8242,ATOM,8242,CG,ARG,D,7,1.0,62.35,,1.8,0.0
8243,ATOM,8243,CD,ARG,D,7,1.0,62.35,,1.8,0.0
8244,ATOM,8244,NE,ARG,D,7,1.0,62.35,,1.8,0.0
8245,ATOM,8245,CZ,ARG,D,7,1.0,62.35,,1.8,0.0
8246,ATOM,8246,NH1,ARG,D,7,1.0,62.35,,1.8,0.0
8247,ATOM,8247,NH2,ARG,D,7,1.0,62.35,,1.8,0.0
8248,ATOM,8248,C,ARG,D,7,1.0,62.35,,1.8,0.0
8249,ATOM,8249,O,ARG,D,7,1.0,62.35,,1.8,0.0
8250,ATOM,8250,N,ARG,D,8,1.0,84.15,,1.8,0.0
8251,ATOM,8251,CA,ARG,D,8,1.0,84.15,,1.8,0.0
8252,ATOM,8252,CB,ARG,D,8,1.0,84.15,,1.8,0.0
8253,ATOM,8253,CG,ARG,D,8,1.0,84.15,,1.8,0.0
8254,ATOM,8254,CD,ARG,D,8,1.0,84.15,,1.8,0.0
8255,ATOM,8255,NE,ARG,D,8,1.0,84.15,,1.8,0.0
8256,ATOM,8256,CZ,ARG,D,8,1.0,84.15,,1.8,0.0
8257,ATOM,8257,NH1,ARG,D,8,1.0,84.15,,1.8,0.0
8258,ATOM,8258,NH2,ARG,D,8,1.0,84.15,,1.8,0.0
8259,ATOM,8259,C,ARG,D,8,1.0,84.15,,1.8,0.0
8260,ATOM,8260,O,ARG,D,8,1.0,84.15,,1.8,0.0
8261,ATOM,8261,N,ALA,D,9,1.0,32.32,,1.8,0.0
8262,ATOM,8262,CA,ALA,D,9,1.0,32.32,,1.8,0.0
8263,ATOM,8263,CB,ALA,D,9,1.0,32.32,,1.8,0.0
8264,ATOM,8264,C,ALA,D,9,1.0,32.32,,1.8,0.0
8265,ATOM,8265,O,ALA,D,9,1.0,32.32,,1.8,0.0
8266,ATOM,8266,N,LEU,D,10,1.0,63.3,,1.8,0.0
8267,ATOM,8267,CA,LEU,D,10,1.0,63.3,,1.8,0.0
8268,ATOM,8268,CB,LEU,D,10,1.0,63.3,,1.8,0.0
8269,ATOM,8269,CG,LEU,D,10,1.0,63.3,,1.8,0.0
8270,ATOM,8270,CD1,LEU,D,10,1.0,63.3,,1.8,0.0
8271,ATOM,8271,CD2,LEU,D,10,1.0,63.3,,1.8,0.0
8272,ATOM,8272,C,LEU,D,10,1.0,63.3,,1.8,0.0
8273,ATOM,8273,O,LEU,D,10,1.0,63.3,,1.8,0.0
8274,ATOM,8274,N,ARG,D,11,1.0,53.64,,1.8,0.0
8275,ATOM,8275,CA,ARG,D,11,1.0,53.64,,1.8,0.0
8276,ATOM,8276,CB,ARG,D,11,1.0,53.64,,1.8,0.0
8277,ATOM,8277,CG,ARG,D,11,1.0,53.64,,1.8,0.0
8278,ATOM,8278,CD,ARG,D,11,1.0,53.64,,1.8,0.0
8279,ATOM,8279,NE,ARG,D,11,1.0,53.64,,1.8,0.0
8280,ATOM,8280,CZ,ARG,D,11,1.0,53.64,,1.8,0.0
8281,ATOM,8281,NH1,ARG,D,11,1.0,53.64,,1.8,0.0
8282,ATOM,8282,NH2,ARG,D,11,1.0,53.64,,1.8,0.0
8283,ATOM,8283,C,ARG,D,11,1.0,53.64,,1.8,0.0
8284,ATOM,8284,O,ARG,D,11,1.0,53.64,,1.8,0.0
8285,ATOM,8285,N,HIS,D,12,1.0,50.87,,1.8,0.0
8286,ATOM,8286,CA,HIS,D,12,1.0,50.87,,1.8,0.0
8287,ATOM,8287,ND1,HIS,D,12,1.0,50.87,,1.8,0.0
8288,ATOM,8288,CG,HIS,D,12,1.0,50.87,,1.8,0.0
8289,ATOM,8289,CB,HIS,D,12,1.0,50.87,,1.8,0.0
8290,ATOM,8290,NE2,HIS,D,12,1.0,50.87,,1.8,0.0
8291,ATOM,8291,CD2,HIS,D,12,1.0,50.87,,1.8,0.0
8292,ATOM,8292,CE1,HIS,D,12,1.0,50.87,,1.8,0.0
8293,ATOM,8293,C,HIS,D,12,1.0,50.87,,1.8,0.0
8294,ATOM,8294,O,HIS,D,12,1.0,50.87,,1.8,0.0
8295,ATOM,8295,N,ASN,D,13,1.0,43.08,,1.8,0.0
8296,ATOM,8296,CA,ASN,D,13,1.0,43.08,,1.8,0.0
8297,ATOM,8297,CB,ASN,D,13,1.0,43.08,,1.8,0.0
8298,ATOM,8298,CG,ASN,D,13,1.0,43.08,,1.8,0.0
8299,ATOM,8299,OD1,ASN,D,13,1.0,43.08,,1.8,0.0
8300,ATOM,8300,ND2,ASN,D,13,1.0,43.08,,1.8,0.0
8301,ATOM,8301,C,ASN,D,13,1.0,43.08,,1.8,0.0
8302,ATOM,8302,O,ASN,D,13,1.0,43.08,,1.8,0.0
8303,ATOM,8303,N,LEU,D,14,1.0,56.15,,1.8,0.0
8304,ATOM,8304,CA,LEU,D,14,1.0,56.15,,1.8,0.0
8305,ATOM,8305,CB,LEU,D,14,1.0,56.15,,1.8,0.0
8306,ATOM,8306,CG,LEU,D,14,1.0,56.15,,1.8,0.0
8307,ATOM,8307,CD1,LEU,D,14,1.0,56.15,,1.8,0.0
8308,ATOM,8308,CD2,LEU,D,14,1.0,56.15,,1.8,0.0
8309,ATOM,8309,C,LEU,D,14,1.0,56.15,,1.8,0.0
8310,ATOM,8310,O,LEU,D,14,1.0,56.15,,1.8,0.0
8311,ATOM,8311,N,GLN,D,15,1.0,52.39,,1.8,0.0
8312,ATOM,8312,CA,GLN,D,15,1.0,52.39,,1.8,0.0
8313,ATOM,8313,CB,GLN,D,15,1.0,52.39,,1.8,0.0
8314,ATOM,8314,CG,GLN,D,15,1.0,52.39,,1.8,0.0
8315,ATOM,8315,CD,GLN,D,15,1.0,52.39,,1.8,0.0
8316,ATOM,8316,OE1,GLN,D,15,1.0,52.39,,1.8,0.0
8317,ATOM,8317,NE2,GLN,D,15,1.0,52.39,,1.8,0.0
8318,ATOM,8318,C,GLN,D,15,1.0,52.39,,1.8,0.0
8319,ATOM,8319,O,GLN,D,15,1.0,52.39,,1.8,0.0
8320,ATOM,8320,N,ARG,D,16,1.0,100.45,,1.8,0.0
8321,ATOM,8321,CA,ARG,D,16,1.0,100.45,,1.8,0.0
8322,ATOM,8322,CB,ARG,D,16,1.0,100.45,,1.8,0.0
8323,ATOM,8323,CG,ARG,D,16,1.0,100.45,,1.8,0.0
8324,ATOM,8324,CD,ARG,D,16,1.0,100.45,,1.8,0.0
8325,ATOM,8325,NE,ARG,D,16,1.0,100.45,,1.8,0.0
8326,ATOM,8326,CZ,ARG,D,16,1.0,100.45,,1.8,0.0
8327,ATOM,8327,NH1,ARG,D,16,1.0,100.45,,1.8,0.0
8328,ATOM,8328,NH2,ARG,D,16,1.0,100.45,,1.8,0.0
8329,ATOM,8329,C,ARG,D,16,1.0,100.45,,1.8,0.0
8330,ATOM,8330,O,ARG,D,16,1.0,100.45,,1.8,0.0
8331,ATOM,8331,N,LEU,D,17,1.0,122.82,,1.8,0.0
8332,ATOM,8332,CA,LEU,D,17,1.0,122.82,,1.8,0.0
8333,ATOM,8333,CB,LEU,D,17,1.0,122.82,,1.8,0.0
8334,ATOM,8334,CG,LEU,D,17,1.0,122.82,,1.8,0.0
8335,ATOM,8335,CD1,LEU,D,17,1.0,122.82,,1.8,0.0
8336,ATOM,8336,CD2,LEU,D,17,1.0,122.82,,1.8,0.0
8337,ATOM,8337,C,LEU,D,17,1.0,122.82,,1.8,0.0
8338,ATOM,8338,O,LEU,D,17,1.0,122.82,,1.8,0.0
8339,ATOM,8339,N,ARG,D,18,1.0,79.38,,1.8,0.0
8340,ATOM,8340,CA,ARG,D,18,1.0,79.38,,1.8,0.0
8341,ATOM,8341,CB,ARG,D,18,1.0,79.38,,1.8,0.0
8342,ATOM,8342,CG,ARG,D,18,1.0,79.38,,1.8,0.0
8343,ATOM,8343,CD,ARG,D,18,1.0,79.38,,1.8,0.0
8344,ATOM,8344,NE,ARG,D,18,1.0,79.38,,1.8,0.0
8345,ATOM,8345,CZ,ARG,D,18,1.0,79.38,,1.8,0.0
8346,ATOM,8346,NH1,ARG,D,18,1.0,79.38,,1.8,0.0
8347,ATOM,8347,NH2,ARG,D,18,1.0,79.38,,1.8,0.0
8348,ATOM,8348,C,ARG,D,18,1.0,79.38,,1.8,0.0
8349,ATOM,8349,O,ARG,D,18,1.0,79.38,,1.8,0.0
8350,ATOM,8350,N,GLU,D,19,1.0,56.38,,1.8,0.0
8351,ATOM,8351,CA,GLU,D,19,1.0,56.38,,1.8,0.0
8352,ATOM,8352,CB,GLU,D,19,1.0,56.38,,1.8,0.0
8353,ATOM,8353,CG,GLU,D,19,1.0,56.38,,1.8,0.0
8354,ATOM,8354,CD,GLU,D,19,1.0,56.38,,1.8,0.0
8355,ATOM,8355,OE1,GLU,D,19,1.0,56.38,,1.8,0.0
8356,ATOM,8356,OE2,GLU,D,19,1.0,56.38,,1.8,0.0
8357,ATOM,8357,C,GLU,D,19,1.0,56.38,,1.8,0.0
8358,ATOM,8358,O,GLU,D,19,1.0,56.38,,1.8,0.0
8359,ATOM,8359,N,LEU,D,20,1.0,77.2,,1.8,0.0
8360,ATOM,8360,CA,LEU,D,20,1.0,77.2,,1.8,0.0
8361,ATOM,8361,CB,LEU,D,20,1.0,77.2,,1.8,0.0
8362,ATOM,8362,CG,LEU,D,20,1.0,77.2,,1.8,0.0
8363,ATOM,8363,CD1,LEU,D,20,1.0,77.2,,1.8,0.0
8364,ATOM,8364,CD2,LEU,D,20,1.0,77.2,,1.8,0.0
8365,ATOM,8365,C,LEU,D,20,1.0,77.2,,1.8,0.0
8366,ATOM,8366,O,LEU,D,20,1.0,77.2,,1.8,0.0
8367,ATOM,8367,N,ALA,D,21,1.0,83.85,,1.8,0.0
8368,ATOM,8368,CA,ALA,D,21,1.0,83.85,,1.8,0.0
8369,ATOM,8369,CB,ALA,D,21,1.0,83.85,,1.8,0.0
8370,ATOM,8370,C,ALA,D,21,1.0,83.85,,1.8,0.0
8371,ATOM,8371,O,ALA,D,21,1.0,83.85,,1.8,0.0
8372,ATOM,8372,N,PRO,D,22,1.0,93.18,,1.8,0.0
8373,ATOM,8373,CA,PRO,D,22,1.0,93.18,,1.8,0.0
8374,ATOM,8374,CD,PRO,D,22,1.0,93.18,,1.8,0.0
8375,ATOM,8375,CB,PRO,D,22,1.0,93.18,,1.8,0.0
8376,ATOM,8376,CG,PRO,D,22,1.0,93.18,,1.8,0.0
8377,ATOM,8377,C,PRO,D,22,1.0,93.18,,1.8,0.0
8378,ATOM,8378,O,PRO,D,22,1.0,93.18,,1.8,0.0
8379,ATOM,8379,N,ALA,D,23,1.0,95.96,,1.8,0.0
8380,ATOM,8380,CA,ALA,D,23,1.0,95.96,,1.8,0.0
8381,ATOM,8381,CB,ALA,D,23,1.0,95.96,,1.8,0.0
8382,ATOM,8382,C,ALA,D,23,1.0,95.96,,1.8,0.0
8383,ATOM,8383,O,ALA,D,23,1.0,95.96,,1.8,0.0
8384,ATOM,8384,N,SER,D,24,1.0,106.96,,1.8,0.0
8385,ATOM,8385,CA,SER,D,24,1.0,106.96,,1.8,0.0
8386,ATOM,8386,CB,SER,D,24,1.0,106.96,,1.8,0.0
8387,ATOM,8387,OG,SER,D,24,1.0,106.96,,1.8,0.0
8388,ATOM,8388,C,SER,D,24,1.0,106.96,,1.8,0.0
8389,ATOM,8389,O,SER,D,24,1.0,106.96,,1.8,0.0
8390,ATOM,8390,N,LYS,D,25,1.0,118.81,,1.8,0.0
8391,ATOM,8391,CA,LYS,D,25,1.0,118.81,,1.8,0.0
8392,ATOM,8392,CB,LYS,D,25,1.0,118.81,,1.8,0.0
8393,ATOM,8393,CG,LYS,D,25,1.0,118.81,,1.8,0.0
8394,ATOM,8394,CD,LYS,D,25,1.0,118.81,,1.8,0.0
8395,ATOM,8395,CE,LYS,D,25,1.0,118.81,,1.8,0.0
8396,ATOM,8396,NZ,LYS,D,25,1.0,118.81,,1.8,0.0
8397,ATOM,8397,C,LYS,D,25,1.0,118.81,,1.8,0.0
8398,ATOM,8398,O,LYS,D,25,1.0,118.81,,1.8,0.0
8399,ATOM,8399,N,MET,D,26,1.0,194.72,,1.8,0.0
8400,ATOM,8400,CA,MET,D,26,1.0,194.72,,1.8,0.0
8401,ATOM,8401,CB,MET,D,26,1.0,194.72,,1.8,0.0
8402,ATOM,8402,CG,MET,D,26,1.0,194.72,,1.8,0.0
8403,ATOM,8403,SD,MET,D,26,1.0,194.72,,1.8,0.0
8404,ATOM,8404,CE,MET,D,26,1.0,194.72,,1.8,0.0
8405,ATOM,8405,C,MET,D,26,1.0,194.72,,1.8,0.0
8406,ATOM,8406,O,MET,D,26,1.0,194.72,,1.8,0.0
8407,ATOM,8407,N,VAL,D,27,1.0,62.36,,1.8,0.0
8408,ATOM,8408,CA,VAL,D,27,1.0,62.36,,1.8,0.0
8409,ATOM,8409,CB,VAL,D,27,1.0,62.36,,1.8,0.0
8410,ATOM,8410,CG1,VAL,D,27,1.0,62.36,,1.8,0.0
8411,ATOM,8411,CG2,VAL,D,27,1.0,62.36,,1.8,0.0
8412,ATOM,8412,C,VAL,D,27,1.0,62.36,,1.8,0.0
8413,ATOM,8413,O,VAL,D,27,1.0,62.36,,1.8,0.0
8414,ATOM,8414,N,ALA,D,28,1.0,56.52,,1.8,0.0
8415,ATOM,8415,CA,ALA,D,28,1.0,56.52,,1.8,0.0
8416,ATOM,8416,CB,ALA,D,28,1.0,56.52,,1.8,0.0
8417,ATOM,8417,C,ALA,D,28,1.0,56.52,,1.8,0.0
8418,ATOM,8418,O,ALA,D,28,1.0,56.52,,1.8,0.0
8419,ATOM,8419,N,VAL,D,29,1.0,73.91,,1.8,0.0
8420,ATOM,8420,CA,VAL,D,29,1.0,73.91,,1.8,0.0
8421,ATOM,8421,CB,VAL,D,29,1.0,73.91,,1.8,0.0
8422,ATOM,8422,CG1,VAL,D,29,1.0,73.91,,1.8,0.0
8423,ATOM,8423,CG2,VAL,D,29,1.0,73.91,,1.8,0.0
8424,ATOM,8424,C,VAL,D,29,1.0,73.91,,1.8,0.0
8425,ATOM,8425,O,VAL,D,29,1.0,73.91,,1.8,0.0
8426,ATOM,8426,N,VAL,D,30,1.0,127.2,,1.8,0.0
8427,ATOM,8427,CA,VAL,D,30,1.0,127.2,,1.8,0.0
8428,ATOM,8428,CB,VAL,D,30,1.0,127.2,,1.8,0.0
8429,ATOM,8429,CG1,VAL,D,30,1.0,127.2,,1.8,0.0
8430,ATOM,8430,CG2,VAL,D,30,1.0,127.2,,1.8,0.0
8431,ATOM,8431,C,VAL,D,30,1.0,127.2,,1.8,0.0
8432,ATOM,8432,O,VAL,D,30,1.0,127.2,,1.8,0.0
8433,ATOM,8433,N,LYS,D,31,1.0,111.21,,1.8,0.0
8434,ATOM,8434,CA,LYS,D,31,1.0,111.21,,1.8,0.0
8435,ATOM,8435,CB,LYS,D,31,1.0,111.21,,1.8,0.0
8436,ATOM,8436,CG,LYS,D,31,1.0,111.21,,1.8,0.0
8437,ATOM,8437,CD,LYS,D,31,1.0,111.21,,1.8,0.0
8438,ATOM,8438,CE,LYS,D,31,1.0,111.21,,1.8,0.0
8439,ATOM,8439,NZ,LYS,D,31,1.0,111.21,,1.8,0.0
8440,ATOM,8440,C,LYS,D,31,1.0,111.21,,1.8,0.0
8441,ATOM,8441,O,LYS,D,31,1.0,111.21,,1.8,0.0
8442,ATOM,8442,N,ALA,D,32,1.0,57.17,,1.8,0.0
8443,ATOM,8443,CA,ALA,D,32,1.0,57.17,,1.8,0.0
8444,ATOM,8444,CB,ALA,D,32,1.0,57.17,,1.8,0.0
8445,ATOM,8445,C,ALA,D,32,1.0,57.17,,1.8,0.0
8446,ATOM,8446,O,ALA,D,32,1.0,57.17,,1.8,0.0
8447,ATOM,8447,N,ASN,D,33,1.0,92.39,,1.8,0.0
8448,ATOM,8448,CA,ASN,D,33,1.0,92.39,,1.8,0.0
8449,ATOM,8449,CB,ASN,D,33,1.0,92.39,,1.8,0.0
8450,ATOM,8450,CG,ASN,D,33,1.0,92.39,,1.8,0.0
8451,ATOM,8451,OD1,ASN,D,33,1.0,92.39,,1.8,0.0
8452,ATOM,8452,ND2,ASN,D,33,1.0,92.39,,1.8,0.0
8453,ATOM,8453,C,ASN,D,33,1.0,92.39,,1.8,0.0
8454,ATOM,8454,O,ASN,D,33,1.0,92.39,,1.8,0.0
8455,ATOM,8455,N,ALA,D,34,1.0,63.41,,1.8,0.0
8456,ATOM,8456,CA,ALA,D,34,1.0,63.41,,1.8,0.0
8457,ATOM,8457,CB,ALA,D,34,1.0,63.41,,1.8,0.0
8458,ATOM,8458,C,ALA,D,34,1.0,63.41,,1.8,0.0
8459,ATOM,8459,O,ALA,D,34,1.0,63.41,,1.8,0.0
8460,ATOM,8460,N,TYR,D,35,1.0,153.76,,1.8,0.0
8461,ATOM,8461,CA,TYR,D,35,1.0,153.76,,1.8,0.0
8462,ATOM,8462,CB,TYR,D,35,1.0,153.76,,1.8,0.0
8463,ATOM,8463,CG,TYR,D,35,1.0,153.76,,1.8,0.0
8464,ATOM,8464,CD1,TYR,D,35,1.0,153.76,,1.8,0.0
8465,ATOM,8465,CD2,TYR,D,35,1.0,153.76,,1.8,0.0
8466,ATOM,8466,CE1,TYR,D,35,1.0,153.76,,1.8,0.0
8467,ATOM,8467,CE2,TYR,D,35,1.0,153.76,,1.8,0.0
8468,ATOM,8468,CZ,TYR,D,35,1.0,153.76,,1.8,0.0
8469,ATOM,8469,OH,TYR,D,35,1.0,153.76,,1.8,0.0
8470,ATOM,8470,C,TYR,D,35,1.0,153.76,,1.8,0.0
8471,ATOM,8471,O,TYR,D,35,1.0,153.76,,1.8,0.0
8472,ATOM,8472,N,GLY,D,36,1.0,43.21,,1.8,0.0
8473,ATOM,8473,CA,GLY,D,36,1.0,43.21,,1.8,0.0
8474,ATOM,8474,C,GLY,D,36,1.0,43.21,,1.8,0.0
8475,ATOM,8475,O,GLY,D,36,1.0,43.21,,1.8,0.0
8476,ATOM,8476,N,HIS,D,37,1.0,99.96,,1.8,0.0
8477,ATOM,8477,CA,HIS,D,37,1.0,99.96,,1.8,0.0
8478,ATOM,8478,ND1,HIS,D,37,1.0,99.96,,1.8,0.0
8479,ATOM,8479,CG,HIS,D,37,1.0,99.96,,1.8,0.0
8480,ATOM,8480,CB,HIS,D,37,1.0,99.96,,1.8,0.0
8481,ATOM,8481,NE2,HIS,D,37,1.0,99.96,,1.8,0.0
8482,ATOM,8482,CD2,HIS,D,37,1.0,99.96,,1.8,0.0
8483,ATOM,8483,CE1,HIS,D,37,1.0,99.96,,1.8,0.0
8484,ATOM,8484,C,HIS,D,37,1.0,99.96,,1.8,0.0
8485,ATOM,8485,O,HIS,D,37,1.0,99.96,,1.8,0.0
8486,ATOM,8486,N,GLY,D,38,1.0,37.98,,1.8,0.0
8487,ATOM,8487,CA,GLY,D,38,1.0,37.98,,1.8,0.0
8488,ATOM,8488,C,GLY,D,38,1.0,37.98,,1.8,0.0
8489,ATOM,8489,O,GLY,D,38,1.0,37.98,,1.8,0.0
8490,ATOM,8490,N,LEU,D,39,1.0,73.07,,1.8,0.0
8491,ATOM,8491,CA,LEU,D,39,1.0,73.07,,1.8,0.0
8492,ATOM,8492,CB,LEU,D,39,1.0,73.07,,1.8,0.0
8493,ATOM,8493,CG,LEU,D,39,1.0,73.07,,1.8,0.0
8494,ATOM,8494,CD1,LEU,D,39,1.0,73.07,,1.8,0.0
8495,ATOM,8495,CD2,LEU,D,39,1.0,73.07,,1.8,0.0
8496,ATOM,8496,C,LEU,D,39,1.0,73.07,,1.8,0.0
8497,ATOM,8497,O,LEU,D,39,1.0,73.07,,1.8,0.0
8498,ATOM,8498,N,LEU,D,40,1.0,121.24,,1.8,0.0
8499,ATOM,8499,CA,LEU,D,40,1.0,121.24,,1.8,0.0
8500,ATOM,8500,CB,LEU,D,40,1.0,121.24,,1.8,0.0
8501,ATOM,8501,CG,LEU,D,40,1.0,121.24,,1.8,0.0
8502,ATOM,8502,CD1,LEU,D,40,1.0,121.24,,1.8,0.0
8503,ATOM,8503,CD2,LEU,D,40,1.0,121.24,,1.8,0.0
8504,ATOM,8504,C,LEU,D,40,1.0,121.24,,1.8,0.0
8505,ATOM,8505,O,LEU,D,40,1.0,121.24,,1.8,0.0
8506,ATOM,8506,N,GLU,D,41,1.0,94.09,,1.8,0.0
8507,ATOM,8507,CA,GLU,D,41,1.0,94.09,,1.8,0.0
8508,ATOM,8508,CB,GLU,D,41,1.0,94.09,,1.8,0.0
8509,ATOM,8509,CG,GLU,D,41,1.0,94.09,,1.8,0.0
8510,ATOM,8510,CD,GLU,D,41,1.0,94.09,,1.8,0.0
8511,ATOM,8511,OE1,GLU,D,41,1.0,94.09,,1.8,0.0
8512,ATOM,8512,OE2,GLU,D,41,1.0,94.09,,1.8,0.0
8513,ATOM,8513,C,GLU,D,41,1.0,94.09,,1.8,0.0
8514,ATOM,8514,O,GLU,D,41,1.0,94.09,,1.8,0.0
8515,ATOM,8515,N,THR,D,42,1.0,40.99,,1.8,0.0
8516,ATOM,8516,CA,THR,D,42,1.0,40.99,,1.8,0.0
8517,ATOM,8517,CB,THR,D,42,1.0,40.99,,1.8,0.0
8518,ATOM,8518,OG1,THR,D,42,1.0,40.99,,1.8,0.0
8519,ATOM,8519,CG2,THR,D,42,1.0,40.99,,1.8,0.0
8520,ATOM,8520,C,THR,D,42,1.0,40.99,,1.8,0.0
8521,ATOM,8521,O,THR,D,42,1.0,40.99,,1.8,0.0
8522,ATOM,8522,N,ALA,D,43,1.0,37.78,,1.8,0.0
8523,ATOM,8523,CA,ALA,D,43,1.0,37.78,,1.8,0.0
8524,ATOM,8524,CB,ALA,D,43,1.0,37.78,,1.8,0.0
8525,ATOM,8525,C,ALA,D,43,1.0,37.78,,1.8,0.0
8526,ATOM,8526,O,ALA,D,43,1.0,37.78,,1.8,0.0
8527,ATOM,8527,N,ARG,D,44,1.0,149.32,,1.8,0.0
8528,ATOM,8528,CA,ARG,D,44,1.0,149.32,,1.8,0.0
8529,ATOM,8529,CB,ARG,D,44,1.0,149.32,,1.8,0.0
8530,ATOM,8530,CG,ARG,D,44,1.0,149.32,,1.8,0.0
8531,ATOM,8531,CD,ARG,D,44,1.0,149.32,,1.8,0.0
8532,ATOM,8532,NE,ARG,D,44,1.0,149.32,,1.8,0.0
8533,ATOM,8533,CZ,ARG,D,44,1.0,149.32,,1.8,0.0
8534,ATOM,8534,NH1,ARG,D,44,1.0,149.32,,1.8,0.0
8535,ATOM,8535,NH2,ARG,D,44,1.0,149.32,,1.8,0.0
8536,ATOM,8536,C,ARG,D,44,1.0,149.32,,1.8,0.0
8537,ATOM,8537,O,ARG,D,44,1.0,149.32,,1.8,0.0
8538,ATOM,8538,N,THR,D,45,1.0,56.32,,1.8,0.0
8539,ATOM,8539,CA,THR,D,45,1.0,56.32,,1.8,0.0
8540,ATOM,8540,CB,THR,D,45,1.0,56.32,,1.8,0.0
8541,ATOM,8541,OG1,THR,D,45,1.0,56.32,,1.8,0.0
8542,ATOM,8542,CG2,THR,D,45,1.0,56.32,,1.8,0.0
8543,ATOM,8543,C,THR,D,45,1.0,56.32,,1.8,0.0
8544,ATOM,8544,O,THR,D,45,1.0,56.32,,1.8,0.0
8545,ATOM,8545,N,LEU,D,46,1.0,75.19,,1.8,0.0
8546,ATOM,8546,CA,LEU,D,46,1.0,75.19,,1.8,0.0
8547,ATOM,8547,CB,LEU,D,46,1.0,75.19,,1.8,0.0
8548,ATOM,8548,CG,LEU,D,46,1.0,75.19,,1.8,0.0
8549,ATOM,8549,CD1,LEU,D,46,1.0,75.19,,1.8,0.0
8550,ATOM,8550,CD2,LEU,D,46,1.0,75.19,,1.8,0.0
8551,ATOM,8551,C,LEU,D,46,1.0,75.19,,1.8,0.0
8552,ATOM,8552,O,LEU,D,46,1.0,75.19,,1.8,0.0
8553,ATOM,8553,N,PRO,D,47,1.0,113.94,,1.8,0.0
8554,ATOM,8554,CA,PRO,D,47,1.0,113.94,,1.8,0.0
8555,ATOM,8555,CD,PRO,D,47,1.0,113.94,,1.8,0.0
8556,ATOM,8556,CB,PRO,D,47,1.0,113.94,,1.8,0.0
8557,ATOM,8557,CG,PRO,D,47,1.0,113.94,,1.8,0.0
8558,ATOM,8558,C,PRO,D,47,1.0,113.94,,1.8,0.0
8559,ATOM,8559,O,PRO,D,47,1.0,113.94,,1.8,0.0
8560,ATOM,8560,N,ASP,D,48,1.0,251.91,,1.8,0.0
8561,ATOM,8561,CA,ASP,D,48,1.0,251.91,,1.8,0.0
8562,ATOM,8562,CB,ASP,D,48,1.0,251.91,,1.8,0.0
8563,ATOM,8563,CG,ASP,D,48,1.0,251.91,,1.8,0.0
8564,ATOM,8564,OD1,ASP,D,48,1.0,251.91,,1.8,0.0
8565,ATOM,8565,OD2,ASP,D,48,1.0,251.91,,1.8,0.0
8566,ATOM,8566,C,ASP,D,48,1.0,251.91,,1.8,0.0
8567,ATOM,8567,O,ASP,D,48,1.0,251.91,,1.8,0.0
8568,ATOM,8568,N,ALA,D,49,1.0,257.57,,1.8,0.0
8569,ATOM,8569,CA,ALA,D,49,1.0,257.57,,1.8,0.0
8570,ATOM,8570,CB,ALA,D,49,1.0,257.57,,1.8,0.0
8571,ATOM,8571,C,ALA,D,49,1.0,257.57,,1.8,0.0
8572,ATOM,8572,O,ALA,D,49,1.0,257.57,,1.8,0.0
8573,ATOM,8573,N,ASP,D,50,1.0,68.59,,1.8,0.0
8574,ATOM,8574,CA,ASP,D,50,1.0,68.59,,1.8,0.0
8575,ATOM,8575,CB,ASP,D,50,1.0,68.59,,1.8,0.0
8576,ATOM,8576,CG,ASP,D,50,1.0,68.59,,1.8,0.0
8577,ATOM,8577,OD1,ASP,D,50,1.0,68.59,,1.8,0.0
8578,ATOM,8578,OD2,ASP,D,50,1.0,68.59,,1.8,0.0
8579,ATOM,8579,C,ASP,D,50,1.0,68.59,,1.8,0.0
8580,ATOM,8580,O,ASP,D,50,1.0,68.59,,1.8,0.0
8581,ATOM,8581,N,ALA,D,51,1.0,36.86,,1.8,0.0
8582,ATOM,8582,CA,ALA,D,51,1.0,36.86,,1.8,0.0
8583,ATOM,8583,CB,ALA,D,51,1.0,36.86,,1.8,0.0
8584,ATOM,8584,C,ALA,D,51,1.0,36.86,,1.8,0.0
8585,ATOM,8585,O,ALA,D,51,1.0,36.86,,1.8,0.0
8586,ATOM,8586,N,PHE,D,52,1.0,50.34,,1.8,0.0
8587,ATOM,8587,CA,PHE,D,52,1.0,50.34,,1.8,0.0
8588,ATOM,8588,CB,PHE,D,52,1.0,50.34,,1.8,0.0
8589,ATOM,8589,CG,PHE,D,52,1.0,50.34,,1.8,0.0
8590,ATOM,8590,CD1,PHE,D,52,1.0,50.34,,1.8,0.0
8591,ATOM,8591,CD2,PHE,D,52,1.0,50.34,,1.8,0.0
8592,ATOM,8592,CE1,PHE,D,52,1.0,50.34,,1.8,0.0
8593,ATOM,8593,CE2,PHE,D,52,1.0,50.34,,1.8,0.0
8594,ATOM,8594,CZ,PHE,D,52,1.0,50.34,,1.8,0.0
8595,ATOM,8595,C,PHE,D,52,1.0,50.34,,1.8,0.0
8596,ATOM,8596,O,PHE,D,52,1.0,50.34,,1.8,0.0
8597,ATOM,8597,N,GLY,D,53,1.0,28.68,,1.8,0.0
8598,ATOM,8598,CA,GLY,D,53,1.0,28.68,,1.8,0.0
8599,ATOM,8599,C,GLY,D,53,1.0,28.68,,1.8,0.0
8600,ATOM,8600,O,GLY,D,53,1.0,28.68,,1.8,0.0
8601,ATOM,8601,N,VAL,D,54,1.0,40.64,,1.8,0.0
8602,ATOM,8602,CA,VAL,D,54,1.0,40.64,,1.8,0.0
8603,ATOM,8603,CB,VAL,D,54,1.0,40.64,,1.8,0.0
8604,ATOM,8604,CG1,VAL,D,54,1.0,40.64,,1.8,0.0
8605,ATOM,8605,CG2,VAL,D,54,1.0,40.64,,1.8,0.0
8606,ATOM,8606,C,VAL,D,54,1.0,40.64,,1.8,0.0
8607,ATOM,8607,O,VAL,D,54,1.0,40.64,,1.8,0.0
8608,ATOM,8608,N,ALA,D,55,1.0,47.18,,1.8,0.0
8609,ATOM,8609,CA,ALA,D,55,1.0,47.18,,1.8,0.0
8610,ATOM,8610,CB,ALA,D,55,1.0,47.18,,1.8,0.0
8611,ATOM,8611,C,ALA,D,55,1.0,47.18,,1.8,0.0
8612,ATOM,8612,O,ALA,D,55,1.0,47.18,,1.8,0.0
8613,ATOM,8613,N,ARG,D,56,1.0,116.61,,1.8,0.0
8614,ATOM,8614,CA,ARG,D,56,1.0,116.61,,1.8,0.0
8615,ATOM,8615,CB,ARG,D,56,1.0,116.61,,1.8,0.0
8616,ATOM,8616,CG,ARG,D,56,1.0,116.61,,1.8,0.0
8617,ATOM,8617,CD,ARG,D,56,1.0,116.61,,1.8,0.0
8618,ATOM,8618,NE,ARG,D,56,1.0,116.61,,1.8,0.0
8619,ATOM,8619,CZ,ARG,D,56,1.0,116.61,,1.8,0.0
8620,ATOM,8620,NH1,ARG,D,56,1.0,116.61,,1.8,0.0
8621,ATOM,8621,NH2,ARG,D,56,1.0,116.61,,1.8,0.0
8622,ATOM,8622,C,ARG,D,56,1.0,116.61,,1.8,0.0
8623,ATOM,8623,O,ARG,D,56,1.0,116.61,,1.8,0.0
8624,ATOM,8624,N,LEU,D,57,1.0,53.97,,1.8,0.0
8625,ATOM,8625,CA,LEU,D,57,1.0,53.97,,1.8,0.0
8626,ATOM,8626,CB,LEU,D,57,1.0,53.97,,1.8,0.0
8627,ATOM,8627,CG,LEU,D,57,1.0,53.97,,1.8,0.0
8628,ATOM,8628,CD1,LEU,D,57,1.0,53.97,,1.8,0.0
8629,ATOM,8629,CD2,LEU,D,57,1.0,53.97,,1.8,0.0
8630,ATOM,8630,C,LEU,D,57,1.0,53.97,,1.8,0.0
8631,ATOM,8631,O,LEU,D,57,1.0,53.97,,1.8,0.0
8632,ATOM,8632,N,GLU,D,58,1.0,63.22,,1.8,0.0
8633,ATOM,8633,CA,GLU,D,58,1.0,63.22,,1.8,0.0
8634,ATOM,8634,CB,GLU,D,58,1.0,63.22,,1.8,0.0
8635,ATOM,8635,CG,GLU,D,58,1.0,63.22,,1.8,0.0
8636,ATOM,8636,CD,GLU,D,58,1.0,63.22,,1.8,0.0
8637,ATOM,8637,OE1,GLU,D,58,1.0,63.22,,1.8,0.0
8638,ATOM,8638,OE2,GLU,D,58,1.0,63.22,,1.8,0.0
8639,ATOM,8639,C,GLU,D,58,1.0,63.22,,1.8,0.0
8640,ATOM,8640,O,GLU,D,58,1.0,63.22,,1.8,0.0
8641,ATOM,8641,N,GLU,D,59,1.0,35.93,,1.8,0.0
8642,ATOM,8642,CA,GLU,D,59,1.0,35.93,,1.8,0.0
8643,ATOM,8643,CB,GLU,D,59,1.0,35.93,,1.8,0.0
8644,ATOM,8644,CG,GLU,D,59,1.0,35.93,,1.8,0.0
8645,ATOM,8645,CD,GLU,D,59,1.0,35.93,,1.8,0.0
8646,ATOM,8646,OE1,GLU,D,59,1.0,35.93,,1.8,0.0
8647,ATOM,8647,OE2,GLU,D,59,1.0,35.93,,1.8,0.0
8648,ATOM,8648,C,GLU,D,59,1.0,35.93,,1.8,0.0
8649,ATOM,8649,O,GLU,D,59,1.0,35.93,,1.8,0.0
8650,ATOM,8650,N,ALA,D,60,1.0,32.2,,1.8,0.0
8651,ATOM,8651,CA,ALA,D,60,1.0,32.2,,1.8,0.0
8652,ATOM,8652,CB,ALA,D,60,1.0,32.2,,1.8,0.0
8653,ATOM,8653,C,ALA,D,60,1.0,32.2,,1.8,0.0
8654,ATOM,8654,O,ALA,D,60,1.0,32.2,,1.8,0.0
8655,ATOM,8655,N,LEU,D,61,1.0,43.68,,1.8,0.0
8656,ATOM,8656,CA,LEU,D,61,1.0,43.68,,1.8,0.0
8657,ATOM,8657,CB,LEU,D,61,1.0,43.68,,1.8,0.0
8658,ATOM,8658,CG,LEU,D,61,1.0,43.68,,1.8,0.0
8659,ATOM,8659,CD1,LEU,D,61,1.0,43.68,,1.8,0.0
8660,ATOM,8660,CD2,LEU,D,61,1.0,43.68,,1.8,0.0
8661,ATOM,8661,C,LEU,D,61,1.0,43.68,,1.8,0.0
8662,ATOM,8662,O,LEU,D,61,1.0,43.68,,1.8,0.0
8663,ATOM,8663,N,ARG,D,62,1.0,102.69,,1.8,0.0
8664,ATOM,8664,CA,ARG,D,62,1.0,102.69,,1.8,0.0
8665,ATOM,8665,CB,ARG,D,62,1.0,102.69,,1.8,0.0
8666,ATOM,8666,CG,ARG,D,62,1.0,102.69,,1.8,0.0
8667,ATOM,8667,CD,ARG,D,62,1.0,102.69,,1.8,0.0
8668,ATOM,8668,NE,ARG,D,62,1.0,102.69,,1.8,0.0
8669,ATOM,8669,CZ,ARG,D,62,1.0,102.69,,1.8,0.0
8670,ATOM,8670,NH1,ARG,D,62,1.0,102.69,,1.8,0.0
8671,ATOM,8671,NH2,ARG,D,62,1.0,102.69,,1.8,0.0
8672,ATOM,8672,C,ARG,D,62,1.0,102.69,,1.8,0.0
8673,ATOM,8673,O,ARG,D,62,1.0,102.69,,1.8,0.0
8674,ATOM,8674,N,LEU,D,63,1.0,56.97,,1.8,0.0
8675,ATOM,8675,CA,LEU,D,63,1.0,56.97,,1.8,0.0
8676,ATOM,8676,CB,LEU,D,63,1.0,56.97,,1.8,0.0
8677,ATOM,8677,CG,LEU,D,63,1.0,56.97,,1.8,0.0
8678,ATOM,8678,CD1,LEU,D,63,1.0,56.97,,1.8,0.0
8679,ATOM,8679,CD2,LEU,D,63,1.0,56.97,,1.8,0.0
8680,ATOM,8680,C,LEU,D,63,1.0,56.97,,1.8,0.0
8681,ATOM,8681,O,LEU,D,63,1.0,56.97,,1.8,0.0
8682,ATOM,8682,N,ARG,D,64,1.0,140.82,,1.8,0.0
8683,ATOM,8683,CA,ARG,D,64,1.0,140.82,,1.8,0.0
8684,ATOM,8684,CB,ARG,D,64,1.0,140.82,,1.8,0.0
8685,ATOM,8685,CG,ARG,D,64,1.0,140.82,,1.8,0.0
8686,ATOM,8686,CD,ARG,D,64,1.0,140.82,,1.8,0.0
8687,ATOM,8687,NE,ARG,D,64,1.0,140.82,,1.8,0.0
8688,ATOM,8688,CZ,ARG,D,64,1.0,140.82,,1.8,0.0
8689,ATOM,8689,NH1,ARG,D,64,1.0,140.82,,1.8,0.0
8690,ATOM,8690,NH2,ARG,D,64,1.0,140.82,,1.8,0.0
8691,ATOM,8691,C,ARG,D,64,1.0,140.82,,1.8,0.0
8692,ATOM,8692,O,ARG,D,64,1.0,140.82,,1.8,0.0
8693,ATOM,8693,N,ALA,D,65,1.0,29.61,,1.8,0.0
8694,ATOM,8694,CA,ALA,D,65,1.0,29.61,,1.8,0.0
8695,ATOM,8695,CB,ALA,D,65,1.0,29.61,,1.8,0.0
8696,ATOM,8696,C,ALA,D,65,1.0,29.61,,1.8,0.0
8697,ATOM,8697,O,ALA,D,65,1.0,29.61,,1.8,0.0
8698,ATOM,8698,N,GLY,D,66,1.0,58.59,,1.8,0.0
8699,ATOM,8699,CA,GLY,D,66,1.0,58.59,,1.8,0.0
8700,ATOM,8700,C,GLY,D,66,1.0,58.59,,1.8,0.0
8701,ATOM,8701,O,GLY,D,66,1.0,58.59,,1.8,0.0
8702,ATOM,8702,N,GLY,D,67,1.0,42.62,,1.8,0.0
8703,ATOM,8703,CA,GLY,D,67,1.0,42.62,,1.8,0.0
8704,ATOM,8704,C,GLY,D,67,1.0,42.62,,1.8,0.0
8705,ATOM,8705,O,GLY,D,67,1.0,42.62,,1.8,0.0
8706,ATOM,8706,N,ILE,D,68,1.0,111.85,,1.8,0.0
8707,ATOM,8707,CA,ILE,D,68,1.0,111.85,,1.8,0.0
8708,ATOM,8708,CB,ILE,D,68,1.0,111.85,,1.8,0.0
8709,ATOM,8709,CG1,ILE,D,68,1.0,111.85,,1.8,0.0
8710,ATOM,8710,CG2,ILE,D,68,1.0,111.85,,1.8,0.0
8711,ATOM,8711,CD1,ILE,D,68,1.0,111.85,,1.8,0.0
8712,ATOM,8712,C,ILE,D,68,1.0,111.85,,1.8,0.0
8713,ATOM,8713,O,ILE,D,68,1.0,111.85,,1.8,0.0
8714,ATOM,8714,N,THR,D,69,1.0,75.23,,1.8,0.0
8715,ATOM,8715,CA,THR,D,69,1.0,75.23,,1.8,0.0
8716,ATOM,8716,CB,THR,D,69,1.0,75.23,,1.8,0.0
8717,ATOM,8717,OG1,THR,D,69,1.0,75.23,,1.8,0.0
8718,ATOM,8718,CG2,THR,D,69,1.0,75.23,,1.8,0.0
8719,ATOM,8719,C,THR,D,69,1.0,75.23,,1.8,0.0
8720,ATOM,8720,O,THR,D,69,1.0,75.23,,1.8,0.0
8721,ATOM,8721,N,LYS,D,70,1.0,137.03,,1.8,0.0
8722,ATOM,8722,CA,LYS,D,70,1.0,137.03,,1.8,0.0
8723,ATOM,8723,CB,LYS,D,70,1.0,137.03,,1.8,0.0
8724,ATOM,8724,CG,LYS,D,70,1.0,137.03,,1.8,0.0
8725,ATOM,8725,CD,LYS,D,70,1.0,137.03,,1.8,0.0
8726,ATOM,8726,CE,LYS,D,70,1.0,137.03,,1.8,0.0
8727,ATOM,8727,NZ,LYS,D,70,1.0,137.03,,1.8,0.0
8728,ATOM,8728,C,LYS,D,70,1.0,137.03,,1.8,0.0
8729,ATOM,8729,O,LYS,D,70,1.0,137.03,,1.8,0.0
8730,ATOM,8730,N,PRO,D,71,1.0,71.17,,1.8,0.0
8731,ATOM,8731,CA,PRO,D,71,1.0,71.17,,1.8,0.0
8732,ATOM,8732,CD,PRO,D,71,1.0,71.17,,1.8,0.0
8733,ATOM,8733,CB,PRO,D,71,1.0,71.17,,1.8,0.0
8734,ATOM,8734,CG,PRO,D,71,1.0,71.17,,1.8,0.0
8735,ATOM,8735,C,PRO,D,71,1.0,71.17,,1.8,0.0
8736,ATOM,8736,O,PRO,D,71,1.0,71.17,,1.8,0.0
8737,ATOM,8737,N,VAL,D,72,1.0,44.44,,1.8,0.0
8738,ATOM,8738,CA,VAL,D,72,1.0,44.44,,1.8,0.0
8739,ATOM,8739,CB,VAL,D,72,1.0,44.44,,1.8,0.0
8740,ATOM,8740,CG1,VAL,D,72,1.0,44.44,,1.8,0.0
8741,ATOM,8741,CG2,VAL,D,72,1.0,44.44,,1.8,0.0
8742,ATOM,8742,C,VAL,D,72,1.0,44.44,,1.8,0.0
8743,ATOM,8743,O,VAL,D,72,1.0,44.44,,1.8,0.0
8744,ATOM,8744,N,LEU,D,73,1.0,61.91,,1.8,0.0
8745,ATOM,8745,CA,LEU,D,73,1.0,61.91,,1.8,0.0
8746,ATOM,8746,CB,LEU,D,73,1.0,61.91,,1.8,0.0
8747,ATOM,8747,CG,LEU,D,73,1.0,61.91,,1.8,0.0
8748,ATOM,8748,CD1,LEU,D,73,1.0,61.91,,1.8,0.0
8749,ATOM,8749,CD2,LEU,D,73,1.0,61.91,,1.8,0.0
8750,ATOM,8750,C,LEU,D,73,1.0,61.91,,1.8,0.0
8751,ATOM,8751,O,LEU,D,73,1.0,61.91,,1.8,0.0
8752,ATOM,8752,N,LEU,D,74,1.0,61.86,,1.8,0.0
8753,ATOM,8753,CA,LEU,D,74,1.0,61.86,,1.8,0.0
8754,ATOM,8754,CB,LEU,D,74,1.0,61.86,,1.8,0.0
8755,ATOM,8755,CG,LEU,D,74,1.0,61.86,,1.8,0.0
8756,ATOM,8756,CD1,LEU,D,74,1.0,61.86,,1.8,0.0
8757,ATOM,8757,CD2,LEU,D,74,1.0,61.86,,1.8,0.0
8758,ATOM,8758,C,LEU,D,74,1.0,61.86,,1.8,0.0
8759,ATOM,8759,O,LEU,D,74,1.0,61.86,,1.8,0.0
8760,ATOM,8760,N,LEU,D,75,1.0,63.99,,1.8,0.0
8761,ATOM,8761,CA,LEU,D,75,1.0,63.99,,1.8,0.0
8762,ATOM,8762,CB,LEU,D,75,1.0,63.99,,1.8,0.0
8763,ATOM,8763,CG,LEU,D,75,1.0,63.99,,1.8,0.0
8764,ATOM,8764,CD1,LEU,D,75,1.0,63.99,,1.8,0.0
8765,ATOM,8765,CD2,LEU,D,75,1.0,63.99,,1.8,0.0
8766,ATOM,8766,C,LEU,D,75,1.0,63.99,,1.8,0.0
8767,ATOM,8767,O,LEU,D,75,1.0,63.99,,1.8,0.0
8768,ATOM,8768,N,GLU,D,76,1.0,83.01,,1.8,0.0
8769,ATOM,8769,CA,GLU,D,76,1.0,83.01,,1.8,0.0
8770,ATOM,8770,CB,GLU,D,76,1.0,83.01,,1.8,0.0
8771,ATOM,8771,CG,GLU,D,76,1.0,83.01,,1.8,0.0
8772,ATOM,8772,CD,GLU,D,76,1.0,83.01,,1.8,0.0
8773,ATOM,8773,OE1,GLU,D,76,1.0,83.01,,1.8,0.0
8774,ATOM,8774,OE2,GLU,D,76,1.0,83.01,,1.8,0.0
8775,ATOM,8775,C,GLU,D,76,1.0,83.01,,1.8,0.0
8776,ATOM,8776,O,GLU,D,76,1.0,83.01,,1.8,0.0
8777,ATOM,8777,N,GLY,D,77,1.0,40.14,,1.8,0.0
8778,ATOM,8778,CA,GLY,D,77,1.0,40.14,,1.8,0.0
8779,ATOM,8779,C,GLY,D,77,1.0,40.14,,1.8,0.0
8780,ATOM,8780,O,GLY,D,77,1.0,40.14,,1.8,0.0
8781,ATOM,8781,N,PHE,D,78,1.0,81.1,,1.8,0.0
8782,ATOM,8782,CA,PHE,D,78,1.0,81.1,,1.8,0.0
8783,ATOM,8783,CB,PHE,D,78,1.0,81.1,,1.8,0.0
8784,ATOM,8784,CG,PHE,D,78,1.0,81.1,,1.8,0.0
8785,ATOM,8785,CD1,PHE,D,78,1.0,81.1,,1.8,0.0
8786,ATOM,8786,CD2,PHE,D,78,1.0,81.1,,1.8,0.0
8787,ATOM,8787,CE1,PHE,D,78,1.0,81.1,,1.8,0.0
8788,ATOM,8788,CE2,PHE,D,78,1.0,81.1,,1.8,0.0
8789,ATOM,8789,CZ,PHE,D,78,1.0,81.1,,1.8,0.0
8790,ATOM,8790,C,PHE,D,78,1.0,81.1,,1.8,0.0
8791,ATOM,8791,O,PHE,D,78,1.0,81.1,,1.8,0.0
8792,ATOM,8792,N,PHE,D,79,1.0,104.84,,1.8,0.0
8793,ATOM,8793,CA,PHE,D,79,1.0,104.84,,1.8,0.0
8794,ATOM,8794,CB,PHE,D,79,1.0,104.84,,1.8,0.0
8795,ATOM,8795,CG,PHE,D,79,1.0,104.84,,1.8,0.0
8796,ATOM,8796,CD1,PHE,D,79,1.0,104.84,,1.8,0.0
8797,ATOM,8797,CD2,PHE,D,79,1.0,104.84,,1.8,0.0
8798,ATOM,8798,CE1,PHE,D,79,1.0,104.84,,1.8,0.0
8799,ATOM,8799,CE2,PHE,D,79,1.0,104.84,,1.8,0.0
8800,ATOM,8800,CZ,PHE,D,79,1.0,104.84,,1.8,0.0
8801,ATOM,8801,C,PHE,D,79,1.0,104.84,,1.8,0.0
8802,ATOM,8802,O,PHE,D,79,1.0,104.84,,1.8,0.0
8803,ATOM,8803,N,ASP,D,80,1.0,64.71,,1.8,0.0
8804,ATOM,8804,CA,ASP,D,80,1.0,64.71,,1.8,0.0
8805,ATOM,8805,CB,ASP,D,80,1.0,64.71,,1.8,0.0
8806,ATOM,8806,CG,ASP,D,80,1.0,64.71,,1.8,0.0
8807,ATOM,8807,OD1,ASP,D,80,1.0,64.71,,1.8,0.0
8808,ATOM,8808,OD2,ASP,D,80,1.0,64.71,,1.8,0.0
8809,ATOM,8809,C,ASP,D,80,1.0,64.71,,1.8,0.0
8810,ATOM,8810,O,ASP,D,80,1.0,64.71,,1.8,0.0
8811,ATOM,8811,N,ALA,D,81,1.0,44.24,,1.8,0.0
8812,ATOM,8812,CA,ALA,D,81,1.0,44.24,,1.8,0.0
8813,ATOM,8813,CB,ALA,D,81,1.0,44.24,,1.8,0.0
8814,ATOM,8814,C,ALA,D,81,1.0,44.24,,1.8,0.0
8815,ATOM,8815,O,ALA,D,81,1.0,44.24,,1.8,0.0
8816,ATOM,8816,N,ARG,D,82,1.0,116.29,,1.8,0.0
8817,ATOM,8817,CA,ARG,D,82,1.0,116.29,,1.8,0.0
8818,ATOM,8818,CB,ARG,D,82,1.0,116.29,,1.8,0.0
8819,ATOM,8819,CG,ARG,D,82,1.0,116.29,,1.8,0.0
8820,ATOM,8820,CD,ARG,D,82,1.0,116.29,,1.8,0.0
8821,ATOM,8821,NE,ARG,D,82,1.0,116.29,,1.8,0.0
8822,ATOM,8822,CZ,ARG,D,82,1.0,116.29,,1.8,0.0
8823,ATOM,8823,NH1,ARG,D,82,1.0,116.29,,1.8,0.0
8824,ATOM,8824,NH2,ARG,D,82,1.0,116.29,,1.8,0.0
8825,ATOM,8825,C,ARG,D,82,1.0,116.29,,1.8,0.0
8826,ATOM,8826,O,ARG,D,82,1.0,116.29,,1.8,0.0
8827,ATOM,8827,N,ASP,D,83,1.0,77.58,,1.8,0.0
8828,ATOM,8828,CA,ASP,D,83,1.0,77.58,,1.8,0.0
8829,ATOM,8829,CB,ASP,D,83,1.0,77.58,,1.8,0.0
8830,ATOM,8830,CG,ASP,D,83,1.0,77.58,,1.8,0.0
8831,ATOM,8831,OD1,ASP,D,83,1.0,77.58,,1.8,0.0
8832,ATOM,8832,OD2,ASP,D,83,1.0,77.58,,1.8,0.0
8833,ATOM,8833,C,ASP,D,83,1.0,77.58,,1.8,0.0
8834,ATOM,8834,O,ASP,D,83,1.0,77.58,,1.8,0.0
8835,ATOM,8835,N,LEU,D,84,1.0,66.44,,1.8,0.0
8836,ATOM,8836,CA,LEU,D,84,1.0,66.44,,1.8,0.0
8837,ATOM,8837,CB,LEU,D,84,1.0,66.44,,1.8,0.0
8838,ATOM,8838,CG,LEU,D,84,1.0,66.44,,1.8,0.0
8839,ATOM,8839,CD1,LEU,D,84,1.0,66.44,,1.8,0.0
8840,ATOM,8840,CD2,LEU,D,84,1.0,66.44,,1.8,0.0
8841,ATOM,8841,C,LEU,D,84,1.0,66.44,,1.8,0.0
8842,ATOM,8842,O,LEU,D,84,1.0,66.44,,1.8,0.0
8843,ATOM,8843,N,PRO,D,85,1.0,70.53,,1.8,0.0
8844,ATOM,8844,CA,PRO,D,85,1.0,70.53,,1.8,0.0
8845,ATOM,8845,CD,PRO,D,85,1.0,70.53,,1.8,0.0
8846,ATOM,8846,CB,PRO,D,85,1.0,70.53,,1.8,0.0
8847,ATOM,8847,CG,PRO,D,85,1.0,70.53,,1.8,0.0
8848,ATOM,8848,C,PRO,D,85,1.0,70.53,,1.8,0.0
8849,ATOM,8849,O,PRO,D,85,1.0,70.53,,1.8,0.0
8850,ATOM,8850,N,THR,D,86,1.0,102.41,,1.8,0.0
8851,ATOM,8851,CA,THR,D,86,1.0,102.41,,1.8,0.0
8852,ATOM,8852,CB,THR,D,86,1.0,102.41,,1.8,0.0
8853,ATOM,8853,OG1,THR,D,86,1.0,102.41,,1.8,0.0
8854,ATOM,8854,CG2,THR,D,86,1.0,102.41,,1.8,0.0
8855,ATOM,8855,C,THR,D,86,1.0,102.41,,1.8,0.0
8856,ATOM,8856,O,THR,D,86,1.0,102.41,,1.8,0.0
8857,ATOM,8857,N,ILE,D,87,1.0,100.37,,1.8,0.0
8858,ATOM,8858,CA,ILE,D,87,1.0,100.37,,1.8,0.0
8859,ATOM,8859,CB,ILE,D,87,1.0,100.37,,1.8,0.0
8860,ATOM,8860,CG1,ILE,D,87,1.0,100.37,,1.8,0.0
8861,ATOM,8861,CG2,ILE,D,87,1.0,100.37,,1.8,0.0
8862,ATOM,8862,CD1,ILE,D,87,1.0,100.37,,1.8,0.0
8863,ATOM,8863,C,ILE,D,87,1.0,100.37,,1.8,0.0
8864,ATOM,8864,O,ILE,D,87,1.0,100.37,,1.8,0.0
8865,ATOM,8865,N,SER,D,88,1.0,84.09,,1.8,0.0
8866,ATOM,8866,CA,SER,D,88,1.0,84.09,,1.8,0.0
8867,ATOM,8867,CB,SER,D,88,1.0,84.09,,1.8,0.0
8868,ATOM,8868,OG,SER,D,88,1.0,84.09,,1.8,0.0
8869,ATOM,8869,C,SER,D,88,1.0,84.09,,1.8,0.0
8870,ATOM,8870,O,SER,D,88,1.0,84.09,,1.8,0.0
8871,ATOM,8871,N,ALA,D,89,1.0,39.95,,1.8,0.0
8872,ATOM,8872,CA,ALA,D,89,1.0,39.95,,1.8,0.0
8873,ATOM,8873,CB,ALA,D,89,1.0,39.95,,1.8,0.0
8874,ATOM,8874,C,ALA,D,89,1.0,39.95,,1.8,0.0
8875,ATOM,8875,O,ALA,D,89,1.0,39.95,,1.8,0.0
8876,ATOM,8876,N,GLN,D,90,1.0,87.03,,1.8,0.0
8877,ATOM,8877,CA,GLN,D,90,1.0,87.03,,1.8,0.0
8878,ATOM,8878,CB,GLN,D,90,1.0,87.03,,1.8,0.0
8879,ATOM,8879,CG,GLN,D,90,1.0,87.03,,1.8,0.0
8880,ATOM,8880,CD,GLN,D,90,1.0,87.03,,1.8,0.0
8881,ATOM,8881,OE1,GLN,D,90,1.0,87.03,,1.8,0.0
8882,ATOM,8882,NE2,GLN,D,90,1.0,87.03,,1.8,0.0
8883,ATOM,8883,C,GLN,D,90,1.0,87.03,,1.8,0.0
8884,ATOM,8884,O,GLN,D,90,1.0,87.03,,1.8,0.0
8885,ATOM,8885,N,HIS,D,91,1.0,69.21,,1.8,0.0
8886,ATOM,8886,CA,HIS,D,91,1.0,69.21,,1.8,0.0
8887,ATOM,8887,ND1,HIS,D,91,1.0,69.21,,1.8,0.0
8888,ATOM,8888,CG,HIS,D,91,1.0,69.21,,1.8,0.0
8889,ATOM,8889,CB,HIS,D,91,1.0,69.21,,1.8,0.0
8890,ATOM,8890,NE2,HIS,D,91,1.0,69.21,,1.8,0.0
8891,ATOM,8891,CD2,HIS,D,91,1.0,69.21,,1.8,0.0
8892,ATOM,8892,CE1,HIS,D,91,1.0,69.21,,1.8,0.0
8893,ATOM,8893,C,HIS,D,91,1.0,69.21,,1.8,0.0
8894,ATOM,8894,O,HIS,D,91,1.0,69.21,,1.8,0.0
8895,ATOM,8895,N,PHE,D,92,1.0,83.56,,1.8,0.0
8896,ATOM,8896,CA,PHE,D,92,1.0,83.56,,1.8,0.0
8897,ATOM,8897,CB,PHE,D,92,1.0,83.56,,1.8,0.0
8898,ATOM,8898,CG,PHE,D,92,1.0,83.56,,1.8,0.0
8899,ATOM,8899,CD1,PHE,D,92,1.0,83.56,,1.8,0.0
8900,ATOM,8900,CD2,PHE,D,92,1.0,83.56,,1.8,0.0
8901,ATOM,8901,CE1,PHE,D,92,1.0,83.56,,1.8,0.0
8902,ATOM,8902,CE2,PHE,D,92,1.0,83.56,,1.8,0.0
8903,ATOM,8903,CZ,PHE,D,92,1.0,83.56,,1.8,0.0
8904,ATOM,8904,C,PHE,D,92,1.0,83.56,,1.8,0.0
8905,ATOM,8905,O,PHE,D,92,1.0,83.56,,1.8,0.0
8906,ATOM,8906,N,HIS,D,93,1.0,68.12,,1.8,0.0
8907,ATOM,8907,CA,HIS,D,93,1.0,68.12,,1.8,0.0
8908,ATOM,8908,ND1,HIS,D,93,1.0,68.12,,1.8,0.0
8909,ATOM,8909,CG,HIS,D,93,1.0,68.12,,1.8,0.0
8910,ATOM,8910,CB,HIS,D,93,1.0,68.12,,1.8,0.0
8911,ATOM,8911,NE2,HIS,D,93,1.0,68.12,,1.8,0.0
8912,ATOM,8912,CD2,HIS,D,93,1.0,68.12,,1.8,0.0
8913,ATOM,8913,CE1,HIS,D,93,1.0,68.12,,1.8,0.0
8914,ATOM,8914,C,HIS,D,93,1.0,68.12,,1.8,0.0
8915,ATOM,8915,O,HIS,D,93,1.0,68.12,,1.8,0.0
8916,ATOM,8916,N,THR,D,94,1.0,120.01,,1.8,0.0
8917,ATOM,8917,CA,THR,D,94,1.0,120.01,,1.8,0.0
8918,ATOM,8918,CB,THR,D,94,1.0,120.01,,1.8,0.0
8919,ATOM,8919,OG1,THR,D,94,1.0,120.01,,1.8,0.0
8920,ATOM,8920,CG2,THR,D,94,1.0,120.01,,1.8,0.0
8921,ATOM,8921,C,THR,D,94,1.0,120.01,,1.8,0.0
8922,ATOM,8922,O,THR,D,94,1.0,120.01,,1.8,0.0
8923,ATOM,8923,N,ALA,D,95,1.0,54.11,,1.8,0.0
8924,ATOM,8924,CA,ALA,D,95,1.0,54.11,,1.8,0.0
8925,ATOM,8925,CB,ALA,D,95,1.0,54.11,,1.8,0.0
8926,ATOM,8926,C,ALA,D,95,1.0,54.11,,1.8,0.0
8927,ATOM,8927,O,ALA,D,95,1.0,54.11,,1.8,0.0
8928,ATOM,8928,N,VAL,D,96,1.0,76.65,,1.8,0.0
8929,ATOM,8929,CA,VAL,D,96,1.0,76.65,,1.8,0.0
8930,ATOM,8930,CB,VAL,D,96,1.0,76.65,,1.8,0.0
8931,ATOM,8931,CG1,VAL,D,96,1.0,76.65,,1.8,0.0
8932,ATOM,8932,CG2,VAL,D,96,1.0,76.65,,1.8,0.0
8933,ATOM,8933,C,VAL,D,96,1.0,76.65,,1.8,0.0
8934,ATOM,8934,O,VAL,D,96,1.0,76.65,,1.8,0.0
8935,ATOM,8935,N,HIS,D,97,1.0,117.07,,1.8,0.0
8936,ATOM,8936,CA,HIS,D,97,1.0,117.07,,1.8,0.0
8937,ATOM,8937,ND1,HIS,D,97,1.0,117.07,,1.8,0.0
8938,ATOM,8938,CG,HIS,D,97,1.0,117.07,,1.8,0.0
8939,ATOM,8939,CB,HIS,D,97,1.0,117.07,,1.8,0.0
8940,ATOM,8940,NE2,HIS,D,97,1.0,117.07,,1.8,0.0
8941,ATOM,8941,CD2,HIS,D,97,1.0,117.07,,1.8,0.0
8942,ATOM,8942,CE1,HIS,D,97,1.0,117.07,,1.8,0.0
8943,ATOM,8943,C,HIS,D,97,1.0,117.07,,1.8,0.0
8944,ATOM,8944,O,HIS,D,97,1.0,117.07,,1.8,0.0
8945,ATOM,8945,N,ASN,D,98,1.0,83.15,,1.8,0.0
8946,ATOM,8946,CA,ASN,D,98,1.0,83.15,,1.8,0.0
8947,ATOM,8947,CB,ASN,D,98,1.0,83.15,,1.8,0.0
8948,ATOM,8948,CG,ASN,D,98,1.0,83.15,,1.8,0.0
8949,ATOM,8949,OD1,ASN,D,98,1.0,83.15,,1.8,0.0
8950,ATOM,8950,ND2,ASN,D,98,1.0,83.15,,1.8,0.0
8951,ATOM,8951,C,ASN,D,98,1.0,83.15,,1.8,0.0
8952,ATOM,8952,O,ASN,D,98,1.0,83.15,,1.8,0.0
8953,ATOM,8953,N,GLU,D,99,1.0,121.25,,1.8,0.0
8954,ATOM,8954,CA,GLU,D,99,1.0,121.25,,1.8,0.0
8955,ATOM,8955,CB,GLU,D,99,1.0,121.25,,1.8,0.0
8956,ATOM,8956,CG,GLU,D,99,1.0,121.25,,1.8,0.0
8957,ATOM,8957,CD,GLU,D,99,1.0,121.25,,1.8,0.0
8958,ATOM,8958,OE1,GLU,D,99,1.0,121.25,,1.8,0.0
8959,ATOM,8959,OE2,GLU,D,99,1.0,121.25,,1.8,0.0
8960,ATOM,8960,C,GLU,D,99,1.0,121.25,,1.8,0.0
8961,ATOM,8961,O,GLU,D,99,1.0,121.25,,1.8,0.0
8962,ATOM,8962,N,GLU,D,100,1.0,120.7,,1.8,0.0
8963,ATOM,8963,CA,GLU,D,100,1.0,120.7,,1.8,0.0
8964,ATOM,8964,CB,GLU,D,100,1.0,120.7,,1.8,0.0
8965,ATOM,8965,CG,GLU,D,100,1.0,120.7,,1.8,0.0
8966,ATOM,8966,CD,GLU,D,100,1.0,120.7,,1.8,0.0
8967,ATOM,8967,OE1,GLU,D,100,1.0,120.7,,1.8,0.0
8968,ATOM,8968,OE2,GLU,D,100,1.0,120.7,,1.8,0.0
8969,ATOM,8969,C,GLU,D,100,1.0,120.7,,1.8,0.0
8970,ATOM,8970,O,GLU,D,100,1.0,120.7,,1.8,0.0
8971,ATOM,8971,N,GLN,D,101,1.0,48.76,,1.8,0.0
8972,ATOM,8972,CA,GLN,D,101,1.0,48.76,,1.8,0.0
8973,ATOM,8973,CB,GLN,D,101,1.0,48.76,,1.8,0.0
8974,ATOM,8974,CG,GLN,D,101,1.0,48.76,,1.8,0.0
8975,ATOM,8975,CD,GLN,D,101,1.0,48.76,,1.8,0.0
8976,ATOM,8976,OE1,GLN,D,101,1.0,48.76,,1.8,0.0
8977,ATOM,8977,NE2,GLN,D,101,1.0,48.76,,1.8,0.0
8978,ATOM,8978,C,GLN,D,101,1.0,48.76,,1.8,0.0
8979,ATOM,8979,O,GLN,D,101,1.0,48.76,,1.8,0.0
8980,ATOM,8980,N,LEU,D,102,1.0,64.69,,1.8,0.0
8981,ATOM,8981,CA,LEU,D,102,1.0,64.69,,1.8,0.0
8982,ATOM,8982,CB,LEU,D,102,1.0,64.69,,1.8,0.0
8983,ATOM,8983,CG,LEU,D,102,1.0,64.69,,1.8,0.0
8984,ATOM,8984,CD1,LEU,D,102,1.0,64.69,,1.8,0.0
8985,ATOM,8985,CD2,LEU,D,102,1.0,64.69,,1.8,0.0
8986,ATOM,8986,C,LEU,D,102,1.0,64.69,,1.8,0.0
8987,ATOM,8987,O,LEU,D,102,1.0,64.69,,1.8,0.0
8988,ATOM,8988,N,ALA,D,103,1.0,37.91,,1.8,0.0
8989,ATOM,8989,CA,ALA,D,103,1.0,37.91,,1.8,0.0
8990,ATOM,8990,CB,ALA,D,103,1.0,37.91,,1.8,0.0
8991,ATOM,8991,C,ALA,D,103,1.0,37.91,,1.8,0.0
8992,ATOM,8992,O,ALA,D,103,1.0,37.91,,1.8,0.0
8993,ATOM,8993,N,ALA,D,104,1.0,28.18,,1.8,0.0
8994,ATOM,8994,CA,ALA,D,104,1.0,28.18,,1.8,0.0
8995,ATOM,8995,CB,ALA,D,104,1.0,28.18,,1.8,0.0
8996,ATOM,8996,C,ALA,D,104,1.0,28.18,,1.8,0.0
8997,ATOM,8997,O,ALA,D,104,1.0,28.18,,1.8,0.0
8998,ATOM,8998,N,LEU,D,105,1.0,52.53,,1.8,0.0
8999,ATOM,8999,CA,LEU,D,105,1.0,52.53,,1.8,0.0
9000,ATOM,9000,CB,LEU,D,105,1.0,52.53,,1.8,0.0
9001,ATOM,9001,CG,LEU,D,105,1.0,52.53,,1.8,0.0
9002,ATOM,9002,CD1,LEU,D,105,1.0,52.53,,1.8,0.0
9003,ATOM,9003,CD2,LEU,D,105,1.0,52.53,,1.8,0.0
9004,ATOM,9004,C,LEU,D,105,1.0,52.53,,1.8,0.0
9005,ATOM,9005,O,LEU,D,105,1.0,52.53,,1.8,0.0
9006,ATOM,9006,N,GLU,D,106,1.0,58.7,,1.8,0.0
9007,ATOM,9007,CA,GLU,D,106,1.0,58.7,,1.8,0.0
9008,ATOM,9008,CB,GLU,D,106,1.0,58.7,,1.8,0.0
9009,ATOM,9009,CG,GLU,D,106,1.0,58.7,,1.8,0.0
9010,ATOM,9010,CD,GLU,D,106,1.0,58.7,,1.8,0.0
9011,ATOM,9011,OE1,GLU,D,106,1.0,58.7,,1.8,0.0
9012,ATOM,9012,OE2,GLU,D,106,1.0,58.7,,1.8,0.0
9013,ATOM,9013,C,GLU,D,106,1.0,58.7,,1.8,0.0
9014,ATOM,9014,O,GLU,D,106,1.0,58.7,,1.8,0.0
9015,ATOM,9015,N,GLU,D,107,1.0,45.15,,1.8,0.0
9016,ATOM,9016,CA,GLU,D,107,1.0,45.15,,1.8,0.0
9017,ATOM,9017,CB,GLU,D,107,1.0,45.15,,1.8,0.0
9018,ATOM,9018,CG,GLU,D,107,1.0,45.15,,1.8,0.0
9019,ATOM,9019,CD,GLU,D,107,1.0,45.15,,1.8,0.0
9020,ATOM,9020,OE1,GLU,D,107,1.0,45.15,,1.8,0.0
9021,ATOM,9021,OE2,GLU,D,107,1.0,45.15,,1.8,0.0
9022,ATOM,9022,C,GLU,D,107,1.0,45.15,,1.8,0.0
9023,ATOM,9023,O,GLU,D,107,1.0,45.15,,1.8,0.0
9024,ATOM,9024,N,ALA,D,108,1.0,50.03,,1.8,0.0
9025,ATOM,9025,CA,ALA,D,108,1.0,50.03,,1.8,0.0
9026,ATOM,9026,CB,ALA,D,108,1.0,50.03,,1.8,0.0
9027,ATOM,9027,C,ALA,D,108,1.0,50.03,,1.8,0.0
9028,ATOM,9028,O,ALA,D,108,1.0,50.03,,1.8,0.0
9029,ATOM,9029,N,SER,D,109,1.0,168.05,,1.8,0.0
9030,ATOM,9030,CA,SER,D,109,1.0,168.05,,1.8,0.0
9031,ATOM,9031,CB,SER,D,109,1.0,168.05,,1.8,0.0
9032,ATOM,9032,OG,SER,D,109,1.0,168.05,,1.8,0.0
9033,ATOM,9033,C,SER,D,109,1.0,168.05,,1.8,0.0
9034,ATOM,9034,O,SER,D,109,1.0,168.05,,1.8,0.0
9035,ATOM,9035,N,LEU,D,110,1.0,199.56,,1.8,0.0
9036,ATOM,9036,CA,LEU,D,110,1.0,199.56,,1.8,0.0
9037,ATOM,9037,CB,LEU,D,110,1.0,199.56,,1.8,0.0
9038,ATOM,9038,CG,LEU,D,110,1.0,199.56,,1.8,0.0
9039,ATOM,9039,CD1,LEU,D,110,1.0,199.56,,1.8,0.0
9040,ATOM,9040,CD2,LEU,D,110,1.0,199.56,,1.8,0.0
9041,ATOM,9041,C,LEU,D,110,1.0,199.56,,1.8,0.0
9042,ATOM,9042,O,LEU,D,110,1.0,199.56,,1.8,0.0
9043,ATOM,9043,N,ASP,D,111,1.0,60.24,,1.8,0.0
9044,ATOM,9044,CA,ASP,D,111,1.0,60.24,,1.8,0.0
9045,ATOM,9045,CB,ASP,D,111,1.0,60.24,,1.8,0.0
9046,ATOM,9046,CG,ASP,D,111,1.0,60.24,,1.8,0.0
9047,ATOM,9047,OD1,ASP,D,111,1.0,60.24,,1.8,0.0
9048,ATOM,9048,OD2,ASP,D,111,1.0,60.24,,1.8,0.0
9049,ATOM,9049,C,ASP,D,111,1.0,60.24,,1.8,0.0
9050,ATOM,9050,O,ASP,D,111,1.0,60.24,,1.8,0.0
9051,ATOM,9051,N,GLU,D,112,1.0,82.43,,1.8,0.0
9052,ATOM,9052,CA,GLU,D,112,1.0,82.43,,1.8,0.0
9053,ATOM,9053,CB,GLU,D,112,1.0,82.43,,1.8,0.0
9054,ATOM,9054,CG,GLU,D,112,1.0,82.43,,1.8,0.0
9055,ATOM,9055,CD,GLU,D,112,1.0,82.43,,1.8,0.0
9056,ATOM,9056,OE1,GLU,D,112,1.0,82.43,,1.8,0.0
9057,ATOM,9057,OE2,GLU,D,112,1.0,82.43,,1.8,0.0
9058,ATOM,9058,C,GLU,D,112,1.0,82.43,,1.8,0.0
9059,ATOM,9059,O,GLU,D,112,1.0,82.43,,1.8,0.0
9060,ATOM,9060,N,PRO,D,113,1.0,63.32,,1.8,0.0
9061,ATOM,9061,CA,PRO,D,113,1.0,63.32,,1.8,0.0
9062,ATOM,9062,CD,PRO,D,113,1.0,63.32,,1.8,0.0
9063,ATOM,9063,CB,PRO,D,113,1.0,63.32,,1.8,0.0
9064,ATOM,9064,CG,PRO,D,113,1.0,63.32,,1.8,0.0
9065,ATOM,9065,C,PRO,D,113,1.0,63.32,,1.8,0.0
9066,ATOM,9066,O,PRO,D,113,1.0,63.32,,1.8,0.0
9067,ATOM,9067,N,VAL,D,114,1.0,102.06,,1.8,0.0
9068,ATOM,9068,CA,VAL,D,114,1.0,102.06,,1.8,0.0
9069,ATOM,9069,CB,VAL,D,114,1.0,102.06,,1.8,0.0
9070,ATOM,9070,CG1,VAL,D,114,1.0,102.06,,1.8,0.0
9071,ATOM,9071,CG2,VAL,D,114,1.0,102.06,,1.8,0.0
9072,ATOM,9072,C,VAL,D,114,1.0,102.06,,1.8,0.0
9073,ATOM,9073,O,VAL,D,114,1.0,102.06,,1.8,0.0
9074,ATOM,9074,N,THR,D,115,1.0,118.33,,1.8,0.0
9075,ATOM,9075,CA,THR,D,115,1.0,118.33,,1.8,0.0
9076,ATOM,9076,CB,THR,D,115,1.0,118.33,,1.8,0.0
9077,ATOM,9077,OG1,THR,D,115,1.0,118.33,,1.8,0.0
9078,ATOM,9078,CG2,THR,D,115,1.0,118.33,,1.8,0.0
9079,ATOM,9079,C,THR,D,115,1.0,118.33,,1.8,0.0
9080,ATOM,9080,O,THR,D,115,1.0,118.33,,1.8,0.0
9081,ATOM,9081,N,VAL,D,116,1.0,60.99,,1.8,0.0
9082,ATOM,9082,CA,VAL,D,116,1.0,60.99,,1.8,0.0
9083,ATOM,9083,CB,VAL,D,116,1.0,60.99,,1.8,0.0
9084,ATOM,9084,CG1,VAL,D,116,1.0,60.99,,1.8,0.0
9085,ATOM,9085,CG2,VAL,D,116,1.0,60.99,,1.8,0.0
9086,ATOM,9086,C,VAL,D,116,1.0,60.99,,1.8,0.0
9087,ATOM,9087,O,VAL,D,116,1.0,60.99,,1.8,0.0
9088,ATOM,9088,N,TRP,D,117,1.0,83.43,,1.8,0.0
9089,ATOM,9089,CA,TRP,D,117,1.0,83.43,,1.8,0.0
9090,ATOM,9090,CB,TRP,D,117,1.0,83.43,,1.8,0.0
9091,ATOM,9091,CG,TRP,D,117,1.0,83.43,,1.8,0.0
9092,ATOM,9092,CD2,TRP,D,117,1.0,83.43,,1.8,0.0
9093,ATOM,9093,CD1,TRP,D,117,1.0,83.43,,1.8,0.0
9094,ATOM,9094,NE1,TRP,D,117,1.0,83.43,,1.8,0.0
9095,ATOM,9095,CE2,TRP,D,117,1.0,83.43,,1.8,0.0
9096,ATOM,9096,CE3,TRP,D,117,1.0,83.43,,1.8,0.0
9097,ATOM,9097,CZ2,TRP,D,117,1.0,83.43,,1.8,0.0
9098,ATOM,9098,CZ3,TRP,D,117,1.0,83.43,,1.8,0.0
9099,ATOM,9099,CH2,TRP,D,117,1.0,83.43,,1.8,0.0
9100,ATOM,9100,C,TRP,D,117,1.0,83.43,,1.8,0.0
9101,ATOM,9101,O,TRP,D,117,1.0,83.43,,1.8,0.0
9102,ATOM,9102,N,MET,D,118,1.0,60.28,,1.8,0.0
9103,ATOM,9103,CA,MET,D,118,1.0,60.28,,1.8,0.0
9104,ATOM,9104,CB,MET,D,118,1.0,60.28,,1.8,0.0
9105,ATOM,9105,CG,MET,D,118,1.0,60.28,,1.8,0.0
9106,ATOM,9106,SD,MET,D,118,1.0,60.28,,1.8,0.0
9107,ATOM,9107,CE,MET,D,118,1.0,60.28,,1.8,0.0
9108,ATOM,9108,C,MET,D,118,1.0,60.28,,1.8,0.0
9109,ATOM,9109,O,MET,D,118,1.0,60.28,,1.8,0.0
9110,ATOM,9110,N,LYS,D,119,1.0,98.86,,1.8,0.0
9111,ATOM,9111,CA,LYS,D,119,1.0,98.86,,1.8,0.0
9112,ATOM,9112,CB,LYS,D,119,1.0,98.86,,1.8,0.0
9113,ATOM,9113,CG,LYS,D,119,1.0,98.86,,1.8,0.0
9114,ATOM,9114,CD,LYS,D,119,1.0,98.86,,1.8,0.0
9115,ATOM,9115,CE,LYS,D,119,1.0,98.86,,1.8,0.0
9116,ATOM,9116,NZ,LYS,D,119,1.0,98.86,,1.8,0.0
9117,ATOM,9117,C,LYS,D,119,1.0,98.86,,1.8,0.0
9118,ATOM,9118,O,LYS,D,119,1.0,98.86,,1.8,0.0
9119,ATOM,9119,N,LEU,D,120,1.0,62.64,,1.8,0.0
9120,ATOM,9120,CA,LEU,D,120,1.0,62.64,,1.8,0.0
9121,ATOM,9121,CB,LEU,D,120,1.0,62.64,,1.8,0.0
9122,ATOM,9122,CG,LEU,D,120,1.0,62.64,,1.8,0.0
9123,ATOM,9123,CD1,LEU,D,120,1.0,62.64,,1.8,0.0
9124,ATOM,9124,CD2,LEU,D,120,1.0,62.64,,1.8,0.0
9125,ATOM,9125,C,LEU,D,120,1.0,62.64,,1.8,0.0
9126,ATOM,9126,O,LEU,D,120,1.0,62.64,,1.8,0.0
9127,ATOM,9127,N,ASP,D,121,1.0,71.03,,1.8,0.0
9128,ATOM,9128,CA,ASP,D,121,1.0,71.03,,1.8,0.0
9129,ATOM,9129,CB,ASP,D,121,1.0,71.03,,1.8,0.0
9130,ATOM,9130,CG,ASP,D,121,1.0,71.03,,1.8,0.0
9131,ATOM,9131,OD1,ASP,D,121,1.0,71.03,,1.8,0.0
9132,ATOM,9132,OD2,ASP,D,121,1.0,71.03,,1.8,0.0
9133,ATOM,9133,C,ASP,D,121,1.0,71.03,,1.8,0.0
9134,ATOM,9134,O,ASP,D,121,1.0,71.03,,1.8,0.0
9135,ATOM,9135,N,THR,D,122,1.0,114.77,,1.8,0.0
9136,ATOM,9136,CA,THR,D,122,1.0,114.77,,1.8,0.0
9137,ATOM,9137,CB,THR,D,122,1.0,114.77,,1.8,0.0
9138,ATOM,9138,OG1,THR,D,122,1.0,114.77,,1.8,0.0
9139,ATOM,9139,CG2,THR,D,122,1.0,114.77,,1.8,0.0
9140,ATOM,9140,C,THR,D,122,1.0,114.77,,1.8,0.0
9141,ATOM,9141,O,THR,D,122,1.0,114.77,,1.8,0.0
9142,ATOM,9142,N,GLY,D,123,1.0,61.33,,1.8,0.0
9143,ATOM,9143,CA,GLY,D,123,1.0,61.33,,1.8,0.0
9144,ATOM,9144,C,GLY,D,123,1.0,61.33,,1.8,0.0
9145,ATOM,9145,O,GLY,D,123,1.0,61.33,,1.8,0.0
9146,ATOM,9146,N,MET,D,124,1.0,50.99,,1.8,0.0
9147,ATOM,9147,CA,MET,D,124,1.0,50.99,,1.8,0.0
9148,ATOM,9148,CB,MET,D,124,1.0,50.99,,1.8,0.0
9149,ATOM,9149,CG,MET,D,124,1.0,50.99,,1.8,0.0
9150,ATOM,9150,SD,MET,D,124,1.0,50.99,,1.8,0.0
9151,ATOM,9151,CE,MET,D,124,1.0,50.99,,1.8,0.0
9152,ATOM,9152,C,MET,D,124,1.0,50.99,,1.8,0.0
9153,ATOM,9153,O,MET,D,124,1.0,50.99,,1.8,0.0
9154,ATOM,9154,N,HIS,D,125,1.0,99.41,,1.8,0.0
9155,ATOM,9155,CA,HIS,D,125,1.0,99.41,,1.8,0.0
9156,ATOM,9156,ND1,HIS,D,125,1.0,99.41,,1.8,0.0
9157,ATOM,9157,CG,HIS,D,125,1.0,99.41,,1.8,0.0
9158,ATOM,9158,CB,HIS,D,125,1.0,99.41,,1.8,0.0
9159,ATOM,9159,NE2,HIS,D,125,1.0,99.41,,1.8,0.0
9160,ATOM,9160,CD2,HIS,D,125,1.0,99.41,,1.8,0.0
9161,ATOM,9161,CE1,HIS,D,125,1.0,99.41,,1.8,0.0
9162,ATOM,9162,C,HIS,D,125,1.0,99.41,,1.8,0.0
9163,ATOM,9163,O,HIS,D,125,1.0,99.41,,1.8,0.0
9164,ATOM,9164,N,ARG,D,126,1.0,144.79,,1.8,0.0
9165,ATOM,9165,CA,ARG,D,126,1.0,144.79,,1.8,0.0
9166,ATOM,9166,CB,ARG,D,126,1.0,144.79,,1.8,0.0
9167,ATOM,9167,CG,ARG,D,126,1.0,144.79,,1.8,0.0
9168,ATOM,9168,CD,ARG,D,126,1.0,144.79,,1.8,0.0
9169,ATOM,9169,NE,ARG,D,126,1.0,144.79,,1.8,0.0
9170,ATOM,9170,CZ,ARG,D,126,1.0,144.79,,1.8,0.0
9171,ATOM,9171,NH1,ARG,D,126,1.0,144.79,,1.8,0.0
9172,ATOM,9172,NH2,ARG,D,126,1.0,144.79,,1.8,0.0
9173,ATOM,9173,C,ARG,D,126,1.0,144.79,,1.8,0.0
9174,ATOM,9174,O,ARG,D,126,1.0,144.79,,1.8,0.0
9175,ATOM,9175,N,LEU,D,127,1.0,81.02,,1.8,0.0
9176,ATOM,9176,CA,LEU,D,127,1.0,81.02,,1.8,0.0
9177,ATOM,9177,CB,LEU,D,127,1.0,81.02,,1.8,0.0
9178,ATOM,9178,CG,LEU,D,127,1.0,81.02,,1.8,0.0
9179,ATOM,9179,CD1,LEU,D,127,1.0,81.02,,1.8,0.0
9180,ATOM,9180,CD2,LEU,D,127,1.0,81.02,,1.8,0.0
9181,ATOM,9181,C,LEU,D,127,1.0,81.02,,1.8,0.0
9182,ATOM,9182,O,LEU,D,127,1.0,81.02,,1.8,0.0
9183,ATOM,9183,N,GLY,D,128,1.0,40.77,,1.8,0.0
9184,ATOM,9184,CA,GLY,D,128,1.0,40.77,,1.8,0.0
9185,ATOM,9185,C,GLY,D,128,1.0,40.77,,1.8,0.0
9186,ATOM,9186,O,GLY,D,128,1.0,40.77,,1.8,0.0
9187,ATOM,9187,N,VAL,D,129,1.0,48.28,,1.8,0.0
9188,ATOM,9188,CA,VAL,D,129,1.0,48.28,,1.8,0.0
9189,ATOM,9189,CB,VAL,D,129,1.0,48.28,,1.8,0.0
9190,ATOM,9190,CG1,VAL,D,129,1.0,48.28,,1.8,0.0
9191,ATOM,9191,CG2,VAL,D,129,1.0,48.28,,1.8,0.0
9192,ATOM,9192,C,VAL,D,129,1.0,48.28,,1.8,0.0
9193,ATOM,9193,O,VAL,D,129,1.0,48.28,,1.8,0.0
9194,ATOM,9194,N,ARG,D,130,1.0,149.71,,1.8,0.0
9195,ATOM,9195,CA,ARG,D,130,1.0,149.71,,1.8,0.0
9196,ATOM,9196,CB,ARG,D,130,1.0,149.71,,1.8,0.0
9197,ATOM,9197,CG,ARG,D,130,1.0,149.71,,1.8,0.0
9198,ATOM,9198,CD,ARG,D,130,1.0,149.71,,1.8,0.0
9199,ATOM,9199,NE,ARG,D,130,1.0,149.71,,1.8,0.0
9200,ATOM,9200,CZ,ARG,D,130,1.0,149.71,,1.8,0.0
9201,ATOM,9201,NH1,ARG,D,130,1.0,149.71,,1.8,0.0
9202,ATOM,9202,NH2,ARG,D,130,1.0,149.71,,1.8,0.0
9203,ATOM,9203,C,ARG,D,130,1.0,149.71,,1.8,0.0
9204,ATOM,9204,O,ARG,D,130,1.0,149.71,,1.8,0.0
9205,ATOM,9205,N,PRO,D,131,1.0,106.45,,1.8,0.0
9206,ATOM,9206,CA,PRO,D,131,1.0,106.45,,1.8,0.0
9207,ATOM,9207,CD,PRO,D,131,1.0,106.45,,1.8,0.0
9208,ATOM,9208,CB,PRO,D,131,1.0,106.45,,1.8,0.0
9209,ATOM,9209,CG,PRO,D,131,1.0,106.45,,1.8,0.0
9210,ATOM,9210,C,PRO,D,131,1.0,106.45,,1.8,0.0
9211,ATOM,9211,O,PRO,D,131,1.0,106.45,,1.8,0.0
9212,ATOM,9212,N,GLU,D,132,1.0,99.33,,1.8,0.0
9213,ATOM,9213,CA,GLU,D,132,1.0,99.33,,1.8,0.0
9214,ATOM,9214,CB,GLU,D,132,1.0,99.33,,1.8,0.0
9215,ATOM,9215,CG,GLU,D,132,1.0,99.33,,1.8,0.0
9216,ATOM,9216,CD,GLU,D,132,1.0,99.33,,1.8,0.0
9217,ATOM,9217,OE1,GLU,D,132,1.0,99.33,,1.8,0.0
9218,ATOM,9218,OE2,GLU,D,132,1.0,99.33,,1.8,0.0
9219,ATOM,9219,C,GLU,D,132,1.0,99.33,,1.8,0.0
9220,ATOM,9220,O,GLU,D,132,1.0,99.33,,1.8,0.0
9221,ATOM,9221,N,GLN,D,133,1.0,109.0,,1.8,0.0
9222,ATOM,9222,CA,GLN,D,133,1.0,109.0,,1.8,0.0
9223,ATOM,9223,CB,GLN,D,133,1.0,109.0,,1.8,0.0
9224,ATOM,9224,CG,GLN,D,133,1.0,109.0,,1.8,0.0
9225,ATOM,9225,CD,GLN,D,133,1.0,109.0,,1.8,0.0
9226,ATOM,9226,OE1,GLN,D,133,1.0,109.0,,1.8,0.0
9227,ATOM,9227,NE2,GLN,D,133,1.0,109.0,,1.8,0.0
9228,ATOM,9228,C,GLN,D,133,1.0,109.0,,1.8,0.0
9229,ATOM,9229,O,GLN,D,133,1.0,109.0,,1.8,0.0
9230,ATOM,9230,N,ALA,D,134,1.0,62.34,,1.8,0.0
9231,ATOM,9231,CA,ALA,D,134,1.0,62.34,,1.8,0.0
9232,ATOM,9232,CB,ALA,D,134,1.0,62.34,,1.8,0.0
9233,ATOM,9233,C,ALA,D,134,1.0,62.34,,1.8,0.0
9234,ATOM,9234,O,ALA,D,134,1.0,62.34,,1.8,0.0
9235,ATOM,9235,N,GLU,D,135,1.0,95.81,,1.8,0.0
9236,ATOM,9236,CA,GLU,D,135,1.0,95.81,,1.8,0.0
9237,ATOM,9237,CB,GLU,D,135,1.0,95.81,,1.8,0.0
9238,ATOM,9238,CG,GLU,D,135,1.0,95.81,,1.8,0.0
9239,ATOM,9239,CD,GLU,D,135,1.0,95.81,,1.8,0.0
9240,ATOM,9240,OE1,GLU,D,135,1.0,95.81,,1.8,0.0
9241,ATOM,9241,OE2,GLU,D,135,1.0,95.81,,1.8,0.0
9242,ATOM,9242,C,GLU,D,135,1.0,95.81,,1.8,0.0
9243,ATOM,9243,O,GLU,D,135,1.0,95.81,,1.8,0.0
9244,ATOM,9244,N,ALA,D,136,1.0,27.67,,1.8,0.0
9245,ATOM,9245,CA,ALA,D,136,1.0,27.67,,1.8,0.0
9246,ATOM,9246,CB,ALA,D,136,1.0,27.67,,1.8,0.0
9247,ATOM,9247,C,ALA,D,136,1.0,27.67,,1.8,0.0
9248,ATOM,9248,O,ALA,D,136,1.0,27.67,,1.8,0.0
9249,ATOM,9249,N,PHE,D,137,1.0,109.07,,1.8,0.0
9250,ATOM,9250,CA,PHE,D,137,1.0,109.07,,1.8,0.0
9251,ATOM,9251,CB,PHE,D,137,1.0,109.07,,1.8,0.0
9252,ATOM,9252,CG,PHE,D,137,1.0,109.07,,1.8,0.0
9253,ATOM,9253,CD1,PHE,D,137,1.0,109.07,,1.8,0.0
9254,ATOM,9254,CD2,PHE,D,137,1.0,109.07,,1.8,0.0
9255,ATOM,9255,CE1,PHE,D,137,1.0,109.07,,1.8,0.0
9256,ATOM,9256,CE2,PHE,D,137,1.0,109.07,,1.8,0.0
9257,ATOM,9257,CZ,PHE,D,137,1.0,109.07,,1.8,0.0
9258,ATOM,9258,C,PHE,D,137,1.0,109.07,,1.8,0.0
9259,ATOM,9259,O,PHE,D,137,1.0,109.07,,1.8,0.0
9260,ATOM,9260,N,TYR,D,138,1.0,60.42,,1.8,0.0
9261,ATOM,9261,CA,TYR,D,138,1.0,60.42,,1.8,0.0
9262,ATOM,9262,CB,TYR,D,138,1.0,60.42,,1.8,0.0
9263,ATOM,9263,CG,TYR,D,138,1.0,60.42,,1.8,0.0
9264,ATOM,9264,CD1,TYR,D,138,1.0,60.42,,1.8,0.0
9265,ATOM,9265,CD2,TYR,D,138,1.0,60.42,,1.8,0.0
9266,ATOM,9266,CE1,TYR,D,138,1.0,60.42,,1.8,0.0
9267,ATOM,9267,CE2,TYR,D,138,1.0,60.42,,1.8,0.0
9268,ATOM,9268,CZ,TYR,D,138,1.0,60.42,,1.8,0.0
9269,ATOM,9269,OH,TYR,D,138,1.0,60.42,,1.8,0.0
9270,ATOM,9270,C,TYR,D,138,1.0,60.42,,1.8,0.0
9271,ATOM,9271,O,TYR,D,138,1.0,60.42,,1.8,0.0
9272,ATOM,9272,N,HIS,D,139,1.0,60.27,,1.8,0.0
9273,ATOM,9273,CA,HIS,D,139,1.0,60.27,,1.8,0.0
9274,ATOM,9274,ND1,HIS,D,139,1.0,60.27,,1.8,0.0
9275,ATOM,9275,CG,HIS,D,139,1.0,60.27,,1.8,0.0
9276,ATOM,9276,CB,HIS,D,139,1.0,60.27,,1.8,0.0
9277,ATOM,9277,NE2,HIS,D,139,1.0,60.27,,1.8,0.0
9278,ATOM,9278,CD2,HIS,D,139,1.0,60.27,,1.8,0.0
9279,ATOM,9279,CE1,HIS,D,139,1.0,60.27,,1.8,0.0
9280,ATOM,9280,C,HIS,D,139,1.0,60.27,,1.8,0.0
9281,ATOM,9281,O,HIS,D,139,1.0,60.27,,1.8,0.0
9282,ATOM,9282,N,ARG,D,140,1.0,119.14,,1.8,0.0
9283,ATOM,9283,CA,ARG,D,140,1.0,119.14,,1.8,0.0
9284,ATOM,9284,CB,ARG,D,140,1.0,119.14,,1.8,0.0
9285,ATOM,9285,CG,ARG,D,140,1.0,119.14,,1.8,0.0
9286,ATOM,9286,CD,ARG,D,140,1.0,119.14,,1.8,0.0
9287,ATOM,9287,NE,ARG,D,140,1.0,119.14,,1.8,0.0
9288,ATOM,9288,CZ,ARG,D,140,1.0,119.14,,1.8,0.0
9289,ATOM,9289,NH1,ARG,D,140,1.0,119.14,,1.8,0.0
9290,ATOM,9290,NH2,ARG,D,140,1.0,119.14,,1.8,0.0
9291,ATOM,9291,C,ARG,D,140,1.0,119.14,,1.8,0.0
9292,ATOM,9292,O,ARG,D,140,1.0,119.14,,1.8,0.0
9293,ATOM,9293,N,LEU,D,141,1.0,109.24,,1.8,0.0
9294,ATOM,9294,CA,LEU,D,141,1.0,109.24,,1.8,0.0
9295,ATOM,9295,CB,LEU,D,141,1.0,109.24,,1.8,0.0
9296,ATOM,9296,CG,LEU,D,141,1.0,109.24,,1.8,0.0
9297,ATOM,9297,CD1,LEU,D,141,1.0,109.24,,1.8,0.0
9298,ATOM,9298,CD2,LEU,D,141,1.0,109.24,,1.8,0.0
9299,ATOM,9299,C,LEU,D,141,1.0,109.24,,1.8,0.0
9300,ATOM,9300,O,LEU,D,141,1.0,109.24,,1.8,0.0
9301,ATOM,9301,N,THR,D,142,1.0,55.52,,1.8,0.0
9302,ATOM,9302,CA,THR,D,142,1.0,55.52,,1.8,0.0
9303,ATOM,9303,CB,THR,D,142,1.0,55.52,,1.8,0.0
9304,ATOM,9304,OG1,THR,D,142,1.0,55.52,,1.8,0.0
9305,ATOM,9305,CG2,THR,D,142,1.0,55.52,,1.8,0.0
9306,ATOM,9306,C,THR,D,142,1.0,55.52,,1.8,0.0
9307,ATOM,9307,O,THR,D,142,1.0,55.52,,1.8,0.0
9308,ATOM,9308,N,GLN,D,143,1.0,70.83,,1.8,0.0
9309,ATOM,9309,CA,GLN,D,143,1.0,70.83,,1.8,0.0
9310,ATOM,9310,CB,GLN,D,143,1.0,70.83,,1.8,0.0
9311,ATOM,9311,CG,GLN,D,143,1.0,70.83,,1.8,0.0
9312,ATOM,9312,CD,GLN,D,143,1.0,70.83,,1.8,0.0
9313,ATOM,9313,OE1,GLN,D,143,1.0,70.83,,1.8,0.0
9314,ATOM,9314,NE2,GLN,D,143,1.0,70.83,,1.8,0.0
9315,ATOM,9315,C,GLN,D,143,1.0,70.83,,1.8,0.0
9316,ATOM,9316,O,GLN,D,143,1.0,70.83,,1.8,0.0
9317,ATOM,9317,N,CYS,D,144,1.0,62.31,,1.8,0.0
9318,ATOM,9318,CA,CYS,D,144,1.0,62.31,,1.8,0.0
9319,ATOM,9319,CB,CYS,D,144,1.0,62.31,,1.8,0.0
9320,ATOM,9320,SG,CYS,D,144,1.0,62.31,,1.8,0.0
9321,ATOM,9321,C,CYS,D,144,1.0,62.31,,1.8,0.0
9322,ATOM,9322,O,CYS,D,144,1.0,62.31,,1.8,0.0
9323,ATOM,9323,N,LYS,D,145,1.0,90.95,,1.8,0.0
9324,ATOM,9324,CA,LYS,D,145,1.0,90.95,,1.8,0.0
9325,ATOM,9325,CB,LYS,D,145,1.0,90.95,,1.8,0.0
9326,ATOM,9326,CG,LYS,D,145,1.0,90.95,,1.8,0.0
9327,ATOM,9327,CD,LYS,D,145,1.0,90.95,,1.8,0.0
9328,ATOM,9328,CE,LYS,D,145,1.0,90.95,,1.8,0.0
9329,ATOM,9329,NZ,LYS,D,145,1.0,90.95,,1.8,0.0
9330,ATOM,9330,C,LYS,D,145,1.0,90.95,,1.8,0.0
9331,ATOM,9331,O,LYS,D,145,1.0,90.95,,1.8,0.0
9332,ATOM,9332,N,ASN,D,146,1.0,73.51,,1.8,0.0
9333,ATOM,9333,CA,ASN,D,146,1.0,73.51,,1.8,0.0
9334,ATOM,9334,CB,ASN,D,146,1.0,73.51,,1.8,0.0
9335,ATOM,9335,CG,ASN,D,146,1.0,73.51,,1.8,0.0
9336,ATOM,9336,OD1,ASN,D,146,1.0,73.51,,1.8,0.0
9337,ATOM,9337,ND2,ASN,D,146,1.0,73.51,,1.8,0.0
9338,ATOM,9338,C,ASN,D,146,1.0,73.51,,1.8,0.0
9339,ATOM,9339,O,ASN,D,146,1.0,73.51,,1.8,0.0
9340,ATOM,9340,N,VAL,D,147,1.0,57.62,,1.8,0.0
9341,ATOM,9341,CA,VAL,D,147,1.0,57.62,,1.8,0.0
9342,ATOM,9342,CB,VAL,D,147,1.0,57.62,,1.8,0.0
9343,ATOM,9343,CG1,VAL,D,147,1.0,57.62,,1.8,0.0
9344,ATOM,9344,CG2,VAL,D,147,1.0,57.62,,1.8,0.0
9345,ATOM,9345,C,VAL,D,147,1.0,57.62,,1.8,0.0
9346,ATOM,9346,O,VAL,D,147,1.0,57.62,,1.8,0.0
9347,ATOM,9347,N,ARG,D,148,1.0,97.09,,1.8,0.0
9348,ATOM,9348,CA,ARG,D,148,1.0,97.09,,1.8,0.0
9349,ATOM,9349,CB,ARG,D,148,1.0,97.09,,1.8,0.0
9350,ATOM,9350,CG,ARG,D,148,1.0,97.09,,1.8,0.0
9351,ATOM,9351,CD,ARG,D,148,1.0,97.09,,1.8,0.0
9352,ATOM,9352,NE,ARG,D,148,1.0,97.09,,1.8,0.0
9353,ATOM,9353,CZ,ARG,D,148,1.0,97.09,,1.8,0.0
9354,ATOM,9354,NH1,ARG,D,148,1.0,97.09,,1.8,0.0
9355,ATOM,9355,NH2,ARG,D,148,1.0,97.09,,1.8,0.0
9356,ATOM,9356,C,ARG,D,148,1.0,97.09,,1.8,0.0
9357,ATOM,9357,O,ARG,D,148,1.0,97.09,,1.8,0.0
9358,ATOM,9358,N,GLN,D,149,1.0,60.88,,1.8,0.0
9359,ATOM,9359,CA,GLN,D,149,1.0,60.88,,1.8,0.0
9360,ATOM,9360,CB,GLN,D,149,1.0,60.88,,1.8,0.0
9361,ATOM,9361,CG,GLN,D,149,1.0,60.88,,1.8,0.0
9362,ATOM,9362,CD,GLN,D,149,1.0,60.88,,1.8,0.0
9363,ATOM,9363,OE1,GLN,D,149,1.0,60.88,,1.8,0.0
9364,ATOM,9364,NE2,GLN,D,149,1.0,60.88,,1.8,0.0
9365,ATOM,9365,C,GLN,D,149,1.0,60.88,,1.8,0.0
9366,ATOM,9366,O,GLN,D,149,1.0,60.88,,1.8,0.0
9367,ATOM,9367,N,PRO,D,150,1.0,103.23,,1.8,0.0
9368,ATOM,9368,CA,PRO,D,150,1.0,103.23,,1.8,0.0
9369,ATOM,9369,CD,PRO,D,150,1.0,103.23,,1.8,0.0
9370,ATOM,9370,CB,PRO,D,150,1.0,103.23,,1.8,0.0
9371,ATOM,9371,CG,PRO,D,150,1.0,103.23,,1.8,0.0
9372,ATOM,9372,C,PRO,D,150,1.0,103.23,,1.8,0.0
9373,ATOM,9373,O,PRO,D,150,1.0,103.23,,1.8,0.0
9374,ATOM,9374,N,VAL,D,151,1.0,53.48,,1.8,0.0
9375,ATOM,9375,CA,VAL,D,151,1.0,53.48,,1.8,0.0
9376,ATOM,9376,CB,VAL,D,151,1.0,53.48,,1.8,0.0
9377,ATOM,9377,CG1,VAL,D,151,1.0,53.48,,1.8,0.0
9378,ATOM,9378,CG2,VAL,D,151,1.0,53.48,,1.8,0.0
9379,ATOM,9379,C,VAL,D,151,1.0,53.48,,1.8,0.0
9380,ATOM,9380,O,VAL,D,151,1.0,53.48,,1.8,0.0
9381,ATOM,9381,N,ASN,D,152,1.0,72.11,,1.8,0.0
9382,ATOM,9382,CA,ASN,D,152,1.0,72.11,,1.8,0.0
9383,ATOM,9383,CB,ASN,D,152,1.0,72.11,,1.8,0.0
9384,ATOM,9384,CG,ASN,D,152,1.0,72.11,,1.8,0.0
9385,ATOM,9385,OD1,ASN,D,152,1.0,72.11,,1.8,0.0
9386,ATOM,9386,ND2,ASN,D,152,1.0,72.11,,1.8,0.0
9387,ATOM,9387,C,ASN,D,152,1.0,72.11,,1.8,0.0
9388,ATOM,9388,O,ASN,D,152,1.0,72.11,,1.8,0.0
9389,ATOM,9389,N,ILE,D,153,1.0,115.78,,1.8,0.0
9390,ATOM,9390,CA,ILE,D,153,1.0,115.78,,1.8,0.0
9391,ATOM,9391,CB,ILE,D,153,1.0,115.78,,1.8,0.0
9392,ATOM,9392,CG1,ILE,D,153,1.0,115.78,,1.8,0.0
9393,ATOM,9393,CG2,ILE,D,153,1.0,115.78,,1.8,0.0
9394,ATOM,9394,CD1,ILE,D,153,1.0,115.78,,1.8,0.0
9395,ATOM,9395,C,ILE,D,153,1.0,115.78,,1.8,0.0
9396,ATOM,9396,O,ILE,D,153,1.0,115.78,,1.8,0.0
9397,ATOM,9397,N,VAL,D,154,1.0,115.13,,1.8,0.0
9398,ATOM,9398,CA,VAL,D,154,1.0,115.13,,1.8,0.0
9399,ATOM,9399,CB,VAL,D,154,1.0,115.13,,1.8,0.0
9400,ATOM,9400,CG1,VAL,D,154,1.0,115.13,,1.8,0.0
9401,ATOM,9401,CG2,VAL,D,154,1.0,115.13,,1.8,0.0
9402,ATOM,9402,C,VAL,D,154,1.0,115.13,,1.8,0.0
9403,ATOM,9403,O,VAL,D,154,1.0,115.13,,1.8,0.0
9404,ATOM,9404,N,SER,D,155,1.0,103.09,,1.8,0.0
9405,ATOM,9405,CA,SER,D,155,1.0,103.09,,1.8,0.0
9406,ATOM,9406,CB,SER,D,155,1.0,103.09,,1.8,0.0
9407,ATOM,9407,OG,SER,D,155,1.0,103.09,,1.8,0.0
9408,ATOM,9408,C,SER,D,155,1.0,103.09,,1.8,0.0
9409,ATOM,9409,O,SER,D,155,1.0,103.09,,1.8,0.0
9410,ATOM,9410,N,HIS,D,156,1.0,68.32,,1.8,0.0
9411,ATOM,9411,CA,HIS,D,156,1.0,68.32,,1.8,0.0
9412,ATOM,9412,ND1,HIS,D,156,1.0,68.32,,1.8,0.0
9413,ATOM,9413,CG,HIS,D,156,1.0,68.32,,1.8,0.0
9414,ATOM,9414,CB,HIS,D,156,1.0,68.32,,1.8,0.0
9415,ATOM,9415,NE2,HIS,D,156,1.0,68.32,,1.8,0.0
9416,ATOM,9416,CD2,HIS,D,156,1.0,68.32,,1.8,0.0
9417,ATOM,9417,CE1,HIS,D,156,1.0,68.32,,1.8,0.0
9418,ATOM,9418,C,HIS,D,156,1.0,68.32,,1.8,0.0
9419,ATOM,9419,O,HIS,D,156,1.0,68.32,,1.8,0.0
9420,ATOM,9420,N,PHE,D,157,1.0,103.97,,1.8,0.0
9421,ATOM,9421,CA,PHE,D,157,1.0,103.97,,1.8,0.0
9422,ATOM,9422,CB,PHE,D,157,1.0,103.97,,1.8,0.0
9423,ATOM,9423,CG,PHE,D,157,1.0,103.97,,1.8,0.0
9424,ATOM,9424,CD1,PHE,D,157,1.0,103.97,,1.8,0.0
9425,ATOM,9425,CD2,PHE,D,157,1.0,103.97,,1.8,0.0
9426,ATOM,9426,CE1,PHE,D,157,1.0,103.97,,1.8,0.0
9427,ATOM,9427,CE2,PHE,D,157,1.0,103.97,,1.8,0.0
9428,ATOM,9428,CZ,PHE,D,157,1.0,103.97,,1.8,0.0
9429,ATOM,9429,C,PHE,D,157,1.0,103.97,,1.8,0.0
9430,ATOM,9430,O,PHE,D,157,1.0,103.97,,1.8,0.0
9431,ATOM,9431,N,ALA,D,158,1.0,88.52,,1.8,0.0
9432,ATOM,9432,CA,ALA,D,158,1.0,88.52,,1.8,0.0
9433,ATOM,9433,CB,ALA,D,158,1.0,88.52,,1.8,0.0
9434,ATOM,9434,C,ALA,D,158,1.0,88.52,,1.8,0.0
9435,ATOM,9435,O,ALA,D,158,1.0,88.52,,1.8,0.0
9436,ATOM,9436,N,ARG,D,159,1.0,214.94,,1.8,0.0
9437,ATOM,9437,CA,ARG,D,159,1.0,214.94,,1.8,0.0
9438,ATOM,9438,CB,ARG,D,159,1.0,214.94,,1.8,0.0
9439,ATOM,9439,CG,ARG,D,159,1.0,214.94,,1.8,0.0
9440,ATOM,9440,CD,ARG,D,159,1.0,214.94,,1.8,0.0
9441,ATOM,9441,NE,ARG,D,159,1.0,214.94,,1.8,0.0
9442,ATOM,9442,CZ,ARG,D,159,1.0,214.94,,1.8,0.0
9443,ATOM,9443,NH1,ARG,D,159,1.0,214.94,,1.8,0.0
9444,ATOM,9444,NH2,ARG,D,159,1.0,214.94,,1.8,0.0
9445,ATOM,9445,C,ARG,D,159,1.0,214.94,,1.8,0.0
9446,ATOM,9446,O,ARG,D,159,1.0,214.94,,1.8,0.0
9447,ATOM,9447,N,ALA,D,160,1.0,79.24,,1.8,0.0
9448,ATOM,9448,CA,ALA,D,160,1.0,79.24,,1.8,0.0
9449,ATOM,9449,CB,ALA,D,160,1.0,79.24,,1.8,0.0
9450,ATOM,9450,C,ALA,D,160,1.0,79.24,,1.8,0.0
9451,ATOM,9451,O,ALA,D,160,1.0,79.24,,1.8,0.0
9452,ATOM,9452,N,ASP,D,161,1.0,145.24,,1.8,0.0
9453,ATOM,9453,CA,ASP,D,161,1.0,145.24,,1.8,0.0
9454,ATOM,9454,CB,ASP,D,161,1.0,145.24,,1.8,0.0
9455,ATOM,9455,CG,ASP,D,161,1.0,145.24,,1.8,0.0
9456,ATOM,9456,OD1,ASP,D,161,1.0,145.24,,1.8,0.0
9457,ATOM,9457,OD2,ASP,D,161,1.0,145.24,,1.8,0.0
9458,ATOM,9458,C,ASP,D,161,1.0,145.24,,1.8,0.0
9459,ATOM,9459,O,ASP,D,161,1.0,145.24,,1.8,0.0
9460,ATOM,9460,N,GLU,D,162,1.0,97.24,,1.8,0.0
9461,ATOM,9461,CA,GLU,D,162,1.0,97.24,,1.8,0.0
9462,ATOM,9462,CB,GLU,D,162,1.0,97.24,,1.8,0.0
9463,ATOM,9463,CG,GLU,D,162,1.0,97.24,,1.8,0.0
9464,ATOM,9464,CD,GLU,D,162,1.0,97.24,,1.8,0.0
9465,ATOM,9465,OE1,GLU,D,162,1.0,97.24,,1.8,0.0
9466,ATOM,9466,OE2,GLU,D,162,1.0,97.24,,1.8,0.0
9467,ATOM,9467,C,GLU,D,162,1.0,97.24,,1.8,0.0
9468,ATOM,9468,O,GLU,D,162,1.0,97.24,,1.8,0.0
9469,ATOM,9469,N,PRO,D,163,1.0,97.57,,1.8,0.0
9470,ATOM,9470,CA,PRO,D,163,1.0,97.57,,1.8,0.0
9471,ATOM,9471,CD,PRO,D,163,1.0,97.57,,1.8,0.0
9472,ATOM,9472,CB,PRO,D,163,1.0,97.57,,1.8,0.0
9473,ATOM,9473,CG,PRO,D,163,1.0,97.57,,1.8,0.0
9474,ATOM,9474,C,PRO,D,163,1.0,97.57,,1.8,0.0
9475,ATOM,9475,O,PRO,D,163,1.0,97.57,,1.8,0.0
9476,ATOM,9476,N,LYS,D,164,1.0,250.7,,1.8,0.0
9477,ATOM,9477,CA,LYS,D,164,1.0,250.7,,1.8,0.0
9478,ATOM,9478,CB,LYS,D,164,1.0,250.7,,1.8,0.0
9479,ATOM,9479,CG,LYS,D,164,1.0,250.7,,1.8,0.0
9480,ATOM,9480,CD,LYS,D,164,1.0,250.7,,1.8,0.0
9481,ATOM,9481,CE,LYS,D,164,1.0,250.7,,1.8,0.0
9482,ATOM,9482,NZ,LYS,D,164,1.0,250.7,,1.8,0.0
9483,ATOM,9483,C,LYS,D,164,1.0,250.7,,1.8,0.0
9484,ATOM,9484,O,LYS,D,164,1.0,250.7,,1.8,0.0
9485,ATOM,9485,N,CYS,D,165,1.0,96.22,,1.8,0.0
9486,ATOM,9486,CA,CYS,D,165,1.0,96.22,,1.8,0.0
9487,ATOM,9487,CB,CYS,D,165,1.0,96.22,,1.8,0.0
9488,ATOM,9488,SG,CYS,D,165,1.0,96.22,,1.8,0.0
9489,ATOM,9489,C,CYS,D,165,1.0,96.22,,1.8,0.0
9490,ATOM,9490,O,CYS,D,165,1.0,96.22,,1.8,0.0
9491,ATOM,9491,N,GLY,D,166,1.0,17.9,,1.8,0.0
9492,ATOM,9492,CA,GLY,D,166,1.0,17.9,,1.8,0.0
9493,ATOM,9493,C,GLY,D,166,1.0,17.9,,1.8,0.0
9494,ATOM,9494,O,GLY,D,166,1.0,17.9,,1.8,0.0
9495,ATOM,9495,N,ALA,D,167,1.0,37.82,,1.8,0.0
9496,ATOM,9496,CA,ALA,D,167,1.0,37.82,,1.8,0.0
9497,ATOM,9497,CB,ALA,D,167,1.0,37.82,,1.8,0.0
9498,ATOM,9498,C,ALA,D,167,1.0,37.82,,1.8,0.0
9499,ATOM,9499,O,ALA,D,167,1.0,37.82,,1.8,0.0
9500,ATOM,9500,N,THR,D,168,1.0,127.0,,1.8,0.0
9501,ATOM,9501,CA,THR,D,168,1.0,127.0,,1.8,0.0
9502,ATOM,9502,CB,THR,D,168,1.0,127.0,,1.8,0.0
9503,ATOM,9503,OG1,THR,D,168,1.0,127.0,,1.8,0.0
9504,ATOM,9504,CG2,THR,D,168,1.0,127.0,,1.8,0.0
9505,ATOM,9505,C,THR,D,168,1.0,127.0,,1.8,0.0
9506,ATOM,9506,O,THR,D,168,1.0,127.0,,1.8,0.0
9507,ATOM,9507,N,GLU,D,169,1.0,80.68,,1.8,0.0
9508,ATOM,9508,CA,GLU,D,169,1.0,80.68,,1.8,0.0
9509,ATOM,9509,CB,GLU,D,169,1.0,80.68,,1.8,0.0
9510,ATOM,9510,CG,GLU,D,169,1.0,80.68,,1.8,0.0
9511,ATOM,9511,CD,GLU,D,169,1.0,80.68,,1.8,0.0
9512,ATOM,9512,OE1,GLU,D,169,1.0,80.68,,1.8,0.0
9513,ATOM,9513,OE2,GLU,D,169,1.0,80.68,,1.8,0.0
9514,ATOM,9514,C,GLU,D,169,1.0,80.68,,1.8,0.0
9515,ATOM,9515,O,GLU,D,169,1.0,80.68,,1.8,0.0
9516,ATOM,9516,N,LYS,D,170,1.0,89.44,,1.8,0.0
9517,ATOM,9517,CA,LYS,D,170,1.0,89.44,,1.8,0.0
9518,ATOM,9518,CB,LYS,D,170,1.0,89.44,,1.8,0.0
9519,ATOM,9519,CG,LYS,D,170,1.0,89.44,,1.8,0.0
9520,ATOM,9520,CD,LYS,D,170,1.0,89.44,,1.8,0.0
9521,ATOM,9521,CE,LYS,D,170,1.0,89.44,,1.8,0.0
9522,ATOM,9522,NZ,LYS,D,170,1.0,89.44,,1.8,0.0
9523,ATOM,9523,C,LYS,D,170,1.0,89.44,,1.8,0.0
9524,ATOM,9524,O,LYS,D,170,1.0,89.44,,1.8,0.0
9525,ATOM,9525,N,GLN,D,171,1.0,50.4,,1.8,0.0
9526,ATOM,9526,CA,GLN,D,171,1.0,50.4,,1.8,0.0
9527,ATOM,9527,CB,GLN,D,171,1.0,50.4,,1.8,0.0
9528,ATOM,9528,CG,GLN,D,171,1.0,50.4,,1.8,0.0
9529,ATOM,9529,CD,GLN,D,171,1.0,50.4,,1.8,0.0
9530,ATOM,9530,OE1,GLN,D,171,1.0,50.4,,1.8,0.0
9531,ATOM,9531,NE2,GLN,D,171,1.0,50.4,,1.8,0.0
9532,ATOM,9532,C,GLN,D,171,1.0,50.4,,1.8,0.0
9533,ATOM,9533,O,GLN,D,171,1.0,50.4,,1.8,0.0
9534,ATOM,9534,N,LEU,D,172,1.0,58.32,,1.8,0.0
9535,ATOM,9535,CA,LEU,D,172,1.0,58.32,,1.8,0.0
9536,ATOM,9536,CB,LEU,D,172,1.0,58.32,,1.8,0.0
9537,ATOM,9537,CG,LEU,D,172,1.0,58.32,,1.8,0.0
9538,ATOM,9538,CD1,LEU,D,172,1.0,58.32,,1.8,0.0
9539,ATOM,9539,CD2,LEU,D,172,1.0,58.32,,1.8,0.0
9540,ATOM,9540,C,LEU,D,172,1.0,58.32,,1.8,0.0
9541,ATOM,9541,O,LEU,D,172,1.0,58.32,,1.8,0.0
9542,ATOM,9542,N,ALA,D,173,1.0,30.56,,1.8,0.0
9543,ATOM,9543,CA,ALA,D,173,1.0,30.56,,1.8,0.0
9544,ATOM,9544,CB,ALA,D,173,1.0,30.56,,1.8,0.0
9545,ATOM,9545,C,ALA,D,173,1.0,30.56,,1.8,0.0
9546,ATOM,9546,O,ALA,D,173,1.0,30.56,,1.8,0.0
9547,ATOM,9547,N,ILE,D,174,1.0,124.95,,1.8,0.0
9548,ATOM,9548,CA,ILE,D,174,1.0,124.95,,1.8,0.0
9549,ATOM,9549,CB,ILE,D,174,1.0,124.95,,1.8,0.0
9550,ATOM,9550,CG1,ILE,D,174,1.0,124.95,,1.8,0.0
9551,ATOM,9551,CG2,ILE,D,174,1.0,124.95,,1.8,0.0
9552,ATOM,9552,CD1,ILE,D,174,1.0,124.95,,1.8,0.0
9553,ATOM,9553,C,ILE,D,174,1.0,124.95,,1.8,0.0
9554,ATOM,9554,O,ILE,D,174,1.0,124.95,,1.8,0.0
9555,ATOM,9555,N,PHE,D,175,1.0,64.93,,1.8,0.0
9556,ATOM,9556,CA,PHE,D,175,1.0,64.93,,1.8,0.0
9557,ATOM,9557,CB,PHE,D,175,1.0,64.93,,1.8,0.0
9558,ATOM,9558,CG,PHE,D,175,1.0,64.93,,1.8,0.0
9559,ATOM,9559,CD1,PHE,D,175,1.0,64.93,,1.8,0.0
9560,ATOM,9560,CD2,PHE,D,175,1.0,64.93,,1.8,0.0
9561,ATOM,9561,CE1,PHE,D,175,1.0,64.93,,1.8,0.0
9562,ATOM,9562,CE2,PHE,D,175,1.0,64.93,,1.8,0.0
9563,ATOM,9563,CZ,PHE,D,175,1.0,64.93,,1.8,0.0
9564,ATOM,9564,C,PHE,D,175,1.0,64.93,,1.8,0.0
9565,ATOM,9565,O,PHE,D,175,1.0,64.93,,1.8,0.0
9566,ATOM,9566,N,ASN,D,176,1.0,37.5,,1.8,0.0
9567,ATOM,9567,CA,ASN,D,176,1.0,37.5,,1.8,0.0
9568,ATOM,9568,CB,ASN,D,176,1.0,37.5,,1.8,0.0
9569,ATOM,9569,CG,ASN,D,176,1.0,37.5,,1.8,0.0
9570,ATOM,9570,OD1,ASN,D,176,1.0,37.5,,1.8,0.0
9571,ATOM,9571,ND2,ASN,D,176,1.0,37.5,,1.8,0.0
9572,ATOM,9572,C,ASN,D,176,1.0,37.5,,1.8,0.0
9573,ATOM,9573,O,ASN,D,176,1.0,37.5,,1.8,0.0
9574,ATOM,9574,N,THR,D,177,1.0,107.1,,1.8,0.0
9575,ATOM,9575,CA,THR,D,177,1.0,107.1,,1.8,0.0
9576,ATOM,9576,CB,THR,D,177,1.0,107.1,,1.8,0.0
9577,ATOM,9577,OG1,THR,D,177,1.0,107.1,,1.8,0.0
9578,ATOM,9578,CG2,THR,D,177,1.0,107.1,,1.8,0.0
9579,ATOM,9579,C,THR,D,177,1.0,107.1,,1.8,0.0
9580,ATOM,9580,O,THR,D,177,1.0,107.1,,1.8,0.0
9581,ATOM,9581,N,PHE,D,178,1.0,70.44,,1.8,0.0
9582,ATOM,9582,CA,PHE,D,178,1.0,70.44,,1.8,0.0
9583,ATOM,9583,CB,PHE,D,178,1.0,70.44,,1.8,0.0
9584,ATOM,9584,CG,PHE,D,178,1.0,70.44,,1.8,0.0
9585,ATOM,9585,CD1,PHE,D,178,1.0,70.44,,1.8,0.0
9586,ATOM,9586,CD2,PHE,D,178,1.0,70.44,,1.8,0.0
9587,ATOM,9587,CE1,PHE,D,178,1.0,70.44,,1.8,0.0
9588,ATOM,9588,CE2,PHE,D,178,1.0,70.44,,1.8,0.0
9589,ATOM,9589,CZ,PHE,D,178,1.0,70.44,,1.8,0.0
9590,ATOM,9590,C,PHE,D,178,1.0,70.44,,1.8,0.0
9591,ATOM,9591,O,PHE,D,178,1.0,70.44,,1.8,0.0
9592,ATOM,9592,N,CYS,D,179,1.0,60.3,,1.8,0.0
9593,ATOM,9593,CA,CYS,D,179,1.0,60.3,,1.8,0.0
9594,ATOM,9594,CB,CYS,D,179,1.0,60.3,,1.8,0.0
9595,ATOM,9595,SG,CYS,D,179,1.0,60.3,,1.8,0.0
9596,ATOM,9596,C,CYS,D,179,1.0,60.3,,1.8,0.0
9597,ATOM,9597,O,CYS,D,179,1.0,60.3,,1.8,0.0
9598,ATOM,9598,N,GLU,D,180,1.0,109.19,,1.8,0.0
9599,ATOM,9599,CA,GLU,D,180,1.0,109.19,,1.8,0.0
9600,ATOM,9600,CB,GLU,D,180,1.0,109.19,,1.8,0.0
9601,ATOM,9601,CG,GLU,D,180,1.0,109.19,,1.8,0.0
9602,ATOM,9602,CD,GLU,D,180,1.0,109.19,,1.8,0.0
9603,ATOM,9603,OE1,GLU,D,180,1.0,109.19,,1.8,0.0
9604,ATOM,9604,OE2,GLU,D,180,1.0,109.19,,1.8,0.0
9605,ATOM,9605,C,GLU,D,180,1.0,109.19,,1.8,0.0
9606,ATOM,9606,O,GLU,D,180,1.0,109.19,,1.8,0.0
9607,ATOM,9607,N,GLY,D,181,1.0,30.04,,1.8,0.0
9608,ATOM,9608,CA,GLY,D,181,1.0,30.04,,1.8,0.0
9609,ATOM,9609,C,GLY,D,181,1.0,30.04,,1.8,0.0
9610,ATOM,9610,O,GLY,D,181,1.0,30.04,,1.8,0.0
9611,ATOM,9611,N,LYS,D,182,1.0,151.6,,1.8,0.0
9612,ATOM,9612,CA,LYS,D,182,1.0,151.6,,1.8,0.0
9613,ATOM,9613,CB,LYS,D,182,1.0,151.6,,1.8,0.0
9614,ATOM,9614,CG,LYS,D,182,1.0,151.6,,1.8,0.0
9615,ATOM,9615,CD,LYS,D,182,1.0,151.6,,1.8,0.0
9616,ATOM,9616,CE,LYS,D,182,1.0,151.6,,1.8,0.0
9617,ATOM,9617,NZ,LYS,D,182,1.0,151.6,,1.8,0.0
9618,ATOM,9618,C,LYS,D,182,1.0,151.6,,1.8,0.0
9619,ATOM,9619,O,LYS,D,182,1.0,151.6,,1.8,0.0
9620,ATOM,9620,N,PRO,D,183,1.0,279.31,,1.8,0.0
9621,ATOM,9621,CA,PRO,D,183,1.0,279.31,,1.8,0.0
9622,ATOM,9622,CD,PRO,D,183,1.0,279.31,,1.8,0.0
9623,ATOM,9623,CB,PRO,D,183,1.0,279.31,,1.8,0.0
9624,ATOM,9624,CG,PRO,D,183,1.0,279.31,,1.8,0.0
9625,ATOM,9625,C,PRO,D,183,1.0,279.31,,1.8,0.0
9626,ATOM,9626,O,PRO,D,183,1.0,279.31,,1.8,0.0
9627,ATOM,9627,N,GLY,D,184,1.0,122.38,,1.8,0.0
9628,ATOM,9628,CA,GLY,D,184,1.0,122.38,,1.8,0.0
9629,ATOM,9629,C,GLY,D,184,1.0,122.38,,1.8,0.0
9630,ATOM,9630,O,GLY,D,184,1.0,122.38,,1.8,0.0
9631,ATOM,9631,N,GLN,D,185,1.0,65.44,,1.8,0.0
9632,ATOM,9632,CA,GLN,D,185,1.0,65.44,,1.8,0.0
9633,ATOM,9633,CB,GLN,D,185,1.0,65.44,,1.8,0.0
9634,ATOM,9634,CG,GLN,D,185,1.0,65.44,,1.8,0.0
9635,ATOM,9635,CD,GLN,D,185,1.0,65.44,,1.8,0.0
9636,ATOM,9636,OE1,GLN,D,185,1.0,65.44,,1.8,0.0
9637,ATOM,9637,NE2,GLN,D,185,1.0,65.44,,1.8,0.0
9638,ATOM,9638,C,GLN,D,185,1.0,65.44,,1.8,0.0
9639,ATOM,9639,O,GLN,D,185,1.0,65.44,,1.8,0.0
9640,ATOM,9640,N,ARG,D,186,1.0,92.06,,1.8,0.0
9641,ATOM,9641,CA,ARG,D,186,1.0,92.06,,1.8,0.0
9642,ATOM,9642,CB,ARG,D,186,1.0,92.06,,1.8,0.0
9643,ATOM,9643,CG,ARG,D,186,1.0,92.06,,1.8,0.0
9644,ATOM,9644,CD,ARG,D,186,1.0,92.06,,1.8,0.0
9645,ATOM,9645,NE,ARG,D,186,1.0,92.06,,1.8,0.0
9646,ATOM,9646,CZ,ARG,D,186,1.0,92.06,,1.8,0.0
9647,ATOM,9647,NH1,ARG,D,186,1.0,92.06,,1.8,0.0
9648,ATOM,9648,NH2,ARG,D,186,1.0,92.06,,1.8,0.0
9649,ATOM,9649,C,ARG,D,186,1.0,92.06,,1.8,0.0
9650,ATOM,9650,O,ARG,D,186,1.0,92.06,,1.8,0.0
9651,ATOM,9651,N,SER,D,187,1.0,143.45,,1.8,0.0
9652,ATOM,9652,CA,SER,D,187,1.0,143.45,,1.8,0.0
9653,ATOM,9653,CB,SER,D,187,1.0,143.45,,1.8,0.0
9654,ATOM,9654,OG,SER,D,187,1.0,143.45,,1.8,0.0
9655,ATOM,9655,C,SER,D,187,1.0,143.45,,1.8,0.0
9656,ATOM,9656,O,SER,D,187,1.0,143.45,,1.8,0.0
9657,ATOM,9657,N,ILE,D,188,1.0,125.46,,1.8,0.0
9658,ATOM,9658,CA,ILE,D,188,1.0,125.46,,1.8,0.0
9659,ATOM,9659,CB,ILE,D,188,1.0,125.46,,1.8,0.0
9660,ATOM,9660,CG1,ILE,D,188,1.0,125.46,,1.8,0.0
9661,ATOM,9661,CG2,ILE,D,188,1.0,125.46,,1.8,0.0
9662,ATOM,9662,CD1,ILE,D,188,1.0,125.46,,1.8,0.0
9663,ATOM,9663,C,ILE,D,188,1.0,125.46,,1.8,0.0
9664,ATOM,9664,O,ILE,D,188,1.0,125.46,,1.8,0.0
9665,ATOM,9665,N,ALA,D,189,1.0,77.65,,1.8,0.0
9666,ATOM,9666,CA,ALA,D,189,1.0,77.65,,1.8,0.0
9667,ATOM,9667,CB,ALA,D,189,1.0,77.65,,1.8,0.0
9668,ATOM,9668,C,ALA,D,189,1.0,77.65,,1.8,0.0
9669,ATOM,9669,O,ALA,D,189,1.0,77.65,,1.8,0.0
9670,ATOM,9670,N,ALA,D,190,1.0,94.74,,1.8,0.0
9671,ATOM,9671,CA,ALA,D,190,1.0,94.74,,1.8,0.0
9672,ATOM,9672,CB,ALA,D,190,1.0,94.74,,1.8,0.0
9673,ATOM,9673,C,ALA,D,190,1.0,94.74,,1.8,0.0
9674,ATOM,9674,O,ALA,D,190,1.0,94.74,,1.8,0.0
9675,ATOM,9675,N,SER,D,191,1.0,277.59,,1.8,0.0
9676,ATOM,9676,CA,SER,D,191,1.0,277.59,,1.8,0.0
9677,ATOM,9677,CB,SER,D,191,1.0,277.59,,1.8,0.0
9678,ATOM,9678,OG,SER,D,191,1.0,277.59,,1.8,0.0
9679,ATOM,9679,C,SER,D,191,1.0,277.59,,1.8,0.0
9680,ATOM,9680,O,SER,D,191,1.0,277.59,,1.8,0.0
9681,ATOM,9681,N,GLY,D,192,1.0,255.45,,1.8,0.0
9682,ATOM,9682,CA,GLY,D,192,1.0,255.45,,1.8,0.0
9683,ATOM,9683,C,GLY,D,192,1.0,255.45,,1.8,0.0
9684,ATOM,9684,O,GLY,D,192,1.0,255.45,,1.8,0.0
9685,ATOM,9685,N,GLY,D,193,1.0,66.59,,1.8,0.0
9686,ATOM,9686,CA,GLY,D,193,1.0,66.59,,1.8,0.0
9687,ATOM,9687,C,GLY,D,193,1.0,66.59,,1.8,0.0
9688,ATOM,9688,O,GLY,D,193,1.0,66.59,,1.8,0.0
9689,ATOM,9689,N,ILE,D,194,1.0,58.77,,1.8,0.0
9690,ATOM,9690,CA,ILE,D,194,1.0,58.77,,1.8,0.0
9691,ATOM,9691,CB,ILE,D,194,1.0,58.77,,1.8,0.0
9692,ATOM,9692,CG1,ILE,D,194,1.0,58.77,,1.8,0.0
9693,ATOM,9693,CG2,ILE,D,194,1.0,58.77,,1.8,0.0
9694,ATOM,9694,CD1,ILE,D,194,1.0,58.77,,1.8,0.0
9695,ATOM,9695,C,ILE,D,194,1.0,58.77,,1.8,0.0
9696,ATOM,9696,O,ILE,D,194,1.0,58.77,,1.8,0.0
9697,ATOM,9697,N,LEU,D,195,1.0,93.14,,1.8,0.0
9698,ATOM,9698,CA,LEU,D,195,1.0,93.14,,1.8,0.0
9699,ATOM,9699,CB,LEU,D,195,1.0,93.14,,1.8,0.0
9700,ATOM,9700,CG,LEU,D,195,1.0,93.14,,1.8,0.0
9701,ATOM,9701,CD1,LEU,D,195,1.0,93.14,,1.8,0.0
9702,ATOM,9702,CD2,LEU,D,195,1.0,93.14,,1.8,0.0
9703,ATOM,9703,C,LEU,D,195,1.0,93.14,,1.8,0.0
9704,ATOM,9704,O,LEU,D,195,1.0,93.14,,1.8,0.0
9705,ATOM,9705,N,LEU,D,196,1.0,150.1,,1.8,0.0
9706,ATOM,9706,CA,LEU,D,196,1.0,150.1,,1.8,0.0
9707,ATOM,9707,CB,LEU,D,196,1.0,150.1,,1.8,0.0
9708,ATOM,9708,CG,LEU,D,196,1.0,150.1,,1.8,0.0
9709,ATOM,9709,CD1,LEU,D,196,1.0,150.1,,1.8,0.0
9710,ATOM,9710,CD2,LEU,D,196,1.0,150.1,,1.8,0.0
9711,ATOM,9711,C,LEU,D,196,1.0,150.1,,1.8,0.0
9712,ATOM,9712,O,LEU,D,196,1.0,150.1,,1.8,0.0
9713,ATOM,9713,N,TRP,D,197,1.0,122.38,,1.8,0.0
9714,ATOM,9714,CA,TRP,D,197,1.0,122.38,,1.8,0.0
9715,ATOM,9715,CB,TRP,D,197,1.0,122.38,,1.8,0.0
9716,ATOM,9716,CG,TRP,D,197,1.0,122.38,,1.8,0.0
9717,ATOM,9717,CD2,TRP,D,197,1.0,122.38,,1.8,0.0
9718,ATOM,9718,CD1,TRP,D,197,1.0,122.38,,1.8,0.0
9719,ATOM,9719,NE1,TRP,D,197,1.0,122.38,,1.8,0.0
9720,ATOM,9720,CE2,TRP,D,197,1.0,122.38,,1.8,0.0
9721,ATOM,9721,CE3,TRP,D,197,1.0,122.38,,1.8,0.0
9722,ATOM,9722,CZ2,TRP,D,197,1.0,122.38,,1.8,0.0
9723,ATOM,9723,CZ3,TRP,D,197,1.0,122.38,,1.8,0.0
9724,ATOM,9724,CH2,TRP,D,197,1.0,122.38,,1.8,0.0
9725,ATOM,9725,C,TRP,D,197,1.0,122.38,,1.8,0.0
9726,ATOM,9726,O,TRP,D,197,1.0,122.38,,1.8,0.0
9727,ATOM,9727,N,PRO,D,198,1.0,74.92,,1.8,0.0
9728,ATOM,9728,CA,PRO,D,198,1.0,74.92,,1.8,0.0
9729,ATOM,9729,CD,PRO,D,198,1.0,74.92,,1.8,0.0
9730,ATOM,9730,CB,PRO,D,198,1.0,74.92,,1.8,0.0
9731,ATOM,9731,CG,PRO,D,198,1.0,74.92,,1.8,0.0
9732,ATOM,9732,C,PRO,D,198,1.0,74.92,,1.8,0.0
9733,ATOM,9733,O,PRO,D,198,1.0,74.92,,1.8,0.0
9734,ATOM,9734,N,GLN,D,199,1.0,92.18,,1.8,0.0
9735,ATOM,9735,CA,GLN,D,199,1.0,92.18,,1.8,0.0
9736,ATOM,9736,CB,GLN,D,199,1.0,92.18,,1.8,0.0
9737,ATOM,9737,CG,GLN,D,199,1.0,92.18,,1.8,0.0
9738,ATOM,9738,CD,GLN,D,199,1.0,92.18,,1.8,0.0
9739,ATOM,9739,OE1,GLN,D,199,1.0,92.18,,1.8,0.0
9740,ATOM,9740,NE2,GLN,D,199,1.0,92.18,,1.8,0.0
9741,ATOM,9741,C,GLN,D,199,1.0,92.18,,1.8,0.0
9742,ATOM,9742,O,GLN,D,199,1.0,92.18,,1.8,0.0
9743,ATOM,9743,N,SER,D,200,1.0,85.39,,1.8,0.0
9744,ATOM,9744,CA,SER,D,200,1.0,85.39,,1.8,0.0
9745,ATOM,9745,CB,SER,D,200,1.0,85.39,,1.8,0.0
9746,ATOM,9746,OG,SER,D,200,1.0,85.39,,1.8,0.0
9747,ATOM,9747,C,SER,D,200,1.0,85.39,,1.8,0.0
9748,ATOM,9748,O,SER,D,200,1.0,85.39,,1.8,0.0
9749,ATOM,9749,N,HIS,D,201,1.0,87.39,,1.8,0.0
9750,ATOM,9750,CA,HIS,D,201,1.0,87.39,,1.8,0.0
9751,ATOM,9751,ND1,HIS,D,201,1.0,87.39,,1.8,0.0
9752,ATOM,9752,CG,HIS,D,201,1.0,87.39,,1.8,0.0
9753,ATOM,9753,CB,HIS,D,201,1.0,87.39,,1.8,0.0
9754,ATOM,9754,NE2,HIS,D,201,1.0,87.39,,1.8,0.0
9755,ATOM,9755,CD2,HIS,D,201,1.0,87.39,,1.8,0.0
9756,ATOM,9756,CE1,HIS,D,201,1.0,87.39,,1.8,0.0
9757,ATOM,9757,C,HIS,D,201,1.0,87.39,,1.8,0.0
9758,ATOM,9758,O,HIS,D,201,1.0,87.39,,1.8,0.0
9759,ATOM,9759,N,PHE,D,202,1.0,108.55,,1.8,0.0
9760,ATOM,9760,CA,PHE,D,202,1.0,108.55,,1.8,0.0
9761,ATOM,9761,CB,PHE,D,202,1.0,108.55,,1.8,0.0
9762,ATOM,9762,CG,PHE,D,202,1.0,108.55,,1.8,0.0
9763,ATOM,9763,CD1,PHE,D,202,1.0,108.55,,1.8,0.0
9764,ATOM,9764,CD2,PHE,D,202,1.0,108.55,,1.8,0.0
9765,ATOM,9765,CE1,PHE,D,202,1.0,108.55,,1.8,0.0
9766,ATOM,9766,CE2,PHE,D,202,1.0,108.55,,1.8,0.0
9767,ATOM,9767,CZ,PHE,D,202,1.0,108.55,,1.8,0.0
9768,ATOM,9768,C,PHE,D,202,1.0,108.55,,1.8,0.0
9769,ATOM,9769,O,PHE,D,202,1.0,108.55,,1.8,0.0
9770,ATOM,9770,N,ASP,D,203,1.0,131.36,,1.8,0.0
9771,ATOM,9771,CA,ASP,D,203,1.0,131.36,,1.8,0.0
9772,ATOM,9772,CB,ASP,D,203,1.0,131.36,,1.8,0.0
9773,ATOM,9773,CG,ASP,D,203,1.0,131.36,,1.8,0.0
9774,ATOM,9774,OD1,ASP,D,203,1.0,131.36,,1.8,0.0
9775,ATOM,9775,OD2,ASP,D,203,1.0,131.36,,1.8,0.0
9776,ATOM,9776,C,ASP,D,203,1.0,131.36,,1.8,0.0
9777,ATOM,9777,O,ASP,D,203,1.0,131.36,,1.8,0.0
9778,ATOM,9778,N,TRP,D,204,1.0,94.71,,1.8,0.0
9779,ATOM,9779,CA,TRP,D,204,1.0,94.71,,1.8,0.0
9780,ATOM,9780,CB,TRP,D,204,1.0,94.71,,1.8,0.0
9781,ATOM,9781,CG,TRP,D,204,1.0,94.71,,1.8,0.0
9782,ATOM,9782,CD2,TRP,D,204,1.0,94.71,,1.8,0.0
9783,ATOM,9783,CD1,TRP,D,204,1.0,94.71,,1.8,0.0
9784,ATOM,9784,NE1,TRP,D,204,1.0,94.71,,1.8,0.0
9785,ATOM,9785,CE2,TRP,D,204,1.0,94.71,,1.8,0.0
9786,ATOM,9786,CE3,TRP,D,204,1.0,94.71,,1.8,0.0
9787,ATOM,9787,CZ2,TRP,D,204,1.0,94.71,,1.8,0.0
9788,ATOM,9788,CZ3,TRP,D,204,1.0,94.71,,1.8,0.0
9789,ATOM,9789,CH2,TRP,D,204,1.0,94.71,,1.8,0.0
9790,ATOM,9790,C,TRP,D,204,1.0,94.71,,1.8,0.0
9791,ATOM,9791,O,TRP,D,204,1.0,94.71,,1.8,0.0
9792,ATOM,9792,N,VAL,D,205,1.0,53.96,,1.8,0.0
9793,ATOM,9793,CA,VAL,D,205,1.0,53.96,,1.8,0.0
9794,ATOM,9794,CB,VAL,D,205,1.0,53.96,,1.8,0.0
9795,ATOM,9795,CG1,VAL,D,205,1.0,53.96,,1.8,0.0
9796,ATOM,9796,CG2,VAL,D,205,1.0,53.96,,1.8,0.0
9797,ATOM,9797,C,VAL,D,205,1.0,53.96,,1.8,0.0
9798,ATOM,9798,O,VAL,D,205,1.0,53.96,,1.8,0.0
9799,ATOM,9799,N,ARG,D,206,1.0,86.05,,1.8,0.0
9800,ATOM,9800,CA,ARG,D,206,1.0,86.05,,1.8,0.0
9801,ATOM,9801,CB,ARG,D,206,1.0,86.05,,1.8,0.0
9802,ATOM,9802,CG,ARG,D,206,1.0,86.05,,1.8,0.0
9803,ATOM,9803,CD,ARG,D,206,1.0,86.05,,1.8,0.0
9804,ATOM,9804,NE,ARG,D,206,1.0,86.05,,1.8,0.0
9805,ATOM,9805,CZ,ARG,D,206,1.0,86.05,,1.8,0.0
9806,ATOM,9806,NH1,ARG,D,206,1.0,86.05,,1.8,0.0
9807,ATOM,9807,NH2,ARG,D,206,1.0,86.05,,1.8,0.0
9808,ATOM,9808,C,ARG,D,206,1.0,86.05,,1.8,0.0
9809,ATOM,9809,O,ARG,D,206,1.0,86.05,,1.8,0.0
9810,ATOM,9810,N,PRO,D,207,1.0,127.97,,1.8,0.0
9811,ATOM,9811,CA,PRO,D,207,1.0,127.97,,1.8,0.0
9812,ATOM,9812,CD,PRO,D,207,1.0,127.97,,1.8,0.0
9813,ATOM,9813,CB,PRO,D,207,1.0,127.97,,1.8,0.0
9814,ATOM,9814,CG,PRO,D,207,1.0,127.97,,1.8,0.0
9815,ATOM,9815,C,PRO,D,207,1.0,127.97,,1.8,0.0
9816,ATOM,9816,O,PRO,D,207,1.0,127.97,,1.8,0.0
9817,ATOM,9817,N,GLY,D,208,1.0,182.91,,1.8,0.0
9818,ATOM,9818,CA,GLY,D,208,1.0,182.91,,1.8,0.0
9819,ATOM,9819,C,GLY,D,208,1.0,182.91,,1.8,0.0
9820,ATOM,9820,O,GLY,D,208,1.0,182.91,,1.8,0.0
9821,ATOM,9821,N,ILE,D,209,1.0,90.61,,1.8,0.0
9822,ATOM,9822,CA,ILE,D,209,1.0,90.61,,1.8,0.0
9823,ATOM,9823,CB,ILE,D,209,1.0,90.61,,1.8,0.0
9824,ATOM,9824,CG1,ILE,D,209,1.0,90.61,,1.8,0.0
9825,ATOM,9825,CG2,ILE,D,209,1.0,90.61,,1.8,0.0
9826,ATOM,9826,CD1,ILE,D,209,1.0,90.61,,1.8,0.0
9827,ATOM,9827,C,ILE,D,209,1.0,90.61,,1.8,0.0
9828,ATOM,9828,O,ILE,D,209,1.0,90.61,,1.8,0.0
9829,ATOM,9829,N,ILE,D,210,1.0,109.14,,1.8,0.0
9830,ATOM,9830,CA,ILE,D,210,1.0,109.14,,1.8,0.0
9831,ATOM,9831,CB,ILE,D,210,1.0,109.14,,1.8,0.0
9832,ATOM,9832,CG1,ILE,D,210,1.0,109.14,,1.8,0.0
9833,ATOM,9833,CG2,ILE,D,210,1.0,109.14,,1.8,0.0
9834,ATOM,9834,CD1,ILE,D,210,1.0,109.14,,1.8,0.0
9835,ATOM,9835,C,ILE,D,210,1.0,109.14,,1.8,0.0
9836,ATOM,9836,O,ILE,D,210,1.0,109.14,,1.8,0.0
9837,ATOM,9837,N,LEU,D,211,1.0,143.22,,1.8,0.0
9838,ATOM,9838,CA,LEU,D,211,1.0,143.22,,1.8,0.0
9839,ATOM,9839,CB,LEU,D,211,1.0,143.22,,1.8,0.0
9840,ATOM,9840,CG,LEU,D,211,1.0,143.22,,1.8,0.0
9841,ATOM,9841,CD1,LEU,D,211,1.0,143.22,,1.8,0.0
9842,ATOM,9842,CD2,LEU,D,211,1.0,143.22,,1.8,0.0
9843,ATOM,9843,C,LEU,D,211,1.0,143.22,,1.8,0.0
9844,ATOM,9844,O,LEU,D,211,1.0,143.22,,1.8,0.0
9845,ATOM,9845,N,TYR,D,212,1.0,131.4,,1.8,0.0
9846,ATOM,9846,CA,TYR,D,212,1.0,131.4,,1.8,0.0
9847,ATOM,9847,CB,TYR,D,212,1.0,131.4,,1.8,0.0
9848,ATOM,9848,CG,TYR,D,212,1.0,131.4,,1.8,0.0
9849,ATOM,9849,CD1,TYR,D,212,1.0,131.4,,1.8,0.0
9850,ATOM,9850,CD2,TYR,D,212,1.0,131.4,,1.8,0.0
9851,ATOM,9851,CE1,TYR,D,212,1.0,131.4,,1.8,0.0
9852,ATOM,9852,CE2,TYR,D,212,1.0,131.4,,1.8,0.0
9853,ATOM,9853,CZ,TYR,D,212,1.0,131.4,,1.8,0.0
9854,ATOM,9854,OH,TYR,D,212,1.0,131.4,,1.8,0.0
9855,ATOM,9855,C,TYR,D,212,1.0,131.4,,1.8,0.0
9856,ATOM,9856,O,TYR,D,212,1.0,131.4,,1.8,0.0
9857,ATOM,9857,N,GLY,D,213,1.0,44.73,,1.8,0.0
9858,ATOM,9858,CA,GLY,D,213,1.0,44.73,,1.8,0.0
9859,ATOM,9859,C,GLY,D,213,1.0,44.73,,1.8,0.0
9860,ATOM,9860,O,GLY,D,213,1.0,44.73,,1.8,0.0
9861,ATOM,9861,N,VAL,D,214,1.0,56.3,,1.8,0.0
9862,ATOM,9862,CA,VAL,D,214,1.0,56.3,,1.8,0.0
9863,ATOM,9863,CB,VAL,D,214,1.0,56.3,,1.8,0.0
9864,ATOM,9864,CG1,VAL,D,214,1.0,56.3,,1.8,0.0
9865,ATOM,9865,CG2,VAL,D,214,1.0,56.3,,1.8,0.0
9866,ATOM,9866,C,VAL,D,214,1.0,56.3,,1.8,0.0
9867,ATOM,9867,O,VAL,D,214,1.0,56.3,,1.8,0.0
9868,ATOM,9868,N,SER,D,215,1.0,99.42,,1.8,0.0
9869,ATOM,9869,CA,SER,D,215,1.0,99.42,,1.8,0.0
9870,ATOM,9870,CB,SER,D,215,1.0,99.42,,1.8,0.0
9871,ATOM,9871,OG,SER,D,215,1.0,99.42,,1.8,0.0
9872,ATOM,9872,C,SER,D,215,1.0,99.42,,1.8,0.0
9873,ATOM,9873,O,SER,D,215,1.0,99.42,,1.8,0.0
9874,ATOM,9874,N,PRO,D,216,1.0,90.57,,1.8,0.0
9875,ATOM,9875,CA,PRO,D,216,1.0,90.57,,1.8,0.0
9876,ATOM,9876,CD,PRO,D,216,1.0,90.57,,1.8,0.0
9877,ATOM,9877,CB,PRO,D,216,1.0,90.57,,1.8,0.0
9878,ATOM,9878,CG,PRO,D,216,1.0,90.57,,1.8,0.0
9879,ATOM,9879,C,PRO,D,216,1.0,90.57,,1.8,0.0
9880,ATOM,9880,O,PRO,D,216,1.0,90.57,,1.8,0.0
9881,ATOM,9881,N,LEU,D,217,1.0,68.75,,1.8,0.0
9882,ATOM,9882,CA,LEU,D,217,1.0,68.75,,1.8,0.0
9883,ATOM,9883,CB,LEU,D,217,1.0,68.75,,1.8,0.0
9884,ATOM,9884,CG,LEU,D,217,1.0,68.75,,1.8,0.0
9885,ATOM,9885,CD1,LEU,D,217,1.0,68.75,,1.8,0.0
9886,ATOM,9886,CD2,LEU,D,217,1.0,68.75,,1.8,0.0
9887,ATOM,9887,C,LEU,D,217,1.0,68.75,,1.8,0.0
9888,ATOM,9888,O,LEU,D,217,1.0,68.75,,1.8,0.0
9889,ATOM,9889,N,GLU,D,218,1.0,106.87,,1.8,0.0
9890,ATOM,9890,CA,GLU,D,218,1.0,106.87,,1.8,0.0
9891,ATOM,9891,CB,GLU,D,218,1.0,106.87,,1.8,0.0
9892,ATOM,9892,CG,GLU,D,218,1.0,106.87,,1.8,0.0
9893,ATOM,9893,CD,GLU,D,218,1.0,106.87,,1.8,0.0
9894,ATOM,9894,OE1,GLU,D,218,1.0,106.87,,1.8,0.0
9895,ATOM,9895,OE2,GLU,D,218,1.0,106.87,,1.8,0.0
9896,ATOM,9896,C,GLU,D,218,1.0,106.87,,1.8,0.0
9897,ATOM,9897,O,GLU,D,218,1.0,106.87,,1.8,0.0
9898,ATOM,9898,N,ASP,D,219,1.0,130.42,,1.8,0.0
9899,ATOM,9899,CA,ASP,D,219,1.0,130.42,,1.8,0.0
9900,ATOM,9900,CB,ASP,D,219,1.0,130.42,,1.8,0.0
9901,ATOM,9901,CG,ASP,D,219,1.0,130.42,,1.8,0.0
9902,ATOM,9902,OD1,ASP,D,219,1.0,130.42,,1.8,0.0
9903,ATOM,9903,OD2,ASP,D,219,1.0,130.42,,1.8,0.0
9904,ATOM,9904,C,ASP,D,219,1.0,130.42,,1.8,0.0
9905,ATOM,9905,O,ASP,D,219,1.0,130.42,,1.8,0.0
9906,ATOM,9906,N,ARG,D,220,1.0,140.43,,1.8,0.0
9907,ATOM,9907,CA,ARG,D,220,1.0,140.43,,1.8,0.0
9908,ATOM,9908,CB,ARG,D,220,1.0,140.43,,1.8,0.0
9909,ATOM,9909,CG,ARG,D,220,1.0,140.43,,1.8,0.0
9910,ATOM,9910,CD,ARG,D,220,1.0,140.43,,1.8,0.0
9911,ATOM,9911,NE,ARG,D,220,1.0,140.43,,1.8,0.0
9912,ATOM,9912,CZ,ARG,D,220,1.0,140.43,,1.8,0.0
9913,ATOM,9913,NH1,ARG,D,220,1.0,140.43,,1.8,0.0
9914,ATOM,9914,NH2,ARG,D,220,1.0,140.43,,1.8,0.0
9915,ATOM,9915,C,ARG,D,220,1.0,140.43,,1.8,0.0
9916,ATOM,9916,O,ARG,D,220,1.0,140.43,,1.8,0.0
9917,ATOM,9917,N,SER,D,221,1.0,56.19,,1.8,0.0
9918,ATOM,9918,CA,SER,D,221,1.0,56.19,,1.8,0.0
9919,ATOM,9919,CB,SER,D,221,1.0,56.19,,1.8,0.0
9920,ATOM,9920,OG,SER,D,221,1.0,56.19,,1.8,0.0
9921,ATOM,9921,C,SER,D,221,1.0,56.19,,1.8,0.0
9922,ATOM,9922,O,SER,D,221,1.0,56.19,,1.8,0.0
9923,ATOM,9923,N,THR,D,222,1.0,118.75,,1.8,0.0
9924,ATOM,9924,CA,THR,D,222,1.0,118.75,,1.8,0.0
9925,ATOM,9925,CB,THR,D,222,1.0,118.75,,1.8,0.0
9926,ATOM,9926,OG1,THR,D,222,1.0,118.75,,1.8,0.0
9927,ATOM,9927,CG2,THR,D,222,1.0,118.75,,1.8,0.0
9928,ATOM,9928,C,THR,D,222,1.0,118.75,,1.8,0.0
9929,ATOM,9929,O,THR,D,222,1.0,118.75,,1.8,0.0
9930,ATOM,9930,N,GLY,D,223,1.0,36.31,,1.8,0.0
9931,ATOM,9931,CA,GLY,D,223,1.0,36.31,,1.8,0.0
9932,ATOM,9932,C,GLY,D,223,1.0,36.31,,1.8,0.0
9933,ATOM,9933,O,GLY,D,223,1.0,36.31,,1.8,0.0
9934,ATOM,9934,N,ALA,D,224,1.0,53.0,,1.8,0.0
9935,ATOM,9935,CA,ALA,D,224,1.0,53.0,,1.8,0.0
9936,ATOM,9936,CB,ALA,D,224,1.0,53.0,,1.8,0.0
9937,ATOM,9937,C,ALA,D,224,1.0,53.0,,1.8,0.0
9938,ATOM,9938,O,ALA,D,224,1.0,53.0,,1.8,0.0
9939,ATOM,9939,N,ASP,D,225,1.0,49.62,,1.8,0.0
9940,ATOM,9940,CA,ASP,D,225,1.0,49.62,,1.8,0.0
9941,ATOM,9941,CB,ASP,D,225,1.0,49.62,,1.8,0.0
9942,ATOM,9942,CG,ASP,D,225,1.0,49.62,,1.8,0.0
9943,ATOM,9943,OD1,ASP,D,225,1.0,49.62,,1.8,0.0
9944,ATOM,9944,OD2,ASP,D,225,1.0,49.62,,1.8,0.0
9945,ATOM,9945,C,ASP,D,225,1.0,49.62,,1.8,0.0
9946,ATOM,9946,O,ASP,D,225,1.0,49.62,,1.8,0.0
9947,ATOM,9947,N,PHE,D,226,1.0,113.39,,1.8,0.0
9948,ATOM,9948,CA,PHE,D,226,1.0,113.39,,1.8,0.0
9949,ATOM,9949,CB,PHE,D,226,1.0,113.39,,1.8,0.0
9950,ATOM,9950,CG,PHE,D,226,1.0,113.39,,1.8,0.0
9951,ATOM,9951,CD1,PHE,D,226,1.0,113.39,,1.8,0.0
9952,ATOM,9952,CD2,PHE,D,226,1.0,113.39,,1.8,0.0
9953,ATOM,9953,CE1,PHE,D,226,1.0,113.39,,1.8,0.0
9954,ATOM,9954,CE2,PHE,D,226,1.0,113.39,,1.8,0.0
9955,ATOM,9955,CZ,PHE,D,226,1.0,113.39,,1.8,0.0
9956,ATOM,9956,C,PHE,D,226,1.0,113.39,,1.8,0.0
9957,ATOM,9957,O,PHE,D,226,1.0,113.39,,1.8,0.0
9958,ATOM,9958,N,GLY,D,227,1.0,35.58,,1.8,0.0
9959,ATOM,9959,CA,GLY,D,227,1.0,35.58,,1.8,0.0
9960,ATOM,9960,C,GLY,D,227,1.0,35.58,,1.8,0.0
9961,ATOM,9961,O,GLY,D,227,1.0,35.58,,1.8,0.0
9962,ATOM,9962,N,CYS,D,228,1.0,44.86,,1.8,0.0
9963,ATOM,9963,CA,CYS,D,228,1.0,44.86,,1.8,0.0
9964,ATOM,9964,CB,CYS,D,228,1.0,44.86,,1.8,0.0
9965,ATOM,9965,SG,CYS,D,228,1.0,44.86,,1.8,0.0
9966,ATOM,9966,C,CYS,D,228,1.0,44.86,,1.8,0.0
9967,ATOM,9967,O,CYS,D,228,1.0,44.86,,1.8,0.0
9968,ATOM,9968,N,GLN,D,229,1.0,73.22,,1.8,0.0
9969,ATOM,9969,CA,GLN,D,229,1.0,73.22,,1.8,0.0
9970,ATOM,9970,CB,GLN,D,229,1.0,73.22,,1.8,0.0
9971,ATOM,9971,CG,GLN,D,229,1.0,73.22,,1.8,0.0
9972,ATOM,9972,CD,GLN,D,229,1.0,73.22,,1.8,0.0
9973,ATOM,9973,OE1,GLN,D,229,1.0,73.22,,1.8,0.0
9974,ATOM,9974,NE2,GLN,D,229,1.0,73.22,,1.8,0.0
9975,ATOM,9975,C,GLN,D,229,1.0,73.22,,1.8,0.0
9976,ATOM,9976,O,GLN,D,229,1.0,73.22,,1.8,0.0
9977,ATOM,9977,N,PRO,D,230,1.0,79.91,,1.8,0.0
9978,ATOM,9978,CA,PRO,D,230,1.0,79.91,,1.8,0.0
9979,ATOM,9979,CD,PRO,D,230,1.0,79.91,,1.8,0.0
9980,ATOM,9980,CB,PRO,D,230,1.0,79.91,,1.8,0.0
9981,ATOM,9981,CG,PRO,D,230,1.0,79.91,,1.8,0.0
9982,ATOM,9982,C,PRO,D,230,1.0,79.91,,1.8,0.0
9983,ATOM,9983,O,PRO,D,230,1.0,79.91,,1.8,0.0
9984,ATOM,9984,N,VAL,D,231,1.0,72.8,,1.8,0.0
9985,ATOM,9985,CA,VAL,D,231,1.0,72.8,,1.8,0.0
9986,ATOM,9986,CB,VAL,D,231,1.0,72.8,,1.8,0.0
9987,ATOM,9987,CG1,VAL,D,231,1.0,72.8,,1.8,0.0
9988,ATOM,9988,CG2,VAL,D,231,1.0,72.8,,1.8,0.0
9989,ATOM,9989,C,VAL,D,231,1.0,72.8,,1.8,0.0
9990,ATOM,9990,O,VAL,D,231,1.0,72.8,,1.8,0.0
9991,ATOM,9991,N,MET,D,232,1.0,74.52,,1.8,0.0
9992,ATOM,9992,CA,MET,D,232,1.0,74.52,,1.8,0.0
9993,ATOM,9993,CB,MET,D,232,1.0,74.52,,1.8,0.0
9994,ATOM,9994,CG,MET,D,232,1.0,74.52,,1.8,0.0
9995,ATOM,9995,SD,MET,D,232,1.0,74.52,,1.8,0.0
9996,ATOM,9996,CE,MET,D,232,1.0,74.52,,1.8,0.0
9997,ATOM,9997,C,MET,D,232,1.0,74.52,,1.8,0.0
9998,ATOM,9998,O,MET,D,232,1.0,74.52,,1.8,0.0
9999,ATOM,9999,N,SER,D,233,1.0,47.97,,1.8,0.0
10000,ATOM,10000,CA,SER,D,233,1.0,47.97,,1.8,0.0
10001,ATOM,10001,CB,SER,D,233,1.0,47.97,,1.8,0.0
10002,ATOM,10002,OG,SER,D,233,1.0,47.97,,1.8,0.0
10003,ATOM,10003,C,SER,D,233,1.0,47.97,,1.8,0.0
10004,ATOM,10004,O,SER,D,233,1.0,47.97,,1.8,0.0
10005,ATOM,10005,N,LEU,D,234,1.0,65.81,,1.8,0.0
10006,ATOM,10006,CA,LEU,D,234,1.0,65.81,,1.8,0.0
10007,ATOM,10007,CB,LEU,D,234,1.0,65.81,,1.8,0.0
10008,ATOM,10008,CG,LEU,D,234,1.0,65.81,,1.8,0.0
10009,ATOM,10009,CD1,LEU,D,234,1.0,65.81,,1.8,0.0
10010,ATOM,10010,CD2,LEU,D,234,1.0,65.81,,1.8,0.0
10011,ATOM,10011,C,LEU,D,234,1.0,65.81,,1.8,0.0
10012,ATOM,10012,O,LEU,D,234,1.0,65.81,,1.8,0.0
10013,ATOM,10013,N,THR,D,235,1.0,54.02,,1.8,0.0
10014,ATOM,10014,CA,THR,D,235,1.0,54.02,,1.8,0.0
10015,ATOM,10015,CB,THR,D,235,1.0,54.02,,1.8,0.0
10016,ATOM,10016,OG1,THR,D,235,1.0,54.02,,1.8,0.0
10017,ATOM,10017,CG2,THR,D,235,1.0,54.02,,1.8,0.0
10018,ATOM,10018,C,THR,D,235,1.0,54.02,,1.8,0.0
10019,ATOM,10019,O,THR,D,235,1.0,54.02,,1.8,0.0
10020,ATOM,10020,N,SER,D,236,1.0,95.88,,1.8,0.0
10021,ATOM,10021,CA,SER,D,236,1.0,95.88,,1.8,0.0
10022,ATOM,10022,CB,SER,D,236,1.0,95.88,,1.8,0.0
10023,ATOM,10023,OG,SER,D,236,1.0,95.88,,1.8,0.0
10024,ATOM,10024,C,SER,D,236,1.0,95.88,,1.8,0.0
10025,ATOM,10025,O,SER,D,236,1.0,95.88,,1.8,0.0
10026,ATOM,10026,N,SER,D,237,1.0,84.31,,1.8,0.0
10027,ATOM,10027,CA,SER,D,237,1.0,84.31,,1.8,0.0
10028,ATOM,10028,CB,SER,D,237,1.0,84.31,,1.8,0.0
10029,ATOM,10029,OG,SER,D,237,1.0,84.31,,1.8,0.0
10030,ATOM,10030,C,SER,D,237,1.0,84.31,,1.8,0.0
10031,ATOM,10031,O,SER,D,237,1.0,84.31,,1.8,0.0
10032,ATOM,10032,N,LEU,D,238,1.0,66.91,,1.8,0.0
10033,ATOM,10033,CA,LEU,D,238,1.0,66.91,,1.8,0.0
10034,ATOM,10034,CB,LEU,D,238,1.0,66.91,,1.8,0.0
10035,ATOM,10035,CG,LEU,D,238,1.0,66.91,,1.8,0.0
10036,ATOM,10036,CD1,LEU,D,238,1.0,66.91,,1.8,0.0
10037,ATOM,10037,CD2,LEU,D,238,1.0,66.91,,1.8,0.0
10038,ATOM,10038,C,LEU,D,238,1.0,66.91,,1.8,0.0
10039,ATOM,10039,O,LEU,D,238,1.0,66.91,,1.8,0.0
10040,ATOM,10040,N,ILE,D,239,1.0,75.99,,1.8,0.0
10041,ATOM,10041,CA,ILE,D,239,1.0,75.99,,1.8,0.0
10042,ATOM,10042,CB,ILE,D,239,1.0,75.99,,1.8,0.0
10043,ATOM,10043,CG1,ILE,D,239,1.0,75.99,,1.8,0.0
10044,ATOM,10044,CG2,ILE,D,239,1.0,75.99,,1.8,0.0
10045,ATOM,10045,CD1,ILE,D,239,1.0,75.99,,1.8,0.0
10046,ATOM,10046,C,ILE,D,239,1.0,75.99,,1.8,0.0
10047,ATOM,10047,O,ILE,D,239,1.0,75.99,,1.8,0.0
10048,ATOM,10048,N,ALA,D,240,1.0,53.53,,1.8,0.0
10049,ATOM,10049,CA,ALA,D,240,1.0,53.53,,1.8,0.0
10050,ATOM,10050,CB,ALA,D,240,1.0,53.53,,1.8,0.0
10051,ATOM,10051,C,ALA,D,240,1.0,53.53,,1.8,0.0
10052,ATOM,10052,O,ALA,D,240,1.0,53.53,,1.8,0.0
10053,ATOM,10053,N,VAL,D,241,1.0,55.79,,1.8,0.0
10054,ATOM,10054,CA,VAL,D,241,1.0,55.79,,1.8,0.0
10055,ATOM,10055,CB,VAL,D,241,1.0,55.79,,1.8,0.0
10056,ATOM,10056,CG1,VAL,D,241,1.0,55.79,,1.8,0.0
10057,ATOM,10057,CG2,VAL,D,241,1.0,55.79,,1.8,0.0
10058,ATOM,10058,C,VAL,D,241,1.0,55.79,,1.8,0.0
10059,ATOM,10059,O,VAL,D,241,1.0,55.79,,1.8,0.0
10060,ATOM,10060,N,ARG,D,242,1.0,97.54,,1.8,0.0
10061,ATOM,10061,CA,ARG,D,242,1.0,97.54,,1.8,0.0
10062,ATOM,10062,CB,ARG,D,242,1.0,97.54,,1.8,0.0
10063,ATOM,10063,CG,ARG,D,242,1.0,97.54,,1.8,0.0
10064,ATOM,10064,CD,ARG,D,242,1.0,97.54,,1.8,0.0
10065,ATOM,10065,NE,ARG,D,242,1.0,97.54,,1.8,0.0
10066,ATOM,10066,CZ,ARG,D,242,1.0,97.54,,1.8,0.0
10067,ATOM,10067,NH1,ARG,D,242,1.0,97.54,,1.8,0.0
10068,ATOM,10068,NH2,ARG,D,242,1.0,97.54,,1.8,0.0
10069,ATOM,10069,C,ARG,D,242,1.0,97.54,,1.8,0.0
10070,ATOM,10070,O,ARG,D,242,1.0,97.54,,1.8,0.0
10071,ATOM,10071,N,GLU,D,243,1.0,84.99,,1.8,0.0
10072,ATOM,10072,CA,GLU,D,243,1.0,84.99,,1.8,0.0
10073,ATOM,10073,CB,GLU,D,243,1.0,84.99,,1.8,0.0
10074,ATOM,10074,CG,GLU,D,243,1.0,84.99,,1.8,0.0
10075,ATOM,10075,CD,GLU,D,243,1.0,84.99,,1.8,0.0
10076,ATOM,10076,OE1,GLU,D,243,1.0,84.99,,1.8,0.0
10077,ATOM,10077,OE2,GLU,D,243,1.0,84.99,,1.8,0.0
10078,ATOM,10078,C,GLU,D,243,1.0,84.99,,1.8,0.0
10079,ATOM,10079,O,GLU,D,243,1.0,84.99,,1.8,0.0
10080,ATOM,10080,N,HIS,D,244,1.0,73.21,,1.8,0.0
10081,ATOM,10081,CA,HIS,D,244,1.0,73.21,,1.8,0.0
10082,ATOM,10082,ND1,HIS,D,244,1.0,73.21,,1.8,0.0
10083,ATOM,10083,CG,HIS,D,244,1.0,73.21,,1.8,0.0
10084,ATOM,10084,CB,HIS,D,244,1.0,73.21,,1.8,0.0
10085,ATOM,10085,NE2,HIS,D,244,1.0,73.21,,1.8,0.0
10086,ATOM,10086,CD2,HIS,D,244,1.0,73.21,,1.8,0.0
10087,ATOM,10087,CE1,HIS,D,244,1.0,73.21,,1.8,0.0
10088,ATOM,10088,C,HIS,D,244,1.0,73.21,,1.8,0.0
10089,ATOM,10089,O,HIS,D,244,1.0,73.21,,1.8,0.0
10090,ATOM,10090,N,LYS,D,245,1.0,99.87,,1.8,0.0
10091,ATOM,10091,CA,LYS,D,245,1.0,99.87,,1.8,0.0
10092,ATOM,10092,CB,LYS,D,245,1.0,99.87,,1.8,0.0
10093,ATOM,10093,CG,LYS,D,245,1.0,99.87,,1.8,0.0
10094,ATOM,10094,CD,LYS,D,245,1.0,99.87,,1.8,0.0
10095,ATOM,10095,CE,LYS,D,245,1.0,99.87,,1.8,0.0
10096,ATOM,10096,NZ,LYS,D,245,1.0,99.87,,1.8,0.0
10097,ATOM,10097,C,LYS,D,245,1.0,99.87,,1.8,0.0
10098,ATOM,10098,O,LYS,D,245,1.0,99.87,,1.8,0.0
10099,ATOM,10099,N,ALA,D,246,1.0,25.95,,1.8,0.0
10100,ATOM,10100,CA,ALA,D,246,1.0,25.95,,1.8,0.0
10101,ATOM,10101,CB,ALA,D,246,1.0,25.95,,1.8,0.0
10102,ATOM,10102,C,ALA,D,246,1.0,25.95,,1.8,0.0
10103,ATOM,10103,O,ALA,D,246,1.0,25.95,,1.8,0.0
10104,ATOM,10104,N,GLY,D,247,1.0,23.56,,1.8,0.0
10105,ATOM,10105,CA,GLY,D,247,1.0,23.56,,1.8,0.0
10106,ATOM,10106,C,GLY,D,247,1.0,23.56,,1.8,0.0
10107,ATOM,10107,O,GLY,D,247,1.0,23.56,,1.8,0.0
10108,ATOM,10108,N,GLU,D,248,1.0,56.89,,1.8,0.0
10109,ATOM,10109,CA,GLU,D,248,1.0,56.89,,1.8,0.0
10110,ATOM,10110,CB,GLU,D,248,1.0,56.89,,1.8,0.0
10111,ATOM,10111,CG,GLU,D,248,1.0,56.89,,1.8,0.0
10112,ATOM,10112,CD,GLU,D,248,1.0,56.89,,1.8,0.0
10113,ATOM,10113,OE1,GLU,D,248,1.0,56.89,,1.8,0.0
10114,ATOM,10114,OE2,GLU,D,248,1.0,56.89,,1.8,0.0
10115,ATOM,10115,C,GLU,D,248,1.0,56.89,,1.8,0.0
10116,ATOM,10116,O,GLU,D,248,1.0,56.89,,1.8,0.0
10117,ATOM,10117,N,PRO,D,249,1.0,75.1,,1.8,0.0
10118,ATOM,10118,CA,PRO,D,249,1.0,75.1,,1.8,0.0
10119,ATOM,10119,CD,PRO,D,249,1.0,75.1,,1.8,0.0
10120,ATOM,10120,CB,PRO,D,249,1.0,75.1,,1.8,0.0
10121,ATOM,10121,CG,PRO,D,249,1.0,75.1,,1.8,0.0
10122,ATOM,10122,C,PRO,D,249,1.0,75.1,,1.8,0.0
10123,ATOM,10123,O,PRO,D,249,1.0,75.1,,1.8,0.0
10124,ATOM,10124,N,VAL,D,250,1.0,43.25,,1.8,0.0
10125,ATOM,10125,CA,VAL,D,250,1.0,43.25,,1.8,0.0
10126,ATOM,10126,CB,VAL,D,250,1.0,43.25,,1.8,0.0
10127,ATOM,10127,CG1,VAL,D,250,1.0,43.25,,1.8,0.0
10128,ATOM,10128,CG2,VAL,D,250,1.0,43.25,,1.8,0.0
10129,ATOM,10129,C,VAL,D,250,1.0,43.25,,1.8,0.0
10130,ATOM,10130,O,VAL,D,250,1.0,43.25,,1.8,0.0
10131,ATOM,10131,N,GLY,D,251,1.0,31.26,,1.8,0.0
10132,ATOM,10132,CA,GLY,D,251,1.0,31.26,,1.8,0.0
10133,ATOM,10133,C,GLY,D,251,1.0,31.26,,1.8,0.0
10134,ATOM,10134,O,GLY,D,251,1.0,31.26,,1.8,0.0
10135,ATOM,10135,N,TYR,D,252,1.0,52.65,,1.8,0.0
10136,ATOM,10136,CA,TYR,D,252,1.0,52.65,,1.8,0.0
10137,ATOM,10137,CB,TYR,D,252,1.0,52.65,,1.8,0.0
10138,ATOM,10138,CG,TYR,D,252,1.0,52.65,,1.8,0.0
10139,ATOM,10139,CD1,TYR,D,252,1.0,52.65,,1.8,0.0
10140,ATOM,10140,CD2,TYR,D,252,1.0,52.65,,1.8,0.0
10141,ATOM,10141,CE1,TYR,D,252,1.0,52.65,,1.8,0.0
10142,ATOM,10142,CE2,TYR,D,252,1.0,52.65,,1.8,0.0
10143,ATOM,10143,CZ,TYR,D,252,1.0,52.65,,1.8,0.0
10144,ATOM,10144,OH,TYR,D,252,1.0,52.65,,1.8,0.0
10145,ATOM,10145,C,TYR,D,252,1.0,52.65,,1.8,0.0
10146,ATOM,10146,O,TYR,D,252,1.0,52.65,,1.8,0.0
10147,ATOM,10147,N,GLY,D,253,1.0,20.48,,1.8,0.0
10148,ATOM,10148,CA,GLY,D,253,1.0,20.48,,1.8,0.0
10149,ATOM,10149,C,GLY,D,253,1.0,20.48,,1.8,0.0
10150,ATOM,10150,O,GLY,D,253,1.0,20.48,,1.8,0.0
10151,ATOM,10151,N,GLY,D,254,1.0,29.49,,1.8,0.0
10152,ATOM,10152,CA,GLY,D,254,1.0,29.49,,1.8,0.0
10153,ATOM,10153,C,GLY,D,254,1.0,29.49,,1.8,0.0
10154,ATOM,10154,O,GLY,D,254,1.0,29.49,,1.8,0.0
10155,ATOM,10155,N,THR,D,255,1.0,55.83,,1.8,0.0
10156,ATOM,10156,CA,THR,D,255,1.0,55.83,,1.8,0.0
10157,ATOM,10157,CB,THR,D,255,1.0,55.83,,1.8,0.0
10158,ATOM,10158,OG1,THR,D,255,1.0,55.83,,1.8,0.0
10159,ATOM,10159,CG2,THR,D,255,1.0,55.83,,1.8,0.0
10160,ATOM,10160,C,THR,D,255,1.0,55.83,,1.8,0.0
10161,ATOM,10161,O,THR,D,255,1.0,55.83,,1.8,0.0
10162,ATOM,10162,N,TRP,D,256,1.0,94.29,,1.8,0.0
10163,ATOM,10163,CA,TRP,D,256,1.0,94.29,,1.8,0.0
10164,ATOM,10164,CB,TRP,D,256,1.0,94.29,,1.8,0.0
10165,ATOM,10165,CG,TRP,D,256,1.0,94.29,,1.8,0.0
10166,ATOM,10166,CD2,TRP,D,256,1.0,94.29,,1.8,0.0
10167,ATOM,10167,CD1,TRP,D,256,1.0,94.29,,1.8,0.0
10168,ATOM,10168,NE1,TRP,D,256,1.0,94.29,,1.8,0.0
10169,ATOM,10169,CE2,TRP,D,256,1.0,94.29,,1.8,0.0
10170,ATOM,10170,CE3,TRP,D,256,1.0,94.29,,1.8,0.0
10171,ATOM,10171,CZ2,TRP,D,256,1.0,94.29,,1.8,0.0
10172,ATOM,10172,CZ3,TRP,D,256,1.0,94.29,,1.8,0.0
10173,ATOM,10173,CH2,TRP,D,256,1.0,94.29,,1.8,0.0
10174,ATOM,10174,C,TRP,D,256,1.0,94.29,,1.8,0.0
10175,ATOM,10175,O,TRP,D,256,1.0,94.29,,1.8,0.0
10176,ATOM,10176,N,VAL,D,257,1.0,111.28,,1.8,0.0
10177,ATOM,10177,CA,VAL,D,257,1.0,111.28,,1.8,0.0
10178,ATOM,10178,CB,VAL,D,257,1.0,111.28,,1.8,0.0
10179,ATOM,10179,CG1,VAL,D,257,1.0,111.28,,1.8,0.0
10180,ATOM,10180,CG2,VAL,D,257,1.0,111.28,,1.8,0.0
10181,ATOM,10181,C,VAL,D,257,1.0,111.28,,1.8,0.0
10182,ATOM,10182,O,VAL,D,257,1.0,111.28,,1.8,0.0
10183,ATOM,10183,N,SER,D,258,1.0,61.27,,1.8,0.0
10184,ATOM,10184,CA,SER,D,258,1.0,61.27,,1.8,0.0
10185,ATOM,10185,CB,SER,D,258,1.0,61.27,,1.8,0.0
10186,ATOM,10186,OG,SER,D,258,1.0,61.27,,1.8,0.0
10187,ATOM,10187,C,SER,D,258,1.0,61.27,,1.8,0.0
10188,ATOM,10188,O,SER,D,258,1.0,61.27,,1.8,0.0
10189,ATOM,10189,N,GLU,D,259,1.0,91.74,,1.8,0.0
10190,ATOM,10190,CA,GLU,D,259,1.0,91.74,,1.8,0.0
10191,ATOM,10191,CB,GLU,D,259,1.0,91.74,,1.8,0.0
10192,ATOM,10192,CG,GLU,D,259,1.0,91.74,,1.8,0.0
10193,ATOM,10193,CD,GLU,D,259,1.0,91.74,,1.8,0.0
10194,ATOM,10194,OE1,GLU,D,259,1.0,91.74,,1.8,0.0
10195,ATOM,10195,OE2,GLU,D,259,1.0,91.74,,1.8,0.0
10196,ATOM,10196,C,GLU,D,259,1.0,91.74,,1.8,0.0
10197,ATOM,10197,O,GLU,D,259,1.0,91.74,,1.8,0.0
10198,ATOM,10198,N,ARG,D,260,1.0,165.87,,1.8,0.0
10199,ATOM,10199,CA,ARG,D,260,0.5,165.87,,1.8,0.0
10200,ATOM,10200,CB,ARG,D,260,0.5,165.87,,1.8,0.0
10201,ATOM,10201,CG,ARG,D,260,0.5,165.87,,1.8,0.0
10202,ATOM,10202,CD,ARG,D,260,0.5,165.87,,1.8,0.0
10203,ATOM,10203,NE,ARG,D,260,0.5,165.87,,1.8,0.0
10204,ATOM,10204,CZ,ARG,D,260,0.5,165.87,,1.8,0.0
10205,ATOM,10205,NH1,ARG,D,260,0.5,165.87,,1.8,0.0
10206,ATOM,10206,NH2,ARG,D,260,0.5,165.87,,1.8,0.0
10207,ATOM,10207,C,ARG,D,260,1.0,165.87,,1.8,0.0
10208,ATOM,10208,O,ARG,D,260,1.0,165.87,,1.8,0.0
10209,ATOM,10209,N,ASP,D,261,1.0,41.78,,1.8,0.0
10210,ATOM,10210,CA,ASP,D,261,1.0,41.78,,1.8,0.0
10211,ATOM,10211,CB,ASP,D,261,1.0,41.78,,1.8,0.0
10212,ATOM,10212,CG,ASP,D,261,1.0,41.78,,1.8,0.0
10213,ATOM,10213,OD1,ASP,D,261,1.0,41.78,,1.8,0.0
10214,ATOM,10214,OD2,ASP,D,261,1.0,41.78,,1.8,0.0
10215,ATOM,10215,C,ASP,D,261,1.0,41.78,,1.8,0.0
10216,ATOM,10216,O,ASP,D,261,1.0,41.78,,1.8,0.0
10217,ATOM,10217,N,THR,D,262,1.0,163.97,,1.8,0.0
10218,ATOM,10218,CA,THR,D,262,1.0,163.97,,1.8,0.0
10219,ATOM,10219,CB,THR,D,262,1.0,163.97,,1.8,0.0
10220,ATOM,10220,OG1,THR,D,262,1.0,163.97,,1.8,0.0
10221,ATOM,10221,CG2,THR,D,262,1.0,163.97,,1.8,0.0
10222,ATOM,10222,C,THR,D,262,1.0,163.97,,1.8,0.0
10223,ATOM,10223,O,THR,D,262,1.0,163.97,,1.8,0.0
10224,ATOM,10224,N,ARG,D,263,1.0,76.27,,1.8,0.0
10225,ATOM,10225,CA,ARG,D,263,1.0,76.27,,1.8,0.0
10226,ATOM,10226,CB,ARG,D,263,1.0,76.27,,1.8,0.0
10227,ATOM,10227,CG,ARG,D,263,1.0,76.27,,1.8,0.0
10228,ATOM,10228,CD,ARG,D,263,1.0,76.27,,1.8,0.0
10229,ATOM,10229,NE,ARG,D,263,1.0,76.27,,1.8,0.0
10230,ATOM,10230,CZ,ARG,D,263,1.0,76.27,,1.8,0.0
10231,ATOM,10231,NH1,ARG,D,263,1.0,76.27,,1.8,0.0
10232,ATOM,10232,NH2,ARG,D,263,1.0,76.27,,1.8,0.0
10233,ATOM,10233,C,ARG,D,263,1.0,76.27,,1.8,0.0
10234,ATOM,10234,O,ARG,D,263,1.0,76.27,,1.8,0.0
10235,ATOM,10235,N,LEU,D,264,1.0,60.71,,1.8,0.0
10236,ATOM,10236,CA,LEU,D,264,1.0,60.71,,1.8,0.0
10237,ATOM,10237,CB,LEU,D,264,1.0,60.71,,1.8,0.0
10238,ATOM,10238,CG,LEU,D,264,1.0,60.71,,1.8,0.0
10239,ATOM,10239,CD1,LEU,D,264,1.0,60.71,,1.8,0.0
10240,ATOM,10240,CD2,LEU,D,264,1.0,60.71,,1.8,0.0
10241,ATOM,10241,C,LEU,D,264,1.0,60.71,,1.8,0.0
10242,ATOM,10242,O,LEU,D,264,1.0,60.71,,1.8,0.0
10243,ATOM,10243,N,GLY,D,265,1.0,43.92,,1.8,0.0
10244,ATOM,10244,CA,GLY,D,265,1.0,43.92,,1.8,0.0
10245,ATOM,10245,C,GLY,D,265,1.0,43.92,,1.8,0.0
10246,ATOM,10246,O,GLY,D,265,1.0,43.92,,1.8,0.0
10247,ATOM,10247,N,VAL,D,266,1.0,46.12,,1.8,0.0
10248,ATOM,10248,CA,VAL,D,266,1.0,46.12,,1.8,0.0
10249,ATOM,10249,CB,VAL,D,266,1.0,46.12,,1.8,0.0
10250,ATOM,10250,CG1,VAL,D,266,1.0,46.12,,1.8,0.0
10251,ATOM,10251,CG2,VAL,D,266,1.0,46.12,,1.8,0.0
10252,ATOM,10252,C,VAL,D,266,1.0,46.12,,1.8,0.0
10253,ATOM,10253,O,VAL,D,266,1.0,46.12,,1.8,0.0
10254,ATOM,10254,N,VAL,D,267,1.0,47.71,,1.8,0.0
10255,ATOM,10255,CA,VAL,D,267,1.0,47.71,,1.8,0.0
10256,ATOM,10256,CB,VAL,D,267,1.0,47.71,,1.8,0.0
10257,ATOM,10257,CG1,VAL,D,267,1.0,47.71,,1.8,0.0
10258,ATOM,10258,CG2,VAL,D,267,1.0,47.71,,1.8,0.0
10259,ATOM,10259,C,VAL,D,267,1.0,47.71,,1.8,0.0
10260,ATOM,10260,O,VAL,D,267,1.0,47.71,,1.8,0.0
10261,ATOM,10261,N,ALA,D,268,1.0,55.33,,1.8,0.0
10262,ATOM,10262,CA,ALA,D,268,1.0,55.33,,1.8,0.0
10263,ATOM,10263,CB,ALA,D,268,1.0,55.33,,1.8,0.0
10264,ATOM,10264,C,ALA,D,268,1.0,55.33,,1.8,0.0
10265,ATOM,10265,O,ALA,D,268,1.0,55.33,,1.8,0.0
10266,ATOM,10266,N,MET,D,269,1.0,68.6,,1.8,0.0
10267,ATOM,10267,CA,MET,D,269,1.0,68.6,,1.8,0.0
10268,ATOM,10268,CB,MET,D,269,1.0,68.6,,1.8,0.0
10269,ATOM,10269,CG,MET,D,269,1.0,68.6,,1.8,0.0
10270,ATOM,10270,SD,MET,D,269,1.0,68.6,,1.8,0.0
10271,ATOM,10271,CE,MET,D,269,1.0,68.6,,1.8,0.0
10272,ATOM,10272,C,MET,D,269,1.0,68.6,,1.8,0.0
10273,ATOM,10273,O,MET,D,269,1.0,68.6,,1.8,0.0
10274,ATOM,10274,N,GLY,D,270,1.0,31.64,,1.8,0.0
10275,ATOM,10275,CA,GLY,D,270,1.0,31.64,,1.8,0.0
10276,ATOM,10276,C,GLY,D,270,1.0,31.64,,1.8,0.0
10277,ATOM,10277,O,GLY,D,270,1.0,31.64,,1.8,0.0
10278,ATOM,10278,N,PHE,D,271,1.0,93.4,,1.8,0.0
10279,ATOM,10279,CA,PHE,D,271,1.0,93.4,,1.8,0.0
10280,ATOM,10280,CB,PHE,D,271,1.0,93.4,,1.8,0.0
10281,ATOM,10281,CG,PHE,D,271,1.0,93.4,,1.8,0.0
10282,ATOM,10282,CD1,PHE,D,271,1.0,93.4,,1.8,0.0
10283,ATOM,10283,CD2,PHE,D,271,1.0,93.4,,1.8,0.0
10284,ATOM,10284,CE1,PHE,D,271,1.0,93.4,,1.8,0.0
10285,ATOM,10285,CE2,PHE,D,271,1.0,93.4,,1.8,0.0
10286,ATOM,10286,CZ,PHE,D,271,1.0,93.4,,1.8,0.0
10287,ATOM,10287,C,PHE,D,271,1.0,93.4,,1.8,0.0
10288,ATOM,10288,O,PHE,D,271,1.0,93.4,,1.8,0.0
10289,ATOM,10289,N,GLY,D,272,1.0,44.58,,1.8,0.0
10290,ATOM,10290,CA,GLY,D,272,1.0,44.58,,1.8,0.0
10291,ATOM,10291,C,GLY,D,272,1.0,44.58,,1.8,0.0
10292,ATOM,10292,O,GLY,D,272,1.0,44.58,,1.8,0.0
10293,ATOM,10293,N,ASP,D,273,1.0,80.24,,1.8,0.0
10294,ATOM,10294,CA,ASP,D,273,1.0,80.24,,1.8,0.0
10295,ATOM,10295,CB,ASP,D,273,1.0,80.24,,1.8,0.0
10296,ATOM,10296,CG,ASP,D,273,1.0,80.24,,1.8,0.0
10297,ATOM,10297,OD1,ASP,D,273,1.0,80.24,,1.8,0.0
10298,ATOM,10298,OD2,ASP,D,273,1.0,80.24,,1.8,0.0
10299,ATOM,10299,C,ASP,D,273,1.0,80.24,,1.8,0.0
10300,ATOM,10300,O,ASP,D,273,1.0,80.24,,1.8,0.0
10301,ATOM,10301,N,GLY,D,274,1.0,51.66,,1.8,0.0
10302,ATOM,10302,CA,GLY,D,274,1.0,51.66,,1.8,0.0
10303,ATOM,10303,C,GLY,D,274,1.0,51.66,,1.8,0.0
10304,ATOM,10304,O,GLY,D,274,1.0,51.66,,1.8,0.0
10305,ATOM,10305,N,TYR,D,275,1.0,103.18,,1.8,0.0
10306,ATOM,10306,CA,TYR,D,275,1.0,103.18,,1.8,0.0
10307,ATOM,10307,CB,TYR,D,275,1.0,103.18,,1.8,0.0
10308,ATOM,10308,CG,TYR,D,275,1.0,103.18,,1.8,0.0
10309,ATOM,10309,CD1,TYR,D,275,1.0,103.18,,1.8,0.0
10310,ATOM,10310,CD2,TYR,D,275,1.0,103.18,,1.8,0.0
10311,ATOM,10311,CE1,TYR,D,275,1.0,103.18,,1.8,0.0
10312,ATOM,10312,CE2,TYR,D,275,1.0,103.18,,1.8,0.0
10313,ATOM,10313,CZ,TYR,D,275,1.0,103.18,,1.8,0.0
10314,ATOM,10314,OH,TYR,D,275,1.0,103.18,,1.8,0.0
10315,ATOM,10315,C,TYR,D,275,1.0,103.18,,1.8,0.0
10316,ATOM,10316,O,TYR,D,275,1.0,103.18,,1.8,0.0
10317,ATOM,10317,N,PRO,D,276,1.0,99.62,,1.8,0.0
10318,ATOM,10318,CA,PRO,D,276,1.0,99.62,,1.8,0.0
10319,ATOM,10319,CD,PRO,D,276,1.0,99.62,,1.8,0.0
10320,ATOM,10320,CB,PRO,D,276,1.0,99.62,,1.8,0.0
10321,ATOM,10321,CG,PRO,D,276,1.0,99.62,,1.8,0.0
10322,ATOM,10322,C,PRO,D,276,1.0,99.62,,1.8,0.0
10323,ATOM,10323,O,PRO,D,276,1.0,99.62,,1.8,0.0
10324,ATOM,10324,N,ARG,D,277,1.0,184.48,,1.8,0.0
10325,ATOM,10325,CA,ARG,D,277,1.0,184.48,,1.8,0.0
10326,ATOM,10326,CB,ARG,D,277,1.0,184.48,,1.8,0.0
10327,ATOM,10327,CG,ARG,D,277,1.0,184.48,,1.8,0.0
10328,ATOM,10328,CD,ARG,D,277,1.0,184.48,,1.8,0.0
10329,ATOM,10329,NE,ARG,D,277,1.0,184.48,,1.8,0.0
10330,ATOM,10330,CZ,ARG,D,277,1.0,184.48,,1.8,0.0
10331,ATOM,10331,NH1,ARG,D,277,1.0,184.48,,1.8,0.0
10332,ATOM,10332,NH2,ARG,D,277,1.0,184.48,,1.8,0.0
10333,ATOM,10333,C,ARG,D,277,1.0,184.48,,1.8,0.0
10334,ATOM,10334,O,ARG,D,277,1.0,184.48,,1.8,0.0
10335,ATOM,10335,N,ALA,D,278,1.0,70.69,,1.8,0.0
10336,ATOM,10336,CA,ALA,D,278,1.0,70.69,,1.8,0.0
10337,ATOM,10337,CB,ALA,D,278,1.0,70.69,,1.8,0.0
10338,ATOM,10338,C,ALA,D,278,1.0,70.69,,1.8,0.0
10339,ATOM,10339,O,ALA,D,278,1.0,70.69,,1.8,0.0
10340,ATOM,10340,N,ALA,D,279,1.0,59.12,,1.8,0.0
10341,ATOM,10341,CA,ALA,D,279,1.0,59.12,,1.8,0.0
10342,ATOM,10342,CB,ALA,D,279,1.0,59.12,,1.8,0.0
10343,ATOM,10343,C,ALA,D,279,1.0,59.12,,1.8,0.0
10344,ATOM,10344,O,ALA,D,279,1.0,59.12,,1.8,0.0
10345,ATOM,10345,N,PRO,D,280,1.0,86.75,,1.8,0.0
10346,ATOM,10346,CA,PRO,D,280,1.0,86.75,,1.8,0.0
10347,ATOM,10347,CD,PRO,D,280,1.0,86.75,,1.8,0.0
10348,ATOM,10348,CB,PRO,D,280,1.0,86.75,,1.8,0.0
10349,ATOM,10349,CG,PRO,D,280,1.0,86.75,,1.8,0.0
10350,ATOM,10350,C,PRO,D,280,1.0,86.75,,1.8,0.0
10351,ATOM,10351,O,PRO,D,280,1.0,86.75,,1.8,0.0
10352,ATOM,10352,N,SER,D,281,1.0,78.04,,1.8,0.0
10353,ATOM,10353,CA,SER,D,281,1.0,78.04,,1.8,0.0
10354,ATOM,10354,CB,SER,D,281,1.0,78.04,,1.8,0.0
10355,ATOM,10355,OG,SER,D,281,1.0,78.04,,1.8,0.0
10356,ATOM,10356,C,SER,D,281,1.0,78.04,,1.8,0.0
10357,ATOM,10357,O,SER,D,281,1.0,78.04,,1.8,0.0
10358,ATOM,10358,N,GLY,D,282,1.0,31.38,,1.8,0.0
10359,ATOM,10359,CA,GLY,D,282,1.0,31.38,,1.8,0.0
10360,ATOM,10360,C,GLY,D,282,1.0,31.38,,1.8,0.0
10361,ATOM,10361,O,GLY,D,282,1.0,31.38,,1.8,0.0
10362,ATOM,10362,N,THR,D,283,1.0,140.0,,1.8,0.0
10363,ATOM,10363,CA,THR,D,283,1.0,140.0,,1.8,0.0
10364,ATOM,10364,CB,THR,D,283,1.0,140.0,,1.8,0.0
10365,ATOM,10365,OG1,THR,D,283,1.0,140.0,,1.8,0.0
10366,ATOM,10366,CG2,THR,D,283,1.0,140.0,,1.8,0.0
10367,ATOM,10367,C,THR,D,283,1.0,140.0,,1.8,0.0
10368,ATOM,10368,O,THR,D,283,1.0,140.0,,1.8,0.0
10369,ATOM,10369,N,PRO,D,284,1.0,181.67,,1.8,0.0
10370,ATOM,10370,CA,PRO,D,284,1.0,181.67,,1.8,0.0
10371,ATOM,10371,CD,PRO,D,284,1.0,181.67,,1.8,0.0
10372,ATOM,10372,CB,PRO,D,284,1.0,181.67,,1.8,0.0
10373,ATOM,10373,CG,PRO,D,284,1.0,181.67,,1.8,0.0
10374,ATOM,10374,C,PRO,D,284,1.0,181.67,,1.8,0.0
10375,ATOM,10375,O,PRO,D,284,1.0,181.67,,1.8,0.0
10376,ATOM,10376,N,VAL,D,285,1.0,52.83,,1.8,0.0
10377,ATOM,10377,CA,VAL,D,285,1.0,52.83,,1.8,0.0
10378,ATOM,10378,CB,VAL,D,285,1.0,52.83,,1.8,0.0
10379,ATOM,10379,CG1,VAL,D,285,1.0,52.83,,1.8,0.0
10380,ATOM,10380,CG2,VAL,D,285,1.0,52.83,,1.8,0.0
10381,ATOM,10381,C,VAL,D,285,1.0,52.83,,1.8,0.0
10382,ATOM,10382,O,VAL,D,285,1.0,52.83,,1.8,0.0
10383,ATOM,10383,N,LEU,D,286,1.0,53.59,,1.8,0.0
10384,ATOM,10384,CA,LEU,D,286,1.0,53.59,,1.8,0.0
10385,ATOM,10385,CB,LEU,D,286,1.0,53.59,,1.8,0.0
10386,ATOM,10386,CG,LEU,D,286,1.0,53.59,,1.8,0.0
10387,ATOM,10387,CD1,LEU,D,286,1.0,53.59,,1.8,0.0
10388,ATOM,10388,CD2,LEU,D,286,1.0,53.59,,1.8,0.0
10389,ATOM,10389,C,LEU,D,286,1.0,53.59,,1.8,0.0
10390,ATOM,10390,O,LEU,D,286,1.0,53.59,,1.8,0.0
10391,ATOM,10391,N,VAL,D,287,1.0,47.51,,1.8,0.0
10392,ATOM,10392,CA,VAL,D,287,1.0,47.51,,1.8,0.0
10393,ATOM,10393,CB,VAL,D,287,1.0,47.51,,1.8,0.0
10394,ATOM,10394,CG1,VAL,D,287,1.0,47.51,,1.8,0.0
10395,ATOM,10395,CG2,VAL,D,287,1.0,47.51,,1.8,0.0
10396,ATOM,10396,C,VAL,D,287,1.0,47.51,,1.8,0.0
10397,ATOM,10397,O,VAL,D,287,1.0,47.51,,1.8,0.0
10398,ATOM,10398,N,ASN,D,288,1.0,59.24,,1.8,0.0
10399,ATOM,10399,CA,ASN,D,288,1.0,59.24,,1.8,0.0
10400,ATOM,10400,CB,ASN,D,288,1.0,59.24,,1.8,0.0
10401,ATOM,10401,CG,ASN,D,288,1.0,59.24,,1.8,0.0
10402,ATOM,10402,OD1,ASN,D,288,1.0,59.24,,1.8,0.0
10403,ATOM,10403,ND2,ASN,D,288,1.0,59.24,,1.8,0.0
10404,ATOM,10404,C,ASN,D,288,1.0,59.24,,1.8,0.0
10405,ATOM,10405,O,ASN,D,288,1.0,59.24,,1.8,0.0
10406,ATOM,10406,N,GLY,D,289,1.0,29.88,,1.8,0.0
10407,ATOM,10407,CA,GLY,D,289,1.0,29.88,,1.8,0.0
10408,ATOM,10408,C,GLY,D,289,1.0,29.88,,1.8,0.0
10409,ATOM,10409,O,GLY,D,289,1.0,29.88,,1.8,0.0
10410,ATOM,10410,N,ARG,D,290,1.0,98.02,,1.8,0.0
10411,ATOM,10411,CA,ARG,D,290,1.0,98.02,,1.8,0.0
10412,ATOM,10412,CB,ARG,D,290,1.0,98.02,,1.8,0.0
10413,ATOM,10413,CG,ARG,D,290,1.0,98.02,,1.8,0.0
10414,ATOM,10414,CD,ARG,D,290,1.0,98.02,,1.8,0.0
10415,ATOM,10415,NE,ARG,D,290,1.0,98.02,,1.8,0.0
10416,ATOM,10416,CZ,ARG,D,290,1.0,98.02,,1.8,0.0
10417,ATOM,10417,NH1,ARG,D,290,1.0,98.02,,1.8,0.0
10418,ATOM,10418,NH2,ARG,D,290,1.0,98.02,,1.8,0.0
10419,ATOM,10419,C,ARG,D,290,1.0,98.02,,1.8,0.0
10420,ATOM,10420,O,ARG,D,290,1.0,98.02,,1.8,0.0
10421,ATOM,10421,N,GLU,D,291,1.0,69.38,,1.8,0.0
10422,ATOM,10422,CA,GLU,D,291,1.0,69.38,,1.8,0.0
10423,ATOM,10423,CB,GLU,D,291,1.0,69.38,,1.8,0.0
10424,ATOM,10424,CG,GLU,D,291,1.0,69.38,,1.8,0.0
10425,ATOM,10425,CD,GLU,D,291,1.0,69.38,,1.8,0.0
10426,ATOM,10426,OE1,GLU,D,291,1.0,69.38,,1.8,0.0
10427,ATOM,10427,OE2,GLU,D,291,1.0,69.38,,1.8,0.0
10428,ATOM,10428,C,GLU,D,291,1.0,69.38,,1.8,0.0
10429,ATOM,10429,O,GLU,D,291,1.0,69.38,,1.8,0.0
10430,ATOM,10430,N,VAL,D,292,1.0,135.97,,1.8,0.0
10431,ATOM,10431,CA,VAL,D,292,1.0,135.97,,1.8,0.0
10432,ATOM,10432,CB,VAL,D,292,1.0,135.97,,1.8,0.0
10433,ATOM,10433,CG1,VAL,D,292,1.0,135.97,,1.8,0.0
10434,ATOM,10434,CG2,VAL,D,292,1.0,135.97,,1.8,0.0
10435,ATOM,10435,C,VAL,D,292,1.0,135.97,,1.8,0.0
10436,ATOM,10436,O,VAL,D,292,1.0,135.97,,1.8,0.0
10437,ATOM,10437,N,PRO,D,293,1.0,186.0,,1.8,0.0
10438,ATOM,10438,CA,PRO,D,293,1.0,186.0,,1.8,0.0
10439,ATOM,10439,CD,PRO,D,293,1.0,186.0,,1.8,0.0
10440,ATOM,10440,CB,PRO,D,293,1.0,186.0,,1.8,0.0
10441,ATOM,10441,CG,PRO,D,293,1.0,186.0,,1.8,0.0
10442,ATOM,10442,C,PRO,D,293,1.0,186.0,,1.8,0.0
10443,ATOM,10443,O,PRO,D,293,1.0,186.0,,1.8,0.0
10444,ATOM,10444,N,ILE,D,294,1.0,85.14,,1.8,0.0
10445,ATOM,10445,CA,ILE,D,294,1.0,85.14,,1.8,0.0
10446,ATOM,10446,CB,ILE,D,294,1.0,85.14,,1.8,0.0
10447,ATOM,10447,CG1,ILE,D,294,1.0,85.14,,1.8,0.0
10448,ATOM,10448,CG2,ILE,D,294,1.0,85.14,,1.8,0.0
10449,ATOM,10449,CD1,ILE,D,294,1.0,85.14,,1.8,0.0
10450,ATOM,10450,C,ILE,D,294,1.0,85.14,,1.8,0.0
10451,ATOM,10451,O,ILE,D,294,1.0,85.14,,1.8,0.0
10452,ATOM,10452,N,VAL,D,295,1.0,138.51,,1.8,0.0
10453,ATOM,10453,CA,VAL,D,295,1.0,138.51,,1.8,0.0
10454,ATOM,10454,CB,VAL,D,295,1.0,138.51,,1.8,0.0
10455,ATOM,10455,CG1,VAL,D,295,1.0,138.51,,1.8,0.0
10456,ATOM,10456,CG2,VAL,D,295,1.0,138.51,,1.8,0.0
10457,ATOM,10457,C,VAL,D,295,1.0,138.51,,1.8,0.0
10458,ATOM,10458,O,VAL,D,295,1.0,138.51,,1.8,0.0
10459,ATOM,10459,N,GLY,D,296,1.0,35.7,,1.8,0.0
10460,ATOM,10460,CA,GLY,D,296,1.0,35.7,,1.8,0.0
10461,ATOM,10461,C,GLY,D,296,1.0,35.7,,1.8,0.0
10462,ATOM,10462,O,GLY,D,296,1.0,35.7,,1.8,0.0
10463,ATOM,10463,N,ARG,D,297,1.0,130.13,,1.8,0.0
10464,ATOM,10464,CA,ARG,D,297,1.0,130.13,,1.8,0.0
10465,ATOM,10465,CB,ARG,D,297,1.0,130.13,,1.8,0.0
10466,ATOM,10466,CG,ARG,D,297,1.0,130.13,,1.8,0.0
10467,ATOM,10467,CD,ARG,D,297,1.0,130.13,,1.8,0.0
10468,ATOM,10468,NE,ARG,D,297,1.0,130.13,,1.8,0.0
10469,ATOM,10469,CZ,ARG,D,297,1.0,130.13,,1.8,0.0
10470,ATOM,10470,NH1,ARG,D,297,1.0,130.13,,1.8,0.0
10471,ATOM,10471,NH2,ARG,D,297,1.0,130.13,,1.8,0.0
10472,ATOM,10472,C,ARG,D,297,1.0,130.13,,1.8,0.0
10473,ATOM,10473,O,ARG,D,297,1.0,130.13,,1.8,0.0
10474,ATOM,10474,N,VAL,D,298,1.0,47.12,,1.8,0.0
10475,ATOM,10475,CA,VAL,D,298,1.0,47.12,,1.8,0.0
10476,ATOM,10476,CB,VAL,D,298,1.0,47.12,,1.8,0.0
10477,ATOM,10477,CG1,VAL,D,298,1.0,47.12,,1.8,0.0
10478,ATOM,10478,CG2,VAL,D,298,1.0,47.12,,1.8,0.0
10479,ATOM,10479,C,VAL,D,298,1.0,47.12,,1.8,0.0
10480,ATOM,10480,O,VAL,D,298,1.0,47.12,,1.8,0.0
10481,ATOM,10481,N,ALA,D,299,1.0,44.71,,1.8,0.0
10482,ATOM,10482,CA,ALA,D,299,1.0,44.71,,1.8,0.0
10483,ATOM,10483,CB,ALA,D,299,1.0,44.71,,1.8,0.0
10484,ATOM,10484,C,ALA,D,299,1.0,44.71,,1.8,0.0
10485,ATOM,10485,O,ALA,D,299,1.0,44.71,,1.8,0.0
10486,ATOM,10486,N,MET,D,300,1.0,60.35,,1.8,0.0
10487,ATOM,10487,CA,MET,D,300,1.0,60.35,,1.8,0.0
10488,ATOM,10488,CB,MET,D,300,1.0,60.35,,1.8,0.0
10489,ATOM,10489,CG,MET,D,300,1.0,60.35,,1.8,0.0
10490,ATOM,10490,SD,MET,D,300,1.0,60.35,,1.8,0.0
10491,ATOM,10491,CE,MET,D,300,1.0,60.35,,1.8,0.0
10492,ATOM,10492,C,MET,D,300,1.0,60.35,,1.8,0.0
10493,ATOM,10493,O,MET,D,300,1.0,60.35,,1.8,0.0
10494,ATOM,10494,N,ASP,D,301,1.0,91.73,,1.8,0.0
10495,ATOM,10495,CA,ASP,D,301,1.0,91.73,,1.8,0.0
10496,ATOM,10496,CB,ASP,D,301,1.0,91.73,,1.8,0.0
10497,ATOM,10497,CG,ASP,D,301,1.0,91.73,,1.8,0.0
10498,ATOM,10498,OD1,ASP,D,301,1.0,91.73,,1.8,0.0
10499,ATOM,10499,OD2,ASP,D,301,1.0,91.73,,1.8,0.0
10500,ATOM,10500,C,ASP,D,301,1.0,91.73,,1.8,0.0
10501,ATOM,10501,O,ASP,D,301,1.0,91.73,,1.8,0.0
10502,ATOM,10502,N,MET,D,302,1.0,66.63,,1.8,0.0
10503,ATOM,10503,CA,MET,D,302,1.0,66.63,,1.8,0.0
10504,ATOM,10504,CB,MET,D,302,1.0,66.63,,1.8,0.0
10505,ATOM,10505,CG,MET,D,302,1.0,66.63,,1.8,0.0
10506,ATOM,10506,SD,MET,D,302,1.0,66.63,,1.8,0.0
10507,ATOM,10507,CE,MET,D,302,1.0,66.63,,1.8,0.0
10508,ATOM,10508,C,MET,D,302,1.0,66.63,,1.8,0.0
10509,ATOM,10509,O,MET,D,302,1.0,66.63,,1.8,0.0
10510,ATOM,10510,N,ILE,D,303,1.0,56.23,,1.8,0.0
10511,ATOM,10511,CA,ILE,D,303,1.0,56.23,,1.8,0.0
10512,ATOM,10512,CB,ILE,D,303,1.0,56.23,,1.8,0.0
10513,ATOM,10513,CG1,ILE,D,303,1.0,56.23,,1.8,0.0
10514,ATOM,10514,CG2,ILE,D,303,1.0,56.23,,1.8,0.0
10515,ATOM,10515,CD1,ILE,D,303,1.0,56.23,,1.8,0.0
10516,ATOM,10516,C,ILE,D,303,1.0,56.23,,1.8,0.0
10517,ATOM,10517,O,ILE,D,303,1.0,56.23,,1.8,0.0
10518,ATOM,10518,N,CYS,D,304,1.0,42.51,,1.8,0.0
10519,ATOM,10519,CA,CYS,D,304,1.0,42.51,,1.8,0.0
10520,ATOM,10520,CB,CYS,D,304,1.0,42.51,,1.8,0.0
10521,ATOM,10521,SG,CYS,D,304,1.0,42.51,,1.8,0.0
10522,ATOM,10522,C,CYS,D,304,1.0,42.51,,1.8,0.0
10523,ATOM,10523,O,CYS,D,304,1.0,42.51,,1.8,0.0
10524,ATOM,10524,N,VAL,D,305,1.0,47.9,,1.8,0.0
10525,ATOM,10525,CA,VAL,D,305,1.0,47.9,,1.8,0.0
10526,ATOM,10526,CB,VAL,D,305,1.0,47.9,,1.8,0.0
10527,ATOM,10527,CG1,VAL,D,305,1.0,47.9,,1.8,0.0
10528,ATOM,10528,CG2,VAL,D,305,1.0,47.9,,1.8,0.0
10529,ATOM,10529,C,VAL,D,305,1.0,47.9,,1.8,0.0
10530,ATOM,10530,O,VAL,D,305,1.0,47.9,,1.8,0.0
10531,ATOM,10531,N,ASP,D,306,1.0,78.94,,1.8,0.0
10532,ATOM,10532,CA,ASP,D,306,1.0,78.94,,1.8,0.0
10533,ATOM,10533,CB,ASP,D,306,1.0,78.94,,1.8,0.0
10534,ATOM,10534,CG,ASP,D,306,1.0,78.94,,1.8,0.0
10535,ATOM,10535,OD1,ASP,D,306,1.0,78.94,,1.8,0.0
10536,ATOM,10536,OD2,ASP,D,306,1.0,78.94,,1.8,0.0
10537,ATOM,10537,C,ASP,D,306,1.0,78.94,,1.8,0.0
10538,ATOM,10538,O,ASP,D,306,1.0,78.94,,1.8,0.0
10539,ATOM,10539,N,LEU,D,307,1.0,83.99,,1.8,0.0
10540,ATOM,10540,CA,LEU,D,307,1.0,83.99,,1.8,0.0
10541,ATOM,10541,CB,LEU,D,307,1.0,83.99,,1.8,0.0
10542,ATOM,10542,CG,LEU,D,307,1.0,83.99,,1.8,0.0
10543,ATOM,10543,CD1,LEU,D,307,1.0,83.99,,1.8,0.0
10544,ATOM,10544,CD2,LEU,D,307,1.0,83.99,,1.8,0.0
10545,ATOM,10545,C,LEU,D,307,1.0,83.99,,1.8,0.0
10546,ATOM,10546,O,LEU,D,307,1.0,83.99,,1.8,0.0
10547,ATOM,10547,N,GLY,D,308,1.0,36.24,,1.8,0.0
10548,ATOM,10548,CA,GLY,D,308,1.0,36.24,,1.8,0.0
10549,ATOM,10549,C,GLY,D,308,1.0,36.24,,1.8,0.0
10550,ATOM,10550,O,GLY,D,308,1.0,36.24,,1.8,0.0
10551,ATOM,10551,N,PRO,D,309,1.0,106.67,,1.8,0.0
10552,ATOM,10552,CA,PRO,D,309,1.0,106.67,,1.8,0.0
10553,ATOM,10553,CD,PRO,D,309,1.0,106.67,,1.8,0.0
10554,ATOM,10554,CB,PRO,D,309,1.0,106.67,,1.8,0.0
10555,ATOM,10555,CG,PRO,D,309,1.0,106.67,,1.8,0.0
10556,ATOM,10556,C,PRO,D,309,1.0,106.67,,1.8,0.0
10557,ATOM,10557,O,PRO,D,309,1.0,106.67,,1.8,0.0
10558,ATOM,10558,N,GLN,D,310,1.0,131.17,,1.8,0.0
10559,ATOM,10559,CA,GLN,D,310,1.0,131.17,,1.8,0.0
10560,ATOM,10560,CB,GLN,D,310,1.0,131.17,,1.8,0.0
10561,ATOM,10561,CG,GLN,D,310,1.0,131.17,,1.8,0.0
10562,ATOM,10562,CD,GLN,D,310,1.0,131.17,,1.8,0.0
10563,ATOM,10563,OE1,GLN,D,310,1.0,131.17,,1.8,0.0
10564,ATOM,10564,NE2,GLN,D,310,1.0,131.17,,1.8,0.0
10565,ATOM,10565,C,GLN,D,310,1.0,131.17,,1.8,0.0
10566,ATOM,10566,O,GLN,D,310,1.0,131.17,,1.8,0.0
10567,ATOM,10567,N,ALA,D,311,1.0,75.85,,1.8,0.0
10568,ATOM,10568,CA,ALA,D,311,1.0,75.85,,1.8,0.0
10569,ATOM,10569,CB,ALA,D,311,1.0,75.85,,1.8,0.0
10570,ATOM,10570,C,ALA,D,311,1.0,75.85,,1.8,0.0
10571,ATOM,10571,O,ALA,D,311,1.0,75.85,,1.8,0.0
10572,ATOM,10572,N,GLN,D,312,1.0,113.94,,1.8,0.0
10573,ATOM,10573,CA,GLN,D,312,1.0,113.94,,1.8,0.0
10574,ATOM,10574,CB,GLN,D,312,1.0,113.94,,1.8,0.0
10575,ATOM,10575,CG,GLN,D,312,1.0,113.94,,1.8,0.0
10576,ATOM,10576,CD,GLN,D,312,1.0,113.94,,1.8,0.0
10577,ATOM,10577,OE1,GLN,D,312,1.0,113.94,,1.8,0.0
10578,ATOM,10578,NE2,GLN,D,312,1.0,113.94,,1.8,0.0
10579,ATOM,10579,C,GLN,D,312,1.0,113.94,,1.8,0.0
10580,ATOM,10580,O,GLN,D,312,1.0,113.94,,1.8,0.0
10581,ATOM,10581,N,ASP,D,313,1.0,105.71,,1.8,0.0
10582,ATOM,10582,CA,ASP,D,313,1.0,105.71,,1.8,0.0
10583,ATOM,10583,CB,ASP,D,313,1.0,105.71,,1.8,0.0
10584,ATOM,10584,CG,ASP,D,313,1.0,105.71,,1.8,0.0
10585,ATOM,10585,OD1,ASP,D,313,1.0,105.71,,1.8,0.0
10586,ATOM,10586,OD2,ASP,D,313,1.0,105.71,,1.8,0.0
10587,ATOM,10587,C,ASP,D,313,1.0,105.71,,1.8,0.0
10588,ATOM,10588,O,ASP,D,313,1.0,105.71,,1.8,0.0
10589,ATOM,10589,N,LYS,D,314,1.0,103.3,,1.8,0.0
10590,ATOM,10590,CA,LYS,D,314,1.0,103.3,,1.8,0.0
10591,ATOM,10591,CB,LYS,D,314,1.0,103.3,,1.8,0.0
10592,ATOM,10592,CG,LYS,D,314,1.0,103.3,,1.8,0.0
10593,ATOM,10593,CD,LYS,D,314,1.0,103.3,,1.8,0.0
10594,ATOM,10594,CE,LYS,D,314,1.0,103.3,,1.8,0.0
10595,ATOM,10595,NZ,LYS,D,314,1.0,103.3,,1.8,0.0
10596,ATOM,10596,C,LYS,D,314,1.0,103.3,,1.8,0.0
10597,ATOM,10597,O,LYS,D,314,1.0,103.3,,1.8,0.0
10598,ATOM,10598,N,ALA,D,315,1.0,27.12,,1.8,0.0
10599,ATOM,10599,CA,ALA,D,315,1.0,27.12,,1.8,0.0
10600,ATOM,10600,CB,ALA,D,315,1.0,27.12,,1.8,0.0
10601,ATOM,10601,C,ALA,D,315,1.0,27.12,,1.8,0.0
10602,ATOM,10602,O,ALA,D,315,1.0,27.12,,1.8,0.0
10603,ATOM,10603,N,GLY,D,316,1.0,22.38,,1.8,0.0
10604,ATOM,10604,CA,GLY,D,316,1.0,22.38,,1.8,0.0
10605,ATOM,10605,C,GLY,D,316,1.0,22.38,,1.8,0.0
10606,ATOM,10606,O,GLY,D,316,1.0,22.38,,1.8,0.0
10607,ATOM,10607,N,ASP,D,317,1.0,38.89,,1.8,0.0
10608,ATOM,10608,CA,ASP,D,317,1.0,38.89,,1.8,0.0
10609,ATOM,10609,CB,ASP,D,317,1.0,38.89,,1.8,0.0
10610,ATOM,10610,CG,ASP,D,317,1.0,38.89,,1.8,0.0
10611,ATOM,10611,OD1,ASP,D,317,1.0,38.89,,1.8,0.0
10612,ATOM,10612,OD2,ASP,D,317,1.0,38.89,,1.8,0.0
10613,ATOM,10613,C,ASP,D,317,1.0,38.89,,1.8,0.0
10614,ATOM,10614,O,ASP,D,317,1.0,38.89,,1.8,0.0
10615,ATOM,10615,N,PRO,D,318,1.0,78.39,,1.8,0.0
10616,ATOM,10616,CA,PRO,D,318,1.0,78.39,,1.8,0.0
10617,ATOM,10617,CD,PRO,D,318,1.0,78.39,,1.8,0.0
10618,ATOM,10618,CB,PRO,D,318,1.0,78.39,,1.8,0.0
10619,ATOM,10619,CG,PRO,D,318,1.0,78.39,,1.8,0.0
10620,ATOM,10620,C,PRO,D,318,1.0,78.39,,1.8,0.0
10621,ATOM,10621,O,PRO,D,318,1.0,78.39,,1.8,0.0
10622,ATOM,10622,N,VAL,D,319,1.0,48.34,,1.8,0.0
10623,ATOM,10623,CA,VAL,D,319,1.0,48.34,,1.8,0.0
10624,ATOM,10624,CB,VAL,D,319,1.0,48.34,,1.8,0.0
10625,ATOM,10625,CG1,VAL,D,319,1.0,48.34,,1.8,0.0
10626,ATOM,10626,CG2,VAL,D,319,1.0,48.34,,1.8,0.0
10627,ATOM,10627,C,VAL,D,319,1.0,48.34,,1.8,0.0
10628,ATOM,10628,O,VAL,D,319,1.0,48.34,,1.8,0.0
10629,ATOM,10629,N,ILE,D,320,1.0,93.93,,1.8,0.0
10630,ATOM,10630,CA,ILE,D,320,1.0,93.93,,1.8,0.0
10631,ATOM,10631,CB,ILE,D,320,1.0,93.93,,1.8,0.0
10632,ATOM,10632,CG1,ILE,D,320,1.0,93.93,,1.8,0.0
10633,ATOM,10633,CG2,ILE,D,320,1.0,93.93,,1.8,0.0
10634,ATOM,10634,CD1,ILE,D,320,1.0,93.93,,1.8,0.0
10635,ATOM,10635,C,ILE,D,320,1.0,93.93,,1.8,0.0
10636,ATOM,10636,O,ILE,D,320,1.0,93.93,,1.8,0.0
10637,ATOM,10637,N,LEU,D,321,1.0,114.21,,1.8,0.0
10638,ATOM,10638,CA,LEU,D,321,1.0,114.21,,1.8,0.0
10639,ATOM,10639,CB,LEU,D,321,1.0,114.21,,1.8,0.0
10640,ATOM,10640,CG,LEU,D,321,1.0,114.21,,1.8,0.0
10641,ATOM,10641,CD1,LEU,D,321,1.0,114.21,,1.8,0.0
10642,ATOM,10642,CD2,LEU,D,321,1.0,114.21,,1.8,0.0
10643,ATOM,10643,C,LEU,D,321,1.0,114.21,,1.8,0.0
10644,ATOM,10644,O,LEU,D,321,1.0,114.21,,1.8,0.0
10645,ATOM,10645,N,TRP,D,322,1.0,105.06,,1.8,0.0
10646,ATOM,10646,CA,TRP,D,322,1.0,105.06,,1.8,0.0
10647,ATOM,10647,CB,TRP,D,322,1.0,105.06,,1.8,0.0
10648,ATOM,10648,CG,TRP,D,322,1.0,105.06,,1.8,0.0
10649,ATOM,10649,CD2,TRP,D,322,1.0,105.06,,1.8,0.0
10650,ATOM,10650,CD1,TRP,D,322,1.0,105.06,,1.8,0.0
10651,ATOM,10651,NE1,TRP,D,322,1.0,105.06,,1.8,0.0
10652,ATOM,10652,CE2,TRP,D,322,1.0,105.06,,1.8,0.0
10653,ATOM,10653,CE3,TRP,D,322,1.0,105.06,,1.8,0.0
10654,ATOM,10654,CZ2,TRP,D,322,1.0,105.06,,1.8,0.0
10655,ATOM,10655,CZ3,TRP,D,322,1.0,105.06,,1.8,0.0
10656,ATOM,10656,CH2,TRP,D,322,1.0,105.06,,1.8,0.0
10657,ATOM,10657,C,TRP,D,322,1.0,105.06,,1.8,0.0
10658,ATOM,10658,O,TRP,D,322,1.0,105.06,,1.8,0.0
10659,ATOM,10659,N,GLY,D,323,1.0,32.32,,1.8,0.0
10660,ATOM,10660,CA,GLY,D,323,1.0,32.32,,1.8,0.0
10661,ATOM,10661,C,GLY,D,323,1.0,32.32,,1.8,0.0
10662,ATOM,10662,O,GLY,D,323,1.0,32.32,,1.8,0.0
10663,ATOM,10663,N,GLU,D,324,1.0,114.19,,1.8,0.0
10664,ATOM,10664,CA,GLU,D,324,1.0,114.19,,1.8,0.0
10665,ATOM,10665,CB,GLU,D,324,1.0,114.19,,1.8,0.0
10666,ATOM,10666,CG,GLU,D,324,1.0,114.19,,1.8,0.0
10667,ATOM,10667,CD,GLU,D,324,1.0,114.19,,1.8,0.0
10668,ATOM,10668,OE1,GLU,D,324,1.0,114.19,,1.8,0.0
10669,ATOM,10669,OE2,GLU,D,324,1.0,114.19,,1.8,0.0
10670,ATOM,10670,C,GLU,D,324,1.0,114.19,,1.8,0.0
10671,ATOM,10671,O,GLU,D,324,1.0,114.19,,1.8,0.0
10672,ATOM,10672,N,GLY,D,325,1.0,31.68,,1.8,0.0
10673,ATOM,10673,CA,GLY,D,325,1.0,31.68,,1.8,0.0
10674,ATOM,10674,C,GLY,D,325,1.0,31.68,,1.8,0.0
10675,ATOM,10675,O,GLY,D,325,1.0,31.68,,1.8,0.0
10676,ATOM,10676,N,LEU,D,326,1.0,95.12,,1.8,0.0
10677,ATOM,10677,CA,LEU,D,326,1.0,95.12,,1.8,0.0
10678,ATOM,10678,CB,LEU,D,326,1.0,95.12,,1.8,0.0
10679,ATOM,10679,CG,LEU,D,326,1.0,95.12,,1.8,0.0
10680,ATOM,10680,CD1,LEU,D,326,1.0,95.12,,1.8,0.0
10681,ATOM,10681,CD2,LEU,D,326,1.0,95.12,,1.8,0.0
10682,ATOM,10682,C,LEU,D,326,1.0,95.12,,1.8,0.0
10683,ATOM,10683,O,LEU,D,326,1.0,95.12,,1.8,0.0
10684,ATOM,10684,N,PRO,D,327,1.0,91.15,,1.8,0.0
10685,ATOM,10685,CA,PRO,D,327,1.0,91.15,,1.8,0.0
10686,ATOM,10686,CD,PRO,D,327,1.0,91.15,,1.8,0.0
10687,ATOM,10687,CB,PRO,D,327,1.0,91.15,,1.8,0.0
10688,ATOM,10688,CG,PRO,D,327,1.0,91.15,,1.8,0.0
10689,ATOM,10689,C,PRO,D,327,1.0,91.15,,1.8,0.0
10690,ATOM,10690,O,PRO,D,327,1.0,91.15,,1.8,0.0
10691,ATOM,10691,N,VAL,D,328,1.0,80.85,,1.8,0.0
10692,ATOM,10692,CA,VAL,D,328,1.0,80.85,,1.8,0.0
10693,ATOM,10693,CB,VAL,D,328,1.0,80.85,,1.8,0.0
10694,ATOM,10694,CG1,VAL,D,328,1.0,80.85,,1.8,0.0
10695,ATOM,10695,CG2,VAL,D,328,1.0,80.85,,1.8,0.0
10696,ATOM,10696,C,VAL,D,328,1.0,80.85,,1.8,0.0
10697,ATOM,10697,O,VAL,D,328,1.0,80.85,,1.8,0.0
10698,ATOM,10698,N,GLU,D,329,1.0,112.48,,1.8,0.0
10699,ATOM,10699,CA,GLU,D,329,1.0,112.48,,1.8,0.0
10700,ATOM,10700,CB,GLU,D,329,1.0,112.48,,1.8,0.0
10701,ATOM,10701,CG,GLU,D,329,1.0,112.48,,1.8,0.0
10702,ATOM,10702,CD,GLU,D,329,1.0,112.48,,1.8,0.0
10703,ATOM,10703,OE1,GLU,D,329,1.0,112.48,,1.8,0.0
10704,ATOM,10704,OE2,GLU,D,329,1.0,112.48,,1.8,0.0
10705,ATOM,10705,C,GLU,D,329,1.0,112.48,,1.8,0.0
10706,ATOM,10706,O,GLU,D,329,1.0,112.48,,1.8,0.0
10707,ATOM,10707,N,ARG,D,330,1.0,125.86,,1.8,0.0
10708,ATOM,10708,CA,ARG,D,330,1.0,125.86,,1.8,0.0
10709,ATOM,10709,CB,ARG,D,330,1.0,125.86,,1.8,0.0
10710,ATOM,10710,CG,ARG,D,330,1.0,125.86,,1.8,0.0
10711,ATOM,10711,CD,ARG,D,330,1.0,125.86,,1.8,0.0
10712,ATOM,10712,NE,ARG,D,330,1.0,125.86,,1.8,0.0
10713,ATOM,10713,CZ,ARG,D,330,1.0,125.86,,1.8,0.0
10714,ATOM,10714,NH1,ARG,D,330,1.0,125.86,,1.8,0.0
10715,ATOM,10715,NH2,ARG,D,330,1.0,125.86,,1.8,0.0
10716,ATOM,10716,C,ARG,D,330,1.0,125.86,,1.8,0.0
10717,ATOM,10717,O,ARG,D,330,1.0,125.86,,1.8,0.0
10718,ATOM,10718,N,ILE,D,331,1.0,97.45,,1.8,0.0
10719,ATOM,10719,CA,ILE,D,331,1.0,97.45,,1.8,0.0
10720,ATOM,10720,CB,ILE,D,331,1.0,97.45,,1.8,0.0
10721,ATOM,10721,CG1,ILE,D,331,1.0,97.45,,1.8,0.0
10722,ATOM,10722,CG2,ILE,D,331,1.0,97.45,,1.8,0.0
10723,ATOM,10723,CD1,ILE,D,331,1.0,97.45,,1.8,0.0
10724,ATOM,10724,C,ILE,D,331,1.0,97.45,,1.8,0.0
10725,ATOM,10725,O,ILE,D,331,1.0,97.45,,1.8,0.0
10726,ATOM,10726,N,ALA,D,332,1.0,34.5,,1.8,0.0
10727,ATOM,10727,CA,ALA,D,332,1.0,34.5,,1.8,0.0
10728,ATOM,10728,CB,ALA,D,332,1.0,34.5,,1.8,0.0
10729,ATOM,10729,C,ALA,D,332,1.0,34.5,,1.8,0.0
10730,ATOM,10730,O,ALA,D,332,1.0,34.5,,1.8,0.0
10731,ATOM,10731,N,GLU,D,333,1.0,46.28,,1.8,0.0
10732,ATOM,10732,CA,GLU,D,333,1.0,46.28,,1.8,0.0
10733,ATOM,10733,CB,GLU,D,333,1.0,46.28,,1.8,0.0
10734,ATOM,10734,CG,GLU,D,333,1.0,46.28,,1.8,0.0
10735,ATOM,10735,CD,GLU,D,333,1.0,46.28,,1.8,0.0
10736,ATOM,10736,OE1,GLU,D,333,1.0,46.28,,1.8,0.0
10737,ATOM,10737,OE2,GLU,D,333,1.0,46.28,,1.8,0.0
10738,ATOM,10738,C,GLU,D,333,1.0,46.28,,1.8,0.0
10739,ATOM,10739,O,GLU,D,333,1.0,46.28,,1.8,0.0
10740,ATOM,10740,N,MET,D,334,1.0,72.14,,1.8,0.0
10741,ATOM,10741,CA,MET,D,334,1.0,72.14,,1.8,0.0
10742,ATOM,10742,CB,MET,D,334,1.0,72.14,,1.8,0.0
10743,ATOM,10743,CG,MET,D,334,1.0,72.14,,1.8,0.0
10744,ATOM,10744,SD,MET,D,334,1.0,72.14,,1.8,0.0
10745,ATOM,10745,CE,MET,D,334,1.0,72.14,,1.8,0.0
10746,ATOM,10746,C,MET,D,334,1.0,72.14,,1.8,0.0
10747,ATOM,10747,O,MET,D,334,1.0,72.14,,1.8,0.0
10748,ATOM,10748,N,THR,D,335,1.0,66.38,,1.8,0.0
10749,ATOM,10749,CA,THR,D,335,1.0,66.38,,1.8,0.0
10750,ATOM,10750,CB,THR,D,335,1.0,66.38,,1.8,0.0
10751,ATOM,10751,OG1,THR,D,335,1.0,66.38,,1.8,0.0
10752,ATOM,10752,CG2,THR,D,335,1.0,66.38,,1.8,0.0
10753,ATOM,10753,C,THR,D,335,1.0,66.38,,1.8,0.0
10754,ATOM,10754,O,THR,D,335,1.0,66.38,,1.8,0.0
10755,ATOM,10755,N,LYS,D,336,1.0,89.06,,1.8,0.0
10756,ATOM,10756,CA,LYS,D,336,1.0,89.06,,1.8,0.0
10757,ATOM,10757,CB,LYS,D,336,1.0,89.06,,1.8,0.0
10758,ATOM,10758,CG,LYS,D,336,1.0,89.06,,1.8,0.0
10759,ATOM,10759,CD,LYS,D,336,1.0,89.06,,1.8,0.0
10760,ATOM,10760,CE,LYS,D,336,1.0,89.06,,1.8,0.0
10761,ATOM,10761,NZ,LYS,D,336,1.0,89.06,,1.8,0.0
10762,ATOM,10762,C,LYS,D,336,1.0,89.06,,1.8,0.0
10763,ATOM,10763,O,LYS,D,336,1.0,89.06,,1.8,0.0
10764,ATOM,10764,N,VAL,D,337,1.0,68.49,,1.8,0.0
10765,ATOM,10765,CA,VAL,D,337,1.0,68.49,,1.8,0.0
10766,ATOM,10766,CB,VAL,D,337,1.0,68.49,,1.8,0.0
10767,ATOM,10767,CG1,VAL,D,337,1.0,68.49,,1.8,0.0
10768,ATOM,10768,CG2,VAL,D,337,1.0,68.49,,1.8,0.0
10769,ATOM,10769,C,VAL,D,337,1.0,68.49,,1.8,0.0
10770,ATOM,10770,O,VAL,D,337,1.0,68.49,,1.8,0.0
10771,ATOM,10771,N,SER,D,338,1.0,102.54,,1.8,0.0
10772,ATOM,10772,CA,SER,D,338,1.0,102.54,,1.8,0.0
10773,ATOM,10773,CB,SER,D,338,1.0,102.54,,1.8,0.0
10774,ATOM,10774,OG,SER,D,338,1.0,102.54,,1.8,0.0
10775,ATOM,10775,C,SER,D,338,1.0,102.54,,1.8,0.0
10776,ATOM,10776,O,SER,D,338,1.0,102.54,,1.8,0.0
10777,ATOM,10777,N,ALA,D,339,1.0,60.92,,1.8,0.0
10778,ATOM,10778,CA,ALA,D,339,1.0,60.92,,1.8,0.0
10779,ATOM,10779,CB,ALA,D,339,1.0,60.92,,1.8,0.0
10780,ATOM,10780,C,ALA,D,339,1.0,60.92,,1.8,0.0
10781,ATOM,10781,O,ALA,D,339,1.0,60.92,,1.8,0.0
10782,ATOM,10782,N,TYR,D,340,1.0,106.56,,1.8,0.0
10783,ATOM,10783,CA,TYR,D,340,1.0,106.56,,1.8,0.0
10784,ATOM,10784,CB,TYR,D,340,1.0,106.56,,1.8,0.0
10785,ATOM,10785,CG,TYR,D,340,1.0,106.56,,1.8,0.0
10786,ATOM,10786,CD1,TYR,D,340,1.0,106.56,,1.8,0.0
10787,ATOM,10787,CD2,TYR,D,340,1.0,106.56,,1.8,0.0
10788,ATOM,10788,CE1,TYR,D,340,1.0,106.56,,1.8,0.0
10789,ATOM,10789,CE2,TYR,D,340,1.0,106.56,,1.8,0.0
10790,ATOM,10790,CZ,TYR,D,340,1.0,106.56,,1.8,0.0
10791,ATOM,10791,OH,TYR,D,340,1.0,106.56,,1.8,0.0
10792,ATOM,10792,C,TYR,D,340,1.0,106.56,,1.8,0.0
10793,ATOM,10793,O,TYR,D,340,1.0,106.56,,1.8,0.0
10794,ATOM,10794,N,GLU,D,341,1.0,140.99,,1.8,0.0
10795,ATOM,10795,CA,GLU,D,341,1.0,140.99,,1.8,0.0
10796,ATOM,10796,CB,GLU,D,341,1.0,140.99,,1.8,0.0
10797,ATOM,10797,CG,GLU,D,341,1.0,140.99,,1.8,0.0
10798,ATOM,10798,CD,GLU,D,341,1.0,140.99,,1.8,0.0
10799,ATOM,10799,OE1,GLU,D,341,1.0,140.99,,1.8,0.0
10800,ATOM,10800,OE2,GLU,D,341,1.0,140.99,,1.8,0.0
10801,ATOM,10801,C,GLU,D,341,1.0,140.99,,1.8,0.0
10802,ATOM,10802,O,GLU,D,341,1.0,140.99,,1.8,0.0
10803,ATOM,10803,N,LEU,D,342,1.0,178.35,,1.8,0.0
10804,ATOM,10804,CA,LEU,D,342,1.0,178.35,,1.8,0.0
10805,ATOM,10805,CB,LEU,D,342,1.0,178.35,,1.8,0.0
10806,ATOM,10806,CG,LEU,D,342,1.0,178.35,,1.8,0.0
10807,ATOM,10807,CD1,LEU,D,342,1.0,178.35,,1.8,0.0
10808,ATOM,10808,CD2,LEU,D,342,1.0,178.35,,1.8,0.0
10809,ATOM,10809,C,LEU,D,342,1.0,178.35,,1.8,0.0
10810,ATOM,10810,O,LEU,D,342,1.0,178.35,,1.8,0.0
10811,ATOM,10811,N,ILE,D,343,1.0,110.74,,1.8,0.0
10812,ATOM,10812,CA,ILE,D,343,1.0,110.74,,1.8,0.0
10813,ATOM,10813,CB,ILE,D,343,1.0,110.74,,1.8,0.0
10814,ATOM,10814,CG1,ILE,D,343,1.0,110.74,,1.8,0.0
10815,ATOM,10815,CG2,ILE,D,343,1.0,110.74,,1.8,0.0
10816,ATOM,10816,CD1,ILE,D,343,1.0,110.74,,1.8,0.0
10817,ATOM,10817,C,ILE,D,343,1.0,110.74,,1.8,0.0
10818,ATOM,10818,O,ILE,D,343,1.0,110.74,,1.8,0.0
10819,ATOM,10819,N,THR,D,344,1.0,77.43,,1.8,0.0
10820,ATOM,10820,CA,THR,D,344,1.0,77.43,,1.8,0.0
10821,ATOM,10821,CB,THR,D,344,1.0,77.43,,1.8,0.0
10822,ATOM,10822,OG1,THR,D,344,1.0,77.43,,1.8,0.0
10823,ATOM,10823,CG2,THR,D,344,1.0,77.43,,1.8,0.0
10824,ATOM,10824,C,THR,D,344,1.0,77.43,,1.8,0.0
10825,ATOM,10825,O,THR,D,344,1.0,77.43,,1.8,0.0
10826,ATOM,10826,N,ARG,D,345,1.0,213.47,,1.8,0.0
10827,ATOM,10827,CA,ARG,D,345,1.0,213.47,,1.8,0.0
10828,ATOM,10828,CB,ARG,D,345,1.0,213.47,,1.8,0.0
10829,ATOM,10829,CG,ARG,D,345,1.0,213.47,,1.8,0.0
10830,ATOM,10830,CD,ARG,D,345,1.0,213.47,,1.8,0.0
10831,ATOM,10831,NE,ARG,D,345,1.0,213.47,,1.8,0.0
10832,ATOM,10832,CZ,ARG,D,345,1.0,213.47,,1.8,0.0
10833,ATOM,10833,NH1,ARG,D,345,1.0,213.47,,1.8,0.0
10834,ATOM,10834,NH2,ARG,D,345,1.0,213.47,,1.8,0.0
10835,ATOM,10835,C,ARG,D,345,1.0,213.47,,1.8,0.0
10836,ATOM,10836,O,ARG,D,345,1.0,213.47,,1.8,0.0
10837,ATOM,10837,N,LEU,D,346,1.0,96.07,,1.8,0.0
10838,ATOM,10838,CA,LEU,D,346,1.0,96.07,,1.8,0.0
10839,ATOM,10839,CB,LEU,D,346,1.0,96.07,,1.8,0.0
10840,ATOM,10840,CG,LEU,D,346,1.0,96.07,,1.8,0.0
10841,ATOM,10841,CD1,LEU,D,346,1.0,96.07,,1.8,0.0
10842,ATOM,10842,CD2,LEU,D,346,1.0,96.07,,1.8,0.0
10843,ATOM,10843,C,LEU,D,346,1.0,96.07,,1.8,0.0
10844,ATOM,10844,O,LEU,D,346,1.0,96.07,,1.8,0.0
10845,ATOM,10845,N,THR,D,347,1.0,47.63,,1.8,0.0
10846,ATOM,10846,CA,THR,D,347,1.0,47.63,,1.8,0.0
10847,ATOM,10847,CB,THR,D,347,1.0,47.63,,1.8,0.0
10848,ATOM,10848,OG1,THR,D,347,1.0,47.63,,1.8,0.0
10849,ATOM,10849,CG2,THR,D,347,1.0,47.63,,1.8,0.0
10850,ATOM,10850,C,THR,D,347,1.0,47.63,,1.8,0.0
10851,ATOM,10851,O,THR,D,347,1.0,47.63,,1.8,0.0
10852,ATOM,10852,N,SER,D,348,1.0,43.05,,1.8,0.0
10853,ATOM,10853,CA,SER,D,348,1.0,43.05,,1.8,0.0
10854,ATOM,10854,CB,SER,D,348,1.0,43.05,,1.8,0.0
10855,ATOM,10855,OG,SER,D,348,1.0,43.05,,1.8,0.0
10856,ATOM,10856,C,SER,D,348,1.0,43.05,,1.8,0.0
10857,ATOM,10857,O,SER,D,348,1.0,43.05,,1.8,0.0
10858,ATOM,10858,N,ARG,D,349,1.0,86.77,,1.8,0.0
10859,ATOM,10859,CA,ARG,D,349,1.0,86.77,,1.8,0.0
10860,ATOM,10860,CB,ARG,D,349,1.0,86.77,,1.8,0.0
10861,ATOM,10861,CG,ARG,D,349,1.0,86.77,,1.8,0.0
10862,ATOM,10862,CD,ARG,D,349,1.0,86.77,,1.8,0.0
10863,ATOM,10863,NE,ARG,D,349,1.0,86.77,,1.8,0.0
10864,ATOM,10864,CZ,ARG,D,349,1.0,86.77,,1.8,0.0
10865,ATOM,10865,NH1,ARG,D,349,1.0,86.77,,1.8,0.0
10866,ATOM,10866,NH2,ARG,D,349,1.0,86.77,,1.8,0.0
10867,ATOM,10867,C,ARG,D,349,1.0,86.77,,1.8,0.0
10868,ATOM,10868,O,ARG,D,349,1.0,86.77,,1.8,0.0
10869,ATOM,10869,N,VAL,D,350,1.0,38.32,,1.8,0.0
10870,ATOM,10870,CA,VAL,D,350,1.0,38.32,,1.8,0.0
10871,ATOM,10871,CB,VAL,D,350,1.0,38.32,,1.8,0.0
10872,ATOM,10872,CG1,VAL,D,350,1.0,38.32,,1.8,0.0
10873,ATOM,10873,CG2,VAL,D,350,1.0,38.32,,1.8,0.0
10874,ATOM,10874,C,VAL,D,350,1.0,38.32,,1.8,0.0
10875,ATOM,10875,O,VAL,D,350,1.0,38.32,,1.8,0.0
10876,ATOM,10876,N,ALA,D,351,1.0,31.52,,1.8,0.0
10877,ATOM,10877,CA,ALA,D,351,1.0,31.52,,1.8,0.0
10878,ATOM,10878,CB,ALA,D,351,1.0,31.52,,1.8,0.0
10879,ATOM,10879,C,ALA,D,351,1.0,31.52,,1.8,0.0
10880,ATOM,10880,O,ALA,D,351,1.0,31.52,,1.8,0.0
10881,ATOM,10881,N,MET,D,352,1.0,52.13,,1.8,0.0
10882,ATOM,10882,CA,MET,D,352,1.0,52.13,,1.8,0.0
10883,ATOM,10883,CB,MET,D,352,1.0,52.13,,1.8,0.0
10884,ATOM,10884,CG,MET,D,352,1.0,52.13,,1.8,0.0
10885,ATOM,10885,SD,MET,D,352,1.0,52.13,,1.8,0.0
10886,ATOM,10886,CE,MET,D,352,1.0,52.13,,1.8,0.0
10887,ATOM,10887,C,MET,D,352,1.0,52.13,,1.8,0.0
10888,ATOM,10888,O,MET,D,352,1.0,52.13,,1.8,0.0
10889,ATOM,10889,N,LYS,D,353,1.0,104.86,,1.8,0.0
10890,ATOM,10890,CA,LYS,D,353,1.0,104.86,,1.8,0.0
10891,ATOM,10891,CB,LYS,D,353,1.0,104.86,,1.8,0.0
10892,ATOM,10892,CG,LYS,D,353,1.0,104.86,,1.8,0.0
10893,ATOM,10893,CD,LYS,D,353,1.0,104.86,,1.8,0.0
10894,ATOM,10894,CE,LYS,D,353,1.0,104.86,,1.8,0.0
10895,ATOM,10895,NZ,LYS,D,353,1.0,104.86,,1.8,0.0
10896,ATOM,10896,C,LYS,D,353,1.0,104.86,,1.8,0.0
10897,ATOM,10897,O,LYS,D,353,1.0,104.86,,1.8,0.0
10898,ATOM,10898,N,TYR,D,354,1.0,53.29,,1.8,0.0
10899,ATOM,10899,CA,TYR,D,354,1.0,53.29,,1.8,0.0
10900,ATOM,10900,CB,TYR,D,354,1.0,53.29,,1.8,0.0
10901,ATOM,10901,CG,TYR,D,354,1.0,53.29,,1.8,0.0
10902,ATOM,10902,CD1,TYR,D,354,1.0,53.29,,1.8,0.0
10903,ATOM,10903,CD2,TYR,D,354,1.0,53.29,,1.8,0.0
10904,ATOM,10904,CE1,TYR,D,354,1.0,53.29,,1.8,0.0
10905,ATOM,10905,CE2,TYR,D,354,1.0,53.29,,1.8,0.0
10906,ATOM,10906,CZ,TYR,D,354,1.0,53.29,,1.8,0.0
10907,ATOM,10907,OH,TYR,D,354,1.0,53.29,,1.8,0.0
10908,ATOM,10908,C,TYR,D,354,1.0,53.29,,1.8,0.0
10909,ATOM,10909,O,TYR,D,354,1.0,53.29,,1.8,0.0
10910,ATOM,10910,N,VAL,D,355,1.0,32.53,,1.8,0.0
10911,ATOM,10911,CA,VAL,D,355,1.0,32.53,,1.8,0.0
10912,ATOM,10912,CB,VAL,D,355,1.0,32.53,,1.8,0.0
10913,ATOM,10913,CG1,VAL,D,355,1.0,32.53,,1.8,0.0
10914,ATOM,10914,CG2,VAL,D,355,1.0,32.53,,1.8,0.0
10915,ATOM,10915,C,VAL,D,355,1.0,32.53,,1.8,0.0
10916,ATOM,10916,O,VAL,D,355,1.0,32.53,,1.8,0.0
10917,ATOM,10917,N,ASP,D,356,1.0,25.98,,1.8,0.0
10918,ATOM,10918,CA,ASP,D,356,1.0,25.98,,1.8,0.0
10919,ATOM,10919,CB,ASP,D,356,1.0,25.98,,1.8,0.0
10920,ATOM,10920,CG,ASP,D,356,1.0,25.98,,1.8,0.0
10921,ATOM,10921,OD1,ASP,D,356,1.0,25.98,,1.8,0.0
10922,ATOM,10922,OD2,ASP,D,356,1.0,25.98,,1.8,0.0
10923,ATOM,10923,C,ASP,D,356,1.0,25.98,,1.8,0.0
10924,ATOM,10924,O,ASP,D,356,1.0,25.98,,1.8,0.0
10925,ATOM,10925,OXT,ASP,D,356,1.0,25.98,,1.8,0.0
