,resid,chain,plddt,Uniprot Entry,pKa,PDB Code,sasa,carbamylated,,,,,,,,,,,,
0,3,C,0,P04406,10.32,/1U8F-alt1A_assembled/1U8F-alt1B_assembled,77.60990491,FALSE,,,5,66,B,0,P04406,10.11,/1U8F-alt1A_assembled/1U8F-alt1B_assembled,55.22501006,TRUE,also 194
1,5,D,0,P04406,10.28,/1U8F-alt1A_assembled/1U8F-alt1B_assembled,61.39090924,FALSE,,,27,11,A,0,P62987,10.2,/2LJ5-alt-78_assembled/2LJ5-alt-100_assembled/2LJ5-alt-114_assembled/2LJ5-alt-44_assembled/2LJ5-alt-50_assembled/2LJ5-alt-128_assembled/2LJ5-alt-87_assembled/2LJ5-alt-93_assembled/2LJ5-alt-276_assembled/2LJ5-alt-262_assembled/2LJ5-alt-289_assembled/2LJ5-alt-288_assembled/2LJ5-alt-263_assembled/2LJ5-alt-277_assembled/2LJ5-alt-92_assembled/2LJ5-alt-86_assembled/2LJ5-alt-129_assembled/2LJ5-alt-51_assembled/2LJ5-alt-45_assembled/2LJ5-alt-115_assembled/2LJ5-alt-101_assembled/2LJ5-alt-79_assembled/2LJ5-alt-117_assembled/2LJ5-alt-103_assembled/2LJ5-alt-53_assembled/2LJ5-alt-47_assembled/2LJ5-alt-90_assembled/2LJ5-alt-84_assembled/2LJ5-alt-301_assembled/2LJ5-alt-261_assembled/2LJ5-alt-275_assembled/2LJ5-alt-249_assembled/2LJ5-alt-248_assembled/2LJ5-alt-274_assembled/2LJ5-alt-260_assembled/2LJ5-alt-300_assembled/2LJ5-alt-85_assembled/2LJ5-alt-91_assembled/2LJ5-alt-46_assembled/2LJ5-alt-52_assembled/2LJ5-alt-102_assembled/2LJ5-alt-116_assembled/2LJ5-alt-56_assembled/2LJ5-alt-42_assembled/2LJ5-alt-112_assembled/2LJ5-alt-106_assembled/2LJ5-alt-95_assembled/2LJ5-alt-81_assembled/2LJ5-alt-258_assembled/2LJ5-alt-264_assembled/2LJ5-alt-270_assembled/2LJ5-alt-271_assembled/2LJ5-alt-265_assembled/2LJ5-alt-259_assembled/2LJ5-alt-80_assembled/2LJ5-alt-94_assembled/2LJ5-alt-107_assembled/2LJ5-alt-113_assembled/2LJ5-alt-43_assembled/2LJ5-alt-57_assembled/2LJ5-alt-139_assembled/2LJ5-alt-41_assembled/2LJ5-alt-55_assembled/2LJ5-alt-105_assembled/2LJ5-alt-111_assembled/2LJ5-alt-69_assembled/2LJ5-alt-82_assembled/2LJ5-alt-96_assembled/2LJ5-alt-273_assembled/2LJ5-alt-267_assembled/2LJ5-alt-298_assembled/2LJ5-alt-299_assembled/2LJ5-alt-266_assembled/2LJ5-alt-272_assembled/2LJ5-alt-97_assembled/2LJ5-alt-83_assembled/2LJ5-alt-68_assembled/2LJ5-alt-110_assembled/2LJ5-alt-104_assembled/2LJ5-alt-54_assembled/2LJ5-alt-40_assembled/2LJ5-alt-138_assembled/2LJ5-alt-163_assembled/2LJ5-alt-177_assembled/2LJ5-alt-27_assembled/2LJ5-alt-33_assembled/2LJ5-alt-188_assembled/2LJ5-alt-215_assembled/2LJ5-alt-201_assembled/2LJ5-alt-229_assembled/2LJ5-alt-3_assembled/2LJ5-alt-2_assembled/2LJ5-alt-228_assembled/2LJ5-alt-200_assembled/2LJ5-alt-214_assembled/2LJ5-alt-189_assembled/2LJ5-alt-32_assembled/2LJ5-alt-26_assembled/2LJ5-alt-176_assembled/2LJ5-alt-162_assembled/2LJ5-alt-174_assembled/2LJ5-alt-160_assembled/2LJ5-alt-18_assembled/2LJ5-alt-148_assembled/2LJ5-alt-30_assembled/2LJ5-alt-24_assembled/2LJ5-alt-202_assembled/2LJ5-alt-216_assembled/2LJ5-alt-1_assembled/2LJ5-alt-217_assembled/2LJ5-alt-203_assembled/2LJ5-alt-25_assembled/2LJ5-alt-31_assembled/2LJ5-alt-149_assembled/2LJ5-alt-19_assembled/2LJ5-alt-161_assembled/2LJ5-alt-175_assembled/2LJ5-alt-35_assembled/2LJ5-alt-21_assembled/2LJ5-alt-159_assembled/2LJ5-alt-171_assembled/2LJ5-alt-165_assembled/2LJ5-alt-207_assembled/2LJ5-alt-213_assembled/2LJ5-alt-5_assembled/2LJ5-alt-4_assembled/2LJ5-alt-212_assembled/2LJ5-alt-206_assembled/2LJ5-alt-164_assembled/2LJ5-alt-170_assembled/2LJ5-alt-158_assembled/2LJ5-alt-20_assembled/2LJ5-alt-34_assembled/2LJ5-alt-22_assembled/2LJ5-alt-36_assembled/2LJ5-alt-166_assembled/2LJ5-alt-172_assembled/2LJ5-alt-199_assembled/2LJ5-alt-238_assembled/2LJ5-alt-210_assembled/2LJ5-alt-204_assembled/2LJ5-alt-6_assembled/2LJ5-alt-7_assembled/2LJ5-alt-205_assembled/2LJ5-alt-211_assembled/2LJ5-alt-239_assembled/2LJ5-alt-198_assembled/2LJ5-alt-173_assembled/2LJ5-alt-167_assembled/2LJ5-alt-37_assembled/2LJ5-alt-23_assembled/2LJ5-alt-142_assembled/2LJ5-alt-156_assembled/2LJ5-alt-12_assembled/2LJ5-alt-181_assembled/2LJ5-alt-195_assembled/2LJ5-alt-234_assembled/2LJ5-alt-220_assembled/2LJ5-alt-208_assembled/2LJ5-alt-209_assembled/2LJ5-alt-221_assembled/2LJ5-alt-235_assembled/2LJ5-alt-194_assembled/2LJ5-alt-180_assembled/2LJ5-alt-13_assembled/2LJ5-alt-157_assembled/2LJ5-alt-143_assembled/2LJ5-alt-155_assembled/2LJ5-alt-39_assembled/2LJ5-alt-141_assembled/2LJ5-alt-11_assembled/2LJ5-alt-169_assembled/2LJ5-alt-196_assembled/2LJ5-alt-182_assembled/2LJ5-alt-223_assembled/2LJ5-alt-237_assembled/2LJ5-alt-9_assembled/2LJ5-alt-8_assembled/2LJ5-alt-236_assembled/2LJ5-alt-222_assembled/2LJ5-alt-183_assembled/2LJ5-alt-197_assembled/2LJ5-alt-168_assembled/2LJ5-alt-10_assembled/2LJ5-alt-140_assembled/2LJ5-alt-38_assembled/2LJ5-alt-154_assembled/2LJ5-alt-14_assembled/2LJ5-alt-178_assembled/2LJ5-alt-150_assembled/2LJ5-alt-28_assembled/2LJ5-alt-144_assembled/2LJ5-alt-193_assembled/2LJ5-alt-187_assembled/2LJ5-alt-226_assembled/2LJ5-alt-232_assembled/2LJ5-alt-233_assembled/2LJ5-alt-227_assembled/2LJ5-alt-186_assembled/2LJ5-alt-192_assembled/2LJ5-alt-145_assembled/2LJ5-alt-29_assembled/2LJ5-alt-151_assembled/2LJ5-alt-179_assembled/2LJ5-alt-15_assembled/2LJ5-alt-17_assembled/2LJ5-alt-147_assembled/2LJ5-alt-153_assembled/2LJ5-alt-184_assembled/2LJ5-alt-190_assembled/2LJ5-alt-219_assembled/2LJ5-alt-231_assembled/2LJ5-alt-225_assembled/2LJ5-alt-224_assembled/2LJ5-alt-230_assembled/2LJ5-alt-218_assembled/2LJ5-alt-191_assembled/2LJ5-alt-185_assembled/2LJ5-alt-152_assembled/2LJ5-alt-146_assembled/2LJ5-alt-16_assembled/2LJ5-alt-121_assembled/2LJ5-alt-59_assembled/2LJ5-alt-135_assembled/2LJ5-alt-65_assembled/2LJ5-alt-109_assembled/2LJ5-alt-71_assembled/2LJ5-alt-257_assembled/2LJ5-alt-243_assembled/2LJ5-alt-294_assembled/2LJ5-alt-280_assembled/2LJ5-alt-281_assembled/2LJ5-alt-295_assembled/2LJ5-alt-242_assembled/2LJ5-alt-256_assembled/2LJ5-alt-70_assembled/2LJ5-alt-108_assembled/2LJ5-alt-64_assembled/2LJ5-alt-134_assembled/2LJ5-alt-58_assembled/2LJ5-alt-120_assembled/2LJ5-alt-136_assembled/2LJ5-alt-122_assembled/2LJ5-alt-72_assembled/2LJ5-alt-66_assembled/2LJ5-alt-99_assembled/2LJ5-alt-240_assembled/2LJ5-alt-254_assembled/2LJ5-alt-268_assembled/2LJ5-alt-283_assembled/2LJ5-alt-297_assembled/2LJ5-alt-296_assembled/2LJ5-alt-282_assembled/2LJ5-alt-269_assembled/2LJ5-alt-255_assembled/2LJ5-alt-241_assembled/2LJ5-alt-98_assembled/2LJ5-alt-67_assembled/2LJ5-alt-73_assembled/2LJ5-alt-123_assembled/2LJ5-alt-137_assembled/2LJ5-alt-77_assembled/2LJ5-alt-63_assembled/2LJ5-alt-133_assembled/2LJ5-alt-127_assembled/2LJ5-alt-88_assembled/2LJ5-alt-279_assembled/2LJ5-alt-245_assembled/2LJ5-alt-251_assembled/2LJ5-alt-286_assembled/2LJ5-alt-292_assembled/2LJ5-alt-293_assembled/2LJ5-alt-287_assembled/2LJ5-alt-250_assembled/2LJ5-alt-244_assembled/2LJ5-alt-278_assembled/2LJ5-alt-89_assembled/2LJ5-alt-126_assembled/2LJ5-alt-132_assembled/2LJ5-alt-62_assembled/2LJ5-alt-76_assembled/2LJ5-alt-60_assembled/2LJ5-alt-118_assembled/2LJ5-alt-74_assembled/2LJ5-alt-124_assembled/2LJ5-alt-48_assembled/2LJ5-alt-130_assembled/2LJ5-alt-252_assembled/2LJ5-alt-246_assembled/2LJ5-alt-291_assembled/2LJ5-alt-285_assembled/2LJ5-alt-284_assembled/2LJ5-alt-290_assembled/2LJ5-alt-247_assembled/2LJ5-alt-253_assembled/2LJ5-alt-131_assembled/2LJ5-alt-49_assembled/2LJ5-alt-125_assembled/2LJ5-alt-75_assembled/2LJ5-alt-119_assembled/2LJ5-alt-61_assembled/2MBH-alt-20_assembled/2MBH-alt-19_assembled/2MBH-alt-18_assembled/2MBH-alt-9_assembled/2MBH-alt-8_assembled/2MBH-alt-1_assembled/2MBH-alt-3_assembled/2MBH-alt-2_assembled/2MBH-alt-6_assembled/2MBH-alt-7_assembled/2MBH-alt-5_assembled/2MBH-alt-4_assembled/2MBH-alt-15_assembled/2MBH-alt-14_assembled/2MBH-alt-16_assembled/2MBH-alt-17_assembled/2MBH-alt-13_assembled/2MBH-alt-12_assembled/2MBH-alt-10_assembled/2MBH-alt-11_assembled,64.20577626,TRUE,
2,27,D,0,P04406,10.45,/1U8F-alt1A_assembled/1U8F-alt1B_assembled,39.67622082,FALSE,,,89,539,A,90.36,P0DMV9,10.25,/AF-P0DMV9-F1-model_v1,44.23362456,TRUE,not sure if at interface- does interact with lots of proteins though
3,55,C,0,P04406,9.75,/1U8F-alt1A_assembled/1U8F-alt1B_assembled,42.22300526,FALSE,,,135,539,A,90.13,P0DMV8,10.28,/AF-P0DMV8-F1-model_v1,51.60589532,TRUE,X
4,61,D,0,P04406,10.54,/1U8F-alt1A_assembled/1U8F-alt1B_assembled,59.11220737,FALSE,,,167,218,A,85.96,P10809,11.82,/AF-P10809-F1-model_v1,21.71468842,TRUE,"Different labelling in 6HT7, K at 194. pKa looks like it'll be lowered in 6HT7."
5,66,B,0,P04406,10.11,/1U8F-alt1A_assembled/1U8F-alt1B_assembled,55.22501006,TRUE,,,168,233,A,80.61,P10809,10.47,/AF-P10809-F1-model_v1,91.95232258,TRUE,"At interface in 6MRD, K at 209"
6,84,B,0,P04406,10.34,/1U8F-alt1A_assembled/1U8F-alt1B_assembled,60.98878538,FALSE,,,212,328,A,98.48,P63261,9.94,/AF-P63261-F1-model_v1,63.8036524,TRUE,"At interface in 5JLH, K at 327"
7,86,C,0,P04406,10.58,/1U8F-alt1A_assembled/1U8F-alt1B_assembled,71.17592316,FALSE,,,250,401,A,83.88,Q99832,9.65,/AF-Q99832-F1-model_v1,72.91845988,TRUE,in 6NR8 also 418
8,107,B,0,P04406,10.29,/1U8F-alt1A_assembled/1U8F-alt1B_assembled,66.88660199,FALSE,,,256,6,A,74.41,P62807,10.45,/AF-P62807-F1-model_v1,98.52034562,TRUE,Full crystal structure not available
9,117,A,0,P04406,9.94,/1U8F-alt1A_assembled/1U8F-alt1B_assembled,61.65899181,FALSE,,,264,58,A,97.06,P62807,10.46,/AF-P62807-F1-model_v1,108.7074834,TRUE,"5GT0 at interface, labelled at 57"
10,139,D,0,P04406,10.16,/1U8F-alt1A_assembled/1U8F-alt1B_assembled,56.16329907,FALSE,,,304,328,A,0,P60709,10.31,/3BYH-alt-1_assembled,55.22501006,TRUE,
11,145,C,0,P04406,9.98,/1U8F-alt1A_assembled/1U8F-alt1B_assembled,46.51232643,FALSE,,,333,156,B,0,P12277,10.08,/3B6R-alt-1_assembled/3DRB-alt-1_assembled,33.24223907,TRUE,
12,162,A,0,P04406,11.07,/1U8F-alt1A_assembled/1U8F-alt1B_assembled,35.78902351,FALSE,,,351,41,A,0,P00338,9.02,/5W8J-alt1B_assembled/5W8J-alt1A_assembled,0,TRUE,
13,186,C,0,P04406,9.55,/1U8F-alt1A_assembled/1U8F-alt1B_assembled,40.48046854,FALSE,,,379,42,D,0,P00338,8.9,/6SBV-alt1B_assembled/6SBV-alt1A_assembled,0,TRUE,
14,194,B,0,P04406,10.41,/1U8F-alt1A_assembled/1U8F-alt1B_assembled,95.83951989,FALSE,,,438,577,A,92.21,Q12931,10.7,/AF-Q12931-F1-model_v1,71.44400573,TRUE,In 6XGX- although not v good quality structure
15,215,A,0,P04406,10.11,/1U8F-alt1A_assembled/1U8F-alt1B_assembled,69.70146901,FALSE,,,451,58,A,97.18,Q8N257,10.46,/AF-Q8N257-F1-model_v1,110.4500201,TRUE,no other struc available also 21 and 117
16,219,D,0,P04406,9.5,/1U8F-alt1A_assembled/1U8F-alt1B_assembled,54.95692749,FALSE,,,471,394,A,93.22,Q6PEY2,9.86,/AF-Q6PEY2-F1-model_v1,50.13144117,TRUE,no other struc available
17,227,B,0,P04406,10.3,/1U8F-alt1A_assembled/1U8F-alt1B_assembled,38.8719731,FALSE,,,489,330,A,98.4,P68032,9.96,/AF-P68032-F1-model_v1,56.8335055,TRUE,no other struc available
18,251,C,0,P04406,10.28,/1U8F-alt1A_assembled/1U8F-alt1B_assembled,60.45262024,FALSE,,,508,329,A,98.39,P63267,9.94,/AF-P63267-F1-model_v1,57.90583579,TRUE,no other struc available
19,254,B,0,P04406,11.11,/1U8F-alt1A_assembled/1U8F-alt1B_assembled,55.09096877,FALSE,,,529,256,A,91.77,O60506,11.05,/AF-O60506-F1-model_v1,39.54217953,TRUE,"In 6KOR, labelled as 21"
20,259,C,0,P04406,10.78,/1U8F-alt1A_assembled/1U8F-alt1B_assembled,22.51893614,FALSE,,,582,88,A,96.72,P62750,10.45,/AF-P62750-F1-model_v1,64.60790012,TRUE,Doesn't appear to be at interface- part of ribosome
21,260,A,0,P04406,10.47,/1U8F-alt1A_assembled/1U8F-alt1B_assembled,78.28011135,FALSE,,,602,83,A,0,P15311,8.11,/1NI2-alt-1_assembled,15.81687181,TRUE,
22,263,A,0,P04406,10.74,/1U8F-alt1A_assembled/1U8F-alt1B_assembled,52.27610176,FALSE,,,623,18,B,0,O75531,10.19,/1QCK-alt-3_assembled/1QCK-alt-10_assembled/1QCK-alt-2_assembled/1QCK-alt-12_assembled/1QCK-alt-13_assembled/1QCK-alt-1_assembled/1QCK-alt-5_assembled/1QCK-alt-17_assembled/1QCK-alt-16_assembled/1QCK-alt-4_assembled/1QCK-alt-6_assembled/1QCK-alt-14_assembled/1QCK-alt-7_assembled/1QCK-alt-18_assembled/1QCK-alt-19_assembled/1QCK-alt-9_assembled/1QCK-alt-8_assembled/1QCK-alt-21_assembled/1QCK-alt-20_assembled,29.22100047,TRUE,
23,271,B,0,P04406,10.42,/1U8F-alt1A_assembled/1U8F-alt1B_assembled,67.824891,FALSE,,,636,44,A,83.6,P60981,10.27,/AF-P60981-F1-model_v1,62.73132211,TRUE,no other struc available
24,309,A,0,P04406,9.32,/1U8F-alt1A_assembled/1U8F-alt1B_assembled,0,FALSE,,,684,329,A,98.12,Q562R1,9.93,/AF-Q562R1-F1-model_v1,53.08034948,TRUE,no other struc available
25,334,B,0,P04406,10.05,/1U8F-alt1A_assembled/1U8F-alt1B_assembled,9.650972632,FALSE,,,703,330,A,98.36,P62736,9.94,/AF-P62736-F1-model_v1,54.28672105,TRUE,no other struc available
26,6,B,0,P62987,9.65,/2LJ5-alt-78_assembled/2LJ5-alt-100_assembled/2LJ5-alt-114_assembled/2LJ5-alt-44_assembled/2LJ5-alt-50_assembled/2LJ5-alt-128_assembled/2LJ5-alt-87_assembled/2LJ5-alt-93_assembled/2LJ5-alt-276_assembled/2LJ5-alt-262_assembled/2LJ5-alt-289_assembled/2LJ5-alt-288_assembled/2LJ5-alt-263_assembled/2LJ5-alt-277_assembled/2LJ5-alt-92_assembled/2LJ5-alt-86_assembled/2LJ5-alt-129_assembled/2LJ5-alt-51_assembled/2LJ5-alt-45_assembled/2LJ5-alt-115_assembled/2LJ5-alt-101_assembled/2LJ5-alt-79_assembled/2LJ5-alt-117_assembled/2LJ5-alt-103_assembled/2LJ5-alt-53_assembled/2LJ5-alt-47_assembled/2LJ5-alt-90_assembled/2LJ5-alt-84_assembled/2LJ5-alt-301_assembled/2LJ5-alt-261_assembled/2LJ5-alt-275_assembled/2LJ5-alt-249_assembled/2LJ5-alt-248_assembled/2LJ5-alt-274_assembled/2LJ5-alt-260_assembled/2LJ5-alt-300_assembled/2LJ5-alt-85_assembled/2LJ5-alt-91_assembled/2LJ5-alt-46_assembled/2LJ5-alt-52_assembled/2LJ5-alt-102_assembled/2LJ5-alt-116_assembled/2LJ5-alt-56_assembled/2LJ5-alt-42_assembled/2LJ5-alt-112_assembled/2LJ5-alt-106_assembled/2LJ5-alt-95_assembled/2LJ5-alt-81_assembled/2LJ5-alt-258_assembled/2LJ5-alt-264_assembled/2LJ5-alt-270_assembled/2LJ5-alt-271_assembled/2LJ5-alt-265_assembled/2LJ5-alt-259_assembled/2LJ5-alt-80_assembled/2LJ5-alt-94_assembled/2LJ5-alt-107_assembled/2LJ5-alt-113_assembled/2LJ5-alt-43_assembled/2LJ5-alt-57_assembled/2LJ5-alt-139_assembled/2LJ5-alt-41_assembled/2LJ5-alt-55_assembled/2LJ5-alt-105_assembled/2LJ5-alt-111_assembled/2LJ5-alt-69_assembled/2LJ5-alt-82_assembled/2LJ5-alt-96_assembled/2LJ5-alt-273_assembled/2LJ5-alt-267_assembled/2LJ5-alt-298_assembled/2LJ5-alt-299_assembled/2LJ5-alt-266_assembled/2LJ5-alt-272_assembled/2LJ5-alt-97_assembled/2LJ5-alt-83_assembled/2LJ5-alt-68_assembled/2LJ5-alt-110_assembled/2LJ5-alt-104_assembled/2LJ5-alt-54_assembled/2LJ5-alt-40_assembled/2LJ5-alt-138_assembled/2LJ5-alt-163_assembled/2LJ5-alt-177_assembled/2LJ5-alt-27_assembled/2LJ5-alt-33_assembled/2LJ5-alt-188_assembled/2LJ5-alt-215_assembled/2LJ5-alt-201_assembled/2LJ5-alt-229_assembled/2LJ5-alt-3_assembled/2LJ5-alt-2_assembled/2LJ5-alt-228_assembled/2LJ5-alt-200_assembled/2LJ5-alt-214_assembled/2LJ5-alt-189_assembled/2LJ5-alt-32_assembled/2LJ5-alt-26_assembled/2LJ5-alt-176_assembled/2LJ5-alt-162_assembled/2LJ5-alt-174_assembled/2LJ5-alt-160_assembled/2LJ5-alt-18_assembled/2LJ5-alt-148_assembled/2LJ5-alt-30_assembled/2LJ5-alt-24_assembled/2LJ5-alt-202_assembled/2LJ5-alt-216_assembled/2LJ5-alt-1_assembled/2LJ5-alt-217_assembled/2LJ5-alt-203_assembled/2LJ5-alt-25_assembled/2LJ5-alt-31_assembled/2LJ5-alt-149_assembled/2LJ5-alt-19_assembled/2LJ5-alt-161_assembled/2LJ5-alt-175_assembled/2LJ5-alt-35_assembled/2LJ5-alt-21_assembled/2LJ5-alt-159_assembled/2LJ5-alt-171_assembled/2LJ5-alt-165_assembled/2LJ5-alt-207_assembled/2LJ5-alt-213_assembled/2LJ5-alt-5_assembled/2LJ5-alt-4_assembled/2LJ5-alt-212_assembled/2LJ5-alt-206_assembled/2LJ5-alt-164_assembled/2LJ5-alt-170_assembled/2LJ5-alt-158_assembled/2LJ5-alt-20_assembled/2LJ5-alt-34_assembled/2LJ5-alt-22_assembled/2LJ5-alt-36_assembled/2LJ5-alt-166_assembled/2LJ5-alt-172_assembled/2LJ5-alt-199_assembled/2LJ5-alt-238_assembled/2LJ5-alt-210_assembled/2LJ5-alt-204_assembled/2LJ5-alt-6_assembled/2LJ5-alt-7_assembled/2LJ5-alt-205_assembled/2LJ5-alt-211_assembled/2LJ5-alt-239_assembled/2LJ5-alt-198_assembled/2LJ5-alt-173_assembled/2LJ5-alt-167_assembled/2LJ5-alt-37_assembled/2LJ5-alt-23_assembled/2LJ5-alt-142_assembled/2LJ5-alt-156_assembled/2LJ5-alt-12_assembled/2LJ5-alt-181_assembled/2LJ5-alt-195_assembled/2LJ5-alt-234_assembled/2LJ5-alt-220_assembled/2LJ5-alt-208_assembled/2LJ5-alt-209_assembled/2LJ5-alt-221_assembled/2LJ5-alt-235_assembled/2LJ5-alt-194_assembled/2LJ5-alt-180_assembled/2LJ5-alt-13_assembled/2LJ5-alt-157_assembled/2LJ5-alt-143_assembled/2LJ5-alt-155_assembled/2LJ5-alt-39_assembled/2LJ5-alt-141_assembled/2LJ5-alt-11_assembled/2LJ5-alt-169_assembled/2LJ5-alt-196_assembled/2LJ5-alt-182_assembled/2LJ5-alt-223_assembled/2LJ5-alt-237_assembled/2LJ5-alt-9_assembled/2LJ5-alt-8_assembled/2LJ5-alt-236_assembled/2LJ5-alt-222_assembled/2LJ5-alt-183_assembled/2LJ5-alt-197_assembled/2LJ5-alt-168_assembled/2LJ5-alt-10_assembled/2LJ5-alt-140_assembled/2LJ5-alt-38_assembled/2LJ5-alt-154_assembled/2LJ5-alt-14_assembled/2LJ5-alt-178_assembled/2LJ5-alt-150_assembled/2LJ5-alt-28_assembled/2LJ5-alt-144_assembled/2LJ5-alt-193_assembled/2LJ5-alt-187_assembled/2LJ5-alt-226_assembled/2LJ5-alt-232_assembled/2LJ5-alt-233_assembled/2LJ5-alt-227_assembled/2LJ5-alt-186_assembled/2LJ5-alt-192_assembled/2LJ5-alt-145_assembled/2LJ5-alt-29_assembled/2LJ5-alt-151_assembled/2LJ5-alt-179_assembled/2LJ5-alt-15_assembled/2LJ5-alt-17_assembled/2LJ5-alt-147_assembled/2LJ5-alt-153_assembled/2LJ5-alt-184_assembled/2LJ5-alt-190_assembled/2LJ5-alt-219_assembled/2LJ5-alt-231_assembled/2LJ5-alt-225_assembled/2LJ5-alt-224_assembled/2LJ5-alt-230_assembled/2LJ5-alt-218_assembled/2LJ5-alt-191_assembled/2LJ5-alt-185_assembled/2LJ5-alt-152_assembled/2LJ5-alt-146_assembled/2LJ5-alt-16_assembled/2LJ5-alt-121_assembled/2LJ5-alt-59_assembled/2LJ5-alt-135_assembled/2LJ5-alt-65_assembled/2LJ5-alt-109_assembled/2LJ5-alt-71_assembled/2LJ5-alt-257_assembled/2LJ5-alt-243_assembled/2LJ5-alt-294_assembled/2LJ5-alt-280_assembled/2LJ5-alt-281_assembled/2LJ5-alt-295_assembled/2LJ5-alt-242_assembled/2LJ5-alt-256_assembled/2LJ5-alt-70_assembled/2LJ5-alt-108_assembled/2LJ5-alt-64_assembled/2LJ5-alt-134_assembled/2LJ5-alt-58_assembled/2LJ5-alt-120_assembled/2LJ5-alt-136_assembled/2LJ5-alt-122_assembled/2LJ5-alt-72_assembled/2LJ5-alt-66_assembled/2LJ5-alt-99_assembled/2LJ5-alt-240_assembled/2LJ5-alt-254_assembled/2LJ5-alt-268_assembled/2LJ5-alt-283_assembled/2LJ5-alt-297_assembled/2LJ5-alt-296_assembled/2LJ5-alt-282_assembled/2LJ5-alt-269_assembled/2LJ5-alt-255_assembled/2LJ5-alt-241_assembled/2LJ5-alt-98_assembled/2LJ5-alt-67_assembled/2LJ5-alt-73_assembled/2LJ5-alt-123_assembled/2LJ5-alt-137_assembled/2LJ5-alt-77_assembled/2LJ5-alt-63_assembled/2LJ5-alt-133_assembled/2LJ5-alt-127_assembled/2LJ5-alt-88_assembled/2LJ5-alt-279_assembled/2LJ5-alt-245_assembled/2LJ5-alt-251_assembled/2LJ5-alt-286_assembled/2LJ5-alt-292_assembled/2LJ5-alt-293_assembled/2LJ5-alt-287_assembled/2LJ5-alt-250_assembled/2LJ5-alt-244_assembled/2LJ5-alt-278_assembled/2LJ5-alt-89_assembled/2LJ5-alt-126_assembled/2LJ5-alt-132_assembled/2LJ5-alt-62_assembled/2LJ5-alt-76_assembled/2LJ5-alt-60_assembled/2LJ5-alt-118_assembled/2LJ5-alt-74_assembled/2LJ5-alt-124_assembled/2LJ5-alt-48_assembled/2LJ5-alt-130_assembled/2LJ5-alt-252_assembled/2LJ5-alt-246_assembled/2LJ5-alt-291_assembled/2LJ5-alt-285_assembled/2LJ5-alt-284_assembled/2LJ5-alt-290_assembled/2LJ5-alt-247_assembled/2LJ5-alt-253_assembled/2LJ5-alt-131_assembled/2LJ5-alt-49_assembled/2LJ5-alt-125_assembled/2LJ5-alt-75_assembled/2LJ5-alt-119_assembled/2LJ5-alt-61_assembled/2MBH-alt-20_assembled/2MBH-alt-19_assembled/2MBH-alt-18_assembled/2MBH-alt-9_assembled/2MBH-alt-8_assembled/2MBH-alt-1_assembled/2MBH-alt-3_assembled/2MBH-alt-2_assembled/2MBH-alt-6_assembled/2MBH-alt-7_assembled/2MBH-alt-5_assembled/2MBH-alt-4_assembled/2MBH-alt-15_assembled/2MBH-alt-14_assembled/2MBH-alt-16_assembled/2MBH-alt-17_assembled/2MBH-alt-13_assembled/2MBH-alt-12_assembled/2MBH-alt-10_assembled/2MBH-alt-11_assembled,47.18253287,FALSE,,,730,426,A,96.52,P48668,10.64,/AF-P48668-F1-model_v1,82.16730866,TRUE,no other struc available
27,11,A,0,P62987,10.2,/2LJ5-alt-78_assembled/2LJ5-alt-100_assembled/2LJ5-alt-114_assembled/2LJ5-alt-44_assembled/2LJ5-alt-50_assembled/2LJ5-alt-128_assembled/2LJ5-alt-87_assembled/2LJ5-alt-93_assembled/2LJ5-alt-276_assembled/2LJ5-alt-262_assembled/2LJ5-alt-289_assembled/2LJ5-alt-288_assembled/2LJ5-alt-263_assembled/2LJ5-alt-277_assembled/2LJ5-alt-92_assembled/2LJ5-alt-86_assembled/2LJ5-alt-129_assembled/2LJ5-alt-51_assembled/2LJ5-alt-45_assembled/2LJ5-alt-115_assembled/2LJ5-alt-101_assembled/2LJ5-alt-79_assembled/2LJ5-alt-117_assembled/2LJ5-alt-103_assembled/2LJ5-alt-53_assembled/2LJ5-alt-47_assembled/2LJ5-alt-90_assembled/2LJ5-alt-84_assembled/2LJ5-alt-301_assembled/2LJ5-alt-261_assembled/2LJ5-alt-275_assembled/2LJ5-alt-249_assembled/2LJ5-alt-248_assembled/2LJ5-alt-274_assembled/2LJ5-alt-260_assembled/2LJ5-alt-300_assembled/2LJ5-alt-85_assembled/2LJ5-alt-91_assembled/2LJ5-alt-46_assembled/2LJ5-alt-52_assembled/2LJ5-alt-102_assembled/2LJ5-alt-116_assembled/2LJ5-alt-56_assembled/2LJ5-alt-42_assembled/2LJ5-alt-112_assembled/2LJ5-alt-106_assembled/2LJ5-alt-95_assembled/2LJ5-alt-81_assembled/2LJ5-alt-258_assembled/2LJ5-alt-264_assembled/2LJ5-alt-270_assembled/2LJ5-alt-271_assembled/2LJ5-alt-265_assembled/2LJ5-alt-259_assembled/2LJ5-alt-80_assembled/2LJ5-alt-94_assembled/2LJ5-alt-107_assembled/2LJ5-alt-113_assembled/2LJ5-alt-43_assembled/2LJ5-alt-57_assembled/2LJ5-alt-139_assembled/2LJ5-alt-41_assembled/2LJ5-alt-55_assembled/2LJ5-alt-105_assembled/2LJ5-alt-111_assembled/2LJ5-alt-69_assembled/2LJ5-alt-82_assembled/2LJ5-alt-96_assembled/2LJ5-alt-273_assembled/2LJ5-alt-267_assembled/2LJ5-alt-298_assembled/2LJ5-alt-299_assembled/2LJ5-alt-266_assembled/2LJ5-alt-272_assembled/2LJ5-alt-97_assembled/2LJ5-alt-83_assembled/2LJ5-alt-68_assembled/2LJ5-alt-110_assembled/2LJ5-alt-104_assembled/2LJ5-alt-54_assembled/2LJ5-alt-40_assembled/2LJ5-alt-138_assembled/2LJ5-alt-163_assembled/2LJ5-alt-177_assembled/2LJ5-alt-27_assembled/2LJ5-alt-33_assembled/2LJ5-alt-188_assembled/2LJ5-alt-215_assembled/2LJ5-alt-201_assembled/2LJ5-alt-229_assembled/2LJ5-alt-3_assembled/2LJ5-alt-2_assembled/2LJ5-alt-228_assembled/2LJ5-alt-200_assembled/2LJ5-alt-214_assembled/2LJ5-alt-189_assembled/2LJ5-alt-32_assembled/2LJ5-alt-26_assembled/2LJ5-alt-176_assembled/2LJ5-alt-162_assembled/2LJ5-alt-174_assembled/2LJ5-alt-160_assembled/2LJ5-alt-18_assembled/2LJ5-alt-148_assembled/2LJ5-alt-30_assembled/2LJ5-alt-24_assembled/2LJ5-alt-202_assembled/2LJ5-alt-216_assembled/2LJ5-alt-1_assembled/2LJ5-alt-217_assembled/2LJ5-alt-203_assembled/2LJ5-alt-25_assembled/2LJ5-alt-31_assembled/2LJ5-alt-149_assembled/2LJ5-alt-19_assembled/2LJ5-alt-161_assembled/2LJ5-alt-175_assembled/2LJ5-alt-35_assembled/2LJ5-alt-21_assembled/2LJ5-alt-159_assembled/2LJ5-alt-171_assembled/2LJ5-alt-165_assembled/2LJ5-alt-207_assembled/2LJ5-alt-213_assembled/2LJ5-alt-5_assembled/2LJ5-alt-4_assembled/2LJ5-alt-212_assembled/2LJ5-alt-206_assembled/2LJ5-alt-164_assembled/2LJ5-alt-170_assembled/2LJ5-alt-158_assembled/2LJ5-alt-20_assembled/2LJ5-alt-34_assembled/2LJ5-alt-22_assembled/2LJ5-alt-36_assembled/2LJ5-alt-166_assembled/2LJ5-alt-172_assembled/2LJ5-alt-199_assembled/2LJ5-alt-238_assembled/2LJ5-alt-210_assembled/2LJ5-alt-204_assembled/2LJ5-alt-6_assembled/2LJ5-alt-7_assembled/2LJ5-alt-205_assembled/2LJ5-alt-211_assembled/2LJ5-alt-239_assembled/2LJ5-alt-198_assembled/2LJ5-alt-173_assembled/2LJ5-alt-167_assembled/2LJ5-alt-37_assembled/2LJ5-alt-23_assembled/2LJ5-alt-142_assembled/2LJ5-alt-156_assembled/2LJ5-alt-12_assembled/2LJ5-alt-181_assembled/2LJ5-alt-195_assembled/2LJ5-alt-234_assembled/2LJ5-alt-220_assembled/2LJ5-alt-208_assembled/2LJ5-alt-209_assembled/2LJ5-alt-221_assembled/2LJ5-alt-235_assembled/2LJ5-alt-194_assembled/2LJ5-alt-180_assembled/2LJ5-alt-13_assembled/2LJ5-alt-157_assembled/2LJ5-alt-143_assembled/2LJ5-alt-155_assembled/2LJ5-alt-39_assembled/2LJ5-alt-141_assembled/2LJ5-alt-11_assembled/2LJ5-alt-169_assembled/2LJ5-alt-196_assembled/2LJ5-alt-182_assembled/2LJ5-alt-223_assembled/2LJ5-alt-237_assembled/2LJ5-alt-9_assembled/2LJ5-alt-8_assembled/2LJ5-alt-236_assembled/2LJ5-alt-222_assembled/2LJ5-alt-183_assembled/2LJ5-alt-197_assembled/2LJ5-alt-168_assembled/2LJ5-alt-10_assembled/2LJ5-alt-140_assembled/2LJ5-alt-38_assembled/2LJ5-alt-154_assembled/2LJ5-alt-14_assembled/2LJ5-alt-178_assembled/2LJ5-alt-150_assembled/2LJ5-alt-28_assembled/2LJ5-alt-144_assembled/2LJ5-alt-193_assembled/2LJ5-alt-187_assembled/2LJ5-alt-226_assembled/2LJ5-alt-232_assembled/2LJ5-alt-233_assembled/2LJ5-alt-227_assembled/2LJ5-alt-186_assembled/2LJ5-alt-192_assembled/2LJ5-alt-145_assembled/2LJ5-alt-29_assembled/2LJ5-alt-151_assembled/2LJ5-alt-179_assembled/2LJ5-alt-15_assembled/2LJ5-alt-17_assembled/2LJ5-alt-147_assembled/2LJ5-alt-153_assembled/2LJ5-alt-184_assembled/2LJ5-alt-190_assembled/2LJ5-alt-219_assembled/2LJ5-alt-231_assembled/2LJ5-alt-225_assembled/2LJ5-alt-224_assembled/2LJ5-alt-230_assembled/2LJ5-alt-218_assembled/2LJ5-alt-191_assembled/2LJ5-alt-185_assembled/2LJ5-alt-152_assembled/2LJ5-alt-146_assembled/2LJ5-alt-16_assembled/2LJ5-alt-121_assembled/2LJ5-alt-59_assembled/2LJ5-alt-135_assembled/2LJ5-alt-65_assembled/2LJ5-alt-109_assembled/2LJ5-alt-71_assembled/2LJ5-alt-257_assembled/2LJ5-alt-243_assembled/2LJ5-alt-294_assembled/2LJ5-alt-280_assembled/2LJ5-alt-281_assembled/2LJ5-alt-295_assembled/2LJ5-alt-242_assembled/2LJ5-alt-256_assembled/2LJ5-alt-70_assembled/2LJ5-alt-108_assembled/2LJ5-alt-64_assembled/2LJ5-alt-134_assembled/2LJ5-alt-58_assembled/2LJ5-alt-120_assembled/2LJ5-alt-136_assembled/2LJ5-alt-122_assembled/2LJ5-alt-72_assembled/2LJ5-alt-66_assembled/2LJ5-alt-99_assembled/2LJ5-alt-240_assembled/2LJ5-alt-254_assembled/2LJ5-alt-268_assembled/2LJ5-alt-283_assembled/2LJ5-alt-297_assembled/2LJ5-alt-296_assembled/2LJ5-alt-282_assembled/2LJ5-alt-269_assembled/2LJ5-alt-255_assembled/2LJ5-alt-241_assembled/2LJ5-alt-98_assembled/2LJ5-alt-67_assembled/2LJ5-alt-73_assembled/2LJ5-alt-123_assembled/2LJ5-alt-137_assembled/2LJ5-alt-77_assembled/2LJ5-alt-63_assembled/2LJ5-alt-133_assembled/2LJ5-alt-127_assembled/2LJ5-alt-88_assembled/2LJ5-alt-279_assembled/2LJ5-alt-245_assembled/2LJ5-alt-251_assembled/2LJ5-alt-286_assembled/2LJ5-alt-292_assembled/2LJ5-alt-293_assembled/2LJ5-alt-287_assembled/2LJ5-alt-250_assembled/2LJ5-alt-244_assembled/2LJ5-alt-278_assembled/2LJ5-alt-89_assembled/2LJ5-alt-126_assembled/2LJ5-alt-132_assembled/2LJ5-alt-62_assembled/2LJ5-alt-76_assembled/2LJ5-alt-60_assembled/2LJ5-alt-118_assembled/2LJ5-alt-74_assembled/2LJ5-alt-124_assembled/2LJ5-alt-48_assembled/2LJ5-alt-130_assembled/2LJ5-alt-252_assembled/2LJ5-alt-246_assembled/2LJ5-alt-291_assembled/2LJ5-alt-285_assembled/2LJ5-alt-284_assembled/2LJ5-alt-290_assembled/2LJ5-alt-247_assembled/2LJ5-alt-253_assembled/2LJ5-alt-131_assembled/2LJ5-alt-49_assembled/2LJ5-alt-125_assembled/2LJ5-alt-75_assembled/2LJ5-alt-119_assembled/2LJ5-alt-61_assembled/2MBH-alt-20_assembled/2MBH-alt-19_assembled/2MBH-alt-18_assembled/2MBH-alt-9_assembled/2MBH-alt-8_assembled/2MBH-alt-1_assembled/2MBH-alt-3_assembled/2MBH-alt-2_assembled/2MBH-alt-6_assembled/2MBH-alt-7_assembled/2MBH-alt-5_assembled/2MBH-alt-4_assembled/2MBH-alt-15_assembled/2MBH-alt-14_assembled/2MBH-alt-16_assembled/2MBH-alt-17_assembled/2MBH-alt-13_assembled/2MBH-alt-12_assembled/2MBH-alt-10_assembled/2MBH-alt-11_assembled,64.20577626,TRUE,,,736,34,A,0,P10412,10.44,/3TZD-alt1C_assembled/3TZD-alt1B_assembled/3TZD-alt1A_assembled,76.13545076,TRUE,
28,27,B,0,P62987,6.24,/2LJ5-alt-78_assembled/2LJ5-alt-100_assembled/2LJ5-alt-114_assembled/2LJ5-alt-44_assembled/2LJ5-alt-50_assembled/2LJ5-alt-128_assembled/2LJ5-alt-87_assembled/2LJ5-alt-93_assembled/2LJ5-alt-276_assembled/2LJ5-alt-262_assembled/2LJ5-alt-289_assembled/2LJ5-alt-288_assembled/2LJ5-alt-263_assembled/2LJ5-alt-277_assembled/2LJ5-alt-92_assembled/2LJ5-alt-86_assembled/2LJ5-alt-129_assembled/2LJ5-alt-51_assembled/2LJ5-alt-45_assembled/2LJ5-alt-115_assembled/2LJ5-alt-101_assembled/2LJ5-alt-79_assembled/2LJ5-alt-117_assembled/2LJ5-alt-103_assembled/2LJ5-alt-53_assembled/2LJ5-alt-47_assembled/2LJ5-alt-90_assembled/2LJ5-alt-84_assembled/2LJ5-alt-301_assembled/2LJ5-alt-261_assembled/2LJ5-alt-275_assembled/2LJ5-alt-249_assembled/2LJ5-alt-248_assembled/2LJ5-alt-274_assembled/2LJ5-alt-260_assembled/2LJ5-alt-300_assembled/2LJ5-alt-85_assembled/2LJ5-alt-91_assembled/2LJ5-alt-46_assembled/2LJ5-alt-52_assembled/2LJ5-alt-102_assembled/2LJ5-alt-116_assembled/2LJ5-alt-56_assembled/2LJ5-alt-42_assembled/2LJ5-alt-112_assembled/2LJ5-alt-106_assembled/2LJ5-alt-95_assembled/2LJ5-alt-81_assembled/2LJ5-alt-258_assembled/2LJ5-alt-264_assembled/2LJ5-alt-270_assembled/2LJ5-alt-271_assembled/2LJ5-alt-265_assembled/2LJ5-alt-259_assembled/2LJ5-alt-80_assembled/2LJ5-alt-94_assembled/2LJ5-alt-107_assembled/2LJ5-alt-113_assembled/2LJ5-alt-43_assembled/2LJ5-alt-57_assembled/2LJ5-alt-139_assembled/2LJ5-alt-41_assembled/2LJ5-alt-55_assembled/2LJ5-alt-105_assembled/2LJ5-alt-111_assembled/2LJ5-alt-69_assembled/2LJ5-alt-82_assembled/2LJ5-alt-96_assembled/2LJ5-alt-273_assembled/2LJ5-alt-267_assembled/2LJ5-alt-298_assembled/2LJ5-alt-299_assembled/2LJ5-alt-266_assembled/2LJ5-alt-272_assembled/2LJ5-alt-97_assembled/2LJ5-alt-83_assembled/2LJ5-alt-68_assembled/2LJ5-alt-110_assembled/2LJ5-alt-104_assembled/2LJ5-alt-54_assembled/2LJ5-alt-40_assembled/2LJ5-alt-138_assembled/2LJ5-alt-163_assembled/2LJ5-alt-177_assembled/2LJ5-alt-27_assembled/2LJ5-alt-33_assembled/2LJ5-alt-188_assembled/2LJ5-alt-215_assembled/2LJ5-alt-201_assembled/2LJ5-alt-229_assembled/2LJ5-alt-3_assembled/2LJ5-alt-2_assembled/2LJ5-alt-228_assembled/2LJ5-alt-200_assembled/2LJ5-alt-214_assembled/2LJ5-alt-189_assembled/2LJ5-alt-32_assembled/2LJ5-alt-26_assembled/2LJ5-alt-176_assembled/2LJ5-alt-162_assembled/2LJ5-alt-174_assembled/2LJ5-alt-160_assembled/2LJ5-alt-18_assembled/2LJ5-alt-148_assembled/2LJ5-alt-30_assembled/2LJ5-alt-24_assembled/2LJ5-alt-202_assembled/2LJ5-alt-216_assembled/2LJ5-alt-1_assembled/2LJ5-alt-217_assembled/2LJ5-alt-203_assembled/2LJ5-alt-25_assembled/2LJ5-alt-31_assembled/2LJ5-alt-149_assembled/2LJ5-alt-19_assembled/2LJ5-alt-161_assembled/2LJ5-alt-175_assembled/2LJ5-alt-35_assembled/2LJ5-alt-21_assembled/2LJ5-alt-159_assembled/2LJ5-alt-171_assembled/2LJ5-alt-165_assembled/2LJ5-alt-207_assembled/2LJ5-alt-213_assembled/2LJ5-alt-5_assembled/2LJ5-alt-4_assembled/2LJ5-alt-212_assembled/2LJ5-alt-206_assembled/2LJ5-alt-164_assembled/2LJ5-alt-170_assembled/2LJ5-alt-158_assembled/2LJ5-alt-20_assembled/2LJ5-alt-34_assembled/2LJ5-alt-22_assembled/2LJ5-alt-36_assembled/2LJ5-alt-166_assembled/2LJ5-alt-172_assembled/2LJ5-alt-199_assembled/2LJ5-alt-238_assembled/2LJ5-alt-210_assembled/2LJ5-alt-204_assembled/2LJ5-alt-6_assembled/2LJ5-alt-7_assembled/2LJ5-alt-205_assembled/2LJ5-alt-211_assembled/2LJ5-alt-239_assembled/2LJ5-alt-198_assembled/2LJ5-alt-173_assembled/2LJ5-alt-167_assembled/2LJ5-alt-37_assembled/2LJ5-alt-23_assembled/2LJ5-alt-142_assembled/2LJ5-alt-156_assembled/2LJ5-alt-12_assembled/2LJ5-alt-181_assembled/2LJ5-alt-195_assembled/2LJ5-alt-234_assembled/2LJ5-alt-220_assembled/2LJ5-alt-208_assembled/2LJ5-alt-209_assembled/2LJ5-alt-221_assembled/2LJ5-alt-235_assembled/2LJ5-alt-194_assembled/2LJ5-alt-180_assembled/2LJ5-alt-13_assembled/2LJ5-alt-157_assembled/2LJ5-alt-143_assembled/2LJ5-alt-155_assembled/2LJ5-alt-39_assembled/2LJ5-alt-141_assembled/2LJ5-alt-11_assembled/2LJ5-alt-169_assembled/2LJ5-alt-196_assembled/2LJ5-alt-182_assembled/2LJ5-alt-223_assembled/2LJ5-alt-237_assembled/2LJ5-alt-9_assembled/2LJ5-alt-8_assembled/2LJ5-alt-236_assembled/2LJ5-alt-222_assembled/2LJ5-alt-183_assembled/2LJ5-alt-197_assembled/2LJ5-alt-168_assembled/2LJ5-alt-10_assembled/2LJ5-alt-140_assembled/2LJ5-alt-38_assembled/2LJ5-alt-154_assembled/2LJ5-alt-14_assembled/2LJ5-alt-178_assembled/2LJ5-alt-150_assembled/2LJ5-alt-28_assembled/2LJ5-alt-144_assembled/2LJ5-alt-193_assembled/2LJ5-alt-187_assembled/2LJ5-alt-226_assembled/2LJ5-alt-232_assembled/2LJ5-alt-233_assembled/2LJ5-alt-227_assembled/2LJ5-alt-186_assembled/2LJ5-alt-192_assembled/2LJ5-alt-145_assembled/2LJ5-alt-29_assembled/2LJ5-alt-151_assembled/2LJ5-alt-179_assembled/2LJ5-alt-15_assembled/2LJ5-alt-17_assembled/2LJ5-alt-147_assembled/2LJ5-alt-153_assembled/2LJ5-alt-184_assembled/2LJ5-alt-190_assembled/2LJ5-alt-219_assembled/2LJ5-alt-231_assembled/2LJ5-alt-225_assembled/2LJ5-alt-224_assembled/2LJ5-alt-230_assembled/2LJ5-alt-218_assembled/2LJ5-alt-191_assembled/2LJ5-alt-185_assembled/2LJ5-alt-152_assembled/2LJ5-alt-146_assembled/2LJ5-alt-16_assembled/2LJ5-alt-121_assembled/2LJ5-alt-59_assembled/2LJ5-alt-135_assembled/2LJ5-alt-65_assembled/2LJ5-alt-109_assembled/2LJ5-alt-71_assembled/2LJ5-alt-257_assembled/2LJ5-alt-243_assembled/2LJ5-alt-294_assembled/2LJ5-alt-280_assembled/2LJ5-alt-281_assembled/2LJ5-alt-295_assembled/2LJ5-alt-242_assembled/2LJ5-alt-256_assembled/2LJ5-alt-70_assembled/2LJ5-alt-108_assembled/2LJ5-alt-64_assembled/2LJ5-alt-134_assembled/2LJ5-alt-58_assembled/2LJ5-alt-120_assembled/2LJ5-alt-136_assembled/2LJ5-alt-122_assembled/2LJ5-alt-72_assembled/2LJ5-alt-66_assembled/2LJ5-alt-99_assembled/2LJ5-alt-240_assembled/2LJ5-alt-254_assembled/2LJ5-alt-268_assembled/2LJ5-alt-283_assembled/2LJ5-alt-297_assembled/2LJ5-alt-296_assembled/2LJ5-alt-282_assembled/2LJ5-alt-269_assembled/2LJ5-alt-255_assembled/2LJ5-alt-241_assembled/2LJ5-alt-98_assembled/2LJ5-alt-67_assembled/2LJ5-alt-73_assembled/2LJ5-alt-123_assembled/2LJ5-alt-137_assembled/2LJ5-alt-77_assembled/2LJ5-alt-63_assembled/2LJ5-alt-133_assembled/2LJ5-alt-127_assembled/2LJ5-alt-88_assembled/2LJ5-alt-279_assembled/2LJ5-alt-245_assembled/2LJ5-alt-251_assembled/2LJ5-alt-286_assembled/2LJ5-alt-292_assembled/2LJ5-alt-293_assembled/2LJ5-alt-287_assembled/2LJ5-alt-250_assembled/2LJ5-alt-244_assembled/2LJ5-alt-278_assembled/2LJ5-alt-89_assembled/2LJ5-alt-126_assembled/2LJ5-alt-132_assembled/2LJ5-alt-62_assembled/2LJ5-alt-76_assembled/2LJ5-alt-60_assembled/2LJ5-alt-118_assembled/2LJ5-alt-74_assembled/2LJ5-alt-124_assembled/2LJ5-alt-48_assembled/2LJ5-alt-130_assembled/2LJ5-alt-252_assembled/2LJ5-alt-246_assembled/2LJ5-alt-291_assembled/2LJ5-alt-285_assembled/2LJ5-alt-284_assembled/2LJ5-alt-290_assembled/2LJ5-alt-247_assembled/2LJ5-alt-253_assembled/2LJ5-alt-131_assembled/2LJ5-alt-49_assembled/2LJ5-alt-125_assembled/2LJ5-alt-75_assembled/2LJ5-alt-119_assembled/2LJ5-alt-61_assembled/2MBH-alt-20_assembled/2MBH-alt-19_assembled/2MBH-alt-18_assembled/2MBH-alt-9_assembled/2MBH-alt-8_assembled/2MBH-alt-1_assembled/2MBH-alt-3_assembled/2MBH-alt-2_assembled/2MBH-alt-6_assembled/2MBH-alt-7_assembled/2MBH-alt-5_assembled/2MBH-alt-4_assembled/2MBH-alt-15_assembled/2MBH-alt-14_assembled/2MBH-alt-16_assembled/2MBH-alt-17_assembled/2MBH-alt-13_assembled/2MBH-alt-12_assembled/2MBH-alt-10_assembled/2MBH-alt-11_assembled,0,FALSE,,,759,426,A,96.08,P02538,11.06,/AF-P02538-F1-model_v1,70.23763415,TRUE,no other struc available
29,29,B,0,P62987,9.56,/2LJ5-alt-78_assembled/2LJ5-alt-100_assembled/2LJ5-alt-114_assembled/2LJ5-alt-44_assembled/2LJ5-alt-50_assembled/2LJ5-alt-128_assembled/2LJ5-alt-87_assembled/2LJ5-alt-93_assembled/2LJ5-alt-276_assembled/2LJ5-alt-262_assembled/2LJ5-alt-289_assembled/2LJ5-alt-288_assembled/2LJ5-alt-263_assembled/2LJ5-alt-277_assembled/2LJ5-alt-92_assembled/2LJ5-alt-86_assembled/2LJ5-alt-129_assembled/2LJ5-alt-51_assembled/2LJ5-alt-45_assembled/2LJ5-alt-115_assembled/2LJ5-alt-101_assembled/2LJ5-alt-79_assembled/2LJ5-alt-117_assembled/2LJ5-alt-103_assembled/2LJ5-alt-53_assembled/2LJ5-alt-47_assembled/2LJ5-alt-90_assembled/2LJ5-alt-84_assembled/2LJ5-alt-301_assembled/2LJ5-alt-261_assembled/2LJ5-alt-275_assembled/2LJ5-alt-249_assembled/2LJ5-alt-248_assembled/2LJ5-alt-274_assembled/2LJ5-alt-260_assembled/2LJ5-alt-300_assembled/2LJ5-alt-85_assembled/2LJ5-alt-91_assembled/2LJ5-alt-46_assembled/2LJ5-alt-52_assembled/2LJ5-alt-102_assembled/2LJ5-alt-116_assembled/2LJ5-alt-56_assembled/2LJ5-alt-42_assembled/2LJ5-alt-112_assembled/2LJ5-alt-106_assembled/2LJ5-alt-95_assembled/2LJ5-alt-81_assembled/2LJ5-alt-258_assembled/2LJ5-alt-264_assembled/2LJ5-alt-270_assembled/2LJ5-alt-271_assembled/2LJ5-alt-265_assembled/2LJ5-alt-259_assembled/2LJ5-alt-80_assembled/2LJ5-alt-94_assembled/2LJ5-alt-107_assembled/2LJ5-alt-113_assembled/2LJ5-alt-43_assembled/2LJ5-alt-57_assembled/2LJ5-alt-139_assembled/2LJ5-alt-41_assembled/2LJ5-alt-55_assembled/2LJ5-alt-105_assembled/2LJ5-alt-111_assembled/2LJ5-alt-69_assembled/2LJ5-alt-82_assembled/2LJ5-alt-96_assembled/2LJ5-alt-273_assembled/2LJ5-alt-267_assembled/2LJ5-alt-298_assembled/2LJ5-alt-299_assembled/2LJ5-alt-266_assembled/2LJ5-alt-272_assembled/2LJ5-alt-97_assembled/2LJ5-alt-83_assembled/2LJ5-alt-68_assembled/2LJ5-alt-110_assembled/2LJ5-alt-104_assembled/2LJ5-alt-54_assembled/2LJ5-alt-40_assembled/2LJ5-alt-138_assembled/2LJ5-alt-163_assembled/2LJ5-alt-177_assembled/2LJ5-alt-27_assembled/2LJ5-alt-33_assembled/2LJ5-alt-188_assembled/2LJ5-alt-215_assembled/2LJ5-alt-201_assembled/2LJ5-alt-229_assembled/2LJ5-alt-3_assembled/2LJ5-alt-2_assembled/2LJ5-alt-228_assembled/2LJ5-alt-200_assembled/2LJ5-alt-214_assembled/2LJ5-alt-189_assembled/2LJ5-alt-32_assembled/2LJ5-alt-26_assembled/2LJ5-alt-176_assembled/2LJ5-alt-162_assembled/2LJ5-alt-174_assembled/2LJ5-alt-160_assembled/2LJ5-alt-18_assembled/2LJ5-alt-148_assembled/2LJ5-alt-30_assembled/2LJ5-alt-24_assembled/2LJ5-alt-202_assembled/2LJ5-alt-216_assembled/2LJ5-alt-1_assembled/2LJ5-alt-217_assembled/2LJ5-alt-203_assembled/2LJ5-alt-25_assembled/2LJ5-alt-31_assembled/2LJ5-alt-149_assembled/2LJ5-alt-19_assembled/2LJ5-alt-161_assembled/2LJ5-alt-175_assembled/2LJ5-alt-35_assembled/2LJ5-alt-21_assembled/2LJ5-alt-159_assembled/2LJ5-alt-171_assembled/2LJ5-alt-165_assembled/2LJ5-alt-207_assembled/2LJ5-alt-213_assembled/2LJ5-alt-5_assembled/2LJ5-alt-4_assembled/2LJ5-alt-212_assembled/2LJ5-alt-206_assembled/2LJ5-alt-164_assembled/2LJ5-alt-170_assembled/2LJ5-alt-158_assembled/2LJ5-alt-20_assembled/2LJ5-alt-34_assembled/2LJ5-alt-22_assembled/2LJ5-alt-36_assembled/2LJ5-alt-166_assembled/2LJ5-alt-172_assembled/2LJ5-alt-199_assembled/2LJ5-alt-238_assembled/2LJ5-alt-210_assembled/2LJ5-alt-204_assembled/2LJ5-alt-6_assembled/2LJ5-alt-7_assembled/2LJ5-alt-205_assembled/2LJ5-alt-211_assembled/2LJ5-alt-239_assembled/2LJ5-alt-198_assembled/2LJ5-alt-173_assembled/2LJ5-alt-167_assembled/2LJ5-alt-37_assembled/2LJ5-alt-23_assembled/2LJ5-alt-142_assembled/2LJ5-alt-156_assembled/2LJ5-alt-12_assembled/2LJ5-alt-181_assembled/2LJ5-alt-195_assembled/2LJ5-alt-234_assembled/2LJ5-alt-220_assembled/2LJ5-alt-208_assembled/2LJ5-alt-209_assembled/2LJ5-alt-221_assembled/2LJ5-alt-235_assembled/2LJ5-alt-194_assembled/2LJ5-alt-180_assembled/2LJ5-alt-13_assembled/2LJ5-alt-157_assembled/2LJ5-alt-143_assembled/2LJ5-alt-155_assembled/2LJ5-alt-39_assembled/2LJ5-alt-141_assembled/2LJ5-alt-11_assembled/2LJ5-alt-169_assembled/2LJ5-alt-196_assembled/2LJ5-alt-182_assembled/2LJ5-alt-223_assembled/2LJ5-alt-237_assembled/2LJ5-alt-9_assembled/2LJ5-alt-8_assembled/2LJ5-alt-236_assembled/2LJ5-alt-222_assembled/2LJ5-alt-183_assembled/2LJ5-alt-197_assembled/2LJ5-alt-168_assembled/2LJ5-alt-10_assembled/2LJ5-alt-140_assembled/2LJ5-alt-38_assembled/2LJ5-alt-154_assembled/2LJ5-alt-14_assembled/2LJ5-alt-178_assembled/2LJ5-alt-150_assembled/2LJ5-alt-28_assembled/2LJ5-alt-144_assembled/2LJ5-alt-193_assembled/2LJ5-alt-187_assembled/2LJ5-alt-226_assembled/2LJ5-alt-232_assembled/2LJ5-alt-233_assembled/2LJ5-alt-227_assembled/2LJ5-alt-186_assembled/2LJ5-alt-192_assembled/2LJ5-alt-145_assembled/2LJ5-alt-29_assembled/2LJ5-alt-151_assembled/2LJ5-alt-179_assembled/2LJ5-alt-15_assembled/2LJ5-alt-17_assembled/2LJ5-alt-147_assembled/2LJ5-alt-153_assembled/2LJ5-alt-184_assembled/2LJ5-alt-190_assembled/2LJ5-alt-219_assembled/2LJ5-alt-231_assembled/2LJ5-alt-225_assembled/2LJ5-alt-224_assembled/2LJ5-alt-230_assembled/2LJ5-alt-218_assembled/2LJ5-alt-191_assembled/2LJ5-alt-185_assembled/2LJ5-alt-152_assembled/2LJ5-alt-146_assembled/2LJ5-alt-16_assembled/2LJ5-alt-121_assembled/2LJ5-alt-59_assembled/2LJ5-alt-135_assembled/2LJ5-alt-65_assembled/2LJ5-alt-109_assembled/2LJ5-alt-71_assembled/2LJ5-alt-257_assembled/2LJ5-alt-243_assembled/2LJ5-alt-294_assembled/2LJ5-alt-280_assembled/2LJ5-alt-281_assembled/2LJ5-alt-295_assembled/2LJ5-alt-242_assembled/2LJ5-alt-256_assembled/2LJ5-alt-70_assembled/2LJ5-alt-108_assembled/2LJ5-alt-64_assembled/2LJ5-alt-134_assembled/2LJ5-alt-58_assembled/2LJ5-alt-120_assembled/2LJ5-alt-136_assembled/2LJ5-alt-122_assembled/2LJ5-alt-72_assembled/2LJ5-alt-66_assembled/2LJ5-alt-99_assembled/2LJ5-alt-240_assembled/2LJ5-alt-254_assembled/2LJ5-alt-268_assembled/2LJ5-alt-283_assembled/2LJ5-alt-297_assembled/2LJ5-alt-296_assembled/2LJ5-alt-282_assembled/2LJ5-alt-269_assembled/2LJ5-alt-255_assembled/2LJ5-alt-241_assembled/2LJ5-alt-98_assembled/2LJ5-alt-67_assembled/2LJ5-alt-73_assembled/2LJ5-alt-123_assembled/2LJ5-alt-137_assembled/2LJ5-alt-77_assembled/2LJ5-alt-63_assembled/2LJ5-alt-133_assembled/2LJ5-alt-127_assembled/2LJ5-alt-88_assembled/2LJ5-alt-279_assembled/2LJ5-alt-245_assembled/2LJ5-alt-251_assembled/2LJ5-alt-286_assembled/2LJ5-alt-292_assembled/2LJ5-alt-293_assembled/2LJ5-alt-287_assembled/2LJ5-alt-250_assembled/2LJ5-alt-244_assembled/2LJ5-alt-278_assembled/2LJ5-alt-89_assembled/2LJ5-alt-126_assembled/2LJ5-alt-132_assembled/2LJ5-alt-62_assembled/2LJ5-alt-76_assembled/2LJ5-alt-60_assembled/2LJ5-alt-118_assembled/2LJ5-alt-74_assembled/2LJ5-alt-124_assembled/2LJ5-alt-48_assembled/2LJ5-alt-130_assembled/2LJ5-alt-252_assembled/2LJ5-alt-246_assembled/2LJ5-alt-291_assembled/2LJ5-alt-285_assembled/2LJ5-alt-284_assembled/2LJ5-alt-290_assembled/2LJ5-alt-247_assembled/2LJ5-alt-253_assembled/2LJ5-alt-131_assembled/2LJ5-alt-49_assembled/2LJ5-alt-125_assembled/2LJ5-alt-75_assembled/2LJ5-alt-119_assembled/2LJ5-alt-61_assembled/2MBH-alt-20_assembled/2MBH-alt-19_assembled/2MBH-alt-18_assembled/2MBH-alt-9_assembled/2MBH-alt-8_assembled/2MBH-alt-1_assembled/2MBH-alt-3_assembled/2MBH-alt-2_assembled/2MBH-alt-6_assembled/2MBH-alt-7_assembled/2MBH-alt-5_assembled/2MBH-alt-4_assembled/2MBH-alt-15_assembled/2MBH-alt-14_assembled/2MBH-alt-16_assembled/2MBH-alt-17_assembled/2MBH-alt-13_assembled/2MBH-alt-12_assembled/2MBH-alt-10_assembled/2MBH-alt-11_assembled,27.47846374,FALSE,,,871,230,A,79.54,O00567,10.47,/AF-O00567-F1-model_v1,60.45262024,TRUE,no other struc available
30,33,B,0,P62987,9.82,/2LJ5-alt-78_assembled/2LJ5-alt-100_assembled/2LJ5-alt-114_assembled/2LJ5-alt-44_assembled/2LJ5-alt-50_assembled/2LJ5-alt-128_assembled/2LJ5-alt-87_assembled/2LJ5-alt-93_assembled/2LJ5-alt-276_assembled/2LJ5-alt-262_assembled/2LJ5-alt-289_assembled/2LJ5-alt-288_assembled/2LJ5-alt-263_assembled/2LJ5-alt-277_assembled/2LJ5-alt-92_assembled/2LJ5-alt-86_assembled/2LJ5-alt-129_assembled/2LJ5-alt-51_assembled/2LJ5-alt-45_assembled/2LJ5-alt-115_assembled/2LJ5-alt-101_assembled/2LJ5-alt-79_assembled/2LJ5-alt-117_assembled/2LJ5-alt-103_assembled/2LJ5-alt-53_assembled/2LJ5-alt-47_assembled/2LJ5-alt-90_assembled/2LJ5-alt-84_assembled/2LJ5-alt-301_assembled/2LJ5-alt-261_assembled/2LJ5-alt-275_assembled/2LJ5-alt-249_assembled/2LJ5-alt-248_assembled/2LJ5-alt-274_assembled/2LJ5-alt-260_assembled/2LJ5-alt-300_assembled/2LJ5-alt-85_assembled/2LJ5-alt-91_assembled/2LJ5-alt-46_assembled/2LJ5-alt-52_assembled/2LJ5-alt-102_assembled/2LJ5-alt-116_assembled/2LJ5-alt-56_assembled/2LJ5-alt-42_assembled/2LJ5-alt-112_assembled/2LJ5-alt-106_assembled/2LJ5-alt-95_assembled/2LJ5-alt-81_assembled/2LJ5-alt-258_assembled/2LJ5-alt-264_assembled/2LJ5-alt-270_assembled/2LJ5-alt-271_assembled/2LJ5-alt-265_assembled/2LJ5-alt-259_assembled/2LJ5-alt-80_assembled/2LJ5-alt-94_assembled/2LJ5-alt-107_assembled/2LJ5-alt-113_assembled/2LJ5-alt-43_assembled/2LJ5-alt-57_assembled/2LJ5-alt-139_assembled/2LJ5-alt-41_assembled/2LJ5-alt-55_assembled/2LJ5-alt-105_assembled/2LJ5-alt-111_assembled/2LJ5-alt-69_assembled/2LJ5-alt-82_assembled/2LJ5-alt-96_assembled/2LJ5-alt-273_assembled/2LJ5-alt-267_assembled/2LJ5-alt-298_assembled/2LJ5-alt-299_assembled/2LJ5-alt-266_assembled/2LJ5-alt-272_assembled/2LJ5-alt-97_assembled/2LJ5-alt-83_assembled/2LJ5-alt-68_assembled/2LJ5-alt-110_assembled/2LJ5-alt-104_assembled/2LJ5-alt-54_assembled/2LJ5-alt-40_assembled/2LJ5-alt-138_assembled/2LJ5-alt-163_assembled/2LJ5-alt-177_assembled/2LJ5-alt-27_assembled/2LJ5-alt-33_assembled/2LJ5-alt-188_assembled/2LJ5-alt-215_assembled/2LJ5-alt-201_assembled/2LJ5-alt-229_assembled/2LJ5-alt-3_assembled/2LJ5-alt-2_assembled/2LJ5-alt-228_assembled/2LJ5-alt-200_assembled/2LJ5-alt-214_assembled/2LJ5-alt-189_assembled/2LJ5-alt-32_assembled/2LJ5-alt-26_assembled/2LJ5-alt-176_assembled/2LJ5-alt-162_assembled/2LJ5-alt-174_assembled/2LJ5-alt-160_assembled/2LJ5-alt-18_assembled/2LJ5-alt-148_assembled/2LJ5-alt-30_assembled/2LJ5-alt-24_assembled/2LJ5-alt-202_assembled/2LJ5-alt-216_assembled/2LJ5-alt-1_assembled/2LJ5-alt-217_assembled/2LJ5-alt-203_assembled/2LJ5-alt-25_assembled/2LJ5-alt-31_assembled/2LJ5-alt-149_assembled/2LJ5-alt-19_assembled/2LJ5-alt-161_assembled/2LJ5-alt-175_assembled/2LJ5-alt-35_assembled/2LJ5-alt-21_assembled/2LJ5-alt-159_assembled/2LJ5-alt-171_assembled/2LJ5-alt-165_assembled/2LJ5-alt-207_assembled/2LJ5-alt-213_assembled/2LJ5-alt-5_assembled/2LJ5-alt-4_assembled/2LJ5-alt-212_assembled/2LJ5-alt-206_assembled/2LJ5-alt-164_assembled/2LJ5-alt-170_assembled/2LJ5-alt-158_assembled/2LJ5-alt-20_assembled/2LJ5-alt-34_assembled/2LJ5-alt-22_assembled/2LJ5-alt-36_assembled/2LJ5-alt-166_assembled/2LJ5-alt-172_assembled/2LJ5-alt-199_assembled/2LJ5-alt-238_assembled/2LJ5-alt-210_assembled/2LJ5-alt-204_assembled/2LJ5-alt-6_assembled/2LJ5-alt-7_assembled/2LJ5-alt-205_assembled/2LJ5-alt-211_assembled/2LJ5-alt-239_assembled/2LJ5-alt-198_assembled/2LJ5-alt-173_assembled/2LJ5-alt-167_assembled/2LJ5-alt-37_assembled/2LJ5-alt-23_assembled/2LJ5-alt-142_assembled/2LJ5-alt-156_assembled/2LJ5-alt-12_assembled/2LJ5-alt-181_assembled/2LJ5-alt-195_assembled/2LJ5-alt-234_assembled/2LJ5-alt-220_assembled/2LJ5-alt-208_assembled/2LJ5-alt-209_assembled/2LJ5-alt-221_assembled/2LJ5-alt-235_assembled/2LJ5-alt-194_assembled/2LJ5-alt-180_assembled/2LJ5-alt-13_assembled/2LJ5-alt-157_assembled/2LJ5-alt-143_assembled/2LJ5-alt-155_assembled/2LJ5-alt-39_assembled/2LJ5-alt-141_assembled/2LJ5-alt-11_assembled/2LJ5-alt-169_assembled/2LJ5-alt-196_assembled/2LJ5-alt-182_assembled/2LJ5-alt-223_assembled/2LJ5-alt-237_assembled/2LJ5-alt-9_assembled/2LJ5-alt-8_assembled/2LJ5-alt-236_assembled/2LJ5-alt-222_assembled/2LJ5-alt-183_assembled/2LJ5-alt-197_assembled/2LJ5-alt-168_assembled/2LJ5-alt-10_assembled/2LJ5-alt-140_assembled/2LJ5-alt-38_assembled/2LJ5-alt-154_assembled/2LJ5-alt-14_assembled/2LJ5-alt-178_assembled/2LJ5-alt-150_assembled/2LJ5-alt-28_assembled/2LJ5-alt-144_assembled/2LJ5-alt-193_assembled/2LJ5-alt-187_assembled/2LJ5-alt-226_assembled/2LJ5-alt-232_assembled/2LJ5-alt-233_assembled/2LJ5-alt-227_assembled/2LJ5-alt-186_assembled/2LJ5-alt-192_assembled/2LJ5-alt-145_assembled/2LJ5-alt-29_assembled/2LJ5-alt-151_assembled/2LJ5-alt-179_assembled/2LJ5-alt-15_assembled/2LJ5-alt-17_assembled/2LJ5-alt-147_assembled/2LJ5-alt-153_assembled/2LJ5-alt-184_assembled/2LJ5-alt-190_assembled/2LJ5-alt-219_assembled/2LJ5-alt-231_assembled/2LJ5-alt-225_assembled/2LJ5-alt-224_assembled/2LJ5-alt-230_assembled/2LJ5-alt-218_assembled/2LJ5-alt-191_assembled/2LJ5-alt-185_assembled/2LJ5-alt-152_assembled/2LJ5-alt-146_assembled/2LJ5-alt-16_assembled/2LJ5-alt-121_assembled/2LJ5-alt-59_assembled/2LJ5-alt-135_assembled/2LJ5-alt-65_assembled/2LJ5-alt-109_assembled/2LJ5-alt-71_assembled/2LJ5-alt-257_assembled/2LJ5-alt-243_assembled/2LJ5-alt-294_assembled/2LJ5-alt-280_assembled/2LJ5-alt-281_assembled/2LJ5-alt-295_assembled/2LJ5-alt-242_assembled/2LJ5-alt-256_assembled/2LJ5-alt-70_assembled/2LJ5-alt-108_assembled/2LJ5-alt-64_assembled/2LJ5-alt-134_assembled/2LJ5-alt-58_assembled/2LJ5-alt-120_assembled/2LJ5-alt-136_assembled/2LJ5-alt-122_assembled/2LJ5-alt-72_assembled/2LJ5-alt-66_assembled/2LJ5-alt-99_assembled/2LJ5-alt-240_assembled/2LJ5-alt-254_assembled/2LJ5-alt-268_assembled/2LJ5-alt-283_assembled/2LJ5-alt-297_assembled/2LJ5-alt-296_assembled/2LJ5-alt-282_assembled/2LJ5-alt-269_assembled/2LJ5-alt-255_assembled/2LJ5-alt-241_assembled/2LJ5-alt-98_assembled/2LJ5-alt-67_assembled/2LJ5-alt-73_assembled/2LJ5-alt-123_assembled/2LJ5-alt-137_assembled/2LJ5-alt-77_assembled/2LJ5-alt-63_assembled/2LJ5-alt-133_assembled/2LJ5-alt-127_assembled/2LJ5-alt-88_assembled/2LJ5-alt-279_assembled/2LJ5-alt-245_assembled/2LJ5-alt-251_assembled/2LJ5-alt-286_assembled/2LJ5-alt-292_assembled/2LJ5-alt-293_assembled/2LJ5-alt-287_assembled/2LJ5-alt-250_assembled/2LJ5-alt-244_assembled/2LJ5-alt-278_assembled/2LJ5-alt-89_assembled/2LJ5-alt-126_assembled/2LJ5-alt-132_assembled/2LJ5-alt-62_assembled/2LJ5-alt-76_assembled/2LJ5-alt-60_assembled/2LJ5-alt-118_assembled/2LJ5-alt-74_assembled/2LJ5-alt-124_assembled/2LJ5-alt-48_assembled/2LJ5-alt-130_assembled/2LJ5-alt-252_assembled/2LJ5-alt-246_assembled/2LJ5-alt-291_assembled/2LJ5-alt-285_assembled/2LJ5-alt-284_assembled/2LJ5-alt-290_assembled/2LJ5-alt-247_assembled/2LJ5-alt-253_assembled/2LJ5-alt-131_assembled/2LJ5-alt-49_assembled/2LJ5-alt-125_assembled/2LJ5-alt-75_assembled/2LJ5-alt-119_assembled/2LJ5-alt-61_assembled/2MBH-alt-20_assembled/2MBH-alt-19_assembled/2MBH-alt-18_assembled/2MBH-alt-9_assembled/2MBH-alt-8_assembled/2MBH-alt-1_assembled/2MBH-alt-3_assembled/2MBH-alt-2_assembled/2MBH-alt-6_assembled/2MBH-alt-7_assembled/2MBH-alt-5_assembled/2MBH-alt-4_assembled/2MBH-alt-15_assembled/2MBH-alt-14_assembled/2MBH-alt-16_assembled/2MBH-alt-17_assembled/2MBH-alt-13_assembled/2MBH-alt-12_assembled/2MBH-alt-10_assembled/2MBH-alt-11_assembled,65.41214784,FALSE,,,896,156,C,0,Q01813,10.29,/4XZ2-alt-1_assembled/4XYJ-alt-1_assembled,77.87798749,TRUE,
31,48,A,0,P62987,9.84,/2LJ5-alt-78_assembled/2LJ5-alt-100_assembled/2LJ5-alt-114_assembled/2LJ5-alt-44_assembled/2LJ5-alt-50_assembled/2LJ5-alt-128_assembled/2LJ5-alt-87_assembled/2LJ5-alt-93_assembled/2LJ5-alt-276_assembled/2LJ5-alt-262_assembled/2LJ5-alt-289_assembled/2LJ5-alt-288_assembled/2LJ5-alt-263_assembled/2LJ5-alt-277_assembled/2LJ5-alt-92_assembled/2LJ5-alt-86_assembled/2LJ5-alt-129_assembled/2LJ5-alt-51_assembled/2LJ5-alt-45_assembled/2LJ5-alt-115_assembled/2LJ5-alt-101_assembled/2LJ5-alt-79_assembled/2LJ5-alt-117_assembled/2LJ5-alt-103_assembled/2LJ5-alt-53_assembled/2LJ5-alt-47_assembled/2LJ5-alt-90_assembled/2LJ5-alt-84_assembled/2LJ5-alt-301_assembled/2LJ5-alt-261_assembled/2LJ5-alt-275_assembled/2LJ5-alt-249_assembled/2LJ5-alt-248_assembled/2LJ5-alt-274_assembled/2LJ5-alt-260_assembled/2LJ5-alt-300_assembled/2LJ5-alt-85_assembled/2LJ5-alt-91_assembled/2LJ5-alt-46_assembled/2LJ5-alt-52_assembled/2LJ5-alt-102_assembled/2LJ5-alt-116_assembled/2LJ5-alt-56_assembled/2LJ5-alt-42_assembled/2LJ5-alt-112_assembled/2LJ5-alt-106_assembled/2LJ5-alt-95_assembled/2LJ5-alt-81_assembled/2LJ5-alt-258_assembled/2LJ5-alt-264_assembled/2LJ5-alt-270_assembled/2LJ5-alt-271_assembled/2LJ5-alt-265_assembled/2LJ5-alt-259_assembled/2LJ5-alt-80_assembled/2LJ5-alt-94_assembled/2LJ5-alt-107_assembled/2LJ5-alt-113_assembled/2LJ5-alt-43_assembled/2LJ5-alt-57_assembled/2LJ5-alt-139_assembled/2LJ5-alt-41_assembled/2LJ5-alt-55_assembled/2LJ5-alt-105_assembled/2LJ5-alt-111_assembled/2LJ5-alt-69_assembled/2LJ5-alt-82_assembled/2LJ5-alt-96_assembled/2LJ5-alt-273_assembled/2LJ5-alt-267_assembled/2LJ5-alt-298_assembled/2LJ5-alt-299_assembled/2LJ5-alt-266_assembled/2LJ5-alt-272_assembled/2LJ5-alt-97_assembled/2LJ5-alt-83_assembled/2LJ5-alt-68_assembled/2LJ5-alt-110_assembled/2LJ5-alt-104_assembled/2LJ5-alt-54_assembled/2LJ5-alt-40_assembled/2LJ5-alt-138_assembled/2LJ5-alt-163_assembled/2LJ5-alt-177_assembled/2LJ5-alt-27_assembled/2LJ5-alt-33_assembled/2LJ5-alt-188_assembled/2LJ5-alt-215_assembled/2LJ5-alt-201_assembled/2LJ5-alt-229_assembled/2LJ5-alt-3_assembled/2LJ5-alt-2_assembled/2LJ5-alt-228_assembled/2LJ5-alt-200_assembled/2LJ5-alt-214_assembled/2LJ5-alt-189_assembled/2LJ5-alt-32_assembled/2LJ5-alt-26_assembled/2LJ5-alt-176_assembled/2LJ5-alt-162_assembled/2LJ5-alt-174_assembled/2LJ5-alt-160_assembled/2LJ5-alt-18_assembled/2LJ5-alt-148_assembled/2LJ5-alt-30_assembled/2LJ5-alt-24_assembled/2LJ5-alt-202_assembled/2LJ5-alt-216_assembled/2LJ5-alt-1_assembled/2LJ5-alt-217_assembled/2LJ5-alt-203_assembled/2LJ5-alt-25_assembled/2LJ5-alt-31_assembled/2LJ5-alt-149_assembled/2LJ5-alt-19_assembled/2LJ5-alt-161_assembled/2LJ5-alt-175_assembled/2LJ5-alt-35_assembled/2LJ5-alt-21_assembled/2LJ5-alt-159_assembled/2LJ5-alt-171_assembled/2LJ5-alt-165_assembled/2LJ5-alt-207_assembled/2LJ5-alt-213_assembled/2LJ5-alt-5_assembled/2LJ5-alt-4_assembled/2LJ5-alt-212_assembled/2LJ5-alt-206_assembled/2LJ5-alt-164_assembled/2LJ5-alt-170_assembled/2LJ5-alt-158_assembled/2LJ5-alt-20_assembled/2LJ5-alt-34_assembled/2LJ5-alt-22_assembled/2LJ5-alt-36_assembled/2LJ5-alt-166_assembled/2LJ5-alt-172_assembled/2LJ5-alt-199_assembled/2LJ5-alt-238_assembled/2LJ5-alt-210_assembled/2LJ5-alt-204_assembled/2LJ5-alt-6_assembled/2LJ5-alt-7_assembled/2LJ5-alt-205_assembled/2LJ5-alt-211_assembled/2LJ5-alt-239_assembled/2LJ5-alt-198_assembled/2LJ5-alt-173_assembled/2LJ5-alt-167_assembled/2LJ5-alt-37_assembled/2LJ5-alt-23_assembled/2LJ5-alt-142_assembled/2LJ5-alt-156_assembled/2LJ5-alt-12_assembled/2LJ5-alt-181_assembled/2LJ5-alt-195_assembled/2LJ5-alt-234_assembled/2LJ5-alt-220_assembled/2LJ5-alt-208_assembled/2LJ5-alt-209_assembled/2LJ5-alt-221_assembled/2LJ5-alt-235_assembled/2LJ5-alt-194_assembled/2LJ5-alt-180_assembled/2LJ5-alt-13_assembled/2LJ5-alt-157_assembled/2LJ5-alt-143_assembled/2LJ5-alt-155_assembled/2LJ5-alt-39_assembled/2LJ5-alt-141_assembled/2LJ5-alt-11_assembled/2LJ5-alt-169_assembled/2LJ5-alt-196_assembled/2LJ5-alt-182_assembled/2LJ5-alt-223_assembled/2LJ5-alt-237_assembled/2LJ5-alt-9_assembled/2LJ5-alt-8_assembled/2LJ5-alt-236_assembled/2LJ5-alt-222_assembled/2LJ5-alt-183_assembled/2LJ5-alt-197_assembled/2LJ5-alt-168_assembled/2LJ5-alt-10_assembled/2LJ5-alt-140_assembled/2LJ5-alt-38_assembled/2LJ5-alt-154_assembled/2LJ5-alt-14_assembled/2LJ5-alt-178_assembled/2LJ5-alt-150_assembled/2LJ5-alt-28_assembled/2LJ5-alt-144_assembled/2LJ5-alt-193_assembled/2LJ5-alt-187_assembled/2LJ5-alt-226_assembled/2LJ5-alt-232_assembled/2LJ5-alt-233_assembled/2LJ5-alt-227_assembled/2LJ5-alt-186_assembled/2LJ5-alt-192_assembled/2LJ5-alt-145_assembled/2LJ5-alt-29_assembled/2LJ5-alt-151_assembled/2LJ5-alt-179_assembled/2LJ5-alt-15_assembled/2LJ5-alt-17_assembled/2LJ5-alt-147_assembled/2LJ5-alt-153_assembled/2LJ5-alt-184_assembled/2LJ5-alt-190_assembled/2LJ5-alt-219_assembled/2LJ5-alt-231_assembled/2LJ5-alt-225_assembled/2LJ5-alt-224_assembled/2LJ5-alt-230_assembled/2LJ5-alt-218_assembled/2LJ5-alt-191_assembled/2LJ5-alt-185_assembled/2LJ5-alt-152_assembled/2LJ5-alt-146_assembled/2LJ5-alt-16_assembled/2LJ5-alt-121_assembled/2LJ5-alt-59_assembled/2LJ5-alt-135_assembled/2LJ5-alt-65_assembled/2LJ5-alt-109_assembled/2LJ5-alt-71_assembled/2LJ5-alt-257_assembled/2LJ5-alt-243_assembled/2LJ5-alt-294_assembled/2LJ5-alt-280_assembled/2LJ5-alt-281_assembled/2LJ5-alt-295_assembled/2LJ5-alt-242_assembled/2LJ5-alt-256_assembled/2LJ5-alt-70_assembled/2LJ5-alt-108_assembled/2LJ5-alt-64_assembled/2LJ5-alt-134_assembled/2LJ5-alt-58_assembled/2LJ5-alt-120_assembled/2LJ5-alt-136_assembled/2LJ5-alt-122_assembled/2LJ5-alt-72_assembled/2LJ5-alt-66_assembled/2LJ5-alt-99_assembled/2LJ5-alt-240_assembled/2LJ5-alt-254_assembled/2LJ5-alt-268_assembled/2LJ5-alt-283_assembled/2LJ5-alt-297_assembled/2LJ5-alt-296_assembled/2LJ5-alt-282_assembled/2LJ5-alt-269_assembled/2LJ5-alt-255_assembled/2LJ5-alt-241_assembled/2LJ5-alt-98_assembled/2LJ5-alt-67_assembled/2LJ5-alt-73_assembled/2LJ5-alt-123_assembled/2LJ5-alt-137_assembled/2LJ5-alt-77_assembled/2LJ5-alt-63_assembled/2LJ5-alt-133_assembled/2LJ5-alt-127_assembled/2LJ5-alt-88_assembled/2LJ5-alt-279_assembled/2LJ5-alt-245_assembled/2LJ5-alt-251_assembled/2LJ5-alt-286_assembled/2LJ5-alt-292_assembled/2LJ5-alt-293_assembled/2LJ5-alt-287_assembled/2LJ5-alt-250_assembled/2LJ5-alt-244_assembled/2LJ5-alt-278_assembled/2LJ5-alt-89_assembled/2LJ5-alt-126_assembled/2LJ5-alt-132_assembled/2LJ5-alt-62_assembled/2LJ5-alt-76_assembled/2LJ5-alt-60_assembled/2LJ5-alt-118_assembled/2LJ5-alt-74_assembled/2LJ5-alt-124_assembled/2LJ5-alt-48_assembled/2LJ5-alt-130_assembled/2LJ5-alt-252_assembled/2LJ5-alt-246_assembled/2LJ5-alt-291_assembled/2LJ5-alt-285_assembled/2LJ5-alt-284_assembled/2LJ5-alt-290_assembled/2LJ5-alt-247_assembled/2LJ5-alt-253_assembled/2LJ5-alt-131_assembled/2LJ5-alt-49_assembled/2LJ5-alt-125_assembled/2LJ5-alt-75_assembled/2LJ5-alt-119_assembled/2LJ5-alt-61_assembled/2MBH-alt-20_assembled/2MBH-alt-19_assembled/2MBH-alt-18_assembled/2MBH-alt-9_assembled/2MBH-alt-8_assembled/2MBH-alt-1_assembled/2MBH-alt-3_assembled/2MBH-alt-2_assembled/2MBH-alt-6_assembled/2MBH-alt-7_assembled/2MBH-alt-5_assembled/2MBH-alt-4_assembled/2MBH-alt-15_assembled/2MBH-alt-14_assembled/2MBH-alt-16_assembled/2MBH-alt-17_assembled/2MBH-alt-13_assembled/2MBH-alt-12_assembled/2MBH-alt-10_assembled/2MBH-alt-11_assembled,30.15928947,FALSE,,,942,205,A,97.51,Q9ULV4,11.16,/AF-Q9ULV4-F1-model_v1,68.22701486,TRUE,no other struc available
32,63,B,0,P62987,10.26,/2LJ5-alt-78_assembled/2LJ5-alt-100_assembled/2LJ5-alt-114_assembled/2LJ5-alt-44_assembled/2LJ5-alt-50_assembled/2LJ5-alt-128_assembled/2LJ5-alt-87_assembled/2LJ5-alt-93_assembled/2LJ5-alt-276_assembled/2LJ5-alt-262_assembled/2LJ5-alt-289_assembled/2LJ5-alt-288_assembled/2LJ5-alt-263_assembled/2LJ5-alt-277_assembled/2LJ5-alt-92_assembled/2LJ5-alt-86_assembled/2LJ5-alt-129_assembled/2LJ5-alt-51_assembled/2LJ5-alt-45_assembled/2LJ5-alt-115_assembled/2LJ5-alt-101_assembled/2LJ5-alt-79_assembled/2LJ5-alt-117_assembled/2LJ5-alt-103_assembled/2LJ5-alt-53_assembled/2LJ5-alt-47_assembled/2LJ5-alt-90_assembled/2LJ5-alt-84_assembled/2LJ5-alt-301_assembled/2LJ5-alt-261_assembled/2LJ5-alt-275_assembled/2LJ5-alt-249_assembled/2LJ5-alt-248_assembled/2LJ5-alt-274_assembled/2LJ5-alt-260_assembled/2LJ5-alt-300_assembled/2LJ5-alt-85_assembled/2LJ5-alt-91_assembled/2LJ5-alt-46_assembled/2LJ5-alt-52_assembled/2LJ5-alt-102_assembled/2LJ5-alt-116_assembled/2LJ5-alt-56_assembled/2LJ5-alt-42_assembled/2LJ5-alt-112_assembled/2LJ5-alt-106_assembled/2LJ5-alt-95_assembled/2LJ5-alt-81_assembled/2LJ5-alt-258_assembled/2LJ5-alt-264_assembled/2LJ5-alt-270_assembled/2LJ5-alt-271_assembled/2LJ5-alt-265_assembled/2LJ5-alt-259_assembled/2LJ5-alt-80_assembled/2LJ5-alt-94_assembled/2LJ5-alt-107_assembled/2LJ5-alt-113_assembled/2LJ5-alt-43_assembled/2LJ5-alt-57_assembled/2LJ5-alt-139_assembled/2LJ5-alt-41_assembled/2LJ5-alt-55_assembled/2LJ5-alt-105_assembled/2LJ5-alt-111_assembled/2LJ5-alt-69_assembled/2LJ5-alt-82_assembled/2LJ5-alt-96_assembled/2LJ5-alt-273_assembled/2LJ5-alt-267_assembled/2LJ5-alt-298_assembled/2LJ5-alt-299_assembled/2LJ5-alt-266_assembled/2LJ5-alt-272_assembled/2LJ5-alt-97_assembled/2LJ5-alt-83_assembled/2LJ5-alt-68_assembled/2LJ5-alt-110_assembled/2LJ5-alt-104_assembled/2LJ5-alt-54_assembled/2LJ5-alt-40_assembled/2LJ5-alt-138_assembled/2LJ5-alt-163_assembled/2LJ5-alt-177_assembled/2LJ5-alt-27_assembled/2LJ5-alt-33_assembled/2LJ5-alt-188_assembled/2LJ5-alt-215_assembled/2LJ5-alt-201_assembled/2LJ5-alt-229_assembled/2LJ5-alt-3_assembled/2LJ5-alt-2_assembled/2LJ5-alt-228_assembled/2LJ5-alt-200_assembled/2LJ5-alt-214_assembled/2LJ5-alt-189_assembled/2LJ5-alt-32_assembled/2LJ5-alt-26_assembled/2LJ5-alt-176_assembled/2LJ5-alt-162_assembled/2LJ5-alt-174_assembled/2LJ5-alt-160_assembled/2LJ5-alt-18_assembled/2LJ5-alt-148_assembled/2LJ5-alt-30_assembled/2LJ5-alt-24_assembled/2LJ5-alt-202_assembled/2LJ5-alt-216_assembled/2LJ5-alt-1_assembled/2LJ5-alt-217_assembled/2LJ5-alt-203_assembled/2LJ5-alt-25_assembled/2LJ5-alt-31_assembled/2LJ5-alt-149_assembled/2LJ5-alt-19_assembled/2LJ5-alt-161_assembled/2LJ5-alt-175_assembled/2LJ5-alt-35_assembled/2LJ5-alt-21_assembled/2LJ5-alt-159_assembled/2LJ5-alt-171_assembled/2LJ5-alt-165_assembled/2LJ5-alt-207_assembled/2LJ5-alt-213_assembled/2LJ5-alt-5_assembled/2LJ5-alt-4_assembled/2LJ5-alt-212_assembled/2LJ5-alt-206_assembled/2LJ5-alt-164_assembled/2LJ5-alt-170_assembled/2LJ5-alt-158_assembled/2LJ5-alt-20_assembled/2LJ5-alt-34_assembled/2LJ5-alt-22_assembled/2LJ5-alt-36_assembled/2LJ5-alt-166_assembled/2LJ5-alt-172_assembled/2LJ5-alt-199_assembled/2LJ5-alt-238_assembled/2LJ5-alt-210_assembled/2LJ5-alt-204_assembled/2LJ5-alt-6_assembled/2LJ5-alt-7_assembled/2LJ5-alt-205_assembled/2LJ5-alt-211_assembled/2LJ5-alt-239_assembled/2LJ5-alt-198_assembled/2LJ5-alt-173_assembled/2LJ5-alt-167_assembled/2LJ5-alt-37_assembled/2LJ5-alt-23_assembled/2LJ5-alt-142_assembled/2LJ5-alt-156_assembled/2LJ5-alt-12_assembled/2LJ5-alt-181_assembled/2LJ5-alt-195_assembled/2LJ5-alt-234_assembled/2LJ5-alt-220_assembled/2LJ5-alt-208_assembled/2LJ5-alt-209_assembled/2LJ5-alt-221_assembled/2LJ5-alt-235_assembled/2LJ5-alt-194_assembled/2LJ5-alt-180_assembled/2LJ5-alt-13_assembled/2LJ5-alt-157_assembled/2LJ5-alt-143_assembled/2LJ5-alt-155_assembled/2LJ5-alt-39_assembled/2LJ5-alt-141_assembled/2LJ5-alt-11_assembled/2LJ5-alt-169_assembled/2LJ5-alt-196_assembled/2LJ5-alt-182_assembled/2LJ5-alt-223_assembled/2LJ5-alt-237_assembled/2LJ5-alt-9_assembled/2LJ5-alt-8_assembled/2LJ5-alt-236_assembled/2LJ5-alt-222_assembled/2LJ5-alt-183_assembled/2LJ5-alt-197_assembled/2LJ5-alt-168_assembled/2LJ5-alt-10_assembled/2LJ5-alt-140_assembled/2LJ5-alt-38_assembled/2LJ5-alt-154_assembled/2LJ5-alt-14_assembled/2LJ5-alt-178_assembled/2LJ5-alt-150_assembled/2LJ5-alt-28_assembled/2LJ5-alt-144_assembled/2LJ5-alt-193_assembled/2LJ5-alt-187_assembled/2LJ5-alt-226_assembled/2LJ5-alt-232_assembled/2LJ5-alt-233_assembled/2LJ5-alt-227_assembled/2LJ5-alt-186_assembled/2LJ5-alt-192_assembled/2LJ5-alt-145_assembled/2LJ5-alt-29_assembled/2LJ5-alt-151_assembled/2LJ5-alt-179_assembled/2LJ5-alt-15_assembled/2LJ5-alt-17_assembled/2LJ5-alt-147_assembled/2LJ5-alt-153_assembled/2LJ5-alt-184_assembled/2LJ5-alt-190_assembled/2LJ5-alt-219_assembled/2LJ5-alt-231_assembled/2LJ5-alt-225_assembled/2LJ5-alt-224_assembled/2LJ5-alt-230_assembled/2LJ5-alt-218_assembled/2LJ5-alt-191_assembled/2LJ5-alt-185_assembled/2LJ5-alt-152_assembled/2LJ5-alt-146_assembled/2LJ5-alt-16_assembled/2LJ5-alt-121_assembled/2LJ5-alt-59_assembled/2LJ5-alt-135_assembled/2LJ5-alt-65_assembled/2LJ5-alt-109_assembled/2LJ5-alt-71_assembled/2LJ5-alt-257_assembled/2LJ5-alt-243_assembled/2LJ5-alt-294_assembled/2LJ5-alt-280_assembled/2LJ5-alt-281_assembled/2LJ5-alt-295_assembled/2LJ5-alt-242_assembled/2LJ5-alt-256_assembled/2LJ5-alt-70_assembled/2LJ5-alt-108_assembled/2LJ5-alt-64_assembled/2LJ5-alt-134_assembled/2LJ5-alt-58_assembled/2LJ5-alt-120_assembled/2LJ5-alt-136_assembled/2LJ5-alt-122_assembled/2LJ5-alt-72_assembled/2LJ5-alt-66_assembled/2LJ5-alt-99_assembled/2LJ5-alt-240_assembled/2LJ5-alt-254_assembled/2LJ5-alt-268_assembled/2LJ5-alt-283_assembled/2LJ5-alt-297_assembled/2LJ5-alt-296_assembled/2LJ5-alt-282_assembled/2LJ5-alt-269_assembled/2LJ5-alt-255_assembled/2LJ5-alt-241_assembled/2LJ5-alt-98_assembled/2LJ5-alt-67_assembled/2LJ5-alt-73_assembled/2LJ5-alt-123_assembled/2LJ5-alt-137_assembled/2LJ5-alt-77_assembled/2LJ5-alt-63_assembled/2LJ5-alt-133_assembled/2LJ5-alt-127_assembled/2LJ5-alt-88_assembled/2LJ5-alt-279_assembled/2LJ5-alt-245_assembled/2LJ5-alt-251_assembled/2LJ5-alt-286_assembled/2LJ5-alt-292_assembled/2LJ5-alt-293_assembled/2LJ5-alt-287_assembled/2LJ5-alt-250_assembled/2LJ5-alt-244_assembled/2LJ5-alt-278_assembled/2LJ5-alt-89_assembled/2LJ5-alt-126_assembled/2LJ5-alt-132_assembled/2LJ5-alt-62_assembled/2LJ5-alt-76_assembled/2LJ5-alt-60_assembled/2LJ5-alt-118_assembled/2LJ5-alt-74_assembled/2LJ5-alt-124_assembled/2LJ5-alt-48_assembled/2LJ5-alt-130_assembled/2LJ5-alt-252_assembled/2LJ5-alt-246_assembled/2LJ5-alt-291_assembled/2LJ5-alt-285_assembled/2LJ5-alt-284_assembled/2LJ5-alt-290_assembled/2LJ5-alt-247_assembled/2LJ5-alt-253_assembled/2LJ5-alt-131_assembled/2LJ5-alt-49_assembled/2LJ5-alt-125_assembled/2LJ5-alt-75_assembled/2LJ5-alt-119_assembled/2LJ5-alt-61_assembled/2MBH-alt-20_assembled/2MBH-alt-19_assembled/2MBH-alt-18_assembled/2MBH-alt-9_assembled/2MBH-alt-8_assembled/2MBH-alt-1_assembled/2MBH-alt-3_assembled/2MBH-alt-2_assembled/2MBH-alt-6_assembled/2MBH-alt-7_assembled/2MBH-alt-5_assembled/2MBH-alt-4_assembled/2MBH-alt-15_assembled/2MBH-alt-14_assembled/2MBH-alt-16_assembled/2MBH-alt-17_assembled/2MBH-alt-13_assembled/2MBH-alt-12_assembled/2MBH-alt-10_assembled/2MBH-alt-11_assembled,83.90984538,FALSE,,,964,5,A,0,Q00796,10.43,/1PL8-alt1B_assembled/1PL8-alt1A_assembled,80.82689579,TRUE,
33,8,A,92.43,Q9HB71,10.42,/AF-Q9HB71-F1-model_v1,85.25025825,FALSE,,,1016,459,A,83.6,Q53GS9,10.41,/AF-Q53GS9-F1-model_v1,90.61190971,TRUE,Other strucs too large- at interface
34,14,A,92.99,Q9HB71,11.34,/AF-Q9HB71-F1-model_v1,47.04849158,FALSE,,,1060,583,A,71.79,Q9Y2R4,10.42,/AF-Q9Y2R4-F1-model_v1,91.14807486,TRUE,no other struc available
35,19,A,93.08,Q9HB71,10.43,/AF-Q9HB71-F1-model_v1,94.63314831,FALSE,,,1087,564,A,95.79,P55265,10.19,/AF-P55265-F1-model_v1,46.64636772,TRUE,no other struc available
36,23,A,92.78,Q9HB71,10.44,/AF-Q9HB71-F1-model_v1,83.23963895,FALSE,,,1166,295,A,92.51,Q6S8J3,10.45,/AF-Q6S8J3-F1-model_v1,81.7651848,TRUE,no other struc available
37,33,A,92.02,Q9HB71,10.47,/AF-Q9HB71-F1-model_v1,46.78040901,FALSE,,,1202,100,B,N/A,O95671,6.64,/2P5X-alt-1_assembled/AF-O95671-F1-model_v1,41.68684012,TRUE,
38,35,A,90.93,Q9HB71,11.64,/AF-Q9HB71-F1-model_v1,69.03126257,FALSE,,,1235,158,A,71.47,Q8N142,10.46,/AF-Q8N142-F1-model_v1,72.51633603,TRUE,no other struc available
39,41,A,87.59,Q9HB71,10.41,/AF-Q9HB71-F1-model_v1,72.38229474,FALSE,,,1288,297,A,75.29,O00471,10.49,/AF-O00471-F1-model_v1,112.728722,TRUE,no other struc available
40,43,A,82.57,Q9HB71,10.28,/AF-Q9HB71-F1-model_v1,53.75055591,FALSE,,,1339,295,A,90.69,Q68EM7,11.37,/AF-Q68EM7-F1-model_v1,45.97616129,TRUE,no other struc available
41,74,A,94.06,Q9HB71,10.38,/AF-Q9HB71-F1-model_v1,107.6351531,FALSE,,,1356,88,A,94.53,P37802,10.33,/AF-P37802-F1-model_v1,69.96955158,TRUE,in 1WYM labelled as 80
42,85,A,97.52,Q9HB71,10.61,/AF-Q9HB71-F1-model_v1,73.7227076,FALSE,,,1372,321,A,81.62,P35527,10.42,/AF-P35527-F1-model_v1,69.43338643,TRUE,no other struc available
43,88,A,98.16,Q9HB71,10.86,/AF-Q9HB71-F1-model_v1,38.20176667,FALSE,,,1413,419,A,97.75,P07900,11.32,/AF-P07900-F1-model_v1,41.01663369,TRUE,no other struc available
44,118,A,94.09,Q9HB71,10.17,/AF-Q9HB71-F1-model_v1,44.23362456,FALSE,,,1453,104,A,96,P61224,9.02,/AF-P61224-F1-model_v1,16.08495439,TRUE,6OQ4
45,123,A,91.82,Q9HB71,11.74,/AF-Q9HB71-F1-model_v1,52.54418433,FALSE,,,1466,125,B,0,P11021,10.38,/5EXW-alt1B_assembled/5EXW-alt1A_assembled/5F0X-alt1B_assembled/5F0X-alt1A_assembled,30.02524819,TRUE,
46,134,A,96.89,Q9HB71,10.06,/AF-Q9HB71-F1-model_v1,39.40813825,FALSE,,,1504,191,A,88.23,P08133,10.48,/AF-P08133-F1-model_v1,38.46984924,TRUE,1M9I
47,143,A,97.17,Q9HB71,9.8,/AF-Q9HB71-F1-model_v1,42.49108784,FALSE,,,1548,39,A,96.43,P39023,11.45,/AF-P39023-F1-model_v1,66.35043684,TRUE,Part of ribosome- too big
48,144,A,96.72,Q9HB71,10.29,/AF-Q9HB71-F1-model_v1,87.79704269,FALSE,,,1629,374,A,84.17,O43390,10.54,/AF-O43390-F1-model_v1,85.51834082,TRUE,2DK2 labelled as 49
49,146,A,95.62,Q9HB71,10.17,/AF-Q9HB71-F1-model_v1,88.7353317,FALSE,,,1634,135,A,89.94,P13861,11.54,/AF-P13861-F1-model_v1,82.16730866,TRUE,no other struc available
50,156,A,98.16,Q9HB71,9.14,/AF-Q9HB71-F1-model_v1,0,FALSE,,,1700,117,A,82.79,Q9Y285,10.42,/AF-Q9Y285-F1-model_v1,83.7758041,TRUE,no other struc available
51,157,A,97.21,Q9HB71,11.36,/AF-Q9HB71-F1-model_v1,60.98878538,FALSE,,,1728,146,A,0,Q9UIJ7,10.62,/6ZJE-alt1A_assembled/6ZJE-alt1C_assembled/6ZJE-alt1B_assembled,81.49710222,TRUE,
52,171,A,92.02,Q9HB71,10.98,/AF-Q9HB71-F1-model_v1,53.08034948,FALSE,,,1841,2026,A,0,P15924,10.55,/5DZZ-alt-1_assembled,86.99279497,TRUE,
53,174,A,86.11,Q9HB71,11.65,/AF-Q9HB71-F1-model_v1,62.73132211,FALSE,,,1885,281,A,85.1,Q969X6,10.4,/AF-Q969X6-F1-model_v1,88.60129041,TRUE,no other struc available
54,176,A,75.74,Q9HB71,10.7,/AF-Q9HB71-F1-model_v1,95.16931345,FALSE,,,1907,56,A,90.78,Q63ZY6,9.68,/AF-Q63ZY6-F1-model_v1,0,TRUE,no other struc available
55,212,A,76.83,Q9HB71,10.41,/AF-Q9HB71-F1-model_v1,53.34843205,FALSE,,,1961,124,D,0,P22392,10.16,/3BBF-alt1B_assembled/3BBF-alt1A_assembled/3BBC-alt1B_assembled/3BBC-alt1A_assembled,87.66300141,TRUE,
56,25,A,91.83,P0DMV9,11.59,/AF-P0DMV9-F1-model_v1,76.26949205,FALSE,,,1965,12,C,0,P15531,7.06,/1UCN-alt-1_assembled/2HVD-alt-1_assembled,9.516931345,TRUE,
57,56,A,96.77,P0DMV9,11.55,/AF-P0DMV9-F1-model_v1,26.40613345,FALSE,,,1982,92,A,95.71,P62805,10.48,/AF-P62805-F1-model_v1,86.7247124,TRUE,in 2CV5 labelled 91
58,71,A,94.2,P0DMV9,11.4,/AF-P0DMV9-F1-model_v1,0,FALSE,,,1990,127,A,0,P09211,10.15,/6Y1E-alt1A_assembled/6Y1E-alt1B_assembled/2A2R-alt1B_assembled/2A2R-alt1A_assembled,89.13745556,TRUE,
59,77,A,90.85,P0DMV9,10.1,/AF-P0DMV9-F1-model_v1,73.85674889,FALSE,,,1998,122,C,0,P0A6B4,5.04,/4XBJ-alt1B_assembled/4XBJ-alt1A_assembled/4WR3-alt1B_assembled/4WR3-alt1A_assembled,15.68283053,TRUE,
60,88,A,91.51,P0DMV9,10.32,/AF-P0DMV9-F1-model_v1,80.55881322,FALSE,,,2017,203,A,0,P0C2C2,8.46,/1BXN-alt-1_assembled,0,TRUE,
61,100,A,90.74,P0DMV9,10.33,/AF-P0DMV9-F1-model_v1,8.042477193,FALSE,,,2028,129,B,0,P10724,5.71,/1BD0-alt-1_assembled/1SFT-alt-1_assembled,6.970146901,TRUE,
62,102,A,96.89,P0DMV9,12.12,/AF-P0DMV9-F1-model_v1,22.65297743,FALSE,,,2043,70,A,0,P14489,5.7,/1E3U-alt1B_assembled/1E3U-alt1A_assembled/1EWZ-alt-1_assembled,0,TRUE,
63,108,A,92.13,P0DMV9,12.03,/AF-P0DMV9-F1-model_v1,33.10819778,FALSE,,,2083,219,B,0,P69996,5.47,/1E9Y-alt-1_assembled/1E9Z-alt-1_assembled,0,TRUE,
64,112,A,96.53,P0DMV9,9.75,/AF-P0DMV9-F1-model_v1,16.35303696,FALSE,,,2137,173,B,0,Q5L1E2,8.81,/2OEJ-alt-1_assembled,0,TRUE,
65,126,A,97.79,P0DMV9,10.99,/AF-P0DMV9-F1-model_v1,24.52955544,FALSE,,,2153,184,A,0,Q70AC7,10.31,/1RQE-alt1B_assembled/1RQE-alt1A_assembled,16.48707825,TRUE,
66,128,A,97.57,P0DMV9,9.52,/AF-P0DMV9-F1-model_v1,15.54878924,FALSE,,,2179,103,A,98.55,P05020,7.73,/AF-P05020-F1-model_v1,0,TRUE,all kcx
67,159,A,93.79,P0DMV9,10.08,/AF-P0DMV9-F1-model_v1,49.46123474,FALSE,,,2190,225,B,0,P22188,8.65,/7B53-alt1A_assembled/7B53-alt1B_assembled/7B60-alt1A_assembled/7B60-alt1B_assembled,8.444601053,TRUE,
68,220,A,97.03,P0DMV9,11.09,/AF-P0DMV9-F1-model_v1,32.84011521,FALSE,,,2205,162,B,0,P39377,7.15,/1YBQ-alt1B_assembled/1YBQ-alt1A_assembled,0,TRUE,
69,246,A,97.73,P0DMV9,11.51,/AF-P0DMV9-F1-model_v1,57.36967064,FALSE,,,2225,741,B,0,P11498,8.35,/3BG9-alt-1_assembled,10.72330292,TRUE,
70,248,A,97.69,P0DMV9,11.03,/AF-P0DMV9-F1-model_v1,38.46984924,FALSE,,,2245,1556,A,0,P27708,9.78,/4C6B-alt1A_assembled/4C6B-alt1B_assembled,0,TRUE,
71,250,A,96.51,P0DMV9,10.24,/AF-P0DMV9-F1-model_v1,78.54819392,FALSE,,,,,,,,,,,,
72,251,A,96.81,P0DMV9,11.3,/AF-P0DMV9-F1-model_v1,25.8699683,FALSE,,,,,,,,,,,,
73,257,A,92.65,P0DMV9,9.74,/AF-P0DMV9-F1-model_v1,47.58465673,FALSE,,,,,,,,,,,,
74,271,A,98.05,P0DMV9,11.25,/AF-P0DMV9-F1-model_v1,23.72530772,FALSE,,,,,,,,,,,,
75,319,A,94.33,P0DMV9,10.73,/AF-P0DMV9-F1-model_v1,36.72731252,FALSE,,,,,,,,,,,,
76,325,A,96.97,P0DMV9,10.42,/AF-P0DMV9-F1-model_v1,86.18854725,FALSE,,,,,,,,,,,,
77,328,A,96.53,P0DMV9,9.71,/AF-P0DMV9-F1-model_v1,45.70807871,FALSE,,,,,,,,,,,,
78,345,A,98.01,P0DMV9,10.17,/AF-P0DMV9-F1-model_v1,51.20377146,FALSE,,,,,,,,,,,,
79,348,A,97.89,P0DMV9,10.71,/AF-P0DMV9-F1-model_v1,72.51633603,FALSE,,,,,,,,,,,,
80,361,A,90.95,P0DMV9,10.05,/AF-P0DMV9-F1-model_v1,59.7824138,FALSE,,,,,,,,,,,,
81,384,A,83.67,P0DMV9,10.45,/AF-P0DMV9-F1-model_v1,87.66300141,FALSE,,,,,,,,,,,,
82,415,A,93.48,P0DMV9,10.4,/AF-P0DMV9-F1-model_v1,94.36506573,FALSE,,,,,,,,,,,,
83,423,A,96.45,P0DMV9,10.56,/AF-P0DMV9-F1-model_v1,62.06111567,FALSE,,,,,,,,,,,,
84,451,A,83.46,P0DMV9,10.7,/AF-P0DMV9-F1-model_v1,78.28011135,FALSE,,,,,,,,,,,,
85,493,A,88.6,P0DMV9,11.42,/AF-P0DMV9-F1-model_v1,35.25285836,FALSE,,,,,,,,,,,,
86,512,A,74.49,P0DMV9,10.56,/AF-P0DMV9-F1-model_v1,92.75657029,FALSE,,,,,,,,,,,,
87,524,A,87.27,P0DMV9,10.68,/AF-P0DMV9-F1-model_v1,75.7333269,FALSE,,,,,,,,,,,,
88,526,A,81.38,P0DMV9,10.78,/AF-P0DMV9-F1-model_v1,69.43338643,FALSE,,,,,,,,,,,,
89,539,A,90.36,P0DMV9,10.25,/AF-P0DMV9-F1-model_v1,44.23362456,TRUE,,,,,,,,,,,,
90,550,A,88.83,P0DMV9,10.54,/AF-P0DMV9-F1-model_v1,41.41875754,FALSE,,,,,,,,,,,,
91,561,A,77.1,P0DMV9,10.38,/AF-P0DMV9-F1-model_v1,58.44200094,FALSE,,,,,,,,,,,,
92,567,A,87.78,P0DMV9,10.4,/AF-P0DMV9-F1-model_v1,30.82949591,FALSE,,,,,,,,,,,,
93,568,A,90.94,P0DMV9,10.67,/AF-P0DMV9-F1-model_v1,60.18453766,FALSE,,,,,,,,,,,,
94,569,A,91.63,P0DMV9,10.45,/AF-P0DMV9-F1-model_v1,68.76318,FALSE,,,,,,,,,,,,
95,573,A,94.39,P0DMV9,12.03,/AF-P0DMV9-F1-model_v1,7.640353334,FALSE,,,,,,,,,,,,
96,589,A,91.75,P0DMV9,11.78,/AF-P0DMV9-F1-model_v1,30.96353719,FALSE,,,,,,,,,,,,
97,595,A,95.06,P0DMV9,11.06,/AF-P0DMV9-F1-model_v1,12.59988094,FALSE,,,,,,,,,,,,
98,597,A,94.86,P0DMV9,10.57,/AF-P0DMV9-F1-model_v1,68.09297357,FALSE,,,,,,,,,,,,
99,25,A,91.39,P0DMV8,11.61,/AF-P0DMV8-F1-model_v1,72.91845988,FALSE,,,,,,,,,,,,
100,56,A,96.98,P0DMV8,11.68,/AF-P0DMV8-F1-model_v1,32.03586749,FALSE,,,,,,,,,,,,
101,71,A,95.51,P0DMV8,11.31,/AF-P0DMV8-F1-model_v1,0,FALSE,,,,,,,,,,,,
102,77,A,92.15,P0DMV8,10.34,/AF-P0DMV8-F1-model_v1,83.23963895,FALSE,,,,,,,,,,,,
103,88,A,91.52,P0DMV8,10.33,/AF-P0DMV8-F1-model_v1,82.30134994,FALSE,,,,,,,,,,,,
104,100,A,91.23,P0DMV8,10.15,/AF-P0DMV8-F1-model_v1,0,FALSE,,,,,,,,,,,,
105,102,A,97.29,P0DMV8,10.89,/AF-P0DMV8-F1-model_v1,23.85934901,FALSE,,,,,,,,,,,,
106,108,A,90.64,P0DMV8,12.12,/AF-P0DMV8-F1-model_v1,32.43799135,FALSE,,,,,,,,,,,,
107,112,A,95.57,P0DMV8,11.19,/AF-P0DMV8-F1-model_v1,16.08495439,FALSE,,,,,,,,,,,,
108,126,A,97.65,P0DMV8,11,/AF-P0DMV8-F1-model_v1,37.53156023,FALSE,,,,,,,,,,,,
109,128,A,97.58,P0DMV8,9.38,/AF-P0DMV8-F1-model_v1,16.21899567,FALSE,,,,,,,,,,,,
110,159,A,92.68,P0DMV8,10.03,/AF-P0DMV8-F1-model_v1,66.88660199,FALSE,,,,,,,,,,,,
111,190,A,71.95,P0DMV8,9.96,/AF-P0DMV8-F1-model_v1,67.55680842,FALSE,,,,,,,,,,,,
112,220,A,95.88,P0DMV8,11.05,/AF-P0DMV8-F1-model_v1,29.75716561,FALSE,,,,,,,,,,,,
113,246,A,97.74,P0DMV8,11.76,/AF-P0DMV8-F1-model_v1,45.30595485,FALSE,,,,,,,,,,,,
114,248,A,97.27,P0DMV8,11.03,/AF-P0DMV8-F1-model_v1,19.16790398,FALSE,,,,,,,,,,,,
115,250,A,96.77,P0DMV8,10.19,/AF-P0DMV8-F1-model_v1,77.20778105,FALSE,,,,,,,,,,,,
116,251,A,96.88,P0DMV8,11.46,/AF-P0DMV8-F1-model_v1,43.29533556,FALSE,,,,,,,,,,,,
117,257,A,92.31,P0DMV8,9.76,/AF-P0DMV8-F1-model_v1,49.8633586,FALSE,,,,,,,,,,,,
118,271,A,98.42,P0DMV8,11.24,/AF-P0DMV8-F1-model_v1,23.05510129,FALSE,,,,,,,,,,,,
119,319,A,94.76,P0DMV8,10.76,/AF-P0DMV8-F1-model_v1,32.70607392,FALSE,,,,,,,,,,,,
120,325,A,96.78,P0DMV8,10.42,/AF-P0DMV8-F1-model_v1,83.7758041,FALSE,,,,,,,,,,,,
121,328,A,97.1,P0DMV8,9.76,/AF-P0DMV8-F1-model_v1,34.44861064,FALSE,,,,,,,,,,,,
122,345,A,98.29,P0DMV8,10.37,/AF-P0DMV8-F1-model_v1,53.08034948,FALSE,,,,,,,,,,,,
123,348,A,97.96,P0DMV8,11.43,/AF-P0DMV8-F1-model_v1,50.39952374,FALSE,,,,,,,,,,,,
124,361,A,90.79,P0DMV8,10.03,/AF-P0DMV8-F1-model_v1,57.10158807,FALSE,,,,,,,,,,,,
125,384,A,82.71,P0DMV8,10.45,/AF-P0DMV8-F1-model_v1,103.8819971,FALSE,,,,,,,,,,,,
126,415,A,92.77,P0DMV8,10.38,/AF-P0DMV8-F1-model_v1,103.8819971,FALSE,,,,,,,,,,,,
127,423,A,94.91,P0DMV8,10.56,/AF-P0DMV8-F1-model_v1,56.69946421,FALSE,,,,,,,,,,,,
128,451,A,84.26,P0DMV8,10.59,/AF-P0DMV8-F1-model_v1,70.63975801,FALSE,,,,,,,,,,,,
129,493,A,91.69,P0DMV8,11.36,/AF-P0DMV8-F1-model_v1,28.55079404,FALSE,,,,,,,,,,,,
130,497,A,82.47,P0DMV8,10.22,/AF-P0DMV8-F1-model_v1,30.42737205,FALSE,,,,,,,,,,,,
131,500,A,73.15,P0DMV8,10.4,/AF-P0DMV8-F1-model_v1,88.19916655,FALSE,,,,,,,,,,,,
132,512,A,80.19,P0DMV8,11.58,/AF-P0DMV8-F1-model_v1,84.17792796,FALSE,,,,,,,,,,,,
133,524,A,87.23,P0DMV8,10.62,/AF-P0DMV8-F1-model_v1,78.95031778,FALSE,,,,,,,,,,,,
134,526,A,81,P0DMV8,10.64,/AF-P0DMV8-F1-model_v1,112.8627633,FALSE,,,,,,,,,,,,
135,539,A,90.13,P0DMV8,10.28,/AF-P0DMV8-F1-model_v1,51.60589532,TRUE,,,,,,,,,,,,
136,550,A,88.93,P0DMV8,10.59,/AF-P0DMV8-F1-model_v1,49.46123474,FALSE,,,,,,,,,,,,
137,561,A,77.97,P0DMV8,10.39,/AF-P0DMV8-F1-model_v1,63.66961111,FALSE,,,,,,,,,,,,
138,567,A,89.53,P0DMV8,10.45,/AF-P0DMV8-F1-model_v1,28.81887661,FALSE,,,,,,,,,,,,
139,568,A,92.29,P0DMV8,10.68,/AF-P0DMV8-F1-model_v1,65.14406526,FALSE,,,,,,,,,,,,
140,569,A,93.02,P0DMV8,10.44,/AF-P0DMV8-F1-model_v1,73.7227076,FALSE,,,,,,,,,,,,
141,573,A,95.48,P0DMV8,12.04,/AF-P0DMV8-F1-model_v1,7.238229474,FALSE,,,,,,,,,,,,
142,589,A,89.87,P0DMV8,11.8,/AF-P0DMV8-F1-model_v1,49.99739988,FALSE,,,,,,,,,,,,
143,595,A,95.13,P0DMV8,11.1,/AF-P0DMV8-F1-model_v1,11.9296745,FALSE,,,,,,,,,,,,
144,597,A,94.93,P0DMV8,10.57,/AF-P0DMV8-F1-model_v1,78.28011135,FALSE,,,,,,,,,,,,
145,28,A,91.94,P10809,11.32,/AF-P10809-F1-model_v1,43.69745942,FALSE,,,,,,,,,,,,
146,31,A,94.58,P10809,10.52,/AF-P10809-F1-model_v1,39.00601439,FALSE,,,,,,,,,,,,
147,58,A,95.23,P10809,10.29,/AF-P10809-F1-model_v1,34.8507345,FALSE,,,,,,,,,,,,
148,72,A,91.4,P10809,11.15,/AF-P10809-F1-model_v1,34.71669322,FALSE,,,,,,,,,,,,
149,75,A,91.61,P10809,8.35,/AF-P10809-F1-model_v1,7.506312047,FALSE,,,,,,,,,,,,
150,82,A,92.53,P10809,10.17,/AF-P10809-F1-model_v1,71.71208831,FALSE,,,,,,,,,,,,
151,87,A,95.2,P10809,10.45,/AF-P10809-F1-model_v1,95.7054786,FALSE,,,,,,,,,,,,
152,89,A,94.87,P10809,10.41,/AF-P10809-F1-model_v1,66.88660199,FALSE,,,,,,,,,,,,
153,91,A,96.66,P10809,10.33,/AF-P10809-F1-model_v1,38.73793181,FALSE,,,,,,,,,,,,
154,96,A,95.89,P10809,11.29,/AF-P10809-F1-model_v1,54.55480363,FALSE,,,,,,,,,,,,
155,125,A,95.9,P10809,10.8,/AF-P10809-F1-model_v1,70.23763415,FALSE,,,,,,,,,,,,
156,130,A,91.29,P10809,10.31,/AF-P10809-F1-model_v1,45.30595485,FALSE,,,,,,,,,,,,
157,133,A,72.71,P10809,10.48,/AF-P10809-F1-model_v1,104.6862448,FALSE,,,,,,,,,,,,
158,156,A,95.98,P10809,10.26,/AF-P10809-F1-model_v1,82.56943252,FALSE,,,,,,,,,,,,
159,157,A,96.82,P10809,11.04,/AF-P10809-F1-model_v1,64.33981755,FALSE,,,,,,,,,,,,
160,160,A,94.65,P10809,10.37,/AF-P10809-F1-model_v1,90.87999228,FALSE,,,,,,,,,,,,
161,180,A,94.23,P10809,10.32,/AF-P10809-F1-model_v1,98.38630433,FALSE,,,,,,,,,,,,
162,191,A,89.34,P10809,10.91,/AF-P10809-F1-model_v1,42.22300526,FALSE,,,,,,,,,,,,
163,192,A,86.42,P10809,10.38,/AF-P10809-F1-model_v1,63.13344597,FALSE,,,,,,,,,,,,
164,196,A,71.91,P10809,10.47,/AF-P10809-F1-model_v1,122.5137359,FALSE,,,,,,,,,,,,
165,202,A,82.48,P10809,10.28,/AF-P10809-F1-model_v1,77.60990491,FALSE,,,,,,,,,,,,
166,205,A,83.9,P10809,10.42,/AF-P10809-F1-model_v1,105.2224099,FALSE,,,,,,,,,,,,
167,218,A,85.96,P10809,11.82,/AF-P10809-F1-model_v1,21.71468842,TRUE,,,,,,,,,,,,
168,233,A,80.61,P10809,10.47,/AF-P10809-F1-model_v1,91.95232258,TRUE,,,,,,,,,,,,
169,236,A,86.56,P10809,10.53,/AF-P10809-F1-model_v1,46.64636772,FALSE,,,,,,,,,,,,
170,249,A,92.42,P10809,10.48,/AF-P10809-F1-model_v1,68.76318,FALSE,,,,,,,,,,,,
171,250,A,93.81,P10809,10.78,/AF-P10809-F1-model_v1,52.27610176,FALSE,,,,,,,,,,,,
172,269,A,93.24,P10809,10.48,/AF-P10809-F1-model_v1,45.84212,FALSE,,,,,,,,,,,,
173,292,A,91.54,P10809,10.34,/AF-P10809-F1-model_v1,67.28872585,FALSE,,,,,,,,,,,,
174,301,A,96.91,P10809,11.23,/AF-P10809-F1-model_v1,49.19315217,FALSE,,,,,,,,,,,,
175,310,A,93.62,P10809,12.46,/AF-P10809-F1-model_v1,29.22100047,FALSE,,,,,,,,,,,,
176,314,A,93.5,P10809,10.97,/AF-P10809-F1-model_v1,39.27409696,FALSE,,,,,,,,,,,,
177,344,A,95.56,P10809,10.27,/AF-P10809-F1-model_v1,49.19315217,FALSE,,,,,,,,,,,,
178,352,A,92.49,P10809,10.75,/AF-P10809-F1-model_v1,73.58866632,FALSE,,,,,,,,,,,,
179,359,A,84.35,P10809,10.64,/AF-P10809-F1-model_v1,96.37568503,FALSE,,,,,,,,,,,,
180,361,A,90.03,P10809,11.44,/AF-P10809-F1-model_v1,49.8633586,FALSE,,,,,,,,,,,,
181,364,A,89.29,P10809,10.53,/AF-P10809-F1-model_v1,106.0266577,FALSE,,,,,,,,,,,,
182,369,A,94.46,P10809,10.49,/AF-P10809-F1-model_v1,89.00341427,FALSE,,,,,,,,,,,,
183,387,A,83.42,P10809,10.76,/AF-P10809-F1-model_v1,47.04849158,FALSE,,,,,,,,,,,,
184,389,A,86.02,P10809,12.61,/AF-P10809-F1-model_v1,22.51893614,FALSE,,,,,,,,,,,,
185,396,A,80.69,P10809,10.1,/AF-P10809-F1-model_v1,19.83811041,FALSE,,,,,,,,,,,,
186,405,A,89.18,P10809,11.5,/AF-P10809-F1-model_v1,39.54217953,FALSE,,,,,,,,,,,,
187,417,A,91.98,P10809,11.23,/AF-P10809-F1-model_v1,21.04448199,FALSE,,,,,,,,,,,,
188,418,A,89.46,P10809,11.23,/AF-P10809-F1-model_v1,57.10158807,FALSE,,,,,,,,,,,,
189,462,A,96.12,P10809,11.39,/AF-P10809-F1-model_v1,48.52294573,FALSE,,,,,,,,,,,,
190,469,A,97.07,P10809,12.31,/AF-P10809-F1-model_v1,21.58064714,FALSE,,,,,,,,,,,,
191,473,A,97.95,P10809,9.75,/AF-P10809-F1-model_v1,27.8805876,FALSE,,,,,,,,,,,,
192,481,A,97.27,P10809,10.33,/AF-P10809-F1-model_v1,87.66300141,FALSE,,,,,,,,,,,,
193,493,A,96.38,P10809,10.18,/AF-P10809-F1-model_v1,55.62713392,FALSE,,,,,,,,,,,,
194,516,A,93.61,P10809,10.73,/AF-P10809-F1-model_v1,61.52495053,FALSE,,,,,,,,,,,,
195,523,A,96.34,P10809,11.28,/AF-P10809-F1-model_v1,33.77840421,FALSE,,,,,,,,,,,,
196,551,A,72.53,P10809,10.61,/AF-P10809-F1-model_v1,67.28872585,FALSE,,,,,,,,,,,,
197,18,A,98.7,P63261,11.83,/AF-P63261-F1-model_v1,19.57002784,FALSE,,,,,,,,,,,,
198,50,A,84.31,P63261,11.5,/AF-P63261-F1-model_v1,57.63775322,FALSE,,,,,,,,,,,,
199,61,A,90.69,P63261,11.23,/AF-P63261-F1-model_v1,21.58064714,FALSE,,,,,,,,,,,,
200,68,A,95.98,P63261,10.33,/AF-P63261-F1-model_v1,72.7844186,FALSE,,,,,,,,,,,,
201,84,A,98.25,P63261,10.29,/AF-P63261-F1-model_v1,21.98277099,FALSE,,,,,,,,,,,,
202,113,A,95.36,P63261,10.35,/AF-P63261-F1-model_v1,91.95232258,FALSE,,,,,,,,,,,,
203,118,A,98.25,P63261,10.3,/AF-P63261-F1-model_v1,44.23362456,FALSE,,,,,,,,,,,,
204,191,A,97,P63261,10.43,/AF-P63261-F1-model_v1,92.22040515,FALSE,,,,,,,,,,,,
205,213,A,98.62,P63261,9.51,/AF-P63261-F1-model_v1,11.52755064,FALSE,,,,,,,,,,,,
206,215,A,98.21,P63261,11.38,/AF-P63261-F1-model_v1,66.88660199,FALSE,,,,,,,,,,,,
207,238,A,97.88,P63261,10.18,/AF-P63261-F1-model_v1,69.56742772,FALSE,,,,,,,,,,,,
208,284,A,98.44,P63261,10.21,/AF-P63261-F1-model_v1,53.21439076,FALSE,,,,,,,,,,,,
209,291,A,97.86,P63261,10.81,/AF-P63261-F1-model_v1,69.96955158,FALSE,,,,,,,,,,,,
210,315,A,98.5,P63261,11.14,/AF-P63261-F1-model_v1,42.22300526,FALSE,,,,,,,,,,,,
211,326,A,97.04,P63261,10.41,/AF-P63261-F1-model_v1,108.037277,FALSE,,,,,,,,,,,,
212,328,A,98.48,P63261,9.94,/AF-P63261-F1-model_v1,63.8036524,TRUE,,,,,,,,,,,,
213,336,A,96.81,P63261,11.3,/AF-P63261-F1-model_v1,66.88660199,FALSE,,,,,,,,,,,,
214,359,A,97.02,P63261,10.32,/AF-P63261-F1-model_v1,38.20176667,FALSE,,,,,,,,,,,,
215,373,A,92.11,P63261,11.1,/AF-P63261-F1-model_v1,19.70406912,FALSE,,,,,,,,,,,,
216,10,A,79.3,Q99832,10.4,/AF-Q99832-F1-model_v1,87.52896012,FALSE,,,,,,,,,,,,
217,47,A,91.62,Q99832,9.79,/AF-Q99832-F1-model_v1,30.56141333,FALSE,,,,,,,,,,,,
218,55,A,89.75,Q99832,11.11,/AF-Q99832-F1-model_v1,86.85875369,FALSE,,,,,,,,,,,,
219,67,A,92.26,Q99832,11.4,/AF-Q99832-F1-model_v1,57.23562936,FALSE,,,,,,,,,,,,
220,77,A,93.86,Q99832,10.59,/AF-Q99832-F1-model_v1,88.33320784,FALSE,,,,,,,,,,,,
221,84,A,92.4,Q99832,10.2,/AF-Q99832-F1-model_v1,54.55480363,FALSE,,,,,,,,,,,,
222,106,A,96.96,Q99832,10.41,/AF-Q99832-F1-model_v1,51.8739779,FALSE,,,,,,,,,,,,
223,109,A,94.74,Q99832,10.5,/AF-Q99832-F1-model_v1,37.39751895,FALSE,,,,,,,,,,,,
224,135,A,96.43,Q99832,11.38,/AF-Q99832-F1-model_v1,28.81887661,FALSE,,,,,,,,,,,,
225,137,A,94.19,Q99832,10.27,/AF-Q99832-F1-model_v1,72.91845988,FALSE,,,,,,,,,,,,
226,144,A,71.28,Q99832,10.45,/AF-Q99832-F1-model_v1,101.6032952,FALSE,,,,,,,,,,,,
227,145,A,70.55,Q99832,10.52,/AF-Q99832-F1-model_v1,47.98678059,FALSE,,,,,,,,,,,,
228,148,A,79.29,Q99832,10.43,/AF-Q99832-F1-model_v1,103.7479558,FALSE,,,,,,,,,,,,
229,153,A,86.84,Q99832,10.64,/AF-Q99832-F1-model_v1,60.31857895,FALSE,,,,,,,,,,,,
230,157,A,89.41,Q99832,9.1,/AF-Q99832-F1-model_v1,8.980766199,FALSE,,,,,,,,,,,,
231,166,A,81.72,Q99832,12.3,/AF-Q99832-F1-model_v1,9.919055205,FALSE,,,,,,,,,,,,
232,172,A,90.5,Q99832,9.86,/AF-Q99832-F1-model_v1,54.15267977,FALSE,,,,,,,,,,,,
233,177,A,94.38,Q99832,10.51,/AF-Q99832-F1-model_v1,82.7034738,FALSE,,,,,,,,,,,,
234,193,A,88.02,Q99832,10.41,/AF-Q99832-F1-model_v1,121.3073643,FALSE,,,,,,,,,,,,
235,198,A,93.64,Q99832,9.94,/AF-Q99832-F1-model_v1,26.13805088,FALSE,,,,,,,,,,,,
236,199,A,93.03,Q99832,11.38,/AF-Q99832-F1-model_v1,42.49108784,FALSE,,,,,,,,,,,,
237,217,A,92.73,Q99832,11.26,/AF-Q99832-F1-model_v1,63.8036524,FALSE,,,,,,,,,,,,
238,218,A,90.77,Q99832,9.69,/AF-Q99832-F1-model_v1,0,FALSE,,,,,,,,,,,,
239,230,A,93.22,Q99832,8.94,/AF-Q99832-F1-model_v1,21.31256456,FALSE,,,,,,,,,,,,
240,231,A,95.37,Q99832,11.43,/AF-Q99832-F1-model_v1,46.37828515,FALSE,,,,,,,,,,,,
241,236,A,94.73,Q99832,10.14,/AF-Q99832-F1-model_v1,71.71208831,FALSE,,,,,,,,,,,,
242,247,A,70.4,Q99832,10.59,/AF-Q99832-F1-model_v1,98.11822176,FALSE,,,,,,,,,,,,
243,277,A,93.42,Q99832,10.92,/AF-Q99832-F1-model_v1,50.26548246,FALSE,,,,,,,,,,,,
244,280,A,93.6,Q99832,11.26,/AF-Q99832-F1-model_v1,29.62312433,FALSE,,,,,,,,,,,,
245,287,A,95.37,Q99832,10.05,/AF-Q99832-F1-model_v1,45.97616129,FALSE,,,,,,,,,,,,
246,292,A,94.77,Q99832,11.31,/AF-Q99832-F1-model_v1,42.75917041,FALSE,,,,,,,,,,,,
247,320,A,92.83,Q99832,11.48,/AF-Q99832-F1-model_v1,68.22701486,FALSE,,,,,,,,,,,,
248,366,A,74.37,Q99832,10.34,/AF-Q99832-F1-model_v1,100.3969236,FALSE,,,,,,,,,,,,
249,368,A,83.63,Q99832,11.46,/AF-Q99832-F1-model_v1,59.11220737,FALSE,,,,,,,,,,,,
250,401,A,83.88,Q99832,9.65,/AF-Q99832-F1-model_v1,72.91845988,TRUE,,,,,,,,,,,,
251,418,A,96.35,Q99832,10.86,/AF-Q99832-F1-model_v1,20.9104407,FALSE,,,,,,,,,,,,
252,430,A,91.89,Q99832,10.26,/AF-Q99832-F1-model_v1,57.7717945,FALSE,,,,,,,,,,,,
253,440,A,96.68,Q99832,10.09,/AF-Q99832-F1-model_v1,62.99940468,FALSE,,,,,,,,,,,,
254,463,A,94.87,Q99832,11.34,/AF-Q99832-F1-model_v1,39.94430339,FALSE,,,,,,,,,,,,
255,521,A,86.26,Q99832,10.37,/AF-Q99832-F1-model_v1,74.7950379,FALSE,,,,,,,,,,,,
256,6,A,74.41,P62807,10.45,/AF-P62807-F1-model_v1,98.52034562,TRUE,,,,,,,,,,,,
257,12,A,77.73,P62807,10.48,/AF-P62807-F1-model_v1,107.6351531,FALSE,,,,,,,,,,,,
258,13,A,77.83,P62807,10.48,/AF-P62807-F1-model_v1,96.24164375,FALSE,,,,,,,,,,,,
259,16,A,76.26,P62807,10.48,/AF-P62807-F1-model_v1,89.6736207,FALSE,,,,,,,,,,,,
260,17,A,77.26,P62807,10.47,/AF-P62807-F1-model_v1,97.98418047,FALSE,,,,,,,,,,,,
261,21,A,74.52,P62807,10.47,/AF-P62807-F1-model_v1,96.24164375,FALSE,,,,,,,,,,,,
262,44,A,95.2,P62807,10.47,/AF-P62807-F1-model_v1,93.6948593,FALSE,,,,,,,,,,,,
263,47,A,97.63,P62807,10.35,/AF-P62807-F1-model_v1,26.54017474,FALSE,,,,,,,,,,,,
264,58,A,97.06,P62807,10.46,/AF-P62807-F1-model_v1,108.7074834,TRUE,,,,,,,,,,,,
265,86,A,96.92,P62807,10.46,/AF-P62807-F1-model_v1,104.9543274,FALSE,,,,,,,,,,,,
266,109,A,95.4,P62807,11.15,/AF-P62807-F1-model_v1,75.86736819,FALSE,,,,,,,,,,,,
267,117,A,92.27,P62807,11.47,/AF-P62807-F1-model_v1,69.43338643,FALSE,,,,,,,,,,,,
268,121,A,92.78,P62807,10.39,/AF-P62807-F1-model_v1,101.7373365,FALSE,,,,,,,,,,,,
269,52,A,81.33,P67809,11.51,/AF-P67809-F1-model_v1,41.41875754,FALSE,,,,,,,,,,,,
270,53,A,90.77,P67809,10.42,/AF-P67809-F1-model_v1,77.47586363,FALSE,,,,,,,,,,,,
271,58,A,92.8,P67809,10.66,/AF-P67809-F1-model_v1,82.16730866,FALSE,,,,,,,,,,,,
272,64,A,95.88,P67809,11.42,/AF-P67809-F1-model_v1,69.83551029,FALSE,,,,,,,,,,,,
273,81,A,91.81,P67809,10.45,/AF-P67809-F1-model_v1,103.3458319,FALSE,,,,,,,,,,,,
274,92,A,90.96,P67809,10.28,/AF-P67809-F1-model_v1,74.92907918,FALSE,,,,,,,,,,,,
275,93,A,90.16,P67809,10.25,/AF-P67809-F1-model_v1,65.68023041,FALSE,,,,,,,,,,,,
276,98,A,88.83,P67809,10.95,/AF-P67809-F1-model_v1,8.17651848,FALSE,,,,,,,,,,,,
277,118,A,87.58,P67809,10.52,/AF-P67809-F1-model_v1,109.7798137,FALSE,,,,,,,,,,,,
278,137,A,90.3,P67809,11.39,/AF-P67809-F1-model_v1,85.25025825,FALSE,,,,,,,,,,,,
279,25,A,0,P60709,10.64,/6NBW-alt1B_assembled/6NBW-alt1A_assembled,48.12082187,FALSE,,,,,,,,,,,,
280,37,A,0,P60709,10.21,/6NBW-alt1B_assembled/6NBW-alt1A_assembled,30.56141333,FALSE,,,,,,,,,,,,
281,53,A,0,P60709,10.32,/6NBW-alt1B_assembled/6NBW-alt1A_assembled,95.97356117,FALSE,,,,,,,,,,,,
282,69,A,0,P60709,10.36,/6NBW-alt1B_assembled/6NBW-alt1A_assembled,65.14406526,FALSE,,,,,,,,,,,,
283,90,A,0,P60709,9.97,/6NBW-alt1B_assembled/6NBW-alt1A_assembled,26.40613345,FALSE,,,,,,,,,,,,
284,104,A,0,P60709,9.54,/6NBW-alt1B_assembled/6NBW-alt1A_assembled,22.92106,FALSE,,,,,,,,,,,,
285,107,A,0,P60709,10.66,/6NBW-alt1B_assembled/6NBW-alt1A_assembled,37.53156023,FALSE,,,,,,,,,,,,
286,115,A,0,P60709,10.35,/6NBW-alt1B_assembled/6NBW-alt1A_assembled,47.31657415,FALSE,,,,,,,,,,,,
287,125,A,0,P60709,10.71,/6NBW-alt1B_assembled/6NBW-alt1A_assembled,61.25686795,FALSE,,,,,,,,,,,,
288,126,A,0,P60709,10.98,/6NBW-alt1B_assembled/6NBW-alt1A_assembled,13.0020048,FALSE,,,,,,,,,,,,
289,18,A,0,P60709,10.63,/3BYH-alt-1_assembled,16.62111953,FALSE,,,,,,,,,,,,
290,50,A,0,P60709,9.01,/3BYH-alt-1_assembled,28.01462889,FALSE,,,,,,,,,,,,
291,61,A,0,P60709,10.21,/3BYH-alt-1_assembled,54.42076234,FALSE,,,,,,,,,,,,
292,68,A,0,P60709,9.39,/3BYH-alt-1_assembled,16.88920211,FALSE,,,,,,,,,,,,
293,84,A,0,P60709,9.93,/3BYH-alt-1_assembled,30.56141333,FALSE,,,,,,,,,,,,
294,113,A,0,P60709,11.17,/3BYH-alt-1_assembled,55.09096877,FALSE,,,,,,,,,,,,
295,118,A,0,P60709,9.78,/3BYH-alt-1_assembled,39.54217953,FALSE,,,,,,,,,,,,
296,191,A,0,P60709,10.52,/3BYH-alt-1_assembled,73.18654246,FALSE,,,,,,,,,,,,
297,213,A,0,P60709,9.99,/3BYH-alt-1_assembled,8.846724913,FALSE,,,,,,,,,,,,
298,215,A,0,P60709,11.74,/3BYH-alt-1_assembled,38.73793181,FALSE,,,,,,,,,,,,
299,238,A,0,P60709,10.12,/3BYH-alt-1_assembled,30.02524819,FALSE,,,,,,,,,,,,
300,284,A,0,P60709,9.76,/3BYH-alt-1_assembled,36.05710608,FALSE,,,,,,,,,,,,
301,291,A,0,P60709,11.48,/3BYH-alt-1_assembled,47.45061544,FALSE,,,,,,,,,,,,
302,315,A,0,P60709,10.38,/3BYH-alt-1_assembled,34.44861064,FALSE,,,,,,,,,,,,
303,326,A,0,P60709,9.99,/3BYH-alt-1_assembled,65.27810655,FALSE,,,,,,,,,,,,
304,328,A,0,P60709,10.31,/3BYH-alt-1_assembled,55.22501006,TRUE,,,,,,,,,,,,
305,336,A,0,P60709,9.29,/3BYH-alt-1_assembled,57.63775322,FALSE,,,,,,,,,,,,
306,359,A,0,P60709,10.3,/3BYH-alt-1_assembled,26.00400959,FALSE,,,,,,,,,,,,
307,373,A,0,P60709,10.63,/3BYH-alt-1_assembled,40.74855111,FALSE,,,,,,,,,,,,
308,430,B,0,P60709,9.73,/3BYH-alt-1_assembled,53.48247333,FALSE,,,,,,,,,,,,
309,439,B,0,P60709,10.46,/3BYH-alt-1_assembled,80.96093708,FALSE,,,,,,,,,,,,
310,443,B,0,P60709,10.3,/3BYH-alt-1_assembled,55.62713392,FALSE,,,,,,,,,,,,
311,447,B,0,P60709,10.39,/3BYH-alt-1_assembled,74.7950379,FALSE,,,,,,,,,,,,
312,452,B,0,P60709,9.98,/3BYH-alt-1_assembled,27.74654632,FALSE,,,,,,,,,,,,
313,461,B,0,P60709,10.16,/3BYH-alt-1_assembled,51.60589532,FALSE,,,,,,,,,,,,
314,464,B,0,P60709,9.65,/3BYH-alt-1_assembled,54.95692749,FALSE,,,,,,,,,,,,
315,467,B,0,P60709,10.28,/3BYH-alt-1_assembled,75.7333269,FALSE,,,,,,,,,,,,
316,483,B,0,P60709,10.28,/3BYH-alt-1_assembled,53.88459719,FALSE,,,,,,,,,,,,
317,484,B,0,P60709,10.29,/3BYH-alt-1_assembled,82.30134994,FALSE,,,,,,,,,,,,
318,503,B,0,P60709,10.11,/3BYH-alt-1_assembled,44.76978971,FALSE,,,,,,,,,,,,
319,521,B,0,P60709,9.68,/3BYH-alt-1_assembled,27.21038117,FALSE,,,,,,,,,,,,
320,528,B,0,P60709,10.45,/3BYH-alt-1_assembled,86.7247124,FALSE,,,,,,,,,,,,
321,535,B,0,P60709,9.66,/3BYH-alt-1_assembled,30.82949591,FALSE,,,,,,,,,,,,
322,537,B,0,P60709,10.14,/3BYH-alt-1_assembled,53.88459719,FALSE,,,,,,,,,,,,
323,564,B,0,P60709,11.28,/3BYH-alt-1_assembled,62.06111567,FALSE,,,,,,,,,,,,
324,571,B,0,P60709,10.49,/3BYH-alt-1_assembled,23.18914257,FALSE,,,,,,,,,,,,
325,584,B,0,P60709,10.43,/3BYH-alt-1_assembled,71.17592316,FALSE,,,,,,,,,,,,
326,602,B,0,P60709,6.16,/3BYH-alt-1_assembled,6.970146901,FALSE,,,,,,,,,,,,
327,11,B,0,P12277,11.27,/3B6R-alt-1_assembled/3DRB-alt-1_assembled,11.39350936,FALSE,,,,,,,,,,,,
328,32,A,0,P12277,10.61,/3B6R-alt-1_assembled/3DRB-alt-1_assembled,43.16129427,FALSE,,,,,,,,,,,,
329,45,A,0,P12277,10.41,/3B6R-alt-1_assembled/3DRB-alt-1_assembled,39.40813825,FALSE,,,,,,,,,,,,
330,86,B,0,P12277,11.74,/3B6R-alt-1_assembled/3DRB-alt-1_assembled,43.42937684,FALSE,,,,,,,,,,,,
331,101,B,0,P12277,10.61,/3B6R-alt-1_assembled/3DRB-alt-1_assembled,48.79102831,FALSE,,,,,,,,,,,,
332,107,B,0,P12277,10.42,/3B6R-alt-1_assembled/3DRB-alt-1_assembled,84.31196924,FALSE,,,,,,,,,,,,
333,156,B,0,P12277,10.08,/3B6R-alt-1_assembled/3DRB-alt-1_assembled,33.24223907,TRUE,,,,,,,,,,,,
334,177,B,0,P12277,10.4,/3B6R-alt-1_assembled/3DRB-alt-1_assembled,62.59728082,FALSE,,,,,,,,,,,,
335,196,A,0,P12277,10.23,/3B6R-alt-1_assembled/3DRB-alt-1_assembled,52.67822562,FALSE,,,,,,,,,,,,
336,223,B,0,P12277,9.94,/3B6R-alt-1_assembled/3DRB-alt-1_assembled,25.60188573,FALSE,,,,,,,,,,,,
337,242,A,0,P12277,10.37,/3B6R-alt-1_assembled/3DRB-alt-1_assembled,112.3265981,FALSE,,,,,,,,,,,,
338,247,A,0,P12277,10.31,/3B6R-alt-1_assembled/3DRB-alt-1_assembled,54.95692749,FALSE,,,,,,,,,,,,
339,265,B,0,P12277,10.64,/3B6R-alt-1_assembled/3DRB-alt-1_assembled,60.05049638,FALSE,,,,,,,,,,,,
340,267,B,0,P12277,8.93,/3B6R-alt-1_assembled/3DRB-alt-1_assembled,7.238229474,FALSE,,,,,,,,,,,,
341,298,B,0,P12277,9.85,/3B6R-alt-1_assembled/3DRB-alt-1_assembled,38.73793181,FALSE,,,,,,,,,,,,
342,304,A,0,P12277,8.26,/3B6R-alt-1_assembled/3DRB-alt-1_assembled,15.9509131,FALSE,,,,,,,,,,,,
343,307,B,0,P12277,9.87,/3B6R-alt-1_assembled/3DRB-alt-1_assembled,44.09958328,FALSE,,,,,,,,,,,,
344,313,B,0,P12277,10.4,/3B6R-alt-1_assembled/3DRB-alt-1_assembled,60.58666152,FALSE,,,,,,,,,,,,
345,319,A,0,P12277,9.12,/3B6R-alt-1_assembled/3DRB-alt-1_assembled,27.07633988,FALSE,,,,,,,,,,,,
346,358,B,0,P12277,10.36,/3B6R-alt-1_assembled/3DRB-alt-1_assembled,45.57403743,FALSE,,,,,,,,,,,,
347,381,B,0,P12277,10.01,/3B6R-alt-1_assembled/3DRB-alt-1_assembled,61.52495053,FALSE,,,,,,,,,,,,
348,4,B,0,P00338,9.84,/5W8J-alt1B_assembled/5W8J-alt1A_assembled,64.07173497,FALSE,,,,,,,,,,,,
349,13,A,0,P00338,10.46,/5W8J-alt1B_assembled/5W8J-alt1A_assembled,91.28211614,FALSE,,,,,,,,,,,,
350,21,A,0,P00338,9.52,/5W8J-alt1B_assembled/5W8J-alt1A_assembled,0,FALSE,,,,,,,,,,,,
351,41,A,0,P00338,9.02,/5W8J-alt1B_assembled/5W8J-alt1A_assembled,0,TRUE,,,,,,,,,,,,
352,56,B,0,P00338,9.96,/5W8J-alt1B_assembled/5W8J-alt1A_assembled,33.10819778,FALSE,,,,,,,,,,,,
353,58,A,0,P00338,10.09,/5W8J-alt1B_assembled/5W8J-alt1A_assembled,51.20377146,FALSE,,,,,,,,,,,,
354,75,B,0,P00338,10.17,/5W8J-alt1B_assembled/5W8J-alt1A_assembled,51.60589532,FALSE,,,,,,,,,,,,
355,80,A,0,P00338,10.5,/5W8J-alt1B_assembled/5W8J-alt1A_assembled,37.66560152,FALSE,,,,,,,,,,,,
356,89,A,0,P00338,8.32,/5W8J-alt1B_assembled/5W8J-alt1A_assembled,43.69745942,FALSE,,,,,,,,,,,,
357,117,A,0,P00338,9.37,/5W8J-alt1B_assembled/5W8J-alt1A_assembled,34.18052807,FALSE,,,,,,,,,,,,
358,125,A,0,P00338,10.36,/5W8J-alt1B_assembled/5W8J-alt1A_assembled,63.13344597,FALSE,,,,,,,,,,,,
359,131,B,0,P00338,7.77,/5W8J-alt1B_assembled/5W8J-alt1A_assembled,21.17852328,FALSE,,,,,,,,,,,,
360,148,A,0,P00338,9.06,/5W8J-alt1B_assembled/5W8J-alt1A_assembled,27.61250503,FALSE,,,,,,,,,,,,
361,154,A,0,P00338,7.87,/5W8J-alt1B_assembled/5W8J-alt1A_assembled,8.17651848,FALSE,,,,,,,,,,,,
362,211,A,0,P00338,9.35,/5W8J-alt1B_assembled/5W8J-alt1A_assembled,45.70807871,FALSE,,,,,,,,,,,,
363,221,A,0,P00338,10.68,/5W8J-alt1B_assembled/5W8J-alt1A_assembled,67.42276714,FALSE,,,,,,,,,,,,
364,223,A,0,P00338,10.23,/5W8J-alt1B_assembled/5W8J-alt1A_assembled,27.34442246,FALSE,,,,,,,,,,,,
365,227,C,0,P00338,10.1,/5W8J-alt1B_assembled/5W8J-alt1A_assembled,55.22501006,FALSE,,,,,,,,,,,,
366,231,A,0,P00338,10.35,/5W8J-alt1B_assembled/5W8J-alt1A_assembled,39.14005567,FALSE,,,,,,,,,,,,
367,242,D,0,P00338,10.45,/5W8J-alt1B_assembled/5W8J-alt1A_assembled,96.10760246,FALSE,,,,,,,,,,,,
368,244,B,0,P00338,2.94,/5W8J-alt1B_assembled/5W8J-alt1A_assembled,0,FALSE,,,,,,,,,,,,
369,264,A,0,P00338,9.24,/5W8J-alt1B_assembled/5W8J-alt1A_assembled,60.72070281,FALSE,,,,,,,,,,,,
370,277,A,0,P00338,11.12,/5W8J-alt1B_assembled/5W8J-alt1A_assembled,40.61450983,FALSE,,,,,,,,,,,,
371,283,A,0,P00338,10.39,/5W8J-alt1B_assembled/5W8J-alt1A_assembled,92.35444644,FALSE,,,,,,,,,,,,
372,304,A,0,P00338,5.74,/5W8J-alt1B_assembled/5W8J-alt1A_assembled,0,FALSE,,,,,,,,,,,,
373,316,D,0,P00338,11.08,/5W8J-alt1B_assembled/5W8J-alt1A_assembled,43.02725298,FALSE,,,,,,,,,,,,
374,317,F,0,P00338,9.83,/5W8J-alt1B_assembled/5W8J-alt1A_assembled/6SBV-alt1B_assembled/6SBV-alt1A_assembled,11.79563322,FALSE,,,,,,,,,,,,
375,327,A,0,P00338,10.43,/5W8J-alt1B_assembled/5W8J-alt1A_assembled,68.49509743,FALSE,,,,,,,,,,,,
376,5,G,0,P00338,1.92,/6SBV-alt1B_assembled/6SBV-alt1A_assembled,0,FALSE,,,,,,,,,,,,
377,14,D,0,P00338,5.18,/6SBV-alt1B_assembled/6SBV-alt1A_assembled,0,FALSE,,,,,,,,,,,,
378,22,H,0,P00338,8.04,/6SBV-alt1B_assembled/6SBV-alt1A_assembled,0,FALSE,,,,,,,,,,,,
379,42,D,0,P00338,8.9,/6SBV-alt1B_assembled/6SBV-alt1A_assembled,0,TRUE,,,,,,,,,,,,
380,57,C,0,P00338,7.8,/6SBV-alt1B_assembled/6SBV-alt1A_assembled,8.042477193,FALSE,,,,,,,,,,,,
381,59,A,0,P00338,8.07,/6SBV-alt1B_assembled/6SBV-alt1A_assembled,31.36566105,FALSE,,,,,,,,,,,,
382,76,D,0,P00338,7.59,/6SBV-alt1B_assembled/6SBV-alt1A_assembled,8.310559766,FALSE,,,,,,,,,,,,
383,81,E,0,P00338,10.48,/6SBV-alt1B_assembled/6SBV-alt1A_assembled,48.52294573,FALSE,,,,,,,,,,,,
384,90,C,0,P00338,4.44,/6SBV-alt1B_assembled/6SBV-alt1A_assembled,0,FALSE,,,,,,,,,,,,
385,118,E,0,P00338,9.88,/6SBV-alt1B_assembled/6SBV-alt1A_assembled,27.34442246,FALSE,,,,,,,,,,,,
386,126,F,0,P00338,10.4,/6SBV-alt1B_assembled/6SBV-alt1A_assembled,74.7950379,FALSE,,,,,,,,,,,,
387,132,C,0,P00338,2.36,/6SBV-alt1B_assembled/6SBV-alt1A_assembled,0,FALSE,,,,,,,,,,,,
388,149,E,0,P00338,9.94,/6SBV-alt1B_assembled/6SBV-alt1A_assembled,38.33580795,FALSE,,,,,,,,,,,,
389,155,E,0,P00338,8.34,/6SBV-alt1B_assembled/6SBV-alt1A_assembled,14.20837637,FALSE,,,,,,,,,,,,
390,212,H,0,P00338,8.69,/6SBV-alt1B_assembled/6SBV-alt1A_assembled,22.78701871,FALSE,,,,,,,,,,,,
391,222,E,0,P00338,10.6,/6SBV-alt1B_assembled/6SBV-alt1A_assembled,55.09096877,FALSE,,,,,,,,,,,,
392,224,E,0,P00338,10.16,/6SBV-alt1B_assembled/6SBV-alt1A_assembled,16.88920211,FALSE,,,,,,,,,,,,
393,228,C,0,P00338,9.32,/6SBV-alt1B_assembled/6SBV-alt1A_assembled,37.12943638,FALSE,,,,,,,,,,,,
394,232,C,0,P00338,10.13,/6SBV-alt1B_assembled/6SBV-alt1A_assembled,13.9402938,FALSE,,,,,,,,,,,,
395,243,H,0,P00338,10.04,/6SBV-alt1B_assembled/6SBV-alt1A_assembled,57.36967064,FALSE,,,,,,,,,,,,
396,245,B,0,P00338,2.91,/6SBV-alt1B_assembled/6SBV-alt1A_assembled,0,FALSE,,,,,,,,,,,,
397,265,H,0,P00338,8.4,/6SBV-alt1B_assembled/6SBV-alt1A_assembled,30.02524819,FALSE,,,,,,,,,,,,
398,278,E,0,P00338,10.62,/6SBV-alt1B_assembled/6SBV-alt1A_assembled,44.36766585,FALSE,,,,,,,,,,,,
399,284,E,0,P00338,10.27,/6SBV-alt1B_assembled/6SBV-alt1A_assembled,71.98017088,FALSE,,,,,,,,,,,,
400,305,D,0,P00338,7.59,/6SBV-alt1B_assembled/6SBV-alt1A_assembled,29.62312433,FALSE,,,,,,,,,,,,
401,318,H,0,P00338,9.75,/6SBV-alt1B_assembled/6SBV-alt1A_assembled,45.03787228,FALSE,,,,,,,,,,,,
402,328,A,0,P00338,10.26,/6SBV-alt1B_assembled/6SBV-alt1A_assembled,35.9230648,FALSE,,,,,,,,,,,,
403,87,A,91.65,Q12931,10.47,/AF-Q12931-F1-model_v1,98.78842819,FALSE,,,,,,,,,,,,
404,95,A,85.46,Q12931,10.41,/AF-Q12931-F1-model_v1,70.90784059,FALSE,,,,,,,,,,,,
405,96,A,88.09,Q12931,11.09,/AF-Q12931-F1-model_v1,73.85674889,FALSE,,,,,,,,,,,,
406,109,A,93.86,Q12931,11.9,/AF-Q12931-F1-model_v1,56.29734035,FALSE,,,,,,,,,,,,
407,126,A,92.63,Q12931,8.91,/AF-Q12931-F1-model_v1,14.87858281,FALSE,,,,,,,,,,,,
408,130,A,89.57,Q12931,10.33,/AF-Q12931-F1-model_v1,38.46984924,FALSE,,,,,,,,,,,,
409,151,A,95.37,Q12931,10.4,/AF-Q12931-F1-model_v1,71.30996445,FALSE,,,,,,,,,,,,
410,181,A,85.83,Q12931,11.36,/AF-Q12931-F1-model_v1,65.27810655,FALSE,,,,,,,,,,,,
411,196,A,79.11,Q12931,10.76,/AF-Q12931-F1-model_v1,61.7930331,FALSE,,,,,,,,,,,,
412,252,A,98.59,Q12931,9.87,/AF-Q12931-F1-model_v1,28.68483532,FALSE,,,,,,,,,,,,
413,258,A,96.51,Q12931,9.69,/AF-Q12931-F1-model_v1,17.42536725,FALSE,,,,,,,,,,,,
414,262,A,95.83,Q12931,10.16,/AF-Q12931-F1-model_v1,32.84011521,FALSE,,,,,,,,,,,,
415,276,A,88.49,Q12931,13.3,/AF-Q12931-F1-model_v1,24.79763801,FALSE,,,,,,,,,,,,
416,304,A,95.07,Q12931,10.66,/AF-Q12931-F1-model_v1,93.56081801,FALSE,,,,,,,,,,,,
417,324,A,96.37,Q12931,10.84,/AF-Q12931-F1-model_v1,84.31196924,FALSE,,,,,,,,,,,,
418,332,A,95.88,Q12931,9.62,/AF-Q12931-F1-model_v1,24.12743158,FALSE,,,,,,,,,,,,
419,349,A,93.47,Q12931,11.44,/AF-Q12931-F1-model_v1,77.60990491,FALSE,,,,,,,,,,,,
420,369,A,83.24,Q12931,9.33,/AF-Q12931-F1-model_v1,41.41875754,FALSE,,,,,,,,,,,,
421,375,A,85.4,Q12931,10.17,/AF-Q12931-F1-model_v1,99.32459334,FALSE,,,,,,,,,,,,
422,382,A,92.1,Q12931,10.36,/AF-Q12931-F1-model_v1,72.65037731,FALSE,,,,,,,,,,,,
423,413,A,93.43,Q12931,10.26,/AF-Q12931-F1-model_v1,64.20577626,FALSE,,,,,,,,,,,,
424,424,A,98.19,Q12931,10.48,/AF-Q12931-F1-model_v1,70.50571673,FALSE,,,,,,,,,,,,
425,431,A,96.98,Q12931,10.4,/AF-Q12931-F1-model_v1,89.40553813,FALSE,,,,,,,,,,,,
426,432,A,97.64,Q12931,10.42,/AF-Q12931-F1-model_v1,92.08636386,FALSE,,,,,,,,,,,,
427,436,A,97.96,Q12931,9.88,/AF-Q12931-F1-model_v1,48.79102831,FALSE,,,,,,,,,,,,
428,439,A,97.46,Q12931,11.58,/AF-Q12931-F1-model_v1,85.11621696,FALSE,,,,,,,,,,,,
429,461,A,98.36,Q12931,9.08,/AF-Q12931-F1-model_v1,0,FALSE,,,,,,,,,,,,
430,466,A,98.3,Q12931,11.29,/AF-Q12931-F1-model_v1,42.49108784,FALSE,,,,,,,,,,,,
431,518,A,87.5,Q12931,10.08,/AF-Q12931-F1-model_v1,49.32719345,FALSE,,,,,,,,,,,,
432,519,A,78.29,Q12931,9.33,/AF-Q12931-F1-model_v1,38.73793181,FALSE,,,,,,,,,,,,
433,520,A,83.29,Q12931,12.47,/AF-Q12931-F1-model_v1,8.310559766,FALSE,,,,,,,,,,,,
434,544,A,95.81,Q12931,10.54,/AF-Q12931-F1-model_v1,99.19055205,FALSE,,,,,,,,,,,,
435,545,A,97.22,Q12931,11.18,/AF-Q12931-F1-model_v1,23.72530772,FALSE,,,,,,,,,,,,
436,546,A,97.39,Q12931,11.25,/AF-Q12931-F1-model_v1,59.38028994,FALSE,,,,,,,,,,,,
437,560,A,82.86,Q12931,10.83,/AF-Q12931-F1-model_v1,53.88459719,FALSE,,,,,,,,,,,,
438,577,A,92.21,Q12931,10.7,/AF-Q12931-F1-model_v1,71.44400573,TRUE,,,,,,,,,,,,
439,598,A,94.19,Q12931,10.34,/AF-Q12931-F1-model_v1,36.19114737,FALSE,,,,,,,,,,,,
440,652,A,95.02,Q12931,10.28,/AF-Q12931-F1-model_v1,26.54017474,FALSE,,,,,,,,,,,,
441,653,A,94.82,Q12931,10.29,/AF-Q12931-F1-model_v1,52.54418433,FALSE,,,,,,,,,,,,
442,699,A,93.16,Q12931,11.47,/AF-Q12931-F1-model_v1,37.39751895,FALSE,,,,,,,,,,,,
443,6,A,72.46,Q8N257,10.47,/AF-Q8N257-F1-model_v1,99.7267172,FALSE,,,,,,,,,,,,
444,12,A,76.05,Q8N257,10.48,/AF-Q8N257-F1-model_v1,109.7798137,FALSE,,,,,,,,,,,,
445,13,A,76.38,Q8N257,10.48,/AF-Q8N257-F1-model_v1,100.5309649,FALSE,,,,,,,,,,,,
446,16,A,75.19,Q8N257,10.48,/AF-Q8N257-F1-model_v1,90.87999228,FALSE,,,,,,,,,,,,
447,17,A,76.05,Q8N257,10.47,/AF-Q8N257-F1-model_v1,94.90123088,FALSE,,,,,,,,,,,,
448,21,A,72.82,Q8N257,10.47,/AF-Q8N257-F1-model_v1,96.77780889,FALSE,,,,,,,,,,,,
449,44,A,95.59,Q8N257,10.46,/AF-Q8N257-F1-model_v1,95.97356117,FALSE,,,,,,,,,,,,
450,47,A,97.69,Q8N257,10.35,/AF-Q8N257-F1-model_v1,26.13805088,FALSE,,,,,,,,,,,,
451,58,A,97.18,Q8N257,10.46,/AF-Q8N257-F1-model_v1,110.4500201,TRUE,,,,,,,,,,,,
452,86,A,96.97,Q8N257,10.46,/AF-Q8N257-F1-model_v1,104.0160384,FALSE,,,,,,,,,,,,
453,109,A,95.39,Q8N257,11.15,/AF-Q8N257-F1-model_v1,68.89722129,FALSE,,,,,,,,,,,,
454,117,A,92.7,Q8N257,11.47,/AF-Q8N257-F1-model_v1,65.94831298,FALSE,,,,,,,,,,,,
455,121,A,93.41,Q8N257,10.4,/AF-Q8N257-F1-model_v1,98.25226304,FALSE,,,,,,,,,,,,
456,60,A,90.95,Q6PEY2,9.97,/AF-Q6PEY2-F1-model_v1,40.61450983,FALSE,,,,,,,,,,,,
457,96,A,89.74,Q6PEY2,10.5,/AF-Q6PEY2-F1-model_v1,107.7691944,FALSE,,,,,,,,,,,,
458,112,A,95.28,Q6PEY2,10.07,/AF-Q6PEY2-F1-model_v1,57.50371193,FALSE,,,,,,,,,,,,
459,124,A,96.73,Q6PEY2,11.49,/AF-Q6PEY2-F1-model_v1,79.7545655,FALSE,,,,,,,,,,,,
460,163,A,91.27,Q6PEY2,10.46,/AF-Q6PEY2-F1-model_v1,107.098988,FALSE,,,,,,,,,,,,
461,164,A,93.82,Q6PEY2,10.07,/AF-Q6PEY2-F1-model_v1,51.06973018,FALSE,,,,,,,,,,,,
462,166,A,95.88,Q6PEY2,9.45,/AF-Q6PEY2-F1-model_v1,0,FALSE,,,,,,,,,,,,
463,280,A,82.81,Q6PEY2,10.53,/AF-Q6PEY2-F1-model_v1,43.8315007,FALSE,,,,,,,,,,,,
464,304,A,91.13,Q6PEY2,11.45,/AF-Q6PEY2-F1-model_v1,33.37628035,FALSE,,,,,,,,,,,,
465,311,A,91.73,Q6PEY2,11.17,/AF-Q6PEY2-F1-model_v1,8.578642339,FALSE,,,,,,,,,,,,
466,326,A,95.33,Q6PEY2,10.59,/AF-Q6PEY2-F1-model_v1,93.42677673,FALSE,,,,,,,,,,,,
467,336,A,89.86,Q6PEY2,9.96,/AF-Q6PEY2-F1-model_v1,28.68483532,FALSE,,,,,,,,,,,,
468,338,A,90.65,Q6PEY2,10.14,/AF-Q6PEY2-F1-model_v1,53.88459719,FALSE,,,,,,,,,,,,
469,352,A,91.48,Q6PEY2,11.42,/AF-Q6PEY2-F1-model_v1,34.98477579,FALSE,,,,,,,,,,,,
470,370,A,90.12,Q6PEY2,10.36,/AF-Q6PEY2-F1-model_v1,92.08636386,FALSE,,,,,,,,,,,,
471,394,A,93.22,Q6PEY2,9.86,/AF-Q6PEY2-F1-model_v1,50.13144117,TRUE,,,,,,,,,,,,
472,401,A,95.88,Q6PEY2,10.4,/AF-Q6PEY2-F1-model_v1,82.30134994,FALSE,,,,,,,,,,,,
473,430,A,91.09,Q6PEY2,11.65,/AF-Q6PEY2-F1-model_v1,72.7844186,FALSE,,,,,,,,,,,,
474,20,A,98.63,P68032,11.28,/AF-P68032-F1-model_v1,28.81887661,FALSE,,,,,,,,,,,,
475,52,A,83.15,P68032,11.48,/AF-P68032-F1-model_v1,52.00801918,FALSE,,,,,,,,,,,,
476,63,A,92.32,P68032,11.21,/AF-P68032-F1-model_v1,26.40613345,FALSE,,,,,,,,,,,,
477,70,A,96.9,P68032,10.31,/AF-P68032-F1-model_v1,85.78642339,FALSE,,,,,,,,,,,,
478,86,A,98.3,P68032,10.53,/AF-P68032-F1-model_v1,31.09757848,FALSE,,,,,,,,,,,,
479,115,A,96.52,P68032,10.35,/AF-P68032-F1-model_v1,96.6437676,FALSE,,,,,,,,,,,,
480,120,A,98.4,P68032,10.42,/AF-P68032-F1-model_v1,32.70607392,FALSE,,,,,,,,,,,,
481,193,A,97.52,P68032,10.46,/AF-P68032-F1-model_v1,78.41415263,FALSE,,,,,,,,,,,,
482,215,A,98.59,P68032,9.58,/AF-P68032-F1-model_v1,12.06371579,FALSE,,,,,,,,,,,,
483,217,A,98.33,P68032,11.37,/AF-P68032-F1-model_v1,64.33981755,FALSE,,,,,,,,,,,,
484,240,A,98.1,P68032,10.17,/AF-P68032-F1-model_v1,69.83551029,FALSE,,,,,,,,,,,,
485,286,A,98.34,P68032,10.2,/AF-P68032-F1-model_v1,59.38028994,FALSE,,,,,,,,,,,,
486,293,A,97.64,P68032,10.55,/AF-P68032-F1-model_v1,99.45863462,FALSE,,,,,,,,,,,,
487,317,A,98.63,P68032,11.04,/AF-P68032-F1-model_v1,36.72731252,FALSE,,,,,,,,,,,,
488,328,A,96.21,P68032,10.41,/AF-P68032-F1-model_v1,100.2628823,FALSE,,,,,,,,,,,,
489,330,A,98.4,P68032,9.96,/AF-P68032-F1-model_v1,56.8335055,TRUE,,,,,,,,,,,,
490,338,A,97.12,P68032,11.3,/AF-P68032-F1-model_v1,63.66961111,FALSE,,,,,,,,,,,,
491,361,A,97.69,P68032,10.63,/AF-P68032-F1-model_v1,30.15928947,FALSE,,,,,,,,,,,,
492,375,A,94.16,P68032,11.14,/AF-P68032-F1-model_v1,19.70406912,FALSE,,,,,,,,,,,,
493,19,A,98.54,P63267,11.67,/AF-P63267-F1-model_v1,25.46784445,FALSE,,,,,,,,,,,,
494,51,A,84.63,P63267,11.49,/AF-P63267-F1-model_v1,41.01663369,FALSE,,,,,,,,,,,,
495,62,A,92,P63267,11.21,/AF-P63267-F1-model_v1,27.21038117,FALSE,,,,,,,,,,,,
496,69,A,96.96,P63267,10.31,/AF-P63267-F1-model_v1,83.90984538,FALSE,,,,,,,,,,,,
497,85,A,98.29,P63267,10.47,/AF-P63267-F1-model_v1,30.96353719,FALSE,,,,,,,,,,,,
498,114,A,96.73,P63267,10.36,/AF-P63267-F1-model_v1,97.7160979,FALSE,,,,,,,,,,,,
499,119,A,98.43,P63267,10.37,/AF-P63267-F1-model_v1,33.10819778,FALSE,,,,,,,,,,,,
500,192,A,97.71,P63267,10.46,/AF-P63267-F1-model_v1,81.09497836,FALSE,,,,,,,,,,,,
501,214,A,98.62,P63267,9.53,/AF-P63267-F1-model_v1,10.58926164,FALSE,,,,,,,,,,,,
502,216,A,98.37,P63267,11.36,/AF-P63267-F1-model_v1,66.7525607,FALSE,,,,,,,,,,,,
503,239,A,98.16,P63267,10.17,/AF-P63267-F1-model_v1,65.41214784,FALSE,,,,,,,,,,,,
504,285,A,98.34,P63267,10.2,/AF-P63267-F1-model_v1,58.03987708,FALSE,,,,,,,,,,,,
505,292,A,97.63,P63267,10.55,/AF-P63267-F1-model_v1,89.53957942,FALSE,,,,,,,,,,,,
506,316,A,98.66,P63267,10.99,/AF-P63267-F1-model_v1,34.31456936,FALSE,,,,,,,,,,,,
507,327,A,96.19,P63267,10.41,/AF-P63267-F1-model_v1,102.8096668,FALSE,,,,,,,,,,,,
508,329,A,98.39,P63267,9.94,/AF-P63267-F1-model_v1,57.90583579,TRUE,,,,,,,,,,,,
509,337,A,97.04,P63267,11.26,/AF-P63267-F1-model_v1,64.07173497,FALSE,,,,,,,,,,,,
510,360,A,97.84,P63267,10.75,/AF-P63267-F1-model_v1,28.81887661,FALSE,,,,,,,,,,,,
511,374,A,94.15,P63267,11.26,/AF-P63267-F1-model_v1,29.62312433,FALSE,,,,,,,,,,,,
512,38,A,93.71,O60506,11.63,/AF-O60506-F1-model_v1,55.89521649,FALSE,,,,,,,,,,,,
513,42,A,93.62,O60506,10.9,/AF-O60506-F1-model_v1,21.98277099,FALSE,,,,,,,,,,,,
514,66,A,90.25,O60506,10.25,/AF-O60506-F1-model_v1,30.69545462,FALSE,,,,,,,,,,,,
515,81,A,90.82,O60506,11.41,/AF-O60506-F1-model_v1,36.45922994,FALSE,,,,,,,,,,,,
516,91,A,92.11,O60506,11.01,/AF-O60506-F1-model_v1,21.04448199,FALSE,,,,,,,,,,,,
517,100,A,88.11,O60506,9.84,/AF-O60506-F1-model_v1,108.4394008,FALSE,,,,,,,,,,,,
518,107,A,83.66,O60506,10.6,/AF-O60506-F1-model_v1,71.30996445,FALSE,,,,,,,,,,,,
519,123,A,93.12,O60506,12.26,/AF-O60506-F1-model_v1,54.55480363,FALSE,,,,,,,,,,,,
520,125,A,91.32,O60506,10.88,/AF-O60506-F1-model_v1,54.01863848,FALSE,,,,,,,,,,,,
521,143,A,94.98,O60506,9.71,/AF-O60506-F1-model_v1,50.8016476,FALSE,,,,,,,,,,,,
522,168,A,94.9,O60506,10.02,/AF-O60506-F1-model_v1,62.73132211,FALSE,,,,,,,,,,,,
523,184,A,95.81,O60506,10.24,/AF-O60506-F1-model_v1,56.8335055,FALSE,,,,,,,,,,,,
524,213,A,93.21,O60506,10.22,/AF-O60506-F1-model_v1,43.8315007,FALSE,,,,,,,,,,,,
525,221,A,94.57,O60506,11.4,/AF-O60506-F1-model_v1,57.7717945,FALSE,,,,,,,,,,,,
526,232,A,92.49,O60506,11.02,/AF-O60506-F1-model_v1,55.76117521,FALSE,,,,,,,,,,,,
527,252,A,91.85,O60506,10.13,/AF-O60506-F1-model_v1,46.24424386,FALSE,,,,,,,,,,,,
528,254,A,91.09,O60506,10.19,/AF-O60506-F1-model_v1,35.65498222,FALSE,,,,,,,,,,,,
529,256,A,91.77,O60506,11.05,/AF-O60506-F1-model_v1,39.54217953,TRUE,,,,,,,,,,,,
530,265,A,91.66,O60506,12.5,/AF-O60506-F1-model_v1,42.35704655,FALSE,,,,,,,,,,,,
531,282,A,79.29,O60506,10.35,/AF-O60506-F1-model_v1,22.11681228,FALSE,,,,,,,,,,,,
532,283,A,82.93,O60506,10.53,/AF-O60506-F1-model_v1,90.34382714,FALSE,,,,,,,,,,,,
533,284,A,87.4,O60506,11.48,/AF-O60506-F1-model_v1,53.48247333,FALSE,,,,,,,,,,,,
534,297,A,82.43,O60506,9.28,/AF-O60506-F1-model_v1,32.70607392,FALSE,,,,,,,,,,,,
535,310,A,76.18,O60506,10.28,/AF-O60506-F1-model_v1,69.70146901,FALSE,,,,,,,,,,,,
536,312,A,77.01,O60506,10.4,/AF-O60506-F1-model_v1,57.36967064,FALSE,,,,,,,,,,,,
537,336,A,89.66,O60506,11.11,/AF-O60506-F1-model_v1,60.72070281,FALSE,,,,,,,,,,,,
538,338,A,94.77,O60506,10.7,/AF-O60506-F1-model_v1,35.78902351,FALSE,,,,,,,,,,,,
539,356,A,94.17,O60506,10.43,/AF-O60506-F1-model_v1,78.95031778,FALSE,,,,,,,,,,,,
540,363,A,94.97,O60506,11.63,/AF-O60506-F1-model_v1,66.08235427,FALSE,,,,,,,,,,,,
541,368,A,94.53,O60506,10.18,/AF-O60506-F1-model_v1,68.09297357,FALSE,,,,,,,,,,,,
542,369,A,93.04,O60506,9.39,/AF-O60506-F1-model_v1,8.578642339,FALSE,,,,,,,,,,,,
543,371,A,85.55,O60506,10.58,/AF-O60506-F1-model_v1,90.87999228,FALSE,,,,,,,,,,,,
544,386,A,95.74,O60506,11.5,/AF-O60506-F1-model_v1,53.34843205,FALSE,,,,,,,,,,,,
545,394,A,91.62,O60506,11.25,/AF-O60506-F1-model_v1,44.23362456,FALSE,,,,,,,,,,,,
546,407,A,87.24,O60506,10.64,/AF-O60506-F1-model_v1,41.28471626,FALSE,,,,,,,,,,,,
547,417,A,70.46,O60506,10.08,/AF-O60506-F1-model_v1,80.82689579,FALSE,,,,,,,,,,,,
548,18,A,90.66,Q6FI81,10.05,/AF-Q6FI81-F1-model_v1,72.91845988,FALSE,,,,,,,,,,,,
549,26,A,94.27,Q6FI81,10.55,/AF-Q6FI81-F1-model_v1,86.7247124,FALSE,,,,,,,,,,,,
550,31,A,92.34,Q6FI81,10.33,/AF-Q6FI81-F1-model_v1,79.08435907,FALSE,,,,,,,,,,,,
551,48,A,89.7,Q6FI81,10.39,/AF-Q6FI81-F1-model_v1,107.3670705,FALSE,,,,,,,,,,,,
552,56,A,91.8,Q6FI81,10.44,/AF-Q6FI81-F1-model_v1,96.50972632,FALSE,,,,,,,,,,,,
553,96,A,95.52,Q6FI81,9.21,/AF-Q6FI81-F1-model_v1,27.47846374,FALSE,,,,,,,,,,,,
554,108,A,87.52,Q6FI81,10.41,/AF-Q6FI81-F1-model_v1,101.7373365,FALSE,,,,,,,,,,,,
555,110,A,92.97,Q6FI81,10.49,/AF-Q6FI81-F1-model_v1,20.37427556,FALSE,,,,,,,,,,,,
556,114,A,94.45,Q6FI81,10.21,/AF-Q6FI81-F1-model_v1,91.14807486,FALSE,,,,,,,,,,,,
557,128,A,95.35,Q6FI81,10.55,/AF-Q6FI81-F1-model_v1,82.56943252,FALSE,,,,,,,,,,,,
558,162,A,96.16,Q6FI81,10.82,/AF-Q6FI81-F1-model_v1,45.43999614,FALSE,,,,,,,,,,,,
559,163,A,95.56,Q6FI81,9.5,/AF-Q6FI81-F1-model_v1,17.69344983,FALSE,,,,,,,,,,,,
560,175,A,74.85,Q6FI81,10.46,/AF-Q6FI81-F1-model_v1,95.83951989,FALSE,,,,,,,,,,,,
561,225,A,81.85,Q6FI81,11.08,/AF-Q6FI81-F1-model_v1,62.59728082,FALSE,,,,,,,,,,,,
562,226,A,79.34,Q6FI81,10.46,/AF-Q6FI81-F1-model_v1,84.31196924,FALSE,,,,,,,,,,,,
563,244,A,71.81,Q6FI81,10.45,/AF-Q6FI81-F1-model_v1,79.88860679,FALSE,,,,,,,,,,,,
564,247,A,71.37,Q6FI81,10.48,/AF-Q6FI81-F1-model_v1,100.7990475,FALSE,,,,,,,,,,,,
565,259,A,75.61,Q6FI81,10.4,/AF-Q6FI81-F1-model_v1,86.59067111,FALSE,,,,,,,,,,,,
566,297,A,72.47,Q6FI81,10.45,/AF-Q6FI81-F1-model_v1,87.12683626,FALSE,,,,,,,,,,,,
567,14,A,71.73,P62750,10.47,/AF-P62750-F1-model_v1,97.98418047,FALSE,,,,,,,,,,,,
568,18,A,83.43,P62750,10.44,/AF-P62750-F1-model_v1,86.7247124,FALSE,,,,,,,,,,,,
569,20,A,83.61,P62750,10.39,/AF-P62750-F1-model_v1,71.71208831,FALSE,,,,,,,,,,,,
570,23,A,82.94,P62750,10.42,/AF-P62750-F1-model_v1,86.45662983,FALSE,,,,,,,,,,,,
571,25,A,84.54,P62750,10.43,/AF-P62750-F1-model_v1,76.00140948,FALSE,,,,,,,,,,,,
572,26,A,81.46,P62750,10.41,/AF-P62750-F1-model_v1,73.85674889,FALSE,,,,,,,,,,,,
573,30,A,71.07,P62750,10.41,/AF-P62750-F1-model_v1,74.92907918,FALSE,,,,,,,,,,,,
574,37,A,71.84,P62750,10.42,/AF-P62750-F1-model_v1,84.7140931,FALSE,,,,,,,,,,,,
575,38,A,79.72,P62750,10.47,/AF-P62750-F1-model_v1,95.30335474,FALSE,,,,,,,,,,,,
576,39,A,82.49,P62750,10.45,/AF-P62750-F1-model_v1,96.50972632,FALSE,,,,,,,,,,,,
577,50,A,94.33,P62750,10.47,/AF-P62750-F1-model_v1,97.04589146,FALSE,,,,,,,,,,,,
578,59,A,95.46,P62750,10.47,/AF-P62750-F1-model_v1,91.28211614,FALSE,,,,,,,,,,,,
579,63,A,94.67,P62750,10.42,/AF-P62750-F1-model_v1,99.59267591,FALSE,,,,,,,,,,,,
580,70,A,90.68,P62750,10.41,/AF-P62750-F1-model_v1,102.2735016,FALSE,,,,,,,,,,,,
581,78,A,95.95,P62750,11.45,/AF-P62750-F1-model_v1,47.31657415,FALSE,,,,,,,,,,,,
582,88,A,96.72,P62750,10.45,/AF-P62750-F1-model_v1,64.60790012,TRUE,,,,,,,,,,,,
583,89,A,97.06,P62750,10.34,/AF-P62750-F1-model_v1,65.14406526,FALSE,,,,,,,,,,,,
584,103,A,96.53,P62750,10.57,/AF-P62750-F1-model_v1,106.9649467,FALSE,,,,,,,,,,,,
585,106,A,98.02,P62750,10.18,/AF-P62750-F1-model_v1,75.33120304,FALSE,,,,,,,,,,,,
586,110,A,97.39,P62750,10.18,/AF-P62750-F1-model_v1,67.42276714,FALSE,,,,,,,,,,,,
587,114,A,96.17,P62750,11.62,/AF-P62750-F1-model_v1,67.42276714,FALSE,,,,,,,,,,,,
588,115,A,95.77,P62750,10.28,/AF-P62750-F1-model_v1,81.63114351,FALSE,,,,,,,,,,,,
589,123,A,97.54,P62750,10.33,/AF-P62750-F1-model_v1,78.41415263,FALSE,,,,,,,,,,,,
590,134,A,98.36,P62750,9.91,/AF-P62750-F1-model_v1,17.15728468,FALSE,,,,,,,,,,,,
591,135,A,98.31,P62750,10.3,/AF-P62750-F1-model_v1,24.9316793,FALSE,,,,,,,,,,,,
592,152,A,92.1,P62750,10.49,/AF-P62750-F1-model_v1,99.19055205,FALSE,,,,,,,,,,,,
593,3,B,0,P15311,10.36,/1NI2-alt-1_assembled,71.84612959,FALSE,,,,,,,,,,,,
594,27,B,0,P15311,11.11,/1NI2-alt-1_assembled,51.33781275,FALSE,,,,,,,,,,,,
595,35,A,0,P15311,10.34,/1NI2-alt-1_assembled,73.05250117,FALSE,,,,,,,,,,,,
596,53,B,0,P15311,11.35,/1NI2-alt-1_assembled,29.22100047,FALSE,,,,,,,,,,,,
597,60,A,0,P15311,9.43,/1NI2-alt-1_assembled,56.16329907,FALSE,,,,,,,,,,,,
598,63,B,0,P15311,10.27,/1NI2-alt-1_assembled,59.51433123,FALSE,,,,,,,,,,,,
599,64,A,0,P15311,10.18,/1NI2-alt-1_assembled,48.12082187,FALSE,,,,,,,,,,,,
600,72,A,0,P15311,10.45,/1NI2-alt-1_assembled,94.09698316,FALSE,,,,,,,,,,,,
601,79,B,0,P15311,9.91,/1NI2-alt-1_assembled,56.02925778,FALSE,,,,,,,,,,,,
602,83,A,0,P15311,8.11,/1NI2-alt-1_assembled,15.81687181,TRUE,,,,,,,,,,,,
603,100,A,0,P15311,11.12,/1NI2-alt-1_assembled,34.31456936,FALSE,,,,,,,,,,,,
604,107,B,0,P15311,9.36,/1NI2-alt-1_assembled,25.33380316,FALSE,,,,,,,,,,,,
605,133,B,0,P15311,11.18,/1NI2-alt-1_assembled,36.99539509,FALSE,,,,,,,,,,,,
606,139,A,0,P15311,10.61,/1NI2-alt-1_assembled,89.40553813,FALSE,,,,,,,,,,,,
607,143,A,0,P15311,10.42,/1NI2-alt-1_assembled,73.99079018,FALSE,,,,,,,,,,,,
608,184,A,0,P15311,9.96,/1NI2-alt-1_assembled,53.61651462,FALSE,,,,,,,,,,,,
609,193,B,0,P15311,11.48,/1NI2-alt-1_assembled,31.09757848,FALSE,,,,,,,,,,,,
610,209,A,0,P15311,10.67,/1NI2-alt-1_assembled,52.00801918,FALSE,,,,,,,,,,,,
611,211,A,0,P15311,10.35,/1NI2-alt-1_assembled,87.52896012,FALSE,,,,,,,,,,,,
612,212,B,0,P15311,10.27,/1NI2-alt-1_assembled,80.02264807,FALSE,,,,,,,,,,,,
613,230,B,0,P15311,10.58,/1NI2-alt-1_assembled,26.27209216,FALSE,,,,,,,,,,,,
614,233,A,0,P15311,9.49,/1NI2-alt-1_assembled,29.22100047,FALSE,,,,,,,,,,,,
615,237,A,0,P15311,10.32,/1NI2-alt-1_assembled,69.70146901,FALSE,,,,,,,,,,,,
616,253,A,0,P15311,10.35,/1NI2-alt-1_assembled,61.12282667,FALSE,,,,,,,,,,,,
617,254,B,0,P15311,10.46,/1NI2-alt-1_assembled,63.40152854,FALSE,,,,,,,,,,,,
618,262,B,0,P15311,10.22,/1NI2-alt-1_assembled,60.18453766,FALSE,,,,,,,,,,,,
619,263,A,0,P15311,10.39,/1NI2-alt-1_assembled,93.02465287,FALSE,,,,,,,,,,,,
620,278,B,0,P15311,10.19,/1NI2-alt-1_assembled,67.28872585,FALSE,,,,,,,,,,,,
621,296,A,0,P15311,10.45,/1NI2-alt-1_assembled,65.94831298,FALSE,,,,,,,,,,,,
622,6,A,0,O75531,10.16,/1QCK-alt-3_assembled/1QCK-alt-10_assembled/1QCK-alt-2_assembled/1QCK-alt-12_assembled/1QCK-alt-13_assembled/1QCK-alt-1_assembled/1QCK-alt-5_assembled/1QCK-alt-17_assembled/1QCK-alt-16_assembled/1QCK-alt-4_assembled/1QCK-alt-6_assembled/1QCK-alt-14_assembled/1QCK-alt-7_assembled/1QCK-alt-18_assembled/1QCK-alt-19_assembled/1QCK-alt-9_assembled/1QCK-alt-8_assembled/1QCK-alt-21_assembled/1QCK-alt-20_assembled,54.42076234,FALSE,,,,,,,,,,,,
623,18,B,0,O75531,10.19,/1QCK-alt-3_assembled/1QCK-alt-10_assembled/1QCK-alt-2_assembled/1QCK-alt-12_assembled/1QCK-alt-13_assembled/1QCK-alt-1_assembled/1QCK-alt-5_assembled/1QCK-alt-17_assembled/1QCK-alt-16_assembled/1QCK-alt-4_assembled/1QCK-alt-6_assembled/1QCK-alt-14_assembled/1QCK-alt-7_assembled/1QCK-alt-18_assembled/1QCK-alt-19_assembled/1QCK-alt-9_assembled/1QCK-alt-8_assembled/1QCK-alt-21_assembled/1QCK-alt-20_assembled,29.22100047,TRUE,,,,,,,,,,,,
624,32,A,0,O75531,10.26,/1QCK-alt-3_assembled/1QCK-alt-10_assembled/1QCK-alt-2_assembled/1QCK-alt-12_assembled/1QCK-alt-13_assembled/1QCK-alt-1_assembled/1QCK-alt-5_assembled/1QCK-alt-17_assembled/1QCK-alt-16_assembled/1QCK-alt-4_assembled/1QCK-alt-6_assembled/1QCK-alt-14_assembled/1QCK-alt-7_assembled/1QCK-alt-18_assembled/1QCK-alt-19_assembled/1QCK-alt-9_assembled/1QCK-alt-8_assembled/1QCK-alt-21_assembled/1QCK-alt-20_assembled,66.7525607,FALSE,,,,,,,,,,,,
625,33,B,0,O75531,10.19,/1QCK-alt-3_assembled/1QCK-alt-10_assembled/1QCK-alt-2_assembled/1QCK-alt-12_assembled/1QCK-alt-13_assembled/1QCK-alt-1_assembled/1QCK-alt-5_assembled/1QCK-alt-17_assembled/1QCK-alt-16_assembled/1QCK-alt-4_assembled/1QCK-alt-6_assembled/1QCK-alt-14_assembled/1QCK-alt-7_assembled/1QCK-alt-18_assembled/1QCK-alt-19_assembled/1QCK-alt-9_assembled/1QCK-alt-8_assembled/1QCK-alt-21_assembled/1QCK-alt-20_assembled,30.56141333,FALSE,,,,,,,,,,,,
626,41,B,0,O75531,10.51,/1QCK-alt-3_assembled/1QCK-alt-10_assembled/1QCK-alt-2_assembled/1QCK-alt-12_assembled/1QCK-alt-13_assembled/1QCK-alt-1_assembled/1QCK-alt-5_assembled/1QCK-alt-17_assembled/1QCK-alt-16_assembled/1QCK-alt-4_assembled/1QCK-alt-6_assembled/1QCK-alt-14_assembled/1QCK-alt-7_assembled/1QCK-alt-18_assembled/1QCK-alt-19_assembled/1QCK-alt-9_assembled/1QCK-alt-8_assembled/1QCK-alt-21_assembled/1QCK-alt-20_assembled,30.15928947,FALSE,,,,,,,,,,,,
627,53,A,0,O75531,9.67,/1QCK-alt-3_assembled/1QCK-alt-10_assembled/1QCK-alt-2_assembled/1QCK-alt-12_assembled/1QCK-alt-13_assembled/1QCK-alt-1_assembled/1QCK-alt-5_assembled/1QCK-alt-17_assembled/1QCK-alt-16_assembled/1QCK-alt-4_assembled/1QCK-alt-6_assembled/1QCK-alt-14_assembled/1QCK-alt-7_assembled/1QCK-alt-18_assembled/1QCK-alt-19_assembled/1QCK-alt-9_assembled/1QCK-alt-8_assembled/1QCK-alt-21_assembled/1QCK-alt-20_assembled,12.46583965,FALSE,,,,,,,,,,,,
628,54,A,0,O75531,9.14,/1QCK-alt-3_assembled/1QCK-alt-10_assembled/1QCK-alt-2_assembled/1QCK-alt-12_assembled/1QCK-alt-13_assembled/1QCK-alt-1_assembled/1QCK-alt-5_assembled/1QCK-alt-17_assembled/1QCK-alt-16_assembled/1QCK-alt-4_assembled/1QCK-alt-6_assembled/1QCK-alt-14_assembled/1QCK-alt-7_assembled/1QCK-alt-18_assembled/1QCK-alt-19_assembled/1QCK-alt-9_assembled/1QCK-alt-8_assembled/1QCK-alt-21_assembled/1QCK-alt-20_assembled,19.03386269,FALSE,,,,,,,,,,,,
629,64,B,0,O75531,10.32,/1QCK-alt-3_assembled/1QCK-alt-10_assembled/1QCK-alt-2_assembled/1QCK-alt-12_assembled/1QCK-alt-13_assembled/1QCK-alt-1_assembled/1QCK-alt-5_assembled/1QCK-alt-17_assembled/1QCK-alt-16_assembled/1QCK-alt-4_assembled/1QCK-alt-6_assembled/1QCK-alt-14_assembled/1QCK-alt-7_assembled/1QCK-alt-18_assembled/1QCK-alt-19_assembled/1QCK-alt-9_assembled/1QCK-alt-8_assembled/1QCK-alt-21_assembled/1QCK-alt-20_assembled,55.62713392,FALSE,,,,,,,,,,,,
630,72,B,0,O75531,10.14,/1QCK-alt-3_assembled/1QCK-alt-10_assembled/1QCK-alt-2_assembled/1QCK-alt-12_assembled/1QCK-alt-13_assembled/1QCK-alt-1_assembled/1QCK-alt-5_assembled/1QCK-alt-17_assembled/1QCK-alt-16_assembled/1QCK-alt-4_assembled/1QCK-alt-6_assembled/1QCK-alt-14_assembled/1QCK-alt-7_assembled/1QCK-alt-18_assembled/1QCK-alt-19_assembled/1QCK-alt-9_assembled/1QCK-alt-8_assembled/1QCK-alt-21_assembled/1QCK-alt-20_assembled,70.63975801,FALSE,,,,,,,,,,,,
631,19,A,85.07,P60981,10.19,/AF-P60981-F1-model_v1,65.27810655,FALSE,,,,,,,,,,,,
632,30,A,83.7,P60981,10.41,/AF-P60981-F1-model_v1,80.55881322,FALSE,,,,,,,,,,,,
633,31,A,85.8,P60981,11.58,/AF-P60981-F1-model_v1,72.51633603,FALSE,,,,,,,,,,,,
634,33,A,90.08,P60981,10.8,/AF-P60981-F1-model_v1,29.8912069,FALSE,,,,,,,,,,,,
635,34,A,90.94,P60981,10.26,/AF-P60981-F1-model_v1,7.77439462,FALSE,,,,,,,,,,,,
636,44,A,83.6,P60981,10.27,/AF-P60981-F1-model_v1,62.73132211,TRUE,,,,,,,,,,,,
637,45,A,86.86,P60981,10.45,/AF-P60981-F1-model_v1,86.18854725,FALSE,,,,,,,,,,,,
638,53,A,87.32,P60981,10.05,/AF-P60981-F1-model_v1,50.66760632,FALSE,,,,,,,,,,,,
639,69,A,86.57,P60981,10.57,/AF-P60981-F1-model_v1,96.24164375,FALSE,,,,,,,,,,,,
640,78,A,87.56,P60981,10.51,/AF-P60981-F1-model_v1,110.9861853,FALSE,,,,,,,,,,,,
641,92,A,86.08,P60981,10.39,/AF-P60981-F1-model_v1,77.47586363,FALSE,,,,,,,,,,,,
642,96,A,89.55,P60981,10.47,/AF-P60981-F1-model_v1,81.89922608,FALSE,,,,,,,,,,,,
643,112,A,87.84,P60981,10.45,/AF-P60981-F1-model_v1,108.8415247,FALSE,,,,,,,,,,,,
644,114,A,88.95,P60981,10.28,/AF-P60981-F1-model_v1,43.29533556,FALSE,,,,,,,,,,,,
645,121,A,89.25,P60981,10.78,/AF-P60981-F1-model_v1,47.04849158,FALSE,,,,,,,,,,,,
646,125,A,87.69,P60981,11.52,/AF-P60981-F1-model_v1,45.57403743,FALSE,,,,,,,,,,,,
647,126,A,88.89,P60981,10.5,/AF-P60981-F1-model_v1,99.45863462,FALSE,,,,,,,,,,,,
648,127,A,88.34,P60981,10.61,/AF-P60981-F1-model_v1,63.8036524,FALSE,,,,,,,,,,,,
649,132,A,81.89,P60981,11.5,/AF-P60981-F1-model_v1,81.63114351,FALSE,,,,,,,,,,,,
650,151,A,85.59,P60981,10.96,/AF-P60981-F1-model_v1,57.50371193,FALSE,,,,,,,,,,,,
651,20,A,98.59,P68133,11.31,/AF-P68133-F1-model_v1,27.47846374,FALSE,,,,,,,,,,,,
652,52,A,83.77,P68133,11.5,/AF-P68133-F1-model_v1,54.01863848,FALSE,,,,,,,,,,,,
653,63,A,92.07,P68133,11.26,/AF-P68133-F1-model_v1,35.65498222,FALSE,,,,,,,,,,,,
654,70,A,97.22,P68133,10.29,/AF-P68133-F1-model_v1,81.89922608,FALSE,,,,,,,,,,,,
655,86,A,98.31,P68133,10.71,/AF-P68133-F1-model_v1,23.32318386,FALSE,,,,,,,,,,,,
656,115,A,96.9,P68133,10.34,/AF-P68133-F1-model_v1,101.8713778,FALSE,,,,,,,,,,,,
657,120,A,98.48,P68133,10.4,/AF-P68133-F1-model_v1,39.40813825,FALSE,,,,,,,,,,,,
658,193,A,96.8,P68133,10.46,/AF-P68133-F1-model_v1,77.60990491,FALSE,,,,,,,,,,,,
659,215,A,98.44,P68133,9.62,/AF-P68133-F1-model_v1,15.68283053,FALSE,,,,,,,,,,,,
660,217,A,98.17,P68133,11.37,/AF-P68133-F1-model_v1,65.01002398,FALSE,,,,,,,,,,,,
661,240,A,97.87,P68133,10.17,/AF-P68133-F1-model_v1,65.54618912,FALSE,,,,,,,,,,,,
662,286,A,98.23,P68133,10.21,/AF-P68133-F1-model_v1,58.44200094,FALSE,,,,,,,,,,,,
663,293,A,97.43,P68133,10.55,/AF-P68133-F1-model_v1,91.41615743,FALSE,,,,,,,,,,,,
664,317,A,98.43,P68133,10.96,/AF-P68133-F1-model_v1,43.42937684,FALSE,,,,,,,,,,,,
665,328,A,95.7,P68133,10.41,/AF-P68133-F1-model_v1,102.6756255,FALSE,,,,,,,,,,,,
666,330,A,98.22,P68133,9.94,/AF-P68133-F1-model_v1,65.14406526,TRUE,,,,,,,,,,,,
667,338,A,96.9,P68133,11.29,/AF-P68133-F1-model_v1,69.83551029,FALSE,,,,,,,,,,,,
668,361,A,97.71,P68133,10.33,/AF-P68133-F1-model_v1,38.33580795,FALSE,,,,,,,,,,,,
669,375,A,94.16,P68133,11.14,/AF-P68133-F1-model_v1,21.04448199,FALSE,,,,,,,,,,,,
670,19,A,98.53,Q562R1,11.69,/AF-Q562R1-F1-model_v1,26.40613345,FALSE,,,,,,,,,,,,
671,51,A,84.42,Q562R1,11.55,/AF-Q562R1-F1-model_v1,45.43999614,FALSE,,,,,,,,,,,,
672,62,A,91.68,Q562R1,11.28,/AF-Q562R1-F1-model_v1,26.9422986,FALSE,,,,,,,,,,,,
673,69,A,96.72,Q562R1,10.31,/AF-Q562R1-F1-model_v1,81.7651848,FALSE,,,,,,,,,,,,
674,85,A,97.96,Q562R1,10.48,/AF-Q562R1-F1-model_v1,40.21238597,FALSE,,,,,,,,,,,,
675,114,A,96.46,Q562R1,10.34,/AF-Q562R1-F1-model_v1,100.6650062,FALSE,,,,,,,,,,,,
676,119,A,98.36,Q562R1,10.33,/AF-Q562R1-F1-model_v1,33.64436292,FALSE,,,,,,,,,,,,
677,192,A,96.71,Q562R1,10.44,/AF-Q562R1-F1-model_v1,95.57143731,FALSE,,,,,,,,,,,,
678,214,A,98.33,Q562R1,9.71,/AF-Q562R1-F1-model_v1,18.22961497,FALSE,,,,,,,,,,,,
679,216,A,98.02,Q562R1,11.37,/AF-Q562R1-F1-model_v1,63.8036524,FALSE,,,,,,,,,,,,
680,285,A,98.31,Q562R1,10.21,/AF-Q562R1-F1-model_v1,56.96754679,FALSE,,,,,,,,,,,,
681,292,A,97.32,Q562R1,10.53,/AF-Q562R1-F1-model_v1,96.37568503,FALSE,,,,,,,,,,,,
682,316,A,98.28,Q562R1,11.16,/AF-Q562R1-F1-model_v1,42.08896398,FALSE,,,,,,,,,,,,
683,327,A,95.74,Q562R1,10.39,/AF-Q562R1-F1-model_v1,101.0671301,FALSE,,,,,,,,,,,,
684,329,A,98.12,Q562R1,9.93,/AF-Q562R1-F1-model_v1,53.08034948,TRUE,,,,,,,,,,,,
685,337,A,96.88,Q562R1,11.29,/AF-Q562R1-F1-model_v1,62.46323953,FALSE,,,,,,,,,,,,
686,360,A,97.6,Q562R1,10.44,/AF-Q562R1-F1-model_v1,39.54217953,FALSE,,,,,,,,,,,,
687,374,A,93.68,Q562R1,11.28,/AF-Q562R1-F1-model_v1,30.02524819,FALSE,,,,,,,,,,,,
688,20,A,98.56,P62736,11.65,/AF-P62736-F1-model_v1,25.60188573,FALSE,,,,,,,,,,,,
689,52,A,84.64,P62736,11.48,/AF-P62736-F1-model_v1,50.13144117,FALSE,,,,,,,,,,,,
690,63,A,91.9,P62736,11.19,/AF-P62736-F1-model_v1,13.67221123,FALSE,,,,,,,,,,,,
691,70,A,96.82,P62736,10.33,/AF-P62736-F1-model_v1,85.78642339,FALSE,,,,,,,,,,,,
692,86,A,98.28,P62736,10.4,/AF-P62736-F1-model_v1,30.82949591,FALSE,,,,,,,,,,,,
693,115,A,96.67,P62736,10.36,/AF-P62736-F1-model_v1,96.6437676,FALSE,,,,,,,,,,,,
694,120,A,98.44,P62736,10.39,/AF-P62736-F1-model_v1,32.16990877,FALSE,,,,,,,,,,,,
695,193,A,97.4,P62736,10.45,/AF-P62736-F1-model_v1,78.95031778,FALSE,,,,,,,,,,,,
696,215,A,98.57,P62736,9.52,/AF-P62736-F1-model_v1,9.650972632,FALSE,,,,,,,,,,,,
697,217,A,98.31,P62736,11.36,/AF-P62736-F1-model_v1,66.88660199,FALSE,,,,,,,,,,,,
698,240,A,98.08,P62736,10.17,/AF-P62736-F1-model_v1,68.36105614,FALSE,,,,,,,,,,,,
699,286,A,98.28,P62736,10.2,/AF-P62736-F1-model_v1,59.51433123,FALSE,,,,,,,,,,,,
700,293,A,97.44,P62736,10.55,/AF-P62736-F1-model_v1,91.81828129,FALSE,,,,,,,,,,,,
701,317,A,98.62,P62736,11.17,/AF-P62736-F1-model_v1,39.67622082,FALSE,,,,,,,,,,,,
702,328,A,95.92,P62736,10.41,/AF-P62736-F1-model_v1,99.86075848,FALSE,,,,,,,,,,,,
703,330,A,98.36,P62736,9.94,/AF-P62736-F1-model_v1,54.28672105,TRUE,,,,,,,,,,,,
704,338,A,97.17,P62736,11.28,/AF-P62736-F1-model_v1,62.99940468,FALSE,,,,,,,,,,,,
705,361,A,97.68,P62736,10.56,/AF-P62736-F1-model_v1,28.81887661,FALSE,,,,,,,,,,,,
706,375,A,94.12,P62736,11.24,/AF-P62736-F1-model_v1,28.9529179,FALSE,,,,,,,,,,,,
707,153,A,70.2,P29966,10.47,/AF-P29966-F1-model_v1,100.6650062,FALSE,,,,,,,,,,,,
708,155,A,73.61,P29966,10.45,/AF-P29966-F1-model_v1,104.4181622,FALSE,,,,,,,,,,,,
709,156,A,76.42,P29966,10.46,/AF-P29966-F1-model_v1,103.6139145,FALSE,,,,,,,,,,,,
710,162,A,72.92,P29966,10.45,/AF-P29966-F1-model_v1,114.8733826,FALSE,,,,,,,,,,,,
711,172,A,70.61,P29966,10.44,/AF-P29966-F1-model_v1,77.34182234,FALSE,,,,,,,,,,,,
712,173,A,83.71,P48668,10.38,/AF-P48668-F1-model_v1,75.46524433,FALSE,,,,,,,,,,,,
713,180,A,88.36,P48668,10.32,/AF-P48668-F1-model_v1,71.30996445,FALSE,,,,,,,,,,,,
714,189,A,93.42,P48668,10.44,/AF-P48668-F1-model_v1,84.17792796,FALSE,,,,,,,,,,,,
715,194,A,88.63,P48668,10.41,/AF-P48668-F1-model_v1,66.08235427,FALSE,,,,,,,,,,,,
716,250,A,97.9,P48668,12.22,/AF-P48668-F1-model_v1,46.11020257,FALSE,,,,,,,,,,,,
717,252,A,98.07,P48668,11.34,/AF-P48668-F1-model_v1,67.95893228,FALSE,,,,,,,,,,,,
718,259,A,97.4,P48668,11.09,/AF-P48668-F1-model_v1,60.8547441,FALSE,,,,,,,,,,,,
719,271,A,97.76,P48668,10.4,/AF-P48668-F1-model_v1,75.33120304,FALSE,,,,,,,,,,,,
720,272,A,97.75,P48668,10.37,/AF-P48668-F1-model_v1,79.48648293,FALSE,,,,,,,,,,,,
721,281,A,98.22,P48668,10.4,/AF-P48668-F1-model_v1,83.50772152,FALSE,,,,,,,,,,,,
722,287,A,97.86,P48668,10.98,/AF-P48668-F1-model_v1,61.7930331,FALSE,,,,,,,,,,,,
723,338,A,92.43,P48668,10.33,/AF-P48668-F1-model_v1,61.92707439,FALSE,,,,,,,,,,,,
724,359,A,94.88,P48668,11.38,/AF-P48668-F1-model_v1,45.57403743,FALSE,,,,,,,,,,,,
725,378,A,97.38,P48668,10.43,/AF-P48668-F1-model_v1,77.34182234,FALSE,,,,,,,,,,,,
726,399,A,97.05,P48668,11.06,/AF-P48668-F1-model_v1,80.29073065,FALSE,,,,,,,,,,,,
727,400,A,96.73,P48668,10.38,/AF-P48668-F1-model_v1,98.25226304,FALSE,,,,,,,,,,,,
728,421,A,97.39,P48668,10.41,/AF-P48668-F1-model_v1,83.50772152,FALSE,,,,,,,,,,,,
729,424,A,96.65,P48668,10.4,/AF-P48668-F1-model_v1,86.18854725,FALSE,,,,,,,,,,,,
730,426,A,96.52,P48668,10.64,/AF-P48668-F1-model_v1,82.16730866,TRUE,,,,,,,,,,,,
731,436,A,97.26,P48668,10.44,/AF-P48668-F1-model_v1,79.88860679,FALSE,,,,,,,,,,,,
732,438,A,96.43,P48668,10.2,/AF-P48668-F1-model_v1,47.31657415,FALSE,,,,,,,,,,,,
733,446,A,96.25,P48668,11.12,/AF-P48668-F1-model_v1,57.90583579,FALSE,,,,,,,,,,,,
734,455,A,96.15,P48668,11.39,/AF-P48668-F1-model_v1,60.45262024,FALSE,,,,,,,,,,,,
735,467,A,87.72,P48668,10.44,/AF-P48668-F1-model_v1,68.49509743,FALSE,,,,,,,,,,,,
736,34,A,0,P10412,10.44,/3TZD-alt1C_assembled/3TZD-alt1B_assembled/3TZD-alt1A_assembled,76.13545076,TRUE,,,,,,,,,,,,
737,44,A,0,P10412,10.67,/3TZD-alt1C_assembled/3TZD-alt1B_assembled/3TZD-alt1A_assembled,65.54618912,FALSE,,,,,,,,,,,,
738,50,A,0,P10412,11.08,/3TZD-alt1C_assembled/3TZD-alt1B_assembled/3TZD-alt1A_assembled,0,FALSE,,,,,,,,,,,,
739,52,A,0,P10412,10.44,/3TZD-alt1C_assembled/3TZD-alt1B_assembled/3TZD-alt1A_assembled,63.26748725,FALSE,,,,,,,,,,,,
740,81,A,0,P10412,10.35,/3TZD-alt1C_assembled,87.12683626,FALSE,,,,,,,,,,,,
741,173,A,84.77,P02538,10.38,/AF-P02538-F1-model_v1,72.11421217,FALSE,,,,,,,,,,,,
742,180,A,89.49,P02538,10.32,/AF-P02538-F1-model_v1,68.62913872,FALSE,,,,,,,,,,,,
743,189,A,93.33,P02538,10.43,/AF-P02538-F1-model_v1,74.25887275,FALSE,,,,,,,,,,,,
744,194,A,88.78,P02538,10.41,/AF-P02538-F1-model_v1,67.824891,FALSE,,,,,,,,,,,,
745,250,A,97.34,P02538,11.73,/AF-P02538-F1-model_v1,60.31857895,FALSE,,,,,,,,,,,,
746,252,A,97.66,P02538,11.33,/AF-P02538-F1-model_v1,67.42276714,FALSE,,,,,,,,,,,,
747,259,A,96.51,P02538,11.19,/AF-P02538-F1-model_v1,76.53757462,FALSE,,,,,,,,,,,,
748,271,A,97.59,P02538,10.4,/AF-P02538-F1-model_v1,76.40353334,FALSE,,,,,,,,,,,,
749,272,A,97.65,P02538,10.38,/AF-P02538-F1-model_v1,89.53957942,FALSE,,,,,,,,,,,,
750,281,A,98.01,P02538,10.4,/AF-P02538-F1-model_v1,79.35244164,FALSE,,,,,,,,,,,,
751,287,A,97.61,P02538,10.31,/AF-P02538-F1-model_v1,62.46323953,FALSE,,,,,,,,,,,,
752,338,A,92.02,P02538,10.36,/AF-P02538-F1-model_v1,64.60790012,FALSE,,,,,,,,,,,,
753,359,A,94.85,P02538,11.4,/AF-P02538-F1-model_v1,44.36766585,FALSE,,,,,,,,,,,,
754,378,A,96.99,P02538,10.43,/AF-P02538-F1-model_v1,81.36306094,FALSE,,,,,,,,,,,,
755,399,A,96.9,P02538,10.77,/AF-P02538-F1-model_v1,80.82689579,FALSE,,,,,,,,,,,,
756,400,A,96.31,P02538,10.39,/AF-P02538-F1-model_v1,99.7267172,FALSE,,,,,,,,,,,,
757,421,A,97.42,P02538,11.06,/AF-P02538-F1-model_v1,62.73132211,FALSE,,,,,,,,,,,,
758,424,A,96.62,P02538,10.4,/AF-P02538-F1-model_v1,81.22901965,FALSE,,,,,,,,,,,,
759,426,A,96.08,P02538,11.06,/AF-P02538-F1-model_v1,70.23763415,TRUE,,,,,,,,,,,,
760,436,A,97.21,P02538,10.44,/AF-P02538-F1-model_v1,70.7737993,FALSE,,,,,,,,,,,,
761,438,A,96.38,P02538,10.28,/AF-P02538-F1-model_v1,43.96554199,FALSE,,,,,,,,,,,,
762,446,A,96.38,P02538,11.15,/AF-P02538-F1-model_v1,56.8335055,FALSE,,,,,,,,,,,,
763,455,A,96.2,P02538,11.43,/AF-P02538-F1-model_v1,61.39090924,FALSE,,,,,,,,,,,,
764,467,A,87.91,P02538,10.44,/AF-P02538-F1-model_v1,70.90784059,FALSE,,,,,,,,,,,,
765,53,A,92.29,Q58FF7,10.39,/AF-Q58FF7-F1-model_v1,68.22701486,FALSE,,,,,,,,,,,,
766,64,A,92.43,Q58FF7,11.3,/AF-Q58FF7-F1-model_v1,22.11681228,FALSE,,,,,,,,,,,,
767,69,A,91.61,Q58FF7,10.56,/AF-Q58FF7-F1-model_v1,83.64176281,FALSE,,,,,,,,,,,,
768,72,A,95.77,Q58FF7,12.11,/AF-Q58FF7-F1-model_v1,12.86796351,FALSE,,,,,,,,,,,,
769,95,A,92.47,Q58FF7,10.37,/AF-Q58FF7-F1-model_v1,40.8825924,FALSE,,,,,,,,,,,,
770,121,A,85.61,Q58FF7,11.25,/AF-Q58FF7-F1-model_v1,28.01462889,FALSE,,,,,,,,,,,,
771,127,A,96.62,Q58FF7,10.09,/AF-Q58FF7-F1-model_v1,26.80825731,FALSE,,,,,,,,,,,,
772,159,A,96.35,Q58FF7,10.53,/AF-Q58FF7-F1-model_v1,33.24223907,FALSE,,,,,,,,,,,,
773,165,A,87.83,Q58FF7,10.36,/AF-Q58FF7-F1-model_v1,29.75716561,FALSE,,,,,,,,,,,,
774,178,A,90.39,Q58FF7,11.57,/AF-Q58FF7-F1-model_v1,32.70607392,FALSE,,,,,,,,,,,,
775,182,A,86.13,Q58FF7,10.28,/AF-Q58FF7-F1-model_v1,99.45863462,FALSE,,,,,,,,,,,,
776,183,A,80.89,Q58FF7,11.32,/AF-Q58FF7-F1-model_v1,48.52294573,FALSE,,,,,,,,,,,,
777,241,A,86.22,Q58FF7,10.96,/AF-Q58FF7-F1-model_v1,86.18854725,FALSE,,,,,,,,,,,,
778,248,A,93.01,Q58FF7,10.5,/AF-Q58FF7-F1-model_v1,38.8719731,FALSE,,,,,,,,,,,,
779,261,A,93.41,Q58FF7,10.36,/AF-Q58FF7-F1-model_v1,98.92246948,FALSE,,,,,,,,,,,,
780,289,A,83.49,Q58FF7,10.46,/AF-Q58FF7-F1-model_v1,103.4798732,FALSE,,,,,,,,,,,,
781,290,A,83.18,Q58FF7,11.21,/AF-Q58FF7-F1-model_v1,54.42076234,FALSE,,,,,,,,,,,,
782,291,A,81.4,Q58FF7,11.15,/AF-Q58FF7-F1-model_v1,52.94630819,FALSE,,,,,,,,,,,,
783,292,A,82.17,Q58FF7,12.51,/AF-Q58FF7-F1-model_v1,33.10819778,FALSE,,,,,,,,,,,,
784,296,A,83.35,Q58FF7,9.34,/AF-Q58FF7-F1-model_v1,34.58265193,FALSE,,,,,,,,,,,,
785,350,A,83.88,Q58FF7,10.07,/AF-Q58FF7-F1-model_v1,48.12082187,FALSE,,,,,,,,,,,,
786,354,A,85,Q58FF7,10.48,/AF-Q58FF7-F1-model_v1,93.42677673,FALSE,,,,,,,,,,,,
787,364,A,95.38,Q58FF7,10.45,/AF-Q58FF7-F1-model_v1,94.23102445,FALSE,,,,,,,,,,,,
788,378,A,90.84,Q58FF7,10.11,/AF-Q58FF7-F1-model_v1,52.54418433,FALSE,,,,,,,,,,,,
789,399,A,86.77,Q58FF7,10.43,/AF-Q58FF7-F1-model_v1,84.7140931,FALSE,,,,,,,,,,,,
790,404,A,86.64,Q58FF7,10.05,/AF-Q58FF7-F1-model_v1,26.00400959,FALSE,,,,,,,,,,,,
791,411,A,93.74,Q58FF7,9.52,/AF-Q58FF7-F1-model_v1,23.05510129,FALSE,,,,,,,,,,,,
792,423,A,87.34,Q58FF7,11.62,/AF-Q58FF7-F1-model_v1,40.61450983,FALSE,,,,,,,,,,,,
793,424,A,91.73,Q58FF7,10.66,/AF-Q58FF7-F1-model_v1,59.7824138,FALSE,,,,,,,,,,,,
794,425,A,91.33,Q58FF7,10.85,/AF-Q58FF7-F1-model_v1,77.87798749,FALSE,,,,,,,,,,,,
795,430,A,94.45,Q58FF7,11.31,/AF-Q58FF7-F1-model_v1,56.43138164,FALSE,,,,,,,,,,,,
796,432,A,95.39,Q58FF7,11.1,/AF-Q58FF7-F1-model_v1,33.10819778,FALSE,,,,,,,,,,,,
797,438,A,96.22,Q58FF7,11.51,/AF-Q58FF7-F1-model_v1,66.35043684,FALSE,,,,,,,,,,,,
798,441,A,96.91,Q58FF7,10.98,/AF-Q58FF7-F1-model_v1,24.26147287,FALSE,,,,,,,,,,,,
799,446,A,89.85,Q58FF7,10.44,/AF-Q58FF7-F1-model_v1,96.6437676,FALSE,,,,,,,,,,,,
800,447,A,91.27,Q58FF7,10.33,/AF-Q58FF7-F1-model_v1,49.99739988,FALSE,,,,,,,,,,,,
801,450,A,95.07,Q58FF7,10.35,/AF-Q58FF7-F1-model_v1,61.25686795,FALSE,,,,,,,,,,,,
802,480,A,84.75,Q58FF7,11.16,/AF-Q58FF7-F1-model_v1,43.96554199,FALSE,,,,,,,,,,,,
803,496,A,87.5,Q58FF7,11.51,/AF-Q58FF7-F1-model_v1,65.01002398,FALSE,,,,,,,,,,,,
804,497,A,93.72,Q58FF7,9.84,/AF-Q58FF7-F1-model_v1,20.9104407,FALSE,,,,,,,,,,,,
805,514,A,93.86,Q58FF7,10.56,/AF-Q58FF7-F1-model_v1,62.86536339,FALSE,,,,,,,,,,,,
806,519,A,89.77,Q58FF7,10.38,/AF-Q58FF7-F1-model_v1,69.16530386,FALSE,,,,,,,,,,,,
807,522,A,87.56,Q58FF7,10.66,/AF-Q58FF7-F1-model_v1,76.26949205,FALSE,,,,,,,,,,,,
808,525,A,90.89,Q58FF7,10.36,/AF-Q58FF7-F1-model_v1,41.68684012,FALSE,,,,,,,,,,,,
809,558,A,86.2,Q58FF7,10.41,/AF-Q58FF7-F1-model_v1,65.41214784,FALSE,,,,,,,,,,,,
810,27,A,89.07,P46459,10.44,/AF-P46459-F1-model_v1,72.38229474,FALSE,,,,,,,,,,,,
811,50,A,92.74,P46459,10.39,/AF-P46459-F1-model_v1,36.72731252,FALSE,,,,,,,,,,,,
812,68,A,89.34,P46459,10.32,/AF-P46459-F1-model_v1,67.02064328,FALSE,,,,,,,,,,,,
813,87,A,81.67,P46459,10.49,/AF-P46459-F1-model_v1,81.22901965,FALSE,,,,,,,,,,,,
814,89,A,83.09,P46459,10.6,/AF-P46459-F1-model_v1,65.41214784,FALSE,,,,,,,,,,,,
815,104,A,79.39,P46459,11.36,/AF-P46459-F1-model_v1,53.61651462,FALSE,,,,,,,,,,,,
816,105,A,79.21,P46459,10.47,/AF-P46459-F1-model_v1,93.56081801,FALSE,,,,,,,,,,,,
817,116,A,90.71,P46459,10.62,/AF-P46459-F1-model_v1,69.96955158,FALSE,,,,,,,,,,,,
818,143,A,87.75,P46459,12.25,/AF-P46459-F1-model_v1,21.98277099,FALSE,,,,,,,,,,,,
819,150,A,91.15,P46459,12.21,/AF-P46459-F1-model_v1,33.10819778,FALSE,,,,,,,,,,,,
820,171,A,87.03,P46459,11.61,/AF-P46459-F1-model_v1,68.89722129,FALSE,,,,,,,,,,,,
821,187,A,87.38,P46459,9.73,/AF-P46459-F1-model_v1,15.54878924,FALSE,,,,,,,,,,,,
822,198,A,79.57,P46459,10.62,/AF-P46459-F1-model_v1,81.49710222,FALSE,,,,,,,,,,,,
823,200,A,79.28,P46459,10.07,/AF-P46459-F1-model_v1,40.74855111,FALSE,,,,,,,,,,,,
824,225,A,85.89,P46459,10.69,/AF-P46459-F1-model_v1,105.8926164,FALSE,,,,,,,,,,,,
825,251,A,80.53,P46459,10.29,/AF-P46459-F1-model_v1,72.65037731,FALSE,,,,,,,,,,,,
826,254,A,87.29,P46459,9.26,/AF-P46459-F1-model_v1,17.9615324,FALSE,,,,,,,,,,,,
827,266,A,90.31,P46459,8.85,/AF-P46459-F1-model_v1,15.41474795,FALSE,,,,,,,,,,,,
828,275,A,78.83,P46459,10.25,/AF-P46459-F1-model_v1,87.79704269,FALSE,,,,,,,,,,,,
829,283,A,90.37,P46459,10.79,/AF-P46459-F1-model_v1,36.45922994,FALSE,,,,,,,,,,,,
830,293,A,81.29,P46459,10.43,/AF-P46459-F1-model_v1,76.53757462,FALSE,,,,,,,,,,,,
831,304,A,92.01,P46459,10.43,/AF-P46459-F1-model_v1,78.81627649,FALSE,,,,,,,,,,,,
832,335,A,83.16,P46459,10.24,/AF-P46459-F1-model_v1,81.49710222,FALSE,,,,,,,,,,,,
833,357,A,87.72,P46459,10.9,/AF-P46459-F1-model_v1,17.15728468,FALSE,,,,,,,,,,,,
834,392,A,91.69,P46459,10,/AF-P46459-F1-model_v1,39.81026211,FALSE,,,,,,,,,,,,
835,401,A,89.27,P46459,10.62,/AF-P46459-F1-model_v1,91.55019872,FALSE,,,,,,,,,,,,
836,427,A,92.94,P46459,10.58,/AF-P46459-F1-model_v1,86.7247124,FALSE,,,,,,,,,,,,
837,434,A,78.59,P46459,9.73,/AF-P46459-F1-model_v1,34.71669322,FALSE,,,,,,,,,,,,
838,489,A,73.7,P46459,11.33,/AF-P46459-F1-model_v1,72.51633603,FALSE,,,,,,,,,,,,
839,509,A,91.04,P46459,10.5,/AF-P46459-F1-model_v1,68.76318,FALSE,,,,,,,,,,,,
840,529,A,91.73,P46459,10.37,/AF-P46459-F1-model_v1,73.18654246,FALSE,,,,,,,,,,,,
841,549,A,94.17,P46459,8.65,/AF-P46459-F1-model_v1,0,FALSE,,,,,,,,,,,,
842,555,A,92.06,P46459,11.53,/AF-P46459-F1-model_v1,17.02324339,FALSE,,,,,,,,,,,,
843,566,A,89.2,P46459,9.64,/AF-P46459-F1-model_v1,74.39291404,FALSE,,,,,,,,,,,,
844,572,A,87.56,P46459,11.11,/AF-P46459-F1-model_v1,35.9230648,FALSE,,,,,,,,,,,,
845,581,A,94.18,P46459,10.8,/AF-P46459-F1-model_v1,0,FALSE,,,,,,,,,,,,
846,586,A,92.69,P46459,10.65,/AF-P46459-F1-model_v1,67.55680842,FALSE,,,,,,,,,,,,
847,587,A,89.62,P46459,10.48,/AF-P46459-F1-model_v1,97.44801532,FALSE,,,,,,,,,,,,
848,594,A,79.62,P46459,11.1,/AF-P46459-F1-model_v1,73.7227076,FALSE,,,,,,,,,,,,
849,631,A,91.9,P46459,10.35,/AF-P46459-F1-model_v1,69.03126257,FALSE,,,,,,,,,,,,
850,632,A,92.95,P46459,10.26,/AF-P46459-F1-model_v1,69.96955158,FALSE,,,,,,,,,,,,
851,639,A,93.25,P46459,11.11,/AF-P46459-F1-model_v1,12.46583965,FALSE,,,,,,,,,,,,
852,649,A,93.18,P46459,11.39,/AF-P46459-F1-model_v1,37.66560152,FALSE,,,,,,,,,,,,
853,687,A,90.58,P46459,10.47,/AF-P46459-F1-model_v1,81.09497836,FALSE,,,,,,,,,,,,
854,689,A,90.59,P46459,10.44,/AF-P46459-F1-model_v1,91.14807486,FALSE,,,,,,,,,,,,
855,699,A,82.57,P46459,10.51,/AF-P46459-F1-model_v1,84.84813439,FALSE,,,,,,,,,,,,
856,701,A,84.39,P46459,10.02,/AF-P46459-F1-model_v1,54.8228862,FALSE,,,,,,,,,,,,
857,702,A,85.05,P46459,10.52,/AF-P46459-F1-model_v1,97.17993275,FALSE,,,,,,,,,,,,
858,708,A,92.41,P46459,10.3,/AF-P46459-F1-model_v1,77.7439462,FALSE,,,,,,,,,,,,
859,709,A,92.41,P46459,11.27,/AF-P46459-F1-model_v1,34.04648678,FALSE,,,,,,,,,,,,
860,728,A,92.51,P46459,10.4,/AF-P46459-F1-model_v1,50.13144117,FALSE,,,,,,,,,,,,
861,20,A,77.88,O00567,10.41,/AF-O00567-F1-model_v1,80.69285451,FALSE,,,,,,,,,,,,
862,41,A,82.69,O00567,10.42,/AF-O00567-F1-model_v1,71.44400573,FALSE,,,,,,,,,,,,
863,99,A,90.99,O00567,10.56,/AF-O00567-F1-model_v1,84.04388667,FALSE,,,,,,,,,,,,
864,134,A,79.79,O00567,10.44,/AF-O00567-F1-model_v1,103.2117906,FALSE,,,,,,,,,,,,
865,143,A,92.16,O00567,10.39,/AF-O00567-F1-model_v1,94.63314831,FALSE,,,,,,,,,,,,
866,156,A,89.75,O00567,11.24,/AF-O00567-F1-model_v1,55.76117521,FALSE,,,,,,,,,,,,
867,158,A,84.18,O00567,10.55,/AF-O00567-F1-model_v1,99.05651076,FALSE,,,,,,,,,,,,
868,180,A,95.23,O00567,10.49,/AF-O00567-F1-model_v1,91.68424,FALSE,,,,,,,,,,,,
869,202,A,87.23,O00567,10.49,/AF-O00567-F1-model_v1,98.78842819,FALSE,,,,,,,,,,,,
870,227,A,76.23,O00567,10.08,/AF-O00567-F1-model_v1,35.38689965,FALSE,,,,,,,,,,,,
871,230,A,79.54,O00567,10.47,/AF-O00567-F1-model_v1,60.45262024,TRUE,,,,,,,,,,,,
872,240,A,84.15,O00567,10.71,/AF-O00567-F1-model_v1,54.95692749,FALSE,,,,,,,,,,,,
873,242,A,85.65,O00567,10.59,/AF-O00567-F1-model_v1,65.94831298,FALSE,,,,,,,,,,,,
874,288,A,90.56,O00567,10.51,/AF-O00567-F1-model_v1,57.36967064,FALSE,,,,,,,,,,,,
875,320,A,94.96,O00567,10.39,/AF-O00567-F1-model_v1,85.11621696,FALSE,,,,,,,,,,,,
876,333,A,87.39,O00567,10.43,/AF-O00567-F1-model_v1,112.8627633,FALSE,,,,,,,,,,,,
877,340,A,92.29,O00567,10.4,/AF-O00567-F1-model_v1,86.7247124,FALSE,,,,,,,,,,,,
878,347,A,84.12,O00567,10.36,/AF-O00567-F1-model_v1,81.22901965,FALSE,,,,,,,,,,,,
879,363,A,87.64,O00567,10.46,/AF-O00567-F1-model_v1,94.49910702,FALSE,,,,,,,,,,,,
880,365,A,89.09,O00567,10.33,/AF-O00567-F1-model_v1,38.60389053,FALSE,,,,,,,,,,,,
881,375,A,93.51,O00567,8.4,/AF-O00567-F1-model_v1,0,FALSE,,,,,,,,,,,,
882,396,A,90.93,O00567,11.45,/AF-O00567-F1-model_v1,16.62111953,FALSE,,,,,,,,,,,,
883,416,A,82.34,O00567,10.44,/AF-O00567-F1-model_v1,87.79704269,FALSE,,,,,,,,,,,,
884,422,A,83.11,O00567,10.39,/AF-O00567-F1-model_v1,93.82890059,FALSE,,,,,,,,,,,,
885,438,A,79.96,O00567,11.39,/AF-O00567-F1-model_v1,79.88860679,FALSE,,,,,,,,,,,,
886,441,A,79.66,O00567,10.39,/AF-O00567-F1-model_v1,90.07574456,FALSE,,,,,,,,,,,,
887,444,A,75.9,O00567,10.63,/AF-O00567-F1-model_v1,86.18854725,FALSE,,,,,,,,,,,,
888,445,A,78.19,O00567,10.39,/AF-O00567-F1-model_v1,91.01403357,FALSE,,,,,,,,,,,,
889,448,A,75.33,O00567,10.42,/AF-O00567-F1-model_v1,78.41415263,FALSE,,,,,,,,,,,,
890,449,A,77.71,O00567,10.39,/AF-O00567-F1-model_v1,95.03527217,FALSE,,,,,,,,,,,,
891,451,A,76.73,O00567,10.42,/AF-O00567-F1-model_v1,84.44601053,FALSE,,,,,,,,,,,,
892,452,A,77.42,O00567,10.4,/AF-O00567-F1-model_v1,77.20778105,FALSE,,,,,,,,,,,,
893,56,G,0,Q01813,10.59,/4XZ2-alt-1_assembled/4XYJ-alt-1_assembled,52.14206047,FALSE,,,,,,,,,,,,
894,109,G,0,Q01813,10.44,/4XZ2-alt-1_assembled/4XYJ-alt-1_assembled,60.72070281,FALSE,,,,,,,,,,,,
895,139,B,0,Q01813,10.05,/4XZ2-alt-1_assembled/4XYJ-alt-1_assembled,44.63574842,FALSE,,,,,,,,,,,,
896,156,C,0,Q01813,10.29,/4XZ2-alt-1_assembled/4XYJ-alt-1_assembled,77.87798749,TRUE,,,,,,,,,,,,
897,161,A,0,Q01813,9.88,/4XZ2-alt-1_assembled/4XYJ-alt-1_assembled,13.13604608,FALSE,,,,,,,,,,,,
898,255,B,0,Q01813,8.07,/4XZ2-alt-1_assembled/4XYJ-alt-1_assembled,0,FALSE,,,,,,,,,,,,
899,263,H,0,Q01813,9.91,/4XZ2-alt-1_assembled/4XYJ-alt-1_assembled,56.8335055,FALSE,,,,,,,,,,,,
900,264,H,0,Q01813,9.26,/4XZ2-alt-1_assembled/4XYJ-alt-1_assembled,16.75516082,FALSE,,,,,,,,,,,,
901,281,B,0,Q01813,10.01,/4XZ2-alt-1_assembled/4XYJ-alt-1_assembled,49.8633586,FALSE,,,,,,,,,,,,
902,287,B,0,Q01813,10.01,/4XZ2-alt-1_assembled/4XYJ-alt-1_assembled,36.72731252,FALSE,,,,,,,,,,,,
903,289,H,0,Q01813,10.04,/4XZ2-alt-1_assembled/4XYJ-alt-1_assembled,31.49970234,FALSE,,,,,,,,,,,,
904,369,B,0,Q01813,10.29,/4XZ2-alt-1_assembled/4XYJ-alt-1_assembled,50.8016476,FALSE,,,,,,,,,,,,
905,395,D,0,Q01813,9.09,/4XZ2-alt-1_assembled/4XYJ-alt-1_assembled,47.04849158,FALSE,,,,,,,,,,,,
906,400,C,0,Q01813,8.61,/4XZ2-alt-1_assembled/4XYJ-alt-1_assembled,15.41474795,FALSE,,,,,,,,,,,,
907,408,B,0,Q01813,9.64,/4XZ2-alt-1_assembled/4XYJ-alt-1_assembled,15.28070667,FALSE,,,,,,,,,,,,
908,455,D,0,Q01813,10.94,/4XZ2-alt-1_assembled/4XYJ-alt-1_assembled,43.02725298,FALSE,,,,,,,,,,,,
909,459,F,0,Q01813,10.06,/4XZ2-alt-1_assembled/4XYJ-alt-1_assembled,39.54217953,FALSE,,,,,,,,,,,,
910,480,D,0,Q01813,9.39,/4XZ2-alt-1_assembled/4XYJ-alt-1_assembled,31.9018262,FALSE,,,,,,,,,,,,
911,486,C,0,Q01813,10.47,/4XZ2-alt-1_assembled/4XYJ-alt-1_assembled,93.29273544,FALSE,,,,,,,,,,,,
912,524,G,0,Q01813,10.4,/4XZ2-alt-1_assembled/4XYJ-alt-1_assembled,90.07574456,FALSE,,,,,,,,,,,,
913,567,A,0,Q01813,6.6,/4XZ2-alt-1_assembled/4XYJ-alt-1_assembled,12.19775708,FALSE,,,,,,,,,,,,
914,574,C,0,Q01813,5.31,/4XZ2-alt-1_assembled/4XYJ-alt-1_assembled,0,FALSE,,,,,,,,,,,,
915,625,A,0,Q01813,9.57,/4XZ2-alt-1_assembled/4XYJ-alt-1_assembled,22.11681228,FALSE,,,,,,,,,,,,
916,627,E,0,Q01813,10.48,/4XZ2-alt-1_assembled/4XYJ-alt-1_assembled,29.75716561,FALSE,,,,,,,,,,,,
917,659,E,0,Q01813,10.18,/4XZ2-alt-1_assembled/4XYJ-alt-1_assembled,50.13144117,FALSE,,,,,,,,,,,,
918,666,F,0,Q01813,9.55,/4XZ2-alt-1_assembled/4XYJ-alt-1_assembled,31.36566105,FALSE,,,,,,,,,,,,
919,688,D,0,Q01813,6.48,/4XZ2-alt-1_assembled/4XYJ-alt-1_assembled,38.06772538,FALSE,,,,,,,,,,,,
920,700,H,0,Q01813,9.63,/4XZ2-alt-1_assembled/4XYJ-alt-1_assembled,25.60188573,FALSE,,,,,,,,,,,,
921,702,A,0,Q01813,8.81,/4XZ2-alt-1_assembled/4XYJ-alt-1_assembled,35.65498222,FALSE,,,,,,,,,,,,
922,709,A,0,Q01813,9.2,/4XZ2-alt-1_assembled/4XYJ-alt-1_assembled,24.26147287,FALSE,,,,,,,,,,,,
923,710,C,0,Q01813,9.68,/4XZ2-alt-1_assembled/4XYJ-alt-1_assembled,19.16790398,FALSE,,,,,,,,,,,,
924,724,B,0,Q01813,9.69,/4XZ2-alt-1_assembled/4XYJ-alt-1_assembled,27.61250503,FALSE,,,,,,,,,,,,
925,736,F,0,Q01813,10.08,/4XZ2-alt-1_assembled/4XYJ-alt-1_assembled,58.17391836,FALSE,,,,,,,,,,,,
926,737,C,0,Q01813,10.21,/4XZ2-alt-1_assembled/4XYJ-alt-1_assembled,82.97155638,FALSE,,,,,,,,,,,,
927,747,E,0,Q01813,10.13,/4XZ2-alt-1_assembled/4XYJ-alt-1_assembled,74.66099661,FALSE,,,,,,,,,,,,
928,753,A,0,Q01813,8.65,/4XZ2-alt-1_assembled/4XYJ-alt-1_assembled,32.70607392,FALSE,,,,,,,,,,,,
929,759,G,0,Q01813,8.36,/4XZ2-alt-1_assembled/4XYJ-alt-1_assembled,17.9615324,FALSE,,,,,,,,,,,,
930,15,D,0,Q01813,10.42,/4XYJ-alt-1_assembled,34.98477579,FALSE,,,,,,,,,,,,
931,25,C,0,Q01813,9.38,/4XYJ-alt-1_assembled,37.79964281,FALSE,,,,,,,,,,,,
932,763,F,0,Q01813,9.19,/4XYJ-alt-1_assembled,41.55279883,FALSE,,,,,,,,,,,,
933,765,A,0,Q01813,9.71,/4XYJ-alt-1_assembled,82.97155638,FALSE,,,,,,,,,,,,
934,9,A,90.86,Q9ULV4,10.23,/AF-Q9ULV4-F1-model_v1,58.8441248,FALSE,,,,,,,,,,,,
935,19,A,95.71,Q9ULV4,10.43,/AF-Q9ULV4-F1-model_v1,92.62252901,FALSE,,,,,,,,,,,,
936,65,A,94.83,Q9ULV4,10.11,/AF-Q9ULV4-F1-model_v1,53.48247333,FALSE,,,,,,,,,,,,
937,71,A,91.41,Q9ULV4,10.21,/AF-Q9ULV4-F1-model_v1,62.73132211,FALSE,,,,,,,,,,,,
938,131,A,98.25,Q9ULV4,10.53,/AF-Q9ULV4-F1-model_v1,56.29734035,FALSE,,,,,,,,,,,,
939,194,A,96.49,Q9ULV4,11.13,/AF-Q9ULV4-F1-model_v1,46.91445029,FALSE,,,,,,,,,,,,
940,196,A,95.23,Q9ULV4,10.1,/AF-Q9ULV4-F1-model_v1,41.95492269,FALSE,,,,,,,,,,,,
941,197,A,97.25,Q9ULV4,11.42,/AF-Q9ULV4-F1-model_v1,37.66560152,FALSE,,,,,,,,,,,,
942,205,A,97.51,Q9ULV4,11.16,/AF-Q9ULV4-F1-model_v1,68.22701486,TRUE,,,,,,,,,,,,
943,212,A,97.74,Q9ULV4,10.13,/AF-Q9ULV4-F1-model_v1,21.44660585,FALSE,,,,,,,,,,,,
944,214,A,95.18,Q9ULV4,11.55,/AF-Q9ULV4-F1-model_v1,64.47385883,FALSE,,,,,,,,,,,,
945,251,A,95.75,Q9ULV4,10.41,/AF-Q9ULV4-F1-model_v1,99.59267591,FALSE,,,,,,,,,,,,
946,285,A,91.49,Q9ULV4,7.32,/AF-Q9ULV4-F1-model_v1,19.9721517,FALSE,,,,,,,,,,,,
947,311,A,92.36,Q9ULV4,10.48,/AF-Q9ULV4-F1-model_v1,113.1308459,FALSE,,,,,,,,,,,,
948,322,A,95.88,Q9ULV4,10.48,/AF-Q9ULV4-F1-model_v1,14.74454152,FALSE,,,,,,,,,,,,
949,329,A,92.11,Q9ULV4,11.53,/AF-Q9ULV4-F1-model_v1,74.52695532,FALSE,,,,,,,,,,,,
950,337,A,98.03,Q9ULV4,8.73,/AF-Q9ULV4-F1-model_v1,0,FALSE,,,,,,,,,,,,
951,342,A,96.11,Q9ULV4,12.06,/AF-Q9ULV4-F1-model_v1,15.68283053,FALSE,,,,,,,,,,,,
952,353,A,84.61,Q9ULV4,10.47,/AF-Q9ULV4-F1-model_v1,99.19055205,FALSE,,,,,,,,,,,,
953,381,A,98.05,Q9ULV4,11.61,/AF-Q9ULV4-F1-model_v1,53.88459719,FALSE,,,,,,,,,,,,
954,391,A,88.8,Q9ULV4,10.68,/AF-Q9ULV4-F1-model_v1,61.52495053,FALSE,,,,,,,,,,,,
955,398,A,76.51,Q9ULV4,10.54,/AF-Q9ULV4-F1-model_v1,114.7393413,FALSE,,,,,,,,,,,,
956,403,A,86.8,Q9ULV4,10.52,/AF-Q9ULV4-F1-model_v1,101.4692539,FALSE,,,,,,,,,,,,
957,406,A,72.2,Q9ULV4,10.41,/AF-Q9ULV4-F1-model_v1,97.31397404,FALSE,,,,,,,,,,,,
958,440,A,79.36,Q9ULV4,10.42,/AF-Q9ULV4-F1-model_v1,85.92046468,FALSE,,,,,,,,,,,,
959,446,A,90.54,Q9ULV4,10.44,/AF-Q9ULV4-F1-model_v1,81.89922608,FALSE,,,,,,,,,,,,
960,449,A,91.74,Q9ULV4,10.43,/AF-Q9ULV4-F1-model_v1,81.49710222,FALSE,,,,,,,,,,,,
961,452,A,90.49,Q9ULV4,10.4,/AF-Q9ULV4-F1-model_v1,73.32058374,FALSE,,,,,,,,,,,,
962,464,A,90.64,Q9ULV4,10.39,/AF-Q9ULV4-F1-model_v1,76.67161591,FALSE,,,,,,,,,,,,
963,471,A,84.51,Q9ULV4,10.41,/AF-Q9ULV4-F1-model_v1,73.05250117,FALSE,,,,,,,,,,,,
964,5,A,0,Q00796,10.43,/1PL8-alt1B_assembled/1PL8-alt1A_assembled,80.82689579,TRUE,,,,,,,,,,,,
965,62,B,0,Q00796,10.32,/1PL8-alt1B_assembled/1PL8-alt1A_assembled,72.38229474,FALSE,,,,,,,,,,,,
966,63,A,0,Q00796,10.59,/1PL8-alt1B_assembled/1PL8-alt1A_assembled,56.96754679,FALSE,,,,,,,,,,,,
967,77,B,0,Q00796,11.3,/1PL8-alt1B_assembled/1PL8-alt1A_assembled,45.17191357,FALSE,,,,,,,,,,,,
968,83,D,0,Q00796,10.26,/1PL8-alt1B_assembled/1PL8-alt1A_assembled,61.52495053,FALSE,,,,,,,,,,,,
969,86,C,0,Q00796,11.3,/1PL8-alt1B_assembled/1PL8-alt1A_assembled,66.88660199,FALSE,,,,,,,,,,,,
970,106,A,0,Q00796,10.43,/1PL8-alt1B_assembled/1PL8-alt1A_assembled,56.56542293,FALSE,,,,,,,,,,,,
971,133,B,0,Q00796,10.23,/1PL8-alt1B_assembled/1PL8-alt1A_assembled,38.20176667,FALSE,,,,,,,,,,,,
972,141,C,0,Q00796,10.01,/1PL8-alt1B_assembled/1PL8-alt1A_assembled,36.45922994,FALSE,,,,,,,,,,,,
973,174,B,0,Q00796,10.13,/1PL8-alt1B_assembled/1PL8-alt1A_assembled,14.74454152,FALSE,,,,,,,,,,,,
974,192,B,0,Q00796,10.11,/1PL8-alt1B_assembled/1PL8-alt1A_assembled,17.69344983,FALSE,,,,,,,,,,,,
975,211,D,0,Q00796,9.98,/1PL8-alt1B_assembled/1PL8-alt1A_assembled,26.27209216,FALSE,,,,,,,,,,,,
976,213,A,0,Q00796,9.17,/1PL8-alt1B_assembled/1PL8-alt1A_assembled,27.21038117,FALSE,,,,,,,,,,,,
977,225,B,0,Q00796,10.45,/1PL8-alt1B_assembled/1PL8-alt1A_assembled,80.55881322,FALSE,,,,,,,,,,,,
978,234,D,0,Q00796,9.43,/1PL8-alt1B_assembled/1PL8-alt1A_assembled,6.970146901,FALSE,,,,,,,,,,,,
979,242,B,0,Q00796,10.66,/1PL8-alt1B_assembled/1PL8-alt1A_assembled,19.03386269,FALSE,,,,,,,,,,,,
980,294,C,0,Q00796,10.2,/1PL8-alt1B_assembled/1PL8-alt1A_assembled,46.64636772,FALSE,,,,,,,,,,,,
981,313,B,0,Q00796,10.11,/1PL8-alt1B_assembled/1PL8-alt1A_assembled,54.95692749,FALSE,,,,,,,,,,,,
982,318,B,0,Q00796,10.71,/1PL8-alt1B_assembled/1PL8-alt1A_assembled,49.72931731,FALSE,,,,,,,,,,,,
983,329,B,0,Q00796,10.45,/1PL8-alt1B_assembled/1PL8-alt1A_assembled,53.34843205,FALSE,,,,,,,,,,,,
984,338,D,0,Q00796,10.78,/1PL8-alt1B_assembled/1PL8-alt1A_assembled,33.10819778,FALSE,,,,,,,,,,,,
985,339,A,0,Q00796,10.38,/1PL8-alt1B_assembled/1PL8-alt1A_assembled,69.16530386,FALSE,,,,,,,,,,,,
986,344,D,0,Q00796,12.21,/1PL8-alt1B_assembled/1PL8-alt1A_assembled,8.578642339,FALSE,,,,,,,,,,,,
987,348,A,0,Q00796,9.74,/1PL8-alt1B_assembled/1PL8-alt1A_assembled,0,FALSE,,,,,,,,,,,,
988,122,A,89.06,Q53GS9,9.61,/AF-Q53GS9-F1-model_v1,37.66560152,FALSE,,,,,,,,,,,,
989,141,A,93.74,Q53GS9,10.58,/AF-Q53GS9-F1-model_v1,80.29073065,FALSE,,,,,,,,,,,,
990,149,A,90.12,Q53GS9,10.44,/AF-Q53GS9-F1-model_v1,101.6032952,FALSE,,,,,,,,,,,,
991,171,A,93.75,Q53GS9,11.64,/AF-Q53GS9-F1-model_v1,41.15067497,FALSE,,,,,,,,,,,,
992,194,A,90.23,Q53GS9,11.01,/AF-Q53GS9-F1-model_v1,62.86536339,FALSE,,,,,,,,,,,,
993,199,A,90.26,Q53GS9,10.73,/AF-Q53GS9-F1-model_v1,83.10559766,FALSE,,,,,,,,,,,,
994,207,A,85.92,Q53GS9,10.41,/AF-Q53GS9-F1-model_v1,93.82890059,FALSE,,,,,,,,,,,,
995,210,A,86.62,Q53GS9,10.39,/AF-Q53GS9-F1-model_v1,93.02465287,FALSE,,,,,,,,,,,,
996,231,A,85.57,Q53GS9,10.33,/AF-Q53GS9-F1-model_v1,68.36105614,FALSE,,,,,,,,,,,,
997,260,A,85.76,Q53GS9,10.56,/AF-Q53GS9-F1-model_v1,77.60990491,FALSE,,,,,,,,,,,,
998,263,A,78.04,Q53GS9,10.46,/AF-Q53GS9-F1-model_v1,110.7181027,FALSE,,,,,,,,,,,,
999,283,A,93.21,Q53GS9,12.7,/AF-Q53GS9-F1-model_v1,0,FALSE,,,,,,,,,,,,
1000,291,A,88,Q53GS9,11.15,/AF-Q53GS9-F1-model_v1,32.57203263,FALSE,,,,,,,,,,,,
1001,308,A,90.62,Q53GS9,10.42,/AF-Q53GS9-F1-model_v1,103.6139145,FALSE,,,,,,,,,,,,
1002,309,A,88.01,Q53GS9,10.34,/AF-Q53GS9-F1-model_v1,84.04388667,FALSE,,,,,,,,,,,,
1003,315,A,87.61,Q53GS9,10.37,/AF-Q53GS9-F1-model_v1,86.85875369,FALSE,,,,,,,,,,,,
1004,341,A,72.99,Q53GS9,10.2,/AF-Q53GS9-F1-model_v1,77.87798749,FALSE,,,,,,,,,,,,
1005,342,A,82.42,Q53GS9,10.59,/AF-Q53GS9-F1-model_v1,94.49910702,FALSE,,,,,,,,,,,,
1006,358,A,90.17,Q53GS9,10.45,/AF-Q53GS9-F1-model_v1,52.41014304,FALSE,,,,,,,,,,,,
1007,359,A,87.57,Q53GS9,12.68,/AF-Q53GS9-F1-model_v1,15.68283053,FALSE,,,,,,,,,,,,
1008,370,A,80.12,Q53GS9,10.13,/AF-Q53GS9-F1-model_v1,26.80825731,FALSE,,,,,,,,,,,,
1009,421,A,90.2,Q53GS9,9.68,/AF-Q53GS9-F1-model_v1,11.12542678,FALSE,,,,,,,,,,,,
1010,428,A,87.33,Q53GS9,10.92,/AF-Q53GS9-F1-model_v1,42.75917041,FALSE,,,,,,,,,,,,
1011,431,A,81.44,Q53GS9,10.96,/AF-Q53GS9-F1-model_v1,59.11220737,FALSE,,,,,,,,,,,,
1012,434,A,75.58,Q53GS9,10.52,/AF-Q53GS9-F1-model_v1,73.58866632,FALSE,,,,,,,,,,,,
1013,439,A,91.58,Q53GS9,10.02,/AF-Q53GS9-F1-model_v1,42.08896398,FALSE,,,,,,,,,,,,
1014,445,A,91.04,Q53GS9,9.69,/AF-Q53GS9-F1-model_v1,67.55680842,FALSE,,,,,,,,,,,,
1015,455,A,91.77,Q53GS9,10.28,/AF-Q53GS9-F1-model_v1,59.24624866,FALSE,,,,,,,,,,,,
1016,459,A,83.6,Q53GS9,10.41,/AF-Q53GS9-F1-model_v1,90.61190971,TRUE,,,,,,,,,,,,
1017,466,A,90.19,Q53GS9,9.9,/AF-Q53GS9-F1-model_v1,8.310559766,FALSE,,,,,,,,,,,,
1018,493,A,78.73,Q53GS9,10.44,/AF-Q53GS9-F1-model_v1,90.87999228,FALSE,,,,,,,,,,,,
1019,508,A,85.99,Q53GS9,10.41,/AF-Q53GS9-F1-model_v1,84.58005182,FALSE,,,,,,,,,,,,
1020,525,A,94.01,Q53GS9,10.58,/AF-Q53GS9-F1-model_v1,68.49509743,FALSE,,,,,,,,,,,,
1021,553,A,95.9,Q53GS9,11.06,/AF-Q53GS9-F1-model_v1,50.26548246,FALSE,,,,,,,,,,,,
1022,131,A,83.72,Q9Y2R4,10.36,/AF-Q9Y2R4-F1-model_v1,70.10359287,FALSE,,,,,,,,,,,,
1023,137,A,89.74,Q9Y2R4,11.39,/AF-Q9Y2R4-F1-model_v1,48.79102831,FALSE,,,,,,,,,,,,
1024,139,A,91.36,Q9Y2R4,10.28,/AF-Q9Y2R4-F1-model_v1,83.23963895,FALSE,,,,,,,,,,,,
1025,146,A,93.09,Q9Y2R4,10.35,/AF-Q9Y2R4-F1-model_v1,73.85674889,FALSE,,,,,,,,,,,,
1026,148,A,91.04,Q9Y2R4,11.39,/AF-Q9Y2R4-F1-model_v1,60.8547441,FALSE,,,,,,,,,,,,
1027,171,A,89.79,Q9Y2R4,10.47,/AF-Q9Y2R4-F1-model_v1,92.75657029,FALSE,,,,,,,,,,,,
1028,215,A,92.05,Q9Y2R4,9.79,/AF-Q9Y2R4-F1-model_v1,23.45722515,FALSE,,,,,,,,,,,,
1029,228,A,90.13,Q9Y2R4,10.37,/AF-Q9Y2R4-F1-model_v1,82.97155638,FALSE,,,,,,,,,,,,
1030,233,A,85.97,Q9Y2R4,10.26,/AF-Q9Y2R4-F1-model_v1,78.28011135,FALSE,,,,,,,,,,,,
1031,256,A,93.24,Q9Y2R4,10.57,/AF-Q9Y2R4-F1-model_v1,36.72731252,FALSE,,,,,,,,,,,,
1032,284,A,74.32,Q9Y2R4,10.49,/AF-Q9Y2R4-F1-model_v1,68.22701486,FALSE,,,,,,,,,,,,
1033,285,A,81.58,Q9Y2R4,10.37,/AF-Q9Y2R4-F1-model_v1,81.7651848,FALSE,,,,,,,,,,,,
1034,301,A,87.1,Q9Y2R4,10.36,/AF-Q9Y2R4-F1-model_v1,81.22901965,FALSE,,,,,,,,,,,,
1035,322,A,82.14,Q9Y2R4,11.3,/AF-Q9Y2R4-F1-model_v1,37.39751895,FALSE,,,,,,,,,,,,
1036,346,A,89.47,Q9Y2R4,10.55,/AF-Q9Y2R4-F1-model_v1,63.66961111,FALSE,,,,,,,,,,,,
1037,365,A,90.79,Q9Y2R4,11.31,/AF-Q9Y2R4-F1-model_v1,58.8441248,FALSE,,,,,,,,,,,,
1038,399,A,93.41,Q9Y2R4,9.56,/AF-Q9Y2R4-F1-model_v1,6.836105614,FALSE,,,,,,,,,,,,
1039,408,A,88.23,Q9Y2R4,10.45,/AF-Q9Y2R4-F1-model_v1,79.62052421,FALSE,,,,,,,,,,,,
1040,409,A,88.81,Q9Y2R4,11.52,/AF-Q9Y2R4-F1-model_v1,65.8142717,FALSE,,,,,,,,,,,,
1041,426,A,93.42,Q9Y2R4,11.36,/AF-Q9Y2R4-F1-model_v1,51.47185404,FALSE,,,,,,,,,,,,
1042,462,A,89.19,Q9Y2R4,10.33,/AF-Q9Y2R4-F1-model_v1,70.90784059,FALSE,,,,,,,,,,,,
1043,479,A,74.54,Q9Y2R4,10.36,/AF-Q9Y2R4-F1-model_v1,87.93108398,FALSE,,,,,,,,,,,,
1044,509,A,86.08,Q9Y2R4,10.46,/AF-Q9Y2R4-F1-model_v1,111.6563917,FALSE,,,,,,,,,,,,
1045,511,A,92.84,Q9Y2R4,12.33,/AF-Q9Y2R4-F1-model_v1,37.39751895,FALSE,,,,,,,,,,,,
1046,521,A,86.05,Q9Y2R4,11.33,/AF-Q9Y2R4-F1-model_v1,45.30595485,FALSE,,,,,,,,,,,,
1047,543,A,77.42,Q9Y2R4,11.28,/AF-Q9Y2R4-F1-model_v1,41.01663369,FALSE,,,,,,,,,,,,
1048,547,A,73.76,Q9Y2R4,10.33,/AF-Q9Y2R4-F1-model_v1,111.790433,FALSE,,,,,,,,,,,,
1049,551,A,73.06,Q9Y2R4,10.46,/AF-Q9Y2R4-F1-model_v1,111.790433,FALSE,,,,,,,,,,,,
1050,553,A,73.67,Q9Y2R4,9.42,/AF-Q9Y2R4-F1-model_v1,69.29934515,FALSE,,,,,,,,,,,,
1051,554,A,71.66,Q9Y2R4,11.23,/AF-Q9Y2R4-F1-model_v1,87.12683626,FALSE,,,,,,,,,,,,
1052,555,A,74.77,Q9Y2R4,10.42,/AF-Q9Y2R4-F1-model_v1,96.91185018,FALSE,,,,,,,,,,,,
1053,558,A,71.57,Q9Y2R4,10.34,/AF-Q9Y2R4-F1-model_v1,67.95893228,FALSE,,,,,,,,,,,,
1054,559,A,75.18,Q9Y2R4,11.52,/AF-Q9Y2R4-F1-model_v1,83.10559766,FALSE,,,,,,,,,,,,
1055,571,A,70.45,Q9Y2R4,10.55,/AF-Q9Y2R4-F1-model_v1,99.05651076,FALSE,,,,,,,,,,,,
1056,576,A,70.95,Q9Y2R4,10.37,/AF-Q9Y2R4-F1-model_v1,84.31196924,FALSE,,,,,,,,,,,,
1057,578,A,75.56,Q9Y2R4,10.41,/AF-Q9Y2R4-F1-model_v1,91.68424,FALSE,,,,,,,,,,,,
1058,580,A,72.6,Q9Y2R4,10.42,/AF-Q9Y2R4-F1-model_v1,80.96093708,FALSE,,,,,,,,,,,,
1059,582,A,72.58,Q9Y2R4,11.12,/AF-Q9Y2R4-F1-model_v1,67.95893228,FALSE,,,,,,,,,,,,
1060,583,A,71.79,Q9Y2R4,10.42,/AF-Q9Y2R4-F1-model_v1,91.14807486,TRUE,,,,,,,,,,,,
1061,42,A,80.83,P55265,10.47,/AF-P55265-F1-model_v1,65.01002398,FALSE,,,,,,,,,,,,
1062,48,A,79.98,P55265,10.4,/AF-P55265-F1-model_v1,50.39952374,FALSE,,,,,,,,,,,,
1063,145,A,88.17,P55265,11.58,/AF-P55265-F1-model_v1,56.56542293,FALSE,,,,,,,,,,,,
1064,154,A,83.22,P55265,10.27,/AF-P55265-F1-model_v1,62.06111567,FALSE,,,,,,,,,,,,
1065,164,A,87.74,P55265,10.33,/AF-P55265-F1-model_v1,59.51433123,FALSE,,,,,,,,,,,,
1066,169,A,90.61,P55265,10.3,/AF-P55265-F1-model_v1,58.57604222,FALSE,,,,,,,,,,,,
1067,170,A,90.42,P55265,10.43,/AF-P55265-F1-model_v1,93.15869415,FALSE,,,,,,,,,,,,
1068,181,A,88.68,P55265,10.44,/AF-P55265-F1-model_v1,78.95031778,FALSE,,,,,,,,,,,,
1069,182,A,88.15,P55265,11.38,/AF-P55265-F1-model_v1,38.8719731,FALSE,,,,,,,,,,,,
1070,184,A,88.58,P55265,11.16,/AF-P55265-F1-model_v1,42.35704655,FALSE,,,,,,,,,,,,
1071,187,A,91.12,P55265,11.37,/AF-P55265-F1-model_v1,20.37427556,FALSE,,,,,,,,,,,,
1072,196,A,91.13,P55265,11.39,/AF-P55265-F1-model_v1,23.99339029,FALSE,,,,,,,,,,,,
1073,300,A,92.25,P55265,11.27,/AF-P55265-F1-model_v1,21.17852328,FALSE,,,,,,,,,,,,
1074,302,A,93.24,P55265,11.38,/AF-P55265-F1-model_v1,38.73793181,FALSE,,,,,,,,,,,,
1075,320,A,91.25,P55265,10.32,/AF-P55265-F1-model_v1,67.42276714,FALSE,,,,,,,,,,,,
1076,326,A,88.51,P55265,10.29,/AF-P55265-F1-model_v1,61.39090924,FALSE,,,,,,,,,,,,
1077,358,A,88.47,P55265,10.25,/AF-P55265-F1-model_v1,70.63975801,FALSE,,,,,,,,,,,,
1078,359,A,92.41,P55265,11.77,/AF-P55265-F1-model_v1,21.84872971,FALSE,,,,,,,,,,,,
1079,366,A,82,P55265,11.57,/AF-P55265-F1-model_v1,67.55680842,FALSE,,,,,,,,,,,,
1080,494,A,87.46,P55265,10.62,/AF-P55265-F1-model_v1,81.49710222,FALSE,,,,,,,,,,,,
1081,495,A,89.95,P55265,12.8,/AF-P55265-F1-model_v1,13.13604608,FALSE,,,,,,,,,,,,
1082,502,A,88.16,P55265,12.28,/AF-P55265-F1-model_v1,20.37427556,FALSE,,,,,,,,,,,,
1083,536,A,95.95,P55265,11.57,/AF-P55265-F1-model_v1,43.42937684,FALSE,,,,,,,,,,,,
1084,554,A,93.97,P55265,10.03,/AF-P55265-F1-model_v1,40.34642725,FALSE,,,,,,,,,,,,
1085,555,A,93.38,P55265,10.38,/AF-P55265-F1-model_v1,77.34182234,FALSE,,,,,,,,,,,,
1086,558,A,96.46,P55265,9.71,/AF-P55265-F1-model_v1,32.97415649,FALSE,,,,,,,,,,,,
1087,564,A,95.79,P55265,10.19,/AF-P55265-F1-model_v1,46.64636772,TRUE,,,,,,,,,,,,
1088,574,A,85.65,P55265,10.69,/AF-P55265-F1-model_v1,68.76318,FALSE,,,,,,,,,,,,
1089,576,A,77,P55265,10.54,/AF-P55265-F1-model_v1,94.36506573,FALSE,,,,,,,,,,,,
1090,613,A,73.64,P55265,11.32,/AF-P55265-F1-model_v1,62.73132211,FALSE,,,,,,,,,,,,
1091,625,A,78.12,P55265,10.41,/AF-P55265-F1-model_v1,90.47786842,FALSE,,,,,,,,,,,,
1092,637,A,89.46,P55265,10.22,/AF-P55265-F1-model_v1,72.7844186,FALSE,,,,,,,,,,,,
1093,645,A,88.82,P55265,11.13,/AF-P55265-F1-model_v1,53.88459719,FALSE,,,,,,,,,,,,
1094,665,A,91.25,P55265,10.3,/AF-P55265-F1-model_v1,79.35244164,FALSE,,,,,,,,,,,,
1095,666,A,90.99,P55265,10.38,/AF-P55265-F1-model_v1,84.7140931,FALSE,,,,,,,,,,,,
1096,669,A,94.44,P55265,9.75,/AF-P55265-F1-model_v1,43.69745942,FALSE,,,,,,,,,,,,
1097,678,A,86.59,P55265,11.55,/AF-P55265-F1-model_v1,64.87598269,FALSE,,,,,,,,,,,,
1098,745,A,92.84,P55265,10.35,/AF-P55265-F1-model_v1,67.02064328,FALSE,,,,,,,,,,,,
1099,757,A,86.27,P55265,11.44,/AF-P55265-F1-model_v1,46.37828515,FALSE,,,,,,,,,,,,
1100,763,A,87.81,P55265,11.34,/AF-P55265-F1-model_v1,23.32318386,FALSE,,,,,,,,,,,,
1101,777,A,92.43,P55265,10.31,/AF-P55265-F1-model_v1,50.26548246,FALSE,,,,,,,,,,,,
1102,778,A,92.15,P55265,10.42,/AF-P55265-F1-model_v1,101.7373365,FALSE,,,,,,,,,,,,
1103,781,A,93.9,P55265,10.12,/AF-P55265-F1-model_v1,63.40152854,FALSE,,,,,,,,,,,,
1104,875,A,96.3,P55265,9.91,/AF-P55265-F1-model_v1,22.65297743,FALSE,,,,,,,,,,,,
1105,876,A,93.37,P55265,10.46,/AF-P55265-F1-model_v1,83.37368024,FALSE,,,,,,,,,,,,
1106,895,A,85.86,P55265,10.62,/AF-P55265-F1-model_v1,62.73132211,FALSE,,,,,,,,,,,,
1107,902,A,92.84,P55265,10.56,/AF-P55265-F1-model_v1,77.60990491,FALSE,,,,,,,,,,,,
1108,929,A,93.4,P55265,11.07,/AF-P55265-F1-model_v1,62.06111567,FALSE,,,,,,,,,,,,
1109,936,A,88.89,P55265,10.52,/AF-P55265-F1-model_v1,86.99279497,FALSE,,,,,,,,,,,,
1110,944,A,85.69,P55265,10.44,/AF-P55265-F1-model_v1,107.7691944,FALSE,,,,,,,,,,,,
1111,948,A,93.94,P55265,10.85,/AF-P55265-F1-model_v1,28.28271146,FALSE,,,,,,,,,,,,
1112,952,A,96.27,P55265,10,/AF-P55265-F1-model_v1,22.38489485,FALSE,,,,,,,,,,,,
1113,953,A,94.42,P55265,10.56,/AF-P55265-F1-model_v1,100.6650062,FALSE,,,,,,,,,,,,
1114,974,A,73.02,P55265,10.6,/AF-P55265-F1-model_v1,65.54618912,FALSE,,,,,,,,,,,,
1115,996,A,83.75,P55265,10.41,/AF-P55265-F1-model_v1,109.5117311,FALSE,,,,,,,,,,,,
1116,999,A,90.26,P55265,10.19,/AF-P55265-F1-model_v1,53.61651462,FALSE,,,,,,,,,,,,
1117,19,A,0,P49005,10.21,/3E0J-alt-1_assembled,47.71869801,FALSE,,,,,,,,,,,,
1118,24,B,0,P49005,10.25,/3E0J-alt-1_assembled,54.01863848,FALSE,,,,,,,,,,,,
1119,38,C,0,P49005,9.27,/3E0J-alt-1_assembled,12.06371579,FALSE,,,,,,,,,,,,
1120,48,C,0,P49005,11.5,/3E0J-alt-1_assembled,18.09557368,FALSE,,,,,,,,,,,,
1121,50,A,0,P49005,10.68,/3E0J-alt-1_assembled,65.8142717,FALSE,,,,,,,,,,,,
1122,76,B,0,P49005,10.63,/3E0J-alt-1_assembled,47.8527393,FALSE,,,,,,,,,,,,
1123,84,A,0,P49005,10.53,/3E0J-alt-1_assembled,67.69084971,FALSE,,,,,,,,,,,,
1124,89,B,0,P49005,10.88,/3E0J-alt-1_assembled,39.14005567,FALSE,,,,,,,,,,,,
1125,91,A,0,P49005,10.23,/3E0J-alt-1_assembled,72.11421217,FALSE,,,,,,,,,,,,
1126,105,C,0,P49005,10.19,/3E0J-alt-1_assembled,18.49769754,FALSE,,,,,,,,,,,,
1127,109,A,0,P49005,10.46,/3E0J-alt-1_assembled,83.37368024,FALSE,,,,,,,,,,,,
1128,123,C,0,P49005,10.62,/3E0J-alt-1_assembled,41.68684012,FALSE,,,,,,,,,,,,
1129,131,A,0,P49005,10.31,/3E0J-alt-1_assembled,49.19315217,FALSE,,,,,,,,,,,,
1130,48,A,70.85,P49790,10.43,/AF-P49790-F1-model_v1,79.35244164,FALSE,,,,,,,,,,,,
1131,317,A,82.31,P49790,10.42,/AF-P49790-F1-model_v1,116.0797542,FALSE,,,,,,,,,,,,
1132,672,A,94.39,P49790,10.55,/AF-P49790-F1-model_v1,78.54819392,FALSE,,,,,,,,,,,,
1133,677,A,94.52,P49790,10.38,/AF-P49790-F1-model_v1,73.05250117,FALSE,,,,,,,,,,,,
1134,685,A,90.57,P49790,10.07,/AF-P49790-F1-model_v1,25.46784445,FALSE,,,,,,,,,,,,
1135,720,A,73.44,P49790,11.14,/AF-P49790-F1-model_v1,64.60790012,FALSE,,,,,,,,,,,,
1136,736,A,94.31,P49790,10.42,/AF-P49790-F1-model_v1,78.14607006,FALSE,,,,,,,,,,,,
1137,741,A,95.98,P49790,11.51,/AF-P49790-F1-model_v1,50.26548246,FALSE,,,,,,,,,,,,
1138,749,A,93.05,P49790,10.01,/AF-P49790-F1-model_v1,22.38489485,FALSE,,,,,,,,,,,,
1139,791,A,74.3,P49790,11.11,/AF-P49790-F1-model_v1,67.28872585,FALSE,,,,,,,,,,,,
1140,812,A,95.3,P49790,10.22,/AF-P49790-F1-model_v1,35.11881708,FALSE,,,,,,,,,,,,
1141,820,A,92.14,P49790,10.15,/AF-P49790-F1-model_v1,32.16990877,FALSE,,,,,,,,,,,,
1142,849,A,72.14,P49790,11.11,/AF-P49790-F1-model_v1,57.7717945,FALSE,,,,,,,,,,,,
1143,850,A,73.75,P49790,11.47,/AF-P49790-F1-model_v1,58.17391836,FALSE,,,,,,,,,,,,
1144,865,A,94.27,P49790,10.5,/AF-P49790-F1-model_v1,85.51834082,FALSE,,,,,,,,,,,,
1145,870,A,95.8,P49790,11.12,/AF-P49790-F1-model_v1,52.14206047,FALSE,,,,,,,,,,,,
1146,878,A,90.29,P49790,10.07,/AF-P49790-F1-model_v1,23.18914257,FALSE,,,,,,,,,,,,
1147,142,A,87.29,Q6S8J3,10.38,/AF-Q6S8J3-F1-model_v1,86.85875369,FALSE,,,,,,,,,,,,
1148,151,A,76.94,Q6S8J3,10.48,/AF-Q6S8J3-F1-model_v1,101.3352126,FALSE,,,,,,,,,,,,
1149,155,A,82.97,Q6S8J3,10.4,/AF-Q6S8J3-F1-model_v1,71.98017088,FALSE,,,,,,,,,,,,
1150,168,A,90.93,Q6S8J3,11.48,/AF-Q6S8J3-F1-model_v1,42.35704655,FALSE,,,,,,,,,,,,
1151,169,A,92.96,Q6S8J3,9.94,/AF-Q6S8J3-F1-model_v1,42.08896398,FALSE,,,,,,,,,,,,
1152,171,A,88.59,Q6S8J3,11.42,/AF-Q6S8J3-F1-model_v1,80.15668936,FALSE,,,,,,,,,,,,
1153,173,A,91.87,Q6S8J3,10.37,/AF-Q6S8J3-F1-model_v1,80.69285451,FALSE,,,,,,,,,,,,
1154,190,A,92.36,Q6S8J3,10.65,/AF-Q6S8J3-F1-model_v1,85.78642339,FALSE,,,,,,,,,,,,
1155,205,A,91.67,Q6S8J3,11.33,/AF-Q6S8J3-F1-model_v1,32.70607392,FALSE,,,,,,,,,,,,
1156,206,A,94.35,Q6S8J3,10.27,/AF-Q6S8J3-F1-model_v1,80.96093708,FALSE,,,,,,,,,,,,
1157,212,A,95.86,Q6S8J3,6.92,/AF-Q6S8J3-F1-model_v1,0,FALSE,,,,,,,,,,,,
1158,252,A,94.1,Q6S8J3,9.87,/AF-Q6S8J3-F1-model_v1,82.30134994,FALSE,,,,,,,,,,,,
1159,256,A,96.23,Q6S8J3,10.04,/AF-Q6S8J3-F1-model_v1,86.32258854,FALSE,,,,,,,,,,,,
1160,268,A,95.29,Q6S8J3,10.16,/AF-Q6S8J3-F1-model_v1,42.8932117,FALSE,,,,,,,,,,,,
1161,270,A,92.01,Q6S8J3,10.43,/AF-Q6S8J3-F1-model_v1,72.51633603,FALSE,,,,,,,,,,,,
1162,284,A,93.22,Q6S8J3,9.68,/AF-Q6S8J3-F1-model_v1,21.58064714,FALSE,,,,,,,,,,,,
1163,289,A,95.46,Q6S8J3,10.45,/AF-Q6S8J3-F1-model_v1,70.50571673,FALSE,,,,,,,,,,,,
1164,293,A,94.77,Q6S8J3,10.12,/AF-Q6S8J3-F1-model_v1,79.21840035,FALSE,,,,,,,,,,,,
1165,294,A,94.27,Q6S8J3,10.27,/AF-Q6S8J3-F1-model_v1,66.35043684,FALSE,,,,,,,,,,,,
1166,295,A,92.51,Q6S8J3,10.45,/AF-Q6S8J3-F1-model_v1,81.7651848,TRUE,,,,,,,,,,,,
1167,361,A,85.82,Q6S8J3,10.2,/AF-Q6S8J3-F1-model_v1,85.25025825,FALSE,,,,,,,,,,,,
1168,363,A,83.79,Q6S8J3,10.49,/AF-Q6S8J3-F1-model_v1,98.92246948,FALSE,,,,,,,,,,,,
1169,629,A,76.91,Q6S8J3,10.42,/AF-Q6S8J3-F1-model_v1,63.26748725,FALSE,,,,,,,,,,,,
1170,639,A,74.3,Q6S8J3,10.41,/AF-Q6S8J3-F1-model_v1,70.23763415,FALSE,,,,,,,,,,,,
1171,640,A,75.42,Q6S8J3,10.39,/AF-Q6S8J3-F1-model_v1,67.15468456,FALSE,,,,,,,,,,,,
1172,642,A,77.58,Q6S8J3,10.41,/AF-Q6S8J3-F1-model_v1,70.23763415,FALSE,,,,,,,,,,,,
1173,666,A,85.72,Q6S8J3,10.54,/AF-Q6S8J3-F1-model_v1,62.32919825,FALSE,,,,,,,,,,,,
1174,674,A,85.57,Q6S8J3,10.41,/AF-Q6S8J3-F1-model_v1,61.65899181,FALSE,,,,,,,,,,,,
1175,675,A,85.26,Q6S8J3,10.64,/AF-Q6S8J3-F1-model_v1,77.07373977,FALSE,,,,,,,,,,,,
1176,684,A,79.79,Q6S8J3,10.43,/AF-Q6S8J3-F1-model_v1,74.66099661,FALSE,,,,,,,,,,,,
1177,685,A,79.63,Q6S8J3,10.44,/AF-Q6S8J3-F1-model_v1,83.23963895,FALSE,,,,,,,,,,,,
1178,686,A,75.94,Q6S8J3,10.42,/AF-Q6S8J3-F1-model_v1,86.05450597,FALSE,,,,,,,,,,,,
1179,692,A,70.12,Q6S8J3,10.39,/AF-Q6S8J3-F1-model_v1,94.36506573,FALSE,,,,,,,,,,,,
1180,718,A,98.28,Q6S8J3,11.63,/AF-Q6S8J3-F1-model_v1,9.650972632,FALSE,,,,,,,,,,,,
1181,750,A,78.57,Q6S8J3,11.2,/AF-Q6S8J3-F1-model_v1,54.42076234,FALSE,,,,,,,,,,,,
1182,756,A,93.1,Q6S8J3,10.53,/AF-Q6S8J3-F1-model_v1,74.7950379,FALSE,,,,,,,,,,,,
1183,761,A,88.01,Q6S8J3,11.52,/AF-Q6S8J3-F1-model_v1,21.17852328,FALSE,,,,,,,,,,,,
1184,768,A,92.94,Q6S8J3,10.31,/AF-Q6S8J3-F1-model_v1,84.84813439,FALSE,,,,,,,,,,,,
1185,784,A,97.22,Q6S8J3,10.19,/AF-Q6S8J3-F1-model_v1,37.53156023,FALSE,,,,,,,,,,,,
1186,813,A,94.43,Q6S8J3,10.28,/AF-Q6S8J3-F1-model_v1,116.6159193,FALSE,,,,,,,,,,,,
1187,818,A,97.78,Q6S8J3,10.24,/AF-Q6S8J3-F1-model_v1,45.57403743,FALSE,,,,,,,,,,,,
1188,891,A,95.37,Q6S8J3,10.44,/AF-Q6S8J3-F1-model_v1,81.09497836,FALSE,,,,,,,,,,,,
1189,913,A,97.51,Q6S8J3,9.64,/AF-Q6S8J3-F1-model_v1,11.12542678,FALSE,,,,,,,,,,,,
1190,915,A,96.77,Q6S8J3,11.41,/AF-Q6S8J3-F1-model_v1,55.35905135,FALSE,,,,,,,,,,,,
1191,938,A,96.68,Q6S8J3,10.19,/AF-Q6S8J3-F1-model_v1,68.22701486,FALSE,,,,,,,,,,,,
1192,984,A,97.49,Q6S8J3,10.21,/AF-Q6S8J3-F1-model_v1,58.30795965,FALSE,,,,,,,,,,,,
1193,991,A,89.78,Q6S8J3,10.53,/AF-Q6S8J3-F1-model_v1,105.7585751,FALSE,,,,,,,,,,,,
1194,13,B,N/A,O95671,10.26,/2P5X-alt-1_assembled/AF-O95671-F1-model_v1,36.19114737,FALSE,,,,,,,,,,,,
1195,41,B,N/A,O95671,9.95,/2P5X-alt-1_assembled/AF-O95671-F1-model_v1,53.61651462,FALSE,,,,,,,,,,,,
1196,43,A,N/A,O95671,10.44,/2P5X-alt-1_assembled/AF-O95671-F1-model_v1,87.12683626,FALSE,,,,,,,,,,,,
1197,45,B,N/A,O95671,10.12,/2P5X-alt-1_assembled/AF-O95671-F1-model_v1,73.99079018,FALSE,,,,,,,,,,,,
1198,48,A,N/A,O95671,10.25,/2P5X-alt-1_assembled/AF-O95671-F1-model_v1,39.27409696,FALSE,,,,,,,,,,,,
1199,63,A,N/A,O95671,10.85,/2P5X-alt-1_assembled/AF-O95671-F1-model_v1,30.02524819,FALSE,,,,,,,,,,,,
1200,65,A,N/A,O95671,7.9,/2P5X-alt-1_assembled/AF-O95671-F1-model_v1,16.48707825,FALSE,,,,,,,,,,,,
1201,76,A,N/A,O95671,10.44,/2P5X-alt-1_assembled/AF-O95671-F1-model_v1,83.23963895,FALSE,,,,,,,,,,,,
1202,100,B,N/A,O95671,6.64,/2P5X-alt-1_assembled/AF-O95671-F1-model_v1,41.68684012,TRUE,,,,,,,,,,,,
1203,104,A,N/A,O95671,10.16,/2P5X-alt-1_assembled/AF-O95671-F1-model_v1,45.30595485,FALSE,,,,,,,,,,,,
1204,133,A,N/A,O95671,10.46,/2P5X-alt-1_assembled/AF-O95671-F1-model_v1,77.7439462,FALSE,,,,,,,,,,,,
1205,149,B,N/A,O95671,10.94,/2P5X-alt-1_assembled/AF-O95671-F1-model_v1,53.61651462,FALSE,,,,,,,,,,,,
1206,151,A,N/A,O95671,11.18,/2P5X-alt-1_assembled/AF-O95671-F1-model_v1,23.85934901,FALSE,,,,,,,,,,,,
1207,172,B,N/A,O95671,9.49,/2P5X-alt-1_assembled/AF-O95671-F1-model_v1,0,FALSE,,,,,,,,,,,,
1208,206,B,N/A,O95671,10.4,/2P5X-alt-1_assembled/AF-O95671-F1-model_v1,56.69946421,FALSE,,,,,,,,,,,,
1209,210,A,N/A,O95671,10.13,/2P5X-alt-1_assembled/AF-O95671-F1-model_v1,59.91645509,FALSE,,,,,,,,,,,,
1210,9,A,82.35,O95671,10.65,/AF-O95671-F1-model_v1,54.42076234,FALSE,,,,,,,,,,,,
1211,299,A,96.83,O95671,9.69,/AF-O95671-F1-model_v1,42.22300526,FALSE,,,,,,,,,,,,
1212,306,A,96.93,O95671,11.32,/AF-O95671-F1-model_v1,67.69084971,FALSE,,,,,,,,,,,,
1213,308,A,97.44,O95671,9.75,/AF-O95671-F1-model_v1,53.88459719,FALSE,,,,,,,,,,,,
1214,314,A,95.7,O95671,11.52,/AF-O95671-F1-model_v1,20.37427556,FALSE,,,,,,,,,,,,
1215,320,A,97.62,O95671,10.5,/AF-O95671-F1-model_v1,77.7439462,FALSE,,,,,,,,,,,,
1216,327,A,96.69,O95671,10.35,/AF-O95671-F1-model_v1,38.60389053,FALSE,,,,,,,,,,,,
1217,350,A,97.78,O95671,12.59,/AF-O95671-F1-model_v1,44.50170714,FALSE,,,,,,,,,,,,
1218,408,A,71.27,O95671,10.45,/AF-O95671-F1-model_v1,104.9543274,FALSE,,,,,,,,,,,,
1219,437,A,92.61,O95671,9.84,/AF-O95671-F1-model_v1,36.19114737,FALSE,,,,,,,,,,,,
1220,534,A,96.06,O95671,11.13,/AF-O95671-F1-model_v1,37.93368409,FALSE,,,,,,,,,,,,
1221,537,A,97.48,O95671,9.99,/AF-O95671-F1-model_v1,55.09096877,FALSE,,,,,,,,,,,,
1222,547,A,93.38,O95671,10.48,/AF-O95671-F1-model_v1,81.22901965,FALSE,,,,,,,,,,,,
1223,563,A,88.12,O95671,11.31,/AF-O95671-F1-model_v1,33.77840421,FALSE,,,,,,,,,,,,
1224,583,A,96.1,O95671,10.81,/AF-O95671-F1-model_v1,39.81026211,FALSE,,,,,,,,,,,,
1225,618,A,96.88,O95671,9.89,/AF-O95671-F1-model_v1,12.86796351,FALSE,,,,,,,,,,,,
1226,46,A,90.86,Q8N142,11.33,/AF-Q8N142-F1-model_v1,21.84872971,FALSE,,,,,,,,,,,,
1227,48,A,87.18,Q8N142,8.77,/AF-Q8N142-F1-model_v1,47.18253287,FALSE,,,,,,,,,,,,
1228,78,A,85.92,Q8N142,10.6,/AF-Q8N142-F1-model_v1,51.8739779,FALSE,,,,,,,,,,,,
1229,93,A,95.31,Q8N142,10.43,/AF-Q8N142-F1-model_v1,88.46724913,FALSE,,,,,,,,,,,,
1230,115,A,96.11,Q8N142,11.5,/AF-Q8N142-F1-model_v1,68.22701486,FALSE,,,,,,,,,,,,
1231,118,A,95.33,Q8N142,10.53,/AF-Q8N142-F1-model_v1,93.29273544,FALSE,,,,,,,,,,,,
1232,119,A,94.63,Q8N142,10.85,/AF-Q8N142-F1-model_v1,20.64235813,FALSE,,,,,,,,,,,,
1233,122,A,93.69,Q8N142,11.48,/AF-Q8N142-F1-model_v1,58.57604222,FALSE,,,,,,,,,,,,
1234,126,A,96.61,Q8N142,11.62,/AF-Q8N142-F1-model_v1,80.42477193,FALSE,,,,,,,,,,,,
1235,158,A,71.47,Q8N142,10.46,/AF-Q8N142-F1-model_v1,72.51633603,TRUE,,,,,,,,,,,,
1236,164,A,89.73,Q8N142,10.38,/AF-Q8N142-F1-model_v1,68.49509743,FALSE,,,,,,,,,,,,
1237,165,A,93.46,Q8N142,10.07,/AF-Q8N142-F1-model_v1,62.86536339,FALSE,,,,,,,,,,,,
1238,174,A,98.52,Q8N142,9.28,/AF-Q8N142-F1-model_v1,41.8208814,FALSE,,,,,,,,,,,,
1239,197,A,98.63,Q8N142,11.41,/AF-Q8N142-F1-model_v1,38.06772538,FALSE,,,,,,,,,,,,
1240,219,A,98.01,Q8N142,10.45,/AF-Q8N142-F1-model_v1,85.51834082,FALSE,,,,,,,,,,,,
1241,222,A,97.79,Q8N142,10.49,/AF-Q8N142-F1-model_v1,64.47385883,FALSE,,,,,,,,,,,,
1242,248,A,96.34,Q8N142,10.19,/AF-Q8N142-F1-model_v1,57.10158807,FALSE,,,,,,,,,,,,
1243,249,A,97.54,Q8N142,11.55,/AF-Q8N142-F1-model_v1,61.39090924,FALSE,,,,,,,,,,,,
1244,299,A,98.37,Q8N142,10.23,/AF-Q8N142-F1-model_v1,0,FALSE,,,,,,,,,,,,
1245,336,A,90.93,Q8N142,10.35,/AF-Q8N142-F1-model_v1,84.7140931,FALSE,,,,,,,,,,,,
1246,363,A,97.54,Q8N142,8.1,/AF-Q8N142-F1-model_v1,45.30595485,FALSE,,,,,,,,,,,,
1247,374,A,98.78,Q8N142,10.54,/AF-Q8N142-F1-model_v1,38.73793181,FALSE,,,,,,,,,,,,
1248,380,A,98.32,Q8N142,11.46,/AF-Q8N142-F1-model_v1,37.93368409,FALSE,,,,,,,,,,,,
1249,384,A,97.48,Q8N142,10.45,/AF-Q8N142-F1-model_v1,91.14807486,FALSE,,,,,,,,,,,,
1250,398,A,97.49,Q8N142,10.42,/AF-Q8N142-F1-model_v1,77.87798749,FALSE,,,,,,,,,,,,
1251,410,A,97.8,Q8N142,10.38,/AF-Q8N142-F1-model_v1,72.91845988,FALSE,,,,,,,,,,,,
1252,442,A,98.58,Q8N142,11.02,/AF-Q8N142-F1-model_v1,13.9402938,FALSE,,,,,,,,,,,,
1253,448,A,84.58,Q8N142,10.27,/AF-Q8N142-F1-model_v1,98.11822176,FALSE,,,,,,,,,,,,
1254,56,A,94.75,Q8N3F8,11.39,/AF-Q8N3F8-F1-model_v1,59.38028994,FALSE,,,,,,,,,,,,
1255,72,A,83.51,Q8N3F8,11.43,/AF-Q8N3F8-F1-model_v1,64.47385883,FALSE,,,,,,,,,,,,
1256,670,A,84.54,Q8N3F8,11.26,/AF-Q8N3F8-F1-model_v1,28.55079404,FALSE,,,,,,,,,,,,
1257,672,A,83.49,Q8N3F8,10.48,/AF-Q8N3F8-F1-model_v1,79.48648293,FALSE,,,,,,,,,,,,
1258,708,A,91.3,Q8N3F8,10.22,/AF-Q8N3F8-F1-model_v1,77.34182234,FALSE,,,,,,,,,,,,
1259,727,A,85.07,Q8N3F8,11.42,/AF-Q8N3F8-F1-model_v1,75.7333269,FALSE,,,,,,,,,,,,
1260,732,A,87.25,Q8N3F8,8.73,/AF-Q8N3F8-F1-model_v1,63.66961111,FALSE,,,,,,,,,,,,
1261,747,A,89.23,Q8N3F8,8.8,/AF-Q8N3F8-F1-model_v1,47.31657415,FALSE,,,,,,,,,,,,
1262,768,A,88.38,Q8N3F8,11.18,/AF-Q8N3F8-F1-model_v1,44.76978971,FALSE,,,,,,,,,,,,
1263,771,A,88.72,Q8N3F8,10.42,/AF-Q8N3F8-F1-model_v1,89.40553813,FALSE,,,,,,,,,,,,
1264,782,A,96.58,Q8N3F8,10.43,/AF-Q8N3F8-F1-model_v1,80.96093708,FALSE,,,,,,,,,,,,
1265,40,A,85.51,O00471,10.45,/AF-O00471-F1-model_v1,103.0777494,FALSE,,,,,,,,,,,,
1266,63,A,93.44,O00471,10.33,/AF-O00471-F1-model_v1,82.56943252,FALSE,,,,,,,,,,,,
1267,66,A,95.22,O00471,10.4,/AF-O00471-F1-model_v1,73.05250117,FALSE,,,,,,,,,,,,
1268,73,A,95.8,O00471,10.4,/AF-O00471-F1-model_v1,52.00801918,FALSE,,,,,,,,,,,,
1269,76,A,95.44,O00471,10.37,/AF-O00471-F1-model_v1,72.11421217,FALSE,,,,,,,,,,,,
1270,80,A,95.58,O00471,10.41,/AF-O00471-F1-model_v1,80.15668936,FALSE,,,,,,,,,,,,
1271,81,A,94.9,O00471,10.42,/AF-O00471-F1-model_v1,76.26949205,FALSE,,,,,,,,,,,,
1272,87,A,95.47,O00471,10.41,/AF-O00471-F1-model_v1,92.89061158,FALSE,,,,,,,,,,,,
1273,109,A,88.94,O00471,10.36,/AF-O00471-F1-model_v1,54.42076234,FALSE,,,,,,,,,,,,
1274,132,A,84.95,O00471,10.84,/AF-O00471-F1-model_v1,40.34642725,FALSE,,,,,,,,,,,,
1275,135,A,84.71,O00471,10.67,/AF-O00471-F1-model_v1,71.04188187,FALSE,,,,,,,,,,,,
1276,155,A,75.32,O00471,10.81,/AF-O00471-F1-model_v1,45.17191357,FALSE,,,,,,,,,,,,
1277,157,A,74.88,O00471,10.98,/AF-O00471-F1-model_v1,35.38689965,FALSE,,,,,,,,,,,,
1278,165,A,86.49,O00471,12.29,/AF-O00471-F1-model_v1,28.41675275,FALSE,,,,,,,,,,,,
1279,182,A,82.74,O00471,9.92,/AF-O00471-F1-model_v1,8.17651848,FALSE,,,,,,,,,,,,
1280,184,A,84.72,O00471,11.36,/AF-O00471-F1-model_v1,27.74654632,FALSE,,,,,,,,,,,,
1281,188,A,84.37,O00471,9.74,/AF-O00471-F1-model_v1,33.9124455,FALSE,,,,,,,,,,,,
1282,223,A,79.4,O00471,10.41,/AF-O00471-F1-model_v1,87.12683626,FALSE,,,,,,,,,,,,
1283,234,A,89.5,O00471,10.52,/AF-O00471-F1-model_v1,80.55881322,FALSE,,,,,,,,,,,,
1284,259,A,89.28,O00471,10.34,/AF-O00471-F1-model_v1,66.7525607,FALSE,,,,,,,,,,,,
1285,274,A,92.16,O00471,10.58,/AF-O00471-F1-model_v1,39.27409696,FALSE,,,,,,,,,,,,
1286,283,A,90.91,O00471,10.11,/AF-O00471-F1-model_v1,55.22501006,FALSE,,,,,,,,,,,,
1287,289,A,92.83,O00471,10.48,/AF-O00471-F1-model_v1,84.84813439,FALSE,,,,,,,,,,,,
1288,297,A,75.29,O00471,10.49,/AF-O00471-F1-model_v1,112.728722,TRUE,,,,,,,,,,,,
1289,305,A,94.17,O00471,11.38,/AF-O00471-F1-model_v1,76.26949205,FALSE,,,,,,,,,,,,
1290,320,A,91.97,O00471,10.47,/AF-O00471-F1-model_v1,102.1394604,FALSE,,,,,,,,,,,,
1291,330,A,88.89,O00471,10.21,/AF-O00471-F1-model_v1,52.14206047,FALSE,,,,,,,,,,,,
1292,336,A,94.26,O00471,10.5,/AF-O00471-F1-model_v1,81.09497836,FALSE,,,,,,,,,,,,
1293,339,A,93.27,O00471,10.53,/AF-O00471-F1-model_v1,108.8415247,FALSE,,,,,,,,,,,,
1294,358,A,97.41,O00471,10.53,/AF-O00471-F1-model_v1,55.35905135,FALSE,,,,,,,,,,,,
1295,372,A,81.23,O00471,11.22,/AF-O00471-F1-model_v1,27.8805876,FALSE,,,,,,,,,,,,
1296,424,A,97.24,O00471,10.53,/AF-O00471-F1-model_v1,43.29533556,FALSE,,,,,,,,,,,,
1297,498,A,95.35,O00471,10.61,/AF-O00471-F1-model_v1,82.03326737,FALSE,,,,,,,,,,,,
1298,513,A,89.82,O00471,11.23,/AF-O00471-F1-model_v1,33.77840421,FALSE,,,,,,,,,,,,
1299,520,A,94.72,O00471,10.33,/AF-O00471-F1-model_v1,54.01863848,FALSE,,,,,,,,,,,,
1300,521,A,94.85,O00471,10.34,/AF-O00471-F1-model_v1,17.29132597,FALSE,,,,,,,,,,,,
1301,522,A,95.02,O00471,10.84,/AF-O00471-F1-model_v1,56.43138164,FALSE,,,,,,,,,,,,
1302,531,A,93.24,O00471,11.98,/AF-O00471-F1-model_v1,17.42536725,FALSE,,,,,,,,,,,,
1303,548,A,93.6,O00471,10.5,/AF-O00471-F1-model_v1,76.67161591,FALSE,,,,,,,,,,,,
1304,556,A,90.38,O00471,10.59,/AF-O00471-F1-model_v1,65.01002398,FALSE,,,,,,,,,,,,
1305,557,A,86.84,O00471,10.4,/AF-O00471-F1-model_v1,82.97155638,FALSE,,,,,,,,,,,,
1306,561,A,88.93,O00471,10.37,/AF-O00471-F1-model_v1,79.35244164,FALSE,,,,,,,,,,,,
1307,578,A,94.96,O00471,11.28,/AF-O00471-F1-model_v1,36.19114737,FALSE,,,,,,,,,,,,
1308,585,A,93.41,O00471,10.36,/AF-O00471-F1-model_v1,76.13545076,FALSE,,,,,,,,,,,,
1309,589,A,91.05,O00471,11.06,/AF-O00471-F1-model_v1,32.84011521,FALSE,,,,,,,,,,,,
1310,591,A,92.87,O00471,10.05,/AF-O00471-F1-model_v1,34.58265193,FALSE,,,,,,,,,,,,
1311,597,A,91.48,O00471,10.49,/AF-O00471-F1-model_v1,110.1819375,FALSE,,,,,,,,,,,,
1312,640,A,95.35,O00471,10.81,/AF-O00471-F1-model_v1,58.30795965,FALSE,,,,,,,,,,,,
1313,643,A,95.51,O00471,10.33,/AF-O00471-F1-model_v1,71.04188187,FALSE,,,,,,,,,,,,
1314,646,A,93.69,O00471,10.47,/AF-O00471-F1-model_v1,78.95031778,FALSE,,,,,,,,,,,,
1315,672,A,85.41,O00471,10.33,/AF-O00471-F1-model_v1,57.90583579,FALSE,,,,,,,,,,,,
1316,685,A,86.08,O00471,10.55,/AF-O00471-F1-model_v1,93.6948593,FALSE,,,,,,,,,,,,
1317,2,A,71.41,Q68EM7,10.46,/AF-Q68EM7-F1-model_v1,99.05651076,FALSE,,,,,,,,,,,,
1318,3,A,77.58,Q68EM7,10.47,/AF-Q68EM7-F1-model_v1,93.6948593,FALSE,,,,,,,,,,,,
1319,9,A,73.16,Q68EM7,10.42,/AF-Q68EM7-F1-model_v1,63.66961111,FALSE,,,,,,,,,,,,
1320,48,A,95.64,Q68EM7,10.33,/AF-Q68EM7-F1-model_v1,68.89722129,FALSE,,,,,,,,,,,,
1321,67,A,90.25,Q68EM7,11.49,/AF-Q68EM7-F1-model_v1,72.7844186,FALSE,,,,,,,,,,,,
1322,68,A,90.79,Q68EM7,10.14,/AF-Q68EM7-F1-model_v1,64.60790012,FALSE,,,,,,,,,,,,
1323,92,A,92.26,Q68EM7,11.41,/AF-Q68EM7-F1-model_v1,42.62512912,FALSE,,,,,,,,,,,,
1324,117,A,95.74,Q68EM7,11.51,/AF-Q68EM7-F1-model_v1,71.98017088,FALSE,,,,,,,,,,,,
1325,136,A,96.16,Q68EM7,10.38,/AF-Q68EM7-F1-model_v1,74.39291404,FALSE,,,,,,,,,,,,
1326,139,A,94.78,Q68EM7,10.18,/AF-Q68EM7-F1-model_v1,70.63975801,FALSE,,,,,,,,,,,,
1327,160,A,83.4,Q68EM7,10.36,/AF-Q68EM7-F1-model_v1,67.95893228,FALSE,,,,,,,,,,,,
1328,172,A,84.55,Q68EM7,10.38,/AF-Q68EM7-F1-model_v1,71.04188187,FALSE,,,,,,,,,,,,
1329,177,A,92.14,Q68EM7,10.9,/AF-Q68EM7-F1-model_v1,56.16329907,FALSE,,,,,,,,,,,,
1330,186,A,95.71,Q68EM7,11.41,/AF-Q68EM7-F1-model_v1,50.39952374,FALSE,,,,,,,,,,,,
1331,191,A,93.84,Q68EM7,11.38,/AF-Q68EM7-F1-model_v1,29.62312433,FALSE,,,,,,,,,,,,
1332,204,A,95.03,Q68EM7,11.58,/AF-Q68EM7-F1-model_v1,36.32518866,FALSE,,,,,,,,,,,,
1333,210,A,96.56,Q68EM7,10.52,/AF-Q68EM7-F1-model_v1,69.56742772,FALSE,,,,,,,,,,,,
1334,225,A,98.33,Q68EM7,11.65,/AF-Q68EM7-F1-model_v1,50.26548246,FALSE,,,,,,,,,,,,
1335,232,A,96.01,Q68EM7,10.63,/AF-Q68EM7-F1-model_v1,110.4500201,FALSE,,,,,,,,,,,,
1336,243,A,72.15,Q68EM7,10.38,/AF-Q68EM7-F1-model_v1,98.92246948,FALSE,,,,,,,,,,,,
1337,259,A,87.34,Q68EM7,10.45,/AF-Q68EM7-F1-model_v1,93.6948593,FALSE,,,,,,,,,,,,
1338,282,A,94.69,Q68EM7,10.44,/AF-Q68EM7-F1-model_v1,79.62052421,FALSE,,,,,,,,,,,,
1339,295,A,90.69,Q68EM7,11.37,/AF-Q68EM7-F1-model_v1,45.97616129,TRUE,,,,,,,,,,,,
1340,297,A,92.37,Q68EM7,10.42,/AF-Q68EM7-F1-model_v1,82.30134994,FALSE,,,,,,,,,,,,
1341,298,A,92.19,Q68EM7,11.34,/AF-Q68EM7-F1-model_v1,57.50371193,FALSE,,,,,,,,,,,,
1342,300,A,93.16,Q68EM7,10.84,/AF-Q68EM7-F1-model_v1,16.35303696,FALSE,,,,,,,,,,,,
1343,325,A,95.22,Q68EM7,8.73,/AF-Q68EM7-F1-model_v1,22.11681228,FALSE,,,,,,,,,,,,
1344,355,A,94.55,Q68EM7,10.63,/AF-Q68EM7-F1-model_v1,49.8633586,FALSE,,,,,,,,,,,,
1345,356,A,94.66,Q68EM7,9.57,/AF-Q68EM7-F1-model_v1,8.980766199,FALSE,,,,,,,,,,,,
1346,366,A,96.36,Q68EM7,11.27,/AF-Q68EM7-F1-model_v1,46.24424386,FALSE,,,,,,,,,,,,
1347,380,A,96.8,Q68EM7,10.71,/AF-Q68EM7-F1-model_v1,8.980766199,FALSE,,,,,,,,,,,,
1348,384,A,95.65,Q68EM7,9.96,/AF-Q68EM7-F1-model_v1,42.75917041,FALSE,,,,,,,,,,,,
1349,393,A,96.92,Q68EM7,10.63,/AF-Q68EM7-F1-model_v1,38.33580795,FALSE,,,,,,,,,,,,
1350,17,A,91.93,P37802,10.39,/AF-P37802-F1-model_v1,97.58205661,FALSE,,,,,,,,,,,,
1351,20,A,92.89,P37802,10.39,/AF-P37802-F1-model_v1,96.10760246,FALSE,,,,,,,,,,,,
1352,40,A,87.2,P37802,11.48,/AF-P37802-F1-model_v1,70.10359287,FALSE,,,,,,,,,,,,
1353,57,A,95.15,P37802,10.01,/AF-P37802-F1-model_v1,44.903831,FALSE,,,,,,,,,,,,
1354,78,A,90.37,P37802,10.42,/AF-P37802-F1-model_v1,107.2330292,FALSE,,,,,,,,,,,,
1355,79,A,90.17,P37802,10.45,/AF-P37802-F1-model_v1,109.2436485,FALSE,,,,,,,,,,,,
1356,88,A,94.53,P37802,10.33,/AF-P37802-F1-model_v1,69.96955158,TRUE,,,,,,,,,,,,
1357,120,A,91.37,P37802,11.2,/AF-P37802-F1-model_v1,34.98477579,FALSE,,,,,,,,,,,,
1358,153,A,74.17,P37802,10.47,/AF-P37802-F1-model_v1,109.3776898,FALSE,,,,,,,,,,,,
1359,154,A,72.45,P37802,9.85,/AF-P37802-F1-model_v1,39.14005567,FALSE,,,,,,,,,,,,
1360,171,A,83.58,P37802,10.3,/AF-P37802-F1-model_v1,66.35043684,FALSE,,,,,,,,,,,,
1361,154,A,72.2,P35527,10.43,/AF-P35527-F1-model_v1,91.55019872,FALSE,,,,,,,,,,,,
1362,170,A,91.99,P35527,10.4,/AF-P35527-F1-model_v1,72.51633603,FALSE,,,,,,,,,,,,
1363,184,A,89.66,P35527,11.45,/AF-P35527-F1-model_v1,68.49509743,FALSE,,,,,,,,,,,,
1364,191,A,72.49,P35527,11.13,/AF-P35527-F1-model_v1,58.44200094,FALSE,,,,,,,,,,,,
1365,212,A,96.04,P35527,11.05,/AF-P35527-F1-model_v1,68.76318,FALSE,,,,,,,,,,,,
1366,224,A,96.13,P35527,10.8,/AF-P35527-F1-model_v1,84.58005182,FALSE,,,,,,,,,,,,
1367,242,A,95.86,P35527,10.51,/AF-P35527-F1-model_v1,122.7818185,FALSE,,,,,,,,,,,,
1368,271,A,95.71,P35527,10.52,/AF-P35527-F1-model_v1,58.8441248,FALSE,,,,,,,,,,,,
1369,289,A,94.63,P35527,10.3,/AF-P35527-F1-model_v1,65.01002398,FALSE,,,,,,,,,,,,
1370,290,A,94.41,P35527,10.41,/AF-P35527-F1-model_v1,72.51633603,FALSE,,,,,,,,,,,,
1371,293,A,89.42,P35527,10.44,/AF-P35527-F1-model_v1,81.63114351,FALSE,,,,,,,,,,,,
1372,321,A,81.62,P35527,10.42,/AF-P35527-F1-model_v1,69.43338643,TRUE,,,,,,,,,,,,
1373,336,A,92.98,P35527,10.41,/AF-P35527-F1-model_v1,65.41214784,FALSE,,,,,,,,,,,,
1374,339,A,93.23,P35527,10.49,/AF-P35527-F1-model_v1,65.41214784,FALSE,,,,,,,,,,,,
1375,368,A,93.44,P35527,10.33,/AF-P35527-F1-model_v1,72.7844186,FALSE,,,,,,,,,,,,
1376,390,A,92.37,P35527,10.31,/AF-P35527-F1-model_v1,99.45863462,FALSE,,,,,,,,,,,,
1377,391,A,92.66,P35527,10.79,/AF-P35527-F1-model_v1,91.28211614,FALSE,,,,,,,,,,,,
1378,396,A,92.7,P35527,10.43,/AF-P35527-F1-model_v1,83.37368024,FALSE,,,,,,,,,,,,
1379,402,A,96.03,P35527,10.39,/AF-P35527-F1-model_v1,90.07574456,FALSE,,,,,,,,,,,,
1380,444,A,96.02,P35527,11.39,/AF-P35527-F1-model_v1,50.13144117,FALSE,,,,,,,,,,,,
1381,449,A,91.31,P35527,10.4,/AF-P35527-F1-model_v1,77.60990491,FALSE,,,,,,,,,,,,
1382,41,A,92.66,P07900,10.46,/AF-P07900-F1-model_v1,43.02725298,FALSE,,,,,,,,,,,,
1383,58,A,92.32,P07900,8.93,/AF-P07900-F1-model_v1,14.47645895,FALSE,,,,,,,,,,,,
1384,69,A,93.57,P07900,11.2,/AF-P07900-F1-model_v1,16.08495439,FALSE,,,,,,,,,,,,
1385,74,A,93.79,P07900,10.56,/AF-P07900-F1-model_v1,83.7758041,FALSE,,,,,,,,,,,,
1386,84,A,92.22,P07900,10.46,/AF-P07900-F1-model_v1,76.13545076,FALSE,,,,,,,,,,,,
1387,100,A,96.65,P07900,10.42,/AF-P07900-F1-model_v1,61.25686795,FALSE,,,,,,,,,,,,
1388,112,A,85.71,P07900,10.19,/AF-P07900-F1-model_v1,46.37828515,FALSE,,,,,,,,,,,,
1389,116,A,84.24,P07900,10.63,/AF-P07900-F1-model_v1,68.89722129,FALSE,,,,,,,,,,,,
1390,147,A,96.96,P07900,11.18,/AF-P07900-F1-model_v1,28.55079404,FALSE,,,,,,,,,,,,
1391,153,A,97.66,P07900,9.96,/AF-P07900-F1-model_v1,27.61250503,FALSE,,,,,,,,,,,,
1392,185,A,97.91,P07900,10.13,/AF-P07900-F1-model_v1,35.65498222,FALSE,,,,,,,,,,,,
1393,191,A,96.54,P07900,9.34,/AF-P07900-F1-model_v1,30.56141333,FALSE,,,,,,,,,,,,
1394,204,A,94.73,P07900,12.12,/AF-P07900-F1-model_v1,37.12943638,FALSE,,,,,,,,,,,,
1395,208,A,90.16,P07900,9.98,/AF-P07900-F1-model_v1,71.57804702,FALSE,,,,,,,,,,,,
1396,209,A,88.12,P07900,11.19,/AF-P07900-F1-model_v1,54.68884491,FALSE,,,,,,,,,,,,
1397,224,A,84.86,P07900,12.91,/AF-P07900-F1-model_v1,27.61250503,FALSE,,,,,,,,,,,,
1398,228,A,77.19,P07900,11.45,/AF-P07900-F1-model_v1,44.09958328,FALSE,,,,,,,,,,,,
1399,281,A,77.76,P07900,11.65,/AF-P07900-F1-model_v1,59.11220737,FALSE,,,,,,,,,,,,
1400,283,A,82.17,P07900,11.03,/AF-P07900-F1-model_v1,52.94630819,FALSE,,,,,,,,,,,,
1401,292,A,86.83,P07900,10.57,/AF-P07900-F1-model_v1,78.14607006,FALSE,,,,,,,,,,,,
1402,294,A,86.75,P07900,10.41,/AF-P07900-F1-model_v1,105.8926164,FALSE,,,,,,,,,,,,
1403,314,A,93.53,P07900,11.36,/AF-P07900-F1-model_v1,44.36766585,FALSE,,,,,,,,,,,,
1404,327,A,97.69,P07900,10.81,/AF-P07900-F1-model_v1,28.68483532,FALSE,,,,,,,,,,,,
1405,356,A,83.33,P07900,10.72,/AF-P07900-F1-model_v1,57.23562936,FALSE,,,,,,,,,,,,
1406,357,A,83.5,P07900,10.87,/AF-P07900-F1-model_v1,55.89521649,FALSE,,,,,,,,,,,,
1407,358,A,84.95,P07900,11.61,/AF-P07900-F1-model_v1,38.33580795,FALSE,,,,,,,,,,,,
1408,362,A,91.16,P07900,8.87,/AF-P07900-F1-model_v1,48.65698702,FALSE,,,,,,,,,,,,
1409,407,A,84.84,P07900,10.45,/AF-P07900-F1-model_v1,102.1394604,FALSE,,,,,,,,,,,,
1410,410,A,88.63,P07900,10.51,/AF-P07900-F1-model_v1,106.5628228,FALSE,,,,,,,,,,,,
1411,414,A,94.11,P07900,10.34,/AF-P07900-F1-model_v1,97.7160979,FALSE,,,,,,,,,,,,
1412,418,A,97.12,P07900,10.4,/AF-P07900-F1-model_v1,69.56742772,FALSE,,,,,,,,,,,,
1413,419,A,97.75,P07900,11.32,/AF-P07900-F1-model_v1,41.01663369,TRUE,,,,,,,,,,,,
1414,431,A,93.62,P07900,11.53,/AF-P07900-F1-model_v1,78.28011135,FALSE,,,,,,,,,,,,
1415,435,A,96.73,P07900,10.76,/AF-P07900-F1-model_v1,80.69285451,FALSE,,,,,,,,,,,,
1416,436,A,96.86,P07900,11.4,/AF-P07900-F1-model_v1,72.91845988,FALSE,,,,,,,,,,,,
1417,443,A,97.71,P07900,10.42,/AF-P07900-F1-model_v1,77.34182234,FALSE,,,,,,,,,,,,
1418,446,A,98.46,P07900,13.85,/AF-P07900-F1-model_v1,0,FALSE,,,,,,,,,,,,
1419,457,A,95.86,P07900,10.79,/AF-P07900-F1-model_v1,86.32258854,FALSE,,,,,,,,,,,,
1420,458,A,96.44,P07900,10.27,/AF-P07900-F1-model_v1,82.7034738,FALSE,,,,,,,,,,,,
1421,478,A,96.04,P07900,10.65,/AF-P07900-F1-model_v1,91.95232258,FALSE,,,,,,,,,,,,
1422,485,A,92.48,P07900,10.12,/AF-P07900-F1-model_v1,26.13805088,FALSE,,,,,,,,,,,,
1423,489,A,91.17,P07900,10.47,/AF-P07900-F1-model_v1,96.37568503,FALSE,,,,,,,,,,,,
1424,499,A,95.43,P07900,11.42,/AF-P07900-F1-model_v1,29.08695918,FALSE,,,,,,,,,,,,
1425,513,A,91.35,P07900,10.07,/AF-P07900-F1-model_v1,52.67822562,FALSE,,,,,,,,,,,,
1426,534,A,93.07,P07900,10.38,/AF-P07900-F1-model_v1,93.02465287,FALSE,,,,,,,,,,,,
1427,539,A,95.22,P07900,10.28,/AF-P07900-F1-model_v1,45.84212,FALSE,,,,,,,,,,,,
1428,546,A,94.08,P07900,9.51,/AF-P07900-F1-model_v1,39.54217953,FALSE,,,,,,,,,,,,
1429,558,A,85.18,P07900,10.63,/AF-P07900-F1-model_v1,58.97816608,FALSE,,,,,,,,,,,,
1430,559,A,90.58,P07900,10.63,/AF-P07900-F1-model_v1,72.38229474,FALSE,,,,,,,,,,,,
1431,560,A,89.85,P07900,11.7,/AF-P07900-F1-model_v1,58.17391836,FALSE,,,,,,,,,,,,
1432,564,A,93.31,P07900,10.66,/AF-P07900-F1-model_v1,35.78902351,FALSE,,,,,,,,,,,,
1433,565,A,93.73,P07900,11.3,/AF-P07900-F1-model_v1,50.39952374,FALSE,,,,,,,,,,,,
1434,567,A,94.02,P07900,11.09,/AF-P07900-F1-model_v1,30.96353719,FALSE,,,,,,,,,,,,
1435,573,A,94.3,P07900,11.5,/AF-P07900-F1-model_v1,69.43338643,FALSE,,,,,,,,,,,,
1436,576,A,95.13,P07900,10.14,/AF-P07900-F1-model_v1,32.30395006,FALSE,,,,,,,,,,,,
1437,581,A,87.54,P07900,10.55,/AF-P07900-F1-model_v1,91.41615743,FALSE,,,,,,,,,,,,
1438,582,A,89.78,P07900,10.21,/AF-P07900-F1-model_v1,46.11020257,FALSE,,,,,,,,,,,,
1439,585,A,94.32,P07900,10.71,/AF-P07900-F1-model_v1,58.71008351,FALSE,,,,,,,,,,,,
1440,615,A,86.46,P07900,11.14,/AF-P07900-F1-model_v1,31.76778491,FALSE,,,,,,,,,,,,
1441,631,A,87.36,P07900,11.51,/AF-P07900-F1-model_v1,63.40152854,FALSE,,,,,,,,,,,,
1442,632,A,93.37,P07900,9.87,/AF-P07900-F1-model_v1,23.72530772,FALSE,,,,,,,,,,,,
1443,649,A,90.85,P07900,10.54,/AF-P07900-F1-model_v1,48.38890445,FALSE,,,,,,,,,,,,
1444,654,A,80.04,P07900,10.49,/AF-P07900-F1-model_v1,63.40152854,FALSE,,,,,,,,,,,,
1445,657,A,80.7,P07900,10.66,/AF-P07900-F1-model_v1,88.33320784,FALSE,,,,,,,,,,,,
1446,660,A,86.57,P07900,10.39,/AF-P07900-F1-model_v1,67.69084971,FALSE,,,,,,,,,,,,
1447,693,A,85.81,P07900,10.43,/AF-P07900-F1-model_v1,67.824891,FALSE,,,,,,,,,,,,
1448,5,A,98.49,P61224,10.72,/AF-P61224-F1-model_v1,65.14406526,FALSE,,,,,,,,,,,,
1449,16,A,97.55,P61224,8.36,/AF-P61224-F1-model_v1,9.516931345,FALSE,,,,,,,,,,,,
1450,31,A,87.61,P61224,10.43,/AF-P61224-F1-model_v1,106.0266577,FALSE,,,,,,,,,,,,
1451,42,A,98.43,P61224,9.41,/AF-P61224-F1-model_v1,26.80825731,FALSE,,,,,,,,,,,,
1452,73,A,95.51,P61224,10.42,/AF-P61224-F1-model_v1,96.6437676,FALSE,,,,,,,,,,,,
1453,104,A,96,P61224,9.02,/AF-P61224-F1-model_v1,16.08495439,TRUE,,,,,,,,,,,,
1454,117,A,98.65,P61224,9.54,/AF-P61224-F1-model_v1,32.97415649,FALSE,,,,,,,,,,,,
1455,128,A,98.51,P61224,10.6,/AF-P61224-F1-model_v1,78.95031778,FALSE,,,,,,,,,,,,
1456,149,A,98.36,P61224,10.73,/AF-P61224-F1-model_v1,63.40152854,FALSE,,,,,,,,,,,,
1457,151,A,98.12,P61224,10.23,/AF-P61224-F1-model_v1,68.62913872,FALSE,,,,,,,,,,,,
1458,168,A,92.47,P61224,10.98,/AF-P61224-F1-model_v1,34.31456936,FALSE,,,,,,,,,,,,
1459,46,A,0,P11021,10.1,/5EXW-alt1B_assembled/5EXW-alt1A_assembled/5F0X-alt1B_assembled/5F0X-alt1A_assembled,31.49970234,FALSE,,,,,,,,,,,,
1460,81,B,0,P11021,8.53,/5EXW-alt1B_assembled/5EXW-alt1A_assembled/5F0X-alt1B_assembled/5F0X-alt1A_assembled,6.568023041,FALSE,,,,,,,,,,,,
1461,96,B,0,P11021,9.16,/5EXW-alt1B_assembled/5EXW-alt1A_assembled/5F0X-alt1B_assembled/5F0X-alt1A_assembled,7.908435907,FALSE,,,,,,,,,,,,
1462,113,B,0,P11021,10.1,/5EXW-alt1B_assembled/5EXW-alt1A_assembled/5F0X-alt1B_assembled/5F0X-alt1A_assembled,57.7717945,FALSE,,,,,,,,,,,,
1463,118,B,0,P11021,10.26,/5EXW-alt1B_assembled/5EXW-alt1A_assembled/5F0X-alt1B_assembled/5F0X-alt1A_assembled,41.55279883,FALSE,,,,,,,,,,,,
1464,122,A,0,P11021,9.11,/5EXW-alt1B_assembled/5EXW-alt1A_assembled/5F0X-alt1B_assembled/5F0X-alt1A_assembled,29.75716561,FALSE,,,,,,,,,,,,
1465,123,A,0,P11021,10.34,/5EXW-alt1B_assembled/5EXW-alt1A_assembled/5F0X-alt1B_assembled/5F0X-alt1A_assembled,77.7439462,FALSE,,,,,,,,,,,,
1466,125,B,0,P11021,10.38,/5EXW-alt1B_assembled/5EXW-alt1A_assembled/5F0X-alt1B_assembled/5F0X-alt1A_assembled,30.02524819,TRUE,,,,,,,,,,,,
1467,138,B,0,P11021,9.97,/5EXW-alt1B_assembled/5EXW-alt1A_assembled/5F0X-alt1B_assembled/5F0X-alt1A_assembled,34.71669322,FALSE,,,,,,,,,,,,
1468,152,A,0,P11021,10.04,/5EXW-alt1B_assembled/5EXW-alt1A_assembled/5F0X-alt1B_assembled/5F0X-alt1A_assembled,0,FALSE,,,,,,,,,,,,
1469,154,B,0,P11021,9.81,/5EXW-alt1B_assembled/5EXW-alt1A_assembled/5F0X-alt1B_assembled/5F0X-alt1A_assembled,15.14666538,FALSE,,,,,,,,,,,,
1470,163,B,0,P11021,8.61,/5EXW-alt1B_assembled/5EXW-alt1A_assembled/5F0X-alt1B_assembled/5F0X-alt1A_assembled,21.71468842,FALSE,,,,,,,,,,,,
1471,164,B,0,P11021,9.9,/5EXW-alt1B_assembled/5EXW-alt1A_assembled/5F0X-alt1B_assembled/5F0X-alt1A_assembled,49.19315217,FALSE,,,,,,,,,,,,
1472,185,A,0,P11021,9.44,/5EXW-alt1B_assembled/5EXW-alt1A_assembled/5F0X-alt1B_assembled/5F0X-alt1A_assembled,34.04648678,FALSE,,,,,,,,,,,,
1473,213,B,0,P11021,3.39,/5EXW-alt1B_assembled/5EXW-alt1A_assembled/5F0X-alt1B_assembled/5F0X-alt1A_assembled,0,FALSE,,,,,,,,,,,,
1474,218,B,0,P11021,8.07,/5EXW-alt1B_assembled/5EXW-alt1A_assembled/5F0X-alt1B_assembled/5F0X-alt1A_assembled,19.83811041,FALSE,,,,,,,,,,,,
1475,268,B,0,P11021,9.77,/5EXW-alt1B_assembled/5EXW-alt1A_assembled/5F0X-alt1B_assembled/5F0X-alt1A_assembled,39.40813825,FALSE,,,,,,,,,,,,
1476,271,B,0,P11021,10.13,/5EXW-alt1B_assembled/5EXW-alt1A_assembled/5F0X-alt1B_assembled/5F0X-alt1A_assembled,35.65498222,FALSE,,,,,,,,,,,,
1477,272,B,0,P11021,10.09,/5EXW-alt1B_assembled/5EXW-alt1A_assembled/5F0X-alt1B_assembled/5F0X-alt1A_assembled,57.7717945,FALSE,,,,,,,,,,,,
1478,273,A,0,P11021,10.47,/5EXW-alt1B_assembled/5EXW-alt1A_assembled/5F0X-alt1B_assembled/5F0X-alt1A_assembled,82.56943252,FALSE,,,,,,,,,,,,
1479,276,A,0,P11021,10.57,/5EXW-alt1B_assembled/5EXW-alt1A_assembled/5F0X-alt1B_assembled/5F0X-alt1A_assembled,42.08896398,FALSE,,,,,,,,,,,,
1480,280,B,0,P11021,10.47,/5EXW-alt1B_assembled/5EXW-alt1A_assembled/5F0X-alt1B_assembled/5F0X-alt1A_assembled,74.7950379,FALSE,,,,,,,,,,,,
1481,287,B,0,P11021,8.68,/5EXW-alt1B_assembled/5EXW-alt1A_assembled/5F0X-alt1B_assembled/5F0X-alt1A_assembled,24.26147287,FALSE,,,,,,,,,,,,
1482,294,B,0,P11021,10.06,/5EXW-alt1B_assembled/5EXW-alt1A_assembled/5F0X-alt1B_assembled/5F0X-alt1A_assembled,41.95492269,FALSE,,,,,,,,,,,,
1483,296,B,0,P11021,9.34,/5EXW-alt1B_assembled/5EXW-alt1A_assembled/5F0X-alt1B_assembled/5F0X-alt1A_assembled,13.13604608,FALSE,,,,,,,,,,,,
1484,326,B,0,P11021,10.4,/5EXW-alt1B_assembled/5EXW-alt1A_assembled/5F0X-alt1B_assembled/5F0X-alt1A_assembled,30.02524819,FALSE,,,,,,,,,,,,
1485,340,B,0,P11021,10.08,/5EXW-alt1B_assembled/5EXW-alt1A_assembled/5F0X-alt1B_assembled/5F0X-alt1A_assembled,62.86536339,FALSE,,,,,,,,,,,,
1486,344,A,0,P11021,9.98,/5EXW-alt1B_assembled/5EXW-alt1A_assembled/5F0X-alt1B_assembled/5F0X-alt1A_assembled,59.51433123,FALSE,,,,,,,,,,,,
1487,352,A,0,P11021,10.5,/5EXW-alt1B_assembled/5EXW-alt1A_assembled/5F0X-alt1B_assembled/5F0X-alt1A_assembled,101.4692539,FALSE,,,,,,,,,,,,
1488,353,A,0,P11021,9.98,/5EXW-alt1B_assembled/5EXW-alt1A_assembled/5F0X-alt1B_assembled/5F0X-alt1A_assembled,50.66760632,FALSE,,,,,,,,,,,,
1489,370,B,0,P11021,10.27,/5EXW-alt1B_assembled/5EXW-alt1A_assembled/5F0X-alt1B_assembled/5F0X-alt1A_assembled,14.34241766,FALSE,,,,,,,,,,,,
1490,376,A,0,P11021,10.93,/5EXW-alt1B_assembled/5EXW-alt1A_assembled/5F0X-alt1B_assembled/5F0X-alt1A_assembled,54.15267977,FALSE,,,,,,,,,,,,
1491,382,B,0,P11021,8.25,/5EXW-alt1B_assembled/5EXW-alt1A_assembled/5F0X-alt1B_assembled/5F0X-alt1A_assembled,22.38489485,FALSE,,,,,,,,,,,,
1492,9,A,78.75,P08133,10.31,/AF-P08133-F1-model_v1,91.14807486,FALSE,,,,,,,,,,,,
1493,34,A,92.77,P08133,10.54,/AF-P08133-F1-model_v1,96.91185018,FALSE,,,,,,,,,,,,
1494,40,A,96.88,P08133,10.44,/AF-P08133-F1-model_v1,45.70807871,FALSE,,,,,,,,,,,,
1495,63,A,98.27,P08133,10.38,/AF-P08133-F1-model_v1,53.61651462,FALSE,,,,,,,,,,,,
1496,68,A,97.52,P08133,10.9,/AF-P08133-F1-model_v1,54.42076234,FALSE,,,,,,,,,,,,
1497,75,A,97.32,P08133,9.87,/AF-P08133-F1-model_v1,41.55279883,FALSE,,,,,,,,,,,,
1498,81,A,97.72,P08133,11.24,/AF-P08133-F1-model_v1,58.03987708,FALSE,,,,,,,,,,,,
1499,99,A,98.33,P08133,10.56,/AF-P08133-F1-model_v1,39.27409696,FALSE,,,,,,,,,,,,
1500,102,A,98.1,P08133,10.18,/AF-P08133-F1-model_v1,40.21238597,FALSE,,,,,,,,,,,,
1501,113,A,96.7,P08133,9.64,/AF-P08133-F1-model_v1,72.65037731,FALSE,,,,,,,,,,,,
1502,135,A,98.56,P08133,10.5,/AF-P08133-F1-model_v1,75.7333269,FALSE,,,,,,,,,,,,
1503,156,A,98.34,P08133,10.35,/AF-P08133-F1-model_v1,63.66961111,FALSE,,,,,,,,,,,,
1504,191,A,88.23,P08133,10.48,/AF-P08133-F1-model_v1,38.46984924,TRUE,,,,,,,,,,,,
1505,208,A,97.54,P08133,8.74,/AF-P08133-F1-model_v1,62.19515696,FALSE,,,,,,,,,,,,
1506,220,A,93.28,P08133,11.1,/AF-P08133-F1-model_v1,68.62913872,FALSE,,,,,,,,,,,,
1507,224,A,90.82,P08133,11.43,/AF-P08133-F1-model_v1,57.23562936,FALSE,,,,,,,,,,,,
1508,240,A,96.13,P08133,11.48,/AF-P08133-F1-model_v1,76.00140948,FALSE,,,,,,,,,,,,
1509,247,A,97.88,P08133,11.11,/AF-P08133-F1-model_v1,53.61651462,FALSE,,,,,,,,,,,,
1510,262,A,95.93,P08133,9.44,/AF-P08133-F1-model_v1,32.16990877,FALSE,,,,,,,,,,,,
1511,265,A,89.16,P08133,6.25,/AF-P08133-F1-model_v1,0,FALSE,,,,,,,,,,,,
1512,296,A,91.68,P08133,13.65,/AF-P08133-F1-model_v1,28.41675275,FALSE,,,,,,,,,,,,
1513,299,A,84.52,P08133,10,/AF-P08133-F1-model_v1,110.852144,FALSE,,,,,,,,,,,,
1514,306,A,95.44,P08133,10.72,/AF-P08133-F1-model_v1,81.7651848,FALSE,,,,,,,,,,,,
1515,314,A,97.95,P08133,10.03,/AF-P08133-F1-model_v1,38.46984924,FALSE,,,,,,,,,,,,
1516,315,A,97.64,P08133,11.54,/AF-P08133-F1-model_v1,58.57604222,FALSE,,,,,,,,,,,,
1517,319,A,96.37,P08133,11.15,/AF-P08133-F1-model_v1,52.54418433,FALSE,,,,,,,,,,,,
1518,354,A,96.2,P08133,11.18,/AF-P08133-F1-model_v1,31.09757848,FALSE,,,,,,,,,,,,
1519,370,A,98.39,P08133,10.49,/AF-P08133-F1-model_v1,59.51433123,FALSE,,,,,,,,,,,,
1520,374,A,98.02,P08133,10.48,/AF-P08133-F1-model_v1,84.84813439,FALSE,,,,,,,,,,,,
1521,377,A,93.93,P08133,10.24,/AF-P08133-F1-model_v1,73.99079018,FALSE,,,,,,,,,,,,
1522,406,A,98.16,P08133,10.49,/AF-P08133-F1-model_v1,72.65037731,FALSE,,,,,,,,,,,,
1523,418,A,96.4,P08133,10.39,/AF-P08133-F1-model_v1,80.42477193,FALSE,,,,,,,,,,,,
1524,442,A,98.72,P08133,8.64,/AF-P08133-F1-model_v1,37.26347766,FALSE,,,,,,,,,,,,
1525,445,A,98.58,P08133,11.13,/AF-P08133-F1-model_v1,27.21038117,FALSE,,,,,,,,,,,,
1526,446,A,97.93,P08133,9.47,/AF-P08133-F1-model_v1,77.07373977,FALSE,,,,,,,,,,,,
1527,456,A,97.65,P08133,10.55,/AF-P08133-F1-model_v1,122.111612,FALSE,,,,,,,,,,,,
1528,478,A,98.57,P08133,10.44,/AF-P08133-F1-model_v1,73.7227076,FALSE,,,,,,,,,,,,
1529,483,A,97.69,P08133,10.22,/AF-P08133-F1-model_v1,34.31456936,FALSE,,,,,,,,,,,,
1530,540,A,72.05,P08133,11.6,/AF-P08133-F1-model_v1,84.44601053,FALSE,,,,,,,,,,,,
1531,568,A,92.87,P08133,11.53,/AF-P08133-F1-model_v1,36.99539509,FALSE,,,,,,,,,,,,
1532,579,A,87.22,P08133,12.88,/AF-P08133-F1-model_v1,34.98477579,FALSE,,,,,,,,,,,,
1533,580,A,82.1,P08133,11.61,/AF-P08133-F1-model_v1,71.17592316,FALSE,,,,,,,,,,,,
1534,598,A,97.47,P08133,10.49,/AF-P08133-F1-model_v1,40.48046854,FALSE,,,,,,,,,,,,
1535,600,A,98.32,P08133,9.45,/AF-P08133-F1-model_v1,15.28070667,FALSE,,,,,,,,,,,,
1536,607,A,98.12,P08133,9.23,/AF-P08133-F1-model_v1,38.33580795,FALSE,,,,,,,,,,,,
1537,610,A,95.67,P08133,11.65,/AF-P08133-F1-model_v1,87.52896012,FALSE,,,,,,,,,,,,
1538,613,A,92.36,P08133,9.21,/AF-P08133-F1-model_v1,81.36306094,FALSE,,,,,,,,,,,,
1539,620,A,97.55,P08133,10.47,/AF-P08133-F1-model_v1,94.09698316,FALSE,,,,,,,,,,,,
1540,644,A,94.97,P08133,10.48,/AF-P08133-F1-model_v1,7.908435907,FALSE,,,,,,,,,,,,
1541,647,A,91.67,P08133,9.9,/AF-P08133-F1-model_v1,48.52294573,FALSE,,,,,,,,,,,,
1542,663,A,97.76,P08133,12.69,/AF-P08133-F1-model_v1,45.57403743,FALSE,,,,,,,,,,,,
1543,5,A,94.72,P39023,10.42,/AF-P39023-F1-model_v1,78.01202877,FALSE,,,,,,,,,,,,
1544,20,A,97.81,P39023,10.38,/AF-P39023-F1-model_v1,95.7054786,FALSE,,,,,,,,,,,,
1545,28,A,97.55,P39023,9.86,/AF-P39023-F1-model_v1,77.07373977,FALSE,,,,,,,,,,,,
1546,30,A,97.25,P39023,10.24,/AF-P39023-F1-model_v1,99.99479977,FALSE,,,,,,,,,,,,
1547,34,A,96.09,P39023,10.44,/AF-P39023-F1-model_v1,116.0797542,FALSE,,,,,,,,,,,,
1548,39,A,96.43,P39023,11.45,/AF-P39023-F1-model_v1,66.35043684,TRUE,,,,,,,,,,,,
1549,50,A,98.55,P39023,8.91,/AF-P39023-F1-model_v1,15.9509131,FALSE,,,,,,,,,,,,
1550,66,A,97.33,P39023,10.48,/AF-P39023-F1-model_v1,96.10760246,FALSE,,,,,,,,,,,,
1551,69,A,95.02,P39023,11.64,/AF-P39023-F1-model_v1,59.64837252,FALSE,,,,,,,,,,,,
1552,70,A,96.58,P39023,10.35,/AF-P39023-F1-model_v1,60.45262024,FALSE,,,,,,,,,,,,
1553,103,A,97.02,P39023,11.32,/AF-P39023-F1-model_v1,23.85934901,FALSE,,,,,,,,,,,,
1554,115,A,96.93,P39023,10.38,/AF-P39023-F1-model_v1,27.47846374,FALSE,,,,,,,,,,,,
1555,120,A,95.16,P39023,10.46,/AF-P39023-F1-model_v1,116.2137954,FALSE,,,,,,,,,,,,
1556,124,A,96.2,P39023,10.45,/AF-P39023-F1-model_v1,82.03326737,FALSE,,,,,,,,,,,,
1557,126,A,96.48,P39023,10.46,/AF-P39023-F1-model_v1,98.11822176,FALSE,,,,,,,,,,,,
1558,127,A,95.79,P39023,10.32,/AF-P39023-F1-model_v1,47.45061544,FALSE,,,,,,,,,,,,
1559,128,A,95.83,P39023,10.42,/AF-P39023-F1-model_v1,73.05250117,FALSE,,,,,,,,,,,,
1560,132,A,93.24,P39023,10.45,/AF-P39023-F1-model_v1,95.16931345,FALSE,,,,,,,,,,,,
1561,135,A,92.94,P39023,10.36,/AF-P39023-F1-model_v1,74.52695532,FALSE,,,,,,,,,,,,
1562,136,A,93.37,P39023,10.31,/AF-P39023-F1-model_v1,72.7844186,FALSE,,,,,,,,,,,,
1563,143,A,95.1,P39023,11.51,/AF-P39023-F1-model_v1,37.12943638,FALSE,,,,,,,,,,,,
1564,144,A,96.23,P39023,10.43,/AF-P39023-F1-model_v1,80.55881322,FALSE,,,,,,,,,,,,
1565,148,A,96.56,P39023,10.37,/AF-P39023-F1-model_v1,79.35244164,FALSE,,,,,,,,,,,,
1566,154,A,96.99,P39023,11.17,/AF-P39023-F1-model_v1,47.98678059,FALSE,,,,,,,,,,,,
1567,155,A,97.03,P39023,11.08,/AF-P39023-F1-model_v1,73.7227076,FALSE,,,,,,,,,,,,
1568,176,A,96.58,P39023,10.19,/AF-P39023-F1-model_v1,81.22901965,FALSE,,,,,,,,,,,,
1569,177,A,96.95,P39023,9.34,/AF-P39023-F1-model_v1,42.62512912,FALSE,,,,,,,,,,,,
1570,193,A,98.44,P39023,10.63,/AF-P39023-F1-model_v1,16.21899567,FALSE,,,,,,,,,,,,
1571,224,A,98.27,P39023,10.33,/AF-P39023-F1-model_v1,103.2117906,FALSE,,,,,,,,,,,,
1572,226,A,98.36,P39023,10.14,/AF-P39023-F1-model_v1,72.11421217,FALSE,,,,,,,,,,,,
1573,229,A,98.35,P39023,10.3,/AF-P39023-F1-model_v1,44.50170714,FALSE,,,,,,,,,,,,
1574,238,A,96.63,P39023,10.42,/AF-P39023-F1-model_v1,79.7545655,FALSE,,,,,,,,,,,,
1575,239,A,97.37,P39023,10.07,/AF-P39023-F1-model_v1,51.73993661,FALSE,,,,,,,,,,,,
1576,243,A,96.86,P39023,10.46,/AF-P39023-F1-model_v1,74.52695532,FALSE,,,,,,,,,,,,
1577,250,A,97.22,P39023,10.01,/AF-P39023-F1-model_v1,32.57203263,FALSE,,,,,,,,,,,,
1578,272,A,98.38,P39023,9.51,/AF-P39023-F1-model_v1,26.67421602,FALSE,,,,,,,,,,,,
1579,282,A,98.31,P39023,11.05,/AF-P39023-F1-model_v1,19.30194526,FALSE,,,,,,,,,,,,
1580,283,A,98.29,P39023,8.7,/AF-P39023-F1-model_v1,0,FALSE,,,,,,,,,,,,
1581,286,A,97.95,P39023,8.98,/AF-P39023-F1-model_v1,30.02524819,FALSE,,,,,,,,,,,,
1582,294,A,84.09,P39023,10.42,/AF-P39023-F1-model_v1,68.22701486,FALSE,,,,,,,,,,,,
1583,297,A,88.23,P39023,10.45,/AF-P39023-F1-model_v1,95.97356117,FALSE,,,,,,,,,,,,
1584,300,A,91.74,P39023,10.68,/AF-P39023-F1-model_v1,60.8547441,FALSE,,,,,,,,,,,,
1585,312,A,94.37,P39023,9.94,/AF-P39023-F1-model_v1,0,FALSE,,,,,,,,,,,,
1586,334,A,98.39,P39023,9.41,/AF-P39023-F1-model_v1,26.9422986,FALSE,,,,,,,,,,,,
1587,341,A,96.25,P39023,9.58,/AF-P39023-F1-model_v1,33.77840421,FALSE,,,,,,,,,,,,
1588,342,A,97.94,P39023,10.02,/AF-P39023-F1-model_v1,56.29734035,FALSE,,,,,,,,,,,,
1589,349,A,98.29,P39023,10.3,/AF-P39023-F1-model_v1,25.06572059,FALSE,,,,,,,,,,,,
1590,356,A,95,P39023,10.41,/AF-P39023-F1-model_v1,103.7479558,FALSE,,,,,,,,,,,,
1591,362,A,96.11,P39023,10.5,/AF-P39023-F1-model_v1,92.35444644,FALSE,,,,,,,,,,,,
1592,366,A,97.12,P39023,12.72,/AF-P39023-F1-model_v1,9.650972632,FALSE,,,,,,,,,,,,
1593,373,A,97.09,P39023,9.85,/AF-P39023-F1-model_v1,20.9104407,FALSE,,,,,,,,,,,,
1594,385,A,96.17,P39023,10.16,/AF-P39023-F1-model_v1,54.55480363,FALSE,,,,,,,,,,,,
1595,386,A,95.2,P39023,10.54,/AF-P39023-F1-model_v1,84.17792796,FALSE,,,,,,,,,,,,
1596,393,A,96.36,P39023,10.45,/AF-P39023-F1-model_v1,76.93969848,FALSE,,,,,,,,,,,,
1597,394,A,95.22,P39023,10.61,/AF-P39023-F1-model_v1,69.83551029,FALSE,,,,,,,,,,,,
1598,399,A,92.02,P39023,10.44,/AF-P39023-F1-model_v1,78.95031778,FALSE,,,,,,,,,,,,
1599,31,A,89.02,O43390,10.43,/AF-O43390-F1-model_v1,83.10559766,FALSE,,,,,,,,,,,,
1600,41,A,93.24,O43390,11.2,/AF-O43390-F1-model_v1,17.69344983,FALSE,,,,,,,,,,,,
1601,84,A,90.36,O43390,10.13,/AF-O43390-F1-model_v1,19.30194526,FALSE,,,,,,,,,,,,
1602,94,A,94.04,O43390,11.05,/AF-O43390-F1-model_v1,34.58265193,FALSE,,,,,,,,,,,,
1603,103,A,92.24,O43390,9.92,/AF-O43390-F1-model_v1,113.9350936,FALSE,,,,,,,,,,,,
1604,110,A,87,O43390,10.15,/AF-O43390-F1-model_v1,69.96955158,FALSE,,,,,,,,,,,,
1605,126,A,93.89,O43390,11.85,/AF-O43390-F1-model_v1,46.11020257,FALSE,,,,,,,,,,,,
1606,128,A,92.87,O43390,10.67,/AF-O43390-F1-model_v1,60.18453766,FALSE,,,,,,,,,,,,
1607,146,A,96.06,O43390,9.51,/AF-O43390-F1-model_v1,50.39952374,FALSE,,,,,,,,,,,,
1608,171,A,95.06,O43390,10.42,/AF-O43390-F1-model_v1,78.14607006,FALSE,,,,,,,,,,,,
1609,187,A,94.75,O43390,10.6,/AF-O43390-F1-model_v1,48.92506959,FALSE,,,,,,,,,,,,
1610,216,A,90.52,O43390,10.38,/AF-O43390-F1-model_v1,65.01002398,FALSE,,,,,,,,,,,,
1611,224,A,93.25,O43390,10.43,/AF-O43390-F1-model_v1,93.15869415,FALSE,,,,,,,,,,,,
1612,235,A,94.25,O43390,10.99,/AF-O43390-F1-model_v1,46.64636772,FALSE,,,,,,,,,,,,
1613,255,A,90.86,O43390,10.17,/AF-O43390-F1-model_v1,36.45922994,FALSE,,,,,,,,,,,,
1614,257,A,91.04,O43390,10.24,/AF-O43390-F1-model_v1,37.12943638,FALSE,,,,,,,,,,,,
1615,259,A,91.6,O43390,11.22,/AF-O43390-F1-model_v1,46.37828515,FALSE,,,,,,,,,,,,
1616,268,A,91.34,O43390,12.49,/AF-O43390-F1-model_v1,49.46123474,FALSE,,,,,,,,,,,,
1617,285,A,74.26,O43390,10.7,/AF-O43390-F1-model_v1,27.8805876,FALSE,,,,,,,,,,,,
1618,286,A,78.93,O43390,10.56,/AF-O43390-F1-model_v1,104.1500797,FALSE,,,,,,,,,,,,
1619,287,A,85.94,O43390,11.5,/AF-O43390-F1-model_v1,50.53356503,FALSE,,,,,,,,,,,,
1620,300,A,85.26,O43390,9.66,/AF-O43390-F1-model_v1,76.40353334,FALSE,,,,,,,,,,,,
1621,313,A,79.63,O43390,10.41,/AF-O43390-F1-model_v1,103.4798732,FALSE,,,,,,,,,,,,
1622,315,A,84.57,O43390,10.31,/AF-O43390-F1-model_v1,64.60790012,FALSE,,,,,,,,,,,,
1623,339,A,84.83,O43390,10.52,/AF-O43390-F1-model_v1,68.22701486,FALSE,,,,,,,,,,,,
1624,341,A,90.8,O43390,10.53,/AF-O43390-F1-model_v1,39.67622082,FALSE,,,,,,,,,,,,
1625,359,A,92.03,O43390,10.43,/AF-O43390-F1-model_v1,85.38429953,FALSE,,,,,,,,,,,,
1626,366,A,91.33,O43390,11.42,/AF-O43390-F1-model_v1,63.8036524,FALSE,,,,,,,,,,,,
1627,371,A,92.6,O43390,10.32,/AF-O43390-F1-model_v1,76.13545076,FALSE,,,,,,,,,,,,
1628,372,A,90.09,O43390,9.59,/AF-O43390-F1-model_v1,8.980766199,FALSE,,,,,,,,,,,,
1629,374,A,84.17,O43390,10.54,/AF-O43390-F1-model_v1,85.51834082,TRUE,,,,,,,,,,,,
1630,389,A,92.47,O43390,10.8,/AF-O43390-F1-model_v1,44.50170714,FALSE,,,,,,,,,,,,
1631,397,A,88.75,O43390,10.31,/AF-O43390-F1-model_v1,45.17191357,FALSE,,,,,,,,,,,,
1632,410,A,84.15,O43390,9.85,/AF-O43390-F1-model_v1,61.25686795,FALSE,,,,,,,,,,,,
1633,122,A,97.68,P13861,8.16,/AF-P13861-F1-model_v1,0,FALSE,,,,,,,,,,,,
1634,135,A,89.94,P13861,11.54,/AF-P13861-F1-model_v1,82.16730866,TRUE,,,,,,,,,,,,
1635,141,A,88.06,P13861,10.9,/AF-P13861-F1-model_v1,79.7545655,FALSE,,,,,,,,,,,,
1636,161,A,98.39,P13861,10.57,/AF-P13861-F1-model_v1,90.87999228,FALSE,,,,,,,,,,,,
1637,190,A,91.89,P13861,10.41,/AF-P13861-F1-model_v1,77.47586363,FALSE,,,,,,,,,,,,
1638,243,A,91.13,P13861,11.23,/AF-P13861-F1-model_v1,47.18253287,FALSE,,,,,,,,,,,,
1639,247,A,91.28,P13861,11.52,/AF-P13861-F1-model_v1,71.17592316,FALSE,,,,,,,,,,,,
1640,248,A,91.97,P13861,12.27,/AF-P13861-F1-model_v1,32.57203263,FALSE,,,,,,,,,,,,
1641,250,A,93.2,P13861,10.61,/AF-P13861-F1-model_v1,99.7267172,FALSE,,,,,,,,,,,,
1642,263,A,86.86,P13861,10.45,/AF-P13861-F1-model_v1,93.02465287,FALSE,,,,,,,,,,,,
1643,272,A,96.47,P13861,10.36,/AF-P13861-F1-model_v1,55.22501006,FALSE,,,,,,,,,,,,
1644,280,A,96.96,P13861,10.62,/AF-P13861-F1-model_v1,64.07173497,FALSE,,,,,,,,,,,,
1645,283,A,98.42,P13861,11.49,/AF-P13861-F1-model_v1,85.78642339,FALSE,,,,,,,,,,,,
1646,294,A,95.35,P13861,10.53,/AF-P13861-F1-model_v1,82.16730866,FALSE,,,,,,,,,,,,
1647,332,A,96.28,P13861,10.38,/AF-P13861-F1-model_v1,70.10359287,FALSE,,,,,,,,,,,,
1648,345,A,91.05,P13861,10.36,/AF-P13861-F1-model_v1,65.27810655,FALSE,,,,,,,,,,,,
1649,358,A,97.65,P13861,11.85,/AF-P13861-F1-model_v1,34.8507345,FALSE,,,,,,,,,,,,
1650,379,A,86.15,P13861,11.62,/AF-P13861-F1-model_v1,37.93368409,FALSE,,,,,,,,,,,,
1651,391,A,75.8,P13861,11.32,/AF-P13861-F1-model_v1,54.68884491,FALSE,,,,,,,,,,,,
1652,36,A,70.67,P05023,10.99,/AF-P05023-F1-model_v1,18.76578012,FALSE,,,,,,,,,,,,
1653,37,A,70.93,P05023,10.57,/AF-P05023-F1-model_v1,76.00140948,FALSE,,,,,,,,,,,,
1654,45,A,92.05,P05023,11.7,/AF-P05023-F1-model_v1,33.64436292,FALSE,,,,,,,,,,,,
1655,54,A,92.23,P05023,11.33,/AF-P05023-F1-model_v1,37.53156023,FALSE,,,,,,,,,,,,
1656,91,A,84.16,P05023,11.3,/AF-P05023-F1-model_v1,33.10819778,FALSE,,,,,,,,,,,,
1657,177,A,90.95,P05023,11.01,/AF-P05023-F1-model_v1,30.02524819,FALSE,,,,,,,,,,,,
1658,194,A,90.49,P05023,10.45,/AF-P05023-F1-model_v1,51.47185404,FALSE,,,,,,,,,,,,
1659,212,A,89.74,P05023,11.3,/AF-P05023-F1-model_v1,37.66560152,FALSE,,,,,,,,,,,,
1660,349,A,88.77,P05023,10.13,/AF-P05023-F1-model_v1,100.3969236,FALSE,,,,,,,,,,,,
1661,354,A,89.7,P05023,11.22,/AF-P05023-F1-model_v1,63.26748725,FALSE,,,,,,,,,,,,
1662,359,A,79.75,P05023,8.19,/AF-P05023-F1-model_v1,29.35504176,FALSE,,,,,,,,,,,,
1663,377,A,92.67,P05023,12.17,/AF-P05023-F1-model_v1,0,FALSE,,,,,,,,,,,,
1664,413,A,86.93,P05023,10.88,/AF-P05023-F1-model_v1,37.26347766,FALSE,,,,,,,,,,,,
1665,444,A,87.78,P05023,10.37,/AF-P05023-F1-model_v1,70.7737993,FALSE,,,,,,,,,,,,
1666,458,A,94.58,P05023,8.06,/AF-P05023-F1-model_v1,12.59988094,FALSE,,,,,,,,,,,,
1667,468,A,92.01,P05023,10.76,/AF-P05023-F1-model_v1,83.37368024,FALSE,,,,,,,,,,,,
1668,476,A,94.23,P05023,10.62,/AF-P05023-F1-model_v1,27.61250503,FALSE,,,,,,,,,,,,
1669,487,A,87.44,P05023,10.33,/AF-P05023-F1-model_v1,47.04849158,FALSE,,,,,,,,,,,,
1670,494,A,93.57,P05023,11.26,/AF-P05023-F1-model_v1,61.92707439,FALSE,,,,,,,,,,,,
1671,508,A,96.55,P05023,10.44,/AF-P05023-F1-model_v1,0,FALSE,,,,,,,,,,,,
1672,526,A,92.65,P05023,10.44,/AF-P05023-F1-model_v1,79.35244164,FALSE,,,,,,,,,,,,
1673,535,A,91.04,P05023,11.48,/AF-P05023-F1-model_v1,30.15928947,FALSE,,,,,,,,,,,,
1674,605,A,95.12,P05023,11.47,/AF-P05023-F1-model_v1,60.18453766,FALSE,,,,,,,,,,,,
1675,612,A,97.04,P05023,8.97,/AF-P05023-F1-model_v1,32.43799135,FALSE,,,,,,,,,,,,
1676,625,A,93.61,P05023,10.59,/AF-P05023-F1-model_v1,21.31256456,FALSE,,,,,,,,,,,,
1677,629,A,93.36,P05023,10.04,/AF-P05023-F1-model_v1,58.57604222,FALSE,,,,,,,,,,,,
1678,661,A,93.2,P05023,10.45,/AF-P05023-F1-model_v1,80.96093708,FALSE,,,,,,,,,,,,
1679,671,A,85.16,P05023,11.56,/AF-P05023-F1-model_v1,58.57604222,FALSE,,,,,,,,,,,,
1680,683,A,93.35,P05023,10.75,/AF-P05023-F1-model_v1,48.38890445,FALSE,,,,,,,,,,,,
1681,698,A,93.1,P05023,12.83,/AF-P05023-F1-model_v1,0,FALSE,,,,,,,,,,,,
1682,726,A,87.73,P05023,10.1,/AF-P05023-F1-model_v1,61.52495053,FALSE,,,,,,,,,,,,
1683,727,A,91.78,P05023,10.16,/AF-P05023-F1-model_v1,35.52094094,FALSE,,,,,,,,,,,,
1684,743,A,82.45,P05023,9.79,/AF-P05023-F1-model_v1,21.31256456,FALSE,,,,,,,,,,,,
1685,773,A,96.25,P05023,9.42,/AF-P05023-F1-model_v1,8.17651848,FALSE,,,,,,,,,,,,
1686,774,A,96.68,P05023,9.84,/AF-P05023-F1-model_v1,0,FALSE,,,,,,,,,,,,
1687,833,A,93.15,P05023,11.53,/AF-P05023-F1-model_v1,87.52896012,FALSE,,,,,,,,,,,,
1688,840,A,91.06,P05023,10.38,/AF-P05023-F1-model_v1,111.1202266,FALSE,,,,,,,,,,,,
1689,843,A,93.71,P05023,10.32,/AF-P05023-F1-model_v1,29.35504176,FALSE,,,,,,,,,,,,
1690,912,A,94.14,P05023,12.7,/AF-P05023-F1-model_v1,6.702064328,FALSE,,,,,,,,,,,,
1691,938,A,96.82,P05023,10.19,/AF-P05023-F1-model_v1,0,FALSE,,,,,,,,,,,,
1692,950,A,93.77,P05023,10.39,/AF-P05023-F1-model_v1,96.10760246,FALSE,,,,,,,,,,,,
1693,952,A,96.27,P05023,10.44,/AF-P05023-F1-model_v1,102.9437081,FALSE,,,,,,,,,,,,
1694,984,A,92.15,P05023,10.37,/AF-P05023-F1-model_v1,58.71008351,FALSE,,,,,,,,,,,,
1695,42,A,86.28,Q9Y285,10.66,/AF-Q9Y285-F1-model_v1,52.94630819,FALSE,,,,,,,,,,,,
1696,59,A,82.79,Q9Y285,11.4,/AF-Q9Y285-F1-model_v1,46.64636772,FALSE,,,,,,,,,,,,
1697,101,A,82.44,Q9Y285,10.42,/AF-Q9Y285-F1-model_v1,77.7439462,FALSE,,,,,,,,,,,,
1698,106,A,85.35,Q9Y285,9.39,/AF-Q9Y285-F1-model_v1,35.25285836,FALSE,,,,,,,,,,,,
1699,111,A,86.84,Q9Y285,10.45,/AF-Q9Y285-F1-model_v1,72.51633603,FALSE,,,,,,,,,,,,
1700,117,A,82.79,Q9Y285,10.42,/AF-Q9Y285-F1-model_v1,83.7758041,TRUE,,,,,,,,,,,,
1701,150,A,81.96,Q9Y285,10.24,/AF-Q9Y285-F1-model_v1,68.09297357,FALSE,,,,,,,,,,,,
1702,154,A,85.7,Q9Y285,10.46,/AF-Q9Y285-F1-model_v1,100.1288411,FALSE,,,,,,,,,,,,
1703,161,A,86.05,Q9Y285,10.42,/AF-Q9Y285-F1-model_v1,71.57804702,FALSE,,,,,,,,,,,,
1704,163,A,86,Q9Y285,10.51,/AF-Q9Y285-F1-model_v1,77.7439462,FALSE,,,,,,,,,,,,
1705,171,A,87.46,Q9Y285,10.42,/AF-Q9Y285-F1-model_v1,70.90784059,FALSE,,,,,,,,,,,,
1706,177,A,89.19,Q9Y285,10.33,/AF-Q9Y285-F1-model_v1,29.8912069,FALSE,,,,,,,,,,,,
1707,208,A,80.66,Q9Y285,10.38,/AF-Q9Y285-F1-model_v1,65.14406526,FALSE,,,,,,,,,,,,
1708,229,A,88.7,Q9Y285,9.26,/AF-Q9Y285-F1-model_v1,0,FALSE,,,,,,,,,,,,
1709,297,A,97.69,Q9Y285,10.27,/AF-Q9Y285-F1-model_v1,49.05911088,FALSE,,,,,,,,,,,,
1710,311,A,94.83,Q9Y285,10.32,/AF-Q9Y285-F1-model_v1,49.32719345,FALSE,,,,,,,,,,,,
1711,315,A,96.89,Q9Y285,10.52,/AF-Q9Y285-F1-model_v1,69.70146901,FALSE,,,,,,,,,,,,
1712,321,A,96.94,Q9Y285,11.05,/AF-Q9Y285-F1-model_v1,44.36766585,FALSE,,,,,,,,,,,,
1713,342,A,93.25,Q9Y285,10.31,/AF-Q9Y285-F1-model_v1,76.40353334,FALSE,,,,,,,,,,,,
1714,343,A,90.13,Q9Y285,10.4,/AF-Q9Y285-F1-model_v1,87.26087755,FALSE,,,,,,,,,,,,
1715,349,A,98.21,Q9Y285,10.11,/AF-Q9Y285-F1-model_v1,54.95692749,FALSE,,,,,,,,,,,,
1716,397,A,88.27,Q9Y285,11.17,/AF-Q9Y285-F1-model_v1,20.10619298,FALSE,,,,,,,,,,,,
1717,406,A,96.06,Q9Y285,11.51,/AF-Q9Y285-F1-model_v1,52.67822562,FALSE,,,,,,,,,,,,
1718,427,A,84.71,Q9Y285,10.45,/AF-Q9Y285-F1-model_v1,90.07574456,FALSE,,,,,,,,,,,,
1719,428,A,89,Q9Y285,10.18,/AF-Q9Y285-F1-model_v1,75.7333269,FALSE,,,,,,,,,,,,
1720,468,A,77.72,Q9Y285,9.16,/AF-Q9Y285-F1-model_v1,42.75917041,FALSE,,,,,,,,,,,,
1721,481,A,80.67,Q9Y285,10.12,/AF-Q9Y285-F1-model_v1,72.24825345,FALSE,,,,,,,,,,,,
1722,20,A,0,Q9UIJ7,9.22,/6ZJE-alt1A_assembled/6ZJE-alt1C_assembled/6ZJE-alt1B_assembled,21.44660585,FALSE,,,,,,,,,,,,
1723,34,A,0,Q9UIJ7,10.42,/6ZJE-alt1A_assembled/6ZJE-alt1C_assembled/6ZJE-alt1B_assembled,57.23562936,FALSE,,,,,,,,,,,,
1724,57,A,0,Q9UIJ7,10.66,/6ZJE-alt1A_assembled/6ZJE-alt1C_assembled/6ZJE-alt1B_assembled,68.36105614,FALSE,,,,,,,,,,,,
1725,64,A,0,Q9UIJ7,10.37,/6ZJE-alt1A_assembled/6ZJE-alt1C_assembled/6ZJE-alt1B_assembled,74.12483146,FALSE,,,,,,,,,,,,
1726,80,A,0,Q9UIJ7,10.36,/6ZJE-alt1A_assembled/6ZJE-alt1C_assembled/6ZJE-alt1B_assembled,73.58866632,FALSE,,,,,,,,,,,,
1727,122,A,0,Q9UIJ7,10.29,/6ZJE-alt1A_assembled/6ZJE-alt1C_assembled/6ZJE-alt1B_assembled,37.93368409,FALSE,,,,,,,,,,,,
1728,146,A,0,Q9UIJ7,10.62,/6ZJE-alt1A_assembled/6ZJE-alt1C_assembled/6ZJE-alt1B_assembled,81.49710222,TRUE,,,,,,,,,,,,
1729,165,A,0,Q9UIJ7,10.58,/6ZJE-alt1A_assembled/6ZJE-alt1C_assembled/6ZJE-alt1B_assembled,43.42937684,FALSE,,,,,,,,,,,,
1730,171,A,0,Q9UIJ7,10.24,/6ZJE-alt1A_assembled/6ZJE-alt1C_assembled/6ZJE-alt1B_assembled,61.52495053,FALSE,,,,,,,,,,,,
1731,174,A,0,Q9UIJ7,11.29,/6ZJE-alt1A_assembled/6ZJE-alt1C_assembled/6ZJE-alt1B_assembled,73.18654246,FALSE,,,,,,,,,,,,
1732,181,A,0,Q9UIJ7,10.53,/6ZJE-alt1A_assembled/6ZJE-alt1C_assembled/6ZJE-alt1B_assembled,74.52695532,FALSE,,,,,,,,,,,,
1733,189,A,0,Q9UIJ7,10.38,/6ZJE-alt1A_assembled/6ZJE-alt1C_assembled/6ZJE-alt1B_assembled,88.7353317,FALSE,,,,,,,,,,,,
1734,190,A,0,Q9UIJ7,10.09,/6ZJE-alt1A_assembled/6ZJE-alt1C_assembled/6ZJE-alt1B_assembled,70.90784059,FALSE,,,,,,,,,,,,
1735,203,A,0,Q9UIJ7,10.71,/6ZJE-alt1A_assembled/6ZJE-alt1C_assembled/6ZJE-alt1B_assembled,97.31397404,FALSE,,,,,,,,,,,,
1736,215,A,0,Q9UIJ7,7.47,/6ZJE-alt1A_assembled/6ZJE-alt1C_assembled/6ZJE-alt1B_assembled,17.29132597,FALSE,,,,,,,,,,,,
1737,150,A,81.5,Q9BXP5,10.38,/AF-Q9BXP5-F1-model_v1,49.19315217,FALSE,,,,,,,,,,,,
1738,153,A,85.43,Q9BXP5,10.47,/AF-Q9BXP5-F1-model_v1,93.96294187,FALSE,,,,,,,,,,,,
1739,170,A,89.53,Q9BXP5,10.47,/AF-Q9BXP5-F1-model_v1,81.7651848,FALSE,,,,,,,,,,,,
1740,176,A,86.84,Q9BXP5,9.94,/AF-Q9BXP5-F1-model_v1,32.16990877,FALSE,,,,,,,,,,,,
1741,192,A,88.67,Q9BXP5,11.45,/AF-Q9BXP5-F1-model_v1,30.42737205,FALSE,,,,,,,,,,,,
1742,200,A,85.31,Q9BXP5,10.2,/AF-Q9BXP5-F1-model_v1,49.72931731,FALSE,,,,,,,,,,,,
1743,208,A,88.62,Q9BXP5,10.62,/AF-Q9BXP5-F1-model_v1,89.13745556,FALSE,,,,,,,,,,,,
1744,242,A,89.7,Q9BXP5,9.92,/AF-Q9BXP5-F1-model_v1,37.66560152,FALSE,,,,,,,,,,,,
1745,248,A,91.43,Q9BXP5,11,/AF-Q9BXP5-F1-model_v1,25.33380316,FALSE,,,,,,,,,,,,
1746,256,A,89.92,Q9BXP5,9.44,/AF-Q9BXP5-F1-model_v1,7.238229474,FALSE,,,,,,,,,,,,
1747,413,A,81.76,Q9BXP5,10.45,/AF-Q9BXP5-F1-model_v1,107.2330292,FALSE,,,,,,,,,,,,
1748,419,A,90.75,Q9BXP5,10.87,/AF-Q9BXP5-F1-model_v1,57.23562936,FALSE,,,,,,,,,,,,
1749,442,A,95.01,Q9BXP5,10.39,/AF-Q9BXP5-F1-model_v1,84.04388667,FALSE,,,,,,,,,,,,
1750,476,A,94.83,Q9BXP5,10.42,/AF-Q9BXP5-F1-model_v1,70.63975801,FALSE,,,,,,,,,,,,
1751,514,A,92.02,Q9BXP5,11.35,/AF-Q9BXP5-F1-model_v1,21.84872971,FALSE,,,,,,,,,,,,
1752,522,A,95.13,Q9BXP5,10.39,/AF-Q9BXP5-F1-model_v1,95.16931345,FALSE,,,,,,,,,,,,
1753,526,A,92.97,Q9BXP5,10.94,/AF-Q9BXP5-F1-model_v1,64.20577626,FALSE,,,,,,,,,,,,
1754,559,A,89.77,Q9BXP5,10.29,/AF-Q9BXP5-F1-model_v1,56.69946421,FALSE,,,,,,,,,,,,
1755,604,A,91.51,Q9BXP5,10.68,/AF-Q9BXP5-F1-model_v1,93.15869415,FALSE,,,,,,,,,,,,
1756,607,A,93.02,Q9BXP5,10.5,/AF-Q9BXP5-F1-model_v1,56.56542293,FALSE,,,,,,,,,,,,
1757,611,A,94.05,Q9BXP5,11.07,/AF-Q9BXP5-F1-model_v1,63.13344597,FALSE,,,,,,,,,,,,
1758,664,A,95.17,Q9BXP5,10.67,/AF-Q9BXP5-F1-model_v1,84.98217567,FALSE,,,,,,,,,,,,
1759,669,A,93.04,Q9BXP5,9.85,/AF-Q9BXP5-F1-model_v1,45.03787228,FALSE,,,,,,,,,,,,
1760,687,A,86.91,Q9BXP5,11.24,/AF-Q9BXP5-F1-model_v1,40.07834468,FALSE,,,,,,,,,,,,
1761,691,A,91.62,Q9BXP5,10.75,/AF-Q9BXP5-F1-model_v1,40.48046854,FALSE,,,,,,,,,,,,
1762,699,A,94.14,Q9BXP5,11.31,/AF-Q9BXP5-F1-model_v1,52.41014304,FALSE,,,,,,,,,,,,
1763,710,A,90.54,Q9BXP5,10.47,/AF-Q9BXP5-F1-model_v1,90.61190971,FALSE,,,,,,,,,,,,
1764,712,A,92.57,Q9BXP5,10.41,/AF-Q9BXP5-F1-model_v1,65.27810655,FALSE,,,,,,,,,,,,
1765,720,A,93.71,Q9BXP5,10.27,/AF-Q9BXP5-F1-model_v1,61.39090924,FALSE,,,,,,,,,,,,
1766,721,A,94.01,Q9BXP5,10.37,/AF-Q9BXP5-F1-model_v1,65.8142717,FALSE,,,,,,,,,,,,
1767,723,A,93.17,Q9BXP5,10.44,/AF-Q9BXP5-F1-model_v1,90.07574456,FALSE,,,,,,,,,,,,
1768,730,A,94.45,Q9BXP5,10.51,/AF-Q9BXP5-F1-model_v1,78.01202877,FALSE,,,,,,,,,,,,
1769,735,A,93.89,Q9BXP5,10.36,/AF-Q9BXP5-F1-model_v1,64.47385883,FALSE,,,,,,,,,,,,
1770,739,A,93.52,Q9BXP5,10.48,/AF-Q9BXP5-F1-model_v1,49.59527602,FALSE,,,,,,,,,,,,
1771,744,A,93.84,Q9BXP5,10.53,/AF-Q9BXP5-F1-model_v1,66.08235427,FALSE,,,,,,,,,,,,
1772,745,A,92.71,Q9BXP5,11.56,/AF-Q9BXP5-F1-model_v1,52.94630819,FALSE,,,,,,,,,,,,
1773,758,A,81.9,Q9BXP5,11.41,/AF-Q9BXP5-F1-model_v1,82.97155638,FALSE,,,,,,,,,,,,
1774,31,A,91.29,Q9NW13,10.14,/AF-Q9NW13-F1-model_v1,49.59527602,FALSE,,,,,,,,,,,,
1775,39,A,80.73,Q9NW13,12.4,/AF-Q9NW13-F1-model_v1,45.97616129,FALSE,,,,,,,,,,,,
1776,42,A,78.53,Q9NW13,10.46,/AF-Q9NW13-F1-model_v1,92.48848772,FALSE,,,,,,,,,,,,
1777,63,A,90.49,Q9NW13,10.44,/AF-Q9NW13-F1-model_v1,86.05450597,FALSE,,,,,,,,,,,,
1778,72,A,88.5,Q9NW13,10.44,/AF-Q9NW13-F1-model_v1,78.14607006,FALSE,,,,,,,,,,,,
1779,79,A,83.47,Q9NW13,10.42,/AF-Q9NW13-F1-model_v1,95.97356117,FALSE,,,,,,,,,,,,
1780,80,A,77.95,Q9NW13,10.39,/AF-Q9NW13-F1-model_v1,101.2011713,FALSE,,,,,,,,,,,,
1781,113,A,80.84,Q9NW13,10.42,/AF-Q9NW13-F1-model_v1,98.11822176,FALSE,,,,,,,,,,,,
1782,124,A,89.55,Q9NW13,10.39,/AF-Q9NW13-F1-model_v1,79.88860679,FALSE,,,,,,,,,,,,
1783,131,A,93.71,Q9NW13,10.5,/AF-Q9NW13-F1-model_v1,87.12683626,FALSE,,,,,,,,,,,,
1784,148,A,86.13,Q9NW13,10.12,/AF-Q9NW13-F1-model_v1,48.65698702,FALSE,,,,,,,,,,,,
1785,152,A,85.4,Q9NW13,11.04,/AF-Q9NW13-F1-model_v1,61.25686795,FALSE,,,,,,,,,,,,
1786,162,A,90.79,Q9NW13,10.52,/AF-Q9NW13-F1-model_v1,79.88860679,FALSE,,,,,,,,,,,,
1787,169,A,93.97,Q9NW13,10.44,/AF-Q9NW13-F1-model_v1,66.88660199,FALSE,,,,,,,,,,,,
1788,172,A,93.38,Q9NW13,10.42,/AF-Q9NW13-F1-model_v1,87.93108398,FALSE,,,,,,,,,,,,
1789,177,A,91.38,Q9NW13,10.21,/AF-Q9NW13-F1-model_v1,46.78040901,FALSE,,,,,,,,,,,,
1790,180,A,87.88,Q9NW13,11.48,/AF-Q9NW13-F1-model_v1,34.98477579,FALSE,,,,,,,,,,,,
1791,192,A,83.47,Q9NW13,10.47,/AF-Q9NW13-F1-model_v1,95.97356117,FALSE,,,,,,,,,,,,
1792,194,A,82.18,Q9NW13,10.45,/AF-Q9NW13-F1-model_v1,86.99279497,FALSE,,,,,,,,,,,,
1793,196,A,82.39,Q9NW13,10.24,/AF-Q9NW13-F1-model_v1,80.29073065,FALSE,,,,,,,,,,,,
1794,335,A,90.89,Q9NW13,11.34,/AF-Q9NW13-F1-model_v1,34.04648678,FALSE,,,,,,,,,,,,
1795,362,A,90.79,Q9NW13,11.54,/AF-Q9NW13-F1-model_v1,52.54418433,FALSE,,,,,,,,,,,,
1796,376,A,91.39,Q9NW13,10.11,/AF-Q9NW13-F1-model_v1,26.13805088,FALSE,,,,,,,,,,,,
1797,391,A,90.26,Q9NW13,10.91,/AF-Q9NW13-F1-model_v1,53.88459719,FALSE,,,,,,,,,,,,
1798,406,A,85.2,Q9NW13,10.06,/AF-Q9NW13-F1-model_v1,48.65698702,FALSE,,,,,,,,,,,,
1799,413,A,90.54,Q9NW13,10.31,/AF-Q9NW13-F1-model_v1,94.63314831,FALSE,,,,,,,,,,,,
1800,425,A,82.05,Q9NW13,10.52,/AF-Q9NW13-F1-model_v1,92.22040515,FALSE,,,,,,,,,,,,
1801,453,A,91.01,Q9NW13,10.46,/AF-Q9NW13-F1-model_v1,101.3352126,FALSE,,,,,,,,,,,,
1802,465,A,92.32,Q9NW13,10.04,/AF-Q9NW13-F1-model_v1,55.62713392,FALSE,,,,,,,,,,,,
1803,473,A,93.93,Q9NW13,10.03,/AF-Q9NW13-F1-model_v1,17.82749111,FALSE,,,,,,,,,,,,
1804,476,A,94.35,Q9NW13,10.13,/AF-Q9NW13-F1-model_v1,90.61190971,FALSE,,,,,,,,,,,,
1805,478,A,92.98,Q9NW13,10.36,/AF-Q9NW13-F1-model_v1,88.06512527,FALSE,,,,,,,,,,,,
1806,496,A,90.6,Q9NW13,10.28,/AF-Q9NW13-F1-model_v1,65.94831298,FALSE,,,,,,,,,,,,
1807,501,A,93.85,Q9NW13,10.41,/AF-Q9NW13-F1-model_v1,112.9968046,FALSE,,,,,,,,,,,,
1808,505,A,93.35,Q9NW13,10.43,/AF-Q9NW13-F1-model_v1,91.55019872,FALSE,,,,,,,,,,,,
1809,515,A,78.95,Q9NW13,10.48,/AF-Q9NW13-F1-model_v1,101.3352126,FALSE,,,,,,,,,,,,
1810,520,A,93.71,Q9NW13,11.42,/AF-Q9NW13-F1-model_v1,52.14206047,FALSE,,,,,,,,,,,,
1811,529,A,80.5,Q9NW13,10.58,/AF-Q9NW13-F1-model_v1,92.35444644,FALSE,,,,,,,,,,,,
1812,536,A,75.55,Q9NW13,11.28,/AF-Q9NW13-F1-model_v1,52.54418433,FALSE,,,,,,,,,,,,
1813,555,A,93.8,Q9NW13,11.07,/AF-Q9NW13-F1-model_v1,16.35303696,FALSE,,,,,,,,,,,,
1814,571,A,84.86,Q9NW13,10.32,/AF-Q9NW13-F1-model_v1,72.11421217,FALSE,,,,,,,,,,,,
1815,584,A,91.98,Q9NW13,10.51,/AF-Q9NW13-F1-model_v1,109.913855,FALSE,,,,,,,,,,,,
1816,586,A,91.83,Q9NW13,10.45,/AF-Q9NW13-F1-model_v1,90.34382714,FALSE,,,,,,,,,,,,
1817,588,A,90.66,Q9NW13,10.46,/AF-Q9NW13-F1-model_v1,86.05450597,FALSE,,,,,,,,,,,,
1818,598,A,89.2,Q9NW13,10.35,/AF-Q9NW13-F1-model_v1,83.90984538,FALSE,,,,,,,,,,,,
1819,665,A,75.83,Q9NW13,10.59,/AF-Q9NW13-F1-model_v1,73.99079018,FALSE,,,,,,,,,,,,
1820,666,A,73.6,Q9NW13,11.14,/AF-Q9NW13-F1-model_v1,41.55279883,FALSE,,,,,,,,,,,,
1821,738,A,83.99,Q9NW13,10.45,/AF-Q9NW13-F1-model_v1,75.7333269,FALSE,,,,,,,,,,,,
1822,740,A,79.32,Q9NW13,10.48,/AF-Q9NW13-F1-model_v1,82.83751509,FALSE,,,,,,,,,,,,
1823,55,A,87.28,Q02539,10.45,/AF-Q02539-F1-model_v1,112.1925568,FALSE,,,,,,,,,,,,
1824,66,A,94.1,Q02539,9.9,/AF-Q02539-F1-model_v1,37.26347766,FALSE,,,,,,,,,,,,
1825,67,A,94.15,Q02539,10.42,/AF-Q02539-F1-model_v1,114.2031761,FALSE,,,,,,,,,,,,
1826,78,A,93.07,Q02539,10.44,/AF-Q02539-F1-model_v1,99.59267591,FALSE,,,,,,,,,,,,
1827,84,A,95.08,Q02539,10.32,/AF-Q02539-F1-model_v1,72.11421217,FALSE,,,,,,,,,,,,
1828,88,A,95.3,Q02539,10.42,/AF-Q02539-F1-model_v1,109.1096073,FALSE,,,,,,,,,,,,
1829,93,A,92.78,Q02539,10.34,/AF-Q02539-F1-model_v1,109.5117311,FALSE,,,,,,,,,,,,
1830,100,A,93.07,Q02539,10.43,/AF-Q02539-F1-model_v1,95.83951989,FALSE,,,,,,,,,,,,
1831,109,A,93.78,Q02539,10.23,/AF-Q02539-F1-model_v1,48.52294573,FALSE,,,,,,,,,,,,
1832,112,A,79.5,Q02539,10.43,/AF-Q02539-F1-model_v1,102.5415842,FALSE,,,,,,,,,,,,
1833,1965,A,0,P15924,10.69,/5DZZ-alt-1_assembled,62.99940468,FALSE,,,,,,,,,,,,
1834,1973,A,0,P15924,10.15,/5DZZ-alt-1_assembled,43.96554199,FALSE,,,,,,,,,,,,
1835,1974,A,0,P15924,11.4,/5DZZ-alt-1_assembled,63.8036524,FALSE,,,,,,,,,,,,
1836,1988,A,0,P15924,11.55,/5DZZ-alt-1_assembled,58.97816608,FALSE,,,,,,,,,,,,
1837,1993,A,0,P15924,9.85,/5DZZ-alt-1_assembled,32.70607392,FALSE,,,,,,,,,,,,
1838,1996,A,0,P15924,10.43,/5DZZ-alt-1_assembled,66.88660199,FALSE,,,,,,,,,,,,
1839,1998,A,0,P15924,10.38,/5DZZ-alt-1_assembled,73.32058374,FALSE,,,,,,,,,,,,
1840,1999,A,0,P15924,10.65,/5DZZ-alt-1_assembled,47.71869801,FALSE,,,,,,,,,,,,
1841,2026,A,0,P15924,10.55,/5DZZ-alt-1_assembled,86.99279497,TRUE,,,,,,,,,,,,
1842,2028,A,0,P15924,10.67,/5DZZ-alt-1_assembled,0,FALSE,,,,,,,,,,,,
1843,2035,A,0,P15924,11.17,/5DZZ-alt-1_assembled,28.28271146,FALSE,,,,,,,,,,,,
1844,2037,A,0,P15924,10.42,/5DZZ-alt-1_assembled,43.69745942,FALSE,,,,,,,,,,,,
1845,2038,A,0,P15924,10.37,/5DZZ-alt-1_assembled,86.7247124,FALSE,,,,,,,,,,,,
1846,2066,A,0,P15924,8.6,/5DZZ-alt-1_assembled,40.48046854,FALSE,,,,,,,,,,,,
1847,2091,A,0,P15924,10.37,/5DZZ-alt-1_assembled,52.54418433,FALSE,,,,,,,,,,,,
1848,2103,A,0,P15924,10.35,/5DZZ-alt-1_assembled,73.32058374,FALSE,,,,,,,,,,,,
1849,2112,A,0,P15924,11.01,/5DZZ-alt-1_assembled,55.09096877,FALSE,,,,,,,,,,,,
1850,2113,A,0,P15924,10.71,/5DZZ-alt-1_assembled,65.54618912,FALSE,,,,,,,,,,,,
1851,2145,A,0,P15924,10.7,/5DZZ-alt-1_assembled,66.35043684,FALSE,,,,,,,,,,,,
1852,2170,A,0,P15924,10.01,/5DZZ-alt-1_assembled,31.63374363,FALSE,,,,,,,,,,,,
1853,2178,A,0,P15924,10.57,/5DZZ-alt-1_assembled,102.4075429,FALSE,,,,,,,,,,,,
1854,2179,A,0,P15924,10.38,/5DZZ-alt-1_assembled,102.0054191,FALSE,,,,,,,,,,,,
1855,2180,A,0,P15924,10.13,/5DZZ-alt-1_assembled,89.27149684,FALSE,,,,,,,,,,,,
1856,2187,A,0,P15924,9.39,/5DZZ-alt-1_assembled,24.39551415,FALSE,,,,,,,,,,,,
1857,2205,A,0,P15924,10.7,/5DZZ-alt-1_assembled,65.01002398,FALSE,,,,,,,,,,,,
1858,2251,A,0,P15924,10.87,/5DZZ-alt-1_assembled,55.62713392,FALSE,,,,,,,,,,,,
1859,2269,A,0,P15924,10.74,/5DZZ-alt-1_assembled,64.87598269,FALSE,,,,,,,,,,,,
1860,2271,A,0,P15924,10.94,/5DZZ-alt-1_assembled,33.64436292,FALSE,,,,,,,,,,,,
1861,2279,A,0,P15924,11.32,/5DZZ-alt-1_assembled,34.31456936,FALSE,,,,,,,,,,,,
1862,2317,A,0,P15924,11.59,/5DZZ-alt-1_assembled,43.02725298,FALSE,,,,,,,,,,,,
1863,2326,A,0,P15924,11.18,/5DZZ-alt-1_assembled,24.52955544,FALSE,,,,,,,,,,,,
1864,2328,A,0,P15924,10.47,/5DZZ-alt-1_assembled,63.53556983,FALSE,,,,,,,,,,,,
1865,2356,A,0,P15924,10.5,/5DZZ-alt-1_assembled,47.45061544,FALSE,,,,,,,,,,,,
1866,2361,A,0,P15924,10.48,/5DZZ-alt-1_assembled,69.43338643,FALSE,,,,,,,,,,,,
1867,2381,A,0,P15924,10.67,/5DZZ-alt-1_assembled,57.90583579,FALSE,,,,,,,,,,,,
1868,2393,A,0,P15924,10.33,/5DZZ-alt-1_assembled,79.08435907,FALSE,,,,,,,,,,,,
1869,2413,A,0,P15924,10.41,/5DZZ-alt-1_assembled,36.8613538,FALSE,,,,,,,,,,,,
1870,2430,A,0,P15924,10.82,/5DZZ-alt-1_assembled,12.06371579,FALSE,,,,,,,,,,,,
1871,2435,A,0,P15924,10.4,/5DZZ-alt-1_assembled,64.07173497,FALSE,,,,,,,,,,,,
1872,2447,A,0,P15924,10.62,/5DZZ-alt-1_assembled,73.45462503,FALSE,,,,,,,,,,,,
1873,5,A,91.21,Q969X6,10.17,/AF-Q969X6-F1-model_v1,52.00801918,FALSE,,,,,,,,,,,,
1874,53,A,95.07,Q969X6,9.16,/AF-Q969X6-F1-model_v1,31.9018262,FALSE,,,,,,,,,,,,
1875,94,A,94.91,Q969X6,10.77,/AF-Q969X6-F1-model_v1,40.48046854,FALSE,,,,,,,,,,,,
1876,126,A,98.4,Q969X6,10.1,/AF-Q969X6-F1-model_v1,12.73392222,FALSE,,,,,,,,,,,,
1877,134,A,95.81,Q969X6,10.41,/AF-Q969X6-F1-model_v1,63.13344597,FALSE,,,,,,,,,,,,
1878,145,A,92.54,Q969X6,10.57,/AF-Q969X6-F1-model_v1,106.2947402,FALSE,,,,,,,,,,,,
1879,174,A,96.4,Q969X6,10.52,/AF-Q969X6-F1-model_v1,82.83751509,FALSE,,,,,,,,,,,,
1880,181,A,95.14,Q969X6,9.99,/AF-Q969X6-F1-model_v1,48.12082187,FALSE,,,,,,,,,,,,
1881,195,A,87.06,Q969X6,10.45,/AF-Q969X6-F1-model_v1,78.28011135,FALSE,,,,,,,,,,,,
1882,217,A,95.03,Q969X6,11.27,/AF-Q969X6-F1-model_v1,20.50831684,FALSE,,,,,,,,,,,,
1883,230,A,93.86,Q969X6,10.11,/AF-Q969X6-F1-model_v1,42.35704655,FALSE,,,,,,,,,,,,
1884,275,A,88.77,Q969X6,10.37,/AF-Q969X6-F1-model_v1,64.47385883,FALSE,,,,,,,,,,,,
1885,281,A,85.1,Q969X6,10.4,/AF-Q969X6-F1-model_v1,88.60129041,TRUE,,,,,,,,,,,,
1886,329,A,92.83,Q969X6,9.66,/AF-Q969X6-F1-model_v1,53.75055591,FALSE,,,,,,,,,,,,
1887,342,A,91.67,Q969X6,12.37,/AF-Q969X6-F1-model_v1,65.14406526,FALSE,,,,,,,,,,,,
1888,343,A,92.34,Q969X6,10.65,/AF-Q969X6-F1-model_v1,58.17391836,FALSE,,,,,,,,,,,,
1889,368,A,85.17,Q969X6,10.47,/AF-Q969X6-F1-model_v1,86.99279497,FALSE,,,,,,,,,,,,
1890,377,A,92.7,Q969X6,11.26,/AF-Q969X6-F1-model_v1,38.33580795,FALSE,,,,,,,,,,,,
1891,386,A,95.34,Q969X6,10.36,/AF-Q969X6-F1-model_v1,71.71208831,FALSE,,,,,,,,,,,,
1892,388,A,87.48,Q969X6,10.32,/AF-Q969X6-F1-model_v1,114.4712587,FALSE,,,,,,,,,,,,
1893,428,A,93.37,Q969X6,10.35,/AF-Q969X6-F1-model_v1,87.52896012,FALSE,,,,,,,,,,,,
1894,432,A,82.98,Q969X6,10.46,/AF-Q969X6-F1-model_v1,100.3969236,FALSE,,,,,,,,,,,,
1895,451,A,95.96,Q969X6,10.14,/AF-Q969X6-F1-model_v1,41.01663369,FALSE,,,,,,,,,,,,
1896,472,A,91.65,Q969X6,10.4,/AF-Q969X6-F1-model_v1,76.00140948,FALSE,,,,,,,,,,,,
1897,514,A,93.68,Q969X6,10.37,/AF-Q969X6-F1-model_v1,71.71208831,FALSE,,,,,,,,,,,,
1898,517,A,94.2,Q969X6,10.22,/AF-Q969X6-F1-model_v1,64.33981755,FALSE,,,,,,,,,,,,
1899,558,A,96.82,Q969X6,10.34,/AF-Q969X6-F1-model_v1,37.39751895,FALSE,,,,,,,,,,,,
1900,569,A,93.77,Q969X6,10.44,/AF-Q969X6-F1-model_v1,89.6736207,FALSE,,,,,,,,,,,,
1901,591,A,88.69,Q969X6,11.31,/AF-Q969X6-F1-model_v1,54.55480363,FALSE,,,,,,,,,,,,
1902,609,A,93.52,Q969X6,10.18,/AF-Q969X6-F1-model_v1,8.846724913,FALSE,,,,,,,,,,,,
1903,617,A,82.13,Q969X6,10.46,/AF-Q969X6-F1-model_v1,95.7054786,FALSE,,,,,,,,,,,,
1904,642,A,91.37,Q969X6,10.66,/AF-Q969X6-F1-model_v1,58.71008351,FALSE,,,,,,,,,,,,
1905,645,A,90.13,Q969X6,10.56,/AF-Q969X6-F1-model_v1,47.71869801,FALSE,,,,,,,,,,,,
1906,648,A,94.5,Q969X6,10.41,/AF-Q969X6-F1-model_v1,80.29073065,FALSE,,,,,,,,,,,,
1907,56,A,90.78,Q63ZY6,9.68,/AF-Q63ZY6-F1-model_v1,0,TRUE,,,,,,,,,,,,
1908,65,A,91.61,Q63ZY6,10.39,/AF-Q63ZY6-F1-model_v1,82.03326737,FALSE,,,,,,,,,,,,
1909,69,A,90.95,Q63ZY6,11.44,/AF-Q63ZY6-F1-model_v1,66.88660199,FALSE,,,,,,,,,,,,
1910,226,A,88.49,Q63ZY6,10.45,/AF-Q63ZY6-F1-model_v1,99.59267591,FALSE,,,,,,,,,,,,
1911,30,A,91.9,Q96PC5,10.73,/AF-Q96PC5-F1-model_v1,17.15728468,FALSE,,,,,,,,,,,,
1912,31,A,92.2,Q96PC5,11.26,/AF-Q96PC5-F1-model_v1,46.51232643,FALSE,,,,,,,,,,,,
1913,62,A,92.17,Q96PC5,10.36,/AF-Q96PC5-F1-model_v1,65.14406526,FALSE,,,,,,,,,,,,
1914,71,A,93.83,Q96PC5,10.02,/AF-Q96PC5-F1-model_v1,6.568023041,FALSE,,,,,,,,,,,,
1915,84,A,90.38,Q96PC5,11.66,/AF-Q96PC5-F1-model_v1,8.980766199,FALSE,,,,,,,,,,,,
1916,86,A,82.13,Q96PC5,10.47,/AF-Q96PC5-F1-model_v1,89.94170328,FALSE,,,,,,,,,,,,
1917,112,A,81.91,Q96PC5,10.43,/AF-Q96PC5-F1-model_v1,89.53957942,FALSE,,,,,,,,,,,,
1918,684,A,74.93,Q96PC5,10.41,/AF-Q96PC5-F1-model_v1,76.80565719,FALSE,,,,,,,,,,,,
1919,685,A,77.46,Q96PC5,10.4,/AF-Q96PC5-F1-model_v1,62.06111567,FALSE,,,,,,,,,,,,
1920,697,A,76.09,Q96PC5,10.37,/AF-Q96PC5-F1-model_v1,72.7844186,FALSE,,,,,,,,,,,,
1921,699,A,82.19,Q96PC5,11.07,/AF-Q96PC5-F1-model_v1,57.50371193,FALSE,,,,,,,,,,,,
1922,703,A,81.79,Q96PC5,10.37,/AF-Q96PC5-F1-model_v1,75.33120304,FALSE,,,,,,,,,,,,
1923,709,A,70.78,Q96PC5,10.4,/AF-Q96PC5-F1-model_v1,75.33120304,FALSE,,,,,,,,,,,,
1924,741,A,85.77,Q96PC5,10.43,/AF-Q96PC5-F1-model_v1,79.7545655,FALSE,,,,,,,,,,,,
1925,758,A,89.01,Q96PC5,10.43,/AF-Q96PC5-F1-model_v1,80.69285451,FALSE,,,,,,,,,,,,
1926,761,A,86.1,Q96PC5,10.97,/AF-Q96PC5-F1-model_v1,58.97816608,FALSE,,,,,,,,,,,,
1927,764,A,85.53,Q96PC5,10.35,/AF-Q96PC5-F1-model_v1,62.59728082,FALSE,,,,,,,,,,,,
1928,766,A,86.94,Q96PC5,12.61,/AF-Q96PC5-F1-model_v1,49.32719345,FALSE,,,,,,,,,,,,
1929,779,A,91.95,Q96PC5,10.52,/AF-Q96PC5-F1-model_v1,89.80766199,FALSE,,,,,,,,,,,,
1930,789,A,90.97,Q96PC5,12.46,/AF-Q96PC5-F1-model_v1,56.43138164,FALSE,,,,,,,,,,,,
1931,792,A,89.89,Q96PC5,10.24,/AF-Q96PC5-F1-model_v1,86.85875369,FALSE,,,,,,,,,,,,
1932,799,A,90.9,Q96PC5,10.42,/AF-Q96PC5-F1-model_v1,108.975566,FALSE,,,,,,,,,,,,
1933,803,A,86.23,Q96PC5,10.39,/AF-Q96PC5-F1-model_v1,107.7691944,FALSE,,,,,,,,,,,,
1934,813,A,90.81,Q96PC5,12.53,/AF-Q96PC5-F1-model_v1,50.66760632,FALSE,,,,,,,,,,,,
1935,817,A,92.98,Q96PC5,10.53,/AF-Q96PC5-F1-model_v1,92.75657029,FALSE,,,,,,,,,,,,
1936,831,A,91.97,Q96PC5,10.18,/AF-Q96PC5-F1-model_v1,55.35905135,FALSE,,,,,,,,,,,,
1937,841,A,91.14,Q96PC5,10.41,/AF-Q96PC5-F1-model_v1,79.7545655,FALSE,,,,,,,,,,,,
1938,849,A,91.57,Q96PC5,11.03,/AF-Q96PC5-F1-model_v1,46.78040901,FALSE,,,,,,,,,,,,
1939,851,A,92.13,Q96PC5,10.41,/AF-Q96PC5-F1-model_v1,74.52695532,FALSE,,,,,,,,,,,,
1940,858,A,92.87,Q96PC5,10.99,/AF-Q96PC5-F1-model_v1,40.34642725,FALSE,,,,,,,,,,,,
1941,868,A,91.86,Q96PC5,11.04,/AF-Q96PC5-F1-model_v1,56.16329907,FALSE,,,,,,,,,,,,
1942,873,A,88.79,Q96PC5,11.1,/AF-Q96PC5-F1-model_v1,65.94831298,FALSE,,,,,,,,,,,,
1943,881,A,73.88,Q96PC5,10.97,/AF-Q96PC5-F1-model_v1,50.39952374,FALSE,,,,,,,,,,,,
1944,923,A,71.93,Q96PC5,10.44,/AF-Q96PC5-F1-model_v1,78.28011135,FALSE,,,,,,,,,,,,
1945,929,A,89.52,Q96PC5,10.43,/AF-Q96PC5-F1-model_v1,85.38429953,FALSE,,,,,,,,,,,,
1946,935,A,92.43,Q96PC5,10.41,/AF-Q96PC5-F1-model_v1,66.48447813,FALSE,,,,,,,,,,,,
1947,953,A,93.43,Q96PC5,10.39,/AF-Q96PC5-F1-model_v1,70.90784059,FALSE,,,,,,,,,,,,
1948,955,A,93.54,Q96PC5,11.6,/AF-Q96PC5-F1-model_v1,64.07173497,FALSE,,,,,,,,,,,,
1949,963,A,95.07,Q96PC5,10.41,/AF-Q96PC5-F1-model_v1,58.97816608,FALSE,,,,,,,,,,,,
1950,985,A,94.98,Q96PC5,10.4,/AF-Q96PC5-F1-model_v1,82.16730866,FALSE,,,,,,,,,,,,
1951,989,A,95.5,Q96PC5,10.23,/AF-Q96PC5-F1-model_v1,76.53757462,FALSE,,,,,,,,,,,,
1952,12,C,0,P22392,6.97,/3BBF-alt1B_assembled/3BBF-alt1A_assembled/3BBC-alt1B_assembled/3BBC-alt1A_assembled,12.06371579,TRUE,,,,,,,,,,,,
1953,26,B,0,P22392,7.73,/3BBF-alt1B_assembled/3BBF-alt1A_assembled/3BBC-alt1B_assembled/3BBC-alt1A_assembled,72.91845988,FALSE,,,,,,,,,,,,
1954,31,A,0,P22392,8.19,/3BBF-alt1B_assembled/3BBF-alt1A_assembled/3BBC-alt1B_assembled/3BBC-alt1A_assembled,0,FALSE,,,,,,,,,,,,
1955,39,C,0,P22392,9.68,/3BBF-alt1B_assembled/3BBF-alt1A_assembled/3BBC-alt1B_assembled/3BBC-alt1A_assembled,23.72530772,FALSE,,,,,,,,,,,,
1956,49,E,0,P22392,10.24,/3BBF-alt1B_assembled/3BBF-alt1A_assembled/3BBC-alt1B_assembled/3BBC-alt1A_assembled,52.14206047,FALSE,,,,,,,,,,,,
1957,56,A,0,P22392,10.29,/3BBF-alt1B_assembled/3BBF-alt1A_assembled/3BBC-alt1B_assembled/3BBC-alt1A_assembled,55.22501006,FALSE,,,,,,,,,,,,
1958,66,A,0,P22392,10.28,/3BBF-alt1B_assembled/3BBF-alt1A_assembled/3BBC-alt1B_assembled/3BBC-alt1A_assembled,82.56943252,FALSE,,,,,,,,,,,,
1959,85,E,0,P22392,9.76,/3BBF-alt1B_assembled/3BBF-alt1A_assembled/3BBC-alt1B_assembled/3BBC-alt1A_assembled,65.14406526,FALSE,,,,,,,,,,,,
1960,100,A,0,P22392,10.06,/3BBF-alt1B_assembled/3BBF-alt1A_assembled/3BBC-alt1B_assembled/3BBC-alt1A_assembled,72.65037731,FALSE,,,,,,,,,,,,
1961,124,D,0,P22392,10.16,/3BBF-alt1B_assembled/3BBF-alt1A_assembled/3BBC-alt1B_assembled/3BBC-alt1A_assembled,87.66300141,TRUE,,,,,,,,,,,,
1962,128,A,0,P22392,9.91,/3BBF-alt1B_assembled/3BBF-alt1A_assembled/3BBC-alt1B_assembled/3BBC-alt1A_assembled,37.12943638,FALSE,,,,,,,,,,,,
1963,135,A,0,P22392,10.61,/3BBF-alt1B_assembled/3BBF-alt1A_assembled/3BBC-alt1B_assembled/3BBC-alt1A_assembled,58.8441248,FALSE,,,,,,,,,,,,
1964,143,E,0,P22392,10.31,/3BBF-alt1B_assembled/3BBF-alt1A_assembled/3BBC-alt1B_assembled/3BBC-alt1A_assembled,55.09096877,FALSE,,,,,,,,,,,,
1965,12,C,0,P15531,7.06,/1UCN-alt-1_assembled/2HVD-alt-1_assembled,9.516931345,TRUE,,,,,,,,,,,,
1966,26,B,0,P15531,10.38,/1UCN-alt-1_assembled/2HVD-alt-1_assembled,70.7737993,FALSE,,,,,,,,,,,,
1967,31,C,0,P15531,8.29,/1UCN-alt-1_assembled/2HVD-alt-1_assembled,0,FALSE,,,,,,,,,,,,
1968,39,A,0,P15531,10.34,/1UCN-alt-1_assembled/2HVD-alt-1_assembled,61.7930331,FALSE,,,,,,,,,,,,
1969,49,A,0,P15531,10.19,/1UCN-alt-1_assembled/2HVD-alt-1_assembled,51.06973018,FALSE,,,,,,,,,,,,
1970,56,C,0,P15531,9.98,/1UCN-alt-1_assembled/2HVD-alt-1_assembled,62.06111567,FALSE,,,,,,,,,,,,
1971,66,A,0,P15531,10.35,/1UCN-alt-1_assembled/2HVD-alt-1_assembled,83.23963895,FALSE,,,,,,,,,,,,
1972,85,A,0,P15531,9.73,/1UCN-alt-1_assembled/2HVD-alt-1_assembled,51.8739779,FALSE,,,,,,,,,,,,
1973,100,B,0,P15531,9.69,/1UCN-alt-1_assembled/2HVD-alt-1_assembled,75.59928562,FALSE,,,,,,,,,,,,
1974,128,B,0,P15531,10.42,/1UCN-alt-1_assembled/2HVD-alt-1_assembled,31.49970234,FALSE,,,,,,,,,,,,
1975,17,A,73.85,P62805,10.48,/AF-P62805-F1-model_v1,109.2436485,FALSE,,,,,,,,,,,,
1976,21,A,82.95,P62805,10.44,/AF-P62805-F1-model_v1,119.5648276,FALSE,,,,,,,,,,,,
1977,32,A,97.84,P62805,10.41,/AF-P62805-F1-model_v1,75.7333269,FALSE,,,,,,,,,,,,
1978,45,A,97.36,P62805,10.46,/AF-P62805-F1-model_v1,103.0777494,FALSE,,,,,,,,,,,,
1979,60,A,96.41,P62805,10.83,/AF-P62805-F1-model_v1,93.6948593,FALSE,,,,,,,,,,,,
1980,78,A,97.84,P62805,10.47,/AF-P62805-F1-model_v1,109.3776898,FALSE,,,,,,,,,,,,
1981,80,A,96.9,P62805,10.46,/AF-P62805-F1-model_v1,115.0074239,FALSE,,,,,,,,,,,,
1982,92,A,95.71,P62805,10.48,/AF-P62805-F1-model_v1,86.7247124,TRUE,,,,,,,,,,,,
1983,29,B,0,P09211,10.39,/6Y1E-alt1A_assembled/6Y1E-alt1B_assembled/2A2R-alt1B_assembled/2A2R-alt1A_assembled,84.17792796,FALSE,,,,,,,,,,,,
1984,44,B,0,P09211,10.02,/6Y1E-alt1A_assembled/6Y1E-alt1B_assembled/2A2R-alt1B_assembled/2A2R-alt1A_assembled,62.99940468,FALSE,,,,,,,,,,,,
1985,54,A,0,P09211,10.12,/6Y1E-alt1A_assembled/6Y1E-alt1B_assembled/2A2R-alt1B_assembled/2A2R-alt1A_assembled,23.59126643,FALSE,,,,,,,,,,,,
1986,81,C,0,P09211,11.01,/6Y1E-alt1A_assembled/6Y1E-alt1B_assembled/2A2R-alt1B_assembled/2A2R-alt1A_assembled,58.97816608,FALSE,,,,,,,,,,,,
1987,102,B,0,P09211,9.87,/6Y1E-alt1A_assembled/6Y1E-alt1B_assembled/2A2R-alt1B_assembled/2A2R-alt1A_assembled,69.96955158,FALSE,,,,,,,,,,,,
1988,115,C,0,P09211,10.22,/6Y1E-alt1A_assembled/6Y1E-alt1B_assembled/2A2R-alt1B_assembled/2A2R-alt1A_assembled,28.9529179,FALSE,,,,,,,,,,,,
1989,120,C,0,P09211,10.38,/6Y1E-alt1A_assembled/6Y1E-alt1B_assembled/2A2R-alt1B_assembled/2A2R-alt1A_assembled,57.10158807,FALSE,,,,,,,,,,,,
1990,127,A,0,P09211,10.15,/6Y1E-alt1A_assembled/6Y1E-alt1B_assembled/2A2R-alt1B_assembled/2A2R-alt1A_assembled,89.13745556,TRUE,,,,,,,,,,,,
1991,140,A,0,P09211,8.9,/6Y1E-alt1A_assembled/6Y1E-alt1B_assembled/2A2R-alt1B_assembled/2A2R-alt1A_assembled,53.21439076,FALSE,,,,,,,,,,,,
1992,188,D,0,P09211,7.86,/6Y1E-alt1A_assembled/6Y1E-alt1B_assembled/2A2R-alt1B_assembled/2A2R-alt1A_assembled,0,FALSE,,,,,,,,,,,,
1993,190,A,0,P09211,10.36,/6Y1E-alt1A_assembled/6Y1E-alt1B_assembled/2A2R-alt1B_assembled/2A2R-alt1A_assembled,67.824891,FALSE,,,,,,,,,,,,
1994,208,C,0,P09211,10.93,/6Y1E-alt1A_assembled/6Y1E-alt1B_assembled/2A2R-alt1B_assembled/2A2R-alt1A_assembled,38.46984924,FALSE,,,,,,,,,,,,
1995,28,D,0,P0A6B4,9.86,/4XBJ-alt1B_assembled/4XBJ-alt1A_assembled/4WR3-alt1B_assembled/4WR3-alt1A_assembled,31.23161977,FALSE,,,,,,,,,,,,
1996,34,C,0,P0A6B4,6.25,/4XBJ-alt1B_assembled/4XBJ-alt1A_assembled/4WR3-alt1B_assembled/4WR3-alt1A_assembled,0,FALSE,,,,,,,,,,,,
1997,73,B,0,P0A6B4,8.22,/4XBJ-alt1B_assembled/4XBJ-alt1A_assembled/4WR3-alt1B_assembled/4WR3-alt1A_assembled,0,FALSE,,,,,,,,,,,,
1998,122,C,0,P0A6B4,5.04,/4XBJ-alt1B_assembled/4XBJ-alt1A_assembled/4WR3-alt1B_assembled/4WR3-alt1A_assembled,15.68283053,TRUE,,,,,,,,,,,,
1999,167,C,0,P0A6B4,10.41,/4XBJ-alt1B_assembled/4XBJ-alt1A_assembled/4WR3-alt1B_assembled/4WR3-alt1A_assembled,97.31397404,FALSE,,,,,,,,,,,,
2000,173,D,0,P0A6B4,10.36,/4XBJ-alt1B_assembled/4XBJ-alt1A_assembled/4WR3-alt1B_assembled/4WR3-alt1A_assembled,81.09497836,FALSE,,,,,,,,,,,,
2001,185,A,0,P0A6B4,10.31,/4XBJ-alt1B_assembled/4XBJ-alt1A_assembled/4WR3-alt1B_assembled/4WR3-alt1A_assembled,0,FALSE,,,,,,,,,,,,
2002,248,D,0,P0A6B4,10.36,/4XBJ-alt1B_assembled/4XBJ-alt1A_assembled/4WR3-alt1B_assembled/4WR3-alt1A_assembled,62.73132211,FALSE,,,,,,,,,,,,
2003,317,D,0,P0A6B4,10.29,/4XBJ-alt1B_assembled/4XBJ-alt1A_assembled/4WR3-alt1B_assembled/4WR3-alt1A_assembled,50.13144117,FALSE,,,,,,,,,,,,
2004,339,A,0,P0A6B4,10.41,/4XBJ-alt1B_assembled/4XBJ-alt1A_assembled/4WR3-alt1B_assembled/4WR3-alt1A_assembled,93.15869415,FALSE,,,,,,,,,,,,
2005,148,D,0,P0A6B4,10.3,/4XBJ-alt1B_assembled/4XBJ-alt1A_assembled/4WR3-alt1B_assembled/4WR3-alt1A_assembled,50.93568889,FALSE,,,,,,,,,,,,
2006,356,D,0,P0A6B4,10.19,/4XBJ-alt1B_assembled/4XBJ-alt1A_assembled/4WR3-alt1B_assembled/4WR3-alt1A_assembled,65.54618912,FALSE,,,,,,,,,,,,
2007,23,G,0,P0C2C2,10.37,/1BXN-alt-1_assembled,34.04648678,FALSE,,,,,,,,,,,,
2008,34,C,0,P0C2C2,10.55,/1BXN-alt-1_assembled,50.8016476,FALSE,,,,,,,,,,,,
2009,85,G,0,P0C2C2,9.94,/1BXN-alt-1_assembled,16.62111953,FALSE,,,,,,,,,,,,
2010,130,C,0,P0C2C2,10.41,/1BXN-alt-1_assembled,84.7140931,FALSE,,,,,,,,,,,,
2011,133,G,0,P0C2C2,10.06,/1BXN-alt-1_assembled,41.8208814,FALSE,,,,,,,,,,,,
2012,148,E,0,P0C2C2,10.02,/1BXN-alt-1_assembled,51.06973018,FALSE,,,,,,,,,,,,
2013,166,E,0,P0C2C2,9.25,/1BXN-alt-1_assembled,0,FALSE,,,,,,,,,,,,
2014,177,G,0,P0C2C2,9.75,/1BXN-alt-1_assembled,45.30595485,FALSE,,,,,,,,,,,,
2015,179,C,0,P0C2C2,9.69,/1BXN-alt-1_assembled,6.702064328,FALSE,,,,,,,,,,,,
2016,196,C,0,P0C2C2,6.67,/1BXN-alt-1_assembled,7.908435907,FALSE,,,,,,,,,,,,
2017,203,A,0,P0C2C2,8.46,/1BXN-alt-1_assembled,0,TRUE,,,,,,,,,,,,
2018,229,C,0,P0C2C2,2.51,/1BXN-alt-1_assembled,0,FALSE,,,,,,,,,,,,
2019,238,G,0,P0C2C2,7.01,/1BXN-alt-1_assembled,0,FALSE,,,,,,,,,,,,
2020,260,A,0,P0C2C2,6.81,/1BXN-alt-1_assembled,0,FALSE,,,,,,,,,,,,
2021,306,A,0,P0C2C2,9.24,/1BXN-alt-1_assembled,45.03787228,FALSE,,,,,,,,,,,,
2022,317,C,0,P0C2C2,9.58,/1BXN-alt-1_assembled,0,FALSE,,,,,,,,,,,,
2023,335,C,0,P0C2C2,10.29,/1BXN-alt-1_assembled,37.79964281,FALSE,,,,,,,,,,,,
2024,374,C,0,P0C2C2,7.96,/1BXN-alt-1_assembled,21.17852328,FALSE,,,,,,,,,,,,
2025,21,F,0,P0C2C2,9.79,/1BXN-alt-1_assembled,36.05710608,FALSE,,,,,,,,,,,,
2026,39,B,0,P10724,9.47,/1BD0-alt-1_assembled/1SFT-alt-1_assembled,14.47645895,FALSE,,,,,,,,,,,,
2027,76,B,0,P10724,9.71,/1BD0-alt-1_assembled/1SFT-alt-1_assembled,34.58265193,FALSE,,,,,,,,,,,,
2028,129,B,0,P10724,5.71,/1BD0-alt-1_assembled/1SFT-alt-1_assembled,6.970146901,TRUE,,,,,,,,,,,,
2029,140,B,0,P10724,10.89,/1BD0-alt-1_assembled/1SFT-alt-1_assembled,17.02324339,FALSE,,,,,,,,,,,,
2030,146,A,0,P10724,10.51,/1BD0-alt-1_assembled/1SFT-alt-1_assembled,52.00801918,FALSE,,,,,,,,,,,,
2031,234,B,0,P10724,10.42,/1BD0-alt-1_assembled/1SFT-alt-1_assembled,29.35504176,FALSE,,,,,,,,,,,,
2032,242,B,0,P10724,10.41,/1BD0-alt-1_assembled/1SFT-alt-1_assembled,39.40813825,FALSE,,,,,,,,,,,,
2033,255,B,0,P10724,6.95,/1BD0-alt-1_assembled/1SFT-alt-1_assembled,9.516931345,FALSE,,,,,,,,,,,,
2034,256,B,0,P10724,10.64,/1BD0-alt-1_assembled/1SFT-alt-1_assembled,29.8912069,FALSE,,,,,,,,,,,,
2035,262,B,0,P10724,10.06,/1BD0-alt-1_assembled/1SFT-alt-1_assembled,27.74654632,FALSE,,,,,,,,,,,,
2036,303,B,0,P10724,10.32,/1BD0-alt-1_assembled/1SFT-alt-1_assembled,55.89521649,FALSE,,,,,,,,,,,,
2037,328,A,0,P10724,9.81,/1BD0-alt-1_assembled/1SFT-alt-1_assembled,43.02725298,FALSE,,,,,,,,,,,,
2038,372,B,0,P10724,10.61,/1BD0-alt-1_assembled/1SFT-alt-1_assembled,68.09297357,FALSE,,,,,,,,,,,,
2039,30,B,0,P14489,10.19,/1E3U-alt1B_assembled/1E3U-alt1A_assembled/1EWZ-alt-1_assembled,64.07173497,FALSE,,,,,,,,,,,,
2040,45,C,0,P14489,9.71,/1E3U-alt1B_assembled/1E3U-alt1A_assembled/1EWZ-alt-1_assembled,34.71669322,FALSE,,,,,,,,,,,,
2041,49,C,0,P14489,10.22,/1E3U-alt1B_assembled/1E3U-alt1A_assembled/1EWZ-alt-1_assembled,64.60790012,FALSE,,,,,,,,,,,,
2042,61,D,0,P14489,10.14,/1E3U-alt1B_assembled/1E3U-alt1A_assembled/1EWZ-alt-1_assembled,58.17391836,FALSE,,,,,,,,,,,,
2043,70,A,0,P14489,5.7,/1E3U-alt1B_assembled/1E3U-alt1A_assembled/1EWZ-alt-1_assembled,0,TRUE,,,,,,,,,,,,
2044,84,D,0,P14489,10.11,/1E3U-alt1B_assembled/1E3U-alt1A_assembled/1EWZ-alt-1_assembled,89.94170328,FALSE,,,,,,,,,,,,
2045,91,D,0,P14489,10.45,/1E3U-alt1B_assembled/1E3U-alt1A_assembled/1EWZ-alt-1_assembled,75.86736819,FALSE,,,,,,,,,,,,
2046,95,A,0,P14489,4.38,/1E3U-alt1B_assembled/1E3U-alt1A_assembled/1EWZ-alt-1_assembled,0,FALSE,,,,,,,,,,,,
2047,100,B,0,P14489,10.28,/1E3U-alt1B_assembled/1E3U-alt1A_assembled/1EWZ-alt-1_assembled,74.7950379,FALSE,,,,,,,,,,,,
2048,134,A,0,P14489,9.91,/1E3U-alt1B_assembled/1E3U-alt1A_assembled/1EWZ-alt-1_assembled,42.75917041,FALSE,,,,,,,,,,,,
2049,137,C,0,P14489,10.03,/1E3U-alt1B_assembled/1E3U-alt1A_assembled/1EWZ-alt-1_assembled,45.17191357,FALSE,,,,,,,,,,,,
2050,138,C,0,P14489,9.63,/1E3U-alt1B_assembled/1E3U-alt1A_assembled/1EWZ-alt-1_assembled,33.10819778,FALSE,,,,,,,,,,,,
2051,152,A,0,P14489,10.48,/1E3U-alt1B_assembled/1E3U-alt1A_assembled/1EWZ-alt-1_assembled,67.42276714,FALSE,,,,,,,,,,,,
2052,177,B,0,P14489,10.36,/1E3U-alt1B_assembled/1E3U-alt1A_assembled/1EWZ-alt-1_assembled,50.8016476,FALSE,,,,,,,,,,,,
2053,182,A,0,P14489,6.03,/1E3U-alt1B_assembled/1E3U-alt1A_assembled/1EWZ-alt-1_assembled,0,FALSE,,,,,,,,,,,,
2054,189,B,0,P14489,4.14,/1E3U-alt1B_assembled/1E3U-alt1A_assembled/1EWZ-alt-1_assembled,0,FALSE,,,,,,,,,,,,
2055,205,D,0,P14489,4.29,/1E3U-alt1B_assembled/1E3U-alt1A_assembled/1EWZ-alt-1_assembled,0,FALSE,,,,,,,,,,,,
2056,228,C,0,P14489,7.81,/1E3U-alt1B_assembled/1E3U-alt1A_assembled/1EWZ-alt-1_assembled,25.06572059,FALSE,,,,,,,,,,,,
2057,246,D,0,P14489,10.13,/1E3U-alt1B_assembled/1E3U-alt1A_assembled/1EWZ-alt-1_assembled,17.69344983,FALSE,,,,,,,,,,,,
2058,251,D,0,P14489,7.74,/1E3U-alt1B_assembled/1E3U-alt1A_assembled/1EWZ-alt-1_assembled,51.8739779,FALSE,,,,,,,,,,,,
2059,256,A,0,P14489,10.49,/1E3U-alt1B_assembled/1E3U-alt1A_assembled/1EWZ-alt-1_assembled,63.8036524,FALSE,,,,,,,,,,,,
2060,2,B,0,P69996,8.17,/1E9Y-alt-1_assembled/1E9Z-alt-1_assembled,0,FALSE,,,,,,,,,,,,
2061,6,A,0,P69996,10.38,/1E9Y-alt-1_assembled/1E9Z-alt-1_assembled,57.10158807,FALSE,,,,,,,,,,,,
2062,10,A,0,P69996,9.45,/1E9Y-alt-1_assembled/1E9Z-alt-1_assembled,20.37427556,FALSE,,,,,,,,,,,,
2063,21,A,0,P69996,10.86,/1E9Y-alt-1_assembled/1E9Z-alt-1_assembled,36.32518866,FALSE,,,,,,,,,,,,
2064,22,A,0,P69996,10.47,/1E9Y-alt-1_assembled/1E9Z-alt-1_assembled,48.38890445,FALSE,,,,,,,,,,,,
2065,24,A,0,P69996,9.86,/1E9Y-alt-1_assembled/1E9Z-alt-1_assembled,29.22100047,FALSE,,,,,,,,,,,,
2066,26,A,0,P69996,10.34,/1E9Y-alt-1_assembled/1E9Z-alt-1_assembled,54.55480363,FALSE,,,,,,,,,,,,
2067,29,A,0,P69996,10.18,/1E9Y-alt-1_assembled/1E9Z-alt-1_assembled,47.71869801,FALSE,,,,,,,,,,,,
2068,51,A,0,P69996,10.35,/1E9Y-alt-1_assembled/1E9Z-alt-1_assembled,75.19716176,FALSE,,,,,,,,,,,,
2069,52,A,0,P69996,11.78,/1E9Y-alt-1_assembled/1E9Z-alt-1_assembled,22.51893614,FALSE,,,,,,,,,,,,
2070,66,A,0,P69996,10.82,/1E9Y-alt-1_assembled/1E9Z-alt-1_assembled,56.56542293,FALSE,,,,,,,,,,,,
2071,92,B,0,P69996,9.79,/1E9Y-alt-1_assembled/1E9Z-alt-1_assembled,33.37628035,FALSE,,,,,,,,,,,,
2072,105,A,0,P69996,10.39,/1E9Y-alt-1_assembled/1E9Z-alt-1_assembled,88.60129041,FALSE,,,,,,,,,,,,
2073,114,A,0,P69996,10.6,/1E9Y-alt-1_assembled/1E9Z-alt-1_assembled,51.20377146,FALSE,,,,,,,,,,,,
2074,124,A,0,P69996,8.23,/1E9Y-alt-1_assembled/1E9Z-alt-1_assembled,17.02324339,FALSE,,,,,,,,,,,,
2075,125,A,0,P69996,9.65,/1E9Y-alt-1_assembled/1E9Z-alt-1_assembled,46.37828515,FALSE,,,,,,,,,,,,
2076,130,A,0,P69996,11.16,/1E9Y-alt-1_assembled/1E9Z-alt-1_assembled,76.53757462,FALSE,,,,,,,,,,,,
2077,132,A,0,P69996,10.51,/1E9Y-alt-1_assembled/1E9Z-alt-1_assembled,47.04849158,FALSE,,,,,,,,,,,,
2078,160,A,0,P69996,10.95,/1E9Y-alt-1_assembled/1E9Z-alt-1_assembled,60.05049638,FALSE,,,,,,,,,,,,
2079,164,A,0,P69996,10.18,/1E9Y-alt-1_assembled/1E9Z-alt-1_assembled,9.248848772,FALSE,,,,,,,,,,,,
2080,182,A,0,P69996,10.63,/1E9Y-alt-1_assembled/1E9Z-alt-1_assembled,28.01462889,FALSE,,,,,,,,,,,,
2081,211,A,0,P69996,10.69,/1E9Y-alt-1_assembled/1E9Z-alt-1_assembled,18.09557368,FALSE,,,,,,,,,,,,
2082,212,A,0,P69996,11.34,/1E9Y-alt-1_assembled/1E9Z-alt-1_assembled,64.07173497,FALSE,,,,,,,,,,,,
2083,219,B,0,P69996,5.47,/1E9Y-alt-1_assembled/1E9Z-alt-1_assembled,0,TRUE,,,,,,,,,,,,
2084,227,A,0,P69996,10.57,/1E9Y-alt-1_assembled/1E9Z-alt-1_assembled,53.48247333,FALSE,,,,,,,,,,,,
2085,234,A,0,P69996,10.73,/1E9Y-alt-1_assembled/1E9Z-alt-1_assembled,56.8335055,FALSE,,,,,,,,,,,,
2086,237,A,0,P69996,10.2,/1E9Y-alt-1_assembled/1E9Z-alt-1_assembled,77.07373977,FALSE,,,,,,,,,,,,
2087,3,B,0,P69996,8.76,/1E9Y-alt-1_assembled/1E9Z-alt-1_assembled,30.42737205,FALSE,,,,,,,,,,,,
2088,7,B,0,P69996,10.44,/1E9Y-alt-1_assembled/1E9Z-alt-1_assembled,80.42477193,FALSE,,,,,,,,,,,,
2089,20,B,0,P69996,9.41,/1E9Y-alt-1_assembled/1E9Z-alt-1_assembled,0,FALSE,,,,,,,,,,,,
2090,44,B,0,P69996,10.57,/1E9Y-alt-1_assembled/1E9Z-alt-1_assembled,0,FALSE,,,,,,,,,,,,
2091,49,B,0,P69996,9.27,/1E9Y-alt-1_assembled/1E9Z-alt-1_assembled,36.8613538,FALSE,,,,,,,,,,,,
2092,63,B,0,P69996,10.48,/1E9Y-alt-1_assembled/1E9Z-alt-1_assembled,86.32258854,FALSE,,,,,,,,,,,,
2093,83,B,0,P69996,8.35,/1E9Y-alt-1_assembled/1E9Z-alt-1_assembled,0,FALSE,,,,,,,,,,,,
2094,89,B,0,P69996,10.62,/1E9Y-alt-1_assembled/1E9Z-alt-1_assembled,20.10619298,FALSE,,,,,,,,,,,,
2095,98,B,0,P69996,8.73,/1E9Y-alt-1_assembled/1E9Z-alt-1_assembled,0,FALSE,,,,,,,,,,,,
2096,102,B,0,P69996,10.03,/1E9Y-alt-1_assembled/1E9Z-alt-1_assembled,24.79763801,FALSE,,,,,,,,,,,,
2097,109,B,0,P69996,9.09,/1E9Y-alt-1_assembled/1E9Z-alt-1_assembled,34.71669322,FALSE,,,,,,,,,,,,
2098,180,B,0,P69996,9.62,/1E9Y-alt-1_assembled/1E9Z-alt-1_assembled,26.13805088,FALSE,,,,,,,,,,,,
2099,198,B,0,P69996,8.7,/1E9Y-alt-1_assembled/1E9Z-alt-1_assembled,21.98277099,FALSE,,,,,,,,,,,,
2100,240,B,0,P69996,10.83,/1E9Y-alt-1_assembled/1E9Z-alt-1_assembled,59.24624866,FALSE,,,,,,,,,,,,
2101,288,B,0,P69996,10.38,/1E9Y-alt-1_assembled/1E9Z-alt-1_assembled,36.59327123,FALSE,,,,,,,,,,,,
2102,324,B,0,P69996,10.89,/1E9Y-alt-1_assembled,17.29132597,FALSE,,,,,,,,,,,,
2103,326,B,0,P69996,10.29,/1E9Y-alt-1_assembled/1E9Z-alt-1_assembled,43.56341813,FALSE,,,,,,,,,,,,
2104,329,B,0,P69996,10.44,/1E9Y-alt-1_assembled/1E9Z-alt-1_assembled,80.29073065,FALSE,,,,,,,,,,,,
2105,382,B,0,P69996,8.57,/1E9Y-alt-1_assembled/1E9Z-alt-1_assembled,9.919055205,FALSE,,,,,,,,,,,,
2106,384,B,0,P69996,10.11,/1E9Y-alt-1_assembled/1E9Z-alt-1_assembled,0,FALSE,,,,,,,,,,,,
2107,385,B,0,P69996,10.79,/1E9Y-alt-1_assembled/1E9Z-alt-1_assembled,37.39751895,FALSE,,,,,,,,,,,,
2108,391,B,0,P69996,10.48,/1E9Y-alt-1_assembled/1E9Z-alt-1_assembled,83.7758041,FALSE,,,,,,,,,,,,
2109,394,B,0,P69996,10.4,/1E9Y-alt-1_assembled/1E9Z-alt-1_assembled,72.51633603,FALSE,,,,,,,,,,,,
2110,403,B,0,P69996,9.64,/1E9Y-alt-1_assembled/1E9Z-alt-1_assembled,0,FALSE,,,,,,,,,,,,
2111,408,B,0,P69996,5.22,/1E9Y-alt-1_assembled/1E9Z-alt-1_assembled,0,FALSE,,,,,,,,,,,,
2112,430,B,0,P69996,8.36,/1E9Y-alt-1_assembled/1E9Z-alt-1_assembled,0,FALSE,,,,,,,,,,,,
2113,445,B,0,P69996,8.69,/1E9Y-alt-1_assembled/1E9Z-alt-1_assembled,31.49970234,FALSE,,,,,,,,,,,,
2114,451,B,0,P69996,8.35,/1E9Y-alt-1_assembled/1E9Z-alt-1_assembled,0,FALSE,,,,,,,,,,,,
2115,484,B,0,P69996,10.56,/1E9Y-alt-1_assembled/1E9Z-alt-1_assembled,82.30134994,FALSE,,,,,,,,,,,,
2116,486,B,0,P69996,10,/1E9Y-alt-1_assembled/1E9Z-alt-1_assembled,13.9402938,FALSE,,,,,,,,,,,,
2117,501,B,0,P69996,10.56,/1E9Y-alt-1_assembled/1E9Z-alt-1_assembled,58.44200094,FALSE,,,,,,,,,,,,
2118,504,B,0,P69996,7.09,/1E9Y-alt-1_assembled/1E9Z-alt-1_assembled,0,FALSE,,,,,,,,,,,,
2119,517,B,0,P69996,10.76,/1E9Y-alt-1_assembled/1E9Z-alt-1_assembled,37.66560152,FALSE,,,,,,,,,,,,
2120,524,B,0,P69996,6.77,/1E9Y-alt-1_assembled/1E9Z-alt-1_assembled,0,FALSE,,,,,,,,,,,,
2121,525,B,0,P69996,10.25,/1E9Y-alt-1_assembled/1E9Z-alt-1_assembled,50.39952374,FALSE,,,,,,,,,,,,
2122,550,B,0,P69996,10.18,/1E9Y-alt-1_assembled/1E9Z-alt-1_assembled,64.87598269,FALSE,,,,,,,,,,,,
2123,555,B,0,P69996,10.41,/1E9Y-alt-1_assembled/1E9Z-alt-1_assembled,68.49509743,FALSE,,,,,,,,,,,,
2124,559,B,0,P69996,10.16,/1E9Y-alt-1_assembled/1E9Z-alt-1_assembled,73.45462503,FALSE,,,,,,,,,,,,
2125,18,A,0,Q5L1E2,10.6,/2OEJ-alt-1_assembled,66.61851942,FALSE,,,,,,,,,,,,
2126,19,B,0,Q5L1E2,10.3,/2OEJ-alt-1_assembled,10.32117906,FALSE,,,,,,,,,,,,
2127,45,A,0,Q5L1E2,6.17,/2OEJ-alt-1_assembled,11.52755064,FALSE,,,,,,,,,,,,
2128,47,A,0,Q5L1E2,10.26,/2OEJ-alt-1_assembled,17.69344983,FALSE,,,,,,,,,,,,
2129,68,A,0,Q5L1E2,10.55,/2OEJ-alt-1_assembled,27.47846374,FALSE,,,,,,,,,,,,
2130,71,A,0,Q5L1E2,10.64,/2OEJ-alt-1_assembled,45.03787228,FALSE,,,,,,,,,,,,
2131,76,A,0,Q5L1E2,10.4,/2OEJ-alt-1_assembled,34.71669322,FALSE,,,,,,,,,,,,
2132,98,B,0,Q5L1E2,8.41,/2OEJ-alt-1_assembled,18.09557368,FALSE,,,,,,,,,,,,
2133,117,B,0,Q5L1E2,10.72,/2OEJ-alt-1_assembled,11.52755064,FALSE,,,,,,,,,,,,
2134,147,B,0,Q5L1E2,11.01,/2OEJ-alt-1_assembled,30.02524819,FALSE,,,,,,,,,,,,
2135,162,B,0,Q5L1E2,10.68,/2OEJ-alt-1_assembled,20.10619298,FALSE,,,,,,,,,,,,
2136,163,A,0,Q5L1E2,10.34,/2OEJ-alt-1_assembled,44.36766585,FALSE,,,,,,,,,,,,
2137,173,B,0,Q5L1E2,8.81,/2OEJ-alt-1_assembled,0,TRUE,,,,,,,,,,,,
2138,188,B,0,Q5L1E2,10.48,/2OEJ-alt-1_assembled,66.08235427,FALSE,,,,,,,,,,,,
2139,194,A,0,Q5L1E2,9.92,/2OEJ-alt-1_assembled,26.80825731,FALSE,,,,,,,,,,,,
2140,206,B,0,Q5L1E2,9.86,/2OEJ-alt-1_assembled,30.82949591,FALSE,,,,,,,,,,,,
2141,217,B,0,Q5L1E2,4.34,/2OEJ-alt-1_assembled,0,FALSE,,,,,,,,,,,,
2142,222,A,0,Q5L1E2,10.36,/2OEJ-alt-1_assembled,73.45462503,FALSE,,,,,,,,,,,,
2143,224,B,0,Q5L1E2,9.62,/2OEJ-alt-1_assembled,17.29132597,FALSE,,,,,,,,,,,,
2144,226,B,0,Q5L1E2,10.68,/2OEJ-alt-1_assembled,17.69344983,FALSE,,,,,,,,,,,,
2145,287,B,0,Q5L1E2,8.86,/2OEJ-alt-1_assembled,0,FALSE,,,,,,,,,,,,
2146,401,A,0,Q5L1E2,10.12,/2OEJ-alt-1_assembled,32.30395006,FALSE,,,,,,,,,,,,
2147,81,A,0,Q70AC7,10.27,/1RQE-alt1B_assembled/1RQE-alt1A_assembled,58.57604222,FALSE,,,,,,,,,,,,
2148,114,A,0,Q70AC7,11.85,/1RQE-alt1B_assembled/1RQE-alt1A_assembled,8.712683626,FALSE,,,,,,,,,,,,
2149,143,A,0,Q70AC7,11.25,/1RQE-alt1B_assembled/1RQE-alt1A_assembled,33.9124455,FALSE,,,,,,,,,,,,
2150,144,A,0,Q70AC7,10.57,/1RQE-alt1B_assembled/1RQE-alt1A_assembled,73.7227076,FALSE,,,,,,,,,,,,
2151,147,A,0,Q70AC7,10.3,/1RQE-alt1B_assembled/1RQE-alt1A_assembled,28.28271146,FALSE,,,,,,,,,,,,
2152,168,A,0,Q70AC7,10.36,/1RQE-alt1B_assembled/1RQE-alt1A_assembled,62.59728082,FALSE,,,,,,,,,,,,
2153,184,A,0,Q70AC7,10.31,/1RQE-alt1B_assembled/1RQE-alt1A_assembled,16.48707825,TRUE,,,,,,,,,,,,
2154,191,A,0,Q70AC7,10.21,/1RQE-alt1B_assembled/1RQE-alt1A_assembled,53.48247333,FALSE,,,,,,,,,,,,
2155,200,A,0,Q70AC7,11.95,/1RQE-alt1B_assembled/1RQE-alt1A_assembled,23.05510129,FALSE,,,,,,,,,,,,
2156,203,A,0,Q70AC7,9.8,/1RQE-alt1B_assembled/1RQE-alt1A_assembled,0,FALSE,,,,,,,,,,,,
2157,209,A,0,Q70AC7,10.31,/1RQE-alt1B_assembled/1RQE-alt1A_assembled,75.06312047,FALSE,,,,,,,,,,,,
2158,229,A,0,Q70AC7,11.36,/1RQE-alt1B_assembled/1RQE-alt1A_assembled,41.95492269,FALSE,,,,,,,,,,,,
2159,277,A,0,Q70AC7,10.66,/1RQE-alt1B_assembled/1RQE-alt1A_assembled,38.73793181,FALSE,,,,,,,,,,,,
2160,283,A,0,Q70AC7,10.21,/1RQE-alt1B_assembled/1RQE-alt1A_assembled,64.33981755,FALSE,,,,,,,,,,,,
2161,288,A,0,Q70AC7,11.42,/1RQE-alt1B_assembled/1RQE-alt1A_assembled,19.30194526,FALSE,,,,,,,,,,,,
2162,290,A,0,Q70AC7,10.54,/1RQE-alt1B_assembled/1RQE-alt1A_assembled,54.8228862,FALSE,,,,,,,,,,,,
2163,291,A,0,Q70AC7,10.94,/1RQE-alt1B_assembled/1RQE-alt1A_assembled,41.41875754,FALSE,,,,,,,,,,,,
2164,295,A,0,Q70AC7,10.37,/1RQE-alt1B_assembled/1RQE-alt1A_assembled,85.51834082,FALSE,,,,,,,,,,,,
2165,304,A,0,Q70AC7,10.44,/1RQE-alt1B_assembled/1RQE-alt1A_assembled,91.55019872,FALSE,,,,,,,,,,,,
2166,327,A,0,Q70AC7,10.77,/1RQE-alt1B_assembled/1RQE-alt1A_assembled,46.37828515,FALSE,,,,,,,,,,,,
2167,340,A,0,Q70AC7,10.43,/1RQE-alt1B_assembled/1RQE-alt1A_assembled,70.37167544,FALSE,,,,,,,,,,,,
2168,369,A,0,Q70AC7,10.4,/1RQE-alt1B_assembled/1RQE-alt1A_assembled,66.08235427,FALSE,,,,,,,,,,,,
2169,393,A,0,Q70AC7,10.61,/1RQE-alt1B_assembled/1RQE-alt1A_assembled,86.05450597,FALSE,,,,,,,,,,,,
2170,396,A,0,Q70AC7,10.7,/1RQE-alt1B_assembled/1RQE-alt1A_assembled,70.37167544,FALSE,,,,,,,,,,,,
2171,404,A,0,Q70AC7,11.43,/1RQE-alt1B_assembled/1RQE-alt1A_assembled,48.79102831,FALSE,,,,,,,,,,,,
2172,405,A,0,Q70AC7,10.52,/1RQE-alt1B_assembled/1RQE-alt1A_assembled,83.50772152,FALSE,,,,,,,,,,,,
2173,421,A,0,Q70AC7,11.5,/1RQE-alt1B_assembled/1RQE-alt1A_assembled,71.84612959,FALSE,,,,,,,,,,,,
2174,424,A,0,Q70AC7,10.43,/1RQE-alt1B_assembled/1RQE-alt1A_assembled,89.80766199,FALSE,,,,,,,,,,,,
2175,430,A,0,Q70AC7,10.53,/1RQE-alt1B_assembled/1RQE-alt1A_assembled,61.12282667,FALSE,,,,,,,,,,,,
2176,471,A,0,Q70AC7,10.53,/1RQE-alt1B_assembled/1RQE-alt1A_assembled,82.30134994,FALSE,,,,,,,,,,,,
2177,9,A,98.49,P05020,10.48,/AF-P05020-F1-model_v1,54.28672105,FALSE,,,,,,,,,,,,
2178,27,A,98.69,P05020,11.5,/AF-P05020-F1-model_v1,64.87598269,FALSE,,,,,,,,,,,,
2179,103,A,98.55,P05020,7.73,/AF-P05020-F1-model_v1,0,TRUE,,,,,,,,,,,,
2180,132,A,98.76,P05020,10.41,/AF-P05020-F1-model_v1,86.99279497,FALSE,,,,,,,,,,,,
2181,173,A,98.9,P05020,9.17,/AF-P05020-F1-model_v1,43.56341813,FALSE,,,,,,,,,,,,
2182,182,A,98.94,P05020,11.53,/AF-P05020-F1-model_v1,62.99940468,FALSE,,,,,,,,,,,,
2183,227,A,98.87,P05020,9.71,/AF-P05020-F1-model_v1,0,FALSE,,,,,,,,,,,,
2184,260,A,98.58,P05020,8.98,/AF-P05020-F1-model_v1,0,FALSE,,,,,,,,,,,,
2185,347,A,94.81,P05020,11.59,/AF-P05020-F1-model_v1,48.25486316,FALSE,,,,,,,,,,,,
2186,68,B,0,P22188,9.96,/7B53-alt1A_assembled/7B53-alt1B_assembled/7B60-alt1A_assembled/7B60-alt1B_assembled,27.34442246,FALSE,,,,,,,,,,,,
2187,120,B,0,P22188,7.93,/7B53-alt1A_assembled/7B53-alt1B_assembled/7B60-alt1A_assembled/7B60-alt1B_assembled,7.506312047,FALSE,,,,,,,,,,,,
2188,151,B,0,P22188,10.12,/7B53-alt1A_assembled/7B53-alt1B_assembled/7B60-alt1A_assembled/7B60-alt1B_assembled,55.89521649,FALSE,,,,,,,,,,,,
2189,198,A,0,P22188,9.53,/7B53-alt1A_assembled/7B53-alt1B_assembled/7B60-alt1A_assembled/7B60-alt1B_assembled,29.62312433,FALSE,,,,,,,,,,,,
2190,225,B,0,P22188,8.65,/7B53-alt1A_assembled/7B53-alt1B_assembled/7B60-alt1A_assembled/7B60-alt1B_assembled,8.444601053,TRUE,,,,,,,,,,,,
2191,252,B,0,P22188,10.2,/7B53-alt1A_assembled/7B53-alt1B_assembled/7B60-alt1A_assembled/7B60-alt1B_assembled,43.56341813,FALSE,,,,,,,,,,,,
2192,275,A,0,P22188,10.16,/7B53-alt1A_assembled/7B53-alt1B_assembled/7B60-alt1A_assembled/7B60-alt1B_assembled,27.61250503,FALSE,,,,,,,,,,,,
2193,331,A,0,P22188,9.03,/7B53-alt1A_assembled/7B53-alt1B_assembled/7B60-alt1A_assembled/7B60-alt1B_assembled,22.78701871,FALSE,,,,,,,,,,,,
2194,351,B,0,P22188,7.55,/7B53-alt1A_assembled/7B53-alt1B_assembled/7B60-alt1A_assembled/7B60-alt1B_assembled,13.67221123,FALSE,,,,,,,,,,,,
2195,367,A,0,P22188,9.5,/7B53-alt1A_assembled/7B53-alt1B_assembled/7B60-alt1A_assembled/7B60-alt1B_assembled,65.01002398,FALSE,,,,,,,,,,,,
2196,379,A,0,P22188,10.51,/7B53-alt1A_assembled/7B53-alt1B_assembled/7B60-alt1A_assembled/7B60-alt1B_assembled,72.65037731,FALSE,,,,,,,,,,,,
2197,392,A,0,P22188,10.67,/7B53-alt1A_assembled/7B53-alt1B_assembled/7B60-alt1A_assembled/7B60-alt1B_assembled,62.06111567,FALSE,,,,,,,,,,,,
2198,394,A,0,P22188,9.93,/7B53-alt1A_assembled/7B53-alt1B_assembled/7B60-alt1A_assembled/7B60-alt1B_assembled,26.00400959,FALSE,,,,,,,,,,,,
2199,439,A,0,P22188,9.65,/7B53-alt1A_assembled/7B53-alt1B_assembled/7B60-alt1A_assembled/7B60-alt1B_assembled,22.78701871,FALSE,,,,,,,,,,,,
2200,456,B,0,P22188,10.28,/7B53-alt1A_assembled/7B53-alt1B_assembled/7B60-alt1A_assembled/7B60-alt1B_assembled,76.53757462,FALSE,,,,,,,,,,,,
2201,466,B,0,P22188,9,/7B53-alt1A_assembled/7B53-alt1B_assembled/7B60-alt1A_assembled/7B60-alt1B_assembled,0,FALSE,,,,,,,,,,,,
2202,34,B,0,P39377,9.73,/1YBQ-alt1B_assembled/1YBQ-alt1A_assembled,12.19775708,FALSE,,,,,,,,,,,,
2203,119,B,0,P39377,9.84,/1YBQ-alt1B_assembled/1YBQ-alt1A_assembled,11.12542678,FALSE,,,,,,,,,,,,
2204,150,B,0,P39377,7.69,/1YBQ-alt1B_assembled/1YBQ-alt1A_assembled,9.382890059,FALSE,,,,,,,,,,,,
2205,162,B,0,P39377,7.15,/1YBQ-alt1B_assembled/1YBQ-alt1A_assembled,0,TRUE,,,,,,,,,,,,
2206,194,A,0,P39377,7.19,/1YBQ-alt1B_assembled/1YBQ-alt1A_assembled,7.640353334,FALSE,,,,,,,,,,,,
2207,206,B,0,P39377,10.36,/1YBQ-alt1B_assembled/1YBQ-alt1A_assembled,84.7140931,FALSE,,,,,,,,,,,,
2208,207,B,0,P39377,10.23,/1YBQ-alt1B_assembled/1YBQ-alt1A_assembled,70.50571673,FALSE,,,,,,,,,,,,
2209,225,A,0,P39377,9.27,/1YBQ-alt1B_assembled/1YBQ-alt1A_assembled,24.66359673,FALSE,,,,,,,,,,,,
2210,247,A,0,P39377,10.44,/1YBQ-alt1B_assembled/1YBQ-alt1A_assembled,77.34182234,FALSE,,,,,,,,,,,,
2211,319,B,0,P39377,10.55,/1YBQ-alt1B_assembled/1YBQ-alt1A_assembled,79.08435907,FALSE,,,,,,,,,,,,
2212,345,B,0,P39377,10.79,/1YBQ-alt1B_assembled/1YBQ-alt1A_assembled,0,FALSE,,,,,,,,,,,,
2213,373,B,0,P39377,9.64,/1YBQ-alt1B_assembled/1YBQ-alt1A_assembled,36.59327123,FALSE,,,,,,,,,,,,
2214,377,B,0,P39377,10.55,/1YBQ-alt1B_assembled/1YBQ-alt1A_assembled,72.38229474,FALSE,,,,,,,,,,,,
2215,380,B,0,P39377,10.55,/1YBQ-alt1B_assembled/1YBQ-alt1A_assembled,74.52695532,FALSE,,,,,,,,,,,,
2216,384,A,0,P39377,10.31,/1YBQ-alt1B_assembled/1YBQ-alt1A_assembled,57.7717945,FALSE,,,,,,,,,,,,
2217,499,B,0,P11498,9.88,/3BG9-alt-1_assembled,19.16790398,FALSE,,,,,,,,,,,,
2218,519,A,0,P11498,10.44,/3BG9-alt-1_assembled,86.85875369,FALSE,,,,,,,,,,,,
2219,588,A,0,P11498,10.64,/3BG9-alt-1_assembled,35.25285836,FALSE,,,,,,,,,,,,
2220,589,D,0,P11498,10.08,/3BG9-alt-1_assembled,55.22501006,FALSE,,,,,,,,,,,,
2221,600,A,0,P11498,10.33,/3BG9-alt-1_assembled,44.63574842,FALSE,,,,,,,,,,,,
2222,661,B,0,P11498,11.27,/3BG9-alt-1_assembled,22.65297743,FALSE,,,,,,,,,,,,
2223,667,D,0,P11498,10.03,/3BG9-alt-1_assembled,27.21038117,FALSE,,,,,,,,,,,,
2224,717,A,0,P11498,8.63,/3BG9-alt-1_assembled,15.01262409,FALSE,,,,,,,,,,,,
2225,741,B,0,P11498,8.35,/3BG9-alt-1_assembled,10.72330292,TRUE,,,,,,,,,,,,
2226,748,B,0,P11498,9.17,/3BG9-alt-1_assembled,9.785013918,FALSE,,,,,,,,,,,,
2227,855,A,0,P11498,9.46,/3BG9-alt-1_assembled,31.63374363,FALSE,,,,,,,,,,,,
2228,886,C,0,P11498,10.57,/3BG9-alt-1_assembled,52.94630819,FALSE,,,,,,,,,,,,
2229,888,B,0,P11498,11.54,/3BG9-alt-1_assembled,33.37628035,FALSE,,,,,,,,,,,,
2230,891,B,0,P11498,11.04,/3BG9-alt-1_assembled,9.248848772,FALSE,,,,,,,,,,,,
2231,892,D,0,P11498,10.07,/3BG9-alt-1_assembled,59.38028994,FALSE,,,,,,,,,,,,
2232,906,D,0,P11498,9.31,/3BG9-alt-1_assembled,0,FALSE,,,,,,,,,,,,
2233,912,A,0,P11498,8.79,/3BG9-alt-1_assembled,65.41214784,FALSE,,,,,,,,,,,,
2234,966,D,0,P11498,10.25,/3BG9-alt-1_assembled,41.28471626,FALSE,,,,,,,,,,,,
2235,969,A,0,P11498,10.59,/3BG9-alt-1_assembled,27.8805876,FALSE,,,,,,,,,,,,
2236,992,A,0,P11498,10.48,/3BG9-alt-1_assembled,80.82689579,FALSE,,,,,,,,,,,,
2237,1021,B,0,P11498,10.18,/3BG9-alt-1_assembled,24.12743158,FALSE,,,,,,,,,,,,
2238,1043,B,0,P11498,10.42,/3BG9-alt-1_assembled,37.93368409,FALSE,,,,,,,,,,,,
2239,1056,A,0,P11498,9.44,/3BG9-alt-1_assembled,22.78701871,FALSE,,,,,,,,,,,,
2240,1061,D,0,P11498,10.93,/3BG9-alt-1_assembled,38.60389053,FALSE,,,,,,,,,,,,
2241,1090,A,0,P11498,9.03,/3BG9-alt-1_assembled,41.95492269,FALSE,,,,,,,,,,,,
2242,1460,A,0,P27708,10.42,/4C6B-alt1A_assembled/4C6B-alt1B_assembled,86.05450597,FALSE,,,,,,,,,,,,
2243,1482,A,0,P27708,10.41,/4C6B-alt1A_assembled/4C6B-alt1B_assembled,78.14607006,FALSE,,,,,,,,,,,,
2244,1521,A,0,P27708,11.29,/4C6B-alt1A_assembled/4C6B-alt1B_assembled,69.16530386,FALSE,,,,,,,,,,,,
2245,1556,A,0,P27708,9.78,/4C6B-alt1A_assembled/4C6B-alt1B_assembled,0,TRUE,,,,,,,,,,,,
2246,1618,A,0,P27708,10.51,/4C6B-alt1A_assembled/4C6B-alt1B_assembled,40.74855111,FALSE,,,,,,,,,,,,
2247,1625,A,0,P27708,10.33,/4C6B-alt1A_assembled/4C6B-alt1B_assembled,83.37368024,TRUE,,,,,,,,,,,,
2248,1628,A,0,P27708,10.43,/4C6B-alt1A_assembled/4C6B-alt1B_assembled,31.76778491,FALSE,,,,,,,,,,,,
2249,1657,A,0,P27708,9.53,/4C6B-alt1A_assembled/4C6B-alt1B_assembled,46.51232643,FALSE,,,,,,,,,,,,
2250,1695,A,0,P27708,7.64,/4C6B-alt1A_assembled/4C6B-alt1B_assembled,0,FALSE,,,,,,,,,,,,
2251,1768,A,0,P27708,10.07,/4C6B-alt1A_assembled/4C6B-alt1B_assembled,34.58265193,FALSE,,,,,,,,,,,,
2252,1778,A,0,P27708,10.48,/4C6B-alt1A_assembled/4C6B-alt1B_assembled,84.04388667,FALSE,,,,,,,,,,,,
2253,1780,A,0,P27708,10.38,/4C6B-alt1A_assembled/4C6B-alt1B_assembled,50.66760632,FALSE,,,,,,,,,,,,
2254,1811,A,0,P27708,10.96,/4C6B-alt1A_assembled/4C6B-alt1B_assembled,40.48046854,FALSE,,,,,,,,,,,,