,resid,chain,pKa,sasa,PDB Code,Chain_Resid,Assembled Index,plddt,Uniprot Entry
0,3,A,10.26,38.73793181386455,6YNE-alt1A_assembled,A3,12.0,0,P04406
1,5,A,10.63,53.34843204815948,6YNE-alt1A_assembled,A5,28.0,0,P04406
2,27,A,11.09,50.39952374398986,6YNE-alt1A_assembled,A27,188.0,0,P04406
3,55,A,10.2,62.99940467998733,6YNE-alt1A_assembled,A55,420.0,0,P04406
4,61,A,11.11,40.21238596594935,6YNE-alt1A_assembled,A61,468.0,0,P04406
5,66,A,10.27,46.780409007054416,6YNE-alt1A_assembled,A66,503.0,0,P04406
6,84,A,11.39,56.6994642119886,6YNE-alt1A_assembled,A84,646.0,0,P04406
7,86,A,10.62,83.90984538228099,6YNE-alt1A_assembled,A86,663.0,0,P04406
8,107,A,10.34,54.55480362713796,6YNE-alt1A_assembled,A107,822.0,0,P04406
9,117,A,10.41,77.20778105462276,6YNE-alt1A_assembled,A117,885.0,0,P04406
10,139,A,10.34,60.318578948924035,6YNE-alt1A_assembled,A139,1049.0,0,P04406
11,145,A,10.08,63.803652399306316,6YNE-alt1A_assembled,A145,1100.0,0,P04406
12,162,A,11.13,37.26347766177974,6YNE-alt1A_assembled,A162,1217.0,0,P04406
13,186,A,9.85,56.967546785094925,6YNE-alt1A_assembled,A186,1398.0,0,P04406
14,194,A,10.43,118.35845602644427,6YNE-alt1A_assembled,A194,1450.0,0,P04406
15,215,A,10.34,82.83751508985567,6YNE-alt1A_assembled,A215,1604.0,0,P04406
16,219,A,10.19,76.13545076219745,6YNE-alt1A_assembled,A219,1629.0,0,P04406
17,227,A,10.21,42.89321169701265,6YNE-alt1A_assembled,A227,1689.0,0,P04406
18,251,A,10.35,68.62913871522024,6YNE-alt1A_assembled,A251,1870.0,0,P04406
19,254,A,11.55,57.10158807164809,6YNE-alt1A_assembled,A254,1891.0,0,P04406
20,259,A,10.79,23.72530771991012,6YNE-alt1A_assembled,A259,1936.0,0,P04406
21,260,A,10.67,65.01002397828479,6YNE-alt1A_assembled,A260,1945.0,0,P04406
22,263,A,10.72,55.62713391956328,6YNE-alt1A_assembled,A263,1968.0,0,P04406
23,271,A,10.43,69.70146900764554,6YNE-alt1A_assembled,A271,2025.0,0,P04406
24,309,A,9.5,0.0,6YNE-alt1A_assembled,A309,2310.0,0,P04406
25,334,A,10.58,45.97616128773543,6YNE-alt1A_assembled,A334,2516.0,0,P04406
26,3,B,10.42,66.08235427071011,6YNE-alt1A_assembled,B3,2539.0,0,P04406
27,5,B,10.53,54.15267976747847,6YNE-alt1A_assembled,B5,2555.0,0,P04406
28,27,B,11.08,52.67822561539366,6YNE-alt1A_assembled,B27,2715.0,0,P04406
29,55,B,10.22,62.99940467998732,6YNE-alt1A_assembled,B55,2947.0,0,P04406
30,61,B,11.3,47.31657415326708,6YNE-alt1A_assembled,B61,2995.0,0,P04406
31,66,B,10.27,39.54217953318353,6YNE-alt1A_assembled,B66,3030.0,0,P04406
32,84,B,11.38,51.87397789607468,6YNE-alt1A_assembled,B84,3173.0,0,P04406
33,86,B,10.62,69.5674277210924,6YNE-alt1A_assembled,B86,3190.0,0,P04406
34,107,B,10.59,59.78241380271138,6YNE-alt1A_assembled,B107,3349.0,0,P04406
35,117,B,10.44,60.988785381689866,6YNE-alt1A_assembled,B117,3412.0,0,P04406
36,139,B,10.22,59.11220736994555,6YNE-alt1A_assembled,B139,3576.0,0,P04406
37,145,B,10.07,58.844124796839225,6YNE-alt1A_assembled,B145,3627.0,0,P04406
38,162,B,11.06,37.3975189483329,6YNE-alt1A_assembled,B162,3744.0,0,P04406
39,186,B,9.69,45.7080787146291,6YNE-alt1A_assembled,B186,3925.0,0,P04406
40,194,B,10.43,98.65438690312908,6YNE-alt1A_assembled,B194,3977.0,0,P04406
41,215,B,10.34,61.256867954796185,6YNE-alt1A_assembled,B215,4131.0,0,P04406
42,219,B,10.2,67.95893228245441,6YNE-alt1A_assembled,B219,4156.0,0,P04406
43,227,B,10.31,34.046486784503784,6YNE-alt1A_assembled,B227,4216.0,0,P04406
44,251,B,10.49,74.1248314639,6YNE-alt1A_assembled,B251,4397.0,0,P04406
45,254,B,11.56,61.12282666824303,6YNE-alt1A_assembled,B254,4418.0,0,P04406
46,259,B,10.8,28.282711462717717,6YNE-alt1A_assembled,B259,4463.0,0,P04406
47,260,B,10.37,65.41214783794429,6YNE-alt1A_assembled,B260,4472.0,0,P04406
48,263,B,10.72,55.22501005990378,6YNE-alt1A_assembled,B263,4495.0,0,P04406
49,271,B,10.43,68.36105614211391,6YNE-alt1A_assembled,B271,4552.0,0,P04406
50,309,B,9.52,0.0,6YNE-alt1A_assembled,B309,4837.0,0,P04406
51,334,B,10.57,43.29533555667214,6YNE-alt1A_assembled,B334,5043.0,0,P04406
52,3,C,10.22,56.029257779222775,6YNE-alt1A_assembled,C3,5066.0,0,P04406
53,5,C,10.66,56.16329906577594,6YNE-alt1A_assembled,C5,5082.0,0,P04406
54,27,C,11.08,46.24424386084176,6YNE-alt1A_assembled,C27,5242.0,0,P04406
55,55,C,9.98,56.833505498541754,6YNE-alt1A_assembled,C55,5474.0,0,P04406
56,61,C,10.43,44.76978970875695,6YNE-alt1A_assembled,C61,5522.0,0,P04406
57,66,C,10.27,41.016633685268346,6YNE-alt1A_assembled,C66,5557.0,0,P04406
58,84,C,11.38,51.605895322968344,6YNE-alt1A_assembled,C84,5700.0,0,P04406
59,86,C,10.62,82.16730865708985,6YNE-alt1A_assembled,C86,5717.0,0,P04406
60,107,C,10.6,68.49509742866707,6YNE-alt1A_assembled,C107,5876.0,0,P04406
61,117,C,10.41,74.3929140370063,6YNE-alt1A_assembled,C117,5939.0,0,P04406
62,139,C,10.22,59.64837251615822,6YNE-alt1A_assembled,C139,6103.0,0,P04406
63,145,C,10.08,64.74194140517847,6YNE-alt1A_assembled,C145,6154.0,0,P04406
64,162,C,11.05,34.58265193071645,6YNE-alt1A_assembled,C162,6271.0,0,P04406
65,186,C,9.83,47.31657415326707,6YNE-alt1A_assembled,C186,6452.0,0,P04406
66,194,C,10.38,88.60129041164174,6YNE-alt1A_assembled,C194,6504.0,0,P04406
67,215,C,10.37,78.81627649326074,6YNE-alt1A_assembled,C215,6658.0,0,P04406
68,219,C,10.07,61.25686795479619,6YNE-alt1A_assembled,C219,6683.0,0,P04406
69,227,C,10.32,40.07834467939619,6YNE-alt1A_assembled,C227,6743.0,0,P04406
70,251,C,10.49,69.1653038614329,6YNE-alt1A_assembled,C251,6924.0,0,P04406
71,254,C,11.56,67.02064327658226,6YNE-alt1A_assembled,C254,6945.0,0,P04406
72,259,C,10.8,26.13805087786708,6YNE-alt1A_assembled,C259,6990.0,0,P04406
73,260,C,10.37,69.1653038614329,6YNE-alt1A_assembled,C260,6999.0,0,P04406
74,263,C,10.72,57.63775321786075,6YNE-alt1A_assembled,C263,7022.0,0,P04406
75,271,C,10.43,76.40353333530378,6YNE-alt1A_assembled,C271,7079.0,0,P04406
76,309,C,10.52,0.0,6YNE-alt1A_assembled,C309,7364.0,0,P04406
77,334,C,10.58,44.769789708756946,6YNE-alt1A_assembled,C334,7570.0,0,P04406
78,3,D,10.43,96.91185017793796,6YNE-alt1A_assembled,D3,7593.0,0,P04406
79,5,D,10.53,65.01002397828479,6YNE-alt1A_assembled,D5,7609.0,0,P04406
80,27,D,11.08,47.5846567263734,6YNE-alt1A_assembled,D27,7769.0,0,P04406
81,55,D,9.95,59.380289943051885,6YNE-alt1A_assembled,D55,8001.0,0,P04406
82,61,D,11.27,61.256867954796185,6YNE-alt1A_assembled,D61,8049.0,0,P04406
83,66,D,10.27,48.254863159139234,6YNE-alt1A_assembled,D66,8084.0,0,P04406
84,84,D,11.38,52.81226690194682,6YNE-alt1A_assembled,D84,8227.0,0,P04406
85,86,D,10.63,77.0737397680696,6YNE-alt1A_assembled,D86,8244.0,0,P04406
86,107,D,10.59,73.18654245802783,6YNE-alt1A_assembled,D107,8403.0,0,P04406
87,117,D,10.46,63.53556982619998,6YNE-alt1A_assembled,D117,8466.0,0,P04406
88,139,D,10.22,63.26748725309366,6YNE-alt1A_assembled,D139,8630.0,0,P04406
89,145,D,9.91,50.80164760364936,6YNE-alt1A_assembled,D145,8681.0,0,P04406
90,162,D,11.06,36.593271229013915,6YNE-alt1A_assembled,D162,8798.0,0,P04406
91,186,D,9.73,58.44200093717973,6YNE-alt1A_assembled,D186,8979.0,0,P04406
92,194,D,10.43,118.76057988610377,6YNE-alt1A_assembled,D194,9031.0,0,P04406
93,215,D,10.37,80.8268957915582,6YNE-alt1A_assembled,D215,9185.0,0,P04406
94,219,D,10.07,70.90784058662403,6YNE-alt1A_assembled,D219,9210.0,0,P04406
95,227,D,10.31,40.882592398715175,6YNE-alt1A_assembled,D227,9270.0,0,P04406
96,251,D,10.48,78.28011134704809,6YNE-alt1A_assembled,D251,9451.0,0,P04406
97,254,D,11.56,53.884597194372134,6YNE-alt1A_assembled,D254,9472.0,0,P04406
98,259,D,10.79,27.344422456845564,6YNE-alt1A_assembled,D259,9517.0,0,P04406
99,260,D,10.67,74.66099661011265,6YNE-alt1A_assembled,D260,9526.0,0,P04406
100,263,D,10.72,56.16329906577594,6YNE-alt1A_assembled,D263,9549.0,0,P04406
101,271,D,10.43,67.55680842279492,6YNE-alt1A_assembled,D271,9606.0,0,P04406
102,309,D,10.56,0.0,6YNE-alt1A_assembled,D309,9891.0,0,P04406
103,334,D,10.59,43.69745941633164,6YNE-alt1A_assembled,D334,10097.0,0,P04406
0,3,A,10.26,38.73793181386455,6YNE-alt1B_assembled,A3,12.0,0,P04406
1,5,A,10.63,53.34843204815948,6YNE-alt1B_assembled,A5,28.0,0,P04406
2,27,A,11.09,50.39952374398986,6YNE-alt1B_assembled,A27,188.0,0,P04406
3,55,A,10.2,62.99940467998733,6YNE-alt1B_assembled,A55,420.0,0,P04406
4,61,A,11.11,40.21238596594935,6YNE-alt1B_assembled,A61,468.0,0,P04406
5,66,A,10.27,46.780409007054416,6YNE-alt1B_assembled,A66,503.0,0,P04406
6,84,A,11.39,56.6994642119886,6YNE-alt1B_assembled,A84,646.0,0,P04406
7,86,A,10.62,83.90984538228099,6YNE-alt1B_assembled,A86,663.0,0,P04406
8,107,A,10.34,54.55480362713796,6YNE-alt1B_assembled,A107,822.0,0,P04406
9,117,A,10.41,77.20778105462276,6YNE-alt1B_assembled,A117,885.0,0,P04406
10,139,A,10.34,60.318578948924035,6YNE-alt1B_assembled,A139,1049.0,0,P04406
11,145,A,10.08,63.803652399306316,6YNE-alt1B_assembled,A145,1100.0,0,P04406
12,162,A,11.13,37.26347766177974,6YNE-alt1B_assembled,A162,1217.0,0,P04406
13,186,A,9.85,56.967546785094925,6YNE-alt1B_assembled,A186,1398.0,0,P04406
14,194,A,10.43,118.35845602644427,6YNE-alt1B_assembled,A194,1450.0,0,P04406
15,215,A,10.34,82.83751508985567,6YNE-alt1B_assembled,A215,1604.0,0,P04406
16,219,A,10.19,76.13545076219745,6YNE-alt1B_assembled,A219,1629.0,0,P04406
17,227,A,10.21,42.89321169701265,6YNE-alt1B_assembled,A227,1689.0,0,P04406
18,251,A,10.35,68.62913871522024,6YNE-alt1B_assembled,A251,1870.0,0,P04406
19,254,A,11.55,57.10158807164809,6YNE-alt1B_assembled,A254,1891.0,0,P04406
20,259,A,10.79,23.72530771991012,6YNE-alt1B_assembled,A259,1936.0,0,P04406
21,260,A,10.67,65.01002397828479,6YNE-alt1B_assembled,A260,1945.0,0,P04406
22,263,A,10.72,55.62713391956328,6YNE-alt1B_assembled,A263,1968.0,0,P04406
23,271,A,10.43,69.70146900764554,6YNE-alt1B_assembled,A271,2025.0,0,P04406
24,309,A,9.5,0.0,6YNE-alt1B_assembled,A309,2310.0,0,P04406
25,334,A,10.58,45.97616128773543,6YNE-alt1B_assembled,A334,2516.0,0,P04406
26,3,B,10.42,66.08235427071011,6YNE-alt1B_assembled,B3,2539.0,0,P04406
27,5,B,10.53,54.15267976747847,6YNE-alt1B_assembled,B5,2555.0,0,P04406
28,27,B,11.07,52.67822561539366,6YNE-alt1B_assembled,B27,2715.0,0,P04406
29,55,B,10.22,62.99940467998732,6YNE-alt1B_assembled,B55,2947.0,0,P04406
30,61,B,11.3,47.31657415326708,6YNE-alt1B_assembled,B61,2995.0,0,P04406
31,66,B,10.27,39.54217953318353,6YNE-alt1B_assembled,B66,3030.0,0,P04406
32,84,B,11.38,51.87397789607468,6YNE-alt1B_assembled,B84,3173.0,0,P04406
33,86,B,10.62,69.5674277210924,6YNE-alt1B_assembled,B86,3190.0,0,P04406
34,107,B,10.59,59.78241380271138,6YNE-alt1B_assembled,B107,3349.0,0,P04406
35,117,B,10.44,60.988785381689866,6YNE-alt1B_assembled,B117,3412.0,0,P04406
36,139,B,10.22,59.11220736994555,6YNE-alt1B_assembled,B139,3576.0,0,P04406
37,145,B,10.07,58.844124796839225,6YNE-alt1B_assembled,B145,3627.0,0,P04406
38,162,B,11.06,37.3975189483329,6YNE-alt1B_assembled,B162,3744.0,0,P04406
39,186,B,9.68,45.7080787146291,6YNE-alt1B_assembled,B186,3925.0,0,P04406
40,194,B,10.43,98.65438690312908,6YNE-alt1B_assembled,B194,3977.0,0,P04406
41,215,B,10.34,61.256867954796185,6YNE-alt1B_assembled,B215,4131.0,0,P04406
42,219,B,10.2,67.95893228245441,6YNE-alt1B_assembled,B219,4156.0,0,P04406
43,227,B,10.31,34.046486784503784,6YNE-alt1B_assembled,B227,4216.0,0,P04406
44,251,B,10.49,74.1248314639,6YNE-alt1B_assembled,B251,4397.0,0,P04406
45,254,B,11.56,61.12282666824303,6YNE-alt1B_assembled,B254,4418.0,0,P04406
46,259,B,10.8,28.282711462717717,6YNE-alt1B_assembled,B259,4463.0,0,P04406
47,260,B,10.37,65.41214783794429,6YNE-alt1B_assembled,B260,4472.0,0,P04406
48,263,B,10.72,55.22501005990378,6YNE-alt1B_assembled,B263,4495.0,0,P04406
49,271,B,10.43,68.36105614211391,6YNE-alt1B_assembled,B271,4552.0,0,P04406
50,309,B,9.52,0.0,6YNE-alt1B_assembled,B309,4837.0,0,P04406
51,334,B,10.57,43.29533555667214,6YNE-alt1B_assembled,B334,5043.0,0,P04406
52,3,C,10.22,56.029257779222775,6YNE-alt1B_assembled,C3,5066.0,0,P04406
53,5,C,10.66,56.16329906577594,6YNE-alt1B_assembled,C5,5082.0,0,P04406
54,27,C,11.08,46.24424386084176,6YNE-alt1B_assembled,C27,5242.0,0,P04406
55,55,C,9.98,56.833505498541754,6YNE-alt1B_assembled,C55,5474.0,0,P04406
56,61,C,10.43,44.76978970875695,6YNE-alt1B_assembled,C61,5522.0,0,P04406
57,66,C,10.27,41.016633685268346,6YNE-alt1B_assembled,C66,5557.0,0,P04406
58,84,C,11.38,51.605895322968344,6YNE-alt1B_assembled,C84,5700.0,0,P04406
59,86,C,10.62,82.16730865708985,6YNE-alt1B_assembled,C86,5717.0,0,P04406
60,107,C,10.6,68.49509742866707,6YNE-alt1B_assembled,C107,5876.0,0,P04406
61,117,C,10.41,74.3929140370063,6YNE-alt1B_assembled,C117,5939.0,0,P04406
62,139,C,10.22,59.64837251615822,6YNE-alt1B_assembled,C139,6103.0,0,P04406
63,145,C,10.08,64.74194140517847,6YNE-alt1B_assembled,C145,6154.0,0,P04406
64,162,C,11.05,34.58265193071645,6YNE-alt1B_assembled,C162,6271.0,0,P04406
65,186,C,9.82,47.31657415326707,6YNE-alt1B_assembled,C186,6452.0,0,P04406
66,194,C,10.38,88.60129041164174,6YNE-alt1B_assembled,C194,6504.0,0,P04406
67,215,C,10.37,78.81627649326074,6YNE-alt1B_assembled,C215,6658.0,0,P04406
68,219,C,10.07,61.25686795479619,6YNE-alt1B_assembled,C219,6683.0,0,P04406
69,227,C,10.32,40.07834467939619,6YNE-alt1B_assembled,C227,6743.0,0,P04406
70,251,C,10.49,69.1653038614329,6YNE-alt1B_assembled,C251,6924.0,0,P04406
71,254,C,11.56,67.02064327658226,6YNE-alt1B_assembled,C254,6945.0,0,P04406
72,259,C,10.8,26.13805087786708,6YNE-alt1B_assembled,C259,6990.0,0,P04406
73,260,C,10.37,69.1653038614329,6YNE-alt1B_assembled,C260,6999.0,0,P04406
74,263,C,10.72,57.63775321786075,6YNE-alt1B_assembled,C263,7022.0,0,P04406
75,271,C,10.43,76.40353333530378,6YNE-alt1B_assembled,C271,7079.0,0,P04406
76,309,C,10.52,0.0,6YNE-alt1B_assembled,C309,7364.0,0,P04406
77,334,C,10.58,44.769789708756946,6YNE-alt1B_assembled,C334,7570.0,0,P04406
78,3,D,10.43,96.91185017793796,6YNE-alt1B_assembled,D3,7593.0,0,P04406
79,5,D,10.53,65.01002397828479,6YNE-alt1B_assembled,D5,7609.0,0,P04406
80,27,D,11.08,47.5846567263734,6YNE-alt1B_assembled,D27,7769.0,0,P04406
81,55,D,9.96,59.380289943051885,6YNE-alt1B_assembled,D55,8001.0,0,P04406
82,61,D,11.27,61.256867954796185,6YNE-alt1B_assembled,D61,8049.0,0,P04406
83,66,D,10.27,48.254863159139234,6YNE-alt1B_assembled,D66,8084.0,0,P04406
84,84,D,11.38,52.81226690194682,6YNE-alt1B_assembled,D84,8227.0,0,P04406
85,86,D,10.63,77.0737397680696,6YNE-alt1B_assembled,D86,8244.0,0,P04406
86,107,D,10.59,73.18654245802783,6YNE-alt1B_assembled,D107,8403.0,0,P04406
87,117,D,10.46,63.53556982619998,6YNE-alt1B_assembled,D117,8466.0,0,P04406
88,139,D,10.22,63.26748725309366,6YNE-alt1B_assembled,D139,8630.0,0,P04406
89,145,D,9.91,50.80164760364936,6YNE-alt1B_assembled,D145,8681.0,0,P04406
90,162,D,11.06,36.593271229013915,6YNE-alt1B_assembled,D162,8798.0,0,P04406
91,186,D,9.73,58.44200093717973,6YNE-alt1B_assembled,D186,8979.0,0,P04406
92,194,D,10.43,118.76057988610377,6YNE-alt1B_assembled,D194,9031.0,0,P04406
93,215,D,10.37,80.8268957915582,6YNE-alt1B_assembled,D215,9185.0,0,P04406
94,219,D,10.07,70.90784058662403,6YNE-alt1B_assembled,D219,9210.0,0,P04406
95,227,D,10.31,40.882592398715175,6YNE-alt1B_assembled,D227,9270.0,0,P04406
96,251,D,10.48,78.28011134704809,6YNE-alt1B_assembled,D251,9451.0,0,P04406
97,254,D,11.56,53.884597194372134,6YNE-alt1B_assembled,D254,9472.0,0,P04406
98,259,D,10.79,27.344422456845564,6YNE-alt1B_assembled,D259,9517.0,0,P04406
99,260,D,10.67,74.66099661011265,6YNE-alt1B_assembled,D260,9526.0,0,P04406
100,263,D,10.72,56.16329906577594,6YNE-alt1B_assembled,D263,9549.0,0,P04406
101,271,D,10.43,67.55680842279492,6YNE-alt1B_assembled,D271,9606.0,0,P04406
102,309,D,10.56,0.0,6YNE-alt1B_assembled,D309,9891.0,0,P04406
103,334,D,10.59,43.69745941633164,6YNE-alt1B_assembled,D334,10097.0,0,P04406
0,6,A,10.16,34.44861064416328,2LJ5-alt-78_assembled,A6,51.0,0,P62987
1,11,A,10.32,74.66099661011265,2LJ5-alt-78_assembled,A11,86.0,0,P62987
2,27,A,10.32,0.0,2LJ5-alt-78_assembled,A27,210.0,0,P62987
3,29,A,11.11,28.55079403582404,2LJ5-alt-78_assembled,A29,224.0,0,P62987
4,33,A,11.44,66.8866019900291,2LJ5-alt-78_assembled,A33,258.0,0,P62987
5,48,A,10.04,57.771794504413904,2LJ5-alt-78_assembled,A48,375.0,0,P62987
6,63,A,11.51,59.51433122960505,2LJ5-alt-78_assembled,A63,499.0,0,P62987
0,6,A,10.36,52.41014304228733,2LJ5-alt-100_assembled,A6,51.0,0,P62987
1,11,A,11.25,66.75256070347592,2LJ5-alt-100_assembled,A11,86.0,0,P62987
2,27,A,10.28,0.0,2LJ5-alt-100_assembled,A27,210.0,0,P62987
3,29,A,10.43,30.427372047568348,2LJ5-alt-100_assembled,A29,224.0,0,P62987
4,33,A,11.42,58.039877077520245,2LJ5-alt-100_assembled,A33,258.0,0,P62987
5,48,A,10.54,66.21639555726327,2LJ5-alt-100_assembled,A48,375.0,0,P62987
6,63,A,10.32,71.71208830594301,2LJ5-alt-100_assembled,A63,499.0,0,P62987
0,6,A,10.12,46.37828514739493,2LJ5-alt-114_assembled,A6,51.0,0,P62987
1,11,A,11.37,60.854744095136695,2LJ5-alt-114_assembled,A11,86.0,0,P62987
2,27,A,10.62,0.0,2LJ5-alt-114_assembled,A27,210.0,0,P62987
3,29,A,10.96,26.808257310632904,2LJ5-alt-114_assembled,A29,224.0,0,P62987
4,33,A,10.31,44.367665849097456,2LJ5-alt-114_assembled,A33,258.0,0,P62987
5,48,A,11.37,35.252858363482275,2LJ5-alt-114_assembled,A48,375.0,0,P62987
6,63,A,11.32,55.895216492669604,2LJ5-alt-114_assembled,A63,499.0,0,P62987
0,6,A,10.26,48.38890444569239,2LJ5-alt-44_assembled,A6,51.0,0,P62987
1,11,A,11.32,69.29934514798606,2LJ5-alt-44_assembled,A11,86.0,0,P62987
2,27,A,10.85,7.640353333530379,2LJ5-alt-44_assembled,A27,210.0,0,P62987
3,29,A,11.22,30.025248187908854,2LJ5-alt-44_assembled,A29,224.0,0,P62987
4,33,A,10.53,36.191147369354425,2LJ5-alt-44_assembled,A33,258.0,0,P62987
5,48,A,10.29,63.13344596654049,2LJ5-alt-44_assembled,A48,375.0,0,P62987
6,63,A,11.47,62.597280820327825,2LJ5-alt-44_assembled,A63,499.0,0,P62987
0,6,A,10.11,42.491087837353156,2LJ5-alt-50_assembled,A6,51.0,0,P62987
1,11,A,11.3,60.98878538168986,2LJ5-alt-50_assembled,A11,86.0,0,P62987
2,27,A,10.45,7.104188187317719,2LJ5-alt-50_assembled,A27,210.0,0,P62987
3,29,A,10.98,26.67421602407974,2LJ5-alt-50_assembled,A29,224.0,0,P62987
4,33,A,10.68,36.72731251556708,2LJ5-alt-50_assembled,A33,258.0,0,P62987
5,48,A,10.17,46.64636772050126,2LJ5-alt-50_assembled,A48,375.0,0,P62987
6,63,A,11.52,65.94831298415694,2LJ5-alt-50_assembled,A63,499.0,0,P62987
0,6,A,10.06,33.644362924844295,2LJ5-alt-128_assembled,A6,51.0,0,P62987
1,11,A,11.36,52.008019182627834,2LJ5-alt-128_assembled,A11,86.0,0,P62987
2,27,A,10.68,0.0,2LJ5-alt-128_assembled,A27,210.0,0,P62987
3,29,A,10.97,23.18914257369746,2LJ5-alt-128_assembled,A29,224.0,0,P62987
4,33,A,10.68,57.63775321786075,2LJ5-alt-128_assembled,A33,258.0,0,P62987
5,48,A,10.18,38.73793181386455,2LJ5-alt-128_assembled,A48,375.0,0,P62987
6,63,A,11.1,64.74194140517847,2LJ5-alt-128_assembled,A63,499.0,0,P62987
0,6,A,10.33,42.08896397769366,2LJ5-alt-87_assembled,A6,51.0,0,P62987
1,11,A,11.32,59.51433122960505,2LJ5-alt-87_assembled,A11,86.0,0,P62987
2,27,A,10.49,0.0,2LJ5-alt-87_assembled,A27,210.0,0,P62987
3,29,A,10.9,37.7996428079924,2LJ5-alt-87_assembled,A29,224.0,0,P62987
4,33,A,10.3,55.49309263301011,2LJ5-alt-87_assembled,A33,258.0,0,P62987
5,48,A,10.28,44.769789708756946,2LJ5-alt-87_assembled,A48,375.0,0,P62987
6,63,A,11.51,65.54618912449745,2LJ5-alt-87_assembled,A63,499.0,0,P62987
0,6,A,10.34,65.41214783794429,2LJ5-alt-93_assembled,A6,51.0,0,P62987
1,11,A,10.28,65.01002397828479,2LJ5-alt-93_assembled,A11,86.0,0,P62987
2,27,A,10.63,7.104188187317719,2LJ5-alt-93_assembled,A27,210.0,0,P62987
3,29,A,10.9,16.88920210569873,2LJ5-alt-93_assembled,A29,224.0,0,P62987
4,33,A,11.26,48.65698701879873,2LJ5-alt-93_assembled,A33,258.0,0,P62987
5,48,A,10.76,32.97415649207848,2LJ5-alt-93_assembled,A48,375.0,0,P62987
6,63,A,11.47,53.34843204815948,2LJ5-alt-93_assembled,A63,499.0,0,P62987
0,6,A,10.35,38.87197310041771,2LJ5-alt-276_assembled,A6,51.0,0,P62987
1,11,A,11.38,67.2887258496886,2LJ5-alt-276_assembled,A11,86.0,0,P62987
2,27,A,10.49,6.568023041105062,2LJ5-alt-276_assembled,A27,210.0,0,P62987
3,29,A,11.1,30.82949590722784,2LJ5-alt-276_assembled,A29,224.0,0,P62987
4,33,A,10.54,56.16329906577594,2LJ5-alt-276_assembled,A33,258.0,0,P62987
5,48,A,10.43,73.320583744581,2LJ5-alt-276_assembled,A48,375.0,0,P62987
6,63,A,11.47,64.07173497241264,2LJ5-alt-276_assembled,A63,499.0,0,P62987
0,6,A,10.3,38.46984924075822,2LJ5-alt-262_assembled,A6,51.0,0,P62987
1,11,A,10.56,93.42677672755568,2LJ5-alt-262_assembled,A11,86.0,0,P62987
2,27,A,10.72,0.0,2LJ5-alt-262_assembled,A27,210.0,0,P62987
3,29,A,10.35,37.93368409454556,2LJ5-alt-262_assembled,A29,224.0,0,P62987
4,33,A,11.46,41.41875754492784,2LJ5-alt-262_assembled,A33,258.0,0,P62987
5,48,A,10.38,58.844124796839225,2LJ5-alt-262_assembled,A48,375.0,0,P62987
6,63,A,10.48,72.38229473870885,2LJ5-alt-262_assembled,A63,499.0,0,P62987
0,6,A,10.37,53.75055590781898,2LJ5-alt-289_assembled,A6,51.0,0,P62987
1,11,A,11.35,57.36967064475442,2LJ5-alt-289_assembled,A11,86.0,0,P62987
2,27,A,10.79,7.506312046977213,2LJ5-alt-289_assembled,A27,210.0,0,P62987
3,29,A,11.29,38.33580795420505,2LJ5-alt-289_assembled,A29,224.0,0,P62987
4,33,A,10.53,38.33580795420505,2LJ5-alt-289_assembled,A33,258.0,0,P62987
5,48,A,10.42,80.15668935879239,2LJ5-alt-289_assembled,A48,375.0,0,P62987
6,63,A,10.42,67.69084970934809,2LJ5-alt-289_assembled,A63,499.0,0,P62987
0,6,A,10.36,55.09096877335062,2LJ5-alt-288_assembled,A6,51.0,0,P62987
1,11,A,11.31,53.34843204815948,2LJ5-alt-288_assembled,A11,86.0,0,P62987
2,27,A,11.09,10.723302924253161,2LJ5-alt-288_assembled,A27,210.0,0,P62987
3,29,A,11.23,27.74654631650506,2LJ5-alt-288_assembled,A29,224.0,0,P62987
4,33,A,10.55,39.40813824663037,2LJ5-alt-288_assembled,A33,258.0,0,P62987
5,48,A,10.42,81.09497836466454,2LJ5-alt-288_assembled,A48,375.0,0,P62987
6,63,A,10.44,93.56081801410883,2LJ5-alt-288_assembled,A63,499.0,0,P62987
0,6,A,10.22,53.61651462126581,2LJ5-alt-263_assembled,A6,51.0,0,P62987
1,11,A,11.22,49.193152165011384,2LJ5-alt-263_assembled,A11,86.0,0,P62987
2,27,A,11.02,6.568023041105062,2LJ5-alt-263_assembled,A27,210.0,0,P62987
3,29,A,10.83,50.80164760364936,2LJ5-alt-263_assembled,A29,224.0,0,P62987
4,33,A,10.38,37.7996428079924,2LJ5-alt-263_assembled,A33,258.0,0,P62987
5,48,A,10.38,67.69084970934809,2LJ5-alt-263_assembled,A48,375.0,0,P62987
6,63,A,10.4,59.782413802711375,2LJ5-alt-263_assembled,A63,499.0,0,P62987
0,6,A,10.23,50.93568889020252,2LJ5-alt-277_assembled,A6,51.0,0,P62987
1,11,A,10.53,91.41615742925819,2LJ5-alt-277_assembled,A11,86.0,0,P62987
2,27,A,11.06,11.661591930125315,2LJ5-alt-277_assembled,A27,210.0,0,P62987
3,29,A,11.14,25.73592701820759,2LJ5-alt-277_assembled,A29,224.0,0,P62987
4,33,A,10.37,46.646367720501246,2LJ5-alt-277_assembled,A33,258.0,0,P62987
5,48,A,10.51,73.99079017734682,2LJ5-alt-277_assembled,A48,375.0,0,P62987
6,63,A,10.39,64.47385883207214,2LJ5-alt-277_assembled,A63,499.0,0,P62987
0,6,A,10.32,52.544184328840494,2LJ5-alt-92_assembled,A6,51.0,0,P62987
1,11,A,11.32,61.793033101008845,2LJ5-alt-92_assembled,A11,86.0,0,P62987
2,27,A,10.63,0.0,2LJ5-alt-92_assembled,A27,210.0,0,P62987
3,29,A,11.0,44.63574842220379,2LJ5-alt-92_assembled,A29,224.0,0,P62987
4,33,A,10.51,33.91244549795063,2LJ5-alt-92_assembled,A33,258.0,0,P62987
5,48,A,9.87,35.118817076929105,2LJ5-alt-92_assembled,A48,375.0,0,P62987
6,63,A,11.2,56.83350549854176,2LJ5-alt-92_assembled,A63,499.0,0,P62987
0,6,A,10.01,47.45061543982024,2LJ5-alt-86_assembled,A6,51.0,0,P62987
1,11,A,11.33,47.04849158016074,2LJ5-alt-86_assembled,A11,86.0,0,P62987
2,27,A,10.91,8.57864233940253,2LJ5-alt-86_assembled,A27,210.0,0,P62987
3,29,A,11.22,35.38689965003543,2LJ5-alt-86_assembled,A29,224.0,0,P62987
4,33,A,11.45,75.73332690253795,2LJ5-alt-86_assembled,A33,258.0,0,P62987
5,48,A,10.03,40.21238596594935,2LJ5-alt-86_assembled,A48,375.0,0,P62987
6,63,A,10.47,66.75256070347595,2LJ5-alt-86_assembled,A63,499.0,0,P62987
0,6,A,10.22,42.35704655079999,2LJ5-alt-129_assembled,A6,51.0,0,P62987
1,11,A,11.35,70.10359286730504,2LJ5-alt-129_assembled,A11,86.0,0,P62987
2,27,A,10.89,13.94029380152911,2LJ5-alt-129_assembled,A27,210.0,0,P62987
3,29,A,11.07,29.623124328249357,2LJ5-alt-129_assembled,A29,224.0,0,P62987
4,33,A,10.36,54.018638480925304,2LJ5-alt-129_assembled,A33,258.0,0,P62987
5,48,A,10.42,85.7864233940253,2LJ5-alt-129_assembled,A48,375.0,0,P62987
6,63,A,11.55,62.06111567411517,2LJ5-alt-129_assembled,A63,499.0,0,P62987
0,6,A,10.3,53.482473334712644,2LJ5-alt-51_assembled,A6,51.0,0,P62987
1,11,A,11.31,61.65899181445568,2LJ5-alt-51_assembled,A11,86.0,0,P62987
2,27,A,11.08,0.0,2LJ5-alt-51_assembled,A27,210.0,0,P62987
3,29,A,11.32,59.24624865649872,2LJ5-alt-51_assembled,A29,224.0,0,P62987
4,33,A,10.32,48.254863159139234,2LJ5-alt-51_assembled,A33,258.0,0,P62987
5,48,A,10.39,74.66099661011265,2LJ5-alt-51_assembled,A48,375.0,0,P62987
6,63,A,11.49,53.080349475053154,2LJ5-alt-51_assembled,A63,499.0,0,P62987
0,6,A,10.31,63.93769368585947,2LJ5-alt-45_assembled,A6,51.0,0,P62987
1,11,A,11.39,70.10359286730504,2LJ5-alt-45_assembled,A11,86.0,0,P62987
2,27,A,10.85,7.640353333530379,2LJ5-alt-45_assembled,A27,210.0,0,P62987
3,29,A,11.16,34.71669321726961,2LJ5-alt-45_assembled,A29,224.0,0,P62987
4,33,A,11.52,56.16329906577593,2LJ5-alt-45_assembled,A33,258.0,0,P62987
5,48,A,11.71,24.26147286612278,2LJ5-alt-45_assembled,A48,375.0,0,P62987
6,63,A,11.46,55.62713391956328,2LJ5-alt-45_assembled,A63,499.0,0,P62987
0,6,A,10.35,53.61651462126581,2LJ5-alt-115_assembled,A6,51.0,0,P62987
1,11,A,11.14,45.305954854969606,2LJ5-alt-115_assembled,A11,86.0,0,P62987
2,27,A,10.52,0.0,2LJ5-alt-115_assembled,A27,210.0,0,P62987
3,29,A,10.64,35.38689965003543,2LJ5-alt-115_assembled,A29,224.0,0,P62987
4,33,A,11.2,47.31657415326708,2LJ5-alt-115_assembled,A33,258.0,0,P62987
5,48,A,10.25,52.67822561539366,2LJ5-alt-115_assembled,A48,375.0,0,P62987
6,63,A,11.37,69.1653038614329,2LJ5-alt-115_assembled,A63,499.0,0,P62987
0,6,A,10.17,49.86335859777721,2LJ5-alt-101_assembled,A6,51.0,0,P62987
1,11,A,11.3,41.820881404587325,2LJ5-alt-101_assembled,A11,86.0,0,P62987
2,27,A,10.69,0.0,2LJ5-alt-101_assembled,A27,210.0,0,P62987
3,29,A,10.94,25.735927018207587,2LJ5-alt-101_assembled,A29,224.0,0,P62987
4,33,A,10.68,76.6716159084101,2LJ5-alt-101_assembled,A33,258.0,0,P62987
5,48,A,10.47,84.44601052849364,2LJ5-alt-101_assembled,A48,375.0,0,P62987
6,63,A,11.4,52.008019182627834,2LJ5-alt-101_assembled,A63,499.0,0,P62987
0,6,A,10.13,38.87197310041771,2LJ5-alt-79_assembled,A6,51.0,0,P62987
1,11,A,11.43,66.48447813036961,2LJ5-alt-79_assembled,A11,86.0,0,P62987
2,27,A,10.55,0.0,2LJ5-alt-79_assembled,A27,210.0,0,P62987
3,29,A,10.82,29.355041755143027,2LJ5-alt-79_assembled,A29,224.0,0,P62987
4,33,A,11.19,48.38890444569239,2LJ5-alt-79_assembled,A33,258.0,0,P62987
5,48,A,10.16,51.73993660952151,2LJ5-alt-79_assembled,A48,375.0,0,P62987
6,63,A,11.15,62.06111567411518,2LJ5-alt-79_assembled,A63,499.0,0,P62987
0,6,A,10.22,50.26548245743669,2LJ5-alt-117_assembled,A6,51.0,0,P62987
1,11,A,11.14,49.19315216501138,2LJ5-alt-117_assembled,A11,86.0,0,P62987
2,27,A,11.99,0.0,2LJ5-alt-117_assembled,A27,210.0,0,P62987
3,29,A,10.9,26.942298597186067,2LJ5-alt-117_assembled,A29,224.0,0,P62987
4,33,A,10.16,34.31456935761012,2LJ5-alt-117_assembled,A33,258.0,0,P62987
5,48,A,10.2,56.029257779222775,2LJ5-alt-117_assembled,A48,375.0,0,P62987
6,63,A,10.37,67.2887258496886,2LJ5-alt-117_assembled,A63,499.0,0,P62987
0,6,A,10.36,56.2973403523291,2LJ5-alt-103_assembled,A6,51.0,0,P62987
1,11,A,11.36,62.731322106881,2LJ5-alt-103_assembled,A11,86.0,0,P62987
2,27,A,12.23,6.568023041105062,2LJ5-alt-103_assembled,A27,210.0,0,P62987
3,29,A,10.91,18.899821403996196,2LJ5-alt-103_assembled,A29,224.0,0,P62987
4,33,A,11.11,43.56341812977847,2LJ5-alt-103_assembled,A33,258.0,0,P62987
5,48,A,10.39,76.26949204875062,2LJ5-alt-103_assembled,A48,375.0,0,P62987
6,63,A,11.52,69.43338643453922,2LJ5-alt-103_assembled,A63,499.0,0,P62987
0,6,A,10.12,38.73793181386455,2LJ5-alt-53_assembled,A6,51.0,0,P62987
1,11,A,11.32,69.43338643453923,2LJ5-alt-53_assembled,A11,86.0,0,P62987
2,27,A,10.8,0.0,2LJ5-alt-53_assembled,A27,210.0,0,P62987
3,29,A,10.99,29.221000468589867,2LJ5-alt-53_assembled,A29,224.0,0,P62987
4,33,A,11.27,49.05911087845821,2LJ5-alt-53_assembled,A33,258.0,0,P62987
5,48,A,10.26,64.74194140517847,2LJ5-alt-53_assembled,A48,375.0,0,P62987
6,63,A,11.52,67.42276713624176,2LJ5-alt-53_assembled,A63,499.0,0,P62987
0,6,A,10.29,52.27610175573417,2LJ5-alt-47_assembled,A6,51.0,0,P62987
1,11,A,11.39,50.39952374398986,2LJ5-alt-47_assembled,A11,86.0,0,P62987
2,27,A,11.7,0.0,2LJ5-alt-47_assembled,A27,210.0,0,P62987
3,29,A,10.96,26.67421602407974,2LJ5-alt-47_assembled,A29,224.0,0,P62987
4,33,A,11.36,69.56742772109239,2LJ5-alt-47_assembled,A33,258.0,0,P62987
5,48,A,11.35,43.56341812977847,2LJ5-alt-47_assembled,A48,375.0,0,P62987
6,63,A,11.41,54.4207623405848,2LJ5-alt-47_assembled,A63,499.0,0,P62987
0,6,A,10.32,47.85273929947974,2LJ5-alt-90_assembled,A6,51.0,0,P62987
1,11,A,11.25,43.429376843225306,2LJ5-alt-90_assembled,A11,86.0,0,P62987
2,27,A,10.54,0.0,2LJ5-alt-90_assembled,A27,210.0,0,P62987
3,29,A,10.94,35.38689965003543,2LJ5-alt-90_assembled,A29,224.0,0,P62987
4,33,A,11.38,39.81026210628987,2LJ5-alt-90_assembled,A33,258.0,0,P62987
5,48,A,10.4,84.58005181504682,2LJ5-alt-90_assembled,A48,375.0,0,P62987
6,63,A,11.46,77.0737397680696,2LJ5-alt-90_assembled,A63,499.0,0,P62987
0,6,A,10.35,49.8633585977772,2LJ5-alt-84_assembled,A6,51.0,0,P62987
1,11,A,11.32,69.29934514798606,2LJ5-alt-84_assembled,A11,86.0,0,P62987
2,27,A,10.28,0.0,2LJ5-alt-84_assembled,A27,210.0,0,P62987
3,29,A,11.08,31.3656610534405,2LJ5-alt-84_assembled,A29,224.0,0,P62987
4,33,A,11.55,43.29533555667214,2LJ5-alt-84_assembled,A33,258.0,0,P62987
5,48,A,10.4,53.34843204815948,2LJ5-alt-84_assembled,A48,375.0,0,P62987
6,63,A,11.41,58.57604222373289,2LJ5-alt-84_assembled,A63,499.0,0,P62987
0,6,A,10.37,70.23763415385821,2LJ5-alt-301_assembled,A6,51.0,0,P62987
1,11,A,11.4,59.64837251615822,2LJ5-alt-301_assembled,A11,86.0,0,P62987
2,27,A,10.87,16.353036959486072,2LJ5-alt-301_assembled,A27,210.0,0,P62987
3,29,A,11.06,25.467844445101257,2LJ5-alt-301_assembled,A29,224.0,0,P62987
4,33,A,10.35,58.5760422237329,2LJ5-alt-301_assembled,A33,258.0,0,P62987
5,48,A,10.51,72.78441859836835,2LJ5-alt-301_assembled,A48,375.0,0,P62987
6,63,A,11.52,60.452620235477205,2LJ5-alt-301_assembled,A63,499.0,0,P62987
0,6,A,10.04,27.076339883739234,2LJ5-alt-261_assembled,A6,51.0,0,P62987
1,11,A,10.45,78.9503177798139,2LJ5-alt-261_assembled,A11,86.0,0,P62987
2,27,A,10.98,0.0,2LJ5-alt-261_assembled,A27,210.0,0,P62987
3,29,A,10.52,51.87397789607467,2LJ5-alt-261_assembled,A29,224.0,0,P62987
4,33,A,10.43,37.3975189483329,2LJ5-alt-261_assembled,A33,258.0,0,P62987
5,48,A,10.25,78.41415263360125,2LJ5-alt-261_assembled,A48,375.0,0,P62987
6,63,A,10.49,83.5077215226215,2LJ5-alt-261_assembled,A63,499.0,0,P62987
0,6,A,10.36,53.34843204815948,2LJ5-alt-275_assembled,A6,51.0,0,P62987
1,11,A,11.4,64.33981754551897,2LJ5-alt-275_assembled,A11,86.0,0,P62987
2,27,A,11.06,19.704069123315186,2LJ5-alt-275_assembled,A27,210.0,0,P62987
3,29,A,11.09,23.993390293016446,2LJ5-alt-275_assembled,A29,224.0,0,P62987
4,33,A,11.43,26.942298597186067,2LJ5-alt-275_assembled,A33,258.0,0,P62987
5,48,A,10.4,69.1653038614329,2LJ5-alt-275_assembled,A48,375.0,0,P62987
6,63,A,10.81,66.88660199002909,2LJ5-alt-275_assembled,A63,499.0,0,P62987
0,6,A,10.0,34.582651930716445,2LJ5-alt-249_assembled,A6,51.0,0,P62987
1,11,A,10.74,85.65238210747214,2LJ5-alt-249_assembled,A11,86.0,0,P62987
2,27,A,10.85,11.25946807046582,2LJ5-alt-249_assembled,A27,210.0,0,P62987
3,29,A,10.46,51.20377146330885,2LJ5-alt-249_assembled,A29,224.0,0,P62987
4,33,A,10.62,55.090968773350625,2LJ5-alt-249_assembled,A33,258.0,0,P62987
5,48,A,10.27,69.83551029419871,2LJ5-alt-249_assembled,A48,375.0,0,P62987
6,63,A,10.42,73.85674889079365,2LJ5-alt-249_assembled,A63,499.0,0,P62987
0,6,A,10.28,57.905835790967075,2LJ5-alt-248_assembled,A6,51.0,0,P62987
1,11,A,11.35,49.99739988433036,2LJ5-alt-248_assembled,A11,86.0,0,P62987
2,27,A,10.99,16.487078246039236,2LJ5-alt-248_assembled,A27,210.0,0,P62987
3,29,A,10.72,43.429376843225306,2LJ5-alt-248_assembled,A29,224.0,0,P62987
4,33,A,10.48,39.2740969600772,2LJ5-alt-248_assembled,A33,258.0,0,P62987
5,48,A,10.42,67.95893228245441,2LJ5-alt-248_assembled,A48,375.0,0,P62987
6,63,A,11.51,62.59728082032783,2LJ5-alt-248_assembled,A63,499.0,0,P62987
0,6,A,10.13,32.169908772759484,2LJ5-alt-274_assembled,A6,51.0,0,P62987
1,11,A,11.43,68.89722128832656,2LJ5-alt-274_assembled,A11,86.0,0,P62987
2,27,A,10.21,0.0,2LJ5-alt-274_assembled,A27,210.0,0,P62987
3,29,A,11.1,26.004009591313917,2LJ5-alt-274_assembled,A29,224.0,0,P62987
4,33,A,11.26,39.006014386970875,2LJ5-alt-274_assembled,A33,258.0,0,P62987
5,48,A,10.41,82.83751508985569,2LJ5-alt-274_assembled,A48,375.0,0,P62987
6,63,A,11.52,58.978166083392395,2LJ5-alt-274_assembled,A63,499.0,0,P62987
0,6,A,10.37,61.92707438756201,2LJ5-alt-260_assembled,A6,51.0,0,P62987
1,11,A,11.37,56.43138163888226,2LJ5-alt-260_assembled,A11,86.0,0,P62987
2,27,A,10.62,0.0,2LJ5-alt-260_assembled,A27,210.0,0,P62987
3,29,A,11.09,38.60389052731138,2LJ5-alt-260_assembled,A29,224.0,0,P62987
4,33,A,10.39,50.93568889020251,2LJ5-alt-260_assembled,A33,258.0,0,P62987
5,48,A,10.42,73.99079017734682,2LJ5-alt-260_assembled,A48,375.0,0,P62987
6,63,A,11.53,61.927074387562016,2LJ5-alt-260_assembled,A63,499.0,0,P62987
0,6,A,10.31,52.14206046918099,2LJ5-alt-300_assembled,A6,51.0,0,P62987
1,11,A,11.35,52.544184328840494,2LJ5-alt-300_assembled,A11,86.0,0,P62987
2,27,A,10.59,8.042477193189871,2LJ5-alt-300_assembled,A27,210.0,0,P62987
3,29,A,10.89,24.127431579569617,2LJ5-alt-300_assembled,A29,224.0,0,P62987
4,33,A,10.55,69.1653038614329,2LJ5-alt-300_assembled,A33,258.0,0,P62987
5,48,A,10.34,53.21439076160631,2LJ5-alt-300_assembled,A48,375.0,0,P62987
6,63,A,10.78,57.771794504413904,2LJ5-alt-300_assembled,A63,499.0,0,P62987
0,6,A,10.36,54.68884491369113,2LJ5-alt-85_assembled,A6,51.0,0,P62987
1,11,A,11.35,59.51433122960505,2LJ5-alt-85_assembled,A11,86.0,0,P62987
2,27,A,10.99,9.516931345274681,2LJ5-alt-85_assembled,A27,210.0,0,P62987
3,29,A,11.23,32.84011520552531,2LJ5-alt-85_assembled,A29,224.0,0,P62987
4,33,A,11.51,37.79964280799239,2LJ5-alt-85_assembled,A33,258.0,0,P62987
5,48,A,10.23,52.27610175573417,2LJ5-alt-85_assembled,A48,375.0,0,P62987
6,63,A,11.38,50.39952374398986,2LJ5-alt-85_assembled,A63,499.0,0,P62987
0,6,A,10.18,45.7080787146291,2LJ5-alt-91_assembled,A6,51.0,0,P62987
1,11,A,10.79,84.71409310159999,2LJ5-alt-91_assembled,A11,86.0,0,P62987
2,27,A,10.65,0.0,2LJ5-alt-91_assembled,A27,210.0,0,P62987
3,29,A,11.12,22.116812281272146,2LJ5-alt-91_assembled,A29,224.0,0,P62987
4,33,A,10.26,51.069730176755684,2LJ5-alt-91_assembled,A33,258.0,0,P62987
5,48,A,10.32,55.35905134645695,2LJ5-alt-91_assembled,A48,375.0,0,P62987
6,63,A,11.38,48.92506959190504,2LJ5-alt-91_assembled,A63,499.0,0,P62987
0,6,A,10.13,30.829495907227844,2LJ5-alt-46_assembled,A6,51.0,0,P62987
1,11,A,11.35,51.203771463308854,2LJ5-alt-46_assembled,A11,86.0,0,P62987
2,27,A,10.67,0.0,2LJ5-alt-46_assembled,A27,210.0,0,P62987
3,29,A,11.19,30.82949590722784,2LJ5-alt-46_assembled,A29,224.0,0,P62987
4,33,A,11.41,55.22501005990378,2LJ5-alt-46_assembled,A33,258.0,0,P62987
5,48,A,10.5,83.5077215226215,2LJ5-alt-46_assembled,A48,375.0,0,P62987
6,63,A,11.44,63.40152853964683,2LJ5-alt-46_assembled,A63,499.0,0,P62987
0,6,A,10.07,25.869968304760754,2LJ5-alt-52_assembled,A6,51.0,0,P62987
1,11,A,11.36,65.41214783794429,2LJ5-alt-52_assembled,A11,86.0,0,P62987
2,27,A,10.67,0.0,2LJ5-alt-52_assembled,A27,210.0,0,P62987
3,29,A,11.04,21.31256456195316,2LJ5-alt-52_assembled,A29,224.0,0,P62987
4,33,A,10.35,44.76978970875695,2LJ5-alt-52_assembled,A33,258.0,0,P62987
5,48,A,9.99,35.38689965003543,2LJ5-alt-52_assembled,A48,375.0,0,P62987
6,63,A,10.61,60.050496375817715,2LJ5-alt-52_assembled,A63,499.0,0,P62987
0,6,A,10.31,42.22300526424683,2LJ5-alt-102_assembled,A6,51.0,0,P62987
1,11,A,10.54,93.82890058721516,2LJ5-alt-102_assembled,A11,86.0,0,P62987
2,27,A,10.95,10.321179064593668,2LJ5-alt-102_assembled,A27,210.0,0,P62987
3,29,A,11.17,30.427372047568348,2LJ5-alt-102_assembled,A29,224.0,0,P62987
4,33,A,11.4,31.767784913099995,2LJ5-alt-102_assembled,A33,258.0,0,P62987
5,48,A,10.37,63.937693685859486,2LJ5-alt-102_assembled,A48,375.0,0,P62987
6,63,A,10.58,84.84813438815314,2LJ5-alt-102_assembled,A63,499.0,0,P62987
0,6,A,10.27,48.52294573224556,2LJ5-alt-116_assembled,A6,51.0,0,P62987
1,11,A,11.34,52.81226690194683,2LJ5-alt-116_assembled,A11,86.0,0,P62987
2,27,A,10.53,0.0,2LJ5-alt-116_assembled,A27,210.0,0,P62987
3,29,A,11.1,30.15928947446202,2LJ5-alt-116_assembled,A29,224.0,0,P62987
4,33,A,10.44,43.16129427011897,2LJ5-alt-116_assembled,A33,258.0,0,P62987
5,48,A,10.37,72.24825345215568,2LJ5-alt-116_assembled,A48,375.0,0,P62987
6,63,A,11.48,62.865363393434166,2LJ5-alt-116_assembled,A63,499.0,0,P62987
0,6,A,10.3,40.078344679396196,2LJ5-alt-56_assembled,A6,51.0,0,P62987
1,11,A,10.25,60.98878538168985,2LJ5-alt-56_assembled,A11,86.0,0,P62987
2,27,A,10.42,0.0,2LJ5-alt-56_assembled,A27,210.0,0,P62987
3,29,A,11.13,36.32518865590759,2LJ5-alt-56_assembled,A29,224.0,0,P62987
4,33,A,11.31,63.53556982619999,2LJ5-alt-56_assembled,A33,258.0,0,P62987
5,48,A,10.04,37.12943637522657,2LJ5-alt-56_assembled,A48,375.0,0,P62987
6,63,A,11.44,62.865363393434166,2LJ5-alt-56_assembled,A63,499.0,0,P62987
0,6,A,10.16,46.1102025742886,2LJ5-alt-42_assembled,A6,51.0,0,P62987
1,11,A,11.32,59.11220736994555,2LJ5-alt-42_assembled,A11,86.0,0,P62987
2,27,A,10.48,0.0,2LJ5-alt-42_assembled,A27,210.0,0,P62987
3,29,A,11.15,24.931679298888604,2LJ5-alt-42_assembled,A29,224.0,0,P62987
4,33,A,11.45,70.77379930007086,2LJ5-alt-42_assembled,A33,258.0,0,P62987
5,48,A,10.43,72.516336025262,2LJ5-alt-42_assembled,A48,375.0,0,P62987
6,63,A,11.4,60.18453766237087,2LJ5-alt-42_assembled,A63,499.0,0,P62987
0,6,A,10.14,45.17191356841645,2LJ5-alt-112_assembled,A6,51.0,0,P62987
1,11,A,11.32,75.1971617563253,2LJ5-alt-112_assembled,A11,86.0,0,P62987
2,27,A,10.56,0.0,2LJ5-alt-112_assembled,A27,210.0,0,P62987
3,29,A,10.83,15.012624093954425,2LJ5-alt-112_assembled,A29,224.0,0,P62987
4,33,A,10.26,35.5209409365886,2LJ5-alt-112_assembled,A33,258.0,0,P62987
5,48,A,11.31,55.76117520611645,2LJ5-alt-112_assembled,A48,375.0,0,P62987
6,63,A,10.68,70.10359286730505,2LJ5-alt-112_assembled,A63,499.0,0,P62987
0,6,A,10.37,66.35043684381644,2LJ5-alt-106_assembled,A6,51.0,0,P62987
1,11,A,11.33,52.81226690194682,2LJ5-alt-106_assembled,A11,86.0,0,P62987
2,27,A,10.83,9.382890058721516,2LJ5-alt-106_assembled,A27,210.0,0,P62987
3,29,A,11.32,31.901826199653158,2LJ5-alt-106_assembled,A29,224.0,0,P62987
4,33,A,10.61,78.14607006049492,2LJ5-alt-106_assembled,A33,258.0,0,P62987
5,48,A,9.96,44.36766584909746,2LJ5-alt-106_assembled,A48,375.0,0,P62987
6,63,A,11.49,68.49509742866707,2LJ5-alt-106_assembled,A63,499.0,0,P62987
0,6,A,10.19,49.05911087845821,2LJ5-alt-95_assembled,A6,51.0,0,P62987
1,11,A,11.34,73.18654245802783,2LJ5-alt-95_assembled,A11,86.0,0,P62987
2,27,A,10.76,8.176518479743036,2LJ5-alt-95_assembled,A27,210.0,0,P62987
3,29,A,11.27,37.66560152143923,2LJ5-alt-95_assembled,A29,224.0,0,P62987
4,33,A,10.38,56.967546785094925,2LJ5-alt-95_assembled,A33,258.0,0,P62987
5,48,A,10.45,74.7950378966658,2LJ5-alt-95_assembled,A48,375.0,0,P62987
6,63,A,11.08,64.20577625896581,2LJ5-alt-95_assembled,A63,499.0,0,P62987
0,6,A,10.12,43.16129427011898,2LJ5-alt-81_assembled,A6,51.0,0,P62987
1,11,A,11.27,58.71008351028606,2LJ5-alt-81_assembled,A11,86.0,0,P62987
2,27,A,10.44,0.0,2LJ5-alt-81_assembled,A27,210.0,0,P62987
3,29,A,10.98,22.652977427484807,2LJ5-alt-81_assembled,A29,224.0,0,P62987
4,33,A,11.44,51.60589532296834,2LJ5-alt-81_assembled,A33,258.0,0,P62987
5,48,A,10.03,16.755160819145566,2LJ5-alt-81_assembled,A48,375.0,0,P62987
6,63,A,10.41,72.9184598849215,2LJ5-alt-81_assembled,A63,499.0,0,P62987
0,6,A,10.2,43.29533555667214,2LJ5-alt-258_assembled,A6,51.0,0,P62987
1,11,A,11.12,55.895216492669604,2LJ5-alt-258_assembled,A11,86.0,0,P62987
2,27,A,10.61,0.0,2LJ5-alt-258_assembled,A27,210.0,0,P62987
3,29,A,10.45,58.03987707752024,2LJ5-alt-258_assembled,A29,224.0,0,P62987
4,33,A,11.45,70.10359286730505,2LJ5-alt-258_assembled,A33,258.0,0,P62987
5,48,A,10.42,70.6397580135177,2LJ5-alt-258_assembled,A48,375.0,0,P62987
6,63,A,10.4,61.65899181445568,2LJ5-alt-258_assembled,A63,499.0,0,P62987
0,6,A,10.36,64.20577625896581,2LJ5-alt-264_assembled,A6,51.0,0,P62987
1,11,A,11.29,56.029257779222775,2LJ5-alt-264_assembled,A11,86.0,0,P62987
2,27,A,10.05,0.0,2LJ5-alt-264_assembled,A27,210.0,0,P62987
3,29,A,10.9,39.944303392843025,2LJ5-alt-264_assembled,A29,224.0,0,P62987
4,33,A,10.38,67.15468456313542,2LJ5-alt-264_assembled,A33,258.0,0,P62987
5,48,A,10.45,82.43539123019619,2LJ5-alt-264_assembled,A48,375.0,0,P62987
6,63,A,10.41,71.30996444628352,2LJ5-alt-264_assembled,A63,499.0,0,P62987
0,6,A,10.16,44.903830995310116,2LJ5-alt-270_assembled,A6,51.0,0,P62987
1,11,A,11.28,69.03126257487973,2LJ5-alt-270_assembled,A11,86.0,0,P62987
2,27,A,10.77,7.3722707604240485,2LJ5-alt-270_assembled,A27,210.0,0,P62987
3,29,A,11.04,30.293330761015184,2LJ5-alt-270_assembled,A29,224.0,0,P62987
4,33,A,10.4,38.067725381098725,2LJ5-alt-270_assembled,A33,258.0,0,P62987
5,48,A,10.44,84.04388666883415,2LJ5-alt-270_assembled,A48,375.0,0,P62987
6,63,A,10.43,85.11621696125948,2LJ5-alt-270_assembled,A63,499.0,0,P62987
0,6,A,10.37,50.53356503054302,2LJ5-alt-271_assembled,A6,51.0,0,P62987
1,11,A,11.34,65.01002397828479,2LJ5-alt-271_assembled,A11,86.0,0,P62987
2,27,A,10.28,0.0,2LJ5-alt-271_assembled,A27,210.0,0,P62987
3,29,A,11.1,31.901826199653158,2LJ5-alt-271_assembled,A29,224.0,0,P62987
4,33,A,11.37,52.67822561539366,2LJ5-alt-271_assembled,A33,258.0,0,P62987
5,48,A,10.32,76.80565719496326,2LJ5-alt-271_assembled,A48,375.0,0,P62987
6,63,A,11.4,62.329198247221505,2LJ5-alt-271_assembled,A63,499.0,0,P62987
0,6,A,10.12,41.954922691140496,2LJ5-alt-265_assembled,A6,51.0,0,P62987
1,11,A,11.39,53.482473334712644,2LJ5-alt-265_assembled,A11,86.0,0,P62987
2,27,A,10.77,0.0,2LJ5-alt-265_assembled,A27,210.0,0,P62987
3,29,A,10.99,26.808257310632904,2LJ5-alt-265_assembled,A29,224.0,0,P62987
4,33,A,10.23,60.18453766237087,2LJ5-alt-265_assembled,A33,258.0,0,P62987
5,48,A,10.41,82.56943251674934,2LJ5-alt-265_assembled,A48,375.0,0,P62987
6,63,A,10.41,62.731322106880995,2LJ5-alt-265_assembled,A63,499.0,0,P62987
0,6,A,10.28,49.72931731122404,2LJ5-alt-259_assembled,A6,51.0,0,P62987
1,11,A,10.56,89.80766199062023,2LJ5-alt-259_assembled,A11,86.0,0,P62987
2,27,A,10.44,0.0,2LJ5-alt-259_assembled,A27,210.0,0,P62987
3,29,A,11.26,29.757165614802524,2LJ5-alt-259_assembled,A29,224.0,0,P62987
4,33,A,10.52,45.17191356841644,2LJ5-alt-259_assembled,A33,258.0,0,P62987
5,48,A,10.44,88.06512526542909,2LJ5-alt-259_assembled,A48,375.0,0,P62987
6,63,A,10.43,77.0737397680696,2LJ5-alt-259_assembled,A63,499.0,0,P62987
0,6,A,10.35,61.52495052790252,2LJ5-alt-80_assembled,A6,51.0,0,P62987
1,11,A,11.31,59.78241380271138,2LJ5-alt-80_assembled,A11,86.0,0,P62987
2,27,A,12.03,0.0,2LJ5-alt-80_assembled,A27,210.0,0,P62987
3,29,A,10.94,29.489083041696198,2LJ5-alt-80_assembled,A29,224.0,0,P62987
4,33,A,10.62,61.927074387562016,2LJ5-alt-80_assembled,A33,258.0,0,P62987
5,48,A,9.94,37.26347766177974,2LJ5-alt-80_assembled,A48,375.0,0,P62987
6,63,A,11.16,69.1653038614329,2LJ5-alt-80_assembled,A63,499.0,0,P62987
0,6,A,10.28,42.08896397769366,2LJ5-alt-94_assembled,A6,51.0,0,P62987
1,11,A,11.13,43.69745941633164,2LJ5-alt-94_assembled,A11,86.0,0,P62987
2,27,A,10.51,0.0,2LJ5-alt-94_assembled,A27,210.0,0,P62987
3,29,A,10.6,40.882592398715175,2LJ5-alt-94_assembled,A29,224.0,0,P62987
4,33,A,10.36,45.17191356841644,2LJ5-alt-94_assembled,A33,258.0,0,P62987
5,48,A,10.17,56.83350549854176,2LJ5-alt-94_assembled,A48,375.0,0,P62987
6,63,A,11.48,61.79303310100885,2LJ5-alt-94_assembled,A63,499.0,0,P62987
0,6,A,10.33,46.64636772050125,2LJ5-alt-107_assembled,A6,51.0,0,P62987
1,11,A,11.36,66.35043684381644,2LJ5-alt-107_assembled,A11,86.0,0,P62987
2,27,A,10.5,0.0,2LJ5-alt-107_assembled,A27,210.0,0,P62987
3,29,A,11.14,30.159289474462017,2LJ5-alt-107_assembled,A29,224.0,0,P62987
4,33,A,10.42,37.531560234886065,2LJ5-alt-107_assembled,A33,258.0,0,P62987
5,48,A,10.32,42.75917041045948,2LJ5-alt-107_assembled,A48,375.0,0,P62987
6,63,A,11.15,43.56341812977847,2LJ5-alt-107_assembled,A63,499.0,0,P62987
0,6,A,10.37,56.56542292543543,2LJ5-alt-113_assembled,A6,51.0,0,P62987
1,11,A,11.32,57.23562935820125,2LJ5-alt-113_assembled,A11,86.0,0,P62987
2,27,A,10.55,0.0,2LJ5-alt-113_assembled,A27,210.0,0,P62987
3,29,A,11.07,33.37628035173797,2LJ5-alt-113_assembled,A29,224.0,0,P62987
4,33,A,11.41,37.129436375226575,2LJ5-alt-113_assembled,A33,258.0,0,P62987
5,48,A,10.01,49.05911087845821,2LJ5-alt-113_assembled,A48,375.0,0,P62987
6,63,A,11.42,54.4207623405848,2LJ5-alt-113_assembled,A63,499.0,0,P62987
0,6,A,10.12,48.79102830535189,2LJ5-alt-43_assembled,A6,51.0,0,P62987
1,11,A,11.34,59.38028994305189,2LJ5-alt-43_assembled,A11,86.0,0,P62987
2,27,A,11.47,0.0,2LJ5-alt-43_assembled,A27,210.0,0,P62987
3,29,A,11.08,37.129436375226575,2LJ5-alt-43_assembled,A29,224.0,0,P62987
4,33,A,11.29,48.52294573224555,2LJ5-alt-43_assembled,A33,258.0,0,P62987
5,48,A,10.36,78.9503177798139,2LJ5-alt-43_assembled,A48,375.0,0,P62987
6,63,A,11.48,64.6079001186253,2LJ5-alt-43_assembled,A63,499.0,0,P62987
0,6,A,10.15,48.92506959190506,2LJ5-alt-57_assembled,A6,51.0,0,P62987
1,11,A,11.22,53.34843204815948,2LJ5-alt-57_assembled,A11,86.0,0,P62987
2,27,A,11.55,0.0,2LJ5-alt-57_assembled,A27,210.0,0,P62987
3,29,A,11.06,37.129436375226575,2LJ5-alt-57_assembled,A29,224.0,0,P62987
4,33,A,11.53,50.93568889020252,2LJ5-alt-57_assembled,A33,258.0,0,P62987
5,48,A,10.45,77.8779874873886,2LJ5-alt-57_assembled,A48,375.0,0,P62987
6,63,A,11.49,65.54618912449746,2LJ5-alt-57_assembled,A63,499.0,0,P62987
0,6,A,10.08,29.623124328249357,2LJ5-alt-139_assembled,A6,51.0,0,P62987
1,11,A,11.37,66.48447813036961,2LJ5-alt-139_assembled,A11,86.0,0,P62987
2,27,A,10.61,0.0,2LJ5-alt-139_assembled,A27,210.0,0,P62987
3,29,A,11.09,22.921060000591133,2LJ5-alt-139_assembled,A29,224.0,0,P62987
4,33,A,11.43,51.203771463308854,2LJ5-alt-139_assembled,A33,258.0,0,P62987
5,48,A,10.42,79.21840035292024,2LJ5-alt-139_assembled,A48,375.0,0,P62987
6,63,A,11.35,65.01002397828479,2LJ5-alt-139_assembled,A63,499.0,0,P62987
0,6,A,10.1,43.29533555667214,2LJ5-alt-41_assembled,A6,51.0,0,P62987
1,11,A,11.33,55.09096877335061,2LJ5-alt-41_assembled,A11,86.0,0,P62987
2,27,A,10.41,0.0,2LJ5-alt-41_assembled,A27,210.0,0,P62987
3,29,A,10.91,39.14005567352404,2LJ5-alt-41_assembled,A29,224.0,0,P62987
4,33,A,10.63,60.4526202354772,2LJ5-alt-41_assembled,A33,258.0,0,P62987
5,48,A,10.45,71.71208830594301,2LJ5-alt-41_assembled,A48,375.0,0,P62987
6,63,A,11.27,64.07173497241264,2LJ5-alt-41_assembled,A63,499.0,0,P62987
0,6,A,10.21,63.53556982619999,2LJ5-alt-55_assembled,A6,51.0,0,P62987
1,11,A,11.32,59.38028994305188,2LJ5-alt-55_assembled,A11,86.0,0,P62987
2,27,A,10.77,0.0,2LJ5-alt-55_assembled,A27,210.0,0,P62987
3,29,A,11.04,23.993390293016446,2LJ5-alt-55_assembled,A29,224.0,0,P62987
4,33,A,11.35,48.65698701879872,2LJ5-alt-55_assembled,A33,258.0,0,P62987
5,48,A,11.26,54.018638480925304,2LJ5-alt-55_assembled,A48,375.0,0,P62987
6,63,A,11.41,62.195156960668335,2LJ5-alt-55_assembled,A63,499.0,0,P62987
0,6,A,9.97,32.169908772759484,2LJ5-alt-105_assembled,A6,51.0,0,P62987
1,11,A,11.38,55.895216492669604,2LJ5-alt-105_assembled,A11,86.0,0,P62987
2,27,A,10.58,0.0,2LJ5-alt-105_assembled,A27,210.0,0,P62987
3,29,A,11.15,30.02524818790885,2LJ5-alt-105_assembled,A29,224.0,0,P62987
4,33,A,11.42,38.73793181386455,2LJ5-alt-105_assembled,A33,258.0,0,P62987
5,48,A,9.84,30.159289474462017,2LJ5-alt-105_assembled,A48,375.0,0,P62987
6,63,A,11.5,58.978166083392395,2LJ5-alt-105_assembled,A63,499.0,0,P62987
0,6,A,10.33,57.90583579096707,2LJ5-alt-111_assembled,A6,51.0,0,P62987
1,11,A,11.32,51.203771463308854,2LJ5-alt-111_assembled,A11,86.0,0,P62987
2,27,A,11.47,0.0,2LJ5-alt-111_assembled,A27,210.0,0,P62987
3,29,A,10.99,25.467844445101257,2LJ5-alt-111_assembled,A29,224.0,0,P62987
4,33,A,11.3,56.967546785094925,2LJ5-alt-111_assembled,A33,258.0,0,P62987
5,48,A,10.41,73.320583744581,2LJ5-alt-111_assembled,A48,375.0,0,P62987
6,63,A,11.48,67.95893228245441,2LJ5-alt-111_assembled,A63,499.0,0,P62987
0,6,A,10.11,38.067725381098725,2LJ5-alt-69_assembled,A6,51.0,0,P62987
1,11,A,11.3,58.5760422237329,2LJ5-alt-69_assembled,A11,86.0,0,P62987
2,27,A,10.81,0.0,2LJ5-alt-69_assembled,A27,210.0,0,P62987
3,29,A,11.14,32.03586748620632,2LJ5-alt-69_assembled,A29,224.0,0,P62987
4,33,A,11.41,55.62713391956328,2LJ5-alt-69_assembled,A33,258.0,0,P62987
5,48,A,10.53,63.803652399306316,2LJ5-alt-69_assembled,A48,375.0,0,P62987
6,63,A,11.42,55.090968773350625,2LJ5-alt-69_assembled,A63,499.0,0,P62987
0,6,A,10.23,39.944303392843025,2LJ5-alt-82_assembled,A6,51.0,0,P62987
1,11,A,11.37,48.92506959190505,2LJ5-alt-82_assembled,A11,86.0,0,P62987
2,27,A,10.97,9.382890058721516,2LJ5-alt-82_assembled,A27,210.0,0,P62987
3,29,A,10.49,49.32719345156455,2LJ5-alt-82_assembled,A29,224.0,0,P62987
4,33,A,10.55,71.0418818731772,2LJ5-alt-82_assembled,A33,258.0,0,P62987
5,48,A,11.4,57.101588071648095,2LJ5-alt-82_assembled,A48,375.0,0,P62987
6,63,A,11.47,56.833505498541754,2LJ5-alt-82_assembled,A63,499.0,0,P62987
0,6,A,9.94,30.561413334121514,2LJ5-alt-96_assembled,A6,51.0,0,P62987
1,11,A,10.22,72.38229473870885,2LJ5-alt-96_assembled,A11,86.0,0,P62987
2,27,A,10.55,0.0,2LJ5-alt-96_assembled,A27,210.0,0,P62987
3,29,A,11.29,30.695454620674674,2LJ5-alt-96_assembled,A29,224.0,0,P62987
4,33,A,10.49,43.965541989437966,2LJ5-alt-96_assembled,A33,258.0,0,P62987
5,48,A,10.5,81.2290196512177,2LJ5-alt-96_assembled,A48,375.0,0,P62987
6,63,A,11.42,61.52495052790252,2LJ5-alt-96_assembled,A63,499.0,0,P62987
0,6,A,10.35,50.26548245743669,2LJ5-alt-273_assembled,A6,51.0,0,P62987
1,11,A,11.17,51.605895322968344,2LJ5-alt-273_assembled,A11,86.0,0,P62987
2,27,A,10.55,8.3105597662962,2LJ5-alt-273_assembled,A27,210.0,0,P62987
3,29,A,10.69,63.53556982619998,2LJ5-alt-273_assembled,A29,224.0,0,P62987
4,33,A,10.47,59.246248656498715,2LJ5-alt-273_assembled,A33,258.0,0,P62987
5,48,A,10.38,65.81427169760379,2LJ5-alt-273_assembled,A48,375.0,0,P62987
6,63,A,10.44,94.499107019981,2LJ5-alt-273_assembled,A63,499.0,0,P62987
0,6,A,10.11,45.03787228186327,2LJ5-alt-267_assembled,A6,51.0,0,P62987
1,11,A,11.49,68.09297356900757,2LJ5-alt-267_assembled,A11,86.0,0,P62987
2,27,A,11.15,13.94029380152911,2LJ5-alt-267_assembled,A27,210.0,0,P62987
3,29,A,11.25,30.829495907227844,2LJ5-alt-267_assembled,A29,224.0,0,P62987
4,33,A,10.25,56.2973403523291,2LJ5-alt-267_assembled,A33,258.0,0,P62987
5,48,A,10.49,76.80565719496327,2LJ5-alt-267_assembled,A48,375.0,0,P62987
6,63,A,10.44,90.61190970993923,2LJ5-alt-267_assembled,A63,499.0,0,P62987
0,6,A,10.13,27.076339883739234,2LJ5-alt-298_assembled,A6,51.0,0,P62987
1,11,A,10.53,71.98017087904935,2LJ5-alt-298_assembled,A11,86.0,0,P62987
2,27,A,10.61,0.0,2LJ5-alt-298_assembled,A27,210.0,0,P62987
3,29,A,10.39,45.305954854969606,2LJ5-alt-298_assembled,A29,224.0,0,P62987
4,33,A,11.44,68.7631800017734,2LJ5-alt-298_assembled,A33,258.0,0,P62987
5,48,A,10.41,75.46524432943163,2LJ5-alt-298_assembled,A48,375.0,0,P62987
6,63,A,10.68,65.94831298415696,2LJ5-alt-298_assembled,A63,499.0,0,P62987
0,6,A,10.28,48.79102830535189,2LJ5-alt-299_assembled,A6,51.0,0,P62987
1,11,A,11.33,43.965541989437966,2LJ5-alt-299_assembled,A11,86.0,0,P62987
2,27,A,10.65,0.0,2LJ5-alt-299_assembled,A27,210.0,0,P62987
3,29,A,10.97,26.67421602407974,2LJ5-alt-299_assembled,A29,224.0,0,P62987
4,33,A,10.53,74.92907918321896,2LJ5-alt-299_assembled,A33,258.0,0,P62987
5,48,A,10.43,84.04388666883415,2LJ5-alt-299_assembled,A48,375.0,0,P62987
6,63,A,10.4,87.52896011921644,2LJ5-alt-299_assembled,A63,499.0,0,P62987
0,6,A,10.34,63.66961111275316,2LJ5-alt-266_assembled,A6,51.0,0,P62987
1,11,A,10.6,104.95432737112782,2LJ5-alt-266_assembled,A11,86.0,0,P62987
2,27,A,11.69,0.0,2LJ5-alt-266_assembled,A27,210.0,0,P62987
3,29,A,10.37,48.3889044456924,2LJ5-alt-266_assembled,A29,224.0,0,P62987
4,33,A,10.57,46.11020257428859,2LJ5-alt-266_assembled,A33,258.0,0,P62987
5,48,A,10.43,80.55881321845189,2LJ5-alt-266_assembled,A48,375.0,0,P62987
6,63,A,10.43,75.5992856159848,2LJ5-alt-266_assembled,A63,499.0,0,P62987
0,6,A,10.11,44.76978970875695,2LJ5-alt-272_assembled,A6,51.0,0,P62987
1,11,A,11.3,55.761175206116434,2LJ5-alt-272_assembled,A11,86.0,0,P62987
2,27,A,10.65,0.0,2LJ5-alt-272_assembled,A27,210.0,0,P62987
3,29,A,11.06,30.025248187908858,2LJ5-alt-272_assembled,A29,224.0,0,P62987
4,33,A,10.26,39.542179533183536,2LJ5-alt-272_assembled,A33,258.0,0,P62987
5,48,A,10.25,53.48247333471265,2LJ5-alt-272_assembled,A48,375.0,0,P62987
6,63,A,10.82,59.11220736994556,2LJ5-alt-272_assembled,A63,499.0,0,P62987
0,6,A,10.38,76.0014094756443,2LJ5-alt-97_assembled,A6,51.0,0,P62987
1,11,A,11.34,70.50571672696455,2LJ5-alt-97_assembled,A11,86.0,0,P62987
2,27,A,11.0,11.393509357018983,2LJ5-alt-97_assembled,A27,210.0,0,P62987
3,29,A,11.17,27.2103811702924,2LJ5-alt-97_assembled,A29,224.0,0,P62987
4,33,A,10.32,43.965541989437966,2LJ5-alt-97_assembled,A33,258.0,0,P62987
5,48,A,10.38,78.68223520670757,2LJ5-alt-97_assembled,A48,375.0,0,P62987
6,63,A,10.43,80.15668935879239,2LJ5-alt-97_assembled,A63,499.0,0,P62987
0,6,A,10.3,47.18253286671391,2LJ5-alt-83_assembled,A6,51.0,0,P62987
1,11,A,11.26,56.431381638882264,2LJ5-alt-83_assembled,A11,86.0,0,P62987
2,27,A,10.71,0.0,2LJ5-alt-83_assembled,A27,210.0,0,P62987
3,29,A,10.94,26.942298597186067,2LJ5-alt-83_assembled,A29,224.0,0,P62987
4,33,A,11.2,57.63775321786075,2LJ5-alt-83_assembled,A33,258.0,0,P62987
5,48,A,12.0,39.542179533183536,2LJ5-alt-83_assembled,A48,375.0,0,P62987
6,63,A,11.12,66.75256070347594,2LJ5-alt-83_assembled,A63,499.0,0,P62987
0,6,A,10.35,52.41014304228733,2LJ5-alt-68_assembled,A6,51.0,0,P62987
1,11,A,11.1,62.46323953377467,2LJ5-alt-68_assembled,A11,86.0,0,P62987
2,27,A,11.66,0.0,2LJ5-alt-68_assembled,A27,210.0,0,P62987
3,29,A,11.18,42.75917041045948,2LJ5-alt-68_assembled,A29,224.0,0,P62987
4,33,A,11.44,59.782413802711375,2LJ5-alt-68_assembled,A33,258.0,0,P62987
5,48,A,10.35,78.9503177798139,2LJ5-alt-68_assembled,A48,375.0,0,P62987
6,63,A,11.48,56.6994642119886,2LJ5-alt-68_assembled,A63,499.0,0,P62987
0,6,A,10.38,62.06111567411518,2LJ5-alt-110_assembled,A6,51.0,0,P62987
1,11,A,11.33,68.49509742866707,2LJ5-alt-110_assembled,A11,86.0,0,P62987
2,27,A,10.45,6.970146900764555,2LJ5-alt-110_assembled,A27,210.0,0,P62987
3,29,A,11.04,30.695454620674674,2LJ5-alt-110_assembled,A29,224.0,0,P62987
4,33,A,11.45,66.75256070347594,2LJ5-alt-110_assembled,A33,258.0,0,P62987
5,48,A,9.96,45.03787228186328,2LJ5-alt-110_assembled,A48,375.0,0,P62987
6,63,A,11.47,59.916455089264545,2LJ5-alt-110_assembled,A63,499.0,0,P62987
0,6,A,10.21,50.93568889020253,2LJ5-alt-104_assembled,A6,51.0,0,P62987
1,11,A,11.36,59.51433122960505,2LJ5-alt-104_assembled,A11,86.0,0,P62987
2,27,A,10.94,24.79763801233544,2LJ5-alt-104_assembled,A27,210.0,0,P62987
3,29,A,11.01,26.004009591313917,2LJ5-alt-104_assembled,A29,224.0,0,P62987
4,33,A,11.4,53.75055590781898,2LJ5-alt-104_assembled,A33,258.0,0,P62987
5,48,A,10.43,63.93769368585948,2LJ5-alt-104_assembled,A48,375.0,0,P62987
6,63,A,11.47,62.46323953377467,2LJ5-alt-104_assembled,A63,499.0,0,P62987
0,6,A,10.32,54.28672105403163,2LJ5-alt-54_assembled,A6,51.0,0,P62987
1,11,A,11.33,51.73993660952151,2LJ5-alt-54_assembled,A11,86.0,0,P62987
2,27,A,10.77,0.0,2LJ5-alt-54_assembled,A27,210.0,0,P62987
3,29,A,11.11,36.727312515567085,2LJ5-alt-54_assembled,A29,224.0,0,P62987
4,33,A,10.54,57.77179450441392,2LJ5-alt-54_assembled,A33,258.0,0,P62987
5,48,A,10.35,62.731322106880995,2LJ5-alt-54_assembled,A48,375.0,0,P62987
6,63,A,11.51,59.78241380271138,2LJ5-alt-54_assembled,A63,499.0,0,P62987
0,6,A,10.13,40.078344679396196,2LJ5-alt-40_assembled,A6,51.0,0,P62987
1,11,A,11.27,52.678225615393664,2LJ5-alt-40_assembled,A11,86.0,0,P62987
2,27,A,10.72,0.0,2LJ5-alt-40_assembled,A27,210.0,0,P62987
3,29,A,11.56,23.457225146803793,2LJ5-alt-40_assembled,A29,224.0,0,P62987
4,33,A,11.32,27.746546316505054,2LJ5-alt-40_assembled,A33,258.0,0,P62987
5,48,A,10.13,46.91445029360759,2LJ5-alt-40_assembled,A48,375.0,0,P62987
6,63,A,10.74,76.80565719496326,2LJ5-alt-40_assembled,A63,499.0,0,P62987
0,6,A,10.3,59.64837251615822,2LJ5-alt-138_assembled,A6,51.0,0,P62987
1,11,A,11.21,55.76117520611645,2LJ5-alt-138_assembled,A11,86.0,0,P62987
2,27,A,10.56,0.0,2LJ5-alt-138_assembled,A27,210.0,0,P62987
3,29,A,10.93,37.66560152143923,2LJ5-alt-138_assembled,A29,224.0,0,P62987
4,33,A,11.37,50.80164760364936,2LJ5-alt-138_assembled,A33,258.0,0,P62987
5,48,A,10.42,82.43539123019619,2LJ5-alt-138_assembled,A48,375.0,0,P62987
6,63,A,11.5,68.09297356900758,2LJ5-alt-138_assembled,A63,499.0,0,P62987
0,6,A,10.37,71.98017087904935,2LJ5-alt-163_assembled,A6,51.0,0,P62987
1,11,A,11.4,65.68023041105063,2LJ5-alt-163_assembled,A11,86.0,0,P62987
2,27,A,10.98,9.919055204934175,2LJ5-alt-163_assembled,A27,210.0,0,P62987
3,29,A,11.1,30.56141333412151,2LJ5-alt-163_assembled,A29,224.0,0,P62987
4,33,A,11.5,70.23763415385821,2LJ5-alt-163_assembled,A33,258.0,0,P62987
5,48,A,11.26,46.780409007054416,2LJ5-alt-163_assembled,A48,375.0,0,P62987
6,63,A,10.4,67.82489099590126,2LJ5-alt-163_assembled,A63,499.0,0,P62987
0,6,A,10.38,60.98878538168986,2LJ5-alt-177_assembled,A6,51.0,0,P62987
1,11,A,11.35,44.50170713565062,2LJ5-alt-177_assembled,A11,86.0,0,P62987
2,27,A,10.47,0.0,2LJ5-alt-177_assembled,A27,210.0,0,P62987
3,29,A,11.11,30.025248187908858,2LJ5-alt-177_assembled,A29,224.0,0,P62987
4,33,A,10.55,49.193152165011384,2LJ5-alt-177_assembled,A33,258.0,0,P62987
5,48,A,10.09,49.59527602467087,2LJ5-alt-177_assembled,A48,375.0,0,P62987
6,63,A,10.43,84.04388666883416,2LJ5-alt-177_assembled,A63,499.0,0,P62987
0,6,A,10.16,46.37828514739492,2LJ5-alt-27_assembled,A6,51.0,0,P62987
1,11,A,11.32,57.50371193130758,2LJ5-alt-27_assembled,A11,86.0,0,P62987
2,27,A,10.96,7.238229473870884,2LJ5-alt-27_assembled,A27,210.0,0,P62987
3,29,A,10.93,43.56341812977847,2LJ5-alt-27_assembled,A29,224.0,0,P62987
4,33,A,10.6,49.59527602467087,2LJ5-alt-27_assembled,A33,258.0,0,P62987
5,48,A,10.27,61.92707438756201,2LJ5-alt-27_assembled,A48,375.0,0,P62987
6,63,A,11.46,64.20577625896581,2LJ5-alt-27_assembled,A63,499.0,0,P62987
0,6,A,10.28,66.35043684381644,2LJ5-alt-33_assembled,A6,51.0,0,P62987
1,11,A,11.14,52.41014304228733,2LJ5-alt-33_assembled,A11,86.0,0,P62987
2,27,A,10.53,0.0,2LJ5-alt-33_assembled,A27,210.0,0,P62987
3,29,A,11.08,33.644362924844295,2LJ5-alt-33_assembled,A29,224.0,0,P62987
4,33,A,11.37,78.14607006049492,2LJ5-alt-33_assembled,A33,258.0,0,P62987
5,48,A,11.27,42.893211697012646,2LJ5-alt-33_assembled,A48,375.0,0,P62987
6,63,A,11.47,67.95893228245441,2LJ5-alt-33_assembled,A63,499.0,0,P62987
0,6,A,10.38,70.77379930007086,2LJ5-alt-188_assembled,A6,51.0,0,P62987
1,11,A,11.37,42.62512912390632,2LJ5-alt-188_assembled,A11,86.0,0,P62987
2,27,A,10.35,0.0,2LJ5-alt-188_assembled,A27,210.0,0,P62987
3,29,A,10.39,43.02725298356581,2LJ5-alt-188_assembled,A29,224.0,0,P62987
4,33,A,10.57,87.39491883266328,2LJ5-alt-188_assembled,A33,258.0,0,P62987
5,48,A,10.44,82.56943251674934,2LJ5-alt-188_assembled,A48,375.0,0,P62987
6,63,A,11.46,65.81427169760377,2LJ5-alt-188_assembled,A63,499.0,0,P62987
0,6,A,10.33,52.544184328840494,2LJ5-alt-215_assembled,A6,51.0,0,P62987
1,11,A,11.38,67.02064327658226,2LJ5-alt-215_assembled,A11,86.0,0,P62987
2,27,A,10.77,8.980766199062023,2LJ5-alt-215_assembled,A27,210.0,0,P62987
3,29,A,11.16,32.706073918972145,2LJ5-alt-215_assembled,A29,224.0,0,P62987
4,33,A,10.37,45.43999614152277,2LJ5-alt-215_assembled,A33,258.0,0,P62987
5,48,A,10.18,61.65899181445569,2LJ5-alt-215_assembled,A48,375.0,0,P62987
6,63,A,10.44,83.37368023606834,2LJ5-alt-215_assembled,A63,499.0,0,P62987
0,6,A,10.35,51.47185403641518,2LJ5-alt-201_assembled,A6,51.0,0,P62987
1,11,A,10.44,80.96093707811139,2LJ5-alt-201_assembled,A11,86.0,0,P62987
2,27,A,10.57,0.0,2LJ5-alt-201_assembled,A27,210.0,0,P62987
3,29,A,10.94,28.014628889611387,2LJ5-alt-201_assembled,A29,224.0,0,P62987
4,33,A,10.46,36.72731251556708,2LJ5-alt-201_assembled,A33,258.0,0,P62987
5,48,A,10.22,47.9867805860329,2LJ5-alt-201_assembled,A48,375.0,0,P62987
6,63,A,10.39,59.64837251615821,2LJ5-alt-201_assembled,A63,499.0,0,P62987
0,6,A,10.18,39.27409696007721,2LJ5-alt-229_assembled,A6,51.0,0,P62987
1,11,A,11.39,44.903830995310116,2LJ5-alt-229_assembled,A11,86.0,0,P62987
2,27,A,11.05,12.599880935997465,2LJ5-alt-229_assembled,A27,210.0,0,P62987
3,29,A,11.07,28.550794035824048,2LJ5-alt-229_assembled,A29,224.0,0,P62987
4,33,A,10.64,61.390909241349355,2LJ5-alt-229_assembled,A33,258.0,0,P62987
5,48,A,10.21,60.58666152203036,2LJ5-alt-229_assembled,A48,375.0,0,P62987
6,63,A,10.44,85.11621696125948,2LJ5-alt-229_assembled,A63,499.0,0,P62987
0,6,A,10.15,55.35905134645695,2LJ5-alt-3_assembled,A6,51.0,0,P62987
1,11,A,11.29,49.46123473811771,2LJ5-alt-3_assembled,A11,86.0,0,P62987
2,27,A,11.6,8.444601052849366,2LJ5-alt-3_assembled,A27,210.0,0,P62987
3,29,A,11.06,30.02524818790885,2LJ5-alt-3_assembled,A29,224.0,0,P62987
4,33,A,11.34,31.499702339993664,2LJ5-alt-3_assembled,A33,258.0,0,P62987
5,48,A,10.0,37.26347766177974,2LJ5-alt-3_assembled,A48,375.0,0,P62987
6,63,A,11.49,58.03987707752024,2LJ5-alt-3_assembled,A63,499.0,0,P62987
0,6,A,9.98,37.3975189483329,2LJ5-alt-2_assembled,A6,51.0,0,P62987
1,11,A,11.35,55.62713391956328,2LJ5-alt-2_assembled,A11,86.0,0,P62987
2,27,A,10.94,10.589261637699996,2LJ5-alt-2_assembled,A27,210.0,0,P62987
3,29,A,11.12,22.25085356782531,2LJ5-alt-2_assembled,A29,224.0,0,P62987
4,33,A,12.46,31.231619766887334,2LJ5-alt-2_assembled,A33,258.0,0,P62987
5,48,A,10.37,82.30134994364302,2LJ5-alt-2_assembled,A48,375.0,0,P62987
6,63,A,11.55,76.80565719496329,2LJ5-alt-2_assembled,A63,499.0,0,P62987
0,6,A,10.31,47.58465672637341,2LJ5-alt-228_assembled,A6,51.0,0,P62987
1,11,A,11.35,67.95893228245441,2LJ5-alt-228_assembled,A11,86.0,0,P62987
2,27,A,11.12,10.99138549735949,2LJ5-alt-228_assembled,A27,210.0,0,P62987
3,29,A,11.26,32.43799134586581,2LJ5-alt-228_assembled,A29,224.0,0,P62987
4,33,A,10.36,42.357046550799986,2LJ5-alt-228_assembled,A33,258.0,0,P62987
5,48,A,10.53,79.48648292602657,2LJ5-alt-228_assembled,A48,375.0,0,P62987
6,63,A,10.51,76.53757462185695,2LJ5-alt-228_assembled,A63,499.0,0,P62987
0,6,A,10.28,60.318578948924035,2LJ5-alt-200_assembled,A6,51.0,0,P62987
1,11,A,11.45,67.42276713624176,2LJ5-alt-200_assembled,A11,86.0,0,P62987
2,27,A,10.97,8.57864233940253,2LJ5-alt-200_assembled,A27,210.0,0,P62987
3,29,A,11.18,23.457225146803793,2LJ5-alt-200_assembled,A29,224.0,0,P62987
4,33,A,11.0,63.93769368585947,2LJ5-alt-200_assembled,A33,258.0,0,P62987
5,48,A,10.44,67.2887258496886,2LJ5-alt-200_assembled,A48,375.0,0,P62987
6,63,A,10.46,69.96955158075188,2LJ5-alt-200_assembled,A63,499.0,0,P62987
0,6,A,10.15,40.74855111216202,2LJ5-alt-214_assembled,A6,51.0,0,P62987
1,11,A,11.34,58.30795965062656,2LJ5-alt-214_assembled,A11,86.0,0,P62987
2,27,A,12.05,6.836105614211391,2LJ5-alt-214_assembled,A27,210.0,0,P62987
3,29,A,11.24,28.14867017616455,2LJ5-alt-214_assembled,A29,224.0,0,P62987
4,33,A,10.45,72.38229473870884,2LJ5-alt-214_assembled,A33,258.0,0,P62987
5,48,A,10.53,72.516336025262,2LJ5-alt-214_assembled,A48,375.0,0,P62987
6,63,A,11.15,58.97816608339239,2LJ5-alt-214_assembled,A63,499.0,0,P62987
0,6,A,10.14,56.6994642119886,2LJ5-alt-189_assembled,A6,51.0,0,P62987
1,11,A,11.36,48.65698701879872,2LJ5-alt-189_assembled,A11,86.0,0,P62987
2,27,A,10.62,0.0,2LJ5-alt-189_assembled,A27,210.0,0,P62987
3,29,A,10.87,25.601885731654427,2LJ5-alt-189_assembled,A29,224.0,0,P62987
4,33,A,10.6,49.193152165011384,2LJ5-alt-189_assembled,A33,258.0,0,P62987
5,48,A,10.46,77.60990491428225,2LJ5-alt-189_assembled,A48,375.0,0,P62987
6,63,A,10.41,63.267487253093655,2LJ5-alt-189_assembled,A63,499.0,0,P62987
0,6,A,10.07,46.24424386084176,2LJ5-alt-32_assembled,A6,51.0,0,P62987
1,11,A,11.3,59.11220736994556,2LJ5-alt-32_assembled,A11,86.0,0,P62987
2,27,A,10.39,0.0,2LJ5-alt-32_assembled,A27,210.0,0,P62987
3,29,A,11.1,27.88058760305822,2LJ5-alt-32_assembled,A29,224.0,0,P62987
4,33,A,10.95,26.13805087786708,2LJ5-alt-32_assembled,A33,258.0,0,P62987
5,48,A,10.44,73.99079017734682,2LJ5-alt-32_assembled,A48,375.0,0,P62987
6,63,A,11.44,60.4526202354772,2LJ5-alt-32_assembled,A63,499.0,0,P62987
0,6,A,10.3,46.646367720501246,2LJ5-alt-26_assembled,A6,51.0,0,P62987
1,11,A,11.38,73.99079017734682,2LJ5-alt-26_assembled,A11,86.0,0,P62987
2,27,A,10.76,6.970146900764555,2LJ5-alt-26_assembled,A27,210.0,0,P62987
3,29,A,11.09,23.993390293016454,2LJ5-alt-26_assembled,A29,224.0,0,P62987
4,33,A,10.39,57.10158807164808,2LJ5-alt-26_assembled,A33,258.0,0,P62987
5,48,A,11.46,48.656987018798716,2LJ5-alt-26_assembled,A48,375.0,0,P62987
6,63,A,11.51,67.42276713624176,2LJ5-alt-26_assembled,A63,499.0,0,P62987
0,6,A,10.33,46.51232643394808,2LJ5-alt-176_assembled,A6,51.0,0,P62987
1,11,A,11.35,66.48447813036961,2LJ5-alt-176_assembled,A11,86.0,0,P62987
2,27,A,10.83,0.0,2LJ5-alt-176_assembled,A27,210.0,0,P62987
3,29,A,11.16,35.25285836348227,2LJ5-alt-176_assembled,A29,224.0,0,P62987
4,33,A,10.64,47.316574153267084,2LJ5-alt-176_assembled,A33,258.0,0,P62987
5,48,A,10.42,71.98017087904935,2LJ5-alt-176_assembled,A48,375.0,0,P62987
6,63,A,10.44,76.40353333530378,2LJ5-alt-176_assembled,A63,499.0,0,P62987
0,6,A,10.19,38.46984924075822,2LJ5-alt-162_assembled,A6,51.0,0,P62987
1,11,A,10.39,74.7950378966658,2LJ5-alt-162_assembled,A11,86.0,0,P62987
2,27,A,10.63,0.0,2LJ5-alt-162_assembled,A27,210.0,0,P62987
3,29,A,10.4,49.86335859777721,2LJ5-alt-162_assembled,A29,224.0,0,P62987
4,33,A,10.49,51.47185403641518,2LJ5-alt-162_assembled,A33,258.0,0,P62987
5,48,A,10.32,73.18654245802784,2LJ5-alt-162_assembled,A48,375.0,0,P62987
6,63,A,10.95,61.52495052790252,2LJ5-alt-162_assembled,A63,499.0,0,P62987
0,6,A,10.14,41.150674971821516,2LJ5-alt-174_assembled,A6,51.0,0,P62987
1,11,A,11.33,62.06111567411517,2LJ5-alt-174_assembled,A11,86.0,0,P62987
2,27,A,10.58,0.0,2LJ5-alt-174_assembled,A27,210.0,0,P62987
3,29,A,10.34,44.76978970875695,2LJ5-alt-174_assembled,A29,224.0,0,P62987
4,33,A,10.52,38.46984924075822,2LJ5-alt-174_assembled,A33,258.0,0,P62987
5,48,A,10.27,62.59728082032784,2LJ5-alt-174_assembled,A48,375.0,0,P62987
6,63,A,10.41,70.23763415385821,2LJ5-alt-174_assembled,A63,499.0,0,P62987
0,6,A,10.32,37.26347766177974,2LJ5-alt-160_assembled,A6,51.0,0,P62987
1,11,A,11.12,60.854744095136695,2LJ5-alt-160_assembled,A11,86.0,0,P62987
2,27,A,10.45,0.0,2LJ5-alt-160_assembled,A27,210.0,0,P62987
3,29,A,10.66,47.98678058603289,2LJ5-alt-160_assembled,A29,224.0,0,P62987
4,33,A,10.6,54.82288620024429,2LJ5-alt-160_assembled,A33,258.0,0,P62987
5,48,A,10.43,80.15668935879239,2LJ5-alt-160_assembled,A48,375.0,0,P62987
6,63,A,10.73,62.06111567411517,2LJ5-alt-160_assembled,A63,499.0,0,P62987
0,6,A,10.23,49.72931731122404,2LJ5-alt-18_assembled,A6,51.0,0,P62987
1,11,A,11.33,65.68023041105062,2LJ5-alt-18_assembled,A11,86.0,0,P62987
2,27,A,10.66,6.970146900764555,2LJ5-alt-18_assembled,A27,210.0,0,P62987
3,29,A,11.07,22.921060000591133,2LJ5-alt-18_assembled,A29,224.0,0,P62987
4,33,A,11.49,37.66560152143923,2LJ5-alt-18_assembled,A33,258.0,0,P62987
5,48,A,10.44,61.927074387562016,2LJ5-alt-18_assembled,A48,375.0,0,P62987
6,63,A,10.43,64.33981754551897,2LJ5-alt-18_assembled,A63,499.0,0,P62987
0,6,A,9.98,43.16129427011897,2LJ5-alt-148_assembled,A6,51.0,0,P62987
1,11,A,10.54,95.16931345274682,2LJ5-alt-148_assembled,A11,86.0,0,P62987
2,27,A,10.71,7.640353333530379,2LJ5-alt-148_assembled,A27,210.0,0,P62987
3,29,A,11.06,35.118817076929105,2LJ5-alt-148_assembled,A29,224.0,0,P62987
4,33,A,10.4,38.33580795420505,2LJ5-alt-148_assembled,A33,258.0,0,P62987
5,48,A,11.36,48.12082187258606,2LJ5-alt-148_assembled,A48,375.0,0,P62987
6,63,A,10.41,67.69084970934809,2LJ5-alt-148_assembled,A63,499.0,0,P62987
0,6,A,10.15,41.15067497182151,2LJ5-alt-30_assembled,A6,51.0,0,P62987
1,11,A,11.26,65.94831298415694,2LJ5-alt-30_assembled,A11,86.0,0,P62987
2,27,A,10.5,0.0,2LJ5-alt-30_assembled,A27,210.0,0,P62987
3,29,A,10.95,32.30395005931265,2LJ5-alt-30_assembled,A29,224.0,0,P62987
4,33,A,11.46,51.33781274986202,2LJ5-alt-30_assembled,A33,258.0,0,P62987
5,48,A,10.05,42.75917041045949,2LJ5-alt-30_assembled,A48,375.0,0,P62987
6,63,A,11.49,66.8866019900291,2LJ5-alt-30_assembled,A63,499.0,0,P62987
0,6,A,10.16,33.91244549795063,2LJ5-alt-24_assembled,A6,51.0,0,P62987
1,11,A,11.31,54.15267976747847,2LJ5-alt-24_assembled,A11,86.0,0,P62987
2,27,A,10.23,0.0,2LJ5-alt-24_assembled,A27,210.0,0,P62987
3,29,A,11.17,30.56141333412151,2LJ5-alt-24_assembled,A29,224.0,0,P62987
4,33,A,11.41,62.59728082032783,2LJ5-alt-24_assembled,A33,258.0,0,P62987
5,48,A,10.35,78.95031777981391,2LJ5-alt-24_assembled,A48,375.0,0,P62987
6,63,A,11.5,64.20577625896581,2LJ5-alt-24_assembled,A63,499.0,0,P62987
0,6,A,10.23,64.33981754551898,2LJ5-alt-202_assembled,A6,51.0,0,P62987
1,11,A,11.3,51.33781274986201,2LJ5-alt-202_assembled,A11,86.0,0,P62987
2,27,A,10.75,6.836105614211391,2LJ5-alt-202_assembled,A27,210.0,0,P62987
3,29,A,11.31,36.86135380212025,2LJ5-alt-202_assembled,A29,224.0,0,P62987
4,33,A,10.48,50.39952374398986,2LJ5-alt-202_assembled,A33,258.0,0,P62987
5,48,A,10.43,84.44601052849364,2LJ5-alt-202_assembled,A48,375.0,0,P62987
6,63,A,10.41,76.40353333530379,2LJ5-alt-202_assembled,A63,499.0,0,P62987
0,6,A,10.13,42.08896397769366,2LJ5-alt-216_assembled,A6,51.0,0,P62987
1,11,A,11.37,65.27810655139112,2LJ5-alt-216_assembled,A11,86.0,0,P62987
2,27,A,10.48,0.0,2LJ5-alt-216_assembled,A27,210.0,0,P62987
3,29,A,11.11,35.789023509694935,2LJ5-alt-216_assembled,A29,224.0,0,P62987
4,33,A,11.51,54.82288620024429,2LJ5-alt-216_assembled,A33,258.0,0,P62987
5,48,A,10.4,79.48648292602657,2LJ5-alt-216_assembled,A48,375.0,0,P62987
6,63,A,10.61,60.988785381689866,2LJ5-alt-216_assembled,A63,499.0,0,P62987
0,6,A,10.22,47.04849158016074,2LJ5-alt-1_assembled,A6,51.0,0,P62987
1,11,A,11.33,59.380289943051885,2LJ5-alt-1_assembled,A11,86.0,0,P62987
2,27,A,10.36,10.455220351146833,2LJ5-alt-1_assembled,A27,210.0,0,P62987
3,29,A,10.96,32.169908772759484,2LJ5-alt-1_assembled,A29,224.0,0,P62987
4,33,A,11.45,65.27810655139112,2LJ5-alt-1_assembled,A33,258.0,0,P62987
5,48,A,9.86,23.99339029301645,2LJ5-alt-1_assembled,A48,375.0,0,P62987
6,63,A,11.45,56.56542292543543,2LJ5-alt-1_assembled,A63,499.0,0,P62987
0,6,A,10.19,43.16129427011897,2LJ5-alt-217_assembled,A6,51.0,0,P62987
1,11,A,11.41,65.94831298415696,2LJ5-alt-217_assembled,A11,86.0,0,P62987
2,27,A,12.12,11.661591930125315,2LJ5-alt-217_assembled,A27,210.0,0,P62987
3,29,A,11.17,46.646367720501246,2LJ5-alt-217_assembled,A29,224.0,0,P62987
4,33,A,10.51,52.008019182627834,2LJ5-alt-217_assembled,A33,258.0,0,P62987
5,48,A,10.35,54.420762340584794,2LJ5-alt-217_assembled,A48,375.0,0,P62987
6,63,A,11.12,60.31857894892404,2LJ5-alt-217_assembled,A63,499.0,0,P62987
0,6,A,10.22,37.26347766177973,2LJ5-alt-203_assembled,A6,51.0,0,P62987
1,11,A,11.04,57.63775321786075,2LJ5-alt-203_assembled,A11,86.0,0,P62987
2,27,A,10.87,7.104188187317719,2LJ5-alt-203_assembled,A27,210.0,0,P62987
3,29,A,11.17,32.706073918972145,2LJ5-alt-203_assembled,A29,224.0,0,P62987
4,33,A,11.32,58.978166083392395,2LJ5-alt-203_assembled,A33,258.0,0,P62987
5,48,A,10.43,72.516336025262,2LJ5-alt-203_assembled,A48,375.0,0,P62987
6,63,A,11.13,58.03987707752024,2LJ5-alt-203_assembled,A63,499.0,0,P62987
0,6,A,10.31,54.956927486797454,2LJ5-alt-25_assembled,A6,51.0,0,P62987
1,11,A,11.31,55.09096877335062,2LJ5-alt-25_assembled,A11,86.0,0,P62987
2,27,A,10.68,0.0,2LJ5-alt-25_assembled,A27,210.0,0,P62987
3,29,A,11.46,24.127431579569613,2LJ5-alt-25_assembled,A29,224.0,0,P62987
4,33,A,10.56,64.07173497241264,2LJ5-alt-25_assembled,A33,258.0,0,P62987
5,48,A,10.4,76.93969848151643,2LJ5-alt-25_assembled,A48,375.0,0,P62987
6,63,A,11.44,54.554803627137964,2LJ5-alt-25_assembled,A63,499.0,0,P62987
0,6,A,10.06,48.3889044456924,2LJ5-alt-31_assembled,A6,51.0,0,P62987
1,11,A,11.32,69.83551029419871,2LJ5-alt-31_assembled,A11,86.0,0,P62987
2,27,A,10.67,0.0,2LJ5-alt-31_assembled,A27,210.0,0,P62987
3,29,A,11.21,29.221000468589867,2LJ5-alt-31_assembled,A29,224.0,0,P62987
4,33,A,11.47,19.435986550208856,2LJ5-alt-31_assembled,A33,258.0,0,P62987
5,48,A,10.31,66.8866019900291,2LJ5-alt-31_assembled,A48,375.0,0,P62987
6,63,A,11.4,72.65037731181518,2LJ5-alt-31_assembled,A63,499.0,0,P62987
0,6,A,10.24,52.946308188499984,2LJ5-alt-149_assembled,A6,51.0,0,P62987
1,11,A,11.28,59.916455089264545,2LJ5-alt-149_assembled,A11,86.0,0,P62987
2,27,A,10.62,0.0,2LJ5-alt-149_assembled,A27,210.0,0,P62987
3,29,A,10.87,23.72530771991012,2LJ5-alt-149_assembled,A29,224.0,0,P62987
4,33,A,11.15,36.86135380212025,2LJ5-alt-149_assembled,A33,258.0,0,P62987
5,48,A,10.74,47.58465672637341,2LJ5-alt-149_assembled,A48,375.0,0,P62987
6,63,A,11.52,71.30996444628353,2LJ5-alt-149_assembled,A63,499.0,0,P62987
0,6,A,10.35,52.67822561539366,2LJ5-alt-19_assembled,A6,51.0,0,P62987
1,11,A,11.33,71.57804701938986,2LJ5-alt-19_assembled,A11,86.0,0,P62987
2,27,A,10.17,0.0,2LJ5-alt-19_assembled,A27,210.0,0,P62987
3,29,A,11.0,20.910440702293663,2LJ5-alt-19_assembled,A29,224.0,0,P62987
4,33,A,11.32,35.78902350969493,2LJ5-alt-19_assembled,A33,258.0,0,P62987
5,48,A,10.04,44.367665849097456,2LJ5-alt-19_assembled,A48,375.0,0,P62987
6,63,A,11.49,66.21639555726327,2LJ5-alt-19_assembled,A63,499.0,0,P62987
0,6,A,10.33,50.13144117088353,2LJ5-alt-161_assembled,A6,51.0,0,P62987
1,11,A,11.33,61.25686795479619,2LJ5-alt-161_assembled,A11,86.0,0,P62987
2,27,A,11.11,25.19976187199493,2LJ5-alt-161_assembled,A27,210.0,0,P62987
3,29,A,11.24,30.56141333412151,2LJ5-alt-161_assembled,A29,224.0,0,P62987
4,33,A,10.59,51.203771463308854,2LJ5-alt-161_assembled,A33,258.0,0,P62987
5,48,A,10.26,63.53556982619999,2LJ5-alt-161_assembled,A48,375.0,0,P62987
6,63,A,10.44,83.77580409572784,2LJ5-alt-161_assembled,A63,499.0,0,P62987
0,6,A,10.33,54.15267976747846,2LJ5-alt-175_assembled,A6,51.0,0,P62987
1,11,A,11.33,54.018638480925304,2LJ5-alt-175_assembled,A11,86.0,0,P62987
2,27,A,10.72,7.640353333530379,2LJ5-alt-175_assembled,A27,210.0,0,P62987
3,29,A,10.8,34.04648678450379,2LJ5-alt-175_assembled,A29,224.0,0,P62987
4,33,A,11.4,24.663596725782273,2LJ5-alt-175_assembled,A33,258.0,0,P62987
5,48,A,10.37,71.57804701938986,2LJ5-alt-175_assembled,A48,375.0,0,P62987
6,63,A,10.42,82.97155637640884,2LJ5-alt-175_assembled,A63,499.0,0,P62987
0,6,A,10.37,56.029257779222775,2LJ5-alt-35_assembled,A6,51.0,0,P62987
1,11,A,11.34,66.35043684381644,2LJ5-alt-35_assembled,A11,86.0,0,P62987
2,27,A,10.86,7.640353333530379,2LJ5-alt-35_assembled,A27,210.0,0,P62987
3,29,A,11.15,32.03586748620632,2LJ5-alt-35_assembled,A29,224.0,0,P62987
4,33,A,11.58,52.94630818849999,2LJ5-alt-35_assembled,A33,258.0,0,P62987
5,48,A,9.92,41.15067497182151,2LJ5-alt-35_assembled,A48,375.0,0,P62987
6,63,A,11.39,56.967546785094925,2LJ5-alt-35_assembled,A63,499.0,0,P62987
0,6,A,10.35,53.348432048159474,2LJ5-alt-21_assembled,A6,51.0,0,P62987
1,11,A,11.34,60.98878538168986,2LJ5-alt-21_assembled,A11,86.0,0,P62987
2,27,A,12.08,0.0,2LJ5-alt-21_assembled,A27,210.0,0,P62987
3,29,A,10.88,26.540174737526577,2LJ5-alt-21_assembled,A29,224.0,0,P62987
4,33,A,10.63,60.318578948924035,2LJ5-alt-21_assembled,A33,258.0,0,P62987
5,48,A,10.11,40.74855111216202,2LJ5-alt-21_assembled,A48,375.0,0,P62987
6,63,A,11.42,73.85674889079365,2LJ5-alt-21_assembled,A63,499.0,0,P62987
0,6,A,10.37,50.93568889020252,2LJ5-alt-159_assembled,A6,51.0,0,P62987
1,11,A,11.35,57.63775321786075,2LJ5-alt-159_assembled,A11,86.0,0,P62987
2,27,A,11.01,9.650972631827846,2LJ5-alt-159_assembled,A27,210.0,0,P62987
3,29,A,10.51,49.32719345156455,2LJ5-alt-159_assembled,A29,224.0,0,P62987
4,33,A,11.53,58.30795965062657,2LJ5-alt-159_assembled,A33,258.0,0,P62987
5,48,A,10.44,81.89922608398354,2LJ5-alt-159_assembled,A48,375.0,0,P62987
6,63,A,11.37,60.854744095136695,2LJ5-alt-159_assembled,A63,499.0,0,P62987
0,6,A,10.21,50.131441170883534,2LJ5-alt-171_assembled,A6,51.0,0,P62987
1,11,A,11.33,61.390909241349355,2LJ5-alt-171_assembled,A11,86.0,0,P62987
2,27,A,10.96,0.0,2LJ5-alt-171_assembled,A27,210.0,0,P62987
3,29,A,10.39,38.87197310041771,2LJ5-alt-171_assembled,A29,224.0,0,P62987
4,33,A,10.44,67.69084970934809,2LJ5-alt-171_assembled,A33,258.0,0,P62987
5,48,A,10.28,69.70146900764556,2LJ5-alt-171_assembled,A48,375.0,0,P62987
6,63,A,11.52,66.08235427071011,2LJ5-alt-171_assembled,A63,499.0,0,P62987
0,6,A,10.35,50.53356503054302,2LJ5-alt-165_assembled,A6,51.0,0,P62987
1,11,A,11.34,63.669611112753145,2LJ5-alt-165_assembled,A11,86.0,0,P62987
2,27,A,10.96,0.0,2LJ5-alt-165_assembled,A27,210.0,0,P62987
3,29,A,11.12,25.19976187199493,2LJ5-alt-165_assembled,A29,224.0,0,P62987
4,33,A,10.29,45.7080787146291,2LJ5-alt-165_assembled,A33,258.0,0,P62987
5,48,A,10.46,69.43338643453923,2LJ5-alt-165_assembled,A48,375.0,0,P62987
6,63,A,10.4,63.13344596654049,2LJ5-alt-165_assembled,A63,499.0,0,P62987
0,6,A,10.32,55.493092633010114,2LJ5-alt-207_assembled,A6,51.0,0,P62987
1,11,A,11.35,57.77179450441391,2LJ5-alt-207_assembled,A11,86.0,0,P62987
2,27,A,10.81,8.444601052849366,2LJ5-alt-207_assembled,A27,210.0,0,P62987
3,29,A,10.39,45.7080787146291,2LJ5-alt-207_assembled,A29,224.0,0,P62987
4,33,A,10.22,56.16329906577594,2LJ5-alt-207_assembled,A33,258.0,0,P62987
5,48,A,10.49,57.10158807164809,2LJ5-alt-207_assembled,A48,375.0,0,P62987
6,63,A,11.42,61.793033101008845,2LJ5-alt-207_assembled,A63,499.0,0,P62987
0,6,A,10.31,52.41014304228733,2LJ5-alt-213_assembled,A6,51.0,0,P62987
1,11,A,11.36,59.916455089264545,2LJ5-alt-213_assembled,A11,86.0,0,P62987
2,27,A,11.11,16.353036959486072,2LJ5-alt-213_assembled,A27,210.0,0,P62987
3,29,A,11.2,32.30395005931265,2LJ5-alt-213_assembled,A29,224.0,0,P62987
4,33,A,10.51,32.303950059312655,2LJ5-alt-213_assembled,A33,258.0,0,P62987
5,48,A,10.38,81.2290196512177,2LJ5-alt-213_assembled,A48,375.0,0,P62987
6,63,A,11.15,58.71008351028607,2LJ5-alt-213_assembled,A63,499.0,0,P62987
0,6,A,10.34,63.803652399306316,2LJ5-alt-5_assembled,A6,51.0,0,P62987
1,11,A,11.4,60.58666152203036,2LJ5-alt-5_assembled,A11,86.0,0,P62987
2,27,A,10.7,0.0,2LJ5-alt-5_assembled,A27,210.0,0,P62987
3,29,A,10.92,26.942298597186067,2LJ5-alt-5_assembled,A29,224.0,0,P62987
4,33,A,11.45,50.93568889020251,2LJ5-alt-5_assembled,A33,258.0,0,P62987
5,48,A,11.26,43.4293768432253,2LJ5-alt-5_assembled,A48,375.0,0,P62987
6,63,A,11.46,63.26748725309366,2LJ5-alt-5_assembled,A63,499.0,0,P62987
0,6,A,10.1,41.15067497182151,2LJ5-alt-4_assembled,A6,51.0,0,P62987
1,11,A,10.2,64.20577625896581,2LJ5-alt-4_assembled,A11,86.0,0,P62987
2,27,A,10.35,0.0,2LJ5-alt-4_assembled,A27,210.0,0,P62987
3,29,A,10.93,25.065720585441767,2LJ5-alt-4_assembled,A29,224.0,0,P62987
4,33,A,11.34,59.380289943051885,2LJ5-alt-4_assembled,A33,258.0,0,P62987
5,48,A,10.13,42.35704655079999,2LJ5-alt-4_assembled,A48,375.0,0,P62987
6,63,A,11.37,52.94630818849999,2LJ5-alt-4_assembled,A63,499.0,0,P62987
0,6,A,10.39,72.516336025262,2LJ5-alt-212_assembled,A6,51.0,0,P62987
1,11,A,11.38,62.3291982472215,2LJ5-alt-212_assembled,A11,86.0,0,P62987
2,27,A,10.7,0.0,2LJ5-alt-212_assembled,A27,210.0,0,P62987
3,29,A,11.19,28.81887660893037,2LJ5-alt-212_assembled,A29,224.0,0,P62987
4,33,A,11.47,60.854744095136695,2LJ5-alt-212_assembled,A33,258.0,0,P62987
5,48,A,10.39,79.08435906636707,2LJ5-alt-212_assembled,A48,375.0,0,P62987
6,63,A,11.16,62.06111567411518,2LJ5-alt-212_assembled,A63,499.0,0,P62987
0,6,A,10.35,46.5123264339481,2LJ5-alt-206_assembled,A6,51.0,0,P62987
1,11,A,10.48,84.9821756747063,2LJ5-alt-206_assembled,A11,86.0,0,P62987
2,27,A,10.68,0.0,2LJ5-alt-206_assembled,A27,210.0,0,P62987
3,29,A,10.46,64.74194140517847,2LJ5-alt-206_assembled,A29,224.0,0,P62987
4,33,A,10.53,39.81026210628986,2LJ5-alt-206_assembled,A33,258.0,0,P62987
5,48,A,10.41,89.13745555785441,2LJ5-alt-206_assembled,A48,375.0,0,P62987
6,63,A,10.44,82.56943251674934,2LJ5-alt-206_assembled,A63,499.0,0,P62987
0,6,A,10.29,50.39952374398986,2LJ5-alt-164_assembled,A6,51.0,0,P62987
1,11,A,11.3,58.5760422237329,2LJ5-alt-164_assembled,A11,86.0,0,P62987
2,27,A,10.99,12.465839649444302,2LJ5-alt-164_assembled,A27,210.0,0,P62987
3,29,A,11.25,32.706073918972145,2LJ5-alt-164_assembled,A29,224.0,0,P62987
4,33,A,10.52,63.267487253093655,2LJ5-alt-164_assembled,A33,258.0,0,P62987
5,48,A,10.4,72.11421216560251,2LJ5-alt-164_assembled,A48,375.0,0,P62987
6,63,A,10.42,76.93969848151644,2LJ5-alt-164_assembled,A63,499.0,0,P62987
0,6,A,10.33,46.51232643394809,2LJ5-alt-170_assembled,A6,51.0,0,P62987
1,11,A,11.35,55.895216492669604,2LJ5-alt-170_assembled,A11,86.0,0,P62987
2,27,A,11.01,7.640353333530379,2LJ5-alt-170_assembled,A27,210.0,0,P62987
3,29,A,11.06,30.695454620674674,2LJ5-alt-170_assembled,A29,224.0,0,P62987
4,33,A,10.31,45.842120001182266,2LJ5-alt-170_assembled,A33,258.0,0,P62987
5,48,A,10.47,59.11220736994555,2LJ5-alt-170_assembled,A48,375.0,0,P62987
6,63,A,11.06,67.55680842279492,2LJ5-alt-170_assembled,A63,499.0,0,P62987
0,6,A,10.34,79.08435906636707,2LJ5-alt-158_assembled,A6,51.0,0,P62987
1,11,A,11.37,59.51433122960505,2LJ5-alt-158_assembled,A11,86.0,0,P62987
2,27,A,10.79,9.248848772168353,2LJ5-alt-158_assembled,A27,210.0,0,P62987
3,29,A,11.04,27.076339883739234,2LJ5-alt-158_assembled,A29,224.0,0,P62987
4,33,A,10.57,62.195156960668335,2LJ5-alt-158_assembled,A33,258.0,0,P62987
5,48,A,10.37,75.86736818909112,2LJ5-alt-158_assembled,A48,375.0,0,P62987
6,63,A,11.16,65.94831298415694,2LJ5-alt-158_assembled,A63,499.0,0,P62987
0,6,A,10.16,29.221000468589864,2LJ5-alt-20_assembled,A6,51.0,0,P62987
1,11,A,11.28,58.30795965062657,2LJ5-alt-20_assembled,A11,86.0,0,P62987
2,27,A,10.4,0.0,2LJ5-alt-20_assembled,A27,210.0,0,P62987
3,29,A,10.86,25.333803158548093,2LJ5-alt-20_assembled,A29,224.0,0,P62987
4,33,A,10.25,37.263477661779746,2LJ5-alt-20_assembled,A33,258.0,0,P62987
5,48,A,10.4,81.09497836466454,2LJ5-alt-20_assembled,A48,375.0,0,P62987
6,63,A,11.49,49.32719345156455,2LJ5-alt-20_assembled,A63,499.0,0,P62987
0,6,A,10.21,36.86135380212025,2LJ5-alt-34_assembled,A6,51.0,0,P62987
1,11,A,11.31,60.720702808583525,2LJ5-alt-34_assembled,A11,86.0,0,P62987
2,27,A,11.01,13.538169941869617,2LJ5-alt-34_assembled,A27,210.0,0,P62987
3,29,A,11.16,47.31657415326707,2LJ5-alt-34_assembled,A29,224.0,0,P62987
4,33,A,10.59,72.11421216560251,2LJ5-alt-34_assembled,A33,258.0,0,P62987
5,48,A,10.4,73.320583744581,2LJ5-alt-34_assembled,A48,375.0,0,P62987
6,63,A,11.04,60.18453766237087,2LJ5-alt-34_assembled,A63,499.0,0,P62987
0,6,A,10.21,47.718698012926566,2LJ5-alt-22_assembled,A6,51.0,0,P62987
1,11,A,11.36,64.33981754551897,2LJ5-alt-22_assembled,A11,86.0,0,P62987
2,27,A,10.48,0.0,2LJ5-alt-22_assembled,A27,210.0,0,P62987
3,29,A,10.94,25.869968304760754,2LJ5-alt-22_assembled,A29,224.0,0,P62987
4,33,A,11.32,70.23763415385821,2LJ5-alt-22_assembled,A33,258.0,0,P62987
5,48,A,10.15,37.933684094545555,2LJ5-alt-22_assembled,A48,375.0,0,P62987
6,63,A,11.34,47.18253286671391,2LJ5-alt-22_assembled,A63,499.0,0,P62987
0,6,A,10.37,51.069730176755684,2LJ5-alt-36_assembled,A6,51.0,0,P62987
1,11,A,11.3,64.47385883207214,2LJ5-alt-36_assembled,A11,86.0,0,P62987
2,27,A,11.07,10.589261637699996,2LJ5-alt-36_assembled,A27,210.0,0,P62987
3,29,A,10.83,24.395514152675943,2LJ5-alt-36_assembled,A29,224.0,0,P62987
4,33,A,11.46,50.53356503054303,2LJ5-alt-36_assembled,A33,258.0,0,P62987
5,48,A,10.15,45.305954854969606,2LJ5-alt-36_assembled,A48,375.0,0,P62987
6,63,A,11.37,54.28672105403163,2LJ5-alt-36_assembled,A63,499.0,0,P62987
0,6,A,10.21,33.644362924844295,2LJ5-alt-166_assembled,A6,51.0,0,P62987
1,11,A,10.49,88.19916655198226,2LJ5-alt-166_assembled,A11,86.0,0,P62987
2,27,A,10.73,10.99138549735949,2LJ5-alt-166_assembled,A27,210.0,0,P62987
3,29,A,11.1,23.457225146803793,2LJ5-alt-166_assembled,A29,224.0,0,P62987
4,33,A,10.26,47.18253286671391,2LJ5-alt-166_assembled,A33,258.0,0,P62987
5,48,A,10.28,72.65037731181516,2LJ5-alt-166_assembled,A48,375.0,0,P62987
6,63,A,11.12,60.318578948924035,2LJ5-alt-166_assembled,A63,499.0,0,P62987
0,6,A,10.31,53.34843204815948,2LJ5-alt-172_assembled,A6,51.0,0,P62987
1,11,A,11.34,60.18453766237087,2LJ5-alt-172_assembled,A11,86.0,0,P62987
2,27,A,10.75,8.444601052849366,2LJ5-alt-172_assembled,A27,210.0,0,P62987
3,29,A,11.4,40.078344679396196,2LJ5-alt-172_assembled,A29,224.0,0,P62987
4,33,A,10.6,40.74855111216201,2LJ5-alt-172_assembled,A33,258.0,0,P62987
5,48,A,10.38,70.37167544041138,2LJ5-alt-172_assembled,A48,375.0,0,P62987
6,63,A,10.4,72.24825345215567,2LJ5-alt-172_assembled,A63,499.0,0,P62987
0,6,A,10.14,36.32518865590758,2LJ5-alt-199_assembled,A6,51.0,0,P62987
1,11,A,11.33,60.0504963758177,2LJ5-alt-199_assembled,A11,86.0,0,P62987
2,27,A,10.84,0.0,2LJ5-alt-199_assembled,A27,210.0,0,P62987
3,29,A,10.79,41.016633685268346,2LJ5-alt-199_assembled,A29,224.0,0,P62987
4,33,A,10.5,30.02524818790885,2LJ5-alt-199_assembled,A33,258.0,0,P62987
5,48,A,10.26,71.17592315973037,2LJ5-alt-199_assembled,A48,375.0,0,P62987
6,63,A,10.42,69.29934514798606,2LJ5-alt-199_assembled,A63,499.0,0,P62987
0,6,A,10.11,31.901826199653158,2LJ5-alt-238_assembled,A6,51.0,0,P62987
1,11,A,11.4,63.26748725309365,2LJ5-alt-238_assembled,A11,86.0,0,P62987
2,27,A,10.84,15.682830526720249,2LJ5-alt-238_assembled,A27,210.0,0,P62987
3,29,A,10.83,27.88058760305822,2LJ5-alt-238_assembled,A29,224.0,0,P62987
4,33,A,10.96,57.905835790967075,2LJ5-alt-238_assembled,A33,258.0,0,P62987
5,48,A,10.29,76.80565719496327,2LJ5-alt-238_assembled,A48,375.0,0,P62987
6,63,A,10.43,84.9821756747063,2LJ5-alt-238_assembled,A63,499.0,0,P62987
0,6,A,10.12,29.0869591820367,2LJ5-alt-210_assembled,A6,51.0,0,P62987
1,11,A,11.36,57.369670644754414,2LJ5-alt-210_assembled,A11,86.0,0,P62987
2,27,A,10.89,7.908435906636707,2LJ5-alt-210_assembled,A27,210.0,0,P62987
3,29,A,11.07,24.26147286612278,2LJ5-alt-210_assembled,A29,224.0,0,P62987
4,33,A,10.3,58.844124796839225,2LJ5-alt-210_assembled,A33,258.0,0,P62987
5,48,A,10.32,69.43338643453922,2LJ5-alt-210_assembled,A48,375.0,0,P62987
6,63,A,10.48,67.95893228245441,2LJ5-alt-210_assembled,A63,499.0,0,P62987
0,6,A,10.24,41.418757544927836,2LJ5-alt-204_assembled,A6,51.0,0,P62987
1,11,A,11.37,64.33981754551897,2LJ5-alt-204_assembled,A11,86.0,0,P62987
2,27,A,10.79,0.0,2LJ5-alt-204_assembled,A27,210.0,0,P62987
3,29,A,11.08,28.81887660893037,2LJ5-alt-204_assembled,A29,224.0,0,P62987
4,33,A,10.49,74.25887275045315,2LJ5-alt-204_assembled,A33,258.0,0,P62987
5,48,A,10.42,85.25025824781264,2LJ5-alt-204_assembled,A48,375.0,0,P62987
6,63,A,10.42,67.95893228245441,2LJ5-alt-204_assembled,A63,499.0,0,P62987
0,6,A,10.2,33.37628035173797,2LJ5-alt-6_assembled,A6,51.0,0,P62987
1,11,A,11.34,51.60589532296835,2LJ5-alt-6_assembled,A11,86.0,0,P62987
2,27,A,10.93,7.640353333530379,2LJ5-alt-6_assembled,A27,210.0,0,P62987
3,29,A,11.0,28.684835322377207,2LJ5-alt-6_assembled,A29,224.0,0,P62987
4,33,A,11.47,47.31657415326708,2LJ5-alt-6_assembled,A33,258.0,0,P62987
5,48,A,10.39,71.30996444628352,2LJ5-alt-6_assembled,A48,375.0,0,P62987
6,63,A,11.49,68.22701485556074,2LJ5-alt-6_assembled,A63,499.0,0,P62987
0,6,A,10.19,49.59527602467087,2LJ5-alt-7_assembled,A6,51.0,0,P62987
1,11,A,11.3,59.64837251615822,2LJ5-alt-7_assembled,A11,86.0,0,P62987
2,27,A,11.75,0.0,2LJ5-alt-7_assembled,A27,210.0,0,P62987
3,29,A,11.02,23.32318386025063,2LJ5-alt-7_assembled,A29,224.0,0,P62987
4,33,A,10.23,59.11220736994556,2LJ5-alt-7_assembled,A33,258.0,0,P62987
5,48,A,11.29,46.64636772050126,2LJ5-alt-7_assembled,A48,375.0,0,P62987
6,63,A,11.38,63.803652399306316,2LJ5-alt-7_assembled,A63,499.0,0,P62987
0,6,A,10.19,41.552798831481,2LJ5-alt-205_assembled,A6,51.0,0,P62987
1,11,A,11.42,62.06111567411517,2LJ5-alt-205_assembled,A11,86.0,0,P62987
2,27,A,10.91,0.0,2LJ5-alt-205_assembled,A27,210.0,0,P62987
3,29,A,11.0,36.593271229013915,2LJ5-alt-205_assembled,A29,224.0,0,P62987
4,33,A,10.3,49.99739988433036,2LJ5-alt-205_assembled,A33,258.0,0,P62987
5,48,A,10.44,79.7545654991329,2LJ5-alt-205_assembled,A48,375.0,0,P62987
6,63,A,10.41,70.77379930007086,2LJ5-alt-205_assembled,A63,499.0,0,P62987
0,6,A,10.2,50.39952374398986,2LJ5-alt-211_assembled,A6,51.0,0,P62987
1,11,A,11.39,67.69084970934809,2LJ5-alt-211_assembled,A11,86.0,0,P62987
2,27,A,10.87,7.506312046977213,2LJ5-alt-211_assembled,A27,210.0,0,P62987
3,29,A,10.61,64.74194140517847,2LJ5-alt-211_assembled,A29,224.0,0,P62987
4,33,A,10.36,37.66560152143923,2LJ5-alt-211_assembled,A33,258.0,0,P62987
5,48,A,10.23,56.02925777922277,2LJ5-alt-211_assembled,A48,375.0,0,P62987
6,63,A,10.43,76.80565719496327,2LJ5-alt-211_assembled,A63,499.0,0,P62987
0,6,A,10.34,58.039877077520245,2LJ5-alt-239_assembled,A6,51.0,0,P62987
1,11,A,11.41,50.93568889020252,2LJ5-alt-239_assembled,A11,86.0,0,P62987
2,27,A,10.89,9.516931345274681,2LJ5-alt-239_assembled,A27,210.0,0,P62987
3,29,A,10.69,53.88459719437214,2LJ5-alt-239_assembled,A29,224.0,0,P62987
4,33,A,10.48,68.62913871522024,2LJ5-alt-239_assembled,A33,258.0,0,P62987
5,48,A,10.44,79.3524416394734,2LJ5-alt-239_assembled,A48,375.0,0,P62987
6,63,A,10.54,77.74394620083544,2LJ5-alt-239_assembled,A63,499.0,0,P62987
0,6,A,10.34,59.11220736994555,2LJ5-alt-198_assembled,A6,51.0,0,P62987
1,11,A,11.38,50.80164760364936,2LJ5-alt-198_assembled,A11,86.0,0,P62987
2,27,A,11.62,0.0,2LJ5-alt-198_assembled,A27,210.0,0,P62987
3,29,A,10.5,67.55680842279492,2LJ5-alt-198_assembled,A29,224.0,0,P62987
4,33,A,10.8,57.36967064475442,2LJ5-alt-198_assembled,A33,258.0,0,P62987
5,48,A,10.52,74.12483146389998,2LJ5-alt-198_assembled,A48,375.0,0,P62987
6,63,A,10.44,85.38429953436581,2LJ5-alt-198_assembled,A63,499.0,0,P62987
0,6,A,10.22,40.882592398715175,2LJ5-alt-173_assembled,A6,51.0,0,P62987
1,11,A,11.37,59.782413802711375,2LJ5-alt-173_assembled,A11,86.0,0,P62987
2,27,A,11.04,11.25946807046582,2LJ5-alt-173_assembled,A27,210.0,0,P62987
3,29,A,11.0,46.244243860841756,2LJ5-alt-173_assembled,A29,224.0,0,P62987
4,33,A,10.28,64.74194140517847,2LJ5-alt-173_assembled,A33,258.0,0,P62987
5,48,A,10.47,80.96093707811137,2LJ5-alt-173_assembled,A48,375.0,0,P62987
6,63,A,10.77,68.09297356900758,2LJ5-alt-173_assembled,A63,499.0,0,P62987
0,6,A,10.2,43.29533555667214,2LJ5-alt-167_assembled,A6,51.0,0,P62987
1,11,A,10.66,69.96955158075188,2LJ5-alt-167_assembled,A11,86.0,0,P62987
2,27,A,11.06,7.908435906636707,2LJ5-alt-167_assembled,A27,210.0,0,P62987
3,29,A,10.71,43.965541989437966,2LJ5-alt-167_assembled,A29,224.0,0,P62987
4,33,A,11.52,51.87397789607467,2LJ5-alt-167_assembled,A33,258.0,0,P62987
5,48,A,10.27,62.999404679987336,2LJ5-alt-167_assembled,A48,375.0,0,P62987
6,63,A,11.15,65.54618912449746,2LJ5-alt-167_assembled,A63,499.0,0,P62987
0,6,A,10.34,70.37167544041137,2LJ5-alt-37_assembled,A6,51.0,0,P62987
1,11,A,11.35,52.142060469181004,2LJ5-alt-37_assembled,A11,86.0,0,P62987
2,27,A,10.57,0.0,2LJ5-alt-37_assembled,A27,210.0,0,P62987
3,29,A,10.66,50.53356503054303,2LJ5-alt-37_assembled,A29,224.0,0,P62987
4,33,A,10.46,64.74194140517847,2LJ5-alt-37_assembled,A33,258.0,0,P62987
5,48,A,10.37,73.7227076042405,2LJ5-alt-37_assembled,A48,375.0,0,P62987
6,63,A,11.4,66.75256070347594,2LJ5-alt-37_assembled,A63,499.0,0,P62987
0,6,A,10.27,54.956927486797454,2LJ5-alt-23_assembled,A6,51.0,0,P62987
1,11,A,11.41,60.05049637581771,2LJ5-alt-23_assembled,A11,86.0,0,P62987
2,27,A,10.71,7.506312046977213,2LJ5-alt-23_assembled,A27,210.0,0,P62987
3,29,A,10.44,20.240234269527843,2LJ5-alt-23_assembled,A29,224.0,0,P62987
4,33,A,10.55,86.59067111334429,2LJ5-alt-23_assembled,A33,258.0,0,P62987
5,48,A,10.41,81.2290196512177,2LJ5-alt-23_assembled,A48,375.0,0,P62987
6,63,A,10.63,65.68023041105062,2LJ5-alt-23_assembled,A63,499.0,0,P62987
0,6,A,10.19,52.81226690194683,2LJ5-alt-142_assembled,A6,51.0,0,P62987
1,11,A,11.35,44.50170713565062,2LJ5-alt-142_assembled,A11,86.0,0,P62987
2,27,A,10.54,0.0,2LJ5-alt-142_assembled,A27,210.0,0,P62987
3,29,A,11.17,36.191147369354425,2LJ5-alt-142_assembled,A29,224.0,0,P62987
4,33,A,11.3,43.965541989437966,2LJ5-alt-142_assembled,A33,258.0,0,P62987
5,48,A,10.38,81.49710222432404,2LJ5-alt-142_assembled,A48,375.0,0,P62987
6,63,A,11.09,68.36105614211391,2LJ5-alt-142_assembled,A63,499.0,0,P62987
0,6,A,10.37,57.63775321786075,2LJ5-alt-156_assembled,A6,51.0,0,P62987
1,11,A,11.35,62.06111567411517,2LJ5-alt-156_assembled,A11,86.0,0,P62987
2,27,A,10.7,7.238229473870884,2LJ5-alt-156_assembled,A27,210.0,0,P62987
3,29,A,10.44,38.46984924075822,2LJ5-alt-156_assembled,A29,224.0,0,P62987
4,33,A,10.68,49.46123473811771,2LJ5-alt-156_assembled,A33,258.0,0,P62987
5,48,A,10.41,92.35444643513037,2LJ5-alt-156_assembled,A48,375.0,0,P62987
6,63,A,11.13,63.669611112753145,2LJ5-alt-156_assembled,A63,499.0,0,P62987
0,6,A,10.21,59.24624865649872,2LJ5-alt-12_assembled,A6,51.0,0,P62987
1,11,A,11.33,66.8866019900291,2LJ5-alt-12_assembled,A11,86.0,0,P62987
2,27,A,10.84,9.516931345274681,2LJ5-alt-12_assembled,A27,210.0,0,P62987
3,29,A,11.19,45.17191356841644,2LJ5-alt-12_assembled,A29,224.0,0,P62987
4,33,A,11.3,40.74855111216202,2LJ5-alt-12_assembled,A33,258.0,0,P62987
5,48,A,10.44,63.13344596654049,2LJ5-alt-12_assembled,A48,375.0,0,P62987
6,63,A,11.41,54.15267976747847,2LJ5-alt-12_assembled,A63,499.0,0,P62987
0,6,A,10.33,62.99940467998732,2LJ5-alt-181_assembled,A6,51.0,0,P62987
1,11,A,10.59,76.26949204875062,2LJ5-alt-181_assembled,A11,86.0,0,P62987
2,27,A,10.6,0.0,2LJ5-alt-181_assembled,A27,210.0,0,P62987
3,29,A,10.58,68.7631800017734,2LJ5-alt-181_assembled,A29,224.0,0,P62987
4,33,A,10.53,83.77580409572784,2LJ5-alt-181_assembled,A33,258.0,0,P62987
5,48,A,10.44,83.64176280917468,2LJ5-alt-181_assembled,A48,375.0,0,P62987
6,63,A,10.47,82.7034738033025,2LJ5-alt-181_assembled,A63,499.0,0,P62987
0,6,A,10.37,58.5760422237329,2LJ5-alt-195_assembled,A6,51.0,0,P62987
1,11,A,11.47,65.14406526483796,2LJ5-alt-195_assembled,A11,86.0,0,P62987
2,27,A,10.97,9.114807485615188,2LJ5-alt-195_assembled,A27,210.0,0,P62987
3,29,A,10.5,50.66760631709619,2LJ5-alt-195_assembled,A29,224.0,0,P62987
4,33,A,10.43,62.59728082032783,2LJ5-alt-195_assembled,A33,258.0,0,P62987
5,48,A,10.5,82.56943251674934,2LJ5-alt-195_assembled,A48,375.0,0,P62987
6,63,A,10.42,68.22701485556074,2LJ5-alt-195_assembled,A63,499.0,0,P62987
0,6,A,10.36,54.554803627137964,2LJ5-alt-234_assembled,A6,51.0,0,P62987
1,11,A,10.53,89.27149684440758,2LJ5-alt-234_assembled,A11,86.0,0,P62987
2,27,A,10.72,7.104188187317719,2LJ5-alt-234_assembled,A27,210.0,0,P62987
3,29,A,11.22,41.68684011803417,2LJ5-alt-234_assembled,A29,224.0,0,P62987
4,33,A,10.24,47.316574153267084,2LJ5-alt-234_assembled,A33,258.0,0,P62987
5,48,A,10.37,78.9503177798139,2LJ5-alt-234_assembled,A48,375.0,0,P62987
6,63,A,11.5,69.96955158075187,2LJ5-alt-234_assembled,A63,499.0,0,P62987
0,6,A,10.24,52.41014304228733,2LJ5-alt-220_assembled,A6,51.0,0,P62987
1,11,A,11.47,51.73993660952151,2LJ5-alt-220_assembled,A11,86.0,0,P62987
2,27,A,10.76,8.3105597662962,2LJ5-alt-220_assembled,A27,210.0,0,P62987
3,29,A,10.53,51.33781274986201,2LJ5-alt-220_assembled,A29,224.0,0,P62987
4,33,A,10.28,43.831500702884796,2LJ5-alt-220_assembled,A33,258.0,0,P62987
5,48,A,10.52,54.55480362713796,2LJ5-alt-220_assembled,A48,375.0,0,P62987
6,63,A,10.43,77.20778105462276,2LJ5-alt-220_assembled,A63,499.0,0,P62987
0,6,A,10.2,52.81226690194683,2LJ5-alt-208_assembled,A6,51.0,0,P62987
1,11,A,11.37,71.17592315973036,2LJ5-alt-208_assembled,A11,86.0,0,P62987
2,27,A,10.34,0.0,2LJ5-alt-208_assembled,A27,210.0,0,P62987
3,29,A,11.1,34.716693217269615,2LJ5-alt-208_assembled,A29,224.0,0,P62987
4,33,A,10.36,54.28672105403163,2LJ5-alt-208_assembled,A33,258.0,0,P62987
5,48,A,10.36,71.17592315973036,2LJ5-alt-208_assembled,A48,375.0,0,P62987
6,63,A,10.84,66.48447813036961,2LJ5-alt-208_assembled,A63,499.0,0,P62987
0,6,A,10.33,67.95893228245441,2LJ5-alt-209_assembled,A6,51.0,0,P62987
1,11,A,11.31,57.36967064475441,2LJ5-alt-209_assembled,A11,86.0,0,P62987
2,27,A,10.9,11.661591930125315,2LJ5-alt-209_assembled,A27,210.0,0,P62987
3,29,A,10.58,44.769789708756946,2LJ5-alt-209_assembled,A29,224.0,0,P62987
4,33,A,10.33,38.067725381098725,2LJ5-alt-209_assembled,A33,258.0,0,P62987
5,48,A,10.43,82.56943251674934,2LJ5-alt-209_assembled,A48,375.0,0,P62987
6,63,A,11.45,50.265482457436704,2LJ5-alt-209_assembled,A63,499.0,0,P62987
0,6,A,10.36,60.4526202354772,2LJ5-alt-221_assembled,A6,51.0,0,P62987
1,11,A,10.64,98.78842818968226,2LJ5-alt-221_assembled,A11,86.0,0,P62987
2,27,A,10.13,0.0,2LJ5-alt-221_assembled,A27,210.0,0,P62987
3,29,A,10.85,26.004009591313917,2LJ5-alt-221_assembled,A29,224.0,0,P62987
4,33,A,11.47,65.01002397828479,2LJ5-alt-221_assembled,A33,258.0,0,P62987
5,48,A,10.46,59.11220736994555,2LJ5-alt-221_assembled,A48,375.0,0,P62987
6,63,A,10.46,69.03126257487973,2LJ5-alt-221_assembled,A63,499.0,0,P62987
0,6,A,10.32,66.75256070347594,2LJ5-alt-235_assembled,A6,51.0,0,P62987
1,11,A,11.4,60.720702808583525,2LJ5-alt-235_assembled,A11,86.0,0,P62987
2,27,A,10.71,6.568023041105062,2LJ5-alt-235_assembled,A27,210.0,0,P62987
3,29,A,10.87,40.74855111216202,2LJ5-alt-235_assembled,A29,224.0,0,P62987
4,33,A,10.4,48.254863159139234,2LJ5-alt-235_assembled,A33,258.0,0,P62987
5,48,A,10.3,64.33981754551897,2LJ5-alt-235_assembled,A48,375.0,0,P62987
6,63,A,10.54,72.11421216560251,2LJ5-alt-235_assembled,A63,499.0,0,P62987
0,6,A,10.35,49.32719345156454,2LJ5-alt-194_assembled,A6,51.0,0,P62987
1,11,A,11.4,72.38229473870885,2LJ5-alt-194_assembled,A11,86.0,0,P62987
2,27,A,11.12,10.857344210806327,2LJ5-alt-194_assembled,A27,210.0,0,P62987
3,29,A,11.09,21.982770994718983,2LJ5-alt-194_assembled,A29,224.0,0,P62987
4,33,A,10.42,51.33781274986202,2LJ5-alt-194_assembled,A33,258.0,0,P62987
5,48,A,10.31,49.72931731122404,2LJ5-alt-194_assembled,A48,375.0,0,P62987
6,63,A,10.85,61.25686795479619,2LJ5-alt-194_assembled,A63,499.0,0,P62987
0,6,A,10.25,55.35905134645695,2LJ5-alt-180_assembled,A6,51.0,0,P62987
1,11,A,10.69,72.78441859836835,2LJ5-alt-180_assembled,A11,86.0,0,P62987
2,27,A,10.82,0.0,2LJ5-alt-180_assembled,A27,210.0,0,P62987
3,29,A,10.33,35.78902350969493,2LJ5-alt-180_assembled,A29,224.0,0,P62987
4,33,A,10.75,71.57804701938986,2LJ5-alt-180_assembled,A33,258.0,0,P62987
5,48,A,10.4,83.23963894951517,2LJ5-alt-180_assembled,A48,375.0,0,P62987
6,63,A,10.39,70.23763415385821,2LJ5-alt-180_assembled,A63,499.0,0,P62987
0,6,A,10.27,65.0100239782848,2LJ5-alt-13_assembled,A6,51.0,0,P62987
1,11,A,11.3,60.31857894892404,2LJ5-alt-13_assembled,A11,86.0,0,P62987
2,27,A,10.68,0.0,2LJ5-alt-13_assembled,A27,210.0,0,P62987
3,29,A,10.99,21.714688421612653,2LJ5-alt-13_assembled,A29,224.0,0,P62987
4,33,A,11.39,44.903830995310116,2LJ5-alt-13_assembled,A33,258.0,0,P62987
5,48,A,10.45,51.33781274986201,2LJ5-alt-13_assembled,A48,375.0,0,P62987
6,63,A,11.47,63.803652399306316,2LJ5-alt-13_assembled,A63,499.0,0,P62987
0,6,A,10.19,52.41014304228733,2LJ5-alt-157_assembled,A6,51.0,0,P62987
1,11,A,11.37,54.28672105403164,2LJ5-alt-157_assembled,A11,86.0,0,P62987
2,27,A,9.68,26.942298597186074,2LJ5-alt-157_assembled,A27,210.0,0,P62987
3,29,A,10.56,35.25285836348227,2LJ5-alt-157_assembled,A29,224.0,0,P62987
4,33,A,10.51,41.552798831481006,2LJ5-alt-157_assembled,A33,258.0,0,P62987
5,48,A,10.51,64.07173497241264,2LJ5-alt-157_assembled,A48,375.0,0,P62987
6,63,A,11.35,52.008019182627834,2LJ5-alt-157_assembled,A63,499.0,0,P62987
0,6,A,10.37,62.59728082032784,2LJ5-alt-143_assembled,A6,51.0,0,P62987
1,11,A,11.26,56.2973403523291,2LJ5-alt-143_assembled,A11,86.0,0,P62987
2,27,A,10.03,0.0,2LJ5-alt-143_assembled,A27,210.0,0,P62987
3,29,A,11.06,26.406133450973407,2LJ5-alt-143_assembled,A29,224.0,0,P62987
4,33,A,10.68,70.10359286730505,2LJ5-alt-143_assembled,A33,258.0,0,P62987
5,48,A,10.93,25.46784444510126,2LJ5-alt-143_assembled,A48,375.0,0,P62987
6,63,A,11.44,55.090968773350625,2LJ5-alt-143_assembled,A63,499.0,0,P62987
0,6,A,10.13,41.016633685268346,2LJ5-alt-155_assembled,A6,51.0,0,P62987
1,11,A,11.3,48.12082187258606,2LJ5-alt-155_assembled,A11,86.0,0,P62987
2,27,A,10.77,26.67421602407974,2LJ5-alt-155_assembled,A27,210.0,0,P62987
3,29,A,10.5,32.303950059312655,2LJ5-alt-155_assembled,A29,224.0,0,P62987
4,33,A,10.28,53.21439076160631,2LJ5-alt-155_assembled,A33,258.0,0,P62987
5,48,A,10.4,90.34382713683289,2LJ5-alt-155_assembled,A48,375.0,0,P62987
6,63,A,11.13,58.978166083392395,2LJ5-alt-155_assembled,A63,499.0,0,P62987
0,6,A,10.29,62.06111567411517,2LJ5-alt-39_assembled,A6,51.0,0,P62987
1,11,A,11.3,52.41014304228733,2LJ5-alt-39_assembled,A11,86.0,0,P62987
2,27,A,10.09,0.0,2LJ5-alt-39_assembled,A27,210.0,0,P62987
3,29,A,11.11,33.77840421139746,2LJ5-alt-39_assembled,A29,224.0,0,P62987
4,33,A,11.58,34.71669321726961,2LJ5-alt-39_assembled,A33,258.0,0,P62987
5,48,A,10.43,78.9503177798139,2LJ5-alt-39_assembled,A48,375.0,0,P62987
6,63,A,11.15,73.45462503113416,2LJ5-alt-39_assembled,A63,499.0,0,P62987
0,6,A,10.02,26.40613345097341,2LJ5-alt-141_assembled,A6,51.0,0,P62987
1,11,A,11.06,51.47185403641518,2LJ5-alt-141_assembled,A11,86.0,0,P62987
2,27,A,10.26,0.0,2LJ5-alt-141_assembled,A27,210.0,0,P62987
3,29,A,10.8,36.057106082801255,2LJ5-alt-141_assembled,A29,224.0,0,P62987
4,33,A,11.45,70.23763415385821,2LJ5-alt-141_assembled,A33,258.0,0,P62987
5,48,A,10.42,71.4440057328367,2LJ5-alt-141_assembled,A48,375.0,0,P62987
6,63,A,11.43,63.669611112753145,2LJ5-alt-141_assembled,A63,499.0,0,P62987
0,6,A,10.34,44.903830995310116,2LJ5-alt-11_assembled,A6,51.0,0,P62987
1,11,A,11.39,67.15468456313543,2LJ5-alt-11_assembled,A11,86.0,0,P62987
2,27,A,10.43,0.0,2LJ5-alt-11_assembled,A27,210.0,0,P62987
3,29,A,11.03,21.848729708165816,2LJ5-alt-11_assembled,A29,224.0,0,P62987
4,33,A,12.31,38.46984924075822,2LJ5-alt-11_assembled,A33,258.0,0,P62987
5,48,A,10.39,72.65037731181516,2LJ5-alt-11_assembled,A48,375.0,0,P62987
6,63,A,11.47,73.72270760424048,2LJ5-alt-11_assembled,A63,499.0,0,P62987
0,6,A,10.35,63.40152853964682,2LJ5-alt-169_assembled,A6,51.0,0,P62987
1,11,A,11.34,53.75055590781898,2LJ5-alt-169_assembled,A11,86.0,0,P62987
2,27,A,10.6,0.0,2LJ5-alt-169_assembled,A27,210.0,0,P62987
3,29,A,11.45,42.088963977693666,2LJ5-alt-169_assembled,A29,224.0,0,P62987
4,33,A,10.5,81.49710222432404,2LJ5-alt-169_assembled,A33,258.0,0,P62987
5,48,A,10.43,88.7353316981949,2LJ5-alt-169_assembled,A48,375.0,0,P62987
6,63,A,10.43,74.92907918321897,2LJ5-alt-169_assembled,A63,499.0,0,P62987
0,6,A,10.36,59.112207369945565,2LJ5-alt-196_assembled,A6,51.0,0,P62987
1,11,A,11.39,62.59728082032783,2LJ5-alt-196_assembled,A11,86.0,0,P62987
2,27,A,10.7,7.3722707604240485,2LJ5-alt-196_assembled,A27,210.0,0,P62987
3,29,A,10.58,44.09958327599113,2LJ5-alt-196_assembled,A29,224.0,0,P62987
4,33,A,10.38,73.32058374458099,2LJ5-alt-196_assembled,A33,258.0,0,P62987
5,48,A,10.41,74.7950378966658,2LJ5-alt-196_assembled,A48,375.0,0,P62987
6,63,A,11.17,70.10359286730504,2LJ5-alt-196_assembled,A63,499.0,0,P62987
0,6,A,10.27,62.3291982472215,2LJ5-alt-182_assembled,A6,51.0,0,P62987
1,11,A,11.38,54.28672105403163,2LJ5-alt-182_assembled,A11,86.0,0,P62987
2,27,A,10.67,0.0,2LJ5-alt-182_assembled,A27,210.0,0,P62987
3,29,A,11.25,32.57203263241898,2LJ5-alt-182_assembled,A29,224.0,0,P62987
4,33,A,10.39,68.89722128832656,2LJ5-alt-182_assembled,A33,258.0,0,P62987
5,48,A,10.37,74.25887275045315,2LJ5-alt-182_assembled,A48,375.0,0,P62987
6,63,A,10.42,63.66961111275315,2LJ5-alt-182_assembled,A63,499.0,0,P62987
0,6,A,10.18,42.08896397769366,2LJ5-alt-223_assembled,A6,51.0,0,P62987
1,11,A,11.3,55.895216492669604,2LJ5-alt-223_assembled,A11,86.0,0,P62987
2,27,A,10.16,0.0,2LJ5-alt-223_assembled,A27,210.0,0,P62987
3,29,A,11.15,31.097578480334164,2LJ5-alt-223_assembled,A29,224.0,0,P62987
4,33,A,10.28,41.954922691140496,2LJ5-alt-223_assembled,A33,258.0,0,P62987
5,48,A,10.19,69.56742772109239,2LJ5-alt-223_assembled,A48,375.0,0,P62987
6,63,A,10.43,73.45462503113416,2LJ5-alt-223_assembled,A63,499.0,0,P62987
0,6,A,10.37,61.390909241349355,2LJ5-alt-237_assembled,A6,51.0,0,P62987
1,11,A,11.35,55.895216492669604,2LJ5-alt-237_assembled,A11,86.0,0,P62987
2,27,A,12.03,0.0,2LJ5-alt-237_assembled,A27,210.0,0,P62987
3,29,A,10.91,51.069730176755684,2LJ5-alt-237_assembled,A29,224.0,0,P62987
4,33,A,10.48,73.58866631768733,2LJ5-alt-237_assembled,A33,258.0,0,P62987
5,48,A,10.34,77.4758636277291,2LJ5-alt-237_assembled,A48,375.0,0,P62987
6,63,A,10.43,79.62052421257974,2LJ5-alt-237_assembled,A63,499.0,0,P62987
0,6,A,10.1,45.97616128773544,2LJ5-alt-9_assembled,A6,51.0,0,P62987
1,11,A,10.39,85.25025824781264,2LJ5-alt-9_assembled,A11,86.0,0,P62987
2,27,A,10.46,0.0,2LJ5-alt-9_assembled,A27,210.0,0,P62987
3,29,A,11.02,28.550794035824044,2LJ5-alt-9_assembled,A29,224.0,0,P62987
4,33,A,10.31,28.55079403582404,2LJ5-alt-9_assembled,A33,258.0,0,P62987
5,48,A,10.44,84.44601052849364,2LJ5-alt-9_assembled,A48,375.0,0,P62987
6,63,A,11.42,62.99940467998732,2LJ5-alt-9_assembled,A63,499.0,0,P62987
0,6,A,10.2,43.965541989437966,2LJ5-alt-8_assembled,A6,51.0,0,P62987
1,11,A,10.5,94.36506573342783,2LJ5-alt-8_assembled,A11,86.0,0,P62987
2,27,A,10.75,0.0,2LJ5-alt-8_assembled,A27,210.0,0,P62987
3,29,A,11.15,25.065720585441767,2LJ5-alt-8_assembled,A29,224.0,0,P62987
4,33,A,10.29,45.43999614152277,2LJ5-alt-8_assembled,A33,258.0,0,P62987
5,48,A,10.14,42.893211697012646,2LJ5-alt-8_assembled,A48,375.0,0,P62987
6,63,A,11.4,53.61651462126581,2LJ5-alt-8_assembled,A63,499.0,0,P62987
0,6,A,10.12,38.603890527311385,2LJ5-alt-236_assembled,A6,51.0,0,P62987
1,11,A,10.57,94.36506573342783,2LJ5-alt-236_assembled,A11,86.0,0,P62987
2,27,A,10.77,0.0,2LJ5-alt-236_assembled,A27,210.0,0,P62987
3,29,A,10.54,43.29533555667214,2LJ5-alt-236_assembled,A29,224.0,0,P62987
4,33,A,10.55,51.33781274986202,2LJ5-alt-236_assembled,A33,258.0,0,P62987
5,48,A,10.38,90.34382713683289,2LJ5-alt-236_assembled,A48,375.0,0,P62987
6,63,A,10.45,47.58465672637341,2LJ5-alt-236_assembled,A63,499.0,0,P62987
0,6,A,10.34,67.69084970934809,2LJ5-alt-222_assembled,A6,51.0,0,P62987
1,11,A,10.53,92.62252900823668,2LJ5-alt-222_assembled,A11,86.0,0,P62987
2,27,A,10.4,0.0,2LJ5-alt-222_assembled,A27,210.0,0,P62987
3,29,A,10.41,42.088963977693666,2LJ5-alt-222_assembled,A29,224.0,0,P62987
4,33,A,10.7,74.66099661011265,2LJ5-alt-222_assembled,A33,258.0,0,P62987
5,48,A,10.57,67.28872584968859,2LJ5-alt-222_assembled,A48,375.0,0,P62987
6,63,A,10.51,71.71208830594301,2LJ5-alt-222_assembled,A63,499.0,0,P62987
0,6,A,10.35,69.83551029419871,2LJ5-alt-183_assembled,A6,51.0,0,P62987
1,11,A,10.44,89.53957941751389,2LJ5-alt-183_assembled,A11,86.0,0,P62987
2,27,A,10.68,0.0,2LJ5-alt-183_assembled,A27,210.0,0,P62987
3,29,A,11.2,51.069730176755684,2LJ5-alt-183_assembled,A29,224.0,0,P62987
4,33,A,11.43,60.58666152203037,2LJ5-alt-183_assembled,A33,258.0,0,P62987
5,48,A,10.57,68.7631800017734,2LJ5-alt-183_assembled,A48,375.0,0,P62987
6,63,A,10.41,81.89922608398354,2LJ5-alt-183_assembled,A63,499.0,0,P62987
0,6,A,10.14,29.35504175514303,2LJ5-alt-197_assembled,A6,51.0,0,P62987
1,11,A,11.39,61.390909241349355,2LJ5-alt-197_assembled,A11,86.0,0,P62987
2,27,A,10.78,7.3722707604240485,2LJ5-alt-197_assembled,A27,210.0,0,P62987
3,29,A,11.08,35.252858363482275,2LJ5-alt-197_assembled,A29,224.0,0,P62987
4,33,A,11.49,58.5760422237329,2LJ5-alt-197_assembled,A33,258.0,0,P62987
5,48,A,10.44,80.55881321845189,2LJ5-alt-197_assembled,A48,375.0,0,P62987
6,63,A,10.42,65.01002397828479,2LJ5-alt-197_assembled,A63,499.0,0,P62987
0,6,A,10.38,69.1653038614329,2LJ5-alt-168_assembled,A6,51.0,0,P62987
1,11,A,11.43,51.605895322968344,2LJ5-alt-168_assembled,A11,86.0,0,P62987
2,27,A,10.79,7.3722707604240485,2LJ5-alt-168_assembled,A27,210.0,0,P62987
3,29,A,10.96,33.77840421139746,2LJ5-alt-168_assembled,A29,224.0,0,P62987
4,33,A,10.55,91.68424000236453,2LJ5-alt-168_assembled,A33,258.0,0,P62987
5,48,A,10.4,74.25887275045315,2LJ5-alt-168_assembled,A48,375.0,0,P62987
6,63,A,11.0,70.77379930007086,2LJ5-alt-168_assembled,A63,499.0,0,P62987
0,6,A,10.13,39.00601438697088,2LJ5-alt-10_assembled,A6,51.0,0,P62987
1,11,A,11.24,58.844124796839225,2LJ5-alt-10_assembled,A11,86.0,0,P62987
2,27,A,11.77,11.795633216678477,2LJ5-alt-10_assembled,A27,210.0,0,P62987
3,29,A,11.07,20.37427555608101,2LJ5-alt-10_assembled,A29,224.0,0,P62987
4,33,A,10.43,31.76778491309999,2LJ5-alt-10_assembled,A33,258.0,0,P62987
5,48,A,10.21,66.75256070347594,2LJ5-alt-10_assembled,A48,375.0,0,P62987
6,63,A,11.14,61.39090924134936,2LJ5-alt-10_assembled,A63,499.0,0,P62987
0,6,A,10.35,51.87397789607467,2LJ5-alt-140_assembled,A6,51.0,0,P62987
1,11,A,11.29,55.761175206116434,2LJ5-alt-140_assembled,A11,86.0,0,P62987
2,27,A,10.78,0.0,2LJ5-alt-140_assembled,A27,210.0,0,P62987
3,29,A,10.99,30.025248187908854,2LJ5-alt-140_assembled,A29,224.0,0,P62987
4,33,A,11.38,56.96754678509492,2LJ5-alt-140_assembled,A33,258.0,0,P62987
5,48,A,9.94,34.04648678450379,2LJ5-alt-140_assembled,A48,375.0,0,P62987
6,63,A,11.39,60.854744095136695,2LJ5-alt-140_assembled,A63,499.0,0,P62987
0,6,A,10.19,56.16329906577593,2LJ5-alt-38_assembled,A6,51.0,0,P62987
1,11,A,11.32,58.844124796839225,2LJ5-alt-38_assembled,A11,86.0,0,P62987
2,27,A,10.35,0.0,2LJ5-alt-38_assembled,A27,210.0,0,P62987
3,29,A,10.81,40.61450982560885,2LJ5-alt-38_assembled,A29,224.0,0,P62987
4,33,A,10.47,68.36105614211391,2LJ5-alt-38_assembled,A33,258.0,0,P62987
5,48,A,10.09,36.72731251556708,2LJ5-alt-38_assembled,A48,375.0,0,P62987
6,63,A,11.08,75.86736818909112,2LJ5-alt-38_assembled,A63,499.0,0,P62987
0,6,A,10.36,72.24825345215568,2LJ5-alt-154_assembled,A6,51.0,0,P62987
1,11,A,11.35,62.329198247221505,2LJ5-alt-154_assembled,A11,86.0,0,P62987
2,27,A,10.94,10.321179064593668,2LJ5-alt-154_assembled,A27,210.0,0,P62987
3,29,A,10.48,48.25486315913923,2LJ5-alt-154_assembled,A29,224.0,0,P62987
4,33,A,10.33,61.793033101008845,2LJ5-alt-154_assembled,A33,258.0,0,P62987
5,48,A,10.42,76.93969848151644,2LJ5-alt-154_assembled,A48,375.0,0,P62987
6,63,A,10.46,83.5077215226215,2LJ5-alt-154_assembled,A63,499.0,0,P62987
0,6,A,10.36,51.203771463308854,2LJ5-alt-14_assembled,A6,51.0,0,P62987
1,11,A,11.3,65.94831298415694,2LJ5-alt-14_assembled,A11,86.0,0,P62987
2,27,A,10.79,8.3105597662962,2LJ5-alt-14_assembled,A27,210.0,0,P62987
3,29,A,11.02,28.68483532237721,2LJ5-alt-14_assembled,A29,224.0,0,P62987
4,33,A,11.4,51.73993660952151,2LJ5-alt-14_assembled,A33,258.0,0,P62987
5,48,A,10.43,84.71409310159999,2LJ5-alt-14_assembled,A48,375.0,0,P62987
6,63,A,11.4,63.93769368585948,2LJ5-alt-14_assembled,A63,499.0,0,P62987
0,6,A,10.2,36.057106082801255,2LJ5-alt-178_assembled,A6,51.0,0,P62987
1,11,A,11.29,65.27810655139112,2LJ5-alt-178_assembled,A11,86.0,0,P62987
2,27,A,10.69,0.0,2LJ5-alt-178_assembled,A27,210.0,0,P62987
3,29,A,10.45,37.3975189483329,2LJ5-alt-178_assembled,A29,224.0,0,P62987
4,33,A,10.24,62.06111567411518,2LJ5-alt-178_assembled,A33,258.0,0,P62987
5,48,A,10.39,63.803652399306316,2LJ5-alt-178_assembled,A48,375.0,0,P62987
6,63,A,10.41,65.54618912449746,2LJ5-alt-178_assembled,A63,499.0,0,P62987
0,6,A,10.38,66.61851941692277,2LJ5-alt-150_assembled,A6,51.0,0,P62987
1,11,A,11.36,62.731322106881,2LJ5-alt-150_assembled,A11,86.0,0,P62987
2,27,A,10.73,8.444601052849366,2LJ5-alt-150_assembled,A27,210.0,0,P62987
3,29,A,11.06,35.78902350969493,2LJ5-alt-150_assembled,A29,224.0,0,P62987
4,33,A,11.31,49.86335859777721,2LJ5-alt-150_assembled,A33,258.0,0,P62987
5,48,A,10.78,55.22501005990379,2LJ5-alt-150_assembled,A48,375.0,0,P62987
6,63,A,11.25,51.069730176755684,2LJ5-alt-150_assembled,A63,499.0,0,P62987
0,6,A,10.3,51.33781274986202,2LJ5-alt-28_assembled,A6,51.0,0,P62987
1,11,A,11.29,52.41014304228733,2LJ5-alt-28_assembled,A11,86.0,0,P62987
2,27,A,10.64,0.0,2LJ5-alt-28_assembled,A27,210.0,0,P62987
3,29,A,11.14,30.293330761015184,2LJ5-alt-28_assembled,A29,224.0,0,P62987
4,33,A,11.45,39.27409696007721,2LJ5-alt-28_assembled,A33,258.0,0,P62987
5,48,A,10.38,72.78441859836835,2LJ5-alt-28_assembled,A48,375.0,0,P62987
6,63,A,10.78,50.53356503054303,2LJ5-alt-28_assembled,A63,499.0,0,P62987
0,6,A,10.38,59.380289943051885,2LJ5-alt-144_assembled,A6,51.0,0,P62987
1,11,A,11.32,70.90784058662402,2LJ5-alt-144_assembled,A11,86.0,0,P62987
2,27,A,10.81,8.712683625955695,2LJ5-alt-144_assembled,A27,210.0,0,P62987
3,29,A,11.25,32.57203263241898,2LJ5-alt-144_assembled,A29,224.0,0,P62987
4,33,A,10.54,53.080349475053154,2LJ5-alt-144_assembled,A33,258.0,0,P62987
5,48,A,11.29,54.55480362713796,2LJ5-alt-144_assembled,A48,375.0,0,P62987
6,63,A,11.34,58.84412479683923,2LJ5-alt-144_assembled,A63,499.0,0,P62987
0,6,A,10.34,62.99940467998732,2LJ5-alt-193_assembled,A6,51.0,0,P62987
1,11,A,11.42,57.63775321786075,2LJ5-alt-193_assembled,A11,86.0,0,P62987
2,27,A,10.72,7.104188187317719,2LJ5-alt-193_assembled,A27,210.0,0,P62987
3,29,A,11.18,32.169908772759484,2LJ5-alt-193_assembled,A29,224.0,0,P62987
4,33,A,10.55,60.72070280858353,2LJ5-alt-193_assembled,A33,258.0,0,P62987
5,48,A,10.24,57.77179450441391,2LJ5-alt-193_assembled,A48,375.0,0,P62987
6,63,A,10.63,60.854744095136695,2LJ5-alt-193_assembled,A63,499.0,0,P62987
0,6,A,10.24,37.7996428079924,2LJ5-alt-187_assembled,A6,51.0,0,P62987
1,11,A,11.28,58.5760422237329,2LJ5-alt-187_assembled,A11,86.0,0,P62987
2,27,A,10.54,6.568023041105062,2LJ5-alt-187_assembled,A27,210.0,0,P62987
3,29,A,10.45,36.995395088673405,2LJ5-alt-187_assembled,A29,224.0,0,P62987
4,33,A,10.48,65.54618912449746,2LJ5-alt-187_assembled,A33,258.0,0,P62987
5,48,A,10.45,95.57143731240632,2LJ5-alt-187_assembled,A48,375.0,0,P62987
6,63,A,10.59,67.02064327658226,2LJ5-alt-187_assembled,A63,499.0,0,P62987
0,6,A,10.22,45.842120001182266,2LJ5-alt-226_assembled,A6,51.0,0,P62987
1,11,A,10.49,87.52896011921644,2LJ5-alt-226_assembled,A11,86.0,0,P62987
2,27,A,11.03,0.0,2LJ5-alt-226_assembled,A27,210.0,0,P62987
3,29,A,10.83,26.406133450973414,2LJ5-alt-226_assembled,A29,224.0,0,P62987
4,33,A,10.37,32.84011520552531,2LJ5-alt-226_assembled,A33,258.0,0,P62987
5,48,A,10.45,85.65238210747214,2LJ5-alt-226_assembled,A48,375.0,0,P62987
6,63,A,11.41,63.937693685859486,2LJ5-alt-226_assembled,A63,499.0,0,P62987
0,6,A,10.2,49.72931731122404,2LJ5-alt-232_assembled,A6,51.0,0,P62987
1,11,A,11.39,58.844124796839225,2LJ5-alt-232_assembled,A11,86.0,0,P62987
2,27,A,10.85,0.0,2LJ5-alt-232_assembled,A27,210.0,0,P62987
3,29,A,10.3,38.201766667651896,2LJ5-alt-232_assembled,A29,224.0,0,P62987
4,33,A,10.42,66.35043684381644,2LJ5-alt-232_assembled,A33,258.0,0,P62987
5,48,A,10.42,73.18654245802783,2LJ5-alt-232_assembled,A48,375.0,0,P62987
6,63,A,10.47,76.53757462185695,2LJ5-alt-232_assembled,A63,499.0,0,P62987
0,6,A,10.33,42.75917041045949,2LJ5-alt-233_assembled,A6,51.0,0,P62987
1,11,A,10.56,87.26087754611011,2LJ5-alt-233_assembled,A11,86.0,0,P62987
2,27,A,10.64,8.176518479743036,2LJ5-alt-233_assembled,A27,210.0,0,P62987
3,29,A,10.53,65.27810655139112,2LJ5-alt-233_assembled,A29,224.0,0,P62987
4,33,A,10.42,34.85073450382278,2LJ5-alt-233_assembled,A33,258.0,0,P62987
5,48,A,10.44,80.96093707811137,2LJ5-alt-233_assembled,A48,375.0,0,P62987
6,63,A,11.12,58.30795965062657,2LJ5-alt-233_assembled,A63,499.0,0,P62987
0,6,A,10.03,31.767784913099995,2LJ5-alt-227_assembled,A6,51.0,0,P62987
1,11,A,10.43,76.80565719496327,2LJ5-alt-227_assembled,A11,86.0,0,P62987
2,27,A,10.39,0.0,2LJ5-alt-227_assembled,A27,210.0,0,P62987
3,29,A,11.11,36.057106082801255,2LJ5-alt-227_assembled,A29,224.0,0,P62987
4,33,A,11.47,54.28672105403163,2LJ5-alt-227_assembled,A33,258.0,0,P62987
5,48,A,10.23,69.83551029419871,2LJ5-alt-227_assembled,A48,375.0,0,P62987
6,63,A,10.43,75.1971617563253,2LJ5-alt-227_assembled,A63,499.0,0,P62987
0,6,A,10.2,45.842120001182266,2LJ5-alt-186_assembled,A6,51.0,0,P62987
1,11,A,11.4,62.731322106880995,2LJ5-alt-186_assembled,A11,86.0,0,P62987
2,27,A,10.7,0.0,2LJ5-alt-186_assembled,A27,210.0,0,P62987
3,29,A,11.45,34.31456935761011,2LJ5-alt-186_assembled,A29,224.0,0,P62987
4,33,A,10.5,43.69745941633163,2LJ5-alt-186_assembled,A33,258.0,0,P62987
5,48,A,10.34,76.53757462185695,2LJ5-alt-186_assembled,A48,375.0,0,P62987
6,63,A,10.43,92.89061158134302,2LJ5-alt-186_assembled,A63,499.0,0,P62987
0,6,A,10.22,46.91445029360759,2LJ5-alt-192_assembled,A6,51.0,0,P62987
1,11,A,11.34,60.4526202354772,2LJ5-alt-192_assembled,A11,86.0,0,P62987
2,27,A,10.82,10.187137778040505,2LJ5-alt-192_assembled,A27,210.0,0,P62987
3,29,A,10.39,34.180528071056955,2LJ5-alt-192_assembled,A29,224.0,0,P62987
4,33,A,10.46,71.84612959249618,2LJ5-alt-192_assembled,A33,258.0,0,P62987
5,48,A,10.42,84.84813438815314,2LJ5-alt-192_assembled,A48,375.0,0,P62987
6,63,A,10.72,62.06111567411517,2LJ5-alt-192_assembled,A63,499.0,0,P62987
0,6,A,10.2,43.42937684322531,2LJ5-alt-145_assembled,A6,51.0,0,P62987
1,11,A,11.31,55.493092633010114,2LJ5-alt-145_assembled,A11,86.0,0,P62987
2,27,A,10.19,0.0,2LJ5-alt-145_assembled,A27,210.0,0,P62987
3,29,A,11.1,32.43799134586581,2LJ5-alt-145_assembled,A29,224.0,0,P62987
4,33,A,11.46,60.4526202354772,2LJ5-alt-145_assembled,A33,258.0,0,P62987
5,48,A,10.26,57.10158807164809,2LJ5-alt-145_assembled,A48,375.0,0,P62987
6,63,A,11.38,67.42276713624176,2LJ5-alt-145_assembled,A63,499.0,0,P62987
0,6,A,10.19,42.62512912390632,2LJ5-alt-29_assembled,A6,51.0,0,P62987
1,11,A,11.3,51.73993660952151,2LJ5-alt-29_assembled,A11,86.0,0,P62987
2,27,A,10.93,7.640353333530379,2LJ5-alt-29_assembled,A27,210.0,0,P62987
3,29,A,10.61,32.70607391897214,2LJ5-alt-29_assembled,A29,224.0,0,P62987
4,33,A,10.33,57.77179450441391,2LJ5-alt-29_assembled,A33,258.0,0,P62987
5,48,A,10.48,83.23963894951515,2LJ5-alt-29_assembled,A48,375.0,0,P62987
6,63,A,11.12,76.53757462185695,2LJ5-alt-29_assembled,A63,499.0,0,P62987
0,6,A,10.2,35.78902350969493,2LJ5-alt-151_assembled,A6,51.0,0,P62987
1,11,A,10.46,96.77780889138481,2LJ5-alt-151_assembled,A11,86.0,0,P62987
2,27,A,11.08,9.650972631827846,2LJ5-alt-151_assembled,A27,210.0,0,P62987
3,29,A,11.07,24.127431579569617,2LJ5-alt-151_assembled,A29,224.0,0,P62987
4,33,A,11.44,65.41214783794429,2LJ5-alt-151_assembled,A33,258.0,0,P62987
5,48,A,10.23,48.92506959190506,2LJ5-alt-151_assembled,A48,375.0,0,P62987
6,63,A,11.4,56.833505498541754,2LJ5-alt-151_assembled,A63,499.0,0,P62987
0,6,A,10.36,53.884597194372134,2LJ5-alt-179_assembled,A6,51.0,0,P62987
1,11,A,11.41,55.76117520611645,2LJ5-alt-179_assembled,A11,86.0,0,P62987
2,27,A,11.05,8.57864233940253,2LJ5-alt-179_assembled,A27,210.0,0,P62987
3,29,A,10.38,45.842120001182266,2LJ5-alt-179_assembled,A29,224.0,0,P62987
4,33,A,10.37,76.13545076219745,2LJ5-alt-179_assembled,A33,258.0,0,P62987
5,48,A,10.27,55.89521649266961,2LJ5-alt-179_assembled,A48,375.0,0,P62987
6,63,A,11.11,54.95692748679746,2LJ5-alt-179_assembled,A63,499.0,0,P62987
0,6,A,10.3,43.69745941633163,2LJ5-alt-15_assembled,A6,51.0,0,P62987
1,11,A,11.3,47.71869801292657,2LJ5-alt-15_assembled,A11,86.0,0,P62987
2,27,A,10.42,8.57864233940253,2LJ5-alt-15_assembled,A27,210.0,0,P62987
3,29,A,10.75,19.57002783676202,2LJ5-alt-15_assembled,A29,224.0,0,P62987
4,33,A,11.44,59.24624865649872,2LJ5-alt-15_assembled,A33,258.0,0,P62987
5,48,A,10.4,72.9184598849215,2LJ5-alt-15_assembled,A48,375.0,0,P62987
6,63,A,11.45,65.41214783794429,2LJ5-alt-15_assembled,A63,499.0,0,P62987
0,6,A,10.34,56.029257779222775,2LJ5-alt-17_assembled,A6,51.0,0,P62987
1,11,A,11.28,54.68884491369112,2LJ5-alt-17_assembled,A11,86.0,0,P62987
2,27,A,10.54,0.0,2LJ5-alt-17_assembled,A27,210.0,0,P62987
3,29,A,10.95,25.869968304760754,2LJ5-alt-17_assembled,A29,224.0,0,P62987
4,33,A,10.61,75.86736818909114,2LJ5-alt-17_assembled,A33,258.0,0,P62987
5,48,A,10.39,65.4121478379443,2LJ5-alt-17_assembled,A48,375.0,0,P62987
6,63,A,11.52,69.16530386143289,2LJ5-alt-17_assembled,A63,499.0,0,P62987
0,6,A,10.14,41.28471625837467,2LJ5-alt-147_assembled,A6,51.0,0,P62987
1,11,A,10.46,102.80966678627719,2LJ5-alt-147_assembled,A11,86.0,0,P62987
2,27,A,10.48,0.0,2LJ5-alt-147_assembled,A27,210.0,0,P62987
3,29,A,11.08,26.942298597186067,2LJ5-alt-147_assembled,A29,224.0,0,P62987
4,33,A,11.29,47.45061543982024,2LJ5-alt-147_assembled,A33,258.0,0,P62987
5,48,A,10.3,68.89722128832656,2LJ5-alt-147_assembled,A48,375.0,0,P62987
6,63,A,11.44,60.452620235477205,2LJ5-alt-147_assembled,A63,499.0,0,P62987
0,6,A,10.1,56.43138163888227,2LJ5-alt-153_assembled,A6,51.0,0,P62987
1,11,A,10.45,84.17792795538732,2LJ5-alt-153_assembled,A11,86.0,0,P62987
2,27,A,10.74,9.78501391838101,2LJ5-alt-153_assembled,A27,210.0,0,P62987
3,29,A,11.12,28.14867017616455,2LJ5-alt-153_assembled,A29,224.0,0,P62987
4,33,A,10.46,61.39090924134935,2LJ5-alt-153_assembled,A33,258.0,0,P62987
5,48,A,10.44,84.71409310159999,2LJ5-alt-153_assembled,A48,375.0,0,P62987
6,63,A,10.96,57.10158807164809,2LJ5-alt-153_assembled,A63,499.0,0,P62987
0,6,A,10.18,50.53356503054303,2LJ5-alt-184_assembled,A6,51.0,0,P62987
1,11,A,11.35,53.884597194372134,2LJ5-alt-184_assembled,A11,86.0,0,P62987
2,27,A,10.62,0.0,2LJ5-alt-184_assembled,A27,210.0,0,P62987
3,29,A,10.59,63.53556982619999,2LJ5-alt-184_assembled,A29,224.0,0,P62987
4,33,A,10.39,73.7227076042405,2LJ5-alt-184_assembled,A33,258.0,0,P62987
5,48,A,10.09,36.45922994246075,2LJ5-alt-184_assembled,A48,375.0,0,P62987
6,63,A,10.44,91.4161574292582,2LJ5-alt-184_assembled,A63,499.0,0,P62987
0,6,A,10.35,43.16129427011898,2LJ5-alt-190_assembled,A6,51.0,0,P62987
1,11,A,11.4,66.48447813036961,2LJ5-alt-190_assembled,A11,86.0,0,P62987
2,27,A,10.94,8.042477193189871,2LJ5-alt-190_assembled,A27,210.0,0,P62987
3,29,A,10.4,41.41875754492784,2LJ5-alt-190_assembled,A29,224.0,0,P62987
4,33,A,10.45,54.822886200244284,2LJ5-alt-190_assembled,A33,258.0,0,P62987
5,48,A,10.28,68.62913871522024,2LJ5-alt-190_assembled,A48,375.0,0,P62987
6,63,A,10.54,84.17792795538733,2LJ5-alt-190_assembled,A63,499.0,0,P62987
0,6,A,10.31,47.18253286671391,2LJ5-alt-219_assembled,A6,51.0,0,P62987
1,11,A,11.39,58.97816608339239,2LJ5-alt-219_assembled,A11,86.0,0,P62987
2,27,A,10.59,0.0,2LJ5-alt-219_assembled,A27,210.0,0,P62987
3,29,A,10.45,41.954922691140496,2LJ5-alt-219_assembled,A29,224.0,0,P62987
4,33,A,10.3,41.016633685268346,2LJ5-alt-219_assembled,A33,258.0,0,P62987
5,48,A,10.24,70.77379930007088,2LJ5-alt-219_assembled,A48,375.0,0,P62987
6,63,A,10.41,67.15468456313543,2LJ5-alt-219_assembled,A63,499.0,0,P62987
0,6,A,10.39,60.58666152203036,2LJ5-alt-231_assembled,A6,51.0,0,P62987
1,11,A,11.1,65.41214783794429,2LJ5-alt-231_assembled,A11,86.0,0,P62987
2,27,A,11.04,10.589261637699996,2LJ5-alt-231_assembled,A27,210.0,0,P62987
3,29,A,10.6,65.54618912449746,2LJ5-alt-231_assembled,A29,224.0,0,P62987
4,33,A,10.45,87.39491883266328,2LJ5-alt-231_assembled,A33,258.0,0,P62987
5,48,A,10.4,78.9503177798139,2LJ5-alt-231_assembled,A48,375.0,0,P62987
6,63,A,10.44,74.92907918321897,2LJ5-alt-231_assembled,A63,499.0,0,P62987
0,6,A,10.37,53.75055590781897,2LJ5-alt-225_assembled,A6,51.0,0,P62987
1,11,A,11.32,56.431381638882264,2LJ5-alt-225_assembled,A11,86.0,0,P62987
2,27,A,11.75,0.0,2LJ5-alt-225_assembled,A27,210.0,0,P62987
3,29,A,11.07,29.757165614802524,2LJ5-alt-225_assembled,A29,224.0,0,P62987
4,33,A,10.39,68.09297356900758,2LJ5-alt-225_assembled,A33,258.0,0,P62987
5,48,A,10.42,74.92907918321897,2LJ5-alt-225_assembled,A48,375.0,0,P62987
6,63,A,11.16,64.20577625896581,2LJ5-alt-225_assembled,A63,499.0,0,P62987
0,6,A,10.3,53.88459719437214,2LJ5-alt-224_assembled,A6,51.0,0,P62987
1,11,A,11.22,54.956927486797454,2LJ5-alt-224_assembled,A11,86.0,0,P62987
2,27,A,10.5,0.0,2LJ5-alt-224_assembled,A27,210.0,0,P62987
3,29,A,10.46,72.9184598849215,2LJ5-alt-224_assembled,A29,224.0,0,P62987
4,33,A,10.44,60.58666152203036,2LJ5-alt-224_assembled,A33,258.0,0,P62987
5,48,A,10.38,57.77179450441391,2LJ5-alt-224_assembled,A48,375.0,0,P62987
6,63,A,10.43,82.16730865708985,2LJ5-alt-224_assembled,A63,499.0,0,P62987
0,6,A,10.33,45.842120001182266,2LJ5-alt-230_assembled,A6,51.0,0,P62987
1,11,A,11.41,58.844124796839225,2LJ5-alt-230_assembled,A11,86.0,0,P62987
2,27,A,10.73,0.0,2LJ5-alt-230_assembled,A27,210.0,0,P62987
3,29,A,10.48,46.64636772050125,2LJ5-alt-230_assembled,A29,224.0,0,P62987
4,33,A,10.3,49.99739988433037,2LJ5-alt-230_assembled,A33,258.0,0,P62987
5,48,A,10.33,70.37167544041137,2LJ5-alt-230_assembled,A48,375.0,0,P62987
6,63,A,11.48,64.87598269173162,2LJ5-alt-230_assembled,A63,499.0,0,P62987
0,6,A,10.36,53.080349475053154,2LJ5-alt-218_assembled,A6,51.0,0,P62987
1,11,A,11.33,58.307959650626564,2LJ5-alt-218_assembled,A11,86.0,0,P62987
2,27,A,10.65,6.568023041105062,2LJ5-alt-218_assembled,A27,210.0,0,P62987
3,29,A,10.48,43.4293768432253,2LJ5-alt-218_assembled,A29,224.0,0,P62987
4,33,A,11.44,51.069730176755684,2LJ5-alt-218_assembled,A33,258.0,0,P62987
5,48,A,10.39,69.43338643453922,2LJ5-alt-218_assembled,A48,375.0,0,P62987
6,63,A,10.43,71.30996444628352,2LJ5-alt-218_assembled,A63,499.0,0,P62987
0,6,A,10.31,65.14406526483796,2LJ5-alt-191_assembled,A6,51.0,0,P62987
1,11,A,11.35,61.793033101008845,2LJ5-alt-191_assembled,A11,86.0,0,P62987
2,27,A,11.0,13.806252514975945,2LJ5-alt-191_assembled,A27,210.0,0,P62987
3,29,A,11.19,28.81887660893037,2LJ5-alt-191_assembled,A29,224.0,0,P62987
4,33,A,10.57,53.75055590781898,2LJ5-alt-191_assembled,A33,258.0,0,P62987
5,48,A,10.58,66.75256070347594,2LJ5-alt-191_assembled,A48,375.0,0,P62987
6,63,A,10.43,72.65037731181518,2LJ5-alt-191_assembled,A63,499.0,0,P62987
0,6,A,10.37,77.4758636277291,2LJ5-alt-185_assembled,A6,51.0,0,P62987
1,11,A,11.41,56.43138163888227,2LJ5-alt-185_assembled,A11,86.0,0,P62987
2,27,A,10.58,0.0,2LJ5-alt-185_assembled,A27,210.0,0,P62987
3,29,A,11.17,31.76778491309999,2LJ5-alt-185_assembled,A29,224.0,0,P62987
4,33,A,11.08,35.78902350969493,2LJ5-alt-185_assembled,A33,258.0,0,P62987
5,48,A,10.45,85.25025824781264,2LJ5-alt-185_assembled,A48,375.0,0,P62987
6,63,A,11.15,67.15468456313543,2LJ5-alt-185_assembled,A63,499.0,0,P62987
0,6,A,10.15,46.64636772050126,2LJ5-alt-152_assembled,A6,51.0,0,P62987
1,11,A,11.38,60.58666152203036,2LJ5-alt-152_assembled,A11,86.0,0,P62987
2,27,A,10.96,13.806252514975945,2LJ5-alt-152_assembled,A27,210.0,0,P62987
3,29,A,10.5,27.478463743398727,2LJ5-alt-152_assembled,A29,224.0,0,P62987
4,33,A,10.69,69.83551029419871,2LJ5-alt-152_assembled,A33,258.0,0,P62987
5,48,A,10.36,76.0014094756443,2LJ5-alt-152_assembled,A48,375.0,0,P62987
6,63,A,10.43,92.48848772168353,2LJ5-alt-152_assembled,A63,499.0,0,P62987
0,6,A,10.41,75.73332690253795,2LJ5-alt-146_assembled,A6,51.0,0,P62987
1,11,A,11.3,60.98878538168985,2LJ5-alt-146_assembled,A11,86.0,0,P62987
2,27,A,11.16,6.702064327658226,2LJ5-alt-146_assembled,A27,210.0,0,P62987
3,29,A,11.03,26.808257310632904,2LJ5-alt-146_assembled,A29,224.0,0,P62987
4,33,A,11.44,23.323183860250627,2LJ5-alt-146_assembled,A33,258.0,0,P62987
5,48,A,10.39,60.720702808583525,2LJ5-alt-146_assembled,A48,375.0,0,P62987
6,63,A,11.39,58.97816608339239,2LJ5-alt-146_assembled,A63,499.0,0,P62987
0,6,A,10.24,45.57403742807594,2LJ5-alt-16_assembled,A6,51.0,0,P62987
1,11,A,11.44,65.68023041105062,2LJ5-alt-16_assembled,A11,86.0,0,P62987
2,27,A,10.95,8.176518479743036,2LJ5-alt-16_assembled,A27,210.0,0,P62987
3,29,A,11.01,30.159289474462017,2LJ5-alt-16_assembled,A29,224.0,0,P62987
4,33,A,11.48,47.18253286671391,2LJ5-alt-16_assembled,A33,258.0,0,P62987
5,48,A,11.5,47.718698012926566,2LJ5-alt-16_assembled,A48,375.0,0,P62987
6,63,A,11.52,71.57804701938986,2LJ5-alt-16_assembled,A63,499.0,0,P62987
0,6,A,10.14,50.39952374398986,2LJ5-alt-121_assembled,A6,51.0,0,P62987
1,11,A,11.32,63.803652399306316,2LJ5-alt-121_assembled,A11,86.0,0,P62987
2,27,A,11.22,11.25946807046582,2LJ5-alt-121_assembled,A27,210.0,0,P62987
3,29,A,11.04,22.921060000591133,2LJ5-alt-121_assembled,A29,224.0,0,P62987
4,33,A,10.34,64.2057762589658,2LJ5-alt-121_assembled,A33,258.0,0,P62987
5,48,A,10.47,52.27610175573416,2LJ5-alt-121_assembled,A48,375.0,0,P62987
6,63,A,10.41,72.78441859836833,2LJ5-alt-121_assembled,A63,499.0,0,P62987
0,6,A,10.23,49.19315216501138,2LJ5-alt-59_assembled,A6,51.0,0,P62987
1,11,A,11.35,56.96754678509493,2LJ5-alt-59_assembled,A11,86.0,0,P62987
2,27,A,10.67,0.0,2LJ5-alt-59_assembled,A27,210.0,0,P62987
3,29,A,10.86,30.427372047568348,2LJ5-alt-59_assembled,A29,224.0,0,P62987
4,33,A,10.58,69.96955158075187,2LJ5-alt-59_assembled,A33,258.0,0,P62987
5,48,A,10.42,81.09497836466454,2LJ5-alt-59_assembled,A48,375.0,0,P62987
6,63,A,11.34,62.731322106881,2LJ5-alt-59_assembled,A63,499.0,0,P62987
0,6,A,10.28,44.76978970875695,2LJ5-alt-135_assembled,A6,51.0,0,P62987
1,11,A,11.39,66.08235427071011,2LJ5-alt-135_assembled,A11,86.0,0,P62987
2,27,A,10.7,8.57864233940253,2LJ5-alt-135_assembled,A27,210.0,0,P62987
3,29,A,11.32,23.189142573697463,2LJ5-alt-135_assembled,A29,224.0,0,P62987
4,33,A,11.43,36.593271229013915,2LJ5-alt-135_assembled,A33,258.0,0,P62987
5,48,A,10.44,53.214390761606325,2LJ5-alt-135_assembled,A48,375.0,0,P62987
6,63,A,11.37,49.46123473811771,2LJ5-alt-135_assembled,A63,499.0,0,P62987
0,6,A,10.24,34.98477579037594,2LJ5-alt-65_assembled,A6,51.0,0,P62987
1,11,A,10.6,97.8501391838101,2LJ5-alt-65_assembled,A11,86.0,0,P62987
2,27,A,10.38,0.0,2LJ5-alt-65_assembled,A27,210.0,0,P62987
3,29,A,10.59,12.331798362891137,2LJ5-alt-65_assembled,A29,224.0,0,P62987
4,33,A,11.38,72.24825345215568,2LJ5-alt-65_assembled,A33,258.0,0,P62987
5,48,A,11.67,58.17391836407341,2LJ5-alt-65_assembled,A48,375.0,0,P62987
6,63,A,10.52,71.44400573283669,2LJ5-alt-65_assembled,A63,499.0,0,P62987
0,6,A,10.23,46.51232643394809,2LJ5-alt-109_assembled,A6,51.0,0,P62987
1,11,A,11.31,59.64837251615821,2LJ5-alt-109_assembled,A11,86.0,0,P62987
2,27,A,10.16,0.0,2LJ5-alt-109_assembled,A27,210.0,0,P62987
3,29,A,10.9,24.26147286612278,2LJ5-alt-109_assembled,A29,224.0,0,P62987
4,33,A,11.61,35.38689965003544,2LJ5-alt-109_assembled,A33,258.0,0,P62987
5,48,A,10.45,77.0737397680696,2LJ5-alt-109_assembled,A48,375.0,0,P62987
6,63,A,11.53,54.15267976747847,2LJ5-alt-109_assembled,A63,499.0,0,P62987
0,6,A,10.27,40.88259239871518,2LJ5-alt-71_assembled,A6,51.0,0,P62987
1,11,A,11.33,57.63775321786074,2LJ5-alt-71_assembled,A11,86.0,0,P62987
2,27,A,10.43,0.0,2LJ5-alt-71_assembled,A27,210.0,0,P62987
3,29,A,11.31,32.57203263241898,2LJ5-alt-71_assembled,A29,224.0,0,P62987
4,33,A,10.15,39.40813824663037,2LJ5-alt-71_assembled,A33,258.0,0,P62987
5,48,A,9.89,31.767784913099995,2LJ5-alt-71_assembled,A48,375.0,0,P62987
6,63,A,11.45,55.22501005990379,2LJ5-alt-71_assembled,A63,499.0,0,P62987
0,6,A,10.33,46.64636772050125,2LJ5-alt-257_assembled,A6,51.0,0,P62987
1,11,A,11.37,60.720702808583525,2LJ5-alt-257_assembled,A11,86.0,0,P62987
2,27,A,10.37,0.0,2LJ5-alt-257_assembled,A27,210.0,0,P62987
3,29,A,10.3,36.86135380212025,2LJ5-alt-257_assembled,A29,224.0,0,P62987
4,33,A,11.32,24.931679298888604,2LJ5-alt-257_assembled,A33,258.0,0,P62987
5,48,A,10.42,64.87598269173162,2LJ5-alt-257_assembled,A48,375.0,0,P62987
6,63,A,10.41,68.09297356900757,2LJ5-alt-257_assembled,A63,499.0,0,P62987
0,6,A,10.27,43.56341812977847,2LJ5-alt-243_assembled,A6,51.0,0,P62987
1,11,A,11.14,47.9867805860329,2LJ5-alt-243_assembled,A11,86.0,0,P62987
2,27,A,10.61,0.0,2LJ5-alt-243_assembled,A27,210.0,0,P62987
3,29,A,10.8,51.73993660952151,2LJ5-alt-243_assembled,A29,224.0,0,P62987
4,33,A,10.25,48.52294573224556,2LJ5-alt-243_assembled,A33,258.0,0,P62987
5,48,A,10.38,64.33981754551897,2LJ5-alt-243_assembled,A48,375.0,0,P62987
6,63,A,11.52,56.96754678509492,2LJ5-alt-243_assembled,A63,499.0,0,P62987
0,6,A,10.32,50.131441170883534,2LJ5-alt-294_assembled,A6,51.0,0,P62987
1,11,A,11.31,47.9867805860329,2LJ5-alt-294_assembled,A11,86.0,0,P62987
2,27,A,10.78,8.3105597662962,2LJ5-alt-294_assembled,A27,210.0,0,P62987
3,29,A,10.28,39.94430339284303,2LJ5-alt-294_assembled,A29,224.0,0,P62987
4,33,A,10.52,38.60389052731138,2LJ5-alt-294_assembled,A33,258.0,0,P62987
5,48,A,10.37,73.99079017734682,2LJ5-alt-294_assembled,A48,375.0,0,P62987
6,63,A,10.44,84.98217567470631,2LJ5-alt-294_assembled,A63,499.0,0,P62987
0,6,A,10.37,47.45061543982024,2LJ5-alt-280_assembled,A6,51.0,0,P62987
1,11,A,11.31,59.24624865649872,2LJ5-alt-280_assembled,A11,86.0,0,P62987
2,27,A,10.45,0.0,2LJ5-alt-280_assembled,A27,210.0,0,P62987
3,29,A,10.77,44.23362456254429,2LJ5-alt-280_assembled,A29,224.0,0,P62987
4,33,A,10.98,61.52495052790252,2LJ5-alt-280_assembled,A33,258.0,0,P62987
5,48,A,10.34,64.07173497241264,2LJ5-alt-280_assembled,A48,375.0,0,P62987
6,63,A,10.48,61.92707438756201,2LJ5-alt-280_assembled,A63,499.0,0,P62987
0,6,A,10.36,54.822886200244284,2LJ5-alt-281_assembled,A6,51.0,0,P62987
1,11,A,11.34,46.64636772050126,2LJ5-alt-281_assembled,A11,86.0,0,P62987
2,27,A,10.88,0.0,2LJ5-alt-281_assembled,A27,210.0,0,P62987
3,29,A,11.39,31.09757848033417,2LJ5-alt-281_assembled,A29,224.0,0,P62987
4,33,A,11.47,55.895216492669604,2LJ5-alt-281_assembled,A33,258.0,0,P62987
5,48,A,10.41,81.49710222432402,2LJ5-alt-281_assembled,A48,375.0,0,P62987
6,63,A,11.47,66.75256070347594,2LJ5-alt-281_assembled,A63,499.0,0,P62987
0,6,A,10.31,49.05911087845821,2LJ5-alt-295_assembled,A6,51.0,0,P62987
1,11,A,10.48,88.46724912508859,2LJ5-alt-295_assembled,A11,86.0,0,P62987
2,27,A,10.88,7.908435906636707,2LJ5-alt-295_assembled,A27,210.0,0,P62987
3,29,A,10.51,61.524950527902526,2LJ5-alt-295_assembled,A29,224.0,0,P62987
4,33,A,10.53,65.54618912449746,2LJ5-alt-295_assembled,A33,258.0,0,P62987
5,48,A,10.33,60.58666152203037,2LJ5-alt-295_assembled,A48,375.0,0,P62987
6,63,A,10.42,66.48447813036961,2LJ5-alt-295_assembled,A63,499.0,0,P62987
0,6,A,10.35,57.23562935820125,2LJ5-alt-242_assembled,A6,51.0,0,P62987
1,11,A,10.48,77.20778105462277,2LJ5-alt-242_assembled,A11,86.0,0,P62987
2,27,A,11.04,13.002004795656958,2LJ5-alt-242_assembled,A27,210.0,0,P62987
3,29,A,10.49,66.75256070347594,2LJ5-alt-242_assembled,A29,224.0,0,P62987
4,33,A,11.47,61.793033101008845,2LJ5-alt-242_assembled,A33,258.0,0,P62987
5,48,A,10.45,58.97816608339239,2LJ5-alt-242_assembled,A48,375.0,0,P62987
6,63,A,11.32,64.60790011862531,2LJ5-alt-242_assembled,A63,499.0,0,P62987
0,6,A,10.22,35.118817076929105,2LJ5-alt-256_assembled,A6,51.0,0,P62987
1,11,A,11.39,50.66760631709619,2LJ5-alt-256_assembled,A11,86.0,0,P62987
2,27,A,12.08,8.444601052849366,2LJ5-alt-256_assembled,A27,210.0,0,P62987
3,29,A,11.3,36.995395088673405,2LJ5-alt-256_assembled,A29,224.0,0,P62987
4,33,A,10.31,59.51433122960505,2LJ5-alt-256_assembled,A33,258.0,0,P62987
5,48,A,10.39,62.99940467998732,2LJ5-alt-256_assembled,A48,375.0,0,P62987
6,63,A,10.43,86.32258854023797,2LJ5-alt-256_assembled,A63,499.0,0,P62987
0,6,A,10.17,48.254863159139234,2LJ5-alt-70_assembled,A6,51.0,0,P62987
1,11,A,11.38,71.44400573283669,2LJ5-alt-70_assembled,A11,86.0,0,P62987
2,27,A,11.95,0.0,2LJ5-alt-70_assembled,A27,210.0,0,P62987
3,29,A,11.04,32.57203263241898,2LJ5-alt-70_assembled,A29,224.0,0,P62987
4,33,A,10.52,73.18654245802783,2LJ5-alt-70_assembled,A33,258.0,0,P62987
5,48,A,12.4,40.61450982560885,2LJ5-alt-70_assembled,A48,375.0,0,P62987
6,63,A,11.49,68.49509742866708,2LJ5-alt-70_assembled,A63,499.0,0,P62987
0,6,A,10.14,33.108197778631634,2LJ5-alt-108_assembled,A6,51.0,0,P62987
1,11,A,11.1,43.429376843225306,2LJ5-alt-108_assembled,A11,86.0,0,P62987
2,27,A,10.47,0.0,2LJ5-alt-108_assembled,A27,210.0,0,P62987
3,29,A,10.12,39.94430339284303,2LJ5-alt-108_assembled,A29,224.0,0,P62987
4,33,A,11.53,72.11421216560251,2LJ5-alt-108_assembled,A33,258.0,0,P62987
5,48,A,10.09,37.3975189483329,2LJ5-alt-108_assembled,A48,375.0,0,P62987
6,63,A,11.53,63.803652399306316,2LJ5-alt-108_assembled,A63,499.0,0,P62987
0,6,A,10.29,53.884597194372134,2LJ5-alt-64_assembled,A6,51.0,0,P62987
1,11,A,11.38,65.27810655139112,2LJ5-alt-64_assembled,A11,86.0,0,P62987
2,27,A,9.93,0.0,2LJ5-alt-64_assembled,A27,210.0,0,P62987
3,29,A,10.87,21.04448198884683,2LJ5-alt-64_assembled,A29,224.0,0,P62987
4,33,A,11.45,72.65037731181516,2LJ5-alt-64_assembled,A33,258.0,0,P62987
5,48,A,11.27,38.46984924075822,2LJ5-alt-64_assembled,A48,375.0,0,P62987
6,63,A,11.0,58.978166083392395,2LJ5-alt-64_assembled,A63,499.0,0,P62987
0,6,A,10.34,47.98678058603289,2LJ5-alt-134_assembled,A6,51.0,0,P62987
1,11,A,11.17,44.903830995310116,2LJ5-alt-134_assembled,A11,86.0,0,P62987
2,27,A,10.56,0.0,2LJ5-alt-134_assembled,A27,210.0,0,P62987
3,29,A,10.82,17.693449825017716,2LJ5-alt-134_assembled,A29,224.0,0,P62987
4,33,A,11.42,65.27810655139112,2LJ5-alt-134_assembled,A33,258.0,0,P62987
5,48,A,11.24,39.27409696007721,2LJ5-alt-134_assembled,A48,375.0,0,P62987
6,63,A,10.64,49.193152165011384,2LJ5-alt-134_assembled,A63,499.0,0,P62987
0,6,A,10.14,42.893211697012646,2LJ5-alt-58_assembled,A6,51.0,0,P62987
1,11,A,11.13,65.27810655139112,2LJ5-alt-58_assembled,A11,86.0,0,P62987
2,27,A,10.64,0.0,2LJ5-alt-58_assembled,A27,210.0,0,P62987
3,29,A,10.97,31.901826199653158,2LJ5-alt-58_assembled,A29,224.0,0,P62987
4,33,A,11.45,65.94831298415694,2LJ5-alt-58_assembled,A33,258.0,0,P62987
5,48,A,10.59,66.35043684381644,2LJ5-alt-58_assembled,A48,375.0,0,P62987
6,63,A,11.46,52.544184328840494,2LJ5-alt-58_assembled,A63,499.0,0,P62987
0,6,A,10.26,52.41014304228733,2LJ5-alt-120_assembled,A6,51.0,0,P62987
1,11,A,11.32,73.18654245802783,2LJ5-alt-120_assembled,A11,86.0,0,P62987
2,27,A,11.68,0.0,2LJ5-alt-120_assembled,A27,210.0,0,P62987
3,29,A,11.0,35.520940936588595,2LJ5-alt-120_assembled,A29,224.0,0,P62987
4,33,A,11.38,53.214390761606325,2LJ5-alt-120_assembled,A33,258.0,0,P62987
5,48,A,10.49,80.02264807223924,2LJ5-alt-120_assembled,A48,375.0,0,P62987
6,63,A,11.45,72.11421216560251,2LJ5-alt-120_assembled,A63,499.0,0,P62987
0,6,A,10.37,56.2973403523291,2LJ5-alt-136_assembled,A6,51.0,0,P62987
1,11,A,11.38,61.92707438756201,2LJ5-alt-136_assembled,A11,86.0,0,P62987
2,27,A,10.62,7.640353333530379,2LJ5-alt-136_assembled,A27,210.0,0,P62987
3,29,A,10.98,48.38890444569239,2LJ5-alt-136_assembled,A29,224.0,0,P62987
4,33,A,11.46,66.61851941692277,2LJ5-alt-136_assembled,A33,258.0,0,P62987
5,48,A,10.25,62.731322106880995,2LJ5-alt-136_assembled,A48,375.0,0,P62987
6,63,A,11.34,58.1739183640734,2LJ5-alt-136_assembled,A63,499.0,0,P62987
0,6,A,10.19,36.72731251556708,2LJ5-alt-122_assembled,A6,51.0,0,P62987
1,11,A,11.36,68.22701485556074,2LJ5-alt-122_assembled,A11,86.0,0,P62987
2,27,A,10.25,0.0,2LJ5-alt-122_assembled,A27,210.0,0,P62987
3,29,A,10.94,22.78701871403797,2LJ5-alt-122_assembled,A29,224.0,0,P62987
4,33,A,11.27,42.088963977693666,2LJ5-alt-122_assembled,A33,258.0,0,P62987
5,48,A,10.41,82.03326737053669,2LJ5-alt-122_assembled,A48,375.0,0,P62987
6,63,A,11.49,60.4526202354772,2LJ5-alt-122_assembled,A63,499.0,0,P62987
0,6,A,10.33,53.482473334712644,2LJ5-alt-72_assembled,A6,51.0,0,P62987
1,11,A,11.39,70.77379930007086,2LJ5-alt-72_assembled,A11,86.0,0,P62987
2,27,A,10.72,0.0,2LJ5-alt-72_assembled,A27,210.0,0,P62987
3,29,A,10.84,17.559408538464552,2LJ5-alt-72_assembled,A29,224.0,0,P62987
4,33,A,11.48,39.944303392843025,2LJ5-alt-72_assembled,A33,258.0,0,P62987
5,48,A,11.4,52.81226690194682,2LJ5-alt-72_assembled,A48,375.0,0,P62987
6,63,A,11.45,56.029257779222775,2LJ5-alt-72_assembled,A63,499.0,0,P62987
0,6,A,10.17,48.79102830535189,2LJ5-alt-66_assembled,A6,51.0,0,P62987
1,11,A,11.25,57.23562935820125,2LJ5-alt-66_assembled,A11,86.0,0,P62987
2,27,A,10.65,14.074335088082275,2LJ5-alt-66_assembled,A27,210.0,0,P62987
3,29,A,10.97,27.2103811702924,2LJ5-alt-66_assembled,A29,224.0,0,P62987
4,33,A,11.17,41.418757544927836,2LJ5-alt-66_assembled,A33,258.0,0,P62987
5,48,A,10.29,64.33981754551897,2LJ5-alt-66_assembled,A48,375.0,0,P62987
6,63,A,11.24,49.05911087845821,2LJ5-alt-66_assembled,A63,499.0,0,P62987
0,6,A,10.12,38.73793181386455,2LJ5-alt-99_assembled,A6,51.0,0,P62987
1,11,A,11.34,51.60589532296834,2LJ5-alt-99_assembled,A11,86.0,0,P62987
2,27,A,12.05,0.0,2LJ5-alt-99_assembled,A27,210.0,0,P62987
3,29,A,11.08,36.72731251556708,2LJ5-alt-99_assembled,A29,224.0,0,P62987
4,33,A,10.49,50.80164760364936,2LJ5-alt-99_assembled,A33,258.0,0,P62987
5,48,A,10.34,66.08235427071011,2LJ5-alt-99_assembled,A48,375.0,0,P62987
6,63,A,10.54,80.69285450500504,2LJ5-alt-99_assembled,A63,499.0,0,P62987
0,6,A,10.37,66.35043684381642,2LJ5-alt-240_assembled,A6,51.0,0,P62987
1,11,A,11.27,45.03787228186329,2LJ5-alt-240_assembled,A11,86.0,0,P62987
2,27,A,11.07,9.516931345274681,2LJ5-alt-240_assembled,A27,210.0,0,P62987
3,29,A,10.46,36.86135380212024,2LJ5-alt-240_assembled,A29,224.0,0,P62987
4,33,A,11.49,63.53556982619999,2LJ5-alt-240_assembled,A33,258.0,0,P62987
5,48,A,10.45,69.1653038614329,2LJ5-alt-240_assembled,A48,375.0,0,P62987
6,63,A,11.16,65.54618912449746,2LJ5-alt-240_assembled,A63,499.0,0,P62987
0,6,A,10.37,65.41214783794429,2LJ5-alt-254_assembled,A6,51.0,0,P62987
1,11,A,11.4,52.946308188499984,2LJ5-alt-254_assembled,A11,86.0,0,P62987
2,27,A,10.95,0.0,2LJ5-alt-254_assembled,A27,210.0,0,P62987
3,29,A,11.24,39.408138246630365,2LJ5-alt-254_assembled,A29,224.0,0,P62987
4,33,A,10.3,31.63374362654683,2LJ5-alt-254_assembled,A33,258.0,0,P62987
5,48,A,10.44,83.5077215226215,2LJ5-alt-254_assembled,A48,375.0,0,P62987
6,63,A,10.45,83.90984538228099,2LJ5-alt-254_assembled,A63,499.0,0,P62987
0,6,A,10.38,67.28872584968859,2LJ5-alt-268_assembled,A6,51.0,0,P62987
1,11,A,11.42,61.927074387562016,2LJ5-alt-268_assembled,A11,86.0,0,P62987
2,27,A,10.65,0.0,2LJ5-alt-268_assembled,A27,210.0,0,P62987
3,29,A,10.5,54.688844913691135,2LJ5-alt-268_assembled,A29,224.0,0,P62987
4,33,A,11.48,62.329198247221505,2LJ5-alt-268_assembled,A33,258.0,0,P62987
5,48,A,10.3,63.133445966540485,2LJ5-alt-268_assembled,A48,375.0,0,P62987
6,63,A,11.15,60.18453766237087,2LJ5-alt-268_assembled,A63,499.0,0,P62987
0,6,A,10.35,48.52294573224555,2LJ5-alt-283_assembled,A6,51.0,0,P62987
1,11,A,11.05,50.93568889020252,2LJ5-alt-283_assembled,A11,86.0,0,P62987
2,27,A,11.9,0.0,2LJ5-alt-283_assembled,A27,210.0,0,P62987
3,29,A,10.44,50.66760631709619,2LJ5-alt-283_assembled,A29,224.0,0,P62987
4,33,A,11.41,51.87397789607467,2LJ5-alt-283_assembled,A33,258.0,0,P62987
5,48,A,10.42,93.29273544100252,2LJ5-alt-283_assembled,A48,375.0,0,P62987
6,63,A,10.43,87.52896011921644,2LJ5-alt-283_assembled,A63,499.0,0,P62987
0,6,A,10.37,58.30795965062657,2LJ5-alt-297_assembled,A6,51.0,0,P62987
1,11,A,11.33,42.491087837353156,2LJ5-alt-297_assembled,A11,86.0,0,P62987
2,27,A,11.03,7.640353333530379,2LJ5-alt-297_assembled,A27,210.0,0,P62987
3,29,A,11.28,44.63574842220379,2LJ5-alt-297_assembled,A29,224.0,0,P62987
4,33,A,11.5,52.54418432884049,2LJ5-alt-297_assembled,A33,258.0,0,P62987
5,48,A,10.25,49.32719345156455,2LJ5-alt-297_assembled,A48,375.0,0,P62987
6,63,A,10.65,69.1653038614329,2LJ5-alt-297_assembled,A63,499.0,0,P62987
0,6,A,10.11,38.067725381098725,2LJ5-alt-296_assembled,A6,51.0,0,P62987
1,11,A,11.36,69.29934514798606,2LJ5-alt-296_assembled,A11,86.0,0,P62987
2,27,A,10.92,7.506312046977213,2LJ5-alt-296_assembled,A27,210.0,0,P62987
3,29,A,11.14,23.99339029301645,2LJ5-alt-296_assembled,A29,224.0,0,P62987
4,33,A,10.44,35.520940936588595,2LJ5-alt-296_assembled,A33,258.0,0,P62987
5,48,A,10.44,86.05450596713162,2LJ5-alt-296_assembled,A48,375.0,0,P62987
6,63,A,10.41,72.38229473870885,2LJ5-alt-296_assembled,A63,499.0,0,P62987
0,6,A,10.35,52.27610175573417,2LJ5-alt-282_assembled,A6,51.0,0,P62987
1,11,A,11.39,58.71008351028607,2LJ5-alt-282_assembled,A11,86.0,0,P62987
2,27,A,10.77,0.0,2LJ5-alt-282_assembled,A27,210.0,0,P62987
3,29,A,10.57,64.07173497241264,2LJ5-alt-282_assembled,A29,224.0,0,P62987
4,33,A,10.39,77.20778105462276,2LJ5-alt-282_assembled,A33,258.0,0,P62987
5,48,A,10.4,83.23963894951517,2LJ5-alt-282_assembled,A48,375.0,0,P62987
6,63,A,11.09,64.60790011862531,2LJ5-alt-282_assembled,A63,499.0,0,P62987
0,6,A,10.35,70.37167544041137,2LJ5-alt-269_assembled,A6,51.0,0,P62987
1,11,A,11.36,52.67822561539366,2LJ5-alt-269_assembled,A11,86.0,0,P62987
2,27,A,10.14,0.0,2LJ5-alt-269_assembled,A27,210.0,0,P62987
3,29,A,10.64,42.08896397769366,2LJ5-alt-269_assembled,A29,224.0,0,P62987
4,33,A,10.5,63.669611112753145,2LJ5-alt-269_assembled,A33,258.0,0,P62987
5,48,A,10.44,80.8268957915582,2LJ5-alt-269_assembled,A48,375.0,0,P62987
6,63,A,11.15,68.36105614211391,2LJ5-alt-269_assembled,A63,499.0,0,P62987
0,6,A,10.34,41.9549226911405,2LJ5-alt-255_assembled,A6,51.0,0,P62987
1,11,A,10.43,82.43539123019619,2LJ5-alt-255_assembled,A11,86.0,0,P62987
2,27,A,10.9,0.0,2LJ5-alt-255_assembled,A27,210.0,0,P62987
3,29,A,10.49,33.77840421139746,2LJ5-alt-255_assembled,A29,224.0,0,P62987
4,33,A,11.11,52.41014304228733,2LJ5-alt-255_assembled,A33,258.0,0,P62987
5,48,A,10.45,83.90984538228099,2LJ5-alt-255_assembled,A48,375.0,0,P62987
6,63,A,10.41,74.7950378966658,2LJ5-alt-255_assembled,A63,499.0,0,P62987
0,6,A,10.36,56.163299065775945,2LJ5-alt-241_assembled,A6,51.0,0,P62987
1,11,A,11.34,56.2973403523291,2LJ5-alt-241_assembled,A11,86.0,0,P62987
2,27,A,10.14,0.0,2LJ5-alt-241_assembled,A27,210.0,0,P62987
3,29,A,11.11,23.591266433356957,2LJ5-alt-241_assembled,A29,224.0,0,P62987
4,33,A,10.63,32.43799134586581,2LJ5-alt-241_assembled,A33,258.0,0,P62987
5,48,A,10.39,72.38229473870885,2LJ5-alt-241_assembled,A48,375.0,0,P62987
6,63,A,10.41,62.731322106880995,2LJ5-alt-241_assembled,A63,499.0,0,P62987
0,6,A,10.08,41.82088140458733,2LJ5-alt-98_assembled,A6,51.0,0,P62987
1,11,A,10.27,74.92907918321897,2LJ5-alt-98_assembled,A11,86.0,0,P62987
2,27,A,10.69,0.0,2LJ5-alt-98_assembled,A27,210.0,0,P62987
3,29,A,11.17,30.56141333412151,2LJ5-alt-98_assembled,A29,224.0,0,P62987
4,33,A,11.37,72.24825345215568,2LJ5-alt-98_assembled,A33,258.0,0,P62987
5,48,A,10.49,60.854744095136695,2LJ5-alt-98_assembled,A48,375.0,0,P62987
6,63,A,11.06,60.854744095136695,2LJ5-alt-98_assembled,A63,499.0,0,P62987
0,6,A,10.18,42.22300526424683,2LJ5-alt-67_assembled,A6,51.0,0,P62987
1,11,A,11.13,43.16129427011898,2LJ5-alt-67_assembled,A11,86.0,0,P62987
2,27,A,10.51,0.0,2LJ5-alt-67_assembled,A27,210.0,0,P62987
3,29,A,11.14,37.93368409454556,2LJ5-alt-67_assembled,A29,224.0,0,P62987
4,33,A,11.42,45.97616128773543,2LJ5-alt-67_assembled,A33,258.0,0,P62987
5,48,A,10.34,76.93969848151644,2LJ5-alt-67_assembled,A48,375.0,0,P62987
6,63,A,11.52,67.02064327658226,2LJ5-alt-67_assembled,A63,499.0,0,P62987
0,6,A,10.11,44.76978970875695,2LJ5-alt-73_assembled,A6,51.0,0,P62987
1,11,A,11.34,63.66961111275316,2LJ5-alt-73_assembled,A11,86.0,0,P62987
2,27,A,10.6,0.0,2LJ5-alt-73_assembled,A27,210.0,0,P62987
3,29,A,10.95,20.240234269527846,2LJ5-alt-73_assembled,A29,224.0,0,P62987
4,33,A,11.44,56.56542292543543,2LJ5-alt-73_assembled,A33,258.0,0,P62987
5,48,A,10.15,57.10158807164808,2LJ5-alt-73_assembled,A48,375.0,0,P62987
6,63,A,11.5,65.81427169760377,2LJ5-alt-73_assembled,A63,499.0,0,P62987
0,6,A,10.37,54.956927486797454,2LJ5-alt-123_assembled,A6,51.0,0,P62987
1,11,A,11.39,72.51633602526202,2LJ5-alt-123_assembled,A11,86.0,0,P62987
2,27,A,10.94,9.650972631827846,2LJ5-alt-123_assembled,A27,210.0,0,P62987
3,29,A,11.05,26.942298597186067,2LJ5-alt-123_assembled,A29,224.0,0,P62987
4,33,A,11.6,29.891206901355687,2LJ5-alt-123_assembled,A33,258.0,0,P62987
5,48,A,10.33,55.76117520611645,2LJ5-alt-123_assembled,A48,375.0,0,P62987
6,63,A,11.51,73.7227076042405,2LJ5-alt-123_assembled,A63,499.0,0,P62987
0,6,A,10.22,49.72931731122404,2LJ5-alt-137_assembled,A6,51.0,0,P62987
1,11,A,11.26,49.59527602467088,2LJ5-alt-137_assembled,A11,86.0,0,P62987
2,27,A,10.89,10.187137778040505,2LJ5-alt-137_assembled,A27,210.0,0,P62987
3,29,A,10.91,14.342417661188604,2LJ5-alt-137_assembled,A29,224.0,0,P62987
4,33,A,11.38,44.09958327599112,2LJ5-alt-137_assembled,A33,258.0,0,P62987
5,48,A,10.44,81.6311435108772,2LJ5-alt-137_assembled,A48,375.0,0,P62987
6,63,A,11.31,60.31857894892404,2LJ5-alt-137_assembled,A63,499.0,0,P62987
0,6,A,10.18,47.9867805860329,2LJ5-alt-77_assembled,A6,51.0,0,P62987
1,11,A,10.46,71.71208830594303,2LJ5-alt-77_assembled,A11,86.0,0,P62987
2,27,A,10.87,8.176518479743036,2LJ5-alt-77_assembled,A27,210.0,0,P62987
3,29,A,10.93,30.829495907227844,2LJ5-alt-77_assembled,A29,224.0,0,P62987
4,33,A,11.37,59.782413802711375,2LJ5-alt-77_assembled,A33,258.0,0,P62987
5,48,A,10.43,82.43539123019619,2LJ5-alt-77_assembled,A48,375.0,0,P62987
6,63,A,11.42,59.916455089264545,2LJ5-alt-77_assembled,A63,499.0,0,P62987
0,6,A,10.15,45.03787228186328,2LJ5-alt-63_assembled,A6,51.0,0,P62987
1,11,A,11.43,27.076339883739234,2LJ5-alt-63_assembled,A11,86.0,0,P62987
2,27,A,10.72,0.0,2LJ5-alt-63_assembled,A27,210.0,0,P62987
3,29,A,10.8,27.88058760305822,2LJ5-alt-63_assembled,A29,224.0,0,P62987
4,33,A,10.35,62.32919824722151,2LJ5-alt-63_assembled,A33,258.0,0,P62987
5,48,A,11.55,49.59527602467087,2LJ5-alt-63_assembled,A48,375.0,0,P62987
6,63,A,11.04,67.42276713624176,2LJ5-alt-63_assembled,A63,499.0,0,P62987
0,6,A,10.37,53.34843204815948,2LJ5-alt-133_assembled,A6,51.0,0,P62987
1,11,A,11.3,63.13344596654049,2LJ5-alt-133_assembled,A11,86.0,0,P62987
2,27,A,10.62,9.919055204934175,2LJ5-alt-133_assembled,A27,210.0,0,P62987
3,29,A,11.18,31.49970233999366,2LJ5-alt-133_assembled,A29,224.0,0,P62987
4,33,A,10.66,47.18253286671391,2LJ5-alt-133_assembled,A33,258.0,0,P62987
5,48,A,10.49,73.18654245802783,2LJ5-alt-133_assembled,A48,375.0,0,P62987
6,63,A,11.33,63.40152853964682,2LJ5-alt-133_assembled,A63,499.0,0,P62987
0,6,A,10.19,44.36766584909746,2LJ5-alt-127_assembled,A6,51.0,0,P62987
1,11,A,11.29,44.09958327599113,2LJ5-alt-127_assembled,A11,86.0,0,P62987
2,27,A,10.66,0.0,2LJ5-alt-127_assembled,A27,210.0,0,P62987
3,29,A,11.09,34.582651930716445,2LJ5-alt-127_assembled,A29,224.0,0,P62987
4,33,A,10.38,38.20176666765189,2LJ5-alt-127_assembled,A33,258.0,0,P62987
5,48,A,10.34,76.00140947564428,2LJ5-alt-127_assembled,A48,375.0,0,P62987
6,63,A,11.52,69.03126257487973,2LJ5-alt-127_assembled,A63,499.0,0,P62987
0,6,A,10.39,74.25887275045315,2LJ5-alt-88_assembled,A6,51.0,0,P62987
1,11,A,11.22,47.31657415326708,2LJ5-alt-88_assembled,A11,86.0,0,P62987
2,27,A,10.84,0.0,2LJ5-alt-88_assembled,A27,210.0,0,P62987
3,29,A,11.36,65.54618912449746,2LJ5-alt-88_assembled,A29,224.0,0,P62987
4,33,A,10.55,71.17592315973036,2LJ5-alt-88_assembled,A33,258.0,0,P62987
5,48,A,10.39,78.01202877394175,2LJ5-alt-88_assembled,A48,375.0,0,P62987
6,63,A,11.0,55.49309263301011,2LJ5-alt-88_assembled,A63,499.0,0,P62987
0,6,A,10.35,48.38890444569239,2LJ5-alt-279_assembled,A6,51.0,0,P62987
1,11,A,11.35,66.35043684381644,2LJ5-alt-279_assembled,A11,86.0,0,P62987
2,27,A,11.13,11.393509357018983,2LJ5-alt-279_assembled,A27,210.0,0,P62987
3,29,A,11.17,23.859349006463283,2LJ5-alt-279_assembled,A29,224.0,0,P62987
4,33,A,10.43,53.21439076160632,2LJ5-alt-279_assembled,A33,258.0,0,P62987
5,48,A,10.44,75.1971617563253,2LJ5-alt-279_assembled,A48,375.0,0,P62987
6,63,A,10.4,64.47385883207212,2LJ5-alt-279_assembled,A63,499.0,0,P62987
0,6,A,10.33,40.21238596594936,2LJ5-alt-245_assembled,A6,51.0,0,P62987
1,11,A,10.51,83.64176280917466,2LJ5-alt-245_assembled,A11,86.0,0,P62987
2,27,A,10.58,0.0,2LJ5-alt-245_assembled,A27,210.0,0,P62987
3,29,A,11.01,21.446605848506323,2LJ5-alt-245_assembled,A29,224.0,0,P62987
4,33,A,10.54,32.303950059312655,2LJ5-alt-245_assembled,A33,258.0,0,P62987
5,48,A,10.41,73.85674889079365,2LJ5-alt-245_assembled,A48,375.0,0,P62987
6,63,A,10.46,85.25025824781264,2LJ5-alt-245_assembled,A63,499.0,0,P62987
0,6,A,10.34,51.20377146330885,2LJ5-alt-251_assembled,A6,51.0,0,P62987
1,11,A,10.66,101.06713006108605,2LJ5-alt-251_assembled,A11,86.0,0,P62987
2,27,A,10.86,11.527550643572148,2LJ5-alt-251_assembled,A27,210.0,0,P62987
3,29,A,11.19,31.09757848033417,2LJ5-alt-251_assembled,A29,224.0,0,P62987
4,33,A,10.45,36.86135380212024,2LJ5-alt-251_assembled,A33,258.0,0,P62987
5,48,A,10.3,73.85674889079365,2LJ5-alt-251_assembled,A48,375.0,0,P62987
6,63,A,10.63,61.658991814455675,2LJ5-alt-251_assembled,A63,499.0,0,P62987
0,6,A,10.35,60.4526202354772,2LJ5-alt-286_assembled,A6,51.0,0,P62987
1,11,A,11.36,55.22501005990378,2LJ5-alt-286_assembled,A11,86.0,0,P62987
2,27,A,10.88,9.516931345274681,2LJ5-alt-286_assembled,A27,210.0,0,P62987
3,29,A,11.21,35.654982223141765,2LJ5-alt-286_assembled,A29,224.0,0,P62987
4,33,A,10.33,55.35905134645695,2LJ5-alt-286_assembled,A33,258.0,0,P62987
5,48,A,10.37,78.01202877394175,2LJ5-alt-286_assembled,A48,375.0,0,P62987
6,63,A,10.43,66.61851941692277,2LJ5-alt-286_assembled,A63,499.0,0,P62987
0,6,A,10.29,55.895216492669604,2LJ5-alt-292_assembled,A6,51.0,0,P62987
1,11,A,10.49,88.46724912508859,2LJ5-alt-292_assembled,A11,86.0,0,P62987
2,27,A,10.63,0.0,2LJ5-alt-292_assembled,A27,210.0,0,P62987
3,29,A,11.24,31.365661053440498,2LJ5-alt-292_assembled,A29,224.0,0,P62987
4,33,A,10.66,54.55480362713796,2LJ5-alt-292_assembled,A33,258.0,0,P62987
5,48,A,10.36,74.3929140370063,2LJ5-alt-292_assembled,A48,375.0,0,P62987
6,63,A,11.52,59.11220736994556,2LJ5-alt-292_assembled,A63,499.0,0,P62987
0,6,A,10.22,49.99739988433037,2LJ5-alt-293_assembled,A6,51.0,0,P62987
1,11,A,10.52,102.67562549972402,2LJ5-alt-293_assembled,A11,86.0,0,P62987
2,27,A,10.7,0.0,2LJ5-alt-293_assembled,A27,210.0,0,P62987
3,29,A,10.5,39.40813824663037,2LJ5-alt-293_assembled,A29,224.0,0,P62987
4,33,A,10.32,41.15067497182151,2LJ5-alt-293_assembled,A33,258.0,0,P62987
5,48,A,10.57,85.65238210747214,2LJ5-alt-293_assembled,A48,375.0,0,P62987
6,63,A,10.43,78.01202877394175,2LJ5-alt-293_assembled,A63,499.0,0,P62987
0,6,A,10.22,43.16129427011898,2LJ5-alt-287_assembled,A6,51.0,0,P62987
1,11,A,11.35,60.854744095136695,2LJ5-alt-287_assembled,A11,86.0,0,P62987
2,27,A,11.03,11.393509357018983,2LJ5-alt-287_assembled,A27,210.0,0,P62987
3,29,A,10.68,36.99539508867341,2LJ5-alt-287_assembled,A29,224.0,0,P62987
4,33,A,10.25,40.48046853905569,2LJ5-alt-287_assembled,A33,258.0,0,P62987
5,48,A,10.45,85.11621696125947,2LJ5-alt-287_assembled,A48,375.0,0,P62987
6,63,A,10.59,66.8866019900291,2LJ5-alt-287_assembled,A63,499.0,0,P62987
0,6,A,10.38,77.74394620083542,2LJ5-alt-250_assembled,A6,51.0,0,P62987
1,11,A,11.41,58.03987707752024,2LJ5-alt-250_assembled,A11,86.0,0,P62987
2,27,A,10.96,7.3722707604240485,2LJ5-alt-250_assembled,A27,210.0,0,P62987
3,29,A,11.29,34.31456935761012,2LJ5-alt-250_assembled,A29,224.0,0,P62987
4,33,A,10.56,73.7227076042405,2LJ5-alt-250_assembled,A33,258.0,0,P62987
5,48,A,10.36,81.76518479743036,2LJ5-alt-250_assembled,A48,375.0,0,P62987
6,63,A,11.13,71.4440057328367,2LJ5-alt-250_assembled,A63,499.0,0,P62987
0,6,A,10.22,51.87397789607468,2LJ5-alt-244_assembled,A6,51.0,0,P62987
1,11,A,11.42,62.06111567411517,2LJ5-alt-244_assembled,A11,86.0,0,P62987
2,27,A,10.81,6.970146900764555,2LJ5-alt-244_assembled,A27,210.0,0,P62987
3,29,A,11.1,21.58064713505949,2LJ5-alt-244_assembled,A29,224.0,0,P62987
4,33,A,10.43,65.41214783794429,2LJ5-alt-244_assembled,A33,258.0,0,P62987
5,48,A,10.44,89.80766199062023,2LJ5-alt-244_assembled,A48,375.0,0,P62987
6,63,A,11.48,50.80164760364936,2LJ5-alt-244_assembled,A63,499.0,0,P62987
0,6,A,10.19,45.30595485496961,2LJ5-alt-278_assembled,A6,51.0,0,P62987
1,11,A,11.32,64.20577625896581,2LJ5-alt-278_assembled,A11,86.0,0,P62987
2,27,A,10.8,7.506312046977213,2LJ5-alt-278_assembled,A27,210.0,0,P62987
3,29,A,10.54,52.142060469181004,2LJ5-alt-278_assembled,A29,224.0,0,P62987
4,33,A,10.34,53.080349475053154,2LJ5-alt-278_assembled,A33,258.0,0,P62987
5,48,A,10.35,67.95893228245441,2LJ5-alt-278_assembled,A48,375.0,0,P62987
6,63,A,11.19,57.77179450441392,2LJ5-alt-278_assembled,A63,499.0,0,P62987
0,6,A,10.2,48.254863159139234,2LJ5-alt-89_assembled,A6,51.0,0,P62987
1,11,A,11.39,70.10359286730505,2LJ5-alt-89_assembled,A11,86.0,0,P62987
2,27,A,10.62,0.0,2LJ5-alt-89_assembled,A27,210.0,0,P62987
3,29,A,11.08,18.899821403996196,2LJ5-alt-89_assembled,A29,224.0,0,P62987
4,33,A,10.31,74.66099661011263,2LJ5-alt-89_assembled,A33,258.0,0,P62987
5,48,A,10.4,69.70146900764556,2LJ5-alt-89_assembled,A48,375.0,0,P62987
6,63,A,10.87,60.318578948924035,2LJ5-alt-89_assembled,A63,499.0,0,P62987
0,6,A,10.35,52.54418432884049,2LJ5-alt-126_assembled,A6,51.0,0,P62987
1,11,A,11.32,67.82489099590126,2LJ5-alt-126_assembled,A11,86.0,0,P62987
2,27,A,10.85,7.238229473870884,2LJ5-alt-126_assembled,A27,210.0,0,P62987
3,29,A,11.03,32.97415649207847,2LJ5-alt-126_assembled,A29,224.0,0,P62987
4,33,A,11.38,47.85273929947974,2LJ5-alt-126_assembled,A33,258.0,0,P62987
5,48,A,10.03,33.51032163829113,2LJ5-alt-126_assembled,A48,375.0,0,P62987
6,63,A,11.45,65.68023041105062,2LJ5-alt-126_assembled,A63,499.0,0,P62987
0,6,A,10.17,49.32719345156455,2LJ5-alt-132_assembled,A6,51.0,0,P62987
1,11,A,11.35,58.307959650626564,2LJ5-alt-132_assembled,A11,86.0,0,P62987
2,27,A,10.74,0.0,2LJ5-alt-132_assembled,A27,210.0,0,P62987
3,29,A,10.88,40.614509825608856,2LJ5-alt-132_assembled,A29,224.0,0,P62987
4,33,A,10.43,48.65698701879872,2LJ5-alt-132_assembled,A33,258.0,0,P62987
5,48,A,10.43,56.2973403523291,2LJ5-alt-132_assembled,A48,375.0,0,P62987
6,63,A,11.41,41.28471625837467,2LJ5-alt-132_assembled,A63,499.0,0,P62987
0,6,A,10.33,38.73793181386455,2LJ5-alt-62_assembled,A6,51.0,0,P62987
1,11,A,11.28,67.82489099590126,2LJ5-alt-62_assembled,A11,86.0,0,P62987
2,27,A,10.48,0.0,2LJ5-alt-62_assembled,A27,210.0,0,P62987
3,29,A,11.17,28.014628889611387,2LJ5-alt-62_assembled,A29,224.0,0,P62987
4,33,A,11.39,49.59527602467088,2LJ5-alt-62_assembled,A33,258.0,0,P62987
5,48,A,10.41,68.7631800017734,2LJ5-alt-62_assembled,A48,375.0,0,P62987
6,63,A,11.48,58.44200093717974,2LJ5-alt-62_assembled,A63,499.0,0,P62987
0,6,A,10.04,34.71669321726961,2LJ5-alt-76_assembled,A6,51.0,0,P62987
1,11,A,11.27,64.07173497241264,2LJ5-alt-76_assembled,A11,86.0,0,P62987
2,27,A,11.35,0.0,2LJ5-alt-76_assembled,A27,210.0,0,P62987
3,29,A,10.92,17.82749111157088,2LJ5-alt-76_assembled,A29,224.0,0,P62987
4,33,A,10.38,31.09757848033417,2LJ5-alt-76_assembled,A33,258.0,0,P62987
5,48,A,10.29,62.19515696066834,2LJ5-alt-76_assembled,A48,375.0,0,P62987
6,63,A,11.31,53.616514621265814,2LJ5-alt-76_assembled,A63,499.0,0,P62987
0,6,A,10.16,47.71869801292657,2LJ5-alt-60_assembled,A6,51.0,0,P62987
1,11,A,11.31,66.88660199002909,2LJ5-alt-60_assembled,A11,86.0,0,P62987
2,27,A,11.02,9.919055204934175,2LJ5-alt-60_assembled,A27,210.0,0,P62987
3,29,A,10.98,27.88058760305822,2LJ5-alt-60_assembled,A29,224.0,0,P62987
4,33,A,10.22,53.75055590781898,2LJ5-alt-60_assembled,A33,258.0,0,P62987
5,48,A,10.44,51.605895322968344,2LJ5-alt-60_assembled,A48,375.0,0,P62987
6,63,A,11.55,69.03126257487973,2LJ5-alt-60_assembled,A63,499.0,0,P62987
0,6,A,10.3,61.52495052790251,2LJ5-alt-118_assembled,A6,51.0,0,P62987
1,11,A,11.31,57.36967064475442,2LJ5-alt-118_assembled,A11,86.0,0,P62987
2,27,A,10.24,0.0,2LJ5-alt-118_assembled,A27,210.0,0,P62987
3,29,A,11.0,35.78902350969493,2LJ5-alt-118_assembled,A29,224.0,0,P62987
4,33,A,11.06,60.4526202354772,2LJ5-alt-118_assembled,A33,258.0,0,P62987
5,48,A,10.58,80.42477193189872,2LJ5-alt-118_assembled,A48,375.0,0,P62987
6,63,A,11.51,63.803652399306316,2LJ5-alt-118_assembled,A63,499.0,0,P62987
0,6,A,10.13,36.45922994246075,2LJ5-alt-74_assembled,A6,51.0,0,P62987
1,11,A,11.37,64.47385883207214,2LJ5-alt-74_assembled,A11,86.0,0,P62987
2,27,A,12.19,0.0,2LJ5-alt-74_assembled,A27,210.0,0,P62987
3,29,A,10.93,34.180528071056955,2LJ5-alt-74_assembled,A29,224.0,0,P62987
4,33,A,11.4,53.34843204815948,2LJ5-alt-74_assembled,A33,258.0,0,P62987
5,48,A,10.07,36.72731251556708,2LJ5-alt-74_assembled,A48,375.0,0,P62987
6,63,A,11.4,62.195156960668335,2LJ5-alt-74_assembled,A63,499.0,0,P62987
0,6,A,10.11,33.242239065184805,2LJ5-alt-124_assembled,A6,51.0,0,P62987
1,11,A,11.2,70.50571672696455,2LJ5-alt-124_assembled,A11,86.0,0,P62987
2,27,A,11.89,0.0,2LJ5-alt-124_assembled,A27,210.0,0,P62987
3,29,A,11.0,31.63374362654683,2LJ5-alt-124_assembled,A29,224.0,0,P62987
4,33,A,11.44,71.17592315973036,2LJ5-alt-124_assembled,A33,258.0,0,P62987
5,48,A,10.43,66.48447813036961,2LJ5-alt-124_assembled,A48,375.0,0,P62987
6,63,A,11.31,55.090968773350625,2LJ5-alt-124_assembled,A63,499.0,0,P62987
0,6,A,10.13,46.37828514739493,2LJ5-alt-48_assembled,A6,51.0,0,P62987
1,11,A,11.3,68.22701485556074,2LJ5-alt-48_assembled,A11,86.0,0,P62987
2,27,A,10.23,0.0,2LJ5-alt-48_assembled,A27,210.0,0,P62987
3,29,A,11.94,23.859349006463283,2LJ5-alt-48_assembled,A29,224.0,0,P62987
4,33,A,11.3,42.35704655079999,2LJ5-alt-48_assembled,A33,258.0,0,P62987
5,48,A,10.37,85.11621696125948,2LJ5-alt-48_assembled,A48,375.0,0,P62987
6,63,A,11.37,62.19515696066834,2LJ5-alt-48_assembled,A63,499.0,0,P62987
0,6,A,10.33,58.442000937179735,2LJ5-alt-130_assembled,A6,51.0,0,P62987
1,11,A,11.38,58.03987707752024,2LJ5-alt-130_assembled,A11,86.0,0,P62987
2,27,A,10.53,0.0,2LJ5-alt-130_assembled,A27,210.0,0,P62987
3,29,A,10.81,24.52955543922911,2LJ5-alt-130_assembled,A29,224.0,0,P62987
4,33,A,11.39,52.946308188499984,2LJ5-alt-130_assembled,A33,258.0,0,P62987
5,48,A,10.41,82.83751508985569,2LJ5-alt-130_assembled,A48,375.0,0,P62987
6,63,A,11.43,60.98878538168986,2LJ5-alt-130_assembled,A63,499.0,0,P62987
0,6,A,10.29,52.81226690194682,2LJ5-alt-252_assembled,A6,51.0,0,P62987
1,11,A,11.35,67.02064327658226,2LJ5-alt-252_assembled,A11,86.0,0,P62987
2,27,A,10.77,8.3105597662962,2LJ5-alt-252_assembled,A27,210.0,0,P62987
3,29,A,10.72,53.61651462126581,2LJ5-alt-252_assembled,A29,224.0,0,P62987
4,33,A,10.4,42.357046550799986,2LJ5-alt-252_assembled,A33,258.0,0,P62987
5,48,A,10.41,78.68223520670759,2LJ5-alt-252_assembled,A48,375.0,0,P62987
6,63,A,10.41,75.33120304287846,2LJ5-alt-252_assembled,A63,499.0,0,P62987
0,6,A,10.08,59.782413802711375,2LJ5-alt-246_assembled,A6,51.0,0,P62987
1,11,A,10.45,82.7034738033025,2LJ5-alt-246_assembled,A11,86.0,0,P62987
2,27,A,11.53,0.0,2LJ5-alt-246_assembled,A27,210.0,0,P62987
3,29,A,11.2,33.242239065184805,2LJ5-alt-246_assembled,A29,224.0,0,P62987
4,33,A,11.44,58.71008351028606,2LJ5-alt-246_assembled,A33,258.0,0,P62987
5,48,A,10.43,71.17592315973036,2LJ5-alt-246_assembled,A48,375.0,0,P62987
6,63,A,11.08,63.26748725309366,2LJ5-alt-246_assembled,A63,499.0,0,P62987
0,6,A,10.37,66.21639555726327,2LJ5-alt-291_assembled,A6,51.0,0,P62987
1,11,A,11.33,50.265482457436704,2LJ5-alt-291_assembled,A11,86.0,0,P62987
2,27,A,10.9,11.929674503231643,2LJ5-alt-291_assembled,A27,210.0,0,P62987
3,29,A,11.01,31.901826199653158,2LJ5-alt-291_assembled,A29,224.0,0,P62987
4,33,A,11.31,34.180528071056955,2LJ5-alt-291_assembled,A33,258.0,0,P62987
5,48,A,10.41,71.4440057328367,2LJ5-alt-291_assembled,A48,375.0,0,P62987
6,63,A,10.42,71.84612959249618,2LJ5-alt-291_assembled,A63,499.0,0,P62987
0,6,A,10.35,49.59527602467087,2LJ5-alt-285_assembled,A6,51.0,0,P62987
1,11,A,11.4,73.05250117147466,2LJ5-alt-285_assembled,A11,86.0,0,P62987
2,27,A,11.06,12.063715789784808,2LJ5-alt-285_assembled,A27,210.0,0,P62987
3,29,A,10.97,27.210381170292397,2LJ5-alt-285_assembled,A29,224.0,0,P62987
4,33,A,10.76,42.75917041045948,2LJ5-alt-285_assembled,A33,258.0,0,P62987
5,48,A,10.29,62.999404679987336,2LJ5-alt-285_assembled,A48,375.0,0,P62987
6,63,A,11.43,60.58666152203037,2LJ5-alt-285_assembled,A63,499.0,0,P62987
0,6,A,10.36,64.74194140517847,2LJ5-alt-284_assembled,A6,51.0,0,P62987
1,11,A,11.35,56.833505498541754,2LJ5-alt-284_assembled,A11,86.0,0,P62987
2,27,A,10.77,12.197757076337972,2LJ5-alt-284_assembled,A27,210.0,0,P62987
3,29,A,11.29,40.74855111216202,2LJ5-alt-284_assembled,A29,224.0,0,P62987
4,33,A,10.52,54.68884491369113,2LJ5-alt-284_assembled,A33,258.0,0,P62987
5,48,A,10.41,71.30996444628353,2LJ5-alt-284_assembled,A48,375.0,0,P62987
6,63,A,11.14,67.95893228245441,2LJ5-alt-284_assembled,A63,499.0,0,P62987
0,6,A,10.33,56.43138163888226,2LJ5-alt-290_assembled,A6,51.0,0,P62987
1,11,A,11.41,61.12282666824302,2LJ5-alt-290_assembled,A11,86.0,0,P62987
2,27,A,10.98,13.538169941869617,2LJ5-alt-290_assembled,A27,210.0,0,P62987
3,29,A,11.26,31.76778491309999,2LJ5-alt-290_assembled,A29,224.0,0,P62987
4,33,A,10.43,49.729317311224044,2LJ5-alt-290_assembled,A33,258.0,0,P62987
5,48,A,10.47,46.91445029360759,2LJ5-alt-290_assembled,A48,375.0,0,P62987
6,63,A,10.57,60.05049637581771,2LJ5-alt-290_assembled,A63,499.0,0,P62987
0,6,A,10.35,49.59527602467087,2LJ5-alt-247_assembled,A6,51.0,0,P62987
1,11,A,11.44,71.0418818731772,2LJ5-alt-247_assembled,A11,86.0,0,P62987
2,27,A,11.52,23.72530771991012,2LJ5-alt-247_assembled,A27,210.0,0,P62987
3,29,A,11.18,63.803652399306316,2LJ5-alt-247_assembled,A29,224.0,0,P62987
4,33,A,10.55,39.81026210628987,2LJ5-alt-247_assembled,A33,258.0,0,P62987
5,48,A,10.42,77.4758636277291,2LJ5-alt-247_assembled,A48,375.0,0,P62987
6,63,A,11.56,68.89722128832656,2LJ5-alt-247_assembled,A63,499.0,0,P62987
0,6,A,10.08,31.767784913099995,2LJ5-alt-253_assembled,A6,51.0,0,P62987
1,11,A,10.44,94.36506573342783,2LJ5-alt-253_assembled,A11,86.0,0,P62987
2,27,A,10.72,8.57864233940253,2LJ5-alt-253_assembled,A27,210.0,0,P62987
3,29,A,10.99,38.87197310041771,2LJ5-alt-253_assembled,A29,224.0,0,P62987
4,33,A,10.3,46.78040900705442,2LJ5-alt-253_assembled,A33,258.0,0,P62987
5,48,A,10.44,74.25887275045315,2LJ5-alt-253_assembled,A48,375.0,0,P62987
6,63,A,11.13,62.865363393434166,2LJ5-alt-253_assembled,A63,499.0,0,P62987
0,6,A,10.18,39.542179533183536,2LJ5-alt-131_assembled,A6,51.0,0,P62987
1,11,A,10.63,87.26087754611011,2LJ5-alt-131_assembled,A11,86.0,0,P62987
2,27,A,10.83,6.568023041105062,2LJ5-alt-131_assembled,A27,210.0,0,P62987
3,29,A,10.97,38.067725381098725,2LJ5-alt-131_assembled,A29,224.0,0,P62987
4,33,A,10.45,46.91445029360759,2LJ5-alt-131_assembled,A33,258.0,0,P62987
5,48,A,11.07,32.57203263241898,2LJ5-alt-131_assembled,A48,375.0,0,P62987
6,63,A,11.49,49.05911087845821,2LJ5-alt-131_assembled,A63,499.0,0,P62987
0,6,A,10.32,60.050496375817715,2LJ5-alt-49_assembled,A6,51.0,0,P62987
1,11,A,11.4,71.17592315973036,2LJ5-alt-49_assembled,A11,86.0,0,P62987
2,27,A,10.96,8.980766199062023,2LJ5-alt-49_assembled,A27,210.0,0,P62987
3,29,A,10.99,30.02524818790885,2LJ5-alt-49_assembled,A29,224.0,0,P62987
4,33,A,10.42,42.893211697012646,2LJ5-alt-49_assembled,A33,258.0,0,P62987
5,48,A,10.36,57.101588071648095,2LJ5-alt-49_assembled,A48,375.0,0,P62987
6,63,A,11.41,62.59728082032784,2LJ5-alt-49_assembled,A63,499.0,0,P62987
0,6,A,10.38,60.98878538168986,2LJ5-alt-125_assembled,A6,51.0,0,P62987
1,11,A,11.34,59.380289943051885,2LJ5-alt-125_assembled,A11,86.0,0,P62987
2,27,A,11.73,0.0,2LJ5-alt-125_assembled,A27,210.0,0,P62987
3,29,A,11.01,23.457225146803793,2LJ5-alt-125_assembled,A29,224.0,0,P62987
4,33,A,10.57,65.81427169760379,2LJ5-alt-125_assembled,A33,258.0,0,P62987
5,48,A,10.4,70.6397580135177,2LJ5-alt-125_assembled,A48,375.0,0,P62987
6,63,A,11.15,70.77379930007088,2LJ5-alt-125_assembled,A63,499.0,0,P62987
0,6,A,10.38,52.142060469181004,2LJ5-alt-75_assembled,A6,51.0,0,P62987
1,11,A,11.28,66.48447813036961,2LJ5-alt-75_assembled,A11,86.0,0,P62987
2,27,A,10.48,0.0,2LJ5-alt-75_assembled,A27,210.0,0,P62987
3,29,A,11.1,26.67421602407974,2LJ5-alt-75_assembled,A29,224.0,0,P62987
4,33,A,11.45,61.12282666824302,2LJ5-alt-75_assembled,A33,258.0,0,P62987
5,48,A,10.24,57.503711931307585,2LJ5-alt-75_assembled,A48,375.0,0,P62987
6,63,A,11.11,55.76117520611645,2LJ5-alt-75_assembled,A63,499.0,0,P62987
0,6,A,10.14,45.57403742807594,2LJ5-alt-119_assembled,A6,51.0,0,P62987
1,11,A,11.32,68.22701485556075,2LJ5-alt-119_assembled,A11,86.0,0,P62987
2,27,A,10.78,8.57864233940253,2LJ5-alt-119_assembled,A27,210.0,0,P62987
3,29,A,10.64,21.178523275399996,2LJ5-alt-119_assembled,A29,224.0,0,P62987
4,33,A,10.25,22.384894854378476,2LJ5-alt-119_assembled,A33,258.0,0,P62987
5,48,A,10.22,53.080349475053154,2LJ5-alt-119_assembled,A48,375.0,0,P62987
6,63,A,11.36,57.50371193130758,2LJ5-alt-119_assembled,A63,499.0,0,P62987
0,6,A,10.11,46.64636772050126,2LJ5-alt-61_assembled,A6,51.0,0,P62987
1,11,A,11.34,50.131441170883534,2LJ5-alt-61_assembled,A11,86.0,0,P62987
2,27,A,10.62,0.0,2LJ5-alt-61_assembled,A27,210.0,0,P62987
3,29,A,10.89,32.169908772759484,2LJ5-alt-61_assembled,A29,224.0,0,P62987
4,33,A,11.4,22.787018714037966,2LJ5-alt-61_assembled,A33,258.0,0,P62987
5,48,A,9.98,42.62512912390632,2LJ5-alt-61_assembled,A48,375.0,0,P62987
6,63,A,11.47,70.77379930007086,2LJ5-alt-61_assembled,A63,499.0,0,P62987
0,29,A,10.48,102.00541906695821,2MBH-alt-20_assembled,A29,67.0,0,P62987
1,6,B,10.27,76.0014094756443,2MBH-alt-20_assembled,B6,217.0,0,P62987
2,11,B,10.37,73.320583744581,2MBH-alt-20_assembled,B11,252.0,0,P62987
3,27,B,7.59,0.0,2MBH-alt-20_assembled,B27,376.0,0,P62987
4,29,B,10.42,45.17191356841644,2MBH-alt-20_assembled,B29,390.0,0,P62987
5,33,B,10.43,88.06512526542909,2MBH-alt-20_assembled,B33,424.0,0,P62987
6,48,B,10.19,55.225010059903795,2MBH-alt-20_assembled,B48,541.0,0,P62987
7,63,B,10.45,111.25426783912656,2MBH-alt-20_assembled,B63,665.0,0,P62987
0,29,A,10.37,74.3929140370063,2MBH-alt-19_assembled,A29,67.0,0,P62987
1,6,B,10.43,84.44601052849364,2MBH-alt-19_assembled,B6,217.0,0,P62987
2,11,B,10.46,74.1248314639,2MBH-alt-19_assembled,B11,252.0,0,P62987
3,27,B,7.32,0.0,2MBH-alt-19_assembled,B27,376.0,0,P62987
4,29,B,10.63,47.316574153267084,2MBH-alt-19_assembled,B29,390.0,0,P62987
5,33,B,10.38,76.13545076219745,2MBH-alt-19_assembled,B33,424.0,0,P62987
6,48,B,10.26,56.2973403523291,2MBH-alt-19_assembled,B48,541.0,0,P62987
7,63,B,10.52,105.088368657681,2MBH-alt-19_assembled,B63,665.0,0,P62987
0,29,A,10.15,106.83090538287213,2MBH-alt-18_assembled,A29,67.0,0,P62987
1,6,B,10.76,63.40152853964682,2MBH-alt-18_assembled,B6,217.0,0,P62987
2,11,B,10.41,80.15668935879239,2MBH-alt-18_assembled,B11,252.0,0,P62987
3,27,B,6.43,0.0,2MBH-alt-18_assembled,B27,376.0,0,P62987
4,29,B,10.63,44.50170713565062,2MBH-alt-18_assembled,B29,390.0,0,P62987
5,33,B,10.4,88.73533169819493,2MBH-alt-18_assembled,B33,424.0,0,P62987
6,48,B,10.26,79.08435906636707,2MBH-alt-18_assembled,B48,541.0,0,P62987
7,63,B,10.52,106.42878152321263,2MBH-alt-18_assembled,B63,665.0,0,P62987
0,29,A,10.46,93.96294187376833,2MBH-alt-9_assembled,A29,67.0,0,P62987
1,6,B,10.31,77.8779874873886,2MBH-alt-9_assembled,B6,217.0,0,P62987
2,11,B,10.55,78.68223520670757,2MBH-alt-9_assembled,B11,252.0,0,P62987
3,27,B,6.56,0.0,2MBH-alt-9_assembled,B27,376.0,0,P62987
4,29,B,9.56,27.478463743398727,2MBH-alt-9_assembled,B29,390.0,0,P62987
5,33,B,10.47,86.59067111334429,2MBH-alt-9_assembled,B33,424.0,0,P62987
6,48,B,10.33,72.24825345215568,2MBH-alt-9_assembled,B48,541.0,0,P62987
7,63,B,10.47,118.35845602644427,2MBH-alt-9_assembled,B63,665.0,0,P62987
0,29,A,10.7,77.74394620083542,2MBH-alt-8_assembled,A29,67.0,0,P62987
1,6,B,10.38,72.516336025262,2MBH-alt-8_assembled,B6,217.0,0,P62987
2,11,B,10.49,74.7950378966658,2MBH-alt-8_assembled,B11,252.0,0,P62987
3,27,B,7.1,21.446605848506323,2MBH-alt-8_assembled,B27,376.0,0,P62987
4,29,B,10.55,46.51232643394809,2MBH-alt-8_assembled,B29,390.0,0,P62987
5,33,B,10.27,72.38229473870885,2MBH-alt-8_assembled,B33,424.0,0,P62987
6,48,B,10.42,83.90984538228099,2MBH-alt-8_assembled,B48,541.0,0,P62987
7,63,B,10.41,93.69485930066202,2MBH-alt-8_assembled,B63,665.0,0,P62987
0,29,A,10.49,88.86937298474808,2MBH-alt-1_assembled,A29,67.0,0,P62987
1,6,B,10.4,72.65037731181518,2MBH-alt-1_assembled,B6,217.0,0,P62987
2,11,B,10.43,67.15468456313543,2MBH-alt-1_assembled,B11,252.0,0,P62987
3,27,B,7.0,0.0,2MBH-alt-1_assembled,B27,376.0,0,P62987
4,29,B,10.57,45.842120001182266,2MBH-alt-1_assembled,B29,390.0,0,P62987
5,33,B,10.46,73.99079017734681,2MBH-alt-1_assembled,B33,424.0,0,P62987
6,48,B,10.44,72.78441859836833,2MBH-alt-1_assembled,B48,541.0,0,P62987
7,63,B,10.46,114.873382576062,2MBH-alt-1_assembled,B63,665.0,0,P62987
0,29,A,10.19,106.69686409631896,2MBH-alt-3_assembled,A29,67.0,0,P62987
1,6,B,10.25,60.452620235477205,2MBH-alt-3_assembled,B6,217.0,0,P62987
2,11,B,10.39,80.8268957915582,2MBH-alt-3_assembled,B11,252.0,0,P62987
3,27,B,6.36,0.0,2MBH-alt-3_assembled,B27,376.0,0,P62987
4,29,B,10.47,50.2654824574367,2MBH-alt-3_assembled,B29,390.0,0,P62987
5,33,B,10.45,94.90123087964048,2MBH-alt-3_assembled,B33,424.0,0,P62987
6,48,B,10.3,54.018638480925304,2MBH-alt-3_assembled,B48,541.0,0,P62987
7,63,B,10.37,93.42677672755568,2MBH-alt-3_assembled,B63,665.0,0,P62987
0,29,A,10.43,86.59067111334429,2MBH-alt-2_assembled,A29,67.0,0,P62987
1,6,B,11.35,62.19515696066834,2MBH-alt-2_assembled,B6,217.0,0,P62987
2,11,B,10.37,57.77179450441392,2MBH-alt-2_assembled,B11,252.0,0,P62987
3,27,B,6.73,8.980766199062023,2MBH-alt-2_assembled,B27,376.0,0,P62987
4,29,B,10.44,48.254863159139234,2MBH-alt-2_assembled,B29,390.0,0,P62987
5,33,B,10.44,70.90784058662403,2MBH-alt-2_assembled,B33,424.0,0,P62987
6,48,B,10.47,75.46524432943164,2MBH-alt-2_assembled,B48,541.0,0,P62987
7,63,B,10.26,83.90984538228099,2MBH-alt-2_assembled,B63,665.0,0,P62987
0,29,A,10.49,75.86736818909111,2MBH-alt-6_assembled,A29,67.0,0,P62987
1,6,B,10.33,73.320583744581,2MBH-alt-6_assembled,B6,217.0,0,P62987
2,11,B,10.43,78.95031777981391,2MBH-alt-6_assembled,B11,252.0,0,P62987
3,27,B,7.48,0.0,2MBH-alt-6_assembled,B27,376.0,0,P62987
4,29,B,9.88,20.642358129187336,2MBH-alt-6_assembled,B29,390.0,0,P62987
5,33,B,10.36,77.74394620083542,2MBH-alt-6_assembled,B33,424.0,0,P62987
6,48,B,10.28,79.3524416394734,2MBH-alt-6_assembled,B48,541.0,0,P62987
7,63,B,10.53,106.16069895010631,2MBH-alt-6_assembled,B63,665.0,0,P62987
0,29,A,9.99,75.33120304287847,2MBH-alt-7_assembled,A29,67.0,0,P62987
1,6,B,9.94,62.865363393434166,2MBH-alt-7_assembled,B6,217.0,0,P62987
2,11,B,10.58,69.83551029419871,2MBH-alt-7_assembled,B11,252.0,0,P62987
3,27,B,6.79,0.0,2MBH-alt-7_assembled,B27,376.0,0,P62987
4,29,B,10.69,40.21238596594936,2MBH-alt-7_assembled,B29,390.0,0,P62987
5,33,B,10.35,75.86736818909112,2MBH-alt-7_assembled,B33,424.0,0,P62987
6,48,B,10.42,86.18854725368479,2MBH-alt-7_assembled,B48,541.0,0,P62987
7,63,B,10.45,109.37768982738227,2MBH-alt-7_assembled,B63,665.0,0,P62987
0,29,A,10.4,104.55220351146833,2MBH-alt-5_assembled,A29,67.0,0,P62987
1,6,B,10.24,76.53757462185695,2MBH-alt-5_assembled,B6,217.0,0,P62987
2,11,B,10.44,78.14607006049492,2MBH-alt-5_assembled,B11,252.0,0,P62987
3,27,B,7.42,0.0,2MBH-alt-5_assembled,B27,376.0,0,P62987
4,29,B,10.52,46.11020257428859,2MBH-alt-5_assembled,B29,390.0,0,P62987
5,33,B,10.4,78.01202877394175,2MBH-alt-5_assembled,B33,424.0,0,P62987
6,48,B,10.27,74.12483146389998,2MBH-alt-5_assembled,B48,541.0,0,P62987
7,63,B,10.47,114.60530000295569,2MBH-alt-5_assembled,B63,665.0,0,P62987
0,29,A,10.51,106.96494666942529,2MBH-alt-4_assembled,A29,67.0,0,P62987
1,6,B,9.65,47.18253286671391,2MBH-alt-4_assembled,B6,217.0,0,P62987
2,11,B,10.42,84.04388666883415,2MBH-alt-4_assembled,B11,252.0,0,P62987
3,27,B,7.17,0.0,2MBH-alt-4_assembled,B27,376.0,0,P62987
4,29,B,10.58,40.48046853905569,2MBH-alt-4_assembled,B29,390.0,0,P62987
5,33,B,9.82,65.41214783794429,2MBH-alt-4_assembled,B33,424.0,0,P62987
6,48,B,10.37,87.79704269232276,2MBH-alt-4_assembled,B48,541.0,0,P62987
7,63,B,10.4,85.78642339402529,2MBH-alt-4_assembled,B63,665.0,0,P62987
0,29,A,10.45,107.36707052908478,2MBH-alt-15_assembled,A29,67.0,0,P62987
1,6,B,10.18,69.83551029419871,2MBH-alt-15_assembled,B6,217.0,0,P62987
2,11,B,10.54,74.1248314639,2MBH-alt-15_assembled,B11,252.0,0,P62987
3,27,B,6.82,0.0,2MBH-alt-15_assembled,B27,376.0,0,P62987
4,29,B,10.6,47.58465672637341,2MBH-alt-15_assembled,B29,390.0,0,P62987
5,33,B,10.44,86.72471239989744,2MBH-alt-15_assembled,B33,424.0,0,P62987
6,48,B,10.28,77.74394620083544,2MBH-alt-15_assembled,B48,541.0,0,P62987
7,63,B,10.54,98.11822175691643,2MBH-alt-15_assembled,B63,665.0,0,P62987
0,29,A,10.41,84.84813438815314,2MBH-alt-14_assembled,A29,67.0,0,P62987
1,6,B,10.54,54.15267976747846,2MBH-alt-14_assembled,B6,217.0,0,P62987
2,11,B,10.48,70.90784058662403,2MBH-alt-14_assembled,B11,252.0,0,P62987
3,27,B,6.35,0.0,2MBH-alt-14_assembled,B27,376.0,0,P62987
4,29,B,10.66,35.78902350969493,2MBH-alt-14_assembled,B29,390.0,0,P62987
5,33,B,10.41,68.76318000177339,2MBH-alt-14_assembled,B33,424.0,0,P62987
6,48,B,10.48,58.5760422237329,2MBH-alt-14_assembled,B48,541.0,0,P62987
7,63,B,10.58,103.34583193248986,2MBH-alt-14_assembled,B63,665.0,0,P62987
0,29,A,10.67,75.73332690253795,2MBH-alt-16_assembled,A29,67.0,0,P62987
1,6,B,10.23,78.95031777981391,2MBH-alt-16_assembled,B6,217.0,0,P62987
2,11,B,10.41,65.14406526483796,2MBH-alt-16_assembled,B11,252.0,0,P62987
3,27,B,6.56,0.0,2MBH-alt-16_assembled,B27,376.0,0,P62987
4,29,B,10.35,39.2740969600772,2MBH-alt-16_assembled,B29,390.0,0,P62987
5,33,B,10.41,84.1779279553873,2MBH-alt-16_assembled,B33,424.0,0,P62987
6,48,B,10.43,78.5481939201544,2MBH-alt-16_assembled,B48,541.0,0,P62987
7,63,B,10.47,101.60329520729871,2MBH-alt-16_assembled,B63,665.0,0,P62987
0,29,A,10.39,69.43338643453923,2MBH-alt-17_assembled,A29,67.0,0,P62987
1,6,B,10.34,80.42477193189872,2MBH-alt-17_assembled,B6,217.0,0,P62987
2,11,B,10.43,58.039877077520245,2MBH-alt-17_assembled,B11,252.0,0,P62987
3,27,B,7.39,0.0,2MBH-alt-17_assembled,B27,376.0,0,P62987
4,29,B,10.52,48.25486315913923,2MBH-alt-17_assembled,B29,390.0,0,P62987
5,33,B,10.39,91.01403356959872,2MBH-alt-17_assembled,B33,424.0,0,P62987
6,48,B,10.33,59.11220736994556,2MBH-alt-17_assembled,B48,541.0,0,P62987
7,63,B,10.41,102.00541906695821,2MBH-alt-17_assembled,B63,665.0,0,P62987
0,29,A,10.44,109.2436485408291,2MBH-alt-13_assembled,A29,67.0,0,P62987
1,6,B,10.33,65.41214783794429,2MBH-alt-13_assembled,B6,217.0,0,P62987
2,11,B,10.52,76.53757462185695,2MBH-alt-13_assembled,B11,252.0,0,P62987
3,27,B,6.78,0.0,2MBH-alt-13_assembled,B27,376.0,0,P62987
4,29,B,10.68,41.82088140458733,2MBH-alt-13_assembled,B29,390.0,0,P62987
5,33,B,10.37,74.25887275045315,2MBH-alt-13_assembled,B33,424.0,0,P62987
6,48,B,10.31,70.10359286730505,2MBH-alt-13_assembled,B48,541.0,0,P62987
7,63,B,10.35,108.84152468116957,2MBH-alt-13_assembled,B63,665.0,0,P62987
0,29,A,10.25,96.24164374517213,2MBH-alt-12_assembled,A29,67.0,0,P62987
1,6,B,10.32,67.55680842279492,2MBH-alt-12_assembled,B6,217.0,0,P62987
2,11,B,10.4,61.65899181445568,2MBH-alt-12_assembled,B11,252.0,0,P62987
3,27,B,6.24,0.0,2MBH-alt-12_assembled,B27,376.0,0,P62987
4,29,B,10.38,49.05911087845821,2MBH-alt-12_assembled,B29,390.0,0,P62987
5,33,B,10.42,89.13745555785441,2MBH-alt-12_assembled,B33,424.0,0,P62987
6,48,B,10.24,59.782413802711375,2MBH-alt-12_assembled,B48,541.0,0,P62987
7,63,B,10.6,101.06713006108606,2MBH-alt-12_assembled,B63,665.0,0,P62987
0,29,A,10.44,79.21840035292024,2MBH-alt-10_assembled,A29,67.0,0,P62987
1,6,B,10.37,83.23963894951518,2MBH-alt-10_assembled,B6,217.0,0,P62987
2,11,B,10.49,64.47385883207214,2MBH-alt-10_assembled,B11,252.0,0,P62987
3,27,B,6.78,16.755160819145566,2MBH-alt-10_assembled,B27,376.0,0,P62987
4,29,B,10.61,53.48247333471265,2MBH-alt-10_assembled,B29,390.0,0,P62987
5,33,B,10.39,76.93969848151644,2MBH-alt-10_assembled,B33,424.0,0,P62987
6,48,B,10.3,57.905835790967075,2MBH-alt-10_assembled,B48,541.0,0,P62987
7,63,B,10.45,103.07774935938352,2MBH-alt-10_assembled,B63,665.0,0,P62987
0,29,A,10.58,81.76518479743035,2MBH-alt-11_assembled,A29,67.0,0,P62987
1,6,B,10.15,47.18253286671391,2MBH-alt-11_assembled,B6,217.0,0,P62987
2,11,B,10.46,69.16530386143289,2MBH-alt-11_assembled,B11,252.0,0,P62987
3,27,B,6.82,0.0,2MBH-alt-11_assembled,B27,376.0,0,P62987
4,29,B,10.53,44.23362456254429,2MBH-alt-11_assembled,B29,390.0,0,P62987
5,33,B,10.51,91.01403356959871,2MBH-alt-11_assembled,B33,424.0,0,P62987
6,48,B,10.21,71.17592315973036,2MBH-alt-11_assembled,B48,541.0,0,P62987
7,63,B,10.49,103.479873219043,2MBH-alt-11_assembled,B63,665.0,0,P62987
0,8,A,10.42,85.25025824781264,AF-Q9HB71-F1-model_v1,A8,62.0,92.43,Q9HB71
1,14,A,11.34,47.04849158016075,AF-Q9HB71-F1-model_v1,A14,112.0,92.99,Q9HB71
2,19,A,10.43,94.63314830653417,AF-Q9HB71-F1-model_v1,A19,153.0,93.08,Q9HB71
3,23,A,10.44,83.23963894951518,AF-Q9HB71-F1-model_v1,A23,185.0,92.78,Q9HB71
4,33,A,10.47,46.78040900705442,AF-Q9HB71-F1-model_v1,A33,265.0,92.02,Q9HB71
5,35,A,11.64,69.03126257487972,AF-Q9HB71-F1-model_v1,A35,280.0,90.93,Q9HB71
6,41,A,10.41,72.38229473870885,AF-Q9HB71-F1-model_v1,A41,330.0,87.59,Q9HB71
7,43,A,10.28,53.75055590781898,AF-Q9HB71-F1-model_v1,A43,347.0,82.57,Q9HB71
12,74,A,10.38,107.63515310219111,AF-Q9HB71-F1-model_v1,A74,583.0,94.06,Q9HB71
13,85,A,10.61,73.7227076042405,AF-Q9HB71-F1-model_v1,A85,675.0,97.52,Q9HB71
14,88,A,10.86,38.20176666765189,AF-Q9HB71-F1-model_v1,A88,702.0,98.16,Q9HB71
15,118,A,10.17,44.23362456254429,AF-Q9HB71-F1-model_v1,A118,948.0,94.09,Q9HB71
16,123,A,11.74,52.54418432884049,AF-Q9HB71-F1-model_v1,A123,985.0,91.82,Q9HB71
17,134,A,10.06,39.40813824663037,AF-Q9HB71-F1-model_v1,A134,1073.0,96.89,Q9HB71
18,143,A,9.8,42.491087837353156,AF-Q9HB71-F1-model_v1,A143,1135.0,97.17,Q9HB71
19,144,A,10.29,87.79704269232275,AF-Q9HB71-F1-model_v1,A144,1144.0,96.72,Q9HB71
20,146,A,10.17,88.7353316981949,AF-Q9HB71-F1-model_v1,A146,1160.0,95.62,Q9HB71
21,156,A,9.14,0.0,AF-Q9HB71-F1-model_v1,A156,1239.0,98.16,Q9HB71
22,157,A,11.36,60.98878538168985,AF-Q9HB71-F1-model_v1,A157,1248.0,97.21,Q9HB71
23,171,A,10.98,53.080349475053154,AF-Q9HB71-F1-model_v1,A171,1373.0,92.02,Q9HB71
24,174,A,11.65,62.731322106880995,AF-Q9HB71-F1-model_v1,A174,1397.0,86.11,Q9HB71
25,176,A,10.7,95.16931345274682,AF-Q9HB71-F1-model_v1,A176,1415.0,75.74,Q9HB71
30,212,A,10.41,53.34843204815948,AF-Q9HB71-F1-model_v1,A212,1705.0,76.83,Q9HB71
1,25,A,11.59,76.26949204875062,AF-P0DMV9-F1-model_v1,A25,175.0,91.83,P0DMV9
2,56,A,11.55,26.406133450973414,AF-P0DMV9-F1-model_v1,A56,411.0,96.77,P0DMV9
3,71,A,11.4,0.0,AF-P0DMV9-F1-model_v1,A71,527.0,94.2,P0DMV9
4,77,A,10.1,73.85674889079365,AF-P0DMV9-F1-model_v1,A77,578.0,90.85,P0DMV9
5,88,A,10.32,80.55881321845189,AF-P0DMV9-F1-model_v1,A88,662.0,91.51,P0DMV9
6,100,A,10.33,8.042477193189871,AF-P0DMV9-F1-model_v1,A100,765.0,90.74,P0DMV9
7,102,A,12.12,22.652977427484807,AF-P0DMV9-F1-model_v1,A102,781.0,96.89,P0DMV9
8,108,A,12.03,33.108197778631634,AF-P0DMV9-F1-model_v1,A108,831.0,92.13,P0DMV9
9,112,A,9.75,16.353036959486072,AF-P0DMV9-F1-model_v1,A112,860.0,96.53,P0DMV9
10,126,A,10.99,24.529555439229107,AF-P0DMV9-F1-model_v1,A126,972.0,97.79,P0DMV9
11,128,A,9.52,15.548789240167086,AF-P0DMV9-F1-model_v1,A128,989.0,97.57,P0DMV9
12,159,A,10.08,49.46123473811771,AF-P0DMV9-F1-model_v1,A159,1231.0,93.79,P0DMV9
14,220,A,11.09,32.84011520552531,AF-P0DMV9-F1-model_v1,A220,1680.0,97.03,P0DMV9
15,246,A,11.51,57.36967064475442,AF-P0DMV9-F1-model_v1,A246,1886.0,97.73,P0DMV9
16,248,A,11.03,38.469849240758215,AF-P0DMV9-F1-model_v1,A248,1906.0,97.69,P0DMV9
17,250,A,10.24,78.5481939201544,AF-P0DMV9-F1-model_v1,A250,1925.0,96.51,P0DMV9
18,251,A,11.3,25.869968304760754,AF-P0DMV9-F1-model_v1,A251,1934.0,96.81,P0DMV9
19,257,A,9.74,47.58465672637341,AF-P0DMV9-F1-model_v1,A257,1982.0,92.65,P0DMV9
20,271,A,11.25,23.72530771991012,AF-P0DMV9-F1-model_v1,A271,2098.0,98.05,P0DMV9
21,319,A,10.73,36.72731251556708,AF-P0DMV9-F1-model_v1,A319,2483.0,94.33,P0DMV9
22,325,A,10.42,86.18854725368479,AF-P0DMV9-F1-model_v1,A325,2529.0,96.97,P0DMV9
23,328,A,9.71,45.7080787146291,AF-P0DMV9-F1-model_v1,A328,2554.0,96.53,P0DMV9
24,345,A,10.17,51.20377146330885,AF-P0DMV9-F1-model_v1,A345,2680.0,98.01,P0DMV9
25,348,A,10.71,72.516336025262,AF-P0DMV9-F1-model_v1,A348,2705.0,97.89,P0DMV9
26,361,A,10.05,59.782413802711375,AF-P0DMV9-F1-model_v1,A361,2816.0,90.95,P0DMV9
27,384,A,10.45,87.66300140576959,AF-P0DMV9-F1-model_v1,A384,2976.0,83.67,P0DMV9
28,415,A,10.4,94.36506573342783,AF-P0DMV9-F1-model_v1,A415,3197.0,93.48,P0DMV9
29,423,A,10.56,62.06111567411517,AF-P0DMV9-F1-model_v1,A423,3260.0,96.45,P0DMV9
30,451,A,10.7,78.28011134704809,AF-P0DMV9-F1-model_v1,A451,3485.0,83.46,P0DMV9
31,493,A,11.42,35.252858363482275,AF-P0DMV9-F1-model_v1,A493,3800.0,88.6,P0DMV9
35,512,A,10.56,92.75657029478984,AF-P0DMV9-F1-model_v1,A512,3941.0,74.49,P0DMV9
36,524,A,10.68,75.73332690253795,AF-P0DMV9-F1-model_v1,A524,4043.0,87.27,P0DMV9
37,526,A,10.78,69.43338643453922,AF-P0DMV9-F1-model_v1,A526,4064.0,81.38,P0DMV9
38,539,A,10.25,44.23362456254429,AF-P0DMV9-F1-model_v1,A539,4169.0,90.36,P0DMV9
39,550,A,10.54,41.418757544927836,AF-P0DMV9-F1-model_v1,A550,4258.0,88.83,P0DMV9
41,561,A,10.38,58.442000937179735,AF-P0DMV9-F1-model_v1,A561,4336.0,77.1,P0DMV9
42,567,A,10.4,30.829495907227844,AF-P0DMV9-F1-model_v1,A567,4381.0,87.78,P0DMV9
43,568,A,10.67,60.18453766237087,AF-P0DMV9-F1-model_v1,A568,4390.0,90.94,P0DMV9
44,569,A,10.45,68.7631800017734,AF-P0DMV9-F1-model_v1,A569,4399.0,91.63,P0DMV9
45,573,A,12.03,7.640353333530379,AF-P0DMV9-F1-model_v1,A573,4431.0,94.39,P0DMV9
46,589,A,11.78,30.963537193781008,AF-P0DMV9-F1-model_v1,A589,4557.0,91.75,P0DMV9
47,595,A,11.06,12.599880935997465,AF-P0DMV9-F1-model_v1,A595,4613.0,95.06,P0DMV9
48,597,A,10.57,68.09297356900758,AF-P0DMV9-F1-model_v1,A597,4633.0,94.86,P0DMV9
1,25,A,11.61,72.9184598849215,AF-P0DMV8-F1-model_v1,A25,175.0,91.39,P0DMV8
2,56,A,11.68,32.03586748620632,AF-P0DMV8-F1-model_v1,A56,411.0,96.98,P0DMV8
3,71,A,11.31,0.0,AF-P0DMV8-F1-model_v1,A71,527.0,95.51,P0DMV8
4,77,A,10.34,83.23963894951517,AF-P0DMV8-F1-model_v1,A77,578.0,92.15,P0DMV8
5,88,A,10.33,82.30134994364302,AF-P0DMV8-F1-model_v1,A88,662.0,91.52,P0DMV8
6,100,A,10.15,0.0,AF-P0DMV8-F1-model_v1,A100,765.0,91.23,P0DMV8
7,102,A,10.89,23.859349006463287,AF-P0DMV8-F1-model_v1,A102,781.0,97.29,P0DMV8
8,108,A,12.12,32.43799134586582,AF-P0DMV8-F1-model_v1,A108,831.0,90.64,P0DMV8
9,112,A,11.19,16.084954386379742,AF-P0DMV8-F1-model_v1,A112,860.0,95.57,P0DMV8
10,126,A,11.0,37.531560234886065,AF-P0DMV8-F1-model_v1,A126,972.0,97.65,P0DMV8
11,128,A,9.38,16.218995672932905,AF-P0DMV8-F1-model_v1,A128,989.0,97.58,P0DMV8
12,159,A,10.03,66.8866019900291,AF-P0DMV8-F1-model_v1,A159,1231.0,92.68,P0DMV8
13,190,A,9.96,67.55680842279493,AF-P0DMV8-F1-model_v1,A190,1452.0,71.95,P0DMV8
14,220,A,11.05,29.757165614802524,AF-P0DMV8-F1-model_v1,A220,1680.0,95.88,P0DMV8
15,246,A,11.76,45.305954854969606,AF-P0DMV8-F1-model_v1,A246,1886.0,97.74,P0DMV8
16,248,A,11.03,19.167903977102526,AF-P0DMV8-F1-model_v1,A248,1906.0,97.27,P0DMV8
17,250,A,10.19,77.20778105462277,AF-P0DMV8-F1-model_v1,A250,1925.0,96.77,P0DMV8
18,251,A,11.46,43.29533555667214,AF-P0DMV8-F1-model_v1,A251,1934.0,96.88,P0DMV8
19,257,A,9.76,49.86335859777721,AF-P0DMV8-F1-model_v1,A257,1982.0,92.31,P0DMV8
20,271,A,11.24,23.055101287144296,AF-P0DMV8-F1-model_v1,A271,2098.0,98.42,P0DMV8
21,319,A,10.76,32.706073918972145,AF-P0DMV8-F1-model_v1,A319,2483.0,94.76,P0DMV8
22,325,A,10.42,83.77580409572784,AF-P0DMV8-F1-model_v1,A325,2529.0,96.78,P0DMV8
23,328,A,9.76,34.44861064416328,AF-P0DMV8-F1-model_v1,A328,2554.0,97.1,P0DMV8
24,345,A,10.37,53.080349475053154,AF-P0DMV8-F1-model_v1,A345,2680.0,98.29,P0DMV8
25,348,A,11.43,50.39952374398986,AF-P0DMV8-F1-model_v1,A348,2705.0,97.96,P0DMV8
26,361,A,10.03,57.10158807164809,AF-P0DMV8-F1-model_v1,A361,2816.0,90.79,P0DMV8
27,384,A,10.45,103.88199707870251,AF-P0DMV8-F1-model_v1,A384,2976.0,82.71,P0DMV8
28,415,A,10.38,103.88199707870251,AF-P0DMV8-F1-model_v1,A415,3197.0,92.77,P0DMV8
29,423,A,10.56,56.6994642119886,AF-P0DMV8-F1-model_v1,A423,3260.0,94.91,P0DMV8
30,451,A,10.59,70.6397580135177,AF-P0DMV8-F1-model_v1,A451,3485.0,84.26,P0DMV8
31,493,A,11.36,28.550794035824048,AF-P0DMV8-F1-model_v1,A493,3800.0,91.69,P0DMV8
32,497,A,10.22,30.427372047568348,AF-P0DMV8-F1-model_v1,A497,3826.0,82.47,P0DMV8
33,500,A,10.4,88.19916655198227,AF-P0DMV8-F1-model_v1,A500,3848.0,73.15,P0DMV8
35,512,A,11.58,84.17792795538733,AF-P0DMV8-F1-model_v1,A512,3941.0,80.19,P0DMV8
36,524,A,10.62,78.9503177798139,AF-P0DMV8-F1-model_v1,A524,4043.0,87.23,P0DMV8
37,526,A,10.64,112.86276327776453,AF-P0DMV8-F1-model_v1,A526,4064.0,81.0,P0DMV8
38,539,A,10.28,51.605895322968344,AF-P0DMV8-F1-model_v1,A539,4169.0,90.13,P0DMV8
39,550,A,10.59,49.46123473811771,AF-P0DMV8-F1-model_v1,A550,4258.0,88.93,P0DMV8
41,561,A,10.39,63.669611112753145,AF-P0DMV8-F1-model_v1,A561,4336.0,77.97,P0DMV8
42,567,A,10.45,28.818876608930374,AF-P0DMV8-F1-model_v1,A567,4381.0,89.53,P0DMV8
43,568,A,10.68,65.14406526483796,AF-P0DMV8-F1-model_v1,A568,4390.0,92.29,P0DMV8
44,569,A,10.44,73.72270760424048,AF-P0DMV8-F1-model_v1,A569,4399.0,93.02,P0DMV8
45,573,A,12.04,7.238229473870884,AF-P0DMV8-F1-model_v1,A573,4431.0,95.48,P0DMV8
46,589,A,11.8,49.99739988433037,AF-P0DMV8-F1-model_v1,A589,4557.0,89.87,P0DMV8
47,595,A,11.1,11.929674503231643,AF-P0DMV8-F1-model_v1,A595,4613.0,95.13,P0DMV8
48,597,A,10.57,78.28011134704808,AF-P0DMV8-F1-model_v1,A597,4633.0,94.93,P0DMV8
0,28,A,11.32,43.69745941633164,AF-P10809-F1-model_v1,A28,230.0,91.94,P10809
1,31,A,10.52,39.006014386970875,AF-P10809-F1-model_v1,A31,254.0,94.58,P10809
2,58,A,10.29,34.85073450382278,AF-P10809-F1-model_v1,A58,443.0,95.23,P10809
3,72,A,11.15,34.716693217269615,AF-P10809-F1-model_v1,A72,552.0,91.4,P10809
4,75,A,8.35,7.506312046977213,AF-P10809-F1-model_v1,A75,575.0,91.61,P10809
5,82,A,10.17,71.71208830594301,AF-P10809-F1-model_v1,A82,622.0,92.53,P10809
6,87,A,10.45,95.70547859895947,AF-P10809-F1-model_v1,A87,661.0,95.2,P10809
7,89,A,10.41,66.8866019900291,AF-P10809-F1-model_v1,A89,678.0,94.87,P10809
8,91,A,10.33,38.73793181386455,AF-P10809-F1-model_v1,A91,699.0,96.66,P10809
9,96,A,11.29,54.554803627137964,AF-P10809-F1-model_v1,A96,733.0,95.89,P10809
10,125,A,10.8,70.23763415385821,AF-P10809-F1-model_v1,A125,939.0,95.9,P10809
11,130,A,10.31,45.30595485496961,AF-P10809-F1-model_v1,A130,981.0,91.29,P10809
12,133,A,10.48,104.68624479802149,AF-P10809-F1-model_v1,A133,1004.0,72.71,P10809
13,156,A,10.26,82.56943251674934,AF-P10809-F1-model_v1,A156,1172.0,95.98,P10809
14,157,A,11.04,64.33981754551897,AF-P10809-F1-model_v1,A157,1181.0,96.82,P10809
15,160,A,10.37,90.87999228304554,AF-P10809-F1-model_v1,A160,1205.0,94.65,P10809
16,180,A,10.32,98.38630433002277,AF-P10809-F1-model_v1,A180,1347.0,94.23,P10809
17,191,A,10.91,42.22300526424682,AF-P10809-F1-model_v1,A191,1428.0,89.34,P10809
18,192,A,10.38,63.13344596654049,AF-P10809-F1-model_v1,A192,1437.0,86.42,P10809
19,196,A,10.47,122.51373590959238,AF-P10809-F1-model_v1,A196,1468.0,71.91,P10809
20,202,A,10.28,77.60990491428225,AF-P10809-F1-model_v1,A202,1510.0,82.48,P10809
21,205,A,10.42,105.22240994423416,AF-P10809-F1-model_v1,A205,1531.0,83.9,P10809
22,218,A,11.82,21.714688421612653,AF-P10809-F1-model_v1,A218,1634.0,85.96,P10809
23,233,A,10.47,91.95232257547087,AF-P10809-F1-model_v1,A233,1762.0,80.61,P10809
24,236,A,10.53,46.64636772050126,AF-P10809-F1-model_v1,A236,1784.0,86.56,P10809
25,249,A,10.48,68.7631800017734,AF-P10809-F1-model_v1,A249,1891.0,92.42,P10809
26,250,A,10.78,52.27610175573417,AF-P10809-F1-model_v1,A250,1900.0,93.81,P10809
27,269,A,10.48,45.842120001182266,AF-P10809-F1-model_v1,A269,2043.0,93.24,P10809
28,292,A,10.34,67.28872584968859,AF-P10809-F1-model_v1,A292,2216.0,91.54,P10809
29,301,A,11.23,49.193152165011384,AF-P10809-F1-model_v1,A301,2279.0,96.91,P10809
30,310,A,12.46,29.221000468589864,AF-P10809-F1-model_v1,A310,2346.0,93.62,P10809
31,314,A,10.97,39.2740969600772,AF-P10809-F1-model_v1,A314,2380.0,93.5,P10809
32,344,A,10.27,49.193152165011384,AF-P10809-F1-model_v1,A344,2596.0,95.56,P10809
33,352,A,10.75,73.58866631768731,AF-P10809-F1-model_v1,A352,2654.0,92.49,P10809
34,359,A,10.64,96.37568503172531,AF-P10809-F1-model_v1,A359,2708.0,84.35,P10809
35,361,A,11.44,49.86335859777721,AF-P10809-F1-model_v1,A361,2721.0,90.03,P10809
36,364,A,10.53,106.02665766355312,AF-P10809-F1-model_v1,A364,2742.0,89.29,P10809
37,369,A,10.49,89.00341427130124,AF-P10809-F1-model_v1,A369,2782.0,94.46,P10809
38,387,A,10.76,47.04849158016075,AF-P10809-F1-model_v1,A387,2935.0,83.42,P10809
39,389,A,12.61,22.51893614093164,AF-P10809-F1-model_v1,A389,2953.0,86.02,P10809
40,396,A,10.1,19.83811040986835,AF-P10809-F1-model_v1,A396,3011.0,80.69,P10809
41,405,A,11.5,39.542179533183536,AF-P10809-F1-model_v1,A405,3073.0,89.18,P10809
42,417,A,11.23,21.044481988846833,AF-P10809-F1-model_v1,A417,3158.0,91.98,P10809
43,418,A,11.23,57.10158807164809,AF-P10809-F1-model_v1,A418,3167.0,89.46,P10809
44,462,A,11.39,48.52294573224556,AF-P10809-F1-model_v1,A462,3482.0,96.12,P10809
45,469,A,12.31,21.58064713505949,AF-P10809-F1-model_v1,A469,3536.0,97.07,P10809
46,473,A,9.75,27.880587603058217,AF-P10809-F1-model_v1,A473,3571.0,97.95,P10809
47,481,A,10.33,87.66300140576959,AF-P10809-F1-model_v1,A481,3628.0,97.27,P10809
48,493,A,10.18,55.62713391956327,AF-P10809-F1-model_v1,A493,3712.0,96.38,P10809
49,516,A,10.73,61.52495052790252,AF-P10809-F1-model_v1,A516,3884.0,93.61,P10809
50,523,A,11.28,33.77840421139746,AF-P10809-F1-model_v1,A523,3935.0,96.34,P10809
51,551,A,10.61,67.28872584968859,AF-P10809-F1-model_v1,A551,4133.0,72.53,P10809
0,18,A,11.83,19.57002783676202,AF-P63261-F1-model_v1,A18,128.0,98.7,P63261
1,50,A,11.5,57.63775321786075,AF-P63261-F1-model_v1,A50,359.0,84.31,P63261
2,61,A,11.23,21.580647135059486,AF-P63261-F1-model_v1,A61,442.0,90.69,P63261
3,68,A,10.33,72.78441859836833,AF-P63261-F1-model_v1,A68,497.0,95.98,P63261
4,84,A,10.29,21.982770994718983,AF-P63261-F1-model_v1,A84,633.0,98.25,P63261
5,113,A,10.35,91.95232257547086,AF-P63261-F1-model_v1,A113,878.0,95.36,P63261
6,118,A,10.3,44.23362456254429,AF-P63261-F1-model_v1,A118,920.0,98.25,P63261
7,191,A,10.43,92.22040514857719,AF-P63261-F1-model_v1,A191,1481.0,97.0,P63261
8,213,A,9.51,11.527550643572148,AF-P63261-F1-model_v1,A213,1663.0,98.62,P63261
9,215,A,11.38,66.8866019900291,AF-P63261-F1-model_v1,A215,1681.0,98.21,P63261
10,238,A,10.18,69.56742772109239,AF-P63261-F1-model_v1,A238,1853.0,97.88,P63261
11,284,A,10.21,53.21439076160632,AF-P63261-F1-model_v1,A284,2215.0,98.44,P63261
12,291,A,10.81,69.96955158075188,AF-P63261-F1-model_v1,A291,2272.0,97.86,P63261
13,315,A,11.14,42.22300526424682,AF-P63261-F1-model_v1,A315,2452.0,98.5,P63261
14,326,A,10.41,108.03727696185061,AF-P63261-F1-model_v1,A326,2531.0,97.04,P63261
15,328,A,9.94,63.803652399306316,AF-P63261-F1-model_v1,A328,2548.0,98.48,P63261
16,336,A,11.3,66.8866019900291,AF-P63261-F1-model_v1,A336,2612.0,96.81,P63261
17,359,A,10.32,38.20176666765189,AF-P63261-F1-model_v1,A359,2795.0,97.02,P63261
18,373,A,11.1,19.704069123315186,AF-P63261-F1-model_v1,A373,2910.0,92.11,P63261
0,10,A,10.4,87.52896011921644,AF-Q99832-F1-model_v1,A10,76.0,79.3,Q99832
1,47,A,9.79,30.56141333412151,AF-Q99832-F1-model_v1,A47,341.0,91.62,Q99832
2,55,A,11.11,86.85875368645061,AF-Q99832-F1-model_v1,A55,400.0,89.75,Q99832
3,67,A,11.4,57.23562935820125,AF-Q99832-F1-model_v1,A67,483.0,92.26,Q99832
4,77,A,10.59,88.33320783853543,AF-Q99832-F1-model_v1,A77,557.0,93.86,Q99832
5,84,A,10.2,54.55480362713796,AF-Q99832-F1-model_v1,A84,609.0,92.4,Q99832
6,106,A,10.41,51.87397789607467,AF-Q99832-F1-model_v1,A106,766.0,96.96,Q99832
7,109,A,10.5,37.3975189483329,AF-Q99832-F1-model_v1,A109,791.0,94.74,Q99832
8,135,A,11.38,28.818876608930374,AF-Q99832-F1-model_v1,A135,1000.0,96.43,Q99832
9,137,A,10.27,72.9184598849215,AF-Q99832-F1-model_v1,A137,1017.0,94.19,Q99832
10,144,A,10.45,101.60329520729871,AF-Q99832-F1-model_v1,A144,1069.0,71.28,Q99832
11,145,A,10.52,47.9867805860329,AF-Q99832-F1-model_v1,A145,1078.0,70.55,Q99832
12,148,A,10.43,103.74795579214933,AF-Q99832-F1-model_v1,A148,1100.0,79.29,Q99832
13,153,A,10.64,60.31857894892404,AF-Q99832-F1-model_v1,A153,1145.0,86.84,Q99832
14,157,A,9.1,8.980766199062023,AF-Q99832-F1-model_v1,A157,1179.0,89.41,Q99832
15,166,A,12.3,9.919055204934175,AF-Q99832-F1-model_v1,A166,1239.0,81.72,Q99832
16,172,A,9.86,54.15267976747847,AF-Q99832-F1-model_v1,A172,1288.0,90.5,Q99832
17,177,A,10.51,82.7034738033025,AF-Q99832-F1-model_v1,A177,1329.0,94.38,Q99832
18,193,A,10.41,121.3073643306139,AF-Q99832-F1-model_v1,A193,1453.0,88.02,Q99832
19,198,A,9.94,26.13805087786708,AF-Q99832-F1-model_v1,A198,1490.0,93.64,Q99832
20,199,A,11.38,42.491087837353156,AF-Q99832-F1-model_v1,A199,1499.0,93.03,Q99832
21,217,A,11.26,63.803652399306316,AF-Q99832-F1-model_v1,A217,1624.0,92.73,Q99832
22,218,A,9.69,0.0,AF-Q99832-F1-model_v1,A218,1633.0,90.77,Q99832
23,230,A,8.94,21.31256456195316,AF-Q99832-F1-model_v1,A230,1731.0,93.22,Q99832
24,231,A,11.43,46.37828514739493,AF-Q99832-F1-model_v1,A231,1740.0,95.37,Q99832
25,236,A,10.14,71.71208830594301,AF-Q99832-F1-model_v1,A236,1786.0,94.73,Q99832
26,247,A,10.59,98.11822175691643,AF-Q99832-F1-model_v1,A247,1873.0,70.4,Q99832
28,277,A,10.92,50.2654824574367,AF-Q99832-F1-model_v1,A277,2123.0,93.42,Q99832
29,280,A,11.26,29.62312432824936,AF-Q99832-F1-model_v1,A280,2149.0,93.6,Q99832
30,287,A,10.05,45.97616128773544,AF-Q99832-F1-model_v1,A287,2201.0,95.37,Q99832
31,292,A,11.31,42.75917041045949,AF-Q99832-F1-model_v1,A292,2238.0,94.77,Q99832
32,320,A,11.48,68.22701485556074,AF-Q99832-F1-model_v1,A320,2458.0,92.83,Q99832
33,366,A,10.34,100.39692362832022,AF-Q99832-F1-model_v1,A366,2802.0,74.37,Q99832
34,368,A,11.46,59.11220736994556,AF-Q99832-F1-model_v1,A368,2816.0,83.63,Q99832
35,401,A,9.65,72.9184598849215,AF-Q99832-F1-model_v1,A401,3081.0,83.88,Q99832
36,418,A,10.86,20.910440702293666,AF-Q99832-F1-model_v1,A418,3196.0,96.35,Q99832
37,430,A,10.26,57.77179450441391,AF-Q99832-F1-model_v1,A430,3299.0,91.89,Q99832
38,440,A,10.09,62.99940467998733,AF-Q99832-F1-model_v1,A440,3376.0,96.68,Q99832
39,463,A,11.34,39.944303392843025,AF-Q99832-F1-model_v1,A463,3552.0,94.87,Q99832
40,521,A,10.37,74.7950378966658,AF-Q99832-F1-model_v1,A521,3999.0,86.26,Q99832
0,6,A,10.45,98.52034561657592,AF-P62807-F1-model_v1,A6,44.0,74.41,P62807
1,12,A,10.48,107.63515310219111,AF-P62807-F1-model_v1,A12,83.0,77.73,P62807
2,13,A,10.48,96.24164374517213,AF-P62807-F1-model_v1,A13,92.0,77.83,P62807
3,16,A,10.48,89.67362070406708,AF-P62807-F1-model_v1,A16,111.0,76.26,P62807
4,17,A,10.47,97.98418047036327,AF-P62807-F1-model_v1,A17,120.0,77.26,P62807
5,21,A,10.47,96.24164374517213,AF-P62807-F1-model_v1,A21,148.0,74.52,P62807
12,44,A,10.47,93.694859300662,AF-P62807-F1-model_v1,A44,347.0,95.2,P62807
13,47,A,10.35,26.540174737526577,AF-P62807-F1-model_v1,A47,371.0,97.63,P62807
14,58,A,10.46,108.70748339461643,AF-P62807-F1-model_v1,A58,452.0,97.06,P62807
15,86,A,10.46,104.95432737112782,AF-P62807-F1-model_v1,A86,672.0,96.92,P62807
16,109,A,11.15,75.86736818909112,AF-P62807-F1-model_v1,A109,850.0,95.4,P62807
17,117,A,11.47,69.43338643453922,AF-P62807-F1-model_v1,A117,907.0,92.27,P62807
18,121,A,10.39,101.73733649385187,AF-P62807-F1-model_v1,A121,935.0,92.78,P62807
1,52,A,11.51,41.418757544927836,AF-P67809-F1-model_v1,A52,320.0,81.33,P67809
2,53,A,10.42,77.4758636277291,AF-P67809-F1-model_v1,A53,329.0,90.77,P67809
3,58,A,10.66,82.16730865708985,AF-P67809-F1-model_v1,A58,365.0,92.8,P67809
4,64,A,11.42,69.83551029419871,AF-P67809-F1-model_v1,A64,407.0,95.88,P67809
5,81,A,10.45,103.34583193248986,AF-P67809-F1-model_v1,A81,556.0,91.81,P67809
6,92,A,10.28,74.92907918321897,AF-P67809-F1-model_v1,A92,646.0,90.96,P67809
7,93,A,10.25,65.68023041105062,AF-P67809-F1-model_v1,A93,655.0,90.16,P67809
8,98,A,10.95,8.176518479743036,AF-P67809-F1-model_v1,A98,698.0,88.83,P67809
9,118,A,10.52,109.77981368704175,AF-P67809-F1-model_v1,A118,854.0,87.58,P67809
10,137,A,11.39,85.25025824781264,AF-P67809-F1-model_v1,A137,972.0,90.3,P67809
0,25,A,10.64,48.12082187258606,6NBW-alt1B_assembled,A25,179.0,0,P60709
1,37,A,10.21,30.56141333412151,6NBW-alt1B_assembled,A37,264.0,0,P60709
2,53,A,10.32,95.9735611720658,6NBW-alt1B_assembled,A53,379.0,0,P60709
3,69,A,10.36,65.14406526483796,6NBW-alt1B_assembled,A69,501.0,0,P60709
4,90,A,9.97,26.406133450973414,6NBW-alt1B_assembled,A90,667.0,0,P60709
5,104,A,9.54,22.921060000591133,6NBW-alt1B_assembled,A104,763.0,0,P60709
6,107,A,10.66,37.531560234886065,6NBW-alt1B_assembled,A107,787.0,0,P60709
7,115,A,10.35,47.316574153267084,6NBW-alt1B_assembled,A115,846.0,0,P60709
8,125,A,10.71,61.25686795479619,6NBW-alt1B_assembled,A125,917.0,0,P60709
9,126,A,10.98,13.002004795656958,6NBW-alt1B_assembled,A126,926.0,0,P60709
0,25,A,10.64,48.12082187258606,6NBW-alt1A_assembled,A25,179.0,0,P60709
1,37,A,10.21,30.56141333412151,6NBW-alt1A_assembled,A37,264.0,0,P60709
2,53,A,10.32,95.9735611720658,6NBW-alt1A_assembled,A53,379.0,0,P60709
3,69,A,10.36,65.14406526483796,6NBW-alt1A_assembled,A69,501.0,0,P60709
4,90,A,9.97,26.406133450973414,6NBW-alt1A_assembled,A90,667.0,0,P60709
5,104,A,9.54,22.921060000591133,6NBW-alt1A_assembled,A104,763.0,0,P60709
6,107,A,10.66,37.531560234886065,6NBW-alt1A_assembled,A107,787.0,0,P60709
7,115,A,10.35,47.316574153267084,6NBW-alt1A_assembled,A115,846.0,0,P60709
8,125,A,10.71,61.25686795479619,6NBW-alt1A_assembled,A125,917.0,0,P60709
9,126,A,10.98,13.002004795656958,6NBW-alt1A_assembled,A126,926.0,0,P60709
0,18,A,10.63,16.6211195325924,3BYH-alt-1_assembled,A18,114.0,0,P60709
1,50,A,9.01,28.014628889611387,3BYH-alt-1_assembled,A50,345.0,0,P60709
2,61,A,10.21,54.4207623405848,3BYH-alt-1_assembled,A61,428.0,0,P60709
3,68,A,9.39,16.889202105698732,3BYH-alt-1_assembled,A68,483.0,0,P60709
4,84,A,9.93,30.561413334121514,3BYH-alt-1_assembled,A84,619.0,0,P60709
5,113,A,11.17,55.090968773350625,3BYH-alt-1_assembled,A113,864.0,0,P60709
6,118,A,9.78,39.542179533183536,3BYH-alt-1_assembled,A118,906.0,0,P60709
7,191,A,10.52,73.18654245802783,3BYH-alt-1_assembled,A191,1467.0,0,P60709
8,213,A,9.99,8.84672491250886,3BYH-alt-1_assembled,A213,1649.0,0,P60709
9,215,A,11.74,38.73793181386455,3BYH-alt-1_assembled,A215,1667.0,0,P60709
10,238,A,10.12,30.025248187908858,3BYH-alt-1_assembled,A238,1839.0,0,P60709
11,284,A,9.76,36.057106082801255,3BYH-alt-1_assembled,A284,2201.0,0,P60709
12,291,A,11.48,47.45061543982024,3BYH-alt-1_assembled,A291,2258.0,0,P60709
13,315,A,10.38,34.44861064416328,3BYH-alt-1_assembled,A315,2438.0,0,P60709
14,326,A,9.99,65.27810655139112,3BYH-alt-1_assembled,A326,2517.0,0,P60709
15,328,A,10.31,55.22501005990378,3BYH-alt-1_assembled,A328,2534.0,0,P60709
16,336,A,9.29,57.63775321786075,3BYH-alt-1_assembled,A336,2598.0,0,P60709
17,359,A,10.3,26.004009591313917,3BYH-alt-1_assembled,A359,2781.0,0,P60709
18,373,A,10.63,40.74855111216202,3BYH-alt-1_assembled,A373,2896.0,0,P60709
19,430,B,9.73,53.482473334712644,3BYH-alt-1_assembled,B430,3276.0,0,P60709
20,439,B,10.46,80.96093707811139,3BYH-alt-1_assembled,B439,3346.0,0,P60709
21,443,B,10.3,55.62713391956328,3BYH-alt-1_assembled,B443,3376.0,0,P60709
22,447,B,10.39,74.7950378966658,3BYH-alt-1_assembled,B447,3407.0,0,P60709
23,452,B,9.98,27.746546316505057,3BYH-alt-1_assembled,B452,3453.0,0,P60709
24,461,B,10.16,51.605895322968344,3BYH-alt-1_assembled,B461,3524.0,0,P60709
25,464,B,9.65,54.956927486797454,3BYH-alt-1_assembled,B464,3545.0,0,P60709
26,467,B,10.28,75.73332690253795,3BYH-alt-1_assembled,B467,3571.0,0,P60709
27,483,B,10.28,53.884597194372134,3BYH-alt-1_assembled,B483,3688.0,0,P60709
28,484,B,10.29,82.30134994364302,3BYH-alt-1_assembled,B484,3697.0,0,P60709
29,503,B,10.11,44.769789708756946,3BYH-alt-1_assembled,B503,3862.0,0,P60709
30,521,B,9.68,27.2103811702924,3BYH-alt-1_assembled,B521,4007.0,0,P60709
31,528,B,10.45,86.72471239989744,3BYH-alt-1_assembled,B528,4064.0,0,P60709
32,535,B,9.66,30.829495907227844,3BYH-alt-1_assembled,B535,4124.0,0,P60709
33,537,B,10.14,53.88459719437214,3BYH-alt-1_assembled,B537,4141.0,0,P60709
34,564,B,11.28,62.061115674115186,3BYH-alt-1_assembled,B564,4361.0,0,P60709
35,571,B,10.49,23.189142573697463,3BYH-alt-1_assembled,B571,4415.0,0,P60709
36,584,B,10.43,71.17592315973036,3BYH-alt-1_assembled,B584,4519.0,0,P60709
37,602,B,6.16,6.970146900764555,3BYH-alt-1_assembled,B602,4658.0,0,P60709
0,11,A,11.33,12.063715789784808,3B6R-alt-1_assembled,A11,45.0,0,P12277
1,32,A,10.61,43.16129427011898,3B6R-alt-1_assembled,A32,216.0,0,P12277
2,45,A,10.44,34.31456935761012,3B6R-alt-1_assembled,A45,321.0,0,P12277
3,86,A,11.82,44.769789708756946,3B6R-alt-1_assembled,A86,627.0,0,P12277
4,101,A,11.57,46.91445029360758,3B6R-alt-1_assembled,A101,752.0,0,P12277
5,107,A,11.36,84.9821756747063,3B6R-alt-1_assembled,A107,801.0,0,P12277
6,156,A,10.52,63.803652399306316,3B6R-alt-1_assembled,A156,1184.0,0,P12277
7,177,A,10.46,92.89061158134302,3B6R-alt-1_assembled,A177,1340.0,0,P12277
8,196,A,10.23,52.67822561539366,3B6R-alt-1_assembled,A196,1500.0,0,P12277
9,223,A,11.39,36.32518865590758,3B6R-alt-1_assembled,A223,1712.0,0,P12277
10,242,A,10.46,111.92447427189236,3B6R-alt-1_assembled,A242,1876.0,0,P12277
11,247,A,10.37,46.11020257428859,3B6R-alt-1_assembled,A247,1909.0,0,P12277
12,265,A,10.75,75.46524432943163,3B6R-alt-1_assembled,A265,2058.0,0,P12277
13,267,A,11.38,36.72731251556708,3B6R-alt-1_assembled,A267,2073.0,0,P12277
14,298,A,10.18,39.6762208197367,3B6R-alt-1_assembled,A298,2319.0,0,P12277
15,304,A,8.26,15.950913099826579,3B6R-alt-1_assembled,A304,2363.0,0,P12277
16,307,A,11.12,32.706073918972145,3B6R-alt-1_assembled,A307,2391.0,0,P12277
17,313,A,11.31,49.595276024670866,3B6R-alt-1_assembled,A313,2441.0,0,P12277
18,319,A,9.12,27.076339883739234,3B6R-alt-1_assembled,A319,2497.0,0,P12277
19,358,A,10.72,81.89922608398354,3B6R-alt-1_assembled,A358,2773.0,0,P12277
20,381,A,10.09,41.68684011803417,3B6R-alt-1_assembled,A381,2957.0,0,P12277
21,11,B,11.27,11.393509357018983,3B6R-alt-1_assembled,B11,3004.0,0,P12277
22,32,B,11.41,44.50170713565062,3B6R-alt-1_assembled,B32,3175.0,0,P12277
23,45,B,10.49,46.37828514739493,3B6R-alt-1_assembled,B45,3280.0,0,P12277
24,86,B,11.74,43.429376843225306,3B6R-alt-1_assembled,B86,3586.0,0,P12277
25,101,B,10.75,57.50371193130758,3B6R-alt-1_assembled,B101,3711.0,0,P12277
26,107,B,10.63,69.96955158075187,3B6R-alt-1_assembled,B107,3760.0,0,P12277
27,156,B,10.89,36.727312515567085,3B6R-alt-1_assembled,B156,4143.0,0,P12277
28,177,B,10.4,62.59728082032784,3B6R-alt-1_assembled,B177,4299.0,0,P12277
29,196,B,11.49,31.901826199653158,3B6R-alt-1_assembled,B196,4459.0,0,P12277
30,223,B,9.94,25.601885731654423,3B6R-alt-1_assembled,B223,4671.0,0,P12277
31,242,B,10.41,75.1971617563253,3B6R-alt-1_assembled,B242,4835.0,0,P12277
32,247,B,10.45,38.603890527311385,3B6R-alt-1_assembled,B247,4868.0,0,P12277
33,265,B,10.64,60.05049637581771,3B6R-alt-1_assembled,B265,5017.0,0,P12277
34,267,B,8.93,7.238229473870884,3B6R-alt-1_assembled,B267,5032.0,0,P12277
35,298,B,10.31,45.03787228186328,3B6R-alt-1_assembled,B298,5278.0,0,P12277
36,304,B,10.44,79.7545654991329,3B6R-alt-1_assembled,B304,5322.0,0,P12277
37,307,B,10.6,47.31657415326708,3B6R-alt-1_assembled,B307,5350.0,0,P12277
38,313,B,10.4,60.58666152203036,3B6R-alt-1_assembled,B313,5400.0,0,P12277
39,319,B,9.86,56.833505498541754,3B6R-alt-1_assembled,B319,5456.0,0,P12277
40,358,B,10.36,45.57403742807594,3B6R-alt-1_assembled,B358,5732.0,0,P12277
41,381,B,10.01,61.52495052790252,3B6R-alt-1_assembled,B381,5916.0,0,P12277
0,11,A,11.37,12.73392222255063,3DRB-alt-1_assembled,A11,45.0,0,P12277
1,32,A,11.4,47.316574153267084,3DRB-alt-1_assembled,A32,216.0,0,P12277
2,45,A,10.41,39.40813824663037,3DRB-alt-1_assembled,A45,321.0,0,P12277
3,86,A,11.79,47.98678058603291,3DRB-alt-1_assembled,A86,627.0,0,P12277
4,101,A,11.56,47.71869801292657,3DRB-alt-1_assembled,A101,752.0,0,P12277
5,107,A,10.74,74.52695532355948,3DRB-alt-1_assembled,A107,801.0,0,P12277
6,156,A,11.5,62.19515696066834,3DRB-alt-1_assembled,A156,1184.0,0,P12277
7,177,A,10.46,94.36506573342783,3DRB-alt-1_assembled,A177,1340.0,0,P12277
8,196,A,10.23,48.92506959190505,3DRB-alt-1_assembled,A196,1500.0,0,P12277
9,223,A,11.35,34.85073450382278,3DRB-alt-1_assembled,A223,1712.0,0,P12277
10,242,A,10.37,112.32659813155189,3DRB-alt-1_assembled,A242,1876.0,0,P12277
11,247,A,10.31,54.956927486797454,3DRB-alt-1_assembled,A247,1909.0,0,P12277
12,265,A,10.75,76.0014094756443,3DRB-alt-1_assembled,A265,2058.0,0,P12277
13,267,A,10.76,48.791028305351894,3DRB-alt-1_assembled,A267,2073.0,0,P12277
14,298,A,10.2,39.542179533183536,3DRB-alt-1_assembled,A298,2319.0,0,P12277
15,304,A,8.9,39.6762208197367,3DRB-alt-1_assembled,A304,2363.0,0,P12277
16,307,A,10.5,27.61250502995189,3DRB-alt-1_assembled,A307,2391.0,0,P12277
17,313,A,11.41,58.30795965062657,3DRB-alt-1_assembled,A313,2441.0,0,P12277
18,319,A,9.12,34.44861064416328,3DRB-alt-1_assembled,A319,2497.0,0,P12277
19,358,A,10.69,86.72471239989744,3DRB-alt-1_assembled,A358,2773.0,0,P12277
20,381,A,10.17,56.833505498541754,3DRB-alt-1_assembled,A381,2957.0,0,P12277
21,11,B,11.31,11.929674503231643,3DRB-alt-1_assembled,B11,3004.0,0,P12277
22,32,B,11.4,43.429376843225306,3DRB-alt-1_assembled,B32,3175.0,0,P12277
23,45,B,10.49,45.30595485496961,3DRB-alt-1_assembled,B45,3280.0,0,P12277
24,86,B,11.86,48.12082187258607,3DRB-alt-1_assembled,B86,3586.0,0,P12277
25,101,B,10.61,48.79102830535189,3DRB-alt-1_assembled,B101,3711.0,0,P12277
26,107,B,10.42,84.31196924194049,3DRB-alt-1_assembled,B107,3760.0,0,P12277
27,156,B,10.08,33.242239065184805,3DRB-alt-1_assembled,B156,4143.0,0,P12277
28,177,B,10.52,38.46984924075822,3DRB-alt-1_assembled,B177,4299.0,0,P12277
29,196,B,11.47,30.695454620674678,3DRB-alt-1_assembled,B196,4459.0,0,P12277
30,223,B,10.03,28.818876608930374,3DRB-alt-1_assembled,B223,4671.0,0,P12277
31,242,B,10.39,74.25887275045315,3DRB-alt-1_assembled,B242,4835.0,0,P12277
32,247,B,10.37,33.37628035173797,3DRB-alt-1_assembled,B247,4868.0,0,P12277
33,265,B,10.81,57.50371193130758,3DRB-alt-1_assembled,B265,5017.0,0,P12277
34,267,B,10.59,47.04849158016075,3DRB-alt-1_assembled,B267,5032.0,0,P12277
35,298,B,9.85,38.73793181386455,3DRB-alt-1_assembled,B298,5278.0,0,P12277
36,304,B,10.41,73.18654245802784,3DRB-alt-1_assembled,B304,5322.0,0,P12277
37,307,B,9.87,44.09958327599113,3DRB-alt-1_assembled,B307,5350.0,0,P12277
38,313,B,10.47,58.5760422237329,3DRB-alt-1_assembled,B313,5400.0,0,P12277
39,319,B,9.9,57.23562935820126,3DRB-alt-1_assembled,B319,5456.0,0,P12277
40,358,B,10.48,48.656987018798716,3DRB-alt-1_assembled,B358,5732.0,0,P12277
41,381,B,10.41,80.69285450500504,3DRB-alt-1_assembled,B381,5916.0,0,P12277
0,4,A,10.4,77.0737397680696,5W8J-alt1B_assembled,A4,26.0,0,P00338
1,13,A,10.46,91.28211614270504,5W8J-alt1B_assembled,A13,104.0,0,P00338
2,21,A,9.81,0.0,5W8J-alt1B_assembled,A21,171.0,0,P00338
3,41,A,9.02,0.0,5W8J-alt1B_assembled,A41,302.0,0,P00338
4,56,A,11.35,35.38689965003544,5W8J-alt1B_assembled,A56,417.0,0,P00338
5,58,A,10.09,51.20377146330885,5W8J-alt1B_assembled,A58,434.0,0,P00338
6,75,A,10.76,54.018638480925304,5W8J-alt1B_assembled,A75,569.0,0,P00338
7,80,A,10.55,56.43138163888227,5W8J-alt1B_assembled,A80,603.0,0,P00338
8,89,A,9.07,47.45061543982024,5W8J-alt1B_assembled,A89,673.0,0,P00338
9,117,A,9.37,34.180528071056955,5W8J-alt1B_assembled,A117,895.0,0,P00338
10,125,A,10.36,63.133445966540485,5W8J-alt1B_assembled,A125,960.0,0,P00338
11,131,A,8.0,0.0,5W8J-alt1B_assembled,A131,1008.0,0,P00338
12,148,A,10.28,50.26548245743669,5W8J-alt1B_assembled,A148,1145.0,0,P00338
13,154,A,9.47,20.776399415740503,5W8J-alt1B_assembled,A154,1190.0,0,P00338
14,211,A,9.35,45.7080787146291,5W8J-alt1B_assembled,A211,1617.0,0,P00338
15,221,A,11.06,65.27810655139112,5W8J-alt1B_assembled,A221,1693.0,0,P00338
16,223,A,10.46,91.14807485615188,5W8J-alt1B_assembled,A223,1710.0,0,P00338
17,227,A,11.3,48.52294573224556,5W8J-alt1B_assembled,A227,1751.0,0,P00338
18,231,A,10.64,48.12082187258606,5W8J-alt1B_assembled,A231,1786.0,0,P00338
19,242,A,10.49,68.36105614211391,5W8J-alt1B_assembled,A242,1874.0,0,P00338
20,244,A,10.1,6.702064327658226,5W8J-alt1B_assembled,A244,1891.0,0,P00338
21,264,A,11.15,53.34843204815948,5W8J-alt1B_assembled,A264,2038.0,0,P00338
22,277,A,11.17,28.55079403582404,5W8J-alt1B_assembled,A277,2145.0,0,P00338
23,283,A,10.39,92.35444643513037,5W8J-alt1B_assembled,A283,2190.0,0,P00338
24,304,A,7.16,10.05309649148734,5W8J-alt1B_assembled,A304,2345.0,0,P00338
25,316,A,11.14,50.2654824574367,5W8J-alt1B_assembled,A316,2440.0,0,P00338
26,317,A,10.46,83.23963894951518,5W8J-alt1B_assembled,A317,2449.0,0,P00338
27,327,A,10.43,68.49509742866708,5W8J-alt1B_assembled,A327,2527.0,0,P00338
28,4,B,10.03,64.33981754551897,5W8J-alt1B_assembled,B4,2596.0,0,P00338
29,13,B,10.49,90.34382713683289,5W8J-alt1B_assembled,B13,2674.0,0,P00338
30,21,B,9.85,0.0,5W8J-alt1B_assembled,B21,2733.0,0,P00338
31,41,B,11.65,20.508316842634173,5W8J-alt1B_assembled,B41,2864.0,0,P00338
32,56,B,9.96,33.108197778631634,5W8J-alt1B_assembled,B56,2979.0,0,P00338
33,58,B,10.41,65.54618912449746,5W8J-alt1B_assembled,B58,2996.0,0,P00338
34,75,B,10.18,51.60589532296835,5W8J-alt1B_assembled,B75,3131.0,0,P00338
35,80,B,10.62,43.295335556672136,5W8J-alt1B_assembled,B80,3165.0,0,P00338
36,89,B,8.49,27.880587603058224,5W8J-alt1B_assembled,B89,3235.0,0,P00338
37,117,B,10.3,23.859349006463283,5W8J-alt1B_assembled,B117,3457.0,0,P00338
38,125,B,10.72,69.70146900764556,5W8J-alt1B_assembled,B125,3522.0,0,P00338
39,131,B,7.79,21.178523275399993,5W8J-alt1B_assembled,B131,3570.0,0,P00338
40,148,B,10.34,42.62512912390632,5W8J-alt1B_assembled,B148,3707.0,0,P00338
41,154,B,9.2,36.86135380212024,5W8J-alt1B_assembled,B154,3752.0,0,P00338
42,211,B,10.09,32.03586748620633,5W8J-alt1B_assembled,B211,4179.0,0,P00338
43,231,B,11.0,36.05710608280126,5W8J-alt1B_assembled,B231,4336.0,0,P00338
44,242,B,10.7,65.41214783794429,5W8J-alt1B_assembled,B242,4424.0,0,P00338
45,244,B,2.94,0.0,5W8J-alt1B_assembled,B244,4441.0,0,P00338
46,264,B,10.19,19.167903977102526,5W8J-alt1B_assembled,B264,4588.0,0,P00338
47,277,B,11.41,32.169908772759484,5W8J-alt1B_assembled,B277,4695.0,0,P00338
48,304,B,9.87,21.714688421612653,5W8J-alt1B_assembled,B304,4891.0,0,P00338
49,316,B,11.14,37.3975189483329,5W8J-alt1B_assembled,B316,4986.0,0,P00338
50,327,B,10.61,37.12943637522657,5W8J-alt1B_assembled,B327,5069.0,0,P00338
51,4,C,10.14,47.85273929947974,5W8J-alt1B_assembled,C4,5136.0,0,P00338
52,21,C,9.76,0.0,5W8J-alt1B_assembled,C21,5265.0,0,P00338
53,41,C,10.97,18.497697544336706,5W8J-alt1B_assembled,C41,5396.0,0,P00338
54,56,C,11.12,50.93568889020252,5W8J-alt1B_assembled,C56,5511.0,0,P00338
55,58,C,11.04,57.503711931307585,5W8J-alt1B_assembled,C58,5528.0,0,P00338
56,75,C,10.53,46.51232643394809,5W8J-alt1B_assembled,C75,5663.0,0,P00338
57,80,C,10.66,53.61651462126581,5W8J-alt1B_assembled,C80,5697.0,0,P00338
58,89,C,9.3,33.644362924844295,5W8J-alt1B_assembled,C89,5767.0,0,P00338
59,117,C,11.32,39.81026210628987,5W8J-alt1B_assembled,C117,5983.0,0,P00338
60,125,C,10.78,65.14406526483796,5W8J-alt1B_assembled,C125,6048.0,0,P00338
61,131,C,7.93,11.929674503231643,5W8J-alt1B_assembled,C131,6096.0,0,P00338
62,154,C,10.08,53.75055590781898,5W8J-alt1B_assembled,C154,6274.0,0,P00338
63,211,C,9.87,41.41875754492784,5W8J-alt1B_assembled,C211,6701.0,0,P00338
64,227,C,10.1,55.22501005990378,5W8J-alt1B_assembled,C227,6824.0,0,P00338
65,242,C,10.46,107.09898795597846,5W8J-alt1B_assembled,C242,6939.0,0,P00338
66,244,C,11.97,0.0,5W8J-alt1B_assembled,C244,6956.0,0,P00338
67,264,C,9.43,19.435986550208856,5W8J-alt1B_assembled,C264,7103.0,0,P00338
68,277,C,11.37,48.65698701879872,5W8J-alt1B_assembled,C277,7210.0,0,P00338
69,304,C,9.86,38.33580795420505,5W8J-alt1B_assembled,C304,7406.0,0,P00338
70,316,C,11.5,36.72731251556708,5W8J-alt1B_assembled,C316,7497.0,0,P00338
71,317,C,10.46,93.82890058721517,5W8J-alt1B_assembled,C317,7506.0,0,P00338
72,327,C,10.56,53.75055590781898,5W8J-alt1B_assembled,C327,7584.0,0,P00338
73,4,D,10.21,40.07834467939619,5W8J-alt1B_assembled,D4,7651.0,0,P00338
74,21,D,9.76,0.0,5W8J-alt1B_assembled,D21,7780.0,0,P00338
75,41,D,10.9,19.167903977102526,5W8J-alt1B_assembled,D41,7911.0,0,P00338
76,56,D,11.18,38.067725381098725,5W8J-alt1B_assembled,D56,8026.0,0,P00338
77,58,D,11.01,54.4207623405848,5W8J-alt1B_assembled,D58,8043.0,0,P00338
78,75,D,10.49,53.21439076160632,5W8J-alt1B_assembled,D75,8178.0,0,P00338
79,80,D,11.18,65.94831298415696,5W8J-alt1B_assembled,D80,8212.0,0,P00338
80,89,D,9.69,47.85273929947974,5W8J-alt1B_assembled,D89,8282.0,0,P00338
81,117,D,11.32,38.60389052731138,5W8J-alt1B_assembled,D117,8494.0,0,P00338
82,125,D,11.34,64.07173497241264,5W8J-alt1B_assembled,D125,8559.0,0,P00338
83,131,D,8.34,12.197757076337972,5W8J-alt1B_assembled,D131,8607.0,0,P00338
84,148,D,10.22,36.99539508867341,5W8J-alt1B_assembled,D148,8744.0,0,P00338
85,154,D,9.84,50.53356503054303,5W8J-alt1B_assembled,D154,8789.0,0,P00338
86,211,D,9.93,38.33580795420506,5W8J-alt1B_assembled,D211,9216.0,0,P00338
87,242,D,10.45,96.10760245861897,5W8J-alt1B_assembled,D242,9454.0,0,P00338
88,244,D,12.03,0.0,5W8J-alt1B_assembled,D244,9471.0,0,P00338
89,264,D,9.39,52.544184328840494,5W8J-alt1B_assembled,D264,9618.0,0,P00338
90,277,D,11.22,43.29533555667214,5W8J-alt1B_assembled,D277,9725.0,0,P00338
91,304,D,10.36,100.12884105521391,5W8J-alt1B_assembled,D304,9921.0,0,P00338
92,316,D,11.08,43.027252983565816,5W8J-alt1B_assembled,D316,10016.0,0,P00338
93,317,D,10.44,89.40553813096074,5W8J-alt1B_assembled,D317,10025.0,0,P00338
94,327,D,10.58,52.946308188499984,5W8J-alt1B_assembled,D327,10103.0,0,P00338
0,4,A,10.41,76.6716159084101,5W8J-alt1A_assembled,A4,26.0,0,P00338
1,13,A,10.49,42.22300526424683,5W8J-alt1A_assembled,A13,104.0,0,P00338
2,21,A,9.52,0.0,5W8J-alt1A_assembled,A21,171.0,0,P00338
3,41,A,10.15,10.723302924253161,5W8J-alt1A_assembled,A41,302.0,0,P00338
4,56,A,11.35,44.09958327599112,5W8J-alt1A_assembled,A56,417.0,0,P00338
5,58,A,10.23,56.967546785094925,5W8J-alt1A_assembled,A58,434.0,0,P00338
6,75,A,10.41,47.316574153267084,5W8J-alt1A_assembled,A75,569.0,0,P00338
7,80,A,10.5,37.665601521439235,5W8J-alt1A_assembled,A80,603.0,0,P00338
8,89,A,8.32,43.69745941633163,5W8J-alt1A_assembled,A89,673.0,0,P00338
9,117,A,11.09,15.68283052672025,5W8J-alt1A_assembled,A117,895.0,0,P00338
10,125,A,10.7,54.28672105403164,5W8J-alt1A_assembled,A125,960.0,0,P00338
11,131,A,8.69,23.323183860250627,5W8J-alt1A_assembled,A131,1008.0,0,P00338
12,148,A,9.06,27.61250502995189,5W8J-alt1A_assembled,A148,1145.0,0,P00338
13,154,A,7.87,8.176518479743036,5W8J-alt1A_assembled,A154,1190.0,0,P00338
14,211,A,9.64,35.118817076929105,5W8J-alt1A_assembled,A211,1617.0,0,P00338
15,221,A,10.68,67.42276713624176,5W8J-alt1A_assembled,A221,1693.0,0,P00338
16,223,A,10.23,27.344422456845564,5W8J-alt1A_assembled,A223,1710.0,0,P00338
17,227,A,11.31,20.910440702293666,5W8J-alt1A_assembled,A227,1751.0,0,P00338
18,231,A,10.35,39.14005567352404,5W8J-alt1A_assembled,A231,1786.0,0,P00338
19,242,A,10.46,76.40353333530378,5W8J-alt1A_assembled,A242,1874.0,0,P00338
20,244,A,9.76,7.104188187317719,5W8J-alt1A_assembled,A244,1891.0,0,P00338
21,264,A,9.24,60.72070280858353,5W8J-alt1A_assembled,A264,2038.0,0,P00338
22,277,A,11.12,40.61450982560885,5W8J-alt1A_assembled,A277,2145.0,0,P00338
23,283,A,10.6,91.4161574292582,5W8J-alt1A_assembled,A283,2190.0,0,P00338
24,304,A,5.74,0.0,5W8J-alt1A_assembled,A304,2345.0,0,P00338
25,316,A,11.1,50.53356503054303,5W8J-alt1A_assembled,A316,2440.0,0,P00338
26,317,A,10.47,84.44601052849364,5W8J-alt1A_assembled,A317,2449.0,0,P00338
27,327,A,11.43,55.76117520611644,5W8J-alt1A_assembled,A327,2527.0,0,P00338
28,4,B,9.84,64.07173497241264,5W8J-alt1A_assembled,B4,2596.0,0,P00338
29,13,B,10.49,90.34382713683289,5W8J-alt1A_assembled,B13,2674.0,0,P00338
30,21,B,9.87,0.0,5W8J-alt1A_assembled,B21,2733.0,0,P00338
31,41,B,10.86,27.478463743398727,5W8J-alt1A_assembled,B41,2864.0,0,P00338
32,56,B,11.57,45.43999614152277,5W8J-alt1A_assembled,B56,2979.0,0,P00338
33,58,B,10.49,53.08034947505315,5W8J-alt1A_assembled,B58,2996.0,0,P00338
34,75,B,10.17,51.60589532296835,5W8J-alt1A_assembled,B75,3131.0,0,P00338
35,80,B,10.61,43.295335556672136,5W8J-alt1A_assembled,B80,3165.0,0,P00338
36,89,B,8.62,27.076339883739237,5W8J-alt1A_assembled,B89,3235.0,0,P00338
37,117,B,10.31,23.859349006463283,5W8J-alt1A_assembled,B117,3457.0,0,P00338
38,125,B,10.72,69.70146900764556,5W8J-alt1A_assembled,B125,3522.0,0,P00338
39,131,B,7.77,21.178523275399993,5W8J-alt1A_assembled,B131,3570.0,0,P00338
40,148,B,10.34,42.62512912390632,5W8J-alt1A_assembled,B148,3707.0,0,P00338
41,154,B,9.2,36.86135380212024,5W8J-alt1A_assembled,B154,3752.0,0,P00338
42,211,B,10.09,32.03586748620633,5W8J-alt1A_assembled,B211,4179.0,0,P00338
43,231,B,11.0,36.05710608280126,5W8J-alt1A_assembled,B231,4336.0,0,P00338
44,242,B,10.7,64.33981754551897,5W8J-alt1A_assembled,B242,4424.0,0,P00338
45,244,B,3.86,0.0,5W8J-alt1A_assembled,B244,4441.0,0,P00338
46,264,B,9.34,19.167903977102526,5W8J-alt1A_assembled,B264,4588.0,0,P00338
47,277,B,11.41,32.169908772759484,5W8J-alt1A_assembled,B277,4695.0,0,P00338
48,304,B,9.87,21.714688421612653,5W8J-alt1A_assembled,B304,4891.0,0,P00338
49,316,B,11.14,37.3975189483329,5W8J-alt1A_assembled,B316,4986.0,0,P00338
50,327,B,10.61,37.12943637522657,5W8J-alt1A_assembled,B327,5069.0,0,P00338
51,4,C,10.13,47.85273929947974,5W8J-alt1A_assembled,C4,5136.0,0,P00338
52,21,C,9.75,0.0,5W8J-alt1A_assembled,C21,5265.0,0,P00338
53,41,C,10.96,18.497697544336706,5W8J-alt1A_assembled,C41,5396.0,0,P00338
54,56,C,11.07,50.93568889020252,5W8J-alt1A_assembled,C56,5511.0,0,P00338
55,58,C,11.1,57.503711931307585,5W8J-alt1A_assembled,C58,5528.0,0,P00338
56,75,C,10.59,46.51232643394809,5W8J-alt1A_assembled,C75,5663.0,0,P00338
57,80,C,10.67,53.61651462126581,5W8J-alt1A_assembled,C80,5697.0,0,P00338
58,89,C,9.36,34.44861064416328,5W8J-alt1A_assembled,C89,5767.0,0,P00338
59,117,C,11.31,39.81026210628987,5W8J-alt1A_assembled,C117,5983.0,0,P00338
60,125,C,10.79,65.14406526483796,5W8J-alt1A_assembled,C125,6048.0,0,P00338
61,131,C,7.93,11.795633216678477,5W8J-alt1A_assembled,C131,6096.0,0,P00338
62,154,C,10.08,53.75055590781898,5W8J-alt1A_assembled,C154,6274.0,0,P00338
63,211,C,9.87,41.41875754492784,5W8J-alt1A_assembled,C211,6701.0,0,P00338
64,227,C,10.1,55.22501005990378,5W8J-alt1A_assembled,C227,6824.0,0,P00338
65,242,C,10.76,97.31397403759743,5W8J-alt1A_assembled,C242,6939.0,0,P00338
66,244,C,11.98,0.0,5W8J-alt1A_assembled,C244,6956.0,0,P00338
67,264,C,10.2,19.435986550208856,5W8J-alt1A_assembled,C264,7103.0,0,P00338
68,277,C,11.37,48.65698701879872,5W8J-alt1A_assembled,C277,7210.0,0,P00338
69,304,C,9.73,38.33580795420505,5W8J-alt1A_assembled,C304,7406.0,0,P00338
70,316,C,11.5,36.72731251556708,5W8J-alt1A_assembled,C316,7497.0,0,P00338
71,317,C,10.46,93.82890058721517,5W8J-alt1A_assembled,C317,7506.0,0,P00338
72,327,C,10.56,53.75055590781898,5W8J-alt1A_assembled,C327,7584.0,0,P00338
73,4,D,10.23,47.18253286671391,5W8J-alt1A_assembled,D4,7651.0,0,P00338
74,21,D,9.79,0.0,5W8J-alt1A_assembled,D21,7780.0,0,P00338
75,41,D,10.2,19.167903977102526,5W8J-alt1A_assembled,D41,7911.0,0,P00338
76,56,D,11.15,38.067725381098725,5W8J-alt1A_assembled,D56,8026.0,0,P00338
77,58,D,11.06,54.4207623405848,5W8J-alt1A_assembled,D58,8043.0,0,P00338
78,75,D,10.48,53.21439076160632,5W8J-alt1A_assembled,D75,8178.0,0,P00338
79,80,D,11.18,65.94831298415696,5W8J-alt1A_assembled,D80,8212.0,0,P00338
80,89,D,9.71,47.85273929947974,5W8J-alt1A_assembled,D89,8282.0,0,P00338
81,117,D,11.32,38.60389052731138,5W8J-alt1A_assembled,D117,8494.0,0,P00338
82,125,D,11.34,64.07173497241264,5W8J-alt1A_assembled,D125,8559.0,0,P00338
83,131,D,8.37,12.197757076337972,5W8J-alt1A_assembled,D131,8607.0,0,P00338
84,148,D,10.21,36.99539508867341,5W8J-alt1A_assembled,D148,8744.0,0,P00338
85,154,D,9.81,50.53356503054303,5W8J-alt1A_assembled,D154,8789.0,0,P00338
86,211,D,9.93,38.33580795420506,5W8J-alt1A_assembled,D211,9216.0,0,P00338
87,242,D,10.5,96.10760245861897,5W8J-alt1A_assembled,D242,9454.0,0,P00338
88,244,D,12.02,0.0,5W8J-alt1A_assembled,D244,9471.0,0,P00338
89,264,D,10.93,52.544184328840494,5W8J-alt1A_assembled,D264,9618.0,0,P00338
90,277,D,11.22,43.29533555667214,5W8J-alt1A_assembled,D277,9725.0,0,P00338
91,304,D,10.37,100.12884105521391,5W8J-alt1A_assembled,D304,9921.0,0,P00338
92,316,D,11.08,43.027252983565816,5W8J-alt1A_assembled,D316,10016.0,0,P00338
93,317,D,10.44,89.40553813096074,5W8J-alt1A_assembled,D317,10025.0,0,P00338
94,327,D,10.58,52.946308188499984,5W8J-alt1A_assembled,D327,10103.0,0,P00338
0,5,A,10.35,56.833505498541754,6SBV-alt1B_assembled,A5,26.0,0,P00338
1,14,A,7.93,9.78501391838101,6SBV-alt1B_assembled,A14,104.0,0,P00338
2,22,A,9.28,0.0,6SBV-alt1B_assembled,A22,171.0,0,P00338
3,42,A,10.7,14.610500234294932,6SBV-alt1B_assembled,A42,302.0,0,P00338
4,57,A,11.33,39.006014386970875,6SBV-alt1B_assembled,A57,417.0,0,P00338
5,59,A,8.07,31.365661053440498,6SBV-alt1B_assembled,A59,434.0,0,P00338
6,76,A,10.0,23.591266433356953,6SBV-alt1B_assembled,A76,569.0,0,P00338
7,81,A,10.68,43.965541989437966,6SBV-alt1B_assembled,A81,603.0,0,P00338
8,90,A,8.93,36.86135380212024,6SBV-alt1B_assembled,A90,673.0,0,P00338
9,118,A,10.45,15.950913099826579,6SBV-alt1B_assembled,A118,895.0,0,P00338
10,126,A,10.66,56.96754678509492,6SBV-alt1B_assembled,A126,960.0,0,P00338
11,132,A,5.15,0.0,6SBV-alt1B_assembled,A132,1008.0,0,P00338
12,149,A,10.15,30.561413334121514,6SBV-alt1B_assembled,A149,1145.0,0,P00338
13,155,A,9.8,38.603890527311385,6SBV-alt1B_assembled,A155,1190.0,0,P00338
14,212,A,10.13,42.893211697012646,6SBV-alt1B_assembled,A212,1617.0,0,P00338
15,222,A,10.71,56.56542292543543,6SBV-alt1B_assembled,A222,1693.0,0,P00338
16,224,A,10.45,83.10559766296201,6SBV-alt1B_assembled,A224,1710.0,0,P00338
17,228,A,10.4,41.82088140458733,6SBV-alt1B_assembled,A228,1751.0,0,P00338
18,232,A,11.68,38.603890527311385,6SBV-alt1B_assembled,A232,1786.0,0,P00338
19,243,A,10.28,76.53757462185695,6SBV-alt1B_assembled,A243,1874.0,0,P00338
20,245,A,10.16,9.248848772168353,6SBV-alt1B_assembled,A245,1891.0,0,P00338
21,265,A,9.76,32.84011520552531,6SBV-alt1B_assembled,A265,2038.0,0,P00338
22,278,A,11.44,33.51032163829113,6SBV-alt1B_assembled,A278,2145.0,0,P00338
23,284,A,10.42,86.85875368645061,6SBV-alt1B_assembled,A284,2190.0,0,P00338
24,305,A,9.72,36.057106082801255,6SBV-alt1B_assembled,A305,2345.0,0,P00338
25,317,A,11.0,46.24424386084176,6SBV-alt1B_assembled,A317,2440.0,0,P00338
26,318,A,10.14,49.72931731122404,6SBV-alt1B_assembled,A318,2449.0,0,P00338
27,328,A,10.26,35.92306479624809,6SBV-alt1B_assembled,A328,2527.0,0,P00338
28,5,B,6.94,20.106192982974676,6SBV-alt1B_assembled,B5,2594.0,0,P00338
29,14,B,10.45,73.45462503113416,6SBV-alt1B_assembled,B14,2672.0,0,P00338
30,22,B,9.86,0.0,6SBV-alt1B_assembled,B22,2739.0,0,P00338
31,42,B,9.16,19.033862690549363,6SBV-alt1B_assembled,B42,2870.0,0,P00338
32,57,B,9.92,28.952917895483537,6SBV-alt1B_assembled,B57,2985.0,0,P00338
33,59,B,10.22,43.027252983565816,6SBV-alt1B_assembled,B59,3002.0,0,P00338
34,76,B,10.69,53.48247333471265,6SBV-alt1B_assembled,B76,3137.0,0,P00338
35,81,B,10.51,35.38689965003543,6SBV-alt1B_assembled,B81,3171.0,0,P00338
36,90,B,9.97,38.201766667651896,6SBV-alt1B_assembled,B90,3241.0,0,P00338
37,118,B,10.04,21.446605848506323,6SBV-alt1B_assembled,B118,3463.0,0,P00338
38,126,B,10.59,45.70807871462911,6SBV-alt1B_assembled,B126,3528.0,0,P00338
39,132,B,8.48,8.57864233940253,6SBV-alt1B_assembled,B132,3576.0,0,P00338
40,149,B,11.1,28.684835322377207,6SBV-alt1B_assembled,B149,3713.0,0,P00338
41,155,B,10.17,51.33781274986201,6SBV-alt1B_assembled,B155,3758.0,0,P00338
42,212,B,10.13,41.1506749718215,6SBV-alt1B_assembled,B212,4185.0,0,P00338
43,222,B,10.74,53.75055590781897,6SBV-alt1B_assembled,B222,4261.0,0,P00338
44,224,B,10.45,80.69285450500504,6SBV-alt1B_assembled,B224,4278.0,0,P00338
45,228,B,10.95,43.29533555667214,6SBV-alt1B_assembled,B228,4319.0,0,P00338
46,232,B,11.4,38.33580795420506,6SBV-alt1B_assembled,B232,4354.0,0,P00338
47,243,B,10.74,27.076339883739234,6SBV-alt1B_assembled,B243,4442.0,0,P00338
48,245,B,2.91,0.0,6SBV-alt1B_assembled,B245,4459.0,0,P00338
49,265,B,9.04,24.127431579569617,6SBV-alt1B_assembled,B265,4606.0,0,P00338
50,278,B,11.22,43.69745941633164,6SBV-alt1B_assembled,B278,4713.0,0,P00338
51,284,B,10.36,87.39491883266328,6SBV-alt1B_assembled,B284,4758.0,0,P00338
52,305,B,10.32,39.6762208197367,6SBV-alt1B_assembled,B305,4913.0,0,P00338
53,317,B,10.6,42.35704655079999,6SBV-alt1B_assembled,B317,5008.0,0,P00338
54,318,B,10.42,62.731322106880995,6SBV-alt1B_assembled,B318,5017.0,0,P00338
55,328,B,11.25,36.72731251556708,6SBV-alt1B_assembled,B328,5095.0,0,P00338
56,5,C,10.39,77.74394620083541,6SBV-alt1B_assembled,C5,5162.0,0,P00338
57,14,C,10.45,88.19916655198227,6SBV-alt1B_assembled,C14,5240.0,0,P00338
58,22,C,8.43,0.0,6SBV-alt1B_assembled,C22,5307.0,0,P00338
59,42,C,10.5,9.114807485615188,6SBV-alt1B_assembled,C42,5438.0,0,P00338
60,57,C,7.8,8.042477193189871,6SBV-alt1B_assembled,C57,5553.0,0,P00338
61,59,C,10.44,57.50371193130758,6SBV-alt1B_assembled,C59,5570.0,0,P00338
62,76,C,10.55,57.23562935820125,6SBV-alt1B_assembled,C76,5705.0,0,P00338
63,81,C,10.73,54.68884491369113,6SBV-alt1B_assembled,C81,5739.0,0,P00338
64,90,C,4.44,0.0,6SBV-alt1B_assembled,C90,5809.0,0,P00338
65,118,C,11.18,36.19114736935442,6SBV-alt1B_assembled,C118,6031.0,0,P00338
66,126,C,10.81,40.078344679396196,6SBV-alt1B_assembled,C126,6096.0,0,P00338
67,132,C,2.36,0.0,6SBV-alt1B_assembled,C132,6144.0,0,P00338
68,149,C,9.96,44.09958327599112,6SBV-alt1B_assembled,C149,6281.0,0,P00338
69,155,C,10.16,56.83350549854176,6SBV-alt1B_assembled,C155,6326.0,0,P00338
70,212,C,9.18,32.03586748620632,6SBV-alt1B_assembled,C212,6753.0,0,P00338
71,222,C,10.72,53.884597194372134,6SBV-alt1B_assembled,C222,6829.0,0,P00338
72,224,C,10.4,81.09497836466454,6SBV-alt1B_assembled,C224,6846.0,0,P00338
73,228,C,9.32,37.129436375226575,6SBV-alt1B_assembled,C228,6887.0,0,P00338
74,232,C,10.13,13.94029380152911,6SBV-alt1B_assembled,C232,6922.0,0,P00338
75,243,C,10.61,56.833505498541754,6SBV-alt1B_assembled,C243,7010.0,0,P00338
76,245,C,4.67,0.0,6SBV-alt1B_assembled,C245,7027.0,0,P00338
77,265,C,9.72,34.046486784503784,6SBV-alt1B_assembled,C265,7174.0,0,P00338
78,278,C,11.29,37.3975189483329,6SBV-alt1B_assembled,C278,7281.0,0,P00338
79,284,C,10.33,60.4526202354772,6SBV-alt1B_assembled,C284,7326.0,0,P00338
80,305,C,10.42,85.38429953436581,6SBV-alt1B_assembled,C305,7481.0,0,P00338
81,317,C,11.44,17.15728467880506,6SBV-alt1B_assembled,C317,7576.0,0,P00338
82,318,C,10.42,62.99940467998733,6SBV-alt1B_assembled,C318,7585.0,0,P00338
83,328,C,10.42,45.17191356841644,6SBV-alt1B_assembled,C328,7663.0,0,P00338
84,5,D,4.82,0.0,6SBV-alt1B_assembled,D5,7730.0,0,P00338
85,14,D,5.18,0.0,6SBV-alt1B_assembled,D14,7808.0,0,P00338
86,22,D,9.49,0.0,6SBV-alt1B_assembled,D22,7875.0,0,P00338
87,42,D,8.9,0.0,6SBV-alt1B_assembled,D42,8006.0,0,P00338
88,57,D,8.03,8.176518479743036,6SBV-alt1B_assembled,D57,8121.0,0,P00338
89,59,D,8.9,36.45922994246075,6SBV-alt1B_assembled,D59,8138.0,0,P00338
90,76,D,7.59,8.3105597662962,6SBV-alt1B_assembled,D76,8273.0,0,P00338
91,81,D,11.45,39.6762208197367,6SBV-alt1B_assembled,D81,8307.0,0,P00338
92,90,D,9.79,38.73793181386455,6SBV-alt1B_assembled,D90,8377.0,0,P00338
93,118,D,10.24,15.012624093954425,6SBV-alt1B_assembled,D118,8599.0,0,P00338
94,126,D,10.44,74.3929140370063,6SBV-alt1B_assembled,D126,8664.0,0,P00338
95,132,D,6.39,0.0,6SBV-alt1B_assembled,D132,8712.0,0,P00338
96,149,D,10.36,45.7080787146291,6SBV-alt1B_assembled,D149,8849.0,0,P00338
97,155,D,9.86,42.75917041045949,6SBV-alt1B_assembled,D155,8894.0,0,P00338
98,212,D,10.39,44.76978970875695,6SBV-alt1B_assembled,D212,9321.0,0,P00338
99,222,D,10.81,54.8228862002443,6SBV-alt1B_assembled,D222,9397.0,0,P00338
100,224,D,10.61,81.36306093777087,6SBV-alt1B_assembled,D224,9414.0,0,P00338
101,228,D,11.22,67.42276713624176,6SBV-alt1B_assembled,D228,9455.0,0,P00338
102,232,D,10.98,44.36766584909746,6SBV-alt1B_assembled,D232,9490.0,0,P00338
103,243,D,10.51,40.74855111216202,6SBV-alt1B_assembled,D243,9578.0,0,P00338
104,245,D,11.57,0.0,6SBV-alt1B_assembled,D245,9595.0,0,P00338
105,265,D,9.88,37.665601521439235,6SBV-alt1B_assembled,D265,9742.0,0,P00338
106,278,D,11.35,26.004009591313917,6SBV-alt1B_assembled,D278,9849.0,0,P00338
107,284,D,10.52,69.70146900764556,6SBV-alt1B_assembled,D284,9894.0,0,P00338
108,305,D,7.59,29.62312432824936,6SBV-alt1B_assembled,D305,10049.0,0,P00338
109,317,D,11.11,33.77840421139746,6SBV-alt1B_assembled,D317,10144.0,0,P00338
110,318,D,10.45,66.48447813036961,6SBV-alt1B_assembled,D318,10153.0,0,P00338
111,328,D,10.35,47.71869801292657,6SBV-alt1B_assembled,D328,10231.0,0,P00338
112,5,E,10.41,75.86736818909112,6SBV-alt1B_assembled,E5,10298.0,0,P00338
113,14,E,10.58,73.18654245802783,6SBV-alt1B_assembled,E14,10376.0,0,P00338
114,22,E,8.98,0.0,6SBV-alt1B_assembled,E22,10443.0,0,P00338
115,42,E,10.78,24.663596725782273,6SBV-alt1B_assembled,E42,10574.0,0,P00338
116,57,E,8.0,18.229614971230376,6SBV-alt1B_assembled,E57,10689.0,0,P00338
117,59,E,10.56,55.895216492669604,6SBV-alt1B_assembled,E59,10706.0,0,P00338
118,76,E,10.47,41.28471625837467,6SBV-alt1B_assembled,E76,10841.0,0,P00338
119,81,E,10.48,48.52294573224556,6SBV-alt1B_assembled,E81,10875.0,0,P00338
120,90,E,6.62,0.0,6SBV-alt1B_assembled,E90,10945.0,0,P00338
121,118,E,9.88,27.344422456845564,6SBV-alt1B_assembled,E118,11167.0,0,P00338
122,126,E,10.62,46.780409007054416,6SBV-alt1B_assembled,E126,11232.0,0,P00338
123,132,E,5.97,0.0,6SBV-alt1B_assembled,E132,11280.0,0,P00338
124,149,E,10.0,22.51893614093164,6SBV-alt1B_assembled,E149,11417.0,0,P00338
125,155,E,9.78,58.844124796839225,6SBV-alt1B_assembled,E155,11462.0,0,P00338
126,212,E,10.34,46.780409007054416,6SBV-alt1B_assembled,E212,11889.0,0,P00338
127,222,E,10.6,55.09096877335061,6SBV-alt1B_assembled,E222,11965.0,0,P00338
128,224,E,10.16,16.889202105698732,6SBV-alt1B_assembled,E224,11982.0,0,P00338
129,228,E,10.96,61.12282666824303,6SBV-alt1B_assembled,E228,12023.0,0,P00338
130,232,E,11.43,29.35504175514303,6SBV-alt1B_assembled,E232,12058.0,0,P00338
131,243,E,10.48,23.591266433356953,6SBV-alt1B_assembled,E243,12146.0,0,P00338
132,245,E,4.28,0.0,6SBV-alt1B_assembled,E245,12163.0,0,P00338
133,265,E,9.87,36.72731251556708,6SBV-alt1B_assembled,E265,12310.0,0,P00338
134,278,E,10.62,44.36766584909746,6SBV-alt1B_assembled,E278,12417.0,0,P00338
135,284,E,10.27,71.98017087904935,6SBV-alt1B_assembled,E284,12462.0,0,P00338
136,305,E,9.88,54.286721054031624,6SBV-alt1B_assembled,E305,12617.0,0,P00338
137,317,E,10.66,25.601885731654423,6SBV-alt1B_assembled,E317,12712.0,0,P00338
138,318,E,10.36,70.50571672696454,6SBV-alt1B_assembled,E318,12721.0,0,P00338
139,328,E,10.33,59.380289943051885,6SBV-alt1B_assembled,E328,12799.0,0,P00338
140,5,F,10.53,63.13344596654049,6SBV-alt1B_assembled,F5,12866.0,0,P00338
141,14,F,10.25,74.52695532355948,6SBV-alt1B_assembled,F14,12944.0,0,P00338
142,22,F,10.2,0.0,6SBV-alt1B_assembled,F22,13011.0,0,P00338
143,42,F,9.61,13.136046082210123,6SBV-alt1B_assembled,F42,13142.0,0,P00338
144,57,F,9.14,28.818876608930374,6SBV-alt1B_assembled,F57,13257.0,0,P00338
145,59,F,9.34,24.663596725782273,6SBV-alt1B_assembled,F59,13274.0,0,P00338
146,76,F,9.95,46.51232643394809,6SBV-alt1B_assembled,F76,13409.0,0,P00338
147,81,F,10.6,48.12082187258607,6SBV-alt1B_assembled,F81,13443.0,0,P00338
148,90,F,9.57,32.57203263241898,6SBV-alt1B_assembled,F90,13513.0,0,P00338
149,118,F,10.19,27.47846374339873,6SBV-alt1B_assembled,F118,13735.0,0,P00338
150,126,F,10.4,74.7950378966658,6SBV-alt1B_assembled,F126,13800.0,0,P00338
151,132,F,4.78,0.0,6SBV-alt1B_assembled,F132,13848.0,0,P00338
152,149,F,10.01,34.31456935761012,6SBV-alt1B_assembled,F149,13985.0,0,P00338
153,155,F,9.97,49.729317311224044,6SBV-alt1B_assembled,F155,14030.0,0,P00338
154,212,F,10.21,53.61651462126581,6SBV-alt1B_assembled,F212,14457.0,0,P00338
155,222,F,10.79,56.16329906577593,6SBV-alt1B_assembled,F222,14533.0,0,P00338
156,224,F,10.48,85.38429953436581,6SBV-alt1B_assembled,F224,14550.0,0,P00338
157,228,F,11.23,39.542179533183536,6SBV-alt1B_assembled,F228,14591.0,0,P00338
158,232,F,10.91,37.93368409454556,6SBV-alt1B_assembled,F232,14626.0,0,P00338
159,243,F,10.39,67.69084970934809,6SBV-alt1B_assembled,F243,14714.0,0,P00338
160,245,F,9.5,9.382890058721516,6SBV-alt1B_assembled,F245,14731.0,0,P00338
161,265,F,10.8,37.26347766177974,6SBV-alt1B_assembled,F265,14878.0,0,P00338
162,278,F,11.08,35.25285836348227,6SBV-alt1B_assembled,F278,14985.0,0,P00338
163,284,F,10.48,83.23963894951518,6SBV-alt1B_assembled,F284,15030.0,0,P00338
164,305,F,9.95,63.40152853964683,6SBV-alt1B_assembled,F305,15185.0,0,P00338
165,317,F,9.83,11.795633216678477,6SBV-alt1B_assembled,F317,15280.0,0,P00338
166,318,F,10.41,73.45462503113416,6SBV-alt1B_assembled,F318,15289.0,0,P00338
167,328,F,10.59,57.23562935820125,6SBV-alt1B_assembled,F328,15367.0,0,P00338
168,5,G,1.92,0.0,6SBV-alt1B_assembled,G5,15434.0,0,P00338
169,14,G,5.68,0.0,6SBV-alt1B_assembled,G14,15512.0,0,P00338
170,22,G,10.1,0.0,6SBV-alt1B_assembled,G22,15579.0,0,P00338
171,42,G,9.83,17.559408538464552,6SBV-alt1B_assembled,G42,15710.0,0,P00338
172,57,G,9.03,24.395514152675943,6SBV-alt1B_assembled,G57,15825.0,0,P00338
173,59,G,10.64,26.13805087786708,6SBV-alt1B_assembled,G59,15842.0,0,P00338
174,76,G,8.95,20.10619298297468,6SBV-alt1B_assembled,G76,15977.0,0,P00338
175,81,G,10.57,41.150674971821516,6SBV-alt1B_assembled,G81,16011.0,0,P00338
176,90,G,9.89,30.293330761015184,6SBV-alt1B_assembled,G90,16081.0,0,P00338
177,118,G,10.51,56.029257779222775,6SBV-alt1B_assembled,G118,16303.0,0,P00338
178,126,G,10.41,70.37167544041137,6SBV-alt1B_assembled,G126,16368.0,0,P00338
179,132,G,7.63,0.0,6SBV-alt1B_assembled,G132,16416.0,0,P00338
180,149,G,10.08,33.242239065184805,6SBV-alt1B_assembled,G149,16553.0,0,P00338
181,155,G,10.21,68.22701485556075,6SBV-alt1B_assembled,G155,16598.0,0,P00338
182,212,G,10.1,42.22300526424683,6SBV-alt1B_assembled,G212,17025.0,0,P00338
183,222,G,10.67,56.967546785094925,6SBV-alt1B_assembled,G222,17101.0,0,P00338
184,224,G,10.48,80.82689579155821,6SBV-alt1B_assembled,G224,17118.0,0,P00338
185,228,G,11.36,51.203771463308854,6SBV-alt1B_assembled,G228,17159.0,0,P00338
186,232,G,10.86,42.893211697012646,6SBV-alt1B_assembled,G232,17194.0,0,P00338
187,243,G,10.47,63.93769368585948,6SBV-alt1B_assembled,G243,17282.0,0,P00338
188,245,G,9.77,0.0,6SBV-alt1B_assembled,G245,17299.0,0,P00338
189,265,G,10.68,38.067725381098725,6SBV-alt1B_assembled,G265,17446.0,0,P00338
190,278,G,10.93,37.93368409454556,6SBV-alt1B_assembled,G278,17553.0,0,P00338
191,284,G,10.45,86.05450596713163,6SBV-alt1B_assembled,G284,17598.0,0,P00338
192,305,G,10.14,76.13545076219745,6SBV-alt1B_assembled,G305,17753.0,0,P00338
193,317,G,10.91,27.2103811702924,6SBV-alt1B_assembled,G317,17848.0,0,P00338
194,318,G,10.28,70.10359286730505,6SBV-alt1B_assembled,G318,17857.0,0,P00338
195,328,G,11.42,43.429376843225306,6SBV-alt1B_assembled,G328,17935.0,0,P00338
196,5,H,10.39,73.45462503113416,6SBV-alt1B_assembled,H5,18002.0,0,P00338
197,14,H,8.65,54.68884491369113,6SBV-alt1B_assembled,H14,18080.0,0,P00338
198,22,H,8.04,0.0,6SBV-alt1B_assembled,H22,18147.0,0,P00338
199,42,H,11.68,35.92306479624809,6SBV-alt1B_assembled,H42,18278.0,0,P00338
200,57,H,10.88,32.03586748620632,6SBV-alt1B_assembled,H57,18393.0,0,P00338
201,59,H,10.41,58.44200093717973,6SBV-alt1B_assembled,H59,18410.0,0,P00338
202,76,H,10.33,50.53356503054303,6SBV-alt1B_assembled,H76,18545.0,0,P00338
203,81,H,10.58,47.71869801292657,6SBV-alt1B_assembled,H81,18579.0,0,P00338
204,90,H,8.79,10.187137778040505,6SBV-alt1B_assembled,H90,18649.0,0,P00338
205,118,H,11.2,23.457225146803793,6SBV-alt1B_assembled,H118,18871.0,0,P00338
206,126,H,10.4,74.3929140370063,6SBV-alt1B_assembled,H126,18936.0,0,P00338
207,132,H,6.89,6.836105614211391,6SBV-alt1B_assembled,H132,18984.0,0,P00338
208,149,H,11.32,47.71869801292657,6SBV-alt1B_assembled,H149,19121.0,0,P00338
209,155,H,10.18,62.06111567411518,6SBV-alt1B_assembled,H155,19166.0,0,P00338
210,212,H,8.69,22.78701871403797,6SBV-alt1B_assembled,H212,19593.0,0,P00338
211,222,H,10.8,58.442000937179735,6SBV-alt1B_assembled,H222,19669.0,0,P00338
212,224,H,10.44,77.4758636277291,6SBV-alt1B_assembled,H224,19686.0,0,P00338
213,228,H,10.31,42.75917041045949,6SBV-alt1B_assembled,H228,19727.0,0,P00338
214,232,H,11.1,38.87197310041771,6SBV-alt1B_assembled,H232,19762.0,0,P00338
215,243,H,10.04,57.369670644754414,6SBV-alt1B_assembled,H243,19850.0,0,P00338
216,245,H,4.1,0.0,6SBV-alt1B_assembled,H245,19867.0,0,P00338
217,265,H,8.4,30.025248187908858,6SBV-alt1B_assembled,H265,20014.0,0,P00338
218,278,H,11.25,34.04648678450379,6SBV-alt1B_assembled,H278,20121.0,0,P00338
219,284,H,10.3,79.7545654991329,6SBV-alt1B_assembled,H284,20166.0,0,P00338
220,305,H,10.37,78.28011134704809,6SBV-alt1B_assembled,H305,20321.0,0,P00338
221,317,H,11.33,38.60389052731138,6SBV-alt1B_assembled,H317,20416.0,0,P00338
222,318,H,9.75,45.03787228186327,6SBV-alt1B_assembled,H318,20425.0,0,P00338
223,328,H,10.63,60.72070280858353,6SBV-alt1B_assembled,H328,20503.0,0,P00338
0,5,A,10.35,56.833505498541754,6SBV-alt1A_assembled,A5,26.0,0,P00338
1,14,A,7.93,9.78501391838101,6SBV-alt1A_assembled,A14,104.0,0,P00338
2,22,A,9.28,0.0,6SBV-alt1A_assembled,A22,171.0,0,P00338
3,42,A,10.7,14.610500234294932,6SBV-alt1A_assembled,A42,302.0,0,P00338
4,57,A,11.33,39.006014386970875,6SBV-alt1A_assembled,A57,417.0,0,P00338
5,59,A,8.07,31.365661053440498,6SBV-alt1A_assembled,A59,434.0,0,P00338
6,76,A,10.0,23.591266433356953,6SBV-alt1A_assembled,A76,569.0,0,P00338
7,81,A,10.68,43.965541989437966,6SBV-alt1A_assembled,A81,603.0,0,P00338
8,90,A,8.93,36.86135380212024,6SBV-alt1A_assembled,A90,673.0,0,P00338
9,118,A,10.45,15.950913099826579,6SBV-alt1A_assembled,A118,895.0,0,P00338
10,126,A,10.66,56.96754678509492,6SBV-alt1A_assembled,A126,960.0,0,P00338
11,132,A,5.15,0.0,6SBV-alt1A_assembled,A132,1008.0,0,P00338
12,149,A,10.15,30.561413334121514,6SBV-alt1A_assembled,A149,1145.0,0,P00338
13,155,A,9.8,38.603890527311385,6SBV-alt1A_assembled,A155,1190.0,0,P00338
14,212,A,10.13,42.893211697012646,6SBV-alt1A_assembled,A212,1617.0,0,P00338
15,222,A,10.71,56.56542292543543,6SBV-alt1A_assembled,A222,1693.0,0,P00338
16,224,A,10.45,83.10559766296201,6SBV-alt1A_assembled,A224,1710.0,0,P00338
17,228,A,10.4,41.82088140458733,6SBV-alt1A_assembled,A228,1751.0,0,P00338
18,232,A,11.68,38.603890527311385,6SBV-alt1A_assembled,A232,1786.0,0,P00338
19,243,A,10.28,76.53757462185695,6SBV-alt1A_assembled,A243,1874.0,0,P00338
20,245,A,10.17,9.248848772168353,6SBV-alt1A_assembled,A245,1891.0,0,P00338
21,265,A,9.76,32.84011520552531,6SBV-alt1A_assembled,A265,2038.0,0,P00338
22,278,A,11.44,33.51032163829113,6SBV-alt1A_assembled,A278,2145.0,0,P00338
23,284,A,10.42,86.85875368645061,6SBV-alt1A_assembled,A284,2190.0,0,P00338
24,305,A,9.72,36.057106082801255,6SBV-alt1A_assembled,A305,2345.0,0,P00338
25,317,A,11.0,46.24424386084176,6SBV-alt1A_assembled,A317,2440.0,0,P00338
26,318,A,10.14,49.72931731122404,6SBV-alt1A_assembled,A318,2449.0,0,P00338
27,328,A,10.26,35.92306479624809,6SBV-alt1A_assembled,A328,2527.0,0,P00338
28,5,B,6.94,20.106192982974676,6SBV-alt1A_assembled,B5,2594.0,0,P00338
29,14,B,10.45,73.45462503113416,6SBV-alt1A_assembled,B14,2672.0,0,P00338
30,22,B,9.86,0.0,6SBV-alt1A_assembled,B22,2739.0,0,P00338
31,42,B,9.16,19.033862690549363,6SBV-alt1A_assembled,B42,2870.0,0,P00338
32,57,B,9.93,28.952917895483537,6SBV-alt1A_assembled,B57,2985.0,0,P00338
33,59,B,10.22,43.027252983565816,6SBV-alt1A_assembled,B59,3002.0,0,P00338
34,76,B,10.69,53.48247333471265,6SBV-alt1A_assembled,B76,3137.0,0,P00338
35,81,B,10.52,35.38689965003543,6SBV-alt1A_assembled,B81,3171.0,0,P00338
36,90,B,9.97,38.201766667651896,6SBV-alt1A_assembled,B90,3241.0,0,P00338
37,118,B,9.93,28.684835322377207,6SBV-alt1A_assembled,B118,3463.0,0,P00338
38,126,B,10.59,45.70807871462911,6SBV-alt1A_assembled,B126,3528.0,0,P00338
39,132,B,8.48,8.57864233940253,6SBV-alt1A_assembled,B132,3576.0,0,P00338
40,149,B,11.1,28.684835322377207,6SBV-alt1A_assembled,B149,3713.0,0,P00338
41,155,B,10.17,51.33781274986201,6SBV-alt1A_assembled,B155,3758.0,0,P00338
42,212,B,10.13,41.1506749718215,6SBV-alt1A_assembled,B212,4185.0,0,P00338
43,222,B,10.74,53.75055590781897,6SBV-alt1A_assembled,B222,4261.0,0,P00338
44,224,B,10.45,80.69285450500504,6SBV-alt1A_assembled,B224,4278.0,0,P00338
45,228,B,10.95,43.29533555667214,6SBV-alt1A_assembled,B228,4319.0,0,P00338
46,232,B,11.4,38.33580795420506,6SBV-alt1A_assembled,B232,4354.0,0,P00338
47,243,B,10.74,27.076339883739234,6SBV-alt1A_assembled,B243,4442.0,0,P00338
48,245,B,2.91,0.0,6SBV-alt1A_assembled,B245,4459.0,0,P00338
49,265,B,9.04,24.127431579569617,6SBV-alt1A_assembled,B265,4606.0,0,P00338
50,278,B,11.22,43.69745941633164,6SBV-alt1A_assembled,B278,4713.0,0,P00338
51,284,B,10.36,87.39491883266328,6SBV-alt1A_assembled,B284,4758.0,0,P00338
52,305,B,10.32,39.6762208197367,6SBV-alt1A_assembled,B305,4913.0,0,P00338
53,317,B,10.6,42.35704655079999,6SBV-alt1A_assembled,B317,5008.0,0,P00338
54,318,B,10.42,62.731322106880995,6SBV-alt1A_assembled,B318,5017.0,0,P00338
55,328,B,11.25,36.72731251556708,6SBV-alt1A_assembled,B328,5095.0,0,P00338
56,5,C,10.39,77.74394620083541,6SBV-alt1A_assembled,C5,5162.0,0,P00338
57,14,C,10.45,88.19916655198227,6SBV-alt1A_assembled,C14,5240.0,0,P00338
58,22,C,8.43,0.0,6SBV-alt1A_assembled,C22,5307.0,0,P00338
59,42,C,10.5,9.114807485615188,6SBV-alt1A_assembled,C42,5438.0,0,P00338
60,57,C,7.8,8.042477193189871,6SBV-alt1A_assembled,C57,5553.0,0,P00338
61,59,C,10.44,57.50371193130758,6SBV-alt1A_assembled,C59,5570.0,0,P00338
62,76,C,10.55,57.23562935820125,6SBV-alt1A_assembled,C76,5705.0,0,P00338
63,81,C,10.73,54.68884491369113,6SBV-alt1A_assembled,C81,5739.0,0,P00338
64,90,C,4.44,0.0,6SBV-alt1A_assembled,C90,5809.0,0,P00338
65,118,C,11.18,36.19114736935442,6SBV-alt1A_assembled,C118,6031.0,0,P00338
66,126,C,10.81,40.078344679396196,6SBV-alt1A_assembled,C126,6096.0,0,P00338
67,132,C,2.36,0.0,6SBV-alt1A_assembled,C132,6144.0,0,P00338
68,149,C,9.96,44.09958327599112,6SBV-alt1A_assembled,C149,6281.0,0,P00338
69,155,C,10.16,56.83350549854176,6SBV-alt1A_assembled,C155,6326.0,0,P00338
70,212,C,9.18,32.03586748620632,6SBV-alt1A_assembled,C212,6753.0,0,P00338
71,222,C,10.72,53.884597194372134,6SBV-alt1A_assembled,C222,6829.0,0,P00338
72,224,C,10.4,81.09497836466454,6SBV-alt1A_assembled,C224,6846.0,0,P00338
73,228,C,9.32,37.129436375226575,6SBV-alt1A_assembled,C228,6887.0,0,P00338
74,232,C,10.13,13.94029380152911,6SBV-alt1A_assembled,C232,6922.0,0,P00338
75,243,C,10.61,56.833505498541754,6SBV-alt1A_assembled,C243,7010.0,0,P00338
76,245,C,4.67,0.0,6SBV-alt1A_assembled,C245,7027.0,0,P00338
77,265,C,9.72,34.046486784503784,6SBV-alt1A_assembled,C265,7174.0,0,P00338
78,278,C,11.29,37.3975189483329,6SBV-alt1A_assembled,C278,7281.0,0,P00338
79,284,C,10.33,60.4526202354772,6SBV-alt1A_assembled,C284,7326.0,0,P00338
80,305,C,10.42,85.38429953436581,6SBV-alt1A_assembled,C305,7481.0,0,P00338
81,317,C,11.44,17.15728467880506,6SBV-alt1A_assembled,C317,7576.0,0,P00338
82,318,C,10.42,62.99940467998733,6SBV-alt1A_assembled,C318,7585.0,0,P00338
83,328,C,10.42,45.17191356841644,6SBV-alt1A_assembled,C328,7663.0,0,P00338
84,5,D,4.82,0.0,6SBV-alt1A_assembled,D5,7730.0,0,P00338
85,14,D,5.18,0.0,6SBV-alt1A_assembled,D14,7808.0,0,P00338
86,22,D,9.49,0.0,6SBV-alt1A_assembled,D22,7875.0,0,P00338
87,42,D,8.9,0.0,6SBV-alt1A_assembled,D42,8006.0,0,P00338
88,57,D,8.03,8.176518479743036,6SBV-alt1A_assembled,D57,8121.0,0,P00338
89,59,D,8.9,36.45922994246075,6SBV-alt1A_assembled,D59,8138.0,0,P00338
90,76,D,7.59,8.3105597662962,6SBV-alt1A_assembled,D76,8273.0,0,P00338
91,81,D,11.45,39.6762208197367,6SBV-alt1A_assembled,D81,8307.0,0,P00338
92,90,D,9.79,38.73793181386455,6SBV-alt1A_assembled,D90,8377.0,0,P00338
93,118,D,10.24,15.012624093954425,6SBV-alt1A_assembled,D118,8599.0,0,P00338
94,126,D,10.44,74.3929140370063,6SBV-alt1A_assembled,D126,8664.0,0,P00338
95,132,D,6.39,0.0,6SBV-alt1A_assembled,D132,8712.0,0,P00338
96,149,D,10.36,45.7080787146291,6SBV-alt1A_assembled,D149,8849.0,0,P00338
97,155,D,9.86,42.75917041045949,6SBV-alt1A_assembled,D155,8894.0,0,P00338
98,212,D,10.39,44.76978970875695,6SBV-alt1A_assembled,D212,9321.0,0,P00338
99,222,D,10.81,54.8228862002443,6SBV-alt1A_assembled,D222,9397.0,0,P00338
100,224,D,10.61,81.36306093777087,6SBV-alt1A_assembled,D224,9414.0,0,P00338
101,228,D,11.22,67.42276713624176,6SBV-alt1A_assembled,D228,9455.0,0,P00338
102,232,D,10.98,44.36766584909746,6SBV-alt1A_assembled,D232,9490.0,0,P00338
103,243,D,10.51,40.74855111216202,6SBV-alt1A_assembled,D243,9578.0,0,P00338
104,245,D,11.57,0.0,6SBV-alt1A_assembled,D245,9595.0,0,P00338
105,265,D,9.88,37.665601521439235,6SBV-alt1A_assembled,D265,9742.0,0,P00338
106,278,D,11.35,26.004009591313917,6SBV-alt1A_assembled,D278,9849.0,0,P00338
107,284,D,10.52,69.70146900764556,6SBV-alt1A_assembled,D284,9894.0,0,P00338
108,305,D,7.59,29.62312432824936,6SBV-alt1A_assembled,D305,10049.0,0,P00338
109,317,D,11.11,33.77840421139746,6SBV-alt1A_assembled,D317,10144.0,0,P00338
110,318,D,10.45,66.48447813036961,6SBV-alt1A_assembled,D318,10153.0,0,P00338
111,328,D,10.35,47.71869801292657,6SBV-alt1A_assembled,D328,10231.0,0,P00338
112,5,E,10.42,82.30134994364303,6SBV-alt1A_assembled,E5,10298.0,0,P00338
113,14,E,10.61,75.73332690253795,6SBV-alt1A_assembled,E14,10376.0,0,P00338
114,22,E,9.67,0.0,6SBV-alt1A_assembled,E22,10443.0,0,P00338
115,42,E,10.69,23.18914257369746,6SBV-alt1A_assembled,E42,10574.0,0,P00338
116,57,E,10.78,15.548789240167086,6SBV-alt1A_assembled,E57,10689.0,0,P00338
117,59,E,10.3,65.54618912449745,6SBV-alt1A_assembled,E59,10706.0,0,P00338
118,76,E,11.04,26.808257310632904,6SBV-alt1A_assembled,E76,10841.0,0,P00338
119,81,E,10.74,58.44200093717973,6SBV-alt1A_assembled,E81,10875.0,0,P00338
120,90,E,9.64,36.32518865590758,6SBV-alt1A_assembled,E90,10945.0,0,P00338
121,118,E,10.74,38.60389052731138,6SBV-alt1A_assembled,E118,11167.0,0,P00338
122,126,E,10.69,57.503711931307585,6SBV-alt1A_assembled,E126,11232.0,0,P00338
123,132,E,5.1,0.0,6SBV-alt1A_assembled,E132,11280.0,0,P00338
124,149,E,9.94,38.33580795420505,6SBV-alt1A_assembled,E149,11417.0,0,P00338
125,155,E,8.34,14.208376374635439,6SBV-alt1A_assembled,E155,11462.0,0,P00338
126,212,E,10.23,50.93568889020252,6SBV-alt1A_assembled,E212,11889.0,0,P00338
127,222,E,10.65,59.916455089264545,6SBV-alt1A_assembled,E222,11965.0,0,P00338
128,224,E,10.32,44.09958327599113,6SBV-alt1A_assembled,E224,11982.0,0,P00338
129,228,E,11.13,45.30595485496961,6SBV-alt1A_assembled,E228,12023.0,0,P00338
130,232,E,10.92,38.067725381098725,6SBV-alt1A_assembled,E232,12058.0,0,P00338
131,243,E,10.15,48.92506959190504,6SBV-alt1A_assembled,E243,12146.0,0,P00338
132,245,E,5.08,0.0,6SBV-alt1A_assembled,E245,12163.0,0,P00338
133,265,E,9.72,47.04849158016075,6SBV-alt1A_assembled,E265,12310.0,0,P00338
134,278,E,10.88,44.63574842220379,6SBV-alt1A_assembled,E278,12417.0,0,P00338
135,284,E,10.43,71.57804701938986,6SBV-alt1A_assembled,E284,12462.0,0,P00338
136,305,E,9.75,47.45061543982025,6SBV-alt1A_assembled,E305,12617.0,0,P00338
137,317,E,11.14,43.831500702884796,6SBV-alt1A_assembled,E317,12712.0,0,P00338
138,318,E,10.42,71.98017087904935,6SBV-alt1A_assembled,E318,12721.0,0,P00338
139,328,E,10.5,49.59527602467088,6SBV-alt1A_assembled,E328,12799.0,0,P00338
140,5,F,10.66,68.62913871522024,6SBV-alt1A_assembled,F5,12866.0,0,P00338
141,14,F,10.31,74.52695532355948,6SBV-alt1A_assembled,F14,12944.0,0,P00338
142,22,F,9.9,0.0,6SBV-alt1A_assembled,F22,13011.0,0,P00338
143,42,F,8.94,13.136046082210123,6SBV-alt1A_assembled,F42,13142.0,0,P00338
144,57,F,9.54,26.808257310632904,6SBV-alt1A_assembled,F57,13257.0,0,P00338
145,59,F,9.48,19.704069123315186,6SBV-alt1A_assembled,F59,13274.0,0,P00338
146,76,F,10.56,54.55480362713796,6SBV-alt1A_assembled,F76,13409.0,0,P00338
147,81,F,10.59,48.12082187258607,6SBV-alt1A_assembled,F81,13443.0,0,P00338
148,90,F,9.58,32.57203263241898,6SBV-alt1A_assembled,F90,13513.0,0,P00338
149,118,F,10.19,27.47846374339873,6SBV-alt1A_assembled,F118,13735.0,0,P00338
150,126,F,10.4,74.7950378966658,6SBV-alt1A_assembled,F126,13800.0,0,P00338
151,132,F,4.78,0.0,6SBV-alt1A_assembled,F132,13848.0,0,P00338
152,149,F,10.01,34.31456935761012,6SBV-alt1A_assembled,F149,13985.0,0,P00338
153,155,F,9.97,49.729317311224044,6SBV-alt1A_assembled,F155,14030.0,0,P00338
154,212,F,10.21,53.61651462126581,6SBV-alt1A_assembled,F212,14457.0,0,P00338
155,222,F,10.79,56.16329906577593,6SBV-alt1A_assembled,F222,14533.0,0,P00338
156,224,F,10.48,85.38429953436581,6SBV-alt1A_assembled,F224,14550.0,0,P00338
157,228,F,11.23,39.542179533183536,6SBV-alt1A_assembled,F228,14591.0,0,P00338
158,232,F,10.91,37.93368409454556,6SBV-alt1A_assembled,F232,14626.0,0,P00338
159,243,F,10.39,67.69084970934809,6SBV-alt1A_assembled,F243,14714.0,0,P00338
160,245,F,9.47,9.382890058721516,6SBV-alt1A_assembled,F245,14731.0,0,P00338
161,265,F,10.62,37.26347766177974,6SBV-alt1A_assembled,F265,14878.0,0,P00338
162,278,F,11.08,35.25285836348227,6SBV-alt1A_assembled,F278,14985.0,0,P00338
163,284,F,10.48,83.23963894951518,6SBV-alt1A_assembled,F284,15030.0,0,P00338
164,305,F,9.95,63.40152853964683,6SBV-alt1A_assembled,F305,15185.0,0,P00338
165,317,F,9.83,11.795633216678477,6SBV-alt1A_assembled,F317,15280.0,0,P00338
166,318,F,10.41,73.45462503113416,6SBV-alt1A_assembled,F318,15289.0,0,P00338
167,328,F,10.59,57.23562935820125,6SBV-alt1A_assembled,F328,15367.0,0,P00338
168,5,G,1.92,0.0,6SBV-alt1A_assembled,G5,15434.0,0,P00338
169,14,G,5.68,0.0,6SBV-alt1A_assembled,G14,15512.0,0,P00338
170,22,G,10.1,0.0,6SBV-alt1A_assembled,G22,15579.0,0,P00338
171,42,G,9.77,17.559408538464552,6SBV-alt1A_assembled,G42,15710.0,0,P00338
172,57,G,9.03,24.395514152675943,6SBV-alt1A_assembled,G57,15825.0,0,P00338
173,59,G,10.64,26.13805087786708,6SBV-alt1A_assembled,G59,15842.0,0,P00338
174,76,G,8.95,20.10619298297468,6SBV-alt1A_assembled,G76,15977.0,0,P00338
175,81,G,10.57,41.150674971821516,6SBV-alt1A_assembled,G81,16011.0,0,P00338
176,90,G,9.89,30.293330761015184,6SBV-alt1A_assembled,G90,16081.0,0,P00338
177,118,G,10.51,56.029257779222775,6SBV-alt1A_assembled,G118,16303.0,0,P00338
178,126,G,10.41,70.37167544041137,6SBV-alt1A_assembled,G126,16368.0,0,P00338
179,132,G,7.63,0.0,6SBV-alt1A_assembled,G132,16416.0,0,P00338
180,149,G,10.08,33.242239065184805,6SBV-alt1A_assembled,G149,16553.0,0,P00338
181,155,G,10.21,68.22701485556075,6SBV-alt1A_assembled,G155,16598.0,0,P00338
182,212,G,10.08,42.22300526424683,6SBV-alt1A_assembled,G212,17025.0,0,P00338
183,222,G,10.67,56.967546785094925,6SBV-alt1A_assembled,G222,17101.0,0,P00338
184,224,G,10.48,80.82689579155821,6SBV-alt1A_assembled,G224,17118.0,0,P00338
185,228,G,11.36,51.203771463308854,6SBV-alt1A_assembled,G228,17159.0,0,P00338
186,232,G,10.86,42.893211697012646,6SBV-alt1A_assembled,G232,17194.0,0,P00338
187,243,G,10.47,63.93769368585948,6SBV-alt1A_assembled,G243,17282.0,0,P00338
188,245,G,9.77,0.0,6SBV-alt1A_assembled,G245,17299.0,0,P00338
189,265,G,10.67,38.067725381098725,6SBV-alt1A_assembled,G265,17446.0,0,P00338
190,278,G,10.93,37.93368409454556,6SBV-alt1A_assembled,G278,17553.0,0,P00338
191,284,G,10.45,86.05450596713163,6SBV-alt1A_assembled,G284,17598.0,0,P00338
192,305,G,10.18,76.13545076219745,6SBV-alt1A_assembled,G305,17753.0,0,P00338
193,317,G,10.91,27.2103811702924,6SBV-alt1A_assembled,G317,17848.0,0,P00338
194,318,G,10.28,70.10359286730505,6SBV-alt1A_assembled,G318,17857.0,0,P00338
195,328,G,11.42,43.429376843225306,6SBV-alt1A_assembled,G328,17935.0,0,P00338
196,5,H,10.5,63.937693685859486,6SBV-alt1A_assembled,H5,18002.0,0,P00338
197,14,H,8.42,48.12082187258606,6SBV-alt1A_assembled,H14,18080.0,0,P00338
198,22,H,8.04,0.0,6SBV-alt1A_assembled,H22,18147.0,0,P00338
199,42,H,11.92,35.92306479624809,6SBV-alt1A_assembled,H42,18278.0,0,P00338
200,57,H,10.88,32.03586748620632,6SBV-alt1A_assembled,H57,18393.0,0,P00338
201,59,H,10.41,58.44200093717973,6SBV-alt1A_assembled,H59,18410.0,0,P00338
202,76,H,10.32,50.53356503054303,6SBV-alt1A_assembled,H76,18545.0,0,P00338
203,81,H,10.58,47.71869801292657,6SBV-alt1A_assembled,H81,18579.0,0,P00338
204,90,H,8.88,10.187137778040505,6SBV-alt1A_assembled,H90,18649.0,0,P00338
205,118,H,11.2,23.457225146803793,6SBV-alt1A_assembled,H118,18871.0,0,P00338
206,126,H,10.4,74.3929140370063,6SBV-alt1A_assembled,H126,18936.0,0,P00338
207,132,H,6.99,6.836105614211391,6SBV-alt1A_assembled,H132,18984.0,0,P00338
208,149,H,11.32,47.71869801292657,6SBV-alt1A_assembled,H149,19121.0,0,P00338
209,155,H,10.25,62.06111567411518,6SBV-alt1A_assembled,H155,19166.0,0,P00338
210,212,H,8.69,22.78701871403797,6SBV-alt1A_assembled,H212,19593.0,0,P00338
211,222,H,10.8,58.442000937179735,6SBV-alt1A_assembled,H222,19669.0,0,P00338
212,224,H,10.44,77.4758636277291,6SBV-alt1A_assembled,H224,19686.0,0,P00338
213,228,H,10.31,42.75917041045949,6SBV-alt1A_assembled,H228,19727.0,0,P00338
214,232,H,11.1,38.87197310041771,6SBV-alt1A_assembled,H232,19762.0,0,P00338
215,243,H,10.04,57.369670644754414,6SBV-alt1A_assembled,H243,19850.0,0,P00338
216,245,H,4.1,0.0,6SBV-alt1A_assembled,H245,19867.0,0,P00338
217,265,H,8.7,30.829495907227844,6SBV-alt1A_assembled,H265,20014.0,0,P00338
218,278,H,11.25,34.04648678450379,6SBV-alt1A_assembled,H278,20121.0,0,P00338
219,284,H,10.3,79.7545654991329,6SBV-alt1A_assembled,H284,20166.0,0,P00338
220,305,H,10.38,78.28011134704809,6SBV-alt1A_assembled,H305,20321.0,0,P00338
221,317,H,11.33,38.60389052731138,6SBV-alt1A_assembled,H317,20416.0,0,P00338
222,318,H,9.75,45.03787228186327,6SBV-alt1A_assembled,H318,20425.0,0,P00338
223,328,H,10.63,60.72070280858353,6SBV-alt1A_assembled,H328,20503.0,0,P00338
2,87,A,10.47,98.78842818968226,AF-Q12931-F1-model_v1,A87,669.0,91.65,Q12931
3,95,A,10.41,70.90784058662403,AF-Q12931-F1-model_v1,A95,738.0,85.46,Q12931
4,96,A,11.09,73.85674889079365,AF-Q12931-F1-model_v1,A96,747.0,88.09,Q12931
5,109,A,11.9,56.2973403523291,AF-Q12931-F1-model_v1,A109,852.0,93.86,Q12931
6,126,A,8.91,14.878582807401264,AF-Q12931-F1-model_v1,A126,987.0,92.63,Q12931
7,130,A,10.33,38.46984924075822,AF-Q12931-F1-model_v1,A130,1025.0,89.57,Q12931
8,151,A,10.4,71.30996444628353,AF-Q12931-F1-model_v1,A151,1186.0,95.37,Q12931
9,181,A,11.36,65.27810655139113,AF-Q12931-F1-model_v1,A181,1399.0,85.83,Q12931
10,196,A,10.76,61.79303310100885,AF-Q12931-F1-model_v1,A196,1510.0,79.11,Q12931
11,252,A,9.87,28.684835322377207,AF-Q12931-F1-model_v1,A252,1926.0,98.59,Q12931
12,258,A,9.69,17.42536725191139,AF-Q12931-F1-model_v1,A258,1977.0,96.51,Q12931
13,262,A,10.16,32.84011520552531,AF-Q12931-F1-model_v1,A262,2006.0,95.83,Q12931
14,276,A,13.3,24.797638012335437,AF-Q12931-F1-model_v1,A276,2119.0,88.49,Q12931
15,304,A,10.66,93.56081801410883,AF-Q12931-F1-model_v1,A304,2356.0,95.07,Q12931
16,324,A,10.84,84.31196924194049,AF-Q12931-F1-model_v1,A324,2541.0,96.37,Q12931
17,332,A,9.62,24.127431579569617,AF-Q12931-F1-model_v1,A332,2617.0,95.88,Q12931
18,349,A,11.44,77.60990491428225,AF-Q12931-F1-model_v1,A349,2755.0,93.47,Q12931
19,369,A,9.33,41.418757544927836,AF-Q12931-F1-model_v1,A369,2910.0,83.24,Q12931
20,375,A,10.17,99.32459333589492,AF-Q12931-F1-model_v1,A375,2958.0,85.4,Q12931
21,382,A,10.36,72.65037731181518,AF-Q12931-F1-model_v1,A382,3010.0,92.1,Q12931
22,413,A,10.26,64.20577625896581,AF-Q12931-F1-model_v1,A413,3268.0,93.43,Q12931
23,424,A,10.48,70.50571672696454,AF-Q12931-F1-model_v1,A424,3364.0,98.19,Q12931
24,431,A,10.4,89.40553813096074,AF-Q12931-F1-model_v1,A431,3426.0,96.98,Q12931
25,432,A,10.42,92.08636386202403,AF-Q12931-F1-model_v1,A432,3435.0,97.64,Q12931
26,436,A,9.88,48.79102830535189,AF-Q12931-F1-model_v1,A436,3466.0,97.96,Q12931
27,439,A,11.58,85.11621696125947,AF-Q12931-F1-model_v1,A439,3492.0,97.46,Q12931
28,461,A,9.08,0.0,AF-Q12931-F1-model_v1,A461,3675.0,98.36,Q12931
29,466,A,11.29,42.49108783735315,AF-Q12931-F1-model_v1,A466,3714.0,98.3,Q12931
30,518,A,10.08,49.32719345156455,AF-Q12931-F1-model_v1,A518,4132.0,87.5,Q12931
31,519,A,9.33,38.73793181386455,AF-Q12931-F1-model_v1,A519,4141.0,78.29,Q12931
32,520,A,12.47,8.3105597662962,AF-Q12931-F1-model_v1,A520,4150.0,83.29,Q12931
33,544,A,10.54,99.19055204934175,AF-Q12931-F1-model_v1,A544,4360.0,95.81,Q12931
34,545,A,11.18,23.72530771991012,AF-Q12931-F1-model_v1,A545,4369.0,97.22,Q12931
35,546,A,11.25,59.380289943051885,AF-Q12931-F1-model_v1,A546,4378.0,97.39,Q12931
36,560,A,10.83,53.884597194372134,AF-Q12931-F1-model_v1,A560,4492.0,82.86,Q12931
38,577,A,10.7,71.4440057328367,AF-Q12931-F1-model_v1,A577,4628.0,92.21,Q12931
39,598,A,10.34,36.191147369354425,AF-Q12931-F1-model_v1,A598,4798.0,94.19,Q12931
41,652,A,10.28,26.540174737526577,AF-Q12931-F1-model_v1,A652,5232.0,95.02,Q12931
42,653,A,10.29,52.544184328840494,AF-Q12931-F1-model_v1,A653,5241.0,94.82,Q12931
43,699,A,11.47,37.3975189483329,AF-Q12931-F1-model_v1,A699,5591.0,93.16,Q12931
0,6,A,10.47,99.72671719555441,AF-Q8N257-F1-model_v1,A6,44.0,72.46,Q8N257
1,12,A,10.48,109.77981368704175,AF-Q8N257-F1-model_v1,A12,83.0,76.05,Q8N257
2,13,A,10.48,100.5309649148734,AF-Q8N257-F1-model_v1,A13,92.0,76.38,Q8N257
3,16,A,10.48,90.87999228304554,AF-Q8N257-F1-model_v1,A16,111.0,75.19,Q8N257
4,17,A,10.47,94.9012308796405,AF-Q8N257-F1-model_v1,A17,120.0,76.05,Q8N257
5,21,A,10.47,96.77780889138478,AF-Q8N257-F1-model_v1,A21,148.0,72.82,Q8N257
12,44,A,10.46,95.9735611720658,AF-Q8N257-F1-model_v1,A44,346.0,95.59,Q8N257
13,47,A,10.35,26.13805087786708,AF-Q8N257-F1-model_v1,A47,370.0,97.69,Q8N257
14,58,A,10.46,110.45002011980756,AF-Q8N257-F1-model_v1,A58,451.0,97.18,Q8N257
15,86,A,10.46,104.01603836525567,AF-Q8N257-F1-model_v1,A86,673.0,96.97,Q8N257
16,109,A,11.15,68.89722128832656,AF-Q8N257-F1-model_v1,A109,850.0,95.39,Q8N257
17,117,A,11.47,65.94831298415694,AF-Q8N257-F1-model_v1,A117,907.0,92.7,Q8N257
18,121,A,10.4,98.25226304346958,AF-Q8N257-F1-model_v1,A121,935.0,93.41,Q8N257
1,60,A,9.97,40.61450982560885,AF-Q6PEY2-F1-model_v1,A60,445.0,90.95,Q6PEY2
2,96,A,10.5,107.76919438874427,AF-Q6PEY2-F1-model_v1,A96,738.0,89.74,Q6PEY2
3,112,A,10.07,57.50371193130758,AF-Q6PEY2-F1-model_v1,A112,861.0,95.28,Q6PEY2
4,124,A,11.49,79.7545654991329,AF-Q6PEY2-F1-model_v1,A124,963.0,96.73,Q6PEY2
5,163,A,10.46,107.09898795597846,AF-Q6PEY2-F1-model_v1,A163,1250.0,91.27,Q6PEY2
6,164,A,10.07,51.069730176755684,AF-Q6PEY2-F1-model_v1,A164,1259.0,93.82,Q6PEY2
7,166,A,9.45,0.0,AF-Q6PEY2-F1-model_v1,A166,1274.0,95.88,Q6PEY2
8,280,A,10.53,43.8315007028848,AF-Q6PEY2-F1-model_v1,A280,2177.0,82.81,Q6PEY2
9,304,A,11.45,33.37628035173797,AF-Q6PEY2-F1-model_v1,A304,2364.0,91.13,Q6PEY2
10,311,A,11.17,8.57864233940253,AF-Q6PEY2-F1-model_v1,A311,2419.0,91.73,Q6PEY2
11,326,A,10.59,93.42677672755568,AF-Q6PEY2-F1-model_v1,A326,2537.0,95.33,Q6PEY2
12,336,A,9.96,28.68483532237721,AF-Q6PEY2-F1-model_v1,A336,2607.0,89.86,Q6PEY2
13,338,A,10.14,53.884597194372134,AF-Q6PEY2-F1-model_v1,A338,2623.0,90.65,Q6PEY2
14,352,A,11.42,34.98477579037594,AF-Q6PEY2-F1-model_v1,A352,2742.0,91.48,Q6PEY2
15,370,A,10.36,92.08636386202403,AF-Q6PEY2-F1-model_v1,A370,2870.0,90.12,Q6PEY2
16,394,A,9.86,50.131441170883534,AF-Q6PEY2-F1-model_v1,A394,3055.0,93.22,Q6PEY2
17,401,A,10.4,82.30134994364302,AF-Q6PEY2-F1-model_v1,A401,3116.0,95.88,Q6PEY2
18,430,A,11.65,72.78441859836835,AF-Q6PEY2-F1-model_v1,A430,3355.0,91.09,Q6PEY2
0,20,A,11.28,28.818876608930374,AF-P68032-F1-model_v1,A20,141.0,98.63,P68032
1,52,A,11.48,52.008019182627834,AF-P68032-F1-model_v1,A52,372.0,83.15,P68032
2,63,A,11.21,26.406133450973414,AF-P68032-F1-model_v1,A63,455.0,92.32,P68032
3,70,A,10.31,85.78642339402529,AF-P68032-F1-model_v1,A70,510.0,96.9,P68032
4,86,A,10.53,31.09757848033417,AF-P68032-F1-model_v1,A86,647.0,98.3,P68032
5,115,A,10.35,96.64376760483162,AF-P68032-F1-model_v1,A115,892.0,96.52,P68032
6,120,A,10.42,32.706073918972145,AF-P68032-F1-model_v1,A120,934.0,98.4,P68032
7,193,A,10.46,78.41415263360125,AF-P68032-F1-model_v1,A193,1496.0,97.52,P68032
8,215,A,9.58,12.063715789784808,AF-P68032-F1-model_v1,A215,1678.0,98.59,P68032
9,217,A,11.37,64.33981754551897,AF-P68032-F1-model_v1,A217,1696.0,98.33,P68032
10,240,A,10.17,69.83551029419871,AF-P68032-F1-model_v1,A240,1867.0,98.1,P68032
11,286,A,10.2,59.380289943051885,AF-P68032-F1-model_v1,A286,2231.0,98.34,P68032
12,293,A,10.55,99.45863462244807,AF-P68032-F1-model_v1,A293,2289.0,97.64,P68032
13,317,A,11.04,36.72731251556708,AF-P68032-F1-model_v1,A317,2470.0,98.63,P68032
14,328,A,10.41,100.26288234176707,AF-P68032-F1-model_v1,A328,2549.0,96.21,P68032
15,330,A,9.96,56.83350549854176,AF-P68032-F1-model_v1,A330,2566.0,98.4,P68032
16,338,A,11.3,63.669611112753145,AF-P68032-F1-model_v1,A338,2630.0,97.12,P68032
17,361,A,10.63,30.159289474462014,AF-P68032-F1-model_v1,A361,2813.0,97.69,P68032
18,375,A,11.14,19.704069123315186,AF-P68032-F1-model_v1,A375,2927.0,94.16,P68032
0,19,A,11.67,25.46784444510126,AF-P63267-F1-model_v1,A19,133.0,98.54,P63267
1,51,A,11.49,41.016633685268346,AF-P63267-F1-model_v1,A51,364.0,84.63,P63267
2,62,A,11.21,27.210381170292397,AF-P63267-F1-model_v1,A62,447.0,92.0,P63267
3,69,A,10.31,83.90984538228099,AF-P63267-F1-model_v1,A69,502.0,96.96,P63267
4,85,A,10.47,30.963537193781004,AF-P63267-F1-model_v1,A85,639.0,98.29,P63267
5,114,A,10.36,97.71609789725694,AF-P63267-F1-model_v1,A114,883.0,96.73,P63267
6,119,A,10.37,33.108197778631634,AF-P63267-F1-model_v1,A119,925.0,98.43,P63267
7,192,A,10.46,81.09497836466454,AF-P63267-F1-model_v1,A192,1487.0,97.71,P63267
8,214,A,9.53,10.589261637699996,AF-P63267-F1-model_v1,A214,1669.0,98.62,P63267
9,216,A,11.36,66.75256070347594,AF-P63267-F1-model_v1,A216,1687.0,98.37,P63267
10,239,A,10.17,65.41214783794429,AF-P63267-F1-model_v1,A239,1858.0,98.16,P63267
11,285,A,10.2,58.039877077520245,AF-P63267-F1-model_v1,A285,2222.0,98.34,P63267
12,292,A,10.55,89.5395794175139,AF-P63267-F1-model_v1,A292,2280.0,97.63,P63267
13,316,A,10.99,34.31456935761012,AF-P63267-F1-model_v1,A316,2461.0,98.66,P63267
14,327,A,10.41,102.80966678627719,AF-P63267-F1-model_v1,A327,2540.0,96.19,P63267
15,329,A,9.94,57.905835790967075,AF-P63267-F1-model_v1,A329,2557.0,98.39,P63267
16,337,A,11.26,64.07173497241266,AF-P63267-F1-model_v1,A337,2621.0,97.04,P63267
17,360,A,10.75,28.818876608930374,AF-P63267-F1-model_v1,A360,2804.0,97.84,P63267
18,374,A,11.26,29.623124328249364,AF-P63267-F1-model_v1,A374,2916.0,94.15,P63267
0,38,A,11.63,55.895216492669604,AF-O60506-F1-model_v1,A38,283.0,93.71,O60506
1,42,A,10.9,21.982770994718983,AF-O60506-F1-model_v1,A42,313.0,93.62,O60506
2,66,A,10.25,30.695454620674674,AF-O60506-F1-model_v1,A66,498.0,90.25,O60506
3,81,A,11.41,36.45922994246075,AF-O60506-F1-model_v1,A81,618.0,90.82,O60506
4,91,A,11.01,21.04448198884683,AF-O60506-F1-model_v1,A91,697.0,92.11,O60506
5,100,A,9.84,108.43940082151009,AF-O60506-F1-model_v1,A100,761.0,88.11,O60506
6,107,A,10.6,71.30996444628352,AF-O60506-F1-model_v1,A107,829.0,83.66,O60506
9,123,A,12.26,54.55480362713796,AF-O60506-F1-model_v1,A123,941.0,93.12,O60506
10,125,A,10.88,54.018638480925304,AF-O60506-F1-model_v1,A125,958.0,91.32,O60506
11,143,A,9.71,50.80164760364936,AF-O60506-F1-model_v1,A143,1099.0,94.98,O60506
12,168,A,10.02,62.731322106880995,AF-O60506-F1-model_v1,A168,1280.0,94.9,O60506
13,184,A,10.24,56.83350549854176,AF-O60506-F1-model_v1,A184,1418.0,95.81,O60506
14,213,A,10.22,43.8315007028848,AF-O60506-F1-model_v1,A213,1647.0,93.21,O60506
15,221,A,11.4,57.771794504413904,AF-O60506-F1-model_v1,A221,1705.0,94.57,O60506
16,232,A,11.02,55.76117520611645,AF-O60506-F1-model_v1,A232,1798.0,92.49,O60506
17,252,A,10.13,46.24424386084176,AF-O60506-F1-model_v1,A252,1946.0,91.85,O60506
18,254,A,10.19,35.654982223141765,AF-O60506-F1-model_v1,A254,1961.0,91.09,O60506
19,256,A,11.05,39.54217953318353,AF-O60506-F1-model_v1,A256,1977.0,91.77,O60506
20,265,A,12.5,42.35704655079999,AF-O60506-F1-model_v1,A265,2055.0,91.66,O60506
21,282,A,10.35,22.116812281272146,AF-O60506-F1-model_v1,A282,2191.0,79.29,O60506
22,283,A,10.53,90.34382713683289,AF-O60506-F1-model_v1,A283,2200.0,82.93,O60506
23,284,A,11.48,53.482473334712644,AF-O60506-F1-model_v1,A284,2209.0,87.4,O60506
24,297,A,9.28,32.706073918972145,AF-O60506-F1-model_v1,A297,2325.0,82.43,O60506
25,310,A,10.28,69.70146900764556,AF-O60506-F1-model_v1,A310,2424.0,76.18,O60506
26,312,A,10.4,57.36967064475441,AF-O60506-F1-model_v1,A312,2440.0,77.01,O60506
27,336,A,11.11,60.720702808583525,AF-O60506-F1-model_v1,A336,2626.0,89.66,O60506
28,338,A,10.7,35.78902350969493,AF-O60506-F1-model_v1,A338,2642.0,94.77,O60506
29,356,A,10.43,78.9503177798139,AF-O60506-F1-model_v1,A356,2788.0,94.17,O60506
30,363,A,11.63,66.08235427071011,AF-O60506-F1-model_v1,A363,2843.0,94.97,O60506
31,368,A,10.18,68.09297356900758,AF-O60506-F1-model_v1,A368,2887.0,94.53,O60506
32,369,A,9.39,8.57864233940253,AF-O60506-F1-model_v1,A369,2896.0,93.04,O60506
33,371,A,10.58,90.87999228304554,AF-O60506-F1-model_v1,A371,2913.0,85.55,O60506
34,386,A,11.5,53.34843204815948,AF-O60506-F1-model_v1,A386,3039.0,95.74,O60506
35,394,A,11.25,44.23362456254429,AF-O60506-F1-model_v1,A394,3099.0,91.62,O60506
36,407,A,10.64,41.28471625837467,AF-O60506-F1-model_v1,A407,3202.0,87.24,O60506
39,417,A,10.08,80.8268957915582,AF-O60506-F1-model_v1,A417,3291.0,70.46,O60506
0,18,A,10.05,72.9184598849215,AF-Q6FI81-F1-model_v1,A18,135.0,90.66,Q6FI81
1,26,A,10.55,86.72471239989744,AF-Q6FI81-F1-model_v1,A26,192.0,94.27,Q6FI81
2,31,A,10.33,79.08435906636707,AF-Q6FI81-F1-model_v1,A31,228.0,92.34,Q6FI81
3,48,A,10.39,107.36707052908478,AF-Q6FI81-F1-model_v1,A48,355.0,89.7,Q6FI81
4,56,A,10.44,96.50972631827847,AF-Q6FI81-F1-model_v1,A56,419.0,91.8,Q6FI81
5,96,A,9.21,27.478463743398727,AF-Q6FI81-F1-model_v1,A96,715.0,95.52,Q6FI81
6,108,A,10.41,101.73733649385187,AF-Q6FI81-F1-model_v1,A108,805.0,87.52,Q6FI81
7,110,A,10.49,20.37427555608101,AF-Q6FI81-F1-model_v1,A110,821.0,92.97,Q6FI81
8,114,A,10.21,91.14807485615188,AF-Q6FI81-F1-model_v1,A114,848.0,94.45,Q6FI81
9,128,A,10.55,82.56943251674934,AF-Q6FI81-F1-model_v1,A128,946.0,95.35,Q6FI81
10,162,A,10.82,45.439996141522776,AF-Q6FI81-F1-model_v1,A162,1222.0,96.16,Q6FI81
11,163,A,9.5,17.69344982501772,AF-Q6FI81-F1-model_v1,A163,1231.0,95.56,Q6FI81
12,175,A,10.46,95.83951988551263,AF-Q6FI81-F1-model_v1,A175,1326.0,74.85,Q6FI81
17,225,A,11.08,62.59728082032783,AF-Q6FI81-F1-model_v1,A225,1703.0,81.85,Q6FI81
18,226,A,10.46,84.31196924194049,AF-Q6FI81-F1-model_v1,A226,1712.0,79.34,Q6FI81
21,244,A,10.45,79.88860678568605,AF-Q6FI81-F1-model_v1,A244,1841.0,71.81,Q6FI81
22,247,A,10.48,100.79904748797972,AF-Q6FI81-F1-model_v1,A247,1861.0,71.37,Q6FI81
23,259,A,10.4,86.59067111334429,AF-Q6FI81-F1-model_v1,A259,1949.0,75.61,Q6FI81
26,297,A,10.45,87.12683625955694,AF-Q6FI81-F1-model_v1,A297,2235.0,72.47,Q6FI81
3,14,A,10.47,97.98418047036327,AF-P62750-F1-model_v1,A14,100.0,71.73,P62750
4,18,A,10.44,86.72471239989744,AF-P62750-F1-model_v1,A18,128.0,83.43,P62750
5,20,A,10.39,71.71208830594303,AF-P62750-F1-model_v1,A20,142.0,83.61,P62750
6,23,A,10.42,86.45662982679113,AF-P62750-F1-model_v1,A23,164.0,82.94,P62750
7,25,A,10.43,76.0014094756443,AF-P62750-F1-model_v1,A25,178.0,84.54,P62750
8,26,A,10.41,73.85674889079365,AF-P62750-F1-model_v1,A26,187.0,81.46,P62750
9,30,A,10.41,74.92907918321896,AF-P62750-F1-model_v1,A30,216.0,71.07,P62750
11,37,A,10.42,84.71409310159999,AF-P62750-F1-model_v1,A37,271.0,71.84,P62750
12,38,A,10.47,95.30335473929998,AF-P62750-F1-model_v1,A38,280.0,79.72,P62750
13,39,A,10.45,96.50972631827847,AF-P62750-F1-model_v1,A39,289.0,82.49,P62750
14,50,A,10.47,97.04589146449112,AF-P62750-F1-model_v1,A50,384.0,94.33,P62750
15,59,A,10.47,91.28211614270504,AF-P62750-F1-model_v1,A59,465.0,95.46,P62750
16,63,A,10.42,99.59267590900126,AF-P62750-F1-model_v1,A63,504.0,94.67,P62750
17,70,A,10.41,102.27350164006452,AF-P62750-F1-model_v1,A70,561.0,90.68,P62750
18,78,A,11.45,47.316574153267084,AF-P62750-F1-model_v1,A78,629.0,95.95,P62750
19,88,A,10.45,64.6079001186253,AF-P62750-F1-model_v1,A88,706.0,96.72,P62750
20,89,A,10.34,65.14406526483796,AF-P62750-F1-model_v1,A89,715.0,97.06,P62750
21,103,A,10.57,106.96494666942529,AF-P62750-F1-model_v1,A103,828.0,96.53,P62750
22,106,A,10.18,75.33120304287846,AF-P62750-F1-model_v1,A106,850.0,98.02,P62750
23,110,A,10.18,67.42276713624176,AF-P62750-F1-model_v1,A110,886.0,97.39,P62750
24,114,A,11.62,67.42276713624176,AF-P62750-F1-model_v1,A114,916.0,96.17,P62750
25,115,A,10.28,81.6311435108772,AF-P62750-F1-model_v1,A115,925.0,95.77,P62750
26,123,A,10.33,78.41415263360125,AF-P62750-F1-model_v1,A123,990.0,97.54,P62750
27,134,A,9.91,17.15728467880506,AF-P62750-F1-model_v1,A134,1076.0,98.36,P62750
28,135,A,10.3,24.931679298888604,AF-P62750-F1-model_v1,A135,1085.0,98.31,P62750
29,152,A,10.49,99.19055204934175,AF-P62750-F1-model_v1,A152,1218.0,92.1,P62750
0,3,A,10.37,79.08435906636707,1NI2-alt-1_assembled,A3,15.0,0,P15311
1,27,A,11.2,54.68884491369112,1NI2-alt-1_assembled,A27,199.0,0,P15311
2,35,A,10.34,73.05250117147466,1NI2-alt-1_assembled,A35,267.0,0,P15311
3,53,A,11.58,55.090968773350625,1NI2-alt-1_assembled,A53,424.0,0,P15311
4,60,A,9.43,56.16329906577594,1NI2-alt-1_assembled,A60,484.0,0,P15311
5,63,A,10.49,71.0418818731772,1NI2-alt-1_assembled,A63,509.0,0,P15311
6,64,A,10.18,48.12082187258606,1NI2-alt-1_assembled,A64,518.0,0,P15311
7,72,A,10.45,94.09698316032149,1NI2-alt-1_assembled,A72,581.0,0,P15311
8,79,A,9.93,59.64837251615822,1NI2-alt-1_assembled,A79,642.0,0,P15311
9,83,A,8.11,15.816871813273414,1NI2-alt-1_assembled,A83,678.0,0,P15311
10,100,A,11.12,34.31456935761012,1NI2-alt-1_assembled,A100,821.0,0,P15311
11,107,A,9.37,26.13805087786708,1NI2-alt-1_assembled,A107,884.0,0,P15311
12,133,A,11.41,42.893211697012646,1NI2-alt-1_assembled,A133,1077.0,0,P15311
13,139,A,10.61,89.40553813096074,1NI2-alt-1_assembled,A139,1129.0,0,P15311
14,143,A,10.42,73.99079017734681,1NI2-alt-1_assembled,A143,1164.0,0,P15311
15,184,A,9.96,53.616514621265814,1NI2-alt-1_assembled,A184,1506.0,0,P15311
16,193,A,11.53,36.72731251556708,1NI2-alt-1_assembled,A193,1581.0,0,P15311
17,209,A,10.67,52.008019182627834,1NI2-alt-1_assembled,A209,1717.0,0,P15311
18,211,A,10.35,87.52896011921644,1NI2-alt-1_assembled,A211,1734.0,0,P15311
19,212,A,10.44,92.22040514857719,1NI2-alt-1_assembled,A212,1743.0,0,P15311
20,230,A,10.6,43.965541989437966,1NI2-alt-1_assembled,A230,1882.0,0,P15311
21,233,A,9.49,29.221000468589864,1NI2-alt-1_assembled,A233,1907.0,0,P15311
22,237,A,10.32,69.70146900764556,1NI2-alt-1_assembled,A237,1938.0,0,P15311
23,253,A,10.35,61.12282666824302,1NI2-alt-1_assembled,A253,2074.0,0,P15311
24,254,A,10.61,54.68884491369113,1NI2-alt-1_assembled,A254,2083.0,0,P15311
25,262,A,10.56,75.33120304287846,1NI2-alt-1_assembled,A262,2146.0,0,P15311
26,263,A,10.39,93.02465286789618,1NI2-alt-1_assembled,A263,2155.0,0,P15311
27,278,A,10.26,75.5992856159848,1NI2-alt-1_assembled,A278,2283.0,0,P15311
28,296,A,10.45,65.94831298415694,1NI2-alt-1_assembled,A296,2442.0,0,P15311
29,3,B,10.36,71.84612959249618,1NI2-alt-1_assembled,B3,2466.0,0,P15311
30,27,B,11.11,51.33781274986201,1NI2-alt-1_assembled,B27,2650.0,0,P15311
31,35,B,10.35,66.21639555726327,1NI2-alt-1_assembled,B35,2718.0,0,P15311
32,53,B,11.35,29.221000468589867,1NI2-alt-1_assembled,B53,2875.0,0,P15311
33,60,B,10.59,54.28672105403163,1NI2-alt-1_assembled,B60,2935.0,0,P15311
34,63,B,10.27,59.51433122960505,1NI2-alt-1_assembled,B63,2960.0,0,P15311
35,64,B,10.27,48.52294573224556,1NI2-alt-1_assembled,B64,2969.0,0,P15311
36,72,B,10.45,90.34382713683289,1NI2-alt-1_assembled,B72,3032.0,0,P15311
37,79,B,9.91,56.029257779222775,1NI2-alt-1_assembled,B79,3093.0,0,P15311
38,83,B,8.32,10.723302924253161,1NI2-alt-1_assembled,B83,3129.0,0,P15311
39,100,B,11.2,33.91244549795063,1NI2-alt-1_assembled,B100,3272.0,0,P15311
40,107,B,9.36,25.333803158548093,1NI2-alt-1_assembled,B107,3335.0,0,P15311
41,133,B,11.18,36.995395088673405,1NI2-alt-1_assembled,B133,3528.0,0,P15311
42,139,B,10.63,82.83751508985567,1NI2-alt-1_assembled,B139,3580.0,0,P15311
43,143,B,10.43,70.10359286730505,1NI2-alt-1_assembled,B143,3615.0,0,P15311
44,184,B,10.21,50.66760631709619,1NI2-alt-1_assembled,B184,3963.0,0,P15311
45,193,B,11.48,31.09757848033417,1NI2-alt-1_assembled,B193,4038.0,0,P15311
46,209,B,10.68,43.16129427011897,1NI2-alt-1_assembled,B209,4174.0,0,P15311
47,211,B,10.49,86.8587536864506,1NI2-alt-1_assembled,B211,4191.0,0,P15311
48,212,B,10.27,80.02264807223922,1NI2-alt-1_assembled,B212,4200.0,0,P15311
49,230,B,10.58,26.272092164420247,1NI2-alt-1_assembled,B230,4339.0,0,P15311
50,233,B,9.51,24.931679298888604,1NI2-alt-1_assembled,B233,4364.0,0,P15311
51,237,B,10.92,49.86335859777721,1NI2-alt-1_assembled,B237,4395.0,0,P15311
52,253,B,10.54,41.9549226911405,1NI2-alt-1_assembled,B253,4531.0,0,P15311
53,254,B,10.46,63.40152853964682,1NI2-alt-1_assembled,B254,4540.0,0,P15311
54,262,B,10.22,60.18453766237087,1NI2-alt-1_assembled,B262,4603.0,0,P15311
55,263,B,10.49,69.03126257487972,1NI2-alt-1_assembled,B263,4612.0,0,P15311
56,278,B,10.19,67.28872584968859,1NI2-alt-1_assembled,B278,4740.0,0,P15311
57,296,B,10.45,64.87598269173164,1NI2-alt-1_assembled,B296,4899.0,0,P15311
0,6,A,10.39,63.803652399306316,1QCK-alt-3_assembled,A6,45.0,0,O75531
1,18,A,10.6,34.716693217269615,1QCK-alt-3_assembled,A18,143.0,0,O75531
2,32,A,10.46,88.19916655198226,1QCK-alt-3_assembled,A32,233.0,0,O75531
3,33,A,10.44,39.006014386970875,1QCK-alt-3_assembled,A33,242.0,0,O75531
4,41,A,10.66,32.84011520552531,1QCK-alt-3_assembled,A41,311.0,0,O75531
5,53,A,10.71,54.28672105403163,1QCK-alt-3_assembled,A53,406.0,0,O75531
6,54,A,9.42,19.435986550208856,1QCK-alt-3_assembled,A54,415.0,0,O75531
7,64,A,10.52,70.6397580135177,1QCK-alt-3_assembled,A64,510.0,0,O75531
8,72,A,10.76,77.20778105462277,1QCK-alt-3_assembled,A72,562.0,0,O75531
9,6,B,10.39,54.956927486797454,1QCK-alt-3_assembled,B6,750.0,0,O75531
10,18,B,10.6,27.076339883739234,1QCK-alt-3_assembled,B18,848.0,0,O75531
11,32,B,10.46,78.01202877394175,1QCK-alt-3_assembled,B32,938.0,0,O75531
12,33,B,10.44,34.04648678450379,1QCK-alt-3_assembled,B33,947.0,0,O75531
13,41,B,10.66,30.695454620674674,1QCK-alt-3_assembled,B41,1016.0,0,O75531
14,53,B,10.71,54.28672105403164,1QCK-alt-3_assembled,B53,1111.0,0,O75531
15,54,B,9.41,19.435986550208856,1QCK-alt-3_assembled,B54,1120.0,0,O75531
16,64,B,10.52,70.90784058662403,1QCK-alt-3_assembled,B64,1215.0,0,O75531
17,72,B,10.76,81.49710222432404,1QCK-alt-3_assembled,B72,1267.0,0,O75531
0,6,A,10.16,54.4207623405848,1QCK-alt-10_assembled,A6,45.0,0,O75531
1,18,A,10.71,19.167903977102526,1QCK-alt-10_assembled,A18,143.0,0,O75531
2,32,A,10.27,76.6716159084101,1QCK-alt-10_assembled,A32,233.0,0,O75531
3,33,A,10.48,40.07834467939619,1QCK-alt-10_assembled,A33,242.0,0,O75531
4,41,A,10.7,38.067725381098725,1QCK-alt-10_assembled,A41,311.0,0,O75531
5,53,A,10.1,39.140055673524046,1QCK-alt-10_assembled,A53,406.0,0,O75531
6,54,A,9.84,24.663596725782273,1QCK-alt-10_assembled,A54,415.0,0,O75531
7,64,A,10.36,69.96955158075188,1QCK-alt-10_assembled,A64,510.0,0,O75531
8,72,A,10.25,65.81427169760379,1QCK-alt-10_assembled,A72,562.0,0,O75531
9,6,B,10.16,48.25486315913923,1QCK-alt-10_assembled,B6,750.0,0,O75531
10,18,B,10.72,21.848729708165816,1QCK-alt-10_assembled,B18,848.0,0,O75531
11,32,B,10.27,65.27810655139112,1QCK-alt-10_assembled,B32,938.0,0,O75531
12,33,B,10.48,39.6762208197367,1QCK-alt-10_assembled,B33,947.0,0,O75531
13,41,B,10.7,33.242239065184805,1QCK-alt-10_assembled,B41,1016.0,0,O75531
14,53,B,10.13,39.6762208197367,1QCK-alt-10_assembled,B53,1111.0,0,O75531
15,54,B,9.85,29.62312432824936,1QCK-alt-10_assembled,B54,1120.0,0,O75531
16,64,B,10.36,71.0418818731772,1QCK-alt-10_assembled,B64,1215.0,0,O75531
17,72,B,10.25,58.84412479683923,1QCK-alt-10_assembled,B72,1267.0,0,O75531
0,6,A,10.4,85.78642339402529,1QCK-alt-2_assembled,A6,45.0,0,O75531
1,18,A,10.51,63.669611112753145,1QCK-alt-2_assembled,A18,143.0,0,O75531
2,32,A,11.44,68.89722128832656,1QCK-alt-2_assembled,A32,233.0,0,O75531
3,33,A,10.37,60.98878538168986,1QCK-alt-2_assembled,A33,242.0,0,O75531
4,41,A,11.02,33.77840421139746,1QCK-alt-2_assembled,A41,311.0,0,O75531
5,53,A,11.28,34.98477579037594,1QCK-alt-2_assembled,A53,406.0,0,O75531
6,54,A,9.8,37.66560152143923,1QCK-alt-2_assembled,A54,415.0,0,O75531
7,64,A,10.51,71.4440057328367,1QCK-alt-2_assembled,A64,510.0,0,O75531
8,72,A,10.38,86.05450596713163,1QCK-alt-2_assembled,A72,562.0,0,O75531
9,6,B,10.4,77.8779874873886,1QCK-alt-2_assembled,B6,750.0,0,O75531
10,18,B,10.51,64.33981754551897,1QCK-alt-2_assembled,B18,848.0,0,O75531
11,32,B,11.44,54.82288620024429,1QCK-alt-2_assembled,B32,938.0,0,O75531
12,33,B,10.37,56.431381638882264,1QCK-alt-2_assembled,B33,947.0,0,O75531
13,41,B,11.02,30.427372047568348,1QCK-alt-2_assembled,B41,1016.0,0,O75531
14,53,B,11.23,39.6762208197367,1QCK-alt-2_assembled,B53,1111.0,0,O75531
15,54,B,9.84,39.6762208197367,1QCK-alt-2_assembled,B54,1120.0,0,O75531
16,64,B,10.51,69.56742772109239,1QCK-alt-2_assembled,B64,1215.0,0,O75531
17,72,B,10.38,83.105597662962,1QCK-alt-2_assembled,B72,1267.0,0,O75531
0,6,A,10.42,88.33320783853542,1QCK-alt-12_assembled,A6,45.0,0,O75531
1,18,A,10.2,65.68023041105062,1QCK-alt-12_assembled,A18,143.0,0,O75531
2,32,A,10.57,74.66099661011265,1QCK-alt-12_assembled,A32,233.0,0,O75531
3,33,A,10.3,50.53356503054302,1QCK-alt-12_assembled,A33,242.0,0,O75531
4,41,A,10.93,30.15928947446202,1QCK-alt-12_assembled,A41,311.0,0,O75531
5,53,A,10.68,30.561413334121514,1QCK-alt-12_assembled,A53,406.0,0,O75531
6,54,A,9.52,26.406133450973414,1QCK-alt-12_assembled,A54,415.0,0,O75531
7,64,A,10.46,66.35043684381644,1QCK-alt-12_assembled,A64,510.0,0,O75531
8,72,A,10.49,69.96955158075188,1QCK-alt-12_assembled,A72,562.0,0,O75531
9,6,B,10.42,82.30134994364302,1QCK-alt-12_assembled,B6,750.0,0,O75531
10,18,B,10.2,71.0418818731772,1QCK-alt-12_assembled,B18,848.0,0,O75531
11,32,B,10.57,70.37167544041138,1QCK-alt-12_assembled,B32,938.0,0,O75531
12,33,B,10.3,40.34642725250253,1QCK-alt-12_assembled,B33,947.0,0,O75531
13,41,B,10.93,25.601885731654427,1QCK-alt-12_assembled,B41,1016.0,0,O75531
14,53,B,10.63,33.91244549795063,1QCK-alt-12_assembled,B53,1111.0,0,O75531
15,54,B,9.5,23.99339029301645,1QCK-alt-12_assembled,B54,1120.0,0,O75531
16,64,B,10.46,63.40152853964682,1QCK-alt-12_assembled,B64,1215.0,0,O75531
17,72,B,10.49,62.731322106880995,1QCK-alt-12_assembled,B72,1267.0,0,O75531
0,6,A,10.4,72.516336025262,1QCK-alt-13_assembled,A6,45.0,0,O75531
1,18,A,10.57,40.61450982560885,1QCK-alt-13_assembled,A18,143.0,0,O75531
2,32,A,10.55,90.07574456372656,1QCK-alt-13_assembled,A32,233.0,0,O75531
3,33,A,10.46,60.452620235477205,1QCK-alt-13_assembled,A33,242.0,0,O75531
4,41,A,11.24,33.51032163829113,1QCK-alt-13_assembled,A41,311.0,0,O75531
5,53,A,10.74,30.829495907227844,1QCK-alt-13_assembled,A53,406.0,0,O75531
6,54,A,9.93,31.633743626546828,1QCK-alt-13_assembled,A54,415.0,0,O75531
7,64,A,10.41,63.13344596654049,1QCK-alt-13_assembled,A64,510.0,0,O75531
8,72,A,11.2,42.22300526424682,1QCK-alt-13_assembled,A72,562.0,0,O75531
9,6,B,10.4,66.08235427071011,1QCK-alt-13_assembled,B6,750.0,0,O75531
10,18,B,10.57,38.87197310041771,1QCK-alt-13_assembled,B18,848.0,0,O75531
11,32,B,10.55,78.68223520670759,1QCK-alt-13_assembled,B32,938.0,0,O75531
12,33,B,10.46,51.33781274986201,1QCK-alt-13_assembled,B33,947.0,0,O75531
13,41,B,11.24,30.293330761015184,1QCK-alt-13_assembled,B41,1016.0,0,O75531
14,53,B,10.67,32.169908772759484,1QCK-alt-13_assembled,B53,1111.0,0,O75531
15,54,B,9.92,33.108197778631634,1QCK-alt-13_assembled,B54,1120.0,0,O75531
16,64,B,10.41,60.72070280858353,1QCK-alt-13_assembled,B64,1215.0,0,O75531
17,72,B,11.19,38.067725381098725,1QCK-alt-13_assembled,B72,1267.0,0,O75531
0,6,A,10.41,80.42477193189873,1QCK-alt-1_assembled,A6,45.0,0,O75531
1,18,A,11.34,43.29533555667214,1QCK-alt-1_assembled,A18,143.0,0,O75531
2,32,A,10.62,78.5481939201544,1QCK-alt-1_assembled,A32,233.0,0,O75531
3,33,A,10.47,42.75917041045948,1QCK-alt-1_assembled,A33,242.0,0,O75531
4,41,A,10.76,30.829495907227837,1QCK-alt-1_assembled,A41,311.0,0,O75531
5,53,A,10.59,46.37828514739493,1QCK-alt-1_assembled,A53,406.0,0,O75531
6,54,A,10.23,44.76978970875695,1QCK-alt-1_assembled,A54,415.0,0,O75531
7,64,A,10.39,69.96955158075187,1QCK-alt-1_assembled,A64,510.0,0,O75531
8,72,A,10.5,96.24164374517213,1QCK-alt-1_assembled,A72,562.0,0,O75531
9,6,B,10.41,71.71208830594301,1QCK-alt-1_assembled,B6,750.0,0,O75531
10,18,B,11.34,41.150674971821516,1QCK-alt-1_assembled,B18,848.0,0,O75531
11,32,B,10.62,69.70146900764556,1QCK-alt-1_assembled,B32,938.0,0,O75531
12,33,B,10.47,40.48046853905569,1QCK-alt-1_assembled,B33,947.0,0,O75531
13,41,B,10.75,31.09757848033417,1QCK-alt-1_assembled,B41,1016.0,0,O75531
14,53,B,10.59,43.965541989437966,1QCK-alt-1_assembled,B53,1111.0,0,O75531
15,54,B,10.25,45.842120001182266,1QCK-alt-1_assembled,B54,1120.0,0,O75531
16,64,B,10.4,71.17592315973036,1QCK-alt-1_assembled,B64,1215.0,0,O75531
17,72,B,10.5,94.36506573342783,1QCK-alt-1_assembled,B72,1267.0,0,O75531
0,6,A,10.46,71.17592315973036,1QCK-alt-5_assembled,A6,45.0,0,O75531
1,18,A,10.58,50.131441170883534,1QCK-alt-5_assembled,A18,143.0,0,O75531
2,32,A,11.49,54.152679767478475,1QCK-alt-5_assembled,A32,233.0,0,O75531
3,33,A,10.37,49.59527602467087,1QCK-alt-5_assembled,A33,242.0,0,O75531
4,41,A,11.72,37.7996428079924,1QCK-alt-5_assembled,A41,311.0,0,O75531
5,53,A,9.67,12.465839649444302,1QCK-alt-5_assembled,A53,406.0,0,O75531
6,54,A,10.97,41.016633685268346,1QCK-alt-5_assembled,A54,415.0,0,O75531
7,64,A,10.47,60.4526202354772,1QCK-alt-5_assembled,A64,510.0,0,O75531
8,72,A,10.48,87.12683625955694,1QCK-alt-5_assembled,A72,562.0,0,O75531
9,6,B,10.46,60.720702808583525,1QCK-alt-5_assembled,B6,750.0,0,O75531
10,18,B,10.58,48.254863159139234,1QCK-alt-5_assembled,B18,848.0,0,O75531
11,32,B,11.49,50.533565030543016,1QCK-alt-5_assembled,B32,938.0,0,O75531
12,33,B,10.37,47.9867805860329,1QCK-alt-5_assembled,B33,947.0,0,O75531
13,41,B,11.72,34.04648678450379,1QCK-alt-5_assembled,B41,1016.0,0,O75531
14,53,B,9.68,17.961532398124046,1QCK-alt-5_assembled,B53,1111.0,0,O75531
15,54,B,10.96,44.09958327599112,1QCK-alt-5_assembled,B54,1120.0,0,O75531
16,64,B,10.47,58.039877077520245,1QCK-alt-5_assembled,B64,1215.0,0,O75531
17,72,B,10.48,79.21840035292024,1QCK-alt-5_assembled,B72,1267.0,0,O75531
0,6,A,10.27,49.99739988433036,1QCK-alt-17_assembled,A6,45.0,0,O75531
1,18,A,10.76,29.489083041696198,1QCK-alt-17_assembled,A18,143.0,0,O75531
2,32,A,10.52,77.60990491428225,1QCK-alt-17_assembled,A32,233.0,0,O75531
3,33,A,10.31,44.36766584909746,1QCK-alt-17_assembled,A33,242.0,0,O75531
4,41,A,11.52,35.5209409365886,1QCK-alt-17_assembled,A41,311.0,0,O75531
5,53,A,10.59,54.8228862002443,1QCK-alt-17_assembled,A53,406.0,0,O75531
6,54,A,10.59,34.180528071056955,1QCK-alt-17_assembled,A54,415.0,0,O75531
7,64,A,10.37,67.82489099590126,1QCK-alt-17_assembled,A64,510.0,0,O75531
8,72,A,10.56,99.19055204934175,1QCK-alt-17_assembled,A72,562.0,0,O75531
9,6,B,10.27,51.73993660952151,1QCK-alt-17_assembled,B6,750.0,0,O75531
10,18,B,10.76,37.7996428079924,1QCK-alt-17_assembled,B18,848.0,0,O75531
11,32,B,10.52,64.74194140517847,1QCK-alt-17_assembled,B32,938.0,0,O75531
12,33,B,10.31,42.08896397769366,1QCK-alt-17_assembled,B33,947.0,0,O75531
13,41,B,11.52,29.35504175514303,1QCK-alt-17_assembled,B41,1016.0,0,O75531
14,53,B,10.59,53.21439076160632,1QCK-alt-17_assembled,B53,1111.0,0,O75531
15,54,B,10.59,38.73793181386455,1QCK-alt-17_assembled,B54,1120.0,0,O75531
16,64,B,10.37,67.82489099590126,1QCK-alt-17_assembled,B64,1215.0,0,O75531
17,72,B,10.56,93.56081801410883,1QCK-alt-17_assembled,B72,1267.0,0,O75531
0,6,A,10.41,64.87598269173162,1QCK-alt-16_assembled,A6,45.0,0,O75531
1,18,A,10.36,49.193152165011384,1QCK-alt-16_assembled,A18,143.0,0,O75531
2,32,A,10.61,82.56943251674934,1QCK-alt-16_assembled,A32,233.0,0,O75531
3,33,A,10.4,50.39952374398986,1QCK-alt-16_assembled,A33,242.0,0,O75531
4,41,A,10.51,36.191147369354425,1QCK-alt-16_assembled,A41,311.0,0,O75531
5,53,A,10.65,45.03787228186328,1QCK-alt-16_assembled,A53,406.0,0,O75531
6,54,A,9.83,18.229614971230376,1QCK-alt-16_assembled,A54,415.0,0,O75531
7,64,A,10.37,63.40152853964682,1QCK-alt-16_assembled,A64,510.0,0,O75531
8,72,A,10.14,76.40353333530378,1QCK-alt-16_assembled,A72,562.0,0,O75531
9,6,B,10.41,63.937693685859486,1QCK-alt-16_assembled,B6,750.0,0,O75531
10,18,B,10.37,39.140055673524046,1QCK-alt-16_assembled,B18,848.0,0,O75531
11,32,B,10.61,52.81226690194683,1QCK-alt-16_assembled,B32,938.0,0,O75531
12,33,B,10.4,48.254863159139234,1QCK-alt-16_assembled,B33,947.0,0,O75531
13,41,B,10.51,30.15928947446202,1QCK-alt-16_assembled,B41,1016.0,0,O75531
14,53,B,10.63,43.429376843225306,1QCK-alt-16_assembled,B53,1111.0,0,O75531
15,54,B,9.79,17.827491111570883,1QCK-alt-16_assembled,B54,1120.0,0,O75531
16,64,B,10.37,61.793033101008845,1QCK-alt-16_assembled,B64,1215.0,0,O75531
17,72,B,10.14,70.6397580135177,1QCK-alt-16_assembled,B72,1267.0,0,O75531
0,6,A,10.43,90.74595099649238,1QCK-alt-4_assembled,A6,45.0,0,O75531
1,18,A,10.56,41.552798831481006,1QCK-alt-4_assembled,A18,143.0,0,O75531
2,32,A,10.26,66.75256070347594,1QCK-alt-4_assembled,A32,233.0,0,O75531
3,33,A,10.62,70.50571672696455,1QCK-alt-4_assembled,A33,242.0,0,O75531
4,41,A,10.56,42.22300526424683,1QCK-alt-4_assembled,A41,311.0,0,O75531
5,53,A,10.5,34.85073450382278,1QCK-alt-4_assembled,A53,406.0,0,O75531
6,54,A,10.34,32.57203263241898,1QCK-alt-4_assembled,A54,415.0,0,O75531
7,64,A,10.47,66.35043684381644,1QCK-alt-4_assembled,A64,510.0,0,O75531
8,72,A,10.33,92.22040514857719,1QCK-alt-4_assembled,A72,562.0,0,O75531
9,6,B,10.43,77.34182234117594,1QCK-alt-4_assembled,B6,750.0,0,O75531
10,18,B,10.56,39.6762208197367,1QCK-alt-4_assembled,B18,847.0,0,O75531
11,32,B,10.26,45.43999614152277,1QCK-alt-4_assembled,B32,937.0,0,O75531
12,33,B,10.62,68.36105614211391,1QCK-alt-4_assembled,B33,946.0,0,O75531
13,41,B,10.56,36.72731251556708,1QCK-alt-4_assembled,B41,1015.0,0,O75531
14,53,B,10.52,36.593271229013915,1QCK-alt-4_assembled,B53,1110.0,0,O75531
15,54,B,10.35,26.674216024079744,1QCK-alt-4_assembled,B54,1119.0,0,O75531
16,64,B,10.47,69.83551029419871,1QCK-alt-4_assembled,B64,1214.0,0,O75531
17,72,B,10.33,85.78642339402529,1QCK-alt-4_assembled,B72,1266.0,0,O75531
0,6,A,10.5,69.70146900764556,1QCK-alt-6_assembled,A6,45.0,0,O75531
1,18,A,10.61,40.88259239871518,1QCK-alt-6_assembled,A18,143.0,0,O75531
2,32,A,10.68,74.7950378966658,1QCK-alt-6_assembled,A32,233.0,0,O75531
3,33,A,10.45,42.35704655079999,1QCK-alt-6_assembled,A33,242.0,0,O75531
4,41,A,11.05,39.140055673524046,1QCK-alt-6_assembled,A41,311.0,0,O75531
5,53,A,10.75,37.66560152143923,1QCK-alt-6_assembled,A53,406.0,0,O75531
6,54,A,10.58,41.15067497182151,1QCK-alt-6_assembled,A54,415.0,0,O75531
7,64,A,10.32,57.63775321786075,1QCK-alt-6_assembled,A64,510.0,0,O75531
8,72,A,10.32,82.56943251674934,1QCK-alt-6_assembled,A72,562.0,0,O75531
9,6,B,10.5,62.59728082032783,1QCK-alt-6_assembled,B6,750.0,0,O75531
10,18,B,10.62,25.869968304760757,1QCK-alt-6_assembled,B18,848.0,0,O75531
11,32,B,10.68,69.96955158075188,1QCK-alt-6_assembled,B32,938.0,0,O75531
12,33,B,10.45,40.74855111216201,1QCK-alt-6_assembled,B33,947.0,0,O75531
13,41,B,11.05,34.85073450382278,1QCK-alt-6_assembled,B41,1016.0,0,O75531
14,53,B,10.75,40.74855111216202,1QCK-alt-6_assembled,B53,1111.0,0,O75531
15,54,B,10.58,38.46984924075822,1QCK-alt-6_assembled,B54,1120.0,0,O75531
16,64,B,10.32,57.101588071648095,1QCK-alt-6_assembled,B64,1215.0,0,O75531
17,72,B,10.32,76.0014094756443,1QCK-alt-6_assembled,B72,1267.0,0,O75531
0,6,A,10.43,97.44801532415062,1QCK-alt-14_assembled,A6,45.0,0,O75531
1,18,A,10.21,32.706073918972145,1QCK-alt-14_assembled,A18,143.0,0,O75531
2,32,A,10.53,79.3524416394734,1QCK-alt-14_assembled,A32,233.0,0,O75531
3,33,A,10.42,45.43999614152277,1QCK-alt-14_assembled,A33,242.0,0,O75531
4,41,A,10.69,30.82949590722784,1QCK-alt-14_assembled,A41,311.0,0,O75531
5,53,A,10.54,43.429376843225306,1QCK-alt-14_assembled,A53,406.0,0,O75531
6,54,A,10.6,45.439996141522776,1QCK-alt-14_assembled,A54,415.0,0,O75531
7,64,A,10.38,68.62913871522024,1QCK-alt-14_assembled,A64,510.0,0,O75531
8,72,A,10.42,86.32258854023794,1QCK-alt-14_assembled,A72,562.0,0,O75531
9,6,B,10.43,91.14807485615188,1QCK-alt-14_assembled,B6,750.0,0,O75531
10,18,B,10.19,29.221000468589864,1QCK-alt-14_assembled,B18,848.0,0,O75531
11,32,B,10.53,69.96955158075187,1QCK-alt-14_assembled,B32,938.0,0,O75531
12,33,B,10.42,42.357046550799986,1QCK-alt-14_assembled,B33,947.0,0,O75531
13,41,B,10.69,29.355041755143034,1QCK-alt-14_assembled,B41,1016.0,0,O75531
14,53,B,10.54,53.61651462126581,1QCK-alt-14_assembled,B53,1111.0,0,O75531
15,54,B,10.6,42.35704655079999,1QCK-alt-14_assembled,B54,1120.0,0,O75531
16,64,B,10.38,68.09297356900758,1QCK-alt-14_assembled,B64,1215.0,0,O75531
17,72,B,10.42,78.81627649326074,1QCK-alt-14_assembled,B72,1267.0,0,O75531
0,6,A,10.46,99.05651076278859,1QCK-alt-7_assembled,A6,45.0,0,O75531
1,18,A,10.6,46.24424386084176,1QCK-alt-7_assembled,A18,143.0,0,O75531
2,32,A,10.55,69.5674277210924,1QCK-alt-7_assembled,A32,233.0,0,O75531
3,33,A,10.48,50.13144117088353,1QCK-alt-7_assembled,A33,242.0,0,O75531
4,41,A,10.65,35.9230647962481,1QCK-alt-7_assembled,A41,311.0,0,O75531
5,53,A,10.22,34.71669321726961,1QCK-alt-7_assembled,A53,406.0,0,O75531
6,54,A,9.14,19.033862690549363,1QCK-alt-7_assembled,A54,415.0,0,O75531
7,64,A,10.4,67.15468456313543,1QCK-alt-7_assembled,A64,510.0,0,O75531
8,72,A,10.48,89.53957941751389,1QCK-alt-7_assembled,A72,562.0,0,O75531
9,6,B,10.46,91.95232257547087,1QCK-alt-7_assembled,B6,750.0,0,O75531
10,18,B,10.6,44.36766584909746,1QCK-alt-7_assembled,B18,848.0,0,O75531
11,32,B,10.55,64.60790011862531,1QCK-alt-7_assembled,B32,938.0,0,O75531
12,33,B,10.48,40.21238596594936,1QCK-alt-7_assembled,B33,947.0,0,O75531
13,41,B,10.65,32.303950059312655,1QCK-alt-7_assembled,B41,1016.0,0,O75531
14,53,B,10.23,34.58265193071645,1QCK-alt-7_assembled,B53,1111.0,0,O75531
15,54,B,9.14,22.25085356782531,1QCK-alt-7_assembled,B54,1120.0,0,O75531
16,64,B,10.4,67.95893228245441,1QCK-alt-7_assembled,B64,1215.0,0,O75531
17,72,B,10.48,84.5800518150468,1QCK-alt-7_assembled,B72,1267.0,0,O75531
0,6,A,10.42,64.20577625896581,1QCK-alt-18_assembled,A6,45.0,0,O75531
1,18,A,11.39,35.92306479624809,1QCK-alt-18_assembled,A18,143.0,0,O75531
2,32,A,10.76,69.56742772109239,1QCK-alt-18_assembled,A32,233.0,0,O75531
3,33,A,10.27,42.75917041045948,1QCK-alt-18_assembled,A33,242.0,0,O75531
4,41,A,11.01,34.98477579037594,1QCK-alt-18_assembled,A41,311.0,0,O75531
5,53,A,10.18,24.26147286612278,1QCK-alt-18_assembled,A53,406.0,0,O75531
6,54,A,9.41,28.818876608930374,1QCK-alt-18_assembled,A54,415.0,0,O75531
7,64,A,10.39,68.62913871522024,1QCK-alt-18_assembled,A64,510.0,0,O75531
8,72,A,10.51,99.19055204934173,1QCK-alt-18_assembled,A72,562.0,0,O75531
9,6,B,10.42,54.68884491369113,1QCK-alt-18_assembled,B6,750.0,0,O75531
10,18,B,11.38,32.57203263241898,1QCK-alt-18_assembled,B18,848.0,0,O75531
11,32,B,10.76,65.81427169760377,1QCK-alt-18_assembled,B32,938.0,0,O75531
12,33,B,10.27,37.93368409454556,1QCK-alt-18_assembled,B33,947.0,0,O75531
13,41,B,11.01,29.489083041696198,1QCK-alt-18_assembled,B41,1016.0,0,O75531
14,53,B,10.15,25.19976187199493,1QCK-alt-18_assembled,B53,1111.0,0,O75531
15,54,B,9.21,38.20176666765189,1QCK-alt-18_assembled,B54,1120.0,0,O75531
16,64,B,10.39,69.03126257487973,1QCK-alt-18_assembled,B64,1215.0,0,O75531
17,72,B,10.51,93.15869415444934,1QCK-alt-18_assembled,B72,1267.0,0,O75531
0,6,A,10.3,74.12483146389997,1QCK-alt-19_assembled,A6,45.0,0,O75531
1,18,A,10.49,58.84412479683923,1QCK-alt-19_assembled,A18,143.0,0,O75531
2,32,A,10.78,71.71208830594301,1QCK-alt-19_assembled,A32,233.0,0,O75531
3,33,A,10.43,62.46323953377467,1QCK-alt-19_assembled,A33,242.0,0,O75531
4,41,A,11.1,41.82088140458733,1QCK-alt-19_assembled,A41,311.0,0,O75531
5,53,A,10.52,29.0869591820367,1QCK-alt-19_assembled,A53,406.0,0,O75531
6,54,A,10.15,58.5760422237329,1QCK-alt-19_assembled,A54,415.0,0,O75531
7,64,A,10.33,55.22501005990379,1QCK-alt-19_assembled,A64,510.0,0,O75531
8,72,A,10.49,80.29073064534555,1QCK-alt-19_assembled,A72,562.0,0,O75531
9,6,B,10.3,65.14406526483796,1QCK-alt-19_assembled,B6,750.0,0,O75531
10,18,B,10.49,58.844124796839225,1QCK-alt-19_assembled,B18,848.0,0,O75531
11,32,B,10.78,65.41214783794429,1QCK-alt-19_assembled,B32,938.0,0,O75531
12,33,B,10.43,56.833505498541754,1QCK-alt-19_assembled,B33,947.0,0,O75531
13,41,B,11.09,38.73793181386455,1QCK-alt-19_assembled,B41,1016.0,0,O75531
14,53,B,10.38,29.35504175514303,1QCK-alt-19_assembled,B53,1111.0,0,O75531
15,54,B,10.14,50.667606317096194,1QCK-alt-19_assembled,B54,1120.0,0,O75531
16,64,B,10.32,55.62713391956328,1QCK-alt-19_assembled,B64,1215.0,0,O75531
17,72,B,10.49,73.18654245802783,1QCK-alt-19_assembled,B72,1267.0,0,O75531
0,6,A,10.38,91.14807485615188,1QCK-alt-9_assembled,A6,45.0,0,O75531
1,18,A,10.43,61.793033101008845,1QCK-alt-9_assembled,A18,143.0,0,O75531
2,32,A,10.52,74.7950378966658,1QCK-alt-9_assembled,A32,233.0,0,O75531
3,33,A,10.37,48.92506959190506,1QCK-alt-9_assembled,A33,242.0,0,O75531
4,41,A,11.41,38.73793181386455,1QCK-alt-9_assembled,A41,311.0,0,O75531
5,53,A,10.7,40.61450982560885,1QCK-alt-9_assembled,A53,406.0,0,O75531
6,54,A,10.68,58.97816608339239,1QCK-alt-9_assembled,A54,415.0,0,O75531
7,64,A,10.39,50.2654824574367,1QCK-alt-9_assembled,A64,510.0,0,O75531
8,72,A,10.17,86.72471239989744,1QCK-alt-9_assembled,A72,562.0,0,O75531
9,6,B,10.38,81.49710222432404,1QCK-alt-9_assembled,B6,750.0,0,O75531
10,18,B,10.43,61.256867954796185,1QCK-alt-9_assembled,B18,848.0,0,O75531
11,32,B,10.52,62.731322106881,1QCK-alt-9_assembled,B32,938.0,0,O75531
12,33,B,10.37,44.50170713565062,1QCK-alt-9_assembled,B33,947.0,0,O75531
13,41,B,11.16,36.057106082801255,1QCK-alt-9_assembled,B41,1016.0,0,O75531
14,53,B,10.69,40.74855111216202,1QCK-alt-9_assembled,B53,1111.0,0,O75531
15,54,B,10.68,56.43138163888227,1QCK-alt-9_assembled,B54,1120.0,0,O75531
16,64,B,10.39,51.47185403641518,1QCK-alt-9_assembled,B64,1215.0,0,O75531
17,72,B,10.17,92.22040514857719,1QCK-alt-9_assembled,B72,1267.0,0,O75531
0,6,A,10.43,95.97356117206579,1QCK-alt-8_assembled,A6,45.0,0,O75531
1,18,A,11.43,50.131441170883534,1QCK-alt-8_assembled,A18,143.0,0,O75531
2,32,A,10.68,70.77379930007086,1QCK-alt-8_assembled,A32,232.0,0,O75531
3,33,A,10.32,49.72931731122404,1QCK-alt-8_assembled,A33,241.0,0,O75531
4,41,A,10.76,39.94430339284303,1QCK-alt-8_assembled,A41,310.0,0,O75531
5,53,A,10.42,26.808257310632904,1QCK-alt-8_assembled,A53,405.0,0,O75531
6,54,A,9.83,40.74855111216201,1QCK-alt-8_assembled,A54,414.0,0,O75531
7,64,A,10.42,52.81226690194683,1QCK-alt-8_assembled,A64,509.0,0,O75531
8,72,A,10.36,91.14807485615188,1QCK-alt-8_assembled,A72,561.0,0,O75531
9,6,B,10.43,88.06512526542909,1QCK-alt-8_assembled,B6,749.0,0,O75531
10,18,B,11.42,47.316574153267084,1QCK-alt-8_assembled,B18,847.0,0,O75531
11,32,B,10.68,59.782413802711375,1QCK-alt-8_assembled,B32,937.0,0,O75531
12,33,B,10.32,43.56341812977847,1QCK-alt-8_assembled,B33,946.0,0,O75531
13,41,B,10.76,35.5209409365886,1QCK-alt-8_assembled,B41,1015.0,0,O75531
14,53,B,10.45,32.169908772759484,1QCK-alt-8_assembled,B53,1110.0,0,O75531
15,54,B,9.85,44.501707135650626,1QCK-alt-8_assembled,B54,1119.0,0,O75531
16,64,B,10.42,52.54418432884049,1QCK-alt-8_assembled,B64,1214.0,0,O75531
17,72,B,10.36,84.44601052849364,1QCK-alt-8_assembled,B72,1266.0,0,O75531
0,6,A,10.49,79.62052421257974,1QCK-alt-21_assembled,A6,45.0,0,O75531
1,18,A,10.55,62.731322106880995,1QCK-alt-21_assembled,A18,143.0,0,O75531
2,32,A,10.63,82.56943251674934,1QCK-alt-21_assembled,A32,233.0,0,O75531
3,33,A,10.39,49.32719345156455,1QCK-alt-21_assembled,A33,242.0,0,O75531
4,41,A,10.63,34.180528071056955,1QCK-alt-21_assembled,A41,311.0,0,O75531
5,53,A,10.72,36.593271229013915,1QCK-alt-21_assembled,A53,406.0,0,O75531
6,54,A,9.31,14.610500234294932,1QCK-alt-21_assembled,A54,415.0,0,O75531
7,64,A,10.42,65.68023041105062,1QCK-alt-21_assembled,A64,510.0,0,O75531
8,72,A,10.46,105.22240994423416,1QCK-alt-21_assembled,A72,562.0,0,O75531
9,6,B,10.49,72.24825345215568,1QCK-alt-21_assembled,B6,750.0,0,O75531
10,18,B,10.55,66.08235427071011,1QCK-alt-21_assembled,B18,848.0,0,O75531
11,32,B,10.63,72.78441859836833,1QCK-alt-21_assembled,B32,938.0,0,O75531
12,33,B,10.39,42.22300526424682,1QCK-alt-21_assembled,B33,947.0,0,O75531
13,41,B,10.63,31.09757848033417,1QCK-alt-21_assembled,B41,1016.0,0,O75531
14,53,B,10.81,35.38689965003543,1QCK-alt-21_assembled,B53,1111.0,0,O75531
15,54,B,9.33,17.291325965358226,1QCK-alt-21_assembled,B54,1120.0,0,O75531
16,64,B,10.42,65.27810655139112,1QCK-alt-21_assembled,B64,1215.0,0,O75531
17,72,B,10.46,95.03527216619366,1QCK-alt-21_assembled,B72,1267.0,0,O75531
0,6,A,10.27,65.27810655139112,1QCK-alt-20_assembled,A6,45.0,0,O75531
1,18,A,10.61,21.04448198884683,1QCK-alt-20_assembled,A18,143.0,0,O75531
2,32,A,10.51,78.41415263360125,1QCK-alt-20_assembled,A32,233.0,0,O75531
3,33,A,10.19,41.954922691140496,1QCK-alt-20_assembled,A33,242.0,0,O75531
4,41,A,11.07,31.633743626546824,1QCK-alt-20_assembled,A41,311.0,0,O75531
5,53,A,10.26,27.076339883739234,1QCK-alt-20_assembled,A53,406.0,0,O75531
6,54,A,9.95,35.118817076929105,1QCK-alt-20_assembled,A54,415.0,0,O75531
7,64,A,10.36,67.69084970934809,1QCK-alt-20_assembled,A64,510.0,0,O75531
8,72,A,10.25,71.17592315973036,1QCK-alt-20_assembled,A72,562.0,0,O75531
9,6,B,10.27,62.3291982472215,1QCK-alt-20_assembled,B6,750.0,0,O75531
10,18,B,10.61,17.023243392251892,1QCK-alt-20_assembled,B18,848.0,0,O75531
11,32,B,10.51,59.11220736994555,1QCK-alt-20_assembled,B32,938.0,0,O75531
12,33,B,10.19,30.56141333412151,1QCK-alt-20_assembled,B33,947.0,0,O75531
13,41,B,11.07,27.344422456845564,1QCK-alt-20_assembled,B41,1016.0,0,O75531
14,53,B,10.26,28.282711462717714,1QCK-alt-20_assembled,B53,1111.0,0,O75531
15,54,B,9.95,39.542179533183536,1QCK-alt-20_assembled,B54,1120.0,0,O75531
16,64,B,10.36,69.96955158075188,1QCK-alt-20_assembled,B64,1215.0,0,O75531
17,72,B,10.25,69.56742772109239,1QCK-alt-20_assembled,B72,1267.0,0,O75531
0,19,A,10.19,65.27810655139112,AF-P60981-F1-model_v1,A19,147.0,85.07,P60981
2,30,A,10.41,80.55881321845189,AF-P60981-F1-model_v1,A30,235.0,83.7,P60981
3,31,A,11.58,72.516336025262,AF-P60981-F1-model_v1,A31,244.0,85.8,P60981
4,33,A,10.8,29.891206901355687,AF-P60981-F1-model_v1,A33,264.0,90.08,P60981
5,34,A,10.26,7.774394620083543,AF-P60981-F1-model_v1,A34,273.0,90.94,P60981
6,44,A,10.27,62.731322106881,AF-P60981-F1-model_v1,A44,346.0,83.6,P60981
7,45,A,10.45,86.18854725368479,AF-P60981-F1-model_v1,A45,355.0,86.86,P60981
8,53,A,10.05,50.66760631709619,AF-P60981-F1-model_v1,A53,415.0,87.32,P60981
9,69,A,10.57,96.24164374517213,AF-P60981-F1-model_v1,A69,534.0,86.57,P60981
10,78,A,10.51,110.98618526602023,AF-P60981-F1-model_v1,A78,607.0,87.56,P60981
11,92,A,10.39,77.4758636277291,AF-P60981-F1-model_v1,A92,724.0,86.08,P60981
12,96,A,10.47,81.89922608398352,AF-P60981-F1-model_v1,A96,759.0,89.55,P60981
13,112,A,10.45,108.8415246811696,AF-P60981-F1-model_v1,A112,895.0,87.84,P60981
14,114,A,10.28,43.29533555667214,AF-P60981-F1-model_v1,A114,910.0,88.95,P60981
15,121,A,10.78,47.04849158016075,AF-P60981-F1-model_v1,A121,964.0,89.25,P60981
16,125,A,11.52,45.57403742807594,AF-P60981-F1-model_v1,A125,994.0,87.69,P60981
17,126,A,10.5,99.45863462244807,AF-P60981-F1-model_v1,A126,1003.0,88.89,P60981
18,127,A,10.61,63.803652399306316,AF-P60981-F1-model_v1,A127,1012.0,88.34,P60981
19,132,A,11.5,81.6311435108772,AF-P60981-F1-model_v1,A132,1053.0,81.89,P60981
20,151,A,10.96,57.503711931307585,AF-P60981-F1-model_v1,A151,1197.0,85.59,P60981
0,20,A,11.31,27.478463743398727,AF-P68133-F1-model_v1,A20,141.0,98.59,P68133
1,52,A,11.5,54.018638480925304,AF-P68133-F1-model_v1,A52,372.0,83.77,P68133
2,63,A,11.26,35.654982223141765,AF-P68133-F1-model_v1,A63,455.0,92.07,P68133
3,70,A,10.29,81.89922608398354,AF-P68133-F1-model_v1,A70,510.0,97.22,P68133
4,86,A,10.71,23.323183860250623,AF-P68133-F1-model_v1,A86,647.0,98.31,P68133
5,115,A,10.34,101.87137778040504,AF-P68133-F1-model_v1,A115,892.0,96.9,P68133
6,120,A,10.4,39.40813824663037,AF-P68133-F1-model_v1,A120,934.0,98.48,P68133
7,193,A,10.46,77.60990491428225,AF-P68133-F1-model_v1,A193,1496.0,96.8,P68133
8,215,A,9.62,15.68283052672025,AF-P68133-F1-model_v1,A215,1678.0,98.44,P68133
9,217,A,11.37,65.01002397828479,AF-P68133-F1-model_v1,A217,1696.0,98.17,P68133
10,240,A,10.17,65.54618912449746,AF-P68133-F1-model_v1,A240,1867.0,97.87,P68133
11,286,A,10.21,58.44200093717973,AF-P68133-F1-model_v1,A286,2231.0,98.23,P68133
12,293,A,10.55,91.41615742925822,AF-P68133-F1-model_v1,A293,2289.0,97.43,P68133
13,317,A,10.96,43.42937684322531,AF-P68133-F1-model_v1,A317,2470.0,98.43,P68133
14,328,A,10.41,102.67562549972402,AF-P68133-F1-model_v1,A328,2549.0,95.7,P68133
15,330,A,9.94,65.14406526483796,AF-P68133-F1-model_v1,A330,2566.0,98.22,P68133
16,338,A,11.29,69.83551029419871,AF-P68133-F1-model_v1,A338,2630.0,96.9,P68133
17,361,A,10.33,38.33580795420506,AF-P68133-F1-model_v1,A361,2814.0,97.71,P68133
18,375,A,11.14,21.044481988846833,AF-P68133-F1-model_v1,A375,2928.0,94.16,P68133
0,19,A,11.69,26.406133450973414,AF-Q562R1-F1-model_v1,A19,133.0,98.53,Q562R1
1,51,A,11.55,45.43999614152277,AF-Q562R1-F1-model_v1,A51,364.0,84.42,Q562R1
2,62,A,11.28,26.942298597186067,AF-Q562R1-F1-model_v1,A62,447.0,91.68,Q562R1
3,69,A,10.31,81.76518479743036,AF-Q562R1-F1-model_v1,A69,501.0,96.72,Q562R1
4,85,A,10.48,40.21238596594935,AF-Q562R1-F1-model_v1,A85,636.0,97.96,Q562R1
5,114,A,10.34,100.66500620142656,AF-Q562R1-F1-model_v1,A114,883.0,96.46,Q562R1
6,119,A,10.33,33.644362924844295,AF-Q562R1-F1-model_v1,A119,928.0,98.36,Q562R1
7,192,A,10.44,95.57143731240632,AF-Q562R1-F1-model_v1,A192,1488.0,96.71,Q562R1
8,214,A,9.71,18.229614971230376,AF-Q562R1-F1-model_v1,A214,1671.0,98.33,Q562R1
9,216,A,11.37,63.8036523993063,AF-Q562R1-F1-model_v1,A216,1689.0,98.02,Q562R1
10,285,A,10.21,56.96754678509492,AF-Q562R1-F1-model_v1,A285,2229.0,98.31,Q562R1
11,292,A,10.53,96.37568503172531,AF-Q562R1-F1-model_v1,A292,2286.0,97.32,Q562R1
12,316,A,11.16,42.08896397769366,AF-Q562R1-F1-model_v1,A316,2465.0,98.28,Q562R1
13,327,A,10.39,101.06713006108606,AF-Q562R1-F1-model_v1,A327,2547.0,95.74,Q562R1
14,329,A,9.93,53.080349475053154,AF-Q562R1-F1-model_v1,A329,2564.0,98.12,Q562R1
15,337,A,11.29,62.46323953377467,AF-Q562R1-F1-model_v1,A337,2628.0,96.88,Q562R1
16,360,A,10.44,39.542179533183536,AF-Q562R1-F1-model_v1,A360,2811.0,97.6,Q562R1
17,374,A,11.28,30.02524818790885,AF-Q562R1-F1-model_v1,A374,2926.0,93.68,Q562R1
0,20,A,11.65,25.601885731654427,AF-P62736-F1-model_v1,A20,140.0,98.56,P62736
1,52,A,11.48,50.131441170883534,AF-P62736-F1-model_v1,A52,371.0,84.64,P62736
2,63,A,11.19,13.672211228422782,AF-P62736-F1-model_v1,A63,454.0,91.9,P62736
3,70,A,10.33,85.78642339402529,AF-P62736-F1-model_v1,A70,509.0,96.82,P62736
4,86,A,10.4,30.829495907227837,AF-P62736-F1-model_v1,A86,646.0,98.28,P62736
5,115,A,10.36,96.64376760483162,AF-P62736-F1-model_v1,A115,890.0,96.67,P62736
6,120,A,10.39,32.169908772759484,AF-P62736-F1-model_v1,A120,932.0,98.44,P62736
7,193,A,10.45,78.9503177798139,AF-P62736-F1-model_v1,A193,1494.0,97.4,P62736
8,215,A,9.52,9.650972631827846,AF-P62736-F1-model_v1,A215,1676.0,98.57,P62736
9,217,A,11.36,66.8866019900291,AF-P62736-F1-model_v1,A217,1694.0,98.31,P62736
10,240,A,10.17,68.36105614211391,AF-P62736-F1-model_v1,A240,1865.0,98.08,P62736
11,286,A,10.2,59.51433122960505,AF-P62736-F1-model_v1,A286,2229.0,98.28,P62736
12,293,A,10.55,91.81828128891769,AF-P62736-F1-model_v1,A293,2287.0,97.44,P62736
13,317,A,11.17,39.6762208197367,AF-P62736-F1-model_v1,A317,2468.0,98.62,P62736
14,328,A,10.41,99.86075848210757,AF-P62736-F1-model_v1,A328,2547.0,95.92,P62736
15,330,A,9.94,54.28672105403163,AF-P62736-F1-model_v1,A330,2564.0,98.36,P62736
16,338,A,11.28,62.99940467998732,AF-P62736-F1-model_v1,A338,2628.0,97.17,P62736
17,361,A,10.56,28.818876608930374,AF-P62736-F1-model_v1,A361,2811.0,97.68,P62736
18,375,A,11.24,28.952917895483537,AF-P62736-F1-model_v1,A375,2925.0,94.12,P62736
10,153,A,10.47,100.66500620142656,AF-P29966-F1-model_v1,A153,1004.0,70.2,P29966
12,155,A,10.45,104.41816222491516,AF-P29966-F1-model_v1,A155,1022.0,73.61,P29966
13,156,A,10.46,103.61391450559617,AF-P29966-F1-model_v1,A156,1031.0,76.42,P29966
15,162,A,10.45,114.873382576062,AF-P29966-F1-model_v1,A162,1088.0,72.92,P29966
17,172,A,10.44,77.34182234117594,AF-P29966-F1-model_v1,A172,1169.0,70.61,P29966
2,173,A,10.38,75.46524432943164,AF-P48668-F1-model_v1,A173,1175.0,83.71,P48668
3,180,A,10.32,71.30996444628352,AF-P48668-F1-model_v1,A180,1233.0,88.36,P48668
4,189,A,10.44,84.17792795538733,AF-P48668-F1-model_v1,A189,1314.0,93.42,P48668
5,194,A,10.41,66.08235427071011,AF-P48668-F1-model_v1,A194,1353.0,88.63,P48668
7,250,A,12.22,46.1102025742886,AF-P48668-F1-model_v1,A250,1823.0,97.9,P48668
8,252,A,11.34,67.95893228245441,AF-P48668-F1-model_v1,A252,1840.0,98.07,P48668
9,259,A,11.09,60.854744095136695,AF-P48668-F1-model_v1,A259,1903.0,97.4,P48668
10,271,A,10.4,75.33120304287846,AF-P48668-F1-model_v1,A271,1999.0,97.76,P48668
11,272,A,10.37,79.48648292602655,AF-P48668-F1-model_v1,A272,2008.0,97.75,P48668
12,281,A,10.4,83.5077215226215,AF-P48668-F1-model_v1,A281,2078.0,98.22,P48668
13,287,A,10.98,61.793033101008845,AF-P48668-F1-model_v1,A287,2125.0,97.86,P48668
14,338,A,10.33,61.92707438756201,AF-P48668-F1-model_v1,A338,2525.0,92.43,P48668
15,359,A,11.38,45.57403742807594,AF-P48668-F1-model_v1,A359,2704.0,94.88,P48668
16,378,A,10.43,77.34182234117594,AF-P48668-F1-model_v1,A378,2858.0,97.38,P48668
17,399,A,11.06,80.29073064534555,AF-P48668-F1-model_v1,A399,3037.0,97.05,P48668
18,400,A,10.38,98.2522630434696,AF-P48668-F1-model_v1,A400,3046.0,96.73,P48668
19,421,A,10.41,83.5077215226215,AF-P48668-F1-model_v1,A421,3197.0,97.39,P48668
20,424,A,10.4,86.18854725368479,AF-P48668-F1-model_v1,A424,3219.0,96.65,P48668
21,426,A,10.64,82.16730865708985,AF-P48668-F1-model_v1,A426,3236.0,96.52,P48668
22,436,A,10.44,79.88860678568605,AF-P48668-F1-model_v1,A436,3313.0,97.26,P48668
23,438,A,10.2,47.31657415326708,AF-P48668-F1-model_v1,A438,3327.0,96.43,P48668
24,446,A,11.12,57.905835790967075,AF-P48668-F1-model_v1,A446,3393.0,96.25,P48668
25,455,A,11.39,60.4526202354772,AF-P48668-F1-model_v1,A455,3472.0,96.15,P48668
26,467,A,10.44,68.49509742866708,AF-P48668-F1-model_v1,A467,3569.0,87.72,P48668
0,34,A,10.72,33.108197778631634,3TZD-alt1C_assembled,A34,93.0,0,P10412
1,44,A,10.79,41.552798831481,3TZD-alt1C_assembled,A44,173.0,0,P10412
2,50,A,11.43,8.042477193189871,3TZD-alt1C_assembled,A50,229.0,0,P10412
3,52,A,10.47,64.74194140517847,3TZD-alt1C_assembled,A52,252.0,0,P10412
4,81,A,10.35,87.12683625955694,3TZD-alt1C_assembled,A81,485.0,0,P10412
0,34,A,11.45,52.54418432884049,3TZD-alt1B_assembled,A34,95.0,0,P10412
1,44,A,10.68,65.54618912449746,3TZD-alt1B_assembled,A44,175.0,0,P10412
2,50,A,11.08,0.0,3TZD-alt1B_assembled,A50,231.0,0,P10412
3,52,A,10.44,63.267487253093655,3TZD-alt1B_assembled,A52,254.0,0,P10412
0,34,A,10.44,76.13545076219745,3TZD-alt1A_assembled,A34,95.0,0,P10412
1,44,A,10.67,65.54618912449746,3TZD-alt1A_assembled,A44,175.0,0,P10412
2,50,A,11.35,8.042477193189871,3TZD-alt1A_assembled,A50,231.0,0,P10412
3,52,A,10.53,63.267487253093655,3TZD-alt1A_assembled,A52,254.0,0,P10412
2,173,A,10.38,72.11421216560251,AF-P02538-F1-model_v1,A173,1176.0,84.77,P02538
3,180,A,10.32,68.62913871522024,AF-P02538-F1-model_v1,A180,1234.0,89.49,P02538
4,189,A,10.43,74.25887275045315,AF-P02538-F1-model_v1,A189,1315.0,93.33,P02538
5,194,A,10.41,67.82489099590126,AF-P02538-F1-model_v1,A194,1355.0,88.78,P02538
7,250,A,11.73,60.318578948924035,AF-P02538-F1-model_v1,A250,1824.0,97.34,P02538
8,252,A,11.33,67.42276713624175,AF-P02538-F1-model_v1,A252,1841.0,97.66,P02538
9,259,A,11.19,76.53757462185695,AF-P02538-F1-model_v1,A259,1904.0,96.51,P02538
10,271,A,10.4,76.40353333530379,AF-P02538-F1-model_v1,A271,2000.0,97.59,P02538
11,272,A,10.38,89.5395794175139,AF-P02538-F1-model_v1,A272,2009.0,97.65,P02538
12,281,A,10.4,79.3524416394734,AF-P02538-F1-model_v1,A281,2079.0,98.01,P02538
13,287,A,10.31,62.46323953377466,AF-P02538-F1-model_v1,A287,2126.0,97.61,P02538
14,338,A,10.36,64.60790011862531,AF-P02538-F1-model_v1,A338,2526.0,92.02,P02538
15,359,A,11.4,44.36766584909746,AF-P02538-F1-model_v1,A359,2705.0,94.85,P02538
16,378,A,10.43,81.36306093777087,AF-P02538-F1-model_v1,A378,2859.0,96.99,P02538
17,399,A,10.77,80.82689579155821,AF-P02538-F1-model_v1,A399,3038.0,96.9,P02538
18,400,A,10.39,99.72671719555441,AF-P02538-F1-model_v1,A400,3047.0,96.31,P02538
19,421,A,11.06,62.731322106880995,AF-P02538-F1-model_v1,A421,3200.0,97.42,P02538
20,424,A,10.4,81.2290196512177,AF-P02538-F1-model_v1,A424,3222.0,96.62,P02538
21,426,A,11.06,70.23763415385821,AF-P02538-F1-model_v1,A426,3239.0,96.08,P02538
22,436,A,10.44,70.77379930007086,AF-P02538-F1-model_v1,A436,3316.0,97.21,P02538
23,438,A,10.28,43.965541989437966,AF-P02538-F1-model_v1,A438,3330.0,96.38,P02538
24,446,A,11.15,56.833505498541754,AF-P02538-F1-model_v1,A446,3396.0,96.38,P02538
25,455,A,11.43,61.39090924134935,AF-P02538-F1-model_v1,A455,3475.0,96.2,P02538
26,467,A,10.44,70.90784058662403,AF-P02538-F1-model_v1,A467,3572.0,87.91,P02538
0,53,A,10.39,68.22701485556074,AF-Q58FF7-F1-model_v1,A53,425.0,92.29,Q58FF7
1,64,A,11.3,22.116812281272146,AF-Q58FF7-F1-model_v1,A64,516.0,92.43,Q58FF7
2,69,A,10.56,83.64176280917466,AF-Q58FF7-F1-model_v1,A69,551.0,91.61,Q58FF7
3,72,A,12.11,12.867963509103795,AF-Q58FF7-F1-model_v1,A72,577.0,95.77,Q58FF7
4,95,A,10.37,40.882592398715175,AF-Q58FF7-F1-model_v1,A95,750.0,92.47,Q58FF7
7,121,A,11.25,28.014628889611387,AF-Q58FF7-F1-model_v1,A121,942.0,85.61,Q58FF7
8,127,A,10.09,26.808257310632904,AF-Q58FF7-F1-model_v1,A127,988.0,96.62,Q58FF7
9,159,A,10.53,33.242239065184805,AF-Q58FF7-F1-model_v1,A159,1232.0,96.35,Q58FF7
10,165,A,10.36,29.757165614802524,AF-Q58FF7-F1-model_v1,A165,1282.0,87.83,Q58FF7
11,178,A,11.57,32.706073918972145,AF-Q58FF7-F1-model_v1,A178,1400.0,90.39,Q58FF7
12,182,A,10.28,99.45863462244807,AF-Q58FF7-F1-model_v1,A182,1432.0,86.13,Q58FF7
13,183,A,11.32,48.52294573224556,AF-Q58FF7-F1-model_v1,A183,1441.0,80.89,Q58FF7
22,241,A,10.96,86.18854725368479,AF-Q58FF7-F1-model_v1,A241,1917.0,86.22,Q58FF7
23,248,A,10.5,38.87197310041771,AF-Q58FF7-F1-model_v1,A248,1983.0,93.01,Q58FF7
24,261,A,10.36,98.92246947623542,AF-Q58FF7-F1-model_v1,A261,2088.0,93.41,Q58FF7
25,289,A,10.46,103.47987321904301,AF-Q58FF7-F1-model_v1,A289,2326.0,83.49,Q58FF7
26,290,A,11.21,54.4207623405848,AF-Q58FF7-F1-model_v1,A290,2335.0,83.18,Q58FF7
27,291,A,11.15,52.946308188499984,AF-Q58FF7-F1-model_v1,A291,2344.0,81.4,Q58FF7
28,292,A,12.51,33.108197778631634,AF-Q58FF7-F1-model_v1,A292,2353.0,82.17,Q58FF7
29,296,A,9.34,34.582651930716445,AF-Q58FF7-F1-model_v1,A296,2386.0,83.35,Q58FF7
32,350,A,10.07,48.12082187258606,AF-Q58FF7-F1-model_v1,A350,2835.0,83.88,Q58FF7
33,354,A,10.48,93.42677672755568,AF-Q58FF7-F1-model_v1,A354,2869.0,85.0,Q58FF7
34,364,A,10.45,94.23102444687467,AF-Q58FF7-F1-model_v1,A364,2949.0,95.38,Q58FF7
35,378,A,10.11,52.5441843288405,AF-Q58FF7-F1-model_v1,A378,3063.0,90.84,Q58FF7
36,399,A,10.43,84.71409310159999,AF-Q58FF7-F1-model_v1,A399,3238.0,86.77,Q58FF7
37,404,A,10.05,26.004009591313917,AF-Q58FF7-F1-model_v1,A404,3279.0,86.64,Q58FF7
38,411,A,9.52,23.055101287144296,AF-Q58FF7-F1-model_v1,A411,3329.0,93.74,Q58FF7
39,423,A,11.62,40.61450982560885,AF-Q58FF7-F1-model_v1,A423,3427.0,87.34,Q58FF7
40,424,A,10.66,59.782413802711375,AF-Q58FF7-F1-model_v1,A424,3436.0,91.73,Q58FF7
41,425,A,10.85,77.8779874873886,AF-Q58FF7-F1-model_v1,A425,3445.0,91.33,Q58FF7
42,430,A,11.31,56.43138163888226,AF-Q58FF7-F1-model_v1,A430,3486.0,94.45,Q58FF7
43,432,A,11.1,33.108197778631634,AF-Q58FF7-F1-model_v1,A432,3504.0,95.39,Q58FF7
44,438,A,11.51,66.35043684381645,AF-Q58FF7-F1-model_v1,A438,3555.0,96.22,Q58FF7
45,441,A,10.98,24.26147286612278,AF-Q58FF7-F1-model_v1,A441,3580.0,96.91,Q58FF7
46,446,A,10.44,96.64376760483162,AF-Q58FF7-F1-model_v1,A446,3622.0,89.85,Q58FF7
47,447,A,10.33,49.99739988433036,AF-Q58FF7-F1-model_v1,A447,3631.0,91.27,Q58FF7
48,450,A,10.35,61.256867954796185,AF-Q58FF7-F1-model_v1,A450,3656.0,95.07,Q58FF7
49,480,A,11.16,43.965541989437966,AF-Q58FF7-F1-model_v1,A480,3885.0,84.75,Q58FF7
50,496,A,11.51,65.0100239782848,AF-Q58FF7-F1-model_v1,A496,4006.0,87.5,Q58FF7
51,497,A,9.84,20.910440702293666,AF-Q58FF7-F1-model_v1,A497,4015.0,93.72,Q58FF7
52,514,A,10.56,62.865363393434166,AF-Q58FF7-F1-model_v1,A514,4159.0,93.86,Q58FF7
53,519,A,10.38,69.1653038614329,AF-Q58FF7-F1-model_v1,A519,4195.0,89.77,Q58FF7
54,522,A,10.66,76.26949204875062,AF-Q58FF7-F1-model_v1,A522,4220.0,87.56,Q58FF7
55,525,A,10.36,41.68684011803417,AF-Q58FF7-F1-model_v1,A525,4241.0,90.89,Q58FF7
56,558,A,10.41,65.41214783794427,AF-Q58FF7-F1-model_v1,A558,4505.0,86.2,Q58FF7
0,27,A,10.44,72.38229473870885,AF-P46459-F1-model_v1,A27,196.0,89.07,P46459
1,50,A,10.39,36.727312515567085,AF-P46459-F1-model_v1,A50,389.0,92.74,P46459
2,68,A,10.32,67.02064327658226,AF-P46459-F1-model_v1,A68,524.0,89.34,P46459
3,87,A,10.49,81.2290196512177,AF-P46459-F1-model_v1,A87,676.0,81.67,P46459
4,89,A,10.6,65.41214783794429,AF-P46459-F1-model_v1,A89,690.0,83.09,P46459
5,104,A,11.36,53.61651462126581,AF-P46459-F1-model_v1,A104,809.0,79.39,P46459
6,105,A,10.47,93.56081801410883,AF-P46459-F1-model_v1,A105,818.0,79.21,P46459
7,116,A,10.62,69.96955158075187,AF-P46459-F1-model_v1,A116,905.0,90.71,P46459
8,143,A,12.25,21.982770994718983,AF-P46459-F1-model_v1,A143,1125.0,87.75,P46459
9,150,A,12.21,33.10819777863164,AF-P46459-F1-model_v1,A150,1180.0,91.15,P46459
12,171,A,11.61,68.89722128832656,AF-P46459-F1-model_v1,A171,1338.0,87.03,P46459
13,187,A,9.73,15.548789240167086,AF-P46459-F1-model_v1,A187,1456.0,87.38,P46459
14,198,A,10.62,81.49710222432404,AF-P46459-F1-model_v1,A198,1535.0,79.57,P46459
15,200,A,10.07,40.74855111216201,AF-P46459-F1-model_v1,A200,1549.0,79.28,P46459
18,225,A,10.69,105.89261637699997,AF-P46459-F1-model_v1,A225,1751.0,85.89,P46459
19,251,A,10.29,72.65037731181518,AF-P46459-F1-model_v1,A251,1965.0,80.53,P46459
20,254,A,9.26,17.961532398124046,AF-P46459-F1-model_v1,A254,1991.0,87.29,P46459
21,266,A,8.85,15.414747953613919,AF-P46459-F1-model_v1,A266,2072.0,90.31,P46459
22,275,A,10.25,87.79704269232276,AF-P46459-F1-model_v1,A275,2141.0,78.83,P46459
23,283,A,10.79,36.45922994246075,AF-P46459-F1-model_v1,A283,2206.0,90.37,P46459
24,293,A,10.43,76.53757462185695,AF-P46459-F1-model_v1,A293,2281.0,81.29,P46459
25,304,A,10.43,78.81627649326074,AF-P46459-F1-model_v1,A304,2369.0,92.01,P46459
26,335,A,10.24,81.49710222432402,AF-P46459-F1-model_v1,A335,2613.0,83.16,P46459
27,357,A,10.9,17.15728467880506,AF-P46459-F1-model_v1,A357,2771.0,87.72,P46459
28,392,A,10.0,39.81026210628986,AF-P46459-F1-model_v1,A392,3044.0,91.69,P46459
29,401,A,10.62,91.55019871581138,AF-P46459-F1-model_v1,A401,3114.0,89.27,P46459
30,427,A,10.58,86.72471239989744,AF-P46459-F1-model_v1,A427,3322.0,92.94,P46459
31,434,A,9.73,34.716693217269615,AF-P46459-F1-model_v1,A434,3376.0,78.59,P46459
35,489,A,11.33,72.516336025262,AF-P46459-F1-model_v1,A489,3795.0,73.7,P46459
36,509,A,10.5,68.7631800017734,AF-P46459-F1-model_v1,A509,3951.0,91.04,P46459
37,529,A,10.37,73.18654245802783,AF-P46459-F1-model_v1,A529,4110.0,91.73,P46459
38,549,A,8.65,0.0,AF-P46459-F1-model_v1,A549,4257.0,94.17,P46459
39,555,A,11.53,17.023243392251896,AF-P46459-F1-model_v1,A555,4296.0,92.06,P46459
40,566,A,9.64,74.3929140370063,AF-P46459-F1-model_v1,A566,4387.0,89.2,P46459
41,572,A,11.11,35.92306479624809,AF-P46459-F1-model_v1,A572,4431.0,87.56,P46459
42,581,A,10.8,0.0,AF-P46459-F1-model_v1,A581,4498.0,94.18,P46459
43,586,A,10.65,67.55680842279492,AF-P46459-F1-model_v1,A586,4535.0,92.69,P46459
44,587,A,10.48,97.44801532415062,AF-P46459-F1-model_v1,A587,4544.0,89.62,P46459
45,594,A,11.1,73.72270760424048,AF-P46459-F1-model_v1,A594,4605.0,79.62,P46459
46,631,A,10.35,69.03126257487973,AF-P46459-F1-model_v1,A631,4895.0,91.9,P46459
47,632,A,10.26,69.96955158075188,AF-P46459-F1-model_v1,A632,4904.0,92.95,P46459
48,639,A,11.11,12.465839649444302,AF-P46459-F1-model_v1,A639,4956.0,93.25,P46459
49,649,A,11.39,37.66560152143923,AF-P46459-F1-model_v1,A649,5032.0,93.18,P46459
50,687,A,10.47,81.09497836466454,AF-P46459-F1-model_v1,A687,5327.0,90.58,P46459
51,689,A,10.44,91.14807485615188,AF-P46459-F1-model_v1,A689,5344.0,90.59,P46459
52,699,A,10.51,84.84813438815314,AF-P46459-F1-model_v1,A699,5425.0,82.57,P46459
53,701,A,10.02,54.82288620024429,AF-P46459-F1-model_v1,A701,5438.0,84.39,P46459
54,702,A,10.52,97.17993275104428,AF-P46459-F1-model_v1,A702,5447.0,85.05,P46459
55,708,A,10.3,77.74394620083542,AF-P46459-F1-model_v1,A708,5497.0,92.41,P46459
56,709,A,11.27,34.046486784503784,AF-P46459-F1-model_v1,A709,5506.0,92.41,P46459
57,728,A,10.4,50.131441170883534,AF-P46459-F1-model_v1,A728,5668.0,92.51,P46459
0,20,A,10.41,80.69285450500504,AF-O00567-F1-model_v1,A20,156.0,77.88,O00567
1,41,A,10.42,71.44400573283669,AF-O00567-F1-model_v1,A41,320.0,82.69,O00567
6,99,A,10.56,84.04388666883415,AF-O00567-F1-model_v1,A99,764.0,90.99,O00567
7,134,A,10.44,103.21179064593669,AF-O00567-F1-model_v1,A134,1032.0,79.79,O00567
8,143,A,10.39,94.63314830653417,AF-O00567-F1-model_v1,A143,1093.0,92.16,O00567
9,156,A,11.24,55.76117520611645,AF-O00567-F1-model_v1,A156,1190.0,89.75,O00567
10,158,A,10.55,99.05651076278859,AF-O00567-F1-model_v1,A158,1206.0,84.18,O00567
11,180,A,10.49,91.68424000236453,AF-O00567-F1-model_v1,A180,1385.0,95.23,O00567
12,202,A,10.49,98.78842818968226,AF-O00567-F1-model_v1,A202,1582.0,87.23,O00567
13,227,A,10.08,35.38689965003544,AF-O00567-F1-model_v1,A227,1789.0,76.23,O00567
14,230,A,10.47,60.4526202354772,AF-O00567-F1-model_v1,A230,1815.0,79.54,O00567
15,240,A,10.71,54.956927486797454,AF-O00567-F1-model_v1,A240,1890.0,84.15,O00567
16,242,A,10.59,65.94831298415694,AF-O00567-F1-model_v1,A242,1904.0,85.65,O00567
17,288,A,10.51,57.369670644754414,AF-O00567-F1-model_v1,A288,2263.0,90.56,O00567
18,320,A,10.39,85.11621696125948,AF-O00567-F1-model_v1,A320,2482.0,94.96,O00567
19,333,A,10.43,112.86276327776451,AF-O00567-F1-model_v1,A333,2578.0,87.39,O00567
20,340,A,10.4,86.72471239989744,AF-O00567-F1-model_v1,A340,2635.0,92.29,O00567
21,347,A,10.36,81.2290196512177,AF-O00567-F1-model_v1,A347,2688.0,84.12,O00567
22,363,A,10.46,94.49910701998098,AF-O00567-F1-model_v1,A363,2812.0,87.64,O00567
23,365,A,10.33,38.60389052731138,AF-O00567-F1-model_v1,A365,2829.0,89.09,O00567
24,375,A,8.4,0.0,AF-O00567-F1-model_v1,A375,2911.0,93.51,O00567
25,396,A,11.45,16.6211195325924,AF-O00567-F1-model_v1,A396,3068.0,90.93,O00567
26,416,A,10.44,87.79704269232278,AF-O00567-F1-model_v1,A416,3242.0,82.34,O00567
27,422,A,10.39,93.82890058721517,AF-O00567-F1-model_v1,A422,3290.0,83.11,O00567
28,438,A,11.39,79.88860678568606,AF-O00567-F1-model_v1,A438,3410.0,79.96,O00567
29,441,A,10.39,90.07574456372656,AF-O00567-F1-model_v1,A441,3436.0,79.66,O00567
30,444,A,10.63,86.18854725368479,AF-O00567-F1-model_v1,A444,3463.0,75.9,O00567
31,445,A,10.39,91.01403356959871,AF-O00567-F1-model_v1,A445,3472.0,78.19,O00567
32,448,A,10.42,78.41415263360125,AF-O00567-F1-model_v1,A448,3500.0,75.33,O00567
33,449,A,10.39,95.03527216619364,AF-O00567-F1-model_v1,A449,3509.0,77.71,O00567
34,451,A,10.42,84.44601052849364,AF-O00567-F1-model_v1,A451,3527.0,76.73,O00567
35,452,A,10.4,77.20778105462277,AF-O00567-F1-model_v1,A452,3536.0,77.42,O00567
0,56,A,11.05,48.12082187258606,4XZ2-alt-1_assembled,A56,213.0,0,Q01813
1,109,A,10.5,49.05911087845821,4XZ2-alt-1_assembled,A109,619.0,0,Q01813
2,139,A,10.26,68.09297356900757,4XZ2-alt-1_assembled,A139,832.0,0,Q01813
3,156,A,10.42,60.31857894892404,4XZ2-alt-1_assembled,A156,969.0,0,Q01813
4,161,A,9.88,13.136046082210123,4XZ2-alt-1_assembled,A161,1008.0,0,Q01813
5,255,A,9.01,7.640353333530379,4XZ2-alt-1_assembled,A255,1726.0,0,Q01813
6,263,A,10.36,65.27810655139112,4XZ2-alt-1_assembled,A263,1793.0,0,Q01813
7,264,A,10.1,21.178523275399996,4XZ2-alt-1_assembled,A264,1802.0,0,Q01813
8,281,A,10.5,62.731322106880995,4XZ2-alt-1_assembled,A281,1932.0,0,Q01813
9,287,A,10.2,52.008019182627834,4XZ2-alt-1_assembled,A287,1978.0,0,Q01813
10,289,A,10.49,21.31256456195316,4XZ2-alt-1_assembled,A289,1995.0,0,Q01813
11,369,A,10.53,60.18453766237088,4XZ2-alt-1_assembled,A369,2594.0,0,Q01813
12,395,A,9.91,50.131441170883534,4XZ2-alt-1_assembled,A395,2809.0,0,Q01813
13,400,A,9.99,12.73392222255063,4XZ2-alt-1_assembled,A400,2850.0,0,Q01813
14,408,A,10.16,46.24424386084176,4XZ2-alt-1_assembled,A408,2914.0,0,Q01813
15,455,A,11.5,52.008019182627834,4XZ2-alt-1_assembled,A455,3246.0,0,Q01813
16,459,A,10.1,39.944303392843025,4XZ2-alt-1_assembled,A459,3276.0,0,Q01813
17,480,A,10.67,30.695454620674678,4XZ2-alt-1_assembled,A480,3425.0,0,Q01813
18,486,A,10.56,78.01202877394175,4XZ2-alt-1_assembled,A486,3471.0,0,Q01813
19,524,A,10.41,70.50571672696454,4XZ2-alt-1_assembled,A524,3768.0,0,Q01813
20,567,A,6.6,12.197757076337972,4XZ2-alt-1_assembled,A567,4086.0,0,Q01813
21,574,A,10.39,43.02725298356581,4XZ2-alt-1_assembled,A574,4132.0,0,Q01813
22,625,A,10.09,9.919055204934175,4XZ2-alt-1_assembled,A625,4528.0,0,Q01813
23,627,A,11.27,45.17191356841645,4XZ2-alt-1_assembled,A627,4545.0,0,Q01813
24,659,A,10.73,45.70807871462911,4XZ2-alt-1_assembled,A659,4808.0,0,Q01813
25,666,A,11.36,22.652977427484807,4XZ2-alt-1_assembled,A666,4864.0,0,Q01813
26,688,A,8.09,42.893211697012646,4XZ2-alt-1_assembled,A688,5029.0,0,Q01813
27,700,A,11.45,9.516931345274681,4XZ2-alt-1_assembled,A700,5124.0,0,Q01813
28,702,A,10.4,62.329198247221505,4XZ2-alt-1_assembled,A702,5141.0,0,Q01813
29,709,A,10.46,90.20978585027973,4XZ2-alt-1_assembled,A709,5194.0,0,Q01813
30,710,A,10.76,32.43799134586581,4XZ2-alt-1_assembled,A710,5203.0,0,Q01813
31,724,A,10.53,58.844124796839225,4XZ2-alt-1_assembled,A724,5306.0,0,Q01813
32,736,A,10.16,55.35905134645695,4XZ2-alt-1_assembled,A736,5405.0,0,Q01813
33,737,A,10.42,87.12683625955694,4XZ2-alt-1_assembled,A737,5414.0,0,Q01813
34,747,A,10.52,76.40353333530379,4XZ2-alt-1_assembled,A747,5503.0,0,Q01813
35,753,A,8.65,32.706073918972145,4XZ2-alt-1_assembled,A753,5566.0,0,Q01813
36,759,A,10.15,72.24825345215567,4XZ2-alt-1_assembled,A759,5617.0,0,Q01813
37,56,B,11.57,26.808257310632904,4XZ2-alt-1_assembled,B56,5849.0,0,Q01813
38,109,B,10.61,53.21439076160632,4XZ2-alt-1_assembled,B109,6255.0,0,Q01813
39,139,B,10.05,44.63574842220379,4XZ2-alt-1_assembled,B139,6468.0,0,Q01813
40,156,B,10.44,79.21840035292024,4XZ2-alt-1_assembled,B156,6605.0,0,Q01813
41,161,B,10.01,16.621119532592402,4XZ2-alt-1_assembled,B161,6644.0,0,Q01813
42,255,B,8.07,0.0,4XZ2-alt-1_assembled,B255,7362.0,0,Q01813
43,263,B,10.38,60.18453766237087,4XZ2-alt-1_assembled,B263,7429.0,0,Q01813
44,264,B,10.0,18.36365625778354,4XZ2-alt-1_assembled,B264,7438.0,0,Q01813
45,281,B,10.01,49.86335859777721,4XZ2-alt-1_assembled,B281,7568.0,0,Q01813
46,287,B,10.01,36.72731251556708,4XZ2-alt-1_assembled,B287,7614.0,0,Q01813
47,289,B,10.33,53.482473334712644,4XZ2-alt-1_assembled,B289,7631.0,0,Q01813
48,369,B,10.29,50.80164760364936,4XZ2-alt-1_assembled,B369,8230.0,0,Q01813
49,395,B,9.85,55.62713391956328,4XZ2-alt-1_assembled,B395,8445.0,0,Q01813
50,400,B,10.13,16.084954386379742,4XZ2-alt-1_assembled,B400,8486.0,0,Q01813
51,408,B,9.64,15.280706667060757,4XZ2-alt-1_assembled,B408,8550.0,0,Q01813
52,455,B,11.36,48.656987018798716,4XZ2-alt-1_assembled,B455,8882.0,0,Q01813
53,459,B,10.48,66.75256070347594,4XZ2-alt-1_assembled,B459,8912.0,0,Q01813
54,480,B,10.71,42.08896397769366,4XZ2-alt-1_assembled,B480,9061.0,0,Q01813
55,486,B,10.63,45.7080787146291,4XZ2-alt-1_assembled,B486,9107.0,0,Q01813
56,524,B,10.6,74.12483146389998,4XZ2-alt-1_assembled,B524,9404.0,0,Q01813
57,567,B,7.93,0.0,4XZ2-alt-1_assembled,B567,9722.0,0,Q01813
58,574,B,10.37,54.420762340584794,4XZ2-alt-1_assembled,B574,9768.0,0,Q01813
59,625,B,10.3,12.197757076337972,4XZ2-alt-1_assembled,B625,10164.0,0,Q01813
60,627,B,11.34,53.88459719437214,4XZ2-alt-1_assembled,B627,10181.0,0,Q01813
61,659,B,11.18,47.31657415326707,4XZ2-alt-1_assembled,B659,10444.0,0,Q01813
62,666,B,11.39,30.56141333412151,4XZ2-alt-1_assembled,B666,10500.0,0,Q01813
63,688,B,8.59,36.45922994246075,4XZ2-alt-1_assembled,B688,10665.0,0,Q01813
64,700,B,10.95,24.395514152675943,4XZ2-alt-1_assembled,B700,10760.0,0,Q01813
65,702,B,10.35,61.927074387562016,4XZ2-alt-1_assembled,B702,10777.0,0,Q01813
66,709,B,10.03,50.131441170883534,4XZ2-alt-1_assembled,B709,10830.0,0,Q01813
67,710,B,10.33,52.946308188499984,4XZ2-alt-1_assembled,B710,10839.0,0,Q01813
68,724,B,9.69,27.61250502995189,4XZ2-alt-1_assembled,B724,10942.0,0,Q01813
69,736,B,10.32,45.57403742807594,4XZ2-alt-1_assembled,B736,11041.0,0,Q01813
70,737,B,10.49,66.61851941692277,4XZ2-alt-1_assembled,B737,11050.0,0,Q01813
71,747,B,10.37,23.32318386025063,4XZ2-alt-1_assembled,B747,11139.0,0,Q01813
72,753,B,9.0,38.73793181386454,4XZ2-alt-1_assembled,B753,11202.0,0,Q01813
73,759,B,10.57,68.22701485556075,4XZ2-alt-1_assembled,B759,11253.0,0,Q01813
0,15,A,10.82,41.28471625837467,4XYJ-alt-1_assembled,A15,27.0,0,Q01813
1,25,A,9.61,32.303950059312655,4XYJ-alt-1_assembled,A25,101.0,0,Q01813
2,56,A,10.91,49.05911087845821,4XYJ-alt-1_assembled,A56,311.0,0,Q01813
3,109,A,10.49,55.76117520611645,4XYJ-alt-1_assembled,A109,717.0,0,Q01813
4,139,A,10.19,53.884597194372134,4XYJ-alt-1_assembled,A139,930.0,0,Q01813
5,156,A,10.43,63.26748725309365,4XYJ-alt-1_assembled,A156,1067.0,0,Q01813
6,161,A,11.39,45.17191356841644,4XYJ-alt-1_assembled,A161,1106.0,0,Q01813
7,255,A,8.23,28.282711462717714,4XYJ-alt-1_assembled,A255,1824.0,0,Q01813
8,263,A,10.47,78.68223520670757,4XYJ-alt-1_assembled,A263,1891.0,0,Q01813
9,264,A,10.22,18.095573684677213,4XYJ-alt-1_assembled,A264,1900.0,0,Q01813
10,281,A,10.49,59.64837251615822,4XYJ-alt-1_assembled,A281,2030.0,0,Q01813
11,287,A,10.78,32.70607391897214,4XYJ-alt-1_assembled,A287,2076.0,0,Q01813
12,289,A,10.22,33.51032163829113,4XYJ-alt-1_assembled,A289,2093.0,0,Q01813
13,369,A,11.29,56.56542292543543,4XYJ-alt-1_assembled,A369,2692.0,0,Q01813
14,395,A,9.26,57.63775321786075,4XYJ-alt-1_assembled,A395,2907.0,0,Q01813
15,400,A,9.76,37.3975189483329,4XYJ-alt-1_assembled,A400,2948.0,0,Q01813
16,408,A,10.93,25.60188573165442,4XYJ-alt-1_assembled,A408,3012.0,0,Q01813
17,455,A,11.02,44.903830995310116,4XYJ-alt-1_assembled,A455,3344.0,0,Q01813
18,459,A,10.49,75.46524432943163,4XYJ-alt-1_assembled,A459,3374.0,0,Q01813
19,480,A,11.49,25.601885731654423,4XYJ-alt-1_assembled,A480,3523.0,0,Q01813
20,486,A,10.49,86.32258854023794,4XYJ-alt-1_assembled,A486,3569.0,0,Q01813
21,524,A,10.47,68.7631800017734,4XYJ-alt-1_assembled,A524,3866.0,0,Q01813
22,567,A,8.88,17.961532398124046,4XYJ-alt-1_assembled,A567,4184.0,0,Q01813
23,574,A,10.81,36.995395088673405,4XYJ-alt-1_assembled,A574,4230.0,0,Q01813
24,625,A,9.57,22.116812281272146,4XYJ-alt-1_assembled,A625,4626.0,0,Q01813
25,627,A,10.66,49.72931731122404,4XYJ-alt-1_assembled,A627,4643.0,0,Q01813
26,659,A,11.69,47.316574153267084,4XYJ-alt-1_assembled,A659,4906.0,0,Q01813
27,666,A,11.22,41.15067497182151,4XYJ-alt-1_assembled,A666,4962.0,0,Q01813
28,688,A,9.02,65.68023041105062,4XYJ-alt-1_assembled,A688,5127.0,0,Q01813
29,700,A,10.38,17.961532398124046,4XYJ-alt-1_assembled,A700,5222.0,0,Q01813
30,702,A,8.81,35.654982223141765,4XYJ-alt-1_assembled,A702,5239.0,0,Q01813
31,709,A,9.2,24.26147286612278,4XYJ-alt-1_assembled,A709,5292.0,0,Q01813
32,710,A,10.55,84.5800518150468,4XYJ-alt-1_assembled,A710,5301.0,0,Q01813
33,724,A,10.36,73.99079017734682,4XYJ-alt-1_assembled,A724,5404.0,0,Q01813
34,736,A,10.32,64.20577625896581,4XYJ-alt-1_assembled,A736,5503.0,0,Q01813
35,737,A,10.45,79.62052421257972,4XYJ-alt-1_assembled,A737,5512.0,0,Q01813
36,747,A,10.27,49.86335859777721,4XYJ-alt-1_assembled,A747,5601.0,0,Q01813
37,753,A,11.02,53.75055590781898,4XYJ-alt-1_assembled,A753,5664.0,0,Q01813
38,759,A,9.8,27.478463743398727,4XYJ-alt-1_assembled,A759,5715.0,0,Q01813
39,763,A,10.05,58.978166083392395,4XYJ-alt-1_assembled,A763,5745.0,0,Q01813
40,765,A,9.71,82.97155637640884,4XYJ-alt-1_assembled,A765,5766.0,0,Q01813
41,15,B,10.86,26.942298597186074,4XYJ-alt-1_assembled,B15,5900.0,0,Q01813
42,25,B,9.47,36.32518865590759,4XYJ-alt-1_assembled,B25,5974.0,0,Q01813
43,56,B,10.92,51.87397789607468,4XYJ-alt-1_assembled,B56,6184.0,0,Q01813
44,109,B,10.51,69.83551029419871,4XYJ-alt-1_assembled,B109,6590.0,0,Q01813
45,139,B,10.41,79.62052421257974,4XYJ-alt-1_assembled,B139,6803.0,0,Q01813
46,156,B,10.41,72.24825345215568,4XYJ-alt-1_assembled,B156,6940.0,0,Q01813
47,161,B,11.32,61.52495052790252,4XYJ-alt-1_assembled,B161,6979.0,0,Q01813
48,255,B,8.73,10.05309649148734,4XYJ-alt-1_assembled,B255,7697.0,0,Q01813
49,263,B,10.47,80.29073064534555,4XYJ-alt-1_assembled,B263,7764.0,0,Q01813
50,264,B,10.24,24.797638012335437,4XYJ-alt-1_assembled,B264,7773.0,0,Q01813
51,281,B,10.37,61.39090924134935,4XYJ-alt-1_assembled,B281,7903.0,0,Q01813
52,287,B,10.78,40.61450982560885,4XYJ-alt-1_assembled,B287,7949.0,0,Q01813
53,289,B,10.19,30.56141333412151,4XYJ-alt-1_assembled,B289,7966.0,0,Q01813
54,369,B,11.4,63.40152853964682,4XYJ-alt-1_assembled,B369,8565.0,0,Q01813
55,395,B,9.46,42.62512912390632,4XYJ-alt-1_assembled,B395,8780.0,0,Q01813
56,400,B,9.62,34.716693217269615,4XYJ-alt-1_assembled,B400,8821.0,0,Q01813
57,408,B,10.96,30.829495907227844,4XYJ-alt-1_assembled,B408,8885.0,0,Q01813
58,455,B,11.35,49.05911087845821,4XYJ-alt-1_assembled,B455,9217.0,0,Q01813
59,459,B,10.43,53.75055590781898,4XYJ-alt-1_assembled,B459,9247.0,0,Q01813
60,480,B,9.45,39.542179533183536,4XYJ-alt-1_assembled,B480,9396.0,0,Q01813
61,486,B,10.52,78.68223520670759,4XYJ-alt-1_assembled,B486,9442.0,0,Q01813
62,524,B,10.49,82.83751508985569,4XYJ-alt-1_assembled,B524,9739.0,0,Q01813
63,567,B,8.83,9.516931345274681,4XYJ-alt-1_assembled,B567,10057.0,0,Q01813
64,574,B,9.53,39.006014386970875,4XYJ-alt-1_assembled,B574,10103.0,0,Q01813
65,625,B,9.59,15.280706667060755,4XYJ-alt-1_assembled,B625,10499.0,0,Q01813
66,627,B,10.68,49.72931731122404,4XYJ-alt-1_assembled,B627,10516.0,0,Q01813
67,659,B,10.85,57.50371193130758,4XYJ-alt-1_assembled,B659,10779.0,0,Q01813
68,666,B,11.21,39.81026210628986,4XYJ-alt-1_assembled,B666,10835.0,0,Q01813
69,688,B,8.95,51.06973017675569,4XYJ-alt-1_assembled,B688,11000.0,0,Q01813
70,700,B,10.59,16.755160819145566,4XYJ-alt-1_assembled,B700,11095.0,0,Q01813
71,702,B,10.33,73.7227076042405,4XYJ-alt-1_assembled,B702,11112.0,0,Q01813
72,709,B,11.17,31.63374362654683,4XYJ-alt-1_assembled,B709,11165.0,0,Q01813
73,710,B,10.85,44.76978970875696,4XYJ-alt-1_assembled,B710,11174.0,0,Q01813
74,724,B,10.37,77.34182234117593,4XYJ-alt-1_assembled,B724,11277.0,0,Q01813
75,736,B,10.3,60.854744095136695,4XYJ-alt-1_assembled,B736,11376.0,0,Q01813
76,737,B,10.53,79.3524416394734,4XYJ-alt-1_assembled,B737,11385.0,0,Q01813
77,747,B,10.4,49.59527602467087,4XYJ-alt-1_assembled,B747,11474.0,0,Q01813
78,753,B,11.16,54.68884491369113,4XYJ-alt-1_assembled,B753,11537.0,0,Q01813
79,759,B,9.82,23.72530771991012,4XYJ-alt-1_assembled,B759,11588.0,0,Q01813
80,763,B,10.1,55.22501005990378,4XYJ-alt-1_assembled,B763,11618.0,0,Q01813
81,765,B,9.75,83.90984538228099,4XYJ-alt-1_assembled,B765,11639.0,0,Q01813
82,15,C,11.02,46.24424386084176,4XYJ-alt-1_assembled,C15,11778.0,0,Q01813
83,25,C,9.38,37.79964280799239,4XYJ-alt-1_assembled,C25,11852.0,0,Q01813
84,56,C,11.33,49.46123473811771,4XYJ-alt-1_assembled,C56,12062.0,0,Q01813
85,109,C,10.55,68.49509742866707,4XYJ-alt-1_assembled,C109,12468.0,0,Q01813
86,139,C,10.31,68.89722128832656,4XYJ-alt-1_assembled,C139,12681.0,0,Q01813
87,156,C,10.29,77.8779874873886,4XYJ-alt-1_assembled,C156,12818.0,0,Q01813
88,161,C,10.79,84.98217567470631,4XYJ-alt-1_assembled,C161,12857.0,0,Q01813
89,255,C,8.48,21.04448198884683,4XYJ-alt-1_assembled,C255,13575.0,0,Q01813
90,263,C,10.45,77.74394620083541,4XYJ-alt-1_assembled,C263,13642.0,0,Q01813
91,264,C,10.2,25.73592701820759,4XYJ-alt-1_assembled,C264,13651.0,0,Q01813
92,281,C,10.34,48.3889044456924,4XYJ-alt-1_assembled,C281,13781.0,0,Q01813
93,287,C,10.12,25.19976187199493,4XYJ-alt-1_assembled,C287,13827.0,0,Q01813
94,289,C,10.54,42.89321169701265,4XYJ-alt-1_assembled,C289,13844.0,0,Q01813
95,369,C,10.64,60.854744095136695,4XYJ-alt-1_assembled,C369,14443.0,0,Q01813
96,395,C,9.59,58.978166083392395,4XYJ-alt-1_assembled,C395,14658.0,0,Q01813
97,400,C,8.61,15.41474795361392,4XYJ-alt-1_assembled,C400,14699.0,0,Q01813
98,408,C,11.02,22.78701871403797,4XYJ-alt-1_assembled,C408,14763.0,0,Q01813
99,455,C,11.66,48.65698701879872,4XYJ-alt-1_assembled,C455,15095.0,0,Q01813
100,459,C,11.28,47.718698012926566,4XYJ-alt-1_assembled,C459,15125.0,0,Q01813
101,480,C,10.58,50.80164760364936,4XYJ-alt-1_assembled,C480,15274.0,0,Q01813
102,486,C,10.47,93.29273544100252,4XYJ-alt-1_assembled,C486,15320.0,0,Q01813
103,524,C,10.51,80.15668935879239,4XYJ-alt-1_assembled,C524,15617.0,0,Q01813
104,567,C,7.39,23.72530771991012,4XYJ-alt-1_assembled,C567,15935.0,0,Q01813
105,574,C,5.31,0.0,4XYJ-alt-1_assembled,C574,15981.0,0,Q01813
106,625,C,9.95,8.84672491250886,4XYJ-alt-1_assembled,C625,16377.0,0,Q01813
107,627,C,10.88,49.86335859777721,4XYJ-alt-1_assembled,C627,16394.0,0,Q01813
108,659,C,10.73,50.93568889020253,4XYJ-alt-1_assembled,C659,16657.0,0,Q01813
109,666,C,10.87,44.903830995310116,4XYJ-alt-1_assembled,C666,16713.0,0,Q01813
110,688,C,8.26,47.85273929947974,4XYJ-alt-1_assembled,C688,16878.0,0,Q01813
111,700,C,10.0,42.08896397769366,4XYJ-alt-1_assembled,C700,16973.0,0,Q01813
112,702,C,10.39,77.0737397680696,4XYJ-alt-1_assembled,C702,16990.0,0,Q01813
113,709,C,10.53,72.78441859836835,4XYJ-alt-1_assembled,C709,17043.0,0,Q01813
114,710,C,9.68,19.167903977102526,4XYJ-alt-1_assembled,C710,17052.0,0,Q01813
115,724,C,10.3,68.89722128832656,4XYJ-alt-1_assembled,C724,17155.0,0,Q01813
116,736,C,10.1,38.46984924075822,4XYJ-alt-1_assembled,C736,17254.0,0,Q01813
117,737,C,10.21,82.97155637640884,4XYJ-alt-1_assembled,C737,17263.0,0,Q01813
118,747,C,10.57,52.27610175573417,4XYJ-alt-1_assembled,C747,17352.0,0,Q01813
119,753,C,10.98,43.027252983565816,4XYJ-alt-1_assembled,C753,17415.0,0,Q01813
120,759,C,9.78,27.076339883739234,4XYJ-alt-1_assembled,C759,17466.0,0,Q01813
121,763,C,9.42,39.94430339284303,4XYJ-alt-1_assembled,C763,17496.0,0,Q01813
122,765,C,9.92,65.54618912449746,4XYJ-alt-1_assembled,C765,17517.0,0,Q01813
123,15,D,10.42,34.984775790375934,4XYJ-alt-1_assembled,D15,17652.0,0,Q01813
124,25,D,9.75,38.46984924075822,4XYJ-alt-1_assembled,D25,17726.0,0,Q01813
125,56,D,11.02,47.9867805860329,4XYJ-alt-1_assembled,D56,17936.0,0,Q01813
126,109,D,10.48,51.73993660952151,4XYJ-alt-1_assembled,D109,18342.0,0,Q01813
127,139,D,10.12,69.70146900764556,4XYJ-alt-1_assembled,D139,18555.0,0,Q01813
128,156,D,10.29,62.3291982472215,4XYJ-alt-1_assembled,D156,18692.0,0,Q01813
129,161,D,10.7,64.2057762589658,4XYJ-alt-1_assembled,D161,18731.0,0,Q01813
130,255,D,9.28,14.342417661188604,4XYJ-alt-1_assembled,D255,19449.0,0,Q01813
131,263,D,9.99,83.64176280917468,4XYJ-alt-1_assembled,D263,19516.0,0,Q01813
132,264,D,9.93,27.61250502995189,4XYJ-alt-1_assembled,D264,19525.0,0,Q01813
133,281,D,10.33,52.81226690194682,4XYJ-alt-1_assembled,D281,19655.0,0,Q01813
134,287,D,10.72,41.418757544927836,4XYJ-alt-1_assembled,D287,19701.0,0,Q01813
135,289,D,10.27,30.82949590722784,4XYJ-alt-1_assembled,D289,19718.0,0,Q01813
136,369,D,11.35,53.884597194372134,4XYJ-alt-1_assembled,D369,20317.0,0,Q01813
137,395,D,9.09,47.04849158016074,4XYJ-alt-1_assembled,D395,20532.0,0,Q01813
138,400,D,9.08,16.084954386379742,4XYJ-alt-1_assembled,D400,20573.0,0,Q01813
139,408,D,11.22,28.014628889611387,4XYJ-alt-1_assembled,D408,20637.0,0,Q01813
140,455,D,10.94,43.027252983565816,4XYJ-alt-1_assembled,D455,20969.0,0,Q01813
141,459,D,10.43,63.803652399306316,4XYJ-alt-1_assembled,D459,20999.0,0,Q01813
142,480,D,9.39,31.901826199653158,4XYJ-alt-1_assembled,D480,21148.0,0,Q01813
143,486,D,10.69,72.24825345215568,4XYJ-alt-1_assembled,D486,21194.0,0,Q01813
144,524,D,10.59,71.17592315973036,4XYJ-alt-1_assembled,D524,21491.0,0,Q01813
145,567,D,10.58,15.012624093954427,4XYJ-alt-1_assembled,D567,21809.0,0,Q01813
146,574,D,10.4,71.17592315973036,4XYJ-alt-1_assembled,D574,21855.0,0,Q01813
147,625,D,9.94,7.640353333530379,4XYJ-alt-1_assembled,D625,22251.0,0,Q01813
148,627,D,10.5,41.28471625837467,4XYJ-alt-1_assembled,D627,22268.0,0,Q01813
149,659,D,10.93,57.36967064475442,4XYJ-alt-1_assembled,D659,22531.0,0,Q01813
150,666,D,10.22,49.72931731122404,4XYJ-alt-1_assembled,D666,22587.0,0,Q01813
151,688,D,6.48,38.067725381098725,4XYJ-alt-1_assembled,D688,22752.0,0,Q01813
152,700,D,10.46,33.242239065184805,4XYJ-alt-1_assembled,D700,22847.0,0,Q01813
153,702,D,10.42,82.97155637640884,4XYJ-alt-1_assembled,D702,22864.0,0,Q01813
154,709,D,10.37,65.94831298415696,4XYJ-alt-1_assembled,D709,22917.0,0,Q01813
155,710,D,10.66,62.59728082032783,4XYJ-alt-1_assembled,D710,22926.0,0,Q01813
156,724,D,9.93,68.36105614211391,4XYJ-alt-1_assembled,D724,23029.0,0,Q01813
157,736,D,10.34,60.452620235477205,4XYJ-alt-1_assembled,D736,23128.0,0,Q01813
158,737,D,10.45,76.80565719496327,4XYJ-alt-1_assembled,D737,23137.0,0,Q01813
159,747,D,10.52,79.7545654991329,4XYJ-alt-1_assembled,D747,23226.0,0,Q01813
160,753,D,10.22,45.439996141522776,4XYJ-alt-1_assembled,D753,23289.0,0,Q01813
161,759,D,9.9,21.58064713505949,4XYJ-alt-1_assembled,D759,23340.0,0,Q01813
162,763,D,9.82,52.142060469181004,4XYJ-alt-1_assembled,D763,23370.0,0,Q01813
163,765,D,10.03,73.45462503113416,4XYJ-alt-1_assembled,D765,23391.0,0,Q01813
164,15,E,11.21,60.18453766237087,4XYJ-alt-1_assembled,E15,23526.0,0,Q01813
165,25,E,9.68,34.44861064416328,4XYJ-alt-1_assembled,E25,23600.0,0,Q01813
166,56,E,11.28,29.221000468589864,4XYJ-alt-1_assembled,E56,23810.0,0,Q01813
167,109,E,10.45,46.780409007054416,4XYJ-alt-1_assembled,E109,24216.0,0,Q01813
168,139,E,10.32,62.73132210688101,4XYJ-alt-1_assembled,E139,24429.0,0,Q01813
169,156,E,10.5,61.52495052790252,4XYJ-alt-1_assembled,E156,24566.0,0,Q01813
170,161,E,10.55,77.20778105462276,4XYJ-alt-1_assembled,E161,24605.0,0,Q01813
171,255,E,9.14,9.919055204934175,4XYJ-alt-1_assembled,E255,25323.0,0,Q01813
172,263,E,9.99,63.93769368585947,4XYJ-alt-1_assembled,E263,25390.0,0,Q01813
173,264,E,10.43,30.963537193781008,4XYJ-alt-1_assembled,E264,25399.0,0,Q01813
174,281,E,10.35,54.55480362713796,4XYJ-alt-1_assembled,E281,25529.0,0,Q01813
175,287,E,10.61,35.92306479624809,4XYJ-alt-1_assembled,E287,25575.0,0,Q01813
176,289,E,10.22,36.72731251556708,4XYJ-alt-1_assembled,E289,25592.0,0,Q01813
177,369,E,10.6,42.62512912390632,4XYJ-alt-1_assembled,E369,26191.0,0,Q01813
178,395,E,9.39,42.088963977693666,4XYJ-alt-1_assembled,E395,26406.0,0,Q01813
179,400,E,9.19,28.282711462717714,4XYJ-alt-1_assembled,E400,26447.0,0,Q01813
180,408,E,11.16,43.429376843225306,4XYJ-alt-1_assembled,E408,26511.0,0,Q01813
181,455,E,11.64,45.97616128773543,4XYJ-alt-1_assembled,E455,26843.0,0,Q01813
182,459,E,10.58,58.71008351028607,4XYJ-alt-1_assembled,E459,26873.0,0,Q01813
183,486,E,10.58,84.44601052849364,4XYJ-alt-1_assembled,E486,27068.0,0,Q01813
184,524,E,10.49,82.43539123019619,4XYJ-alt-1_assembled,E524,27365.0,0,Q01813
185,567,E,8.3,17.559408538464552,4XYJ-alt-1_assembled,E567,27683.0,0,Q01813
186,574,E,9.1,10.187137778040505,4XYJ-alt-1_assembled,E574,27729.0,0,Q01813
187,625,E,10.05,21.178523275399993,4XYJ-alt-1_assembled,E625,28125.0,0,Q01813
188,627,E,10.48,29.757165614802528,4XYJ-alt-1_assembled,E627,28142.0,0,Q01813
189,659,E,10.18,50.131441170883534,4XYJ-alt-1_assembled,E659,28405.0,0,Q01813
190,666,E,10.92,31.901826199653158,4XYJ-alt-1_assembled,E666,28461.0,0,Q01813
191,688,E,8.86,44.76978970875695,4XYJ-alt-1_assembled,E688,28626.0,0,Q01813
192,700,E,10.06,21.178523275399993,4XYJ-alt-1_assembled,E700,28721.0,0,Q01813
193,702,E,9.59,64.07173497241264,4XYJ-alt-1_assembled,E702,28738.0,0,Q01813
194,709,E,10.25,67.2887258496886,4XYJ-alt-1_assembled,E709,28791.0,0,Q01813
195,710,E,10.58,53.48247333471265,4XYJ-alt-1_assembled,E710,28800.0,0,Q01813
196,724,E,10.31,86.05450596713162,4XYJ-alt-1_assembled,E724,28903.0,0,Q01813
197,736,E,10.33,59.64837251615822,4XYJ-alt-1_assembled,E736,29002.0,0,Q01813
198,737,E,10.41,86.32258854023796,4XYJ-alt-1_assembled,E737,29011.0,0,Q01813
199,747,E,10.13,74.66099661011265,4XYJ-alt-1_assembled,E747,29100.0,0,Q01813
200,753,E,11.31,46.64636772050126,4XYJ-alt-1_assembled,E753,29163.0,0,Q01813
201,759,E,9.73,19.033862690549363,4XYJ-alt-1_assembled,E759,29214.0,0,Q01813
202,763,E,9.77,41.15067497182151,4XYJ-alt-1_assembled,E763,29244.0,0,Q01813
203,765,E,9.99,75.1971617563253,4XYJ-alt-1_assembled,E765,29265.0,0,Q01813
204,15,F,11.06,38.73793181386455,4XYJ-alt-1_assembled,F15,29389.0,0,Q01813
205,25,F,10.13,60.318578948924035,4XYJ-alt-1_assembled,F25,29463.0,0,Q01813
206,56,F,10.67,20.37427555608101,4XYJ-alt-1_assembled,F56,29673.0,0,Q01813
207,109,F,10.48,35.38689965003543,4XYJ-alt-1_assembled,F109,30079.0,0,Q01813
208,139,F,10.45,75.73332690253795,4XYJ-alt-1_assembled,F139,30292.0,0,Q01813
209,156,F,10.49,79.21840035292024,4XYJ-alt-1_assembled,F156,30429.0,0,Q01813
210,161,F,10.55,68.36105614211391,4XYJ-alt-1_assembled,F161,30468.0,0,Q01813
211,255,F,9.79,6.568023041105062,4XYJ-alt-1_assembled,F255,31186.0,0,Q01813
212,263,F,10.39,77.20778105462276,4XYJ-alt-1_assembled,F263,31253.0,0,Q01813
213,264,F,10.64,41.016633685268346,4XYJ-alt-1_assembled,F264,31262.0,0,Q01813
214,281,F,10.43,55.895216492669604,4XYJ-alt-1_assembled,F281,31392.0,0,Q01813
215,287,F,10.49,36.593271229013915,4XYJ-alt-1_assembled,F287,31438.0,0,Q01813
216,289,F,10.23,38.46984924075822,4XYJ-alt-1_assembled,F289,31455.0,0,Q01813
217,369,F,11.4,49.193152165011384,4XYJ-alt-1_assembled,F369,32054.0,0,Q01813
218,395,F,9.29,55.09096877335062,4XYJ-alt-1_assembled,F395,32269.0,0,Q01813
219,400,F,9.42,21.98277099471898,4XYJ-alt-1_assembled,F400,32310.0,0,Q01813
220,408,F,11.21,37.665601521439235,4XYJ-alt-1_assembled,F408,32374.0,0,Q01813
221,455,F,11.6,47.71869801292657,4XYJ-alt-1_assembled,F455,32706.0,0,Q01813
222,459,F,10.06,39.542179533183536,4XYJ-alt-1_assembled,F459,32736.0,0,Q01813
223,480,F,9.98,58.30795965062657,4XYJ-alt-1_assembled,F480,32885.0,0,Q01813
224,486,F,10.65,78.68223520670759,4XYJ-alt-1_assembled,F486,32931.0,0,Q01813
225,524,F,10.42,64.33981754551897,4XYJ-alt-1_assembled,F524,33228.0,0,Q01813
226,567,F,9.34,22.384894854378476,4XYJ-alt-1_assembled,F567,33546.0,0,Q01813
227,574,F,6.49,0.0,4XYJ-alt-1_assembled,F574,33592.0,0,Q01813
228,625,F,10.2,8.57864233940253,4XYJ-alt-1_assembled,F625,33988.0,0,Q01813
229,627,F,10.86,28.282711462717717,4XYJ-alt-1_assembled,F627,34005.0,0,Q01813
230,659,F,10.65,61.12282666824302,4XYJ-alt-1_assembled,F659,34268.0,0,Q01813
231,666,F,9.55,31.365661053440498,4XYJ-alt-1_assembled,F666,34324.0,0,Q01813
232,688,F,8.96,44.501707135650626,4XYJ-alt-1_assembled,F688,34489.0,0,Q01813
233,700,F,10.46,37.665601521439235,4XYJ-alt-1_assembled,F700,34584.0,0,Q01813
234,702,F,10.41,52.27610175573416,4XYJ-alt-1_assembled,F702,34601.0,0,Q01813
235,709,F,10.54,64.33981754551897,4XYJ-alt-1_assembled,F709,34654.0,0,Q01813
236,710,F,10.7,70.90784058662402,4XYJ-alt-1_assembled,F710,34663.0,0,Q01813
237,724,F,10.34,85.3842995343658,4XYJ-alt-1_assembled,F724,34766.0,0,Q01813
238,736,F,10.08,58.1739183640734,4XYJ-alt-1_assembled,F736,34865.0,0,Q01813
239,737,F,10.22,66.21639555726328,4XYJ-alt-1_assembled,F737,34874.0,0,Q01813
240,747,F,10.49,79.7545654991329,4XYJ-alt-1_assembled,F747,34963.0,0,Q01813
241,753,F,10.86,46.78040900705442,4XYJ-alt-1_assembled,F753,35026.0,0,Q01813
242,759,F,10.1,58.5760422237329,4XYJ-alt-1_assembled,F759,35077.0,0,Q01813
243,763,F,9.19,41.552798831481,4XYJ-alt-1_assembled,F763,35107.0,0,Q01813
244,765,F,10.34,73.85674889079365,4XYJ-alt-1_assembled,F765,35128.0,0,Q01813
245,15,G,10.64,40.34642725250252,4XYJ-alt-1_assembled,G15,35263.0,0,Q01813
246,25,G,9.48,36.72731251556708,4XYJ-alt-1_assembled,G25,35337.0,0,Q01813
247,56,G,10.59,52.142060469181004,4XYJ-alt-1_assembled,G56,35547.0,0,Q01813
248,109,G,10.44,60.720702808583525,4XYJ-alt-1_assembled,G109,35953.0,0,Q01813
249,139,G,10.16,54.018638480925304,4XYJ-alt-1_assembled,G139,36166.0,0,Q01813
250,156,G,10.5,85.25025824781264,4XYJ-alt-1_assembled,G156,36303.0,0,Q01813
251,161,G,10.95,54.68884491369113,4XYJ-alt-1_assembled,G161,36342.0,0,Q01813
252,255,G,8.85,6.702064327658226,4XYJ-alt-1_assembled,G255,37060.0,0,Q01813
253,263,G,10.41,80.29073064534555,4XYJ-alt-1_assembled,G263,37127.0,0,Q01813
254,264,G,9.81,20.776399415740503,4XYJ-alt-1_assembled,G264,37136.0,0,Q01813
255,281,G,10.24,57.63775321786075,4XYJ-alt-1_assembled,G281,37266.0,0,Q01813
256,287,G,10.2,36.593271229013915,4XYJ-alt-1_assembled,G287,37312.0,0,Q01813
257,289,G,10.17,41.954922691140496,4XYJ-alt-1_assembled,G289,37329.0,0,Q01813
258,369,G,10.85,42.75917041045949,4XYJ-alt-1_assembled,G369,37928.0,0,Q01813
259,395,G,9.84,61.256867954796185,4XYJ-alt-1_assembled,G395,38143.0,0,Q01813
260,400,G,9.67,30.293330761015184,4XYJ-alt-1_assembled,G400,38184.0,0,Q01813
261,408,G,11.19,30.159289474462017,4XYJ-alt-1_assembled,G408,38248.0,0,Q01813
262,455,G,11.97,38.067725381098725,4XYJ-alt-1_assembled,G455,38580.0,0,Q01813
263,459,G,10.46,64.87598269173164,4XYJ-alt-1_assembled,G459,38610.0,0,Q01813
264,480,G,10.22,25.601885731654423,4XYJ-alt-1_assembled,G480,38759.0,0,Q01813
265,486,G,10.6,72.9184598849215,4XYJ-alt-1_assembled,G486,38805.0,0,Q01813
266,524,G,10.4,90.07574456372657,4XYJ-alt-1_assembled,G524,39102.0,0,Q01813
267,567,G,9.15,26.406133450973414,4XYJ-alt-1_assembled,G567,39420.0,0,Q01813
268,574,G,9.85,43.16129427011897,4XYJ-alt-1_assembled,G574,39466.0,0,Q01813
269,625,G,9.77,21.982770994718983,4XYJ-alt-1_assembled,G625,39862.0,0,Q01813
270,627,G,10.88,36.995395088673405,4XYJ-alt-1_assembled,G627,39879.0,0,Q01813
271,659,G,11.17,54.28672105403163,4XYJ-alt-1_assembled,G659,40142.0,0,Q01813
272,666,G,11.15,33.37628035173796,4XYJ-alt-1_assembled,G666,40198.0,0,Q01813
273,688,G,9.48,36.86135380212025,4XYJ-alt-1_assembled,G688,40363.0,0,Q01813
274,700,G,10.12,22.78701871403797,4XYJ-alt-1_assembled,G700,40458.0,0,Q01813
275,702,G,10.28,77.74394620083542,4XYJ-alt-1_assembled,G702,40475.0,0,Q01813
276,709,G,10.17,71.0418818731772,4XYJ-alt-1_assembled,G709,40528.0,0,Q01813
277,710,G,10.25,48.52294573224556,4XYJ-alt-1_assembled,G710,40537.0,0,Q01813
278,724,G,10.42,83.77580409572784,4XYJ-alt-1_assembled,G724,40640.0,0,Q01813
279,736,G,10.23,47.316574153267084,4XYJ-alt-1_assembled,G736,40739.0,0,Q01813
280,737,G,10.43,69.70146900764556,4XYJ-alt-1_assembled,G737,40748.0,0,Q01813
281,747,G,10.58,80.96093707811137,4XYJ-alt-1_assembled,G747,40837.0,0,Q01813
282,753,G,11.46,48.92506959190505,4XYJ-alt-1_assembled,G753,40900.0,0,Q01813
283,759,G,8.36,17.96153239812405,4XYJ-alt-1_assembled,G759,40951.0,0,Q01813
284,763,G,10.51,40.74855111216202,4XYJ-alt-1_assembled,G763,40981.0,0,Q01813
285,765,G,10.39,93.56081801410883,4XYJ-alt-1_assembled,G765,41002.0,0,Q01813
286,25,H,9.78,57.36967064475442,4XYJ-alt-1_assembled,H25,41145.0,0,Q01813
287,56,H,10.92,46.780409007054416,4XYJ-alt-1_assembled,H56,41355.0,0,Q01813
288,109,H,10.45,64.74194140517847,4XYJ-alt-1_assembled,H109,41761.0,0,Q01813
289,139,H,10.37,89.13745555785441,4XYJ-alt-1_assembled,H139,41974.0,0,Q01813
290,156,H,10.32,60.720702808583525,4XYJ-alt-1_assembled,H156,42111.0,0,Q01813
291,161,H,10.11,59.38028994305188,4XYJ-alt-1_assembled,H161,42150.0,0,Q01813
292,255,H,10.04,21.982770994718983,4XYJ-alt-1_assembled,H255,42868.0,0,Q01813
293,263,H,9.91,56.833505498541754,4XYJ-alt-1_assembled,H263,42935.0,0,Q01813
294,264,H,9.26,16.755160819145566,4XYJ-alt-1_assembled,H264,42944.0,0,Q01813
295,281,H,10.24,54.68884491369113,4XYJ-alt-1_assembled,H281,43074.0,0,Q01813
296,287,H,10.36,31.901826199653158,4XYJ-alt-1_assembled,H287,43120.0,0,Q01813
297,289,H,10.04,31.499702339993664,4XYJ-alt-1_assembled,H289,43137.0,0,Q01813
298,369,H,11.37,59.11220736994555,4XYJ-alt-1_assembled,H369,43736.0,0,Q01813
299,395,H,9.55,60.18453766237087,4XYJ-alt-1_assembled,H395,43951.0,0,Q01813
300,400,H,9.14,26.942298597186067,4XYJ-alt-1_assembled,H400,43992.0,0,Q01813
301,408,H,11.34,33.108197778631634,4XYJ-alt-1_assembled,H408,44056.0,0,Q01813
302,455,H,11.57,34.71669321726961,4XYJ-alt-1_assembled,H455,44388.0,0,Q01813
303,459,H,10.52,50.80164760364936,4XYJ-alt-1_assembled,H459,44418.0,0,Q01813
304,480,H,10.18,46.37828514739492,4XYJ-alt-1_assembled,H480,44567.0,0,Q01813
305,486,H,10.6,60.58666152203037,4XYJ-alt-1_assembled,H486,44613.0,0,Q01813
306,524,H,11.29,48.12082187258606,4XYJ-alt-1_assembled,H524,44910.0,0,Q01813
307,567,H,8.31,19.83811040986835,4XYJ-alt-1_assembled,H567,45228.0,0,Q01813
308,574,H,10.88,36.86135380212025,4XYJ-alt-1_assembled,H574,45274.0,0,Q01813
309,625,H,10.42,48.52294573224556,4XYJ-alt-1_assembled,H625,45670.0,0,Q01813
310,627,H,10.71,27.076339883739234,4XYJ-alt-1_assembled,H627,45687.0,0,Q01813
311,659,H,11.13,60.58666152203036,4XYJ-alt-1_assembled,H659,45950.0,0,Q01813
312,666,H,10.07,37.26347766177974,4XYJ-alt-1_assembled,H666,46006.0,0,Q01813
313,688,H,7.86,41.28471625837467,4XYJ-alt-1_assembled,H688,46171.0,0,Q01813
314,700,H,9.63,25.601885731654427,4XYJ-alt-1_assembled,H700,46266.0,0,Q01813
315,702,H,10.39,80.29073064534556,4XYJ-alt-1_assembled,H702,46283.0,0,Q01813
316,709,H,10.4,72.9184598849215,4XYJ-alt-1_assembled,H709,46336.0,0,Q01813
317,710,H,10.77,47.04849158016074,4XYJ-alt-1_assembled,H710,46345.0,0,Q01813
318,724,H,10.36,79.62052421257974,4XYJ-alt-1_assembled,H724,46448.0,0,Q01813
319,736,H,10.12,46.91445029360759,4XYJ-alt-1_assembled,H736,46547.0,0,Q01813
320,737,H,10.42,90.61190970993921,4XYJ-alt-1_assembled,H737,46556.0,0,Q01813
321,747,H,10.46,47.04849158016075,4XYJ-alt-1_assembled,H747,46645.0,0,Q01813
322,753,H,10.2,73.320583744581,4XYJ-alt-1_assembled,H753,46708.0,0,Q01813
323,759,H,10.4,37.26347766177974,4XYJ-alt-1_assembled,H759,46759.0,0,Q01813
324,763,H,9.87,69.70146900764556,4XYJ-alt-1_assembled,H763,46789.0,0,Q01813
0,9,A,10.23,58.844124796839225,AF-Q9ULV4-F1-model_v1,A9,78.0,90.86,Q9ULV4
1,19,A,10.43,92.62252900823668,AF-Q9ULV4-F1-model_v1,A19,162.0,95.71,Q9ULV4
2,65,A,10.11,53.48247333471265,AF-Q9ULV4-F1-model_v1,A65,519.0,94.83,Q9ULV4
3,71,A,10.21,62.731322106880995,AF-Q9ULV4-F1-model_v1,A71,566.0,91.41,Q9ULV4
4,131,A,10.53,56.2973403523291,AF-Q9ULV4-F1-model_v1,A131,1019.0,98.25,Q9ULV4
5,194,A,11.13,46.91445029360759,AF-Q9ULV4-F1-model_v1,A194,1499.0,96.49,Q9ULV4
6,196,A,10.1,41.954922691140496,AF-Q9ULV4-F1-model_v1,A196,1516.0,95.23,Q9ULV4
7,197,A,11.42,37.665601521439235,AF-Q9ULV4-F1-model_v1,A197,1525.0,97.25,Q9ULV4
8,205,A,11.16,68.22701485556075,AF-Q9ULV4-F1-model_v1,A205,1593.0,97.51,Q9ULV4
9,212,A,10.13,21.446605848506323,AF-Q9ULV4-F1-model_v1,A212,1649.0,97.74,Q9ULV4
10,214,A,11.55,64.47385883207214,AF-Q9ULV4-F1-model_v1,A214,1667.0,95.18,Q9ULV4
11,251,A,10.41,99.59267590900124,AF-Q9ULV4-F1-model_v1,A251,1960.0,95.75,Q9ULV4
12,285,A,7.32,19.972151696421513,AF-Q9ULV4-F1-model_v1,A285,2226.0,91.49,Q9ULV4
13,311,A,10.48,113.13084585087086,AF-Q9ULV4-F1-model_v1,A311,2442.0,92.36,Q9ULV4
14,322,A,10.48,14.744541520848097,AF-Q9ULV4-F1-model_v1,A322,2530.0,95.88,Q9ULV4
15,329,A,11.53,74.52695532355948,AF-Q9ULV4-F1-model_v1,A329,2585.0,92.11,Q9ULV4
16,337,A,8.73,0.0,AF-Q9ULV4-F1-model_v1,A337,2655.0,98.03,Q9ULV4
17,342,A,12.06,15.682830526720249,AF-Q9ULV4-F1-model_v1,A342,2702.0,96.11,Q9ULV4
18,353,A,10.47,99.19055204934175,AF-Q9ULV4-F1-model_v1,A353,2789.0,84.61,Q9ULV4
19,381,A,11.61,53.884597194372134,AF-Q9ULV4-F1-model_v1,A381,3011.0,98.05,Q9ULV4
20,391,A,10.68,61.52495052790252,AF-Q9ULV4-F1-model_v1,A391,3086.0,88.8,Q9ULV4
21,398,A,10.54,114.73934128950884,AF-Q9ULV4-F1-model_v1,A398,3140.0,76.51,Q9ULV4
22,403,A,10.52,101.46925392074554,AF-Q9ULV4-F1-model_v1,A403,3184.0,86.8,Q9ULV4
23,406,A,10.41,97.31397403759745,AF-Q9ULV4-F1-model_v1,A406,3207.0,72.2,Q9ULV4
30,440,A,10.42,85.92046468057845,AF-Q9ULV4-F1-model_v1,A440,3464.0,79.36,Q9ULV4
31,446,A,10.44,81.89922608398352,AF-Q9ULV4-F1-model_v1,A446,3514.0,90.54,Q9ULV4
32,449,A,10.43,81.49710222432404,AF-Q9ULV4-F1-model_v1,A449,3540.0,91.74,Q9ULV4
33,452,A,10.4,73.320583744581,AF-Q9ULV4-F1-model_v1,A452,3563.0,90.49,Q9ULV4
34,464,A,10.39,76.6716159084101,AF-Q9ULV4-F1-model_v1,A464,3660.0,90.64,Q9ULV4
35,471,A,10.41,73.05250117147466,AF-Q9ULV4-F1-model_v1,A471,3717.0,84.51,Q9ULV4
0,5,A,10.43,80.8268957915582,1PL8-alt1B_assembled,A5,28.0,0,Q00796
1,62,A,10.34,60.988785381689866,1PL8-alt1B_assembled,A62,477.0,0,Q00796
2,63,A,10.59,56.96754678509492,1PL8-alt1B_assembled,A63,486.0,0,Q00796
3,77,A,11.45,45.842120001182266,1PL8-alt1B_assembled,A77,586.0,0,Q00796
4,83,A,10.44,76.0014094756443,1PL8-alt1B_assembled,A83,625.0,0,Q00796
5,86,A,11.37,66.21639555726327,1PL8-alt1B_assembled,A86,652.0,0,Q00796
6,106,A,10.43,56.56542292543543,1PL8-alt1B_assembled,A106,805.0,0,Q00796
7,133,A,10.38,32.303950059312655,1PL8-alt1B_assembled,A133,1022.0,0,Q00796
8,141,A,10.32,57.10158807164808,1PL8-alt1B_assembled,A141,1088.0,0,Q00796
9,174,A,10.27,21.31256456195316,1PL8-alt1B_assembled,A174,1332.0,0,Q00796
10,192,A,10.21,19.704069123315186,1PL8-alt1B_assembled,A192,1451.0,0,Q00796
11,211,A,10.06,27.88058760305822,1PL8-alt1B_assembled,A211,1583.0,0,Q00796
12,213,A,9.17,27.2103811702924,1PL8-alt1B_assembled,A213,1597.0,0,Q00796
13,225,A,10.52,65.94831298415696,1PL8-alt1B_assembled,A225,1686.0,0,Q00796
14,234,A,9.65,7.506312046977213,1PL8-alt1B_assembled,A234,1759.0,0,Q00796
15,242,A,10.75,23.055101287144296,1PL8-alt1B_assembled,A242,1815.0,0,Q00796
16,294,A,10.23,38.067725381098725,1PL8-alt1B_assembled,A294,2187.0,0,Q00796
17,313,A,10.2,57.905835790967075,1PL8-alt1B_assembled,A313,2336.0,0,Q00796
18,318,A,10.72,46.64636772050125,1PL8-alt1B_assembled,A318,2373.0,0,Q00796
19,329,A,10.46,54.420762340584794,1PL8-alt1B_assembled,A329,2467.0,0,Q00796
20,338,A,11.14,42.62512912390632,1PL8-alt1B_assembled,A338,2541.0,0,Q00796
21,339,A,10.38,69.1653038614329,1PL8-alt1B_assembled,A339,2550.0,0,Q00796
22,344,A,12.24,10.589261637699996,1PL8-alt1B_assembled,A344,2583.0,0,Q00796
23,348,A,9.74,0.0,1PL8-alt1B_assembled,A348,2616.0,0,Q00796
24,5,B,10.43,76.53757462185695,1PL8-alt1B_assembled,B5,2705.0,0,Q00796
25,62,B,10.32,72.38229473870885,1PL8-alt1B_assembled,B62,3154.0,0,Q00796
26,63,B,10.64,62.59728082032783,1PL8-alt1B_assembled,B63,3163.0,0,Q00796
27,77,B,11.3,45.17191356841644,1PL8-alt1B_assembled,B77,3263.0,0,Q00796
28,83,B,10.44,94.23102444687466,1PL8-alt1B_assembled,B83,3302.0,0,Q00796
29,86,B,11.36,70.90784058662405,1PL8-alt1B_assembled,B86,3329.0,0,Q00796
30,106,B,10.43,58.039877077520245,1PL8-alt1B_assembled,B106,3482.0,0,Q00796
31,133,B,10.23,38.20176666765189,1PL8-alt1B_assembled,B133,3699.0,0,Q00796
32,141,B,10.08,63.669611112753145,1PL8-alt1B_assembled,B141,3765.0,0,Q00796
33,174,B,10.13,14.744541520848097,1PL8-alt1B_assembled,B174,4009.0,0,Q00796
34,192,B,10.13,17.693449825017716,1PL8-alt1B_assembled,B192,4128.0,0,Q00796
35,211,B,10.34,25.601885731654423,1PL8-alt1B_assembled,B211,4260.0,0,Q00796
36,213,B,10.3,29.89120690135569,1PL8-alt1B_assembled,B213,4274.0,0,Q00796
37,225,B,10.45,80.55881321845187,1PL8-alt1B_assembled,B225,4363.0,0,Q00796
38,234,B,10.52,39.81026210628987,1PL8-alt1B_assembled,B234,4436.0,0,Q00796
39,242,B,10.66,19.033862690549363,1PL8-alt1B_assembled,B242,4492.0,0,Q00796
40,294,B,10.22,38.603890527311385,1PL8-alt1B_assembled,B294,4864.0,0,Q00796
41,313,B,10.12,54.956927486797454,1PL8-alt1B_assembled,B313,5013.0,0,Q00796
42,318,B,10.71,49.72931731122404,1PL8-alt1B_assembled,B318,5050.0,0,Q00796
43,329,B,10.45,53.34843204815948,1PL8-alt1B_assembled,B329,5144.0,0,Q00796
44,338,B,10.91,34.98477579037594,1PL8-alt1B_assembled,B338,5218.0,0,Q00796
45,339,B,10.42,66.21639555726327,1PL8-alt1B_assembled,B339,5227.0,0,Q00796
46,344,B,12.23,7.640353333530379,1PL8-alt1B_assembled,B344,5260.0,0,Q00796
47,348,B,9.77,0.0,1PL8-alt1B_assembled,B348,5293.0,0,Q00796
48,5,C,10.43,79.3524416394734,1PL8-alt1B_assembled,C5,5382.0,0,Q00796
49,62,C,10.35,64.20577625896581,1PL8-alt1B_assembled,C62,5831.0,0,Q00796
50,63,C,10.64,63.53556982619999,1PL8-alt1B_assembled,C63,5840.0,0,Q00796
51,77,C,11.37,38.73793181386455,1PL8-alt1B_assembled,C77,5940.0,0,Q00796
52,83,C,10.43,75.46524432943163,1PL8-alt1B_assembled,C83,5979.0,0,Q00796
53,86,C,11.3,66.8866019900291,1PL8-alt1B_assembled,C86,6006.0,0,Q00796
54,106,C,10.43,57.369670644754414,1PL8-alt1B_assembled,C106,6159.0,0,Q00796
55,133,C,10.26,36.45922994246075,1PL8-alt1B_assembled,C133,6376.0,0,Q00796
56,141,C,10.18,77.0737397680696,1PL8-alt1B_assembled,C141,6442.0,0,Q00796
57,174,C,10.16,22.921060000591133,1PL8-alt1B_assembled,C174,6686.0,0,Q00796
58,192,C,10.17,16.88920210569873,1PL8-alt1B_assembled,C192,6805.0,0,Q00796
59,211,C,10.3,25.869968304760754,1PL8-alt1B_assembled,C211,6937.0,0,Q00796
60,213,C,10.29,32.706073918972145,1PL8-alt1B_assembled,C213,6951.0,0,Q00796
61,225,C,10.46,88.06512526542909,1PL8-alt1B_assembled,C225,7040.0,0,Q00796
62,234,C,10.51,43.429376843225306,1PL8-alt1B_assembled,C234,7113.0,0,Q00796
63,242,C,10.92,20.508316842634173,1PL8-alt1B_assembled,C242,7169.0,0,Q00796
64,294,C,10.2,46.64636772050125,1PL8-alt1B_assembled,C294,7541.0,0,Q00796
65,313,C,10.15,56.43138163888227,1PL8-alt1B_assembled,C313,7690.0,0,Q00796
66,318,C,10.71,50.2654824574367,1PL8-alt1B_assembled,C318,7727.0,0,Q00796
67,329,C,10.45,57.101588071648095,1PL8-alt1B_assembled,C329,7821.0,0,Q00796
68,338,C,11.42,47.18253286671391,1PL8-alt1B_assembled,C338,7895.0,0,Q00796
69,339,C,10.39,64.47385883207214,1PL8-alt1B_assembled,C339,7904.0,0,Q00796
70,344,C,12.23,16.084954386379742,1PL8-alt1B_assembled,C344,7937.0,0,Q00796
71,348,C,9.79,0.0,1PL8-alt1B_assembled,C348,7970.0,0,Q00796
72,5,D,10.43,82.16730865708985,1PL8-alt1B_assembled,D5,8059.0,0,Q00796
73,62,D,10.35,75.5992856159848,1PL8-alt1B_assembled,D62,8508.0,0,Q00796
74,63,D,10.63,57.63775321786075,1PL8-alt1B_assembled,D63,8517.0,0,Q00796
75,77,D,11.44,45.842120001182266,1PL8-alt1B_assembled,D77,8617.0,0,Q00796
76,83,D,10.26,61.52495052790252,1PL8-alt1B_assembled,D83,8656.0,0,Q00796
77,86,D,11.41,65.68023041105062,1PL8-alt1B_assembled,D86,8683.0,0,Q00796
78,106,D,10.43,57.77179450441391,1PL8-alt1B_assembled,D106,8836.0,0,Q00796
79,133,D,10.32,31.3656610534405,1PL8-alt1B_assembled,D133,9053.0,0,Q00796
80,141,D,10.35,69.1653038614329,1PL8-alt1B_assembled,D141,9119.0,0,Q00796
81,174,D,10.23,17.69344982501772,1PL8-alt1B_assembled,D174,9363.0,0,Q00796
82,192,D,10.21,16.88920210569873,1PL8-alt1B_assembled,D192,9482.0,0,Q00796
83,211,D,9.98,26.272092164420247,1PL8-alt1B_assembled,D211,9614.0,0,Q00796
84,213,D,9.32,21.84872970816582,1PL8-alt1B_assembled,D213,9628.0,0,Q00796
85,225,D,10.51,73.320583744581,1PL8-alt1B_assembled,D225,9717.0,0,Q00796
86,234,D,9.43,6.970146900764555,1PL8-alt1B_assembled,D234,9790.0,0,Q00796
87,242,D,10.85,18.765780117443033,1PL8-alt1B_assembled,D242,9846.0,0,Q00796
88,294,D,10.23,41.82088140458733,1PL8-alt1B_assembled,D294,10218.0,0,Q00796
89,313,D,10.2,54.018638480925304,1PL8-alt1B_assembled,D313,10367.0,0,Q00796
90,318,D,10.72,47.98678058603291,1PL8-alt1B_assembled,D318,10404.0,0,Q00796
91,329,D,10.48,54.152679767478475,1PL8-alt1B_assembled,D329,10498.0,0,Q00796
92,338,D,10.78,33.10819777863164,1PL8-alt1B_assembled,D338,10572.0,0,Q00796
93,339,D,10.4,61.256867954796185,1PL8-alt1B_assembled,D339,10581.0,0,Q00796
94,344,D,12.21,8.57864233940253,1PL8-alt1B_assembled,D344,10614.0,0,Q00796
95,348,D,9.76,0.0,1PL8-alt1B_assembled,D348,10647.0,0,Q00796
0,5,A,10.43,80.8268957915582,1PL8-alt1A_assembled,A5,28.0,0,Q00796
1,62,A,10.34,60.988785381689866,1PL8-alt1A_assembled,A62,477.0,0,Q00796
2,63,A,10.59,56.96754678509492,1PL8-alt1A_assembled,A63,486.0,0,Q00796
3,77,A,11.45,45.842120001182266,1PL8-alt1A_assembled,A77,586.0,0,Q00796
4,83,A,10.44,76.0014094756443,1PL8-alt1A_assembled,A83,625.0,0,Q00796
5,86,A,11.35,58.5760422237329,1PL8-alt1A_assembled,A86,652.0,0,Q00796
6,106,A,10.9,39.40813824663037,1PL8-alt1A_assembled,A106,805.0,0,Q00796
7,133,A,10.38,32.303950059312655,1PL8-alt1A_assembled,A133,1022.0,0,Q00796
8,141,A,10.29,43.16129427011897,1PL8-alt1A_assembled,A141,1088.0,0,Q00796
9,174,A,10.27,21.31256456195316,1PL8-alt1A_assembled,A174,1332.0,0,Q00796
10,192,A,10.19,19.704069123315186,1PL8-alt1A_assembled,A192,1451.0,0,Q00796
11,211,A,10.08,28.014628889611384,1PL8-alt1A_assembled,A211,1583.0,0,Q00796
12,213,A,9.17,27.2103811702924,1PL8-alt1A_assembled,A213,1597.0,0,Q00796
13,225,A,10.52,65.94831298415696,1PL8-alt1A_assembled,A225,1686.0,0,Q00796
14,234,A,9.65,7.506312046977213,1PL8-alt1A_assembled,A234,1759.0,0,Q00796
15,242,A,10.75,23.055101287144296,1PL8-alt1A_assembled,A242,1815.0,0,Q00796
16,294,A,10.23,38.067725381098725,1PL8-alt1A_assembled,A294,2187.0,0,Q00796
17,313,A,10.2,57.905835790967075,1PL8-alt1A_assembled,A313,2336.0,0,Q00796
18,318,A,10.73,46.64636772050125,1PL8-alt1A_assembled,A318,2373.0,0,Q00796
19,329,A,10.46,54.420762340584794,1PL8-alt1A_assembled,A329,2467.0,0,Q00796
20,338,A,11.14,42.62512912390632,1PL8-alt1A_assembled,A338,2541.0,0,Q00796
21,339,A,10.38,69.1653038614329,1PL8-alt1A_assembled,A339,2550.0,0,Q00796
22,344,A,12.24,10.589261637699996,1PL8-alt1A_assembled,A344,2583.0,0,Q00796
23,348,A,9.75,0.0,1PL8-alt1A_assembled,A348,2616.0,0,Q00796
24,5,B,10.43,76.53757462185695,1PL8-alt1A_assembled,B5,2705.0,0,Q00796
25,62,B,10.32,72.38229473870885,1PL8-alt1A_assembled,B62,3154.0,0,Q00796
26,63,B,10.64,62.59728082032783,1PL8-alt1A_assembled,B63,3163.0,0,Q00796
27,77,B,11.3,45.17191356841644,1PL8-alt1A_assembled,B77,3263.0,0,Q00796
28,83,B,10.44,94.23102444687466,1PL8-alt1A_assembled,B83,3302.0,0,Q00796
29,86,B,11.39,62.731322106881,1PL8-alt1A_assembled,B86,3329.0,0,Q00796
30,106,B,10.97,42.75917041045948,1PL8-alt1A_assembled,B106,3482.0,0,Q00796
31,133,B,10.23,38.20176666765189,1PL8-alt1A_assembled,B133,3699.0,0,Q00796
32,141,B,10.04,41.15067497182151,1PL8-alt1A_assembled,B141,3765.0,0,Q00796
33,174,B,10.13,14.744541520848097,1PL8-alt1A_assembled,B174,4009.0,0,Q00796
34,192,B,10.11,17.693449825017716,1PL8-alt1A_assembled,B192,4128.0,0,Q00796
35,211,B,10.35,25.601885731654423,1PL8-alt1A_assembled,B211,4260.0,0,Q00796
36,213,B,10.3,29.89120690135569,1PL8-alt1A_assembled,B213,4274.0,0,Q00796
37,225,B,10.45,80.55881321845187,1PL8-alt1A_assembled,B225,4363.0,0,Q00796
38,234,B,10.52,39.81026210628987,1PL8-alt1A_assembled,B234,4436.0,0,Q00796
39,242,B,10.66,19.033862690549363,1PL8-alt1A_assembled,B242,4492.0,0,Q00796
40,294,B,10.21,38.603890527311385,1PL8-alt1A_assembled,B294,4864.0,0,Q00796
41,313,B,10.11,54.956927486797454,1PL8-alt1A_assembled,B313,5013.0,0,Q00796
42,318,B,10.72,49.72931731122404,1PL8-alt1A_assembled,B318,5050.0,0,Q00796
43,329,B,10.45,53.34843204815948,1PL8-alt1A_assembled,B329,5144.0,0,Q00796
44,338,B,10.91,34.98477579037594,1PL8-alt1A_assembled,B338,5218.0,0,Q00796
45,339,B,10.42,66.21639555726327,1PL8-alt1A_assembled,B339,5227.0,0,Q00796
46,344,B,12.24,7.640353333530379,1PL8-alt1A_assembled,B344,5260.0,0,Q00796
47,348,B,9.77,0.0,1PL8-alt1A_assembled,B348,5293.0,0,Q00796
48,5,C,10.43,79.3524416394734,1PL8-alt1A_assembled,C5,5382.0,0,Q00796
49,62,C,10.35,64.20577625896581,1PL8-alt1A_assembled,C62,5831.0,0,Q00796
50,63,C,10.64,63.53556982619999,1PL8-alt1A_assembled,C63,5840.0,0,Q00796
51,77,C,11.37,38.73793181386455,1PL8-alt1A_assembled,C77,5940.0,0,Q00796
52,83,C,10.43,75.46524432943163,1PL8-alt1A_assembled,C83,5979.0,0,Q00796
53,86,C,11.31,60.050496375817715,1PL8-alt1A_assembled,C86,6006.0,0,Q00796
54,106,C,10.95,32.97415649207847,1PL8-alt1A_assembled,C106,6159.0,0,Q00796
55,133,C,10.26,36.45922994246075,1PL8-alt1A_assembled,C133,6376.0,0,Q00796
56,141,C,10.01,36.45922994246075,1PL8-alt1A_assembled,C141,6442.0,0,Q00796
57,174,C,10.16,22.921060000591133,1PL8-alt1A_assembled,C174,6686.0,0,Q00796
58,192,C,10.15,16.88920210569873,1PL8-alt1A_assembled,C192,6805.0,0,Q00796
59,211,C,10.31,25.869968304760754,1PL8-alt1A_assembled,C211,6937.0,0,Q00796
60,213,C,10.29,32.706073918972145,1PL8-alt1A_assembled,C213,6951.0,0,Q00796
61,225,C,10.46,88.06512526542909,1PL8-alt1A_assembled,C225,7040.0,0,Q00796
62,234,C,10.51,43.429376843225306,1PL8-alt1A_assembled,C234,7113.0,0,Q00796
63,242,C,10.92,20.508316842634173,1PL8-alt1A_assembled,C242,7169.0,0,Q00796
64,294,C,10.2,46.64636772050125,1PL8-alt1A_assembled,C294,7541.0,0,Q00796
65,313,C,10.14,56.43138163888227,1PL8-alt1A_assembled,C313,7690.0,0,Q00796
66,318,C,10.71,50.2654824574367,1PL8-alt1A_assembled,C318,7727.0,0,Q00796
67,329,C,10.45,57.101588071648095,1PL8-alt1A_assembled,C329,7821.0,0,Q00796
68,338,C,11.42,47.18253286671391,1PL8-alt1A_assembled,C338,7895.0,0,Q00796
69,339,C,10.39,64.47385883207214,1PL8-alt1A_assembled,C339,7904.0,0,Q00796
70,344,C,12.23,16.084954386379742,1PL8-alt1A_assembled,C344,7937.0,0,Q00796
71,348,C,9.79,0.0,1PL8-alt1A_assembled,C348,7970.0,0,Q00796
72,5,D,10.43,82.16730865708985,1PL8-alt1A_assembled,D5,8059.0,0,Q00796
73,62,D,10.35,75.5992856159848,1PL8-alt1A_assembled,D62,8508.0,0,Q00796
74,63,D,10.63,57.63775321786075,1PL8-alt1A_assembled,D63,8517.0,0,Q00796
75,77,D,11.44,45.842120001182266,1PL8-alt1A_assembled,D77,8617.0,0,Q00796
76,83,D,10.26,61.52495052790252,1PL8-alt1A_assembled,D83,8656.0,0,Q00796
77,86,D,11.39,60.4526202354772,1PL8-alt1A_assembled,D86,8683.0,0,Q00796
78,106,D,10.94,32.84011520552531,1PL8-alt1A_assembled,D106,8836.0,0,Q00796
79,133,D,10.32,31.3656610534405,1PL8-alt1A_assembled,D133,9053.0,0,Q00796
80,141,D,10.3,36.86135380212024,1PL8-alt1A_assembled,D141,9119.0,0,Q00796
81,174,D,10.23,17.69344982501772,1PL8-alt1A_assembled,D174,9363.0,0,Q00796
82,192,D,10.2,16.88920210569873,1PL8-alt1A_assembled,D192,9482.0,0,Q00796
83,211,D,9.98,26.272092164420247,1PL8-alt1A_assembled,D211,9614.0,0,Q00796
84,213,D,9.32,21.84872970816582,1PL8-alt1A_assembled,D213,9628.0,0,Q00796
85,225,D,10.51,73.320583744581,1PL8-alt1A_assembled,D225,9717.0,0,Q00796
86,234,D,9.43,6.970146900764555,1PL8-alt1A_assembled,D234,9790.0,0,Q00796
87,242,D,10.85,18.765780117443033,1PL8-alt1A_assembled,D242,9846.0,0,Q00796
88,294,D,10.23,41.82088140458733,1PL8-alt1A_assembled,D294,10218.0,0,Q00796
89,313,D,10.2,54.018638480925304,1PL8-alt1A_assembled,D313,10367.0,0,Q00796
90,318,D,10.72,47.98678058603291,1PL8-alt1A_assembled,D318,10404.0,0,Q00796
91,329,D,10.48,54.152679767478475,1PL8-alt1A_assembled,D329,10498.0,0,Q00796
92,338,D,10.78,33.10819777863164,1PL8-alt1A_assembled,D338,10572.0,0,Q00796
93,339,D,10.4,61.256867954796185,1PL8-alt1A_assembled,D339,10581.0,0,Q00796
94,344,D,12.21,8.57864233940253,1PL8-alt1A_assembled,D344,10614.0,0,Q00796
95,348,D,9.76,0.0,1PL8-alt1A_assembled,D348,10647.0,0,Q00796
6,122,A,9.61,37.66560152143923,AF-Q53GS9-F1-model_v1,A122,988.0,89.06,Q53GS9
7,141,A,10.58,80.29073064534555,AF-Q53GS9-F1-model_v1,A141,1124.0,93.74,Q53GS9
8,149,A,10.44,101.60329520729871,AF-Q53GS9-F1-model_v1,A149,1192.0,90.12,Q53GS9
9,171,A,11.64,41.15067497182151,AF-Q53GS9-F1-model_v1,A171,1378.0,93.75,Q53GS9
10,194,A,11.01,62.865363393434166,AF-Q53GS9-F1-model_v1,A194,1571.0,90.23,Q53GS9
11,199,A,10.73,83.105597662962,AF-Q53GS9-F1-model_v1,A199,1612.0,90.26,Q53GS9
12,207,A,10.41,93.82890058721517,AF-Q53GS9-F1-model_v1,A207,1676.0,85.92,Q53GS9
13,210,A,10.39,93.02465286789618,AF-Q53GS9-F1-model_v1,A210,1699.0,86.62,Q53GS9
14,231,A,10.33,68.36105614211391,AF-Q53GS9-F1-model_v1,A231,1858.0,85.57,Q53GS9
15,260,A,10.56,77.60990491428225,AF-Q53GS9-F1-model_v1,A260,2094.0,85.76,Q53GS9
16,263,A,10.46,110.7181026929139,AF-Q53GS9-F1-model_v1,A263,2119.0,78.04,Q53GS9
17,283,A,12.7,0.0,AF-Q53GS9-F1-model_v1,A283,2286.0,93.21,Q53GS9
18,291,A,11.15,32.57203263241898,AF-Q53GS9-F1-model_v1,A291,2362.0,88.0,Q53GS9
19,308,A,10.42,103.61391450559617,AF-Q53GS9-F1-model_v1,A308,2489.0,90.62,Q53GS9
20,309,A,10.34,84.04388666883416,AF-Q53GS9-F1-model_v1,A309,2498.0,88.01,Q53GS9
21,315,A,10.37,86.85875368645061,AF-Q53GS9-F1-model_v1,A315,2549.0,87.61,Q53GS9
25,341,A,10.2,77.8779874873886,AF-Q53GS9-F1-model_v1,A341,2748.0,72.99,Q53GS9
26,342,A,10.59,94.49910701998098,AF-Q53GS9-F1-model_v1,A342,2757.0,82.42,Q53GS9
27,358,A,10.45,52.41014304228733,AF-Q53GS9-F1-model_v1,A358,2885.0,90.17,Q53GS9
28,359,A,12.68,15.682830526720249,AF-Q53GS9-F1-model_v1,A359,2894.0,87.57,Q53GS9
29,370,A,10.13,26.808257310632904,AF-Q53GS9-F1-model_v1,A370,2981.0,80.12,Q53GS9
32,421,A,9.68,11.125426783912655,AF-Q53GS9-F1-model_v1,A421,3404.0,90.2,Q53GS9
33,428,A,10.92,42.759170410459475,AF-Q53GS9-F1-model_v1,A428,3460.0,87.33,Q53GS9
34,431,A,10.96,59.11220736994556,AF-Q53GS9-F1-model_v1,A431,3490.0,81.44,Q53GS9
35,434,A,10.52,73.58866631768733,AF-Q53GS9-F1-model_v1,A434,3518.0,75.58,Q53GS9
36,439,A,10.02,42.088963977693666,AF-Q53GS9-F1-model_v1,A439,3563.0,91.58,Q53GS9
37,445,A,9.69,67.55680842279492,AF-Q53GS9-F1-model_v1,A445,3618.0,91.04,Q53GS9
38,455,A,10.28,59.24624865649872,AF-Q53GS9-F1-model_v1,A455,3702.0,91.77,Q53GS9
39,459,A,10.41,90.61190970993923,AF-Q53GS9-F1-model_v1,A459,3740.0,83.6,Q53GS9
40,466,A,9.9,8.3105597662962,AF-Q53GS9-F1-model_v1,A466,3803.0,90.19,Q53GS9
41,493,A,10.44,90.87999228304555,AF-Q53GS9-F1-model_v1,A493,4023.0,78.73,Q53GS9
42,508,A,10.41,84.58005181504682,AF-Q53GS9-F1-model_v1,A508,4140.0,85.99,Q53GS9
43,525,A,10.58,68.49509742866708,AF-Q53GS9-F1-model_v1,A525,4272.0,94.01,Q53GS9
44,553,A,11.06,50.26548245743669,AF-Q53GS9-F1-model_v1,A553,4514.0,95.9,Q53GS9
17,131,A,10.36,70.10359286730505,AF-Q9Y2R4-F1-model_v1,A131,1041.0,83.72,Q9Y2R4
18,137,A,11.39,48.79102830535188,AF-Q9Y2R4-F1-model_v1,A137,1094.0,89.74,Q9Y2R4
19,139,A,10.28,83.23963894951517,AF-Q9Y2R4-F1-model_v1,A139,1112.0,91.36,Q9Y2R4
20,146,A,10.35,73.85674889079365,AF-Q9Y2R4-F1-model_v1,A146,1175.0,93.09,Q9Y2R4
21,148,A,11.39,60.854744095136695,AF-Q9Y2R4-F1-model_v1,A148,1194.0,91.04,Q9Y2R4
22,171,A,10.47,92.75657029478985,AF-Q9Y2R4-F1-model_v1,A171,1381.0,89.79,Q9Y2R4
23,215,A,9.79,23.457225146803793,AF-Q9Y2R4-F1-model_v1,A215,1709.0,92.05,Q9Y2R4
24,228,A,10.37,82.97155637640884,AF-Q9Y2R4-F1-model_v1,A228,1811.0,90.13,Q9Y2R4
25,233,A,10.26,78.28011134704809,AF-Q9Y2R4-F1-model_v1,A233,1849.0,85.97,Q9Y2R4
26,256,A,10.57,36.72731251556708,AF-Q9Y2R4-F1-model_v1,A256,2035.0,93.24,Q9Y2R4
31,284,A,10.49,68.22701485556075,AF-Q9Y2R4-F1-model_v1,A284,2245.0,74.32,Q9Y2R4
32,285,A,10.37,81.76518479743035,AF-Q9Y2R4-F1-model_v1,A285,2254.0,81.58,Q9Y2R4
33,301,A,10.36,81.2290196512177,AF-Q9Y2R4-F1-model_v1,A301,2389.0,87.1,Q9Y2R4
34,322,A,11.3,37.3975189483329,AF-Q9Y2R4-F1-model_v1,A322,2551.0,82.14,Q9Y2R4
36,346,A,10.55,63.669611112753145,AF-Q9Y2R4-F1-model_v1,A346,2739.0,89.47,Q9Y2R4
37,365,A,11.31,58.844124796839225,AF-Q9Y2R4-F1-model_v1,A365,2900.0,90.79,Q9Y2R4
38,399,A,9.56,6.836105614211391,AF-Q9Y2R4-F1-model_v1,A399,3151.0,93.41,Q9Y2R4
39,408,A,10.45,79.62052421257974,AF-Q9Y2R4-F1-model_v1,A408,3224.0,88.23,Q9Y2R4
40,409,A,11.52,65.81427169760377,AF-Q9Y2R4-F1-model_v1,A409,3233.0,88.81,Q9Y2R4
41,426,A,11.36,51.47185403641518,AF-Q9Y2R4-F1-model_v1,A426,3367.0,93.42,Q9Y2R4
42,462,A,10.33,70.90784058662405,AF-Q9Y2R4-F1-model_v1,A462,3667.0,89.19,Q9Y2R4
43,479,A,10.36,87.93108397887593,AF-Q9Y2R4-F1-model_v1,A479,3802.0,74.54,Q9Y2R4
44,509,A,10.46,111.65639169878605,AF-Q9Y2R4-F1-model_v1,A509,4037.0,86.08,Q9Y2R4
45,511,A,12.33,37.3975189483329,AF-Q9Y2R4-F1-model_v1,A511,4050.0,92.84,Q9Y2R4
46,521,A,11.33,45.30595485496961,AF-Q9Y2R4-F1-model_v1,A521,4133.0,86.05,Q9Y2R4
47,543,A,11.28,41.016633685268346,AF-Q9Y2R4-F1-model_v1,A543,4300.0,77.42,Q9Y2R4
48,547,A,10.33,111.79043298533921,AF-Q9Y2R4-F1-model_v1,A547,4333.0,73.76,Q9Y2R4
49,551,A,10.46,111.79043298533921,AF-Q9Y2R4-F1-model_v1,A551,4364.0,73.06,Q9Y2R4
50,553,A,9.42,69.29934514798606,AF-Q9Y2R4-F1-model_v1,A553,4382.0,73.67,Q9Y2R4
51,554,A,11.23,87.12683625955695,AF-Q9Y2R4-F1-model_v1,A554,4391.0,71.66,Q9Y2R4
52,555,A,10.42,96.91185017793795,AF-Q9Y2R4-F1-model_v1,A555,4400.0,74.77,Q9Y2R4
53,558,A,10.34,67.95893228245441,AF-Q9Y2R4-F1-model_v1,A558,4425.0,71.57,Q9Y2R4
54,559,A,11.52,83.105597662962,AF-Q9Y2R4-F1-model_v1,A559,4434.0,75.18,Q9Y2R4
55,571,A,10.55,99.05651076278858,AF-Q9Y2R4-F1-model_v1,A571,4528.0,70.45,Q9Y2R4
56,576,A,10.37,84.31196924194049,AF-Q9Y2R4-F1-model_v1,A576,4571.0,70.95,Q9Y2R4
57,578,A,10.41,91.68424000236453,AF-Q9Y2R4-F1-model_v1,A578,4585.0,75.56,Q9Y2R4
58,580,A,10.42,80.96093707811139,AF-Q9Y2R4-F1-model_v1,A580,4602.0,72.6,Q9Y2R4
59,582,A,11.12,67.95893228245441,AF-Q9Y2R4-F1-model_v1,A582,4620.0,72.58,Q9Y2R4
60,583,A,10.42,91.14807485615188,AF-Q9Y2R4-F1-model_v1,A583,4629.0,71.79,Q9Y2R4
0,42,A,10.47,65.01002397828479,AF-P55265-F1-model_v1,A42,343.0,80.83,P55265
1,48,A,10.4,50.39952374398986,AF-P55265-F1-model_v1,A48,397.0,79.98,P55265
3,145,A,11.58,56.56542292543543,AF-P55265-F1-model_v1,A145,1156.0,88.17,P55265
4,154,A,10.27,62.06111567411517,AF-P55265-F1-model_v1,A154,1227.0,83.22,P55265
5,164,A,10.33,59.51433122960505,AF-P55265-F1-model_v1,A164,1296.0,87.74,P55265
6,169,A,10.3,58.576042223732905,AF-P55265-F1-model_v1,A169,1331.0,90.61,P55265
7,170,A,10.43,93.15869415444934,AF-P55265-F1-model_v1,A170,1340.0,90.42,P55265
8,181,A,10.44,78.9503177798139,AF-P55265-F1-model_v1,A181,1431.0,88.68,P55265
9,182,A,11.38,38.87197310041771,AF-P55265-F1-model_v1,A182,1440.0,88.15,P55265
10,184,A,11.16,42.35704655079999,AF-P55265-F1-model_v1,A184,1453.0,88.58,P55265
11,187,A,11.37,20.37427555608101,AF-P55265-F1-model_v1,A187,1479.0,91.12,P55265
12,196,A,11.39,23.99339029301645,AF-P55265-F1-model_v1,A196,1549.0,91.13,P55265
13,300,A,11.27,21.178523275399996,AF-P55265-F1-model_v1,A300,2330.0,92.25,P55265
14,302,A,11.38,38.73793181386455,AF-P55265-F1-model_v1,A302,2348.0,93.24,P55265
15,320,A,10.32,67.42276713624176,AF-P55265-F1-model_v1,A320,2485.0,91.25,P55265
16,326,A,10.29,61.39090924134935,AF-P55265-F1-model_v1,A326,2529.0,88.51,P55265
17,358,A,10.25,70.6397580135177,AF-P55265-F1-model_v1,A358,2789.0,88.47,P55265
18,359,A,11.77,21.84872970816582,AF-P55265-F1-model_v1,A359,2798.0,92.41,P55265
19,366,A,11.57,67.55680842279493,AF-P55265-F1-model_v1,A366,2863.0,82.0,P55265
25,494,A,10.62,81.49710222432404,AF-P55265-F1-model_v1,A494,3861.0,87.46,P55265
26,495,A,12.8,13.136046082210123,AF-P55265-F1-model_v1,A495,3870.0,89.95,P55265
27,502,A,12.28,20.37427555608101,AF-P55265-F1-model_v1,A502,3926.0,88.16,P55265
28,536,A,11.57,43.429376843225306,AF-P55265-F1-model_v1,A536,4197.0,95.95,P55265
29,554,A,10.03,40.34642725250252,AF-P55265-F1-model_v1,A554,4334.0,93.97,P55265
30,555,A,10.38,77.34182234117594,AF-P55265-F1-model_v1,A555,4343.0,93.38,P55265
31,558,A,9.71,32.97415649207847,AF-P55265-F1-model_v1,A558,4364.0,96.46,P55265
32,564,A,10.19,46.646367720501246,AF-P55265-F1-model_v1,A564,4408.0,95.79,P55265
33,574,A,10.69,68.7631800017734,AF-P55265-F1-model_v1,A574,4484.0,85.65,P55265
34,576,A,10.54,94.36506573342783,AF-P55265-F1-model_v1,A576,4498.0,77.0,P55265
38,613,A,11.32,62.731322106880995,AF-P55265-F1-model_v1,A613,4776.0,73.64,P55265
39,625,A,10.41,90.47786842338606,AF-P55265-F1-model_v1,A625,4868.0,78.12,P55265
40,637,A,10.22,72.78441859836833,AF-P55265-F1-model_v1,A637,4962.0,89.46,P55265
41,645,A,11.13,53.88459719437215,AF-P55265-F1-model_v1,A645,5022.0,88.82,P55265
42,665,A,10.3,79.3524416394734,AF-P55265-F1-model_v1,A665,5168.0,91.25,P55265
43,666,A,10.38,84.71409310159999,AF-P55265-F1-model_v1,A666,5177.0,90.99,P55265
44,669,A,9.75,43.69745941633163,AF-P55265-F1-model_v1,A669,5198.0,94.44,P55265
45,678,A,11.55,64.87598269173164,AF-P55265-F1-model_v1,A678,5265.0,86.59,P55265
48,745,A,10.35,67.02064327658226,AF-P55265-F1-model_v1,A745,5777.0,92.84,P55265
49,757,A,11.44,46.37828514739493,AF-P55265-F1-model_v1,A757,5868.0,86.27,P55265
50,763,A,11.34,23.32318386025063,AF-P55265-F1-model_v1,A763,5921.0,87.81,P55265
51,777,A,10.31,50.2654824574367,AF-P55265-F1-model_v1,A777,6027.0,92.43,P55265
52,778,A,10.42,101.73733649385187,AF-P55265-F1-model_v1,A778,6036.0,92.15,P55265
53,781,A,10.12,63.40152853964682,AF-P55265-F1-model_v1,A781,6058.0,93.9,P55265
57,875,A,9.91,22.652977427484807,AF-P55265-F1-model_v1,A875,6778.0,96.3,P55265
58,876,A,10.46,83.37368023606834,AF-P55265-F1-model_v1,A876,6787.0,93.37,P55265
59,895,A,10.62,62.731322106881,AF-P55265-F1-model_v1,A895,6921.0,85.86,P55265
60,902,A,10.56,77.60990491428225,AF-P55265-F1-model_v1,A902,6970.0,92.84,P55265
61,929,A,11.07,62.06111567411517,AF-P55265-F1-model_v1,A929,7192.0,93.4,P55265
62,936,A,10.52,86.99279497300378,AF-P55265-F1-model_v1,A936,7248.0,88.89,P55265
63,944,A,10.44,107.76919438874428,AF-P55265-F1-model_v1,A944,7311.0,85.69,P55265
64,948,A,10.85,28.282711462717714,AF-P55265-F1-model_v1,A948,7337.0,93.94,P55265
65,952,A,10.0,22.384894854378476,AF-P55265-F1-model_v1,A952,7371.0,96.27,P55265
66,953,A,10.56,100.66500620142656,AF-P55265-F1-model_v1,A953,7380.0,94.42,P55265
67,974,A,10.6,65.54618912449746,AF-P55265-F1-model_v1,A974,7537.0,73.02,P55265
68,996,A,10.41,109.51173111393543,AF-P55265-F1-model_v1,A996,7715.0,83.75,P55265
69,999,A,10.19,53.616514621265814,AF-P55265-F1-model_v1,A999,7737.0,90.26,P55265
0,19,A,10.21,47.71869801292657,3E0J-alt-1_assembled,A19,150.0,0,P49005
1,24,A,10.26,46.37828514739492,3E0J-alt-1_assembled,A24,193.0,0,P49005
2,38,A,9.28,12.599880935997465,3E0J-alt-1_assembled,A38,307.0,0,P49005
3,48,A,11.55,17.693449825017716,3E0J-alt-1_assembled,A48,400.0,0,P49005
4,50,A,10.68,65.81427169760379,3E0J-alt-1_assembled,A50,420.0,0,P49005
5,76,A,10.64,47.316574153267084,3E0J-alt-1_assembled,A76,614.0,0,P49005
6,84,A,10.53,67.69084970934807,3E0J-alt-1_assembled,A84,677.0,0,P49005
7,89,A,10.94,43.831500702884796,3E0J-alt-1_assembled,A89,715.0,0,P49005
8,91,A,10.23,72.11421216560251,3E0J-alt-1_assembled,A91,730.0,0,P49005
9,105,A,10.2,18.497697544336706,3E0J-alt-1_assembled,A105,837.0,0,P49005
10,109,A,10.46,83.37368023606834,3E0J-alt-1_assembled,A109,867.0,0,P49005
11,123,A,10.63,34.180528071056955,3E0J-alt-1_assembled,A123,979.0,0,P49005
12,131,A,10.31,49.193152165011384,3E0J-alt-1_assembled,A131,1039.0,0,P49005
13,19,B,10.21,50.93568889020252,3E0J-alt-1_assembled,B19,1281.0,0,P49005
14,24,B,10.25,54.018638480925304,3E0J-alt-1_assembled,B24,1324.0,0,P49005
15,38,B,9.28,12.73392222255063,3E0J-alt-1_assembled,B38,1438.0,0,P49005
16,48,B,11.51,17.291325965358222,3E0J-alt-1_assembled,B48,1531.0,0,P49005
17,50,B,10.69,58.71008351028606,3E0J-alt-1_assembled,B50,1551.0,0,P49005
18,76,B,10.63,47.85273929947974,3E0J-alt-1_assembled,B76,1745.0,0,P49005
19,84,B,10.54,66.48447813036961,3E0J-alt-1_assembled,B84,1808.0,0,P49005
20,89,B,10.88,39.140055673524046,3E0J-alt-1_assembled,B89,1846.0,0,P49005
21,91,B,10.23,64.47385883207214,3E0J-alt-1_assembled,B91,1861.0,0,P49005
22,105,B,10.21,19.57002783676202,3E0J-alt-1_assembled,B105,1968.0,0,P49005
23,109,B,10.46,79.7545654991329,3E0J-alt-1_assembled,B109,1998.0,0,P49005
24,123,B,10.7,32.84011520552531,3E0J-alt-1_assembled,B123,2110.0,0,P49005
25,131,B,10.32,51.069730176755684,3E0J-alt-1_assembled,B131,2170.0,0,P49005
26,19,C,10.21,48.12082187258606,3E0J-alt-1_assembled,C19,2412.0,0,P49005
27,24,C,10.25,50.131441170883534,3E0J-alt-1_assembled,C24,2455.0,0,P49005
28,38,C,9.27,12.063715789784808,3E0J-alt-1_assembled,C38,2569.0,0,P49005
29,48,C,11.5,18.095573684677213,3E0J-alt-1_assembled,C48,2662.0,0,P49005
30,50,C,10.69,70.10359286730505,3E0J-alt-1_assembled,C50,2682.0,0,P49005
31,76,C,10.65,46.37828514739493,3E0J-alt-1_assembled,C76,2876.0,0,P49005
32,84,C,10.53,65.54618912449746,3E0J-alt-1_assembled,C84,2939.0,0,P49005
33,89,C,11.0,40.21238596594936,3E0J-alt-1_assembled,C89,2977.0,0,P49005
34,91,C,10.23,66.21639555726327,3E0J-alt-1_assembled,C91,2992.0,0,P49005
35,105,C,10.19,18.497697544336706,3E0J-alt-1_assembled,C105,3099.0,0,P49005
36,109,C,10.46,78.41415263360125,3E0J-alt-1_assembled,C109,3129.0,0,P49005
37,123,C,10.62,41.68684011803417,3E0J-alt-1_assembled,C123,3241.0,0,P49005
38,131,C,10.32,50.66760631709619,3E0J-alt-1_assembled,C131,3301.0,0,P49005
39,19,D,10.21,49.193152165011384,3E0J-alt-1_assembled,D19,3543.0,0,P49005
40,24,D,10.25,55.493092633010114,3E0J-alt-1_assembled,D24,3586.0,0,P49005
41,38,D,9.3,13.672211228422782,3E0J-alt-1_assembled,D38,3700.0,0,P49005
42,48,D,11.52,9.919055204934175,3E0J-alt-1_assembled,D48,3793.0,0,P49005
43,50,D,10.7,67.69084970934807,3E0J-alt-1_assembled,D50,3813.0,0,P49005
44,76,D,10.65,51.60589532296834,3E0J-alt-1_assembled,D76,4007.0,0,P49005
45,84,D,10.53,67.69084970934809,3E0J-alt-1_assembled,D84,4070.0,0,P49005
46,89,D,10.99,45.439996141522776,3E0J-alt-1_assembled,D89,4108.0,0,P49005
47,91,D,10.23,68.09297356900758,3E0J-alt-1_assembled,D91,4123.0,0,P49005
48,105,D,10.2,19.83811040986835,3E0J-alt-1_assembled,D105,4230.0,0,P49005
49,109,D,10.46,79.62052421257972,3E0J-alt-1_assembled,D109,4260.0,0,P49005
50,123,D,10.62,34.180528071056955,3E0J-alt-1_assembled,D123,4372.0,0,P49005
51,131,D,10.31,50.93568889020252,3E0J-alt-1_assembled,D131,4432.0,0,P49005
2,48,A,10.43,79.3524416394734,AF-P49790-F1-model_v1,A48,347.0,70.85,P49790
16,317,A,10.42,116.07975415504049,AF-P49790-F1-model_v1,A317,2404.0,82.31,P49790
38,672,A,10.55,78.5481939201544,AF-P49790-F1-model_v1,A672,5059.0,94.39,P49790
39,677,A,10.38,73.05250117147466,AF-P49790-F1-model_v1,A677,5098.0,94.52,P49790
40,685,A,10.07,25.46784444510126,AF-P49790-F1-model_v1,A685,5151.0,90.57,P49790
45,720,A,11.14,64.60790011862531,AF-P49790-F1-model_v1,A720,5405.0,73.44,P49790
46,736,A,10.42,78.1460700604949,AF-P49790-F1-model_v1,A736,5528.0,94.31,P49790
47,741,A,11.51,50.26548245743669,AF-P49790-F1-model_v1,A741,5566.0,95.98,P49790
48,749,A,10.01,22.384894854378473,AF-P49790-F1-model_v1,A749,5622.0,93.05,P49790
51,791,A,11.11,67.28872584968859,AF-P49790-F1-model_v1,A791,5917.0,74.3,P49790
52,812,A,10.22,35.118817076929105,AF-P49790-F1-model_v1,A812,6075.0,95.3,P49790
53,820,A,10.15,32.169908772759484,AF-P49790-F1-model_v1,A820,6132.0,92.14,P49790
55,849,A,11.11,57.771794504413904,AF-P49790-F1-model_v1,A849,6325.0,72.14,P49790
56,850,A,11.47,58.1739183640734,AF-P49790-F1-model_v1,A850,6334.0,73.75,P49790
57,865,A,10.5,85.51834082091897,AF-P49790-F1-model_v1,A865,6452.0,94.27,P49790
58,870,A,11.12,52.142060469181004,AF-P49790-F1-model_v1,A870,6487.0,95.8,P49790
59,878,A,10.07,23.189142573697463,AF-P49790-F1-model_v1,A878,6541.0,90.29,P49790
14,142,A,10.38,86.85875368645061,AF-Q6S8J3-F1-model_v1,A142,1084.0,87.29,Q6S8J3
15,151,A,10.48,101.33521263419237,AF-Q6S8J3-F1-model_v1,A151,1164.0,76.94,Q6S8J3
16,155,A,10.4,71.98017087904935,AF-Q6S8J3-F1-model_v1,A155,1198.0,82.97,Q6S8J3
17,168,A,11.48,42.35704655079999,AF-Q6S8J3-F1-model_v1,A168,1303.0,90.93,Q6S8J3
18,169,A,9.94,42.08896397769366,AF-Q6S8J3-F1-model_v1,A169,1312.0,92.96,Q6S8J3
19,171,A,11.42,80.15668935879239,AF-Q6S8J3-F1-model_v1,A171,1329.0,88.59,Q6S8J3
20,173,A,10.37,80.69285450500504,AF-Q6S8J3-F1-model_v1,A173,1347.0,91.87,Q6S8J3
21,190,A,10.65,85.78642339402529,AF-Q6S8J3-F1-model_v1,A190,1470.0,92.36,Q6S8J3
22,205,A,11.33,32.706073918972145,AF-Q6S8J3-F1-model_v1,A205,1595.0,91.67,Q6S8J3
23,206,A,10.27,80.96093707811137,AF-Q6S8J3-F1-model_v1,A206,1604.0,94.35,Q6S8J3
24,212,A,6.92,0.0,AF-Q6S8J3-F1-model_v1,A212,1652.0,95.86,Q6S8J3
25,252,A,9.87,82.30134994364302,AF-Q6S8J3-F1-model_v1,A252,1969.0,94.1,Q6S8J3
26,256,A,10.04,86.32258854023794,AF-Q6S8J3-F1-model_v1,A256,1999.0,96.23,Q6S8J3
27,268,A,10.16,42.893211697012646,AF-Q6S8J3-F1-model_v1,A268,2089.0,95.29,Q6S8J3
28,270,A,10.43,72.516336025262,AF-Q6S8J3-F1-model_v1,A270,2106.0,92.01,Q6S8J3
29,284,A,9.68,21.58064713505949,AF-Q6S8J3-F1-model_v1,A284,2214.0,93.22,Q6S8J3
30,289,A,10.45,70.50571672696454,AF-Q6S8J3-F1-model_v1,A289,2255.0,95.46,Q6S8J3
31,293,A,10.12,79.21840035292024,AF-Q6S8J3-F1-model_v1,A293,2291.0,94.77,Q6S8J3
32,294,A,10.27,66.35043684381644,AF-Q6S8J3-F1-model_v1,A294,2300.0,94.27,Q6S8J3
33,295,A,10.45,81.76518479743035,AF-Q6S8J3-F1-model_v1,A295,2309.0,92.51,Q6S8J3
34,361,A,10.2,85.25025824781264,AF-Q6S8J3-F1-model_v1,A361,2807.0,85.82,Q6S8J3
35,363,A,10.49,98.92246947623542,AF-Q6S8J3-F1-model_v1,A363,2825.0,83.79,Q6S8J3
56,629,A,10.42,63.267487253093655,AF-Q6S8J3-F1-model_v1,A629,4958.0,76.91,Q6S8J3
57,639,A,10.41,70.23763415385821,AF-Q6S8J3-F1-model_v1,A639,5032.0,74.3,Q6S8J3
58,640,A,10.39,67.15468456313543,AF-Q6S8J3-F1-model_v1,A640,5041.0,75.42,Q6S8J3
59,642,A,10.41,70.23763415385821,AF-Q6S8J3-F1-model_v1,A642,5059.0,77.58,Q6S8J3
60,666,A,10.54,62.3291982472215,AF-Q6S8J3-F1-model_v1,A666,5256.0,85.72,Q6S8J3
61,674,A,10.41,61.65899181445568,AF-Q6S8J3-F1-model_v1,A674,5327.0,85.57,Q6S8J3
62,675,A,10.64,77.0737397680696,AF-Q6S8J3-F1-model_v1,A675,5336.0,85.26,Q6S8J3
63,684,A,10.43,74.66099661011265,AF-Q6S8J3-F1-model_v1,A684,5412.0,79.79,Q6S8J3
64,685,A,10.44,83.23963894951518,AF-Q6S8J3-F1-model_v1,A685,5421.0,79.63,Q6S8J3
65,686,A,10.42,86.05450596713163,AF-Q6S8J3-F1-model_v1,A686,5430.0,75.94,Q6S8J3
66,692,A,10.39,94.36506573342783,AF-Q6S8J3-F1-model_v1,A692,5479.0,70.12,Q6S8J3
67,718,A,11.63,9.650972631827846,AF-Q6S8J3-F1-model_v1,A718,5668.0,98.28,Q6S8J3
68,750,A,11.2,54.4207623405848,AF-Q6S8J3-F1-model_v1,A750,5902.0,78.57,Q6S8J3
69,756,A,10.53,74.7950378966658,AF-Q6S8J3-F1-model_v1,A756,5949.0,93.1,Q6S8J3
70,761,A,11.52,21.178523275399996,AF-Q6S8J3-F1-model_v1,A761,5987.0,88.01,Q6S8J3
71,768,A,10.31,84.84813438815314,AF-Q6S8J3-F1-model_v1,A768,6042.0,92.94,Q6S8J3
72,784,A,10.19,37.53156023488607,AF-Q6S8J3-F1-model_v1,A784,6179.0,97.22,Q6S8J3
73,813,A,10.28,116.61591930125314,AF-Q6S8J3-F1-model_v1,A813,6425.0,94.43,Q6S8J3
74,818,A,10.24,45.57403742807594,AF-Q6S8J3-F1-model_v1,A818,6467.0,97.78,Q6S8J3
75,891,A,10.44,81.09497836466454,AF-Q6S8J3-F1-model_v1,A891,7025.0,95.37,Q6S8J3
76,913,A,9.64,11.125426783912655,AF-Q6S8J3-F1-model_v1,A913,7213.0,97.51,Q6S8J3
77,915,A,11.41,55.359051346456944,AF-Q6S8J3-F1-model_v1,A915,7231.0,96.77,Q6S8J3
78,938,A,10.19,68.22701485556074,AF-Q6S8J3-F1-model_v1,A938,7403.0,96.68,Q6S8J3
79,984,A,10.21,58.30795965062657,AF-Q6S8J3-F1-model_v1,A984,7765.0,97.49,Q6S8J3
80,991,A,10.53,105.75857509044681,AF-Q6S8J3-F1-model_v1,A991,7822.0,89.78,Q6S8J3
0,13,A,11.32,32.70607391897214,2P5X-alt-1_assembled,A13,34.0,0,O95671
1,41,A,10.21,68.62913871522024,2P5X-alt-1_assembled,A41,250.0,0,O95671
2,43,A,10.45,88.86937298474808,2P5X-alt-1_assembled,A43,270.0,0,O95671
3,45,A,11.11,35.654982223141765,2P5X-alt-1_assembled,A45,288.0,0,O95671
4,48,A,10.25,39.27409696007721,2P5X-alt-1_assembled,A48,313.0,0,O95671
5,63,A,10.85,30.02524818790885,2P5X-alt-1_assembled,A63,425.0,0,O95671
6,65,A,7.9,16.48707824603924,2P5X-alt-1_assembled,A65,443.0,0,O95671
7,76,A,10.44,83.23963894951517,2P5X-alt-1_assembled,A76,534.0,0,O95671
8,100,A,9.54,54.15267976747847,2P5X-alt-1_assembled,A100,706.0,0,O95671
9,104,A,10.29,52.142060469181004,2P5X-alt-1_assembled,A104,737.0,0,O95671
10,133,A,10.57,68.7631800017734,2P5X-alt-1_assembled,A133,962.0,0,O95671
11,149,A,11.26,41.68684011803417,2P5X-alt-1_assembled,A149,1102.0,0,O95671
12,151,A,11.18,23.859349006463287,2P5X-alt-1_assembled,A151,1118.0,0,O95671
13,172,A,10.29,12.867963509103795,2P5X-alt-1_assembled,A172,1295.0,0,O95671
14,206,A,10.41,77.4758636277291,2P5X-alt-1_assembled,A206,1544.0,0,O95671
15,210,A,10.13,59.916455089264545,2P5X-alt-1_assembled,A210,1577.0,0,O95671
16,13,B,10.26,36.191147369354425,2P5X-alt-1_assembled,B13,1642.0,0,O95671
17,41,B,9.95,53.616514621265814,2P5X-alt-1_assembled,B41,1858.0,0,O95671
18,43,B,10.45,84.71409310159999,2P5X-alt-1_assembled,B43,1878.0,0,O95671
19,45,B,10.12,73.99079017734681,2P5X-alt-1_assembled,B45,1896.0,0,O95671
20,48,B,11.05,39.006014386970875,2P5X-alt-1_assembled,B48,1921.0,0,O95671
21,63,B,10.92,32.303950059312655,2P5X-alt-1_assembled,B63,2033.0,0,O95671
22,65,B,9.52,27.2103811702924,2P5X-alt-1_assembled,B65,2051.0,0,O95671
23,76,B,11.03,51.33781274986201,2P5X-alt-1_assembled,B76,2142.0,0,O95671
24,100,B,6.64,41.68684011803417,2P5X-alt-1_assembled,B100,2314.0,0,O95671
25,104,B,10.36,55.76117520611645,2P5X-alt-1_assembled,B104,2345.0,0,O95671
26,133,B,10.49,72.78441859836835,2P5X-alt-1_assembled,B133,2570.0,0,O95671
27,149,B,10.94,53.61651462126581,2P5X-alt-1_assembled,B149,2710.0,0,O95671
28,151,B,11.29,15.280706667060757,2P5X-alt-1_assembled,B151,2726.0,0,O95671
29,172,B,9.49,0.0,2P5X-alt-1_assembled,B172,2903.0,0,O95671
30,206,B,10.4,56.69946421198859,2P5X-alt-1_assembled,B206,3152.0,0,O95671
31,210,B,10.46,62.597280820327825,2P5X-alt-1_assembled,B210,3185.0,0,O95671
0,9,A,10.65,54.4207623405848,AF-O95671-F1-model_v1,A9,63.0,82.35,O95671
1,13,A,11.43,50.93568889020252,AF-O95671-F1-model_v1,A13,98.0,90.44,O95671
2,41,A,10.22,57.23562935820125,AF-O95671-F1-model_v1,A41,314.0,94.87,O95671
3,43,A,10.44,87.12683625955694,AF-O95671-F1-model_v1,A43,334.0,86.95,O95671
4,45,A,10.43,88.60129041164174,AF-O95671-F1-model_v1,A45,352.0,84.99,O95671
5,48,A,12.28,34.04648678450379,AF-O95671-F1-model_v1,A48,377.0,90.15,O95671
6,63,A,12.37,28.952917895483537,AF-O95671-F1-model_v1,A63,489.0,97.88,O95671
7,65,A,11.31,0.0,AF-O95671-F1-model_v1,A65,507.0,97.57,O95671
8,76,A,11.41,70.10359286730505,AF-O95671-F1-model_v1,A76,598.0,89.04,O95671
9,100,A,9.76,64.33981754551897,AF-O95671-F1-model_v1,A100,770.0,94.44,O95671
10,104,A,10.16,45.30595485496961,AF-O95671-F1-model_v1,A104,801.0,96.76,O95671
11,133,A,10.46,77.74394620083541,AF-O95671-F1-model_v1,A133,1026.0,80.68,O95671
12,149,A,11.61,48.52294573224556,AF-O95671-F1-model_v1,A149,1166.0,98.0,O95671
13,151,A,11.44,30.025248187908858,AF-O95671-F1-model_v1,A151,1182.0,97.92,O95671
14,172,A,10.28,7.774394620083543,AF-O95671-F1-model_v1,A172,1359.0,93.82,O95671
15,206,A,10.4,71.30996444628353,AF-O95671-F1-model_v1,A206,1608.0,90.46,O95671
16,210,A,10.17,52.27610175573416,AF-O95671-F1-model_v1,A210,1641.0,87.39,O95671
19,299,A,9.69,42.22300526424682,AF-O95671-F1-model_v1,A299,2330.0,96.83,O95671
20,306,A,11.32,67.69084970934809,AF-O95671-F1-model_v1,A306,2377.0,96.93,O95671
21,308,A,9.75,53.88459719437214,AF-O95671-F1-model_v1,A308,2394.0,97.44,O95671
22,314,A,11.52,20.37427555608101,AF-O95671-F1-model_v1,A314,2445.0,95.7,O95671
23,320,A,10.5,77.74394620083542,AF-O95671-F1-model_v1,A320,2492.0,97.62,O95671
24,327,A,10.35,38.60389052731138,AF-O95671-F1-model_v1,A327,2538.0,96.69,O95671
25,350,A,12.59,44.50170713565062,AF-O95671-F1-model_v1,A350,2701.0,97.78,O95671
26,408,A,10.45,104.95432737112782,AF-O95671-F1-model_v1,A408,3173.0,71.27,O95671
28,437,A,9.84,36.191147369354425,AF-O95671-F1-model_v1,A437,3418.0,92.61,O95671
29,534,A,11.13,37.93368409454556,AF-O95671-F1-model_v1,A534,4170.0,96.06,O95671
30,537,A,9.99,55.090968773350625,AF-O95671-F1-model_v1,A537,4196.0,97.48,O95671
31,547,A,10.48,81.2290196512177,AF-O95671-F1-model_v1,A547,4271.0,93.38,O95671
32,563,A,11.31,33.778404211397465,AF-O95671-F1-model_v1,A563,4389.0,88.12,O95671
33,583,A,10.81,39.81026210628987,AF-O95671-F1-model_v1,A583,4545.0,96.1,O95671
34,618,A,9.89,12.867963509103795,AF-O95671-F1-model_v1,A618,4817.0,96.88,O95671
1,46,A,11.33,21.848729708165816,AF-Q8N142-F1-model_v1,A46,326.0,90.86,Q8N142
2,48,A,8.77,47.18253286671391,AF-Q8N142-F1-model_v1,A48,339.0,87.18,Q8N142
3,78,A,10.6,51.87397789607467,AF-Q8N142-F1-model_v1,A78,550.0,85.92,Q8N142
4,93,A,10.43,88.46724912508859,AF-Q8N142-F1-model_v1,A93,673.0,95.31,Q8N142
5,115,A,11.5,68.22701485556075,AF-Q8N142-F1-model_v1,A115,837.0,96.11,Q8N142
6,118,A,10.53,93.29273544100252,AF-Q8N142-F1-model_v1,A118,863.0,95.33,Q8N142
7,119,A,10.85,20.642358129187336,AF-Q8N142-F1-model_v1,A119,872.0,94.63,Q8N142
8,122,A,11.48,58.5760422237329,AF-Q8N142-F1-model_v1,A122,893.0,93.69,Q8N142
9,126,A,11.62,80.42477193189872,AF-Q8N142-F1-model_v1,A126,933.0,96.61,Q8N142
10,158,A,10.46,72.516336025262,AF-Q8N142-F1-model_v1,A158,1194.0,71.47,Q8N142
11,164,A,10.38,68.49509742866707,AF-Q8N142-F1-model_v1,A164,1237.0,89.73,Q8N142
12,165,A,10.07,62.865363393434166,AF-Q8N142-F1-model_v1,A165,1246.0,93.46,Q8N142
13,174,A,9.28,41.82088140458733,AF-Q8N142-F1-model_v1,A174,1309.0,98.52,Q8N142
14,197,A,11.41,38.067725381098725,AF-Q8N142-F1-model_v1,A197,1494.0,98.63,Q8N142
15,219,A,10.45,85.51834082091898,AF-Q8N142-F1-model_v1,A219,1672.0,98.01,Q8N142
16,222,A,10.49,64.47385883207212,AF-Q8N142-F1-model_v1,A222,1700.0,97.79,Q8N142
17,248,A,10.19,57.10158807164809,AF-Q8N142-F1-model_v1,A248,1913.0,96.34,Q8N142
18,249,A,11.55,61.39090924134935,AF-Q8N142-F1-model_v1,A249,1922.0,97.54,Q8N142
19,299,A,10.23,0.0,AF-Q8N142-F1-model_v1,A299,2276.0,98.37,Q8N142
20,336,A,10.35,84.71409310159999,AF-Q8N142-F1-model_v1,A336,2559.0,90.93,Q8N142
21,363,A,8.1,45.30595485496961,AF-Q8N142-F1-model_v1,A363,2778.0,97.54,Q8N142
22,374,A,10.54,38.73793181386455,AF-Q8N142-F1-model_v1,A374,2862.0,98.78,Q8N142
23,380,A,11.46,37.93368409454556,AF-Q8N142-F1-model_v1,A380,2907.0,98.32,Q8N142
24,384,A,10.45,91.14807485615188,AF-Q8N142-F1-model_v1,A384,2936.0,97.48,Q8N142
25,398,A,10.42,77.8779874873886,AF-Q8N142-F1-model_v1,A398,3057.0,97.49,Q8N142
26,410,A,10.38,72.9184598849215,AF-Q8N142-F1-model_v1,A410,3159.0,97.8,Q8N142
27,442,A,11.02,13.94029380152911,AF-Q8N142-F1-model_v1,A442,3416.0,98.58,Q8N142
28,448,A,10.27,98.11822175691643,AF-Q8N142-F1-model_v1,A448,3461.0,84.58,Q8N142
0,56,A,11.39,59.380289943051885,AF-Q8N3F8-F1-model_v1,A56,444.0,94.75,Q8N3F8
1,72,A,11.43,64.47385883207214,AF-Q8N3F8-F1-model_v1,A72,577.0,83.51,Q8N3F8
30,670,A,11.26,28.550794035824044,AF-Q8N3F8-F1-model_v1,A670,4937.0,84.54,Q8N3F8
31,672,A,10.48,79.48648292602657,AF-Q8N3F8-F1-model_v1,A672,4957.0,83.49,Q8N3F8
32,708,A,10.22,77.34182234117593,AF-Q8N3F8-F1-model_v1,A708,5254.0,91.3,Q8N3F8
33,727,A,11.42,75.73332690253795,AF-Q8N3F8-F1-model_v1,A727,5411.0,85.07,Q8N3F8
34,732,A,8.73,63.669611112753145,AF-Q8N3F8-F1-model_v1,A732,5455.0,87.25,Q8N3F8
35,747,A,8.8,47.31657415326708,AF-Q8N3F8-F1-model_v1,A747,5589.0,89.23,Q8N3F8
36,768,A,11.18,44.76978970875695,AF-Q8N3F8-F1-model_v1,A768,5769.0,88.38,Q8N3F8
37,771,A,10.42,89.40553813096074,AF-Q8N3F8-F1-model_v1,A771,5794.0,88.72,Q8N3F8
38,782,A,10.43,80.96093707811139,AF-Q8N3F8-F1-model_v1,A782,5894.0,96.58,Q8N3F8
0,40,A,10.45,103.07774935938352,AF-O00471-F1-model_v1,A40,311.0,85.51,O00471
1,63,A,10.33,82.56943251674934,AF-O00471-F1-model_v1,A63,516.0,93.44,O00471
2,66,A,10.4,73.05250117147466,AF-O00471-F1-model_v1,A66,541.0,95.22,O00471
3,73,A,10.4,52.00801918262784,AF-O00471-F1-model_v1,A73,600.0,95.8,O00471
4,76,A,10.37,72.11421216560251,AF-O00471-F1-model_v1,A76,623.0,95.44,O00471
5,80,A,10.41,80.15668935879239,AF-O00471-F1-model_v1,A80,657.0,95.58,O00471
6,81,A,10.42,76.2694920487506,AF-O00471-F1-model_v1,A81,666.0,94.9,O00471
7,87,A,10.41,92.89061158134302,AF-O00471-F1-model_v1,A87,717.0,95.47,O00471
8,109,A,10.36,54.420762340584794,AF-O00471-F1-model_v1,A109,900.0,88.94,O00471
9,132,A,10.84,40.346427252502515,AF-O00471-F1-model_v1,A132,1077.0,84.95,O00471
10,135,A,10.67,71.0418818731772,AF-O00471-F1-model_v1,A135,1102.0,84.71,O00471
12,155,A,10.81,45.17191356841644,AF-O00471-F1-model_v1,A155,1270.0,75.32,O00471
13,157,A,10.98,35.38689965003544,AF-O00471-F1-model_v1,A157,1287.0,74.88,O00471
14,165,A,12.29,28.41675274927088,AF-O00471-F1-model_v1,A165,1348.0,86.49,O00471
15,182,A,9.92,8.176518479743036,AF-O00471-F1-model_v1,A182,1492.0,82.74,O00471
16,184,A,11.36,27.74654631650506,AF-O00471-F1-model_v1,A184,1507.0,84.72,O00471
17,188,A,9.74,33.91244549795063,AF-O00471-F1-model_v1,A188,1535.0,84.37,O00471
18,223,A,10.41,87.12683625955694,AF-O00471-F1-model_v1,A223,1827.0,79.4,O00471
19,234,A,10.52,80.55881321845187,AF-O00471-F1-model_v1,A234,1916.0,89.5,O00471
20,259,A,10.34,66.75256070347594,AF-O00471-F1-model_v1,A259,2116.0,89.28,O00471
21,274,A,10.58,39.27409696007721,AF-O00471-F1-model_v1,A274,2229.0,92.16,O00471
22,283,A,10.11,55.22501005990378,AF-O00471-F1-model_v1,A283,2306.0,90.91,O00471
23,289,A,10.48,84.84813438815314,AF-O00471-F1-model_v1,A289,2356.0,92.83,O00471
24,297,A,10.49,112.72872199121136,AF-O00471-F1-model_v1,A297,2426.0,75.29,O00471
25,305,A,11.38,76.2694920487506,AF-O00471-F1-model_v1,A305,2492.0,94.17,O00471
26,320,A,10.47,102.13946035351137,AF-O00471-F1-model_v1,A320,2617.0,91.97,O00471
27,330,A,10.21,52.142060469181004,AF-O00471-F1-model_v1,A330,2697.0,88.89,O00471
28,336,A,10.5,81.09497836466454,AF-O00471-F1-model_v1,A336,2747.0,94.26,O00471
29,339,A,10.53,108.8415246811696,AF-O00471-F1-model_v1,A339,2772.0,93.27,O00471
30,358,A,10.53,55.35905134645695,AF-O00471-F1-model_v1,A358,2933.0,97.41,O00471
31,372,A,11.22,27.880587603058224,AF-O00471-F1-model_v1,A372,3052.0,81.23,O00471
34,424,A,10.53,43.29533555667214,AF-O00471-F1-model_v1,A424,3463.0,97.24,O00471
35,498,A,10.61,82.03326737053669,AF-O00471-F1-model_v1,A498,4064.0,95.35,O00471
36,513,A,11.23,33.77840421139746,AF-O00471-F1-model_v1,A513,4183.0,89.82,O00471
37,520,A,10.33,54.018638480925304,AF-O00471-F1-model_v1,A520,4238.0,94.72,O00471
38,521,A,10.34,17.291325965358222,AF-O00471-F1-model_v1,A521,4247.0,94.85,O00471
39,522,A,10.84,56.43138163888226,AF-O00471-F1-model_v1,A522,4256.0,95.02,O00471
40,531,A,11.98,17.42536725191139,AF-O00471-F1-model_v1,A531,4333.0,93.24,O00471
41,548,A,10.5,76.6716159084101,AF-O00471-F1-model_v1,A548,4462.0,93.6,O00471
42,556,A,10.59,65.01002397828479,AF-O00471-F1-model_v1,A556,4525.0,90.38,O00471
43,557,A,10.4,82.97155637640884,AF-O00471-F1-model_v1,A557,4534.0,86.84,O00471
44,561,A,10.37,79.3524416394734,AF-O00471-F1-model_v1,A561,4569.0,88.93,O00471
45,578,A,11.28,36.191147369354425,AF-O00471-F1-model_v1,A578,4704.0,94.96,O00471
46,585,A,10.36,76.13545076219745,AF-O00471-F1-model_v1,A585,4761.0,93.41,O00471
47,589,A,11.06,32.84011520552531,AF-O00471-F1-model_v1,A589,4795.0,91.05,O00471
48,591,A,10.05,34.58265193071645,AF-O00471-F1-model_v1,A591,4812.0,92.87,O00471
49,597,A,10.49,110.18193754670125,AF-O00471-F1-model_v1,A597,4855.0,91.48,O00471
50,640,A,10.81,58.30795965062657,AF-O00471-F1-model_v1,A640,5206.0,95.35,O00471
51,643,A,10.33,71.0418818731772,AF-O00471-F1-model_v1,A643,5226.0,95.51,O00471
52,646,A,10.47,78.9503177798139,AF-O00471-F1-model_v1,A646,5254.0,93.69,O00471
53,672,A,10.33,57.905835790967075,AF-O00471-F1-model_v1,A672,5456.0,85.41,O00471
54,685,A,10.55,93.69485930066199,AF-O00471-F1-model_v1,A685,5552.0,86.08,O00471
0,2,A,10.46,99.05651076278859,AF-Q68EM7-F1-model_v1,A2,16.0,71.41,Q68EM7
1,3,A,10.47,93.694859300662,AF-Q68EM7-F1-model_v1,A3,25.0,77.58,Q68EM7
2,9,A,10.42,63.66961111275315,AF-Q68EM7-F1-model_v1,A9,81.0,73.16,Q68EM7
4,48,A,10.33,68.89722128832656,AF-Q68EM7-F1-model_v1,A48,396.0,95.64,Q68EM7
5,67,A,11.49,72.78441859836835,AF-Q68EM7-F1-model_v1,A67,550.0,90.25,Q68EM7
6,68,A,10.14,64.6079001186253,AF-Q68EM7-F1-model_v1,A68,559.0,90.79,Q68EM7
7,92,A,11.41,42.62512912390632,AF-Q68EM7-F1-model_v1,A92,737.0,92.26,Q68EM7
8,117,A,11.51,71.98017087904935,AF-Q68EM7-F1-model_v1,A117,933.0,95.74,Q68EM7
9,136,A,10.38,74.3929140370063,AF-Q68EM7-F1-model_v1,A136,1083.0,96.16,Q68EM7
10,139,A,10.18,70.6397580135177,AF-Q68EM7-F1-model_v1,A139,1112.0,94.78,Q68EM7
11,160,A,10.36,67.95893228245441,AF-Q68EM7-F1-model_v1,A160,1293.0,83.4,Q68EM7
12,172,A,10.38,71.0418818731772,AF-Q68EM7-F1-model_v1,A172,1378.0,84.55,Q68EM7
13,177,A,10.9,56.16329906577594,AF-Q68EM7-F1-model_v1,A177,1418.0,92.14,Q68EM7
14,186,A,11.41,50.39952374398986,AF-Q68EM7-F1-model_v1,A186,1487.0,95.71,Q68EM7
15,191,A,11.38,29.62312432824936,AF-Q68EM7-F1-model_v1,A191,1527.0,93.84,Q68EM7
16,204,A,11.58,36.32518865590759,AF-Q68EM7-F1-model_v1,A204,1631.0,95.03,Q68EM7
17,210,A,10.52,69.56742772109239,AF-Q68EM7-F1-model_v1,A210,1678.0,96.56,Q68EM7
18,225,A,11.65,50.26548245743669,AF-Q68EM7-F1-model_v1,A225,1808.0,98.33,Q68EM7
19,232,A,10.63,110.45002011980756,AF-Q68EM7-F1-model_v1,A232,1859.0,96.01,Q68EM7
20,243,A,10.38,98.92246947623542,AF-Q68EM7-F1-model_v1,A243,1950.0,72.15,Q68EM7
22,259,A,10.45,93.69485930066202,AF-Q68EM7-F1-model_v1,A259,2081.0,87.34,Q68EM7
23,282,A,10.44,79.62052421257971,AF-Q68EM7-F1-model_v1,A282,2254.0,94.69,Q68EM7
24,295,A,11.37,45.97616128773543,AF-Q68EM7-F1-model_v1,A295,2347.0,90.69,Q68EM7
25,297,A,10.42,82.30134994364302,AF-Q68EM7-F1-model_v1,A297,2364.0,92.37,Q68EM7
26,298,A,11.34,57.503711931307585,AF-Q68EM7-F1-model_v1,A298,2373.0,92.19,Q68EM7
27,300,A,10.84,16.353036959486072,AF-Q68EM7-F1-model_v1,A300,2390.0,93.16,Q68EM7
28,325,A,8.73,22.116812281272146,AF-Q68EM7-F1-model_v1,A325,2573.0,95.22,Q68EM7
29,355,A,10.63,49.86335859777721,AF-Q68EM7-F1-model_v1,A355,2828.0,94.55,Q68EM7
30,356,A,9.57,8.980766199062023,AF-Q68EM7-F1-model_v1,A356,2837.0,94.66,Q68EM7
31,366,A,11.27,46.24424386084176,AF-Q68EM7-F1-model_v1,A366,2926.0,96.36,Q68EM7
32,380,A,10.71,8.980766199062023,AF-Q68EM7-F1-model_v1,A380,3050.0,96.8,Q68EM7
33,384,A,9.96,42.759170410459475,AF-Q68EM7-F1-model_v1,A384,3083.0,95.65,Q68EM7
34,393,A,10.63,38.33580795420505,AF-Q68EM7-F1-model_v1,A393,3150.0,96.92,Q68EM7
0,17,A,10.39,97.58205661070377,AF-P37802-F1-model_v1,A17,131.0,91.93,P37802
1,20,A,10.39,96.10760245861897,AF-P37802-F1-model_v1,A20,157.0,92.89,P37802
2,40,A,11.48,70.10359286730505,AF-P37802-F1-model_v1,A40,329.0,87.2,P37802
3,57,A,10.01,44.903830995310116,AF-P37802-F1-model_v1,A57,473.0,95.15,P37802
4,78,A,10.42,107.23302924253161,AF-P37802-F1-model_v1,A78,628.0,90.37,P37802
5,79,A,10.45,109.2436485408291,AF-P37802-F1-model_v1,A79,637.0,90.17,P37802
6,88,A,10.33,69.96955158075188,AF-P37802-F1-model_v1,A88,705.0,94.53,P37802
7,120,A,11.2,34.98477579037594,AF-P37802-F1-model_v1,A120,969.0,91.37,P37802
8,153,A,10.47,109.37768982738226,AF-P37802-F1-model_v1,A153,1219.0,74.17,P37802
9,154,A,9.85,39.140055673524046,AF-P37802-F1-model_v1,A154,1228.0,72.45,P37802
11,171,A,10.3,66.35043684381644,AF-P37802-F1-model_v1,A171,1367.0,83.58,P37802
0,154,A,10.43,91.55019871581138,AF-P35527-F1-model_v1,A154,949.0,72.2,P35527
1,170,A,10.4,72.516336025262,AF-P35527-F1-model_v1,A170,1077.0,91.99,P35527
2,184,A,11.45,68.49509742866707,AF-P35527-F1-model_v1,A184,1187.0,89.66,P35527
3,191,A,11.13,58.442000937179735,AF-P35527-F1-model_v1,A191,1255.0,72.49,P35527
6,212,A,11.05,68.7631800017734,AF-P35527-F1-model_v1,A212,1424.0,96.04,P35527
7,224,A,10.8,84.58005181504682,AF-P35527-F1-model_v1,A224,1515.0,96.13,P35527
8,242,A,10.51,122.7818184826987,AF-P35527-F1-model_v1,A242,1666.0,95.86,P35527
9,271,A,10.52,58.844124796839225,AF-P35527-F1-model_v1,A271,1900.0,95.71,P35527
10,289,A,10.3,65.01002397828479,AF-P35527-F1-model_v1,A289,2049.0,94.63,P35527
11,290,A,10.41,72.516336025262,AF-P35527-F1-model_v1,A290,2058.0,94.41,P35527
12,293,A,10.44,81.6311435108772,AF-P35527-F1-model_v1,A293,2085.0,89.42,P35527
14,321,A,10.42,69.43338643453923,AF-P35527-F1-model_v1,A321,2291.0,81.62,P35527
15,336,A,10.41,65.41214783794429,AF-P35527-F1-model_v1,A336,2419.0,92.98,P35527
16,339,A,10.49,65.41214783794429,AF-P35527-F1-model_v1,A339,2447.0,93.23,P35527
17,368,A,10.33,72.78441859836835,AF-P35527-F1-model_v1,A368,2675.0,93.44,P35527
18,390,A,10.31,99.45863462244807,AF-P35527-F1-model_v1,A390,2854.0,92.37,P35527
19,391,A,10.79,91.28211614270504,AF-P35527-F1-model_v1,A391,2863.0,92.66,P35527
20,396,A,10.43,83.37368023606834,AF-P35527-F1-model_v1,A396,2899.0,92.7,P35527
21,402,A,10.39,90.07574456372656,AF-P35527-F1-model_v1,A402,2946.0,96.03,P35527
22,444,A,11.39,50.131441170883534,AF-P35527-F1-model_v1,A444,3291.0,96.02,P35527
23,449,A,10.4,77.60990491428225,AF-P35527-F1-model_v1,A449,3336.0,91.31,P35527
0,41,A,10.46,43.027252983565816,AF-P07900-F1-model_v1,A41,334.0,92.66,P07900
1,58,A,8.93,14.476458947741769,AF-P07900-F1-model_v1,A58,470.0,92.32,P07900
2,69,A,11.2,16.084954386379742,AF-P07900-F1-model_v1,A69,561.0,93.57,P07900
3,74,A,10.56,83.77580409572784,AF-P07900-F1-model_v1,A74,596.0,93.79,P07900
4,84,A,10.46,76.13545076219745,AF-P07900-F1-model_v1,A84,679.0,92.22,P07900
5,100,A,10.42,61.25686795479618,AF-P07900-F1-model_v1,A100,799.0,96.65,P07900
6,112,A,10.19,46.37828514739493,AF-P07900-F1-model_v1,A112,885.0,85.71,P07900
7,116,A,10.63,68.89722128832656,AF-P07900-F1-model_v1,A116,911.0,84.24,P07900
8,147,A,11.18,28.55079403582404,AF-P07900-F1-model_v1,A147,1141.0,96.96,P07900
9,153,A,9.96,27.61250502995189,AF-P07900-F1-model_v1,A153,1186.0,97.66,P07900
10,185,A,10.13,35.654982223141765,AF-P07900-F1-model_v1,A185,1430.0,97.91,P07900
11,191,A,9.34,30.56141333412151,AF-P07900-F1-model_v1,A191,1480.0,96.54,P07900
12,204,A,12.12,37.129436375226575,AF-P07900-F1-model_v1,A204,1599.0,94.73,P07900
13,208,A,9.98,71.57804701938986,AF-P07900-F1-model_v1,A208,1632.0,90.16,P07900
14,209,A,11.19,54.68884491369113,AF-P07900-F1-model_v1,A209,1641.0,88.12,P07900
15,224,A,12.91,27.61250502995189,AF-P07900-F1-model_v1,A224,1767.0,84.86,P07900
16,228,A,11.45,44.09958327599113,AF-P07900-F1-model_v1,A228,1804.0,77.19,P07900
31,281,A,11.65,59.11220736994555,AF-P07900-F1-model_v1,A281,2242.0,77.76,P07900
32,283,A,11.03,52.94630818849999,AF-P07900-F1-model_v1,A283,2260.0,82.17,P07900
33,292,A,10.57,78.14607006049492,AF-P07900-F1-model_v1,A292,2340.0,86.83,P07900
34,294,A,10.41,105.89261637699997,AF-P07900-F1-model_v1,A294,2356.0,86.75,P07900
35,314,A,11.36,44.36766584909746,AF-P07900-F1-model_v1,A314,2532.0,93.53,P07900
36,327,A,10.81,28.68483532237721,AF-P07900-F1-model_v1,A327,2639.0,97.69,P07900
37,356,A,10.72,57.23562935820125,AF-P07900-F1-model_v1,A356,2889.0,83.33,P07900
38,357,A,10.87,55.895216492669604,AF-P07900-F1-model_v1,A357,2898.0,83.5,P07900
39,358,A,11.61,38.33580795420505,AF-P07900-F1-model_v1,A358,2907.0,84.95,P07900
40,362,A,8.87,48.65698701879872,AF-P07900-F1-model_v1,A362,2940.0,91.16,P07900
41,407,A,10.45,102.13946035351137,AF-P07900-F1-model_v1,A407,3316.0,84.84,P07900
42,410,A,10.51,106.56282280976579,AF-P07900-F1-model_v1,A410,3341.0,88.63,P07900
43,414,A,10.34,97.71609789725693,AF-P07900-F1-model_v1,A414,3376.0,94.11,P07900
44,418,A,10.4,69.56742772109239,AF-P07900-F1-model_v1,A418,3408.0,97.12,P07900
45,419,A,11.32,41.016633685268346,AF-P07900-F1-model_v1,A419,3417.0,97.75,P07900
46,431,A,11.53,78.28011134704809,AF-P07900-F1-model_v1,A431,3514.0,93.62,P07900
47,435,A,10.76,80.69285450500504,AF-P07900-F1-model_v1,A435,3552.0,96.73,P07900
48,436,A,11.4,72.9184598849215,AF-P07900-F1-model_v1,A436,3561.0,96.86,P07900
49,443,A,10.42,77.34182234117594,AF-P07900-F1-model_v1,A443,3628.0,97.71,P07900
50,446,A,13.85,0.0,AF-P07900-F1-model_v1,A446,3653.0,98.46,P07900
51,457,A,10.79,86.32258854023794,AF-P07900-F1-model_v1,A457,3743.0,95.86,P07900
52,458,A,10.27,82.7034738033025,AF-P07900-F1-model_v1,A458,3752.0,96.44,P07900
53,478,A,10.65,91.95232257547086,AF-P07900-F1-model_v1,A478,3909.0,96.04,P07900
54,485,A,10.12,26.13805087786708,AF-P07900-F1-model_v1,A485,3970.0,92.48,P07900
55,489,A,10.47,96.37568503172528,AF-P07900-F1-model_v1,A489,4005.0,91.17,P07900
56,499,A,11.42,29.086959182036704,AF-P07900-F1-model_v1,A499,4091.0,95.43,P07900
57,513,A,10.07,52.67822561539366,AF-P07900-F1-model_v1,A513,4205.0,91.35,P07900
58,534,A,10.38,93.0246528678962,AF-P07900-F1-model_v1,A534,4380.0,93.07,P07900
59,539,A,10.28,45.842120001182266,AF-P07900-F1-model_v1,A539,4422.0,95.22,P07900
60,546,A,9.51,39.542179533183536,AF-P07900-F1-model_v1,A546,4473.0,94.08,P07900
61,558,A,10.63,58.978166083392395,AF-P07900-F1-model_v1,A558,4571.0,85.18,P07900
62,559,A,10.63,72.38229473870885,AF-P07900-F1-model_v1,A559,4580.0,90.58,P07900
63,560,A,11.7,58.1739183640734,AF-P07900-F1-model_v1,A560,4589.0,89.85,P07900
64,564,A,10.66,35.78902350969493,AF-P07900-F1-model_v1,A564,4625.0,93.31,P07900
65,565,A,11.3,50.39952374398986,AF-P07900-F1-model_v1,A565,4634.0,93.73,P07900
66,567,A,11.09,30.963537193781008,AF-P07900-F1-model_v1,A567,4650.0,94.02,P07900
67,573,A,11.5,69.43338643453923,AF-P07900-F1-model_v1,A573,4701.0,94.3,P07900
68,576,A,10.14,32.30395005931265,AF-P07900-F1-model_v1,A576,4726.0,95.13,P07900
69,581,A,10.55,91.4161574292582,AF-P07900-F1-model_v1,A581,4768.0,87.54,P07900
70,582,A,10.21,46.11020257428859,AF-P07900-F1-model_v1,A582,4777.0,89.78,P07900
71,585,A,10.71,58.71008351028606,AF-P07900-F1-model_v1,A585,4802.0,94.32,P07900
72,615,A,11.14,31.767784913099995,AF-P07900-F1-model_v1,A615,5033.0,86.46,P07900
73,631,A,11.51,63.40152853964682,AF-P07900-F1-model_v1,A631,5151.0,87.36,P07900
74,632,A,9.87,23.72530771991012,AF-P07900-F1-model_v1,A632,5160.0,93.37,P07900
75,649,A,10.54,48.3889044456924,AF-P07900-F1-model_v1,A649,5303.0,90.85,P07900
76,654,A,10.49,63.40152853964682,AF-P07900-F1-model_v1,A654,5339.0,80.04,P07900
77,657,A,10.66,88.33320783853543,AF-P07900-F1-model_v1,A657,5364.0,80.7,P07900
78,660,A,10.39,67.69084970934809,AF-P07900-F1-model_v1,A660,5386.0,86.57,P07900
79,693,A,10.43,67.82489099590126,AF-P07900-F1-model_v1,A693,5653.0,85.81,P07900
0,5,A,10.72,65.14406526483796,AF-P61224-F1-model_v1,A5,48.0,98.49,P61224
1,16,A,8.36,9.516931345274681,AF-P61224-F1-model_v1,A16,116.0,97.55,P61224
2,31,A,10.43,106.02665766355314,AF-P61224-F1-model_v1,A31,233.0,87.61,P61224
3,42,A,9.41,26.808257310632904,AF-P61224-F1-model_v1,A42,330.0,98.43,P61224
4,73,A,10.42,96.64376760483162,AF-P61224-F1-model_v1,A73,576.0,95.51,P61224
5,104,A,9.02,16.084954386379742,AF-P61224-F1-model_v1,A104,824.0,96.0,P61224
6,117,A,9.54,32.97415649207847,AF-P61224-F1-model_v1,A117,921.0,98.65,P61224
7,128,A,10.6,78.9503177798139,AF-P61224-F1-model_v1,A128,1007.0,98.51,P61224
8,149,A,10.73,63.40152853964682,AF-P61224-F1-model_v1,A149,1174.0,98.36,P61224
9,151,A,10.23,68.62913871522024,AF-P61224-F1-model_v1,A151,1189.0,98.12,P61224
10,168,A,10.98,34.31456935761012,AF-P61224-F1-model_v1,A168,1339.0,92.47,P61224
0,46,A,10.28,49.46123473811771,5EXW-alt1B_assembled,A46,139.0,0,P11021
1,81,A,12.57,42.893211697012646,5EXW-alt1B_assembled,A81,404.0,0,P11021
2,96,A,12.42,0.0,5EXW-alt1B_assembled,A96,521.0,0,P11021
3,113,A,10.3,48.52294573224556,5EXW-alt1B_assembled,A113,663.0,0,P11021
4,118,A,10.32,49.59527602467087,5EXW-alt1B_assembled,A118,709.0,0,P11021
5,122,A,9.11,29.757165614802524,5EXW-alt1B_assembled,A122,741.0,0,P11021
6,123,A,11.28,61.793033101008845,5EXW-alt1B_assembled,A123,750.0,0,P11021
7,125,A,11.57,43.831500702884796,5EXW-alt1B_assembled,A125,766.0,0,P11021
8,138,A,10.26,54.4207623405848,5EXW-alt1B_assembled,A138,862.0,0,P11021
9,152,A,10.05,0.0,5EXW-alt1B_assembled,A152,968.0,0,P11021
10,154,A,11.1,22.652977427484807,5EXW-alt1B_assembled,A154,985.0,0,P11021
11,163,A,10.08,47.04849158016074,5EXW-alt1B_assembled,A163,1053.0,0,P11021
12,164,A,10.5,84.31196924194049,5EXW-alt1B_assembled,A164,1062.0,0,P11021
13,185,A,9.44,34.04648678450379,5EXW-alt1B_assembled,A185,1225.0,0,P11021
14,213,A,10.55,66.08235427071011,5EXW-alt1B_assembled,A213,1424.0,0,P11021
15,218,A,10.3,58.30795965062657,5EXW-alt1B_assembled,A218,1466.0,0,P11021
16,268,A,10.28,97.58205661070377,5EXW-alt1B_assembled,A268,1850.0,0,P11021
17,271,A,10.36,75.86736818909112,5EXW-alt1B_assembled,A271,1879.0,0,P11021
18,272,A,10.44,87.93108397887593,5EXW-alt1B_assembled,A272,1888.0,0,P11021
19,273,A,10.47,82.56943251674934,5EXW-alt1B_assembled,A273,1897.0,0,P11021
20,276,A,11.73,48.12082187258606,5EXW-alt1B_assembled,A276,1917.0,0,P11021
21,280,A,10.75,84.58005181504682,5EXW-alt1B_assembled,A280,1952.0,0,P11021
22,287,A,10.2,30.695454620674674,5EXW-alt1B_assembled,A287,2009.0,0,P11021
23,294,A,10.84,55.62713391956328,5EXW-alt1B_assembled,A294,2073.0,0,P11021
24,296,A,11.41,23.32318386025063,5EXW-alt1B_assembled,A296,2087.0,0,P11021
25,326,A,11.11,31.633743626546828,5EXW-alt1B_assembled,A326,2333.0,0,P11021
26,340,A,10.38,117.28612573401895,5EXW-alt1B_assembled,A340,2454.0,0,P11021
27,344,A,10.96,47.18253286671391,5EXW-alt1B_assembled,A344,2486.0,0,P11021
28,352,A,10.5,101.46925392074554,5EXW-alt1B_assembled,A352,2549.0,0,P11021
29,353,A,9.98,50.66760631709619,5EXW-alt1B_assembled,A353,2558.0,0,P11021
30,370,A,10.48,26.674216024079744,5EXW-alt1B_assembled,A370,2683.0,0,P11021
31,376,A,10.93,54.152679767478475,5EXW-alt1B_assembled,A376,2733.0,0,P11021
32,382,A,10.05,41.552798831481006,5EXW-alt1B_assembled,A382,2785.0,0,P11021
33,46,B,10.48,41.68684011803416,5EXW-alt1B_assembled,B46,3101.0,0,P11021
34,81,B,9.12,0.0,5EXW-alt1B_assembled,B81,3366.0,0,P11021
35,96,B,13.05,6.970146900764555,5EXW-alt1B_assembled,B96,3483.0,0,P11021
36,113,B,10.2,55.895216492669604,5EXW-alt1B_assembled,B113,3625.0,0,P11021
37,118,B,10.26,41.552798831481006,5EXW-alt1B_assembled,B118,3671.0,0,P11021
38,122,B,10.05,32.706073918972145,5EXW-alt1B_assembled,B122,3703.0,0,P11021
39,123,B,10.38,49.8633585977772,5EXW-alt1B_assembled,B123,3712.0,0,P11021
40,125,B,11.29,44.63574842220379,5EXW-alt1B_assembled,B125,3728.0,0,P11021
41,138,B,10.2,37.79964280799239,5EXW-alt1B_assembled,B138,3824.0,0,P11021
42,152,B,10.38,19.570027836762023,5EXW-alt1B_assembled,B152,3930.0,0,P11021
43,154,B,11.14,29.62312432824936,5EXW-alt1B_assembled,B154,3947.0,0,P11021
44,163,B,10.12,38.60389052731138,5EXW-alt1B_assembled,B163,4015.0,0,P11021
45,164,B,10.12,67.28872584968859,5EXW-alt1B_assembled,B164,4024.0,0,P11021
46,185,B,10.34,44.903830995310116,5EXW-alt1B_assembled,B185,4187.0,0,P11021
47,213,B,5.7,0.0,5EXW-alt1B_assembled,B213,4386.0,0,P11021
48,218,B,9.02,30.159289474462017,5EXW-alt1B_assembled,B218,4428.0,0,P11021
49,268,B,10.38,63.40152853964682,5EXW-alt1B_assembled,B268,4812.0,0,P11021
50,271,B,10.62,58.978166083392395,5EXW-alt1B_assembled,B271,4841.0,0,P11021
51,272,B,10.09,57.771794504413904,5EXW-alt1B_assembled,B272,4850.0,0,P11021
52,273,B,11.4,62.597280820327825,5EXW-alt1B_assembled,B273,4859.0,0,P11021
53,276,B,11.44,18.63173883088987,5EXW-alt1B_assembled,B276,4879.0,0,P11021
54,280,B,10.5,78.81627649326074,5EXW-alt1B_assembled,B280,4914.0,0,P11021
55,287,B,10.2,49.193152165011384,5EXW-alt1B_assembled,B287,4971.0,0,P11021
56,294,B,10.2,42.491087837353156,5EXW-alt1B_assembled,B294,5035.0,0,P11021
57,296,B,9.34,13.136046082210123,5EXW-alt1B_assembled,B296,5049.0,0,P11021
58,326,B,10.56,23.859349006463287,5EXW-alt1B_assembled,B326,5295.0,0,P11021
59,340,B,10.08,62.865363393434166,5EXW-alt1B_assembled,B340,5416.0,0,P11021
60,344,B,10.86,52.27610175573417,5EXW-alt1B_assembled,B344,5448.0,0,P11021
61,352,B,11.21,80.96093707811139,5EXW-alt1B_assembled,B352,5511.0,0,P11021
62,353,B,10.1,42.22300526424683,5EXW-alt1B_assembled,B353,5520.0,0,P11021
63,370,B,10.46,21.98277099471898,5EXW-alt1B_assembled,B370,5645.0,0,P11021
64,376,B,11.31,38.87197310041772,5EXW-alt1B_assembled,B376,5695.0,0,P11021
65,382,B,8.25,22.384894854378476,5EXW-alt1B_assembled,B382,5747.0,0,P11021
0,46,A,10.28,49.46123473811771,5EXW-alt1A_assembled,A46,139.0,0,P11021
1,81,A,12.57,42.893211697012646,5EXW-alt1A_assembled,A81,404.0,0,P11021
2,96,A,12.42,0.0,5EXW-alt1A_assembled,A96,521.0,0,P11021
3,113,A,10.3,48.52294573224556,5EXW-alt1A_assembled,A113,663.0,0,P11021
4,118,A,10.32,49.59527602467087,5EXW-alt1A_assembled,A118,709.0,0,P11021
5,122,A,9.11,29.757165614802524,5EXW-alt1A_assembled,A122,741.0,0,P11021
6,123,A,11.28,61.793033101008845,5EXW-alt1A_assembled,A123,750.0,0,P11021
7,125,A,11.57,43.831500702884796,5EXW-alt1A_assembled,A125,766.0,0,P11021
8,138,A,10.26,54.4207623405848,5EXW-alt1A_assembled,A138,862.0,0,P11021
9,152,A,10.04,0.0,5EXW-alt1A_assembled,A152,968.0,0,P11021
10,154,A,11.1,22.652977427484807,5EXW-alt1A_assembled,A154,985.0,0,P11021
11,163,A,10.06,47.04849158016074,5EXW-alt1A_assembled,A163,1053.0,0,P11021
12,164,A,10.5,84.31196924194049,5EXW-alt1A_assembled,A164,1062.0,0,P11021
13,185,A,9.44,34.04648678450379,5EXW-alt1A_assembled,A185,1225.0,0,P11021
14,213,A,10.56,65.14406526483796,5EXW-alt1A_assembled,A213,1424.0,0,P11021
15,218,A,10.28,58.30795965062657,5EXW-alt1A_assembled,A218,1466.0,0,P11021
16,268,A,10.28,97.58205661070377,5EXW-alt1A_assembled,A268,1850.0,0,P11021
17,271,A,10.36,75.86736818909112,5EXW-alt1A_assembled,A271,1879.0,0,P11021
18,272,A,10.44,87.93108397887593,5EXW-alt1A_assembled,A272,1888.0,0,P11021
19,273,A,10.47,82.56943251674934,5EXW-alt1A_assembled,A273,1897.0,0,P11021
20,276,A,11.73,48.12082187258606,5EXW-alt1A_assembled,A276,1917.0,0,P11021
21,280,A,10.75,84.58005181504682,5EXW-alt1A_assembled,A280,1952.0,0,P11021
22,287,A,10.2,30.695454620674674,5EXW-alt1A_assembled,A287,2009.0,0,P11021
23,294,A,10.84,55.62713391956328,5EXW-alt1A_assembled,A294,2073.0,0,P11021
24,296,A,11.41,23.32318386025063,5EXW-alt1A_assembled,A296,2087.0,0,P11021
25,326,A,11.11,31.633743626546828,5EXW-alt1A_assembled,A326,2333.0,0,P11021
26,340,A,10.38,117.28612573401895,5EXW-alt1A_assembled,A340,2454.0,0,P11021
27,344,A,10.96,47.18253286671391,5EXW-alt1A_assembled,A344,2486.0,0,P11021
28,352,A,10.5,101.46925392074554,5EXW-alt1A_assembled,A352,2549.0,0,P11021
29,353,A,9.98,50.66760631709619,5EXW-alt1A_assembled,A353,2558.0,0,P11021
30,370,A,10.43,26.674216024079744,5EXW-alt1A_assembled,A370,2683.0,0,P11021
31,376,A,10.93,54.152679767478475,5EXW-alt1A_assembled,A376,2733.0,0,P11021
32,382,A,10.1,41.552798831481006,5EXW-alt1A_assembled,A382,2785.0,0,P11021
33,46,B,10.62,34.716693217269615,5EXW-alt1A_assembled,B46,3101.0,0,P11021
34,81,B,8.53,6.568023041105062,5EXW-alt1A_assembled,B81,3366.0,0,P11021
35,96,B,13.15,7.640353333530379,5EXW-alt1A_assembled,B96,3483.0,0,P11021
36,113,B,10.27,54.4207623405848,5EXW-alt1A_assembled,B113,3625.0,0,P11021
37,118,B,10.33,72.78441859836835,5EXW-alt1A_assembled,B118,3671.0,0,P11021
38,122,B,9.95,35.5209409365886,5EXW-alt1A_assembled,B122,3703.0,0,P11021
39,123,B,10.54,61.65899181445568,5EXW-alt1A_assembled,B123,3712.0,0,P11021
40,125,B,11.65,31.365661053440498,5EXW-alt1A_assembled,B125,3728.0,0,P11021
41,138,B,10.26,36.86135380212025,5EXW-alt1A_assembled,B138,3824.0,0,P11021
42,152,B,10.74,24.79763801233544,5EXW-alt1A_assembled,B152,3930.0,0,P11021
43,154,B,10.89,19.033862690549363,5EXW-alt1A_assembled,B154,3947.0,0,P11021
44,163,B,10.13,45.305954854969606,5EXW-alt1A_assembled,B163,4015.0,0,P11021
45,164,B,9.9,49.193152165011384,5EXW-alt1A_assembled,B164,4024.0,0,P11021
46,185,B,10.31,42.35704655079999,5EXW-alt1A_assembled,B185,4187.0,0,P11021
47,213,B,3.39,0.0,5EXW-alt1A_assembled,B213,4386.0,0,P11021
48,218,B,9.08,29.35504175514303,5EXW-alt1A_assembled,B218,4428.0,0,P11021
49,268,B,10.55,77.74394620083542,5EXW-alt1A_assembled,B268,4812.0,0,P11021
50,271,B,10.91,51.73993660952151,5EXW-alt1A_assembled,B271,4841.0,0,P11021
51,272,B,10.33,80.15668935879239,5EXW-alt1A_assembled,B272,4850.0,0,P11021
52,273,B,11.38,62.86536339343415,5EXW-alt1A_assembled,B273,4859.0,0,P11021
53,276,B,12.53,30.025248187908858,5EXW-alt1A_assembled,B276,4879.0,0,P11021
54,280,B,10.47,74.7950378966658,5EXW-alt1A_assembled,B280,4914.0,0,P11021
55,287,B,10.12,50.53356503054303,5EXW-alt1A_assembled,B287,4971.0,0,P11021
56,294,B,10.06,41.954922691140496,5EXW-alt1A_assembled,B294,5035.0,0,P11021
57,296,B,10.48,27.746546316505057,5EXW-alt1A_assembled,B296,5049.0,0,P11021
58,326,B,10.4,30.02524818790885,5EXW-alt1A_assembled,B326,5295.0,0,P11021
59,340,B,10.34,82.16730865708986,5EXW-alt1A_assembled,B340,5416.0,0,P11021
60,344,B,10.96,53.75055590781898,5EXW-alt1A_assembled,B344,5448.0,0,P11021
61,352,B,10.88,86.85875368645061,5EXW-alt1A_assembled,B352,5511.0,0,P11021
62,353,B,10.12,27.47846374339873,5EXW-alt1A_assembled,B353,5520.0,0,P11021
63,370,B,10.27,14.342417661188604,5EXW-alt1A_assembled,B370,5645.0,0,P11021
64,376,B,11.1,38.46984924075822,5EXW-alt1A_assembled,B376,5695.0,0,P11021
65,382,B,9.79,44.09958327599112,5EXW-alt1A_assembled,B382,5747.0,0,P11021
0,46,A,10.1,31.499702339993664,5F0X-alt1B_assembled,A46,147.0,0,P11021
1,81,A,12.36,21.84872970816582,5F0X-alt1B_assembled,A81,412.0,0,P11021
2,96,A,11.69,0.0,5F0X-alt1B_assembled,A96,529.0,0,P11021
3,113,A,10.3,56.029257779222775,5F0X-alt1B_assembled,A113,671.0,0,P11021
4,118,A,10.38,59.64837251615822,5F0X-alt1B_assembled,A118,717.0,0,P11021
5,122,A,10.57,54.822886200244284,5F0X-alt1B_assembled,A122,749.0,0,P11021
6,123,A,10.34,77.74394620083542,5F0X-alt1B_assembled,A123,758.0,0,P11021
7,125,A,10.75,69.70146900764556,5F0X-alt1B_assembled,A125,774.0,0,P11021
8,138,A,10.21,45.57403742807594,5F0X-alt1B_assembled,A138,870.0,0,P11021
9,152,A,10.66,30.695454620674678,5F0X-alt1B_assembled,A152,976.0,0,P11021
10,154,A,11.13,28.81887660893037,5F0X-alt1B_assembled,A154,993.0,0,P11021
11,163,A,10.14,42.491087837353156,5F0X-alt1B_assembled,A163,1061.0,0,P11021
12,164,A,10.16,77.74394620083542,5F0X-alt1B_assembled,A164,1070.0,0,P11021
13,185,A,10.11,31.09757848033417,5F0X-alt1B_assembled,A185,1233.0,0,P11021
14,213,A,10.33,27.478463743398727,5F0X-alt1B_assembled,A213,1432.0,0,P11021
15,218,A,9.58,45.7080787146291,5F0X-alt1B_assembled,A218,1474.0,0,P11021
16,268,A,10.31,96.24164374517213,5F0X-alt1B_assembled,A268,1858.0,0,P11021
17,271,A,10.41,58.978166083392395,5F0X-alt1B_assembled,A271,1887.0,0,P11021
18,272,A,10.44,86.85875368645061,5F0X-alt1B_assembled,A272,1896.0,0,P11021
19,273,A,11.22,48.92506959190506,5F0X-alt1B_assembled,A273,1905.0,0,P11021
20,276,A,10.57,42.08896397769366,5F0X-alt1B_assembled,A276,1925.0,0,P11021
21,280,A,10.59,64.20577625896581,5F0X-alt1B_assembled,A280,1960.0,0,P11021
22,287,A,10.07,26.808257310632904,5F0X-alt1B_assembled,A287,2017.0,0,P11021
23,294,A,11.29,69.43338643453923,5F0X-alt1B_assembled,A294,2081.0,0,P11021
24,296,A,10.34,18.497697544336702,5F0X-alt1B_assembled,A296,2095.0,0,P11021
25,326,A,10.64,40.88259239871518,5F0X-alt1B_assembled,A326,2341.0,0,P11021
26,340,A,10.4,100.79904748797972,5F0X-alt1B_assembled,A340,2462.0,0,P11021
27,344,A,9.98,59.51433122960505,5F0X-alt1B_assembled,A344,2494.0,0,P11021
28,352,A,10.55,112.72872199121137,5F0X-alt1B_assembled,A352,2557.0,0,P11021
29,353,A,9.99,38.469849240758215,5F0X-alt1B_assembled,A353,2566.0,0,P11021
30,370,A,10.43,29.757165614802528,5F0X-alt1B_assembled,A370,2691.0,0,P11021
31,376,A,11.43,48.52294573224556,5F0X-alt1B_assembled,A376,2741.0,0,P11021
32,382,A,9.54,41.28471625837467,5F0X-alt1B_assembled,A382,2793.0,0,P11021
33,46,B,10.2,30.29333076101518,5F0X-alt1B_assembled,B46,3109.0,0,P11021
34,81,B,10.85,43.831500702884796,5F0X-alt1B_assembled,B81,3374.0,0,P11021
35,96,B,13.3,0.0,5F0X-alt1B_assembled,B96,3491.0,0,P11021
36,113,B,10.1,57.771794504413904,5F0X-alt1B_assembled,B113,3633.0,0,P11021
37,118,B,10.33,60.854744095136695,5F0X-alt1B_assembled,B118,3679.0,0,P11021
38,122,B,10.17,43.831500702884796,5F0X-alt1B_assembled,B122,3711.0,0,P11021
39,123,B,10.52,67.6908497093481,5F0X-alt1B_assembled,B123,3720.0,0,P11021
40,125,B,10.38,30.02524818790885,5F0X-alt1B_assembled,B125,3736.0,0,P11021
41,138,B,10.1,34.44861064416328,5F0X-alt1B_assembled,B138,3832.0,0,P11021
42,152,B,10.39,8.57864233940253,5F0X-alt1B_assembled,B152,3938.0,0,P11021
43,154,B,9.81,15.146665380507592,5F0X-alt1B_assembled,B154,3955.0,0,P11021
44,163,B,8.61,21.714688421612653,5F0X-alt1B_assembled,B163,4023.0,0,P11021
45,164,B,10.48,73.45462503113416,5F0X-alt1B_assembled,B164,4032.0,0,P11021
46,185,B,9.67,32.57203263241898,5F0X-alt1B_assembled,B185,4195.0,0,P11021
47,213,B,6.64,11.25946807046582,5F0X-alt1B_assembled,B213,4394.0,0,P11021
48,218,B,8.91,17.291325965358226,5F0X-alt1B_assembled,B218,4436.0,0,P11021
49,268,B,10.38,45.30595485496961,5F0X-alt1B_assembled,B268,4820.0,0,P11021
50,271,B,10.13,35.65498222314176,5F0X-alt1B_assembled,B271,4849.0,0,P11021
51,272,B,10.3,76.40353333530378,5F0X-alt1B_assembled,B272,4858.0,0,P11021
52,273,B,11.34,54.28672105403163,5F0X-alt1B_assembled,B273,4867.0,0,P11021
53,276,B,11.61,29.757165614802524,5F0X-alt1B_assembled,B276,4887.0,0,P11021
54,280,B,10.69,66.48447813036961,5F0X-alt1B_assembled,B280,4922.0,0,P11021
55,287,B,8.68,24.26147286612278,5F0X-alt1B_assembled,B287,4979.0,0,P11021
56,294,B,10.67,68.09297356900758,5F0X-alt1B_assembled,B294,5043.0,0,P11021
57,296,B,9.47,22.384894854378476,5F0X-alt1B_assembled,B296,5057.0,0,P11021
58,326,B,11.13,38.20176666765189,5F0X-alt1B_assembled,B326,5303.0,0,P11021
59,340,B,10.4,91.95232257547087,5F0X-alt1B_assembled,B340,5424.0,0,P11021
60,344,B,10.59,61.52495052790252,5F0X-alt1B_assembled,B344,5456.0,0,P11021
61,352,B,10.57,100.66500620142656,5F0X-alt1B_assembled,B352,5519.0,0,P11021
62,353,B,10.13,43.965541989437966,5F0X-alt1B_assembled,B353,5528.0,0,P11021
63,370,B,10.55,20.37427555608101,5F0X-alt1B_assembled,B370,5653.0,0,P11021
64,376,B,11.3,38.73793181386455,5F0X-alt1B_assembled,B376,5703.0,0,P11021
65,382,B,11.17,38.603890527311385,5F0X-alt1B_assembled,B382,5755.0,0,P11021
0,46,A,10.1,31.499702339993664,5F0X-alt1A_assembled,A46,147.0,0,P11021
1,81,A,12.37,21.84872970816582,5F0X-alt1A_assembled,A81,412.0,0,P11021
2,96,A,11.69,0.0,5F0X-alt1A_assembled,A96,529.0,0,P11021
3,113,A,10.3,56.029257779222775,5F0X-alt1A_assembled,A113,671.0,0,P11021
4,118,A,10.37,59.64837251615822,5F0X-alt1A_assembled,A118,717.0,0,P11021
5,122,A,10.57,46.37828514739493,5F0X-alt1A_assembled,A122,749.0,0,P11021
6,123,A,10.34,77.74394620083542,5F0X-alt1A_assembled,A123,758.0,0,P11021
7,125,A,10.75,69.70146900764556,5F0X-alt1A_assembled,A125,774.0,0,P11021
8,138,A,10.21,45.57403742807594,5F0X-alt1A_assembled,A138,870.0,0,P11021
9,152,A,10.66,30.695454620674678,5F0X-alt1A_assembled,A152,976.0,0,P11021
10,154,A,11.13,28.81887660893037,5F0X-alt1A_assembled,A154,993.0,0,P11021
11,163,A,10.15,42.491087837353156,5F0X-alt1A_assembled,A163,1061.0,0,P11021
12,164,A,10.16,77.74394620083542,5F0X-alt1A_assembled,A164,1070.0,0,P11021
13,185,A,10.1,31.09757848033417,5F0X-alt1A_assembled,A185,1233.0,0,P11021
14,213,A,10.61,12.197757076337972,5F0X-alt1A_assembled,A213,1432.0,0,P11021
15,218,A,9.91,45.03787228186329,5F0X-alt1A_assembled,A218,1474.0,0,P11021
16,268,A,10.31,96.24164374517213,5F0X-alt1A_assembled,A268,1858.0,0,P11021
17,271,A,10.41,58.978166083392395,5F0X-alt1A_assembled,A271,1887.0,0,P11021
18,272,A,10.44,86.85875368645061,5F0X-alt1A_assembled,A272,1896.0,0,P11021
19,273,A,11.22,48.92506959190506,5F0X-alt1A_assembled,A273,1905.0,0,P11021
20,276,A,10.57,42.08896397769366,5F0X-alt1A_assembled,A276,1925.0,0,P11021
21,280,A,10.59,64.20577625896581,5F0X-alt1A_assembled,A280,1960.0,0,P11021
22,287,A,10.07,26.808257310632904,5F0X-alt1A_assembled,A287,2017.0,0,P11021
23,294,A,11.29,69.43338643453923,5F0X-alt1A_assembled,A294,2081.0,0,P11021
24,296,A,10.36,18.497697544336702,5F0X-alt1A_assembled,A296,2095.0,0,P11021
25,326,A,10.64,40.88259239871518,5F0X-alt1A_assembled,A326,2341.0,0,P11021
26,340,A,10.4,100.79904748797972,5F0X-alt1A_assembled,A340,2462.0,0,P11021
27,344,A,9.98,59.51433122960505,5F0X-alt1A_assembled,A344,2494.0,0,P11021
28,352,A,10.55,112.72872199121137,5F0X-alt1A_assembled,A352,2557.0,0,P11021
29,353,A,9.99,38.469849240758215,5F0X-alt1A_assembled,A353,2566.0,0,P11021
30,370,A,10.43,29.757165614802528,5F0X-alt1A_assembled,A370,2691.0,0,P11021
31,376,A,11.43,48.52294573224556,5F0X-alt1A_assembled,A376,2741.0,0,P11021
32,382,A,11.22,41.28471625837467,5F0X-alt1A_assembled,A382,2793.0,0,P11021
33,46,B,10.56,35.118817076929105,5F0X-alt1A_assembled,B46,3109.0,0,P11021
34,81,B,13.34,34.71669321726961,5F0X-alt1A_assembled,B81,3374.0,0,P11021
35,96,B,9.16,7.908435906636707,5F0X-alt1A_assembled,B96,3491.0,0,P11021
36,113,B,10.19,62.99940467998733,5F0X-alt1A_assembled,B113,3633.0,0,P11021
37,118,B,10.37,45.7080787146291,5F0X-alt1A_assembled,B118,3679.0,0,P11021
38,122,B,10.26,37.3975189483329,5F0X-alt1A_assembled,B122,3711.0,0,P11021
39,123,B,10.53,63.669611112753145,5F0X-alt1A_assembled,B123,3720.0,0,P11021
40,125,B,11.11,27.612505029951894,5F0X-alt1A_assembled,B125,3736.0,0,P11021
41,138,B,9.97,34.716693217269615,5F0X-alt1A_assembled,B138,3832.0,0,P11021
42,152,B,10.06,7.238229473870884,5F0X-alt1A_assembled,B152,3938.0,0,P11021
43,154,B,10.05,26.942298597186067,5F0X-alt1A_assembled,B154,3955.0,0,P11021
44,163,B,10.09,63.267487253093655,5F0X-alt1A_assembled,B163,4023.0,0,P11021
45,164,B,10.48,77.0737397680696,5F0X-alt1A_assembled,B164,4032.0,0,P11021
46,185,B,10.13,47.85273929947974,5F0X-alt1A_assembled,B185,4195.0,0,P11021
47,213,B,8.85,20.240234269527843,5F0X-alt1A_assembled,B213,4394.0,0,P11021
48,218,B,8.07,19.83811040986835,5F0X-alt1A_assembled,B218,4436.0,0,P11021
49,268,B,9.77,39.40813824663037,5F0X-alt1A_assembled,B268,4820.0,0,P11021
50,271,B,10.26,42.22300526424682,5F0X-alt1A_assembled,B271,4849.0,0,P11021
51,272,B,10.41,84.44601052849366,5F0X-alt1A_assembled,B272,4858.0,0,P11021
52,273,B,11.21,44.769789708756946,5F0X-alt1A_assembled,B273,4867.0,0,P11021
53,276,B,11.06,40.61450982560885,5F0X-alt1A_assembled,B276,4887.0,0,P11021
54,280,B,10.49,61.12282666824302,5F0X-alt1A_assembled,B280,4922.0,0,P11021
55,287,B,10.03,43.027252983565816,5F0X-alt1A_assembled,B287,4979.0,0,P11021
56,294,B,10.4,67.42276713624176,5F0X-alt1A_assembled,B294,5043.0,0,P11021
57,296,B,10.0,23.99339029301645,5F0X-alt1A_assembled,B296,5057.0,0,P11021
58,326,B,10.99,37.93368409454556,5F0X-alt1A_assembled,B326,5303.0,0,P11021
59,340,B,10.3,89.94170327717342,5F0X-alt1A_assembled,B340,5424.0,0,P11021
60,344,B,10.48,62.195156960668335,5F0X-alt1A_assembled,B344,5456.0,0,P11021
61,352,B,10.52,87.79704269232276,5F0X-alt1A_assembled,B352,5519.0,0,P11021
62,353,B,10.08,42.893211697012646,5F0X-alt1A_assembled,B353,5528.0,0,P11021
63,370,B,10.34,22.652977427484807,5F0X-alt1A_assembled,B370,5653.0,0,P11021
64,376,B,11.33,46.11020257428859,5F0X-alt1A_assembled,B376,5703.0,0,P11021
65,382,B,9.22,38.20176666765189,5F0X-alt1A_assembled,B382,5755.0,0,P11021
1,9,A,10.31,91.14807485615188,AF-P08133-F1-model_v1,A9,60.0,78.75,P08133
2,34,A,10.54,96.91185017793795,AF-P08133-F1-model_v1,A34,260.0,92.77,P08133
3,40,A,10.44,45.70807871462911,AF-P08133-F1-model_v1,A40,302.0,96.88,P08133
4,63,A,10.38,53.616514621265814,AF-P08133-F1-model_v1,A63,492.0,98.27,P08133
5,68,A,10.9,54.4207623405848,AF-P08133-F1-model_v1,A68,531.0,97.52,P08133
6,75,A,9.87,41.552798831481006,AF-P08133-F1-model_v1,A75,585.0,97.32,P08133
7,81,A,11.24,58.03987707752024,AF-P08133-F1-model_v1,A81,634.0,97.72,P08133
8,99,A,10.56,39.2740969600772,AF-P08133-F1-model_v1,A99,778.0,98.33,P08133
9,102,A,10.18,40.21238596594935,AF-P08133-F1-model_v1,A102,804.0,98.1,P08133
10,113,A,9.64,72.65037731181516,AF-P08133-F1-model_v1,A113,880.0,96.7,P08133
11,135,A,10.5,75.73332690253795,AF-P08133-F1-model_v1,A135,1055.0,98.56,P08133
12,156,A,10.35,63.66961111275315,AF-P08133-F1-model_v1,A156,1222.0,98.34,P08133
13,191,A,10.48,38.46984924075822,AF-P08133-F1-model_v1,A191,1499.0,88.23,P08133
14,208,A,8.74,62.19515696066834,AF-P08133-F1-model_v1,A208,1640.0,97.54,P08133
15,220,A,11.1,68.62913871522024,AF-P08133-F1-model_v1,A220,1750.0,93.28,P08133
16,224,A,11.43,57.23562935820125,AF-P08133-F1-model_v1,A224,1777.0,90.82,P08133
17,240,A,11.48,76.00140947564428,AF-P08133-F1-model_v1,A240,1899.0,96.13,P08133
18,247,A,11.11,53.61651462126581,AF-P08133-F1-model_v1,A247,1951.0,97.88,P08133
19,262,A,9.44,32.169908772759484,AF-P08133-F1-model_v1,A262,2081.0,95.93,P08133
20,265,A,6.25,0.0,AF-P08133-F1-model_v1,A265,2103.0,89.16,P08133
21,296,A,13.65,28.41675274927088,AF-P08133-F1-model_v1,A296,2356.0,91.68,P08133
22,299,A,10.0,110.85214397946706,AF-P08133-F1-model_v1,A299,2386.0,84.52,P08133
23,306,A,10.72,81.76518479743035,AF-P08133-F1-model_v1,A306,2443.0,95.44,P08133
24,314,A,10.03,38.46984924075822,AF-P08133-F1-model_v1,A314,2506.0,97.95,P08133
25,315,A,11.54,58.5760422237329,AF-P08133-F1-model_v1,A315,2515.0,97.64,P08133
26,319,A,11.15,52.544184328840494,AF-P08133-F1-model_v1,A319,2547.0,96.37,P08133
27,354,A,11.18,31.09757848033417,AF-P08133-F1-model_v1,A354,2812.0,96.2,P08133
28,370,A,10.49,59.51433122960505,AF-P08133-F1-model_v1,A370,2930.0,98.39,P08133
29,374,A,10.48,84.84813438815314,AF-P08133-F1-model_v1,A374,2963.0,98.02,P08133
30,377,A,10.24,73.99079017734681,AF-P08133-F1-model_v1,A377,2985.0,93.93,P08133
31,406,A,10.49,72.65037731181518,AF-P08133-F1-model_v1,A406,3222.0,98.16,P08133
32,418,A,10.39,80.42477193189873,AF-P08133-F1-model_v1,A418,3320.0,96.4,P08133
33,442,A,8.64,37.26347766177973,AF-P08133-F1-model_v1,A442,3500.0,98.72,P08133
34,445,A,11.13,27.2103811702924,AF-P08133-F1-model_v1,A445,3526.0,98.58,P08133
35,446,A,9.47,77.0737397680696,AF-P08133-F1-model_v1,A446,3535.0,97.93,P08133
36,456,A,10.55,122.11161204993289,AF-P08133-F1-model_v1,A456,3603.0,97.65,P08133
37,478,A,10.44,73.7227076042405,AF-P08133-F1-model_v1,A478,3776.0,98.57,P08133
38,483,A,10.22,34.31456935761011,AF-P08133-F1-model_v1,A483,3824.0,97.69,P08133
39,540,A,11.6,84.44601052849364,AF-P08133-F1-model_v1,A540,4251.0,72.05,P08133
40,568,A,11.53,36.995395088673405,AF-P08133-F1-model_v1,A568,4494.0,92.87,P08133
41,579,A,12.88,34.98477579037594,AF-P08133-F1-model_v1,A579,4587.0,87.22,P08133
42,580,A,11.61,71.17592315973036,AF-P08133-F1-model_v1,A580,4596.0,82.1,P08133
43,598,A,10.49,40.48046853905569,AF-P08133-F1-model_v1,A598,4731.0,97.47,P08133
44,600,A,9.45,15.280706667060757,AF-P08133-F1-model_v1,A600,4748.0,98.32,P08133
45,607,A,9.23,38.33580795420505,AF-P08133-F1-model_v1,A607,4807.0,98.12,P08133
46,610,A,11.65,87.52896011921644,AF-P08133-F1-model_v1,A610,4836.0,95.67,P08133
47,613,A,9.21,81.36306093777087,AF-P08133-F1-model_v1,A613,4859.0,92.36,P08133
48,620,A,10.47,94.0969831603215,AF-P08133-F1-model_v1,A620,4905.0,97.55,P08133
49,644,A,10.48,7.908435906636707,AF-P08133-F1-model_v1,A644,5109.0,94.97,P08133
50,647,A,9.9,48.52294573224556,AF-P08133-F1-model_v1,A647,5138.0,91.67,P08133
51,663,A,12.69,45.57403742807593,AF-P08133-F1-model_v1,A663,5258.0,97.76,P08133
0,5,A,10.42,78.01202877394175,AF-P39023-F1-model_v1,A5,43.0,94.72,P39023
1,20,A,10.38,95.70547859895947,AF-P39023-F1-model_v1,A20,161.0,97.81,P39023
2,28,A,9.86,77.0737397680696,AF-P39023-F1-model_v1,A28,229.0,97.55,P39023
3,30,A,10.24,99.99479976866073,AF-P39023-F1-model_v1,A30,245.0,97.25,P39023
4,34,A,10.44,116.07975415504049,AF-P39023-F1-model_v1,A34,278.0,96.09,P39023
5,39,A,11.45,66.35043684381645,AF-P39023-F1-model_v1,A39,316.0,96.43,P39023
6,50,A,8.91,15.950913099826579,AF-P39023-F1-model_v1,A50,404.0,98.55,P39023
7,66,A,10.48,96.10760245861897,AF-P39023-F1-model_v1,A66,525.0,97.33,P39023
8,69,A,11.64,59.64837251615822,AF-P39023-F1-model_v1,A69,549.0,95.02,P39023
9,70,A,10.35,60.4526202354772,AF-P39023-F1-model_v1,A70,558.0,96.58,P39023
10,103,A,11.32,23.859349006463287,AF-P39023-F1-model_v1,A103,809.0,97.02,P39023
11,115,A,10.38,27.47846374339873,AF-P39023-F1-model_v1,A115,904.0,96.93,P39023
12,120,A,10.46,116.21379544159365,AF-P39023-F1-model_v1,A120,958.0,95.16,P39023
13,124,A,10.45,82.03326737053669,AF-P39023-F1-model_v1,A124,999.0,96.2,P39023
14,126,A,10.46,98.11822175691643,AF-P39023-F1-model_v1,A126,1014.0,96.48,P39023
15,127,A,10.32,47.45061543982024,AF-P39023-F1-model_v1,A127,1023.0,95.79,P39023
16,128,A,10.42,73.05250117147466,AF-P39023-F1-model_v1,A128,1032.0,95.83,P39023
17,132,A,10.45,95.16931345274682,AF-P39023-F1-model_v1,A132,1064.0,93.24,P39023
18,135,A,10.36,74.52695532355949,AF-P39023-F1-model_v1,A135,1091.0,92.94,P39023
19,136,A,10.31,72.78441859836835,AF-P39023-F1-model_v1,A136,1100.0,93.37,P39023
20,143,A,11.51,37.129436375226575,AF-P39023-F1-model_v1,A143,1161.0,95.1,P39023
21,144,A,10.43,80.55881321845189,AF-P39023-F1-model_v1,A144,1170.0,96.23,P39023
22,148,A,10.37,79.3524416394734,AF-P39023-F1-model_v1,A148,1205.0,96.56,P39023
23,154,A,11.17,47.9867805860329,AF-P39023-F1-model_v1,A154,1253.0,96.99,P39023
24,155,A,11.08,73.7227076042405,AF-P39023-F1-model_v1,A155,1262.0,97.03,P39023
25,176,A,10.19,81.2290196512177,AF-P39023-F1-model_v1,A176,1440.0,96.58,P39023
26,177,A,9.34,42.62512912390632,AF-P39023-F1-model_v1,A177,1449.0,96.95,P39023
27,193,A,10.63,16.218995672932905,AF-P39023-F1-model_v1,A193,1566.0,98.44,P39023
28,224,A,10.33,103.21179064593669,AF-P39023-F1-model_v1,A224,1819.0,98.27,P39023
29,226,A,10.14,72.11421216560251,AF-P39023-F1-model_v1,A226,1832.0,98.36,P39023
30,229,A,10.3,44.50170713565062,AF-P39023-F1-model_v1,A229,1857.0,98.35,P39023
31,238,A,10.42,79.7545654991329,AF-P39023-F1-model_v1,A238,1932.0,96.63,P39023
32,239,A,10.07,51.739936609521514,AF-P39023-F1-model_v1,A239,1941.0,97.37,P39023
33,243,A,10.46,74.52695532355948,AF-P39023-F1-model_v1,A243,1976.0,96.86,P39023
34,250,A,10.01,32.57203263241898,AF-P39023-F1-model_v1,A250,2036.0,97.22,P39023
35,272,A,9.51,26.67421602407974,AF-P39023-F1-model_v1,A272,2197.0,98.38,P39023
36,282,A,11.05,19.301945263655693,AF-P39023-F1-model_v1,A282,2285.0,98.31,P39023
37,283,A,8.7,0.0,AF-P39023-F1-model_v1,A283,2294.0,98.29,P39023
38,286,A,8.98,30.02524818790885,AF-P39023-F1-model_v1,A286,2323.0,97.95,P39023
39,294,A,10.42,68.22701485556075,AF-P39023-F1-model_v1,A294,2385.0,84.09,P39023
40,297,A,10.45,95.97356117206581,AF-P39023-F1-model_v1,A297,2406.0,88.23,P39023
41,300,A,10.68,60.854744095136695,AF-P39023-F1-model_v1,A300,2431.0,91.74,P39023
42,312,A,9.94,0.0,AF-P39023-F1-model_v1,A312,2524.0,94.37,P39023
43,334,A,9.41,26.942298597186067,AF-P39023-F1-model_v1,A334,2695.0,98.39,P39023
44,341,A,9.58,33.77840421139746,AF-P39023-F1-model_v1,A341,2739.0,96.25,P39023
45,342,A,10.02,56.2973403523291,AF-P39023-F1-model_v1,A342,2748.0,97.94,P39023
46,349,A,10.3,25.065720585441767,AF-P39023-F1-model_v1,A349,2809.0,98.29,P39023
47,356,A,10.41,103.74795579214934,AF-P39023-F1-model_v1,A356,2863.0,95.0,P39023
48,362,A,10.5,92.35444643513034,AF-P39023-F1-model_v1,A362,2916.0,96.11,P39023
49,366,A,12.72,9.650972631827846,AF-P39023-F1-model_v1,A366,2949.0,97.12,P39023
50,373,A,9.85,20.91044070229367,AF-P39023-F1-model_v1,A373,3005.0,97.09,P39023
51,385,A,10.16,54.55480362713797,AF-P39023-F1-model_v1,A385,3107.0,96.17,P39023
52,386,A,10.54,84.17792795538733,AF-P39023-F1-model_v1,A386,3116.0,95.2,P39023
53,393,A,10.45,76.93969848151644,AF-P39023-F1-model_v1,A393,3168.0,96.36,P39023
54,394,A,10.61,69.83551029419873,AF-P39023-F1-model_v1,A394,3177.0,95.22,P39023
55,399,A,10.44,78.95031777981391,AF-P39023-F1-model_v1,A399,3218.0,92.02,P39023
1,31,A,10.43,83.105597662962,AF-O43390-F1-model_v1,A31,243.0,89.02,O43390
2,41,A,11.2,17.69344982501772,AF-O43390-F1-model_v1,A41,317.0,93.24,O43390
3,84,A,10.13,19.301945263655693,AF-O43390-F1-model_v1,A84,663.0,90.36,O43390
4,94,A,11.05,34.58265193071645,AF-O43390-F1-model_v1,A94,743.0,94.04,O43390
5,103,A,9.92,113.93509357018985,AF-O43390-F1-model_v1,A103,807.0,92.24,O43390
6,110,A,10.15,69.96955158075188,AF-O43390-F1-model_v1,A110,875.0,87.0,O43390
9,126,A,11.85,46.11020257428859,AF-O43390-F1-model_v1,A126,992.0,93.89,O43390
10,128,A,10.67,60.18453766237087,AF-O43390-F1-model_v1,A128,1009.0,92.87,O43390
11,146,A,9.51,50.39952374398986,AF-O43390-F1-model_v1,A146,1150.0,96.06,O43390
12,171,A,10.42,78.14607006049492,AF-O43390-F1-model_v1,A171,1327.0,95.06,O43390
13,187,A,10.6,48.92506959190505,AF-O43390-F1-model_v1,A187,1466.0,94.75,O43390
14,216,A,10.38,65.01002397828479,AF-O43390-F1-model_v1,A216,1693.0,90.52,O43390
15,224,A,10.43,93.15869415444934,AF-O43390-F1-model_v1,A224,1751.0,93.25,O43390
16,235,A,10.99,46.64636772050126,AF-O43390-F1-model_v1,A235,1839.0,94.25,O43390
17,255,A,10.17,36.45922994246075,AF-O43390-F1-model_v1,A255,1987.0,90.86,O43390
18,257,A,10.24,37.12943637522657,AF-O43390-F1-model_v1,A257,2004.0,91.04,O43390
19,259,A,11.22,46.37828514739493,AF-O43390-F1-model_v1,A259,2020.0,91.6,O43390
20,268,A,12.49,49.46123473811771,AF-O43390-F1-model_v1,A268,2097.0,91.34,O43390
21,285,A,10.7,27.88058760305822,AF-O43390-F1-model_v1,A285,2233.0,74.26,O43390
22,286,A,10.56,104.15007965180884,AF-O43390-F1-model_v1,A286,2242.0,78.93,O43390
23,287,A,11.5,50.53356503054303,AF-O43390-F1-model_v1,A287,2251.0,85.94,O43390
24,300,A,9.66,76.40353333530378,AF-O43390-F1-model_v1,A300,2367.0,85.26,O43390
25,313,A,10.41,103.47987321904301,AF-O43390-F1-model_v1,A313,2465.0,79.63,O43390
26,315,A,10.31,64.60790011862531,AF-O43390-F1-model_v1,A315,2481.0,84.57,O43390
27,339,A,10.52,68.22701485556075,AF-O43390-F1-model_v1,A339,2670.0,84.83,O43390
28,341,A,10.53,39.6762208197367,AF-O43390-F1-model_v1,A341,2686.0,90.8,O43390
29,359,A,10.43,85.3842995343658,AF-O43390-F1-model_v1,A359,2831.0,92.03,O43390
30,366,A,11.42,63.803652399306316,AF-O43390-F1-model_v1,A366,2887.0,91.33,O43390
31,371,A,10.32,76.13545076219745,AF-O43390-F1-model_v1,A371,2931.0,92.6,O43390
32,372,A,9.59,8.980766199062023,AF-O43390-F1-model_v1,A372,2940.0,90.09,O43390
33,374,A,10.54,85.51834082091897,AF-O43390-F1-model_v1,A374,2957.0,84.17,O43390
34,389,A,10.8,44.501707135650626,AF-O43390-F1-model_v1,A389,3079.0,92.47,O43390
35,397,A,10.31,45.17191356841644,AF-O43390-F1-model_v1,A397,3138.0,88.75,O43390
36,410,A,9.85,61.256867954796185,AF-O43390-F1-model_v1,A410,3240.0,84.15,O43390
1,122,A,8.16,0.0,AF-P13861-F1-model_v1,A122,958.0,97.68,P13861
2,135,A,11.54,82.16730865708985,AF-P13861-F1-model_v1,A135,1065.0,89.94,P13861
3,141,A,10.9,79.7545654991329,AF-P13861-F1-model_v1,A141,1117.0,88.06,P13861
4,161,A,10.57,90.87999228304554,AF-P13861-F1-model_v1,A161,1282.0,98.39,P13861
5,190,A,10.41,77.4758636277291,AF-P13861-F1-model_v1,A190,1514.0,91.89,P13861
6,243,A,11.23,47.18253286671391,AF-P13861-F1-model_v1,A243,1931.0,91.13,P13861
7,247,A,11.52,71.17592315973036,AF-P13861-F1-model_v1,A247,1961.0,91.28,P13861
8,248,A,12.27,32.57203263241898,AF-P13861-F1-model_v1,A248,1970.0,91.97,P13861
9,250,A,10.61,99.72671719555441,AF-P13861-F1-model_v1,A250,1990.0,93.2,P13861
10,263,A,10.45,93.02465286789618,AF-P13861-F1-model_v1,A263,2097.0,86.86,P13861
11,272,A,10.36,55.22501005990378,AF-P13861-F1-model_v1,A272,2170.0,96.47,P13861
12,280,A,10.62,64.07173497241264,AF-P13861-F1-model_v1,A280,2230.0,96.96,P13861
13,283,A,11.49,85.78642339402529,AF-P13861-F1-model_v1,A283,2259.0,98.42,P13861
14,294,A,10.53,82.16730865708985,AF-P13861-F1-model_v1,A294,2345.0,95.35,P13861
17,332,A,10.38,70.10359286730505,AF-P13861-F1-model_v1,A332,2642.0,96.28,P13861
18,345,A,10.36,65.27810655139112,AF-P13861-F1-model_v1,A345,2743.0,91.05,P13861
19,358,A,11.85,34.85073450382278,AF-P13861-F1-model_v1,A358,2834.0,97.65,P13861
20,379,A,11.62,37.933684094545555,AF-P13861-F1-model_v1,A379,2997.0,86.15,P13861
21,391,A,11.32,54.68884491369113,AF-P13861-F1-model_v1,A391,3103.0,75.8,P13861
8,36,A,10.99,18.765780117443033,AF-P05023-F1-model_v1,A36,275.0,70.67,P05023
9,37,A,10.57,76.0014094756443,AF-P05023-F1-model_v1,A37,284.0,70.93,P05023
10,45,A,11.7,33.644362924844295,AF-P05023-F1-model_v1,A45,349.0,92.05,P05023
11,54,A,11.33,37.53156023488607,AF-P05023-F1-model_v1,A54,426.0,92.23,P05023
12,91,A,11.3,33.108197778631634,AF-P05023-F1-model_v1,A91,703.0,84.16,P05023
16,177,A,11.01,30.025248187908858,AF-P05023-F1-model_v1,A177,1378.0,90.95,P05023
17,194,A,10.45,51.47185403641518,AF-P05023-F1-model_v1,A194,1504.0,90.49,P05023
18,212,A,11.3,37.665601521439235,AF-P05023-F1-model_v1,A212,1632.0,89.74,P05023
19,349,A,10.13,100.39692362832022,AF-P05023-F1-model_v1,A349,2664.0,88.77,P05023
20,354,A,11.22,63.26748725309365,AF-P05023-F1-model_v1,A354,2708.0,89.7,P05023
21,359,A,8.19,29.35504175514303,AF-P05023-F1-model_v1,A359,2746.0,79.75,P05023
22,377,A,12.17,0.0,AF-P05023-F1-model_v1,A377,2874.0,92.67,P05023
23,413,A,10.88,37.26347766177974,AF-P05023-F1-model_v1,A413,3161.0,86.93,P05023
24,444,A,10.37,70.77379930007086,AF-P05023-F1-model_v1,A444,3399.0,87.78,P05023
25,458,A,8.06,12.599880935997465,AF-P05023-F1-model_v1,A458,3495.0,94.58,P05023
26,468,A,10.76,83.37368023606834,AF-P05023-F1-model_v1,A468,3564.0,92.01,P05023
27,476,A,10.62,27.61250502995189,AF-P05023-F1-model_v1,A476,3638.0,94.23,P05023
28,487,A,10.33,47.04849158016074,AF-P05023-F1-model_v1,A487,3726.0,87.44,P05023
29,494,A,11.26,61.92707438756201,AF-P05023-F1-model_v1,A494,3788.0,93.57,P05023
30,508,A,10.44,0.0,AF-P05023-F1-model_v1,A508,3899.0,96.55,P05023
31,526,A,10.44,79.3524416394734,AF-P05023-F1-model_v1,A526,4035.0,92.65,P05023
32,535,A,11.48,30.159289474462014,AF-P05023-F1-model_v1,A535,4111.0,91.04,P05023
33,605,A,11.47,60.18453766237087,AF-P05023-F1-model_v1,A605,4654.0,95.12,P05023
34,612,A,8.97,32.43799134586582,AF-P05023-F1-model_v1,A612,4703.0,97.04,P05023
35,625,A,10.59,21.31256456195316,AF-P05023-F1-model_v1,A625,4798.0,93.61,P05023
36,629,A,10.04,58.5760422237329,AF-P05023-F1-model_v1,A629,4825.0,93.36,P05023
37,661,A,10.45,80.96093707811137,AF-P05023-F1-model_v1,A661,5060.0,93.2,P05023
38,671,A,11.56,58.5760422237329,AF-P05023-F1-model_v1,A671,5130.0,85.16,P05023
39,683,A,10.75,48.38890444569239,AF-P05023-F1-model_v1,A683,5226.0,93.35,P05023
40,698,A,12.83,0.0,AF-P05023-F1-model_v1,A698,5353.0,93.1,P05023
41,726,A,10.1,61.52495052790252,AF-P05023-F1-model_v1,A726,5549.0,87.73,P05023
42,727,A,10.16,35.520940936588595,AF-P05023-F1-model_v1,A727,5558.0,91.78,P05023
43,743,A,9.79,21.31256456195316,AF-P05023-F1-model_v1,A743,5660.0,82.45,P05023
44,773,A,9.42,8.176518479743036,AF-P05023-F1-model_v1,A773,5891.0,96.25,P05023
45,774,A,9.84,0.0,AF-P05023-F1-model_v1,A774,5900.0,96.68,P05023
46,833,A,11.53,87.52896011921644,AF-P05023-F1-model_v1,A833,6345.0,93.15,P05023
47,840,A,10.38,111.12022655257338,AF-P05023-F1-model_v1,A840,6407.0,91.06,P05023
48,843,A,10.32,29.35504175514303,AF-P05023-F1-model_v1,A843,6431.0,93.71,P05023
49,912,A,12.7,6.702064327658226,AF-P05023-F1-model_v1,A912,7005.0,94.14,P05023
50,938,A,10.19,0.0,AF-P05023-F1-model_v1,A938,7213.0,96.82,P05023
51,950,A,10.39,96.10760245861897,AF-P05023-F1-model_v1,A950,7313.0,93.77,P05023
52,952,A,10.44,102.94370807283036,AF-P05023-F1-model_v1,A952,7330.0,96.27,P05023
53,984,A,10.37,58.71008351028607,AF-P05023-F1-model_v1,A984,7577.0,92.15,P05023
0,42,A,10.66,52.946308188499984,AF-Q9Y285-F1-model_v1,A42,299.0,86.28,Q9Y285
1,59,A,11.4,46.64636772050125,AF-Q9Y285-F1-model_v1,A59,427.0,82.79,Q9Y285
2,101,A,10.42,77.74394620083542,AF-Q9Y285-F1-model_v1,A101,757.0,82.44,Q9Y285
3,106,A,9.39,35.252858363482275,AF-Q9Y285-F1-model_v1,A106,794.0,85.35,Q9Y285
4,111,A,10.45,72.516336025262,AF-Q9Y285-F1-model_v1,A111,830.0,86.84,Q9Y285
5,117,A,10.42,83.77580409572784,AF-Q9Y285-F1-model_v1,A117,887.0,82.79,Q9Y285
6,150,A,10.24,68.09297356900757,AF-Q9Y285-F1-model_v1,A150,1145.0,81.96,Q9Y285
7,154,A,10.46,100.1288410552139,AF-Q9Y285-F1-model_v1,A154,1175.0,85.7,Q9Y285
8,161,A,10.42,71.57804701938986,AF-Q9Y285-F1-model_v1,A161,1238.0,86.05,Q9Y285
9,163,A,10.51,77.74394620083542,AF-Q9Y285-F1-model_v1,A163,1258.0,86.0,Q9Y285
10,171,A,10.42,70.90784058662403,AF-Q9Y285-F1-model_v1,A171,1319.0,87.46,Q9Y285
11,177,A,10.33,29.891206901355687,AF-Q9Y285-F1-model_v1,A177,1374.0,89.19,Q9Y285
13,208,A,10.38,65.14406526483796,AF-Q9Y285-F1-model_v1,A208,1615.0,80.66,Q9Y285
14,229,A,9.26,0.0,AF-Q9Y285-F1-model_v1,A229,1780.0,88.7,Q9Y285
15,297,A,10.27,49.05911087845821,AF-Q9Y285-F1-model_v1,A297,2360.0,97.69,Q9Y285
16,311,A,10.32,49.32719345156454,AF-Q9Y285-F1-model_v1,A311,2467.0,94.83,Q9Y285
17,315,A,10.52,69.70146900764556,AF-Q9Y285-F1-model_v1,A315,2510.0,96.89,Q9Y285
18,321,A,11.05,44.36766584909745,AF-Q9Y285-F1-model_v1,A321,2560.0,96.94,Q9Y285
19,342,A,10.31,76.40353333530378,AF-Q9Y285-F1-model_v1,A342,2726.0,93.25,Q9Y285
20,343,A,10.4,87.26087754611011,AF-Q9Y285-F1-model_v1,A343,2735.0,90.13,Q9Y285
21,349,A,10.11,54.956927486797454,AF-Q9Y285-F1-model_v1,A349,2783.0,98.21,Q9Y285
22,397,A,11.17,20.106192982974683,AF-Q9Y285-F1-model_v1,A397,3174.0,88.27,Q9Y285
23,406,A,11.51,52.67822561539366,AF-Q9Y285-F1-model_v1,A406,3249.0,96.06,Q9Y285
24,427,A,10.45,90.07574456372656,AF-Q9Y285-F1-model_v1,A427,3422.0,84.71,Q9Y285
25,428,A,10.18,75.73332690253795,AF-Q9Y285-F1-model_v1,A428,3431.0,89.0,Q9Y285
26,468,A,9.16,42.75917041045949,AF-Q9Y285-F1-model_v1,A468,3742.0,77.72,Q9Y285
27,481,A,10.12,72.24825345215568,AF-Q9Y285-F1-model_v1,A481,3848.0,80.67,Q9Y285
0,20,A,9.22,21.446605848506323,6ZJE-alt1A_assembled,A20,102.0,0,Q9UIJ7
1,34,A,10.43,52.142060469181,6ZJE-alt1A_assembled,A34,212.0,0,Q9UIJ7
2,57,A,10.66,68.36105614211391,6ZJE-alt1A_assembled,A57,385.0,0,Q9UIJ7
3,64,A,10.4,60.18453766237087,6ZJE-alt1A_assembled,A64,439.0,0,Q9UIJ7
4,80,A,10.36,73.58866631768731,6ZJE-alt1A_assembled,A80,568.0,0,Q9UIJ7
5,122,A,10.39,39.006014386970875,6ZJE-alt1A_assembled,A122,912.0,0,Q9UIJ7
6,146,A,11.26,78.28011134704809,6ZJE-alt1A_assembled,A146,1114.0,0,Q9UIJ7
7,165,A,11.69,36.057106082801255,6ZJE-alt1A_assembled,A165,1261.0,0,Q9UIJ7
8,171,A,10.24,61.52495052790252,6ZJE-alt1A_assembled,A171,1308.0,0,Q9UIJ7
9,174,A,11.29,73.18654245802783,6ZJE-alt1A_assembled,A174,1336.0,0,Q9UIJ7
10,181,A,10.53,74.52695532355948,6ZJE-alt1A_assembled,A181,1395.0,0,Q9UIJ7
11,189,A,11.69,44.50170713565062,6ZJE-alt1A_assembled,A189,1468.0,0,Q9UIJ7
12,190,A,10.09,70.90784058662403,6ZJE-alt1A_assembled,A190,1477.0,0,Q9UIJ7
13,203,A,10.71,97.31397403759745,6ZJE-alt1A_assembled,A203,1573.0,0,Q9UIJ7
14,215,A,10.18,42.75917041045948,6ZJE-alt1A_assembled,A215,1682.0,0,Q9UIJ7
0,20,A,10.6,58.17391836407341,6ZJE-alt1C_assembled,A20,102.0,0,Q9UIJ7
1,34,A,10.42,57.23562935820125,6ZJE-alt1C_assembled,A34,212.0,0,Q9UIJ7
2,57,A,10.67,66.88660199002909,6ZJE-alt1C_assembled,A57,385.0,0,Q9UIJ7
3,64,A,10.37,74.12483146389998,6ZJE-alt1C_assembled,A64,439.0,0,Q9UIJ7
4,80,A,10.45,70.50571672696454,6ZJE-alt1C_assembled,A80,568.0,0,Q9UIJ7
5,122,A,10.29,37.93368409454556,6ZJE-alt1C_assembled,A122,912.0,0,Q9UIJ7
6,146,A,10.62,81.49710222432404,6ZJE-alt1C_assembled,A146,1114.0,0,Q9UIJ7
7,165,A,10.58,43.42937684322531,6ZJE-alt1C_assembled,A165,1261.0,0,Q9UIJ7
8,171,A,10.27,73.45462503113416,6ZJE-alt1C_assembled,A171,1308.0,0,Q9UIJ7
9,174,A,11.33,58.03987707752024,6ZJE-alt1C_assembled,A174,1336.0,0,Q9UIJ7
10,181,A,11.02,72.65037731181518,6ZJE-alt1C_assembled,A181,1395.0,0,Q9UIJ7
11,189,A,11.57,54.956927486797454,6ZJE-alt1C_assembled,A189,1468.0,0,Q9UIJ7
12,190,A,10.49,46.24424386084176,6ZJE-alt1C_assembled,A190,1477.0,0,Q9UIJ7
13,203,A,10.72,76.80565719496327,6ZJE-alt1C_assembled,A203,1573.0,0,Q9UIJ7
14,215,A,7.47,17.291325965358226,6ZJE-alt1C_assembled,A215,1682.0,0,Q9UIJ7
0,20,A,10.71,21.31256456195316,6ZJE-alt1B_assembled,A20,104.0,0,Q9UIJ7
1,34,A,10.51,56.6994642119886,6ZJE-alt1B_assembled,A34,214.0,0,Q9UIJ7
2,57,A,11.52,63.401528539646826,6ZJE-alt1B_assembled,A57,387.0,0,Q9UIJ7
3,64,A,10.38,56.163299065775945,6ZJE-alt1B_assembled,A64,441.0,0,Q9UIJ7
4,80,A,10.38,67.82489099590126,6ZJE-alt1B_assembled,A80,570.0,0,Q9UIJ7
5,122,A,10.44,39.81026210628986,6ZJE-alt1B_assembled,A122,914.0,0,Q9UIJ7
6,146,A,10.63,80.55881321845187,6ZJE-alt1B_assembled,A146,1116.0,0,Q9UIJ7
7,165,A,11.46,41.28471625837467,6ZJE-alt1B_assembled,A165,1263.0,0,Q9UIJ7
8,171,A,10.38,77.8779874873886,6ZJE-alt1B_assembled,A171,1310.0,0,Q9UIJ7
9,174,A,11.5,51.33781274986201,6ZJE-alt1B_assembled,A174,1338.0,0,Q9UIJ7
10,181,A,10.77,60.318578948924035,6ZJE-alt1B_assembled,A181,1397.0,0,Q9UIJ7
11,189,A,10.38,88.73533169819493,6ZJE-alt1B_assembled,A189,1470.0,0,Q9UIJ7
12,190,A,10.6,37.129436375226575,6ZJE-alt1B_assembled,A190,1479.0,0,Q9UIJ7
13,203,A,10.76,95.97356117206581,6ZJE-alt1B_assembled,A203,1575.0,0,Q9UIJ7
14,215,A,10.18,39.40813824663037,6ZJE-alt1B_assembled,A215,1684.0,0,Q9UIJ7
2,150,A,10.38,49.193152165011384,AF-Q9BXP5-F1-model_v1,A150,1276.0,81.5,Q9BXP5
3,153,A,10.47,93.96294187376833,AF-Q9BXP5-F1-model_v1,A153,1303.0,85.43,Q9BXP5
4,170,A,10.47,81.76518479743035,AF-Q9BXP5-F1-model_v1,A170,1436.0,89.53,Q9BXP5
5,176,A,9.94,32.169908772759484,AF-Q9BXP5-F1-model_v1,A176,1496.0,86.84,Q9BXP5
6,192,A,11.45,30.427372047568348,AF-Q9BXP5-F1-model_v1,A192,1642.0,88.67,Q9BXP5
7,200,A,10.2,49.72931731122404,AF-Q9BXP5-F1-model_v1,A200,1719.0,85.31,Q9BXP5
8,208,A,10.62,89.13745555785441,AF-Q9BXP5-F1-model_v1,A208,1785.0,88.62,Q9BXP5
9,242,A,9.92,37.66560152143923,AF-Q9BXP5-F1-model_v1,A242,2071.0,89.7,Q9BXP5
10,248,A,11.0,25.333803158548093,AF-Q9BXP5-F1-model_v1,A248,2113.0,91.43,Q9BXP5
11,256,A,9.44,7.238229473870884,AF-Q9BXP5-F1-model_v1,A256,2171.0,89.92,Q9BXP5
39,413,A,10.45,107.23302924253161,AF-Q9BXP5-F1-model_v1,A413,3391.0,81.76,Q9BXP5
40,419,A,10.87,57.23562935820125,AF-Q9BXP5-F1-model_v1,A419,3443.0,90.75,Q9BXP5
41,442,A,10.39,84.04388666883418,AF-Q9BXP5-F1-model_v1,A442,3620.0,95.01,Q9BXP5
42,476,A,10.42,70.6397580135177,AF-Q9BXP5-F1-model_v1,A476,3917.0,94.83,Q9BXP5
43,514,A,11.35,21.84872970816582,AF-Q9BXP5-F1-model_v1,A514,4234.0,92.02,Q9BXP5
44,522,A,10.39,95.16931345274682,AF-Q9BXP5-F1-model_v1,A522,4302.0,95.13,Q9BXP5
45,526,A,10.94,64.20577625896581,AF-Q9BXP5-F1-model_v1,A526,4329.0,92.97,Q9BXP5
46,559,A,10.29,56.69946421198859,AF-Q9BXP5-F1-model_v1,A559,4585.0,89.77,Q9BXP5
48,604,A,10.68,93.15869415444935,AF-Q9BXP5-F1-model_v1,A604,4927.0,91.51,Q9BXP5
49,607,A,10.5,56.56542292543543,AF-Q9BXP5-F1-model_v1,A607,4952.0,93.02,Q9BXP5
50,611,A,11.07,63.13344596654049,AF-Q9BXP5-F1-model_v1,A611,4984.0,94.05,Q9BXP5
51,664,A,10.67,84.98217567470631,AF-Q9BXP5-F1-model_v1,A664,5426.0,95.17,Q9BXP5
52,669,A,9.85,45.03787228186329,AF-Q9BXP5-F1-model_v1,A669,5471.0,93.04,Q9BXP5
53,687,A,11.24,40.078344679396196,AF-Q9BXP5-F1-model_v1,A687,5612.0,86.91,Q9BXP5
54,691,A,10.75,40.480468539055686,AF-Q9BXP5-F1-model_v1,A691,5644.0,91.62,Q9BXP5
55,699,A,11.31,52.410143042287324,AF-Q9BXP5-F1-model_v1,A699,5711.0,94.14,Q9BXP5
56,710,A,10.47,90.61190970993923,AF-Q9BXP5-F1-model_v1,A710,5796.0,90.54,Q9BXP5
57,712,A,10.41,65.27810655139112,AF-Q9BXP5-F1-model_v1,A712,5813.0,92.57,Q9BXP5
58,720,A,10.27,61.39090924134935,AF-Q9BXP5-F1-model_v1,A720,5875.0,93.71,Q9BXP5
59,721,A,10.37,65.81427169760377,AF-Q9BXP5-F1-model_v1,A721,5884.0,94.01,Q9BXP5
60,723,A,10.44,90.07574456372657,AF-Q9BXP5-F1-model_v1,A723,5904.0,93.17,Q9BXP5
61,730,A,10.51,78.01202877394175,AF-Q9BXP5-F1-model_v1,A730,5962.0,94.45,Q9BXP5
62,735,A,10.36,64.47385883207214,AF-Q9BXP5-F1-model_v1,A735,6008.0,93.89,Q9BXP5
63,739,A,10.48,49.59527602467088,AF-Q9BXP5-F1-model_v1,A739,6041.0,93.52,Q9BXP5
64,744,A,10.53,66.08235427071011,AF-Q9BXP5-F1-model_v1,A744,6083.0,93.84,Q9BXP5
65,745,A,11.56,52.946308188499984,AF-Q9BXP5-F1-model_v1,A745,6092.0,92.71,Q9BXP5
66,758,A,11.41,82.97155637640884,AF-Q9BXP5-F1-model_v1,A758,6199.0,81.9,Q9BXP5
0,31,A,10.14,49.59527602467087,AF-Q9NW13-F1-model_v1,A31,234.0,91.29,Q9NW13
1,39,A,12.4,45.97616128773543,AF-Q9NW13-F1-model_v1,A39,299.0,80.73,Q9NW13
2,42,A,10.46,92.48848772168353,AF-Q9NW13-F1-model_v1,A42,318.0,78.53,Q9NW13
3,63,A,10.44,86.05450596713163,AF-Q9NW13-F1-model_v1,A63,484.0,90.49,Q9NW13
4,72,A,10.44,78.14607006049492,AF-Q9NW13-F1-model_v1,A72,554.0,88.5,Q9NW13
5,79,A,10.42,95.97356117206581,AF-Q9NW13-F1-model_v1,A79,605.0,83.47,Q9NW13
6,80,A,10.39,101.20117134763922,AF-Q9NW13-F1-model_v1,A80,614.0,77.95,Q9NW13
19,113,A,10.42,98.11822175691643,AF-Q9NW13-F1-model_v1,A113,877.0,80.84,Q9NW13
20,124,A,10.39,79.88860678568606,AF-Q9NW13-F1-model_v1,A124,970.0,89.55,Q9NW13
21,131,A,10.5,87.12683625955694,AF-Q9NW13-F1-model_v1,A131,1024.0,93.71,Q9NW13
22,148,A,10.12,48.65698701879872,AF-Q9NW13-F1-model_v1,A148,1157.0,86.13,Q9NW13
23,152,A,11.04,61.25686795479619,AF-Q9NW13-F1-model_v1,A152,1185.0,85.4,Q9NW13
24,162,A,10.52,79.88860678568606,AF-Q9NW13-F1-model_v1,A162,1270.0,90.79,Q9NW13
25,169,A,10.44,66.8866019900291,AF-Q9NW13-F1-model_v1,A169,1321.0,93.97,Q9NW13
26,172,A,10.42,87.93108397887593,AF-Q9NW13-F1-model_v1,A172,1343.0,93.38,Q9NW13
27,177,A,10.21,46.780409007054416,AF-Q9NW13-F1-model_v1,A177,1380.0,91.38,Q9NW13
28,180,A,11.48,34.984775790375934,AF-Q9NW13-F1-model_v1,A180,1406.0,87.88,Q9NW13
29,192,A,10.47,95.9735611720658,AF-Q9NW13-F1-model_v1,A192,1495.0,83.47,Q9NW13
30,194,A,10.45,86.99279497300378,AF-Q9NW13-F1-model_v1,A194,1512.0,82.18,Q9NW13
31,196,A,10.24,80.29073064534555,AF-Q9NW13-F1-model_v1,A196,1533.0,82.39,Q9NW13
47,335,A,11.34,34.04648678450379,AF-Q9NW13-F1-model_v1,A335,2631.0,90.89,Q9NW13
48,362,A,11.54,52.5441843288405,AF-Q9NW13-F1-model_v1,A362,2854.0,90.79,Q9NW13
49,376,A,10.11,26.138050877867084,AF-Q9NW13-F1-model_v1,A376,2973.0,91.39,Q9NW13
50,391,A,10.91,53.88459719437214,AF-Q9NW13-F1-model_v1,A391,3085.0,90.26,Q9NW13
51,406,A,10.06,48.65698701879873,AF-Q9NW13-F1-model_v1,A406,3186.0,85.2,Q9NW13
52,413,A,10.31,94.63314830653415,AF-Q9NW13-F1-model_v1,A413,3243.0,90.54,Q9NW13
53,425,A,10.52,92.22040514857719,AF-Q9NW13-F1-model_v1,A425,3332.0,82.05,Q9NW13
57,453,A,10.46,101.33521263419237,AF-Q9NW13-F1-model_v1,A453,3550.0,91.01,Q9NW13
58,465,A,10.04,55.62713391956328,AF-Q9NW13-F1-model_v1,A465,3626.0,92.32,Q9NW13
59,473,A,10.03,17.82749111157088,AF-Q9NW13-F1-model_v1,A473,3702.0,93.93,Q9NW13
60,476,A,10.13,90.61190970993923,AF-Q9NW13-F1-model_v1,A476,3730.0,94.35,Q9NW13
61,478,A,10.36,88.06512526542909,AF-Q9NW13-F1-model_v1,A478,3747.0,92.98,Q9NW13
62,496,A,10.28,65.94831298415696,AF-Q9NW13-F1-model_v1,A496,3897.0,90.6,Q9NW13
63,501,A,10.41,112.9968045643177,AF-Q9NW13-F1-model_v1,A501,3934.0,93.85,Q9NW13
64,505,A,10.43,91.55019871581138,AF-Q9NW13-F1-model_v1,A505,3971.0,93.35,Q9NW13
65,515,A,10.48,101.33521263419237,AF-Q9NW13-F1-model_v1,A515,4041.0,78.95,Q9NW13
66,520,A,11.42,52.142060469181004,AF-Q9NW13-F1-model_v1,A520,4080.0,93.71,Q9NW13
67,529,A,10.58,92.35444643513036,AF-Q9NW13-F1-model_v1,A529,4157.0,80.5,Q9NW13
68,536,A,11.28,52.54418432884049,AF-Q9NW13-F1-model_v1,A536,4207.0,75.55,Q9NW13
69,555,A,11.07,16.353036959486072,AF-Q9NW13-F1-model_v1,A555,4360.0,93.8,Q9NW13
70,571,A,10.32,72.11421216560251,AF-Q9NW13-F1-model_v1,A571,4487.0,84.86,Q9NW13
71,584,A,10.51,109.91385497359491,AF-Q9NW13-F1-model_v1,A584,4602.0,91.98,Q9NW13
72,586,A,10.45,90.34382713683289,AF-Q9NW13-F1-model_v1,A586,4619.0,91.83,Q9NW13
73,588,A,10.46,86.05450596713162,AF-Q9NW13-F1-model_v1,A588,4636.0,90.66,Q9NW13
74,598,A,10.35,83.90984538228099,AF-Q9NW13-F1-model_v1,A598,4724.0,89.2,Q9NW13
83,665,A,10.59,73.99079017734682,AF-Q9NW13-F1-model_v1,A665,5245.0,75.83,Q9NW13
84,666,A,11.14,41.552798831481,AF-Q9NW13-F1-model_v1,A666,5254.0,73.6,Q9NW13
99,738,A,10.45,75.73332690253795,AF-Q9NW13-F1-model_v1,A738,5856.0,83.99,Q9NW13
100,740,A,10.48,82.83751508985567,AF-Q9NW13-F1-model_v1,A740,5874.0,79.32,Q9NW13
9,55,A,10.45,112.1925568449987,AF-Q02539-F1-model_v1,A55,372.0,87.28,Q02539
10,66,A,9.9,37.26347766177974,AF-Q02539-F1-model_v1,A66,448.0,94.1,Q02539
11,67,A,10.42,114.20317614329616,AF-Q02539-F1-model_v1,A67,457.0,94.15,Q02539
12,78,A,10.44,99.59267590900126,AF-Q02539-F1-model_v1,A78,534.0,93.07,Q02539
13,84,A,10.32,72.11421216560251,AF-Q02539-F1-model_v1,A84,584.0,95.08,Q02539
14,88,A,10.42,109.10960725427591,AF-Q02539-F1-model_v1,A88,613.0,95.3,Q02539
15,93,A,10.34,109.51173111393541,AF-Q02539-F1-model_v1,A93,649.0,92.78,Q02539
16,100,A,10.43,95.83951988551263,AF-Q02539-F1-model_v1,A100,700.0,93.07,Q02539
17,109,A,10.23,48.52294573224556,AF-Q02539-F1-model_v1,A109,756.0,93.78,Q02539
18,112,A,10.43,102.54158421317086,AF-Q02539-F1-model_v1,A112,781.0,79.5,Q02539
0,1965,A,10.69,62.99940467998733,5DZZ-alt-1_assembled,A1965,43.0,0,P15924
1,1973,A,10.15,43.965541989437966,5DZZ-alt-1_assembled,A1973,109.0,0,P15924
2,1974,A,11.4,63.803652399306316,5DZZ-alt-1_assembled,A1974,118.0,0,P15924
3,1988,A,11.55,58.978166083392395,5DZZ-alt-1_assembled,A1988,231.0,0,P15924
4,1993,A,9.85,32.706073918972145,5DZZ-alt-1_assembled,A1993,270.0,0,P15924
5,1996,A,10.43,66.8866019900291,5DZZ-alt-1_assembled,A1996,295.0,0,P15924
6,1998,A,10.38,73.320583744581,5DZZ-alt-1_assembled,A1998,308.0,0,P15924
7,1999,A,10.65,47.718698012926566,5DZZ-alt-1_assembled,A1999,317.0,0,P15924
8,2026,A,10.55,86.99279497300378,5DZZ-alt-1_assembled,A2026,503.0,0,P15924
9,2028,A,10.67,0.0,5DZZ-alt-1_assembled,A2028,521.0,0,P15924
10,2035,A,11.17,28.282711462717714,5DZZ-alt-1_assembled,A2035,577.0,0,P15924
11,2037,A,10.42,43.69745941633163,5DZZ-alt-1_assembled,A2037,597.0,0,P15924
12,2038,A,10.37,86.72471239989744,5DZZ-alt-1_assembled,A2038,606.0,0,P15924
13,2066,A,8.6,40.480468539055686,5DZZ-alt-1_assembled,A2066,814.0,0,P15924
14,2091,A,10.37,52.544184328840494,5DZZ-alt-1_assembled,A2091,1015.0,0,P15924
15,2103,A,10.35,73.320583744581,5DZZ-alt-1_assembled,A2103,1103.0,0,P15924
16,2112,A,11.01,55.09096877335062,5DZZ-alt-1_assembled,A2112,1167.0,0,P15924
17,2113,A,10.71,65.54618912449746,5DZZ-alt-1_assembled,A2113,1176.0,0,P15924
18,2145,A,10.7,66.35043684381644,5DZZ-alt-1_assembled,A2145,1416.0,0,P15924
19,2170,A,10.01,31.63374362654683,5DZZ-alt-1_assembled,A2170,1618.0,0,P15924
20,2178,A,10.57,102.4075429266177,5DZZ-alt-1_assembled,A2178,1682.0,0,P15924
21,2179,A,10.38,102.00541906695821,5DZZ-alt-1_assembled,A2179,1691.0,0,P15924
22,2180,A,10.13,89.27149684440758,5DZZ-alt-1_assembled,A2180,1700.0,0,P15924
23,2187,A,9.39,24.395514152675943,5DZZ-alt-1_assembled,A2187,1758.0,0,P15924
24,2205,A,10.7,65.01002397828479,5DZZ-alt-1_assembled,A2205,1903.0,0,P15924
25,2251,A,10.87,55.62713391956328,5DZZ-alt-1_assembled,A2251,2261.0,0,P15924
26,2269,A,10.74,64.87598269173164,5DZZ-alt-1_assembled,A2269,2396.0,0,P15924
27,2271,A,10.94,33.6443629248443,5DZZ-alt-1_assembled,A2271,2414.0,0,P15924
28,2279,A,11.32,34.31456935761012,5DZZ-alt-1_assembled,A2279,2477.0,0,P15924
29,2317,A,11.59,43.02725298356581,5DZZ-alt-1_assembled,A2317,2762.0,0,P15924
30,2326,A,11.18,24.52955543922911,5DZZ-alt-1_assembled,A2326,2833.0,0,P15924
31,2328,A,10.47,63.53556982619999,5DZZ-alt-1_assembled,A2328,2851.0,0,P15924
32,2356,A,10.5,47.45061543982024,5DZZ-alt-1_assembled,A2356,3064.0,0,P15924
33,2361,A,10.48,69.43338643453922,5DZZ-alt-1_assembled,A2361,3107.0,0,P15924
34,2381,A,10.67,57.905835790967075,5DZZ-alt-1_assembled,A2381,3251.0,0,P15924
35,2393,A,10.33,79.08435906636707,5DZZ-alt-1_assembled,A2393,3351.0,0,P15924
36,2413,A,10.41,36.86135380212025,5DZZ-alt-1_assembled,A2413,3513.0,0,P15924
37,2430,A,10.82,12.063715789784808,5DZZ-alt-1_assembled,A2430,3656.0,0,P15924
38,2435,A,10.4,64.07173497241264,5DZZ-alt-1_assembled,A2435,3699.0,0,P15924
39,2447,A,10.62,73.45462503113416,5DZZ-alt-1_assembled,A2447,3790.0,0,P15924
0,5,A,10.17,52.008019182627834,AF-Q969X6-F1-model_v1,A5,40.0,91.21,Q969X6
1,53,A,9.16,31.901826199653158,AF-Q969X6-F1-model_v1,A53,435.0,95.07,Q969X6
2,94,A,10.77,40.48046853905569,AF-Q969X6-F1-model_v1,A94,759.0,94.91,Q969X6
3,126,A,10.1,12.73392222255063,AF-Q969X6-F1-model_v1,A126,983.0,98.4,Q969X6
4,134,A,10.41,63.13344596654049,AF-Q969X6-F1-model_v1,A134,1050.0,95.81,Q969X6
5,145,A,10.57,106.29474023665946,AF-Q969X6-F1-model_v1,A145,1154.0,92.54,Q969X6
6,174,A,10.52,82.83751508985569,AF-Q969X6-F1-model_v1,A174,1377.0,96.4,Q969X6
7,181,A,9.99,48.12082187258606,AF-Q969X6-F1-model_v1,A181,1424.0,95.14,Q969X6
9,195,A,10.45,78.28011134704809,AF-Q969X6-F1-model_v1,A195,1541.0,87.06,Q969X6
10,217,A,11.27,20.508316842634173,AF-Q969X6-F1-model_v1,A217,1697.0,95.03,Q969X6
11,230,A,10.11,42.35704655079999,AF-Q969X6-F1-model_v1,A230,1799.0,93.86,Q969X6
12,275,A,10.37,64.47385883207214,AF-Q969X6-F1-model_v1,A275,2133.0,88.77,Q969X6
13,281,A,10.4,88.60129041164174,AF-Q969X6-F1-model_v1,A281,2190.0,85.1,Q969X6
16,329,A,9.66,53.75055590781898,AF-Q969X6-F1-model_v1,A329,2572.0,92.83,Q969X6
17,342,A,12.37,65.14406526483796,AF-Q969X6-F1-model_v1,A342,2675.0,91.67,Q969X6
18,343,A,10.65,58.1739183640734,AF-Q969X6-F1-model_v1,A343,2684.0,92.34,Q969X6
19,368,A,10.47,86.99279497300378,AF-Q969X6-F1-model_v1,A368,2891.0,85.17,Q969X6
20,377,A,11.26,38.33580795420505,AF-Q969X6-F1-model_v1,A377,2956.0,92.7,Q969X6
21,386,A,10.36,71.71208830594303,AF-Q969X6-F1-model_v1,A386,3030.0,95.34,Q969X6
22,388,A,10.32,114.4712587164025,AF-Q969X6-F1-model_v1,A388,3046.0,87.48,Q969X6
23,428,A,10.35,87.52896011921644,AF-Q969X6-F1-model_v1,A428,3368.0,93.37,Q969X6
24,432,A,10.46,100.39692362832022,AF-Q969X6-F1-model_v1,A432,3401.0,82.98,Q969X6
25,451,A,10.14,41.016633685268346,AF-Q969X6-F1-model_v1,A451,3551.0,95.96,Q969X6
26,472,A,10.4,76.0014094756443,AF-Q969X6-F1-model_v1,A472,3704.0,91.65,Q969X6
27,514,A,10.37,71.71208830594303,AF-Q969X6-F1-model_v1,A514,4010.0,93.68,Q969X6
28,517,A,10.22,64.33981754551897,AF-Q969X6-F1-model_v1,A517,4036.0,94.2,Q969X6
29,558,A,10.34,37.3975189483329,AF-Q969X6-F1-model_v1,A558,4354.0,96.82,Q969X6
30,569,A,10.44,89.67362070406708,AF-Q969X6-F1-model_v1,A569,4453.0,93.77,Q969X6
31,591,A,11.31,54.55480362713796,AF-Q969X6-F1-model_v1,A591,4645.0,88.69,Q969X6
32,609,A,10.18,8.84672491250886,AF-Q969X6-F1-model_v1,A609,4798.0,93.52,Q969X6
33,617,A,10.46,95.70547859895947,AF-Q969X6-F1-model_v1,A617,4859.0,82.13,Q969X6
34,642,A,10.66,58.71008351028606,AF-Q969X6-F1-model_v1,A642,5067.0,91.37,Q969X6
35,645,A,10.56,47.71869801292657,AF-Q969X6-F1-model_v1,A645,5090.0,90.13,Q969X6
36,648,A,10.41,80.29073064534555,AF-Q969X6-F1-model_v1,A648,5119.0,94.5,Q969X6
0,56,A,9.68,0.0,AF-Q63ZY6-F1-model_v1,A56,442.0,90.78,Q63ZY6
1,65,A,10.39,82.03326737053669,AF-Q63ZY6-F1-model_v1,A65,508.0,91.61,Q63ZY6
2,69,A,11.44,66.88660199002909,AF-Q63ZY6-F1-model_v1,A69,538.0,90.95,Q63ZY6
3,226,A,10.45,99.59267590900124,AF-Q63ZY6-F1-model_v1,A226,1737.0,88.49,Q63ZY6
3,30,A,10.73,17.15728467880506,AF-Q96PC5-F1-model_v1,A30,230.0,91.9,Q96PC5
4,31,A,11.26,46.5123264339481,AF-Q96PC5-F1-model_v1,A31,239.0,92.2,Q96PC5
5,62,A,10.36,65.14406526483796,AF-Q96PC5-F1-model_v1,A62,488.0,92.17,Q96PC5
6,71,A,10.02,6.568023041105062,AF-Q96PC5-F1-model_v1,A71,559.0,93.83,Q96PC5
7,84,A,11.66,8.980766199062023,AF-Q96PC5-F1-model_v1,A84,659.0,90.38,Q96PC5
8,86,A,10.47,89.9417032771734,AF-Q96PC5-F1-model_v1,A86,672.0,82.13,Q96PC5
9,112,A,10.43,89.5395794175139,AF-Q96PC5-F1-model_v1,A112,889.0,81.91,Q96PC5
40,684,A,10.41,76.80565719496327,AF-Q96PC5-F1-model_v1,A684,5465.0,74.93,Q96PC5
41,685,A,10.4,62.06111567411517,AF-Q96PC5-F1-model_v1,A685,5474.0,77.46,Q96PC5
42,697,A,10.37,72.78441859836835,AF-Q96PC5-F1-model_v1,A697,5564.0,76.09,Q96PC5
43,699,A,11.07,57.50371193130758,AF-Q96PC5-F1-model_v1,A699,5579.0,82.19,Q96PC5
44,703,A,10.37,75.33120304287846,AF-Q96PC5-F1-model_v1,A703,5613.0,81.79,Q96PC5
45,709,A,10.4,75.33120304287847,AF-Q96PC5-F1-model_v1,A709,5663.0,70.78,Q96PC5
48,741,A,10.43,79.7545654991329,AF-Q96PC5-F1-model_v1,A741,5914.0,85.77,Q96PC5
49,758,A,10.43,80.69285450500504,AF-Q96PC5-F1-model_v1,A758,6052.0,89.01,Q96PC5
50,761,A,10.97,58.978166083392395,AF-Q96PC5-F1-model_v1,A761,6078.0,86.1,Q96PC5
51,764,A,10.35,62.59728082032783,AF-Q96PC5-F1-model_v1,A764,6105.0,85.53,Q96PC5
52,766,A,12.61,49.32719345156455,AF-Q96PC5-F1-model_v1,A766,6120.0,86.94,Q96PC5
53,779,A,10.52,89.80766199062023,AF-Q96PC5-F1-model_v1,A779,6223.0,91.95,Q96PC5
54,789,A,12.46,56.43138163888226,AF-Q96PC5-F1-model_v1,A789,6306.0,90.97,Q96PC5
55,792,A,10.24,86.85875368645061,AF-Q96PC5-F1-model_v1,A792,6329.0,89.89,Q96PC5
56,799,A,10.42,108.97556596772276,AF-Q96PC5-F1-model_v1,A799,6379.0,90.9,Q96PC5
57,803,A,10.39,107.76919438874428,AF-Q96PC5-F1-model_v1,A803,6414.0,86.23,Q96PC5
58,813,A,12.53,50.66760631709619,AF-Q96PC5-F1-model_v1,A813,6504.0,90.81,Q96PC5
59,817,A,10.53,92.75657029478985,AF-Q96PC5-F1-model_v1,A817,6534.0,92.98,Q96PC5
60,831,A,10.18,55.35905134645695,AF-Q96PC5-F1-model_v1,A831,6645.0,91.97,Q96PC5
61,841,A,10.41,79.7545654991329,AF-Q96PC5-F1-model_v1,A841,6732.0,91.14,Q96PC5
62,849,A,11.03,46.78040900705442,AF-Q96PC5-F1-model_v1,A849,6797.0,91.57,Q96PC5
63,851,A,10.41,74.52695532355948,AF-Q96PC5-F1-model_v1,A851,6815.0,92.13,Q96PC5
64,858,A,10.99,40.34642725250252,AF-Q96PC5-F1-model_v1,A858,6872.0,92.87,Q96PC5
65,868,A,11.04,56.16329906577594,AF-Q96PC5-F1-model_v1,A868,6952.0,91.86,Q96PC5
66,873,A,11.1,65.94831298415694,AF-Q96PC5-F1-model_v1,A873,6994.0,88.79,Q96PC5
67,881,A,10.97,50.39952374398987,AF-Q96PC5-F1-model_v1,A881,7061.0,73.88,Q96PC5
71,923,A,10.44,78.28011134704809,AF-Q96PC5-F1-model_v1,A923,7385.0,71.93,Q96PC5
72,929,A,10.43,85.3842995343658,AF-Q96PC5-F1-model_v1,A929,7430.0,89.52,Q96PC5
73,935,A,10.41,66.48447813036961,AF-Q96PC5-F1-model_v1,A935,7474.0,92.43,Q96PC5
74,953,A,10.39,70.90784058662403,AF-Q96PC5-F1-model_v1,A953,7623.0,93.43,Q96PC5
75,955,A,11.6,64.07173497241266,AF-Q96PC5-F1-model_v1,A955,7639.0,93.54,Q96PC5
76,963,A,10.41,58.97816608339239,AF-Q96PC5-F1-model_v1,A963,7708.0,95.07,Q96PC5
77,985,A,10.4,82.16730865708985,AF-Q96PC5-F1-model_v1,A985,7889.0,94.98,Q96PC5
78,989,A,10.23,76.53757462185695,AF-Q96PC5-F1-model_v1,A989,7924.0,95.5,Q96PC5
