,resid,chain,plddt,Uniprot Entry,pKa,pKa stdev,PDB Code,sasa,sasa stdev
0,3.0,all,0.0,P04406,10.473749999999999,0.0914857522084332,/1U8F-alt1A_assembled/1U8F-alt1B_assembled,94.56612396240234,10.00895881652832
1,5.0,all,0.0,P04406,10.432500000000001,0.1375032467149155,/1U8F-alt1A_assembled/1U8F-alt1B_assembled,65.39539337158203,8.694085121154785
2,27.0,all,0.0,P04406,10.81,0.27784887978899653,/1U8F-alt1A_assembled/1U8F-alt1B_assembled,44.166603088378906,3.442837715148926
3,55.0,all,0.0,P04406,10.122499999999999,0.23992558370104197,/1U8F-alt1A_assembled/1U8F-alt1B_assembled,56.230316162109375,7.9864325523376465
4,61.0,all,0.0,P04406,10.927500000000002,0.3081163973009462,/1U8F-alt1A_assembled/1U8F-alt1B_assembled,61.49143600463867,6.919421672821045
5,66.0,all,0.0,P04406,10.235,0.07801098823700595,/1U8F-alt1A_assembled/1U8F-alt1B_assembled,52.041526794433594,6.957153797149658
6,84.0,all,0.0,P04406,10.88,0.45625807233563376,/1U8F-alt1A_assembled/1U8F-alt1B_assembled,61.290374755859375,4.064883708953857
7,86.0,all,0.0,P04406,10.6,0.01690308509456997,/1U8F-alt1A_assembled/1U8F-alt1B_assembled,70.60624694824219,4.020439624786377
8,107.0,all,0.0,P04406,10.342500000000001,0.04234214381508295,/1U8F-alt1A_assembled/1U8F-alt1B_assembled,65.57970428466797,7.088724136352539
9,117.0,all,0.0,P04406,10.3325,0.23230214315474076,/1U8F-alt1A_assembled/1U8F-alt1B_assembled,69.4668960571289,10.483598709106445
10,139.0,all,0.0,P04406,10.325,0.107038043971024,/1U8F-alt1A_assembled/1U8F-alt1B_assembled,77.30831909179688,14.026333808898926
11,145.0,all,0.0,P04406,10.1725,0.12589678312014174,/1U8F-alt1A_assembled/1U8F-alt1B_assembled,59.849430084228516,9.188008308410645
12,162.0,all,0.0,P04406,11.1175,0.0349489423506431,/1U8F-alt1A_assembled/1U8F-alt1B_assembled,43.29533386230469,2.6050753593444824
13,186.0,all,0.0,P04406,9.75,0.16544312790632473,/1U8F-alt1A_assembled/1U8F-alt1B_assembled,43.83149719238281,4.52348518371582
14,194.0,all,0.0,P04406,10.425,0.009258200997725318,/1U8F-alt1A_assembled/1U8F-alt1B_assembled,98.88896179199219,8.376623153686523
15,215.0,all,0.0,P04406,10.280000000000001,0.12259107401671444,/1U8F-alt1A_assembled/1U8F-alt1B_assembled,81.999755859375,7.186537265777588
16,219.0,all,0.0,P04406,10.084999999999999,0.3660991278719074,/1U8F-alt1A_assembled/1U8F-alt1B_assembled,69.56742858886719,10.209790229797363
17,227.0,all,0.0,P04406,10.385000000000002,0.05682051943243195,/1U8F-alt1A_assembled/1U8F-alt1B_assembled,44.33415603637695,1.379574179649353
18,251.0,all,0.0,P04406,10.399999999999999,0.13180071536766622,/1U8F-alt1A_assembled/1U8F-alt1B_assembled,62.56377029418945,3.930044412612915
19,254.0,all,0.0,P04406,11.3925,0.18797796223417887,/1U8F-alt1A_assembled/1U8F-alt1B_assembled,67.05415344238281,3.3642189502716064
20,259.0,all,0.0,P04406,10.9,0.1258116506074521,/1U8F-alt1A_assembled/1U8F-alt1B_assembled,27.076339721679688,2.391371488571167
21,260.0,all,0.0,P04406,10.497500000000002,0.03882193783343197,/1U8F-alt1A_assembled/1U8F-alt1B_assembled,79.38595581054688,6.641567230224609
22,263.0,all,0.0,P04406,11.09,0.3769046867009522,/1U8F-alt1A_assembled/1U8F-alt1B_assembled,54.219696044921875,3.2762844562530518
23,271.0,all,0.0,P04406,10.43,0.007559289460184384,/1U8F-alt1A_assembled/1U8F-alt1B_assembled,74.69450378417969,4.674589157104492
24,309.0,all,0.0,P04406,9.9525,0.6550627014699764,/1U8F-alt1A_assembled/1U8F-alt1B_assembled,4.021238803863525,0.5641574263572693
25,334.0,all,0.0,P04406,10.39375,0.21849730302356463,/1U8F-alt1A_assembled/1U8F-alt1B_assembled,42.75917053222656,13.324617385864258
26,6.0,all,0.0,P62987,10.257943925233631,0.12933777230876672,/2LJ5-alt-78_assembled/2LJ5-alt-100_assembled/2LJ5-alt-114_assembled/2LJ5-alt-44_assembled/2LJ5-alt-50_assembled/2LJ5-alt-128_assembled/2LJ5-alt-87_assembled/2LJ5-alt-93_assembled/2LJ5-alt-276_assembled/2LJ5-alt-262_assembled/2LJ5-alt-289_assembled/2LJ5-alt-288_assembled/2LJ5-alt-263_assembled/2LJ5-alt-277_assembled/2LJ5-alt-92_assembled/2LJ5-alt-86_assembled/2LJ5-alt-129_assembled/2LJ5-alt-51_assembled/2LJ5-alt-45_assembled/2LJ5-alt-115_assembled/2LJ5-alt-101_assembled/2LJ5-alt-79_assembled/2LJ5-alt-117_assembled/2LJ5-alt-103_assembled/2LJ5-alt-53_assembled/2LJ5-alt-47_assembled/2LJ5-alt-90_assembled/2LJ5-alt-84_assembled/2LJ5-alt-301_assembled/2LJ5-alt-261_assembled/2LJ5-alt-275_assembled/2LJ5-alt-249_assembled/2LJ5-alt-248_assembled/2LJ5-alt-274_assembled/2LJ5-alt-260_assembled/2LJ5-alt-300_assembled/2LJ5-alt-85_assembled/2LJ5-alt-91_assembled/2LJ5-alt-46_assembled/2LJ5-alt-52_assembled/2LJ5-alt-102_assembled/2LJ5-alt-116_assembled/2LJ5-alt-56_assembled/2LJ5-alt-42_assembled/2LJ5-alt-112_assembled/2LJ5-alt-106_assembled/2LJ5-alt-95_assembled/2LJ5-alt-81_assembled/2LJ5-alt-258_assembled/2LJ5-alt-264_assembled/2LJ5-alt-270_assembled/2LJ5-alt-271_assembled/2LJ5-alt-265_assembled/2LJ5-alt-259_assembled/2LJ5-alt-80_assembled/2LJ5-alt-94_assembled/2LJ5-alt-107_assembled/2LJ5-alt-113_assembled/2LJ5-alt-43_assembled/2LJ5-alt-57_assembled/2LJ5-alt-139_assembled/2LJ5-alt-41_assembled/2LJ5-alt-55_assembled/2LJ5-alt-105_assembled/2LJ5-alt-111_assembled/2LJ5-alt-69_assembled/2LJ5-alt-82_assembled/2LJ5-alt-96_assembled/2LJ5-alt-273_assembled/2LJ5-alt-267_assembled/2LJ5-alt-298_assembled/2LJ5-alt-299_assembled/2LJ5-alt-266_assembled/2LJ5-alt-272_assembled/2LJ5-alt-97_assembled/2LJ5-alt-83_assembled/2LJ5-alt-68_assembled/2LJ5-alt-110_assembled/2LJ5-alt-104_assembled/2LJ5-alt-54_assembled/2LJ5-alt-40_assembled/2LJ5-alt-138_assembled/2LJ5-alt-163_assembled/2LJ5-alt-177_assembled/2LJ5-alt-27_assembled/2LJ5-alt-33_assembled/2LJ5-alt-188_assembled/2LJ5-alt-215_assembled/2LJ5-alt-201_assembled/2LJ5-alt-229_assembled/2LJ5-alt-3_assembled/2LJ5-alt-2_assembled/2LJ5-alt-228_assembled/2LJ5-alt-200_assembled/2LJ5-alt-214_assembled/2LJ5-alt-189_assembled/2LJ5-alt-32_assembled/2LJ5-alt-26_assembled/2LJ5-alt-176_assembled/2LJ5-alt-162_assembled/2LJ5-alt-174_assembled/2LJ5-alt-160_assembled/2LJ5-alt-18_assembled/2LJ5-alt-148_assembled/2LJ5-alt-30_assembled/2LJ5-alt-24_assembled/2LJ5-alt-202_assembled/2LJ5-alt-216_assembled/2LJ5-alt-1_assembled/2LJ5-alt-217_assembled/2LJ5-alt-203_assembled/2LJ5-alt-25_assembled/2LJ5-alt-31_assembled/2LJ5-alt-149_assembled/2LJ5-alt-19_assembled/2LJ5-alt-161_assembled/2LJ5-alt-175_assembled/2LJ5-alt-35_assembled/2LJ5-alt-21_assembled/2LJ5-alt-159_assembled/2LJ5-alt-171_assembled/2LJ5-alt-165_assembled/2LJ5-alt-207_assembled/2LJ5-alt-213_assembled/2LJ5-alt-5_assembled/2LJ5-alt-4_assembled/2LJ5-alt-212_assembled/2LJ5-alt-206_assembled/2LJ5-alt-164_assembled/2LJ5-alt-170_assembled/2LJ5-alt-158_assembled/2LJ5-alt-20_assembled/2LJ5-alt-34_assembled/2LJ5-alt-22_assembled/2LJ5-alt-36_assembled/2LJ5-alt-166_assembled/2LJ5-alt-172_assembled/2LJ5-alt-199_assembled/2LJ5-alt-238_assembled/2LJ5-alt-210_assembled/2LJ5-alt-204_assembled/2LJ5-alt-6_assembled/2LJ5-alt-7_assembled/2LJ5-alt-205_assembled/2LJ5-alt-211_assembled/2LJ5-alt-239_assembled/2LJ5-alt-198_assembled/2LJ5-alt-173_assembled/2LJ5-alt-167_assembled/2LJ5-alt-37_assembled/2LJ5-alt-23_assembled/2LJ5-alt-142_assembled/2LJ5-alt-156_assembled/2LJ5-alt-12_assembled/2LJ5-alt-181_assembled/2LJ5-alt-195_assembled/2LJ5-alt-234_assembled/2LJ5-alt-220_assembled/2LJ5-alt-208_assembled/2LJ5-alt-209_assembled/2LJ5-alt-221_assembled/2LJ5-alt-235_assembled/2LJ5-alt-194_assembled/2LJ5-alt-180_assembled/2LJ5-alt-13_assembled/2LJ5-alt-157_assembled/2LJ5-alt-143_assembled/2LJ5-alt-155_assembled/2LJ5-alt-39_assembled/2LJ5-alt-141_assembled/2LJ5-alt-11_assembled/2LJ5-alt-169_assembled/2LJ5-alt-196_assembled/2LJ5-alt-182_assembled/2LJ5-alt-223_assembled/2LJ5-alt-237_assembled/2LJ5-alt-9_assembled/2LJ5-alt-8_assembled/2LJ5-alt-236_assembled/2LJ5-alt-222_assembled/2LJ5-alt-183_assembled/2LJ5-alt-197_assembled/2LJ5-alt-168_assembled/2LJ5-alt-10_assembled/2LJ5-alt-140_assembled/2LJ5-alt-38_assembled/2LJ5-alt-154_assembled/2LJ5-alt-14_assembled/2LJ5-alt-178_assembled/2LJ5-alt-150_assembled/2LJ5-alt-28_assembled/2LJ5-alt-144_assembled/2LJ5-alt-193_assembled/2LJ5-alt-187_assembled/2LJ5-alt-226_assembled/2LJ5-alt-232_assembled/2LJ5-alt-233_assembled/2LJ5-alt-227_assembled/2LJ5-alt-186_assembled/2LJ5-alt-192_assembled/2LJ5-alt-145_assembled/2LJ5-alt-29_assembled/2LJ5-alt-151_assembled/2LJ5-alt-179_assembled/2LJ5-alt-15_assembled/2LJ5-alt-17_assembled/2LJ5-alt-147_assembled/2LJ5-alt-153_assembled/2LJ5-alt-184_assembled/2LJ5-alt-190_assembled/2LJ5-alt-219_assembled/2LJ5-alt-231_assembled/2LJ5-alt-225_assembled/2LJ5-alt-224_assembled/2LJ5-alt-230_assembled/2LJ5-alt-218_assembled/2LJ5-alt-191_assembled/2LJ5-alt-185_assembled/2LJ5-alt-152_assembled/2LJ5-alt-146_assembled/2LJ5-alt-16_assembled/2LJ5-alt-121_assembled/2LJ5-alt-59_assembled/2LJ5-alt-135_assembled/2LJ5-alt-65_assembled/2LJ5-alt-109_assembled/2LJ5-alt-71_assembled/2LJ5-alt-257_assembled/2LJ5-alt-243_assembled/2LJ5-alt-294_assembled/2LJ5-alt-280_assembled/2LJ5-alt-281_assembled/2LJ5-alt-295_assembled/2LJ5-alt-242_assembled/2LJ5-alt-256_assembled/2LJ5-alt-70_assembled/2LJ5-alt-108_assembled/2LJ5-alt-64_assembled/2LJ5-alt-134_assembled/2LJ5-alt-58_assembled/2LJ5-alt-120_assembled/2LJ5-alt-136_assembled/2LJ5-alt-122_assembled/2LJ5-alt-72_assembled/2LJ5-alt-66_assembled/2LJ5-alt-99_assembled/2LJ5-alt-240_assembled/2LJ5-alt-254_assembled/2LJ5-alt-268_assembled/2LJ5-alt-283_assembled/2LJ5-alt-297_assembled/2LJ5-alt-296_assembled/2LJ5-alt-282_assembled/2LJ5-alt-269_assembled/2LJ5-alt-255_assembled/2LJ5-alt-241_assembled/2LJ5-alt-98_assembled/2LJ5-alt-67_assembled/2LJ5-alt-73_assembled/2LJ5-alt-123_assembled/2LJ5-alt-137_assembled/2LJ5-alt-77_assembled/2LJ5-alt-63_assembled/2LJ5-alt-133_assembled/2LJ5-alt-127_assembled/2LJ5-alt-88_assembled/2LJ5-alt-279_assembled/2LJ5-alt-245_assembled/2LJ5-alt-251_assembled/2LJ5-alt-286_assembled/2LJ5-alt-292_assembled/2LJ5-alt-293_assembled/2LJ5-alt-287_assembled/2LJ5-alt-250_assembled/2LJ5-alt-244_assembled/2LJ5-alt-278_assembled/2LJ5-alt-89_assembled/2LJ5-alt-126_assembled/2LJ5-alt-132_assembled/2LJ5-alt-62_assembled/2LJ5-alt-76_assembled/2LJ5-alt-60_assembled/2LJ5-alt-118_assembled/2LJ5-alt-74_assembled/2LJ5-alt-124_assembled/2LJ5-alt-48_assembled/2LJ5-alt-130_assembled/2LJ5-alt-252_assembled/2LJ5-alt-246_assembled/2LJ5-alt-291_assembled/2LJ5-alt-285_assembled/2LJ5-alt-284_assembled/2LJ5-alt-290_assembled/2LJ5-alt-247_assembled/2LJ5-alt-253_assembled/2LJ5-alt-131_assembled/2LJ5-alt-49_assembled/2LJ5-alt-125_assembled/2LJ5-alt-75_assembled/2LJ5-alt-119_assembled/2LJ5-alt-61_assembled/2MBH-alt-20_assembled/2MBH-alt-19_assembled/2MBH-alt-18_assembled/2MBH-alt-9_assembled/2MBH-alt-8_assembled/2MBH-alt-1_assembled/2MBH-alt-3_assembled/2MBH-alt-2_assembled/2MBH-alt-6_assembled/2MBH-alt-7_assembled/2MBH-alt-5_assembled/2MBH-alt-4_assembled/2MBH-alt-15_assembled/2MBH-alt-14_assembled/2MBH-alt-16_assembled/2MBH-alt-17_assembled/2MBH-alt-13_assembled/2MBH-alt-12_assembled/2MBH-alt-10_assembled/2MBH-alt-11_assembled,56.27354049682617,11.195820808410645
27,11.0,all,0.0,P62987,11.148660436137066,0.3560140621675768,/2LJ5-alt-78_assembled/2LJ5-alt-100_assembled/2LJ5-alt-114_assembled/2LJ5-alt-44_assembled/2LJ5-alt-50_assembled/2LJ5-alt-128_assembled/2LJ5-alt-87_assembled/2LJ5-alt-93_assembled/2LJ5-alt-276_assembled/2LJ5-alt-262_assembled/2LJ5-alt-289_assembled/2LJ5-alt-288_assembled/2LJ5-alt-263_assembled/2LJ5-alt-277_assembled/2LJ5-alt-92_assembled/2LJ5-alt-86_assembled/2LJ5-alt-129_assembled/2LJ5-alt-51_assembled/2LJ5-alt-45_assembled/2LJ5-alt-115_assembled/2LJ5-alt-101_assembled/2LJ5-alt-79_assembled/2LJ5-alt-117_assembled/2LJ5-alt-103_assembled/2LJ5-alt-53_assembled/2LJ5-alt-47_assembled/2LJ5-alt-90_assembled/2LJ5-alt-84_assembled/2LJ5-alt-301_assembled/2LJ5-alt-261_assembled/2LJ5-alt-275_assembled/2LJ5-alt-249_assembled/2LJ5-alt-248_assembled/2LJ5-alt-274_assembled/2LJ5-alt-260_assembled/2LJ5-alt-300_assembled/2LJ5-alt-85_assembled/2LJ5-alt-91_assembled/2LJ5-alt-46_assembled/2LJ5-alt-52_assembled/2LJ5-alt-102_assembled/2LJ5-alt-116_assembled/2LJ5-alt-56_assembled/2LJ5-alt-42_assembled/2LJ5-alt-112_assembled/2LJ5-alt-106_assembled/2LJ5-alt-95_assembled/2LJ5-alt-81_assembled/2LJ5-alt-258_assembled/2LJ5-alt-264_assembled/2LJ5-alt-270_assembled/2LJ5-alt-271_assembled/2LJ5-alt-265_assembled/2LJ5-alt-259_assembled/2LJ5-alt-80_assembled/2LJ5-alt-94_assembled/2LJ5-alt-107_assembled/2LJ5-alt-113_assembled/2LJ5-alt-43_assembled/2LJ5-alt-57_assembled/2LJ5-alt-139_assembled/2LJ5-alt-41_assembled/2LJ5-alt-55_assembled/2LJ5-alt-105_assembled/2LJ5-alt-111_assembled/2LJ5-alt-69_assembled/2LJ5-alt-82_assembled/2LJ5-alt-96_assembled/2LJ5-alt-273_assembled/2LJ5-alt-267_assembled/2LJ5-alt-298_assembled/2LJ5-alt-299_assembled/2LJ5-alt-266_assembled/2LJ5-alt-272_assembled/2LJ5-alt-97_assembled/2LJ5-alt-83_assembled/2LJ5-alt-68_assembled/2LJ5-alt-110_assembled/2LJ5-alt-104_assembled/2LJ5-alt-54_assembled/2LJ5-alt-40_assembled/2LJ5-alt-138_assembled/2LJ5-alt-163_assembled/2LJ5-alt-177_assembled/2LJ5-alt-27_assembled/2LJ5-alt-33_assembled/2LJ5-alt-188_assembled/2LJ5-alt-215_assembled/2LJ5-alt-201_assembled/2LJ5-alt-229_assembled/2LJ5-alt-3_assembled/2LJ5-alt-2_assembled/2LJ5-alt-228_assembled/2LJ5-alt-200_assembled/2LJ5-alt-214_assembled/2LJ5-alt-189_assembled/2LJ5-alt-32_assembled/2LJ5-alt-26_assembled/2LJ5-alt-176_assembled/2LJ5-alt-162_assembled/2LJ5-alt-174_assembled/2LJ5-alt-160_assembled/2LJ5-alt-18_assembled/2LJ5-alt-148_assembled/2LJ5-alt-30_assembled/2LJ5-alt-24_assembled/2LJ5-alt-202_assembled/2LJ5-alt-216_assembled/2LJ5-alt-1_assembled/2LJ5-alt-217_assembled/2LJ5-alt-203_assembled/2LJ5-alt-25_assembled/2LJ5-alt-31_assembled/2LJ5-alt-149_assembled/2LJ5-alt-19_assembled/2LJ5-alt-161_assembled/2LJ5-alt-175_assembled/2LJ5-alt-35_assembled/2LJ5-alt-21_assembled/2LJ5-alt-159_assembled/2LJ5-alt-171_assembled/2LJ5-alt-165_assembled/2LJ5-alt-207_assembled/2LJ5-alt-213_assembled/2LJ5-alt-5_assembled/2LJ5-alt-4_assembled/2LJ5-alt-212_assembled/2LJ5-alt-206_assembled/2LJ5-alt-164_assembled/2LJ5-alt-170_assembled/2LJ5-alt-158_assembled/2LJ5-alt-20_assembled/2LJ5-alt-34_assembled/2LJ5-alt-22_assembled/2LJ5-alt-36_assembled/2LJ5-alt-166_assembled/2LJ5-alt-172_assembled/2LJ5-alt-199_assembled/2LJ5-alt-238_assembled/2LJ5-alt-210_assembled/2LJ5-alt-204_assembled/2LJ5-alt-6_assembled/2LJ5-alt-7_assembled/2LJ5-alt-205_assembled/2LJ5-alt-211_assembled/2LJ5-alt-239_assembled/2LJ5-alt-198_assembled/2LJ5-alt-173_assembled/2LJ5-alt-167_assembled/2LJ5-alt-37_assembled/2LJ5-alt-23_assembled/2LJ5-alt-142_assembled/2LJ5-alt-156_assembled/2LJ5-alt-12_assembled/2LJ5-alt-181_assembled/2LJ5-alt-195_assembled/2LJ5-alt-234_assembled/2LJ5-alt-220_assembled/2LJ5-alt-208_assembled/2LJ5-alt-209_assembled/2LJ5-alt-221_assembled/2LJ5-alt-235_assembled/2LJ5-alt-194_assembled/2LJ5-alt-180_assembled/2LJ5-alt-13_assembled/2LJ5-alt-157_assembled/2LJ5-alt-143_assembled/2LJ5-alt-155_assembled/2LJ5-alt-39_assembled/2LJ5-alt-141_assembled/2LJ5-alt-11_assembled/2LJ5-alt-169_assembled/2LJ5-alt-196_assembled/2LJ5-alt-182_assembled/2LJ5-alt-223_assembled/2LJ5-alt-237_assembled/2LJ5-alt-9_assembled/2LJ5-alt-8_assembled/2LJ5-alt-236_assembled/2LJ5-alt-222_assembled/2LJ5-alt-183_assembled/2LJ5-alt-197_assembled/2LJ5-alt-168_assembled/2LJ5-alt-10_assembled/2LJ5-alt-140_assembled/2LJ5-alt-38_assembled/2LJ5-alt-154_assembled/2LJ5-alt-14_assembled/2LJ5-alt-178_assembled/2LJ5-alt-150_assembled/2LJ5-alt-28_assembled/2LJ5-alt-144_assembled/2LJ5-alt-193_assembled/2LJ5-alt-187_assembled/2LJ5-alt-226_assembled/2LJ5-alt-232_assembled/2LJ5-alt-233_assembled/2LJ5-alt-227_assembled/2LJ5-alt-186_assembled/2LJ5-alt-192_assembled/2LJ5-alt-145_assembled/2LJ5-alt-29_assembled/2LJ5-alt-151_assembled/2LJ5-alt-179_assembled/2LJ5-alt-15_assembled/2LJ5-alt-17_assembled/2LJ5-alt-147_assembled/2LJ5-alt-153_assembled/2LJ5-alt-184_assembled/2LJ5-alt-190_assembled/2LJ5-alt-219_assembled/2LJ5-alt-231_assembled/2LJ5-alt-225_assembled/2LJ5-alt-224_assembled/2LJ5-alt-230_assembled/2LJ5-alt-218_assembled/2LJ5-alt-191_assembled/2LJ5-alt-185_assembled/2LJ5-alt-152_assembled/2LJ5-alt-146_assembled/2LJ5-alt-16_assembled/2LJ5-alt-121_assembled/2LJ5-alt-59_assembled/2LJ5-alt-135_assembled/2LJ5-alt-65_assembled/2LJ5-alt-109_assembled/2LJ5-alt-71_assembled/2LJ5-alt-257_assembled/2LJ5-alt-243_assembled/2LJ5-alt-294_assembled/2LJ5-alt-280_assembled/2LJ5-alt-281_assembled/2LJ5-alt-295_assembled/2LJ5-alt-242_assembled/2LJ5-alt-256_assembled/2LJ5-alt-70_assembled/2LJ5-alt-108_assembled/2LJ5-alt-64_assembled/2LJ5-alt-134_assembled/2LJ5-alt-58_assembled/2LJ5-alt-120_assembled/2LJ5-alt-136_assembled/2LJ5-alt-122_assembled/2LJ5-alt-72_assembled/2LJ5-alt-66_assembled/2LJ5-alt-99_assembled/2LJ5-alt-240_assembled/2LJ5-alt-254_assembled/2LJ5-alt-268_assembled/2LJ5-alt-283_assembled/2LJ5-alt-297_assembled/2LJ5-alt-296_assembled/2LJ5-alt-282_assembled/2LJ5-alt-269_assembled/2LJ5-alt-255_assembled/2LJ5-alt-241_assembled/2LJ5-alt-98_assembled/2LJ5-alt-67_assembled/2LJ5-alt-73_assembled/2LJ5-alt-123_assembled/2LJ5-alt-137_assembled/2LJ5-alt-77_assembled/2LJ5-alt-63_assembled/2LJ5-alt-133_assembled/2LJ5-alt-127_assembled/2LJ5-alt-88_assembled/2LJ5-alt-279_assembled/2LJ5-alt-245_assembled/2LJ5-alt-251_assembled/2LJ5-alt-286_assembled/2LJ5-alt-292_assembled/2LJ5-alt-293_assembled/2LJ5-alt-287_assembled/2LJ5-alt-250_assembled/2LJ5-alt-244_assembled/2LJ5-alt-278_assembled/2LJ5-alt-89_assembled/2LJ5-alt-126_assembled/2LJ5-alt-132_assembled/2LJ5-alt-62_assembled/2LJ5-alt-76_assembled/2LJ5-alt-60_assembled/2LJ5-alt-118_assembled/2LJ5-alt-74_assembled/2LJ5-alt-124_assembled/2LJ5-alt-48_assembled/2LJ5-alt-130_assembled/2LJ5-alt-252_assembled/2LJ5-alt-246_assembled/2LJ5-alt-291_assembled/2LJ5-alt-285_assembled/2LJ5-alt-284_assembled/2LJ5-alt-290_assembled/2LJ5-alt-247_assembled/2LJ5-alt-253_assembled/2LJ5-alt-131_assembled/2LJ5-alt-49_assembled/2LJ5-alt-125_assembled/2LJ5-alt-75_assembled/2LJ5-alt-119_assembled/2LJ5-alt-61_assembled/2MBH-alt-20_assembled/2MBH-alt-19_assembled/2MBH-alt-18_assembled/2MBH-alt-9_assembled/2MBH-alt-8_assembled/2MBH-alt-1_assembled/2MBH-alt-3_assembled/2MBH-alt-2_assembled/2MBH-alt-6_assembled/2MBH-alt-7_assembled/2MBH-alt-5_assembled/2MBH-alt-4_assembled/2MBH-alt-15_assembled/2MBH-alt-14_assembled/2MBH-alt-16_assembled/2MBH-alt-17_assembled/2MBH-alt-13_assembled/2MBH-alt-12_assembled/2MBH-alt-10_assembled/2MBH-alt-11_assembled,67.62527465820312,11.63898754119873
28,27.0,all,0.0,P62987,10.55862928348909,1.034865928642352,/2LJ5-alt-78_assembled/2LJ5-alt-100_assembled/2LJ5-alt-114_assembled/2LJ5-alt-44_assembled/2LJ5-alt-50_assembled/2LJ5-alt-128_assembled/2LJ5-alt-87_assembled/2LJ5-alt-93_assembled/2LJ5-alt-276_assembled/2LJ5-alt-262_assembled/2LJ5-alt-289_assembled/2LJ5-alt-288_assembled/2LJ5-alt-263_assembled/2LJ5-alt-277_assembled/2LJ5-alt-92_assembled/2LJ5-alt-86_assembled/2LJ5-alt-129_assembled/2LJ5-alt-51_assembled/2LJ5-alt-45_assembled/2LJ5-alt-115_assembled/2LJ5-alt-101_assembled/2LJ5-alt-79_assembled/2LJ5-alt-117_assembled/2LJ5-alt-103_assembled/2LJ5-alt-53_assembled/2LJ5-alt-47_assembled/2LJ5-alt-90_assembled/2LJ5-alt-84_assembled/2LJ5-alt-301_assembled/2LJ5-alt-261_assembled/2LJ5-alt-275_assembled/2LJ5-alt-249_assembled/2LJ5-alt-248_assembled/2LJ5-alt-274_assembled/2LJ5-alt-260_assembled/2LJ5-alt-300_assembled/2LJ5-alt-85_assembled/2LJ5-alt-91_assembled/2LJ5-alt-46_assembled/2LJ5-alt-52_assembled/2LJ5-alt-102_assembled/2LJ5-alt-116_assembled/2LJ5-alt-56_assembled/2LJ5-alt-42_assembled/2LJ5-alt-112_assembled/2LJ5-alt-106_assembled/2LJ5-alt-95_assembled/2LJ5-alt-81_assembled/2LJ5-alt-258_assembled/2LJ5-alt-264_assembled/2LJ5-alt-270_assembled/2LJ5-alt-271_assembled/2LJ5-alt-265_assembled/2LJ5-alt-259_assembled/2LJ5-alt-80_assembled/2LJ5-alt-94_assembled/2LJ5-alt-107_assembled/2LJ5-alt-113_assembled/2LJ5-alt-43_assembled/2LJ5-alt-57_assembled/2LJ5-alt-139_assembled/2LJ5-alt-41_assembled/2LJ5-alt-55_assembled/2LJ5-alt-105_assembled/2LJ5-alt-111_assembled/2LJ5-alt-69_assembled/2LJ5-alt-82_assembled/2LJ5-alt-96_assembled/2LJ5-alt-273_assembled/2LJ5-alt-267_assembled/2LJ5-alt-298_assembled/2LJ5-alt-299_assembled/2LJ5-alt-266_assembled/2LJ5-alt-272_assembled/2LJ5-alt-97_assembled/2LJ5-alt-83_assembled/2LJ5-alt-68_assembled/2LJ5-alt-110_assembled/2LJ5-alt-104_assembled/2LJ5-alt-54_assembled/2LJ5-alt-40_assembled/2LJ5-alt-138_assembled/2LJ5-alt-163_assembled/2LJ5-alt-177_assembled/2LJ5-alt-27_assembled/2LJ5-alt-33_assembled/2LJ5-alt-188_assembled/2LJ5-alt-215_assembled/2LJ5-alt-201_assembled/2LJ5-alt-229_assembled/2LJ5-alt-3_assembled/2LJ5-alt-2_assembled/2LJ5-alt-228_assembled/2LJ5-alt-200_assembled/2LJ5-alt-214_assembled/2LJ5-alt-189_assembled/2LJ5-alt-32_assembled/2LJ5-alt-26_assembled/2LJ5-alt-176_assembled/2LJ5-alt-162_assembled/2LJ5-alt-174_assembled/2LJ5-alt-160_assembled/2LJ5-alt-18_assembled/2LJ5-alt-148_assembled/2LJ5-alt-30_assembled/2LJ5-alt-24_assembled/2LJ5-alt-202_assembled/2LJ5-alt-216_assembled/2LJ5-alt-1_assembled/2LJ5-alt-217_assembled/2LJ5-alt-203_assembled/2LJ5-alt-25_assembled/2LJ5-alt-31_assembled/2LJ5-alt-149_assembled/2LJ5-alt-19_assembled/2LJ5-alt-161_assembled/2LJ5-alt-175_assembled/2LJ5-alt-35_assembled/2LJ5-alt-21_assembled/2LJ5-alt-159_assembled/2LJ5-alt-171_assembled/2LJ5-alt-165_assembled/2LJ5-alt-207_assembled/2LJ5-alt-213_assembled/2LJ5-alt-5_assembled/2LJ5-alt-4_assembled/2LJ5-alt-212_assembled/2LJ5-alt-206_assembled/2LJ5-alt-164_assembled/2LJ5-alt-170_assembled/2LJ5-alt-158_assembled/2LJ5-alt-20_assembled/2LJ5-alt-34_assembled/2LJ5-alt-22_assembled/2LJ5-alt-36_assembled/2LJ5-alt-166_assembled/2LJ5-alt-172_assembled/2LJ5-alt-199_assembled/2LJ5-alt-238_assembled/2LJ5-alt-210_assembled/2LJ5-alt-204_assembled/2LJ5-alt-6_assembled/2LJ5-alt-7_assembled/2LJ5-alt-205_assembled/2LJ5-alt-211_assembled/2LJ5-alt-239_assembled/2LJ5-alt-198_assembled/2LJ5-alt-173_assembled/2LJ5-alt-167_assembled/2LJ5-alt-37_assembled/2LJ5-alt-23_assembled/2LJ5-alt-142_assembled/2LJ5-alt-156_assembled/2LJ5-alt-12_assembled/2LJ5-alt-181_assembled/2LJ5-alt-195_assembled/2LJ5-alt-234_assembled/2LJ5-alt-220_assembled/2LJ5-alt-208_assembled/2LJ5-alt-209_assembled/2LJ5-alt-221_assembled/2LJ5-alt-235_assembled/2LJ5-alt-194_assembled/2LJ5-alt-180_assembled/2LJ5-alt-13_assembled/2LJ5-alt-157_assembled/2LJ5-alt-143_assembled/2LJ5-alt-155_assembled/2LJ5-alt-39_assembled/2LJ5-alt-141_assembled/2LJ5-alt-11_assembled/2LJ5-alt-169_assembled/2LJ5-alt-196_assembled/2LJ5-alt-182_assembled/2LJ5-alt-223_assembled/2LJ5-alt-237_assembled/2LJ5-alt-9_assembled/2LJ5-alt-8_assembled/2LJ5-alt-236_assembled/2LJ5-alt-222_assembled/2LJ5-alt-183_assembled/2LJ5-alt-197_assembled/2LJ5-alt-168_assembled/2LJ5-alt-10_assembled/2LJ5-alt-140_assembled/2LJ5-alt-38_assembled/2LJ5-alt-154_assembled/2LJ5-alt-14_assembled/2LJ5-alt-178_assembled/2LJ5-alt-150_assembled/2LJ5-alt-28_assembled/2LJ5-alt-144_assembled/2LJ5-alt-193_assembled/2LJ5-alt-187_assembled/2LJ5-alt-226_assembled/2LJ5-alt-232_assembled/2LJ5-alt-233_assembled/2LJ5-alt-227_assembled/2LJ5-alt-186_assembled/2LJ5-alt-192_assembled/2LJ5-alt-145_assembled/2LJ5-alt-29_assembled/2LJ5-alt-151_assembled/2LJ5-alt-179_assembled/2LJ5-alt-15_assembled/2LJ5-alt-17_assembled/2LJ5-alt-147_assembled/2LJ5-alt-153_assembled/2LJ5-alt-184_assembled/2LJ5-alt-190_assembled/2LJ5-alt-219_assembled/2LJ5-alt-231_assembled/2LJ5-alt-225_assembled/2LJ5-alt-224_assembled/2LJ5-alt-230_assembled/2LJ5-alt-218_assembled/2LJ5-alt-191_assembled/2LJ5-alt-185_assembled/2LJ5-alt-152_assembled/2LJ5-alt-146_assembled/2LJ5-alt-16_assembled/2LJ5-alt-121_assembled/2LJ5-alt-59_assembled/2LJ5-alt-135_assembled/2LJ5-alt-65_assembled/2LJ5-alt-109_assembled/2LJ5-alt-71_assembled/2LJ5-alt-257_assembled/2LJ5-alt-243_assembled/2LJ5-alt-294_assembled/2LJ5-alt-280_assembled/2LJ5-alt-281_assembled/2LJ5-alt-295_assembled/2LJ5-alt-242_assembled/2LJ5-alt-256_assembled/2LJ5-alt-70_assembled/2LJ5-alt-108_assembled/2LJ5-alt-64_assembled/2LJ5-alt-134_assembled/2LJ5-alt-58_assembled/2LJ5-alt-120_assembled/2LJ5-alt-136_assembled/2LJ5-alt-122_assembled/2LJ5-alt-72_assembled/2LJ5-alt-66_assembled/2LJ5-alt-99_assembled/2LJ5-alt-240_assembled/2LJ5-alt-254_assembled/2LJ5-alt-268_assembled/2LJ5-alt-283_assembled/2LJ5-alt-297_assembled/2LJ5-alt-296_assembled/2LJ5-alt-282_assembled/2LJ5-alt-269_assembled/2LJ5-alt-255_assembled/2LJ5-alt-241_assembled/2LJ5-alt-98_assembled/2LJ5-alt-67_assembled/2LJ5-alt-73_assembled/2LJ5-alt-123_assembled/2LJ5-alt-137_assembled/2LJ5-alt-77_assembled/2LJ5-alt-63_assembled/2LJ5-alt-133_assembled/2LJ5-alt-127_assembled/2LJ5-alt-88_assembled/2LJ5-alt-279_assembled/2LJ5-alt-245_assembled/2LJ5-alt-251_assembled/2LJ5-alt-286_assembled/2LJ5-alt-292_assembled/2LJ5-alt-293_assembled/2LJ5-alt-287_assembled/2LJ5-alt-250_assembled/2LJ5-alt-244_assembled/2LJ5-alt-278_assembled/2LJ5-alt-89_assembled/2LJ5-alt-126_assembled/2LJ5-alt-132_assembled/2LJ5-alt-62_assembled/2LJ5-alt-76_assembled/2LJ5-alt-60_assembled/2LJ5-alt-118_assembled/2LJ5-alt-74_assembled/2LJ5-alt-124_assembled/2LJ5-alt-48_assembled/2LJ5-alt-130_assembled/2LJ5-alt-252_assembled/2LJ5-alt-246_assembled/2LJ5-alt-291_assembled/2LJ5-alt-285_assembled/2LJ5-alt-284_assembled/2LJ5-alt-290_assembled/2LJ5-alt-247_assembled/2LJ5-alt-253_assembled/2LJ5-alt-131_assembled/2LJ5-alt-49_assembled/2LJ5-alt-125_assembled/2LJ5-alt-75_assembled/2LJ5-alt-119_assembled/2LJ5-alt-61_assembled/2MBH-alt-20_assembled/2MBH-alt-19_assembled/2MBH-alt-18_assembled/2MBH-alt-9_assembled/2MBH-alt-8_assembled/2MBH-alt-1_assembled/2MBH-alt-3_assembled/2MBH-alt-2_assembled/2MBH-alt-6_assembled/2MBH-alt-7_assembled/2MBH-alt-5_assembled/2MBH-alt-4_assembled/2MBH-alt-15_assembled/2MBH-alt-14_assembled/2MBH-alt-16_assembled/2MBH-alt-17_assembled/2MBH-alt-13_assembled/2MBH-alt-12_assembled/2MBH-alt-10_assembled/2MBH-alt-11_assembled,10.618490219116211,5.066216945648193
29,29.0,all,0.0,P62987,10.879178885630493,0.3213755824026412,/2LJ5-alt-78_assembled/2LJ5-alt-100_assembled/2LJ5-alt-114_assembled/2LJ5-alt-44_assembled/2LJ5-alt-50_assembled/2LJ5-alt-128_assembled/2LJ5-alt-87_assembled/2LJ5-alt-93_assembled/2LJ5-alt-276_assembled/2LJ5-alt-262_assembled/2LJ5-alt-289_assembled/2LJ5-alt-288_assembled/2LJ5-alt-263_assembled/2LJ5-alt-277_assembled/2LJ5-alt-92_assembled/2LJ5-alt-86_assembled/2LJ5-alt-129_assembled/2LJ5-alt-51_assembled/2LJ5-alt-45_assembled/2LJ5-alt-115_assembled/2LJ5-alt-101_assembled/2LJ5-alt-79_assembled/2LJ5-alt-117_assembled/2LJ5-alt-103_assembled/2LJ5-alt-53_assembled/2LJ5-alt-47_assembled/2LJ5-alt-90_assembled/2LJ5-alt-84_assembled/2LJ5-alt-301_assembled/2LJ5-alt-261_assembled/2LJ5-alt-275_assembled/2LJ5-alt-249_assembled/2LJ5-alt-248_assembled/2LJ5-alt-274_assembled/2LJ5-alt-260_assembled/2LJ5-alt-300_assembled/2LJ5-alt-85_assembled/2LJ5-alt-91_assembled/2LJ5-alt-46_assembled/2LJ5-alt-52_assembled/2LJ5-alt-102_assembled/2LJ5-alt-116_assembled/2LJ5-alt-56_assembled/2LJ5-alt-42_assembled/2LJ5-alt-112_assembled/2LJ5-alt-106_assembled/2LJ5-alt-95_assembled/2LJ5-alt-81_assembled/2LJ5-alt-258_assembled/2LJ5-alt-264_assembled/2LJ5-alt-270_assembled/2LJ5-alt-271_assembled/2LJ5-alt-265_assembled/2LJ5-alt-259_assembled/2LJ5-alt-80_assembled/2LJ5-alt-94_assembled/2LJ5-alt-107_assembled/2LJ5-alt-113_assembled/2LJ5-alt-43_assembled/2LJ5-alt-57_assembled/2LJ5-alt-139_assembled/2LJ5-alt-41_assembled/2LJ5-alt-55_assembled/2LJ5-alt-105_assembled/2LJ5-alt-111_assembled/2LJ5-alt-69_assembled/2LJ5-alt-82_assembled/2LJ5-alt-96_assembled/2LJ5-alt-273_assembled/2LJ5-alt-267_assembled/2LJ5-alt-298_assembled/2LJ5-alt-299_assembled/2LJ5-alt-266_assembled/2LJ5-alt-272_assembled/2LJ5-alt-97_assembled/2LJ5-alt-83_assembled/2LJ5-alt-68_assembled/2LJ5-alt-110_assembled/2LJ5-alt-104_assembled/2LJ5-alt-54_assembled/2LJ5-alt-40_assembled/2LJ5-alt-138_assembled/2LJ5-alt-163_assembled/2LJ5-alt-177_assembled/2LJ5-alt-27_assembled/2LJ5-alt-33_assembled/2LJ5-alt-188_assembled/2LJ5-alt-215_assembled/2LJ5-alt-201_assembled/2LJ5-alt-229_assembled/2LJ5-alt-3_assembled/2LJ5-alt-2_assembled/2LJ5-alt-228_assembled/2LJ5-alt-200_assembled/2LJ5-alt-214_assembled/2LJ5-alt-189_assembled/2LJ5-alt-32_assembled/2LJ5-alt-26_assembled/2LJ5-alt-176_assembled/2LJ5-alt-162_assembled/2LJ5-alt-174_assembled/2LJ5-alt-160_assembled/2LJ5-alt-18_assembled/2LJ5-alt-148_assembled/2LJ5-alt-30_assembled/2LJ5-alt-24_assembled/2LJ5-alt-202_assembled/2LJ5-alt-216_assembled/2LJ5-alt-1_assembled/2LJ5-alt-217_assembled/2LJ5-alt-203_assembled/2LJ5-alt-25_assembled/2LJ5-alt-31_assembled/2LJ5-alt-149_assembled/2LJ5-alt-19_assembled/2LJ5-alt-161_assembled/2LJ5-alt-175_assembled/2LJ5-alt-35_assembled/2LJ5-alt-21_assembled/2LJ5-alt-159_assembled/2LJ5-alt-171_assembled/2LJ5-alt-165_assembled/2LJ5-alt-207_assembled/2LJ5-alt-213_assembled/2LJ5-alt-5_assembled/2LJ5-alt-4_assembled/2LJ5-alt-212_assembled/2LJ5-alt-206_assembled/2LJ5-alt-164_assembled/2LJ5-alt-170_assembled/2LJ5-alt-158_assembled/2LJ5-alt-20_assembled/2LJ5-alt-34_assembled/2LJ5-alt-22_assembled/2LJ5-alt-36_assembled/2LJ5-alt-166_assembled/2LJ5-alt-172_assembled/2LJ5-alt-199_assembled/2LJ5-alt-238_assembled/2LJ5-alt-210_assembled/2LJ5-alt-204_assembled/2LJ5-alt-6_assembled/2LJ5-alt-7_assembled/2LJ5-alt-205_assembled/2LJ5-alt-211_assembled/2LJ5-alt-239_assembled/2LJ5-alt-198_assembled/2LJ5-alt-173_assembled/2LJ5-alt-167_assembled/2LJ5-alt-37_assembled/2LJ5-alt-23_assembled/2LJ5-alt-142_assembled/2LJ5-alt-156_assembled/2LJ5-alt-12_assembled/2LJ5-alt-181_assembled/2LJ5-alt-195_assembled/2LJ5-alt-234_assembled/2LJ5-alt-220_assembled/2LJ5-alt-208_assembled/2LJ5-alt-209_assembled/2LJ5-alt-221_assembled/2LJ5-alt-235_assembled/2LJ5-alt-194_assembled/2LJ5-alt-180_assembled/2LJ5-alt-13_assembled/2LJ5-alt-157_assembled/2LJ5-alt-143_assembled/2LJ5-alt-155_assembled/2LJ5-alt-39_assembled/2LJ5-alt-141_assembled/2LJ5-alt-11_assembled/2LJ5-alt-169_assembled/2LJ5-alt-196_assembled/2LJ5-alt-182_assembled/2LJ5-alt-223_assembled/2LJ5-alt-237_assembled/2LJ5-alt-9_assembled/2LJ5-alt-8_assembled/2LJ5-alt-236_assembled/2LJ5-alt-222_assembled/2LJ5-alt-183_assembled/2LJ5-alt-197_assembled/2LJ5-alt-168_assembled/2LJ5-alt-10_assembled/2LJ5-alt-140_assembled/2LJ5-alt-38_assembled/2LJ5-alt-154_assembled/2LJ5-alt-14_assembled/2LJ5-alt-178_assembled/2LJ5-alt-150_assembled/2LJ5-alt-28_assembled/2LJ5-alt-144_assembled/2LJ5-alt-193_assembled/2LJ5-alt-187_assembled/2LJ5-alt-226_assembled/2LJ5-alt-232_assembled/2LJ5-alt-233_assembled/2LJ5-alt-227_assembled/2LJ5-alt-186_assembled/2LJ5-alt-192_assembled/2LJ5-alt-145_assembled/2LJ5-alt-29_assembled/2LJ5-alt-151_assembled/2LJ5-alt-179_assembled/2LJ5-alt-15_assembled/2LJ5-alt-17_assembled/2LJ5-alt-147_assembled/2LJ5-alt-153_assembled/2LJ5-alt-184_assembled/2LJ5-alt-190_assembled/2LJ5-alt-219_assembled/2LJ5-alt-231_assembled/2LJ5-alt-225_assembled/2LJ5-alt-224_assembled/2LJ5-alt-230_assembled/2LJ5-alt-218_assembled/2LJ5-alt-191_assembled/2LJ5-alt-185_assembled/2LJ5-alt-152_assembled/2LJ5-alt-146_assembled/2LJ5-alt-16_assembled/2LJ5-alt-121_assembled/2LJ5-alt-59_assembled/2LJ5-alt-135_assembled/2LJ5-alt-65_assembled/2LJ5-alt-109_assembled/2LJ5-alt-71_assembled/2LJ5-alt-257_assembled/2LJ5-alt-243_assembled/2LJ5-alt-294_assembled/2LJ5-alt-280_assembled/2LJ5-alt-281_assembled/2LJ5-alt-295_assembled/2LJ5-alt-242_assembled/2LJ5-alt-256_assembled/2LJ5-alt-70_assembled/2LJ5-alt-108_assembled/2LJ5-alt-64_assembled/2LJ5-alt-134_assembled/2LJ5-alt-58_assembled/2LJ5-alt-120_assembled/2LJ5-alt-136_assembled/2LJ5-alt-122_assembled/2LJ5-alt-72_assembled/2LJ5-alt-66_assembled/2LJ5-alt-99_assembled/2LJ5-alt-240_assembled/2LJ5-alt-254_assembled/2LJ5-alt-268_assembled/2LJ5-alt-283_assembled/2LJ5-alt-297_assembled/2LJ5-alt-296_assembled/2LJ5-alt-282_assembled/2LJ5-alt-269_assembled/2LJ5-alt-255_assembled/2LJ5-alt-241_assembled/2LJ5-alt-98_assembled/2LJ5-alt-67_assembled/2LJ5-alt-73_assembled/2LJ5-alt-123_assembled/2LJ5-alt-137_assembled/2LJ5-alt-77_assembled/2LJ5-alt-63_assembled/2LJ5-alt-133_assembled/2LJ5-alt-127_assembled/2LJ5-alt-88_assembled/2LJ5-alt-279_assembled/2LJ5-alt-245_assembled/2LJ5-alt-251_assembled/2LJ5-alt-286_assembled/2LJ5-alt-292_assembled/2LJ5-alt-293_assembled/2LJ5-alt-287_assembled/2LJ5-alt-250_assembled/2LJ5-alt-244_assembled/2LJ5-alt-278_assembled/2LJ5-alt-89_assembled/2LJ5-alt-126_assembled/2LJ5-alt-132_assembled/2LJ5-alt-62_assembled/2LJ5-alt-76_assembled/2LJ5-alt-60_assembled/2LJ5-alt-118_assembled/2LJ5-alt-74_assembled/2LJ5-alt-124_assembled/2LJ5-alt-48_assembled/2LJ5-alt-130_assembled/2LJ5-alt-252_assembled/2LJ5-alt-246_assembled/2LJ5-alt-291_assembled/2LJ5-alt-285_assembled/2LJ5-alt-284_assembled/2LJ5-alt-290_assembled/2LJ5-alt-247_assembled/2LJ5-alt-253_assembled/2LJ5-alt-131_assembled/2LJ5-alt-49_assembled/2LJ5-alt-125_assembled/2LJ5-alt-75_assembled/2LJ5-alt-119_assembled/2LJ5-alt-61_assembled/2MBH-alt-20_assembled/2MBH-alt-19_assembled/2MBH-alt-18_assembled/2MBH-alt-9_assembled/2MBH-alt-8_assembled/2MBH-alt-1_assembled/2MBH-alt-3_assembled/2MBH-alt-2_assembled/2MBH-alt-6_assembled/2MBH-alt-7_assembled/2MBH-alt-5_assembled/2MBH-alt-4_assembled/2MBH-alt-15_assembled/2MBH-alt-14_assembled/2MBH-alt-16_assembled/2MBH-alt-17_assembled/2MBH-alt-13_assembled/2MBH-alt-12_assembled/2MBH-alt-10_assembled/2MBH-alt-11_assembled,44.28786087036133,15.476856231689453
30,33.0,all,0.0,P62987,10.811682242990653,0.4925053666864487,/2LJ5-alt-78_assembled/2LJ5-alt-100_assembled/2LJ5-alt-114_assembled/2LJ5-alt-44_assembled/2LJ5-alt-50_assembled/2LJ5-alt-128_assembled/2LJ5-alt-87_assembled/2LJ5-alt-93_assembled/2LJ5-alt-276_assembled/2LJ5-alt-262_assembled/2LJ5-alt-289_assembled/2LJ5-alt-288_assembled/2LJ5-alt-263_assembled/2LJ5-alt-277_assembled/2LJ5-alt-92_assembled/2LJ5-alt-86_assembled/2LJ5-alt-129_assembled/2LJ5-alt-51_assembled/2LJ5-alt-45_assembled/2LJ5-alt-115_assembled/2LJ5-alt-101_assembled/2LJ5-alt-79_assembled/2LJ5-alt-117_assembled/2LJ5-alt-103_assembled/2LJ5-alt-53_assembled/2LJ5-alt-47_assembled/2LJ5-alt-90_assembled/2LJ5-alt-84_assembled/2LJ5-alt-301_assembled/2LJ5-alt-261_assembled/2LJ5-alt-275_assembled/2LJ5-alt-249_assembled/2LJ5-alt-248_assembled/2LJ5-alt-274_assembled/2LJ5-alt-260_assembled/2LJ5-alt-300_assembled/2LJ5-alt-85_assembled/2LJ5-alt-91_assembled/2LJ5-alt-46_assembled/2LJ5-alt-52_assembled/2LJ5-alt-102_assembled/2LJ5-alt-116_assembled/2LJ5-alt-56_assembled/2LJ5-alt-42_assembled/2LJ5-alt-112_assembled/2LJ5-alt-106_assembled/2LJ5-alt-95_assembled/2LJ5-alt-81_assembled/2LJ5-alt-258_assembled/2LJ5-alt-264_assembled/2LJ5-alt-270_assembled/2LJ5-alt-271_assembled/2LJ5-alt-265_assembled/2LJ5-alt-259_assembled/2LJ5-alt-80_assembled/2LJ5-alt-94_assembled/2LJ5-alt-107_assembled/2LJ5-alt-113_assembled/2LJ5-alt-43_assembled/2LJ5-alt-57_assembled/2LJ5-alt-139_assembled/2LJ5-alt-41_assembled/2LJ5-alt-55_assembled/2LJ5-alt-105_assembled/2LJ5-alt-111_assembled/2LJ5-alt-69_assembled/2LJ5-alt-82_assembled/2LJ5-alt-96_assembled/2LJ5-alt-273_assembled/2LJ5-alt-267_assembled/2LJ5-alt-298_assembled/2LJ5-alt-299_assembled/2LJ5-alt-266_assembled/2LJ5-alt-272_assembled/2LJ5-alt-97_assembled/2LJ5-alt-83_assembled/2LJ5-alt-68_assembled/2LJ5-alt-110_assembled/2LJ5-alt-104_assembled/2LJ5-alt-54_assembled/2LJ5-alt-40_assembled/2LJ5-alt-138_assembled/2LJ5-alt-163_assembled/2LJ5-alt-177_assembled/2LJ5-alt-27_assembled/2LJ5-alt-33_assembled/2LJ5-alt-188_assembled/2LJ5-alt-215_assembled/2LJ5-alt-201_assembled/2LJ5-alt-229_assembled/2LJ5-alt-3_assembled/2LJ5-alt-2_assembled/2LJ5-alt-228_assembled/2LJ5-alt-200_assembled/2LJ5-alt-214_assembled/2LJ5-alt-189_assembled/2LJ5-alt-32_assembled/2LJ5-alt-26_assembled/2LJ5-alt-176_assembled/2LJ5-alt-162_assembled/2LJ5-alt-174_assembled/2LJ5-alt-160_assembled/2LJ5-alt-18_assembled/2LJ5-alt-148_assembled/2LJ5-alt-30_assembled/2LJ5-alt-24_assembled/2LJ5-alt-202_assembled/2LJ5-alt-216_assembled/2LJ5-alt-1_assembled/2LJ5-alt-217_assembled/2LJ5-alt-203_assembled/2LJ5-alt-25_assembled/2LJ5-alt-31_assembled/2LJ5-alt-149_assembled/2LJ5-alt-19_assembled/2LJ5-alt-161_assembled/2LJ5-alt-175_assembled/2LJ5-alt-35_assembled/2LJ5-alt-21_assembled/2LJ5-alt-159_assembled/2LJ5-alt-171_assembled/2LJ5-alt-165_assembled/2LJ5-alt-207_assembled/2LJ5-alt-213_assembled/2LJ5-alt-5_assembled/2LJ5-alt-4_assembled/2LJ5-alt-212_assembled/2LJ5-alt-206_assembled/2LJ5-alt-164_assembled/2LJ5-alt-170_assembled/2LJ5-alt-158_assembled/2LJ5-alt-20_assembled/2LJ5-alt-34_assembled/2LJ5-alt-22_assembled/2LJ5-alt-36_assembled/2LJ5-alt-166_assembled/2LJ5-alt-172_assembled/2LJ5-alt-199_assembled/2LJ5-alt-238_assembled/2LJ5-alt-210_assembled/2LJ5-alt-204_assembled/2LJ5-alt-6_assembled/2LJ5-alt-7_assembled/2LJ5-alt-205_assembled/2LJ5-alt-211_assembled/2LJ5-alt-239_assembled/2LJ5-alt-198_assembled/2LJ5-alt-173_assembled/2LJ5-alt-167_assembled/2LJ5-alt-37_assembled/2LJ5-alt-23_assembled/2LJ5-alt-142_assembled/2LJ5-alt-156_assembled/2LJ5-alt-12_assembled/2LJ5-alt-181_assembled/2LJ5-alt-195_assembled/2LJ5-alt-234_assembled/2LJ5-alt-220_assembled/2LJ5-alt-208_assembled/2LJ5-alt-209_assembled/2LJ5-alt-221_assembled/2LJ5-alt-235_assembled/2LJ5-alt-194_assembled/2LJ5-alt-180_assembled/2LJ5-alt-13_assembled/2LJ5-alt-157_assembled/2LJ5-alt-143_assembled/2LJ5-alt-155_assembled/2LJ5-alt-39_assembled/2LJ5-alt-141_assembled/2LJ5-alt-11_assembled/2LJ5-alt-169_assembled/2LJ5-alt-196_assembled/2LJ5-alt-182_assembled/2LJ5-alt-223_assembled/2LJ5-alt-237_assembled/2LJ5-alt-9_assembled/2LJ5-alt-8_assembled/2LJ5-alt-236_assembled/2LJ5-alt-222_assembled/2LJ5-alt-183_assembled/2LJ5-alt-197_assembled/2LJ5-alt-168_assembled/2LJ5-alt-10_assembled/2LJ5-alt-140_assembled/2LJ5-alt-38_assembled/2LJ5-alt-154_assembled/2LJ5-alt-14_assembled/2LJ5-alt-178_assembled/2LJ5-alt-150_assembled/2LJ5-alt-28_assembled/2LJ5-alt-144_assembled/2LJ5-alt-193_assembled/2LJ5-alt-187_assembled/2LJ5-alt-226_assembled/2LJ5-alt-232_assembled/2LJ5-alt-233_assembled/2LJ5-alt-227_assembled/2LJ5-alt-186_assembled/2LJ5-alt-192_assembled/2LJ5-alt-145_assembled/2LJ5-alt-29_assembled/2LJ5-alt-151_assembled/2LJ5-alt-179_assembled/2LJ5-alt-15_assembled/2LJ5-alt-17_assembled/2LJ5-alt-147_assembled/2LJ5-alt-153_assembled/2LJ5-alt-184_assembled/2LJ5-alt-190_assembled/2LJ5-alt-219_assembled/2LJ5-alt-231_assembled/2LJ5-alt-225_assembled/2LJ5-alt-224_assembled/2LJ5-alt-230_assembled/2LJ5-alt-218_assembled/2LJ5-alt-191_assembled/2LJ5-alt-185_assembled/2LJ5-alt-152_assembled/2LJ5-alt-146_assembled/2LJ5-alt-16_assembled/2LJ5-alt-121_assembled/2LJ5-alt-59_assembled/2LJ5-alt-135_assembled/2LJ5-alt-65_assembled/2LJ5-alt-109_assembled/2LJ5-alt-71_assembled/2LJ5-alt-257_assembled/2LJ5-alt-243_assembled/2LJ5-alt-294_assembled/2LJ5-alt-280_assembled/2LJ5-alt-281_assembled/2LJ5-alt-295_assembled/2LJ5-alt-242_assembled/2LJ5-alt-256_assembled/2LJ5-alt-70_assembled/2LJ5-alt-108_assembled/2LJ5-alt-64_assembled/2LJ5-alt-134_assembled/2LJ5-alt-58_assembled/2LJ5-alt-120_assembled/2LJ5-alt-136_assembled/2LJ5-alt-122_assembled/2LJ5-alt-72_assembled/2LJ5-alt-66_assembled/2LJ5-alt-99_assembled/2LJ5-alt-240_assembled/2LJ5-alt-254_assembled/2LJ5-alt-268_assembled/2LJ5-alt-283_assembled/2LJ5-alt-297_assembled/2LJ5-alt-296_assembled/2LJ5-alt-282_assembled/2LJ5-alt-269_assembled/2LJ5-alt-255_assembled/2LJ5-alt-241_assembled/2LJ5-alt-98_assembled/2LJ5-alt-67_assembled/2LJ5-alt-73_assembled/2LJ5-alt-123_assembled/2LJ5-alt-137_assembled/2LJ5-alt-77_assembled/2LJ5-alt-63_assembled/2LJ5-alt-133_assembled/2LJ5-alt-127_assembled/2LJ5-alt-88_assembled/2LJ5-alt-279_assembled/2LJ5-alt-245_assembled/2LJ5-alt-251_assembled/2LJ5-alt-286_assembled/2LJ5-alt-292_assembled/2LJ5-alt-293_assembled/2LJ5-alt-287_assembled/2LJ5-alt-250_assembled/2LJ5-alt-244_assembled/2LJ5-alt-278_assembled/2LJ5-alt-89_assembled/2LJ5-alt-126_assembled/2LJ5-alt-132_assembled/2LJ5-alt-62_assembled/2LJ5-alt-76_assembled/2LJ5-alt-60_assembled/2LJ5-alt-118_assembled/2LJ5-alt-74_assembled/2LJ5-alt-124_assembled/2LJ5-alt-48_assembled/2LJ5-alt-130_assembled/2LJ5-alt-252_assembled/2LJ5-alt-246_assembled/2LJ5-alt-291_assembled/2LJ5-alt-285_assembled/2LJ5-alt-284_assembled/2LJ5-alt-290_assembled/2LJ5-alt-247_assembled/2LJ5-alt-253_assembled/2LJ5-alt-131_assembled/2LJ5-alt-49_assembled/2LJ5-alt-125_assembled/2LJ5-alt-75_assembled/2LJ5-alt-119_assembled/2LJ5-alt-61_assembled/2MBH-alt-20_assembled/2MBH-alt-19_assembled/2MBH-alt-18_assembled/2MBH-alt-9_assembled/2MBH-alt-8_assembled/2MBH-alt-1_assembled/2MBH-alt-3_assembled/2MBH-alt-2_assembled/2MBH-alt-6_assembled/2MBH-alt-7_assembled/2MBH-alt-5_assembled/2MBH-alt-4_assembled/2MBH-alt-15_assembled/2MBH-alt-14_assembled/2MBH-alt-16_assembled/2MBH-alt-17_assembled/2MBH-alt-13_assembled/2MBH-alt-12_assembled/2MBH-alt-10_assembled/2MBH-alt-11_assembled,60.34656524658203,13.350299835205078
31,48.0,all,0.0,P62987,10.425046728971969,0.320298807263748,/2LJ5-alt-78_assembled/2LJ5-alt-100_assembled/2LJ5-alt-114_assembled/2LJ5-alt-44_assembled/2LJ5-alt-50_assembled/2LJ5-alt-128_assembled/2LJ5-alt-87_assembled/2LJ5-alt-93_assembled/2LJ5-alt-276_assembled/2LJ5-alt-262_assembled/2LJ5-alt-289_assembled/2LJ5-alt-288_assembled/2LJ5-alt-263_assembled/2LJ5-alt-277_assembled/2LJ5-alt-92_assembled/2LJ5-alt-86_assembled/2LJ5-alt-129_assembled/2LJ5-alt-51_assembled/2LJ5-alt-45_assembled/2LJ5-alt-115_assembled/2LJ5-alt-101_assembled/2LJ5-alt-79_assembled/2LJ5-alt-117_assembled/2LJ5-alt-103_assembled/2LJ5-alt-53_assembled/2LJ5-alt-47_assembled/2LJ5-alt-90_assembled/2LJ5-alt-84_assembled/2LJ5-alt-301_assembled/2LJ5-alt-261_assembled/2LJ5-alt-275_assembled/2LJ5-alt-249_assembled/2LJ5-alt-248_assembled/2LJ5-alt-274_assembled/2LJ5-alt-260_assembled/2LJ5-alt-300_assembled/2LJ5-alt-85_assembled/2LJ5-alt-91_assembled/2LJ5-alt-46_assembled/2LJ5-alt-52_assembled/2LJ5-alt-102_assembled/2LJ5-alt-116_assembled/2LJ5-alt-56_assembled/2LJ5-alt-42_assembled/2LJ5-alt-112_assembled/2LJ5-alt-106_assembled/2LJ5-alt-95_assembled/2LJ5-alt-81_assembled/2LJ5-alt-258_assembled/2LJ5-alt-264_assembled/2LJ5-alt-270_assembled/2LJ5-alt-271_assembled/2LJ5-alt-265_assembled/2LJ5-alt-259_assembled/2LJ5-alt-80_assembled/2LJ5-alt-94_assembled/2LJ5-alt-107_assembled/2LJ5-alt-113_assembled/2LJ5-alt-43_assembled/2LJ5-alt-57_assembled/2LJ5-alt-139_assembled/2LJ5-alt-41_assembled/2LJ5-alt-55_assembled/2LJ5-alt-105_assembled/2LJ5-alt-111_assembled/2LJ5-alt-69_assembled/2LJ5-alt-82_assembled/2LJ5-alt-96_assembled/2LJ5-alt-273_assembled/2LJ5-alt-267_assembled/2LJ5-alt-298_assembled/2LJ5-alt-299_assembled/2LJ5-alt-266_assembled/2LJ5-alt-272_assembled/2LJ5-alt-97_assembled/2LJ5-alt-83_assembled/2LJ5-alt-68_assembled/2LJ5-alt-110_assembled/2LJ5-alt-104_assembled/2LJ5-alt-54_assembled/2LJ5-alt-40_assembled/2LJ5-alt-138_assembled/2LJ5-alt-163_assembled/2LJ5-alt-177_assembled/2LJ5-alt-27_assembled/2LJ5-alt-33_assembled/2LJ5-alt-188_assembled/2LJ5-alt-215_assembled/2LJ5-alt-201_assembled/2LJ5-alt-229_assembled/2LJ5-alt-3_assembled/2LJ5-alt-2_assembled/2LJ5-alt-228_assembled/2LJ5-alt-200_assembled/2LJ5-alt-214_assembled/2LJ5-alt-189_assembled/2LJ5-alt-32_assembled/2LJ5-alt-26_assembled/2LJ5-alt-176_assembled/2LJ5-alt-162_assembled/2LJ5-alt-174_assembled/2LJ5-alt-160_assembled/2LJ5-alt-18_assembled/2LJ5-alt-148_assembled/2LJ5-alt-30_assembled/2LJ5-alt-24_assembled/2LJ5-alt-202_assembled/2LJ5-alt-216_assembled/2LJ5-alt-1_assembled/2LJ5-alt-217_assembled/2LJ5-alt-203_assembled/2LJ5-alt-25_assembled/2LJ5-alt-31_assembled/2LJ5-alt-149_assembled/2LJ5-alt-19_assembled/2LJ5-alt-161_assembled/2LJ5-alt-175_assembled/2LJ5-alt-35_assembled/2LJ5-alt-21_assembled/2LJ5-alt-159_assembled/2LJ5-alt-171_assembled/2LJ5-alt-165_assembled/2LJ5-alt-207_assembled/2LJ5-alt-213_assembled/2LJ5-alt-5_assembled/2LJ5-alt-4_assembled/2LJ5-alt-212_assembled/2LJ5-alt-206_assembled/2LJ5-alt-164_assembled/2LJ5-alt-170_assembled/2LJ5-alt-158_assembled/2LJ5-alt-20_assembled/2LJ5-alt-34_assembled/2LJ5-alt-22_assembled/2LJ5-alt-36_assembled/2LJ5-alt-166_assembled/2LJ5-alt-172_assembled/2LJ5-alt-199_assembled/2LJ5-alt-238_assembled/2LJ5-alt-210_assembled/2LJ5-alt-204_assembled/2LJ5-alt-6_assembled/2LJ5-alt-7_assembled/2LJ5-alt-205_assembled/2LJ5-alt-211_assembled/2LJ5-alt-239_assembled/2LJ5-alt-198_assembled/2LJ5-alt-173_assembled/2LJ5-alt-167_assembled/2LJ5-alt-37_assembled/2LJ5-alt-23_assembled/2LJ5-alt-142_assembled/2LJ5-alt-156_assembled/2LJ5-alt-12_assembled/2LJ5-alt-181_assembled/2LJ5-alt-195_assembled/2LJ5-alt-234_assembled/2LJ5-alt-220_assembled/2LJ5-alt-208_assembled/2LJ5-alt-209_assembled/2LJ5-alt-221_assembled/2LJ5-alt-235_assembled/2LJ5-alt-194_assembled/2LJ5-alt-180_assembled/2LJ5-alt-13_assembled/2LJ5-alt-157_assembled/2LJ5-alt-143_assembled/2LJ5-alt-155_assembled/2LJ5-alt-39_assembled/2LJ5-alt-141_assembled/2LJ5-alt-11_assembled/2LJ5-alt-169_assembled/2LJ5-alt-196_assembled/2LJ5-alt-182_assembled/2LJ5-alt-223_assembled/2LJ5-alt-237_assembled/2LJ5-alt-9_assembled/2LJ5-alt-8_assembled/2LJ5-alt-236_assembled/2LJ5-alt-222_assembled/2LJ5-alt-183_assembled/2LJ5-alt-197_assembled/2LJ5-alt-168_assembled/2LJ5-alt-10_assembled/2LJ5-alt-140_assembled/2LJ5-alt-38_assembled/2LJ5-alt-154_assembled/2LJ5-alt-14_assembled/2LJ5-alt-178_assembled/2LJ5-alt-150_assembled/2LJ5-alt-28_assembled/2LJ5-alt-144_assembled/2LJ5-alt-193_assembled/2LJ5-alt-187_assembled/2LJ5-alt-226_assembled/2LJ5-alt-232_assembled/2LJ5-alt-233_assembled/2LJ5-alt-227_assembled/2LJ5-alt-186_assembled/2LJ5-alt-192_assembled/2LJ5-alt-145_assembled/2LJ5-alt-29_assembled/2LJ5-alt-151_assembled/2LJ5-alt-179_assembled/2LJ5-alt-15_assembled/2LJ5-alt-17_assembled/2LJ5-alt-147_assembled/2LJ5-alt-153_assembled/2LJ5-alt-184_assembled/2LJ5-alt-190_assembled/2LJ5-alt-219_assembled/2LJ5-alt-231_assembled/2LJ5-alt-225_assembled/2LJ5-alt-224_assembled/2LJ5-alt-230_assembled/2LJ5-alt-218_assembled/2LJ5-alt-191_assembled/2LJ5-alt-185_assembled/2LJ5-alt-152_assembled/2LJ5-alt-146_assembled/2LJ5-alt-16_assembled/2LJ5-alt-121_assembled/2LJ5-alt-59_assembled/2LJ5-alt-135_assembled/2LJ5-alt-65_assembled/2LJ5-alt-109_assembled/2LJ5-alt-71_assembled/2LJ5-alt-257_assembled/2LJ5-alt-243_assembled/2LJ5-alt-294_assembled/2LJ5-alt-280_assembled/2LJ5-alt-281_assembled/2LJ5-alt-295_assembled/2LJ5-alt-242_assembled/2LJ5-alt-256_assembled/2LJ5-alt-70_assembled/2LJ5-alt-108_assembled/2LJ5-alt-64_assembled/2LJ5-alt-134_assembled/2LJ5-alt-58_assembled/2LJ5-alt-120_assembled/2LJ5-alt-136_assembled/2LJ5-alt-122_assembled/2LJ5-alt-72_assembled/2LJ5-alt-66_assembled/2LJ5-alt-99_assembled/2LJ5-alt-240_assembled/2LJ5-alt-254_assembled/2LJ5-alt-268_assembled/2LJ5-alt-283_assembled/2LJ5-alt-297_assembled/2LJ5-alt-296_assembled/2LJ5-alt-282_assembled/2LJ5-alt-269_assembled/2LJ5-alt-255_assembled/2LJ5-alt-241_assembled/2LJ5-alt-98_assembled/2LJ5-alt-67_assembled/2LJ5-alt-73_assembled/2LJ5-alt-123_assembled/2LJ5-alt-137_assembled/2LJ5-alt-77_assembled/2LJ5-alt-63_assembled/2LJ5-alt-133_assembled/2LJ5-alt-127_assembled/2LJ5-alt-88_assembled/2LJ5-alt-279_assembled/2LJ5-alt-245_assembled/2LJ5-alt-251_assembled/2LJ5-alt-286_assembled/2LJ5-alt-292_assembled/2LJ5-alt-293_assembled/2LJ5-alt-287_assembled/2LJ5-alt-250_assembled/2LJ5-alt-244_assembled/2LJ5-alt-278_assembled/2LJ5-alt-89_assembled/2LJ5-alt-126_assembled/2LJ5-alt-132_assembled/2LJ5-alt-62_assembled/2LJ5-alt-76_assembled/2LJ5-alt-60_assembled/2LJ5-alt-118_assembled/2LJ5-alt-74_assembled/2LJ5-alt-124_assembled/2LJ5-alt-48_assembled/2LJ5-alt-130_assembled/2LJ5-alt-252_assembled/2LJ5-alt-246_assembled/2LJ5-alt-291_assembled/2LJ5-alt-285_assembled/2LJ5-alt-284_assembled/2LJ5-alt-290_assembled/2LJ5-alt-247_assembled/2LJ5-alt-253_assembled/2LJ5-alt-131_assembled/2LJ5-alt-49_assembled/2LJ5-alt-125_assembled/2LJ5-alt-75_assembled/2LJ5-alt-119_assembled/2LJ5-alt-61_assembled/2MBH-alt-20_assembled/2MBH-alt-19_assembled/2MBH-alt-18_assembled/2MBH-alt-9_assembled/2MBH-alt-8_assembled/2MBH-alt-1_assembled/2MBH-alt-3_assembled/2MBH-alt-2_assembled/2MBH-alt-6_assembled/2MBH-alt-7_assembled/2MBH-alt-5_assembled/2MBH-alt-4_assembled/2MBH-alt-15_assembled/2MBH-alt-14_assembled/2MBH-alt-16_assembled/2MBH-alt-17_assembled/2MBH-alt-13_assembled/2MBH-alt-12_assembled/2MBH-alt-10_assembled/2MBH-alt-11_assembled,70.40674591064453,14.400308609008789
32,63.0,all,0.0,P62987,10.98218068535825,0.4559854490559748,/2LJ5-alt-78_assembled/2LJ5-alt-100_assembled/2LJ5-alt-114_assembled/2LJ5-alt-44_assembled/2LJ5-alt-50_assembled/2LJ5-alt-128_assembled/2LJ5-alt-87_assembled/2LJ5-alt-93_assembled/2LJ5-alt-276_assembled/2LJ5-alt-262_assembled/2LJ5-alt-289_assembled/2LJ5-alt-288_assembled/2LJ5-alt-263_assembled/2LJ5-alt-277_assembled/2LJ5-alt-92_assembled/2LJ5-alt-86_assembled/2LJ5-alt-129_assembled/2LJ5-alt-51_assembled/2LJ5-alt-45_assembled/2LJ5-alt-115_assembled/2LJ5-alt-101_assembled/2LJ5-alt-79_assembled/2LJ5-alt-117_assembled/2LJ5-alt-103_assembled/2LJ5-alt-53_assembled/2LJ5-alt-47_assembled/2LJ5-alt-90_assembled/2LJ5-alt-84_assembled/2LJ5-alt-301_assembled/2LJ5-alt-261_assembled/2LJ5-alt-275_assembled/2LJ5-alt-249_assembled/2LJ5-alt-248_assembled/2LJ5-alt-274_assembled/2LJ5-alt-260_assembled/2LJ5-alt-300_assembled/2LJ5-alt-85_assembled/2LJ5-alt-91_assembled/2LJ5-alt-46_assembled/2LJ5-alt-52_assembled/2LJ5-alt-102_assembled/2LJ5-alt-116_assembled/2LJ5-alt-56_assembled/2LJ5-alt-42_assembled/2LJ5-alt-112_assembled/2LJ5-alt-106_assembled/2LJ5-alt-95_assembled/2LJ5-alt-81_assembled/2LJ5-alt-258_assembled/2LJ5-alt-264_assembled/2LJ5-alt-270_assembled/2LJ5-alt-271_assembled/2LJ5-alt-265_assembled/2LJ5-alt-259_assembled/2LJ5-alt-80_assembled/2LJ5-alt-94_assembled/2LJ5-alt-107_assembled/2LJ5-alt-113_assembled/2LJ5-alt-43_assembled/2LJ5-alt-57_assembled/2LJ5-alt-139_assembled/2LJ5-alt-41_assembled/2LJ5-alt-55_assembled/2LJ5-alt-105_assembled/2LJ5-alt-111_assembled/2LJ5-alt-69_assembled/2LJ5-alt-82_assembled/2LJ5-alt-96_assembled/2LJ5-alt-273_assembled/2LJ5-alt-267_assembled/2LJ5-alt-298_assembled/2LJ5-alt-299_assembled/2LJ5-alt-266_assembled/2LJ5-alt-272_assembled/2LJ5-alt-97_assembled/2LJ5-alt-83_assembled/2LJ5-alt-68_assembled/2LJ5-alt-110_assembled/2LJ5-alt-104_assembled/2LJ5-alt-54_assembled/2LJ5-alt-40_assembled/2LJ5-alt-138_assembled/2LJ5-alt-163_assembled/2LJ5-alt-177_assembled/2LJ5-alt-27_assembled/2LJ5-alt-33_assembled/2LJ5-alt-188_assembled/2LJ5-alt-215_assembled/2LJ5-alt-201_assembled/2LJ5-alt-229_assembled/2LJ5-alt-3_assembled/2LJ5-alt-2_assembled/2LJ5-alt-228_assembled/2LJ5-alt-200_assembled/2LJ5-alt-214_assembled/2LJ5-alt-189_assembled/2LJ5-alt-32_assembled/2LJ5-alt-26_assembled/2LJ5-alt-176_assembled/2LJ5-alt-162_assembled/2LJ5-alt-174_assembled/2LJ5-alt-160_assembled/2LJ5-alt-18_assembled/2LJ5-alt-148_assembled/2LJ5-alt-30_assembled/2LJ5-alt-24_assembled/2LJ5-alt-202_assembled/2LJ5-alt-216_assembled/2LJ5-alt-1_assembled/2LJ5-alt-217_assembled/2LJ5-alt-203_assembled/2LJ5-alt-25_assembled/2LJ5-alt-31_assembled/2LJ5-alt-149_assembled/2LJ5-alt-19_assembled/2LJ5-alt-161_assembled/2LJ5-alt-175_assembled/2LJ5-alt-35_assembled/2LJ5-alt-21_assembled/2LJ5-alt-159_assembled/2LJ5-alt-171_assembled/2LJ5-alt-165_assembled/2LJ5-alt-207_assembled/2LJ5-alt-213_assembled/2LJ5-alt-5_assembled/2LJ5-alt-4_assembled/2LJ5-alt-212_assembled/2LJ5-alt-206_assembled/2LJ5-alt-164_assembled/2LJ5-alt-170_assembled/2LJ5-alt-158_assembled/2LJ5-alt-20_assembled/2LJ5-alt-34_assembled/2LJ5-alt-22_assembled/2LJ5-alt-36_assembled/2LJ5-alt-166_assembled/2LJ5-alt-172_assembled/2LJ5-alt-199_assembled/2LJ5-alt-238_assembled/2LJ5-alt-210_assembled/2LJ5-alt-204_assembled/2LJ5-alt-6_assembled/2LJ5-alt-7_assembled/2LJ5-alt-205_assembled/2LJ5-alt-211_assembled/2LJ5-alt-239_assembled/2LJ5-alt-198_assembled/2LJ5-alt-173_assembled/2LJ5-alt-167_assembled/2LJ5-alt-37_assembled/2LJ5-alt-23_assembled/2LJ5-alt-142_assembled/2LJ5-alt-156_assembled/2LJ5-alt-12_assembled/2LJ5-alt-181_assembled/2LJ5-alt-195_assembled/2LJ5-alt-234_assembled/2LJ5-alt-220_assembled/2LJ5-alt-208_assembled/2LJ5-alt-209_assembled/2LJ5-alt-221_assembled/2LJ5-alt-235_assembled/2LJ5-alt-194_assembled/2LJ5-alt-180_assembled/2LJ5-alt-13_assembled/2LJ5-alt-157_assembled/2LJ5-alt-143_assembled/2LJ5-alt-155_assembled/2LJ5-alt-39_assembled/2LJ5-alt-141_assembled/2LJ5-alt-11_assembled/2LJ5-alt-169_assembled/2LJ5-alt-196_assembled/2LJ5-alt-182_assembled/2LJ5-alt-223_assembled/2LJ5-alt-237_assembled/2LJ5-alt-9_assembled/2LJ5-alt-8_assembled/2LJ5-alt-236_assembled/2LJ5-alt-222_assembled/2LJ5-alt-183_assembled/2LJ5-alt-197_assembled/2LJ5-alt-168_assembled/2LJ5-alt-10_assembled/2LJ5-alt-140_assembled/2LJ5-alt-38_assembled/2LJ5-alt-154_assembled/2LJ5-alt-14_assembled/2LJ5-alt-178_assembled/2LJ5-alt-150_assembled/2LJ5-alt-28_assembled/2LJ5-alt-144_assembled/2LJ5-alt-193_assembled/2LJ5-alt-187_assembled/2LJ5-alt-226_assembled/2LJ5-alt-232_assembled/2LJ5-alt-233_assembled/2LJ5-alt-227_assembled/2LJ5-alt-186_assembled/2LJ5-alt-192_assembled/2LJ5-alt-145_assembled/2LJ5-alt-29_assembled/2LJ5-alt-151_assembled/2LJ5-alt-179_assembled/2LJ5-alt-15_assembled/2LJ5-alt-17_assembled/2LJ5-alt-147_assembled/2LJ5-alt-153_assembled/2LJ5-alt-184_assembled/2LJ5-alt-190_assembled/2LJ5-alt-219_assembled/2LJ5-alt-231_assembled/2LJ5-alt-225_assembled/2LJ5-alt-224_assembled/2LJ5-alt-230_assembled/2LJ5-alt-218_assembled/2LJ5-alt-191_assembled/2LJ5-alt-185_assembled/2LJ5-alt-152_assembled/2LJ5-alt-146_assembled/2LJ5-alt-16_assembled/2LJ5-alt-121_assembled/2LJ5-alt-59_assembled/2LJ5-alt-135_assembled/2LJ5-alt-65_assembled/2LJ5-alt-109_assembled/2LJ5-alt-71_assembled/2LJ5-alt-257_assembled/2LJ5-alt-243_assembled/2LJ5-alt-294_assembled/2LJ5-alt-280_assembled/2LJ5-alt-281_assembled/2LJ5-alt-295_assembled/2LJ5-alt-242_assembled/2LJ5-alt-256_assembled/2LJ5-alt-70_assembled/2LJ5-alt-108_assembled/2LJ5-alt-64_assembled/2LJ5-alt-134_assembled/2LJ5-alt-58_assembled/2LJ5-alt-120_assembled/2LJ5-alt-136_assembled/2LJ5-alt-122_assembled/2LJ5-alt-72_assembled/2LJ5-alt-66_assembled/2LJ5-alt-99_assembled/2LJ5-alt-240_assembled/2LJ5-alt-254_assembled/2LJ5-alt-268_assembled/2LJ5-alt-283_assembled/2LJ5-alt-297_assembled/2LJ5-alt-296_assembled/2LJ5-alt-282_assembled/2LJ5-alt-269_assembled/2LJ5-alt-255_assembled/2LJ5-alt-241_assembled/2LJ5-alt-98_assembled/2LJ5-alt-67_assembled/2LJ5-alt-73_assembled/2LJ5-alt-123_assembled/2LJ5-alt-137_assembled/2LJ5-alt-77_assembled/2LJ5-alt-63_assembled/2LJ5-alt-133_assembled/2LJ5-alt-127_assembled/2LJ5-alt-88_assembled/2LJ5-alt-279_assembled/2LJ5-alt-245_assembled/2LJ5-alt-251_assembled/2LJ5-alt-286_assembled/2LJ5-alt-292_assembled/2LJ5-alt-293_assembled/2LJ5-alt-287_assembled/2LJ5-alt-250_assembled/2LJ5-alt-244_assembled/2LJ5-alt-278_assembled/2LJ5-alt-89_assembled/2LJ5-alt-126_assembled/2LJ5-alt-132_assembled/2LJ5-alt-62_assembled/2LJ5-alt-76_assembled/2LJ5-alt-60_assembled/2LJ5-alt-118_assembled/2LJ5-alt-74_assembled/2LJ5-alt-124_assembled/2LJ5-alt-48_assembled/2LJ5-alt-130_assembled/2LJ5-alt-252_assembled/2LJ5-alt-246_assembled/2LJ5-alt-291_assembled/2LJ5-alt-285_assembled/2LJ5-alt-284_assembled/2LJ5-alt-290_assembled/2LJ5-alt-247_assembled/2LJ5-alt-253_assembled/2LJ5-alt-131_assembled/2LJ5-alt-49_assembled/2LJ5-alt-125_assembled/2LJ5-alt-75_assembled/2LJ5-alt-119_assembled/2LJ5-alt-61_assembled/2MBH-alt-20_assembled/2MBH-alt-19_assembled/2MBH-alt-18_assembled/2MBH-alt-9_assembled/2MBH-alt-8_assembled/2MBH-alt-1_assembled/2MBH-alt-3_assembled/2MBH-alt-2_assembled/2MBH-alt-6_assembled/2MBH-alt-7_assembled/2MBH-alt-5_assembled/2MBH-alt-4_assembled/2MBH-alt-15_assembled/2MBH-alt-14_assembled/2MBH-alt-16_assembled/2MBH-alt-17_assembled/2MBH-alt-13_assembled/2MBH-alt-12_assembled/2MBH-alt-10_assembled/2MBH-alt-11_assembled,72.95768737792969,12.236650466918945
33,8.0,all,92.43,Q9HB71,10.42,0.0,/AF-Q9HB71-F1-model_v1,85.25025939941406,0.0
34,14.0,all,92.99,Q9HB71,11.34,0.0,/AF-Q9HB71-F1-model_v1,58.7100830078125,0.0
35,19.0,all,93.08,Q9HB71,10.43,0.0,/AF-Q9HB71-F1-model_v1,94.63314819335938,0.0
36,23.0,all,92.78,Q9HB71,10.44,0.0,/AF-Q9HB71-F1-model_v1,88.06512451171875,0.0
37,33.0,all,92.02,Q9HB71,10.47,0.0,/AF-Q9HB71-F1-model_v1,57.23563003540039,0.0
38,35.0,all,90.93,Q9HB71,11.64,0.0,/AF-Q9HB71-F1-model_v1,70.77379608154297,0.0
39,41.0,all,87.59,Q9HB71,10.41,0.0,/AF-Q9HB71-F1-model_v1,74.79503631591797,0.0
40,43.0,all,82.57,Q9HB71,10.28,0.0,/AF-Q9HB71-F1-model_v1,60.05049514770508,0.0
41,74.0,all,94.06,Q9HB71,10.38,0.0,/AF-Q9HB71-F1-model_v1,112.9968032836914,0.0
42,85.0,all,97.52,Q9HB71,10.61,0.0,/AF-Q9HB71-F1-model_v1,80.5588150024414,0.0
43,88.0,all,98.16,Q9HB71,10.86,0.0,/AF-Q9HB71-F1-model_v1,43.027252197265625,0.0
44,118.0,all,94.09,Q9HB71,10.17,0.0,/AF-Q9HB71-F1-model_v1,48.656986236572266,0.0
45,123.0,all,91.82,Q9HB71,11.74,0.0,/AF-Q9HB71-F1-model_v1,54.8228874206543,0.0
46,134.0,all,96.89,Q9HB71,10.06,0.0,/AF-Q9HB71-F1-model_v1,51.73993682861328,0.0
47,143.0,all,97.17,Q9HB71,9.8,0.0,/AF-Q9HB71-F1-model_v1,52.678226470947266,0.0
48,144.0,all,96.72,Q9HB71,10.29,0.0,/AF-Q9HB71-F1-model_v1,93.02465057373047,0.0
49,146.0,all,95.62,Q9HB71,10.17,0.0,/AF-Q9HB71-F1-model_v1,92.35444641113281,0.0
50,156.0,all,98.16,Q9HB71,9.14,0.0,/AF-Q9HB71-F1-model_v1,4.155280113220215,0.0
51,157.0,all,97.21,Q9HB71,11.36,0.0,/AF-Q9HB71-F1-model_v1,62.7313232421875,0.0
52,171.0,all,92.02,Q9HB71,10.98,0.0,/AF-Q9HB71-F1-model_v1,58.44200134277344,0.0
53,174.0,all,86.11,Q9HB71,11.65,0.0,/AF-Q9HB71-F1-model_v1,65.81427001953125,0.0
54,176.0,all,75.74,Q9HB71,10.7,0.0,/AF-Q9HB71-F1-model_v1,95.1693115234375,0.0
55,212.0,all,76.83,Q9HB71,10.41,0.0,/AF-Q9HB71-F1-model_v1,64.47386169433594,0.0
56,25.0,all,91.83,P0DMV9,11.59,0.0,/AF-P0DMV9-F1-model_v1,76.40353393554688,0.0
57,56.0,all,96.77,P0DMV9,11.55,0.0,/AF-P0DMV9-F1-model_v1,35.789024353027344,0.0
58,71.0,all,94.2,P0DMV9,11.4,0.0,/AF-P0DMV9-F1-model_v1,18.631738662719727,0.0
59,77.0,all,90.85,P0DMV9,10.1,0.0,/AF-P0DMV9-F1-model_v1,76.939697265625,0.0
60,88.0,all,91.51,P0DMV9,10.32,0.0,/AF-P0DMV9-F1-model_v1,80.5588150024414,0.0
61,100.0,all,90.74,P0DMV9,10.33,0.0,/AF-P0DMV9-F1-model_v1,15.816871643066406,0.0
62,102.0,all,96.89,P0DMV9,12.12,0.0,/AF-P0DMV9-F1-model_v1,27.076339721679688,0.0
63,108.0,all,92.13,P0DMV9,12.03,0.0,/AF-P0DMV9-F1-model_v1,34.71669387817383,0.0
64,112.0,all,96.53,P0DMV9,9.75,0.0,/AF-P0DMV9-F1-model_v1,28.148670196533203,0.0
65,126.0,all,97.79,P0DMV9,10.99,0.0,/AF-P0DMV9-F1-model_v1,35.11881637573242,0.0
66,128.0,all,97.57,P0DMV9,9.52,0.0,/AF-P0DMV9-F1-model_v1,25.467844009399414,0.0
67,159.0,all,93.79,P0DMV9,10.08,0.0,/AF-P0DMV9-F1-model_v1,57.637752532958984,0.0
68,220.0,all,97.03,P0DMV9,11.09,0.0,/AF-P0DMV9-F1-model_v1,42.22300338745117,0.0
69,246.0,all,97.73,P0DMV9,11.51,0.0,/AF-P0DMV9-F1-model_v1,64.3398208618164,0.0
70,248.0,all,97.69,P0DMV9,11.03,0.0,/AF-P0DMV9-F1-model_v1,45.037872314453125,0.0
71,250.0,all,96.51,P0DMV9,10.24,0.0,/AF-P0DMV9-F1-model_v1,78.5481948852539,0.0
72,251.0,all,96.81,P0DMV9,11.3,0.0,/AF-P0DMV9-F1-model_v1,31.36566162109375,0.0
73,257.0,all,92.65,P0DMV9,9.74,0.0,/AF-P0DMV9-F1-model_v1,50.533565521240234,0.0
74,271.0,all,98.05,P0DMV9,11.25,0.0,/AF-P0DMV9-F1-model_v1,33.10819625854492,0.0
75,319.0,all,94.33,P0DMV9,10.73,0.0,/AF-P0DMV9-F1-model_v1,42.22300338745117,0.0
76,325.0,all,96.97,P0DMV9,10.42,0.0,/AF-P0DMV9-F1-model_v1,89.27149963378906,0.0
77,328.0,all,96.53,P0DMV9,9.71,0.0,/AF-P0DMV9-F1-model_v1,50.13144302368164,0.0
78,345.0,all,98.01,P0DMV9,10.17,0.0,/AF-P0DMV9-F1-model_v1,54.8228874206543,0.0
79,348.0,all,97.89,P0DMV9,10.71,0.0,/AF-P0DMV9-F1-model_v1,81.63114166259766,0.0
80,361.0,all,90.95,P0DMV9,10.05,0.0,/AF-P0DMV9-F1-model_v1,65.27810668945312,0.0
81,384.0,all,83.67,P0DMV9,10.45,0.0,/AF-P0DMV9-F1-model_v1,94.09698486328125,0.0
82,415.0,all,93.48,P0DMV9,10.4,0.0,/AF-P0DMV9-F1-model_v1,99.1905517578125,0.0
83,423.0,all,96.45,P0DMV9,10.56,0.0,/AF-P0DMV9-F1-model_v1,67.55680847167969,0.0
84,451.0,all,83.46,P0DMV9,10.7,0.0,/AF-P0DMV9-F1-model_v1,80.15669250488281,0.0
85,493.0,all,88.6,P0DMV9,11.42,0.0,/AF-P0DMV9-F1-model_v1,40.21238708496094,0.0
86,512.0,all,74.49,P0DMV9,10.56,0.0,/AF-P0DMV9-F1-model_v1,98.25226593017578,0.0
87,524.0,all,87.27,P0DMV9,10.68,0.0,/AF-P0DMV9-F1-model_v1,79.21839904785156,0.0
88,526.0,all,81.38,P0DMV9,10.78,0.0,/AF-P0DMV9-F1-model_v1,78.01203155517578,0.0
89,539.0,all,90.36,P0DMV9,10.25,0.0,/AF-P0DMV9-F1-model_v1,44.63574981689453,0.0
90,550.0,all,88.83,P0DMV9,10.54,0.0,/AF-P0DMV9-F1-model_v1,42.62512969970703,0.0
91,561.0,all,77.1,P0DMV9,10.38,0.0,/AF-P0DMV9-F1-model_v1,63.133445739746094,0.0
92,567.0,all,87.78,P0DMV9,10.4,0.0,/AF-P0DMV9-F1-model_v1,38.73793029785156,0.0
93,568.0,all,90.94,P0DMV9,10.67,0.0,/AF-P0DMV9-F1-model_v1,66.7525634765625,0.0
94,569.0,all,91.63,P0DMV9,10.45,0.0,/AF-P0DMV9-F1-model_v1,71.1759262084961,0.0
95,573.0,all,94.39,P0DMV9,12.03,0.0,/AF-P0DMV9-F1-model_v1,14.61050033569336,0.0
96,589.0,all,91.75,P0DMV9,11.78,0.0,/AF-P0DMV9-F1-model_v1,41.68684005737305,0.0
97,595.0,all,95.06,P0DMV9,11.06,0.0,/AF-P0DMV9-F1-model_v1,25.06572151184082,0.0
98,597.0,all,94.86,P0DMV9,10.57,0.0,/AF-P0DMV9-F1-model_v1,78.01203155517578,0.0
99,25.0,all,91.39,P0DMV8,11.61,0.0,/AF-P0DMV8-F1-model_v1,73.18653869628906,0.0
100,56.0,all,96.98,P0DMV8,11.68,0.0,/AF-P0DMV8-F1-model_v1,43.69746017456055,0.0
101,71.0,all,95.51,P0DMV8,11.31,0.0,/AF-P0DMV8-F1-model_v1,15.414748191833496,0.0
102,77.0,all,92.15,P0DMV8,10.34,0.0,/AF-P0DMV8-F1-model_v1,85.3843002319336,0.0
103,88.0,all,91.52,P0DMV8,10.33,0.0,/AF-P0DMV8-F1-model_v1,82.30135345458984,0.0
104,100.0,all,91.23,P0DMV8,10.15,0.0,/AF-P0DMV8-F1-model_v1,21.04448127746582,0.0
105,102.0,all,97.29,P0DMV8,10.89,0.0,/AF-P0DMV8-F1-model_v1,27.746545791625977,0.0
106,108.0,all,90.64,P0DMV8,12.12,0.0,/AF-P0DMV8-F1-model_v1,35.11881637573242,0.0
107,112.0,all,95.57,P0DMV8,11.19,0.0,/AF-P0DMV8-F1-model_v1,28.014629364013672,0.0
108,126.0,all,97.65,P0DMV8,11.0,0.0,/AF-P0DMV8-F1-model_v1,38.067726135253906,0.0
109,128.0,all,97.58,P0DMV8,9.38,0.0,/AF-P0DMV8-F1-model_v1,23.993391036987305,0.0
110,159.0,all,92.68,P0DMV8,10.03,0.0,/AF-P0DMV8-F1-model_v1,69.43338775634766,0.0
111,190.0,all,71.95,P0DMV8,9.96,0.0,/AF-P0DMV8-F1-model_v1,79.88860321044922,0.0
112,220.0,all,95.88,P0DMV8,11.05,0.0,/AF-P0DMV8-F1-model_v1,37.66559982299805,0.0
113,246.0,all,97.74,P0DMV8,11.76,0.0,/AF-P0DMV8-F1-model_v1,46.3782844543457,0.0
114,248.0,all,97.27,P0DMV8,11.03,0.0,/AF-P0DMV8-F1-model_v1,29.48908233642578,0.0
115,250.0,all,96.77,P0DMV8,10.19,0.0,/AF-P0DMV8-F1-model_v1,77.20777893066406,0.0
116,251.0,all,96.88,P0DMV8,11.46,0.0,/AF-P0DMV8-F1-model_v1,48.656986236572266,0.0
117,257.0,all,92.31,P0DMV8,9.76,0.0,/AF-P0DMV8-F1-model_v1,54.55480194091797,0.0
118,271.0,all,98.42,P0DMV8,11.24,0.0,/AF-P0DMV8-F1-model_v1,28.416751861572266,0.0
119,319.0,all,94.76,P0DMV8,10.76,0.0,/AF-P0DMV8-F1-model_v1,38.20176696777344,0.0
120,325.0,all,96.78,P0DMV8,10.42,0.0,/AF-P0DMV8-F1-model_v1,87.66300201416016,0.0
121,328.0,all,97.1,P0DMV8,9.76,0.0,/AF-P0DMV8-F1-model_v1,43.29533386230469,0.0
122,345.0,all,98.29,P0DMV8,10.37,0.0,/AF-P0DMV8-F1-model_v1,55.89521789550781,0.0
123,348.0,all,97.96,P0DMV8,11.43,0.0,/AF-P0DMV8-F1-model_v1,60.05049514770508,0.0
124,361.0,all,90.79,P0DMV8,10.03,0.0,/AF-P0DMV8-F1-model_v1,62.86536407470703,0.0
125,384.0,all,82.71,P0DMV8,10.45,0.0,/AF-P0DMV8-F1-model_v1,103.88199615478516,0.0
126,415.0,all,92.77,P0DMV8,10.38,0.0,/AF-P0DMV8-F1-model_v1,109.77981567382812,0.0
127,423.0,all,94.91,P0DMV8,10.56,0.0,/AF-P0DMV8-F1-model_v1,62.32919692993164,0.0
128,451.0,all,84.26,P0DMV8,10.59,0.0,/AF-P0DMV8-F1-model_v1,71.84613037109375,0.0
129,493.0,all,91.69,P0DMV8,11.36,0.0,/AF-P0DMV8-F1-model_v1,36.32518768310547,0.0
130,497.0,all,82.47,P0DMV8,10.22,0.0,/AF-P0DMV8-F1-model_v1,42.75917053222656,0.0
131,500.0,all,73.15,P0DMV8,10.4,0.0,/AF-P0DMV8-F1-model_v1,91.4161605834961,0.0
132,512.0,all,80.19,P0DMV8,11.58,0.0,/AF-P0DMV8-F1-model_v1,84.17792510986328,0.0
133,524.0,all,87.23,P0DMV8,10.62,0.0,/AF-P0DMV8-F1-model_v1,82.70347595214844,0.0
134,526.0,all,81.0,P0DMV8,10.64,0.0,/AF-P0DMV8-F1-model_v1,116.74996185302734,0.0
135,539.0,all,90.13,P0DMV8,10.28,0.0,/AF-P0DMV8-F1-model_v1,51.87397766113281,0.0
136,550.0,all,88.93,P0DMV8,10.59,0.0,/AF-P0DMV8-F1-model_v1,49.72931671142578,0.0
137,561.0,all,77.97,P0DMV8,10.39,0.0,/AF-P0DMV8-F1-model_v1,65.54618835449219,0.0
138,567.0,all,89.53,P0DMV8,10.45,0.0,/AF-P0DMV8-F1-model_v1,37.531558990478516,0.0
139,568.0,all,92.29,P0DMV8,10.68,0.0,/AF-P0DMV8-F1-model_v1,72.24825286865234,0.0
140,569.0,all,93.02,P0DMV8,10.44,0.0,/AF-P0DMV8-F1-model_v1,75.86737060546875,0.0
141,573.0,all,95.48,P0DMV8,12.04,0.0,/AF-P0DMV8-F1-model_v1,12.867963790893555,0.0
142,589.0,all,89.87,P0DMV8,11.8,0.0,/AF-P0DMV8-F1-model_v1,49.997398376464844,0.0
143,595.0,all,95.13,P0DMV8,11.1,0.0,/AF-P0DMV8-F1-model_v1,24.797637939453125,0.0
144,597.0,all,94.93,P0DMV8,10.57,0.0,/AF-P0DMV8-F1-model_v1,82.5694351196289,0.0
145,28.0,all,2.553888888888889,P10809,10.836388888888889,0.19950156143718029,/AF-P10809-F1-model_v1/6MRD-alt-1_assembled/4PJ1-alt-1_assembled/6MRC-alt-1_assembled,71.72696685791016,9.8377685546875
146,31.0,all,94.58,P10809,10.52,0.0,/AF-P10809-F1-model_v1,45.97616195678711,0.0
147,58.0,all,2.645277777777778,P10809,10.139166666666668,0.09813620272720089,/AF-P10809-F1-model_v1/6MRD-alt-1_assembled/4PJ1-alt-1_assembled/6MRC-alt-1_assembled,64.91694641113281,7.721643447875977
148,72.0,all,2.538888888888889,P10809,10.522222222222222,0.295345909653759,/AF-P10809-F1-model_v1/6MRD-alt-1_assembled/4PJ1-alt-1_assembled/6MRC-alt-1_assembled,31.11619758605957,7.201694488525391
149,75.0,all,91.61,P10809,8.35,0.0,/AF-P10809-F1-model_v1,16.0849552154541,0.0
150,82.0,all,92.53,P10809,10.17,0.0,/AF-P10809-F1-model_v1,71.71208953857422,0.0
151,87.0,all,95.2,P10809,10.45,0.0,/AF-P10809-F1-model_v1,95.70547485351562,0.0
152,89.0,all,94.87,P10809,10.41,0.0,/AF-P10809-F1-model_v1,73.18653869628906,0.0
153,91.0,all,96.66,P10809,10.33,0.0,/AF-P10809-F1-model_v1,40.34642791748047,0.0
154,96.0,all,95.89,P10809,11.29,0.0,/AF-P10809-F1-model_v1,54.55480194091797,0.0
155,125.0,all,95.9,P10809,10.8,0.0,/AF-P10809-F1-model_v1,71.71208953857422,0.0
156,130.0,all,91.29,P10809,10.31,0.0,/AF-P10809-F1-model_v1,49.72931671142578,0.0
157,133.0,all,2.019722222222222,P10809,10.588888888888883,0.09013570016616314,/AF-P10809-F1-model_v1/6MRD-alt-1_assembled/4PJ1-alt-1_assembled/6MRC-alt-1_assembled,69.81688690185547,8.231122016906738
158,156.0,all,2.6661111111111113,P10809,10.382500000000002,0.12378264360217431,/AF-P10809-F1-model_v1/6MRD-alt-1_assembled/4PJ1-alt-1_assembled/6MRC-alt-1_assembled,78.5258560180664,10.31729793548584
159,157.0,all,96.82,P10809,11.04,0.0,/AF-P10809-F1-model_v1,74.9290771484375,0.0
160,160.0,all,94.65,P10809,10.37,0.0,/AF-P10809-F1-model_v1,96.24164581298828,0.0
161,180.0,all,94.23,P10809,10.32,0.0,/AF-P10809-F1-model_v1,101.06713104248047,0.0
162,191.0,all,89.34,P10809,10.91,0.0,/AF-P10809-F1-model_v1,49.32719421386719,0.0
163,192.0,all,86.42,P10809,10.38,0.0,/AF-P10809-F1-model_v1,69.83551025390625,0.0
164,196.0,all,71.91,P10809,10.47,0.0,/AF-P10809-F1-model_v1,122.51373291015625,0.0
165,202.0,all,82.48,P10809,10.28,0.0,/AF-P10809-F1-model_v1,88.86936950683594,0.0
166,205.0,all,83.9,P10809,10.42,0.0,/AF-P10809-F1-model_v1,105.222412109375,0.0
167,218.0,all,85.96,P10809,11.82,0.0,/AF-P10809-F1-model_v1,34.18052673339844,0.0
168,233.0,all,80.61,P10809,10.47,0.0,/AF-P10809-F1-model_v1,91.95232391357422,0.0
169,236.0,all,86.56,P10809,10.53,0.0,/AF-P10809-F1-model_v1,47.45061492919922,0.0
170,249.0,all,92.42,P10809,10.48,0.0,/AF-P10809-F1-model_v1,73.58866882324219,0.0
171,250.0,all,93.81,P10809,10.78,0.0,/AF-P10809-F1-model_v1,62.59728240966797,0.0
172,269.0,all,93.24,P10809,10.48,0.0,/AF-P10809-F1-model_v1,48.522945404052734,0.0
173,292.0,all,91.54,P10809,10.34,0.0,/AF-P10809-F1-model_v1,72.11421203613281,0.0
174,301.0,all,96.91,P10809,11.23,0.0,/AF-P10809-F1-model_v1,51.47185516357422,0.0
175,310.0,all,93.62,P10809,12.46,0.0,/AF-P10809-F1-model_v1,36.86135482788086,0.0
176,314.0,all,93.5,P10809,10.97,0.0,/AF-P10809-F1-model_v1,49.72931671142578,0.0
177,344.0,all,95.56,P10809,10.27,0.0,/AF-P10809-F1-model_v1,54.95692825317383,0.0
178,352.0,all,92.49,P10809,10.75,0.0,/AF-P10809-F1-model_v1,82.70347595214844,0.0
179,359.0,all,84.35,P10809,10.64,0.0,/AF-P10809-F1-model_v1,102.13945770263672,0.0
180,361.0,all,90.03,P10809,11.44,0.0,/AF-P10809-F1-model_v1,59.38029098510742,0.0
181,364.0,all,89.29,P10809,10.53,0.0,/AF-P10809-F1-model_v1,106.02665710449219,0.0
182,369.0,all,94.46,P10809,10.49,0.0,/AF-P10809-F1-model_v1,92.62252807617188,0.0
183,387.0,all,83.42,P10809,10.76,0.0,/AF-P10809-F1-model_v1,51.33781433105469,0.0
184,389.0,all,86.02,P10809,12.61,0.0,/AF-P10809-F1-model_v1,28.148670196533203,0.0
185,396.0,all,80.69,P10809,10.1,0.0,/AF-P10809-F1-model_v1,27.478464126586914,0.0
186,405.0,all,89.18,P10809,11.5,0.0,/AF-P10809-F1-model_v1,47.048492431640625,0.0
187,417.0,all,91.98,P10809,11.23,0.0,/AF-P10809-F1-model_v1,26.272092819213867,0.0
188,418.0,all,89.46,P10809,11.23,0.0,/AF-P10809-F1-model_v1,59.112205505371094,0.0
189,462.0,all,96.12,P10809,11.39,0.0,/AF-P10809-F1-model_v1,52.678226470947266,0.0
190,469.0,all,2.6963888888888885,P10809,10.245555555555557,0.3644286678737748,/AF-P10809-F1-model_v1/6MRD-alt-1_assembled/4PJ1-alt-1_assembled/6MRC-alt-1_assembled,64.44033813476562,9.6550874710083
191,473.0,all,97.95,P10809,9.75,0.0,/AF-P10809-F1-model_v1,34.448612213134766,0.0
192,481.0,all,97.27,P10809,10.33,0.0,/AF-P10809-F1-model_v1,90.47786712646484,0.0
193,493.0,all,96.38,P10809,10.18,0.0,/AF-P10809-F1-model_v1,63.669612884521484,0.0
194,516.0,all,93.61,P10809,10.73,0.0,/AF-P10809-F1-model_v1,62.32919692993164,0.0
195,523.0,all,96.34,P10809,11.28,0.0,/AF-P10809-F1-model_v1,34.046485900878906,0.0
196,551.0,all,72.53,P10809,10.61,0.0,/AF-P10809-F1-model_v1,67.28872680664062,0.0
197,4.0,all,0.0,P10809,10.093714285714285,0.0939363274428236,/6MRD-alt-1_assembled/4PJ1-alt-1_assembled/6MRC-alt-1_assembled,18.290891647338867,5.588785171508789
198,7.0,all,0.0,P10809,10.92571428571428,0.40888144200176824,/6MRD-alt-1_assembled/4PJ1-alt-1_assembled/6MRC-alt-1_assembled,29.1444034576416,4.7399983406066895
199,34.0,all,0.0,P10809,9.92114285714286,0.05784214973282282,/6MRD-alt-1_assembled/4PJ1-alt-1_assembled/6MRC-alt-1_assembled,17.241539001464844,3.0892999172210693
200,48.0,all,0.0,P10809,10.344857142857148,0.3532485496291897,/6MRD-alt-1_assembled/4PJ1-alt-1_assembled/6MRC-alt-1_assembled,38.44303894042969,6.746059417724609
201,51.0,all,0.0,P10809,8.628857142857143,0.15236896836629304,/6MRD-alt-1_assembled/4PJ1-alt-1_assembled/6MRC-alt-1_assembled,24.26913070678711,3.159299612045288
202,63.0,all,0.0,P10809,10.190571428571426,0.07427860340885328,/6MRD-alt-1_assembled/4PJ1-alt-1_assembled/6MRC-alt-1_assembled,78.27629089355469,7.855838298797607
203,65.0,all,0.0,P10809,10.693428571428573,0.07940746953837148,/6MRD-alt-1_assembled/4PJ1-alt-1_assembled/6MRC-alt-1_assembled,41.054927825927734,4.409790515899658
204,67.0,all,0.0,P10809,10.312285714285714,0.06575738447843954,/6MRD-alt-1_assembled/4PJ1-alt-1_assembled/6MRC-alt-1_assembled,39.603450775146484,3.6573643684387207
205,101.0,all,0.0,P10809,10.74314285714286,0.2829754866599227,/6MRD-alt-1_assembled/4PJ1-alt-1_assembled/6MRC-alt-1_assembled,54.658206939697266,4.505871295928955
206,106.0,all,0.0,P10809,9.26257142857143,0.6572059523966186,/6MRD-alt-1_assembled/4PJ1-alt-1_assembled/6MRC-alt-1_assembled,35.9268913269043,7.61398983001709
207,109.0,all,0.0,P10809,10.571142857142856,0.5542603520143993,/6MRD-alt-1_assembled/4PJ1-alt-1_assembled/6MRC-alt-1_assembled,49.18166732788086,22.738998413085938
208,132.0,all,0.0,P10809,10.039142857142856,0.10001092377310357,/6MRD-alt-1_assembled/4PJ1-alt-1_assembled/6MRC-alt-1_assembled,55.91053771972656,11.40499496459961
209,136.0,all,0.0,P10809,10.125428571428571,0.0746104730522172,/6MRD-alt-1_assembled/4PJ1-alt-1_assembled/6MRC-alt-1_assembled,52.11141586303711,8.145832061767578
210,167.0,all,0.0,P10809,11.011142857142858,0.2721566528627935,/6MRD-alt-1_assembled/4PJ1-alt-1_assembled/6MRC-alt-1_assembled,54.397789001464844,7.4173264503479
211,168.0,all,0.0,P10809,10.33628571428572,0.03218382076956838,/6MRD-alt-1_assembled/4PJ1-alt-1_assembled/6MRC-alt-1_assembled,56.74542236328125,5.313331604003906
212,172.0,all,0.0,P10809,10.317142857142853,0.08064342096251752,/6MRD-alt-1_assembled/4PJ1-alt-1_assembled/6MRC-alt-1_assembled,79.68563079833984,7.00368070602417
213,178.0,all,0.0,P10809,9.98714285714286,0.23397550687011265,/6MRD-alt-1_assembled/4PJ1-alt-1_assembled/6MRC-alt-1_assembled,62.08027267456055,10.653400421142578
214,181.0,all,0.0,P10809,10.615428571428568,0.19546840962074627,/6MRD-alt-1_assembled/4PJ1-alt-1_assembled/6MRC-alt-1_assembled,84.28514862060547,6.680963039398193
215,194.0,all,0.0,P10809,11.045999999999998,0.4118694824677293,/6MRD-alt-1_assembled/4PJ1-alt-1_assembled/6MRC-alt-1_assembled,31.44991683959961,12.22640609741211
216,209.0,all,0.0,P10809,10.509714285714288,0.06608754062007531,/6MRD-alt-1_assembled/4PJ1-alt-1_assembled/6MRC-alt-1_assembled,71.77335357666016,11.747254371643066
217,212.0,all,0.0,P10809,10.381142857142855,0.13592323587385705,/6MRD-alt-1_assembled/4PJ1-alt-1_assembled/6MRC-alt-1_assembled,44.09575271606445,4.5865864753723145
218,225.0,all,0.0,P10809,10.043714285714284,0.5152046179134344,/6MRD-alt-1_assembled/4PJ1-alt-1_assembled/6MRC-alt-1_assembled,60.870059967041016,9.226239204406738
219,226.0,all,0.0,P10809,10.824285714285717,0.0731752816785798,/6MRD-alt-1_assembled/4PJ1-alt-1_assembled/6MRC-alt-1_assembled,55.906707763671875,7.80677604675293
220,245.0,all,0.0,P10809,10.701142857142859,0.19081514658974846,/6MRD-alt-1_assembled/4PJ1-alt-1_assembled/6MRC-alt-1_assembled,43.743404388427734,6.4007086753845215
221,268.0,all,0.0,P10809,10.031714285714285,0.3620081711320706,/6MRD-alt-1_assembled/4PJ1-alt-1_assembled/6MRC-alt-1_assembled,52.793121337890625,16.23482894897461
222,277.0,all,0.0,P10809,10.12342857142857,0.2648522657805208,/6MRD-alt-1_assembled/4PJ1-alt-1_assembled/6MRC-alt-1_assembled,39.097930908203125,12.024568557739258
223,286.0,all,0.0,P10809,10.548000000000002,0.46103974563894556,/6MRD-alt-1_assembled/4PJ1-alt-1_assembled/6MRC-alt-1_assembled,40.262176513671875,7.912716388702393
224,290.0,all,0.0,P10809,9.669142857142859,0.5438661785476896,/6MRD-alt-1_assembled/4PJ1-alt-1_assembled/6MRC-alt-1_assembled,54.681190490722656,8.71825885772705
225,320.0,all,0.0,P10809,9.778000000000004,0.4156907787399329,/6MRD-alt-1_assembled/4PJ1-alt-1_assembled/6MRC-alt-1_assembled,50.67909622192383,13.705578804016113
226,328.0,all,0.0,P10809,10.138571428571426,0.36672752232447997,/6MRD-alt-1_assembled/4PJ1-alt-1_assembled/6MRC-alt-1_assembled,54.92245864868164,10.08696174621582
227,335.0,all,0.0,P10809,10.499714285714278,0.057725807985363066,/6MRD-alt-1_assembled/4PJ1-alt-1_assembled/6MRC-alt-1_assembled,68.70957946777344,12.133479118347168
228,337.0,all,0.0,P10809,10.078000000000001,0.07303504396561168,/6MRD-alt-1_assembled/4PJ1-alt-1_assembled/6MRC-alt-1_assembled,58.15476608276367,8.10362434387207
229,340.0,all,0.0,P10809,10.453428571428569,0.05263318440718137,/6MRD-alt-1_assembled/4PJ1-alt-1_assembled/6MRC-alt-1_assembled,81.68093872070312,5.704248428344727
230,345.0,all,0.0,P10809,10.326285714285712,0.3741978535660583,/6MRD-alt-1_assembled/4PJ1-alt-1_assembled/6MRC-alt-1_assembled,66.4538345336914,15.608695983886719
231,363.0,all,0.0,P10809,10.23028571428571,0.3872488614215269,/6MRD-alt-1_assembled/4PJ1-alt-1_assembled/6MRC-alt-1_assembled,49.48421859741211,14.236261367797852
232,365.0,all,0.0,P10809,10.438285714285714,0.42138766358925367,/6MRD-alt-1_assembled/4PJ1-alt-1_assembled/6MRC-alt-1_assembled,44.67787551879883,15.490897178649902
233,372.0,all,0.0,P10809,9.462857142857143,0.5002679954053535,/6MRD-alt-1_assembled/4PJ1-alt-1_assembled/6MRC-alt-1_assembled,26.038475036621094,11.00019645690918
234,381.0,all,0.0,P10809,11.323142857142859,0.22555515079558733,/6MRD-alt-1_assembled/4PJ1-alt-1_assembled/6MRC-alt-1_assembled,30.82183265686035,8.690330505371094
235,393.0,all,0.0,P10809,10.608285714285712,0.19971281902780716,/6MRD-alt-1_assembled/4PJ1-alt-1_assembled/6MRC-alt-1_assembled,33.08522033691406,3.8950042724609375
236,394.0,all,0.0,P10809,11.188285714285708,0.07849637362495723,/6MRD-alt-1_assembled/4PJ1-alt-1_assembled/6MRC-alt-1_assembled,28.11802864074707,6.237143516540527
237,438.0,all,0.0,P10809,10.751999999999995,0.07813261727571204,/6MRD-alt-1_assembled/4PJ1-alt-1_assembled/6MRC-alt-1_assembled,55.133094787597656,11.180473327636719
238,445.0,all,0.0,P10809,11.648285714285711,0.2808546380800795,/6MRD-alt-1_assembled/4PJ1-alt-1_assembled/6MRC-alt-1_assembled,25.207420349121094,6.193600654602051
239,449.0,all,0.0,P10809,9.849428571428573,0.5065334485044218,/6MRD-alt-1_assembled/4PJ1-alt-1_assembled/6MRC-alt-1_assembled,27.823137283325195,10.55864143371582
240,457.0,all,0.0,P10809,9.610285714285716,0.5837227671656835,/6MRD-alt-1_assembled/4PJ1-alt-1_assembled/6MRC-alt-1_assembled,74.29335021972656,4.266139507293701
241,492.0,all,0.0,P10809,10.665142857142854,0.03319916977801637,/6MRD-alt-1_assembled/4PJ1-alt-1_assembled/6MRC-alt-1_assembled,58.09733581542969,6.217983245849609
242,499.0,all,0.0,P10809,11.06742857142857,0.2598907333425161,/6MRD-alt-1_assembled/4PJ1-alt-1_assembled/6MRC-alt-1_assembled,25.375930786132812,3.5267906188964844
243,527.0,all,0.0,P10809,10.408095238095237,0.10777843233314607,/6MRD-alt-1_assembled/6MRC-alt-1_assembled,64.89513397216797,9.091151237487793
244,8.0,all,0.0,P10809,10.510000000000003,0.15156051014460875,/6MRD-alt-1_assembled/4PJ1-alt-1_assembled/6MRC-alt-1_assembled,62.551326751708984,10.077611923217773
245,36.0,all,0.0,P10809,10.438285714285715,0.2957093735637161,/6MRD-alt-1_assembled/4PJ1-alt-1_assembled/6MRC-alt-1_assembled,71.86911010742188,16.01140594482422
246,40.0,all,0.0,P10809,9.949714285714283,0.1816183087797969,/6MRD-alt-1_assembled/4PJ1-alt-1_assembled/6MRC-alt-1_assembled,63.784515380859375,8.0831880569458
247,54.0,all,0.0,P10809,10.064,0.46150775915980613,/6MRD-alt-1_assembled/4PJ1-alt-1_assembled/6MRC-alt-1_assembled,42.96980667114258,10.295766830444336
248,56.0,all,0.0,P10809,10.173714285714286,0.11535331184938663,/6MRD-alt-1_assembled/4PJ1-alt-1_assembled/6MRC-alt-1_assembled,33.1771354675293,14.606280326843262
249,66.0,all,0.0,P10809,10.882571428571426,0.34689668624011083,/6MRD-alt-1_assembled/4PJ1-alt-1_assembled/6MRC-alt-1_assembled,70.11890411376953,7.895447254180908
250,70.0,all,0.0,P10809,10.509142857142862,0.21021517587478603,/6MRD-alt-1_assembled/4PJ1-alt-1_assembled/6MRC-alt-1_assembled,58.943702697753906,10.677193641662598
251,80.0,all,0.0,P10809,10.954857142857147,0.10033389634765776,/6MRD-alt-1_assembled/4PJ1-alt-1_assembled/6MRC-alt-1_assembled,51.04291915893555,5.6331868171691895
252,86.0,all,0.0,P10809,11.366857142857139,0.4900406431437837,/6MRD-alt-1_assembled/4PJ1-alt-1_assembled/6MRC-alt-1_assembled,49.874855041503906,6.851576328277588
253,99.0,all,0.0,P10809,10.191999999999998,0.3855843540882423,/6MRD-alt-1_assembled/4PJ1-alt-1_assembled/6MRC-alt-1_assembled,27.114639282226562,4.428683757781982
254,323.0,all,0.0,P10809,10.622142857142858,0.20573240915282237,/4PJ1-alt-1_assembled,44.23362350463867,8.466094970703125
255,103.0,all,0.0,P10809,10.52,0.14023789311975116,/4PJ1-alt-1_assembled,79.31893157958984,6.181783199310303
256,17.0,all,0.0,P63261,9.953999999999999,0.0350713558335004,/5JLH-alt-1_assembled,21.661073684692383,2.0074892044067383
257,49.0,all,0.0,P63261,10.540000000000001,0.10368220676663871,/5JLH-alt-1_assembled,67.07426452636719,4.9835591316223145
258,60.0,all,0.0,P63261,11.084000000000001,0.2756446988425498,/5JLH-alt-1_assembled,47.155723571777344,15.225757598876953
259,67.0,all,0.0,P63261,10.272000000000002,0.06610597552415381,/5JLH-alt-1_assembled,65.572998046875,6.283806800842285
260,83.0,all,0.0,P63261,10.053999999999998,0.015165750888103482,/5JLH-alt-1_assembled,38.71112060546875,3.3822529315948486
261,112.0,all,0.0,P63261,9.690000000000001,0.31882597133859697,/5JLH-alt-1_assembled,46.27104949951172,10.06309986114502
262,117.0,all,0.0,P63261,10.166,0.005477225575051544,/5JLH-alt-1_assembled,48.44252014160156,3.2539196014404297
263,190.0,all,0.0,P63261,9.026000000000002,0.5798965424970218,/5JLH-alt-1_assembled,66.75255584716797,12.157550811767578
264,212.0,all,0.0,P63261,9.258,0.025884358211089017,/5JLH-alt-1_assembled,12.465840339660645,0.8635003566741943
265,214.0,all,0.0,P63261,10.584,0.02073644135332728,/5JLH-alt-1_assembled,47.69188690185547,3.7548305988311768
266,237.0,all,0.0,P63261,9.144,0.1457051817884315,/5JLH-alt-1_assembled,56.56542205810547,9.10149097442627
267,283.0,all,0.0,P63261,10.112,0.11278297743897372,/5JLH-alt-1_assembled,57.0479736328125,9.473219871520996
268,290.0,all,0.0,P63261,10.645999999999999,0.29125590122776973,/5JLH-alt-1_assembled,71.28315734863281,4.017215251922607
269,314.0,all,0.0,P63261,9.85,0.061237243569579526,/5JLH-alt-1_assembled,44.555320739746094,2.858570098876953
270,325.0,all,0.0,P63261,10.361999999999998,0.02167948338867891,/5JLH-alt-1_assembled,101.2815933227539,3.386497735977173
271,327.0,all,0.0,P63261,10.092000000000002,0.0044721359549994835,/5JLH-alt-1_assembled,81.47029113769531,8.118852615356445
272,335.0,all,0.0,P63261,9.861999999999998,0.004472135954999484,/5JLH-alt-1_assembled,44.903831481933594,1.3537514209747314
273,358.0,all,0.0,P63261,11.443999999999999,0.005477225575051544,/5JLH-alt-1_assembled,27.1031494140625,1.361690640449524
274,372.0,all,0.0,P63261,10.768,0.030331501776206495,/5JLH-alt-1_assembled,47.79912185668945,1.9530513286590576
275,19.0,all,0.0,Q99832,10.185,0.28991378028648457,/6NR8-alt-1_assembled,43.161293029785156,5.876452445983887
276,26.0,all,0.0,Q99832,9.55,0.0,/6NR8-alt-1_assembled,47.048492431640625,0.0
277,28.0,all,0.0,Q99832,10.58,0.0,/6NR8-alt-1_assembled,70.10359191894531,0.0
278,41.0,all,0.0,Q99832,9.476666666666667,1.193077253715506,/6NR8-alt-1_assembled,14.521140098571777,13.112317085266113
279,42.0,all,0.0,Q99832,9.696666666666665,0.26545558322752705,/6NR8-alt-1_assembled,32.08054733276367,14.560527801513672
280,73.0,all,0.0,Q99832,10.533333333333333,0.23437861108329333,/6NR8-alt-1_assembled,27.121023178100586,20.939777374267578
281,83.0,all,0.0,Q99832,9.64,0.0,/6NR8-alt-1_assembled,63.53556823730469,0.0
282,85.0,all,0.0,Q99832,10.83,0.0,/6NR8-alt-1_assembled,62.19515609741211,0.0
283,90.0,all,0.0,Q99832,10.61,0.0,/6NR8-alt-1_assembled,46.78041076660156,0.0
284,92.0,all,0.0,Q99832,10.475000000000001,0.2192031021678301,/6NR8-alt-1_assembled,54.21969985961914,11.089436531066895
285,97.0,all,0.0,Q99832,8.84,0.0,/6NR8-alt-1_assembled,10.589262008666992,0.0
286,98.0,all,0.0,Q99832,10.45,0.0,/6NR8-alt-1_assembled,35.386898040771484,0.0
287,106.0,all,0.0,Q99832,9.3125,1.5687229413337038,/6NR8-alt-1_assembled,34.68318176269531,18.61368751525879
288,43.0,all,0.0,Q99832,9.7725,0.9320720644528158,/6NR8-alt-1_assembled,20.240234375,21.454143524169922
289,62.0,all,0.0,Q99832,10.443333333333333,0.23459184413217155,/6NR8-alt-1_assembled,43.38469314575195,8.065157890319824
290,69.0,all,0.0,Q99832,11.49,0.0,/6NR8-alt-1_assembled,34.448612213134766,0.0
291,84.0,all,0.0,Q99832,10.225714285714286,0.7882651233956154,/6NR8-alt-1_assembled,45.97616195678711,15.410085678100586
292,94.0,all,0.0,Q99832,9.979999999999999,0.4132795663954366,/6NR8-alt-1_assembled,14.521140098571777,10.917852401733398
293,99.0,all,0.0,Q99832,10.55,0.0,/6NR8-alt-1_assembled,73.58866882324219,0.0
294,111.0,all,0.0,Q99832,8.596666666666666,2.67978232946882,/6NR8-alt-1_assembled,23.457223892211914,21.08030891418457
295,113.0,all,0.0,Q99832,9.67,0.0,/6NR8-alt-1_assembled,29.48908233642578,0.0
296,121.0,all,0.0,Q99832,10.48,0.0,/6NR8-alt-1_assembled,45.30595397949219,0.0
297,51.0,all,0.0,Q99832,10.58,0.0,/6NR8-alt-1_assembled,73.32058715820312,0.0
298,52.0,all,0.0,Q99832,9.8,0.0,/6NR8-alt-1_assembled,14.61050033569336,0.0
299,59.0,all,0.0,Q99832,8.222,1.1871267834565944,/6NR8-alt-1_assembled,10.079904556274414,12.685647010803223
300,61.0,all,0.0,Q99832,10.56,0.0,/6NR8-alt-1_assembled,64.3398208618164,0.0
301,70.0,all,0.0,Q99832,9.52,0.0,/6NR8-alt-1_assembled,44.76979064941406,0.0
302,71.0,all,0.0,Q99832,10.35,0.0,/6NR8-alt-1_assembled,36.057106018066406,0.0
303,75.0,all,0.0,Q99832,9.985,0.09192388155425173,/6NR8-alt-1_assembled,45.77510070800781,23.411029815673828
304,82.0,all,0.0,Q99832,10.173333333333334,0.7894512862319844,/6NR8-alt-1_assembled,33.912445068359375,13.743644714355469
305,89.0,all,0.0,Q99832,10.49,0.07549834435270765,/6NR8-alt-1_assembled,37.844322204589844,2.3422091007232666
306,93.0,all,0.0,Q99832,8.84,0.0,/6NR8-alt-1_assembled,9.516931533813477,0.0
307,95.0,all,0.0,Q99832,10.77,0.0,/6NR8-alt-1_assembled,52.142059326171875,0.0
308,114.0,all,0.0,Q99832,8.59,0.0,/6NR8-alt-1_assembled,43.83150100708008,0.0
309,122.0,all,0.0,Q99832,10.43,0.8363412381717563,/6NR8-alt-1_assembled,35.58796310424805,10.84133529663086
310,146.0,all,0.0,Q99832,10.41,0.0,/6NR8-alt-1_assembled,70.9078369140625,0.0
311,153.0,all,0.0,Q99832,10.49,0.3291656118126554,/6NR8-alt-1_assembled,46.88764190673828,8.785788536071777
312,22.0,all,0.0,Q99832,9.56,0.0,/6NR8-alt-1_assembled,20.508316040039062,0.0
313,25.0,all,0.0,Q99832,9.584999999999999,0.7831772894221762,/6NR8-alt-1_assembled,45.54052734375,17.84423828125
314,37.0,all,0.0,Q99832,10.4775,0.4807199461918202,/6NR8-alt-1_assembled,53.21438980102539,7.386474132537842
315,44.0,all,0.0,Q99832,9.455,0.5927056605094976,/6NR8-alt-1_assembled,24.294981002807617,19.214052200317383
316,45.0,all,0.0,Q99832,9.476666666666667,0.7876759062795642,/6NR8-alt-1_assembled,25.825286865234375,38.35416030883789
317,91.0,all,0.0,Q99832,11.23,0.0,/6NR8-alt-1_assembled,13.404129028320312,0.0
318,116.0,all,0.0,Q99832,10.015,0.007071067811865324,/6NR8-alt-1_assembled,49.260169982910156,4.075604438781738
319,47.0,all,0.0,Q99832,9.076666666666666,0.5093459858812408,/6NR8-alt-1_assembled,16.353036880493164,9.007733345031738
320,55.0,all,0.0,Q99832,9.494285714285715,1.0149689181260209,/6NR8-alt-1_assembled,39.791114807128906,26.170387268066406
321,60.0,all,0.0,Q99832,9.61,0.0,/6NR8-alt-1_assembled,22.92106056213379,0.0
322,100.0,all,0.0,Q99832,9.59,0.0,/6NR8-alt-1_assembled,20.508316040039062,0.0
323,104.0,all,0.0,Q99832,10.626666666666667,0.7700865752195231,/6NR8-alt-1_assembled,45.26127243041992,9.201457977294922
324,112.0,all,0.0,Q99832,10.37,0.0,/6NR8-alt-1_assembled,72.24825286865234,0.0
325,124.0,all,0.0,Q99832,11.22,0.0,/6NR8-alt-1_assembled,34.98477554321289,0.0
326,128.0,all,0.0,Q99832,10.340000000000002,0.2986636904613619,/6NR8-alt-1_assembled,34.493289947509766,22.850927352905273
327,15.0,all,0.0,Q99832,10.465,0.09192388155425048,/6NR8-alt-1_assembled,44.83681106567383,6.539923191070557
328,21.0,all,0.0,Q99832,10.343333333333334,0.13650396819628863,/6NR8-alt-1_assembled,65.36746215820312,7.74235725402832
329,32.0,all,0.0,Q99832,8.26,0.0,/6NR8-alt-1_assembled,10.857344627380371,0.0
330,58.0,all,0.0,Q99832,7.153333333333333,1.9657144587486082,/6NR8-alt-1_assembled,4.6914448738098145,5.674238681793213
331,66.0,all,0.0,Q99832,10.73,0.0,/6NR8-alt-1_assembled,51.87397766113281,0.0
332,78.0,all,0.0,Q99832,9.833333333333334,0.3056686659331206,/6NR8-alt-1_assembled,44.81447219848633,19.888011932373047
333,88.0,all,0.0,Q99832,10.38,0.0,/6NR8-alt-1_assembled,54.152679443359375,0.0
334,33.0,all,0.0,Q99832,8.68,0.876812408671319,/6NR8-alt-1_assembled,27.74654769897461,8.34077262878418
335,63.0,all,0.0,Q99832,10.77,0.0424264068711932,/6NR8-alt-1_assembled,58.44200134277344,9.288588523864746
336,102.0,all,0.0,Q99832,10.379999999999999,0.2687005768508886,/6NR8-alt-1_assembled,55.69415283203125,6.729488372802734
337,109.0,all,0.0,Q99832,9.8125,1.2332713948411083,/6NR8-alt-1_assembled,24.563066482543945,17.432025909423828
338,126.0,all,0.0,Q99832,9.1975,0.8185912696008101,/6NR8-alt-1_assembled,38.101234436035156,16.918033599853516
339,159.0,all,0.0,Q99832,11.305,1.5289538907370621,/6NR8-alt-1_assembled,14.34241771697998,10.140586853027344
340,180.0,all,0.0,Q99832,9.745000000000001,1.1232838762604347,/6NR8-alt-1_assembled,40.04483413696289,12.310593605041504
341,199.0,all,0.0,Q99832,9.911666666666665,0.5460555527294514,/6NR8-alt-1_assembled,38.33580780029297,25.823184967041016
342,227.0,all,0.0,Q99832,10.05,0.05656854249492385,/6NR8-alt-1_assembled,27.880586624145508,18.387611389160156
343,233.0,all,0.0,Q99832,10.21,0.028284271247462554,/6NR8-alt-1_assembled,45.037872314453125,12.890284538269043
344,243.0,all,0.0,Q99832,9.76,1.3283322877453012,/6NR8-alt-1_assembled,47.618167877197266,23.84839630126953
345,245.0,all,0.0,Q99832,10.02,0.24698178070456941,/6NR8-alt-1_assembled,49.695804595947266,18.317245483398438
346,247.0,all,0.0,Q99832,9.9,0.40846052440841824,/6NR8-alt-1_assembled,33.26457977294922,13.198654174804688
347,259.0,all,0.0,Q99832,10.325,0.07325753658611943,/6NR8-alt-1_assembled,41.184181213378906,11.088153839111328
348,272.0,all,0.0,Q99832,10.450000000000001,0.6458482793969493,/6NR8-alt-1_assembled,48.5452880859375,19.122655868530273
349,277.0,all,0.0,Q99832,9.5425,1.4232679532212713,/6NR8-alt-1_assembled,31.734272003173828,19.883455276489258
350,298.0,all,0.0,Q99832,9.915,0.20506096654409944,/6NR8-alt-1_assembled,40.34642791748047,30.51964569091797
351,313.0,all,0.0,Q99832,10.510000000000002,0.1838477631085022,/6NR8-alt-1_assembled,40.94961166381836,12.795501708984375
352,317.0,all,0.0,Q99832,10.266666666666667,0.5583069645514611,/6NR8-alt-1_assembled,59.73773193359375,9.692089080810547
353,321.0,all,0.0,Q99832,9.7525,1.1086139995507907,/6NR8-alt-1_assembled,51.069725036621094,28.070049285888672
354,365.0,all,0.0,Q99832,10.2675,0.5836879874270727,/6NR8-alt-1_assembled,48.12082290649414,29.245792388916016
355,368.0,all,0.0,Q99832,10.35,0.2907920218988134,/6NR8-alt-1_assembled,41.95492172241211,7.848458766937256
356,400.0,all,0.0,Q99832,9.2575,0.8282662615367111,/6NR8-alt-1_assembled,30.728965759277344,11.103805541992188
357,406.0,all,0.0,Q99832,9.905000000000001,1.350666502138852,/6NR8-alt-1_assembled,41.68684005737305,27.425121307373047
358,466.0,all,0.0,Q99832,9.635,0.850156848273697,/6NR8-alt-1_assembled,39.34111785888672,17.804296493530273
359,481.0,all,0.0,Q99832,10.219999999999999,0.2687005768508886,/6NR8-alt-1_assembled,46.043182373046875,13.74332046508789
360,484.0,all,0.0,Q99832,8.665,1.1950104602052651,/6NR8-alt-1_assembled,4.289321422576904,3.791260242462158
361,494.0,all,0.0,Q99832,9.469999999999999,0.39597979746446693,/6NR8-alt-1_assembled,44.30064392089844,2.938227415084839
362,499.0,all,0.0,Q99832,9.71,0.9333809511662416,/6NR8-alt-1_assembled,31.901824951171875,19.335426330566406
363,510.0,all,0.0,Q99832,10.899999999999999,0.4101219330881976,/6NR8-alt-1_assembled,33.71138381958008,13.553752899169922
364,512.0,all,0.0,Q99832,9.26,0.0848528137423864,/6NR8-alt-1_assembled,18.028553009033203,0.28434354066848755
365,515.0,all,0.0,Q99832,10.045,0.7424621202458754,/6NR8-alt-1_assembled,54.6888427734375,12.32159423828125
366,532.0,all,0.0,Q99832,9.765,0.41719300090006295,/6NR8-alt-1_assembled,34.11350631713867,0.09478118270635605
367,40.0,all,0.0,Q99832,9.28,1.8667619023324853,/6NR8-alt-1_assembled,25.333805084228516,20.851930618286133
368,46.0,all,0.0,Q99832,8.75,0.042426406871191945,/6NR8-alt-1_assembled,13.471149444580078,2.55910062789917
369,50.0,all,0.0,Q99832,8.995000000000001,0.9404520189781083,/6NR8-alt-1_assembled,15.347726821899414,17.345014572143555
370,72.0,all,0.0,Q99832,9.559999999999999,0.9050966799187804,/6NR8-alt-1_assembled,46.84742736816406,9.193803787231445
371,119.0,all,0.0,Q99832,9.690000000000001,0.028284271247462554,/6NR8-alt-1_assembled,61.92707443237305,2.8434462547302246
372,120.0,all,0.0,Q99832,10.149999999999999,0.0707106781186545,/6NR8-alt-1_assembled,67.62383270263672,17.53458023071289
373,135.0,all,0.0,Q99832,10.6525,0.7352720584926371,/6NR8-alt-1_assembled,48.75751876831055,18.787267684936523
374,154.0,all,0.0,Q99832,10.379999999999999,0.1272792206135796,/6NR8-alt-1_assembled,37.53156280517578,5.4973273277282715
375,170.0,all,0.0,Q99832,11.1025,0.762293687935737,/6NR8-alt-1_assembled,29.45557403564453,21.742353439331055
376,176.0,all,0.0,Q99832,9.120000000000001,0.9774797525609762,/6NR8-alt-1_assembled,25.635395050048828,11.425463676452637
377,181.0,all,0.0,Q99832,10.283750000000001,0.6911261513955738,/6NR8-alt-1_assembled,40.21238708496094,15.862404823303223
378,191.0,all,0.0,Q99832,10.645,0.5486042896903618,/6NR8-alt-1_assembled,64.97651672363281,12.151947021484375
379,203.0,all,0.0,Q99832,10.3175,0.3215975746177201,/6NR8-alt-1_assembled,31.131088256835938,4.544738292694092
380,204.0,all,0.0,Q99832,9.940000000000001,1.7111984104714448,/6NR8-alt-1_assembled,23.122121810913086,27.770980834960938
381,222.0,all,0.0,Q99832,9.9,0.6636565376759279,/6NR8-alt-1_assembled,29.69014549255371,26.694177627563477
382,223.0,all,0.0,Q99832,10.233333333333333,0.6705420692743054,/6NR8-alt-1_assembled,47.20487594604492,9.941280364990234
383,230.0,all,0.0,Q99832,10.375,0.10408329997330668,/6NR8-alt-1_assembled,48.3889045715332,18.298479080200195
384,236.0,all,0.0,Q99832,10.045,0.20174241001832055,/6NR8-alt-1_assembled,50.265480041503906,11.807304382324219
385,248.0,all,0.0,Q99832,9.0325,0.879483750086758,/6NR8-alt-1_assembled,17.123775482177734,11.240503311157227
386,250.0,all,0.0,Q99832,9.965,0.3585619425798936,/6NR8-alt-1_assembled,44.09958267211914,16.936298370361328
387,263.0,all,0.0,Q99832,10.190000000000001,0.24671170759951117,/6NR8-alt-1_assembled,45.37297821044922,37.729305267333984
388,274.0,all,0.0,Q99832,10.815,0.7424621202458754,/6NR8-alt-1_assembled,23.189144134521484,8.34077262878418
389,276.0,all,0.0,Q99832,10.82,1.03237590053236,/6NR8-alt-1_assembled,56.90052795410156,20.188461303710938
390,278.0,all,0.0,Q99832,9.120000000000001,0.6781346965512579,/6NR8-alt-1_assembled,11.56106185913086,11.000849723815918
391,284.0,all,0.0,Q99832,10.9875,0.6998749888372923,/6NR8-alt-1_assembled,56.196807861328125,19.823123931884766
392,342.0,all,0.0,Q99832,10.504999999999999,0.1343502884254437,/6NR8-alt-1_assembled,53.75055694580078,12.32159423828125
393,347.0,all,0.0,Q99832,10.45,0.0424264068711932,/6NR8-alt-1_assembled,79.35244750976562,14.596349716186523
394,358.0,all,0.0,Q99832,10.49,0.9616652224137042,/6NR8-alt-1_assembled,43.96554183959961,7.013829231262207
395,402.0,all,0.0,Q99832,10.2,0.09899494936611579,/6NR8-alt-1_assembled,65.54618835449219,16.871103286743164
396,431.0,all,0.0,Q99832,10.260000000000002,0.9899494936611668,/6NR8-alt-1_assembled,32.303951263427734,9.478151321411133
397,441.0,all,0.0,Q99832,10.315000000000001,0.7990306627407993,/6NR8-alt-1_assembled,34.448612213134766,13.07984733581543
398,500.0,all,0.0,Q99832,10.245000000000001,0.10606601717798238,/6NR8-alt-1_assembled,24.529556274414062,0.37912607192993164
399,522.0,all,0.0,Q99832,10.695,0.26162950903902327,/6NR8-alt-1_assembled,32.16990661621094,7.582518577575684
400,31.0,all,0.0,Q99832,10.41,0.1131370849898477,/6NR8-alt-1_assembled,53.61651611328125,8.719898223876953
401,48.0,all,0.0,Q99832,8.7,0.1838477631085022,/6NR8-alt-1_assembled,9.852034568786621,0.284344881772995
402,138.0,all,0.0,Q99832,10.813333333333333,0.6976436530684323,/6NR8-alt-1_assembled,33.73372268676758,10.087411880493164
403,139.0,all,0.0,Q99832,10.61,0.372111094522411,/6NR8-alt-1_assembled,51.002708435058594,9.94227409362793
404,163.0,all,0.0,Q99832,11.015,0.5586143571373732,/6NR8-alt-1_assembled,32.5720329284668,0.9478158354759216
405,196.0,all,0.0,Q99832,9.42,0.4525483399593908,/6NR8-alt-1_assembled,55.49309539794922,19.14586639404297
406,197.0,all,0.0,Q99832,10.1775,0.6132087735836795,/6NR8-alt-1_assembled,56.062767028808594,22.635223388671875
407,234.0,all,0.0,Q99832,10.41,0.4666904755831215,/6NR8-alt-1_assembled,59.91645431518555,14.027663230895996
408,249.0,all,0.0,Q99832,9.855,1.4212846301849604,/6NR8-alt-1_assembled,33.10819625854492,33.552650451660156
409,286.0,all,0.0,Q99832,10.645,0.5727564927611039,/6NR8-alt-1_assembled,60.65367889404297,2.5590999126434326
410,294.0,all,0.0,Q99832,10.38,0.8202438661763952,/6NR8-alt-1_assembled,53.214393615722656,22.937124252319336
411,353.0,all,0.0,Q99832,9.879999999999999,0.7212489168102794,/6NR8-alt-1_assembled,35.52094268798828,4.549510478973389
412,354.0,all,0.0,Q99832,10.695,0.19091883092036754,/6NR8-alt-1_assembled,47.517635345458984,0.09478118270635605
413,367.0,all,0.0,Q99832,10.325,0.7059036761485242,/6NR8-alt-1_assembled,47.31657409667969,5.3269124031066895
414,370.0,all,0.0,Q99832,9.8125,0.5111017511220247,/6NR8-alt-1_assembled,37.12943649291992,26.212068557739258
415,381.0,all,0.0,Q99832,9.735,0.8695017730478375,/6NR8-alt-1_assembled,39.94430160522461,19.14773941040039
416,425.0,all,0.0,Q99832,10.615,0.51618795026618,/6NR8-alt-1_assembled,34.783714294433594,13.553752899169922
417,427.0,all,0.0,Q99832,8.83,0.1979898987322341,/6NR8-alt-1_assembled,42.62512969970703,3.7912607192993164
418,469.0,all,0.0,Q99832,8.969999999999999,2.2061731573020276,/6NR8-alt-1_assembled,17.894512176513672,23.600595474243164
419,491.0,all,0.0,Q99832,10.52,0.0424264068711932,/6NR8-alt-1_assembled,60.050498962402344,7.013831615447998
420,502.0,all,0.0,Q99832,11.231666666666667,1.4357773736435142,/6NR8-alt-1_assembled,32.10288619995117,17.75482940673828
421,507.0,all,0.0,Q99832,9.675,0.007071067811865324,/6NR8-alt-1_assembled,42.155982971191406,3.317354679107666
422,29.0,all,0.0,Q99832,10.325,0.30405591591021525,/6NR8-alt-1_assembled,70.03657531738281,16.2076358795166
423,65.0,all,0.0,Q99832,11.17,0.4242640687119295,/6NR8-alt-1_assembled,62.79833984375,7.487737655639648
424,79.0,all,0.0,Q99832,9.704999999999998,0.475920161371632,/6NR8-alt-1_assembled,46.210731506347656,25.364015579223633
425,96.0,all,0.0,Q99832,10.5425,0.17670597047072278,/6NR8-alt-1_assembled,53.683536529541016,9.177995681762695
426,143.0,all,0.0,Q99832,8.725,0.38890872965260165,/6NR8-alt-1_assembled,20.642358779907227,9.85727596282959
427,174.0,all,0.0,Q99832,10.495000000000001,0.07778174593052109,/6NR8-alt-1_assembled,50.064422607421875,31.372676849365234
428,193.0,all,0.0,Q99832,9.61,0.3281259920619922,/6NR8-alt-1_assembled,37.933685302734375,11.708489418029785
429,209.0,all,0.0,Q99832,9.815000000000001,1.3081475451951126,/6NR8-alt-1_assembled,19.23492431640625,14.122444152832031
430,212.0,all,0.0,Q99832,11.145,0.10606601717798238,/6NR8-alt-1_assembled,33.778404235839844,10.994654655456543
431,213.0,all,0.0,Q99832,8.739999999999998,0.5232590180780453,/6NR8-alt-1_assembled,5.428671836853027,1.4217227697372437
432,232.0,all,0.0,Q99832,8.79,1.2182227491992859,/6NR8-alt-1_assembled,19.737579345703125,30.806833267211914
433,257.0,all,0.0,Q99832,10.01,0.4384062043356602,/6NR8-alt-1_assembled,35.31987762451172,22.084089279174805
434,288.0,all,0.0,Q99832,10.01,0.3959797974644657,/6NR8-alt-1_assembled,52.678226470947266,9.857275009155273
435,291.0,all,0.0,Q99832,9.575,0.23334523779156074,/6NR8-alt-1_assembled,33.17521667480469,5.402546405792236
436,292.0,all,0.0,Q99832,10.170000000000002,0.15055453054181597,/6NR8-alt-1_assembled,41.016632080078125,12.042847633361816
437,302.0,all,0.0,Q99832,10.475,0.1484924240491756,/6NR8-alt-1_assembled,47.115509033203125,4.075604438781738
438,319.0,all,0.0,Q99832,10.135000000000002,0.12020815280171303,/6NR8-alt-1_assembled,55.157989501953125,4.833856582641602
439,326.0,all,0.0,Q99832,9.7575,1.2188895219283276,/6NR8-alt-1_assembled,33.811912536621094,12.378514289855957
440,338.0,all,0.0,Q99832,9.440000000000001,0.3252691193458112,/6NR8-alt-1_assembled,29.153980255126953,9.572931289672852
441,343.0,all,0.0,Q99832,10.175,0.14849242404917432,/6NR8-alt-1_assembled,51.40483093261719,3.5069172382354736
442,372.0,all,0.0,Q99832,10.43,0.0424264068711932,/6NR8-alt-1_assembled,43.29533386230469,3.2225711345672607
443,375.0,all,0.0,Q99832,9.184999999999999,1.2798632739476514,/6NR8-alt-1_assembled,20.173213958740234,8.625117301940918
444,384.0,all,0.0,Q99832,10.83,0.3394112549695431,/6NR8-alt-1_assembled,38.938995361328125,6.729488372802734
445,395.0,all,0.0,Q99832,9.4,0.3252691193458125,/6NR8-alt-1_assembled,54.48778533935547,8.245992660522461
446,417.0,all,0.0,Q99832,9.61,0.7919595949289326,/6NR8-alt-1_assembled,42.088966369628906,10.04684066772461
447,418.0,all,0.0,Q99832,9.61,0.46101337652321234,/6NR8-alt-1_assembled,38.03421401977539,21.262731552124023
448,489.0,all,0.0,Q99832,10.045,1.6758430714121184,/6NR8-alt-1_assembled,29.422061920166016,29.85617446899414
449,497.0,all,0.0,Q99832,10.19,0.3676955262170044,/6NR8-alt-1_assembled,57.36967468261719,22.747560501098633
450,531.0,all,0.0,Q99832,8.7,1.6970562748477143,/6NR8-alt-1_assembled,11.594571113586426,9.952057838439941
451,35.0,all,0.0,Q99832,11.004999999999999,0.007071067811865324,/6NR8-alt-1_assembled,37.73262023925781,2.5590999126434326
452,64.0,all,0.0,Q99832,10.92,0.0,/6NR8-alt-1_assembled,73.11952209472656,3.1277899742126465
453,150.0,all,0.0,Q99832,10.34,0.0,/6NR8-alt-1_assembled,46.24424362182617,1.326941967010498
454,160.0,all,0.0,Q99832,10.41,0.0,/6NR8-alt-1_assembled,75.80034637451172,0.6634736657142639
455,210.0,all,0.0,Q99832,10.395,0.021213203435595972,/6NR8-alt-1_assembled,60.050498962402344,2.4643187522888184
456,214.0,all,0.0,Q99832,10.5,0.0,/6NR8-alt-1_assembled,41.82088088989258,1.13737952709198
457,226.0,all,0.0,Q99832,10.63,0.0,/6NR8-alt-1_assembled,29.891206741333008,1.326941967010498
458,241.0,all,0.0,Q99832,10.415,0.27,/6NR8-alt-1_assembled,50.231971740722656,13.490253448486328
459,242.0,all,0.0,Q99832,9.51,0.0,/6NR8-alt-1_assembled,18.09557342529297,0.1895623654127121
460,261.0,all,0.0,Q99832,10.3225,0.1158663022625644,/6NR8-alt-1_assembled,62.362709045410156,15.12406063079834
461,265.0,all,0.0,Q99832,10.3825,0.30192438346932693,/6NR8-alt-1_assembled,66.38394165039062,18.64198112487793
462,275.0,all,0.0,Q99832,10.36,0.0,/6NR8-alt-1_assembled,65.07704162597656,6.1607985496521
463,279.0,all,0.0,Q99832,10.275,0.06363961030678918,/6NR8-alt-1_assembled,71.17591857910156,2.085191488265991
464,282.0,all,0.0,Q99832,9.29,0.14142135623731025,/6NR8-alt-1_assembled,32.97415542602539,1.706066608428955
465,293.0,all,0.0,Q99832,10.32,0.0,/6NR8-alt-1_assembled,40.547489166259766,1.0425983667373657
466,352.0,all,0.0,Q99832,10.565,0.16263455967290624,/6NR8-alt-1_assembled,13.270088195800781,0.18956303596496582
467,378.0,all,0.0,Q99832,10.35,0.0,/6NR8-alt-1_assembled,49.59527587890625,3.6016957759857178
468,392.0,all,0.0,Q99832,10.325,0.007071067811865324,/6NR8-alt-1_assembled,74.39291381835938,2.27475905418396
469,399.0,all,0.0,Q99832,9.675,0.5551276129563965,/6NR8-alt-1_assembled,12.298288345336914,9.44864273071289
470,439.0,all,0.0,Q99832,8.7375,2.4142269294054914,/6NR8-alt-1_assembled,38.16825866699219,19.256086349487305
471,483.0,all,0.0,Q99832,10.14,0.0,/6NR8-alt-1_assembled,56.096275329589844,3.696479558944702
472,496.0,all,0.0,Q99832,9.95,0.0707106781186545,/6NR8-alt-1_assembled,45.64105987548828,0.8530333638191223
473,513.0,all,0.0,Q99832,11.74,0.0,/6NR8-alt-1_assembled,20.37427520751953,1.706066608428955
474,514.0,all,0.0,Q99832,9.45,0.0,/6NR8-alt-1_assembled,52.276100158691406,1.5165042877197266
475,529.0,all,0.0,Q99832,8.57,1.8809040379562165,/6NR8-alt-1_assembled,21.111501693725586,9.383368492126465
476,535.0,all,0.0,Q99832,9.965,0.21920310216782884,/6NR8-alt-1_assembled,15.950912475585938,0.5686891078948975
477,127.0,all,0.0,Q99832,9.675,0.5868986283848344,/6NR8-alt-1_assembled,13.337108612060547,1.8008484840393066
478,129.0,all,0.0,Q99832,9.425,0.5868986283848344,/6NR8-alt-1_assembled,25.40082359313965,6.539923191070557
479,251.0,all,0.0,Q99832,10.385,0.06363961030678918,/6NR8-alt-1_assembled,55.49309158325195,36.77522277832031
480,258.0,all,0.0,Q99832,10.665,0.34648232278140845,/6NR8-alt-1_assembled,48.254859924316406,47.390750885009766
481,273.0,all,0.0,Q99832,11.024999999999999,0.021213203435595972,/6NR8-alt-1_assembled,26.808258056640625,4.739075183868408
482,280.0,all,0.0,Q99832,10.145,0.6410668191902198,/6NR8-alt-1_assembled,39.073036193847656,10.209747314453125
483,287.0,all,0.0,Q99832,10.567499999999999,0.8778145210312563,/6NR8-alt-1_assembled,46.24424362182617,9.792049407958984
484,295.0,all,0.0,Q99832,9.67,0.5232590180780441,/6NR8-alt-1_assembled,35.52094268798828,0.56868976354599
485,307.0,all,0.0,Q99832,10.6425,0.27837325063063517,/6NR8-alt-1_assembled,63.53556823730469,11.789031028747559
486,359.0,all,0.0,Q99832,10.3,0.0707106781186545,/6NR8-alt-1_assembled,43.63043975830078,0.09478118270635605
487,377.0,all,0.0,Q99832,9.925,1.2091525958289955,/6NR8-alt-1_assembled,13.94029426574707,15.35460376739502
488,388.0,all,0.0,Q99832,9.865,0.5020458146424494,/6NR8-alt-1_assembled,31.901824951171875,14.406786918640137
489,424.0,all,0.0,Q99832,9.61,1.1596551211459383,/6NR8-alt-1_assembled,50.46654510498047,31.751800537109375
490,426.0,all,0.0,Q99832,9.915,0.38890872965260037,/6NR8-alt-1_assembled,41.08365249633789,14.312005043029785
491,430.0,all,0.0,Q99832,9.3825,0.5747680691664532,/6NR8-alt-1_assembled,40.6815299987793,30.976688385009766
492,449.0,all,0.0,Q99832,9.355,0.4454772721475255,/6NR8-alt-1_assembled,14.945603370666504,4.45473051071167
493,465.0,all,0.0,Q99832,9.425,1.6899852070358476,/6NR8-alt-1_assembled,43.898521423339844,14.122444152832031
494,501.0,all,0.0,Q99832,9.434999999999999,1.294005409571382,/6NR8-alt-1_assembled,12.93498420715332,6.539923191070557
495,67.0,all,0.0,Q99832,10.254999999999999,0.7566042558696048,/6NR8-alt-1_assembled,42.29002380371094,0.09478387981653214
496,77.0,all,0.0,Q99832,9.3,0.5091168824543147,/6NR8-alt-1_assembled,23.72530746459961,4.170385360717773
497,137.0,all,0.0,Q99832,9.525,0.31819805153394587,/6NR8-alt-1_assembled,31.432682037353516,4.644294261932373
498,144.0,all,0.0,Q99832,9.594999999999999,1.3788582233137683,/6NR8-alt-1_assembled,16.218996047973633,6.255579471588135
499,145.0,all,0.0,Q99832,10.844999999999999,0.7424621202458742,/6NR8-alt-1_assembled,69.29934692382812,7.582518577575684
500,148.0,all,0.0,Q99832,9.93,1.0606601717798212,/6NR8-alt-1_assembled,25.132740020751953,5.023420333862305
501,157.0,all,0.0,Q99832,9.41,0.6788225099390862,/6NR8-alt-1_assembled,38.87197494506836,0.0
502,166.0,all,0.0,Q99832,9.26,1.7819090885900994,/6NR8-alt-1_assembled,35.65498352050781,22.557998657226562
503,172.0,all,0.0,Q99832,9.96,0.16970562748477155,/6NR8-alt-1_assembled,29.623123168945312,4.928637504577637
504,177.0,all,0.0,Q99832,10.375,0.02121320343559723,/6NR8-alt-1_assembled,45.37297439575195,9.572931289672852
505,198.0,all,0.0,Q99832,7.949999999999999,1.286934341759516,/6NR8-alt-1_assembled,6.232919692993164,3.6964783668518066
506,217.0,all,0.0,Q99832,9.795,0.07778174593051983,/6NR8-alt-1_assembled,36.12412643432617,2.7486650943756104
507,218.0,all,0.0,Q99832,10.245000000000001,0.07778174593052109,/6NR8-alt-1_assembled,62.53025817871094,5.402543544769287
508,231.0,all,0.0,Q99832,10.95,0.6646803743153543,/6NR8-alt-1_assembled,56.36436080932617,2.1799726486206055
509,320.0,all,0.0,Q99832,10.25,0.028284271247461298,/6NR8-alt-1_assembled,45.70807647705078,10.04684066772461
510,366.0,all,0.0,Q99832,10.004999999999999,0.09192388155425173,/6NR8-alt-1_assembled,50.46654510498047,8.625117301940918
511,401.0,all,0.0,Q99832,10.545,0.1484924240491756,/6NR8-alt-1_assembled,61.323890686035156,21.70496368408203
512,440.0,all,0.0,Q99832,8.8975,0.25927784324928344,/6NR8-alt-1_assembled,31.298641204833984,6.390552043914795
513,463.0,all,0.0,Q99832,9.350000000000001,0.7495331880577407,/6NR8-alt-1_assembled,40.547489166259766,17.534578323364258
514,521.0,all,0.0,Q99832,9.705,1.3930003589374977,/6NR8-alt-1_assembled,22.921058654785156,0.5686883926391602
515,16.0,all,0.0,Q99832,8.61,0.0,/6NR8-alt-1_assembled,8.846724510192871,0.0
516,20.0,all,0.0,Q99832,10.15,0.12727922061357835,/6NR8-alt-1_assembled,36.861351013183594,7.203393936157227
517,54.0,all,0.0,Q99832,8.84,0.5939696961966998,/6NR8-alt-1_assembled,1.3404128551483154,0.5686890482902527
518,152.0,all,0.0,Q99832,10.795,1.138441917710341,/6NR8-alt-1_assembled,44.5687255859375,7.487737655639648
519,171.0,all,0.0,Q99832,13.035,2.170817818242701,/6NR8-alt-1_assembled,5.830795764923096,6.919049263000488
520,206.0,all,0.0,Q99832,11.3,0.2262741699796954,/6NR8-alt-1_assembled,29.153980255126953,2.5590999126434326
521,224.0,all,0.0,Q99832,9.775,0.31819805153394587,/6NR8-alt-1_assembled,31.700763702392578,19.051082611083984
522,225.0,all,0.0,Q99832,10.325,0.049497474683058526,/6NR8-alt-1_assembled,36.72731018066406,3.601698398590088
523,235.0,all,0.0,Q99832,10.36,0.16970562748477155,/6NR8-alt-1_assembled,73.05249786376953,25.211877822875977
524,238.0,all,0.0,Q99832,10.14,0.19798989873223286,/6NR8-alt-1_assembled,46.31126403808594,2.938227415084839
525,254.0,all,0.0,Q99832,9.059999999999999,1.7111984104714448,/6NR8-alt-1_assembled,21.91575050354004,26.25447654724121
526,260.0,all,0.0,Q99832,9.594999999999999,1.1950104602052651,/6NR8-alt-1_assembled,52.276100158691406,47.76987838745117
527,270.0,all,0.0,Q99832,10.32,0.141421356237309,/6NR8-alt-1_assembled,66.01533508300781,10.141618728637695
528,281.0,all,0.0,Q99832,11.0,0.042426406871191945,/6NR8-alt-1_assembled,50.46654510498047,6.35036039352417
529,296.0,all,0.0,Q99832,10.205,0.06363961030678918,/6NR8-alt-1_assembled,47.31657409667969,4.359950542449951
530,318.0,all,0.0,Q99832,10.184999999999999,0.10606601717798238,/6NR8-alt-1_assembled,70.03657531738281,1.2321553230285645
531,364.0,all,0.0,Q99832,10.535,0.33234018715767655,/6NR8-alt-1_assembled,43.56341552734375,3.601698398590088
532,421.0,all,0.0,Q99832,8.725,0.615182899632297,/6NR8-alt-1_assembled,21.714689254760742,18.387611389160156
533,459.0,all,0.0,Q99832,10.215,0.51618795026618,/6NR8-alt-1_assembled,58.57604217529297,0.5686870813369751
534,476.0,all,0.0,Q99832,11.105,0.31819805153394587,/6NR8-alt-1_assembled,28.55079460144043,8.340773582458496
535,490.0,all,0.0,Q99832,10.855,0.6293250352560277,/6NR8-alt-1_assembled,22.317874908447266,0.4739072620868683
536,504.0,all,0.0,Q99832,10.989999999999998,0.8909545442950497,/6NR8-alt-1_assembled,22.585956573486328,8.245989799499512
537,509.0,all,0.0,Q99832,9.86,0.19798989873223286,/6NR8-alt-1_assembled,49.72931671142578,2.653883934020996
538,6.0,all,74.41,P62807,10.45,0.0,/AF-P62807-F1-model_v1,98.52034759521484,0.0
539,12.0,all,77.73,P62807,10.48,0.0,/AF-P62807-F1-model_v1,107.6351547241211,0.0
540,13.0,all,38.915,P62807,9.715,1.0818733752154186,/AF-P62807-F1-model_v1/5GT0-alt-1_assembled,50.73462677001953,64.35664367675781
541,16.0,all,76.26,P62807,10.48,0.0,/AF-P62807-F1-model_v1,95.97356414794922,0.0
542,17.0,all,77.26,P62807,10.47,0.0,/AF-P62807-F1-model_v1,97.98418426513672,0.0
543,21.0,all,74.52,P62807,10.47,0.0,/AF-P62807-F1-model_v1,96.24164581298828,0.0
544,44.0,all,31.733333333333334,P62807,9.326666666666666,1.0007164100449908,/AF-P62807-F1-model_v1/5GT0-alt-1_assembled,50.3995246887207,37.54520034790039
545,47.0,all,97.63,P62807,10.35,0.0,/AF-P62807-F1-model_v1,36.19114685058594,0.0
546,58.0,all,97.06,P62807,10.46,0.0,/AF-P62807-F1-model_v1,108.70748138427734,0.0
547,86.0,all,96.92,P62807,10.46,0.0,/AF-P62807-F1-model_v1,104.95433044433594,0.0
548,109.0,all,95.4,P62807,11.15,0.0,/AF-P62807-F1-model_v1,75.86737060546875,0.0
549,117.0,all,92.27,P62807,11.47,0.0,/AF-P62807-F1-model_v1,69.43338775634766,0.0
550,121.0,all,92.78,P62807,10.39,0.0,/AF-P62807-F1-model_v1,106.42877960205078,0.0
551,37.0,all,0.0,P62807,10.575,0.10606601717798238,/5GT0-alt-1_assembled,92.28742980957031,4.075601577758789
552,56.0,all,0.0,P62807,10.4,0.141421356237309,/5GT0-alt-1_assembled,80.02264404296875,18.19804573059082
553,64.0,all,0.0,P62807,9.42,0.4242640687119295,/5GT0-alt-1_assembled,56.766483306884766,8.056427001953125
554,79.0,all,0.0,P62807,10.43,0.23352373184182684,/5GT0-alt-1_assembled,52.91279983520508,9.692075729370117
555,115.0,all,0.0,P62807,9.760000000000002,0.0707106781186545,/5GT0-alt-1_assembled,74.12483215332031,11.373779296875
556,122.0,all,0.0,P62807,10.22,0.0,/5GT0-alt-1_assembled,53.08034896850586,1.5165042877197266
557,31.0,all,0.0,P62807,8.605,0.7000357133746822,/5GT0-alt-1_assembled,54.621826171875,2.369537591934204
558,59.0,all,0.0,P62807,11.52,0.028284271247461298,/5GT0-alt-1_assembled,65.54618835449219,3.6016957759857178
559,77.0,all,0.0,P62807,9.719999999999999,0.05656854249492385,/5GT0-alt-1_assembled,63.20046615600586,9.952055931091309
560,91.0,all,0.0,P62807,9.7,0.24041630560342606,/5GT0-alt-1_assembled,52.276100158691406,3.4121358394622803
561,20.0,all,0.0,P62807,10.31,0.0,/5GT0-alt-1_assembled,103.74795532226562,0.0
562,15.0,all,0.0,P62807,9.850000000000001,0.0707106781186545,/5GT0-alt-1_assembled,55.157989501953125,3.317352294921875
563,36.0,all,0.0,P62807,9.66,0.141421356237309,/5GT0-alt-1_assembled,77.54288482666016,5.971230506896973
564,74.0,all,0.0,P62807,10.645,0.1767766952966369,/5GT0-alt-1_assembled,82.50241088867188,2.748659610748291
565,75.0,all,0.0,P62807,10.01,0.3959797974644657,/5GT0-alt-1_assembled,21.982770919799805,3.2225711345672607
566,95.0,all,0.0,P62807,9.665,0.021213203435595972,/5GT0-alt-1_assembled,79.15138244628906,4.833856582641602
567,118.0,all,0.0,P62807,10.39,0.08485281374238515,/5GT0-alt-1_assembled,86.9927978515625,3.41213321685791
568,119.0,all,0.0,P62807,10.45,0.0,/5GT0-alt-1_assembled,88.06512451171875,0.0
569,28.0,all,0.0,P62807,10.58,0.0,/5GT0-alt-1_assembled,91.95232391357422,0.0
570,30.0,all,0.0,P62807,10.9,0.0,/5GT0-alt-1_assembled,70.77379608154297,0.0
571,34.0,all,0.0,P62807,10.225,0.26162950903902327,/5GT0-alt-1_assembled,70.4386978149414,15.070259094238281
572,43.0,all,0.0,P62807,10.18,0.3394112549695431,/5GT0-alt-1_assembled,58.777103424072266,28.529232025146484
573,46.0,all,0.0,P62807,9.565,0.31819805153394587,/5GT0-alt-1_assembled,33.30925750732422,5.592108726501465
574,57.0,all,0.0,P62807,9.555,1.2798632739476514,/5GT0-alt-1_assembled,62.128135681152344,38.00738525390625
575,85.0,all,0.0,P62807,9.95,0.3394112549695419,/5GT0-alt-1_assembled,80.35775756835938,3.317352294921875
576,108.0,all,0.0,P62807,10.725,0.03535533905932788,/5GT0-alt-1_assembled,71.10890197753906,5.781668186187744
577,116.0,all,0.0,P62807,10.655000000000001,0.035355339059326626,/5GT0-alt-1_assembled,76.8056640625,14.217226028442383
578,120.0,all,0.0,P62807,10.254999999999999,0.035355339059326626,/5GT0-alt-1_assembled,56.96754455566406,13.079846382141113
579,125.0,all,0.0,P62807,10.785,0.27577164466275395,/5GT0-alt-1_assembled,67.28872680664062,34.31090545654297
580,52.0,all,81.33,P67809,11.51,0.0,/AF-P67809-F1-model_v1,54.42076110839844,0.0
581,53.0,all,90.77,P67809,10.42,0.0,/AF-P67809-F1-model_v1,83.3736801147461,0.0
582,58.0,all,92.8,P67809,10.66,0.0,/AF-P67809-F1-model_v1,89.67362213134766,0.0
583,64.0,all,95.88,P67809,11.42,0.0,/AF-P67809-F1-model_v1,79.21839904785156,0.0
584,81.0,all,91.81,P67809,10.45,0.0,/AF-P67809-F1-model_v1,103.34583282470703,0.0
585,92.0,all,90.96,P67809,10.28,0.0,/AF-P67809-F1-model_v1,78.5481948852539,0.0
586,93.0,all,90.16,P67809,10.25,0.0,/AF-P67809-F1-model_v1,72.65037536621094,0.0
587,98.0,all,88.83,P67809,10.95,0.0,/AF-P67809-F1-model_v1,17.157283782958984,0.0
588,118.0,all,87.58,P67809,10.52,0.0,/AF-P67809-F1-model_v1,109.77981567382812,0.0
589,137.0,all,90.3,P67809,11.39,0.0,/AF-P67809-F1-model_v1,92.22040557861328,0.0
590,25.0,all,0.0,P60709,10.64,0.0,/6NBW-alt1B_assembled/6NBW-alt1A_assembled,54.95692825317383,0.0
591,37.0,all,0.0,P60709,10.21,0.0,/6NBW-alt1B_assembled/6NBW-alt1A_assembled,33.10819625854492,0.0
592,53.0,all,0.0,P60709,10.32,0.0,/6NBW-alt1B_assembled/6NBW-alt1A_assembled,95.97356414794922,0.0
593,69.0,all,0.0,P60709,10.36,0.0,/6NBW-alt1B_assembled/6NBW-alt1A_assembled,73.32058715820312,0.0
594,90.0,all,0.0,P60709,9.97,0.0,/6NBW-alt1B_assembled/6NBW-alt1A_assembled,36.19114685058594,0.0
595,104.0,all,0.0,P60709,9.54,0.0,/6NBW-alt1B_assembled/6NBW-alt1A_assembled,25.467844009399414,0.0
596,107.0,all,0.0,P60709,10.66,0.0,/6NBW-alt1B_assembled/6NBW-alt1A_assembled,52.008018493652344,0.0
597,115.0,all,0.0,P60709,10.35,0.0,/6NBW-alt1B_assembled/6NBW-alt1A_assembled,53.61651611328125,0.0
598,125.0,all,0.0,P60709,10.71,0.0,/6NBW-alt1B_assembled/6NBW-alt1A_assembled,63.93769454956055,0.0
599,126.0,all,0.0,P60709,10.98,0.0,/6NBW-alt1B_assembled/6NBW-alt1A_assembled,19.033863067626953,0.0
600,18.0,all,0.0,P60709,10.63,0.0,/3BYH-alt-1_assembled,19.972150802612305,0.0
601,50.0,all,0.0,P60709,9.01,0.0,/3BYH-alt-1_assembled,40.61450958251953,0.0
602,61.0,all,0.0,P60709,10.21,0.0,/3BYH-alt-1_assembled,60.98878479003906,0.0
603,68.0,all,0.0,P60709,9.39,0.0,/3BYH-alt-1_assembled,21.982770919799805,0.0
604,84.0,all,0.0,P60709,9.93,0.0,/3BYH-alt-1_assembled,33.912445068359375,0.0
605,113.0,all,0.0,P60709,11.17,0.0,/3BYH-alt-1_assembled,60.58666229248047,0.0
606,118.0,all,0.0,P60709,9.78,0.0,/3BYH-alt-1_assembled,45.97616195678711,0.0
607,191.0,all,0.0,P60709,10.52,0.0,/3BYH-alt-1_assembled,73.45462799072266,0.0
608,213.0,all,0.0,P60709,9.99,0.0,/3BYH-alt-1_assembled,10.857344627380371,0.0
609,215.0,all,0.0,P60709,11.74,0.0,/3BYH-alt-1_assembled,44.09958267211914,0.0
610,238.0,all,0.0,P60709,10.12,0.0,/3BYH-alt-1_assembled,41.15067672729492,0.0
611,284.0,all,0.0,P60709,9.76,0.0,/3BYH-alt-1_assembled,36.59326934814453,0.0
612,291.0,all,0.0,P60709,11.48,0.0,/3BYH-alt-1_assembled,49.193153381347656,0.0
613,315.0,all,0.0,P60709,10.38,0.0,/3BYH-alt-1_assembled,37.12943649291992,0.0
614,326.0,all,0.0,P60709,9.99,0.0,/3BYH-alt-1_assembled,65.27810668945312,0.0
615,328.0,all,0.0,P60709,10.31,0.0,/3BYH-alt-1_assembled,65.54618835449219,0.0
616,336.0,all,0.0,P60709,9.29,0.0,/3BYH-alt-1_assembled,62.86536407470703,0.0
617,359.0,all,0.0,P60709,10.3,0.0,/3BYH-alt-1_assembled,32.84011459350586,0.0
618,373.0,all,0.0,P60709,10.63,0.0,/3BYH-alt-1_assembled,47.31657409667969,0.0
619,430.0,all,0.0,P60709,9.73,0.0,/3BYH-alt-1_assembled,59.91645431518555,0.0
620,439.0,all,0.0,P60709,10.46,0.0,/3BYH-alt-1_assembled,86.59066772460938,0.0
621,443.0,all,0.0,P60709,10.3,0.0,/3BYH-alt-1_assembled,62.86536407470703,0.0
622,447.0,all,0.0,P60709,10.39,0.0,/3BYH-alt-1_assembled,80.82689666748047,0.0
623,452.0,all,0.0,P60709,9.98,0.0,/3BYH-alt-1_assembled,33.24224090576172,0.0
624,461.0,all,0.0,P60709,10.16,0.0,/3BYH-alt-1_assembled,61.122825622558594,0.0
625,464.0,all,0.0,P60709,9.65,0.0,/3BYH-alt-1_assembled,57.50371170043945,0.0
626,467.0,all,0.0,P60709,10.28,0.0,/3BYH-alt-1_assembled,75.73332977294922,0.0
627,483.0,all,0.0,P60709,10.28,0.0,/3BYH-alt-1_assembled,59.112205505371094,0.0
628,484.0,all,0.0,P60709,10.29,0.0,/3BYH-alt-1_assembled,87.52896118164062,0.0
629,503.0,all,0.0,P60709,10.11,0.0,/3BYH-alt-1_assembled,50.13144302368164,0.0
630,521.0,all,0.0,P60709,9.68,0.0,/3BYH-alt-1_assembled,30.02524757385254,0.0
631,528.0,all,0.0,P60709,10.45,0.0,/3BYH-alt-1_assembled,86.72471618652344,0.0
632,535.0,all,0.0,P60709,9.66,0.0,/3BYH-alt-1_assembled,30.829496383666992,0.0
633,537.0,all,0.0,P60709,10.14,0.0,/3BYH-alt-1_assembled,59.782413482666016,0.0
634,564.0,all,0.0,P60709,11.28,0.0,/3BYH-alt-1_assembled,62.06111526489258,0.0
635,571.0,all,0.0,P60709,10.49,0.0,/3BYH-alt-1_assembled,26.4061336517334,0.0
636,584.0,all,0.0,P60709,10.43,0.0,/3BYH-alt-1_assembled,72.24825286865234,0.0
637,602.0,all,0.0,P60709,6.16,0.0,/3BYH-alt-1_assembled,10.187137603759766,0.0
638,11.0,all,0.0,P12277,11.32,0.04163331998932248,/3B6R-alt-1_assembled/3DRB-alt-1_assembled,22.820528030395508,1.5569379329681396
639,32.0,all,0.0,P12277,11.205,0.39669467688219234,/3B6R-alt-1_assembled/3DRB-alt-1_assembled,52.77875518798828,3.694249153137207
640,45.0,all,0.0,P12277,10.4575,0.03947573094109017,/3B6R-alt-1_assembled/3DRB-alt-1_assembled,48.187843322753906,2.0808818340301514
641,86.0,all,0.0,P12277,11.8025,0.050579969684978195,/3B6R-alt-1_assembled/3DRB-alt-1_assembled,47.78571701049805,2.3890464305877686
642,101.0,all,0.0,P12277,11.1225,0.5141578875533601,/3B6R-alt-1_assembled/3DRB-alt-1_assembled,55.79468536376953,5.970859527587891
643,107.0,all,0.0,P12277,10.787500000000001,0.40409363601356846,/3B6R-alt-1_assembled/3DRB-alt-1_assembled,79.65403747558594,6.927375793457031
644,156.0,all,0.0,P12277,10.747499999999999,0.6010754251062563,/3B6R-alt-1_assembled/3DRB-alt-1_assembled,52.71173095703125,20.357622146606445
645,177.0,all,0.0,P12277,10.46,0.04898979485566324,/3B6R-alt-1_assembled/3DRB-alt-1_assembled,73.99079132080078,24.53724479675293
646,196.0,all,0.0,P12277,10.855,0.7217340230306453,/3B6R-alt-1_assembled/3DRB-alt-1_assembled,47.68518829345703,13.020819664001465
647,223.0,all,0.0,P12277,10.6775,0.8006403687049514,/3B6R-alt-1_assembled/3DRB-alt-1_assembled,36.15763854980469,3.5436530113220215
648,242.0,all,0.0,P12277,10.4075,0.03862210075418879,/3B6R-alt-1_assembled/3DRB-alt-1_assembled,96.10760498046875,18.506439208984375
649,247.0,all,0.0,P12277,10.375,0.05744562646537983,/3B6R-alt-1_assembled/3DRB-alt-1_assembled,49.226661682128906,6.0108466148376465
650,265.0,all,0.0,P12277,10.7375,0.07088723439378904,/3B6R-alt-1_assembled/3DRB-alt-1_assembled,72.65037536621094,7.977426052093506
651,267.0,all,0.0,P12277,10.415,1.0465976622688717,/3B6R-alt-1_assembled/3DRB-alt-1_assembled,43.79798889160156,14.095541954040527
652,298.0,all,0.0,P12277,10.135,0.19841034919244196,/3B6R-alt-1_assembled/3DRB-alt-1_assembled,46.914451599121094,7.485538482666016
653,304.0,all,0.0,P12277,9.502500000000001,1.0968553535752408,/3B6R-alt-1_assembled/3DRB-alt-1_assembled,58.27444839477539,30.530902862548828
654,307.0,all,0.0,P12277,10.522499999999999,0.5129246208427382,/3B6R-alt-1_assembled/3DRB-alt-1_assembled,44.06607437133789,8.755797386169434
655,313.0,all,0.0,P12277,10.8975,0.5363689650480036,/3B6R-alt-1_assembled/3DRB-alt-1_assembled,63.53556823730469,8.130610466003418
656,319.0,all,0.0,P12277,9.499999999999998,0.4390899680020034,/3B6R-alt-1_assembled/3DRB-alt-1_assembled,56.163299560546875,17.686002731323242
657,358.0,all,0.0,P12277,10.5625,0.1721191447805853,/3B6R-alt-1_assembled/3DRB-alt-1_assembled,73.08601379394531,19.468891143798828
658,381.0,all,0.0,P12277,10.170000000000002,0.1728197519575431,/3B6R-alt-1_assembled/3DRB-alt-1_assembled,67.02064514160156,15.89279842376709
659,4.0,all,0.0,P00338,10.17375,0.1876880009864397,/5W8J-alt1B_assembled/5W8J-alt1A_assembled,62.89887619018555,12.53918170928955
660,13.0,all,0.0,P00338,10.482500000000002,0.01499999999999968,/5W8J-alt1B_assembled/5W8J-alt1A_assembled,84.78111267089844,21.888986587524414
661,21.0,all,0.0,P00338,9.763749999999998,0.10769500585316982,/5W8J-alt1B_assembled/5W8J-alt1A_assembled,3.6526248455047607,1.314795970916748
662,41.0,all,0.0,P00338,10.58875,0.7914261539416407,/5W8J-alt1B_assembled/5W8J-alt1A_assembled,25.367313385009766,9.759076118469238
663,56.0,all,0.0,P00338,11.09375,0.48629613258942156,/5W8J-alt1B_assembled/5W8J-alt1A_assembled,50.76813507080078,4.945662975311279
664,58.0,all,0.0,P00338,10.67875,0.4172850173613781,/5W8J-alt1B_assembled/5W8J-alt1A_assembled,63.250736236572266,4.176805019378662
665,75.0,all,0.0,P00338,10.451250000000002,0.19910065652471218,/5W8J-alt1B_assembled/5W8J-alt1A_assembled,59.765655517578125,1.5947742462158203
666,80.0,all,0.0,P00338,10.74625,0.2733881332987432,/5W8J-alt1B_assembled/5W8J-alt1A_assembled,58.86088180541992,9.684805870056152
667,89.0,all,0.0,P00338,9.07,0.5388347215453522,/5W8J-alt1B_assembled/5W8J-alt1A_assembled,43.865013122558594,7.471953392028809
668,117.0,all,0.0,P00338,10.7925,0.7260411243763776,/5W8J-alt1B_assembled/5W8J-alt1A_assembled,38.63740158081055,8.317583084106445
669,125.0,all,0.0,P00338,10.84375,0.33483204745065853,/5W8J-alt1B_assembled/5W8J-alt1A_assembled,67.75787353515625,5.135222911834717
670,131.0,all,0.0,P00338,8.1025,0.32762129705761533,/5W8J-alt1B_assembled/5W8J-alt1A_assembled,17.961532592773438,6.411602973937988
671,148.0,all,0.0,P00338,10.075,0.5003898480185223,/5W8J-alt1B_assembled/5W8J-alt1A_assembled,44.09958267211914,6.517218589782715
672,154.0,all,0.0,P00338,9.44375,0.7267331500823199,/5W8J-alt1B_assembled/5W8J-alt1A_assembled,47.4171028137207,15.41928482055664
673,211.0,all,0.0,P00338,9.846250000000001,0.24576048153784663,/5W8J-alt1B_assembled/5W8J-alt1A_assembled,41.38524627685547,5.931989669799805
674,221.0,all,0.0,P00338,10.870000000000001,0.2687005768508886,/5W8J-alt1B_assembled/5W8J-alt1A_assembled,74.66099548339844,4.54951286315918
675,223.0,all,0.0,P00338,10.345,0.16263455967290624,/5W8J-alt1B_assembled/5W8J-alt1A_assembled,63.46854782104492,39.14475631713867
676,227.0,all,0.0,P00338,10.7025,0.6957190524917374,/5W8J-alt1B_assembled/5W8J-alt1A_assembled,53.281410217285156,12.78602123260498
677,231.0,all,0.0,P00338,10.7475,0.3146823795511913,/5W8J-alt1B_assembled/5W8J-alt1A_assembled,52.309608459472656,2.987999200820923
678,242.0,all,0.0,P00338,10.565,0.1307123340994039,/5W8J-alt1B_assembled/5W8J-alt1A_assembled,87.71327209472656,18.331823348999023
679,244.0,all,0.0,P00338,9.3325,3.7805696849624586,/5W8J-alt1B_assembled/5W8J-alt1A_assembled,4.037993431091309,7.897697925567627
680,264.0,all,0.0,P00338,9.98375,0.7532394326222857,/5W8J-alt1B_assembled/5W8J-alt1A_assembled,41.48577880859375,16.00063705444336
681,277.0,all,0.0,P00338,11.286249999999999,0.11624327937562665,/5W8J-alt1B_assembled/5W8J-alt1A_assembled,45.37297058105469,7.232553005218506
682,283.0,all,0.0,P00338,10.495000000000001,0.14849242404917432,/5W8J-alt1B_assembled/5W8J-alt1A_assembled,91.88529968261719,0.6634682416915894
683,304.0,all,0.0,P00338,9.120000000000001,1.707579740869682,/5W8J-alt1B_assembled/5W8J-alt1A_assembled,44.97085189819336,36.857765197753906
684,316.0,all,0.0,P00338,11.209999999999999,0.1807919087949299,/5W8J-alt1B_assembled/5W8J-alt1A_assembled,44.45144271850586,7.693728923797607
685,317.0,all,0.0,P00338,10.771363636363636,0.4614294090834474,/5W8J-alt1B_assembled/5W8J-alt1A_assembled/6SBV-alt1B_assembled/6SBV-alt1A_assembled,54.83506774902344,25.38536834716797
686,327.0,all,0.0,P00338,10.67,0.31231851873185024,/5W8J-alt1B_assembled/5W8J-alt1A_assembled,56.74972915649414,8.542041778564453
687,5.0,all,0.0,P00338,8.234375,3.2155683142072,/6SBV-alt1B_assembled/6SBV-alt1A_assembled,48.46430206298828,32.88664245605469
688,14.0,all,0.0,P00338,8.6375,2.1393597172986127,/6SBV-alt1B_assembled/6SBV-alt1A_assembled,48.7240104675293,34.0584831237793
689,22.0,all,0.0,P00338,9.321874999999999,0.7335231761846385,/6SBV-alt1B_assembled/6SBV-alt1A_assembled,3.359409809112549,3.293696880340576
690,42.0,all,0.0,P00338,10.10875,0.9685995044392701,/6SBV-alt1B_assembled/6SBV-alt1A_assembled,23.21427345275879,8.019392013549805
691,57.0,all,0.0,P00338,9.465625,1.301593734619217,/6SBV-alt1B_assembled/6SBV-alt1A_assembled,31.734272003173828,9.731618881225586
692,59.0,all,0.0,P00338,9.815,0.8970767339902794,/6SBV-alt1B_assembled/6SBV-alt1A_assembled,47.19929122924805,17.227434158325195
693,76.0,all,0.0,P00338,9.889375,1.064972417483195,/6SBV-alt1B_assembled/6SBV-alt1A_assembled,44.40955352783203,15.275745391845703
694,81.0,all,0.0,P00338,10.716249999999999,0.29738583243546285,/6SBV-alt1B_assembled/6SBV-alt1A_assembled,53.23952102661133,7.636388778686523
695,90.0,all,0.0,P00338,8.695,1.8550220124480103,/6SBV-alt1B_assembled/6SBV-alt1A_assembled,31.893447875976562,13.497495651245117
696,118.0,all,0.0,P00338,10.508124999999998,0.46295023130641866,/6SBV-alt1B_assembled/6SBV-alt1A_assembled,36.49273681640625,12.623860359191895
697,126.0,all,0.0,P00338,10.545625000000001,0.1505974214033339,/6SBV-alt1B_assembled/6SBV-alt1A_assembled,64.56600952148438,13.25312614440918
698,132.0,all,0.0,P00338,5.908124999999999,1.8491050763364782,/6SBV-alt1B_assembled/6SBV-alt1A_assembled,8.302183151245117,4.439571857452393
699,149.0,all,0.0,P00338,10.36875,0.5198188787132173,/6SBV-alt1B_assembled/6SBV-alt1A_assembled,41.56117630004883,6.253563404083252
700,155.0,all,0.0,P00338,9.930625,0.45753642842218967,/6SBV-alt1B_assembled/6SBV-alt1A_assembled,57.302650451660156,13.605201721191406
701,212.0,all,0.0,P00338,9.888125,0.5900081214130309,/6SBV-alt1B_assembled/6SBV-alt1A_assembled,50.36600875854492,9.785869598388672
702,222.0,all,0.0,P00338,10.733125,0.06394985014316562,/6SBV-alt1B_assembled/6SBV-alt1A_assembled,63.644474029541016,2.5649309158325195
703,224.0,all,0.0,P00338,10.44375,0.10340051579497382,/6SBV-alt1B_assembled/6SBV-alt1A_assembled,77.66854858398438,13.58572769165039
704,228.0,all,0.0,P00338,10.729375000000001,0.6648555607548654,/6SBV-alt1B_assembled/6SBV-alt1A_assembled,51.25403594970703,9.566939353942871
705,232.0,all,0.0,P00338,11.029374999999996,0.4481289806889676,/6SBV-alt1B_assembled/6SBV-alt1A_assembled,44.85356521606445,8.944197654724121
706,243.0,all,0.0,P00338,10.419374999999999,0.21671698133741177,/6SBV-alt1B_assembled/6SBV-alt1A_assembled,58.96140670776367,14.25011920928955
707,245.0,all,0.0,P00338,7.168749999999999,3.27886337013301,/6SBV-alt1B_assembled/6SBV-alt1A_assembled,9.299113273620605,11.488714218139648
708,265.0,all,0.0,P00338,9.76625,0.70949630020177,/6SBV-alt1B_assembled/6SBV-alt1A_assembled,38.3776969909668,5.238874912261963
709,278.0,all,0.0,P00338,11.16375,0.22724069471231007,/6SBV-alt1B_assembled/6SBV-alt1A_assembled,42.331912994384766,5.692410945892334
710,284.0,all,0.0,P00338,10.40125,0.08090117428072338,/6SBV-alt1B_assembled/6SBV-alt1A_assembled,79.37757110595703,8.072093963623047
711,305.0,all,0.0,P00338,9.793750000000001,0.8968528307364593,/6SBV-alt1B_assembled/6SBV-alt1A_assembled,62.69780731201172,19.086305618286133
712,318.0,all,0.0,P00338,10.2825,0.23049222691159588,/6SBV-alt1B_assembled/6SBV-alt1A_assembled,68.5369873046875,9.60777473449707
713,328.0,all,0.0,P00338,10.666875,0.41826178006921294,/6SBV-alt1B_assembled/6SBV-alt1A_assembled,53.2227668762207,8.355761528015137
714,87.0,all,91.65,Q12931,10.47,0.0,/AF-Q12931-F1-model_v1,98.7884292602539,0.0
715,95.0,all,85.46,Q12931,10.41,0.0,/AF-Q12931-F1-model_v1,74.79503631591797,0.0
716,96.0,all,88.09,Q12931,11.09,0.0,/AF-Q12931-F1-model_v1,73.85675048828125,0.0
717,109.0,all,93.86,Q12931,11.9,0.0,/AF-Q12931-F1-model_v1,59.51433181762695,0.0
718,126.0,all,92.63,Q12931,8.91,0.0,/AF-Q12931-F1-model_v1,19.838109970092773,0.0
719,130.0,all,89.57,Q12931,10.33,0.0,/AF-Q12931-F1-model_v1,46.24424362182617,0.0
720,151.0,all,95.37,Q12931,10.4,0.0,/AF-Q12931-F1-model_v1,73.45462799072266,0.0
721,181.0,all,85.83,Q12931,11.36,0.0,/AF-Q12931-F1-model_v1,66.7525634765625,0.0
722,196.0,all,79.11,Q12931,10.76,0.0,/AF-Q12931-F1-model_v1,65.01002502441406,0.0
723,252.0,all,98.59,Q12931,9.87,0.0,/AF-Q12931-F1-model_v1,35.52094268798828,0.0
724,258.0,all,96.51,Q12931,9.69,0.0,/AF-Q12931-F1-model_v1,28.55079460144043,0.0
725,262.0,all,95.83,Q12931,10.16,0.0,/AF-Q12931-F1-model_v1,39.94430160522461,0.0
726,276.0,all,88.49,Q12931,13.3,0.0,/AF-Q12931-F1-model_v1,39.14005661010742,0.0
727,304.0,all,95.07,Q12931,10.66,0.0,/AF-Q12931-F1-model_v1,99.45863342285156,0.0
728,324.0,all,96.37,Q12931,10.84,0.0,/AF-Q12931-F1-model_v1,90.87998962402344,0.0
729,332.0,all,95.88,Q12931,9.62,0.0,/AF-Q12931-F1-model_v1,30.963537216186523,0.0
730,349.0,all,93.47,Q12931,11.44,0.0,/AF-Q12931-F1-model_v1,77.60990142822266,0.0
731,369.0,all,83.24,Q12931,9.33,0.0,/AF-Q12931-F1-model_v1,47.31657409667969,0.0
732,375.0,all,85.4,Q12931,10.17,0.0,/AF-Q12931-F1-model_v1,100.66500854492188,0.0
733,382.0,all,92.1,Q12931,10.36,0.0,/AF-Q12931-F1-model_v1,72.65037536621094,0.0
734,413.0,all,93.43,Q12931,10.26,0.0,/AF-Q12931-F1-model_v1,67.02064514160156,0.0
735,424.0,all,98.19,Q12931,10.48,0.0,/AF-Q12931-F1-model_v1,79.08435821533203,0.0
736,431.0,all,96.98,Q12931,10.4,0.0,/AF-Q12931-F1-model_v1,89.4055404663086,0.0
737,432.0,all,97.64,Q12931,10.42,0.0,/AF-Q12931-F1-model_v1,92.08636474609375,0.0
738,436.0,all,97.96,Q12931,9.88,0.0,/AF-Q12931-F1-model_v1,56.029258728027344,0.0
739,439.0,all,97.46,Q12931,11.58,0.0,/AF-Q12931-F1-model_v1,85.11621856689453,0.0
740,461.0,all,98.36,Q12931,9.08,0.0,/AF-Q12931-F1-model_v1,8.71268367767334,0.0
741,466.0,all,98.3,Q12931,11.29,0.0,/AF-Q12931-F1-model_v1,51.33781433105469,0.0
742,518.0,all,87.5,Q12931,10.08,0.0,/AF-Q12931-F1-model_v1,56.029258728027344,0.0
743,519.0,all,78.29,Q12931,9.33,0.0,/AF-Q12931-F1-model_v1,44.501708984375,0.0
744,520.0,all,83.29,Q12931,12.47,0.0,/AF-Q12931-F1-model_v1,17.157283782958984,0.0
745,544.0,all,95.81,Q12931,10.54,0.0,/AF-Q12931-F1-model_v1,99.1905517578125,0.0
746,545.0,all,97.22,Q12931,11.18,0.0,/AF-Q12931-F1-model_v1,27.344423294067383,0.0
747,546.0,all,97.39,Q12931,11.25,0.0,/AF-Q12931-F1-model_v1,66.88660430908203,0.0
748,560.0,all,82.86,Q12931,10.83,0.0,/AF-Q12931-F1-model_v1,59.38029098510742,0.0
749,577.0,all,92.21,Q12931,10.7,0.0,/AF-Q12931-F1-model_v1,77.3418197631836,0.0
750,598.0,all,94.19,Q12931,10.34,0.0,/AF-Q12931-F1-model_v1,45.037872314453125,0.0
751,652.0,all,95.02,Q12931,10.28,0.0,/AF-Q12931-F1-model_v1,36.19114685058594,0.0
752,653.0,all,94.82,Q12931,10.29,0.0,/AF-Q12931-F1-model_v1,61.658992767333984,0.0
753,699.0,all,93.16,Q12931,11.47,0.0,/AF-Q12931-F1-model_v1,47.58465576171875,0.0
754,6.0,all,72.46,Q8N257,10.47,0.0,/AF-Q8N257-F1-model_v1,99.72671508789062,0.0
755,12.0,all,76.05,Q8N257,10.48,0.0,/AF-Q8N257-F1-model_v1,109.77981567382812,0.0
756,13.0,all,76.38,Q8N257,10.48,0.0,/AF-Q8N257-F1-model_v1,100.53096771240234,0.0
757,16.0,all,75.19,Q8N257,10.48,0.0,/AF-Q8N257-F1-model_v1,97.179931640625,0.0
758,17.0,all,76.05,Q8N257,10.47,0.0,/AF-Q8N257-F1-model_v1,94.90122985839844,0.0
759,21.0,all,72.82,Q8N257,10.47,0.0,/AF-Q8N257-F1-model_v1,96.7778091430664,0.0
760,44.0,all,95.59,Q8N257,10.46,0.0,/AF-Q8N257-F1-model_v1,95.97356414794922,0.0
761,47.0,all,97.69,Q8N257,10.35,0.0,/AF-Q8N257-F1-model_v1,35.386898040771484,0.0
762,58.0,all,97.18,Q8N257,10.46,0.0,/AF-Q8N257-F1-model_v1,110.45001983642578,0.0
763,86.0,all,96.97,Q8N257,10.46,0.0,/AF-Q8N257-F1-model_v1,104.01603698730469,0.0
764,109.0,all,95.39,Q8N257,11.15,0.0,/AF-Q8N257-F1-model_v1,74.9290771484375,0.0
765,117.0,all,92.7,Q8N257,11.47,0.0,/AF-Q8N257-F1-model_v1,65.94831085205078,0.0
766,121.0,all,93.41,Q8N257,10.4,0.0,/AF-Q8N257-F1-model_v1,109.51173400878906,0.0
767,60.0,all,90.95,Q6PEY2,9.97,0.0,/AF-Q6PEY2-F1-model_v1,42.08896255493164,0.0
768,96.0,all,89.74,Q6PEY2,10.5,0.0,/AF-Q6PEY2-F1-model_v1,107.76919555664062,0.0
769,112.0,all,95.28,Q6PEY2,10.07,0.0,/AF-Q6PEY2-F1-model_v1,61.256866455078125,0.0
770,124.0,all,96.73,Q6PEY2,11.49,0.0,/AF-Q6PEY2-F1-model_v1,79.75456237792969,0.0
771,163.0,all,91.27,Q6PEY2,10.46,0.0,/AF-Q6PEY2-F1-model_v1,107.09899139404297,0.0
772,164.0,all,93.82,Q6PEY2,10.07,0.0,/AF-Q6PEY2-F1-model_v1,52.8122673034668,0.0
773,166.0,all,95.88,Q6PEY2,9.45,0.0,/AF-Q6PEY2-F1-model_v1,10.455220222473145,0.0
774,280.0,all,82.81,Q6PEY2,10.53,0.0,/AF-Q6PEY2-F1-model_v1,46.914451599121094,0.0
775,304.0,all,91.13,Q6PEY2,11.45,0.0,/AF-Q6PEY2-F1-model_v1,34.98477554321289,0.0
776,311.0,all,91.73,Q6PEY2,11.17,0.0,/AF-Q6PEY2-F1-model_v1,16.218996047973633,0.0
777,326.0,all,95.33,Q6PEY2,10.59,0.0,/AF-Q6PEY2-F1-model_v1,93.42677307128906,0.0
778,336.0,all,89.86,Q6PEY2,9.96,0.0,/AF-Q6PEY2-F1-model_v1,40.61450958251953,0.0
779,338.0,all,90.65,Q6PEY2,10.14,0.0,/AF-Q6PEY2-F1-model_v1,58.173919677734375,0.0
780,352.0,all,91.48,Q6PEY2,11.42,0.0,/AF-Q6PEY2-F1-model_v1,39.94430160522461,0.0
781,370.0,all,90.12,Q6PEY2,10.36,0.0,/AF-Q6PEY2-F1-model_v1,97.179931640625,0.0
782,394.0,all,93.22,Q6PEY2,9.86,0.0,/AF-Q6PEY2-F1-model_v1,51.60589599609375,0.0
783,401.0,all,95.88,Q6PEY2,10.4,0.0,/AF-Q6PEY2-F1-model_v1,85.51834106445312,0.0
784,430.0,all,91.09,Q6PEY2,11.65,0.0,/AF-Q6PEY2-F1-model_v1,75.73332977294922,0.0
785,20.0,all,98.63,P68032,11.28,0.0,/AF-P68032-F1-model_v1,29.22100067138672,0.0
786,52.0,all,83.15,P68032,11.48,0.0,/AF-P68032-F1-model_v1,57.771793365478516,0.0
787,63.0,all,92.32,P68032,11.21,0.0,/AF-P68032-F1-model_v1,34.5826530456543,0.0
788,70.0,all,96.9,P68032,10.31,0.0,/AF-P68032-F1-model_v1,89.4055404663086,0.0
789,86.0,all,98.3,P68032,10.53,0.0,/AF-P68032-F1-model_v1,32.303951263427734,0.0
790,115.0,all,96.52,P68032,10.35,0.0,/AF-P68032-F1-model_v1,96.64376831054688,0.0
791,120.0,all,98.4,P68032,10.42,0.0,/AF-P68032-F1-model_v1,40.61450958251953,0.0
792,193.0,all,97.52,P68032,10.46,0.0,/AF-P68032-F1-model_v1,83.23963928222656,0.0
793,215.0,all,98.59,P68032,9.58,0.0,/AF-P68032-F1-model_v1,12.867963790893555,0.0
794,217.0,all,98.33,P68032,11.37,0.0,/AF-P68032-F1-model_v1,67.1546859741211,0.0
795,240.0,all,98.1,P68032,10.17,0.0,/AF-P68032-F1-model_v1,70.10359191894531,0.0
796,286.0,all,98.34,P68032,10.2,0.0,/AF-P68032-F1-model_v1,60.85474395751953,0.0
797,293.0,all,97.64,P68032,10.55,0.0,/AF-P68032-F1-model_v1,99.45863342285156,0.0
798,317.0,all,98.63,P68032,11.04,0.0,/AF-P68032-F1-model_v1,44.501708984375,0.0
799,328.0,all,96.21,P68032,10.41,0.0,/AF-P68032-F1-model_v1,100.26288604736328,0.0
800,330.0,all,98.4,P68032,9.96,0.0,/AF-P68032-F1-model_v1,66.21639251708984,0.0
801,338.0,all,97.12,P68032,11.3,0.0,/AF-P68032-F1-model_v1,66.88660430908203,0.0
802,361.0,all,97.69,P68032,10.63,0.0,/AF-P68032-F1-model_v1,36.459228515625,0.0
803,375.0,all,94.16,P68032,11.14,0.0,/AF-P68032-F1-model_v1,26.942298889160156,0.0
804,19.0,all,98.54,P63267,11.67,0.0,/AF-P63267-F1-model_v1,25.73592758178711,0.0
805,51.0,all,84.63,P63267,11.49,0.0,/AF-P63267-F1-model_v1,53.34843063354492,0.0
806,62.0,all,92.0,P63267,11.21,0.0,/AF-P63267-F1-model_v1,35.11881637573242,0.0
807,69.0,all,96.96,P63267,10.31,0.0,/AF-P63267-F1-model_v1,87.3949203491211,0.0
808,85.0,all,98.29,P63267,10.47,0.0,/AF-P63267-F1-model_v1,32.035865783691406,0.0
809,114.0,all,96.73,P63267,10.36,0.0,/AF-P63267-F1-model_v1,97.71609497070312,0.0
810,119.0,all,98.43,P63267,10.37,0.0,/AF-P63267-F1-model_v1,39.542179107666016,0.0
811,192.0,all,97.71,P63267,10.46,0.0,/AF-P63267-F1-model_v1,86.72471618652344,0.0
812,214.0,all,98.62,P63267,9.53,0.0,/AF-P63267-F1-model_v1,12.867963790893555,0.0
813,216.0,all,98.37,P63267,11.36,0.0,/AF-P63267-F1-model_v1,68.76318359375,0.0
814,239.0,all,98.16,P63267,10.17,0.0,/AF-P63267-F1-model_v1,65.68022918701172,0.0
815,285.0,all,98.34,P63267,10.2,0.0,/AF-P63267-F1-model_v1,59.38029098510742,0.0
816,292.0,all,97.63,P63267,10.55,0.0,/AF-P63267-F1-model_v1,93.69486236572266,0.0
817,316.0,all,98.66,P63267,10.99,0.0,/AF-P63267-F1-model_v1,42.75917053222656,0.0
818,327.0,all,96.19,P63267,10.41,0.0,/AF-P63267-F1-model_v1,102.8096694946289,0.0
819,329.0,all,98.39,P63267,9.94,0.0,/AF-P63267-F1-model_v1,67.69084930419922,0.0
820,337.0,all,97.04,P63267,11.26,0.0,/AF-P63267-F1-model_v1,68.22701263427734,0.0
821,360.0,all,97.84,P63267,10.75,0.0,/AF-P63267-F1-model_v1,32.303951263427734,0.0
822,374.0,all,94.15,P63267,11.26,0.0,/AF-P63267-F1-model_v1,31.231618881225586,0.0
823,17.0,all,0.0,O60506,10.48,0.0,/6KOR-alt-1_assembled,57.23563003540039,0.0
824,19.0,all,0.0,O60506,10.21,0.0,/6KOR-alt-1_assembled,27.746545791625977,0.0
825,21.0,all,0.0,O60506,10.64,0.0,/6KOR-alt-1_assembled,33.912445068359375,0.0
826,30.0,all,0.0,O60506,10.85,0.0,/6KOR-alt-1_assembled,39.00601577758789,0.0
827,47.0,all,0.0,O60506,10.36,0.0,/6KOR-alt-1_assembled,100.12883758544922,0.0
828,48.0,all,0.0,O60506,10.02,0.0,/6KOR-alt-1_assembled,65.27810668945312,0.0
829,49.0,all,0.0,O60506,10.33,0.0,/6KOR-alt-1_assembled,34.5826530456543,0.0
830,62.0,all,0.0,O60506,10.46,0.0,/6KOR-alt-1_assembled,67.28872680664062,0.0
831,75.0,all,0.0,O60506,9.74,0.0,/6KOR-alt-1_assembled,43.83150100708008,0.0
832,77.0,all,0.0,O60506,10.31,0.0,/6KOR-alt-1_assembled,67.55680847167969,0.0
833,101.0,all,0.0,O60506,9.95,0.0,/6KOR-alt-1_assembled,34.448612213134766,0.0
834,103.0,all,0.0,O60506,10.63,0.0,/6KOR-alt-1_assembled,36.72731399536133,0.0
835,121.0,all,0.0,O60506,10.37,0.0,/6KOR-alt-1_assembled,79.21839904785156,0.0
836,128.0,all,0.0,O60506,10.72,0.0,/6KOR-alt-1_assembled,73.85675048828125,0.0
837,133.0,all,0.0,O60506,10.21,0.0,/6KOR-alt-1_assembled,56.699462890625,0.0
838,134.0,all,0.0,O60506,10.13,0.0,/6KOR-alt-1_assembled,20.10619354248047,0.0
839,136.0,all,0.0,O60506,11.25,0.0,/6KOR-alt-1_assembled,78.5481948852539,0.0
840,151.0,all,0.0,O60506,10.57,0.0,/6KOR-alt-1_assembled,76.939697265625,0.0
841,159.0,all,0.0,O60506,10.39,0.0,/6KOR-alt-1_assembled,67.42276763916016,0.0
842,172.0,all,0.0,O60506,10.4,0.0,/6KOR-alt-1_assembled,103.34583282470703,0.0
843,18.0,all,90.66,Q6FI81,10.05,0.0,/AF-Q6FI81-F1-model_v1,78.14607238769531,0.0
844,26.0,all,94.27,Q6FI81,10.55,0.0,/AF-Q6FI81-F1-model_v1,86.72471618652344,0.0
845,31.0,all,92.34,Q6FI81,10.33,0.0,/AF-Q6FI81-F1-model_v1,84.31196594238281,0.0
846,48.0,all,89.7,Q6FI81,10.39,0.0,/AF-Q6FI81-F1-model_v1,107.36707305908203,0.0
847,56.0,all,91.8,Q6FI81,10.44,0.0,/AF-Q6FI81-F1-model_v1,96.50972747802734,0.0
848,96.0,all,95.52,Q6FI81,9.21,0.0,/AF-Q6FI81-F1-model_v1,31.633743286132812,0.0
849,108.0,all,87.52,Q6FI81,10.41,0.0,/AF-Q6FI81-F1-model_v1,107.6351547241211,0.0
850,110.0,all,92.97,Q6FI81,10.49,0.0,/AF-Q6FI81-F1-model_v1,30.69545555114746,0.0
851,114.0,all,94.45,Q6FI81,10.21,0.0,/AF-Q6FI81-F1-model_v1,94.36506652832031,0.0
852,128.0,all,95.35,Q6FI81,10.55,0.0,/AF-Q6FI81-F1-model_v1,87.12683868408203,0.0
853,162.0,all,96.16,Q6FI81,10.82,0.0,/AF-Q6FI81-F1-model_v1,56.699462890625,0.0
854,163.0,all,95.56,Q6FI81,9.5,0.0,/AF-Q6FI81-F1-model_v1,22.787017822265625,0.0
855,175.0,all,74.85,Q6FI81,10.46,0.0,/AF-Q6FI81-F1-model_v1,95.83952331542969,0.0
856,225.0,all,81.85,Q6FI81,11.08,0.0,/AF-Q6FI81-F1-model_v1,62.59728240966797,0.0
857,226.0,all,79.34,Q6FI81,10.46,0.0,/AF-Q6FI81-F1-model_v1,88.86936950683594,0.0
858,244.0,all,71.81,Q6FI81,10.45,0.0,/AF-Q6FI81-F1-model_v1,85.3843002319336,0.0
859,247.0,all,71.37,Q6FI81,10.48,0.0,/AF-Q6FI81-F1-model_v1,100.7990493774414,0.0
860,259.0,all,75.61,Q6FI81,10.4,0.0,/AF-Q6FI81-F1-model_v1,92.08636474609375,0.0
861,297.0,all,72.47,Q6FI81,10.45,0.0,/AF-Q6FI81-F1-model_v1,91.95232391357422,0.0
862,14.0,all,71.73,P62750,10.47,0.0,/AF-P62750-F1-model_v1,97.98418426513672,0.0
863,18.0,all,83.43,P62750,10.44,0.0,/AF-P62750-F1-model_v1,86.72471618652344,0.0
864,20.0,all,83.61,P62750,10.39,0.0,/AF-P62750-F1-model_v1,71.71208953857422,0.0
865,23.0,all,82.94,P62750,10.42,0.0,/AF-P62750-F1-model_v1,86.45662689208984,0.0
866,25.0,all,84.54,P62750,10.43,0.0,/AF-P62750-F1-model_v1,79.08435821533203,0.0
867,26.0,all,81.46,P62750,10.41,0.0,/AF-P62750-F1-model_v1,78.5481948852539,0.0
868,30.0,all,71.07,P62750,10.41,0.0,/AF-P62750-F1-model_v1,75.19715881347656,0.0
869,37.0,all,71.84,P62750,10.42,0.0,/AF-P62750-F1-model_v1,84.71409606933594,0.0
870,38.0,all,79.72,P62750,10.47,0.0,/AF-P62750-F1-model_v1,95.30335235595703,0.0
871,39.0,all,82.49,P62750,10.45,0.0,/AF-P62750-F1-model_v1,96.50972747802734,0.0
872,50.0,all,94.33,P62750,10.47,0.0,/AF-P62750-F1-model_v1,97.04589080810547,0.0
873,59.0,all,95.46,P62750,10.47,0.0,/AF-P62750-F1-model_v1,97.71609497070312,0.0
874,63.0,all,94.67,P62750,10.42,0.0,/AF-P62750-F1-model_v1,105.75857543945312,0.0
875,70.0,all,90.68,P62750,10.41,0.0,/AF-P62750-F1-model_v1,102.27349853515625,0.0
876,78.0,all,95.95,P62750,11.45,0.0,/AF-P62750-F1-model_v1,55.89521789550781,0.0
877,88.0,all,96.72,P62750,10.45,0.0,/AF-P62750-F1-model_v1,73.72270965576172,0.0
878,89.0,all,97.06,P62750,10.34,0.0,/AF-P62750-F1-model_v1,65.1440658569336,0.0
879,103.0,all,96.53,P62750,10.57,0.0,/AF-P62750-F1-model_v1,111.6563949584961,0.0
880,106.0,all,98.02,P62750,10.18,0.0,/AF-P62750-F1-model_v1,78.81627655029297,0.0
881,110.0,all,97.39,P62750,10.18,0.0,/AF-P62750-F1-model_v1,73.85675048828125,0.0
882,114.0,all,96.17,P62750,11.62,0.0,/AF-P62750-F1-model_v1,72.65037536621094,0.0
883,115.0,all,95.77,P62750,10.28,0.0,/AF-P62750-F1-model_v1,88.33320617675781,0.0
884,123.0,all,97.54,P62750,10.33,0.0,/AF-P62750-F1-model_v1,83.50772094726562,0.0
885,134.0,all,98.36,P62750,9.91,0.0,/AF-P62750-F1-model_v1,22.38489532470703,0.0
886,135.0,all,98.31,P62750,10.3,0.0,/AF-P62750-F1-model_v1,26.808258056640625,0.0
887,152.0,all,92.1,P62750,10.49,0.0,/AF-P62750-F1-model_v1,102.13945770263672,0.0
888,3.0,all,0.0,P15311,10.364999999999998,0.007071067811865324,/1NI2-alt-1_assembled,80.29072570800781,7.392959117889404
889,27.0,all,0.0,P15311,11.155,0.06363961030678918,/1NI2-alt-1_assembled,59.112205505371094,2.27475643157959
890,35.0,all,0.0,P15311,10.344999999999999,0.007071067811865324,/1NI2-alt-1_assembled,73.2535629272461,5.212981224060059
891,53.0,all,0.0,P15311,11.465,0.16263455967290624,/1NI2-alt-1_assembled,49.193153381347656,13.64853572845459
892,60.0,all,0.0,P15311,10.01,0.8202438661763952,/1NI2-alt-1_assembled,56.83350372314453,0.7582521438598633
893,63.0,all,0.0,P15311,10.379999999999999,0.1555634918610409,/1NI2-alt-1_assembled,69.90252685546875,7.298172473907471
894,64.0,all,0.0,P15311,10.225,0.06363961030678918,/1NI2-alt-1_assembled,51.94099807739258,1.9904102087020874
895,72.0,all,0.0,P15311,10.45,0.0,/1NI2-alt-1_assembled,92.22040557861328,2.653883934020996
896,79.0,all,0.0,P15311,9.92,0.014142135623730649,/1NI2-alt-1_assembled,61.658992767333984,1.8956290483474731
897,83.0,all,0.0,P15311,8.215,0.1484924240491756,/1NI2-alt-1_assembled,18.56471824645996,4.454730987548828
898,100.0,all,0.0,P15311,11.16,0.05656854249492385,/1NI2-alt-1_assembled,39.408138275146484,1.5165042877197266
899,107.0,all,0.0,P15311,9.364999999999998,0.007071067811865324,/1NI2-alt-1_assembled,30.293331146240234,0.9478145241737366
900,133.0,all,0.0,P15311,11.295,0.16263455967290624,/1NI2-alt-1_assembled,51.002708435058594,1.2321580648422241
901,139.0,all,0.0,P15311,10.620000000000001,0.014142135623731905,/1NI2-alt-1_assembled,90.61190795898438,7.013829231262207
902,143.0,all,0.0,P15311,10.425,0.007071067811865324,/1NI2-alt-1_assembled,74.72801208496094,2.1799778938293457
903,184.0,all,0.0,P15311,10.085,0.1767766952966369,/1NI2-alt-1_assembled,53.214393615722656,3.601698398590088
904,193.0,all,0.0,P15311,11.504999999999999,0.035355339059326626,/1NI2-alt-1_assembled,44.032562255859375,6.729485511779785
905,209.0,all,0.0,P15311,10.675,0.007071067811865324,/1NI2-alt-1_assembled,55.56011199951172,5.02341890335083
906,211.0,all,0.0,P15311,10.42,0.09899494936611705,/1NI2-alt-1_assembled,89.67362213134766,3.980820417404175
907,212.0,all,0.0,P15311,10.355,0.12020815280171303,/1NI2-alt-1_assembled,88.60128784179688,8.151208877563477
908,230.0,all,0.0,P15311,10.59,0.014142135623730649,/1NI2-alt-1_assembled,37.933685302734375,8.53033447265625
909,233.0,all,0.0,P15311,9.5,0.014142135623730649,/1NI2-alt-1_assembled,38.4698486328125,5.4973273277282715
910,237.0,all,0.0,P15311,10.620000000000001,0.42426406871192823,/1NI2-alt-1_assembled,66.14937591552734,15.828508377075195
911,253.0,all,0.0,P15311,10.445,0.1343502884254437,/1NI2-alt-1_assembled,58.44200134277344,13.838098526000977
912,254.0,all,0.0,P15311,10.535,0.10606601717798111,/1NI2-alt-1_assembled,65.47917175292969,2.1799752712249756
913,262.0,all,0.0,P15311,10.39,0.24041630560342606,/1NI2-alt-1_assembled,70.70677185058594,6.539922714233398
914,263.0,all,0.0,P15311,10.440000000000001,0.0707106781186545,/1NI2-alt-1_assembled,83.84281921386719,12.985064506530762
915,278.0,all,0.0,P15311,10.225,0.049497474683058526,/1NI2-alt-1_assembled,77.67692565917969,8.056427001953125
916,296.0,all,0.0,P15311,10.45,0.0,/1NI2-alt-1_assembled,72.58335876464844,2.938227415084839
917,6.0,all,0.0,O75531,10.39105263157895,0.08362688930307799,/1QCK-alt-3_assembled/1QCK-alt-10_assembled/1QCK-alt-2_assembled/1QCK-alt-12_assembled/1QCK-alt-13_assembled/1QCK-alt-1_assembled/1QCK-alt-5_assembled/1QCK-alt-17_assembled/1QCK-alt-16_assembled/1QCK-alt-4_assembled/1QCK-alt-6_assembled/1QCK-alt-14_assembled/1QCK-alt-7_assembled/1QCK-alt-18_assembled/1QCK-alt-19_assembled/1QCK-alt-9_assembled/1QCK-alt-8_assembled/1QCK-alt-21_assembled/1QCK-alt-20_assembled,77.2113037109375,11.701581001281738
918,18.0,all,0.0,O75531,10.658157894736846,0.3486875412492898,/1QCK-alt-3_assembled/1QCK-alt-10_assembled/1QCK-alt-2_assembled/1QCK-alt-12_assembled/1QCK-alt-13_assembled/1QCK-alt-1_assembled/1QCK-alt-5_assembled/1QCK-alt-17_assembled/1QCK-alt-16_assembled/1QCK-alt-4_assembled/1QCK-alt-6_assembled/1QCK-alt-14_assembled/1QCK-alt-7_assembled/1QCK-alt-18_assembled/1QCK-alt-19_assembled/1QCK-alt-9_assembled/1QCK-alt-8_assembled/1QCK-alt-21_assembled/1QCK-alt-20_assembled,50.5688362121582,13.728803634643555
919,32.0,all,0.0,O75531,10.654210526315788,0.3110455913305989,/1QCK-alt-3_assembled/1QCK-alt-10_assembled/1QCK-alt-2_assembled/1QCK-alt-12_assembled/1QCK-alt-13_assembled/1QCK-alt-1_assembled/1QCK-alt-5_assembled/1QCK-alt-17_assembled/1QCK-alt-16_assembled/1QCK-alt-4_assembled/1QCK-alt-6_assembled/1QCK-alt-14_assembled/1QCK-alt-7_assembled/1QCK-alt-18_assembled/1QCK-alt-19_assembled/1QCK-alt-9_assembled/1QCK-alt-8_assembled/1QCK-alt-21_assembled/1QCK-alt-20_assembled,73.84614562988281,8.292683601379395
920,33.0,all,0.0,O75531,10.396842105263156,0.09392651708470988,/1QCK-alt-3_assembled/1QCK-alt-10_assembled/1QCK-alt-2_assembled/1QCK-alt-12_assembled/1QCK-alt-13_assembled/1QCK-alt-1_assembled/1QCK-alt-5_assembled/1QCK-alt-17_assembled/1QCK-alt-16_assembled/1QCK-alt-4_assembled/1QCK-alt-6_assembled/1QCK-alt-14_assembled/1QCK-alt-7_assembled/1QCK-alt-18_assembled/1QCK-alt-19_assembled/1QCK-alt-9_assembled/1QCK-alt-8_assembled/1QCK-alt-21_assembled/1QCK-alt-20_assembled,54.427818298339844,7.056690692901611
921,41.0,all,0.0,O75531,10.939736842105262,0.32949992283233537,/1QCK-alt-3_assembled/1QCK-alt-10_assembled/1QCK-alt-2_assembled/1QCK-alt-12_assembled/1QCK-alt-13_assembled/1QCK-alt-1_assembled/1QCK-alt-5_assembled/1QCK-alt-17_assembled/1QCK-alt-16_assembled/1QCK-alt-4_assembled/1QCK-alt-6_assembled/1QCK-alt-14_assembled/1QCK-alt-7_assembled/1QCK-alt-18_assembled/1QCK-alt-19_assembled/1QCK-alt-9_assembled/1QCK-alt-8_assembled/1QCK-alt-21_assembled/1QCK-alt-20_assembled,36.84019088745117,5.296547889709473
922,53.0,all,0.0,O75531,10.512105263157894,0.32690322474691025,/1QCK-alt-3_assembled/1QCK-alt-10_assembled/1QCK-alt-2_assembled/1QCK-alt-12_assembled/1QCK-alt-13_assembled/1QCK-alt-1_assembled/1QCK-alt-5_assembled/1QCK-alt-17_assembled/1QCK-alt-16_assembled/1QCK-alt-4_assembled/1QCK-alt-6_assembled/1QCK-alt-14_assembled/1QCK-alt-7_assembled/1QCK-alt-18_assembled/1QCK-alt-19_assembled/1QCK-alt-9_assembled/1QCK-alt-8_assembled/1QCK-alt-21_assembled/1QCK-alt-20_assembled,42.145408630371094,8.838412284851074
923,54.0,all,0.0,O75531,10.00157894736842,0.5216270093103933,/1QCK-alt-3_assembled/1QCK-alt-10_assembled/1QCK-alt-2_assembled/1QCK-alt-12_assembled/1QCK-alt-13_assembled/1QCK-alt-1_assembled/1QCK-alt-5_assembled/1QCK-alt-17_assembled/1QCK-alt-16_assembled/1QCK-alt-4_assembled/1QCK-alt-6_assembled/1QCK-alt-14_assembled/1QCK-alt-7_assembled/1QCK-alt-18_assembled/1QCK-alt-19_assembled/1QCK-alt-9_assembled/1QCK-alt-8_assembled/1QCK-alt-21_assembled/1QCK-alt-20_assembled,42.3182487487793,11.085172653198242
924,64.0,all,0.0,O75531,10.407368421052631,0.055735097900515916,/1QCK-alt-3_assembled/1QCK-alt-10_assembled/1QCK-alt-2_assembled/1QCK-alt-12_assembled/1QCK-alt-13_assembled/1QCK-alt-1_assembled/1QCK-alt-5_assembled/1QCK-alt-17_assembled/1QCK-alt-16_assembled/1QCK-alt-4_assembled/1QCK-alt-6_assembled/1QCK-alt-14_assembled/1QCK-alt-7_assembled/1QCK-alt-18_assembled/1QCK-alt-19_assembled/1QCK-alt-9_assembled/1QCK-alt-8_assembled/1QCK-alt-21_assembled/1QCK-alt-20_assembled,68.5233154296875,5.94955587387085
925,72.0,all,0.0,O75531,10.449736842105263,0.22947044609927736,/1QCK-alt-3_assembled/1QCK-alt-10_assembled/1QCK-alt-2_assembled/1QCK-alt-12_assembled/1QCK-alt-13_assembled/1QCK-alt-1_assembled/1QCK-alt-5_assembled/1QCK-alt-17_assembled/1QCK-alt-16_assembled/1QCK-alt-4_assembled/1QCK-alt-6_assembled/1QCK-alt-14_assembled/1QCK-alt-7_assembled/1QCK-alt-18_assembled/1QCK-alt-19_assembled/1QCK-alt-9_assembled/1QCK-alt-8_assembled/1QCK-alt-21_assembled/1QCK-alt-20_assembled,83.39836883544922,13.087339401245117
926,19.0,all,85.07,P60981,10.19,0.0,/AF-P60981-F1-model_v1,65.41214752197266,0.0
927,30.0,all,83.7,P60981,10.41,0.0,/AF-P60981-F1-model_v1,83.50772094726562,0.0
928,31.0,all,85.8,P60981,11.58,0.0,/AF-P60981-F1-model_v1,76.939697265625,0.0
929,33.0,all,90.08,P60981,10.8,0.0,/AF-P60981-F1-model_v1,36.59326934814453,0.0
930,34.0,all,90.94,P60981,10.26,0.0,/AF-P60981-F1-model_v1,20.642358779907227,0.0
931,44.0,all,83.6,P60981,10.27,0.0,/AF-P60981-F1-model_v1,69.70146942138672,0.0
932,45.0,all,86.86,P60981,10.45,0.0,/AF-P60981-F1-model_v1,91.01403045654297,0.0
933,53.0,all,87.32,P60981,10.05,0.0,/AF-P60981-F1-model_v1,55.35905075073242,0.0
934,69.0,all,86.57,P60981,10.57,0.0,/AF-P60981-F1-model_v1,101.6032943725586,0.0
935,78.0,all,87.56,P60981,10.51,0.0,/AF-P60981-F1-model_v1,110.9861831665039,0.0
936,92.0,all,86.08,P60981,10.39,0.0,/AF-P60981-F1-model_v1,80.42477416992188,0.0
937,96.0,all,89.55,P60981,10.47,0.0,/AF-P60981-F1-model_v1,90.87998962402344,0.0
938,112.0,all,87.84,P60981,10.45,0.0,/AF-P60981-F1-model_v1,108.84152221679688,0.0
939,114.0,all,88.95,P60981,10.28,0.0,/AF-P60981-F1-model_v1,47.048492431640625,0.0
940,121.0,all,89.25,P60981,10.78,0.0,/AF-P60981-F1-model_v1,52.544185638427734,0.0
941,125.0,all,87.69,P60981,11.52,0.0,/AF-P60981-F1-model_v1,52.544185638427734,0.0
942,126.0,all,88.89,P60981,10.5,0.0,/AF-P60981-F1-model_v1,99.45863342285156,0.0
943,127.0,all,88.34,P60981,10.61,0.0,/AF-P60981-F1-model_v1,76.00141143798828,0.0
944,132.0,all,81.89,P60981,11.5,0.0,/AF-P60981-F1-model_v1,86.18854522705078,0.0
945,151.0,all,85.59,P60981,10.96,0.0,/AF-P60981-F1-model_v1,59.38029098510742,0.0
946,20.0,all,98.59,P68133,11.31,0.0,/AF-P68133-F1-model_v1,28.014629364013672,0.0
947,52.0,all,83.77,P68133,11.5,0.0,/AF-P68133-F1-model_v1,62.59728240966797,0.0
948,63.0,all,92.07,P68133,11.26,0.0,/AF-P68133-F1-model_v1,36.32518768310547,0.0
949,70.0,all,97.22,P68133,10.29,0.0,/AF-P68133-F1-model_v1,85.92046356201172,0.0
950,86.0,all,98.31,P68133,10.71,0.0,/AF-P68133-F1-model_v1,30.69545555114746,0.0
951,115.0,all,96.9,P68133,10.34,0.0,/AF-P68133-F1-model_v1,101.87137603759766,0.0
952,120.0,all,98.48,P68133,10.4,0.0,/AF-P68133-F1-model_v1,42.62512969970703,0.0
953,193.0,all,96.8,P68133,10.46,0.0,/AF-P68133-F1-model_v1,82.16730499267578,0.0
954,215.0,all,98.44,P68133,9.62,0.0,/AF-P68133-F1-model_v1,15.950913429260254,0.0
955,217.0,all,98.17,P68133,11.37,0.0,/AF-P68133-F1-model_v1,67.69084930419922,0.0
956,240.0,all,97.87,P68133,10.17,0.0,/AF-P68133-F1-model_v1,65.94831085205078,0.0
957,286.0,all,98.23,P68133,10.21,0.0,/AF-P68133-F1-model_v1,59.648372650146484,0.0
958,293.0,all,97.43,P68133,10.55,0.0,/AF-P68133-F1-model_v1,97.04589080810547,0.0
959,317.0,all,98.43,P68133,10.96,0.0,/AF-P68133-F1-model_v1,51.20376968383789,0.0
960,328.0,all,95.7,P68133,10.41,0.0,/AF-P68133-F1-model_v1,102.67562866210938,0.0
961,330.0,all,98.22,P68133,9.94,0.0,/AF-P68133-F1-model_v1,70.9078369140625,0.0
962,338.0,all,96.9,P68133,11.29,0.0,/AF-P68133-F1-model_v1,74.25887298583984,0.0
963,361.0,all,97.71,P68133,10.33,0.0,/AF-P68133-F1-model_v1,44.23362350463867,0.0
964,375.0,all,94.16,P68133,11.14,0.0,/AF-P68133-F1-model_v1,27.88058853149414,0.0
965,19.0,all,98.53,Q562R1,11.69,0.0,/AF-Q562R1-F1-model_v1,27.076339721679688,0.0
966,51.0,all,84.42,Q562R1,11.55,0.0,/AF-Q562R1-F1-model_v1,51.73993682861328,0.0
967,62.0,all,91.68,Q562R1,11.28,0.0,/AF-Q562R1-F1-model_v1,32.70607376098633,0.0
968,69.0,all,96.72,Q562R1,10.31,0.0,/AF-Q562R1-F1-model_v1,84.84813690185547,0.0
969,85.0,all,97.96,Q562R1,10.48,0.0,/AF-Q562R1-F1-model_v1,41.552799224853516,0.0
970,114.0,all,96.46,Q562R1,10.34,0.0,/AF-Q562R1-F1-model_v1,100.66500854492188,0.0
971,119.0,all,98.36,Q562R1,10.33,0.0,/AF-Q562R1-F1-model_v1,41.95492172241211,0.0
972,192.0,all,96.71,Q562R1,10.44,0.0,/AF-Q562R1-F1-model_v1,98.65438842773438,0.0
973,214.0,all,98.33,Q562R1,9.71,0.0,/AF-Q562R1-F1-model_v1,18.363656997680664,0.0
974,216.0,all,98.02,Q562R1,11.37,0.0,/AF-Q562R1-F1-model_v1,66.48448181152344,0.0
975,285.0,all,98.31,Q562R1,10.21,0.0,/AF-Q562R1-F1-model_v1,58.7100830078125,0.0
976,292.0,all,97.32,Q562R1,10.53,0.0,/AF-Q562R1-F1-model_v1,102.67562866210938,0.0
977,316.0,all,98.28,Q562R1,11.16,0.0,/AF-Q562R1-F1-model_v1,49.059112548828125,0.0
978,327.0,all,95.74,Q562R1,10.39,0.0,/AF-Q562R1-F1-model_v1,101.06713104248047,0.0
979,329.0,all,98.12,Q562R1,9.93,0.0,/AF-Q562R1-F1-model_v1,63.267486572265625,0.0
980,337.0,all,96.88,Q562R1,11.29,0.0,/AF-Q562R1-F1-model_v1,66.7525634765625,0.0
981,360.0,all,97.6,Q562R1,10.44,0.0,/AF-Q562R1-F1-model_v1,44.23362350463867,0.0
982,374.0,all,93.68,Q562R1,11.28,0.0,/AF-Q562R1-F1-model_v1,30.829496383666992,0.0
983,20.0,all,98.56,P62736,11.65,0.0,/AF-P62736-F1-model_v1,25.601884841918945,0.0
984,52.0,all,84.64,P62736,11.48,0.0,/AF-P62736-F1-model_v1,56.43138122558594,0.0
985,63.0,all,91.9,P62736,11.19,0.0,/AF-P62736-F1-model_v1,26.54017448425293,0.0
986,70.0,all,96.82,P62736,10.33,0.0,/AF-P62736-F1-model_v1,89.27149963378906,0.0
987,86.0,all,98.28,P62736,10.4,0.0,/AF-P62736-F1-model_v1,31.901826858520508,0.0
988,115.0,all,96.67,P62736,10.36,0.0,/AF-P62736-F1-model_v1,96.64376831054688,0.0
989,120.0,all,98.44,P62736,10.39,0.0,/AF-P62736-F1-model_v1,40.61450958251953,0.0
990,193.0,all,97.4,P62736,10.45,0.0,/AF-P62736-F1-model_v1,84.04388427734375,0.0
991,215.0,all,98.57,P62736,9.52,0.0,/AF-P62736-F1-model_v1,12.19775676727295,0.0
992,217.0,all,98.31,P62736,11.36,0.0,/AF-P62736-F1-model_v1,69.83551025390625,0.0
993,240.0,all,98.08,P62736,10.17,0.0,/AF-P62736-F1-model_v1,68.62913513183594,0.0
994,286.0,all,98.28,P62736,10.2,0.0,/AF-P62736-F1-model_v1,60.98878479003906,0.0
995,293.0,all,97.44,P62736,10.55,0.0,/AF-P62736-F1-model_v1,97.98418426513672,0.0
996,317.0,all,98.62,P62736,11.17,0.0,/AF-P62736-F1-model_v1,46.78041076660156,0.0
997,328.0,all,95.92,P62736,10.41,0.0,/AF-P62736-F1-model_v1,99.86075592041016,0.0
998,330.0,all,98.36,P62736,9.94,0.0,/AF-P62736-F1-model_v1,64.20578002929688,0.0
999,338.0,all,97.17,P62736,11.28,0.0,/AF-P62736-F1-model_v1,66.48448181152344,0.0
1000,361.0,all,97.68,P62736,10.56,0.0,/AF-P62736-F1-model_v1,34.5826530456543,0.0
1001,375.0,all,94.12,P62736,11.24,0.0,/AF-P62736-F1-model_v1,29.35504150390625,0.0
1002,153.0,all,70.2,P29966,10.47,0.0,/AF-P29966-F1-model_v1,100.66500854492188,0.0
1003,155.0,all,73.61,P29966,10.45,0.0,/AF-P29966-F1-model_v1,104.41815948486328,0.0
1004,156.0,all,76.42,P29966,10.46,0.0,/AF-P29966-F1-model_v1,103.6139144897461,0.0
1005,162.0,all,72.92,P29966,10.45,0.0,/AF-P29966-F1-model_v1,114.87338256835938,0.0
1006,172.0,all,70.61,P29966,10.44,0.0,/AF-P29966-F1-model_v1,82.70347595214844,0.0
1007,173.0,all,83.71,P48668,10.38,0.0,/AF-P48668-F1-model_v1,77.3418197631836,0.0
1008,180.0,all,88.36,P48668,10.32,0.0,/AF-P48668-F1-model_v1,75.3311996459961,0.0
1009,189.0,all,93.42,P48668,10.44,0.0,/AF-P48668-F1-model_v1,86.32258605957031,0.0
1010,194.0,all,88.63,P48668,10.41,0.0,/AF-P48668-F1-model_v1,75.19715881347656,0.0
1011,250.0,all,97.9,P48668,12.22,0.0,/AF-P48668-F1-model_v1,56.163299560546875,0.0
1012,252.0,all,98.07,P48668,11.34,0.0,/AF-P48668-F1-model_v1,67.95893096923828,0.0
1013,259.0,all,97.4,P48668,11.09,0.0,/AF-P48668-F1-model_v1,60.85474395751953,0.0
1014,271.0,all,97.76,P48668,10.4,0.0,/AF-P48668-F1-model_v1,86.32258605957031,0.0
1015,272.0,all,97.75,P48668,10.37,0.0,/AF-P48668-F1-model_v1,85.65238189697266,0.0
1016,281.0,all,98.22,P48668,10.4,0.0,/AF-P48668-F1-model_v1,86.72471618652344,0.0
1017,287.0,all,97.86,P48668,10.98,0.0,/AF-P48668-F1-model_v1,61.793033599853516,0.0
1018,338.0,all,92.43,P48668,10.33,0.0,/AF-P48668-F1-model_v1,67.42276763916016,0.0
1019,359.0,all,94.88,P48668,11.38,0.0,/AF-P48668-F1-model_v1,53.48247146606445,0.0
1020,378.0,all,97.38,P48668,10.43,0.0,/AF-P48668-F1-model_v1,79.3524398803711,0.0
1021,399.0,all,97.05,P48668,11.06,0.0,/AF-P48668-F1-model_v1,80.29073333740234,0.0
1022,400.0,all,96.73,P48668,10.38,0.0,/AF-P48668-F1-model_v1,98.25226593017578,0.0
1023,421.0,all,97.39,P48668,10.41,0.0,/AF-P48668-F1-model_v1,84.84813690185547,0.0
1024,424.0,all,96.65,P48668,10.4,0.0,/AF-P48668-F1-model_v1,92.22040557861328,0.0
1025,426.0,all,96.52,P48668,10.64,0.0,/AF-P48668-F1-model_v1,83.90984344482422,0.0
1026,436.0,all,97.26,P48668,10.44,0.0,/AF-P48668-F1-model_v1,81.63114166259766,0.0
1027,438.0,all,96.43,P48668,10.2,0.0,/AF-P48668-F1-model_v1,52.8122673034668,0.0
1028,446.0,all,96.25,P48668,11.12,0.0,/AF-P48668-F1-model_v1,65.94831085205078,0.0
1029,455.0,all,96.15,P48668,11.39,0.0,/AF-P48668-F1-model_v1,65.1440658569336,0.0
1030,467.0,all,87.72,P48668,10.44,0.0,/AF-P48668-F1-model_v1,74.25887298583984,0.0
1031,34.0,all,0.0,P10412,10.87,0.5214403129793473,/3TZD-alt1C_assembled/3TZD-alt1B_assembled/3TZD-alt1A_assembled,59.02284622192383,19.522380828857422
1032,44.0,all,0.0,P10412,10.713333333333333,0.06658328118479354,/3TZD-alt1C_assembled/3TZD-alt1B_assembled/3TZD-alt1A_assembled,64.29513549804688,16.213088989257812
1033,50.0,all,0.0,P10412,11.286666666666667,0.1833939293797187,/3TZD-alt1C_assembled/3TZD-alt1B_assembled/3TZD-alt1A_assembled,15.101984977722168,4.372978687286377
1034,52.0,all,22.1925,P10412,10.459999999999999,0.05477225575051631,/3TZD-alt1C_assembled/3TZD-alt1B_assembled/3TZD-alt1A_assembled/AF-P10412-F1-model_v1,76.33651733398438,17.5252685546875
1035,81.0,all,48.09,P10412,10.32,0.0424264068711932,/3TZD-alt1C_assembled/AF-P10412-F1-model_v1,82.9715576171875,5.876454830169678
1036,46.0,all,94.46,P10412,11.32,0.0,/AF-P10412-F1-model_v1,86.59066772460938,0.0
1037,63.0,all,96.05,P10412,9.96,0.0,/AF-P10412-F1-model_v1,65.01002502441406,0.0
1038,64.0,all,96.33,P10412,10.41,0.0,/AF-P10412-F1-model_v1,106.83090209960938,0.0
1039,75.0,all,94.05,P10412,10.44,0.0,/AF-P10412-F1-model_v1,93.82890319824219,0.0
1040,85.0,all,95.95,P10412,10.39,0.0,/AF-P10412-F1-model_v1,104.28411865234375,0.0
1041,90.0,all,93.87,P10412,10.34,0.0,/AF-P10412-F1-model_v1,109.91385650634766,0.0
1042,97.0,all,94.72,P10412,10.29,0.0,/AF-P10412-F1-model_v1,81.89922332763672,0.0
1043,106.0,all,94.85,P10412,10.09,0.0,/AF-P10412-F1-model_v1,56.699462890625,0.0
1044,109.0,all,75.97,P10412,10.41,0.0,/AF-P10412-F1-model_v1,98.65438842773438,0.0
1045,173.0,all,84.77,P02538,10.38,0.0,/AF-P02538-F1-model_v1,74.12483215332031,0.0
1046,180.0,all,89.49,P02538,10.32,0.0,/AF-P02538-F1-model_v1,71.84613037109375,0.0
1047,189.0,all,93.33,P02538,10.43,0.0,/AF-P02538-F1-model_v1,82.5694351196289,0.0
1048,194.0,all,88.78,P02538,10.41,0.0,/AF-P02538-F1-model_v1,77.07373809814453,0.0
1049,250.0,all,97.34,P02538,11.73,0.0,/AF-P02538-F1-model_v1,65.01002502441406,0.0
1050,252.0,all,97.66,P02538,11.33,0.0,/AF-P02538-F1-model_v1,67.42276763916016,0.0
1051,259.0,all,96.51,P02538,11.19,0.0,/AF-P02538-F1-model_v1,76.5375747680664,0.0
1052,271.0,all,97.59,P02538,10.4,0.0,/AF-P02538-F1-model_v1,84.17792510986328,0.0
1053,272.0,all,97.65,P02538,10.38,0.0,/AF-P02538-F1-model_v1,89.53958129882812,0.0
1054,281.0,all,98.01,P02538,10.4,0.0,/AF-P02538-F1-model_v1,82.30135345458984,0.0
1055,287.0,all,97.61,P02538,10.31,0.0,/AF-P02538-F1-model_v1,68.76318359375,0.0
1056,338.0,all,92.02,P02538,10.36,0.0,/AF-P02538-F1-model_v1,70.37167358398438,0.0
1057,359.0,all,94.85,P02538,11.4,0.0,/AF-P02538-F1-model_v1,53.21438980102539,0.0
1058,378.0,all,96.99,P02538,10.43,0.0,/AF-P02538-F1-model_v1,83.90984344482422,0.0
1059,399.0,all,96.9,P02538,10.77,0.0,/AF-P02538-F1-model_v1,80.82689666748047,0.0
1060,400.0,all,96.31,P02538,10.39,0.0,/AF-P02538-F1-model_v1,99.72671508789062,0.0
1061,421.0,all,97.42,P02538,11.06,0.0,/AF-P02538-F1-model_v1,62.7313232421875,0.0
1062,424.0,all,96.62,P02538,10.4,0.0,/AF-P02538-F1-model_v1,85.51834106445312,0.0
1063,426.0,all,96.08,P02538,11.06,0.0,/AF-P02538-F1-model_v1,70.23763275146484,0.0
1064,436.0,all,97.21,P02538,10.44,0.0,/AF-P02538-F1-model_v1,78.9503173828125,0.0
1065,438.0,all,96.38,P02538,10.28,0.0,/AF-P02538-F1-model_v1,55.627132415771484,0.0
1066,446.0,all,96.38,P02538,11.15,0.0,/AF-P02538-F1-model_v1,64.07173156738281,0.0
1067,455.0,all,96.2,P02538,11.43,0.0,/AF-P02538-F1-model_v1,65.81427001953125,0.0
1068,467.0,all,87.91,P02538,10.44,0.0,/AF-P02538-F1-model_v1,77.3418197631836,0.0
1069,53.0,all,92.29,Q58FF7,10.39,0.0,/AF-Q58FF7-F1-model_v1,72.78441619873047,0.0
1070,64.0,all,92.43,Q58FF7,11.3,0.0,/AF-Q58FF7-F1-model_v1,29.086959838867188,0.0
1071,69.0,all,91.61,Q58FF7,10.56,0.0,/AF-Q58FF7-F1-model_v1,86.45662689208984,0.0
1072,72.0,all,95.77,Q58FF7,12.11,0.0,/AF-Q58FF7-F1-model_v1,24.261472702026367,0.0
1073,95.0,all,92.47,Q58FF7,10.37,0.0,/AF-Q58FF7-F1-model_v1,49.59527587890625,0.0
1074,121.0,all,85.61,Q58FF7,11.25,0.0,/AF-Q58FF7-F1-model_v1,32.97415542602539,0.0
1075,127.0,all,96.62,Q58FF7,10.09,0.0,/AF-Q58FF7-F1-model_v1,26.808258056640625,0.0
1076,159.0,all,96.35,Q58FF7,10.53,0.0,/AF-Q58FF7-F1-model_v1,36.59326934814453,0.0
1077,165.0,all,87.83,Q58FF7,10.36,0.0,/AF-Q58FF7-F1-model_v1,36.86135482788086,0.0
1078,178.0,all,90.39,Q58FF7,11.57,0.0,/AF-Q58FF7-F1-model_v1,44.23362350463867,0.0
1079,182.0,all,86.13,Q58FF7,10.28,0.0,/AF-Q58FF7-F1-model_v1,102.94371032714844,0.0
1080,183.0,all,80.89,Q58FF7,11.32,0.0,/AF-Q58FF7-F1-model_v1,55.89521789550781,0.0
1081,241.0,all,86.22,Q58FF7,10.96,0.0,/AF-Q58FF7-F1-model_v1,86.18854522705078,0.0
1082,248.0,all,93.01,Q58FF7,10.5,0.0,/AF-Q58FF7-F1-model_v1,45.43999481201172,0.0
1083,261.0,all,93.41,Q58FF7,10.36,0.0,/AF-Q58FF7-F1-model_v1,98.92247009277344,0.0
1084,289.0,all,83.49,Q58FF7,10.46,0.0,/AF-Q58FF7-F1-model_v1,109.24365234375,0.0
1085,290.0,all,83.18,Q58FF7,11.21,0.0,/AF-Q58FF7-F1-model_v1,61.658992767333984,0.0
1086,291.0,all,81.4,Q58FF7,11.15,0.0,/AF-Q58FF7-F1-model_v1,63.53556823730469,0.0
1087,292.0,all,82.17,Q58FF7,12.51,0.0,/AF-Q58FF7-F1-model_v1,44.903831481933594,0.0
1088,296.0,all,83.35,Q58FF7,9.34,0.0,/AF-Q58FF7-F1-model_v1,35.52094268798828,0.0
1089,350.0,all,83.88,Q58FF7,10.07,0.0,/AF-Q58FF7-F1-model_v1,49.59527587890625,0.0
1090,354.0,all,85.0,Q58FF7,10.48,0.0,/AF-Q58FF7-F1-model_v1,93.42677307128906,0.0
1091,364.0,all,95.38,Q58FF7,10.45,0.0,/AF-Q58FF7-F1-model_v1,97.85013580322266,0.0
1092,378.0,all,90.84,Q58FF7,10.11,0.0,/AF-Q58FF7-F1-model_v1,58.039878845214844,0.0
1093,399.0,all,86.77,Q58FF7,10.43,0.0,/AF-Q58FF7-F1-model_v1,90.87998962402344,0.0
1094,404.0,all,86.64,Q58FF7,10.05,0.0,/AF-Q58FF7-F1-model_v1,28.952917098999023,0.0
1095,411.0,all,93.74,Q58FF7,9.52,0.0,/AF-Q58FF7-F1-model_v1,36.72731399536133,0.0
1096,423.0,all,87.34,Q58FF7,11.62,0.0,/AF-Q58FF7-F1-model_v1,49.46123504638672,0.0
1097,424.0,all,91.73,Q58FF7,10.66,0.0,/AF-Q58FF7-F1-model_v1,68.36105346679688,0.0
1098,425.0,all,91.33,Q58FF7,10.85,0.0,/AF-Q58FF7-F1-model_v1,77.87799072265625,0.0
1099,430.0,all,94.45,Q58FF7,11.31,0.0,/AF-Q58FF7-F1-model_v1,59.24625015258789,0.0
1100,432.0,all,95.39,Q58FF7,11.1,0.0,/AF-Q58FF7-F1-model_v1,43.69746017456055,0.0
1101,438.0,all,96.22,Q58FF7,11.51,0.0,/AF-Q58FF7-F1-model_v1,66.35043334960938,0.0
1102,441.0,all,96.91,Q58FF7,10.98,0.0,/AF-Q58FF7-F1-model_v1,30.293331146240234,0.0
1103,446.0,all,89.85,Q58FF7,10.44,0.0,/AF-Q58FF7-F1-model_v1,96.64376831054688,0.0
1104,447.0,all,91.27,Q58FF7,10.33,0.0,/AF-Q58FF7-F1-model_v1,52.678226470947266,0.0
1105,450.0,all,95.07,Q58FF7,10.35,0.0,/AF-Q58FF7-F1-model_v1,69.1653060913086,0.0
1106,480.0,all,84.75,Q58FF7,11.16,0.0,/AF-Q58FF7-F1-model_v1,47.182533264160156,0.0
1107,496.0,all,87.5,Q58FF7,11.51,0.0,/AF-Q58FF7-F1-model_v1,69.43338775634766,0.0
1108,497.0,all,93.72,Q58FF7,9.84,0.0,/AF-Q58FF7-F1-model_v1,27.21038055419922,0.0
1109,514.0,all,93.86,Q58FF7,10.56,0.0,/AF-Q58FF7-F1-model_v1,68.89722442626953,0.0
1110,519.0,all,89.77,Q58FF7,10.38,0.0,/AF-Q58FF7-F1-model_v1,73.58866882324219,0.0
1111,522.0,all,87.56,Q58FF7,10.66,0.0,/AF-Q58FF7-F1-model_v1,82.5694351196289,0.0
1112,525.0,all,90.89,Q58FF7,10.36,0.0,/AF-Q58FF7-F1-model_v1,48.522945404052734,0.0
1113,558.0,all,86.2,Q58FF7,10.41,0.0,/AF-Q58FF7-F1-model_v1,69.83551025390625,0.0
1114,27.0,all,89.07,P46459,10.44,0.0,/AF-P46459-F1-model_v1,77.74394989013672,0.0
1115,50.0,all,92.74,P46459,10.39,0.0,/AF-P46459-F1-model_v1,42.75917053222656,0.0
1116,68.0,all,89.34,P46459,10.32,0.0,/AF-P46459-F1-model_v1,69.43338775634766,0.0
1117,87.0,all,81.67,P46459,10.49,0.0,/AF-P46459-F1-model_v1,86.18854522705078,0.0
1118,89.0,all,83.09,P46459,10.6,0.0,/AF-P46459-F1-model_v1,76.00141143798828,0.0
1119,104.0,all,79.39,P46459,11.36,0.0,/AF-P46459-F1-model_v1,57.10158920288086,0.0
1120,105.0,all,79.21,P46459,10.47,0.0,/AF-P46459-F1-model_v1,93.56082153320312,0.0
1121,116.0,all,90.71,P46459,10.62,0.0,/AF-P46459-F1-model_v1,71.84613037109375,0.0
1122,143.0,all,87.75,P46459,12.25,0.0,/AF-P46459-F1-model_v1,27.478464126586914,0.0
1123,150.0,all,91.15,P46459,12.21,0.0,/AF-P46459-F1-model_v1,41.15067672729492,0.0
1124,171.0,all,87.03,P46459,11.61,0.0,/AF-P46459-F1-model_v1,68.89722442626953,0.0
1125,187.0,all,87.38,P46459,9.73,0.0,/AF-P46459-F1-model_v1,22.92106056213379,0.0
1126,198.0,all,79.57,P46459,10.62,0.0,/AF-P46459-F1-model_v1,87.66300201416016,0.0
1127,200.0,all,79.28,P46459,10.07,0.0,/AF-P46459-F1-model_v1,44.903831481933594,0.0
1128,225.0,all,85.89,P46459,10.69,0.0,/AF-P46459-F1-model_v1,105.89261627197266,0.0
1129,251.0,all,80.53,P46459,10.29,0.0,/AF-P46459-F1-model_v1,72.65037536621094,0.0
1130,254.0,all,87.29,P46459,9.26,0.0,/AF-P46459-F1-model_v1,21.178524017333984,0.0
1131,266.0,all,90.31,P46459,8.85,0.0,/AF-P46459-F1-model_v1,21.580646514892578,0.0
1132,275.0,all,78.83,P46459,10.25,0.0,/AF-P46459-F1-model_v1,93.02465057373047,0.0
1133,283.0,all,90.37,P46459,10.79,0.0,/AF-P46459-F1-model_v1,47.182533264160156,0.0
1134,293.0,all,81.29,P46459,10.43,0.0,/AF-P46459-F1-model_v1,78.01203155517578,0.0
1135,304.0,all,92.01,P46459,10.43,0.0,/AF-P46459-F1-model_v1,78.81627655029297,0.0
1136,335.0,all,83.16,P46459,10.24,0.0,/AF-P46459-F1-model_v1,86.32258605957031,0.0
1137,357.0,all,87.72,P46459,10.9,0.0,/AF-P46459-F1-model_v1,21.982770919799805,0.0
1138,392.0,all,91.69,P46459,10.0,0.0,/AF-P46459-F1-model_v1,46.512325286865234,0.0
1139,401.0,all,89.27,P46459,10.62,0.0,/AF-P46459-F1-model_v1,91.55020141601562,0.0
1140,427.0,all,92.94,P46459,10.58,0.0,/AF-P46459-F1-model_v1,90.34382629394531,0.0
1141,434.0,all,78.59,P46459,9.73,0.0,/AF-P46459-F1-model_v1,46.24424362182617,0.0
1142,489.0,all,73.7,P46459,11.33,0.0,/AF-P46459-F1-model_v1,72.5163345336914,0.0
1143,509.0,all,91.04,P46459,10.5,0.0,/AF-P46459-F1-model_v1,70.63975524902344,0.0
1144,529.0,all,91.73,P46459,10.37,0.0,/AF-P46459-F1-model_v1,75.46524810791016,0.0
1145,549.0,all,94.17,P46459,8.65,0.0,/AF-P46459-F1-model_v1,7.238229274749756,0.0
1146,555.0,all,92.06,P46459,11.53,0.0,/AF-P46459-F1-model_v1,25.06572151184082,0.0
1147,566.0,all,89.2,P46459,9.64,0.0,/AF-P46459-F1-model_v1,75.46524810791016,0.0
1148,572.0,all,87.56,P46459,11.11,0.0,/AF-P46459-F1-model_v1,41.552799224853516,0.0
1149,581.0,all,94.18,P46459,10.8,0.0,/AF-P46459-F1-model_v1,15.548789024353027,0.0
1150,586.0,all,92.69,P46459,10.65,0.0,/AF-P46459-F1-model_v1,76.5375747680664,0.0
1151,587.0,all,89.62,P46459,10.48,0.0,/AF-P46459-F1-model_v1,101.73733520507812,0.0
1152,594.0,all,79.62,P46459,11.1,0.0,/AF-P46459-F1-model_v1,78.9503173828125,0.0
1153,631.0,all,91.9,P46459,10.35,0.0,/AF-P46459-F1-model_v1,81.09497833251953,0.0
1154,632.0,all,92.95,P46459,10.26,0.0,/AF-P46459-F1-model_v1,71.84613037109375,0.0
1155,639.0,all,93.25,P46459,11.11,0.0,/AF-P46459-F1-model_v1,17.961532592773438,0.0
1156,649.0,all,93.18,P46459,11.39,0.0,/AF-P46459-F1-model_v1,41.552799224853516,0.0
1157,687.0,all,90.58,P46459,10.47,0.0,/AF-P46459-F1-model_v1,86.59066772460938,0.0
1158,689.0,all,90.59,P46459,10.44,0.0,/AF-P46459-F1-model_v1,91.1480712890625,0.0
1159,699.0,all,82.57,P46459,10.51,0.0,/AF-P46459-F1-model_v1,87.12683868408203,0.0
1160,701.0,all,84.39,P46459,10.02,0.0,/AF-P46459-F1-model_v1,58.97816467285156,0.0
1161,702.0,all,85.05,P46459,10.52,0.0,/AF-P46459-F1-model_v1,97.179931640625,0.0
1162,708.0,all,92.41,P46459,10.3,0.0,/AF-P46459-F1-model_v1,83.3736801147461,0.0
1163,709.0,all,92.41,P46459,11.27,0.0,/AF-P46459-F1-model_v1,40.48046875,0.0
1164,728.0,all,92.51,P46459,10.4,0.0,/AF-P46459-F1-model_v1,52.008018493652344,0.0
1165,20.0,all,77.88,O00567,10.41,0.0,/AF-O00567-F1-model_v1,86.18854522705078,0.0
1166,41.0,all,82.69,O00567,10.42,0.0,/AF-O00567-F1-model_v1,76.67161560058594,0.0
1167,99.0,all,90.99,O00567,10.56,0.0,/AF-O00567-F1-model_v1,86.18854522705078,0.0
1168,134.0,all,79.79,O00567,10.44,0.0,/AF-O00567-F1-model_v1,103.2117919921875,0.0
1169,143.0,all,92.16,O00567,10.39,0.0,/AF-O00567-F1-model_v1,94.63314819335938,0.0
1170,156.0,all,89.75,O00567,11.24,0.0,/AF-O00567-F1-model_v1,63.133445739746094,0.0
1171,158.0,all,84.18,O00567,10.55,0.0,/AF-O00567-F1-model_v1,104.95433044433594,0.0
1172,180.0,all,95.23,O00567,10.49,0.0,/AF-O00567-F1-model_v1,91.68424224853516,0.0
1173,202.0,all,87.23,O00567,10.49,0.0,/AF-O00567-F1-model_v1,98.7884292602539,0.0
1174,227.0,all,76.23,O00567,10.08,0.0,/AF-O00567-F1-model_v1,39.14005661010742,0.0
1175,230.0,all,79.54,O00567,10.47,0.0,/AF-O00567-F1-model_v1,73.99079132080078,0.0
1176,240.0,all,84.15,O00567,10.71,0.0,/AF-O00567-F1-model_v1,59.648372650146484,0.0
1177,242.0,all,85.65,O00567,10.59,0.0,/AF-O00567-F1-model_v1,68.62913513183594,0.0
1178,288.0,all,90.56,O00567,10.51,0.0,/AF-O00567-F1-model_v1,61.92707443237305,0.0
1179,320.0,all,94.96,O00567,10.39,0.0,/AF-O00567-F1-model_v1,85.11621856689453,0.0
1180,333.0,all,87.39,O00567,10.43,0.0,/AF-O00567-F1-model_v1,112.86276245117188,0.0
1181,340.0,all,92.29,O00567,10.4,0.0,/AF-O00567-F1-model_v1,86.72471618652344,0.0
1182,347.0,all,84.12,O00567,10.36,0.0,/AF-O00567-F1-model_v1,85.51834106445312,0.0
1183,363.0,all,87.64,O00567,10.46,0.0,/AF-O00567-F1-model_v1,94.49910736083984,0.0
1184,365.0,all,89.09,O00567,10.33,0.0,/AF-O00567-F1-model_v1,38.87197494506836,0.0
1185,375.0,all,93.51,O00567,8.4,0.0,/AF-O00567-F1-model_v1,10.321179389953613,0.0
1186,396.0,all,90.93,O00567,11.45,0.0,/AF-O00567-F1-model_v1,24.931678771972656,0.0
1187,416.0,all,82.34,O00567,10.44,0.0,/AF-O00567-F1-model_v1,92.35444641113281,0.0
1188,422.0,all,83.11,O00567,10.39,0.0,/AF-O00567-F1-model_v1,93.82890319824219,0.0
1189,438.0,all,79.96,O00567,11.39,0.0,/AF-O00567-F1-model_v1,79.88860321044922,0.0
1190,441.0,all,79.66,O00567,10.39,0.0,/AF-O00567-F1-model_v1,90.07574462890625,0.0
1191,444.0,all,75.9,O00567,10.63,0.0,/AF-O00567-F1-model_v1,86.18854522705078,0.0
1192,445.0,all,78.19,O00567,10.39,0.0,/AF-O00567-F1-model_v1,91.01403045654297,0.0
1193,448.0,all,75.33,O00567,10.42,0.0,/AF-O00567-F1-model_v1,80.02265167236328,0.0
1194,449.0,all,77.71,O00567,10.39,0.0,/AF-O00567-F1-model_v1,97.31397247314453,0.0
1195,451.0,all,76.73,O00567,10.42,0.0,/AF-O00567-F1-model_v1,88.86936950683594,0.0
1196,452.0,all,77.42,O00567,10.4,0.0,/AF-O00567-F1-model_v1,82.70347595214844,0.0
1197,56.0,all,0.0,Q01813,11.026,0.2993028937752227,/4XZ2-alt-1_assembled/4XYJ-alt-1_assembled,50.74803161621094,6.052903175354004
1198,109.0,all,0.0,Q01813,10.496,0.05168279318217159,/4XZ2-alt-1_assembled/4XYJ-alt-1_assembled,61.471336364746094,8.887744903564453
1199,139.0,all,0.0,Q01813,10.264,0.13133502536981081,/4XZ2-alt-1_assembled/4XYJ-alt-1_assembled,69.54061889648438,13.550153732299805
1200,156.0,all,0.0,Q01813,10.409,0.08225299724359954,/4XZ2-alt-1_assembled/4XYJ-alt-1_assembled,71.77910614013672,10.068921089172363
1201,161.0,all,0.0,Q01813,10.625,0.5181644955460036,/4XZ2-alt-1_assembled/4XYJ-alt-1_assembled,60.4526252746582,22.4643497467041
1202,255.0,all,0.0,Q01813,8.961999999999998,0.6335929292534753,/4XZ2-alt-1_assembled/4XYJ-alt-1_assembled,20.49491310119629,8.458053588867188
1203,263.0,all,0.0,Q01813,10.282,0.22399404753995883,/4XZ2-alt-1_assembled/4XYJ-alt-1_assembled,76.89947509765625,7.977940559387207
1204,264.0,all,0.0,Q01813,10.083000000000002,0.37567864518021854,/4XZ2-alt-1_assembled/4XYJ-alt-1_assembled,34.82392120361328,4.063610553741455
1205,281.0,all,0.0,Q01813,10.329999999999998,0.1434495652756668,/4XZ2-alt-1_assembled/4XYJ-alt-1_assembled,61.37751007080078,4.905272960662842
1206,287.0,all,0.0,Q01813,10.427,0.2883304431454378,/4XZ2-alt-1_assembled/4XYJ-alt-1_assembled,43.93873596191406,8.262085914611816
1207,289.0,all,0.0,Q01813,10.27,0.1493690433493872,/4XZ2-alt-1_assembled/4XYJ-alt-1_assembled,41.00322723388672,8.827625274658203
1208,369.0,all,0.0,Q01813,10.972,0.4336870351352972,/4XZ2-alt-1_assembled/4XYJ-alt-1_assembled,59.8092155456543,8.187570571899414
1209,395.0,all,0.0,Q01813,9.523,0.27789086586883954,/4XZ2-alt-1_assembled/4XYJ-alt-1_assembled,58.348167419433594,5.506417274475098
1210,400.0,all,0.0,Q01813,9.461,0.4634759972209998,/4XZ2-alt-1_assembled/4XYJ-alt-1_assembled,35.94987106323242,6.399072647094727
1211,408.0,all,0.0,Q01813,10.883,0.5472161872199647,/4XZ2-alt-1_assembled/4XYJ-alt-1_assembled,39.42154312133789,6.494342803955078
1212,455.0,all,0.0,Q01813,11.460999999999999,0.3076596243325482,/4XZ2-alt-1_assembled/4XYJ-alt-1_assembled,49.595272064208984,4.443400859832764
1213,459.0,all,0.0,Q01813,10.483,0.32961425265839983,/4XZ2-alt-1_assembled/4XYJ-alt-1_assembled,63.441741943359375,10.024370193481445
1214,480.0,all,0.0,Q01813,10.296666666666669,0.6589005994837158,/4XZ2-alt-1_assembled/4XYJ-alt-1_assembled,43.23576354980469,10.387142181396484
1215,486.0,all,0.0,Q01813,10.578999999999999,0.07030884249746482,/4XZ2-alt-1_assembled/4XYJ-alt-1_assembled,79.40605163574219,11.356424331665039
1216,524.0,all,0.0,Q01813,10.566999999999998,0.26310327503346126,/4XZ2-alt-1_assembled/4XYJ-alt-1_assembled,76.29630279541016,10.996978759765625
1217,567.0,all,0.0,Q01813,8.531000000000002,1.1025873611142518,/4XZ2-alt-1_assembled/4XYJ-alt-1_assembled,28.52398681640625,7.355544567108154
1218,574.0,all,0.0,Q01813,9.312999999999999,1.9011519899494858,/4XZ2-alt-1_assembled/4XYJ-alt-1_assembled,39.300907135009766,22.93440818786621
1219,625.0,all,0.0,Q01813,9.988,0.28432375911977537,/4XZ2-alt-1_assembled/4XYJ-alt-1_assembled,24.31509017944336,9.863593101501465
1220,627.0,all,0.0,Q01813,10.825999999999999,0.2899501872927676,/4XZ2-alt-1_assembled/4XYJ-alt-1_assembled,51.67292022705078,5.901961803436279
1221,659.0,all,0.0,Q01813,10.924000000000003,0.40340770664152875,/4XZ2-alt-1_assembled/4XYJ-alt-1_assembled,56.76648712158203,5.587109088897705
1222,666.0,all,0.0,Q01813,10.796000000000001,0.6306645524982181,/4XZ2-alt-1_assembled/4XYJ-alt-1_assembled,43.56342315673828,6.652734756469727
1223,688.0,all,0.0,Q01813,8.455000000000002,0.8484004557597391,/4XZ2-alt-1_assembled/4XYJ-alt-1_assembled,52.8926887512207,8.07176399230957
1224,700.0,all,0.0,Q01813,10.41,0.5158165048412724,/4XZ2-alt-1_assembled/4XYJ-alt-1_assembled,29.140575408935547,9.852048873901367
1225,702.0,all,0.0,Q01813,10.137,0.528626101848514,/4XZ2-alt-1_assembled/4XYJ-alt-1_assembled,72.4359130859375,12.689902305603027
1226,709.0,all,0.0,Q01813,10.312,0.495396586360643,/4XZ2-alt-1_assembled/4XYJ-alt-1_assembled,66.91340637207031,17.13770294189453
1227,710.0,all,0.0,Q01813,10.513,0.34954096882753083,/4XZ2-alt-1_assembled/4XYJ-alt-1_assembled,56.37776565551758,17.1999568939209
1228,724.0,all,0.0,Q01813,10.261,0.25273833636127835,/4XZ2-alt-1_assembled/4XYJ-alt-1_assembled,75.97460174560547,14.477396965026855
1229,736.0,all,0.0,Q01813,10.23,0.10519822558706354,/4XZ2-alt-1_assembled/4XYJ-alt-1_assembled,59.40709686279297,6.925840854644775
1230,737.0,all,0.0,Q01813,10.402999999999999,0.10551987701113165,/4XZ2-alt-1_assembled/4XYJ-alt-1_assembled,81.37646484375,8.14445972442627
1231,747.0,all,0.0,Q01813,10.431000000000001,0.14255213471257133,/4XZ2-alt-1_assembled/4XYJ-alt-1_assembled,68.28062438964844,14.914859771728516
1232,753.0,all,0.0,Q01813,10.486,0.970832403433031,/4XZ2-alt-1_assembled/4XYJ-alt-1_assembled,51.84716796875,10.884395599365234
1233,759.0,all,0.0,Q01813,9.861,0.5979121079965594,/4XZ2-alt-1_assembled/4XYJ-alt-1_assembled,44.60894012451172,17.499765396118164
1234,15.0,all,0.0,Q01813,10.861428571428572,0.2682305333991996,/4XYJ-alt-1_assembled,45.650634765625,8.772916793823242
1235,25.0,all,0.0,Q01813,9.66,0.23700512351303407,/4XYJ-alt-1_assembled,47.115509033203125,11.981307029724121
1236,763.0,all,0.0,Q01813,9.84125,0.40807693602344863,/4XYJ-alt-1_assembled,54.52128982543945,9.990411758422852
1237,765.0,all,0.0,Q01813,10.01857142857143,0.2643500565177778,/4XYJ-alt-1_assembled,78.98860931396484,8.911382675170898
1238,9.0,all,90.86,Q9ULV4,10.23,0.0,/AF-Q9ULV4-F1-model_v1,58.84412384033203,0.0
1239,19.0,all,95.71,Q9ULV4,10.43,0.0,/AF-Q9ULV4-F1-model_v1,94.09698486328125,0.0
1240,65.0,all,94.83,Q9ULV4,10.11,0.0,/AF-Q9ULV4-F1-model_v1,57.90583419799805,0.0
1241,71.0,all,91.41,Q9ULV4,10.21,0.0,/AF-Q9ULV4-F1-model_v1,63.669612884521484,0.0
1242,131.0,all,98.25,Q9ULV4,10.53,0.0,/AF-Q9ULV4-F1-model_v1,69.29934692382812,0.0
1243,194.0,all,96.49,Q9ULV4,11.13,0.0,/AF-Q9ULV4-F1-model_v1,51.20376968383789,0.0
1244,196.0,all,95.23,Q9ULV4,10.1,0.0,/AF-Q9ULV4-F1-model_v1,48.7910270690918,0.0
1245,197.0,all,97.25,Q9ULV4,11.42,0.0,/AF-Q9ULV4-F1-model_v1,37.66559982299805,0.0
1246,205.0,all,97.51,Q9ULV4,11.16,0.0,/AF-Q9ULV4-F1-model_v1,72.38229370117188,0.0
1247,212.0,all,97.74,Q9ULV4,10.13,0.0,/AF-Q9ULV4-F1-model_v1,26.4061336517334,0.0
1248,214.0,all,95.18,Q9ULV4,11.55,0.0,/AF-Q9ULV4-F1-model_v1,71.98017120361328,0.0
1249,251.0,all,95.75,Q9ULV4,10.41,0.0,/AF-Q9ULV4-F1-model_v1,99.5926742553711,0.0
1250,285.0,all,91.49,Q9ULV4,7.32,0.0,/AF-Q9ULV4-F1-model_v1,28.818876266479492,0.0
1251,311.0,all,92.36,Q9ULV4,10.48,0.0,/AF-Q9ULV4-F1-model_v1,113.13084411621094,0.0
1252,322.0,all,95.88,Q9ULV4,10.48,0.0,/AF-Q9ULV4-F1-model_v1,22.652976989746094,0.0
1253,329.0,all,92.11,Q9ULV4,11.53,0.0,/AF-Q9ULV4-F1-model_v1,80.5588150024414,0.0
1254,337.0,all,98.03,Q9ULV4,8.73,0.0,/AF-Q9ULV4-F1-model_v1,0.5361651182174683,0.0
1255,342.0,all,96.11,Q9ULV4,12.06,0.0,/AF-Q9ULV4-F1-model_v1,20.240234375,0.0
1256,353.0,all,84.61,Q9ULV4,10.47,0.0,/AF-Q9ULV4-F1-model_v1,99.1905517578125,0.0
1257,381.0,all,98.05,Q9ULV4,11.61,0.0,/AF-Q9ULV4-F1-model_v1,56.163299560546875,0.0
1258,391.0,all,88.8,Q9ULV4,10.68,0.0,/AF-Q9ULV4-F1-model_v1,62.32919692993164,0.0
1259,398.0,all,76.51,Q9ULV4,10.54,0.0,/AF-Q9ULV4-F1-model_v1,114.73934173583984,0.0
1260,403.0,all,86.8,Q9ULV4,10.52,0.0,/AF-Q9ULV4-F1-model_v1,107.50111389160156,0.0
1261,406.0,all,72.2,Q9ULV4,10.41,0.0,/AF-Q9ULV4-F1-model_v1,97.31397247314453,0.0
1262,440.0,all,79.36,Q9ULV4,10.42,0.0,/AF-Q9ULV4-F1-model_v1,85.92046356201172,0.0
1263,446.0,all,90.54,Q9ULV4,10.44,0.0,/AF-Q9ULV4-F1-model_v1,83.50772094726562,0.0
1264,449.0,all,91.74,Q9ULV4,10.43,0.0,/AF-Q9ULV4-F1-model_v1,84.17792510986328,0.0
1265,452.0,all,90.49,Q9ULV4,10.4,0.0,/AF-Q9ULV4-F1-model_v1,79.48648071289062,0.0
1266,464.0,all,90.64,Q9ULV4,10.39,0.0,/AF-Q9ULV4-F1-model_v1,80.69285583496094,0.0
1267,471.0,all,84.51,Q9ULV4,10.41,0.0,/AF-Q9ULV4-F1-model_v1,77.3418197631836,0.0
1268,5.0,all,0.0,Q00796,10.43,0.0,/1PL8-alt1B_assembled/1PL8-alt1A_assembled,79.72105407714844,2.2346267700195312
1269,62.0,all,0.0,Q00796,10.34,0.013093073414159263,/1PL8-alt1B_assembled/1PL8-alt1A_assembled,76.10194396972656,3.4841527938842773
1270,63.0,all,0.0,Q00796,10.625,0.022038926600773924,/1PL8-alt1B_assembled/1PL8-alt1A_assembled,69.90252685546875,2.3337924480438232
1271,77.0,all,0.0,Q00796,11.389999999999999,0.06458659745975558,/1PL8-alt1B_assembled/1PL8-alt1A_assembled,51.40483093261719,3.3705074787139893
1272,83.0,all,0.0,Q00796,10.3925,0.081897148040349,/1PL8-alt1B_assembled/1PL8-alt1A_assembled,80.19020080566406,10.44066333770752
1273,86.0,all,0.0,Q00796,11.360000000000001,0.03891382420536056,/1PL8-alt1B_assembled/1PL8-alt1A_assembled,64.37333679199219,4.193556785583496
1274,106.0,all,0.0,Q00796,10.684999999999999,0.2732868717771023,/1PL8-alt1B_assembled/1PL8-alt1A_assembled,55.81143569946289,9.50517463684082
1275,133.0,all,0.0,Q00796,10.2975,0.06158617655657129,/1PL8-alt1B_assembled/1PL8-alt1A_assembled,38.938995361328125,0.8745753169059753
1276,141.0,all,0.0,Q00796,10.19625,0.13700234617386264,/1PL8-alt1B_assembled/1PL8-alt1A_assembled,59.9499626159668,12.59534740447998
1277,174.0,all,0.0,Q00796,10.197500000000002,0.05922113522335429,/1PL8-alt1B_assembled/1PL8-alt1A_assembled,21.178524017333984,3.1394612789154053
1278,192.0,all,0.0,Q00796,10.17125,0.03796144660799214,/1PL8-alt1B_assembled/1PL8-alt1A_assembled,24.663597106933594,0.5361655354499817
1279,211.0,all,0.0,Q00796,10.175,0.16475089420958267,/1PL8-alt1B_assembled/1PL8-alt1A_assembled,31.80129623413086,2.310303211212158
1280,213.0,all,0.0,Q00796,9.77,0.5641175156193711,/1PL8-alt1B_assembled/1PL8-alt1A_assembled,44.63574981689453,5.538725852966309
1281,225.0,all,0.0,Q00796,10.485000000000001,0.03251373336211712,/1PL8-alt1B_assembled/1PL8-alt1A_assembled,82.20081329345703,7.896498203277588
1282,234.0,all,0.0,Q00796,10.0275,0.5277648285796565,/1PL8-alt1B_assembled/1PL8-alt1A_assembled,28.718345642089844,17.787601470947266
1283,242.0,all,0.0,Q00796,10.795,0.10542431272854326,/1PL8-alt1B_assembled/1PL8-alt1A_assembled,29.422061920166016,2.643221378326416
1284,294.0,all,0.0,Q00796,10.21875,0.013562026818605785,/1PL8-alt1B_assembled/1PL8-alt1A_assembled,46.110198974609375,4.762307167053223
1285,313.0,all,0.0,Q00796,10.165000000000001,0.039279220242478444,/1PL8-alt1B_assembled/1PL8-alt1A_assembled,55.82819747924805,1.5778844356536865
1286,318.0,all,0.0,Q00796,10.717500000000001,0.007071067811865325,/1PL8-alt1B_assembled/1PL8-alt1A_assembled,54.85639953613281,2.3684539794921875
1287,329.0,all,0.0,Q00796,10.46,0.01309307341416004,/1PL8-alt1B_assembled/1PL8-alt1A_assembled,56.79999542236328,1.4626561403274536
1288,338.0,all,0.0,Q00796,11.0625,0.26015105502106184,/1PL8-alt1B_assembled/1PL8-alt1A_assembled,42.591617584228516,5.7052531242370605
1289,339.0,all,0.0,Q00796,10.3975,0.01581138830084156,/1PL8-alt1B_assembled/1PL8-alt1A_assembled,72.65038299560547,2.699906349182129
1290,344.0,all,0.0,Q00796,12.228750000000002,0.012464234547581981,/1PL8-alt1B_assembled/1PL8-alt1A_assembled,16.654630661010742,1.3683658838272095
1291,348.0,all,0.0,Q00796,9.766250000000001,0.017677669529663313,/1PL8-alt1B_assembled/1PL8-alt1A_assembled,1.3739230632781982,0.23491398990154266
1292,122.0,all,89.06,Q53GS9,9.61,0.0,/AF-Q53GS9-F1-model_v1,44.3676643371582,0.0
1293,141.0,all,93.74,Q53GS9,10.58,0.0,/AF-Q53GS9-F1-model_v1,80.29073333740234,0.0
1294,149.0,all,90.12,Q53GS9,10.44,0.0,/AF-Q53GS9-F1-model_v1,101.6032943725586,0.0
1295,171.0,all,93.75,Q53GS9,11.64,0.0,/AF-Q53GS9-F1-model_v1,45.84212112426758,0.0
1296,194.0,all,90.23,Q53GS9,11.01,0.0,/AF-Q53GS9-F1-model_v1,65.27810668945312,0.0
1297,199.0,all,90.26,Q53GS9,10.73,0.0,/AF-Q53GS9-F1-model_v1,88.46724700927734,0.0
1298,207.0,all,85.92,Q53GS9,10.41,0.0,/AF-Q53GS9-F1-model_v1,93.82890319824219,0.0
1299,210.0,all,86.62,Q53GS9,10.39,0.0,/AF-Q53GS9-F1-model_v1,98.92247009277344,0.0
1300,231.0,all,85.57,Q53GS9,10.33,0.0,/AF-Q53GS9-F1-model_v1,78.14607238769531,0.0
1301,260.0,all,85.76,Q53GS9,10.56,0.0,/AF-Q53GS9-F1-model_v1,78.14607238769531,0.0
1302,263.0,all,78.04,Q53GS9,10.46,0.0,/AF-Q53GS9-F1-model_v1,110.71810150146484,0.0
1303,283.0,all,93.21,Q53GS9,12.7,0.0,/AF-Q53GS9-F1-model_v1,19.167903900146484,0.0
1304,291.0,all,88.0,Q53GS9,11.15,0.0,/AF-Q53GS9-F1-model_v1,40.74855041503906,0.0
1305,308.0,all,90.62,Q53GS9,10.42,0.0,/AF-Q53GS9-F1-model_v1,103.6139144897461,0.0
1306,309.0,all,88.01,Q53GS9,10.34,0.0,/AF-Q53GS9-F1-model_v1,89.67362213134766,0.0
1307,315.0,all,87.61,Q53GS9,10.37,0.0,/AF-Q53GS9-F1-model_v1,89.94170379638672,0.0
1308,341.0,all,72.99,Q53GS9,10.2,0.0,/AF-Q53GS9-F1-model_v1,80.42477416992188,0.0
1309,342.0,all,82.42,Q53GS9,10.59,0.0,/AF-Q53GS9-F1-model_v1,99.86075592041016,0.0
1310,358.0,all,90.17,Q53GS9,10.45,0.0,/AF-Q53GS9-F1-model_v1,62.7313232421875,0.0
1311,359.0,all,87.57,Q53GS9,12.68,0.0,/AF-Q53GS9-F1-model_v1,17.55940818786621,0.0
1312,370.0,all,80.12,Q53GS9,10.13,0.0,/AF-Q53GS9-F1-model_v1,34.046485900878906,0.0
1313,421.0,all,90.2,Q53GS9,9.68,0.0,/AF-Q53GS9-F1-model_v1,26.004009246826172,0.0
1314,428.0,all,87.33,Q53GS9,10.92,0.0,/AF-Q53GS9-F1-model_v1,52.8122673034668,0.0
1315,431.0,all,81.44,Q53GS9,10.96,0.0,/AF-Q53GS9-F1-model_v1,62.32919692993164,0.0
1316,434.0,all,75.58,Q53GS9,10.52,0.0,/AF-Q53GS9-F1-model_v1,85.51834106445312,0.0
1317,439.0,all,91.58,Q53GS9,10.02,0.0,/AF-Q53GS9-F1-model_v1,49.59527587890625,0.0
1318,445.0,all,91.04,Q53GS9,9.69,0.0,/AF-Q53GS9-F1-model_v1,72.78441619873047,0.0
1319,455.0,all,91.77,Q53GS9,10.28,0.0,/AF-Q53GS9-F1-model_v1,71.84613037109375,0.0
1320,459.0,all,83.6,Q53GS9,10.41,0.0,/AF-Q53GS9-F1-model_v1,91.68424224853516,0.0
1321,466.0,all,90.19,Q53GS9,9.9,0.0,/AF-Q53GS9-F1-model_v1,16.889202117919922,0.0
1322,493.0,all,78.73,Q53GS9,10.44,0.0,/AF-Q53GS9-F1-model_v1,93.82890319824219,0.0
1323,508.0,all,85.99,Q53GS9,10.41,0.0,/AF-Q53GS9-F1-model_v1,88.7353286743164,0.0
1324,525.0,all,94.01,Q53GS9,10.58,0.0,/AF-Q53GS9-F1-model_v1,72.78441619873047,0.0
1325,553.0,all,95.9,Q53GS9,11.06,0.0,/AF-Q53GS9-F1-model_v1,51.87397766113281,0.0
1326,131.0,all,83.72,Q9Y2R4,10.36,0.0,/AF-Q9Y2R4-F1-model_v1,73.05249786376953,0.0
1327,137.0,all,89.74,Q9Y2R4,11.39,0.0,/AF-Q9Y2R4-F1-model_v1,55.22500991821289,0.0
1328,139.0,all,91.36,Q9Y2R4,10.28,0.0,/AF-Q9Y2R4-F1-model_v1,89.13745880126953,0.0
1329,146.0,all,93.09,Q9Y2R4,10.35,0.0,/AF-Q9Y2R4-F1-model_v1,82.03326416015625,0.0
1330,148.0,all,91.04,Q9Y2R4,11.39,0.0,/AF-Q9Y2R4-F1-model_v1,63.93769454956055,0.0
1331,171.0,all,89.79,Q9Y2R4,10.47,0.0,/AF-Q9Y2R4-F1-model_v1,98.25226593017578,0.0
1332,215.0,all,92.05,Q9Y2R4,9.79,0.0,/AF-Q9Y2R4-F1-model_v1,23.85934829711914,0.0
1333,228.0,all,90.13,Q9Y2R4,10.37,0.0,/AF-Q9Y2R4-F1-model_v1,85.92046356201172,0.0
1334,233.0,all,85.97,Q9Y2R4,10.26,0.0,/AF-Q9Y2R4-F1-model_v1,78.9503173828125,0.0
1335,256.0,all,93.24,Q9Y2R4,10.57,0.0,/AF-Q9Y2R4-F1-model_v1,40.74855041503906,0.0
1336,284.0,all,74.32,Q9Y2R4,10.49,0.0,/AF-Q9Y2R4-F1-model_v1,71.57804870605469,0.0
1337,285.0,all,81.58,Q9Y2R4,10.37,0.0,/AF-Q9Y2R4-F1-model_v1,84.71409606933594,0.0
1338,301.0,all,87.1,Q9Y2R4,10.36,0.0,/AF-Q9Y2R4-F1-model_v1,86.59066772460938,0.0
1339,322.0,all,82.14,Q9Y2R4,11.3,0.0,/AF-Q9Y2R4-F1-model_v1,38.33580780029297,0.0
1340,346.0,all,89.47,Q9Y2R4,10.55,0.0,/AF-Q9Y2R4-F1-model_v1,70.37167358398438,0.0
1341,365.0,all,90.79,Q9Y2R4,11.31,0.0,/AF-Q9Y2R4-F1-model_v1,63.803653717041016,0.0
1342,399.0,all,93.41,Q9Y2R4,9.56,0.0,/AF-Q9Y2R4-F1-model_v1,6.836105823516846,0.0
1343,408.0,all,88.23,Q9Y2R4,10.45,0.0,/AF-Q9Y2R4-F1-model_v1,79.62052154541016,0.0
1344,409.0,all,88.81,Q9Y2R4,11.52,0.0,/AF-Q9Y2R4-F1-model_v1,70.77379608154297,0.0
1345,426.0,all,93.42,Q9Y2R4,11.36,0.0,/AF-Q9Y2R4-F1-model_v1,56.56542205810547,0.0
1346,462.0,all,89.19,Q9Y2R4,10.33,0.0,/AF-Q9Y2R4-F1-model_v1,75.59928894042969,0.0
1347,479.0,all,74.54,Q9Y2R4,10.36,0.0,/AF-Q9Y2R4-F1-model_v1,93.15869140625,0.0
1348,509.0,all,86.08,Q9Y2R4,10.46,0.0,/AF-Q9Y2R4-F1-model_v1,111.6563949584961,0.0
1349,511.0,all,92.84,Q9Y2R4,12.33,0.0,/AF-Q9Y2R4-F1-model_v1,37.933685302734375,0.0
1350,521.0,all,86.05,Q9Y2R4,11.33,0.0,/AF-Q9Y2R4-F1-model_v1,48.7910270690918,0.0
1351,543.0,all,77.42,Q9Y2R4,11.28,0.0,/AF-Q9Y2R4-F1-model_v1,42.893211364746094,0.0
1352,547.0,all,73.76,Q9Y2R4,10.33,0.0,/AF-Q9Y2R4-F1-model_v1,111.79043579101562,0.0
1353,551.0,all,73.06,Q9Y2R4,10.46,0.0,/AF-Q9Y2R4-F1-model_v1,111.79043579101562,0.0
1354,553.0,all,73.67,Q9Y2R4,9.42,0.0,/AF-Q9Y2R4-F1-model_v1,70.5057144165039,0.0
1355,554.0,all,71.66,Q9Y2R4,11.23,0.0,/AF-Q9Y2R4-F1-model_v1,87.12683868408203,0.0
1356,555.0,all,74.77,Q9Y2R4,10.42,0.0,/AF-Q9Y2R4-F1-model_v1,103.34583282470703,0.0
1357,558.0,all,71.57,Q9Y2R4,10.34,0.0,/AF-Q9Y2R4-F1-model_v1,73.72270965576172,0.0
1358,559.0,all,75.18,Q9Y2R4,11.52,0.0,/AF-Q9Y2R4-F1-model_v1,83.10559844970703,0.0
1359,571.0,all,70.45,Q9Y2R4,10.55,0.0,/AF-Q9Y2R4-F1-model_v1,104.15007781982422,0.0
1360,576.0,all,70.95,Q9Y2R4,10.37,0.0,/AF-Q9Y2R4-F1-model_v1,84.31196594238281,0.0
1361,578.0,all,75.56,Q9Y2R4,10.41,0.0,/AF-Q9Y2R4-F1-model_v1,91.68424224853516,0.0
1362,580.0,all,72.6,Q9Y2R4,10.42,0.0,/AF-Q9Y2R4-F1-model_v1,86.45662689208984,0.0
1363,582.0,all,72.58,Q9Y2R4,11.12,0.0,/AF-Q9Y2R4-F1-model_v1,73.18653869628906,0.0
1364,583.0,all,71.79,Q9Y2R4,10.42,0.0,/AF-Q9Y2R4-F1-model_v1,91.1480712890625,0.0
1365,42.0,all,80.83,P55265,10.47,0.0,/AF-P55265-F1-model_v1,66.35043334960938,0.0
1366,48.0,all,79.98,P55265,10.4,0.0,/AF-P55265-F1-model_v1,53.34843063354492,0.0
1367,145.0,all,88.17,P55265,11.58,0.0,/AF-P55265-F1-model_v1,61.39091110229492,0.0
1368,154.0,all,83.22,P55265,10.27,0.0,/AF-P55265-F1-model_v1,63.93769454956055,0.0
1369,164.0,all,87.74,P55265,10.33,0.0,/AF-P55265-F1-model_v1,65.01002502441406,0.0
1370,169.0,all,90.61,P55265,10.3,0.0,/AF-P55265-F1-model_v1,59.112205505371094,0.0
1371,170.0,all,90.42,P55265,10.43,0.0,/AF-P55265-F1-model_v1,93.15869140625,0.0
1372,181.0,all,88.68,P55265,10.44,0.0,/AF-P55265-F1-model_v1,81.89922332763672,0.0
1373,182.0,all,88.15,P55265,11.38,0.0,/AF-P55265-F1-model_v1,46.78041076660156,0.0
1374,184.0,all,88.58,P55265,11.16,0.0,/AF-P55265-F1-model_v1,45.171913146972656,0.0
1375,187.0,all,91.12,P55265,11.37,0.0,/AF-P55265-F1-model_v1,35.386898040771484,0.0
1376,196.0,all,91.13,P55265,11.39,0.0,/AF-P55265-F1-model_v1,32.035865783691406,0.0
1377,300.0,all,92.25,P55265,11.27,0.0,/AF-P55265-F1-model_v1,29.48908233642578,0.0
1378,302.0,all,93.24,P55265,11.38,0.0,/AF-P55265-F1-model_v1,43.563419342041016,0.0
1379,320.0,all,91.25,P55265,10.32,0.0,/AF-P55265-F1-model_v1,67.42276763916016,0.0
1380,326.0,all,88.51,P55265,10.29,0.0,/AF-P55265-F1-model_v1,68.09297180175781,0.0
1381,358.0,all,88.47,P55265,10.25,0.0,/AF-P55265-F1-model_v1,76.00141143798828,0.0
1382,359.0,all,92.41,P55265,11.77,0.0,/AF-P55265-F1-model_v1,27.344423294067383,0.0
1383,366.0,all,82.0,P55265,11.57,0.0,/AF-P55265-F1-model_v1,70.10359191894531,0.0
1384,494.0,all,87.46,P55265,10.62,0.0,/AF-P55265-F1-model_v1,85.25025939941406,0.0
1385,495.0,all,89.95,P55265,12.8,0.0,/AF-P55265-F1-model_v1,24.3955135345459,0.0
1386,502.0,all,88.16,P55265,12.28,0.0,/AF-P55265-F1-model_v1,31.633743286132812,0.0
1387,536.0,all,95.95,P55265,11.57,0.0,/AF-P55265-F1-model_v1,45.84212112426758,0.0
1388,554.0,all,93.97,P55265,10.03,0.0,/AF-P55265-F1-model_v1,45.037872314453125,0.0
1389,555.0,all,93.38,P55265,10.38,0.0,/AF-P55265-F1-model_v1,77.3418197631836,0.0
1390,558.0,all,96.46,P55265,9.71,0.0,/AF-P55265-F1-model_v1,35.11881637573242,0.0
1391,564.0,all,95.79,P55265,10.19,0.0,/AF-P55265-F1-model_v1,51.47185516357422,0.0
1392,574.0,all,85.65,P55265,10.69,0.0,/AF-P55265-F1-model_v1,69.03126525878906,0.0
1393,576.0,all,77.0,P55265,10.54,0.0,/AF-P55265-F1-model_v1,94.36506652832031,0.0
1394,613.0,all,73.64,P55265,11.32,0.0,/AF-P55265-F1-model_v1,63.803653717041016,0.0
1395,625.0,all,78.12,P55265,10.41,0.0,/AF-P55265-F1-model_v1,96.24164581298828,0.0
1396,637.0,all,89.46,P55265,10.22,0.0,/AF-P55265-F1-model_v1,74.79503631591797,0.0
1397,645.0,all,88.82,P55265,11.13,0.0,/AF-P55265-F1-model_v1,64.20578002929688,0.0
1398,665.0,all,91.25,P55265,10.3,0.0,/AF-P55265-F1-model_v1,80.69285583496094,0.0
1399,666.0,all,90.99,P55265,10.38,0.0,/AF-P55265-F1-model_v1,84.71409606933594,0.0
1400,669.0,all,94.44,P55265,9.75,0.0,/AF-P55265-F1-model_v1,47.71869659423828,0.0
1401,678.0,all,86.59,P55265,11.55,0.0,/AF-P55265-F1-model_v1,64.87598419189453,0.0
1402,745.0,all,92.84,P55265,10.35,0.0,/AF-P55265-F1-model_v1,74.25887298583984,0.0
1403,757.0,all,86.27,P55265,11.44,0.0,/AF-P55265-F1-model_v1,49.32719421386719,0.0
1404,763.0,all,87.81,P55265,11.34,0.0,/AF-P55265-F1-model_v1,26.808258056640625,0.0
1405,777.0,all,92.43,P55265,10.31,0.0,/AF-P55265-F1-model_v1,56.029258728027344,0.0
1406,778.0,all,92.15,P55265,10.42,0.0,/AF-P55265-F1-model_v1,101.73733520507812,0.0
1407,781.0,all,93.9,P55265,10.12,0.0,/AF-P55265-F1-model_v1,65.27810668945312,0.0
1408,875.0,all,96.3,P55265,9.91,0.0,/AF-P55265-F1-model_v1,26.942298889160156,0.0
1409,876.0,all,93.37,P55265,10.46,0.0,/AF-P55265-F1-model_v1,91.81828308105469,0.0
1410,895.0,all,85.86,P55265,10.62,0.0,/AF-P55265-F1-model_v1,75.3311996459961,0.0
1411,902.0,all,92.84,P55265,10.56,0.0,/AF-P55265-F1-model_v1,84.84813690185547,0.0
1412,929.0,all,93.4,P55265,11.07,0.0,/AF-P55265-F1-model_v1,62.06111526489258,0.0
1413,936.0,all,88.89,P55265,10.52,0.0,/AF-P55265-F1-model_v1,92.48848724365234,0.0
1414,944.0,all,85.69,P55265,10.44,0.0,/AF-P55265-F1-model_v1,107.76919555664062,0.0
1415,948.0,all,93.94,P55265,10.85,0.0,/AF-P55265-F1-model_v1,32.70607376098633,0.0
1416,952.0,all,96.27,P55265,10.0,0.0,/AF-P55265-F1-model_v1,27.612504959106445,0.0
1417,953.0,all,94.42,P55265,10.56,0.0,/AF-P55265-F1-model_v1,100.66500854492188,0.0
1418,974.0,all,73.02,P55265,10.6,0.0,/AF-P55265-F1-model_v1,65.54618835449219,0.0
1419,996.0,all,83.75,P55265,10.41,0.0,/AF-P55265-F1-model_v1,109.51173400878906,0.0
1420,999.0,all,90.26,P55265,10.19,0.0,/AF-P55265-F1-model_v1,64.741943359375,0.0
1421,19.0,all,0.0,P49005,10.21,0.0,/3E0J-alt-1_assembled,56.196807861328125,1.4739466905593872
1422,24.0,all,0.0,P49005,10.2525,0.004999999999999893,/3E0J-alt-1_assembled,60.85474395751953,1.9455235004425049
1423,38.0,all,0.0,P49005,9.282499999999999,0.012583057392118471,/3E0J-alt-1_assembled,17.62643051147461,1.8717845678329468
1424,48.0,all,0.0,P49005,11.52,0.02160246899469323,/3E0J-alt-1_assembled,19.402477264404297,1.9187885522842407
1425,50.0,all,0.0,P49005,10.689999999999998,0.008164965809277086,/3E0J-alt-1_assembled,67.18819427490234,2.2224860191345215
1426,76.0,all,0.0,P49005,10.6425,0.009574271077563177,/3E0J-alt-1_assembled,49.226661682128906,1.9497517347335815
1427,84.0,all,0.0,P49005,10.5325,0.004999999999999893,/3E0J-alt-1_assembled,72.61686706542969,0.9310799837112427
1428,89.0,all,0.0,P49005,10.9525,0.054999999999999744,/3E0J-alt-1_assembled,45.64105987548828,1.2786728143692017
1429,91.0,all,0.0,P49005,10.23,0.0,/3E0J-alt-1_assembled,71.94666290283203,1.432739019393921
1430,105.0,all,0.0,P49005,10.2,0.008164965809277811,/3E0J-alt-1_assembled,29.053447723388672,1.4860860109329224
1431,109.0,all,0.0,P49005,10.46,0.0,/3E0J-alt-1_assembled,84.74760437011719,2.620668649673462
1432,123.0,all,0.0,P49005,10.642499999999998,0.038622100754188086,/3E0J-alt-1_assembled,47.149024963378906,1.537585973739624
1433,131.0,all,0.0,P49005,10.315000000000001,0.005773502691896135,/3E0J-alt-1_assembled,59.24625015258789,1.5972858667373657
1434,48.0,all,70.85,P49790,10.43,0.0,/AF-P49790-F1-model_v1,89.80766296386719,0.0
1435,317.0,all,82.31,P49790,10.42,0.0,/AF-P49790-F1-model_v1,116.07975769042969,0.0
1436,672.0,all,94.39,P49790,10.55,0.0,/AF-P49790-F1-model_v1,80.15669250488281,0.0
1437,677.0,all,94.52,P49790,10.38,0.0,/AF-P49790-F1-model_v1,80.42477416992188,0.0
1438,685.0,all,90.57,P49790,10.07,0.0,/AF-P49790-F1-model_v1,33.912445068359375,0.0
1439,720.0,all,73.44,P49790,11.14,0.0,/AF-P49790-F1-model_v1,70.23763275146484,0.0
1440,736.0,all,94.31,P49790,10.42,0.0,/AF-P49790-F1-model_v1,80.42477416992188,0.0
1441,741.0,all,95.98,P49790,11.51,0.0,/AF-P49790-F1-model_v1,57.90583419799805,0.0
1442,749.0,all,93.05,P49790,10.01,0.0,/AF-P49790-F1-model_v1,23.85934829711914,0.0
1443,791.0,all,74.3,P49790,11.11,0.0,/AF-P49790-F1-model_v1,72.24825286865234,0.0
1444,812.0,all,95.3,P49790,10.22,0.0,/AF-P49790-F1-model_v1,41.552799224853516,0.0
1445,820.0,all,92.14,P49790,10.15,0.0,/AF-P49790-F1-model_v1,35.25285720825195,0.0
1446,849.0,all,72.14,P49790,11.11,0.0,/AF-P49790-F1-model_v1,63.803653717041016,0.0
1447,850.0,all,73.75,P49790,11.47,0.0,/AF-P49790-F1-model_v1,62.19515609741211,0.0
1448,865.0,all,94.27,P49790,10.5,0.0,/AF-P49790-F1-model_v1,85.51834106445312,0.0
1449,870.0,all,95.8,P49790,11.12,0.0,/AF-P49790-F1-model_v1,58.039878845214844,0.0
1450,878.0,all,90.29,P49790,10.07,0.0,/AF-P49790-F1-model_v1,26.272092819213867,0.0
1451,142.0,all,87.29,Q6S8J3,10.38,0.0,/AF-Q6S8J3-F1-model_v1,89.67362213134766,0.0
1452,151.0,all,76.94,Q6S8J3,10.48,0.0,/AF-Q6S8J3-F1-model_v1,101.33521270751953,0.0
1453,155.0,all,82.97,Q6S8J3,10.4,0.0,/AF-Q6S8J3-F1-model_v1,77.20777893066406,0.0
1454,168.0,all,90.93,Q6S8J3,11.48,0.0,/AF-Q6S8J3-F1-model_v1,54.55480194091797,0.0
1455,169.0,all,92.96,Q6S8J3,9.94,0.0,/AF-Q6S8J3-F1-model_v1,47.182533264160156,0.0
1456,171.0,all,88.59,Q6S8J3,11.42,0.0,/AF-Q6S8J3-F1-model_v1,80.15669250488281,0.0
1457,173.0,all,91.87,Q6S8J3,10.37,0.0,/AF-Q6S8J3-F1-model_v1,80.69285583496094,0.0
1458,190.0,all,92.36,Q6S8J3,10.65,0.0,/AF-Q6S8J3-F1-model_v1,90.87998962402344,0.0
1459,205.0,all,91.67,Q6S8J3,11.33,0.0,/AF-Q6S8J3-F1-model_v1,41.95492172241211,0.0
1460,206.0,all,94.35,Q6S8J3,10.27,0.0,/AF-Q6S8J3-F1-model_v1,80.9609375,0.0
1461,212.0,all,95.86,Q6S8J3,6.92,0.0,/AF-Q6S8J3-F1-model_v1,0.26808255910873413,0.0
1462,252.0,all,94.1,Q6S8J3,9.87,0.0,/AF-Q6S8J3-F1-model_v1,83.3736801147461,0.0
1463,256.0,all,96.23,Q6S8J3,10.04,0.0,/AF-Q6S8J3-F1-model_v1,86.45662689208984,0.0
1464,268.0,all,95.29,Q6S8J3,10.16,0.0,/AF-Q6S8J3-F1-model_v1,49.059112548828125,0.0
1465,270.0,all,92.01,Q6S8J3,10.43,0.0,/AF-Q6S8J3-F1-model_v1,72.5163345336914,0.0
1466,284.0,all,93.22,Q6S8J3,9.68,0.0,/AF-Q6S8J3-F1-model_v1,27.076339721679688,0.0
1467,289.0,all,95.46,Q6S8J3,10.45,0.0,/AF-Q6S8J3-F1-model_v1,74.25887298583984,0.0
1468,293.0,all,94.77,Q6S8J3,10.12,0.0,/AF-Q6S8J3-F1-model_v1,84.5800552368164,0.0
1469,294.0,all,94.27,Q6S8J3,10.27,0.0,/AF-Q6S8J3-F1-model_v1,67.42276763916016,0.0
1470,295.0,all,92.51,Q6S8J3,10.45,0.0,/AF-Q6S8J3-F1-model_v1,88.06512451171875,0.0
1471,361.0,all,85.82,Q6S8J3,10.2,0.0,/AF-Q6S8J3-F1-model_v1,88.60128784179688,0.0
1472,363.0,all,83.79,Q6S8J3,10.49,0.0,/AF-Q6S8J3-F1-model_v1,98.92247009277344,0.0
1473,629.0,all,76.91,Q6S8J3,10.42,0.0,/AF-Q6S8J3-F1-model_v1,69.96955108642578,0.0
1474,639.0,all,74.3,Q6S8J3,10.41,0.0,/AF-Q6S8J3-F1-model_v1,75.19715881347656,0.0
1475,640.0,all,75.42,Q6S8J3,10.39,0.0,/AF-Q6S8J3-F1-model_v1,72.91845703125,0.0
1476,642.0,all,77.58,Q6S8J3,10.41,0.0,/AF-Q6S8J3-F1-model_v1,76.40353393554688,0.0
1477,666.0,all,85.72,Q6S8J3,10.54,0.0,/AF-Q6S8J3-F1-model_v1,62.32919692993164,0.0
1478,674.0,all,85.57,Q6S8J3,10.41,0.0,/AF-Q6S8J3-F1-model_v1,70.5057144165039,0.0
1479,675.0,all,85.26,Q6S8J3,10.64,0.0,/AF-Q6S8J3-F1-model_v1,79.21839904785156,0.0
1480,684.0,all,79.79,Q6S8J3,10.43,0.0,/AF-Q6S8J3-F1-model_v1,80.82689666748047,0.0
1481,685.0,all,79.63,Q6S8J3,10.44,0.0,/AF-Q6S8J3-F1-model_v1,85.65238189697266,0.0
1482,686.0,all,75.94,Q6S8J3,10.42,0.0,/AF-Q6S8J3-F1-model_v1,86.05450439453125,0.0
1483,692.0,all,70.12,Q6S8J3,10.39,0.0,/AF-Q6S8J3-F1-model_v1,94.36506652832031,0.0
1484,718.0,all,98.28,Q6S8J3,11.63,0.0,/AF-Q6S8J3-F1-model_v1,19.43598747253418,0.0
1485,750.0,all,78.57,Q6S8J3,11.2,0.0,/AF-Q6S8J3-F1-model_v1,59.91645431518555,0.0
1486,756.0,all,93.1,Q6S8J3,10.53,0.0,/AF-Q6S8J3-F1-model_v1,74.79503631591797,0.0
1487,761.0,all,88.01,Q6S8J3,11.52,0.0,/AF-Q6S8J3-F1-model_v1,23.323183059692383,0.0
1488,768.0,all,92.94,Q6S8J3,10.31,0.0,/AF-Q6S8J3-F1-model_v1,88.06512451171875,0.0
1489,784.0,all,97.22,Q6S8J3,10.19,0.0,/AF-Q6S8J3-F1-model_v1,38.067726135253906,0.0
1490,813.0,all,94.43,Q6S8J3,10.28,0.0,/AF-Q6S8J3-F1-model_v1,116.61592102050781,0.0
1491,818.0,all,97.78,Q6S8J3,10.24,0.0,/AF-Q6S8J3-F1-model_v1,51.20376968383789,0.0
1492,891.0,all,95.37,Q6S8J3,10.44,0.0,/AF-Q6S8J3-F1-model_v1,84.71409606933594,0.0
1493,913.0,all,97.51,Q6S8J3,9.64,0.0,/AF-Q6S8J3-F1-model_v1,11.661591529846191,0.0
1494,915.0,all,96.77,Q6S8J3,11.41,0.0,/AF-Q6S8J3-F1-model_v1,57.90583419799805,0.0
1495,938.0,all,96.68,Q6S8J3,10.19,0.0,/AF-Q6S8J3-F1-model_v1,69.43338775634766,0.0
1496,984.0,all,97.49,Q6S8J3,10.21,0.0,/AF-Q6S8J3-F1-model_v1,59.51433181762695,0.0
1497,991.0,all,89.78,Q6S8J3,10.53,0.0,/AF-Q6S8J3-F1-model_v1,105.75857543945312,0.0
1498,13.0,all,30.146666666666665,O95671,11.003333333333332,0.646090808890928,/2P5X-alt-1_assembled/AF-O95671-F1-model_v1,47.13785171508789,8.816548347473145
1499,41.0,all,31.623333333333335,O95671,10.126666666666667,0.15307950004273463,/2P5X-alt-1_assembled/AF-O95671-F1-model_v1,67.1993637084961,6.420469760894775
1500,43.0,all,28.983333333333334,O95671,10.446666666666665,0.005773502691896135,/2P5X-alt-1_assembled/AF-O95671-F1-model_v1,88.28853607177734,3.3223133087158203
1501,45.0,all,28.33,O95671,10.553333333333333,0.5063924696649166,/2P5X-alt-1_assembled/AF-O95671-F1-model_v1,72.24825286865234,25.635547637939453
1502,48.0,all,30.05,O95671,11.193333333333333,1.022562141550983,/2P5X-alt-1_assembled/AF-O95671-F1-model_v1,43.027252197265625,3.7363638877868652
1503,63.0,all,32.626666666666665,O95671,11.38,0.8580792504192135,/2P5X-alt-1_assembled/AF-O95671-F1-model_v1,31.27630043029785,2.0121090412139893
1504,65.0,all,32.52333333333333,O95671,9.576666666666668,1.7057061098950586,/2P5X-alt-1_assembled/AF-O95671-F1-model_v1,25.601884841918945,9.759273529052734
1505,76.0,all,29.680000000000003,O95671,10.959999999999999,0.4887739763939977,/2P5X-alt-1_assembled/AF-O95671-F1-model_v1,72.33761596679688,14.100056648254395
1506,100.0,all,31.48,O95671,8.646666666666667,1.7413021947190364,/2P5X-alt-1_assembled/AF-O95671-F1-model_v1,61.12282943725586,12.082321166992188
1507,104.0,all,32.25333333333334,O95671,10.27,0.10148891565092179,/2P5X-alt-1_assembled/AF-O95671-F1-model_v1,57.99519729614258,3.016178607940674
1508,133.0,all,26.893333333333334,O95671,10.506666666666668,0.05686240703077304,/2P5X-alt-1_assembled/AF-O95671-F1-model_v1,74.16951751708984,3.2760236263275146
1509,149.0,all,32.666666666666664,O95671,11.270000000000001,0.33511192160232073,/2P5X-alt-1_assembled/AF-O95671-F1-model_v1,48.79103088378906,6.493743419647217
1510,151.0,all,32.64,O95671,11.303333333333333,0.13051181300301254,/2P5X-alt-1_assembled/AF-O95671-F1-model_v1,36.90603256225586,3.0955514907836914
1511,172.0,all,31.27333333333333,O95671,10.020000000000001,0.4590206967011395,/2P5X-alt-1_assembled/AF-O95671-F1-model_v1,13.582850456237793,4.070826053619385
1512,206.0,all,30.153333333333332,O95671,10.403333333333334,0.005773502691896135,/2P5X-alt-1_assembled/AF-O95671-F1-model_v1,68.4950942993164,10.670392990112305
1513,210.0,all,29.13,O95671,10.253333333333336,0.18009256878986823,/2P5X-alt-1_assembled/AF-O95671-F1-model_v1,66.66320037841797,3.3384957313537598
1514,9.0,all,82.35,O95671,10.65,0.0,/AF-O95671-F1-model_v1,60.45262145996094,0.0
1515,299.0,all,96.83,O95671,9.69,0.0,/AF-O95671-F1-model_v1,46.3782844543457,0.0
1516,306.0,all,96.93,O95671,11.32,0.0,/AF-O95671-F1-model_v1,68.22701263427734,0.0
1517,308.0,all,97.44,O95671,9.75,0.0,/AF-O95671-F1-model_v1,55.49309158325195,0.0
1518,314.0,all,95.7,O95671,11.52,0.0,/AF-O95671-F1-model_v1,23.591266632080078,0.0
1519,320.0,all,97.62,O95671,10.5,0.0,/AF-O95671-F1-model_v1,81.3630599975586,0.0
1520,327.0,all,96.69,O95671,10.35,0.0,/AF-O95671-F1-model_v1,42.22300338745117,0.0
1521,350.0,all,97.78,O95671,12.59,0.0,/AF-O95671-F1-model_v1,52.008018493652344,0.0
1522,408.0,all,71.27,O95671,10.45,0.0,/AF-O95671-F1-model_v1,104.95433044433594,0.0
1523,437.0,all,92.61,O95671,9.84,0.0,/AF-O95671-F1-model_v1,46.24424362182617,0.0
1524,534.0,all,96.06,O95671,11.13,0.0,/AF-O95671-F1-model_v1,44.23362350463867,0.0
1525,537.0,all,97.48,O95671,9.99,0.0,/AF-O95671-F1-model_v1,57.23563003540039,0.0
1526,547.0,all,93.38,O95671,10.48,0.0,/AF-O95671-F1-model_v1,86.72471618652344,0.0
1527,563.0,all,88.12,O95671,11.31,0.0,/AF-O95671-F1-model_v1,43.161293029785156,0.0
1528,583.0,all,96.1,O95671,10.81,0.0,/AF-O95671-F1-model_v1,41.28471755981445,0.0
1529,618.0,all,96.88,O95671,9.89,0.0,/AF-O95671-F1-model_v1,18.09557342529297,0.0
1530,46.0,all,90.86,Q8N142,11.33,0.0,/AF-Q8N142-F1-model_v1,21.848730087280273,0.0
1531,48.0,all,87.18,Q8N142,8.77,0.0,/AF-Q8N142-F1-model_v1,53.48247146606445,0.0
1532,78.0,all,85.92,Q8N142,10.6,0.0,/AF-Q8N142-F1-model_v1,59.24625015258789,0.0
1533,93.0,all,95.31,Q8N142,10.43,0.0,/AF-Q8N142-F1-model_v1,94.90122985839844,0.0
1534,115.0,all,96.11,Q8N142,11.5,0.0,/AF-Q8N142-F1-model_v1,71.04188537597656,0.0
1535,118.0,all,95.33,Q8N142,10.53,0.0,/AF-Q8N142-F1-model_v1,93.29273223876953,0.0
1536,119.0,all,94.63,Q8N142,10.85,0.0,/AF-Q8N142-F1-model_v1,30.69545555114746,0.0
1537,122.0,all,93.69,Q8N142,11.48,0.0,/AF-Q8N142-F1-model_v1,63.93769454956055,0.0
1538,126.0,all,96.61,Q8N142,11.62,0.0,/AF-Q8N142-F1-model_v1,80.42477416992188,0.0
1539,158.0,all,71.47,Q8N142,10.46,0.0,/AF-Q8N142-F1-model_v1,82.70347595214844,0.0
1540,164.0,all,89.73,Q8N142,10.38,0.0,/AF-Q8N142-F1-model_v1,74.79503631591797,0.0
1541,165.0,all,93.46,Q8N142,10.07,0.0,/AF-Q8N142-F1-model_v1,62.99940490722656,0.0
1542,174.0,all,98.52,Q8N142,9.28,0.0,/AF-Q8N142-F1-model_v1,49.32719421386719,0.0
1543,197.0,all,98.63,Q8N142,11.41,0.0,/AF-Q8N142-F1-model_v1,43.563419342041016,0.0
1544,219.0,all,98.01,Q8N142,10.45,0.0,/AF-Q8N142-F1-model_v1,88.19916534423828,0.0
1545,222.0,all,97.79,Q8N142,10.49,0.0,/AF-Q8N142-F1-model_v1,71.30996704101562,0.0
1546,248.0,all,96.34,Q8N142,10.19,0.0,/AF-Q8N142-F1-model_v1,59.24625015258789,0.0
1547,249.0,all,97.54,Q8N142,11.55,0.0,/AF-Q8N142-F1-model_v1,69.83551025390625,0.0
1548,299.0,all,98.37,Q8N142,10.23,0.0,/AF-Q8N142-F1-model_v1,0.5361651182174683,0.0
1549,336.0,all,90.93,Q8N142,10.35,0.0,/AF-Q8N142-F1-model_v1,90.07574462890625,0.0
1550,363.0,all,97.54,Q8N142,8.1,0.0,/AF-Q8N142-F1-model_v1,46.646366119384766,0.0
1551,374.0,all,98.78,Q8N142,10.54,0.0,/AF-Q8N142-F1-model_v1,46.646366119384766,0.0
1552,380.0,all,98.32,Q8N142,11.46,0.0,/AF-Q8N142-F1-model_v1,41.418758392333984,0.0
1553,384.0,all,97.48,Q8N142,10.45,0.0,/AF-Q8N142-F1-model_v1,91.1480712890625,0.0
1554,398.0,all,97.49,Q8N142,10.42,0.0,/AF-Q8N142-F1-model_v1,79.88860321044922,0.0
1555,410.0,all,97.8,Q8N142,10.38,0.0,/AF-Q8N142-F1-model_v1,74.9290771484375,0.0
1556,442.0,all,98.58,Q8N142,11.02,0.0,/AF-Q8N142-F1-model_v1,17.961532592773438,0.0
1557,448.0,all,84.58,Q8N142,10.27,0.0,/AF-Q8N142-F1-model_v1,98.11822509765625,0.0
1558,56.0,all,94.75,Q8N3F8,11.39,0.0,/AF-Q8N3F8-F1-model_v1,60.18453598022461,0.0
1559,72.0,all,83.51,Q8N3F8,11.43,0.0,/AF-Q8N3F8-F1-model_v1,71.30996704101562,0.0
1560,670.0,all,84.54,Q8N3F8,11.26,0.0,/AF-Q8N3F8-F1-model_v1,36.72731399536133,0.0
1561,672.0,all,83.49,Q8N3F8,10.48,0.0,/AF-Q8N3F8-F1-model_v1,82.03326416015625,0.0
1562,708.0,all,91.3,Q8N3F8,10.22,0.0,/AF-Q8N3F8-F1-model_v1,79.62052154541016,0.0
1563,727.0,all,85.07,Q8N3F8,11.42,0.0,/AF-Q8N3F8-F1-model_v1,75.73332977294922,0.0
1564,732.0,all,87.25,Q8N3F8,8.73,0.0,/AF-Q8N3F8-F1-model_v1,68.89722442626953,0.0
1565,747.0,all,89.23,Q8N3F8,8.8,0.0,/AF-Q8N3F8-F1-model_v1,48.7910270690918,0.0
1566,768.0,all,88.38,Q8N3F8,11.18,0.0,/AF-Q8N3F8-F1-model_v1,52.544185638427734,0.0
1567,771.0,all,88.72,Q8N3F8,10.42,0.0,/AF-Q8N3F8-F1-model_v1,94.49910736083984,0.0
1568,782.0,all,96.58,Q8N3F8,10.43,0.0,/AF-Q8N3F8-F1-model_v1,84.31196594238281,0.0
1569,40.0,all,85.51,O00471,10.45,0.0,/AF-O00471-F1-model_v1,103.07775115966797,0.0
1570,63.0,all,93.44,O00471,10.33,0.0,/AF-O00471-F1-model_v1,84.982177734375,0.0
1571,66.0,all,95.22,O00471,10.4,0.0,/AF-O00471-F1-model_v1,79.08435821533203,0.0
1572,73.0,all,95.8,O00471,10.4,0.0,/AF-O00471-F1-model_v1,66.61852264404297,0.0
1573,76.0,all,95.44,O00471,10.37,0.0,/AF-O00471-F1-model_v1,72.11421203613281,0.0
1574,80.0,all,95.58,O00471,10.41,0.0,/AF-O00471-F1-model_v1,86.45662689208984,0.0
1575,81.0,all,94.9,O00471,10.42,0.0,/AF-O00471-F1-model_v1,84.982177734375,0.0
1576,87.0,all,95.47,O00471,10.41,0.0,/AF-O00471-F1-model_v1,92.89060974121094,0.0
1577,109.0,all,88.94,O00471,10.36,0.0,/AF-O00471-F1-model_v1,60.45262145996094,0.0
1578,132.0,all,84.95,O00471,10.84,0.0,/AF-O00471-F1-model_v1,50.3995246887207,0.0
1579,135.0,all,84.71,O00471,10.67,0.0,/AF-O00471-F1-model_v1,74.25887298583984,0.0
1580,155.0,all,75.32,O00471,10.81,0.0,/AF-O00471-F1-model_v1,46.914451599121094,0.0
1581,157.0,all,74.88,O00471,10.98,0.0,/AF-O00471-F1-model_v1,42.4910888671875,0.0
1582,165.0,all,86.49,O00471,12.29,0.0,/AF-O00471-F1-model_v1,30.427371978759766,0.0
1583,182.0,all,82.74,O00471,9.92,0.0,/AF-O00471-F1-model_v1,17.961532592773438,0.0
1584,184.0,all,84.72,O00471,11.36,0.0,/AF-O00471-F1-model_v1,34.5826530456543,0.0
1585,188.0,all,84.37,O00471,9.74,0.0,/AF-O00471-F1-model_v1,36.19114685058594,0.0
1586,223.0,all,79.4,O00471,10.41,0.0,/AF-O00471-F1-model_v1,87.12683868408203,0.0
1587,234.0,all,89.5,O00471,10.52,0.0,/AF-O00471-F1-model_v1,83.3736801147461,0.0
1588,259.0,all,89.28,O00471,10.34,0.0,/AF-O00471-F1-model_v1,72.11421203613281,0.0
1589,274.0,all,92.16,O00471,10.58,0.0,/AF-O00471-F1-model_v1,52.4101448059082,0.0
1590,283.0,all,90.91,O00471,10.11,0.0,/AF-O00471-F1-model_v1,60.98878479003906,0.0
1591,289.0,all,92.83,O00471,10.48,0.0,/AF-O00471-F1-model_v1,88.33320617675781,0.0
1592,297.0,all,75.29,O00471,10.49,0.0,/AF-O00471-F1-model_v1,112.72872161865234,0.0
1593,305.0,all,94.17,O00471,11.38,0.0,/AF-O00471-F1-model_v1,76.26949310302734,0.0
1594,320.0,all,91.97,O00471,10.47,0.0,/AF-O00471-F1-model_v1,102.13945770263672,0.0
1595,330.0,all,88.89,O00471,10.21,0.0,/AF-O00471-F1-model_v1,53.48247146606445,0.0
1596,336.0,all,94.26,O00471,10.5,0.0,/AF-O00471-F1-model_v1,81.09497833251953,0.0
1597,339.0,all,93.27,O00471,10.53,0.0,/AF-O00471-F1-model_v1,108.84152221679688,0.0
1598,358.0,all,97.41,O00471,10.53,0.0,/AF-O00471-F1-model_v1,64.3398208618164,0.0
1599,372.0,all,81.23,O00471,11.22,0.0,/AF-O00471-F1-model_v1,35.923065185546875,0.0
1600,424.0,all,97.24,O00471,10.53,0.0,/AF-O00471-F1-model_v1,53.21438980102539,0.0
1601,498.0,all,95.35,O00471,10.61,0.0,/AF-O00471-F1-model_v1,89.67362213134766,0.0
1602,513.0,all,89.82,O00471,11.23,0.0,/AF-O00471-F1-model_v1,41.68684005737305,0.0
1603,520.0,all,94.72,O00471,10.33,0.0,/AF-O00471-F1-model_v1,60.58666229248047,0.0
1604,521.0,all,94.85,O00471,10.34,0.0,/AF-O00471-F1-model_v1,23.591266632080078,0.0
1605,522.0,all,95.02,O00471,10.84,0.0,/AF-O00471-F1-model_v1,70.77379608154297,0.0
1606,531.0,all,93.24,O00471,11.98,0.0,/AF-O00471-F1-model_v1,23.85934829711914,0.0
1607,548.0,all,93.6,O00471,10.5,0.0,/AF-O00471-F1-model_v1,76.67161560058594,0.0
1608,556.0,all,90.38,O00471,10.59,0.0,/AF-O00471-F1-model_v1,72.24825286865234,0.0
1609,557.0,all,86.84,O00471,10.4,0.0,/AF-O00471-F1-model_v1,88.33320617675781,0.0
1610,561.0,all,88.93,O00471,10.37,0.0,/AF-O00471-F1-model_v1,80.9609375,0.0
1611,578.0,all,94.96,O00471,11.28,0.0,/AF-O00471-F1-model_v1,42.893211364746094,0.0
1612,585.0,all,93.41,O00471,10.36,0.0,/AF-O00471-F1-model_v1,79.08435821533203,0.0
1613,589.0,all,91.05,O00471,11.06,0.0,/AF-O00471-F1-model_v1,38.20176696777344,0.0
1614,591.0,all,92.87,O00471,10.05,0.0,/AF-O00471-F1-model_v1,36.86135482788086,0.0
1615,597.0,all,91.48,O00471,10.49,0.0,/AF-O00471-F1-model_v1,110.18193817138672,0.0
1616,640.0,all,95.35,O00471,10.81,0.0,/AF-O00471-F1-model_v1,66.35043334960938,0.0
1617,643.0,all,95.51,O00471,10.33,0.0,/AF-O00471-F1-model_v1,75.19715881347656,0.0
1618,646.0,all,93.69,O00471,10.47,0.0,/AF-O00471-F1-model_v1,83.23963928222656,0.0
1619,672.0,all,85.41,O00471,10.33,0.0,/AF-O00471-F1-model_v1,62.7313232421875,0.0
1620,685.0,all,86.08,O00471,10.55,0.0,/AF-O00471-F1-model_v1,93.69486236572266,0.0
1621,2.0,all,71.41,Q68EM7,10.46,0.0,/AF-Q68EM7-F1-model_v1,99.05651092529297,0.0
1622,3.0,all,77.58,Q68EM7,10.47,0.0,/AF-Q68EM7-F1-model_v1,93.69486236572266,0.0
1623,9.0,all,73.16,Q68EM7,10.42,0.0,/AF-Q68EM7-F1-model_v1,72.24825286865234,0.0
1624,48.0,all,95.64,Q68EM7,10.33,0.0,/AF-Q68EM7-F1-model_v1,75.86737060546875,0.0
1625,67.0,all,90.25,Q68EM7,11.49,0.0,/AF-Q68EM7-F1-model_v1,72.78441619873047,0.0
1626,68.0,all,90.79,Q68EM7,10.14,0.0,/AF-Q68EM7-F1-model_v1,69.03126525878906,0.0
1627,92.0,all,92.26,Q68EM7,11.41,0.0,/AF-Q68EM7-F1-model_v1,52.142059326171875,0.0
1628,117.0,all,95.74,Q68EM7,11.51,0.0,/AF-Q68EM7-F1-model_v1,76.80565643310547,0.0
1629,136.0,all,96.16,Q68EM7,10.38,0.0,/AF-Q68EM7-F1-model_v1,77.74394989013672,0.0
1630,139.0,all,94.78,Q68EM7,10.18,0.0,/AF-Q68EM7-F1-model_v1,70.63975524902344,0.0
1631,160.0,all,83.4,Q68EM7,10.36,0.0,/AF-Q68EM7-F1-model_v1,67.95893096923828,0.0
1632,172.0,all,84.55,Q68EM7,10.38,0.0,/AF-Q68EM7-F1-model_v1,80.29073333740234,0.0
1633,177.0,all,92.14,Q68EM7,10.9,0.0,/AF-Q68EM7-F1-model_v1,56.43138122558594,0.0
1634,186.0,all,95.71,Q68EM7,11.41,0.0,/AF-Q68EM7-F1-model_v1,51.87397766113281,0.0
1635,191.0,all,93.84,Q68EM7,11.38,0.0,/AF-Q68EM7-F1-model_v1,37.799644470214844,0.0
1636,204.0,all,95.03,Q68EM7,11.58,0.0,/AF-Q68EM7-F1-model_v1,41.28471755981445,0.0
1637,210.0,all,96.56,Q68EM7,10.52,0.0,/AF-Q68EM7-F1-model_v1,69.56742858886719,0.0
1638,225.0,all,98.33,Q68EM7,11.65,0.0,/AF-Q68EM7-F1-model_v1,52.8122673034668,0.0
1639,232.0,all,96.01,Q68EM7,10.63,0.0,/AF-Q68EM7-F1-model_v1,114.33721923828125,0.0
1640,243.0,all,72.15,Q68EM7,10.38,0.0,/AF-Q68EM7-F1-model_v1,98.92247009277344,0.0
1641,259.0,all,87.34,Q68EM7,10.45,0.0,/AF-Q68EM7-F1-model_v1,98.11822509765625,0.0
1642,282.0,all,94.69,Q68EM7,10.44,0.0,/AF-Q68EM7-F1-model_v1,84.982177734375,0.0
1643,295.0,all,90.69,Q68EM7,11.37,0.0,/AF-Q68EM7-F1-model_v1,51.20376968383789,0.0
1644,297.0,all,92.37,Q68EM7,10.42,0.0,/AF-Q68EM7-F1-model_v1,84.84813690185547,0.0
1645,298.0,all,92.19,Q68EM7,11.34,0.0,/AF-Q68EM7-F1-model_v1,60.05049514770508,0.0
1646,300.0,all,93.16,Q68EM7,10.84,0.0,/AF-Q68EM7-F1-model_v1,27.21038055419922,0.0
1647,325.0,all,95.22,Q68EM7,8.73,0.0,/AF-Q68EM7-F1-model_v1,28.952917098999023,0.0
1648,355.0,all,94.55,Q68EM7,10.63,0.0,/AF-Q68EM7-F1-model_v1,60.05049514770508,0.0
1649,356.0,all,94.66,Q68EM7,9.57,0.0,/AF-Q68EM7-F1-model_v1,13.94029426574707,0.0
1650,366.0,all,96.36,Q68EM7,11.27,0.0,/AF-Q68EM7-F1-model_v1,49.193153381347656,0.0
1651,380.0,all,96.8,Q68EM7,10.71,0.0,/AF-Q68EM7-F1-model_v1,13.94029426574707,0.0
1652,384.0,all,95.65,Q68EM7,9.96,0.0,/AF-Q68EM7-F1-model_v1,50.3995246887207,0.0
1653,393.0,all,96.92,Q68EM7,10.63,0.0,/AF-Q68EM7-F1-model_v1,46.914451599121094,0.0
1654,9.0,all,0.0,P37802,10.4805,0.1675355421835523,/1WYM-alt-19_assembled/1WYM-alt-18_assembled/1WYM-alt-8_assembled/1WYM-alt-9_assembled/1WYM-alt-20_assembled/1WYM-alt-10_assembled/1WYM-alt-7_assembled/1WYM-alt-6_assembled/1WYM-alt-11_assembled/1WYM-alt-13_assembled/1WYM-alt-4_assembled/1WYM-alt-5_assembled/1WYM-alt-12_assembled/1WYM-alt-16_assembled/1WYM-alt-1_assembled/1WYM-alt-17_assembled/1WYM-alt-15_assembled/1WYM-alt-2_assembled/1WYM-alt-3_assembled/1WYM-alt-14_assembled,92.85039520263672,16.012840270996094
1655,12.0,all,0.0,P37802,10.3545,0.20098376472792653,/1WYM-alt-19_assembled/1WYM-alt-18_assembled/1WYM-alt-8_assembled/1WYM-alt-9_assembled/1WYM-alt-20_assembled/1WYM-alt-10_assembled/1WYM-alt-7_assembled/1WYM-alt-6_assembled/1WYM-alt-11_assembled/1WYM-alt-13_assembled/1WYM-alt-4_assembled/1WYM-alt-5_assembled/1WYM-alt-12_assembled/1WYM-alt-16_assembled/1WYM-alt-1_assembled/1WYM-alt-17_assembled/1WYM-alt-15_assembled/1WYM-alt-2_assembled/1WYM-alt-3_assembled/1WYM-alt-14_assembled,91.00733947753906,20.852087020874023
1656,32.0,all,0.0,P37802,10.7075,0.227107092753501,/1WYM-alt-19_assembled/1WYM-alt-18_assembled/1WYM-alt-8_assembled/1WYM-alt-9_assembled/1WYM-alt-20_assembled/1WYM-alt-10_assembled/1WYM-alt-7_assembled/1WYM-alt-6_assembled/1WYM-alt-11_assembled/1WYM-alt-13_assembled/1WYM-alt-4_assembled/1WYM-alt-5_assembled/1WYM-alt-12_assembled/1WYM-alt-16_assembled/1WYM-alt-1_assembled/1WYM-alt-17_assembled/1WYM-alt-15_assembled/1WYM-alt-2_assembled/1WYM-alt-3_assembled/1WYM-alt-14_assembled,73.72941589355469,6.68065071105957
1657,49.0,all,0.0,P37802,10.086,0.1312450500319714,/1WYM-alt-19_assembled/1WYM-alt-18_assembled/1WYM-alt-8_assembled/1WYM-alt-9_assembled/1WYM-alt-20_assembled/1WYM-alt-10_assembled/1WYM-alt-7_assembled/1WYM-alt-6_assembled/1WYM-alt-11_assembled/1WYM-alt-13_assembled/1WYM-alt-4_assembled/1WYM-alt-5_assembled/1WYM-alt-12_assembled/1WYM-alt-16_assembled/1WYM-alt-1_assembled/1WYM-alt-17_assembled/1WYM-alt-15_assembled/1WYM-alt-2_assembled/1WYM-alt-3_assembled/1WYM-alt-14_assembled,38.040916442871094,5.476231575012207
1658,70.0,all,0.0,P37802,10.3355,0.09259276998033679,/1WYM-alt-19_assembled/1WYM-alt-18_assembled/1WYM-alt-8_assembled/1WYM-alt-9_assembled/1WYM-alt-20_assembled/1WYM-alt-10_assembled/1WYM-alt-7_assembled/1WYM-alt-6_assembled/1WYM-alt-11_assembled/1WYM-alt-13_assembled/1WYM-alt-4_assembled/1WYM-alt-5_assembled/1WYM-alt-12_assembled/1WYM-alt-16_assembled/1WYM-alt-1_assembled/1WYM-alt-17_assembled/1WYM-alt-15_assembled/1WYM-alt-2_assembled/1WYM-alt-3_assembled/1WYM-alt-14_assembled,78.54820251464844,7.297819137573242
1659,71.0,all,0.0,P37802,10.401500000000002,0.07464124723953679,/1WYM-alt-19_assembled/1WYM-alt-18_assembled/1WYM-alt-8_assembled/1WYM-alt-9_assembled/1WYM-alt-20_assembled/1WYM-alt-10_assembled/1WYM-alt-7_assembled/1WYM-alt-6_assembled/1WYM-alt-11_assembled/1WYM-alt-13_assembled/1WYM-alt-4_assembled/1WYM-alt-5_assembled/1WYM-alt-12_assembled/1WYM-alt-16_assembled/1WYM-alt-1_assembled/1WYM-alt-17_assembled/1WYM-alt-15_assembled/1WYM-alt-2_assembled/1WYM-alt-3_assembled/1WYM-alt-14_assembled,110.90576171875,9.211752891540527
1660,80.0,all,0.0,P37802,10.3895,0.22234338071408466,/1WYM-alt-19_assembled/1WYM-alt-18_assembled/1WYM-alt-8_assembled/1WYM-alt-9_assembled/1WYM-alt-20_assembled/1WYM-alt-10_assembled/1WYM-alt-7_assembled/1WYM-alt-6_assembled/1WYM-alt-11_assembled/1WYM-alt-13_assembled/1WYM-alt-4_assembled/1WYM-alt-5_assembled/1WYM-alt-12_assembled/1WYM-alt-16_assembled/1WYM-alt-1_assembled/1WYM-alt-17_assembled/1WYM-alt-15_assembled/1WYM-alt-2_assembled/1WYM-alt-3_assembled/1WYM-alt-14_assembled,62.42973709106445,8.870943069458008
1661,112.0,all,0.0,P37802,10.729,0.28428858577157146,/1WYM-alt-19_assembled/1WYM-alt-18_assembled/1WYM-alt-8_assembled/1WYM-alt-9_assembled/1WYM-alt-20_assembled/1WYM-alt-10_assembled/1WYM-alt-7_assembled/1WYM-alt-6_assembled/1WYM-alt-11_assembled/1WYM-alt-13_assembled/1WYM-alt-4_assembled/1WYM-alt-5_assembled/1WYM-alt-12_assembled/1WYM-alt-16_assembled/1WYM-alt-1_assembled/1WYM-alt-17_assembled/1WYM-alt-15_assembled/1WYM-alt-2_assembled/1WYM-alt-3_assembled/1WYM-alt-14_assembled,71.96675872802734,11.460244178771973
1662,145.0,all,0.0,P37802,10.350499999999998,0.1226237291366087,/1WYM-alt-19_assembled/1WYM-alt-18_assembled/1WYM-alt-8_assembled/1WYM-alt-9_assembled/1WYM-alt-20_assembled/1WYM-alt-10_assembled/1WYM-alt-7_assembled/1WYM-alt-6_assembled/1WYM-alt-11_assembled/1WYM-alt-13_assembled/1WYM-alt-4_assembled/1WYM-alt-5_assembled/1WYM-alt-12_assembled/1WYM-alt-16_assembled/1WYM-alt-1_assembled/1WYM-alt-17_assembled/1WYM-alt-15_assembled/1WYM-alt-2_assembled/1WYM-alt-3_assembled/1WYM-alt-14_assembled,96.13441467285156,16.42818832397461
1663,146.0,all,0.0,P37802,10.331999999999999,0.22338543513751963,/1WYM-alt-19_assembled/1WYM-alt-18_assembled/1WYM-alt-8_assembled/1WYM-alt-9_assembled/1WYM-alt-20_assembled/1WYM-alt-10_assembled/1WYM-alt-7_assembled/1WYM-alt-6_assembled/1WYM-alt-11_assembled/1WYM-alt-13_assembled/1WYM-alt-4_assembled/1WYM-alt-5_assembled/1WYM-alt-12_assembled/1WYM-alt-16_assembled/1WYM-alt-1_assembled/1WYM-alt-17_assembled/1WYM-alt-15_assembled/1WYM-alt-2_assembled/1WYM-alt-3_assembled/1WYM-alt-14_assembled,101.1877670288086,15.556747436523438
1664,148.0,all,0.0,P37802,10.348000000000003,0.1663097933629317,/1WYM-alt-19_assembled/1WYM-alt-18_assembled/1WYM-alt-8_assembled/1WYM-alt-9_assembled/1WYM-alt-20_assembled/1WYM-alt-10_assembled/1WYM-alt-7_assembled/1WYM-alt-6_assembled/1WYM-alt-11_assembled/1WYM-alt-13_assembled/1WYM-alt-4_assembled/1WYM-alt-5_assembled/1WYM-alt-12_assembled/1WYM-alt-16_assembled/1WYM-alt-1_assembled/1WYM-alt-17_assembled/1WYM-alt-15_assembled/1WYM-alt-2_assembled/1WYM-alt-3_assembled/1WYM-alt-14_assembled,90.27010345458984,18.90277099609375
1665,154.0,all,72.2,P35527,10.43,0.0,/AF-P35527-F1-model_v1,94.49910736083984,0.0
1666,170.0,all,91.99,P35527,10.4,0.0,/AF-P35527-F1-model_v1,80.15669250488281,0.0
1667,184.0,all,89.66,P35527,11.45,0.0,/AF-P35527-F1-model_v1,68.4950942993164,0.0
1668,191.0,all,72.49,P35527,11.13,0.0,/AF-P35527-F1-model_v1,62.7313232421875,0.0
1669,212.0,all,96.04,P35527,11.05,0.0,/AF-P35527-F1-model_v1,68.76318359375,0.0
1670,224.0,all,96.13,P35527,10.8,0.0,/AF-P35527-F1-model_v1,88.06512451171875,0.0
1671,242.0,all,95.86,P35527,10.51,0.0,/AF-P35527-F1-model_v1,122.78182220458984,0.0
1672,271.0,all,95.71,P35527,10.52,0.0,/AF-P35527-F1-model_v1,73.85675048828125,0.0
1673,289.0,all,94.63,P35527,10.3,0.0,/AF-P35527-F1-model_v1,70.63975524902344,0.0
1674,290.0,all,94.41,P35527,10.41,0.0,/AF-P35527-F1-model_v1,76.13545227050781,0.0
1675,293.0,all,89.42,P35527,10.44,0.0,/AF-P35527-F1-model_v1,83.90984344482422,0.0
1676,321.0,all,81.62,P35527,10.42,0.0,/AF-P35527-F1-model_v1,72.91845703125,0.0
1677,336.0,all,92.98,P35527,10.41,0.0,/AF-P35527-F1-model_v1,69.29934692382812,0.0
1678,339.0,all,93.23,P35527,10.49,0.0,/AF-P35527-F1-model_v1,73.85675048828125,0.0
1679,368.0,all,93.44,P35527,10.33,0.0,/AF-P35527-F1-model_v1,72.78441619873047,0.0
1680,390.0,all,92.37,P35527,10.31,0.0,/AF-P35527-F1-model_v1,104.01603698730469,0.0
1681,391.0,all,92.66,P35527,10.79,0.0,/AF-P35527-F1-model_v1,96.91184997558594,0.0
1682,396.0,all,92.7,P35527,10.43,0.0,/AF-P35527-F1-model_v1,93.42677307128906,0.0
1683,402.0,all,96.03,P35527,10.39,0.0,/AF-P35527-F1-model_v1,94.63314819335938,0.0
1684,444.0,all,96.02,P35527,11.39,0.0,/AF-P35527-F1-model_v1,55.627132415771484,0.0
1685,449.0,all,91.31,P35527,10.4,0.0,/AF-P35527-F1-model_v1,82.16730499267578,0.0
1686,41.0,all,92.66,P07900,10.46,0.0,/AF-P07900-F1-model_v1,48.656986236572266,0.0
1687,58.0,all,92.32,P07900,8.93,0.0,/AF-P07900-F1-model_v1,17.961532592773438,0.0
1688,69.0,all,93.57,P07900,11.2,0.0,/AF-P07900-F1-model_v1,28.68483543395996,0.0
1689,74.0,all,93.79,P07900,10.56,0.0,/AF-P07900-F1-model_v1,86.85875701904297,0.0
1690,84.0,all,92.22,P07900,10.46,0.0,/AF-P07900-F1-model_v1,81.3630599975586,0.0
1691,100.0,all,96.65,P07900,10.42,0.0,/AF-P07900-F1-model_v1,63.267486572265625,0.0
1692,112.0,all,85.71,P07900,10.19,0.0,/AF-P07900-F1-model_v1,47.58465576171875,0.0
1693,116.0,all,84.24,P07900,10.63,0.0,/AF-P07900-F1-model_v1,69.70146942138672,0.0
1694,147.0,all,96.96,P07900,11.18,0.0,/AF-P07900-F1-model_v1,32.303951263427734,0.0
1695,153.0,all,97.66,P07900,9.96,0.0,/AF-P07900-F1-model_v1,27.746545791625977,0.0
1696,185.0,all,97.91,P07900,10.13,0.0,/AF-P07900-F1-model_v1,37.531558990478516,0.0
1697,191.0,all,96.54,P07900,9.34,0.0,/AF-P07900-F1-model_v1,34.98477554321289,0.0
1698,204.0,all,94.73,P07900,12.12,0.0,/AF-P07900-F1-model_v1,38.33580780029297,0.0
1699,208.0,all,90.16,P07900,9.98,0.0,/AF-P07900-F1-model_v1,75.46524810791016,0.0
1700,209.0,all,88.12,P07900,11.19,0.0,/AF-P07900-F1-model_v1,57.50371170043945,0.0
1701,224.0,all,84.86,P07900,12.91,0.0,/AF-P07900-F1-model_v1,40.61450958251953,0.0
1702,228.0,all,77.19,P07900,11.45,0.0,/AF-P07900-F1-model_v1,53.75055694580078,0.0
1703,281.0,all,77.76,P07900,11.65,0.0,/AF-P07900-F1-model_v1,69.70146942138672,0.0
1704,283.0,all,82.17,P07900,11.03,0.0,/AF-P07900-F1-model_v1,63.803653717041016,0.0
1705,292.0,all,86.83,P07900,10.57,0.0,/AF-P07900-F1-model_v1,82.16730499267578,0.0
1706,294.0,all,86.75,P07900,10.41,0.0,/AF-P07900-F1-model_v1,105.89261627197266,0.0
1707,314.0,all,93.53,P07900,11.36,0.0,/AF-P07900-F1-model_v1,44.3676643371582,0.0
1708,327.0,all,97.69,P07900,10.81,0.0,/AF-P07900-F1-model_v1,32.5720329284668,0.0
1709,356.0,all,83.33,P07900,10.72,0.0,/AF-P07900-F1-model_v1,64.20578002929688,0.0
1710,357.0,all,83.5,P07900,10.87,0.0,/AF-P07900-F1-model_v1,63.401527404785156,0.0
1711,358.0,all,84.95,P07900,11.61,0.0,/AF-P07900-F1-model_v1,46.914451599121094,0.0
1712,362.0,all,91.16,P07900,8.87,0.0,/AF-P07900-F1-model_v1,49.193153381347656,0.0
1713,407.0,all,84.84,P07900,10.45,0.0,/AF-P07900-F1-model_v1,102.13945770263672,0.0
1714,410.0,all,88.63,P07900,10.51,0.0,/AF-P07900-F1-model_v1,106.56282043457031,0.0
1715,414.0,all,94.11,P07900,10.34,0.0,/AF-P07900-F1-model_v1,97.71609497070312,0.0
1716,418.0,all,97.12,P07900,10.4,0.0,/AF-P07900-F1-model_v1,79.08435821533203,0.0
1717,419.0,all,97.75,P07900,11.32,0.0,/AF-P07900-F1-model_v1,45.30595397949219,0.0
1718,431.0,all,93.62,P07900,11.53,0.0,/AF-P07900-F1-model_v1,78.28011322021484,0.0
1719,435.0,all,96.73,P07900,10.76,0.0,/AF-P07900-F1-model_v1,82.9715576171875,0.0
1720,436.0,all,96.86,P07900,11.4,0.0,/AF-P07900-F1-model_v1,72.91845703125,0.0
1721,443.0,all,97.71,P07900,10.42,0.0,/AF-P07900-F1-model_v1,82.03326416015625,0.0
1722,446.0,all,98.46,P07900,13.85,0.0,/AF-P07900-F1-model_v1,5.361651420593262,0.0
1723,457.0,all,95.86,P07900,10.79,0.0,/AF-P07900-F1-model_v1,91.55020141601562,0.0
1724,458.0,all,96.44,P07900,10.27,0.0,/AF-P07900-F1-model_v1,91.95232391357422,0.0
1725,478.0,all,96.04,P07900,10.65,0.0,/AF-P07900-F1-model_v1,95.5714340209961,0.0
1726,485.0,all,92.48,P07900,10.12,0.0,/AF-P07900-F1-model_v1,38.067726135253906,0.0
1727,489.0,all,91.17,P07900,10.47,0.0,/AF-P07900-F1-model_v1,100.12883758544922,0.0
1728,499.0,all,95.43,P07900,11.42,0.0,/AF-P07900-F1-model_v1,35.11881637573242,0.0
1729,513.0,all,91.35,P07900,10.07,0.0,/AF-P07900-F1-model_v1,57.50371170043945,0.0
1730,534.0,all,93.07,P07900,10.38,0.0,/AF-P07900-F1-model_v1,93.02465057373047,0.0
1731,539.0,all,95.22,P07900,10.28,0.0,/AF-P07900-F1-model_v1,48.3889045715332,0.0
1732,546.0,all,94.08,P07900,9.51,0.0,/AF-P07900-F1-model_v1,42.4910888671875,0.0
1733,558.0,all,85.18,P07900,10.63,0.0,/AF-P07900-F1-model_v1,68.4950942993164,0.0
1734,559.0,all,90.58,P07900,10.63,0.0,/AF-P07900-F1-model_v1,74.39291381835938,0.0
1735,560.0,all,89.85,P07900,11.7,0.0,/AF-P07900-F1-model_v1,64.20578002929688,0.0
1736,564.0,all,93.31,P07900,10.66,0.0,/AF-P07900-F1-model_v1,35.789024353027344,0.0
1737,565.0,all,93.73,P07900,11.3,0.0,/AF-P07900-F1-model_v1,53.08034896850586,0.0
1738,567.0,all,94.02,P07900,11.09,0.0,/AF-P07900-F1-model_v1,45.171913146972656,0.0
1739,573.0,all,94.3,P07900,11.5,0.0,/AF-P07900-F1-model_v1,69.43338775634766,0.0
1740,576.0,all,95.13,P07900,10.14,0.0,/AF-P07900-F1-model_v1,34.71669387817383,0.0
1741,581.0,all,87.54,P07900,10.55,0.0,/AF-P07900-F1-model_v1,91.4161605834961,0.0
1742,582.0,all,89.78,P07900,10.21,0.0,/AF-P07900-F1-model_v1,48.522945404052734,0.0
1743,585.0,all,94.32,P07900,10.71,0.0,/AF-P07900-F1-model_v1,65.81427001953125,0.0
1744,615.0,all,86.46,P07900,11.14,0.0,/AF-P07900-F1-model_v1,42.893211364746094,0.0
1745,631.0,all,87.36,P07900,11.51,0.0,/AF-P07900-F1-model_v1,69.1653060913086,0.0
1746,632.0,all,93.37,P07900,9.87,0.0,/AF-P07900-F1-model_v1,28.014629364013672,0.0
1747,649.0,all,90.85,P07900,10.54,0.0,/AF-P07900-F1-model_v1,55.35905075073242,0.0
1748,654.0,all,80.04,P07900,10.49,0.0,/AF-P07900-F1-model_v1,69.56742858886719,0.0
1749,657.0,all,80.7,P07900,10.66,0.0,/AF-P07900-F1-model_v1,88.33320617675781,0.0
1750,660.0,all,86.57,P07900,10.39,0.0,/AF-P07900-F1-model_v1,70.9078369140625,0.0
1751,693.0,all,85.81,P07900,10.43,0.0,/AF-P07900-F1-model_v1,71.57804870605469,0.0
1752,417.0,all,0.0,P61224,11.025,0.7707463914933367,/6OQ4-alt1A_assembled/6OQ4-alt1B_assembled,70.10359191894531,29.761388778686523
1753,421.0,all,0.0,P61224,10.285,0.24748737341529264,/6OQ4-alt1A_assembled/6OQ4-alt1B_assembled,64.4068374633789,11.658123016357422
1754,437.0,all,0.0,P61224,10.870000000000001,0.3252691193458112,/6OQ4-alt1A_assembled/6OQ4-alt1B_assembled,67.28872680664062,0.5686870813369751
1755,475.0,all,0.0,P61224,9.004999999999999,0.07778174593052109,/6OQ4-alt1A_assembled/6OQ4-alt1B_assembled,42.35704803466797,6.255579471588135
1756,479.0,all,0.0,P61224,10.085,0.09192388155425173,/6OQ4-alt1A_assembled/6OQ4-alt1B_assembled,30.15928840637207,4.170385360717773
1757,520.0,all,0.0,P61224,9.98,0.6929646455628169,/6OQ4-alt1A_assembled/6OQ4-alt1B_assembled,51.203773498535156,6.2555766105651855
1758,541.0,all,0.0,P61224,10.920000000000002,0.2969848480983499,/6OQ4-alt1A_assembled/6OQ4-alt1B_assembled,45.10489273071289,1.9904102087020874
1759,550.0,all,0.0,P61224,10.095,0.049497474683058526,/6OQ4-alt1A_assembled/6OQ4-alt1B_assembled,34.98477554321289,0.1895623654127121
1760,569.0,all,0.0,P61224,10.510000000000002,0.0707106781186545,/6OQ4-alt1A_assembled/6OQ4-alt1B_assembled,129.14878845214844,2.559102773666382
1761,570.0,all,0.0,P61224,10.605,0.03535533905932788,/6OQ4-alt1A_assembled/6OQ4-alt1B_assembled,73.78973388671875,13.553751945495605
1762,572.0,all,0.0,P61224,10.57,0.028284271247461298,/6OQ4-alt1A_assembled/6OQ4-alt1B_assembled,92.35444641113281,6.63470458984375
1763,582.0,all,0.0,P61224,10.65,0.12727922061357835,/6OQ4-alt1A_assembled/6OQ4-alt1B_assembled,67.82489013671875,11.184220314025879
1764,589.0,all,0.0,P61224,9.23,0.08485281374238515,/6OQ4-alt1A_assembled/6OQ4-alt1B_assembled,37.933685302734375,22.747560501098633
1765,591.0,all,0.0,P61224,10.995000000000001,0.5727564927611039,/6OQ4-alt1A_assembled/6OQ4-alt1B_assembled,73.2535629272461,11.468561172485352
1766,593.0,all,0.0,P61224,10.195,0.28991378028648457,/6OQ4-alt1A_assembled/6OQ4-alt1B_assembled,52.07503890991211,6.729485511779785
1767,606.0,all,0.0,P61224,10.355,0.06363961030678918,/6OQ4-alt1A_assembled/6OQ4-alt1B_assembled,63.334510803222656,0.47390860319137573
1768,616.0,all,0.0,P61224,9.684999999999999,0.021213203435595972,/6OQ4-alt1A_assembled/6OQ4-alt1B_assembled,34.381591796875,1.4217203855514526
1769,647.0,all,0.0,P61224,10.375,0.03535533905932788,/6OQ4-alt1A_assembled/6OQ4-alt1B_assembled,75.39822387695312,6.919053077697754
1770,654.0,all,0.0,P61224,10.43,0.014142135623730649,/6OQ4-alt1A_assembled/6OQ4-alt1B_assembled,77.54288482666016,3.5069198608398438
1771,665.0,all,0.0,P61224,8.16,1.1172287142747446,/6OQ4-alt1A_assembled/6OQ4-alt1B_assembled,35.38690185546875,5.1182026863098145
1772,675.0,all,0.0,P61224,9.92,0.6929646455628169,/6OQ4-alt1A_assembled/6OQ4-alt1B_assembled,22.11681365966797,2.0851926803588867
1773,682.0,all,0.0,P61224,10.434999999999999,0.14849242404917432,/6OQ4-alt1A_assembled/6OQ4-alt1B_assembled,80.9609375,13.079846382141113
1774,705.0,all,0.0,P61224,10.375,0.007071067811866581,/6OQ4-alt1A_assembled/6OQ4-alt1B_assembled,85.11621856689453,7.013829231262207
1775,713.0,all,0.0,P61224,10.235,0.12020815280171303,/6OQ4-alt1A_assembled/6OQ4-alt1B_assembled,52.678226470947266,2.8434462547302246
1776,720.0,all,0.0,P61224,10.245000000000001,0.07778174593052109,/6OQ4-alt1A_assembled/6OQ4-alt1B_assembled,67.69084930419922,3.7912580966949463
1777,724.0,all,0.0,P61224,10.07,0.21213203435596475,/6OQ4-alt1A_assembled/6OQ4-alt1B_assembled,75.06311798095703,9.857275009155273
1778,5.0,all,0.0,P61224,10.54,0.0,/6OQ4-alt1A_assembled/6OQ4-alt1B_assembled,44.903831481933594,0.0
1779,16.0,all,0.0,P61224,9.795,0.007071067811866581,/6OQ4-alt1A_assembled/6OQ4-alt1B_assembled,12.867963790893555,0.0
1780,31.0,all,0.0,P61224,9.73,0.014142135623730649,/6OQ4-alt1A_assembled/6OQ4-alt1B_assembled,47.31657409667969,2.085191249847412
1781,42.0,all,0.0,P61224,9.32,0.014142135623730649,/6OQ4-alt1A_assembled/6OQ4-alt1B_assembled,34.448612213134766,0.0
1782,73.0,all,0.0,P61224,10.63,0.0,/6OQ4-alt1A_assembled/6OQ4-alt1B_assembled,65.54618835449219,0.0
1783,104.0,all,0.0,P61224,7.67,0.0,/6OQ4-alt1A_assembled/6OQ4-alt1B_assembled,10.589262008666992,0.0
1784,117.0,all,0.0,P61224,9.355,0.007071067811865324,/6OQ4-alt1A_assembled/6OQ4-alt1B_assembled,28.282711029052734,0.0
1785,128.0,all,0.0,P61224,10.61,0.0,/6OQ4-alt1A_assembled/6OQ4-alt1B_assembled,65.01002502441406,0.0
1786,149.0,all,0.0,P61224,11.055,0.02121320343559723,/6OQ4-alt1A_assembled/6OQ4-alt1B_assembled,57.10158920288086,0.0
1787,151.0,all,0.0,P61224,9.620000000000001,0.05656854249492385,/6OQ4-alt1A_assembled/6OQ4-alt1B_assembled,62.66429901123047,9.952058792114258
1788,46.0,all,0.0,P11021,10.327499999999999,0.20253747448664566,/5EXW-alt1B_assembled/5EXW-alt1A_assembled/5F0X-alt1B_assembled/5F0X-alt1A_assembled,43.17805099487305,9.16043472290039
1789,81.0,all,0.0,P11021,11.463750000000001,1.77559597640583,/5EXW-alt1B_assembled/5EXW-alt1A_assembled/5F0X-alt1B_assembled/5F0X-alt1A_assembled,33.97946548461914,14.861235618591309
1790,96.0,all,0.0,P11021,12.11,1.343173215082212,/5EXW-alt1B_assembled/5EXW-alt1A_assembled/5F0X-alt1B_assembled/5F0X-alt1A_assembled,17.123775482177734,3.5389726161956787
1791,113.0,all,0.0,P11021,10.245000000000001,0.07445036697597411,/5EXW-alt1B_assembled/5EXW-alt1A_assembled/5F0X-alt1B_assembled/5F0X-alt1A_assembled,59.2294921875,1.6313713788986206
1792,118.0,all,0.0,P11021,10.335,0.038913824205360624,/5EXW-alt1B_assembled/5EXW-alt1A_assembled/5F0X-alt1B_assembled/5F0X-alt1A_assembled,63.55232620239258,6.731655597686768
1793,122.0,all,0.0,P11021,9.97375,0.5769361811698565,/5EXW-alt1B_assembled/5EXW-alt1A_assembled/5F0X-alt1B_assembled/5F0X-alt1A_assembled,48.070556640625,6.63081169128418
1794,123.0,all,0.0,P11021,10.65125,0.3968244484115648,/5EXW-alt1B_assembled/5EXW-alt1A_assembled/5F0X-alt1B_assembled/5F0X-alt1A_assembled,69.70146942138672,5.651577472686768
1795,125.0,all,0.0,P11021,11.13375,0.4682471111954211,/5EXW-alt1B_assembled/5EXW-alt1A_assembled/5F0X-alt1B_assembled/5F0X-alt1A_assembled,48.472679138183594,16.537353515625
1796,138.0,all,0.0,P11021,10.18375,0.10126873724332257,/5EXW-alt1B_assembled/5EXW-alt1A_assembled/5F0X-alt1B_assembled/5F0X-alt1A_assembled,51.187015533447266,9.975677490234375
1797,152.0,all,0.0,P11021,10.3725,0.29591263189374956,/5EXW-alt1B_assembled/5EXW-alt1A_assembled/5F0X-alt1B_assembled/5F0X-alt1A_assembled,22.61946678161621,9.52966594696045
1798,154.0,all,0.0,P11021,10.79375,0.5429795444713231,/5EXW-alt1B_assembled/5EXW-alt1A_assembled/5F0X-alt1B_assembled/5F0X-alt1A_assembled,24.88141441345215,4.759578227996826
1799,163.0,all,0.0,P11021,9.922500000000001,0.5312451680452527,/5EXW-alt1B_assembled/5EXW-alt1A_assembled/5F0X-alt1B_assembled/5F0X-alt1A_assembled,47.551143646240234,11.702953338623047
1800,164.0,all,0.0,P11021,10.2875,0.23150131131995164,/5EXW-alt1B_assembled/5EXW-alt1A_assembled/5F0X-alt1B_assembled/5F0X-alt1A_assembled,76.15220642089844,10.914859771728516
1801,185.0,all,0.0,P11021,9.942499999999999,0.37039554147270365,/5EXW-alt1B_assembled/5EXW-alt1A_assembled/5F0X-alt1B_assembled/5F0X-alt1A_assembled,44.099586486816406,6.795623779296875
1802,213.0,all,0.0,P11021,8.32875,2.7657777903718666,/5EXW-alt1B_assembled/5EXW-alt1A_assembled/5F0X-alt1B_assembled/5F0X-alt1A_assembled,30.913272857666016,26.449588775634766
1803,218.0,all,0.0,P11021,9.39375,0.7683365612988695,/5EXW-alt1B_assembled/5EXW-alt1A_assembled/5F0X-alt1B_assembled/5F0X-alt1A_assembled,47.36684036254883,14.849475860595703
1804,268.0,all,0.0,P11021,10.282499999999999,0.2251190161416214,/5EXW-alt1B_assembled/5EXW-alt1A_assembled/5F0X-alt1B_assembled/5F0X-alt1A_assembled,80.12317657470703,25.138242721557617
1805,271.0,all,0.0,P11021,10.432500000000001,0.23783247405324123,/5EXW-alt1B_assembled/5EXW-alt1A_assembled/5F0X-alt1B_assembled/5F0X-alt1A_assembled,61.69249725341797,13.1972074508667
1806,272.0,all,0.0,P11021,10.361249999999998,0.12275847366737178,/5EXW-alt1B_assembled/5EXW-alt1A_assembled/5F0X-alt1B_assembled/5F0X-alt1A_assembled,84.76435089111328,10.023802757263184
1807,273.0,all,0.0,P11021,11.088750000000001,0.3890808766457541,/5EXW-alt1B_assembled/5EXW-alt1A_assembled/5F0X-alt1B_assembled/5F0X-alt1A_assembled,64.52411651611328,15.156055450439453
1808,276.0,all,0.0,P11021,11.405000000000001,0.658309523378956,/5EXW-alt1B_assembled/5EXW-alt1A_assembled/5F0X-alt1B_assembled/5F0X-alt1A_assembled,41.921409606933594,9.78691577911377
1809,280.0,all,0.0,P11021,10.60375,0.11475906437899716,/5EXW-alt1B_assembled/5EXW-alt1A_assembled/5F0X-alt1B_assembled/5F0X-alt1A_assembled,76.65485382080078,6.980980396270752
1810,287.0,all,0.0,P11021,9.94625,0.5160824269712846,/5EXW-alt1B_assembled/5EXW-alt1A_assembled/5F0X-alt1B_assembled/5F0X-alt1A_assembled,43.51314926147461,10.34488582611084
1811,294.0,all,0.0,P11021,10.69875,0.46072729771215265,/5EXW-alt1B_assembled/5EXW-alt1A_assembled/5F0X-alt1B_assembled/5F0X-alt1A_assembled,64.08849334716797,7.8837103843688965
1812,296.0,all,0.0,P11021,10.35125,0.7728691905583284,/5EXW-alt1B_assembled/5EXW-alt1A_assembled/5F0X-alt1B_assembled/5F0X-alt1A_assembled,28.500530242919922,6.223879337310791
1813,326.0,all,0.0,P11021,10.8225,0.29324538724906996,/5EXW-alt1B_assembled/5EXW-alt1A_assembled/5F0X-alt1B_assembled/5F0X-alt1A_assembled,40.26265335083008,4.8614888191223145
1814,340.0,all,0.0,P11021,10.335,0.10889050857234016,/5EXW-alt1B_assembled/5EXW-alt1A_assembled/5F0X-alt1B_assembled/5F0X-alt1A_assembled,95.88978576660156,17.359981536865234
1815,344.0,all,0.0,P11021,10.596250000000001,0.4208134130127373,/5EXW-alt1B_assembled/5EXW-alt1A_assembled/5F0X-alt1B_assembled/5F0X-alt1A_assembled,61.692501068115234,6.300042152404785
1816,352.0,all,0.0,P11021,10.66,0.25467065566559294,/5EXW-alt1B_assembled/5EXW-alt1A_assembled/5F0X-alt1B_assembled/5F0X-alt1A_assembled,103.0274887084961,12.95700454711914
1817,353.0,all,0.0,P11021,10.04625,0.06717514421272183,/5EXW-alt1B_assembled/5EXW-alt1A_assembled/5F0X-alt1B_assembled/5F0X-alt1A_assembled,52.577693939208984,3.7944743633270264
1818,370.0,all,0.0,P11021,10.423750000000002,0.08551315688243571,/5EXW-alt1B_assembled/5EXW-alt1A_assembled/5F0X-alt1B_assembled/5F0X-alt1A_assembled,27.629261016845703,3.898365020751953
1819,376.0,all,0.0,P11021,11.22,0.20612063042236783,/5EXW-alt1B_assembled/5EXW-alt1A_assembled/5F0X-alt1B_assembled/5F0X-alt1A_assembled,51.941001892089844,4.761768817901611
1820,382.0,all,0.0,P11021,9.9175,0.9813947800379389,/5EXW-alt1B_assembled/5EXW-alt1A_assembled/5F0X-alt1B_assembled/5F0X-alt1A_assembled,46.462059020996094,8.704560279846191
1821,34.0,all,0.0,P08133,10.53,0.0,/1M9I-alt-1_assembled,64.07173156738281,0.0
1822,40.0,all,0.0,P08133,10.39,0.0,/1M9I-alt-1_assembled,36.32518768310547,0.0
1823,63.0,all,0.0,P08133,10.4,0.0,/1M9I-alt-1_assembled,62.19515609741211,0.0
1824,68.0,all,0.0,P08133,11.16,0.0,/1M9I-alt-1_assembled,42.62512969970703,0.0
1825,75.0,all,0.0,P08133,10.06,0.0,/1M9I-alt-1_assembled,50.13144302368164,0.0
1826,81.0,all,0.0,P08133,11.38,0.0,/1M9I-alt-1_assembled,48.25486373901367,0.0
1827,99.0,all,0.0,P08133,9.98,0.0,/1M9I-alt-1_assembled,28.818876266479492,0.0
1828,102.0,all,0.0,P08133,10.3,0.0,/1M9I-alt-1_assembled,32.97415542602539,0.0
1829,113.0,all,0.0,P08133,11.52,0.0,/1M9I-alt-1_assembled,61.39091110229492,0.0
1830,135.0,all,0.0,P08133,10.29,0.0,/1M9I-alt-1_assembled,60.05049514770508,0.0
1831,156.0,all,0.0,P08133,10.11,0.0,/1M9I-alt-1_assembled,54.152679443359375,0.0
1832,191.0,all,0.0,P08133,10.4,0.0,/1M9I-alt-1_assembled,50.93568801879883,0.0
1833,208.0,all,0.0,P08133,9.41,0.0,/1M9I-alt-1_assembled,49.72931671142578,0.0
1834,220.0,all,0.0,P08133,10.97,0.0,/1M9I-alt-1_assembled,59.112205505371094,0.0
1835,224.0,all,0.0,P08133,10.13,0.0,/1M9I-alt-1_assembled,25.73592758178711,0.0
1836,240.0,all,0.0,P08133,10.39,0.0,/1M9I-alt-1_assembled,66.88660430908203,0.0
1837,247.0,all,0.0,P08133,12.75,0.0,/1M9I-alt-1_assembled,28.952917098999023,0.0
1838,262.0,all,0.0,P08133,10.05,0.0,/1M9I-alt-1_assembled,9.919054985046387,0.0
1839,265.0,all,0.0,P08133,8.81,0.0,/1M9I-alt-1_assembled,20.10619354248047,0.0
1840,296.0,all,0.0,P08133,12.63,0.0,/1M9I-alt-1_assembled,19.57002830505371,0.0
1841,299.0,all,0.0,P08133,9.47,0.0,/1M9I-alt-1_assembled,45.171913146972656,0.0
1842,306.0,all,0.0,P08133,10.54,0.0,/1M9I-alt-1_assembled,62.59728240966797,0.0
1843,314.0,all,0.0,P08133,10.09,0.0,/1M9I-alt-1_assembled,42.22300338745117,0.0
1844,315.0,all,0.0,P08133,10.43,0.0,/1M9I-alt-1_assembled,37.933685302734375,0.0
1845,319.0,all,0.0,P08133,11.01,0.0,/1M9I-alt-1_assembled,34.85073471069336,0.0
1846,354.0,all,0.0,P08133,10.29,0.0,/1M9I-alt-1_assembled,58.173919677734375,0.0
1847,370.0,all,0.0,P08133,11.27,0.0,/1M9I-alt-1_assembled,55.627132415771484,0.0
1848,374.0,all,0.0,P08133,10.43,0.0,/1M9I-alt-1_assembled,80.82689666748047,0.0
1849,377.0,all,0.0,P08133,9.93,0.0,/1M9I-alt-1_assembled,60.720703125,0.0
1850,406.0,all,0.0,P08133,10.72,0.0,/1M9I-alt-1_assembled,51.87397766113281,0.0
1851,418.0,all,0.0,P08133,10.13,0.0,/1M9I-alt-1_assembled,49.193153381347656,0.0
1852,442.0,all,0.0,P08133,7.58,0.0,/1M9I-alt-1_assembled,40.34642791748047,0.0
1853,445.0,all,0.0,P08133,11.05,0.0,/1M9I-alt-1_assembled,21.714689254760742,0.0
1854,446.0,all,0.0,P08133,10.58,0.0,/1M9I-alt-1_assembled,41.28471755981445,0.0
1855,456.0,all,0.0,P08133,6.21,0.0,/1M9I-alt-1_assembled,36.59326934814453,0.0
1856,478.0,all,0.0,P08133,10.78,0.0,/1M9I-alt-1_assembled,47.71869659423828,0.0
1857,483.0,all,0.0,P08133,10.16,0.0,/1M9I-alt-1_assembled,43.429378509521484,0.0
1858,540.0,all,0.0,P08133,9.78,0.0,/1M9I-alt-1_assembled,26.138050079345703,0.0
1859,568.0,all,0.0,P08133,10.68,0.0,/1M9I-alt-1_assembled,59.38029098510742,0.0
1860,579.0,all,0.0,P08133,11.23,0.0,/1M9I-alt-1_assembled,30.69545555114746,0.0
1861,580.0,all,0.0,P08133,10.66,0.0,/1M9I-alt-1_assembled,46.646366119384766,0.0
1862,598.0,all,0.0,P08133,10.36,0.0,/1M9I-alt-1_assembled,36.057106018066406,0.0
1863,600.0,all,0.0,P08133,9.24,0.0,/1M9I-alt-1_assembled,22.652976989746094,0.0
1864,607.0,all,0.0,P08133,10.56,0.0,/1M9I-alt-1_assembled,10.991385459899902,0.0
1865,610.0,all,0.0,P08133,9.65,0.0,/1M9I-alt-1_assembled,56.83350372314453,0.0
1866,613.0,all,0.0,P08133,9.86,0.0,/1M9I-alt-1_assembled,42.4910888671875,0.0
1867,620.0,all,0.0,P08133,9.6,0.0,/1M9I-alt-1_assembled,54.286720275878906,0.0
1868,644.0,all,0.0,P08133,10.96,0.0,/1M9I-alt-1_assembled,15.950913429260254,0.0
1869,647.0,all,0.0,P08133,9.68,0.0,/1M9I-alt-1_assembled,40.882591247558594,0.0
1870,663.0,all,0.0,P08133,11.78,0.0,/1M9I-alt-1_assembled,30.02524757385254,0.0
1871,5.0,all,94.72,P39023,10.42,0.0,/AF-P39023-F1-model_v1,82.5694351196289,0.0
1872,20.0,all,97.81,P39023,10.38,0.0,/AF-P39023-F1-model_v1,97.71609497070312,0.0
1873,28.0,all,97.55,P39023,9.86,0.0,/AF-P39023-F1-model_v1,80.02265167236328,0.0
1874,30.0,all,97.25,P39023,10.24,0.0,/AF-P39023-F1-model_v1,99.99479675292969,0.0
1875,34.0,all,96.09,P39023,10.44,0.0,/AF-P39023-F1-model_v1,116.07975769042969,0.0
1876,39.0,all,96.43,P39023,11.45,0.0,/AF-P39023-F1-model_v1,72.38229370117188,0.0
1877,50.0,all,98.55,P39023,8.91,0.0,/AF-P39023-F1-model_v1,16.0849552154541,0.0
1878,66.0,all,97.33,P39023,10.48,0.0,/AF-P39023-F1-model_v1,96.10760498046875,0.0
1879,69.0,all,95.02,P39023,11.64,0.0,/AF-P39023-F1-model_v1,62.7313232421875,0.0
1880,70.0,all,96.58,P39023,10.35,0.0,/AF-P39023-F1-model_v1,68.62913513183594,0.0
1881,103.0,all,97.02,P39023,11.32,0.0,/AF-P39023-F1-model_v1,37.26347732543945,0.0
1882,115.0,all,96.93,P39023,10.38,0.0,/AF-P39023-F1-model_v1,33.64436340332031,0.0
1883,120.0,all,95.16,P39023,10.46,0.0,/AF-P39023-F1-model_v1,116.21379852294922,0.0
1884,124.0,all,96.2,P39023,10.45,0.0,/AF-P39023-F1-model_v1,87.79704284667969,0.0
1885,126.0,all,96.48,P39023,10.46,0.0,/AF-P39023-F1-model_v1,104.01603698730469,0.0
1886,127.0,all,95.79,P39023,10.32,0.0,/AF-P39023-F1-model_v1,53.48247146606445,0.0
1887,128.0,all,95.83,P39023,10.42,0.0,/AF-P39023-F1-model_v1,75.86737060546875,0.0
1888,132.0,all,93.24,P39023,10.45,0.0,/AF-P39023-F1-model_v1,95.1693115234375,0.0
1889,135.0,all,92.94,P39023,10.36,0.0,/AF-P39023-F1-model_v1,79.21839904785156,0.0
1890,136.0,all,93.37,P39023,10.31,0.0,/AF-P39023-F1-model_v1,77.47586059570312,0.0
1891,143.0,all,95.1,P39023,11.51,0.0,/AF-P39023-F1-model_v1,46.11020278930664,0.0
1892,144.0,all,96.23,P39023,10.43,0.0,/AF-P39023-F1-model_v1,80.5588150024414,0.0
1893,148.0,all,96.56,P39023,10.37,0.0,/AF-P39023-F1-model_v1,82.43539428710938,0.0
1894,154.0,all,96.99,P39023,11.17,0.0,/AF-P39023-F1-model_v1,47.98678207397461,0.0
1895,155.0,all,97.03,P39023,11.08,0.0,/AF-P39023-F1-model_v1,76.26949310302734,0.0
1896,176.0,all,96.58,P39023,10.19,0.0,/AF-P39023-F1-model_v1,84.44600677490234,0.0
1897,177.0,all,96.95,P39023,9.34,0.0,/AF-P39023-F1-model_v1,42.62512969970703,0.0
1898,193.0,all,98.44,P39023,10.63,0.0,/AF-P39023-F1-model_v1,16.218996047973633,0.0
1899,224.0,all,98.27,P39023,10.33,0.0,/AF-P39023-F1-model_v1,104.8202896118164,0.0
1900,226.0,all,98.36,P39023,10.14,0.0,/AF-P39023-F1-model_v1,78.81627655029297,0.0
1901,229.0,all,98.35,P39023,10.3,0.0,/AF-P39023-F1-model_v1,55.22500991821289,0.0
1902,238.0,all,96.63,P39023,10.42,0.0,/AF-P39023-F1-model_v1,86.18854522705078,0.0
1903,239.0,all,97.37,P39023,10.07,0.0,/AF-P39023-F1-model_v1,65.54618835449219,0.0
1904,243.0,all,96.86,P39023,10.46,0.0,/AF-P39023-F1-model_v1,80.02265167236328,0.0
1905,250.0,all,97.22,P39023,10.01,0.0,/AF-P39023-F1-model_v1,38.067726135253906,0.0
1906,272.0,all,98.38,P39023,9.51,0.0,/AF-P39023-F1-model_v1,26.67421531677246,0.0
1907,282.0,all,98.31,P39023,11.05,0.0,/AF-P39023-F1-model_v1,27.612504959106445,0.0
1908,283.0,all,98.29,P39023,8.7,0.0,/AF-P39023-F1-model_v1,5.361651420593262,0.0
1909,286.0,all,97.95,P39023,8.98,0.0,/AF-P39023-F1-model_v1,38.4698486328125,0.0
1910,294.0,all,84.09,P39023,10.42,0.0,/AF-P39023-F1-model_v1,71.57804870605469,0.0
1911,297.0,all,88.23,P39023,10.45,0.0,/AF-P39023-F1-model_v1,95.97356414794922,0.0
1912,300.0,all,91.74,P39023,10.68,0.0,/AF-P39023-F1-model_v1,62.32919692993164,0.0
1913,312.0,all,94.37,P39023,9.94,0.0,/AF-P39023-F1-model_v1,3.2169909477233887,0.0
1914,334.0,all,98.39,P39023,9.41,0.0,/AF-P39023-F1-model_v1,33.778404235839844,0.0
1915,341.0,all,96.25,P39023,9.58,0.0,/AF-P39023-F1-model_v1,43.96554183959961,0.0
1916,342.0,all,97.94,P39023,10.02,0.0,/AF-P39023-F1-model_v1,58.97816467285156,0.0
1917,349.0,all,98.29,P39023,10.3,0.0,/AF-P39023-F1-model_v1,27.746545791625977,0.0
1918,356.0,all,95.0,P39023,10.41,0.0,/AF-P39023-F1-model_v1,103.74795532226562,0.0
1919,362.0,all,96.11,P39023,10.5,0.0,/AF-P39023-F1-model_v1,97.179931640625,0.0
1920,366.0,all,97.12,P39023,12.72,0.0,/AF-P39023-F1-model_v1,16.353036880493164,0.0
1921,373.0,all,97.09,P39023,9.85,0.0,/AF-P39023-F1-model_v1,26.138050079345703,0.0
1922,385.0,all,96.17,P39023,10.16,0.0,/AF-P39023-F1-model_v1,61.52495193481445,0.0
1923,386.0,all,95.2,P39023,10.54,0.0,/AF-P39023-F1-model_v1,89.67362213134766,0.0
1924,393.0,all,96.36,P39023,10.45,0.0,/AF-P39023-F1-model_v1,81.09497833251953,0.0
1925,394.0,all,95.22,P39023,10.61,0.0,/AF-P39023-F1-model_v1,71.84613037109375,0.0
1926,399.0,all,92.02,P39023,10.44,0.0,/AF-P39023-F1-model_v1,81.22901916503906,0.0
1927,14.0,all,0.0,O43390,10.287000000000003,0.11355962959469455,/2DK2-alt-5_assembled/2DK2-alt-19_assembled/2DK2-alt-18_assembled/2DK2-alt-4_assembled/2DK2-alt-6_assembled/2DK2-alt-7_assembled/2DK2-alt-3_assembled/2DK2-alt-2_assembled/2DK2-alt-20_assembled/2DK2-alt-1_assembled/2DK2-alt-10_assembled/2DK2-alt-11_assembled/2DK2-alt-13_assembled/2DK2-alt-12_assembled/2DK2-alt-16_assembled/2DK2-alt-17_assembled/2DK2-alt-9_assembled/2DK2-alt-15_assembled/2DK2-alt-14_assembled/2DK2-alt-8_assembled,91.26201629638672,9.669501304626465
1928,16.0,all,0.0,O43390,10.498999999999999,0.15168873947729455,/2DK2-alt-5_assembled/2DK2-alt-19_assembled/2DK2-alt-18_assembled/2DK2-alt-4_assembled/2DK2-alt-6_assembled/2DK2-alt-7_assembled/2DK2-alt-3_assembled/2DK2-alt-2_assembled/2DK2-alt-20_assembled/2DK2-alt-1_assembled/2DK2-alt-10_assembled/2DK2-alt-11_assembled/2DK2-alt-13_assembled/2DK2-alt-12_assembled/2DK2-alt-16_assembled/2DK2-alt-17_assembled/2DK2-alt-9_assembled/2DK2-alt-15_assembled/2DK2-alt-14_assembled/2DK2-alt-8_assembled,83.3870849609375,17.150388717651367
1929,34.0,all,0.0,O43390,10.7745,0.37061080451202805,/2DK2-alt-5_assembled/2DK2-alt-19_assembled/2DK2-alt-18_assembled/2DK2-alt-4_assembled/2DK2-alt-6_assembled/2DK2-alt-7_assembled/2DK2-alt-3_assembled/2DK2-alt-2_assembled/2DK2-alt-20_assembled/2DK2-alt-1_assembled/2DK2-alt-10_assembled/2DK2-alt-11_assembled/2DK2-alt-13_assembled/2DK2-alt-12_assembled/2DK2-alt-16_assembled/2DK2-alt-17_assembled/2DK2-alt-9_assembled/2DK2-alt-15_assembled/2DK2-alt-14_assembled/2DK2-alt-8_assembled,97.15982818603516,10.538037300109863
1930,41.0,all,0.0,O43390,10.482000000000001,0.06879412459612665,/2DK2-alt-5_assembled/2DK2-alt-19_assembled/2DK2-alt-18_assembled/2DK2-alt-4_assembled/2DK2-alt-6_assembled/2DK2-alt-7_assembled/2DK2-alt-3_assembled/2DK2-alt-2_assembled/2DK2-alt-20_assembled/2DK2-alt-1_assembled/2DK2-alt-10_assembled/2DK2-alt-11_assembled/2DK2-alt-13_assembled/2DK2-alt-12_assembled/2DK2-alt-16_assembled/2DK2-alt-17_assembled/2DK2-alt-9_assembled/2DK2-alt-15_assembled/2DK2-alt-14_assembled/2DK2-alt-8_assembled,109.42460632324219,7.432029724121094
1931,46.0,all,0.0,O43390,10.397499999999997,0.20232529825948486,/2DK2-alt-5_assembled/2DK2-alt-19_assembled/2DK2-alt-18_assembled/2DK2-alt-4_assembled/2DK2-alt-6_assembled/2DK2-alt-7_assembled/2DK2-alt-3_assembled/2DK2-alt-2_assembled/2DK2-alt-20_assembled/2DK2-alt-1_assembled/2DK2-alt-10_assembled/2DK2-alt-11_assembled/2DK2-alt-13_assembled/2DK2-alt-12_assembled/2DK2-alt-16_assembled/2DK2-alt-17_assembled/2DK2-alt-9_assembled/2DK2-alt-15_assembled/2DK2-alt-14_assembled/2DK2-alt-8_assembled,82.24103546142578,8.961051940917969
1932,47.0,all,0.0,O43390,10.192,0.03155613210905625,/2DK2-alt-5_assembled/2DK2-alt-19_assembled/2DK2-alt-18_assembled/2DK2-alt-4_assembled/2DK2-alt-6_assembled/2DK2-alt-7_assembled/2DK2-alt-3_assembled/2DK2-alt-2_assembled/2DK2-alt-20_assembled/2DK2-alt-1_assembled/2DK2-alt-10_assembled/2DK2-alt-11_assembled/2DK2-alt-13_assembled/2DK2-alt-12_assembled/2DK2-alt-16_assembled/2DK2-alt-17_assembled/2DK2-alt-9_assembled/2DK2-alt-15_assembled/2DK2-alt-14_assembled/2DK2-alt-8_assembled,50.80835723876953,6.753434658050537
1933,49.0,all,0.0,O43390,10.655000000000001,0.05104177855340418,/2DK2-alt-5_assembled/2DK2-alt-19_assembled/2DK2-alt-18_assembled/2DK2-alt-4_assembled/2DK2-alt-6_assembled/2DK2-alt-7_assembled/2DK2-alt-3_assembled/2DK2-alt-2_assembled/2DK2-alt-20_assembled/2DK2-alt-1_assembled/2DK2-alt-10_assembled/2DK2-alt-11_assembled/2DK2-alt-13_assembled/2DK2-alt-12_assembled/2DK2-alt-16_assembled/2DK2-alt-17_assembled/2DK2-alt-9_assembled/2DK2-alt-15_assembled/2DK2-alt-14_assembled/2DK2-alt-8_assembled,93.90261840820312,4.765237331390381
1934,64.0,all,0.0,O43390,10.4215,0.07191186125719227,/2DK2-alt-5_assembled/2DK2-alt-19_assembled/2DK2-alt-18_assembled/2DK2-alt-4_assembled/2DK2-alt-6_assembled/2DK2-alt-7_assembled/2DK2-alt-3_assembled/2DK2-alt-2_assembled/2DK2-alt-20_assembled/2DK2-alt-1_assembled/2DK2-alt-10_assembled/2DK2-alt-11_assembled/2DK2-alt-13_assembled/2DK2-alt-12_assembled/2DK2-alt-16_assembled/2DK2-alt-17_assembled/2DK2-alt-9_assembled/2DK2-alt-15_assembled/2DK2-alt-14_assembled/2DK2-alt-8_assembled,96.25505065917969,10.241289138793945
1935,72.0,all,0.0,O43390,10.476,0.0705168886079596,/2DK2-alt-5_assembled/2DK2-alt-19_assembled/2DK2-alt-18_assembled/2DK2-alt-4_assembled/2DK2-alt-6_assembled/2DK2-alt-7_assembled/2DK2-alt-3_assembled/2DK2-alt-2_assembled/2DK2-alt-20_assembled/2DK2-alt-1_assembled/2DK2-alt-10_assembled/2DK2-alt-11_assembled/2DK2-alt-13_assembled/2DK2-alt-12_assembled/2DK2-alt-16_assembled/2DK2-alt-17_assembled/2DK2-alt-9_assembled/2DK2-alt-15_assembled/2DK2-alt-14_assembled/2DK2-alt-8_assembled,89.35862731933594,6.903249740600586
1936,85.0,all,0.0,O43390,10.416500000000001,0.11886635573750788,/2DK2-alt-5_assembled/2DK2-alt-19_assembled/2DK2-alt-18_assembled/2DK2-alt-4_assembled/2DK2-alt-6_assembled/2DK2-alt-7_assembled/2DK2-alt-3_assembled/2DK2-alt-2_assembled/2DK2-alt-20_assembled/2DK2-alt-1_assembled/2DK2-alt-10_assembled/2DK2-alt-11_assembled/2DK2-alt-13_assembled/2DK2-alt-12_assembled/2DK2-alt-16_assembled/2DK2-alt-17_assembled/2DK2-alt-9_assembled/2DK2-alt-15_assembled/2DK2-alt-14_assembled/2DK2-alt-8_assembled,107.0051498413086,10.956494331359863
1937,89.0,all,0.0,O43390,10.411000000000001,0.13134526617799536,/2DK2-alt-5_assembled/2DK2-alt-19_assembled/2DK2-alt-18_assembled/2DK2-alt-4_assembled/2DK2-alt-6_assembled/2DK2-alt-7_assembled/2DK2-alt-3_assembled/2DK2-alt-2_assembled/2DK2-alt-20_assembled/2DK2-alt-1_assembled/2DK2-alt-10_assembled/2DK2-alt-11_assembled/2DK2-alt-13_assembled/2DK2-alt-12_assembled/2DK2-alt-16_assembled/2DK2-alt-17_assembled/2DK2-alt-9_assembled/2DK2-alt-15_assembled/2DK2-alt-14_assembled/2DK2-alt-8_assembled,99.57927703857422,10.47021484375
1938,90.0,all,0.0,O43390,10.4205,0.049148004189280045,/2DK2-alt-5_assembled/2DK2-alt-19_assembled/2DK2-alt-18_assembled/2DK2-alt-4_assembled/2DK2-alt-6_assembled/2DK2-alt-7_assembled/2DK2-alt-3_assembled/2DK2-alt-2_assembled/2DK2-alt-20_assembled/2DK2-alt-1_assembled/2DK2-alt-10_assembled/2DK2-alt-11_assembled/2DK2-alt-13_assembled/2DK2-alt-12_assembled/2DK2-alt-16_assembled/2DK2-alt-17_assembled/2DK2-alt-9_assembled/2DK2-alt-15_assembled/2DK2-alt-14_assembled/2DK2-alt-8_assembled,98.68789672851562,10.710938453674316
1939,122.0,all,97.68,P13861,8.16,0.0,/AF-P13861-F1-model_v1,1.3404128551483154,0.0
1940,135.0,all,89.94,P13861,11.54,0.0,/AF-P13861-F1-model_v1,82.16730499267578,0.0
1941,141.0,all,88.06,P13861,10.9,0.0,/AF-P13861-F1-model_v1,82.5694351196289,0.0
1942,161.0,all,98.39,P13861,10.57,0.0,/AF-P13861-F1-model_v1,95.1693115234375,0.0
1943,190.0,all,91.89,P13861,10.41,0.0,/AF-P13861-F1-model_v1,77.47586059570312,0.0
1944,243.0,all,91.13,P13861,11.23,0.0,/AF-P13861-F1-model_v1,48.12082290649414,0.0
1945,247.0,all,91.28,P13861,11.52,0.0,/AF-P13861-F1-model_v1,74.12483215332031,0.0
1946,248.0,all,91.97,P13861,12.27,0.0,/AF-P13861-F1-model_v1,41.82088088989258,0.0
1947,250.0,all,93.2,P13861,10.61,0.0,/AF-P13861-F1-model_v1,102.54158782958984,0.0
1948,263.0,all,86.86,P13861,10.45,0.0,/AF-P13861-F1-model_v1,95.70547485351562,0.0
1949,272.0,all,96.47,P13861,10.36,0.0,/AF-P13861-F1-model_v1,55.89521789550781,0.0
1950,280.0,all,96.96,P13861,10.62,0.0,/AF-P13861-F1-model_v1,77.47586059570312,0.0
1951,283.0,all,98.42,P13861,11.49,0.0,/AF-P13861-F1-model_v1,88.60128784179688,0.0
1952,294.0,all,95.35,P13861,10.53,0.0,/AF-P13861-F1-model_v1,88.60128784179688,0.0
1953,332.0,all,96.28,P13861,10.38,0.0,/AF-P13861-F1-model_v1,78.81627655029297,0.0
1954,345.0,all,91.05,P13861,10.36,0.0,/AF-P13861-F1-model_v1,69.29934692382812,0.0
1955,358.0,all,97.65,P13861,11.85,0.0,/AF-P13861-F1-model_v1,37.933685302734375,0.0
1956,379.0,all,86.15,P13861,11.62,0.0,/AF-P13861-F1-model_v1,46.512325286865234,0.0
1957,391.0,all,75.8,P13861,11.32,0.0,/AF-P13861-F1-model_v1,56.43138122558594,0.0
1958,36.0,all,70.67,P05023,10.99,0.0,/AF-P05023-F1-model_v1,35.789024353027344,0.0
1959,37.0,all,70.93,P05023,10.57,0.0,/AF-P05023-F1-model_v1,80.82689666748047,0.0
1960,45.0,all,92.05,P05023,11.7,0.0,/AF-P05023-F1-model_v1,33.64436340332031,0.0
1961,54.0,all,92.23,P05023,11.33,0.0,/AF-P05023-F1-model_v1,42.08896255493164,0.0
1962,91.0,all,84.16,P05023,11.3,0.0,/AF-P05023-F1-model_v1,46.914451599121094,0.0
1963,177.0,all,90.95,P05023,11.01,0.0,/AF-P05023-F1-model_v1,45.037872314453125,0.0
1964,194.0,all,90.49,P05023,10.45,0.0,/AF-P05023-F1-model_v1,63.133445739746094,0.0
1965,212.0,all,89.74,P05023,11.3,0.0,/AF-P05023-F1-model_v1,38.33580780029297,0.0
1966,349.0,all,88.77,P05023,10.13,0.0,/AF-P05023-F1-model_v1,100.39692687988281,0.0
1967,354.0,all,89.7,P05023,11.22,0.0,/AF-P05023-F1-model_v1,63.267486572265625,0.0
1968,359.0,all,79.75,P05023,8.19,0.0,/AF-P05023-F1-model_v1,38.20176696777344,0.0
1969,377.0,all,92.67,P05023,12.17,0.0,/AF-P05023-F1-model_v1,6.702064514160156,0.0
1970,413.0,all,86.93,P05023,10.88,0.0,/AF-P05023-F1-model_v1,37.397518157958984,0.0
1971,444.0,all,87.78,P05023,10.37,0.0,/AF-P05023-F1-model_v1,75.73332977294922,0.0
1972,458.0,all,94.58,P05023,8.06,0.0,/AF-P05023-F1-model_v1,17.157283782958984,0.0
1973,468.0,all,92.01,P05023,10.76,0.0,/AF-P05023-F1-model_v1,83.3736801147461,0.0
1974,476.0,all,94.23,P05023,10.62,0.0,/AF-P05023-F1-model_v1,30.963537216186523,0.0
1975,487.0,all,87.44,P05023,10.33,0.0,/AF-P05023-F1-model_v1,55.627132415771484,0.0
1976,494.0,all,93.57,P05023,11.26,0.0,/AF-P05023-F1-model_v1,65.41214752197266,0.0
1977,508.0,all,96.55,P05023,10.44,0.0,/AF-P05023-F1-model_v1,10.321179389953613,0.0
1978,526.0,all,92.65,P05023,10.44,0.0,/AF-P05023-F1-model_v1,84.71409606933594,0.0
1979,535.0,all,91.04,P05023,11.48,0.0,/AF-P05023-F1-model_v1,39.81026077270508,0.0
1980,605.0,all,95.12,P05023,11.47,0.0,/AF-P05023-F1-model_v1,68.09297180175781,0.0
1981,612.0,all,97.04,P05023,8.97,0.0,/AF-P05023-F1-model_v1,33.912445068359375,0.0
1982,625.0,all,93.61,P05023,10.59,0.0,/AF-P05023-F1-model_v1,25.86996841430664,0.0
1983,629.0,all,93.36,P05023,10.04,0.0,/AF-P05023-F1-model_v1,65.81427001953125,0.0
1984,661.0,all,93.2,P05023,10.45,0.0,/AF-P05023-F1-model_v1,83.64176177978516,0.0
1985,671.0,all,85.16,P05023,11.56,0.0,/AF-P05023-F1-model_v1,62.59728240966797,0.0
1986,683.0,all,93.35,P05023,10.75,0.0,/AF-P05023-F1-model_v1,57.10158920288086,0.0
1987,698.0,all,93.1,P05023,12.83,0.0,/AF-P05023-F1-model_v1,7.372270584106445,0.0
1988,726.0,all,87.73,P05023,10.1,0.0,/AF-P05023-F1-model_v1,64.07173156738281,0.0
1989,727.0,all,91.78,P05023,10.16,0.0,/AF-P05023-F1-model_v1,41.552799224853516,0.0
1990,743.0,all,82.45,P05023,9.79,0.0,/AF-P05023-F1-model_v1,25.601884841918945,0.0
1991,773.0,all,96.25,P05023,9.42,0.0,/AF-P05023-F1-model_v1,8.846724510192871,0.0
1992,774.0,all,96.68,P05023,9.84,0.0,/AF-P05023-F1-model_v1,7.774394512176514,0.0
1993,833.0,all,93.15,P05023,11.53,0.0,/AF-P05023-F1-model_v1,87.52896118164062,0.0
1994,840.0,all,91.06,P05023,10.38,0.0,/AF-P05023-F1-model_v1,111.12022399902344,0.0
1995,843.0,all,93.71,P05023,10.32,0.0,/AF-P05023-F1-model_v1,40.61450958251953,0.0
1996,912.0,all,94.14,P05023,12.7,0.0,/AF-P05023-F1-model_v1,11.393508911132812,0.0
1997,938.0,all,96.82,P05023,10.19,0.0,/AF-P05023-F1-model_v1,9.248848915100098,0.0
1998,950.0,all,93.77,P05023,10.39,0.0,/AF-P05023-F1-model_v1,96.10760498046875,0.0
1999,952.0,all,96.27,P05023,10.44,0.0,/AF-P05023-F1-model_v1,102.94371032714844,0.0
2000,984.0,all,92.15,P05023,10.37,0.0,/AF-P05023-F1-model_v1,59.782413482666016,0.0
2001,42.0,all,86.28,Q9Y285,10.66,0.0,/AF-Q9Y285-F1-model_v1,63.133445739746094,0.0
2002,59.0,all,82.79,Q9Y285,11.4,0.0,/AF-Q9Y285-F1-model_v1,53.08034896850586,0.0
2003,101.0,all,82.44,Q9Y285,10.42,0.0,/AF-Q9Y285-F1-model_v1,79.21839904785156,0.0
2004,106.0,all,85.35,Q9Y285,9.39,0.0,/AF-Q9Y285-F1-model_v1,35.65498352050781,0.0
2005,111.0,all,86.84,Q9Y285,10.45,0.0,/AF-Q9Y285-F1-model_v1,83.90984344482422,0.0
2006,117.0,all,82.79,Q9Y285,10.42,0.0,/AF-Q9Y285-F1-model_v1,83.77580261230469,0.0
2007,150.0,all,81.96,Q9Y285,10.24,0.0,/AF-Q9Y285-F1-model_v1,68.09297180175781,0.0
2008,154.0,all,85.7,Q9Y285,10.46,0.0,/AF-Q9Y285-F1-model_v1,100.12883758544922,0.0
2009,161.0,all,86.05,Q9Y285,10.42,0.0,/AF-Q9Y285-F1-model_v1,77.47586059570312,0.0
2010,163.0,all,86.0,Q9Y285,10.51,0.0,/AF-Q9Y285-F1-model_v1,89.67362213134766,0.0
2011,171.0,all,87.46,Q9Y285,10.42,0.0,/AF-Q9Y285-F1-model_v1,76.26949310302734,0.0
2012,177.0,all,89.19,Q9Y285,10.33,0.0,/AF-Q9Y285-F1-model_v1,36.72731399536133,0.0
2013,208.0,all,80.66,Q9Y285,10.38,0.0,/AF-Q9Y285-F1-model_v1,67.42276763916016,0.0
2014,229.0,all,88.7,Q9Y285,9.26,0.0,/AF-Q9Y285-F1-model_v1,10.589262008666992,0.0
2015,297.0,all,97.69,Q9Y285,10.27,0.0,/AF-Q9Y285-F1-model_v1,52.544185638427734,0.0
2016,311.0,all,94.83,Q9Y285,10.32,0.0,/AF-Q9Y285-F1-model_v1,57.637752532958984,0.0
2017,315.0,all,96.89,Q9Y285,10.52,0.0,/AF-Q9Y285-F1-model_v1,77.74394989013672,0.0
2018,321.0,all,96.94,Q9Y285,11.05,0.0,/AF-Q9Y285-F1-model_v1,49.59527587890625,0.0
2019,342.0,all,93.25,Q9Y285,10.31,0.0,/AF-Q9Y285-F1-model_v1,81.63114166259766,0.0
2020,343.0,all,90.13,Q9Y285,10.4,0.0,/AF-Q9Y285-F1-model_v1,93.02465057373047,0.0
2021,349.0,all,98.21,Q9Y285,10.11,0.0,/AF-Q9Y285-F1-model_v1,59.38029098510742,0.0
2022,397.0,all,88.27,Q9Y285,11.17,0.0,/AF-Q9Y285-F1-model_v1,26.272092819213867,0.0
2023,406.0,all,96.06,Q9Y285,11.51,0.0,/AF-Q9Y285-F1-model_v1,62.59728240966797,0.0
2024,427.0,all,84.71,Q9Y285,10.45,0.0,/AF-Q9Y285-F1-model_v1,97.31397247314453,0.0
2025,428.0,all,89.0,Q9Y285,10.18,0.0,/AF-Q9Y285-F1-model_v1,79.08435821533203,0.0
2026,468.0,all,77.72,Q9Y285,9.16,0.0,/AF-Q9Y285-F1-model_v1,51.33781433105469,0.0
2027,481.0,all,80.67,Q9Y285,10.12,0.0,/AF-Q9Y285-F1-model_v1,83.10559844970703,0.0
2028,20.0,all,0.0,Q9UIJ7,10.176666666666668,0.8303212229814031,/6ZJE-alt1A_assembled/6ZJE-alt1C_assembled/6ZJE-alt1B_assembled,35.386898040771484,22.05742835998535
2029,34.0,all,0.0,Q9UIJ7,10.453333333333333,0.04932882862316244,/6ZJE-alt1A_assembled/6ZJE-alt1C_assembled/6ZJE-alt1B_assembled,60.98878479003906,2.9489078521728516
2030,57.0,all,0.0,Q9UIJ7,10.949999999999998,0.49365980188789904,/6ZJE-alt1A_assembled/6ZJE-alt1C_assembled/6ZJE-alt1B_assembled,67.51212310791016,2.7086052894592285
2031,64.0,all,0.0,Q9UIJ7,10.383333333333333,0.015275252316519916,/6ZJE-alt1A_assembled/6ZJE-alt1C_assembled/6ZJE-alt1B_assembled,68.4504165649414,6.180938243865967
2032,80.0,all,0.0,Q9UIJ7,10.396666666666667,0.04725815626252577,/6ZJE-alt1A_assembled/6ZJE-alt1C_assembled/6ZJE-alt1B_assembled,74.5269546508789,0.8153385519981384
2033,122.0,all,0.0,Q9UIJ7,10.373333333333333,0.07637626158259765,/6ZJE-alt1A_assembled/6ZJE-alt1C_assembled/6ZJE-alt1B_assembled,44.76979064941406,2.4164650440216064
2034,146.0,all,0.0,Q9UIJ7,10.836666666666666,0.36665151483845426,/6ZJE-alt1A_assembled/6ZJE-alt1C_assembled/6ZJE-alt1B_assembled,80.11200714111328,1.6543816328048706
2035,165.0,all,0.0,Q9UIJ7,11.243333333333334,0.5858611894752316,/6ZJE-alt1A_assembled/6ZJE-alt1C_assembled/6ZJE-alt1B_assembled,45.75275802612305,6.782454013824463
2036,171.0,all,0.0,Q9UIJ7,10.296666666666667,0.07371114795832037,/6ZJE-alt1A_assembled/6ZJE-alt1C_assembled/6ZJE-alt1B_assembled,74.39291381835938,7.350305557250977
2037,174.0,all,0.0,Q9UIJ7,11.373333333333333,0.11150485789118517,/6ZJE-alt1A_assembled/6ZJE-alt1C_assembled/6ZJE-alt1B_assembled,66.26107788085938,5.998001575469971
2038,181.0,all,0.0,Q9UIJ7,10.773333333333332,0.24501700621249412,/6ZJE-alt1A_assembled/6ZJE-alt1C_assembled/6ZJE-alt1B_assembled,75.2865219116211,7.688797950744629
2039,189.0,all,0.0,Q9UIJ7,11.213333333333333,0.7241776945842315,/6ZJE-alt1A_assembled/6ZJE-alt1C_assembled/6ZJE-alt1B_assembled,65.85894775390625,24.040271759033203
2040,190.0,all,0.0,Q9UIJ7,10.393333333333333,0.2683902631120088,/6ZJE-alt1A_assembled/6ZJE-alt1C_assembled/6ZJE-alt1B_assembled,57.146270751953125,16.789621353149414
2041,203.0,all,0.0,Q9UIJ7,10.729999999999999,0.026457513110645342,/6ZJE-alt1A_assembled/6ZJE-alt1C_assembled/6ZJE-alt1B_assembled,94.49910736083984,6.943029403686523
2042,215.0,all,0.0,Q9UIJ7,9.276666666666666,1.5646192295038857,/6ZJE-alt1A_assembled/6ZJE-alt1C_assembled/6ZJE-alt1B_assembled,41.32939529418945,16.10411834716797
2043,150.0,all,81.5,Q9BXP5,10.38,0.0,/AF-Q9BXP5-F1-model_v1,49.193153381347656,0.0
2044,153.0,all,85.43,Q9BXP5,10.47,0.0,/AF-Q9BXP5-F1-model_v1,93.96294403076172,0.0
2045,170.0,all,89.53,Q9BXP5,10.47,0.0,/AF-Q9BXP5-F1-model_v1,86.05450439453125,0.0
2046,176.0,all,86.84,Q9BXP5,9.94,0.0,/AF-Q9BXP5-F1-model_v1,43.83150100708008,0.0
2047,192.0,all,88.67,Q9BXP5,11.45,0.0,/AF-Q9BXP5-F1-model_v1,31.231618881225586,0.0
2048,200.0,all,85.31,Q9BXP5,10.2,0.0,/AF-Q9BXP5-F1-model_v1,51.06972885131836,0.0
2049,208.0,all,88.62,Q9BXP5,10.62,0.0,/AF-Q9BXP5-F1-model_v1,92.7565689086914,0.0
2050,242.0,all,89.7,Q9BXP5,9.92,0.0,/AF-Q9BXP5-F1-model_v1,43.429378509521484,0.0
2051,248.0,all,91.43,Q9BXP5,11.0,0.0,/AF-Q9BXP5-F1-model_v1,29.22100067138672,0.0
2052,256.0,all,89.92,Q9BXP5,9.44,0.0,/AF-Q9BXP5-F1-model_v1,19.704069137573242,0.0
2053,413.0,all,81.76,Q9BXP5,10.45,0.0,/AF-Q9BXP5-F1-model_v1,107.2330322265625,0.0
2054,419.0,all,90.75,Q9BXP5,10.87,0.0,/AF-Q9BXP5-F1-model_v1,57.90583419799805,0.0
2055,442.0,all,95.01,Q9BXP5,10.39,0.0,/AF-Q9BXP5-F1-model_v1,90.07574462890625,0.0
2056,476.0,all,94.83,Q9BXP5,10.42,0.0,/AF-Q9BXP5-F1-model_v1,81.22901916503906,0.0
2057,514.0,all,92.02,Q9BXP5,11.35,0.0,/AF-Q9BXP5-F1-model_v1,26.942298889160156,0.0
2058,522.0,all,95.13,Q9BXP5,10.39,0.0,/AF-Q9BXP5-F1-model_v1,95.30335235595703,0.0
2059,526.0,all,92.97,Q9BXP5,10.94,0.0,/AF-Q9BXP5-F1-model_v1,67.82489013671875,0.0
2060,559.0,all,89.77,Q9BXP5,10.29,0.0,/AF-Q9BXP5-F1-model_v1,64.47386169433594,0.0
2061,604.0,all,91.51,Q9BXP5,10.68,0.0,/AF-Q9BXP5-F1-model_v1,93.15869140625,0.0
2062,607.0,all,93.02,Q9BXP5,10.5,0.0,/AF-Q9BXP5-F1-model_v1,61.256866455078125,0.0
2063,611.0,all,94.05,Q9BXP5,11.07,0.0,/AF-Q9BXP5-F1-model_v1,66.48448181152344,0.0
2064,664.0,all,95.17,Q9BXP5,10.67,0.0,/AF-Q9BXP5-F1-model_v1,89.67362213134766,0.0
2065,669.0,all,93.04,Q9BXP5,9.85,0.0,/AF-Q9BXP5-F1-model_v1,45.037872314453125,0.0
2066,687.0,all,86.91,Q9BXP5,11.24,0.0,/AF-Q9BXP5-F1-model_v1,52.276100158691406,0.0
2067,691.0,all,91.62,Q9BXP5,10.75,0.0,/AF-Q9BXP5-F1-model_v1,48.3889045715332,0.0
2068,699.0,all,94.14,Q9BXP5,11.31,0.0,/AF-Q9BXP5-F1-model_v1,52.4101448059082,0.0
2069,710.0,all,90.54,Q9BXP5,10.47,0.0,/AF-Q9BXP5-F1-model_v1,90.61190795898438,0.0
2070,712.0,all,92.57,Q9BXP5,10.41,0.0,/AF-Q9BXP5-F1-model_v1,73.72270965576172,0.0
2071,720.0,all,93.71,Q9BXP5,10.27,0.0,/AF-Q9BXP5-F1-model_v1,63.401527404785156,0.0
2072,721.0,all,94.01,Q9BXP5,10.37,0.0,/AF-Q9BXP5-F1-model_v1,67.02064514160156,0.0
2073,723.0,all,93.17,Q9BXP5,10.44,0.0,/AF-Q9BXP5-F1-model_v1,90.07574462890625,0.0
2074,730.0,all,94.45,Q9BXP5,10.51,0.0,/AF-Q9BXP5-F1-model_v1,78.01203155517578,0.0
2075,735.0,all,93.89,Q9BXP5,10.36,0.0,/AF-Q9BXP5-F1-model_v1,73.05249786376953,0.0
2076,739.0,all,93.52,Q9BXP5,10.48,0.0,/AF-Q9BXP5-F1-model_v1,58.307960510253906,0.0
2077,744.0,all,93.84,Q9BXP5,10.53,0.0,/AF-Q9BXP5-F1-model_v1,72.5163345336914,0.0
2078,745.0,all,92.71,Q9BXP5,11.56,0.0,/AF-Q9BXP5-F1-model_v1,64.741943359375,0.0
2079,758.0,all,81.9,Q9BXP5,11.41,0.0,/AF-Q9BXP5-F1-model_v1,82.9715576171875,0.0
2080,31.0,all,91.29,Q9NW13,10.14,0.0,/AF-Q9NW13-F1-model_v1,53.48247146606445,0.0
2081,39.0,all,80.73,Q9NW13,12.4,0.0,/AF-Q9NW13-F1-model_v1,51.06972885131836,0.0
2082,42.0,all,78.53,Q9NW13,10.46,0.0,/AF-Q9NW13-F1-model_v1,92.48848724365234,0.0
2083,63.0,all,90.49,Q9NW13,10.44,0.0,/AF-Q9NW13-F1-model_v1,86.05450439453125,0.0
2084,72.0,all,88.5,Q9NW13,10.44,0.0,/AF-Q9NW13-F1-model_v1,82.70347595214844,0.0
2085,79.0,all,83.47,Q9NW13,10.42,0.0,/AF-Q9NW13-F1-model_v1,95.97356414794922,0.0
2086,80.0,all,77.95,Q9NW13,10.39,0.0,/AF-Q9NW13-F1-model_v1,101.201171875,0.0
2087,113.0,all,80.84,Q9NW13,10.42,0.0,/AF-Q9NW13-F1-model_v1,98.11822509765625,0.0
2088,124.0,all,89.55,Q9NW13,10.39,0.0,/AF-Q9NW13-F1-model_v1,83.10559844970703,0.0
2089,131.0,all,93.71,Q9NW13,10.5,0.0,/AF-Q9NW13-F1-model_v1,87.12683868408203,0.0
2090,148.0,all,86.13,Q9NW13,10.12,0.0,/AF-Q9NW13-F1-model_v1,55.09096908569336,0.0
2091,152.0,all,85.4,Q9NW13,11.04,0.0,/AF-Q9NW13-F1-model_v1,67.69084930419922,0.0
2092,162.0,all,90.79,Q9NW13,10.52,0.0,/AF-Q9NW13-F1-model_v1,79.88860321044922,0.0
2093,169.0,all,93.97,Q9NW13,10.44,0.0,/AF-Q9NW13-F1-model_v1,73.05249786376953,0.0
2094,172.0,all,93.38,Q9NW13,10.42,0.0,/AF-Q9NW13-F1-model_v1,87.93108367919922,0.0
2095,177.0,all,91.38,Q9NW13,10.21,0.0,/AF-Q9NW13-F1-model_v1,54.55480194091797,0.0
2096,180.0,all,87.88,Q9NW13,11.48,0.0,/AF-Q9NW13-F1-model_v1,40.61450958251953,0.0
2097,192.0,all,83.47,Q9NW13,10.47,0.0,/AF-Q9NW13-F1-model_v1,95.97356414794922,0.0
2098,194.0,all,82.18,Q9NW13,10.45,0.0,/AF-Q9NW13-F1-model_v1,88.7353286743164,0.0
2099,196.0,all,82.39,Q9NW13,10.24,0.0,/AF-Q9NW13-F1-model_v1,85.11621856689453,0.0
2100,335.0,all,90.89,Q9NW13,11.34,0.0,/AF-Q9NW13-F1-model_v1,38.067726135253906,0.0
2101,362.0,all,90.79,Q9NW13,11.54,0.0,/AF-Q9NW13-F1-model_v1,54.152679443359375,0.0
2102,376.0,all,91.39,Q9NW13,10.11,0.0,/AF-Q9NW13-F1-model_v1,38.4698486328125,0.0
2103,391.0,all,90.26,Q9NW13,10.91,0.0,/AF-Q9NW13-F1-model_v1,60.45262145996094,0.0
2104,406.0,all,85.2,Q9NW13,10.06,0.0,/AF-Q9NW13-F1-model_v1,48.92506790161133,0.0
2105,413.0,all,90.54,Q9NW13,10.31,0.0,/AF-Q9NW13-F1-model_v1,98.7884292602539,0.0
2106,425.0,all,82.05,Q9NW13,10.52,0.0,/AF-Q9NW13-F1-model_v1,92.22040557861328,0.0
2107,453.0,all,91.01,Q9NW13,10.46,0.0,/AF-Q9NW13-F1-model_v1,101.33521270751953,0.0
2108,465.0,all,92.32,Q9NW13,10.04,0.0,/AF-Q9NW13-F1-model_v1,58.7100830078125,0.0
2109,473.0,all,93.93,Q9NW13,10.03,0.0,/AF-Q9NW13-F1-model_v1,23.323183059692383,0.0
2110,476.0,all,94.35,Q9NW13,10.13,0.0,/AF-Q9NW13-F1-model_v1,90.7459487915039,0.0
2111,478.0,all,92.98,Q9NW13,10.36,0.0,/AF-Q9NW13-F1-model_v1,88.06512451171875,0.0
2112,496.0,all,90.6,Q9NW13,10.28,0.0,/AF-Q9NW13-F1-model_v1,65.94831085205078,0.0
2113,501.0,all,93.85,Q9NW13,10.41,0.0,/AF-Q9NW13-F1-model_v1,112.9968032836914,0.0
2114,505.0,all,93.35,Q9NW13,10.43,0.0,/AF-Q9NW13-F1-model_v1,94.09698486328125,0.0
2115,515.0,all,78.95,Q9NW13,10.48,0.0,/AF-Q9NW13-F1-model_v1,101.33521270751953,0.0
2116,520.0,all,93.71,Q9NW13,11.42,0.0,/AF-Q9NW13-F1-model_v1,60.18453598022461,0.0
2117,529.0,all,80.5,Q9NW13,10.58,0.0,/AF-Q9NW13-F1-model_v1,92.35444641113281,0.0
2118,536.0,all,75.55,Q9NW13,11.28,0.0,/AF-Q9NW13-F1-model_v1,62.7313232421875,0.0
2119,555.0,all,93.8,Q9NW13,11.07,0.0,/AF-Q9NW13-F1-model_v1,26.54017448425293,0.0
2120,571.0,all,84.86,Q9NW13,10.32,0.0,/AF-Q9NW13-F1-model_v1,77.3418197631836,0.0
2121,584.0,all,91.98,Q9NW13,10.51,0.0,/AF-Q9NW13-F1-model_v1,109.91385650634766,0.0
2122,586.0,all,91.83,Q9NW13,10.45,0.0,/AF-Q9NW13-F1-model_v1,102.27349853515625,0.0
2123,588.0,all,90.66,Q9NW13,10.46,0.0,/AF-Q9NW13-F1-model_v1,90.34382629394531,0.0
2124,598.0,all,89.2,Q9NW13,10.35,0.0,/AF-Q9NW13-F1-model_v1,89.00341796875,0.0
2125,665.0,all,75.83,Q9NW13,10.59,0.0,/AF-Q9NW13-F1-model_v1,73.99079132080078,0.0
2126,666.0,all,73.6,Q9NW13,11.14,0.0,/AF-Q9NW13-F1-model_v1,49.86335754394531,0.0
2127,738.0,all,83.99,Q9NW13,10.45,0.0,/AF-Q9NW13-F1-model_v1,80.29073333740234,0.0
2128,740.0,all,79.32,Q9NW13,10.48,0.0,/AF-Q9NW13-F1-model_v1,87.93108367919922,0.0
2129,55.0,all,87.28,Q02539,10.45,0.0,/AF-Q02539-F1-model_v1,112.19255828857422,0.0
2130,66.0,all,94.1,Q02539,9.9,0.0,/AF-Q02539-F1-model_v1,46.512325286865234,0.0
2131,67.0,all,94.15,Q02539,10.42,0.0,/AF-Q02539-F1-model_v1,114.20317840576172,0.0
2132,78.0,all,93.07,Q02539,10.44,0.0,/AF-Q02539-F1-model_v1,104.41815948486328,0.0
2133,84.0,all,95.08,Q02539,10.32,0.0,/AF-Q02539-F1-model_v1,77.3418197631836,0.0
2134,88.0,all,95.3,Q02539,10.42,0.0,/AF-Q02539-F1-model_v1,112.72872161865234,0.0
2135,93.0,all,92.78,Q02539,10.34,0.0,/AF-Q02539-F1-model_v1,112.05851745605469,0.0
2136,100.0,all,93.07,Q02539,10.43,0.0,/AF-Q02539-F1-model_v1,95.83952331542969,0.0
2137,109.0,all,93.78,Q02539,10.23,0.0,/AF-Q02539-F1-model_v1,58.7100830078125,0.0
2138,112.0,all,79.5,Q02539,10.43,0.0,/AF-Q02539-F1-model_v1,105.35645294189453,0.0
2139,1965.0,all,0.0,P15924,10.69,0.0,/5DZZ-alt-1_assembled,62.99940490722656,0.0
2140,1973.0,all,0.0,P15924,10.15,0.0,/5DZZ-alt-1_assembled,51.47185516357422,0.0
2141,1974.0,all,0.0,P15924,11.4,0.0,/5DZZ-alt-1_assembled,67.1546859741211,0.0
2142,1988.0,all,0.0,P15924,11.55,0.0,/5DZZ-alt-1_assembled,61.52495193481445,0.0
2143,1993.0,all,0.0,P15924,9.85,0.0,/5DZZ-alt-1_assembled,35.52094268798828,0.0
2144,1996.0,all,0.0,P15924,10.43,0.0,/5DZZ-alt-1_assembled,78.01203155517578,0.0
2145,1998.0,all,0.0,P15924,10.38,0.0,/5DZZ-alt-1_assembled,77.60990142822266,0.0
2146,1999.0,all,0.0,P15924,10.65,0.0,/5DZZ-alt-1_assembled,56.163299560546875,0.0
2147,2026.0,all,0.0,P15924,10.55,0.0,/5DZZ-alt-1_assembled,93.02465057373047,0.0
2148,2028.0,all,0.0,P15924,10.67,0.0,/5DZZ-alt-1_assembled,18.497697830200195,0.0
2149,2035.0,all,0.0,P15924,11.17,0.0,/5DZZ-alt-1_assembled,28.952917098999023,0.0
2150,2037.0,all,0.0,P15924,10.42,0.0,/5DZZ-alt-1_assembled,57.23563003540039,0.0
2151,2038.0,all,0.0,P15924,10.37,0.0,/5DZZ-alt-1_assembled,88.86936950683594,0.0
2152,2066.0,all,0.0,P15924,8.6,0.0,/5DZZ-alt-1_assembled,42.4910888671875,0.0
2153,2091.0,all,0.0,P15924,10.37,0.0,/5DZZ-alt-1_assembled,60.85474395751953,0.0
2154,2103.0,all,0.0,P15924,10.35,0.0,/5DZZ-alt-1_assembled,76.939697265625,0.0
2155,2112.0,all,0.0,P15924,11.01,0.0,/5DZZ-alt-1_assembled,56.297340393066406,0.0
2156,2113.0,all,0.0,P15924,10.71,0.0,/5DZZ-alt-1_assembled,68.22701263427734,0.0
2157,2145.0,all,0.0,P15924,10.7,0.0,/5DZZ-alt-1_assembled,70.37167358398438,0.0
2158,2170.0,all,0.0,P15924,10.01,0.0,/5DZZ-alt-1_assembled,36.459228515625,0.0
2159,2178.0,all,0.0,P15924,10.57,0.0,/5DZZ-alt-1_assembled,102.40753936767578,0.0
2160,2179.0,all,0.0,P15924,10.38,0.0,/5DZZ-alt-1_assembled,105.89261627197266,0.0
2161,2180.0,all,0.0,P15924,10.13,0.0,/5DZZ-alt-1_assembled,89.27149963378906,0.0
2162,2187.0,all,0.0,P15924,9.39,0.0,/5DZZ-alt-1_assembled,27.21038055419922,0.0
2163,2205.0,all,0.0,P15924,10.7,0.0,/5DZZ-alt-1_assembled,72.65037536621094,0.0
2164,2251.0,all,0.0,P15924,10.87,0.0,/5DZZ-alt-1_assembled,56.96754837036133,0.0
2165,2269.0,all,0.0,P15924,10.74,0.0,/5DZZ-alt-1_assembled,66.7525634765625,0.0
2166,2271.0,all,0.0,P15924,10.94,0.0,/5DZZ-alt-1_assembled,38.20176696777344,0.0
2167,2279.0,all,0.0,P15924,11.32,0.0,/5DZZ-alt-1_assembled,46.646366119384766,0.0
2168,2317.0,all,0.0,P15924,11.59,0.0,/5DZZ-alt-1_assembled,52.94630813598633,0.0
2169,2326.0,all,0.0,P15924,11.18,0.0,/5DZZ-alt-1_assembled,32.84011459350586,0.0
2170,2328.0,all,0.0,P15924,10.47,0.0,/5DZZ-alt-1_assembled,70.77379608154297,0.0
2171,2356.0,all,0.0,P15924,10.5,0.0,/5DZZ-alt-1_assembled,52.008018493652344,0.0
2172,2361.0,all,0.0,P15924,10.48,0.0,/5DZZ-alt-1_assembled,70.23763275146484,0.0
2173,2381.0,all,0.0,P15924,10.67,0.0,/5DZZ-alt-1_assembled,63.267486572265625,0.0
2174,2393.0,all,0.0,P15924,10.33,0.0,/5DZZ-alt-1_assembled,87.66300201416016,0.0
2175,2413.0,all,0.0,P15924,10.41,0.0,/5DZZ-alt-1_assembled,43.161293029785156,0.0
2176,2430.0,all,0.0,P15924,10.82,0.0,/5DZZ-alt-1_assembled,22.116811752319336,0.0
2177,2435.0,all,0.0,P15924,10.4,0.0,/5DZZ-alt-1_assembled,70.10359191894531,0.0
2178,2447.0,all,0.0,P15924,10.62,0.0,/5DZZ-alt-1_assembled,77.60990142822266,0.0
2179,5.0,all,91.21,Q969X6,10.17,0.0,/AF-Q969X6-F1-model_v1,57.23563003540039,0.0
2180,53.0,all,95.07,Q969X6,9.16,0.0,/AF-Q969X6-F1-model_v1,33.24224090576172,0.0
2181,94.0,all,94.91,Q969X6,10.77,0.0,/AF-Q969X6-F1-model_v1,44.23362350463867,0.0
2182,126.0,all,98.4,Q969X6,10.1,0.0,/AF-Q969X6-F1-model_v1,14.476458549499512,0.0
2183,134.0,all,95.81,Q969X6,10.41,0.0,/AF-Q969X6-F1-model_v1,67.1546859741211,0.0
2184,145.0,all,92.54,Q969X6,10.57,0.0,/AF-Q969X6-F1-model_v1,106.29473876953125,0.0
2185,174.0,all,96.4,Q969X6,10.52,0.0,/AF-Q969X6-F1-model_v1,89.13745880126953,0.0
2186,181.0,all,95.14,Q969X6,9.99,0.0,/AF-Q969X6-F1-model_v1,49.32719421386719,0.0
2187,195.0,all,87.06,Q969X6,10.45,0.0,/AF-Q969X6-F1-model_v1,83.23963928222656,0.0
2188,217.0,all,95.03,Q969X6,11.27,0.0,/AF-Q969X6-F1-model_v1,20.508316040039062,0.0
2189,230.0,all,93.86,Q969X6,10.11,0.0,/AF-Q969X6-F1-model_v1,47.98678207397461,0.0
2190,275.0,all,88.77,Q969X6,10.37,0.0,/AF-Q969X6-F1-model_v1,71.57804870605469,0.0
2191,281.0,all,85.1,Q969X6,10.4,0.0,/AF-Q969X6-F1-model_v1,92.89060974121094,0.0
2192,329.0,all,92.83,Q969X6,9.66,0.0,/AF-Q969X6-F1-model_v1,57.637752532958984,0.0
2193,342.0,all,91.67,Q969X6,12.37,0.0,/AF-Q969X6-F1-model_v1,65.1440658569336,0.0
2194,343.0,all,92.34,Q969X6,10.65,0.0,/AF-Q969X6-F1-model_v1,63.669612884521484,0.0
2195,368.0,all,85.17,Q969X6,10.47,0.0,/AF-Q969X6-F1-model_v1,91.68424224853516,0.0
2196,377.0,all,92.7,Q969X6,11.26,0.0,/AF-Q969X6-F1-model_v1,51.73993682861328,0.0
2197,386.0,all,95.34,Q969X6,10.36,0.0,/AF-Q969X6-F1-model_v1,80.02265167236328,0.0
2198,388.0,all,87.48,Q969X6,10.32,0.0,/AF-Q969X6-F1-model_v1,114.47126007080078,0.0
2199,428.0,all,93.37,Q969X6,10.35,0.0,/AF-Q969X6-F1-model_v1,91.68424224853516,0.0
2200,432.0,all,82.98,Q969X6,10.46,0.0,/AF-Q969X6-F1-model_v1,100.39692687988281,0.0
2201,451.0,all,95.96,Q969X6,10.14,0.0,/AF-Q969X6-F1-model_v1,43.563419342041016,0.0
2202,472.0,all,91.65,Q969X6,10.4,0.0,/AF-Q969X6-F1-model_v1,82.16730499267578,0.0
2203,514.0,all,93.68,Q969X6,10.37,0.0,/AF-Q969X6-F1-model_v1,71.71208953857422,0.0
2204,517.0,all,94.2,Q969X6,10.22,0.0,/AF-Q969X6-F1-model_v1,64.741943359375,0.0
2205,558.0,all,96.82,Q969X6,10.34,0.0,/AF-Q969X6-F1-model_v1,47.31657409667969,0.0
2206,569.0,all,93.77,Q969X6,10.44,0.0,/AF-Q969X6-F1-model_v1,93.82890319824219,0.0
2207,591.0,all,88.69,Q969X6,11.31,0.0,/AF-Q969X6-F1-model_v1,59.91645431518555,0.0
2208,609.0,all,93.52,Q969X6,10.18,0.0,/AF-Q969X6-F1-model_v1,10.321179389953613,0.0
2209,617.0,all,82.13,Q969X6,10.46,0.0,/AF-Q969X6-F1-model_v1,95.70547485351562,0.0
2210,642.0,all,91.37,Q969X6,10.66,0.0,/AF-Q969X6-F1-model_v1,58.7100830078125,0.0
2211,645.0,all,90.13,Q969X6,10.56,0.0,/AF-Q969X6-F1-model_v1,55.35905075073242,0.0
2212,648.0,all,94.5,Q969X6,10.41,0.0,/AF-Q969X6-F1-model_v1,81.22901916503906,0.0
2213,56.0,all,90.78,Q63ZY6,9.68,0.0,/AF-Q63ZY6-F1-model_v1,5.093568801879883,0.0
2214,65.0,all,91.61,Q63ZY6,10.39,0.0,/AF-Q63ZY6-F1-model_v1,92.48848724365234,0.0
2215,69.0,all,90.95,Q63ZY6,11.44,0.0,/AF-Q63ZY6-F1-model_v1,68.36105346679688,0.0
2216,226.0,all,88.49,Q63ZY6,10.45,0.0,/AF-Q63ZY6-F1-model_v1,99.5926742553711,0.0
2217,30.0,all,91.9,Q96PC5,10.73,0.0,/AF-Q96PC5-F1-model_v1,19.301944732666016,0.0
2218,31.0,all,92.2,Q96PC5,11.26,0.0,/AF-Q96PC5-F1-model_v1,51.06972885131836,0.0
2219,62.0,all,92.17,Q96PC5,10.36,0.0,/AF-Q96PC5-F1-model_v1,69.83551025390625,0.0
2220,71.0,all,93.83,Q96PC5,10.02,0.0,/AF-Q96PC5-F1-model_v1,10.455220222473145,0.0
2221,84.0,all,90.38,Q96PC5,11.66,0.0,/AF-Q96PC5-F1-model_v1,19.301944732666016,0.0
2222,86.0,all,82.13,Q96PC5,10.47,0.0,/AF-Q96PC5-F1-model_v1,89.94170379638672,0.0
2223,112.0,all,81.91,Q96PC5,10.43,0.0,/AF-Q96PC5-F1-model_v1,92.08636474609375,0.0
2224,684.0,all,74.93,Q96PC5,10.41,0.0,/AF-Q96PC5-F1-model_v1,76.80565643310547,0.0
2225,685.0,all,77.46,Q96PC5,10.4,0.0,/AF-Q96PC5-F1-model_v1,69.56742858886719,0.0
2226,697.0,all,76.09,Q96PC5,10.37,0.0,/AF-Q96PC5-F1-model_v1,80.82689666748047,0.0
2227,699.0,all,82.19,Q96PC5,11.07,0.0,/AF-Q96PC5-F1-model_v1,63.93769454956055,0.0
2228,703.0,all,81.79,Q96PC5,10.37,0.0,/AF-Q96PC5-F1-model_v1,81.09497833251953,0.0
2229,709.0,all,70.78,Q96PC5,10.4,0.0,/AF-Q96PC5-F1-model_v1,80.29073333740234,0.0
2230,741.0,all,85.77,Q96PC5,10.43,0.0,/AF-Q96PC5-F1-model_v1,81.76518249511719,0.0
2231,758.0,all,89.01,Q96PC5,10.43,0.0,/AF-Q96PC5-F1-model_v1,82.83751678466797,0.0
2232,761.0,all,86.1,Q96PC5,10.97,0.0,/AF-Q96PC5-F1-model_v1,58.97816467285156,0.0
2233,764.0,all,85.53,Q96PC5,10.35,0.0,/AF-Q96PC5-F1-model_v1,67.1546859741211,0.0
2234,766.0,all,86.94,Q96PC5,12.61,0.0,/AF-Q96PC5-F1-model_v1,49.32719421386719,0.0
2235,779.0,all,91.95,Q96PC5,10.52,0.0,/AF-Q96PC5-F1-model_v1,92.62252807617188,0.0
2236,789.0,all,90.97,Q96PC5,12.46,0.0,/AF-Q96PC5-F1-model_v1,56.43138122558594,0.0
2237,792.0,all,89.89,Q96PC5,10.24,0.0,/AF-Q96PC5-F1-model_v1,86.85875701904297,0.0
2238,799.0,all,90.9,Q96PC5,10.42,0.0,/AF-Q96PC5-F1-model_v1,111.52235412597656,0.0
2239,803.0,all,86.23,Q96PC5,10.39,0.0,/AF-Q96PC5-F1-model_v1,107.76919555664062,0.0
2240,813.0,all,90.81,Q96PC5,12.53,0.0,/AF-Q96PC5-F1-model_v1,56.699462890625,0.0
2241,817.0,all,92.98,Q96PC5,10.53,0.0,/AF-Q96PC5-F1-model_v1,95.83952331542969,0.0
2242,831.0,all,91.97,Q96PC5,10.18,0.0,/AF-Q96PC5-F1-model_v1,55.35905075073242,0.0
2243,841.0,all,91.14,Q96PC5,10.41,0.0,/AF-Q96PC5-F1-model_v1,82.5694351196289,0.0
2244,849.0,all,91.57,Q96PC5,11.03,0.0,/AF-Q96PC5-F1-model_v1,51.47185516357422,0.0
2245,851.0,all,92.13,Q96PC5,10.41,0.0,/AF-Q96PC5-F1-model_v1,77.20777893066406,0.0
2246,858.0,all,92.87,Q96PC5,10.99,0.0,/AF-Q96PC5-F1-model_v1,48.3889045715332,0.0
2247,868.0,all,91.86,Q96PC5,11.04,0.0,/AF-Q96PC5-F1-model_v1,60.98878479003906,0.0
2248,873.0,all,88.79,Q96PC5,11.1,0.0,/AF-Q96PC5-F1-model_v1,65.94831085205078,0.0
2249,881.0,all,73.88,Q96PC5,10.97,0.0,/AF-Q96PC5-F1-model_v1,56.297340393066406,0.0
2250,923.0,all,71.93,Q96PC5,10.44,0.0,/AF-Q96PC5-F1-model_v1,83.10559844970703,0.0
2251,929.0,all,89.52,Q96PC5,10.43,0.0,/AF-Q96PC5-F1-model_v1,89.27149963378906,0.0
2252,935.0,all,92.43,Q96PC5,10.41,0.0,/AF-Q96PC5-F1-model_v1,72.5163345336914,0.0
2253,953.0,all,93.43,Q96PC5,10.39,0.0,/AF-Q96PC5-F1-model_v1,72.5163345336914,0.0
2254,955.0,all,93.54,Q96PC5,11.6,0.0,/AF-Q96PC5-F1-model_v1,67.69084930419922,0.0
2255,963.0,all,95.07,Q96PC5,10.41,0.0,/AF-Q96PC5-F1-model_v1,64.3398208618164,0.0
2256,985.0,all,94.98,Q96PC5,10.4,0.0,/AF-Q96PC5-F1-model_v1,83.64176177978516,0.0
2257,989.0,all,95.5,Q96PC5,10.23,0.0,/AF-Q96PC5-F1-model_v1,82.16730499267578,0.0
2258,12.0,all,0.0,P22392,7.334999999999998,0.2957525405087694,/3BBF-alt1B_assembled/3BBF-alt1A_assembled/3BBB-alt1B_assembled/3BBB-alt1A_assembled,13.392958641052246,5.226626396179199
2259,26.0,all,0.0,P22392,10.702916666666667,1.4706475331182067,/3BBF-alt1B_assembled/3BBF-alt1A_assembled/3BBB-alt1B_assembled/3BBB-alt1A_assembled,55.8393669128418,7.364257335662842
2260,31.0,all,0.0,P22392,8.475833333333332,0.11717384582289493,/3BBF-alt1B_assembled/3BBF-alt1A_assembled/3BBB-alt1B_assembled/3BBB-alt1A_assembled,4.953942775726318,3.8349947929382324
2261,39.0,all,0.0,P22392,9.894999999999998,0.11228844843604308,/3BBF-alt1B_assembled/3BBF-alt1A_assembled/3BBB-alt1B_assembled/3BBB-alt1A_assembled,30.19279670715332,8.188809394836426
2262,49.0,all,0.0,P22392,11.017500000000004,0.45971872307730305,/3BBF-alt1B_assembled/3BBF-alt1A_assembled/3BBB-alt1B_assembled/3BBB-alt1A_assembled,48.40565490722656,5.5702128410339355
2263,56.0,all,0.0,P22392,10.551250000000001,0.22954231399252634,/3BBF-alt1B_assembled/3BBF-alt1A_assembled/3BBB-alt1B_assembled/3BBB-alt1A_assembled,58.4643440246582,8.910572052001953
2264,66.0,all,0.0,P22392,10.826666666666666,0.484989167666272,/3BBF-alt1B_assembled/3BBF-alt1A_assembled/3BBB-alt1B_assembled/3BBB-alt1A_assembled,74.98492431640625,14.675978660583496
2265,85.0,all,0.0,P22392,10.155833333333335,0.3089521795931569,/3BBF-alt1B_assembled/3BBF-alt1A_assembled/3BBB-alt1B_assembled/3BBB-alt1A_assembled,75.56576538085938,8.292044639587402
2266,100.0,all,0.0,P22392,10.317916666666667,0.11821054049473742,/3BBF-alt1B_assembled/3BBF-alt1A_assembled/3BBB-alt1B_assembled/3BBB-alt1A_assembled,80.05615234375,4.236591339111328
2267,124.0,all,0.0,P22392,10.455833333333333,0.06639255240230439,/3BBF-alt1B_assembled/3BBF-alt1A_assembled/3BBB-alt1B_assembled/3BBB-alt1A_assembled,92.5499267578125,9.4795503616333
2268,128.0,all,0.0,P22392,10.28625,0.31759712653392946,/3BBF-alt1B_assembled/3BBF-alt1A_assembled/3BBB-alt1B_assembled/3BBB-alt1A_assembled,59.240665435791016,10.210306167602539
2269,135.0,all,0.0,P22392,10.779166666666667,0.16245177656814033,/3BBF-alt1B_assembled/3BBF-alt1A_assembled/3BBB-alt1B_assembled/3BBB-alt1A_assembled,69.10944366455078,18.73173713684082
2270,143.0,all,0.0,P22392,10.648333333333337,0.15922821103185783,/3BBF-alt1B_assembled/3BBF-alt1A_assembled/3BBB-alt1B_assembled/3BBB-alt1A_assembled,69.88019561767578,12.558812141418457
2271,26.0,all,0.0,P15531,10.033333333333335,0.8148466113324639,/1UCN-alt-1_assembled/2HVD-alt-1_assembled/3L7U-alt-1_assembled,71.96527862548828,10.236498832702637
2272,31.0,all,0.0,P15531,6.587777777777777,2.9026659202265153,/1UCN-alt-1_assembled/2HVD-alt-1_assembled/3L7U-alt-1_assembled,7.3871636390686035,3.8139660358428955
2273,39.0,all,0.0,P15531,9.152222222222223,2.181340057039352,/1UCN-alt-1_assembled/2HVD-alt-1_assembled/3L7U-alt-1_assembled,27.56782341003418,14.710380554199219
2274,56.0,all,0.0,P15531,10.354444444444445,0.2578813249884097,/1UCN-alt-1_assembled/2HVD-alt-1_assembled/3L7U-alt-1_assembled,64.11640930175781,8.646183013916016
2275,85.0,all,0.0,P15531,8.97888888888889,2.2763591788448307,/1UCN-alt-1_assembled/2HVD-alt-1_assembled/3L7U-alt-1_assembled,79.39712524414062,12.953202247619629
2276,100.0,all,0.0,P15531,9.273333333333333,1.416845086803776,/1UCN-alt-1_assembled/2HVD-alt-1_assembled/3L7U-alt-1_assembled,79.63542175292969,2.897775650024414
2277,128.0,all,0.0,P15531,10.022222222222222,1.2461418235676243,/1UCN-alt-1_assembled/2HVD-alt-1_assembled/3L7U-alt-1_assembled,59.82709503173828,15.34611701965332
2278,49.0,all,0.0,P15531,10.073333333333332,0.8269975816167788,/1UCN-alt-1_assembled/2HVD-alt-1_assembled/3L7U-alt-1_assembled,61.10792922973633,11.891291618347168
2279,12.0,all,0.0,P15531,6.164444444444445,2.0783954815621057,/1UCN-alt-1_assembled/2HVD-alt-1_assembled/3L7U-alt-1_assembled,18.170040130615234,5.543749809265137
2280,66.0,all,0.0,P15531,9.80777777777778,0.9045133743867168,/1UCN-alt-1_assembled/2HVD-alt-1_assembled/3L7U-alt-1_assembled,86.44174194335938,5.886932849884033
2281,29.0,all,0.0,P09211,10.673333333333332,0.32678414708776615,/6Y1E-alt1A_assembled/6Y1E-alt1B_assembled/2A2R-alt1B_assembled/2A2R-alt1A_assembled,69.83551025390625,20.531600952148438
2282,44.0,all,0.0,P09211,10.116666666666665,0.08793937305515323,/6Y1E-alt1A_assembled/6Y1E-alt1B_assembled/2A2R-alt1B_assembled/2A2R-alt1A_assembled,62.01643753051758,6.127989768981934
2283,54.0,all,0.0,P09211,10.355,0.2805027953190807,/6Y1E-alt1A_assembled/6Y1E-alt1B_assembled/2A2R-alt1B_assembled/2A2R-alt1A_assembled,40.6815299987793,11.21957778930664
2284,81.0,all,0.0,P09211,11.556666666666667,0.29613674155188824,/6Y1E-alt1A_assembled/6Y1E-alt1B_assembled/2A2R-alt1B_assembled/2A2R-alt1A_assembled,63.17811965942383,7.099549770355225
2285,102.0,all,0.0,P09211,10.293333333333331,0.2186043887662799,/6Y1E-alt1A_assembled/6Y1E-alt1B_assembled/2A2R-alt1B_assembled/2A2R-alt1A_assembled,65.47917175292969,8.10428524017334
2286,115.0,all,0.0,P09211,11.346666666666666,0.5370175777270968,/6Y1E-alt1A_assembled/6Y1E-alt1B_assembled/2A2R-alt1B_assembled/2A2R-alt1A_assembled,42.558109283447266,8.455425262451172
2287,120.0,all,0.0,P09211,10.465,0.07103136311133594,/6Y1E-alt1A_assembled/6Y1E-alt1B_assembled/2A2R-alt1B_assembled/2A2R-alt1A_assembled,91.1927490234375,21.92483901977539
2288,127.0,all,0.0,P09211,10.344999999999999,0.0921954445729289,/6Y1E-alt1A_assembled/6Y1E-alt1B_assembled/2A2R-alt1B_assembled/2A2R-alt1A_assembled,82.5470962524414,9.529852867126465
2289,140.0,all,0.0,P09211,10.061666666666667,0.5530220007679019,/6Y1E-alt1A_assembled/6Y1E-alt1B_assembled/2A2R-alt1B_assembled/2A2R-alt1A_assembled,75.46524810791016,10.725740432739258
2290,188.0,all,0.0,P09211,9.766666666666667,1.0053252149820913,/6Y1E-alt1A_assembled/6Y1E-alt1B_assembled/2A2R-alt1B_assembled/2A2R-alt1A_assembled,52.633544921875,20.36620330810547
2291,190.0,all,0.0,P09211,10.383333333333333,0.01969463855669358,/6Y1E-alt1A_assembled/6Y1E-alt1B_assembled/2A2R-alt1B_assembled/2A2R-alt1A_assembled,78.88329315185547,8.210010528564453
2292,208.0,all,0.0,P09211,11.263333333333334,0.15651507817769422,/6Y1E-alt1A_assembled/6Y1E-alt1B_assembled/2A2R-alt1B_assembled/2A2R-alt1A_assembled,36.10178756713867,3.0055992603302
2293,28.0,all,0.0,P0A6B4,10.423124999999999,0.19465246808949888,/4XBJ-alt1B_assembled/4XBJ-alt1A_assembled/4WR3-alt1B_assembled/4WR3-alt1A_assembled,57.40317916870117,7.161787033081055
2294,34.0,all,0.0,P0A6B4,9.772499999999999,1.269369922441839,/4XBJ-alt1B_assembled/4XBJ-alt1A_assembled/4WR3-alt1B_assembled/4WR3-alt1A_assembled,21.212032318115234,8.3451509475708
2295,73.0,all,0.0,P0A6B4,9.911249999999999,0.8185586926624951,/4XBJ-alt1B_assembled/4XBJ-alt1A_assembled/4WR3-alt1B_assembled/4WR3-alt1A_assembled,32.37934875488281,14.273642539978027
2296,122.0,all,0.0,P0A6B4,6.72625,0.5061208683045318,/4XBJ-alt1B_assembled/4XBJ-alt1A_assembled/4WR3-alt1B_assembled/4WR3-alt1A_assembled,28.433504104614258,4.596625328063965
2297,167.0,all,0.0,P0A6B4,10.541666666666666,0.2636055363376852,/4XBJ-alt1B_assembled/4XBJ-alt1A_assembled/4WR3-alt1B_assembled/4WR3-alt1A_assembled,99.11235809326172,12.937394142150879
2298,173.0,all,0.0,P0A6B4,10.446874999999999,0.04077887525014236,/4XBJ-alt1B_assembled/4XBJ-alt1A_assembled/4WR3-alt1B_assembled/4WR3-alt1A_assembled,87.37816619873047,7.208858489990234
2299,185.0,all,0.0,P0A6B4,10.55625,0.21990528264080736,/4XBJ-alt1B_assembled/4XBJ-alt1A_assembled/4WR3-alt1B_assembled/4WR3-alt1A_assembled,10.35468864440918,3.210841655731201
2300,248.0,all,0.0,P0A6B4,10.701875000000001,0.18100529458186207,/4XBJ-alt1B_assembled/4XBJ-alt1A_assembled/4WR3-alt1B_assembled/4WR3-alt1A_assembled,58.66819381713867,6.644215106964111
2301,317.0,all,0.0,P0A6B4,10.488124999999998,0.12432316759156388,/4XBJ-alt1B_assembled/4XBJ-alt1A_assembled/4WR3-alt1B_assembled/4WR3-alt1A_assembled,68.98100280761719,7.520799160003662
2302,339.0,all,0.0,P0A6B4,10.432500000000001,0.02620432534271123,/4XBJ-alt1B_assembled/4XBJ-alt1A_assembled/4WR3-alt1B_assembled/4WR3-alt1A_assembled,91.81829071044922,6.891686916351318
2303,148.0,all,0.0,P0A6B4,10.435714285714287,0.04397801648626184,/4XBJ-alt1B_assembled/4XBJ-alt1A_assembled/4WR3-alt1B_assembled/4WR3-alt1A_assembled,89.58744812011719,10.420741081237793
2304,356.0,all,0.0,P0A6B4,10.315833333333336,0.06598323937779889,/4XBJ-alt1B_assembled/4XBJ-alt1A_assembled/4WR3-alt1B_assembled/4WR3-alt1A_assembled,75.81153106689453,10.096861839294434
2305,23.0,all,0.0,P0C2C2,10.487499999999999,0.12010412149464318,/1BXN-alt-1_assembled,48.15433120727539,5.246906757354736
2306,34.0,all,0.0,P0C2C2,10.955,0.6529165337162167,/1BXN-alt-1_assembled,43.36235427856445,6.995447635650635
2307,85.0,all,0.0,P0C2C2,10.3925,0.32857013457302175,/1BXN-alt-1_assembled,32.5720329284668,5.997504234313965
2308,130.0,all,0.0,P0C2C2,10.43,0.014142135623730649,/1BXN-alt-1_assembled,83.97686767578125,2.4631052017211914
2309,133.0,all,0.0,P0C2C2,10.492500000000001,0.29981939007787106,/1BXN-alt-1_assembled,54.253211975097656,9.825860977172852
2310,148.0,all,0.0,P0C2C2,10.2575,0.1592430008927657,/1BXN-alt-1_assembled,59.179222106933594,7.785555839538574
2311,166.0,all,0.0,P0C2C2,9.7,0.34535006394478435,/1BXN-alt-1_assembled,3.820176601409912,0.8857549428939819
2312,177.0,all,0.0,P0C2C2,10.555,0.5386712046013471,/1BXN-alt-1_assembled,49.226661682128906,4.988275051116943
2313,179.0,all,0.0,P0C2C2,10.065,0.32827833718761695,/1BXN-alt-1_assembled,26.841766357421875,7.182891845703125
2314,196.0,all,0.0,P0C2C2,8.915,1.5123161045231253,/1BXN-alt-1_assembled,19.67055892944336,9.849602699279785
2315,203.0,all,0.0,P0C2C2,8.78,0.22583179581272414,/1BXN-alt-1_assembled,10.455220222473145,1.8797667026519775
2316,229.0,all,0.0,P0C2C2,7.03,4.4564223318711615,/1BXN-alt-1_assembled,26.048690795898438,22.139680862426758
2317,238.0,all,0.0,P0C2C2,7.33,0.30110906108363267,/1BXN-alt-1_assembled,0.26808255910873413,0.28956228494644165
2318,260.0,all,0.0,P0C2C2,8.575,1.3909349373712636,/1BXN-alt-1_assembled,25.836456298828125,14.922744750976562
2319,306.0,all,0.0,P0C2C2,9.5,0.2033060090930255,/1BXN-alt-1_assembled,56.86701965332031,7.630843162536621
2320,317.0,all,0.0,P0C2C2,9.7425,0.15499999999999975,/1BXN-alt-1_assembled,8.511621475219727,1.1026204824447632
2321,335.0,all,0.0,P0C2C2,10.3775,0.10078855755160576,/1BXN-alt-1_assembled,45.071380615234375,2.467658042907715
2322,374.0,all,0.0,P0C2C2,9.115,0.819125550002359,/1BXN-alt-1_assembled,43.865013122558594,8.182283401489258
2323,21.0,all,0.0,P0C2C2,10.094999999999999,0.2725802634087807,/1BXN-alt-1_assembled,51.538875579833984,14.091771125793457
2324,39.0,all,0.0,P10724,9.950000000000001,0.3904698025029165,/1BD0-alt-1_assembled/1SFT-alt-1_assembled,17.257816314697266,4.993075370788574
2325,76.0,all,0.0,P10724,9.879999999999999,0.23622023622035435,/1BD0-alt-1_assembled/1SFT-alt-1_assembled,35.18583679199219,1.5841081142425537
2326,129.0,all,0.0,P10724,6.17,0.3899572626156188,/1BD0-alt-1_assembled/1SFT-alt-1_assembled,10.790323257446289,3.516721725463867
2327,140.0,all,0.0,P10724,11.3125,0.5098610921940736,/1BD0-alt-1_assembled/1SFT-alt-1_assembled,27.847078323364258,3.4285502433776855
2328,146.0,all,0.0,P10724,10.6975,0.1961929322546224,/1BD0-alt-1_assembled/1SFT-alt-1_assembled,56.66595458984375,14.014155387878418
2329,234.0,all,0.0,P10724,10.877500000000001,0.4085237651185871,/1BD0-alt-1_assembled/1SFT-alt-1_assembled,51.002708435058594,9.29728889465332
2330,242.0,all,0.0,P10724,11.149999999999999,0.5068201521907616,/1BD0-alt-1_assembled/1SFT-alt-1_assembled,55.694156646728516,11.470519065856934
2331,255.0,all,0.0,P10724,7.7124999999999995,0.5415025392368904,/1BD0-alt-1_assembled/1SFT-alt-1_assembled,10.92436408996582,2.2918055057525635
2332,256.0,all,0.0,P10724,10.944999999999999,0.20999999999999946,/1BD0-alt-1_assembled/1SFT-alt-1_assembled,38.77144241333008,2.142913818359375
2333,262.0,all,0.0,P10724,10.11,0.034641016151377324,/1BD0-alt-1_assembled/1SFT-alt-1_assembled,34.14701843261719,5.006252288818359
2334,303.0,all,0.0,P10724,10.465,0.14662878298615167,/1BD0-alt-1_assembled/1SFT-alt-1_assembled,48.75751876831055,11.644567489624023
2335,328.0,all,0.0,P10724,9.9525,0.1228481447424688,/1BD0-alt-1_assembled/1SFT-alt-1_assembled,50.5335693359375,5.567690372467041
2336,372.0,all,0.0,P10724,10.6175,0.004999999999999893,/1BD0-alt-1_assembled/1SFT-alt-1_assembled,84.27845764160156,6.070333480834961
2337,30.0,all,0.0,P14489,10.41,0.11704699910719646,/1E3U-alt1B_assembled/1E3U-alt1A_assembled/1EWZ-alt-1_assembled,79.51085662841797,11.605812072753906
2338,45.0,all,0.0,P14489,10.649166666666668,0.40432791222726705,/1E3U-alt1B_assembled/1E3U-alt1A_assembled/1EWZ-alt-1_assembled,60.95527267456055,10.023585319519043
2339,49.0,all,0.0,P14489,10.424,0.07411702458499878,/1E3U-alt1B_assembled/1E3U-alt1A_assembled/1EWZ-alt-1_assembled,86.92577362060547,12.065740585327148
2340,61.0,all,0.0,P14489,10.325000000000001,0.08554637232625249,/1E3U-alt1B_assembled/1E3U-alt1A_assembled/1EWZ-alt-1_assembled,63.36802291870117,8.916263580322266
2341,70.0,all,0.0,P14489,7.1375,0.6071412146654636,/1E3U-alt1B_assembled/1E3U-alt1A_assembled/1EWZ-alt-1_assembled,10.957874298095703,5.8784332275390625
2342,84.0,all,0.0,P14489,10.356363636363637,0.09394389041047083,/1E3U-alt1B_assembled/1E3U-alt1A_assembled/1EWZ-alt-1_assembled,87.73611450195312,8.618836402893066
2343,91.0,all,0.0,P14489,10.565454545454545,0.10614741036536302,/1E3U-alt1B_assembled/1E3U-alt1A_assembled/1EWZ-alt-1_assembled,84.64098358154297,12.424457550048828
2344,95.0,all,0.0,P14489,9.284545454545455,2.3304221232916733,/1E3U-alt1B_assembled/1E3U-alt1A_assembled/1EWZ-alt-1_assembled,59.34373474121094,30.327184677124023
2345,100.0,all,0.0,P14489,10.427,0.10066997787048779,/1E3U-alt1B_assembled/1E3U-alt1A_assembled/1EWZ-alt-1_assembled,91.9255142211914,7.713245391845703
2346,134.0,all,0.0,P14489,10.073636363636362,0.17923575130384709,/1E3U-alt1B_assembled/1E3U-alt1A_assembled/1EWZ-alt-1_assembled,65.11969757080078,9.703296661376953
2347,137.0,all,0.0,P14489,10.3675,0.10737572097334436,/1E3U-alt1B_assembled/1E3U-alt1A_assembled/1EWZ-alt-1_assembled,78.11255645751953,12.072260856628418
2348,138.0,all,0.0,P14489,10.136666666666667,0.2820165479778328,/1E3U-alt1B_assembled/1E3U-alt1A_assembled/1EWZ-alt-1_assembled,52.633544921875,11.55604362487793
2349,152.0,all,0.0,P14489,10.870000000000003,0.2766586344215555,/1E3U-alt1B_assembled/1E3U-alt1A_assembled/1EWZ-alt-1_assembled,53.73836898803711,7.986759185791016
2350,177.0,all,0.0,P14489,10.413333333333332,0.03601346549514062,/1E3U-alt1B_assembled/1E3U-alt1A_assembled/1EWZ-alt-1_assembled,69.26583862304688,7.300720691680908
2351,182.0,all,0.0,P14489,7.720909090909092,1.3579576911336713,/1E3U-alt1B_assembled/1E3U-alt1A_assembled/1EWZ-alt-1_assembled,17.279142379760742,12.93973445892334
2352,189.0,all,0.0,P14489,7.511666666666667,2.549773014258803,/1E3U-alt1B_assembled/1E3U-alt1A_assembled/1EWZ-alt-1_assembled,5.518033504486084,3.9795236587524414
2353,205.0,all,0.0,P14489,5.279166666666666,0.6973776638670083,/1E3U-alt1B_assembled/1E3U-alt1A_assembled/1EWZ-alt-1_assembled,5.931326389312744,3.14205265045166
2354,228.0,all,0.0,P14489,9.881666666666666,0.7944218404639066,/1E3U-alt1B_assembled/1E3U-alt1A_assembled/1EWZ-alt-1_assembled,36.58210372924805,7.444357395172119
2355,246.0,all,0.0,P14489,10.792727272727273,0.4627762074500138,/1E3U-alt1B_assembled/1E3U-alt1A_assembled/1EWZ-alt-1_assembled,36.27644729614258,7.616393566131592
2356,251.0,all,0.0,P14489,8.880833333333333,0.6262799016027221,/1E3U-alt1B_assembled/1E3U-alt1A_assembled/1EWZ-alt-1_assembled,59.592525482177734,7.665104389190674
2357,256.0,all,0.0,P14489,10.82,0.36231578391332514,/1E3U-alt1B_assembled/1E3U-alt1A_assembled/1EWZ-alt-1_assembled,60.7877311706543,11.41313362121582
2358,2.0,all,0.0,P69996,9.945,1.1870832602082582,/1E9Y-alt-1_assembled/1E9Z-alt-1_assembled,60.38560104370117,40.30112838745117
2359,6.0,all,0.0,P69996,10.415,0.04949747468305728,/1E9Y-alt-1_assembled/1E9Z-alt-1_assembled,52.07503890991211,10.899873733520508
2360,10.0,all,0.0,P69996,9.555,0.1484924240491756,/1E9Y-alt-1_assembled/1E9Z-alt-1_assembled,23.25616455078125,15.828511238098145
2361,21.0,all,0.0,P69996,10.895,0.049497474683058526,/1E9Y-alt-1_assembled/1E9Z-alt-1_assembled,45.77510070800781,4.454729080200195
2362,22.0,all,0.0,P69996,10.58,0.15556349186103965,/1E9Y-alt-1_assembled/1E9Z-alt-1_assembled,59.246246337890625,0.7582521438598633
2363,24.0,all,0.0,P69996,10.129999999999999,0.3818376618407363,/1E9Y-alt-1_assembled/1E9Z-alt-1_assembled,41.82088088989258,3.2225711345672607
2364,26.0,all,0.0,P69996,10.36,0.028284271247462554,/1E9Y-alt-1_assembled/1E9Z-alt-1_assembled,75.46524047851562,12.890289306640625
2365,29.0,all,0.0,P69996,10.27,0.12727922061357835,/1E9Y-alt-1_assembled/1E9Z-alt-1_assembled,51.270790100097656,1.800850510597229
2366,51.0,all,0.0,P69996,10.370000000000001,0.028284271247462554,/1E9Y-alt-1_assembled/1E9Z-alt-1_assembled,73.92376708984375,1.8008478879928589
2367,52.0,all,0.0,P69996,11.78,0.0,/1E9Y-alt-1_assembled/1E9Z-alt-1_assembled,33.778404235839844,4.739075183868408
2368,66.0,all,0.0,P69996,10.92,0.141421356237309,/1E9Y-alt-1_assembled/1E9Z-alt-1_assembled,60.117515563964844,1.4217231273651123
2369,92.0,all,0.0,P69996,10.272499999999999,0.3841332234177789,/1E9Y-alt-1_assembled/1E9Z-alt-1_assembled,48.69049835205078,8.162497520446777
2370,105.0,all,0.0,P69996,10.455,0.09192388155425048,/1E9Y-alt-1_assembled/1E9Z-alt-1_assembled,86.52365112304688,2.938227415084839
2371,114.0,all,0.0,P69996,10.745000000000001,0.20506096654409944,/1E9Y-alt-1_assembled/1E9Z-alt-1_assembled,42.4910888671875,21.420618057250977
2372,124.0,all,0.0,P69996,8.86,0.8909545442950497,/1E9Y-alt-1_assembled/1E9Z-alt-1_assembled,31.767784118652344,12.13203239440918
2373,125.0,all,0.0,P69996,9.96,0.4384062043356589,/1E9Y-alt-1_assembled/1E9Z-alt-1_assembled,58.97816467285156,9.288585662841797
2374,130.0,all,0.0,P69996,11.32,0.2262741699796954,/1E9Y-alt-1_assembled/1E9Z-alt-1_assembled,74.79503631591797,2.4643216133117676
2375,132.0,all,0.0,P69996,10.524999999999999,0.021213203435595972,/1E9Y-alt-1_assembled/1E9Z-alt-1_assembled,55.35905075073242,1.5165042877197266
2376,160.0,all,0.0,P69996,11.27,0.4525483399593908,/1E9Y-alt-1_assembled/1E9Z-alt-1_assembled,58.777103424072266,1.8008478879928589
2377,164.0,all,0.0,P69996,10.325,0.20506096654409944,/1E9Y-alt-1_assembled/1E9Z-alt-1_assembled,13.404129028320312,1.5165035724639893
2378,182.0,all,0.0,P69996,10.675,0.06363961030678918,/1E9Y-alt-1_assembled/1E9Z-alt-1_assembled,36.392208099365234,1.4217231273651123
2379,211.0,all,0.0,P69996,10.735,0.06363961030678918,/1E9Y-alt-1_assembled/1E9Z-alt-1_assembled,22.317874908447266,2.179973840713501
2380,212.0,all,0.0,P69996,11.415,0.10606601717798238,/1E9Y-alt-1_assembled/1E9Z-alt-1_assembled,60.05049514770508,5.686886787414551
2381,219.0,all,0.0,P69996,8.5775,2.6886102357909745,/1E9Y-alt-1_assembled/1E9Z-alt-1_assembled,18.33014678955078,14.122285842895508
2382,227.0,all,0.0,P69996,10.57,0.0,/1E9Y-alt-1_assembled/1E9Z-alt-1_assembled,71.71208953857422,20.662364959716797
2383,234.0,all,0.0,P69996,10.745000000000001,0.021213203435595972,/1E9Y-alt-1_assembled/1E9Z-alt-1_assembled,63.267486572265625,0.3791247308254242
2384,237.0,all,0.0,P69996,10.21,0.014142135623731905,/1E9Y-alt-1_assembled/1E9Z-alt-1_assembled,74.5269546508789,3.6016957759857178
2385,3.0,all,0.0,P69996,9.485,1.0253048327204946,/1E9Y-alt-1_assembled/1E9Z-alt-1_assembled,41.75386047363281,15.259822845458984
2386,7.0,all,0.0,P69996,10.934999999999999,0.7000357133746822,/1E9Y-alt-1_assembled/1E9Z-alt-1_assembled,73.2535629272461,15.638945579528809
2387,20.0,all,0.0,P69996,10.094999999999999,0.9687362902255695,/1E9Y-alt-1_assembled/1E9Z-alt-1_assembled,16.956222534179688,13.364192008972168
2388,44.0,all,0.0,P69996,10.58,0.014142135623730649,/1E9Y-alt-1_assembled/1E9Z-alt-1_assembled,15.61581039428711,10.520747184753418
2389,49.0,all,0.0,P69996,9.504999999999999,0.33234018715767777,/1E9Y-alt-1_assembled/1E9Z-alt-1_assembled,33.97946548461914,4.644292831420898
2390,63.0,all,0.0,P69996,10.504999999999999,0.035355339059326626,/1E9Y-alt-1_assembled/1E9Z-alt-1_assembled,89.87467956542969,4.075601577758789
2391,83.0,all,0.0,P69996,8.705,0.5020458146424494,/1E9Y-alt-1_assembled/1E9Z-alt-1_assembled,7.3722710609436035,0.9478151798248291
2392,89.0,all,0.0,P69996,10.77,0.21213203435596475,/1E9Y-alt-1_assembled/1E9Z-alt-1_assembled,32.30394744873047,8.90946102142334
2393,98.0,all,0.0,P69996,9.585,1.2091525958289955,/1E9Y-alt-1_assembled/1E9Z-alt-1_assembled,4.289320945739746,2.6538822650909424
2394,102.0,all,0.0,P69996,10.149999999999999,0.16970562748477155,/1E9Y-alt-1_assembled/1E9Z-alt-1_assembled,40.145362854003906,7.487737655639648
2395,109.0,all,0.0,P69996,9.684999999999999,0.8414570696119912,/1E9Y-alt-1_assembled/1E9Z-alt-1_assembled,51.40483093261719,15.259821891784668
2396,180.0,all,0.0,P69996,9.68,0.0848528137423864,/1E9Y-alt-1_assembled/1E9Z-alt-1_assembled,32.43798828125,5.876452445983887
2397,198.0,all,0.0,P69996,8.79,0.1272792206135796,/1E9Y-alt-1_assembled/1E9Z-alt-1_assembled,24.127431869506836,0.56868976354599
2398,240.0,all,0.0,P69996,10.875,0.06363961030678918,/1E9Y-alt-1_assembled/1E9Z-alt-1_assembled,60.85474395751953,0.3791247308254242
2399,288.0,all,0.0,P69996,10.535,0.21920310216782884,/1E9Y-alt-1_assembled/1E9Z-alt-1_assembled,33.17522048950195,5.023420333862305
2400,324.0,all,0.0,P69996,10.89,0.0,/1E9Y-alt-1_assembled,22.92106056213379,0.0
2401,326.0,all,0.0,P69996,10.395,0.1484924240491756,/1E9Y-alt-1_assembled/1E9Z-alt-1_assembled,70.37167358398438,25.401439666748047
2402,329.0,all,0.0,P69996,10.45,0.014142135623731905,/1E9Y-alt-1_assembled/1E9Z-alt-1_assembled,85.58535766601562,4.644288539886475
2403,382.0,all,0.0,P69996,8.600000000000001,0.0424264068711932,/1E9Y-alt-1_assembled/1E9Z-alt-1_assembled,20.37427520751953,0.37912607192993164
2404,384.0,all,0.0,P69996,10.254999999999999,0.20506096654409944,/1E9Y-alt-1_assembled/1E9Z-alt-1_assembled,5.026548385620117,1.61128568649292
2405,385.0,all,0.0,P69996,10.86,0.09899494936611705,/1E9Y-alt-1_assembled/1E9Z-alt-1_assembled,48.85804748535156,6.729488372802734
2406,391.0,all,0.0,P69996,10.545,0.09192388155425048,/1E9Y-alt-1_assembled/1E9Z-alt-1_assembled,79.82158660888672,5.592105865478516
2407,394.0,all,0.0,P69996,10.41,0.014142135623730649,/1E9Y-alt-1_assembled/1E9Z-alt-1_assembled,69.50040435791016,10.331183433532715
2408,403.0,all,0.0,P69996,9.92,0.3959797974644657,/1E9Y-alt-1_assembled/1E9Z-alt-1_assembled,17.492387771606445,14.691133499145508
2409,408.0,all,0.0,P69996,5.574999999999999,0.5020458146424487,/1E9Y-alt-1_assembled/1E9Z-alt-1_assembled,0.06702063977718353,0.09478149563074112
2410,430.0,all,0.0,P69996,9.08,1.0182337649086295,/1E9Y-alt-1_assembled/1E9Z-alt-1_assembled,9.71799373626709,4.83385705947876
2411,445.0,all,0.0,P69996,8.94,0.3535533905932738,/1E9Y-alt-1_assembled/1E9Z-alt-1_assembled,38.73793029785156,4.170385360717773
2412,451.0,all,0.0,P69996,8.455,0.1484924240491756,/1E9Y-alt-1_assembled/1E9Z-alt-1_assembled,3.552093982696533,2.369537591934204
2413,484.0,all,0.0,P69996,10.565000000000001,0.007071067811865324,/1E9Y-alt-1_assembled/1E9Z-alt-1_assembled,87.1268310546875,2.2747535705566406
2414,486.0,all,0.0,P69996,10.059999999999999,0.08485281374238515,/1E9Y-alt-1_assembled/1E9Z-alt-1_assembled,17.827491760253906,1.3269405364990234
2415,501.0,all,0.0,P69996,10.65,0.12727922061357835,/1E9Y-alt-1_assembled/1E9Z-alt-1_assembled,57.70477294921875,5.971235752105713
2416,504.0,all,0.0,P69996,8.629999999999999,2.1778888860545664,/1E9Y-alt-1_assembled/1E9Z-alt-1_assembled,20.977460861206055,16.96588897705078
2417,517.0,all,0.0,P69996,11.055,0.41719300090006295,/1E9Y-alt-1_assembled/1E9Z-alt-1_assembled,42.021942138671875,4.075604438781738
2418,524.0,all,0.0,P69996,6.92,0.21213203435596475,/1E9Y-alt-1_assembled/1E9Z-alt-1_assembled,1.2733922004699707,0.8530334830284119
2419,525.0,all,0.0,P69996,10.34,0.12727922061357835,/1E9Y-alt-1_assembled/1E9Z-alt-1_assembled,66.4174575805664,13.74332046508789
2420,550.0,all,0.0,P69996,10.355,0.24748737341529137,/1E9Y-alt-1_assembled/1E9Z-alt-1_assembled,69.1653060913086,0.1895623654127121
2421,555.0,all,0.0,P69996,10.52,0.1555634918610409,/1E9Y-alt-1_assembled/1E9Z-alt-1_assembled,70.7738037109375,0.5686925053596497
2422,559.0,all,0.0,P69996,10.335,0.24748737341529137,/1E9Y-alt-1_assembled/1E9Z-alt-1_assembled,75.66630554199219,4.075606822967529
2423,18.0,all,0.0,Q5L1E2,10.899999999999999,0.42426406871192823,/2OEJ-alt-1_assembled,68.36105346679688,5.4973249435424805
2424,19.0,all,0.0,Q5L1E2,10.435,0.19091883092036754,/2OEJ-alt-1_assembled,23.72530746459961,3.980823040008545
2425,45.0,all,0.0,Q5L1E2,8.555,3.3728993462598313,/2OEJ-alt-1_assembled,25.53486442565918,19.80933380126953
2426,47.0,all,0.0,Q5L1E2,10.645,0.5444722215136413,/2OEJ-alt-1_assembled,21.84872817993164,1.137378215789795
2427,68.0,all,0.0,Q5L1E2,10.555,0.007071067811865324,/2OEJ-alt-1_assembled,31.834806442260742,2.1799752712249756
2428,71.0,all,0.0,Q5L1E2,10.695,0.07778174593051983,/2OEJ-alt-1_assembled,55.76117706298828,7.203393936157227
2429,76.0,all,0.0,Q5L1E2,10.425,0.035355339059326626,/2OEJ-alt-1_assembled,41.82088088989258,4.359950542449951
2430,98.0,all,0.0,Q5L1E2,9.29,1.2445079348883235,/2OEJ-alt-1_assembled,38.4698486328125,16.87110710144043
2431,117.0,all,0.0,Q5L1E2,10.760000000000002,0.05656854249492385,/2OEJ-alt-1_assembled,14.208375930786133,1.5165035724639893
2432,147.0,all,0.0,Q5L1E2,11.434999999999999,0.6010407640085651,/2OEJ-alt-1_assembled,47.31657409667969,15.354604721069336
2433,162.0,all,0.0,Q5L1E2,10.985,0.43133513652379357,/2OEJ-alt-1_assembled,31.097579956054688,3.6016969680786133
2434,163.0,all,0.0,Q5L1E2,10.46,0.16970562748477155,/2OEJ-alt-1_assembled,56.96754455566406,7.203393936157227
2435,173.0,all,0.0,Q5L1E2,9.035,0.31819805153394587,/2OEJ-alt-1_assembled,1.3404128551483154,0.18956303596496582
2436,188.0,all,0.0,Q5L1E2,10.5,0.028284271247461298,/2OEJ-alt-1_assembled,67.69085693359375,1.5165042877197266
2437,194.0,all,0.0,Q5L1E2,10.075,0.2192031021678301,/2OEJ-alt-1_assembled,49.059112548828125,10.04684066772461
2438,206.0,all,0.0,Q5L1E2,10.035,0.24748737341529264,/2OEJ-alt-1_assembled,39.542179107666016,4.54951286315918
2439,217.0,all,0.0,Q5L1E2,7.21,4.058792924010783,/2OEJ-alt-1_assembled,20.039173126220703,16.207637786865234
2440,222.0,all,0.0,Q5L1E2,10.495000000000001,0.1909188309203688,/2OEJ-alt-1_assembled,72.71739959716797,4.644294261932373
2441,224.0,all,0.0,Q5L1E2,9.785,0.23334523779156074,/2OEJ-alt-1_assembled,23.658287048339844,8.435554504394531
2442,226.0,all,0.0,Q5L1E2,10.774999999999999,0.1343502884254437,/2OEJ-alt-1_assembled,39.877281188964844,25.306659698486328
2443,287.0,all,0.0,Q5L1E2,10.024999999999999,1.6475588001646557,/2OEJ-alt-1_assembled,27.74654769897461,17.62936019897461
2444,401.0,all,0.0,Q5L1E2,10.25,0.18384776310850345,/2OEJ-alt-1_assembled,40.27940368652344,10.331183433532715
2445,81.0,all,0.0,Q70AC7,10.27,0.0,/1RQE-alt1B_assembled/1RQE-alt1A_assembled,60.85474395751953,0.0
2446,114.0,all,0.0,Q70AC7,11.85,0.0,/1RQE-alt1B_assembled/1RQE-alt1A_assembled,12.867963790893555,0.0
2447,143.0,all,0.0,Q70AC7,11.25,0.0,/1RQE-alt1B_assembled/1RQE-alt1A_assembled,40.21238708496094,0.0
2448,144.0,all,0.0,Q70AC7,10.57,0.0,/1RQE-alt1B_assembled/1RQE-alt1A_assembled,79.21839904785156,0.0
2449,147.0,all,0.0,Q70AC7,10.3,0.0,/1RQE-alt1B_assembled/1RQE-alt1A_assembled,31.36566162109375,0.0
2450,168.0,all,0.0,Q70AC7,10.36,0.0,/1RQE-alt1B_assembled/1RQE-alt1A_assembled,70.23763275146484,0.0
2451,184.0,all,0.0,Q70AC7,10.335,0.035355339059326626,/1RQE-alt1B_assembled/1RQE-alt1A_assembled,19.838109970092773,0.0
2452,191.0,all,0.0,Q70AC7,10.21,0.0,/1RQE-alt1B_assembled/1RQE-alt1A_assembled,61.256866455078125,0.0
2453,200.0,all,0.0,Q70AC7,11.95,0.0,/1RQE-alt1B_assembled/1RQE-alt1A_assembled,27.612504959106445,0.0
2454,203.0,all,0.0,Q70AC7,9.8,0.0,/1RQE-alt1B_assembled/1RQE-alt1A_assembled,5.629734039306641,0.0
2455,209.0,all,0.0,Q70AC7,10.31,0.0,/1RQE-alt1B_assembled/1RQE-alt1A_assembled,76.26949310302734,0.0
2456,229.0,all,0.0,Q70AC7,11.36,0.0,/1RQE-alt1B_assembled/1RQE-alt1A_assembled,42.35704803466797,0.0
2457,277.0,all,0.0,Q70AC7,10.66,0.0,/1RQE-alt1B_assembled/1RQE-alt1A_assembled,45.43999481201172,0.0
2458,283.0,all,0.0,Q70AC7,10.21,0.0,/1RQE-alt1B_assembled/1RQE-alt1A_assembled,70.23763275146484,0.0
2459,288.0,all,0.0,Q70AC7,11.42,0.0,/1RQE-alt1B_assembled/1RQE-alt1A_assembled,24.261472702026367,0.0
2460,290.0,all,0.0,Q70AC7,10.54,0.0,/1RQE-alt1B_assembled/1RQE-alt1A_assembled,60.05049514770508,0.0
2461,291.0,all,0.0,Q70AC7,10.94,0.0,/1RQE-alt1B_assembled/1RQE-alt1A_assembled,57.90583419799805,0.0
2462,295.0,all,0.0,Q70AC7,10.37,0.0,/1RQE-alt1B_assembled/1RQE-alt1A_assembled,85.51834106445312,0.0
2463,304.0,all,0.0,Q70AC7,10.44,0.0,/1RQE-alt1B_assembled/1RQE-alt1A_assembled,91.55020141601562,0.0
2464,327.0,all,0.0,Q70AC7,10.77,0.0,/1RQE-alt1B_assembled/1RQE-alt1A_assembled,46.914451599121094,0.0
2465,340.0,all,0.0,Q70AC7,10.43,0.0,/1RQE-alt1B_assembled/1RQE-alt1A_assembled,74.25887298583984,0.0
2466,369.0,all,0.0,Q70AC7,10.4,0.0,/1RQE-alt1B_assembled/1RQE-alt1A_assembled,71.04188537597656,0.0
2467,393.0,all,0.0,Q70AC7,10.61,0.0,/1RQE-alt1B_assembled/1RQE-alt1A_assembled,86.05450439453125,0.0
2468,396.0,all,0.0,Q70AC7,10.7,0.0,/1RQE-alt1B_assembled/1RQE-alt1A_assembled,72.24825286865234,0.0
2469,404.0,all,0.0,Q70AC7,11.43,0.0,/1RQE-alt1B_assembled/1RQE-alt1A_assembled,49.46123504638672,0.0
2470,405.0,all,0.0,Q70AC7,10.52,0.0,/1RQE-alt1B_assembled/1RQE-alt1A_assembled,86.32258605957031,0.0
2471,421.0,all,0.0,Q70AC7,11.5,0.0,/1RQE-alt1B_assembled/1RQE-alt1A_assembled,75.19715881347656,0.0
2472,424.0,all,0.0,Q70AC7,10.43,0.0,/1RQE-alt1B_assembled/1RQE-alt1A_assembled,92.08636474609375,0.0
2473,430.0,all,0.0,Q70AC7,10.53,0.0,/1RQE-alt1B_assembled/1RQE-alt1A_assembled,66.48448181152344,0.0
2474,471.0,all,0.0,Q70AC7,10.53,0.0,/1RQE-alt1B_assembled/1RQE-alt1A_assembled,82.30135345458984,0.0
2475,9.0,all,98.49,P05020,10.48,0.0,/AF-P05020-F1-model_v1,57.90583419799805,0.0
2476,27.0,all,98.69,P05020,11.5,0.0,/AF-P05020-F1-model_v1,70.5057144165039,0.0
2477,103.0,all,98.55,P05020,7.73,0.0,/AF-P05020-F1-model_v1,2.8148670196533203,0.0
2478,132.0,all,98.76,P05020,10.41,0.0,/AF-P05020-F1-model_v1,89.80766296386719,0.0
2479,173.0,all,98.9,P05020,9.17,0.0,/AF-P05020-F1-model_v1,45.43999481201172,0.0
2480,182.0,all,98.94,P05020,11.53,0.0,/AF-P05020-F1-model_v1,66.35043334960938,0.0
2481,227.0,all,98.87,P05020,9.71,0.0,/AF-P05020-F1-model_v1,4.825486183166504,0.0
2482,260.0,all,98.58,P05020,8.98,0.0,/AF-P05020-F1-model_v1,2.5467844009399414,0.0
2483,347.0,all,94.81,P05020,11.59,0.0,/AF-P05020-F1-model_v1,57.771793365478516,0.0
2484,68.0,all,0.0,P22188,10.780000000000003,0.4412320413180737,/7B53-alt1A_assembled/7B53-alt1B_assembled/7B60-alt1A_assembled/7B60-alt1B_assembled,64.12199401855469,16.66629409790039
2485,120.0,all,0.0,P22188,9.60875,0.8856383896054062,/7B53-alt1A_assembled/7B53-alt1B_assembled/7B60-alt1A_assembled/7B60-alt1B_assembled,26.456398010253906,13.034229278564453
2486,151.0,all,0.0,P22188,10.27875,0.09156379509079246,/7B53-alt1A_assembled/7B53-alt1B_assembled/7B60-alt1A_assembled/7B60-alt1B_assembled,68.41132354736328,8.433176040649414
2487,198.0,all,0.0,P22188,9.8675,0.29774149861918825,/7B53-alt1A_assembled/7B53-alt1B_assembled/7B60-alt1A_assembled/7B60-alt1B_assembled,49.712562561035156,9.169398307800293
2488,225.0,all,0.0,P22188,9.055,0.22123032600178735,/7B53-alt1A_assembled/7B53-alt1B_assembled/7B60-alt1A_assembled/7B60-alt1B_assembled,26.506664276123047,8.745102882385254
2489,252.0,all,0.0,P22188,10.35625,0.06947507261087078,/7B53-alt1A_assembled/7B53-alt1B_assembled/7B60-alt1A_assembled/7B60-alt1B_assembled,69.36636352539062,12.132665634155273
2490,275.0,all,0.0,P22188,10.396249999999998,0.16792323926638136,/7B53-alt1A_assembled/7B53-alt1B_assembled/7B60-alt1A_assembled/7B60-alt1B_assembled,42.641883850097656,10.77140998840332
2491,331.0,all,0.0,P22188,10.038749999999999,0.4378987978321674,/7B53-alt1A_assembled/7B53-alt1B_assembled/7B60-alt1A_assembled/7B60-alt1B_assembled,61.54169845581055,20.5079345703125
2492,351.0,all,0.0,P22188,9.924999999999999,0.9623334735348836,/7B53-alt1A_assembled/7B53-alt1B_assembled/7B60-alt1A_assembled/7B60-alt1B_assembled,50.701114654541016,17.51480484008789
2493,367.0,all,0.0,P22188,10.3075,0.3738124052057587,/7B53-alt1A_assembled/7B53-alt1B_assembled/7B60-alt1A_assembled/7B60-alt1B_assembled,62.329193115234375,10.55223274230957
2494,379.0,all,0.0,P22188,10.6,0.05424810727442143,/7B53-alt1A_assembled/7B53-alt1B_assembled/7B60-alt1A_assembled/7B60-alt1B_assembled,84.81462860107422,14.304471969604492
2495,392.0,all,0.0,P22188,10.870000000000001,0.1542724862054151,/7B53-alt1A_assembled/7B53-alt1B_assembled/7B60-alt1A_assembled/7B60-alt1B_assembled,62.63079071044922,1.3010588884353638
2496,394.0,all,0.0,P22188,10.19125,0.3659600875973852,/7B53-alt1A_assembled/7B53-alt1B_assembled/7B60-alt1A_assembled/7B60-alt1B_assembled,31.365659713745117,5.945927143096924
2497,439.0,all,0.0,P22188,10.18625,0.395905381914128,/7B53-alt1A_assembled/7B53-alt1B_assembled/7B60-alt1A_assembled/7B60-alt1B_assembled,49.39421081542969,13.91744327545166
2498,456.0,all,0.0,P22188,10.496250000000002,0.24692031681727386,/7B53-alt1A_assembled/7B53-alt1B_assembled/7B60-alt1A_assembled/7B60-alt1B_assembled,83.97686767578125,15.404337882995605
2499,466.0,all,0.0,P22188,9.14625,0.11951539052117353,/7B53-alt1A_assembled/7B53-alt1B_assembled/7B60-alt1A_assembled/7B60-alt1B_assembled,2.4630086421966553,1.468239426612854
2500,34.0,all,0.0,P39377,10.370000000000001,0.5616641938620143,/1YBQ-alt1B_assembled/1YBQ-alt1A_assembled,41.05014419555664,12.625225067138672
2501,119.0,all,0.0,P39377,10.42,0.4468407620916725,/1YBQ-alt1B_assembled/1YBQ-alt1A_assembled,21.68117904663086,1.1907566785812378
2502,150.0,all,0.0,P39377,9.5275,1.5271842281357757,/1YBQ-alt1B_assembled/1YBQ-alt1A_assembled,40.91610336303711,17.3555850982666
2503,162.0,all,0.0,P39377,7.335,0.14456832294800956,/1YBQ-alt1B_assembled/1YBQ-alt1A_assembled,4.791975975036621,0.9689061641693115
2504,194.0,all,0.0,P39377,7.9399999999999995,0.7589905576926936,/1YBQ-alt1B_assembled/1YBQ-alt1A_assembled,16.721649169921875,7.02183198928833
2505,206.0,all,0.0,P39377,10.409999999999998,0.03829708431025348,/1YBQ-alt1B_assembled/1YBQ-alt1A_assembled,90.61190795898438,5.124046802520752
2506,207.0,all,0.0,P39377,10.317499999999999,0.06130524719249794,/1YBQ-alt1B_assembled/1YBQ-alt1A_assembled,79.35244750976562,8.822999954223633
2507,225.0,all,0.0,P39377,9.3725,0.10404326023342408,/1YBQ-alt1B_assembled/1YBQ-alt1A_assembled,32.63905334472656,4.045738220214844
2508,247.0,all,0.0,P39377,10.7175,0.33885837749714903,/1YBQ-alt1B_assembled/1YBQ-alt1A_assembled,66.3504409790039,17.50047492980957
2509,319.0,all,0.0,P39377,10.5775,0.02061552812808786,/1YBQ-alt1B_assembled/1YBQ-alt1A_assembled,74.66099548339844,13.1747407913208
2510,345.0,all,0.0,P39377,11.12,0.22196095752782027,/1YBQ-alt1B_assembled/1YBQ-alt1A_assembled,6.668553829193115,3.8622734546661377
2511,373.0,all,0.0,P39377,10.030000000000001,0.2608958923913264,/1YBQ-alt1B_assembled/1YBQ-alt1A_assembled,58.609554290771484,7.888627052307129
2512,377.0,all,0.0,P39377,10.717500000000001,0.11206396982676098,/1YBQ-alt1B_assembled/1YBQ-alt1A_assembled,65.74724578857422,8.128767967224121
2513,380.0,all,0.0,P39377,10.567499999999999,0.01499999999999968,/1YBQ-alt1B_assembled/1YBQ-alt1A_assembled,76.83916473388672,1.3988993167877197
2514,384.0,all,0.0,P39377,10.735,0.567890834580027,/1YBQ-alt1B_assembled/1YBQ-alt1A_assembled,60.31857681274414,4.170387268066406
2515,499.0,all,0.0,P11498,9.905,0.026457513110645342,/3BG9-alt-1_assembled,28.584304809570312,1.1550123691558838
2516,519.0,all,0.0,P11498,10.44,0.0,/3BG9-alt-1_assembled,87.22736358642578,2.262545108795166
2517,588.0,all,0.0,P11498,10.682500000000001,0.03774917217635369,/3BG9-alt-1_assembled,40.513980865478516,4.159420490264893
2518,589.0,all,0.0,P11498,10.0975,0.012583057392117649,/3BG9-alt-1_assembled,57.5372200012207,2.094865322113037
2519,600.0,all,0.0,P11498,10.3425,0.009574271077563177,/3BG9-alt-1_assembled,57.269142150878906,5.751163959503174
2520,661.0,all,0.0,P11498,11.377500000000001,0.07719024117939607,/3BG9-alt-1_assembled,37.364009857177734,2.474928140640259
2521,667.0,all,0.0,P11498,10.0525,0.022173557826083913,/3BG9-alt-1_assembled,35.38690185546875,2.313911199569702
2522,717.0,all,0.0,P11498,8.642500000000002,0.01892969448600051,/3BG9-alt-1_assembled,23.356693267822266,0.5176956057548523
2523,741.0,all,0.0,P11498,8.4375,0.06184658438426524,/3BG9-alt-1_assembled,20.273744583129883,1.051889181137085
2524,748.0,all,0.0,P11498,9.235000000000001,0.08266397845091489,/3BG9-alt-1_assembled,16.855690002441406,3.689383029937744
2525,855.0,all,0.0,P11498,9.6225,0.15173990905493498,/3BG9-alt-1_assembled,35.051795959472656,3.442713499069214
2526,886.0,all,0.0,P11498,10.58,0.008164965809277086,/3BG9-alt-1_assembled,62.49674987792969,1.650306224822998
2527,888.0,all,0.0,P11498,11.61,0.08041558721209928,/3BG9-alt-1_assembled,36.827842712402344,4.524926662445068
2528,891.0,all,0.0,P11498,11.125,0.10214368964029708,/3BG9-alt-1_assembled,14.007314682006836,1.102620005607605
2529,892.0,all,0.0,P11498,10.102500000000001,0.027537852736430512,/3BG9-alt-1_assembled,62.7313232421875,2.0851950645446777
2530,906.0,all,0.0,P11498,9.5125,0.14244882121894392,/3BG9-alt-1_assembled,1.5414748191833496,0.2566695511341095
2531,912.0,all,0.0,P11498,8.84,0.07438637868140434,/3BG9-alt-1_assembled,66.4174575805664,0.8857554793357849
2532,966.0,all,0.0,P11498,10.2775,0.025000000000000237,/3BG9-alt-1_assembled,46.84742736816406,3.138779640197754
2533,969.0,all,0.0,P11498,10.625,0.02380476142847653,/3BG9-alt-1_assembled,33.30925750732422,3.0771172046661377
2534,992.0,all,0.0,P11498,10.482500000000002,0.004999999999999893,/3BG9-alt-1_assembled,84.14441680908203,2.1651570796966553
2535,1021.0,all,0.0,P11498,10.25,0.04966554808583758,/3BG9-alt-1_assembled,34.61616516113281,3.2083687782287598
2536,1043.0,all,0.0,P11498,10.4475,0.022173557826083913,/3BG9-alt-1_assembled,46.84742736816406,2.855006217956543
2537,1056.0,all,0.0,P11498,9.489999999999998,0.039157800414902355,/3BG9-alt-1_assembled,30.863006591796875,1.861759066581726
2538,1061.0,all,0.0,P11498,11.0625,0.1481834448693014,/3BG9-alt-1_assembled,37.531558990478516,3.94303297996521
2539,1090.0,all,0.0,P11498,9.09,0.07615773105863878,/3BG9-alt-1_assembled,44.53521728515625,4.452881813049316
2540,1460.0,all,0.0,P27708,10.434999999999999,0.021213203435595972,/4C6B-alt1A_assembled/4C6B-alt1B_assembled,88.86936950683594,3.980825901031494
2541,1482.0,all,0.0,P27708,10.49,0.1131370849898477,/4C6B-alt1A_assembled/4C6B-alt1B_assembled,84.91515350341797,4.075606822967529
2542,1521.0,all,0.0,P27708,11.379999999999999,0.1272792206135796,/4C6B-alt1A_assembled/4C6B-alt1B_assembled,70.50572204589844,1.8956290483474731
2543,1556.0,all,0.0,P27708,10.195,0.5868986283848344,/4C6B-alt1A_assembled/4C6B-alt1B_assembled,5.763774871826172,4.739075183868408
2544,1618.0,all,0.0,P27708,10.545,0.049497474683058526,/4C6B-alt1A_assembled/4C6B-alt1B_assembled,51.672916412353516,6.35036039352417
2545,1625.0,all,0.0,P27708,10.335,0.007071067811865324,/4C6B-alt1A_assembled/4C6B-alt1B_assembled,81.69816589355469,2.7486650943756104
2546,1628.0,all,0.0,P27708,10.715,0.40305086527633227,/4C6B-alt1A_assembled/4C6B-alt1B_assembled,38.000701904296875,2.7486624717712402
2547,1657.0,all,0.0,P27708,9.95,0.5939696961966998,/4C6B-alt1A_assembled/4C6B-alt1B_assembled,64.20578002929688,14.217226028442383
2548,1695.0,all,0.0,P27708,7.744999999999999,0.14849242404917495,/4C6B-alt1A_assembled/4C6B-alt1B_assembled,5.227610111236572,6.255578994750977
2549,1768.0,all,0.0,P27708,10.24,0.24041630560342606,/4C6B-alt1A_assembled/4C6B-alt1B_assembled,46.512325286865234,15.73373031616211
2550,1778.0,all,0.0,P27708,10.504999999999999,0.035355339059326626,/4C6B-alt1A_assembled/4C6B-alt1B_assembled,91.21509552001953,4.265169143676758
2551,1780.0,all,0.0,P27708,10.495000000000001,0.16263455967290497,/4C6B-alt1A_assembled/4C6B-alt1B_assembled,54.35374450683594,0.8530333638191223
2552,1811.0,all,0.0,P27708,11.25,0.4101219330881964,/4C6B-alt1A_assembled/4C6B-alt1B_assembled,44.70276641845703,1.2321580648422241
2553,4.0,all,0.0,P06733,10.36,0.009258200997725317,/2PSN-alt-1_assembled/3B97-alt-1_assembled,68.09297180175781,8.092109680175781
2554,27.0,all,0.0,P06733,10.5575,0.023754698783308492,/2PSN-alt-1_assembled/3B97-alt-1_assembled,51.15350341796875,2.9208691120147705
2555,53.0,all,0.0,P06733,10.445000000000002,0.009258200997725318,/2PSN-alt-1_assembled/3B97-alt-1_assembled,92.90736389160156,3.405686378479004
2556,59.0,all,0.0,P06733,9.151250000000001,0.08007808689023446,/2PSN-alt-1_assembled/3B97-alt-1_assembled,56.247074127197266,4.894638538360596
2557,63.0,all,0.0,P06733,10.5025,0.024928469095163962,/2PSN-alt-1_assembled/3B97-alt-1_assembled,61.759521484375,3.9352664947509766
2558,70.0,all,0.0,P06733,10.6175,0.030118812346154406,/2PSN-alt-1_assembled/3B97-alt-1_assembled,70.23763275146484,2.609997034072876
2559,79.0,all,0.0,P06733,10.358749999999999,0.016420805617960905,/2PSN-alt-1_assembled/3B97-alt-1_assembled,59.279754638671875,5.847445011138916
2560,80.0,all,0.0,P06733,10.4275,0.010350983390135092,/2PSN-alt-1_assembled/3B97-alt-1_assembled,75.41497039794922,0.8889495134353638
2561,88.0,all,0.0,P06733,10.674999999999999,0.09273618495495704,/2PSN-alt-1_assembled/3B97-alt-1_assembled,66.90335845947266,5.41663122177124
2562,91.0,all,0.0,P06733,11.3075,0.12702643144524836,/2PSN-alt-1_assembled/3B97-alt-1_assembled,62.714561462402344,3.056978940963745
2563,102.0,all,0.0,P06733,10.206249999999999,0.04627171304989055,/2PSN-alt-1_assembled/3B97-alt-1_assembled,10.740058898925781,1.208364725112915
2564,104.0,all,0.0,P06733,10.35,0.02725540575476985,/2PSN-alt-1_assembled/3B97-alt-1_assembled,50.567073822021484,3.4834156036376953
2565,119.0,all,0.0,P06733,10.797500000000003,0.06819090848492923,/2PSN-alt-1_assembled/3B97-alt-1_assembled,25.082475662231445,1.7860900163650513
2566,125.0,all,0.0,P06733,10.688749999999999,0.09538455999643916,/2PSN-alt-1_assembled/3B97-alt-1_assembled,28.2827091217041,2.8380239009857178
2567,161.0,all,0.0,P06733,10.601249999999999,0.04793969425970826,/2PSN-alt-1_assembled/3B97-alt-1_assembled,71.34347534179688,2.70061993598938
2568,192.0,all,0.0,P06733,10.037500000000001,0.02251983252919249,/2PSN-alt-1_assembled/3B97-alt-1_assembled,64.50736999511719,2.9591176509857178
2569,196.0,all,0.0,P06733,9.629999999999999,0.13752921767495724,/2PSN-alt-1_assembled/3B97-alt-1_assembled,60.251556396484375,10.106443405151367
2570,198.0,all,0.0,P06733,11.7175,0.35200446425740534,/2PSN-alt-1_assembled/3B97-alt-1_assembled,50.667606353759766,3.5012383460998535
2571,201.0,all,0.0,P06733,8.727500000000001,0.8952852697803725,/2PSN-alt-1_assembled/3B97-alt-1_assembled,36.27492141723633,9.950817108154297
2572,220.0,all,0.0,P06733,10.7225,0.024928469095164756,/2PSN-alt-1_assembled/3B97-alt-1_assembled,64.18901824951172,5.511054992675781
2573,227.0,all,0.0,P06733,10.105,0.839914961681921,/2PSN-alt-1_assembled/3B97-alt-1_assembled,51.10323715209961,7.75613260269165
2574,232.0,all,0.0,P06733,10.1,0.14182484166846665,/2PSN-alt-1_assembled/3B97-alt-1_assembled,45.33946228027344,3.6171631813049316
2575,238.0,all,0.0,P06733,11.09625,0.3073823816867657,/2PSN-alt-1_assembled/3B97-alt-1_assembled,34.13026428222656,4.078241348266602
2576,255.0,all,0.0,P06733,10.147499999999999,0.023145502494314116,/2PSN-alt-1_assembled/3B97-alt-1_assembled,54.48778533935547,3.565887212753296
2577,261.0,all,0.0,P06733,6.415,0.1886038933093073,/2PSN-alt-1_assembled/3B97-alt-1_assembled,8.344070434570312,2.394321918487549
2578,280.0,all,0.0,P06733,10.14,0.15757084574429245,/2PSN-alt-1_assembled/3B97-alt-1_assembled,51.555625915527344,9.345595359802246
2579,284.0,all,0.0,P06733,10.376249999999999,0.152684314846025,/2PSN-alt-1_assembled/3B97-alt-1_assembled,73.23680877685547,9.989175796508789
2580,305.0,all,0.0,P06733,11.5275,0.025495097567963903,/2PSN-alt-1_assembled/3B97-alt-1_assembled,65.11055755615234,5.723220348358154
2581,325.0,all,0.0,P06733,11.35625,0.0819298480408696,/2PSN-alt-1_assembled/3B97-alt-1_assembled,64.85922241210938,2.9274508953094482
2582,329.0,all,0.0,P06733,10.282499999999999,0.059221135223354954,/2PSN-alt-1_assembled/3B97-alt-1_assembled,45.95940399169922,1.6011985540390015
2583,334.0,all,0.0,P06733,10.41625,0.005175491695067546,/2PSN-alt-1_assembled/3B97-alt-1_assembled,87.02630615234375,4.359799861907959
2584,342.0,all,0.0,P06733,12.003750000000002,0.07170126518110705,/2PSN-alt-1_assembled/3B97-alt-1_assembled,11.728612899780273,2.2691073417663574
2585,357.0,all,0.0,P06733,9.785,0.6405577926419176,/2PSN-alt-1_assembled/3B97-alt-1_assembled,40.4134521484375,3.6038341522216797
2586,393.0,all,0.0,P06733,16.925,0.066975475255607,/2PSN-alt-1_assembled/3B97-alt-1_assembled,3.1332154273986816,0.14217229187488556
2587,405.0,all,0.0,P06733,10.02375,0.054231646006473504,/2PSN-alt-1_assembled/3B97-alt-1_assembled,3.535338878631592,0.8291930556297302
2588,419.0,all,0.0,P06733,10.42125,0.008345229603962624,/2PSN-alt-1_assembled/3B97-alt-1_assembled,89.82441711425781,4.752292156219482
2589,421.0,all,0.0,P06733,11.1225,0.14498768420603408,/2PSN-alt-1_assembled/3B97-alt-1_assembled,41.1339225769043,3.4319636821746826
2590,433.0,all,0.0,P06733,10.99,0.028284271247461298,/2PSN-alt-1_assembled/3B97-alt-1_assembled,41.55279541015625,2.4643187522888184
2591,22.0,all,0.0,Q15181,10.52,0.37795502377928497,/6C45-alt-1_assembled/7BTN-alt-1_assembled,28.22909164428711,7.2985453605651855
2592,25.0,all,0.0,Q15181,10.444,0.04449719092257395,/6C45-alt-1_assembled/7BTN-alt-1_assembled,72.59675598144531,9.089937210083008
2593,41.0,all,0.0,Q15181,10.698,0.34737587711296253,/6C45-alt-1_assembled/7BTN-alt-1_assembled,82.51582336425781,5.517391681671143
2594,57.0,all,0.0,Q15181,13.904000000000002,0.4559385923564705,/6C45-alt-1_assembled/7BTN-alt-1_assembled,31.178003311157227,3.105595350265503
2595,63.0,all,0.0,Q15181,10.286,0.09864076236526141,/6C45-alt-1_assembled/7BTN-alt-1_assembled,66.37724304199219,14.351621627807617
2596,70.0,all,0.0,Q15181,10.522,0.1207062550160513,/6C45-alt-1_assembled/7BTN-alt-1_assembled,36.11072540283203,4.506460189819336
2597,74.0,all,0.0,Q15181,10.314,0.3073759912550099,/6C45-alt-1_assembled/7BTN-alt-1_assembled,60.13092041015625,7.955777168273926
2598,75.0,all,0.0,Q15181,10.425999999999998,0.05549774770204637,/6C45-alt-1_assembled/7BTN-alt-1_assembled,78.62861633300781,7.452020168304443
2599,77.0,all,0.0,Q15181,10.242,0.2553820667157353,/6C45-alt-1_assembled/7BTN-alt-1_assembled,76.48396301269531,14.198761940002441
2600,88.0,all,0.0,Q15181,6.4719999999999995,3.0941509336165227,/6C45-alt-1_assembled/7BTN-alt-1_assembled,25.333805084228516,26.559293746948242
2601,109.0,all,0.0,Q15181,10.236,0.6031832225783476,/6C45-alt-1_assembled/7BTN-alt-1_assembled,69.00445556640625,29.534500122070312
2602,128.0,all,0.0,Q15181,11.686,0.1656200470957549,/6C45-alt-1_assembled/7BTN-alt-1_assembled,50.64080047607422,5.197794437408447
2603,139.0,all,0.0,Q15181,9.591999999999999,0.251336427920825,/6C45-alt-1_assembled/7BTN-alt-1_assembled,33.93925476074219,7.9273834228515625
2604,155.0,all,0.0,Q15181,15.9,2.288361859496875,/6C45-alt-1_assembled/7BTN-alt-1_assembled,6.970147132873535,1.8256205320358276
2605,176.0,all,0.0,Q15181,9.106,2.7385269763140916,/6C45-alt-1_assembled/7BTN-alt-1_assembled,49.112728118896484,25.953105926513672
2606,179.0,all,0.0,Q15181,9.196,1.4674229110927766,/6C45-alt-1_assembled/7BTN-alt-1_assembled,23.10871696472168,4.788670539855957
2607,194.0,all,0.0,Q15181,11.129999999999999,0.24361855430159626,/6C45-alt-1_assembled/7BTN-alt-1_assembled,16.594310760498047,7.130946159362793
2608,199.0,all,0.0,Q15181,10.452000000000002,0.21741665069630686,/6C45-alt-1_assembled/7BTN-alt-1_assembled,64.60789489746094,18.42568016052246
2609,211.0,all,0.0,Q15181,9.892,0.8732525407921812,/6C45-alt-1_assembled/7BTN-alt-1_assembled,31.151195526123047,14.861244201660156
2610,213.0,all,0.0,Q15181,10.575999999999999,0.15175638372075198,/6C45-alt-1_assembled/7BTN-alt-1_assembled,32.70607376098633,4.985723495483398
2611,221.0,all,0.0,Q15181,10.678,0.22365151463828745,/6C45-alt-1_assembled/7BTN-alt-1_assembled,57.235633850097656,5.400050640106201
2612,228.0,all,0.0,Q15181,10.544,0.3974040764763239,/6C45-alt-1_assembled/7BTN-alt-1_assembled,51.98120880126953,2.763982057571411
2613,233.0,all,0.0,Q15181,10.386,0.029664793948382798,/6C45-alt-1_assembled/7BTN-alt-1_assembled,60.74751663208008,11.02215576171875
2614,234.0,all,0.0,Q15181,10.276,0.12239281024635454,/6C45-alt-1_assembled/7BTN-alt-1_assembled,65.09044647216797,5.840110778808594
2615,238.0,all,0.0,Q15181,10.338,0.31822947695020354,/6C45-alt-1_assembled/7BTN-alt-1_assembled,47.66508102416992,15.730188369750977
2616,253.0,all,0.0,Q15181,10.384,0.05899152481501021,/6C45-alt-1_assembled/7BTN-alt-1_assembled,40.07834243774414,7.730360507965088
2617,282.0,all,0.0,Q15181,8.693999999999999,3.8218359462436373,/6C45-alt-1_assembled/7BTN-alt-1_assembled,56.538612365722656,26.034805297851562
2618,288.0,all,0.0,Q15181,10.63,0.0,/6C45-alt-1_assembled,75.46524810791016,0.0
2619,27.0,all,91.67,P34931,11.5,0.0,/AF-P34931-F1-model_v1,67.02064514160156,0.0
2620,58.0,all,96.42,P34931,11.22,0.0,/AF-P34931-F1-model_v1,38.73793029785156,0.0
2621,73.0,all,94.85,P34931,11.35,0.0,/AF-P34931-F1-model_v1,20.10619354248047,0.0
2622,79.0,all,91.91,P34931,10.0,0.0,/AF-P34931-F1-model_v1,94.23102569580078,0.0
2623,90.0,all,91.94,P34931,10.35,0.0,/AF-P34931-F1-model_v1,101.06713104248047,0.0
2624,102.0,all,90.98,P34931,9.9,0.0,/AF-P34931-F1-model_v1,20.642358779907227,0.0
2625,104.0,all,97.0,P34931,10.57,0.0,/AF-P34931-F1-model_v1,16.218996047973633,0.0
2626,110.0,all,90.41,P34931,12.11,0.0,/AF-P34931-F1-model_v1,34.85073471069336,0.0
2627,114.0,all,95.05,P34931,11.12,0.0,/AF-P34931-F1-model_v1,29.35504150390625,0.0
2628,128.0,all,97.49,P34931,10.9,0.0,/AF-P34931-F1-model_v1,32.84011459350586,0.0
2629,130.0,all,97.69,P34931,9.42,0.0,/AF-P34931-F1-model_v1,23.72530746459961,0.0
2630,161.0,all,92.84,P34931,10.05,0.0,/AF-P34931-F1-model_v1,56.163299560546875,0.0
2631,189.0,all,72.59,P34931,10.36,0.0,/AF-P34931-F1-model_v1,61.92707443237305,0.0
2632,222.0,all,95.69,P34931,11.03,0.0,/AF-P34931-F1-model_v1,35.386898040771484,0.0
2633,248.0,all,97.54,P34931,11.76,0.0,/AF-P34931-F1-model_v1,47.98678207397461,0.0
2634,250.0,all,96.94,P34931,11.0,0.0,/AF-P34931-F1-model_v1,32.5720329284668,0.0
2635,252.0,all,96.33,P34931,10.18,0.0,/AF-P34931-F1-model_v1,77.20777893066406,0.0
2636,253.0,all,96.36,P34931,11.31,0.0,/AF-P34931-F1-model_v1,36.19114685058594,0.0
2637,259.0,all,91.24,P34931,9.78,0.0,/AF-P34931-F1-model_v1,55.49309158325195,0.0
2638,273.0,all,98.28,P34931,11.36,0.0,/AF-P34931-F1-model_v1,28.416751861572266,0.0
2639,321.0,all,94.62,P34931,10.74,0.0,/AF-P34931-F1-model_v1,33.37628173828125,0.0
2640,327.0,all,96.06,P34931,10.43,0.0,/AF-P34931-F1-model_v1,93.56082153320312,0.0
2641,330.0,all,95.96,P34931,9.66,0.0,/AF-P34931-F1-model_v1,42.08896255493164,0.0
2642,332.0,all,95.82,P34931,10.54,0.0,/AF-P34931-F1-model_v1,62.32919692993164,0.0
2643,347.0,all,98.09,P34931,10.13,0.0,/AF-P34931-F1-model_v1,52.4101448059082,0.0
2644,363.0,all,89.68,P34931,10.09,0.0,/AF-P34931-F1-model_v1,61.92707443237305,0.0
2645,386.0,all,82.58,P34931,10.45,0.0,/AF-P34931-F1-model_v1,87.66300201416016,0.0
2646,389.0,all,78.16,P34931,11.69,0.0,/AF-P34931-F1-model_v1,54.8228874206543,0.0
2647,417.0,all,93.0,P34931,10.38,0.0,/AF-P34931-F1-model_v1,93.82890319824219,0.0
2648,425.0,all,94.49,P34931,10.55,0.0,/AF-P34931-F1-model_v1,76.13545227050781,0.0
2649,453.0,all,86.92,P34931,10.59,0.0,/AF-P34931-F1-model_v1,80.69285583496094,0.0
2650,495.0,all,89.62,P34931,11.35,0.0,/AF-P34931-F1-model_v1,36.59326934814453,0.0
2651,499.0,all,78.44,P34931,10.19,0.0,/AF-P34931-F1-model_v1,49.72931671142578,0.0
2652,514.0,all,81.27,P34931,11.29,0.0,/AF-P34931-F1-model_v1,83.90984344482422,0.0
2653,526.0,all,88.93,P34931,10.68,0.0,/AF-P34931-F1-model_v1,79.08435821533203,0.0
2654,528.0,all,84.69,P34931,10.67,0.0,/AF-P34931-F1-model_v1,89.80766296386719,0.0
2655,537.0,all,89.45,P34931,10.99,0.0,/AF-P34931-F1-model_v1,17.961532592773438,0.0
2656,541.0,all,90.81,P34931,10.16,0.0,/AF-P34931-F1-model_v1,46.11020278930664,0.0
2657,552.0,all,89.31,P34931,10.23,0.0,/AF-P34931-F1-model_v1,38.33580780029297,0.0
2658,563.0,all,77.26,P34931,10.39,0.0,/AF-P34931-F1-model_v1,70.77379608154297,0.0
2659,569.0,all,87.05,P34931,10.44,0.0,/AF-P34931-F1-model_v1,34.71669387817383,0.0
2660,571.0,all,90.27,P34931,10.65,0.0,/AF-P34931-F1-model_v1,65.41214752197266,0.0
2661,575.0,all,92.01,P34931,11.97,0.0,/AF-P34931-F1-model_v1,15.414748191833496,0.0
2662,591.0,all,90.0,P34931,11.67,0.0,/AF-P34931-F1-model_v1,43.29533386230469,0.0
2663,597.0,all,92.9,P34931,10.73,0.0,/AF-P34931-F1-model_v1,29.623125076293945,0.0
2664,599.0,all,93.68,P34931,10.54,0.0,/AF-P34931-F1-model_v1,81.89922332763672,0.0
2665,611.0,all,78.93,P34931,10.5,0.0,/AF-P34931-F1-model_v1,82.16730499267578,0.0
2666,480.0,all,18.966,P22102,10.466,0.0512835256198326,/2V9Y-alt1A_assembled/2V9Y-alt1B_assembled/AF-P22102-F1-model_v1,91.20169067382812,9.210695266723633
2667,485.0,all,19.054,P22102,10.554,0.02073644135332788,/2V9Y-alt1A_assembled/2V9Y-alt1B_assembled/AF-P22102-F1-model_v1,87.36810302734375,3.3178956508636475
2668,499.0,all,19.268,P22102,9.232000000000001,0.1667932852365466,/2V9Y-alt1A_assembled/2V9Y-alt1B_assembled/AF-P22102-F1-model_v1,0.6433981657028198,0.778132438659668
2669,501.0,all,18.954,P22102,10.496,0.45708861285313196,/2V9Y-alt1A_assembled/2V9Y-alt1B_assembled/AF-P22102-F1-model_v1,49.434425354003906,7.827023506164551
2670,508.0,all,18.934,P22102,11.379999999999999,0.21529050141611036,/2V9Y-alt1A_assembled/2V9Y-alt1B_assembled/AF-P22102-F1-model_v1,38.84516525268555,4.889659404754639
2671,542.0,all,18.130000000000003,P22102,10.64,0.28204609552340915,/2V9Y-alt1A_assembled/2V9Y-alt1B_assembled/AF-P22102-F1-model_v1,71.49761962890625,13.231986045837402
2672,557.0,all,19.412,P22102,10.452,0.04086563348340517,/2V9Y-alt1A_assembled/2V9Y-alt1B_assembled/AF-P22102-F1-model_v1,82.64985656738281,6.029326438903809
2673,561.0,all,18.906,P22102,9.834,0.30843151589939644,/2V9Y-alt1A_assembled/2V9Y-alt1B_assembled/AF-P22102-F1-model_v1,61.980690002441406,17.13255500793457
2674,598.0,all,19.0,P22102,10.192,0.14515508947329386,/2V9Y-alt1A_assembled/2V9Y-alt1B_assembled/AF-P22102-F1-model_v1,54.8228874206543,3.5298948287963867
2675,629.0,all,18.818,P22102,10.218,0.123166553901617,/2V9Y-alt1A_assembled/2V9Y-alt1B_assembled/AF-P22102-F1-model_v1,73.82994079589844,14.092643737792969
2676,633.0,all,17.252000000000002,P22102,10.136,0.28307242889409046,/2V9Y-alt1A_assembled/2V9Y-alt1B_assembled/AF-P22102-F1-model_v1,82.46219635009766,15.498848915100098
2677,676.0,all,19.522,P22102,10.338,0.41841367090476367,/2V9Y-alt1A_assembled/2V9Y-alt1B_assembled/AF-P22102-F1-model_v1,10.830535888671875,2.5421948432922363
2678,697.0,all,18.682,P22102,10.478,0.028635642126552684,/2V9Y-alt1A_assembled/2V9Y-alt1B_assembled/AF-P22102-F1-model_v1,91.33573150634766,15.771539688110352
2679,743.0,all,19.198,P22102,10.498,0.07496665925596513,/2V9Y-alt1A_assembled/2V9Y-alt1B_assembled/AF-P22102-F1-model_v1,78.92350769042969,6.976844787597656
2680,757.0,all,18.454,P22102,10.419999999999998,0.03240370349203861,/2V9Y-alt1A_assembled/2V9Y-alt1B_assembled/AF-P22102-F1-model_v1,85.57196044921875,5.042695999145508
2681,777.0,all,19.052,P22102,10.354,0.21732464195300097,/2V9Y-alt1A_assembled/2V9Y-alt1B_assembled/AF-P22102-F1-model_v1,57.42329025268555,15.525257110595703
2682,779.0,all,19.008000000000003,P22102,10.818000000000001,0.39289947823839094,/2V9Y-alt1A_assembled/2V9Y-alt1B_assembled/AF-P22102-F1-model_v1,77.52947998046875,14.259686470031738
2683,20.0,all,98.33,P22102,8.82,0.0,/AF-P22102-F1-model_v1,13.002004623413086,0.0
2684,28.0,all,96.93,P22102,9.66,0.0,/AF-P22102-F1-model_v1,36.19114685058594,0.0
2685,44.0,all,96.1,P22102,10.1,0.0,/AF-P22102-F1-model_v1,38.60388946533203,0.0
2686,63.0,all,97.11,P22102,10.22,0.0,/AF-P22102-F1-model_v1,57.637752532958984,0.0
2687,65.0,all,96.53,P22102,10.34,0.0,/AF-P22102-F1-model_v1,68.22701263427734,0.0
2688,66.0,all,96.99,P22102,10.4,0.0,/AF-P22102-F1-model_v1,96.24164581298828,0.0
2689,107.0,all,92.07,P22102,9.1,0.0,/AF-P22102-F1-model_v1,38.20176696777344,0.0
2690,111.0,all,97.44,P22102,8.46,0.0,/AF-P22102-F1-model_v1,6.299940586090088,0.0
2691,125.0,all,96.95,P22102,10.34,0.0,/AF-P22102-F1-model_v1,67.42276763916016,0.0
2692,129.0,all,93.43,P22102,11.62,0.0,/AF-P22102-F1-model_v1,68.62913513183594,0.0
2693,148.0,all,92.04,P22102,11.12,0.0,/AF-P22102-F1-model_v1,14.878582954406738,0.0
2694,162.0,all,90.45,P22102,10.54,0.0,/AF-P22102-F1-model_v1,87.26087951660156,0.0
2695,164.0,all,95.39,P22102,10.13,0.0,/AF-P22102-F1-model_v1,40.21238708496094,0.0
2696,169.0,all,93.71,P22102,11.14,0.0,/AF-P22102-F1-model_v1,69.03126525878906,0.0
2697,178.0,all,78.31,P22102,10.51,0.0,/AF-P22102-F1-model_v1,87.3949203491211,0.0
2698,207.0,all,96.41,P22102,10.49,0.0,/AF-P22102-F1-model_v1,97.44801330566406,0.0
2699,219.0,all,89.79,P22102,13.26,0.0,/AF-P22102-F1-model_v1,47.98678207397461,0.0
2700,249.0,all,93.61,P22102,10.22,0.0,/AF-P22102-F1-model_v1,84.17792510986328,0.0
2701,251.0,all,97.43,P22102,10.3,0.0,/AF-P22102-F1-model_v1,63.401527404785156,0.0
2702,281.0,all,89.85,P22102,10.65,0.0,/AF-P22102-F1-model_v1,98.7884292602539,0.0
2703,285.0,all,98.08,P22102,9.97,0.0,/AF-P22102-F1-model_v1,36.057106018066406,0.0
2704,306.0,all,97.96,P22102,10.39,0.0,/AF-P22102-F1-model_v1,74.12483215332031,0.0
2705,342.0,all,95.5,P22102,10.5,0.0,/AF-P22102-F1-model_v1,76.5375747680664,0.0
2706,350.0,all,94.24,P22102,10.6,0.0,/AF-P22102-F1-model_v1,56.83350372314453,0.0
2707,375.0,all,94.55,P22102,10.39,0.0,/AF-P22102-F1-model_v1,75.73332977294922,0.0
2708,378.0,all,95.34,P22102,11.52,0.0,/AF-P22102-F1-model_v1,61.256866455078125,0.0
2709,404.0,all,97.28,P22102,11.33,0.0,/AF-P22102-F1-model_v1,42.893211364746094,0.0
2710,405.0,all,96.61,P22102,11.42,0.0,/AF-P22102-F1-model_v1,64.20578002929688,0.0
2711,411.0,all,97.4,P22102,10.42,0.0,/AF-P22102-F1-model_v1,72.78441619873047,0.0
2712,419.0,all,96.45,P22102,10.73,0.0,/AF-P22102-F1-model_v1,72.91845703125,0.0
2713,438.0,all,78.98,P22102,11.66,0.0,/AF-P22102-F1-model_v1,71.98017120361328,0.0
2714,452.0,all,89.03,P22102,10.39,0.0,/AF-P22102-F1-model_v1,92.22040557861328,0.0
2715,453.0,all,89.82,P22102,11.42,0.0,/AF-P22102-F1-model_v1,88.46724700927734,0.0
2716,459.0,all,93.72,P22102,10.32,0.0,/AF-P22102-F1-model_v1,81.63114166259766,0.0
2717,467.0,all,89.73,P22102,10.5,0.0,/AF-P22102-F1-model_v1,96.10760498046875,0.0
2718,806.0,all,74.79,P22102,10.46,0.0,/AF-P22102-F1-model_v1,95.70547485351562,0.0
2719,807.0,all,89.89,P22102,9.35,0.0,/AF-P22102-F1-model_v1,33.912445068359375,0.0
2720,844.0,all,93.67,P22102,10.17,0.0,/AF-P22102-F1-model_v1,61.793033599853516,0.0
2721,852.0,all,95.07,P22102,9.59,0.0,/AF-P22102-F1-model_v1,38.20176696777344,0.0
2722,866.0,all,92.59,P22102,10.38,0.0,/AF-P22102-F1-model_v1,69.43338775634766,0.0
2723,869.0,all,91.0,P22102,10.44,0.0,/AF-P22102-F1-model_v1,78.68223571777344,0.0
2724,906.0,all,93.34,P22102,12.39,0.0,/AF-P22102-F1-model_v1,38.20176696777344,0.0
2725,910.0,all,95.44,P22102,10.3,0.0,/AF-P22102-F1-model_v1,66.61852264404297,0.0
2726,923.0,all,89.79,P22102,10.31,0.0,/AF-P22102-F1-model_v1,37.799644470214844,0.0
2727,964.0,all,94.91,P22102,10.23,0.0,/AF-P22102-F1-model_v1,78.9503173828125,0.0
2728,977.0,all,94.76,P22102,11.42,0.0,/AF-P22102-F1-model_v1,33.912445068359375,0.0
2729,46.0,all,94.51,P16403,11.42,0.0,/AF-P16403-F1-model_v1,88.46724700927734,0.0
2730,52.0,all,89.12,P16403,10.41,0.0,/AF-P16403-F1-model_v1,103.2117919921875,0.0
2731,63.0,all,95.92,P16403,9.96,0.0,/AF-P16403-F1-model_v1,63.267486572265625,0.0
2732,64.0,all,96.13,P16403,10.4,0.0,/AF-P16403-F1-model_v1,109.51173400878906,0.0
2733,75.0,all,93.93,P16403,10.45,0.0,/AF-P16403-F1-model_v1,96.24164581298828,0.0
2734,81.0,all,96.33,P16403,10.28,0.0,/AF-P16403-F1-model_v1,71.71208953857422,0.0
2735,85.0,all,96.04,P16403,10.39,0.0,/AF-P16403-F1-model_v1,104.68624114990234,0.0
2736,90.0,all,94.14,P16403,10.35,0.0,/AF-P16403-F1-model_v1,109.6457748413086,0.0
2737,97.0,all,94.12,P16403,10.36,0.0,/AF-P16403-F1-model_v1,89.4055404663086,0.0
2738,106.0,all,94.82,P16403,10.05,0.0,/AF-P16403-F1-model_v1,56.029258728027344,0.0
2739,109.0,all,75.03,P16403,10.43,0.0,/AF-P16403-F1-model_v1,122.11161041259766,0.0
2740,19.0,all,96.13,P46779,10.23,0.0,/AF-P46779-F1-model_v1,59.51433181762695,0.0
2741,22.0,all,95.21,P46779,10.48,0.0,/AF-P46779-F1-model_v1,104.15007781982422,0.0
2742,33.0,all,96.29,P46779,11.04,0.0,/AF-P46779-F1-model_v1,68.62913513183594,0.0
2743,47.0,all,94.84,P46779,10.05,0.0,/AF-P46779-F1-model_v1,83.64176177978516,0.0
2744,58.0,all,91.71,P46779,10.44,0.0,/AF-P46779-F1-model_v1,106.16069793701172,0.0
2745,65.0,all,95.45,P46779,9.19,0.0,/AF-P46779-F1-model_v1,18.631738662719727,0.0
2746,72.0,all,95.04,P46779,10.44,0.0,/AF-P46779-F1-model_v1,92.22040557861328,0.0
2747,84.0,all,94.61,P46779,10.36,0.0,/AF-P46779-F1-model_v1,72.78441619873047,0.0
2748,99.0,all,95.61,P46779,10.37,0.0,/AF-P46779-F1-model_v1,81.63114166259766,0.0
2749,101.0,all,93.98,P46779,10.45,0.0,/AF-P46779-F1-model_v1,104.68624114990234,0.0
2750,122.0,all,90.56,P46779,10.34,0.0,/AF-P46779-F1-model_v1,88.33320617675781,0.0
2751,47.0,all,94.11,P16402,11.21,0.0,/AF-P16402-F1-model_v1,83.3736801147461,0.0
2752,53.0,all,88.42,P16402,10.44,0.0,/AF-P16402-F1-model_v1,114.87338256835938,0.0
2753,64.0,all,95.57,P16402,9.96,0.0,/AF-P16402-F1-model_v1,62.59728240966797,0.0
2754,65.0,all,95.72,P16402,10.4,0.0,/AF-P16402-F1-model_v1,109.37769317626953,0.0
2755,76.0,all,93.82,P16402,10.42,0.0,/AF-P16402-F1-model_v1,89.27149963378906,0.0
2756,82.0,all,95.93,P16402,10.29,0.0,/AF-P16402-F1-model_v1,69.83551025390625,0.0
2757,86.0,all,95.51,P16402,10.39,0.0,/AF-P16402-F1-model_v1,116.48188018798828,0.0
2758,91.0,all,93.31,P16402,10.34,0.0,/AF-P16402-F1-model_v1,104.8202896118164,0.0
2759,98.0,all,93.88,P16402,10.32,0.0,/AF-P16402-F1-model_v1,84.5800552368164,0.0
2760,107.0,all,94.47,P16402,9.94,0.0,/AF-P16402-F1-model_v1,57.36967086791992,0.0
2761,110.0,all,73.73,P16402,10.43,0.0,/AF-P16402-F1-model_v1,112.86276245117188,0.0
2762,36.0,all,70.6,Q96A08,10.45,0.0,/AF-Q96A08-F1-model_v1,111.52235412597656,0.0
2763,45.0,all,97.35,Q96A08,10.47,0.0,/AF-Q96A08-F1-model_v1,97.179931640625,0.0
2764,48.0,all,98.02,Q96A08,10.37,0.0,/AF-Q96A08-F1-model_v1,32.70607376098633,0.0
2765,59.0,all,32.47,Q96A08,11.083333333333334,0.5464735431229338,/AF-Q96A08-F1-model_v1/5GSU-alt-1_assembled,73.1418685913086,29.476388931274414
2766,87.0,all,96.44,Q96A08,10.47,0.0,/AF-Q96A08-F1-model_v1,98.38630676269531,0.0
2767,110.0,all,96.98,Q96A08,11.15,0.0,/AF-Q96A08-F1-model_v1,73.18653869628906,0.0
2768,118.0,all,32.02,Q96A08,10.58,0.7709085548883219,/AF-Q96A08-F1-model_v1/5GSU-alt-1_assembled,64.25045776367188,9.124001502990723
2769,122.0,all,32.02333333333333,Q96A08,9.883333333333333,0.6493329911018946,/AF-Q96A08-F1-model_v1/5GSU-alt-1_assembled,63.80364990234375,35.10116195678711
2770,127.0,all,76.46,Q96A08,10.45,0.0,/AF-Q96A08-F1-model_v1,98.11822509765625,0.0
2771,37.0,all,0.0,Q96A08,10.425,0.12020815280171303,/5GSU-alt-1_assembled,85.11621856689453,13.079846382141113
2772,56.0,all,0.0,Q96A08,10.885,0.5444722215136413,/5GSU-alt-1_assembled,73.38760375976562,9.572931289672852
2773,64.0,all,0.0,Q96A08,9.67,0.1131370849898477,/5GSU-alt-1_assembled,64.54087829589844,12.226810455322266
2774,79.0,all,0.0,Q96A08,11.167499999999999,0.4655731235083632,/5GSU-alt-1_assembled,46.27775192260742,6.4982380867004395
2775,115.0,all,0.0,Q96A08,9.875,0.41719300090006295,/5GSU-alt-1_assembled,77.20777893066406,7.582521438598633
2776,31.0,all,0.0,Q96A08,9.405000000000001,0.2192031021678301,/5GSU-alt-1_assembled,57.57073211669922,6.919047832489014
2777,44.0,all,0.0,Q96A08,9.2375,0.40335055059670666,/5GSU-alt-1_assembled,29.556102752685547,3.1767120361328125
2778,77.0,all,0.0,Q96A08,9.8875,0.7968008952471541,/5GSU-alt-1_assembled,36.12412643432617,9.965137481689453
2779,91.0,all,0.0,Q96A08,9.87,0.24041630560342606,/5GSU-alt-1_assembled,63.80364990234375,5.4973273277282715
2780,20.0,all,0.0,Q96A08,10.23,0.0,/5GSU-alt-1_assembled,80.69285583496094,0.0
2781,15.0,all,0.0,Q96A08,10.48,0.0,/5GSU-alt-1_assembled,94.49910736083984,0.0
2782,17.0,all,0.0,Q96A08,10.17,0.3394112549695431,/5GSU-alt-1_assembled,75.73332214355469,1.13737952709198
2783,38.0,all,0.0,Q96A08,9.86,0.05656854249492385,/5GSU-alt-1_assembled,80.62583923339844,9.572931289672852
2784,76.0,all,0.0,Q96A08,10.46,0.16970562748477155,/5GSU-alt-1_assembled,75.53226470947266,9.762499809265137
2785,97.0,all,0.0,Q96A08,9.75,0.1697056274847703,/5GSU-alt-1_assembled,77.60990905761719,5.686886787414551
2786,120.0,all,0.0,Q96A08,10.46,0.014142135623731905,/5GSU-alt-1_assembled,89.94169616699219,4.739075183868408
2787,28.0,all,0.0,Q96A08,10.63,0.0,/5GSU-alt-1_assembled,58.97816467285156,0.0
2788,32.0,all,0.0,Q96A08,10.36,0.12727922061357835,/5GSU-alt-1_assembled,75.33120727539062,9.099020957946777
2789,41.0,all,0.0,Q96A08,10.260000000000002,0.05656854249492385,/5GSU-alt-1_assembled,62.46324157714844,19.524991989135742
2790,55.0,all,0.0,Q96A08,9.75,0.12727922061357835,/5GSU-alt-1_assembled,56.4984016418457,4.833856582641602
2791,83.0,all,0.0,Q96A08,9.855,0.5727564927611039,/5GSU-alt-1_assembled,86.18855285644531,11.563342094421387
2792,106.0,all,0.0,Q96A08,11.475000000000001,0.021213203435595972,/5GSU-alt-1_assembled,57.168609619140625,14.122444152832031
2793,114.0,all,0.0,Q96A08,10.535,0.26162950903902327,/5GSU-alt-1_assembled,69.43338775634766,18.19805145263672
2794,123.0,all,0.0,Q96A08,10.64,0.028284271247462554,/5GSU-alt-1_assembled,67.35574340820312,10.141621589660645
2795,33.0,all,92.26,O76021,10.4,0.0,/AF-O76021-F1-model_v1,93.29273223876953,0.0
2796,38.0,all,95.11,O76021,10.64,0.0,/AF-O76021-F1-model_v1,83.23963928222656,0.0
2797,48.0,all,84.65,O76021,10.41,0.0,/AF-O76021-F1-model_v1,95.70547485351562,0.0
2798,51.0,all,70.2,O76021,10.21,0.0,/AF-O76021-F1-model_v1,86.05450439453125,0.0
2799,72.0,all,85.01,O76021,10.17,0.0,/AF-O76021-F1-model_v1,48.92506790161133,0.0
2800,76.0,all,84.54,O76021,10.44,0.0,/AF-O76021-F1-model_v1,102.54158782958984,0.0
2801,100.0,all,92.6,O76021,10.31,0.0,/AF-O76021-F1-model_v1,60.318580627441406,0.0
2802,109.0,all,90.83,O76021,10.42,0.0,/AF-O76021-F1-model_v1,77.60990142822266,0.0
2803,116.0,all,92.76,O76021,10.37,0.0,/AF-O76021-F1-model_v1,101.46925354003906,0.0
2804,120.0,all,92.49,O76021,10.41,0.0,/AF-O76021-F1-model_v1,104.95433044433594,0.0
2805,124.0,all,85.98,O76021,10.44,0.0,/AF-O76021-F1-model_v1,107.2330322265625,0.0
2806,136.0,all,92.5,O76021,10.35,0.0,/AF-O76021-F1-model_v1,68.22701263427734,0.0
2807,137.0,all,92.66,O76021,10.4,0.0,/AF-O76021-F1-model_v1,93.29273223876953,0.0
2808,140.0,all,92.22,O76021,10.44,0.0,/AF-O76021-F1-model_v1,95.30335235595703,0.0
2809,145.0,all,93.5,O76021,9.88,0.0,/AF-O76021-F1-model_v1,39.14005661010742,0.0
2810,177.0,all,86.65,O76021,10.3,0.0,/AF-O76021-F1-model_v1,117.55420684814453,0.0
2811,178.0,all,87.89,O76021,10.48,0.0,/AF-O76021-F1-model_v1,39.14005661010742,0.0
2812,188.0,all,86.59,O76021,10.47,0.0,/AF-O76021-F1-model_v1,110.45001983642578,0.0
2813,207.0,all,87.52,O76021,10.53,0.0,/AF-O76021-F1-model_v1,104.41815948486328,0.0
2814,235.0,all,91.16,O76021,10.24,0.0,/AF-O76021-F1-model_v1,95.03527069091797,0.0
2815,240.0,all,84.52,O76021,10.54,0.0,/AF-O76021-F1-model_v1,80.29073333740234,0.0
2816,244.0,all,83.77,O76021,10.46,0.0,/AF-O76021-F1-model_v1,101.06713104248047,0.0
2817,249.0,all,89.22,O76021,10.22,0.0,/AF-O76021-F1-model_v1,61.52495193481445,0.0
2818,254.0,all,93.78,O76021,10.05,0.0,/AF-O76021-F1-model_v1,44.3676643371582,0.0
2819,257.0,all,85.45,O76021,10.5,0.0,/AF-O76021-F1-model_v1,74.39291381835938,0.0
2820,282.0,all,76.65,O76021,10.37,0.0,/AF-O76021-F1-model_v1,77.20777893066406,0.0
2821,283.0,all,77.87,O76021,10.45,0.0,/AF-O76021-F1-model_v1,95.1693115234375,0.0
2822,284.0,all,80.53,O76021,10.41,0.0,/AF-O76021-F1-model_v1,86.18854522705078,0.0
2823,285.0,all,81.55,O76021,10.43,0.0,/AF-O76021-F1-model_v1,85.78642272949219,0.0
2824,290.0,all,85.16,O76021,11.56,0.0,/AF-O76021-F1-model_v1,73.58866882324219,0.0
2825,298.0,all,86.75,O76021,10.32,0.0,/AF-O76021-F1-model_v1,83.64176177978516,0.0
2826,300.0,all,84.84,O76021,10.39,0.0,/AF-O76021-F1-model_v1,81.76518249511719,0.0
2827,303.0,all,84.37,O76021,10.4,0.0,/AF-O76021-F1-model_v1,83.90984344482422,0.0
2828,304.0,all,82.07,O76021,10.42,0.0,/AF-O76021-F1-model_v1,88.7353286743164,0.0
2829,305.0,all,78.78,O76021,10.68,0.0,/AF-O76021-F1-model_v1,82.03326416015625,0.0
2830,25.0,all,97.0,Q06210,11.05,0.0,/AF-Q06210-F1-model_v1,59.38029098510742,0.0
2831,48.0,all,94.73,Q06210,10.52,0.0,/AF-Q06210-F1-model_v1,95.43739318847656,0.0
2832,56.0,all,97.32,Q06210,10.66,0.0,/AF-Q06210-F1-model_v1,76.80565643310547,0.0
2833,61.0,all,98.21,Q06210,7.98,0.0,/AF-Q06210-F1-model_v1,24.127431869506836,0.0
2834,62.0,all,97.26,Q06210,11.38,0.0,/AF-Q06210-F1-model_v1,41.552799224853516,0.0
2835,63.0,all,96.25,Q06210,10.5,0.0,/AF-Q06210-F1-model_v1,74.39291381835938,0.0
2836,65.0,all,91.62,Q06210,11.0,0.0,/AF-Q06210-F1-model_v1,53.61651611328125,0.0
2837,67.0,all,94.95,Q06210,10.62,0.0,/AF-Q06210-F1-model_v1,99.1905517578125,0.0
2838,75.0,all,93.43,Q06210,10.45,0.0,/AF-Q06210-F1-model_v1,71.44400787353516,0.0
2839,114.0,all,98.01,Q06210,11.32,0.0,/AF-Q06210-F1-model_v1,74.66099548339844,0.0
2840,130.0,all,96.18,Q06210,11.32,0.0,/AF-Q06210-F1-model_v1,88.86936950683594,0.0
2841,133.0,all,98.21,Q06210,10.41,0.0,/AF-Q06210-F1-model_v1,42.75917053222656,0.0
2842,134.0,all,98.06,Q06210,10.52,0.0,/AF-Q06210-F1-model_v1,83.3736801147461,0.0
2843,139.0,all,98.19,Q06210,10.23,0.0,/AF-Q06210-F1-model_v1,48.656986236572266,0.0
2844,154.0,all,98.76,Q06210,9.45,0.0,/AF-Q06210-F1-model_v1,4.557403564453125,0.0
2845,157.0,all,98.69,Q06210,11.7,0.0,/AF-Q06210-F1-model_v1,13.270087242126465,0.0
2846,190.0,all,98.78,Q06210,9.01,0.0,/AF-Q06210-F1-model_v1,5.227610111236572,0.0
2847,216.0,all,93.81,Q06210,10.42,0.0,/AF-Q06210-F1-model_v1,91.4161605834961,0.0
2848,271.0,all,95.16,Q06210,10.36,0.0,/AF-Q06210-F1-model_v1,68.09297180175781,0.0
2849,313.0,all,81.81,Q06210,10.35,0.0,/AF-Q06210-F1-model_v1,89.67362213134766,0.0
2850,336.0,all,90.91,Q06210,11.2,0.0,/AF-Q06210-F1-model_v1,43.29533386230469,0.0
2851,345.0,all,97.94,Q06210,9.27,0.0,/AF-Q06210-F1-model_v1,6.568023204803467,0.0
2852,375.0,all,92.65,Q06210,10.59,0.0,/AF-Q06210-F1-model_v1,91.28211975097656,0.0
2853,379.0,all,95.25,Q06210,10.43,0.0,/AF-Q06210-F1-model_v1,93.29273223876953,0.0
2854,455.0,all,97.64,Q06210,10.33,0.0,/AF-Q06210-F1-model_v1,47.45061492919922,0.0
2855,494.0,all,98.37,Q06210,10.73,0.0,/AF-Q06210-F1-model_v1,6.836105823516846,0.0
2856,522.0,all,98.4,Q06210,10.77,0.0,/AF-Q06210-F1-model_v1,57.10158920288086,0.0
2857,529.0,all,98.62,Q06210,10.62,0.0,/AF-Q06210-F1-model_v1,67.55680847167969,0.0
2858,536.0,all,98.78,Q06210,11.59,0.0,/AF-Q06210-F1-model_v1,66.08235168457031,0.0
2859,547.0,all,98.0,Q06210,10.56,0.0,/AF-Q06210-F1-model_v1,87.79704284667969,0.0
2860,556.0,all,97.38,Q06210,10.44,0.0,/AF-Q06210-F1-model_v1,99.32459259033203,0.0
2861,576.0,all,98.26,Q06210,12.27,0.0,/AF-Q06210-F1-model_v1,20.91044044494629,0.0
2862,578.0,all,97.37,Q06210,9.53,0.0,/AF-Q06210-F1-model_v1,75.46524810791016,0.0
2863,594.0,all,91.83,Q06210,10.29,0.0,/AF-Q06210-F1-model_v1,70.10359191894531,0.0
2864,603.0,all,96.01,Q06210,10.44,0.0,/AF-Q06210-F1-model_v1,76.5375747680664,0.0
2865,619.0,all,98.3,Q06210,10.15,0.0,/AF-Q06210-F1-model_v1,80.02265167236328,0.0
2866,640.0,all,97.47,Q06210,11.58,0.0,/AF-Q06210-F1-model_v1,64.87598419189453,0.0
2867,647.0,all,96.23,Q06210,10.45,0.0,/AF-Q06210-F1-model_v1,81.63114166259766,0.0
2868,650.0,all,93.41,Q06210,10.06,0.0,/AF-Q06210-F1-model_v1,78.01203155517578,0.0
2869,654.0,all,98.46,Q06210,11.17,0.0,/AF-Q06210-F1-model_v1,40.48046875,0.0
2870,694.0,all,82.63,Q06210,10.23,0.0,/AF-Q06210-F1-model_v1,5.629734039306641,0.0
2871,49.0,all,94.83,P16401,11.42,0.0,/AF-P16401-F1-model_v1,83.23963928222656,0.0
2872,55.0,all,90.08,P16401,10.35,0.0,/AF-P16401-F1-model_v1,100.53096771240234,0.0
2873,66.0,all,96.22,P16401,9.96,0.0,/AF-P16401-F1-model_v1,66.21639251708984,0.0
2874,67.0,all,96.43,P16401,10.41,0.0,/AF-P16401-F1-model_v1,111.52235412597656,0.0
2875,78.0,all,94.54,P16401,10.42,0.0,/AF-P16401-F1-model_v1,89.80766296386719,0.0
2876,84.0,all,96.35,P16401,10.28,0.0,/AF-P16401-F1-model_v1,77.60990142822266,0.0
2877,88.0,all,95.99,P16401,10.39,0.0,/AF-P16401-F1-model_v1,106.9649429321289,0.0
2878,93.0,all,93.73,P16401,10.35,0.0,/AF-P16401-F1-model_v1,109.24365234375,0.0
2879,100.0,all,94.6,P16401,10.24,0.0,/AF-P16401-F1-model_v1,80.02265167236328,0.0
2880,109.0,all,95.15,P16401,10.13,0.0,/AF-P16401-F1-model_v1,55.89521789550781,0.0
2881,112.0,all,76.79,P16401,10.44,0.0,/AF-P16401-F1-model_v1,121.44140625,0.0
2882,10.0,all,70.15,Q92785,10.64,0.0,/AF-Q92785-F1-model_v1,69.1653060913086,0.0
2883,18.0,all,83.91,Q92785,10.58,0.0,/AF-Q92785-F1-model_v1,84.5800552368164,0.0
2884,59.0,all,77.4,Q92785,10.27,0.0,/AF-Q92785-F1-model_v1,79.08435821533203,0.0
2885,207.0,all,86.08,Q92785,11.52,0.0,/AF-Q92785-F1-model_v1,41.418758392333984,0.0
2886,216.0,all,93.36,Q92785,10.88,0.0,/AF-Q92785-F1-model_v1,67.1546859741211,0.0
2887,219.0,all,92.22,Q92785,10.39,0.0,/AF-Q92785-F1-model_v1,85.11621856689453,0.0
2888,281.0,all,96.78,Q92785,10.6,0.0,/AF-Q92785-F1-model_v1,106.9649429321289,0.0
2889,284.0,all,93.94,Q92785,10.34,0.0,/AF-Q92785-F1-model_v1,65.27810668945312,0.0
2890,285.0,all,94.07,Q92785,10.77,0.0,/AF-Q92785-F1-model_v1,79.88860321044922,0.0
2891,318.0,all,92.85,Q92785,11.43,0.0,/AF-Q92785-F1-model_v1,74.9290771484375,0.0
2892,328.0,all,97.52,Q92785,9.7,0.0,/AF-Q92785-F1-model_v1,3.082949638366699,0.0
2893,379.0,all,94.67,Q92785,10.45,0.0,/AF-Q92785-F1-model_v1,84.04388427734375,0.0
2894,381.0,all,92.7,Q92785,10.43,0.0,/AF-Q92785-F1-model_v1,101.73733520507812,0.0
2895,110.0,all,89.47,Q6P158,11.79,0.0,/AF-Q6P158-F1-model_v1,43.83150100708008,0.0
2896,112.0,all,91.5,Q6P158,10.23,0.0,/AF-Q6P158-F1-model_v1,38.067726135253906,0.0
2897,188.0,all,88.49,Q6P158,9.6,0.0,/AF-Q6P158-F1-model_v1,69.43338775634766,0.0
2898,231.0,all,78.09,Q6P158,11.03,0.0,/AF-Q6P158-F1-model_v1,59.782413482666016,0.0
2899,256.0,all,88.22,Q6P158,10.38,0.0,/AF-Q6P158-F1-model_v1,82.30135345458984,0.0
2900,262.0,all,87.98,Q6P158,11.34,0.0,/AF-Q6P158-F1-model_v1,41.016632080078125,0.0
2901,306.0,all,77.59,Q6P158,10.57,0.0,/AF-Q6P158-F1-model_v1,93.42677307128906,0.0
2902,314.0,all,70.6,Q6P158,11.1,0.0,/AF-Q6P158-F1-model_v1,51.06972885131836,0.0
2903,322.0,all,77.91,Q6P158,10.75,0.0,/AF-Q6P158-F1-model_v1,70.10359191894531,0.0
2904,361.0,all,76.04,Q6P158,10.31,0.0,/AF-Q6P158-F1-model_v1,75.3311996459961,0.0
2905,364.0,all,89.98,Q6P158,10.3,0.0,/AF-Q6P158-F1-model_v1,22.92106056213379,0.0
2906,396.0,all,94.6,Q6P158,10.48,0.0,/AF-Q6P158-F1-model_v1,62.32919692993164,0.0
2907,423.0,all,86.0,Q6P158,11.5,0.0,/AF-Q6P158-F1-model_v1,62.06111526489258,0.0
2908,431.0,all,82.23,Q6P158,11.21,0.0,/AF-Q6P158-F1-model_v1,64.60790252685547,0.0
2909,520.0,all,93.96,Q6P158,10.46,0.0,/AF-Q6P158-F1-model_v1,89.27149963378906,0.0
2910,523.0,all,93.24,Q6P158,11.18,0.0,/AF-Q6P158-F1-model_v1,57.23563003540039,0.0
2911,528.0,all,91.29,Q6P158,10.41,0.0,/AF-Q6P158-F1-model_v1,56.297340393066406,0.0
2912,559.0,all,95.67,Q6P158,10.37,0.0,/AF-Q6P158-F1-model_v1,76.26949310302734,0.0
2913,573.0,all,92.0,Q6P158,10.69,0.0,/AF-Q6P158-F1-model_v1,12.331798553466797,0.0
2914,592.0,all,91.03,Q6P158,10.45,0.0,/AF-Q6P158-F1-model_v1,84.17792510986328,0.0
2915,615.0,all,93.35,Q6P158,10.22,0.0,/AF-Q6P158-F1-model_v1,99.32459259033203,0.0
2916,635.0,all,92.8,Q6P158,10.0,0.0,/AF-Q6P158-F1-model_v1,25.467844009399414,0.0
2917,685.0,all,94.83,Q6P158,9.58,0.0,/AF-Q6P158-F1-model_v1,50.8016471862793,0.0
2918,790.0,all,86.56,Q6P158,10.45,0.0,/AF-Q6P158-F1-model_v1,91.28211975097656,0.0
2919,801.0,all,87.87,Q6P158,10.14,0.0,/AF-Q6P158-F1-model_v1,48.7910270690918,0.0
2920,808.0,all,88.24,Q6P158,10.53,0.0,/AF-Q6P158-F1-model_v1,86.18854522705078,0.0
2921,812.0,all,91.85,Q6P158,10.35,0.0,/AF-Q6P158-F1-model_v1,94.90122985839844,0.0
2922,816.0,all,92.77,Q6P158,10.64,0.0,/AF-Q6P158-F1-model_v1,78.5481948852539,0.0
2923,825.0,all,92.06,Q6P158,10.33,0.0,/AF-Q6P158-F1-model_v1,57.637752532958984,0.0
2924,842.0,all,86.26,Q6P158,10.48,0.0,/AF-Q6P158-F1-model_v1,102.8096694946289,0.0
2925,861.0,all,90.4,Q6P158,10.01,0.0,/AF-Q6P158-F1-model_v1,81.3630599975586,0.0
2926,901.0,all,88.21,Q6P158,11.61,0.0,/AF-Q6P158-F1-model_v1,59.112205505371094,0.0
2927,908.0,all,94.79,Q6P158,9.86,0.0,/AF-Q6P158-F1-model_v1,1.4744541645050049,0.0
2928,933.0,all,95.78,Q6P158,10.33,0.0,/AF-Q6P158-F1-model_v1,19.57002830505371,0.0
2929,935.0,all,88.66,Q6P158,10.76,0.0,/AF-Q6P158-F1-model_v1,38.87197494506836,0.0
2930,937.0,all,82.36,Q6P158,10.7,0.0,/AF-Q6P158-F1-model_v1,128.00942993164062,0.0
2931,943.0,all,74.09,Q6P158,11.57,0.0,/AF-Q6P158-F1-model_v1,67.95893096923828,0.0
2932,962.0,all,92.17,Q6P158,9.71,0.0,/AF-Q6P158-F1-model_v1,30.427371978759766,0.0
2933,988.0,all,92.51,Q6P158,10.42,0.0,/AF-Q6P158-F1-model_v1,104.41815948486328,0.0
2934,62.0,all,0.0,P14618,10.345,0.2121993671728815,/3GR4-alt1A_assembled/3GR4-alt1B_assembled,46.36153030395508,9.411688804626465
2935,66.0,all,0.0,P14618,11.10875,0.296090599069175,/3GR4-alt1A_assembled/3GR4-alt1B_assembled,53.29816818237305,6.756962776184082
2936,89.0,all,0.0,P14618,10.276249999999997,0.19935162760452005,/3GR4-alt1A_assembled/3GR4-alt1B_assembled,77.81096649169922,13.2110595703125
2937,115.0,all,0.0,P14618,9.924999999999999,0.4054274640073467,/3GR4-alt1A_assembled/3GR4-alt1B_assembled,28.651323318481445,5.311026573181152
2938,125.0,all,0.0,P14618,10.4775,0.14210157332998552,/3GR4-alt1A_assembled/3GR4-alt1B_assembled,62.345947265625,13.533417701721191
2939,136.0,all,0.0,P14618,10.373750000000001,0.22627022403691185,/3GR4-alt1A_assembled/3GR4-alt1B_assembled,79.62052154541016,15.125553131103516
2940,188.0,all,0.0,P14618,10.6375,0.4879915104647973,/3GR4-alt1A_assembled/3GR4-alt1B_assembled,43.02725601196289,17.31157684326172
2941,206.0,all,0.0,P14618,10.098749999999999,0.1596816028405095,/3GR4-alt1A_assembled/3GR4-alt1B_assembled,64.44035339355469,11.084343910217285
2942,207.0,all,0.0,P14618,10.60625,0.37621944584055084,/3GR4-alt1A_assembled/3GR4-alt1B_assembled,33.02442169189453,7.491914749145508
2943,224.0,all,0.0,P14618,10.802500000000002,0.1143615819607768,/3GR4-alt1A_assembled/3GR4-alt1B_assembled,43.6639518737793,4.39790153503418
2944,230.0,all,0.0,P14618,10.2075,0.4385609584604111,/3GR4-alt1A_assembled/3GR4-alt1B_assembled,62.56377410888672,11.247321128845215
2945,247.0,all,0.0,P14618,10.37375,0.2568455622687352,/3GR4-alt1A_assembled/3GR4-alt1B_assembled,39.30760955810547,8.50313663482666
2946,256.0,all,0.0,P14618,10.48125,0.11382160226801048,/3GR4-alt1A_assembled/3GR4-alt1B_assembled,82.3348617553711,7.204730033874512
2947,263.0,all,0.0,P14618,10.691249999999998,0.2769960030655421,/3GR4-alt1A_assembled/3GR4-alt1B_assembled,61.20660400390625,13.783636093139648
2948,266.0,all,0.0,P14618,9.34125,0.38106757930844753,/3GR4-alt1A_assembled/3GR4-alt1B_assembled,37.498050689697266,14.781183242797852
2949,270.0,all,0.0,P14618,11.37375,0.5245661472656643,/3GR4-alt1A_assembled/3GR4-alt1B_assembled,11.460530281066895,1.633827805519104
2950,305.0,all,0.0,P14618,9.736250000000002,0.6941785999088624,/3GR4-alt1A_assembled/3GR4-alt1B_assembled,21.463361740112305,20.357694625854492
2951,311.0,all,0.0,P14618,9.55125,1.200302789180416,/3GR4-alt1A_assembled/3GR4-alt1B_assembled,22.284364700317383,8.971400260925293
2952,322.0,all,0.0,P14618,9.40375,0.8104132543691166,/3GR4-alt1A_assembled/3GR4-alt1B_assembled,31.2651309967041,9.95747184753418
2953,367.0,all,0.0,P14618,10.3325,0.09967805317979624,/3GR4-alt1A_assembled/3GR4-alt1B_assembled,81.5306167602539,8.370186805725098
2954,422.0,all,0.0,P14618,8.6775,1.3101117727670633,/3GR4-alt1A_assembled/3GR4-alt1B_assembled,21.446605682373047,14.624283790588379
2955,475.0,all,0.0,P14618,10.16,0.3263214891571107,/3GR4-alt1A_assembled/3GR4-alt1B_assembled,66.9368667602539,21.047826766967773
2956,498.0,all,0.0,P14618,11.036249999999999,0.30807872370548384,/3GR4-alt1A_assembled/3GR4-alt1B_assembled,32.20341873168945,11.882948875427246
2957,135.0,all,0.0,P14618,10.485000000000001,0.20236106344848054,/3GR4-alt1A_assembled/3GR4-alt1B_assembled,75.93438720703125,11.169992446899414
2958,141.0,all,0.0,P14618,10.288333333333334,0.09086620200419203,/3GR4-alt1A_assembled/3GR4-alt1B_assembled,61.21218490600586,12.396801948547363
2959,151.0,all,0.0,P14618,10.535,0.11878552100319303,/3GR4-alt1A_assembled/3GR4-alt1B_assembled,59.49199295043945,8.37148380279541
2960,162.0,all,0.0,P14618,10.396666666666667,0.12909944487358085,/3GR4-alt1A_assembled/3GR4-alt1B_assembled,79.86627197265625,9.75629711151123
2961,166.0,all,0.0,P14618,10.600000000000001,0.2769115382211438,/3GR4-alt1A_assembled/3GR4-alt1B_assembled,76.8726806640625,12.163907051086426
2962,173.0,all,0.0,P14618,10.841666666666667,0.4575332410510375,/3GR4-alt1A_assembled/3GR4-alt1B_assembled,60.273895263671875,11.123541831970215
2963,186.0,all,0.0,P14618,10.558333333333332,0.22337561788759885,/3GR4-alt1A_assembled/3GR4-alt1B_assembled,53.57183837890625,18.26558494567871
2964,261.0,all,0.0,P14618,10.448333333333332,0.014719601443880237,/3GR4-alt1A_assembled/3GR4-alt1B_assembled,90.45552825927734,8.944247245788574
2965,336.0,all,0.0,P14618,10.326666666666666,0.26303358467440363,/3GR4-alt1A_assembled/3GR4-alt1B_assembled,83.73112487792969,11.17703914642334
2966,337.0,all,0.0,P14618,10.12,0.31407005587925757,/3GR4-alt1A_assembled/3GR4-alt1B_assembled,70.9525146484375,14.398221015930176
2967,433.0,all,0.0,P14618,9.778333333333334,0.7032614497231218,/3GR4-alt1A_assembled/3GR4-alt1B_assembled,71.53336334228516,17.513748168945312
2968,504.0,all,0.0,P14618,10.483333333333333,0.12242004193213883,/3GR4-alt1A_assembled/3GR4-alt1B_assembled,79.39712524414062,10.841170310974121
2969,505.0,all,0.0,P14618,10.428333333333333,0.1361494277133277,/3GR4-alt1A_assembled/3GR4-alt1B_assembled,74.23653411865234,9.355435371398926
2970,20.0,all,0.0,P17987,10.262500000000001,0.962544371271614,/7LUM-alt-1_assembled,42.558109283447266,9.120390892028809
2971,25.0,all,0.0,P17987,9.785,0.03535533905932788,/7LUM-alt-1_assembled,29.958227157592773,0.09478118270635605
2972,35.0,all,0.0,P17987,10.365,0.02121320343559723,/7LUM-alt-1_assembled,35.38690185546875,0.18956506252288818
2973,42.0,all,0.0,P17987,12.09,2.2698164389806212,/7LUM-alt-1_assembled,31.298641204833984,7.771698951721191
2974,59.0,all,0.0,P17987,9.504999999999999,0.4997666121968001,/7LUM-alt-1_assembled,15.34772777557373,3.4893670082092285
2975,64.0,all,0.0,P17987,10.594999999999999,0.007071067811865324,/7LUM-alt-1_assembled,59.91645812988281,2.0851941108703613
2976,89.0,all,0.0,P17987,9.35,0.028284271247461298,/7LUM-alt-1_assembled,28.617815017700195,3.8860418796539307
2977,96.0,all,0.0,P17987,10.19,0.014142135623731487,/7LUM-alt-1_assembled,59.648372650146484,2.8935539722442627
2978,150.0,all,0.0,P17987,11.355,0.007071067811865324,/7LUM-alt-1_assembled,51.87397766113281,1.13737952709198
2979,160.0,all,0.0,P17987,10.38,0.0,/7LUM-alt-1_assembled,69.70146942138672,0.1895623654127121
2980,170.0,all,0.0,P17987,11.015,2.320983986732064,/7LUM-alt-1_assembled,23.25616455078125,14.636710166931152
2981,176.0,all,0.0,P17987,11.7525,2.260462710744565,/7LUM-alt-1_assembled,33.2087287902832,27.208593368530273
2982,210.0,all,0.0,P17987,9.62,0.0,/7LUM-alt-1_assembled,35.58795928955078,1.2321580648422241
2983,214.0,all,0.0,P17987,11.085,0.007071067811865324,/7LUM-alt-1_assembled,37.46453857421875,0.8530333638191223
2984,223.0,all,0.0,P17987,9.941666666666668,0.32725627063001644,/7LUM-alt-1_assembled,64.4515151977539,17.192312240600586
2985,226.0,all,0.0,P17987,10.19,0.0,/7LUM-alt-1_assembled,64.3398208618164,0.1895623654127121
2986,232.0,all,0.0,P17987,10.4025,0.023629078131263352,/7LUM-alt-1_assembled,59.44731140136719,16.49325180053711
2987,241.0,all,0.0,P17987,10.747499999999999,0.1359840676942214,/7LUM-alt-1_assembled,63.7701416015625,8.407551765441895
2988,242.0,all,0.0,P17987,10.5,0.0,/7LUM-alt-1_assembled,65.74725341796875,1.4217231273651123
2989,247.0,all,0.0,P17987,9.573333333333332,0.8169128880527387,/7LUM-alt-1_assembled,47.60699462890625,15.93624496459961
2990,259.0,all,0.0,P17987,10.49,0.607234166803329,/7LUM-alt-1_assembled,35.31987762451172,11.718969345092773
2991,261.0,all,0.0,P17987,10.14,0.07958224257542268,/7LUM-alt-1_assembled,48.32188034057617,3.590872287750244
2992,263.0,all,0.0,P17987,10.6425,0.3244867742553872,/7LUM-alt-1_assembled,54.688846588134766,16.678312301635742
2993,265.0,all,0.0,P17987,9.39,0.5374011537017761,/7LUM-alt-1_assembled,48.99209213256836,5.9185967445373535
2994,275.0,all,0.0,P17987,10.65,0.0,/7LUM-alt-1_assembled,77.20777893066406,0.1895623654127121
2995,279.0,all,0.0,P17987,10.524999999999999,0.007071067811865324,/7LUM-alt-1_assembled,68.29403686523438,1.2321608066558838
2996,282.0,all,0.0,P17987,10.97,0.0,/7LUM-alt-1_assembled,42.021942138671875,0.47390860319137573
2997,284.0,all,0.0,P17987,9.99,0.49658836071740514,/7LUM-alt-1_assembled,58.57604217529297,24.92399024963379
2998,293.0,all,0.0,P17987,9.875,0.007071067811866581,/7LUM-alt-1_assembled,38.20176696777344,1.13737952709198
2999,352.0,all,0.0,P17987,10.125,0.02121320343559723,/7LUM-alt-1_assembled,31.96884536743164,2.9382262229919434
3000,368.0,all,0.0,P17987,9.738333333333333,1.0135169789730543,/7LUM-alt-1_assembled,46.80274963378906,13.819499015808105
3001,370.0,all,0.0,P17987,10.350000000000001,0.14491376746189435,/7LUM-alt-1_assembled,28.58430290222168,5.152460098266602
3002,378.0,all,0.0,P17987,10.41,0.0,/7LUM-alt-1_assembled,82.43539428710938,0.37913012504577637
3003,392.0,all,0.0,P17987,10.405000000000001,0.007071067811865324,/7LUM-alt-1_assembled,68.22702026367188,1.326941967010498
3004,399.0,all,0.0,P17987,9.635000000000002,0.5427399622901067,/7LUM-alt-1_assembled,43.462886810302734,12.314483642578125
3005,439.0,all,0.0,P17987,10.43,0.06928203230275566,/7LUM-alt-1_assembled,70.74028778076172,14.724777221679688
3006,483.0,all,0.0,P17987,10.42,0.0,/7LUM-alt-1_assembled,81.76518249511719,1.13737952709198
3007,496.0,all,0.0,P17987,10.315000000000001,0.007071067811865324,/7LUM-alt-1_assembled,55.22500991821289,0.1895623654127121
3008,502.0,all,0.0,P17987,10.916666666666666,0.5148074073541162,/7LUM-alt-1_assembled,42.17832565307617,15.807023048400879
3009,513.0,all,0.0,P17987,10.83,0.0,/7LUM-alt-1_assembled,51.60589599609375,1.5165042877197266
3010,514.0,all,0.0,P17987,10.2,0.014142135623731905,/7LUM-alt-1_assembled,56.23031997680664,0.28434354066848755
3011,529.0,all,0.0,P17987,8.205,0.10606601717798111,/7LUM-alt-1_assembled,13.73923110961914,0.6634702682495117
3012,535.0,all,0.0,P17987,9.955,0.007071067811866581,/7LUM-alt-1_assembled,73.92376708984375,0.28434354066848755
3013,13.0,all,0.0,P17987,11.614999999999998,0.10606601717798238,/7LUM-alt-1_assembled,47.58465576171875,0.9478145241737366
3014,40.0,all,0.0,P17987,10.85,0.014142135623730649,/7LUM-alt-1_assembled,32.50501251220703,0.663470983505249
3015,46.0,all,0.0,P17987,9.625,0.03535533905932788,/7LUM-alt-1_assembled,43.49639892578125,0.28434625267982483
3016,50.0,all,0.0,P17987,10.559999999999999,0.0424264068711932,/7LUM-alt-1_assembled,13.672211647033691,0.37912607192993164
3017,72.0,all,0.0,P17987,9.370000000000001,0.028284271247462554,/7LUM-alt-1_assembled,40.6815299987793,0.28434354066848755
3018,82.0,all,0.0,P17987,9.36,0.0707106781186545,/7LUM-alt-1_assembled,33.24224090576172,0.56868976354599
3019,119.0,all,0.0,P17987,9.114999999999998,0.007071067811865324,/7LUM-alt-1_assembled,66.21640014648438,0.9478172063827515
3020,120.0,all,0.0,P17987,10.094999999999999,0.021213203435595972,/7LUM-alt-1_assembled,15.079645156860352,1.2321600914001465
3021,135.0,all,0.0,P17987,10.2775,0.3550938842991616,/7LUM-alt-1_assembled,55.023948669433594,28.809940338134766
3022,154.0,all,0.0,P17987,11.42,0.0,/7LUM-alt-1_assembled,62.262176513671875,1.2321580648422241
3023,181.0,all,0.0,P17987,10.096250000000001,0.31923737249889794,/7LUM-alt-1_assembled,62.37946319580078,13.15848445892334
3024,191.0,all,0.0,P17987,10.3425,0.08381527307120132,/7LUM-alt-1_assembled,66.21640014648438,7.927723407745361
3025,203.0,all,0.0,P17987,10.07,0.12138094304022029,/7LUM-alt-1_assembled,30.82949447631836,7.523048400878906
3026,204.0,all,0.0,P17987,8.555,0.03535533905932788,/7LUM-alt-1_assembled,27.813568115234375,1.9904115200042725
3027,222.0,all,0.0,P17987,9.743333333333334,0.3315820662621345,/7LUM-alt-1_assembled,35.87838363647461,18.858739852905273
3028,230.0,all,0.0,P17987,9.695,0.48754486972995653,/7LUM-alt-1_assembled,41.485782623291016,25.086977005004883
3029,236.0,all,0.0,P17987,10.01,0.17320508075688815,/7LUM-alt-1_assembled,41.38524627685547,8.37972640991211
3030,248.0,all,0.0,P17987,8.067499999999999,2.5210893809356834,/7LUM-alt-1_assembled,28.249202728271484,8.604694366455078
3031,250.0,all,0.0,P17987,10.1425,0.41379342672401176,/7LUM-alt-1_assembled,20.943950653076172,11.239437103271484
3032,272.0,all,0.0,P17987,10.543333333333331,0.26688324538394426,/7LUM-alt-1_assembled,51.31547546386719,18.740951538085938
3033,274.0,all,0.0,P17987,8.219999999999999,0.0424264068711932,/7LUM-alt-1_assembled,10.254158020019531,0.09478186070919037
3034,276.0,all,0.0,P17987,10.735,0.007071067811865324,/7LUM-alt-1_assembled,67.35574340820312,1.042593002319336
3035,278.0,all,0.0,P17987,9.149999999999999,1.686040727068398,/7LUM-alt-1_assembled,15.649320602416992,8.138249397277832
3036,342.0,all,0.0,P17987,10.585,0.007071067811865324,/7LUM-alt-1_assembled,65.41214752197266,1.3269364833831787
3037,347.0,all,0.0,P17987,10.38,0.0,/7LUM-alt-1_assembled,55.96223449707031,2.369537591934204
3038,358.0,all,0.0,P17987,8.48,0.0,/7LUM-alt-1_assembled,45.64105987548828,0.47390860319137573
3039,402.0,all,0.0,P17987,9.83,0.042426406871191945,/7LUM-alt-1_assembled,56.56542205810547,4.739075183868408
3040,431.0,all,0.0,P17987,10.395,0.007071067811865324,/7LUM-alt-1_assembled,47.986778259277344,1.1373767852783203
3041,441.0,all,0.0,P17987,10.345,0.16263455967290624,/7LUM-alt-1_assembled,51.60589599609375,1.706066608428955
3042,500.0,all,0.0,P17987,12.74,0.0,/7LUM-alt-1_assembled,43.42937469482422,0.7582521438598633
3043,522.0,all,0.0,P17987,11.9,0.0,/7LUM-alt-1_assembled,40.078346252441406,0.18956506252288818
3044,29.0,all,0.0,P17987,10.37,0.0,/7LUM-alt-1_assembled,66.01533508300781,2.5590972900390625
3045,55.0,all,0.0,P17987,9.73,1.0405383222159572,/7LUM-alt-1_assembled,47.38359451293945,15.62090015411377
3046,65.0,all,0.0,P17987,10.61,0.0,/7LUM-alt-1_assembled,73.05250549316406,1.8956290483474731
3047,79.0,all,0.0,P17987,10.06,0.3408812109811861,/7LUM-alt-1_assembled,65.78076171875,1.1127570867538452
3048,122.0,all,0.0,P17987,12.58,0.028284271247461298,/7LUM-alt-1_assembled,46.043182373046875,1.0425983667373657
3049,126.0,all,0.0,P17987,9.059999999999999,1.195184783481896,/7LUM-alt-1_assembled,51.17026138305664,34.81245803833008
3050,139.0,all,0.0,P17987,10.842500000000001,0.7304507740658046,/7LUM-alt-1_assembled,56.096275329589844,22.52678108215332
3051,143.0,all,0.0,P17987,10.58,0.0,/7LUM-alt-1_assembled,35.45391845703125,1.2321580648422241
3052,174.0,all,0.0,P17987,12.21,0.014142135623731905,/7LUM-alt-1_assembled,8.779704093933105,0.284344881772995
3053,193.0,all,0.0,P17987,10.56,0.008164965809277086,/7LUM-alt-1_assembled,55.32554244995117,1.635724425315857
3054,209.0,all,0.0,P17987,10.67,0.0,/7LUM-alt-1_assembled,39.408138275146484,0.9478172063827515
3055,212.0,all,0.0,P17987,10.44,0.0,/7LUM-alt-1_assembled,61.122825622558594,2.8434462547302246
3056,213.0,all,0.0,P17987,9.594999999999999,0.035355339059326626,/7LUM-alt-1_assembled,44.83681106567383,0.47390592098236084
3057,243.0,all,0.0,P17987,10.09,0.6128621378417822,/7LUM-alt-1_assembled,59.58134841918945,14.293476104736328
3058,245.0,all,0.0,P17987,10.7975,0.5088794880257347,/7LUM-alt-1_assembled,55.92872619628906,8.140456199645996
3059,257.0,all,0.0,P17987,10.175,0.035355339059326626,/7LUM-alt-1_assembled,46.84742736816406,4.265166759490967
3060,288.0,all,0.0,P17987,10.274999999999999,0.007071067811865324,/7LUM-alt-1_assembled,74.05780792236328,1.2321608066558838
3061,291.0,all,0.0,P17987,10.34,0.0,/7LUM-alt-1_assembled,55.157989501953125,1.9904102087020874
3062,292.0,all,0.0,P17987,10.345,0.0750555349946518,/7LUM-alt-1_assembled,54.588314056396484,27.21673583984375
3063,302.0,all,0.0,P17987,10.92,0.0,/7LUM-alt-1_assembled,38.871971130371094,0.7582521438598633
3064,319.0,all,0.0,P17987,10.225000000000001,0.007071067811865324,/7LUM-alt-1_assembled,70.50572204589844,1.8956290483474731
3065,321.0,all,0.0,P17987,10.057500000000001,0.0780491298264538,/7LUM-alt-1_assembled,64.1722640991211,8.80218505859375
3066,326.0,all,0.0,P17987,9.8275,0.13098982148752356,/7LUM-alt-1_assembled,54.052146911621094,2.510965347290039
3067,338.0,all,0.0,P17987,11.684999999999999,0.007071067811865324,/7LUM-alt-1_assembled,42.35704803466797,1.706066608428955
3068,343.0,all,0.0,P17987,9.15,0.014142135623730649,/7LUM-alt-1_assembled,21.37958526611328,6.35036039352417
3069,372.0,all,0.0,P17987,9.985,0.049497474683058526,/7LUM-alt-1_assembled,51.136749267578125,0.09478118270635605
3070,375.0,all,0.0,P17987,9.975000000000001,0.007071067811865324,/7LUM-alt-1_assembled,54.35374069213867,1.4217231273651123
3071,384.0,all,0.0,P17987,9.844999999999999,0.021213203435595972,/7LUM-alt-1_assembled,77.74394989013672,3.2225711345672607
3072,395.0,all,0.0,P17987,10.72,0.0,/7LUM-alt-1_assembled,67.48979187011719,0.47390592098236084
3073,417.0,all,0.0,P17987,9.145,0.06363961030678918,/7LUM-alt-1_assembled,23.25616455078125,0.284344881772995
3074,418.0,all,0.0,P17987,10.255,0.3176476034853712,/7LUM-alt-1_assembled,53.717044830322266,6.873563766479492
3075,489.0,all,0.0,P17987,8.06,0.0,/7LUM-alt-1_assembled,19.36896514892578,0.284344881772995
3076,497.0,all,0.0,P17987,10.29,0.0,/7LUM-alt-1_assembled,72.18122863769531,0.47390592098236084
3077,531.0,all,0.0,P17987,8.18,0.05656854249492385,/7LUM-alt-1_assembled,41.954925537109375,0.7582521438598633
3078,15.0,all,0.0,P17987,10.245000000000001,0.007071067811865324,/7LUM-alt-1_assembled,76.67161560058594,2.4643216133117676
3079,21.0,all,0.0,P17987,10.58,0.028284271247461298,/7LUM-alt-1_assembled,66.7525634765625,0.1895623654127121
3080,31.0,all,0.0,P17987,9.11,0.014142135623730649,/7LUM-alt-1_assembled,17.023242950439453,0.5686883926391602
3081,44.0,all,0.0,P17987,8.93,0.028284271247461298,/7LUM-alt-1_assembled,31.700763702392578,0.47390592098236084
3082,48.0,all,0.0,P17987,9.350000000000001,0.19798989873223286,/7LUM-alt-1_assembled,7.640353202819824,1.516503930091858
3083,78.0,all,0.0,P17987,10.205,0.02121320343559723,/7LUM-alt-1_assembled,52.209083557128906,0.8530333638191223
3084,128.0,all,0.0,P17987,10.485,0.007071067811865324,/7LUM-alt-1_assembled,75.93438720703125,1.9904102087020874
3085,138.0,all,0.0,P17987,10.514999999999999,0.24825390228554334,/7LUM-alt-1_assembled,51.40483474731445,15.011367797851562
3086,163.0,all,0.0,P17987,11.315000000000001,0.007071067811865324,/7LUM-alt-1_assembled,10.723302841186523,0.37912607192993164
3087,196.0,all,0.0,P17987,6.755,0.007071067811865324,/7LUM-alt-1_assembled,8.511621475219727,0.2843441963195801
3088,197.0,all,0.0,P17987,8.9075,0.6633940508224859,/7LUM-alt-1_assembled,54.52129364013672,14.84266471862793
3089,234.0,all,0.0,P17987,11.45,0.0,/7LUM-alt-1_assembled,61.18984603881836,0.09478118270635605
3090,249.0,all,0.0,P17987,10.190000000000001,0.0707106781186545,/7LUM-alt-1_assembled,54.21969985961914,6.1607985496521
3091,286.0,all,0.0,P17987,10.39,0.0,/7LUM-alt-1_assembled,77.40884399414062,4.075606822967529
3092,294.0,all,0.0,P17987,10.49,0.0,/7LUM-alt-1_assembled,45.50701904296875,0.28434625267982483
3093,317.0,all,0.0,P17987,10.118333333333332,0.6024422517276381,/7LUM-alt-1_assembled,54.08565902709961,9.698051452636719
3094,353.0,all,0.0,P17987,10.425,0.007071067811865324,/7LUM-alt-1_assembled,60.9217643737793,0.28434354066848755
3095,354.0,all,0.0,P17987,8.190000000000001,0.05656854249492385,/7LUM-alt-1_assembled,15.347726821899414,0.4739079177379608
3096,367.0,all,0.0,P17987,10.39,0.21939310229205825,/7LUM-alt-1_assembled,50.33250427246094,22.45728302001953
3097,381.0,all,0.0,P17987,10.295,0.19070046320517128,/7LUM-alt-1_assembled,71.77910614013672,15.83220100402832
3098,425.0,all,0.0,P17987,10.66,0.0,/7LUM-alt-1_assembled,59.64836883544922,0.7582521438598633
3099,427.0,all,0.0,P17987,10.24,0.0,/7LUM-alt-1_assembled,55.157989501953125,0.28434354066848755
3100,469.0,all,0.0,P17987,10.14,0.0,/7LUM-alt-1_assembled,37.933685302734375,0.9478145241737366
3101,491.0,all,0.0,P17987,10.69,0.0,/7LUM-alt-1_assembled,60.720703125,1.5165042877197266
3102,507.0,all,0.0,P17987,8.940000000000001,0.05656854249492385,/7LUM-alt-1_assembled,16.017932891845703,0.6634702682495117
3103,527.0,all,0.0,P17987,10.405000000000001,0.007071067811865324,/7LUM-alt-1_assembled,53.013328552246094,1.2321608066558838
3104,528.0,all,0.0,P17987,10.1675,0.14198004554631338,/7LUM-alt-1_assembled,54.08565902709961,7.675547122955322
3105,10.0,all,0.0,P17987,10.28,0.12569805089976532,/7LUM-alt-1_assembled,39.60919952392578,3.4374899864196777
3106,47.0,all,0.0,P17987,9.26,0.141421356237309,/7LUM-alt-1_assembled,12.800943374633789,1.8008484840393066
3107,67.0,all,0.0,P17987,9.9,0.014142135623730649,/7LUM-alt-1_assembled,56.96754455566406,0.18956506252288818
3108,77.0,all,0.0,P17987,8.545,0.03535533905932788,/7LUM-alt-1_assembled,34.85073471069336,1.326941967010498
3109,84.0,all,0.0,P17987,9.73,0.824232976772951,/7LUM-alt-1_assembled,39.22941589355469,8.05750560760498
3110,106.0,all,0.0,P17987,11.655000000000001,0.1343502884254437,/7LUM-alt-1_assembled,10.656282424926758,1.8008484840393066
3111,109.0,all,0.0,P17987,8.2925,3.030196638283837,/7LUM-alt-1_assembled,25.668907165527344,3.129225254058838
3112,137.0,all,0.0,P17987,10.18,0.014142135623730649,/7LUM-alt-1_assembled,63.669612884521484,0.7582548260688782
3113,144.0,all,0.0,P17987,10.55,0.0,/7LUM-alt-1_assembled,75.86737060546875,0.5686870813369751
3114,145.0,all,0.0,P17987,10.38,0.0,/7LUM-alt-1_assembled,75.93438720703125,0.6634682416915894
3115,148.0,all,0.0,P17987,10.45,0.0,/7LUM-alt-1_assembled,85.1162109375,1.13737952709198
3116,153.0,all,0.0,P17987,9.945,0.6062177826491075,/7LUM-alt-1_assembled,43.161293029785156,15.36123275756836
3117,157.0,all,0.0,P17987,9.96,0.0,/7LUM-alt-1_assembled,45.43999481201172,0.3791274428367615
3118,166.0,all,0.0,P17987,12.31,0.0,/7LUM-alt-1_assembled,9.852034568786621,0.09478118270635605
3119,172.0,all,0.0,P17987,9.385000000000002,0.007071067811865324,/7LUM-alt-1_assembled,35.789024353027344,0.9478145241737366
3120,177.0,all,0.0,P17987,10.59,0.0,/7LUM-alt-1_assembled,60.98878479003906,1.5165042877197266
3121,198.0,all,0.0,P17987,7.835,0.007071067811865324,/7LUM-alt-1_assembled,7.439291000366211,0.09478151798248291
3122,199.0,all,0.0,P17987,10.368333333333332,0.3046582785132656,/7LUM-alt-1_assembled,50.555908203125,8.335350036621094
3123,217.0,all,0.0,P17987,10.63,0.0,/7LUM-alt-1_assembled,60.385597229003906,0.663470983505249
3124,218.0,all,0.0,P17987,10.02,0.0,/7LUM-alt-1_assembled,63.334510803222656,1.421725869178772
3125,231.0,all,0.0,P17987,10.125,0.07778174593051983,/7LUM-alt-1_assembled,43.96554183959961,0.9478172063827515
3126,277.0,all,0.0,P17987,8.7775,2.173972937580717,/7LUM-alt-1_assembled,39.54218292236328,2.0121068954467773
3127,280.0,all,0.0,P17987,10.245000000000001,0.08660254037844407,/7LUM-alt-1_assembled,52.008018493652344,21.310739517211914
3128,287.0,all,0.0,P17987,10.96,0.8082903768654762,/7LUM-alt-1_assembled,53.04684066772461,16.416412353515625
3129,320.0,all,0.0,P17987,9.645,0.03535533905932788,/7LUM-alt-1_assembled,37.799644470214844,2.653881072998047
3130,366.0,all,0.0,P17987,10.114999999999998,0.007071067811865324,/7LUM-alt-1_assembled,74.39291381835938,2.8434462547302246
3131,401.0,all,0.0,P17987,10.23,0.014142135623730649,/7LUM-alt-1_assembled,54.21969985961914,0.28434354066848755
3132,430.0,all,0.0,P17987,10.1775,1.5156819147389293,/7LUM-alt-1_assembled,52.84577560424805,16.767263412475586
3133,440.0,all,0.0,P17987,9.8975,1.0479305002400368,/7LUM-alt-1_assembled,44.80329895019531,10.504583358764648
3134,463.0,all,0.0,P17987,10.45,0.0,/7LUM-alt-1_assembled,73.78972625732422,4.075606822967529
3135,521.0,all,0.0,P17987,10.04,0.014142135623731905,/7LUM-alt-1_assembled,48.72400665283203,1.0425957441329956
3136,7.0,all,0.0,P17987,10.04,0.05656854249492385,/7LUM-alt-1_assembled,48.72400665283203,1.0425957441329956
3137,16.0,all,0.0,P17987,8.445,0.06363961030678918,/7LUM-alt-1_assembled,28.282711029052734,0.37912607192993164
3138,37.0,all,0.0,P17987,10.809999999999999,0.028284271247462554,/7LUM-alt-1_assembled,40.547489166259766,1.4217231273651123
3139,54.0,all,0.0,P17987,7.779999999999999,0.3111269837220812,/7LUM-alt-1_assembled,7.372270584106445,1.1373778581619263
3140,62.0,all,0.0,P17987,10.445,0.007071067811865324,/7LUM-alt-1_assembled,64.4068374633789,1.2321608066558838
3141,152.0,all,0.0,P17987,10.26,0.0,/7LUM-alt-1_assembled,64.54087829589844,0.8530333638191223
3142,171.0,all,0.0,P17987,11.98,0.0,/7LUM-alt-1_assembled,12.532859802246094,0.6634702682495117
3143,206.0,all,0.0,P17987,10.68,0.0,/7LUM-alt-1_assembled,54.48778533935547,1.0425957441329956
3144,224.0,all,0.0,P17987,10.075,0.007071067811865324,/7LUM-alt-1_assembled,60.58666229248047,1.5165042877197266
3145,225.0,all,0.0,P17987,8.83,0.0,/7LUM-alt-1_assembled,38.134742736816406,2.369537591934204
3146,235.0,all,0.0,P17987,10.54,0.0,/7LUM-alt-1_assembled,86.45663452148438,2.4643161296844482
3147,238.0,all,0.0,P17987,11.16,0.0,/7LUM-alt-1_assembled,19.503005981445312,1.0425970554351807
3148,254.0,all,0.0,P17987,10.385000000000002,0.007071067811865324,/7LUM-alt-1_assembled,74.12483215332031,0.9478118419647217
3149,260.0,all,0.0,P17987,9.620000000000001,0.1272792206135796,/7LUM-alt-1_assembled,69.36636352539062,2.559102773666382
3150,270.0,all,0.0,P17987,9.615,0.02121320343559723,/7LUM-alt-1_assembled,43.29533386230469,1.1373767852783203
3151,281.0,all,0.0,P17987,11.155000000000001,0.007071067811865324,/7LUM-alt-1_assembled,48.79103088378906,0.56868976354599
3152,296.0,all,0.0,P17987,10.24,0.0,/7LUM-alt-1_assembled,71.04188537597656,0.9478172063827515
3153,307.0,all,0.0,P17987,10.9175,0.6553052723731135,/7LUM-alt-1_assembled,44.93734359741211,7.075361251831055
3154,318.0,all,0.0,P17987,9.735,0.035355339059326626,/7LUM-alt-1_assembled,57.77179718017578,2.653881072998047
3155,364.0,all,0.0,P17987,10.69,0.0,/7LUM-alt-1_assembled,56.43138122558594,0.0
3156,400.0,all,0.0,P17987,9.015,0.32357379374726847,/7LUM-alt-1_assembled,37.73262023925781,5.979003429412842
3157,406.0,all,0.0,P17987,9.844999999999999,0.4676537180435971,/7LUM-alt-1_assembled,34.58264923095703,16.36219024658203
3158,421.0,all,0.0,P17987,10.21,0.0,/7LUM-alt-1_assembled,35.11881637573242,0.3791247308254242
3159,459.0,all,0.0,P17987,9.79,0.0,/7LUM-alt-1_assembled,50.198463439941406,0.09478118270635605
3160,466.0,all,0.0,P17987,10.514999999999999,0.10999999999999971,/7LUM-alt-1_assembled,72.95196533203125,0.5620681643486023
3161,476.0,all,0.0,P17987,10.54,0.0,/7LUM-alt-1_assembled,45.43999481201172,0.9478145241737366
3162,490.0,all,0.0,P17987,10.9,0.0,/7LUM-alt-1_assembled,42.08896255493164,0.1895623654127121
3163,504.0,all,0.0,P17987,12.78,0.0,/7LUM-alt-1_assembled,20.10619354248047,0.9478145241737366
3164,509.0,all,0.0,P17987,10.855,0.03535533905932788,/7LUM-alt-1_assembled,48.053802490234375,1.0425957441329956
3165,5.0,all,0.0,P17987,9.065,0.06363961030678918,/7LUM-alt-1_assembled,5.428671836853027,0.6634706258773804
3166,41.0,all,0.0,P17987,10.14,0.028284271247462554,/7LUM-alt-1_assembled,55.49309539794922,0.9478145241737366
3167,45.0,all,0.0,P17987,7.77,1.9940411229460637,/7LUM-alt-1_assembled,10.254158020019531,2.369537591934204
3168,58.0,all,0.0,P17987,6.6899999999999995,0.014142135623731277,/7LUM-alt-1_assembled,4.423362731933594,1.516503930091858
3169,104.0,all,0.0,P17987,9.425,0.007071067811865324,/7LUM-alt-1_assembled,24.998699188232422,0.8530333042144775
3170,127.0,all,0.0,P17987,8.24,0.014142135623730649,/7LUM-alt-1_assembled,25.73592758178711,0.5686883926391602
3171,129.0,all,0.0,P17987,9.74,0.0,/7LUM-alt-1_assembled,28.282711029052734,0.1895623654127121
3172,159.0,all,0.0,P17987,12.715,2.251703059168031,/7LUM-alt-1_assembled,9.382889747619629,4.359948635101318
3173,180.0,all,0.0,P17987,10.285,1.21820906799011,/7LUM-alt-1_assembled,44.099586486816406,17.164613723754883
3174,251.0,all,0.0,P17987,10.515,0.007071067811865324,/7LUM-alt-1_assembled,78.28011322021484,0.3791247308254242
3175,258.0,all,0.0,P17987,11.3,0.0,/7LUM-alt-1_assembled,52.276100158691406,0.9478145241737366
3176,273.0,all,0.0,P17987,11.385000000000002,0.007071067811865324,/7LUM-alt-1_assembled,33.24224090576172,1.7060693502426147
3177,295.0,all,0.0,P17987,10.74,0.0,/7LUM-alt-1_assembled,37.19645690917969,1.0425983667373657
3178,359.0,all,0.0,P17987,10.28,0.014142135623730649,/7LUM-alt-1_assembled,32.63905334472656,0.28434354066848755
3179,365.0,all,0.0,P17987,10.357499999999998,0.1876832437912347,/7LUM-alt-1_assembled,67.18820190429688,4.490381717681885
3180,377.0,all,0.0,P17987,9.45,0.028284271247462554,/7LUM-alt-1_assembled,31.03055763244629,1.042595624923706
3181,388.0,all,0.0,P17987,10.26,0.0,/7LUM-alt-1_assembled,61.52494812011719,2.4643187522888184
3182,424.0,all,0.0,P17987,10.53,0.0,/7LUM-alt-1_assembled,71.2429428100586,1.2321608066558838
3183,426.0,all,0.0,P17987,10.43,0.0,/7LUM-alt-1_assembled,79.55349731445312,0.47390592098236084
3184,449.0,all,0.0,P17987,11.725,0.2050609665440982,/7LUM-alt-1_assembled,15.481768608093262,0.4739072620868683
3185,465.0,all,0.0,P17987,10.91,0.0,/7LUM-alt-1_assembled,50.6005859375,0.28434354066848755
3186,501.0,all,0.0,P17987,10.58,0.0,/7LUM-alt-1_assembled,37.73262023925781,0.09478387981653214
3187,33.0,all,0.0,P17987,11.21,0.19798989873223286,/7LUM-alt-1_assembled,34.11351013183594,0.663470983505249
3188,43.0,all,0.0,P17987,8.675,0.021213203435595972,/7LUM-alt-1_assembled,6.903126239776611,0.28434422612190247
3189,63.0,all,0.0,P17987,10.335,0.007071067811865324,/7LUM-alt-1_assembled,55.76117706298828,0.7582521438598633
3190,73.0,all,0.0,P17987,10.235,0.035355339059326626,/7LUM-alt-1_assembled,44.97085189819336,3.5069146156311035
3191,102.0,all,0.0,P17987,9.745000000000001,0.007071067811865324,/7LUM-alt-1_assembled,40.078346252441406,4.928640365600586
3192,111.0,all,0.0,P17987,8.02,0.3676955262170044,/7LUM-alt-1_assembled,18.631738662719727,0.7582521438598633
3193,227.0,all,0.0,P17987,8.864999999999998,0.007071067811865324,/7LUM-alt-1_assembled,26.004009246826172,0.37912607192993164
3194,233.0,all,0.0,P17987,10.22,0.0,/7LUM-alt-1_assembled,53.214393615722656,1.1373767852783203
3195,298.0,all,0.0,P17987,9.17,0.0848528137423864,/7LUM-alt-1_assembled,15.950912475585938,2.2747557163238525
3196,313.0,all,0.0,P17987,10.585,0.007071067811865324,/7LUM-alt-1_assembled,65.27810668945312,3.033008575439453
3197,481.0,all,0.0,P17987,10.43,0.0,/7LUM-alt-1_assembled,82.23432922363281,4.075606822967529
3198,484.0,all,0.0,P17987,9.75,0.0,/7LUM-alt-1_assembled,50.198463439941406,2.1799752712249756
3199,494.0,all,0.0,P17987,10.135000000000002,0.007071067811865324,/7LUM-alt-1_assembled,57.83881378173828,1.2321580648422241
3200,499.0,all,0.0,P17987,10.63,0.0,/7LUM-alt-1_assembled,63.133445739746094,2.27475643157959
3201,510.0,all,0.0,P17987,11.64,0.0,/7LUM-alt-1_assembled,43.563419342041016,0.1895623654127121
3202,512.0,all,0.0,P17987,9.645,0.049497474683058526,/7LUM-alt-1_assembled,47.45061492919922,4.170385360717773
3203,515.0,all,0.0,P17987,10.715,0.02121320343559723,/7LUM-alt-1_assembled,42.75917053222656,0.0
3204,532.0,all,0.0,P17987,9.625,0.02121320343559723,/7LUM-alt-1_assembled,58.10689926147461,0.09478118270635605
3205,65.0,all,96.16,P26639,10.94,0.0,/AF-P26639-F1-model_v1,24.931678771972656,0.0
3206,75.0,all,89.54,P26639,10.52,0.0,/AF-P26639-F1-model_v1,52.678226470947266,0.0
3207,78.0,all,91.76,P26639,11.18,0.0,/AF-P26639-F1-model_v1,55.09096908569336,0.0
3208,81.0,all,95.0,P26639,10.55,0.0,/AF-P26639-F1-model_v1,68.36105346679688,0.0
3209,84.0,all,97.26,P26639,11.51,0.0,/AF-P26639-F1-model_v1,64.741943359375,0.0
3210,91.0,all,94.21,P26639,10.5,0.0,/AF-P26639-F1-model_v1,79.08435821533203,0.0
3211,99.0,all,95.12,P26639,11.33,0.0,/AF-P26639-F1-model_v1,38.4698486328125,0.0
3212,121.0,all,97.36,P26639,11.61,0.0,/AF-P26639-F1-model_v1,23.72530746459961,0.0
3213,143.0,all,96.5,P26639,10.51,0.0,/AF-P26639-F1-model_v1,66.88660430908203,0.0
3214,207.0,all,97.2,P26639,10.3,0.0,/AF-P26639-F1-model_v1,88.19916534423828,0.0
3215,208.0,all,97.3,P26639,10.51,0.0,/AF-P26639-F1-model_v1,70.37167358398438,0.0
3216,211.0,all,97.48,P26639,10.36,0.0,/AF-P26639-F1-model_v1,87.26087951660156,0.0
3217,213.0,all,97.24,P26639,10.38,0.0,/AF-P26639-F1-model_v1,73.58866882324219,0.0
3218,222.0,all,96.21,P26639,10.57,0.0,/AF-P26639-F1-model_v1,82.16730499267578,0.0
3219,223.0,all,95.39,P26639,10.06,0.0,/AF-P26639-F1-model_v1,25.19976234436035,0.0
3220,231.0,all,96.24,P26639,10.36,0.0,/AF-P26639-F1-model_v1,79.3524398803711,0.0
3221,234.0,all,95.18,P26639,11.43,0.0,/AF-P26639-F1-model_v1,41.418758392333984,0.0
3222,236.0,all,96.08,P26639,11.06,0.0,/AF-P26639-F1-model_v1,3.887197256088257,0.0
3223,243.0,all,90.07,P26639,12.06,0.0,/AF-P26639-F1-model_v1,58.039878845214844,0.0
3224,271.0,all,95.99,P26639,8.42,0.0,/AF-P26639-F1-model_v1,28.68483543395996,0.0
3225,273.0,all,95.26,P26639,9.81,0.0,/AF-P26639-F1-model_v1,57.90583419799805,0.0
3226,276.0,all,97.09,P26639,11.21,0.0,/AF-P26639-F1-model_v1,39.00601577758789,0.0
3227,279.0,all,91.87,P26639,10.39,0.0,/AF-P26639-F1-model_v1,95.70547485351562,0.0
3228,288.0,all,81.26,P26639,11.64,0.0,/AF-P26639-F1-model_v1,61.92707443237305,0.0
3229,306.0,all,96.68,P26639,10.71,0.0,/AF-P26639-F1-model_v1,101.73733520507812,0.0
3230,309.0,all,95.8,P26639,10.48,0.0,/AF-P26639-F1-model_v1,93.42677307128906,0.0
3231,313.0,all,91.94,P26639,10.59,0.0,/AF-P26639-F1-model_v1,99.32459259033203,0.0
3232,319.0,all,87.51,P26639,10.67,0.0,/AF-P26639-F1-model_v1,93.29273223876953,0.0
3233,325.0,all,95.14,P26639,10.41,0.0,/AF-P26639-F1-model_v1,51.87397766113281,0.0
3234,348.0,all,98.23,P26639,10.4,0.0,/AF-P26639-F1-model_v1,39.81026077270508,0.0
3235,366.0,all,96.48,P26639,10.98,0.0,/AF-P26639-F1-model_v1,67.1546859741211,0.0
3236,403.0,all,94.14,P26639,10.47,0.0,/AF-P26639-F1-model_v1,88.46724700927734,0.0
3237,409.0,all,97.29,P26639,8.98,0.0,/AF-P26639-F1-model_v1,0.6702064275741577,0.0
3238,477.0,all,92.98,P26639,11.65,0.0,/AF-P26639-F1-model_v1,53.34843063354492,0.0
3239,495.0,all,90.67,P26639,11.44,0.0,/AF-P26639-F1-model_v1,50.8016471862793,0.0
3240,504.0,all,86.62,P26639,10.46,0.0,/AF-P26639-F1-model_v1,102.67562866210938,0.0
3241,517.0,all,91.56,P26639,10.47,0.0,/AF-P26639-F1-model_v1,90.34382629394531,0.0
3242,529.0,all,91.93,P26639,10.52,0.0,/AF-P26639-F1-model_v1,97.31397247314453,0.0
3243,543.0,all,94.72,P26639,11.42,0.0,/AF-P26639-F1-model_v1,12.733922004699707,0.0
3244,549.0,all,83.57,P26639,10.68,0.0,/AF-P26639-F1-model_v1,57.36967086791992,0.0
3245,583.0,all,88.45,P26639,10.4,0.0,/AF-P26639-F1-model_v1,81.09497833251953,0.0
3246,584.0,all,93.54,P26639,10.73,0.0,/AF-P26639-F1-model_v1,66.48448181152344,0.0
3247,611.0,all,94.83,P26639,10.47,0.0,/AF-P26639-F1-model_v1,58.44200134277344,0.0
3248,636.0,all,98.2,P26639,10.34,0.0,/AF-P26639-F1-model_v1,72.65037536621094,0.0
3249,645.0,all,96.61,P26639,10.42,0.0,/AF-P26639-F1-model_v1,93.56082153320312,0.0
3250,660.0,all,95.95,P26639,10.8,0.0,/AF-P26639-F1-model_v1,74.5269546508789,0.0
3251,661.0,all,97.15,P26639,10.4,0.0,/AF-P26639-F1-model_v1,11.393508911132812,0.0
3252,679.0,all,96.62,P26639,11.66,0.0,/AF-P26639-F1-model_v1,69.70146942138672,0.0
3253,681.0,all,97.19,P26639,10.89,0.0,/AF-P26639-F1-model_v1,39.81026077270508,0.0
3254,694.0,all,94.68,P26639,10.45,0.0,/AF-P26639-F1-model_v1,62.19515609741211,0.0
3255,712.0,all,96.38,P26639,8.72,0.0,/AF-P26639-F1-model_v1,29.623125076293945,0.0
3256,717.0,all,90.55,P26639,9.94,0.0,/AF-P26639-F1-model_v1,56.029258728027344,0.0
3257,17.0,all,98.1,Q12906,10.03,0.0,/AF-Q12906-F1-model_v1,10.455220222473145,0.0
3258,43.0,all,96.21,Q12906,10.72,0.0,/AF-Q12906-F1-model_v1,40.48046875,0.0
3259,54.0,all,82.44,Q12906,11.47,0.0,/AF-Q12906-F1-model_v1,71.98017120361328,0.0
3260,100.0,all,97.34,Q12906,10.41,0.0,/AF-Q12906-F1-model_v1,15.816871643066406,0.0
3261,105.0,all,97.34,Q12906,10.27,0.0,/AF-Q12906-F1-model_v1,51.47185516357422,0.0
3262,117.0,all,93.92,Q12906,10.49,0.0,/AF-Q12906-F1-model_v1,37.12943649291992,0.0
3263,119.0,all,94.75,Q12906,11.8,0.0,/AF-Q12906-F1-model_v1,10.589262008666992,0.0
3264,127.0,all,96.02,Q12906,9.96,0.0,/AF-Q12906-F1-model_v1,41.95492172241211,0.0
3265,143.0,all,93.78,Q12906,10.44,0.0,/AF-Q12906-F1-model_v1,100.12883758544922,0.0
3266,158.0,all,97.67,Q12906,10.47,0.0,/AF-Q12906-F1-model_v1,54.8228874206543,0.0
3267,161.0,all,89.78,Q12906,10.56,0.0,/AF-Q12906-F1-model_v1,86.18854522705078,0.0
3268,182.0,all,87.39,Q12906,11.52,0.0,/AF-Q12906-F1-model_v1,56.163299560546875,0.0
3269,202.0,all,97.12,Q12906,11.59,0.0,/AF-Q12906-F1-model_v1,42.62512969970703,0.0
3270,214.0,all,96.46,Q12906,9.44,0.0,/AF-Q12906-F1-model_v1,80.69285583496094,0.0
3271,224.0,all,94.64,Q12906,9.86,0.0,/AF-Q12906-F1-model_v1,67.1546859741211,0.0
3272,257.0,all,97.64,Q12906,9.59,0.0,/AF-Q12906-F1-model_v1,50.3995246887207,0.0
3273,297.0,all,90.17,Q12906,12.34,0.0,/AF-Q12906-F1-model_v1,38.60388946533203,0.0
3274,332.0,all,97.56,Q12906,10.23,0.0,/AF-Q12906-F1-model_v1,56.699462890625,0.0
3275,371.0,all,70.42,Q12906,10.51,0.0,/AF-Q12906-F1-model_v1,114.87338256835938,0.0
3276,413.0,all,89.31,Q12906,11.23,0.0,/AF-Q12906-F1-model_v1,37.66559982299805,0.0
3277,419.0,all,95.92,Q12906,11.32,0.0,/AF-Q12906-F1-model_v1,78.41415405273438,0.0
3278,450.0,all,94.87,Q12906,10.19,0.0,/AF-Q12906-F1-model_v1,51.73993682861328,0.0
3279,451.0,all,93.41,Q12906,10.41,0.0,/AF-Q12906-F1-model_v1,102.27349853515625,0.0
3280,454.0,all,96.23,Q12906,10.1,0.0,/AF-Q12906-F1-model_v1,46.914451599121094,0.0
3281,460.0,all,94.69,Q12906,10.26,0.0,/AF-Q12906-F1-model_v1,64.741943359375,0.0
3282,523.0,all,84.69,Q12906,11.39,0.0,/AF-Q12906-F1-model_v1,48.7910270690918,0.0
3283,526.0,all,86.93,Q12906,11.48,0.0,/AF-Q12906-F1-model_v1,43.027252197265625,0.0
3284,535.0,all,89.9,Q12906,10.39,0.0,/AF-Q12906-F1-model_v1,38.4698486328125,0.0
3285,540.0,all,88.7,Q12906,11.51,0.0,/AF-Q12906-F1-model_v1,80.5588150024414,0.0
3286,553.0,all,86.4,Q12906,11.46,0.0,/AF-Q12906-F1-model_v1,48.92506790161133,0.0
3287,565.0,all,94.82,Q12906,12.71,0.0,/AF-Q12906-F1-model_v1,48.12082290649414,0.0
3288,573.0,all,92.89,Q12906,11.21,0.0,/AF-Q12906-F1-model_v1,50.26548385620117,0.0
3289,574.0,all,93.52,Q12906,10.43,0.0,/AF-Q12906-F1-model_v1,90.47786712646484,0.0
3290,577.0,all,96.18,Q12906,9.85,0.0,/AF-Q12906-F1-model_v1,49.997398376464844,0.0
3291,587.0,all,89.69,Q12906,10.23,0.0,/AF-Q12906-F1-model_v1,61.39091110229492,0.0
3292,56.0,all,0.0,P62805,10.55,0.3541186241925153,/4H9N-alt1B_assembled/4H9N-alt1A_assembled/7K63-alt-1_assembled,40.983123779296875,31.535783767700195
3293,64.0,all,0.0,P62805,9.177499999999998,1.2153566006183811,/4H9N-alt1B_assembled/4H9N-alt1A_assembled/7K63-alt-1_assembled,30.3603515625,11.73684310913086
3294,79.0,all,0.0,P62805,9.835714285714287,1.56632113717523,/4H9N-alt1B_assembled/4H9N-alt1A_assembled/7K63-alt-1_assembled,36.09540557861328,19.057716369628906
3295,122.0,all,0.0,P62805,10.375,1.3177885515767185,/4H9N-alt1B_assembled/4H9N-alt1A_assembled/7K63-alt-1_assembled,43.99905014038086,7.110823154449463
3296,31.0,all,0.0,P62805,8.88,1.4682642813880615,/4H9N-alt1B_assembled/4H9N-alt1A_assembled/7K63-alt-1_assembled,55.727664947509766,18.377960205078125
3297,44.0,all,0.0,P62805,9.672,0.6551869962079531,/4H9N-alt1B_assembled/4H9N-alt1A_assembled/7K63-alt-1_assembled,31.36566162109375,8.942172050476074
3298,59.0,all,0.0,P62805,11.132499999999999,0.4611850676969784,/4H9N-alt1B_assembled/4H9N-alt1A_assembled/7K63-alt-1_assembled,37.833152770996094,8.118355751037598
3299,77.0,all,0.0,P62805,10.07,0.4196029869610874,/4H9N-alt1B_assembled/4H9N-alt1A_assembled/7K63-alt-1_assembled,65.34513092041016,19.044715881347656
3300,91.0,all,0.0,P62805,11.677499999999998,1.4048101888392848,/4H9N-alt1B_assembled/4H9N-alt1A_assembled/7K63-alt-1_assembled,27.21038055419922,5.890704154968262
3301,208.0,all,0.0,P62805,10.36,0.028284271247462554,/4H9N-alt1B_assembled/4H9N-alt1A_assembled,62.32919692993164,0.0
3302,229.0,all,0.0,P62805,11.09,0.0,/4H9N-alt1B_assembled/4H9N-alt1A_assembled,15.01262378692627,0.0
3303,231.0,all,0.0,P62805,9.73,0.0,/4H9N-alt1B_assembled/4H9N-alt1A_assembled,40.61450958251953,0.0
3304,243.0,all,0.0,P62805,10.55,0.0,/4H9N-alt1B_assembled/4H9N-alt1A_assembled,48.3889045715332,0.0
3305,277.0,all,0.0,P62805,9.83,0.0,/4H9N-alt1B_assembled/4H9N-alt1A_assembled,74.5269546508789,0.0
3306,295.0,all,0.0,P62805,9.92,0.0,/4H9N-alt1B_assembled/4H9N-alt1A_assembled,87.26087951660156,0.0
3307,378.0,all,0.0,P62805,10.24,0.0,/4H9N-alt1B_assembled/4H9N-alt1A_assembled,59.38029098510742,0.0
3308,385.0,all,0.0,P62805,10.43,0.0,/4H9N-alt1B_assembled/4H9N-alt1A_assembled,74.79503631591797,0.0
3309,37.0,all,0.0,P62805,11.530000000000001,0.05656854249492385,/7K63-alt-1_assembled,49.39421463012695,0.09478118270635605
3310,115.0,all,0.0,P62805,8.835,0.8414570696119912,/7K63-alt-1_assembled,48.32188415527344,7.108613014221191
3311,20.0,all,0.0,P62805,10.690000000000001,0.1555634918610409,/7K63-alt-1_assembled,80.9609375,3.980820417404175
3312,13.0,all,0.0,P62805,10.629999999999999,0.0424264068711932,/7K63-alt-1_assembled,61.59197235107422,12.795499801635742
3313,15.0,all,0.0,P62805,10.15,0.2687005768508874,/7K63-alt-1_assembled,52.41014099121094,8.90946102142334
3314,36.0,all,0.0,P62805,9.23,1.1313708498984758,/7K63-alt-1_assembled,63.06642532348633,15.828511238098145
3315,74.0,all,0.0,P62805,10.413333333333334,0.140118997046558,/7K63-alt-1_assembled,55.85053634643555,10.439167976379395
3316,75.0,all,0.0,P62805,10.736666666666666,0.29501412395567267,/7K63-alt-1_assembled,35.20817565917969,15.681303024291992
3317,95.0,all,0.0,P62805,9.16,0.028284271247461298,/7K63-alt-1_assembled,54.018638610839844,2.085191249847412
3318,118.0,all,0.0,P62805,10.476666666666667,0.11372481406154682,/7K63-alt-1_assembled,85.20557403564453,3.569964647293091
3319,30.0,all,0.0,P62805,10.7,0.014142135623731905,/7K63-alt-1_assembled,71.91314697265625,1.9904155731201172
3320,34.0,all,0.0,P62805,10.905000000000001,0.5868986283848344,/7K63-alt-1_assembled,66.28341674804688,12.416375160217285
3321,43.0,all,0.0,P62805,10.17,0.1979898987322341,/7K63-alt-1_assembled,38.53687286376953,2.369537591934204
3322,46.0,all,0.0,P62805,10.103333333333333,0.367468819538928,/7K63-alt-1_assembled,41.374080657958984,19.981746673583984
3323,57.0,all,0.0,P62805,10.04,0.2330236039546213,/7K63-alt-1_assembled,51.96333694458008,13.06220531463623
3324,85.0,all,0.0,P62805,10.006666666666666,0.4759551799627073,/7K63-alt-1_assembled,62.9994010925293,9.81983757019043
3325,108.0,all,0.0,P62805,8.465,3.3728993462598313,/7K63-alt-1_assembled,30.226308822631836,35.92218780517578
3326,120.0,all,0.0,P62805,10.195,0.07778174593051983,/7K63-alt-1_assembled,50.39952087402344,4.359947681427002
3327,116.0,all,0.0,P62805,10.575,0.7424621202458742,/7K63-alt-1_assembled,54.152679443359375,10.23640251159668
3328,35.0,all,0.0,P62805,10.54,0.0,/7K63-alt-1_assembled,69.1653060913086,0.0
3329,39.0,all,0.0,P62805,10.16,0.0,/7K63-alt-1_assembled,45.171913146972656,0.0
3330,40.0,all,0.0,P62805,4.08,0.0,/7K63-alt-1_assembled,8.578641891479492,0.0
3331,41.0,all,0.0,P62805,9.67,0.0,/7K63-alt-1_assembled,43.69746017456055,0.0
3332,50.0,all,0.0,P62805,6.49,0.0,/7K63-alt-1_assembled,17.157283782958984,0.0
3333,52.0,all,0.0,P62805,4.41,0.0,/7K63-alt-1_assembled,0.26808255910873413,0.0
3334,86.0,all,0.0,P62805,8.16,0.0,/7K63-alt-1_assembled,3.082949638366699,0.0
3335,100.0,all,0.0,P62805,7.59,0.0,/7K63-alt-1_assembled,22.652976989746094,0.0
3336,104.0,all,0.0,P62805,-2.57,0.0,/7K63-alt-1_assembled,1.3404128551483154,0.0
3337,125.0,all,0.0,P62805,10.0,0.0,/7K63-alt-1_assembled,65.54618835449219,0.0
3338,129.0,all,0.0,P62805,9.1,0.0,/7K63-alt-1_assembled,26.942298889160156,0.0
3339,130.0,all,0.0,P62805,10.4,0.0,/7K63-alt-1_assembled,77.07373809814453,0.0
3340,137.0,all,0.0,P62805,10.37,0.0,/7K63-alt-1_assembled,69.70146942138672,0.0
3341,139.0,all,0.0,P62805,10.2,0.0,/7K63-alt-1_assembled,60.720703125,0.0
3342,141.0,all,0.0,P62805,9.77,0.0,/7K63-alt-1_assembled,41.28471755981445,0.0
3343,142.0,all,0.0,P62805,7.79,0.0,/7K63-alt-1_assembled,15.816871643066406,0.0
3344,147.0,all,0.0,P62805,9.68,0.0,/7K63-alt-1_assembled,69.43338775634766,0.0
3345,149.0,all,0.0,P62805,10.66,0.0,/7K63-alt-1_assembled,8.71268367767334,0.0
3346,150.0,all,0.0,P62805,3.62,0.0,/7K63-alt-1_assembled,0.13404127955436707,0.0
3347,156.0,all,0.0,P62805,6.08,0.0,/7K63-alt-1_assembled,15.816871643066406,0.0
3348,157.0,all,0.0,P62805,1.17,0.0,/7K63-alt-1_assembled,13.404129028320312,0.0
3349,159.0,all,0.0,P62805,4.12,0.0,/7K63-alt-1_assembled,7.640353202819824,0.0
3350,160.0,all,0.0,P62805,9.46,0.0,/7K63-alt-1_assembled,26.54017448425293,0.0
3351,168.0,all,0.0,P62805,8.96,0.0,/7K63-alt-1_assembled,35.923065185546875,0.0
3352,169.0,all,0.0,P62805,7.79,0.0,/7K63-alt-1_assembled,11.92967414855957,0.0
3353,172.0,all,0.0,P62805,8.54,0.0,/7K63-alt-1_assembled,19.57002830505371,0.0
3354,173.0,all,0.0,P62805,4.88,0.0,/7K63-alt-1_assembled,6.031857967376709,0.0
3355,176.0,all,0.0,P62805,7.94,0.0,/7K63-alt-1_assembled,19.43598747253418,0.0
3356,177.0,all,0.0,P62805,9.82,0.0,/7K63-alt-1_assembled,62.59728240966797,0.0
3357,179.0,all,0.0,P62805,9.63,0.0,/7K63-alt-1_assembled,25.19976234436035,0.0
3358,180.0,all,0.0,P62805,10.35,0.0,/7K63-alt-1_assembled,65.01002502441406,0.0
3359,188.0,all,0.0,P62805,8.84,0.0,/7K63-alt-1_assembled,34.18052673339844,0.0
3360,189.0,all,0.0,P62805,6.95,0.0,/7K63-alt-1_assembled,4.6914448738098145,0.0
3361,191.0,all,0.0,P62805,2.58,0.0,/7K63-alt-1_assembled,0.0,0.0
3362,194.0,all,0.0,P62805,10.27,0.0,/7K63-alt-1_assembled,41.82088088989258,0.0
3363,195.0,all,0.0,P62805,9.61,0.0,/7K63-alt-1_assembled,72.65037536621094,0.0
3364,197.0,all,0.0,P62805,10.28,0.0,/7K63-alt-1_assembled,74.9290771484375,0.0
3365,200.0,all,0.0,P62805,-2.6,0.0,/7K63-alt-1_assembled,0.26808255910873413,0.0
3366,202.0,all,0.0,P62805,4.11,0.0,/7K63-alt-1_assembled,9.785014152526855,0.0
3367,203.0,all,0.0,P62805,8.84,0.0,/7K63-alt-1_assembled,29.086959838867188,0.0
3368,206.0,all,0.0,P62805,10.17,0.0,/7K63-alt-1_assembled,71.84613037109375,0.0
3369,210.0,all,0.0,P62805,10.29,0.0,/7K63-alt-1_assembled,86.32258605957031,0.0
3370,212.0,all,0.0,P62805,10.46,0.0,/7K63-alt-1_assembled,50.13144302368164,0.0
3371,215.0,all,0.0,P62805,6.71,0.0,/7K63-alt-1_assembled,24.3955135345459,0.0
3372,217.0,all,0.0,P62805,0.59,0.0,/7K63-alt-1_assembled,0.26808255910873413,0.0
3373,220.0,all,0.0,P62805,6.55,0.0,/7K63-alt-1_assembled,9.11480712890625,0.0
3374,222.0,all,0.0,P62805,4.89,0.0,/7K63-alt-1_assembled,7.238229274749756,0.0
3375,225.0,all,0.0,P62805,5.46,0.0,/7K63-alt-1_assembled,7.640353202819824,0.0
3376,227.0,all,0.0,P62805,5.32,0.0,/7K63-alt-1_assembled,0.0,0.0
3377,230.0,all,0.0,P62805,2.02,0.0,/7K63-alt-1_assembled,0.5361651182174683,0.0
3378,232.0,all,0.0,P62805,9.82,0.0,/7K63-alt-1_assembled,36.459228515625,0.0
3379,233.0,all,0.0,P62805,8.52,0.0,/7K63-alt-1_assembled,19.43598747253418,0.0
3380,237.0,all,0.0,P62805,10.31,0.0,/7K63-alt-1_assembled,63.669612884521484,0.0
3381,238.0,all,0.0,P62805,10.24,0.0,/7K63-alt-1_assembled,23.72530746459961,0.0
3382,239.0,all,0.0,P62805,10.44,0.0,/7K63-alt-1_assembled,79.48648071289062,0.0
3383,68.0,all,0.0,P62805,9.6,0.0,/7K63-alt-1_assembled,15.816871643066406,0.0
3384,89.0,all,0.0,P62805,10.97,0.0,/7K63-alt-1_assembled,30.963537216186523,0.0
3385,93.0,all,0.0,P62805,10.18,0.0,/7K63-alt-1_assembled,59.38029098510742,0.0
3386,105.0,all,0.0,P62805,11.25,0.0,/7K63-alt-1_assembled,40.74855041503906,0.0
3387,114.0,all,0.0,P62805,10.53,0.0,/7K63-alt-1_assembled,28.148670196533203,0.0
3388,59.0,all,73.95,P54886,10.48,0.0,/AF-P54886-F1-model_v1,97.44801330566406,0.0
3389,68.0,all,91.82,P54886,10.32,0.0,/AF-P54886-F1-model_v1,74.25887298583984,0.0
3390,71.0,all,94.37,P54886,10.19,0.0,/AF-P54886-F1-model_v1,79.75456237792969,0.0
3391,76.0,all,95.06,P54886,10.54,0.0,/AF-P54886-F1-model_v1,10.723302841186523,0.0
3392,124.0,all,83.02,P54886,10.33,0.0,/AF-P54886-F1-model_v1,68.89722442626953,0.0
3393,199.0,all,89.86,P54886,10.72,0.0,/AF-P54886-F1-model_v1,54.95692825317383,0.0
3394,258.0,all,91.72,P54886,10.34,0.0,/AF-P54886-F1-model_v1,91.28211975097656,0.0
3395,282.0,all,73.06,P54886,11.67,0.0,/AF-P54886-F1-model_v1,54.018638610839844,0.0
3396,311.0,all,86.53,P54886,9.81,0.0,/AF-P54886-F1-model_v1,23.323183059692383,0.0
3397,313.0,all,86.99,P54886,11.36,0.0,/AF-P54886-F1-model_v1,68.62913513183594,0.0
3398,347.0,all,85.08,P54886,12.73,0.0,/AF-P54886-F1-model_v1,58.7100830078125,0.0
3399,348.0,all,83.01,P54886,12.33,0.0,/AF-P54886-F1-model_v1,31.36566162109375,0.0
3400,357.0,all,75.98,P54886,11.24,0.0,/AF-P54886-F1-model_v1,66.7525634765625,0.0
3401,408.0,all,97.24,P54886,10.64,0.0,/AF-P54886-F1-model_v1,80.02265167236328,0.0
3402,409.0,all,97.13,P54886,10.35,0.0,/AF-P54886-F1-model_v1,81.49710083007812,0.0
3403,424.0,all,85.42,P54886,10.55,0.0,/AF-P54886-F1-model_v1,97.44801330566406,0.0
3404,432.0,all,91.19,P54886,10.75,0.0,/AF-P54886-F1-model_v1,43.429378509521484,0.0
3405,462.0,all,96.53,P54886,10.43,0.0,/AF-P54886-F1-model_v1,80.29073333740234,0.0
3406,504.0,all,94.11,P54886,8.78,0.0,/AF-P54886-F1-model_v1,19.167903900146484,0.0
3407,507.0,all,89.2,P54886,10.14,0.0,/AF-P54886-F1-model_v1,92.48848724365234,0.0
3408,530.0,all,95.65,P54886,10.34,0.0,/AF-P54886-F1-model_v1,75.19715881347656,0.0
3409,550.0,all,86.77,P54886,10.61,0.0,/AF-P54886-F1-model_v1,106.9649429321289,0.0
3410,569.0,all,89.88,P54886,10.45,0.0,/AF-P54886-F1-model_v1,100.66500854492188,0.0
3411,572.0,all,85.41,P54886,10.41,0.0,/AF-P54886-F1-model_v1,112.86276245117188,0.0
3412,596.0,all,95.6,P54886,11.24,0.0,/AF-P54886-F1-model_v1,42.62512969970703,0.0
3413,605.0,all,98.18,P54886,9.87,0.0,/AF-P54886-F1-model_v1,10.723302841186523,0.0
3414,643.0,all,95.64,P54886,11.37,0.0,/AF-P54886-F1-model_v1,60.720703125,0.0
3415,649.0,all,93.17,P54886,12.24,0.0,/AF-P54886-F1-model_v1,32.97415542602539,0.0
3416,662.0,all,84.51,P54886,10.42,0.0,/AF-P54886-F1-model_v1,107.76919555664062,0.0
3417,690.0,all,98.11,P54886,11.08,0.0,/AF-P54886-F1-model_v1,66.61852264404297,0.0
3418,761.0,all,98.27,P54886,10.28,0.0,/AF-P54886-F1-model_v1,69.1653060913086,0.0
3419,767.0,all,96.47,P54886,10.4,0.0,/AF-P54886-F1-model_v1,76.40353393554688,0.0
3420,781.0,all,96.06,P54886,10.44,0.0,/AF-P54886-F1-model_v1,83.10559844970703,0.0
3421,5.0,all,82.58,P68104,11.33,0.0,/AF-P68104-F1-model_v1,31.633743286132812,0.0
3422,20.0,all,91.91,P68104,8.75,0.0,/AF-P68104-F1-model_v1,11.92967414855957,0.0
3423,30.0,all,82.95,P68104,10.53,0.0,/AF-P68104-F1-model_v1,67.55680847167969,0.0
3424,36.0,all,79.82,P68104,10.82,0.0,/AF-P68104-F1-model_v1,76.5375747680664,0.0
3425,41.0,all,82.67,P68104,10.56,0.0,/AF-P68104-F1-model_v1,74.9290771484375,0.0
3426,44.0,all,80.49,P68104,10.56,0.0,/AF-P68104-F1-model_v1,85.51834106445312,0.0
3427,55.0,all,76.4,P68104,11.58,0.0,/AF-P68104-F1-model_v1,31.097578048706055,0.0
3428,62.0,all,74.71,P68104,9.99,0.0,/AF-P68104-F1-model_v1,84.5800552368164,0.0
3429,64.0,all,74.75,P68104,10.71,0.0,/AF-P68104-F1-model_v1,87.52896118164062,0.0
3430,79.0,all,82.29,P68104,10.25,0.0,/AF-P68104-F1-model_v1,28.014629364013672,0.0
3431,84.0,all,85.99,P68104,10.5,0.0,/AF-P68104-F1-model_v1,70.23763275146484,0.0
3432,100.0,all,72.88,P68104,10.1,0.0,/AF-P68104-F1-model_v1,86.32258605957031,0.0
3433,129.0,all,82.03,P68104,10.39,0.0,/AF-P68104-F1-model_v1,111.92447662353516,0.0
3434,146.0,all,87.84,P68104,9.81,0.0,/AF-P68104-F1-model_v1,99.32459259033203,0.0
3435,154.0,all,96.29,P68104,10.58,0.0,/AF-P68104-F1-model_v1,32.70607376098633,0.0
3436,165.0,all,97.08,P68104,10.51,0.0,/AF-P68104-F1-model_v1,92.08636474609375,0.0
3437,172.0,all,97.24,P68104,10.54,0.0,/AF-P68104-F1-model_v1,99.05651092529297,0.0
3438,179.0,all,94.67,P68104,10.49,0.0,/AF-P68104-F1-model_v1,91.01403045654297,0.0
3439,180.0,all,89.62,P68104,10.29,0.0,/AF-P68104-F1-model_v1,84.44600677490234,0.0
3440,212.0,all,94.53,P68104,10.27,0.0,/AF-P68104-F1-model_v1,76.5375747680664,0.0
3441,215.0,all,95.22,P68104,10.4,0.0,/AF-P68104-F1-model_v1,92.22040557861328,0.0
3442,219.0,all,83.43,P68104,10.52,0.0,/AF-P68104-F1-model_v1,106.69686126708984,0.0
3443,244.0,all,91.07,P68104,10.22,0.0,/AF-P68104-F1-model_v1,42.893211364746094,0.0
3444,255.0,all,89.92,P68104,10.41,0.0,/AF-P68104-F1-model_v1,99.1905517578125,0.0
3445,273.0,all,95.45,P68104,11.42,0.0,/AF-P68104-F1-model_v1,51.87397766113281,0.0
3446,290.0,all,94.66,P68104,11.25,0.0,/AF-P68104-F1-model_v1,31.49970245361328,0.0
3447,313.0,all,85.78,P68104,10.03,0.0,/AF-P68104-F1-model_v1,61.122825622558594,0.0
3448,318.0,all,90.88,P68104,10.47,0.0,/AF-P68104-F1-model_v1,97.179931640625,0.0
3449,330.0,all,89.79,P68104,10.3,0.0,/AF-P68104-F1-model_v1,69.43338775634766,0.0
3450,371.0,all,97.65,P68104,10.34,0.0,/AF-P68104-F1-model_v1,89.27149963378906,0.0
3451,376.0,all,96.39,P68104,11.67,0.0,/AF-P68104-F1-model_v1,46.914451599121094,0.0
3452,378.0,all,95.12,P68104,11.27,0.0,/AF-P68104-F1-model_v1,32.1699104309082,0.0
3453,385.0,all,84.66,P68104,10.45,0.0,/AF-P68104-F1-model_v1,93.96294403076172,0.0
3454,386.0,all,92.15,P68104,12.47,0.0,/AF-P68104-F1-model_v1,42.08896255493164,0.0
3455,392.0,all,95.42,P68104,10.48,0.0,/AF-P68104-F1-model_v1,98.25226593017578,0.0
3456,395.0,all,93.34,P68104,10.39,0.0,/AF-P68104-F1-model_v1,76.13545227050781,0.0
3457,408.0,all,94.9,P68104,10.31,0.0,/AF-P68104-F1-model_v1,95.70547485351562,0.0
3458,439.0,all,94.2,P68104,9.96,0.0,/AF-P68104-F1-model_v1,73.72270965576172,0.0
3459,443.0,all,92.92,P68104,11.15,0.0,/AF-P68104-F1-model_v1,36.19114685058594,0.0
3460,444.0,all,89.25,P68104,11.41,0.0,/AF-P68104-F1-model_v1,58.57604217529297,0.0
3461,450.0,all,84.69,P68104,11.35,0.0,/AF-P68104-F1-model_v1,63.267486572265625,0.0
3462,453.0,all,85.01,P68104,10.45,0.0,/AF-P68104-F1-model_v1,94.09698486328125,0.0
3463,457.0,all,82.73,P68104,10.4,0.0,/AF-P68104-F1-model_v1,90.47786712646484,0.0
3464,460.0,all,78.05,P68104,10.42,0.0,/AF-P68104-F1-model_v1,86.85875701904297,0.0
3465,5.0,all,86.13,Q05639,11.31,0.0,/AF-Q05639-F1-model_v1,29.623125076293945,0.0
3466,20.0,all,92.32,Q05639,8.67,0.0,/AF-Q05639-F1-model_v1,11.259468078613281,0.0
3467,30.0,all,83.26,Q05639,10.07,0.0,/AF-Q05639-F1-model_v1,49.997398376464844,0.0
3468,36.0,all,81.71,Q05639,10.97,0.0,/AF-Q05639-F1-model_v1,79.08435821533203,0.0
3469,41.0,all,84.62,Q05639,10.6,0.0,/AF-Q05639-F1-model_v1,78.5481948852539,0.0
3470,44.0,all,82.54,Q05639,10.67,0.0,/AF-Q05639-F1-model_v1,78.9503173828125,0.0
3471,55.0,all,80.31,Q05639,11.42,0.0,/AF-Q05639-F1-model_v1,31.633743286132812,0.0
3472,62.0,all,73.58,Q05639,10.01,0.0,/AF-Q05639-F1-model_v1,92.35444641113281,0.0
3473,64.0,all,71.34,Q05639,10.89,0.0,/AF-Q05639-F1-model_v1,88.06512451171875,0.0
3474,79.0,all,81.13,Q05639,10.63,0.0,/AF-Q05639-F1-model_v1,37.12943649291992,0.0
3475,84.0,all,89.19,Q05639,10.35,0.0,/AF-Q05639-F1-model_v1,77.20777893066406,0.0
3476,100.0,all,71.34,Q05639,9.45,0.0,/AF-Q05639-F1-model_v1,78.81627655029297,0.0
3477,129.0,all,81.52,Q05639,10.39,0.0,/AF-Q05639-F1-model_v1,105.6245346069336,0.0
3478,146.0,all,89.62,Q05639,9.84,0.0,/AF-Q05639-F1-model_v1,101.6032943725586,0.0
3479,154.0,all,96.5,Q05639,10.62,0.0,/AF-Q05639-F1-model_v1,30.829496383666992,0.0
3480,165.0,all,97.58,Q05639,10.51,0.0,/AF-Q05639-F1-model_v1,98.7884292602539,0.0
3481,172.0,all,97.51,Q05639,10.48,0.0,/AF-Q05639-F1-model_v1,99.05651092529297,0.0
3482,179.0,all,95.04,Q05639,10.39,0.0,/AF-Q05639-F1-model_v1,90.61190795898438,0.0
3483,180.0,all,89.98,Q05639,10.25,0.0,/AF-Q05639-F1-model_v1,89.67362213134766,0.0
3484,212.0,all,95.36,Q05639,10.32,0.0,/AF-Q05639-F1-model_v1,77.74394989013672,0.0
3485,215.0,all,96.05,Q05639,10.45,0.0,/AF-Q05639-F1-model_v1,95.83952331542969,0.0
3486,219.0,all,89.71,Q05639,10.54,0.0,/AF-Q05639-F1-model_v1,98.11822509765625,0.0
3487,244.0,all,91.33,Q05639,10.14,0.0,/AF-Q05639-F1-model_v1,52.008018493652344,0.0
3488,255.0,all,88.64,Q05639,10.41,0.0,/AF-Q05639-F1-model_v1,105.222412109375,0.0
3489,290.0,all,94.65,Q05639,11.22,0.0,/AF-Q05639-F1-model_v1,34.98477554321289,0.0
3490,313.0,all,86.67,Q05639,10.15,0.0,/AF-Q05639-F1-model_v1,71.04188537597656,0.0
3491,318.0,all,92.68,Q05639,10.48,0.0,/AF-Q05639-F1-model_v1,93.69486236572266,0.0
3492,330.0,all,90.9,Q05639,10.36,0.0,/AF-Q05639-F1-model_v1,86.59066772460938,0.0
3493,371.0,all,97.69,Q05639,10.35,0.0,/AF-Q05639-F1-model_v1,75.06311798095703,0.0
3494,376.0,all,95.98,Q05639,11.49,0.0,/AF-Q05639-F1-model_v1,31.633743286132812,0.0
3495,378.0,all,95.24,Q05639,11.31,0.0,/AF-Q05639-F1-model_v1,42.62512969970703,0.0
3496,385.0,all,85.06,Q05639,10.45,0.0,/AF-Q05639-F1-model_v1,86.72471618652344,0.0
3497,386.0,all,92.47,Q05639,12.49,0.0,/AF-Q05639-F1-model_v1,41.28471755981445,0.0
3498,392.0,all,94.66,Q05639,10.49,0.0,/AF-Q05639-F1-model_v1,109.77981567382812,0.0
3499,395.0,all,93.52,Q05639,10.41,0.0,/AF-Q05639-F1-model_v1,75.73332977294922,0.0
3500,408.0,all,94.9,Q05639,10.28,0.0,/AF-Q05639-F1-model_v1,96.10760498046875,0.0
3501,439.0,all,93.06,Q05639,9.92,0.0,/AF-Q05639-F1-model_v1,64.87598419189453,0.0
3502,443.0,all,93.37,Q05639,11.04,0.0,/AF-Q05639-F1-model_v1,31.901826858520508,0.0
3503,444.0,all,89.95,Q05639,11.39,0.0,/AF-Q05639-F1-model_v1,53.48247146606445,0.0
3504,450.0,all,87.01,Q05639,10.77,0.0,/AF-Q05639-F1-model_v1,66.21639251708984,0.0
3505,453.0,all,86.88,Q05639,10.44,0.0,/AF-Q05639-F1-model_v1,94.23102569580078,0.0
3506,457.0,all,85.09,Q05639,10.38,0.0,/AF-Q05639-F1-model_v1,91.68424224853516,0.0
3507,460.0,all,80.4,Q05639,10.41,0.0,/AF-Q05639-F1-model_v1,88.19916534423828,0.0
3508,282.0,all,19.158,P08670,10.624,0.32191613814781,/3KLT-alt-1_assembled/AF-P08670-F1-model_v1,68.25382232666016,8.207989692687988
3509,292.0,all,19.332,P08670,10.59,0.17790446874657168,/3KLT-alt-1_assembled/AF-P08670-F1-model_v1,68.49510192871094,4.764596939086914
3510,294.0,all,19.332,P08670,10.346,0.04505552130427546,/3KLT-alt-1_assembled/AF-P08670-F1-model_v1,33.34947204589844,23.848127365112305
3511,313.0,all,19.038,P08670,10.412,0.15706686474237658,/3KLT-alt-1_assembled/AF-P08670-F1-model_v1,65.5193862915039,11.817471504211426
3512,334.0,all,22.9825,P08670,10.3475,0.25798901785411976,/3KLT-alt-1_assembled/AF-P08670-F1-model_v1,57.50371170043945,17.416427612304688
3513,97.0,all,82.39,P08670,10.31,0.0,/AF-P08670-F1-model_v1,66.48448181152344,0.0
3514,104.0,all,89.75,P08670,10.42,0.0,/AF-P08670-F1-model_v1,84.5800552368164,0.0
3515,120.0,all,95.5,P08670,10.29,0.0,/AF-P08670-F1-model_v1,62.86536407470703,0.0
3516,129.0,all,96.41,P08670,10.54,0.0,/AF-P08670-F1-model_v1,81.3630599975586,0.0
3517,139.0,all,78.72,P08670,10.35,0.0,/AF-P08670-F1-model_v1,68.89722442626953,0.0
3518,143.0,all,70.51,P08670,10.32,0.0,/AF-P08670-F1-model_v1,73.45462799072266,0.0
3519,168.0,all,95.18,P08670,10.82,0.0,/AF-P08670-F1-model_v1,80.15669250488281,0.0
3520,188.0,all,90.85,P08670,10.43,0.0,/AF-P08670-F1-model_v1,121.0392837524414,0.0
3521,223.0,all,97.56,P08670,10.37,0.0,/AF-P08670-F1-model_v1,79.3524398803711,0.0
3522,235.0,all,96.26,P08670,10.38,0.0,/AF-P08670-F1-model_v1,76.80565643310547,0.0
3523,236.0,all,97.05,P08670,10.41,0.0,/AF-P08670-F1-model_v1,83.23963928222656,0.0
3524,373.0,all,97.86,P08670,10.34,0.0,/AF-P08670-F1-model_v1,77.47586059570312,0.0
3525,390.0,all,97.58,P08670,11.39,0.0,/AF-P08670-F1-model_v1,68.4950942993164,0.0
3526,402.0,all,92.54,P08670,10.56,0.0,/AF-P08670-F1-model_v1,79.62052154541016,0.0
3527,445.0,all,76.97,P08670,11.13,0.0,/AF-P08670-F1-model_v1,50.533565521240234,0.0
3528,36.0,all,90.99,P08238,10.46,0.0,/AF-P08238-F1-model_v1,54.152679443359375,0.0
3529,53.0,all,91.33,P08238,8.84,0.0,/AF-P08238-F1-model_v1,15.816871643066406,0.0
3530,64.0,all,90.94,P08238,11.32,0.0,/AF-P08238-F1-model_v1,23.591266632080078,0.0
3531,69.0,all,90.57,P08238,10.58,0.0,/AF-P08238-F1-model_v1,88.06512451171875,0.0
3532,72.0,all,96.42,P08238,12.06,0.0,/AF-P08238-F1-model_v1,32.1699104309082,0.0
3533,95.0,all,95.18,P08238,10.41,0.0,/AF-P08238-F1-model_v1,57.771793365478516,0.0
3534,107.0,all,79.49,P08238,10.21,0.0,/AF-P08238-F1-model_v1,44.3676643371582,0.0
3535,111.0,all,81.55,P08238,10.63,0.0,/AF-P08238-F1-model_v1,57.90583419799805,0.0
3536,142.0,all,96.25,P08238,11.23,0.0,/AF-P08238-F1-model_v1,37.397518157958984,0.0
3537,148.0,all,97.07,P08238,9.91,0.0,/AF-P08238-F1-model_v1,26.54017448425293,0.0
3538,180.0,all,97.62,P08238,10.07,0.0,/AF-P08238-F1-model_v1,55.89521789550781,0.0
3539,186.0,all,95.73,P08238,9.33,0.0,/AF-P08238-F1-model_v1,38.60388946533203,0.0
3540,199.0,all,94.37,P08238,12.27,0.0,/AF-P08238-F1-model_v1,28.818876266479492,0.0
3541,203.0,all,89.53,P08238,10.07,0.0,/AF-P08238-F1-model_v1,75.3311996459961,0.0
3542,204.0,all,86.51,P08238,11.16,0.0,/AF-P08238-F1-model_v1,60.05049514770508,0.0
3543,219.0,all,84.16,P08238,11.88,0.0,/AF-P08238-F1-model_v1,42.4910888671875,0.0
3544,223.0,all,77.42,P08238,10.77,0.0,/AF-P08238-F1-model_v1,71.1759262084961,0.0
3545,273.0,all,74.58,P08238,11.5,0.0,/AF-P08238-F1-model_v1,73.32058715820312,0.0
3546,275.0,all,81.67,P08238,11.64,0.0,/AF-P08238-F1-model_v1,47.048492431640625,0.0
3547,284.0,all,84.55,P08238,10.58,0.0,/AF-P08238-F1-model_v1,76.939697265625,0.0
3548,286.0,all,85.68,P08238,10.36,0.0,/AF-P08238-F1-model_v1,107.09899139404297,0.0
3549,306.0,all,92.9,P08238,11.33,0.0,/AF-P08238-F1-model_v1,45.171913146972656,0.0
3550,319.0,all,97.33,P08238,10.72,0.0,/AF-P08238-F1-model_v1,24.797637939453125,0.0
3551,349.0,all,71.61,P08238,9.4,0.0,/AF-P08238-F1-model_v1,38.20176696777344,0.0
3552,350.0,all,72.89,P08238,11.6,0.0,/AF-P08238-F1-model_v1,90.61190795898438,0.0
3553,354.0,all,91.17,P08238,8.98,0.0,/AF-P08238-F1-model_v1,40.48046875,0.0
3554,399.0,all,83.57,P08238,10.45,0.0,/AF-P08238-F1-model_v1,110.31597900390625,0.0
3555,402.0,all,88.43,P08238,10.44,0.0,/AF-P08238-F1-model_v1,97.85013580322266,0.0
3556,406.0,all,94.04,P08238,10.39,0.0,/AF-P08238-F1-model_v1,104.15007781982422,0.0
3557,410.0,all,96.86,P08238,10.28,0.0,/AF-P08238-F1-model_v1,72.24825286865234,0.0
3558,411.0,all,97.44,P08238,11.27,0.0,/AF-P08238-F1-model_v1,44.501708984375,0.0
3559,423.0,all,91.93,P08238,10.74,0.0,/AF-P08238-F1-model_v1,111.52235412597656,0.0
3560,427.0,all,95.47,P08238,10.68,0.0,/AF-P08238-F1-model_v1,80.29073333740234,0.0
3561,428.0,all,95.87,P08238,11.35,0.0,/AF-P08238-F1-model_v1,66.7525634765625,0.0
3562,435.0,all,96.14,P08238,10.37,0.0,/AF-P08238-F1-model_v1,99.72671508789062,0.0
3563,438.0,all,97.88,P08238,13.33,0.0,/AF-P08238-F1-model_v1,4.557403564453125,0.0
3564,477.0,all,93.06,P08238,9.94,0.0,/AF-P08238-F1-model_v1,47.31657409667969,0.0
3565,481.0,all,92.33,P08238,10.48,0.0,/AF-P08238-F1-model_v1,95.97356414794922,0.0
3566,491.0,all,94.18,P08238,10.77,0.0,/AF-P08238-F1-model_v1,38.87197494506836,0.0
3567,505.0,all,93.68,P08238,10.23,0.0,/AF-P08238-F1-model_v1,67.95893096923828,0.0
3568,526.0,all,91.59,P08238,10.4,0.0,/AF-P08238-F1-model_v1,88.33320617675781,0.0
3569,531.0,all,95.5,P08238,10.23,0.0,/AF-P08238-F1-model_v1,43.161293029785156,0.0
3570,538.0,all,93.17,P08238,9.24,0.0,/AF-P08238-F1-model_v1,27.88058853149414,0.0
3571,550.0,all,88.99,P08238,11.63,0.0,/AF-P08238-F1-model_v1,46.3782844543457,0.0
3572,551.0,all,92.28,P08238,10.43,0.0,/AF-P08238-F1-model_v1,72.24825286865234,0.0
3573,552.0,all,91.88,P08238,11.24,0.0,/AF-P08238-F1-model_v1,58.173919677734375,0.0
3574,557.0,all,94.39,P08238,10.33,0.0,/AF-P08238-F1-model_v1,63.267486572265625,0.0
3575,559.0,all,95.47,P08238,11.03,0.0,/AF-P08238-F1-model_v1,45.30595397949219,0.0
3576,565.0,all,95.68,P08238,11.5,0.0,/AF-P08238-F1-model_v1,66.08235168457031,0.0
3577,568.0,all,95.82,P08238,10.23,0.0,/AF-P08238-F1-model_v1,33.64436340332031,0.0
3578,573.0,all,89.86,P08238,10.64,0.0,/AF-P08238-F1-model_v1,80.69285583496094,0.0
3579,574.0,all,88.9,P08238,10.27,0.0,/AF-P08238-F1-model_v1,55.627132415771484,0.0
3580,577.0,all,93.42,P08238,11.16,0.0,/AF-P08238-F1-model_v1,44.09958267211914,0.0
3581,607.0,all,83.15,P08238,11.16,0.0,/AF-P08238-F1-model_v1,42.75917053222656,0.0
3582,623.0,all,79.09,P08238,11.5,0.0,/AF-P08238-F1-model_v1,64.07173156738281,0.0
3583,624.0,all,90.61,P08238,9.62,0.0,/AF-P08238-F1-model_v1,32.303951263427734,0.0
3584,641.0,all,92.42,P08238,10.52,0.0,/AF-P08238-F1-model_v1,71.44400787353516,0.0
3585,646.0,all,81.41,P08238,10.45,0.0,/AF-P08238-F1-model_v1,86.85875701904297,0.0
3586,649.0,all,84.41,P08238,10.49,0.0,/AF-P08238-F1-model_v1,93.69486236572266,0.0
3587,652.0,all,89.14,P08238,10.37,0.0,/AF-P08238-F1-model_v1,51.73993682861328,0.0
3588,685.0,all,87.1,P08238,10.31,0.0,/AF-P08238-F1-model_v1,73.85675048828125,0.0
3589,27.0,all,95.87,Q6IS14,10.42,0.0,/AF-Q6IS14-F1-model_v1,91.1480712890625,0.0
3590,34.0,all,94.45,Q6IS14,10.52,0.0,/AF-Q6IS14-F1-model_v1,76.13545227050781,0.0
3591,39.0,all,97.67,Q6IS14,10.29,0.0,/AF-Q6IS14-F1-model_v1,80.42477416992188,0.0
3592,47.0,all,84.94,Q6IS14,10.46,0.0,/AF-Q6IS14-F1-model_v1,99.32459259033203,0.0
3593,50.0,all,78.0,Q6IS14,10.46,0.0,/AF-Q6IS14-F1-model_v1,86.9927978515625,0.0
3594,55.0,all,92.96,Q6IS14,10.34,0.0,/AF-Q6IS14-F1-model_v1,67.82489013671875,0.0
3595,67.0,all,96.19,Q6IS14,11.3,0.0,/AF-Q6IS14-F1-model_v1,73.05249786376953,0.0
3596,68.0,all,97.98,Q6IS14,10.7,0.0,/AF-Q6IS14-F1-model_v1,63.669612884521484,0.0
3597,85.0,all,92.41,Q6IS14,10.47,0.0,/AF-Q6IS14-F1-model_v1,115.14146423339844,0.0
3598,121.0,all,93.98,Q6IS14,10.42,0.0,/AF-Q6IS14-F1-model_v1,80.9609375,0.0
3599,126.0,all,92.93,Q6IS14,11.45,0.0,/AF-Q6IS14-F1-model_v1,41.15067672729492,0.0
3600,150.0,all,92.62,Q6IS14,11.03,0.0,/AF-Q6IS14-F1-model_v1,59.24625015258789,0.0
3601,5.0,all,0.0,P06748,10.501999999999999,0.22693843357082322,/2LLH-alt-14_assembled/2LLH-alt-9_assembled/2LLH-alt-8_assembled/2LLH-alt-15_assembled/2LLH-alt-17_assembled/2LLH-alt-16_assembled/2LLH-alt-12_assembled/2LLH-alt-13_assembled/2LLH-alt-11_assembled/2LLH-alt-10_assembled/2LLH-alt-1_assembled/2LLH-alt-20_assembled/2LLH-alt-3_assembled/2LLH-alt-2_assembled/2LLH-alt-6_assembled/2LLH-alt-7_assembled/2LLH-alt-18_assembled/2LLH-alt-5_assembled/2LLH-alt-4_assembled/2LLH-alt-19_assembled,86.05450439453125,11.293598175048828
3602,6.0,all,0.0,P06748,10.4835,0.23702709150066212,/2LLH-alt-14_assembled/2LLH-alt-9_assembled/2LLH-alt-8_assembled/2LLH-alt-15_assembled/2LLH-alt-17_assembled/2LLH-alt-16_assembled/2LLH-alt-12_assembled/2LLH-alt-13_assembled/2LLH-alt-11_assembled/2LLH-alt-10_assembled/2LLH-alt-1_assembled/2LLH-alt-20_assembled/2LLH-alt-3_assembled/2LLH-alt-2_assembled/2LLH-alt-6_assembled/2LLH-alt-7_assembled/2LLH-alt-18_assembled/2LLH-alt-5_assembled/2LLH-alt-4_assembled/2LLH-alt-19_assembled,84.88835144042969,11.535102844238281
3603,9.0,all,0.0,P06748,10.432,0.059435945175856125,/2LLH-alt-14_assembled/2LLH-alt-9_assembled/2LLH-alt-8_assembled/2LLH-alt-15_assembled/2LLH-alt-17_assembled/2LLH-alt-16_assembled/2LLH-alt-12_assembled/2LLH-alt-13_assembled/2LLH-alt-11_assembled/2LLH-alt-10_assembled/2LLH-alt-1_assembled/2LLH-alt-20_assembled/2LLH-alt-3_assembled/2LLH-alt-2_assembled/2LLH-alt-6_assembled/2LLH-alt-7_assembled/2LLH-alt-18_assembled/2LLH-alt-5_assembled/2LLH-alt-4_assembled/2LLH-alt-19_assembled,90.06903076171875,10.263293266296387
3604,12.0,all,0.0,P06748,10.374999999999998,0.07783247867594927,/2LLH-alt-14_assembled/2LLH-alt-9_assembled/2LLH-alt-8_assembled/2LLH-alt-15_assembled/2LLH-alt-17_assembled/2LLH-alt-16_assembled/2LLH-alt-12_assembled/2LLH-alt-13_assembled/2LLH-alt-11_assembled/2LLH-alt-10_assembled/2LLH-alt-1_assembled/2LLH-alt-20_assembled/2LLH-alt-3_assembled/2LLH-alt-2_assembled/2LLH-alt-6_assembled/2LLH-alt-7_assembled/2LLH-alt-18_assembled/2LLH-alt-5_assembled/2LLH-alt-4_assembled/2LLH-alt-19_assembled,90.39073944091797,12.047812461853027
3605,15.0,all,0.0,P06748,10.3415,0.08387176929223875,/2LLH-alt-14_assembled/2LLH-alt-9_assembled/2LLH-alt-8_assembled/2LLH-alt-15_assembled/2LLH-alt-17_assembled/2LLH-alt-16_assembled/2LLH-alt-12_assembled/2LLH-alt-13_assembled/2LLH-alt-11_assembled/2LLH-alt-10_assembled/2LLH-alt-1_assembled/2LLH-alt-20_assembled/2LLH-alt-3_assembled/2LLH-alt-2_assembled/2LLH-alt-6_assembled/2LLH-alt-7_assembled/2LLH-alt-18_assembled/2LLH-alt-5_assembled/2LLH-alt-4_assembled/2LLH-alt-19_assembled,96.69739532470703,9.182448387145996
3606,24.0,all,0.0,P06748,10.758999999999997,0.47573654805774057,/2LLH-alt-14_assembled/2LLH-alt-9_assembled/2LLH-alt-8_assembled/2LLH-alt-15_assembled/2LLH-alt-17_assembled/2LLH-alt-16_assembled/2LLH-alt-12_assembled/2LLH-alt-13_assembled/2LLH-alt-11_assembled/2LLH-alt-10_assembled/2LLH-alt-1_assembled/2LLH-alt-20_assembled/2LLH-alt-3_assembled/2LLH-alt-2_assembled/2LLH-alt-6_assembled/2LLH-alt-7_assembled/2LLH-alt-18_assembled/2LLH-alt-5_assembled/2LLH-alt-4_assembled/2LLH-alt-19_assembled,41.29812240600586,17.12655258178711
3607,26.0,all,0.0,P06748,11.168000000000001,0.41162834540012205,/2LLH-alt-14_assembled/2LLH-alt-9_assembled/2LLH-alt-8_assembled/2LLH-alt-15_assembled/2LLH-alt-17_assembled/2LLH-alt-16_assembled/2LLH-alt-12_assembled/2LLH-alt-13_assembled/2LLH-alt-11_assembled/2LLH-alt-10_assembled/2LLH-alt-1_assembled/2LLH-alt-20_assembled/2LLH-alt-3_assembled/2LLH-alt-2_assembled/2LLH-alt-6_assembled/2LLH-alt-7_assembled/2LLH-alt-18_assembled/2LLH-alt-5_assembled/2LLH-alt-4_assembled/2LLH-alt-19_assembled,75.6327896118164,13.884209632873535
3608,33.0,all,0.0,P06748,10.473,0.24512295518350533,/2LLH-alt-14_assembled/2LLH-alt-9_assembled/2LLH-alt-8_assembled/2LLH-alt-15_assembled/2LLH-alt-17_assembled/2LLH-alt-16_assembled/2LLH-alt-12_assembled/2LLH-alt-13_assembled/2LLH-alt-11_assembled/2LLH-alt-10_assembled/2LLH-alt-1_assembled/2LLH-alt-20_assembled/2LLH-alt-3_assembled/2LLH-alt-2_assembled/2LLH-alt-6_assembled/2LLH-alt-7_assembled/2LLH-alt-18_assembled/2LLH-alt-5_assembled/2LLH-alt-4_assembled/2LLH-alt-19_assembled,97.595458984375,8.485419273376465
3609,39.0,all,0.0,P06748,10.38,0.10062959698554727,/2LLH-alt-14_assembled/2LLH-alt-9_assembled/2LLH-alt-8_assembled/2LLH-alt-15_assembled/2LLH-alt-17_assembled/2LLH-alt-16_assembled/2LLH-alt-12_assembled/2LLH-alt-13_assembled/2LLH-alt-11_assembled/2LLH-alt-10_assembled/2LLH-alt-1_assembled/2LLH-alt-20_assembled/2LLH-alt-3_assembled/2LLH-alt-2_assembled/2LLH-alt-6_assembled/2LLH-alt-7_assembled/2LLH-alt-18_assembled/2LLH-alt-5_assembled/2LLH-alt-4_assembled/2LLH-alt-19_assembled,118.20430755615234,7.62074613571167
3610,43.0,all,0.0,P06748,10.411499999999998,0.013869694338831817,/2LLH-alt-14_assembled/2LLH-alt-9_assembled/2LLH-alt-8_assembled/2LLH-alt-15_assembled/2LLH-alt-17_assembled/2LLH-alt-16_assembled/2LLH-alt-12_assembled/2LLH-alt-13_assembled/2LLH-alt-11_assembled/2LLH-alt-10_assembled/2LLH-alt-1_assembled/2LLH-alt-20_assembled/2LLH-alt-3_assembled/2LLH-alt-2_assembled/2LLH-alt-6_assembled/2LLH-alt-7_assembled/2LLH-alt-18_assembled/2LLH-alt-5_assembled/2LLH-alt-4_assembled/2LLH-alt-19_assembled,103.81497955322266,6.684192180633545
3611,49.0,all,0.0,P06748,10.268500000000003,0.0651536645170475,/2LLH-alt-14_assembled/2LLH-alt-9_assembled/2LLH-alt-8_assembled/2LLH-alt-15_assembled/2LLH-alt-17_assembled/2LLH-alt-16_assembled/2LLH-alt-12_assembled/2LLH-alt-13_assembled/2LLH-alt-11_assembled/2LLH-alt-10_assembled/2LLH-alt-1_assembled/2LLH-alt-20_assembled/2LLH-alt-3_assembled/2LLH-alt-2_assembled/2LLH-alt-6_assembled/2LLH-alt-7_assembled/2LLH-alt-18_assembled/2LLH-alt-5_assembled/2LLH-alt-4_assembled/2LLH-alt-19_assembled,83.75569152832031,15.475349426269531
3612,68.0,all,0.0,P06748,10.231499999999999,0.17797915312577592,/2LLH-alt-14_assembled/2LLH-alt-9_assembled/2LLH-alt-8_assembled/2LLH-alt-15_assembled/2LLH-alt-17_assembled/2LLH-alt-16_assembled/2LLH-alt-12_assembled/2LLH-alt-13_assembled/2LLH-alt-11_assembled/2LLH-alt-10_assembled/2LLH-alt-1_assembled/2LLH-alt-20_assembled/2LLH-alt-3_assembled/2LLH-alt-2_assembled/2LLH-alt-6_assembled/2LLH-alt-7_assembled/2LLH-alt-18_assembled/2LLH-alt-5_assembled/2LLH-alt-4_assembled/2LLH-alt-19_assembled,85.95396423339844,19.78129768371582
3613,53.0,all,0.0,P00390,10.3275,0.004999999999999893,/3DK8-alt1B_assembled/3DK8-alt1A_assembled/3DK9-alt1B_assembled/3DK9-alt1A_assembled,83.57473754882812,0.07738851010799408
3614,66.0,all,0.0,P00390,10.82,0.24993332444207367,/3DK8-alt1B_assembled/3DK8-alt1A_assembled/3DK9-alt1B_assembled/3DK9-alt1A_assembled,22.451915740966797,4.875492572784424
3615,67.0,all,0.0,P00390,10.0875,0.026299556396765275,/3DK8-alt1B_assembled/3DK8-alt1A_assembled/3DK9-alt1B_assembled/3DK9-alt1A_assembled,45.30595397949219,0.0
3616,100.0,all,0.0,P00390,11.34,0.2843706501498822,/3DK8-alt1B_assembled/3DK8-alt1A_assembled/3DK9-alt1B_assembled/3DK9-alt1A_assembled,16.017932891845703,4.269027233123779
3617,102.0,all,0.0,P00390,10.422500000000001,0.049244289008980494,/3DK8-alt1B_assembled/3DK8-alt1A_assembled/3DK9-alt1B_assembled/3DK9-alt1A_assembled,72.81793212890625,5.533567428588867
3618,120.0,all,0.0,P00390,10.222499999999998,0.12010412149464361,/3DK8-alt1B_assembled/3DK8-alt1A_assembled/3DK9-alt1B_assembled/3DK9-alt1A_assembled,69.36636352539062,7.971045017242432
3619,137.0,all,0.0,P00390,10.287500000000001,0.054999999999999855,/3DK8-alt1B_assembled/3DK8-alt1A_assembled/3DK9-alt1B_assembled/3DK9-alt1A_assembled,75.36471557617188,1.7178750038146973
3620,145.0,all,0.0,P00390,10.782499999999999,0.11383467544352811,/3DK8-alt1B_assembled/3DK8-alt1A_assembled/3DK9-alt1B_assembled/3DK9-alt1A_assembled,71.04187774658203,4.6135640144348145
3621,146.0,all,0.0,P00390,11.260000000000002,0.06928203230275566,/3DK8-alt1B_assembled/3DK8-alt1A_assembled/3DK9-alt1B_assembled/3DK9-alt1A_assembled,51.80695724487305,3.1578023433685303
3622,212.0,all,0.0,P00390,10.145,0.04434711565216689,/3DK8-alt1B_assembled/3DK8-alt1A_assembled/3DK9-alt1B_assembled/3DK9-alt1A_assembled,73.85675048828125,1.6489453315734863
3623,221.0,all,0.0,P00390,10.45,0.011547005383793293,/3DK8-alt1B_assembled/3DK8-alt1A_assembled/3DK9-alt1B_assembled/3DK9-alt1A_assembled,36.25817108154297,0.541721761226654
3624,247.0,all,0.0,P00390,11.3225,0.004999999999999893,/3DK8-alt1B_assembled/3DK8-alt1A_assembled/3DK9-alt1B_assembled/3DK9-alt1A_assembled,36.19114685058594,1.2382205724716187
3625,252.0,all,0.0,P00390,10.285,0.2582634314028993,/3DK8-alt1B_assembled/3DK8-alt1A_assembled/3DK9-alt1B_assembled/3DK9-alt1A_assembled,57.73828125,3.7965877056121826
3626,255.0,all,0.0,P00390,10.8125,0.060759087111860344,/3DK8-alt1B_assembled/3DK8-alt1A_assembled/3DK9-alt1B_assembled/3DK9-alt1A_assembled,67.48978424072266,5.764813423156738
3627,256.0,all,0.0,P00390,10.1275,0.015000000000000568,/3DK8-alt1B_assembled/3DK8-alt1A_assembled/3DK9-alt1B_assembled/3DK9-alt1A_assembled,64.23928833007812,2.5511903762817383
3628,302.0,all,0.0,P00390,10.335,0.005773502691896135,/3DK8-alt1B_assembled/3DK8-alt1A_assembled/3DK9-alt1B_assembled/3DK9-alt1A_assembled,60.58666229248047,9.30340576171875
3629,310.0,all,0.0,P00390,10.62,0.06582805886043791,/3DK8-alt1B_assembled/3DK8-alt1A_assembled/3DK9-alt1B_assembled/3DK9-alt1A_assembled,77.71043395996094,6.217528343200684
3630,324.0,all,0.0,P00390,10.34,0.06271629240742296,/3DK8-alt1B_assembled/3DK8-alt1A_assembled/3DK9-alt1B_assembled/3DK9-alt1A_assembled,91.11456298828125,6.223302841186523
3631,335.0,all,0.0,P00390,10.3475,0.08460693430998059,/3DK8-alt1B_assembled/3DK8-alt1A_assembled/3DK9-alt1B_assembled/3DK9-alt1A_assembled,80.39126586914062,7.94159460067749
3632,348.0,all,0.0,P00390,9.9375,0.07932002689527202,/3DK8-alt1B_assembled/3DK8-alt1A_assembled/3DK9-alt1B_assembled/3DK9-alt1A_assembled,52.6112060546875,2.9090356826782227
3633,357.0,all,0.0,P00390,10.600000000000001,0.24589970855344032,/3DK8-alt1B_assembled/3DK8-alt1A_assembled/3DK9-alt1B_assembled/3DK9-alt1A_assembled,54.52129364013672,4.811037063598633
3634,361.0,all,0.0,P00390,11.15,0.2951835587110725,/3DK8-alt1B_assembled/3DK8-alt1A_assembled/3DK9-alt1B_assembled/3DK9-alt1A_assembled,36.12413024902344,1.1913857460021973
3635,390.0,all,0.0,P00390,10.545,0.00577350269189716,/3DK8-alt1B_assembled/3DK8-alt1A_assembled/3DK9-alt1B_assembled/3DK9-alt1A_assembled,54.286720275878906,0.3095540404319763
3636,397.0,all,0.0,P00390,11.77,0.12701705922171805,/3DK8-alt1B_assembled/3DK8-alt1A_assembled/3DK9-alt1B_assembled/3DK9-alt1A_assembled,55.22500991821289,0.15477702021598816
3637,412.0,all,0.0,P00390,11.345,0.09814954576223633,/3DK8-alt1B_assembled/3DK8-alt1A_assembled/3DK9-alt1B_assembled/3DK9-alt1A_assembled,79.2184066772461,1.7025516033172607
3638,414.0,all,0.0,P00390,10.11,0.01154700538379227,/3DK8-alt1B_assembled/3DK8-alt1A_assembled/3DK9-alt1B_assembled/3DK9-alt1A_assembled,47.517635345458984,0.07738851010799408
3639,416.0,all,0.0,P00390,10.607499999999998,0.01499999999999968,/3DK8-alt1B_assembled/3DK8-alt1A_assembled/3DK9-alt1B_assembled/3DK9-alt1A_assembled,46.914451599121094,0.46433326601982117
3640,420.0,all,0.0,P00390,11.857500000000002,0.026299556396766288,/3DK8-alt1B_assembled/3DK8-alt1A_assembled/3DK9-alt1B_assembled/3DK9-alt1A_assembled,9.583951950073242,0.541721761226654
3641,426.0,all,0.0,P00390,10.47,0.0,/3DK8-alt1B_assembled/3DK8-alt1A_assembled/3DK9-alt1B_assembled/3DK9-alt1A_assembled,94.7671890258789,2.631218194961548
3642,429.0,all,0.0,P00390,10.6875,0.009574271077563177,/3DK8-alt1B_assembled/3DK8-alt1A_assembled/3DK9-alt1B_assembled/3DK9-alt1A_assembled,55.49309539794922,0.6191102862358093
3643,452.0,all,0.0,P00390,10.7075,0.34403245970886714,/3DK8-alt1B_assembled/3DK8-alt1A_assembled/3DK9-alt1B_assembled/3DK9-alt1A_assembled,45.13840103149414,11.651765823364258
3644,457.0,all,0.0,P00390,11.424999999999999,0.1112055154507486,/3DK8-alt1B_assembled/3DK8-alt1A_assembled/3DK9-alt1B_assembled/3DK9-alt1A_assembled,5.864306449890137,0.31672725081443787
3645,16.0,all,0.0,P49419,10.272499999999999,0.10446690065917223,/2J6L-alt1A_assembled/2J6L-alt1B_assembled,67.00389099121094,8.179649353027344
3646,66.0,all,0.0,P49419,10.589285714285714,0.35508318171108316,/2J6L-alt1A_assembled/2J6L-alt1B_assembled,66.8674545288086,7.501311779022217
3647,67.0,all,0.0,P49419,10.011875,0.2466365409531471,/2J6L-alt1A_assembled/2J6L-alt1B_assembled,37.531558990478516,8.387457847595215
3648,73.0,all,0.0,P49419,10.953750000000001,0.6101680096498016,/2J6L-alt1A_assembled/2J6L-alt1B_assembled,64.48223876953125,10.1165189743042
3649,82.0,all,0.0,P49419,9.9,0.045166359162545286,/2J6L-alt1A_assembled/2J6L-alt1B_assembled,55.157989501953125,4.587268829345703
3650,97.0,all,0.0,P49419,10.218125,0.12023414656411069,/2J6L-alt1A_assembled/2J6L-alt1B_assembled,43.42100524902344,3.665146589279175
3651,111.0,all,0.0,P49419,9.961875,0.16606098277440126,/2J6L-alt1A_assembled/2J6L-alt1B_assembled,2.580294609069824,0.6372250318527222
3652,191.0,all,0.0,P49419,8.12875,0.1049364887285002,/2J6L-alt1A_assembled/2J6L-alt1B_assembled,7.908435821533203,0.9541128873825073
3653,205.0,all,0.0,P49419,9.235,0.05416025603090622,/2J6L-alt1A_assembled/2J6L-alt1B_assembled,34.6496696472168,4.092102527618408
3654,209.0,all,0.0,P49419,11.413125000000003,0.2045391160634074,/2J6L-alt1A_assembled/2J6L-alt1B_assembled,68.60400390625,4.11056661605835
3655,215.0,all,0.0,P49419,10.463333333333335,0.014974726182552786,/2J6L-alt1A_assembled/2J6L-alt1B_assembled,82.97154998779297,2.7032759189605713
3656,236.0,all,0.0,P49419,10.025624999999998,0.40411168010835813,/2J6L-alt1A_assembled/2J6L-alt1B_assembled,55.42606735229492,7.754648208618164
3657,253.0,all,0.0,P49419,11.094375000000001,0.22838472657630424,/2J6L-alt1A_assembled/2J6L-alt1B_assembled,30.645193099975586,2.6357102394104004
3658,324.0,all,0.0,P49419,10.235000000000001,0.019321835661585934,/2J6L-alt1A_assembled/2J6L-alt1B_assembled,43.17804718017578,6.9675469398498535
3659,348.0,all,0.0,P49419,9.825,0.5750594172199369,/2J6L-alt1A_assembled/2J6L-alt1B_assembled,58.33309555053711,15.044522285461426
3660,362.0,all,0.0,P49419,10.283125,0.682717303623298,/2J6L-alt1A_assembled/2J6L-alt1B_assembled,49.5869026184082,6.026289463043213
3661,363.0,all,0.0,P49419,10.220833333333333,0.5915381849402661,/2J6L-alt1A_assembled/2J6L-alt1B_assembled,31.26512908935547,16.188919067382812
3662,373.0,all,0.0,P49419,11.087857142857143,0.35818299086508104,/2J6L-alt1A_assembled/2J6L-alt1B_assembled,66.23554229736328,9.468063354492188
3663,410.0,all,0.0,P49419,10.615624999999998,0.046038932799678974,/2J6L-alt1A_assembled/2J6L-alt1B_assembled,65.62996673583984,10.77777099609375
3664,425.0,all,0.0,P49419,10.654375,0.354325062619059,/2J6L-alt1A_assembled/2J6L-alt1B_assembled,63.099937438964844,9.0192289352417
3665,435.0,all,0.0,P49419,10.605624999999998,0.1448663176863415,/2J6L-alt1A_assembled/2J6L-alt1B_assembled,64.27279663085938,6.526401996612549
3666,447.0,all,0.0,P49419,10.38,0.04926120853842973,/2J6L-alt1A_assembled/2J6L-alt1B_assembled,31.935335159301758,3.821312665939331
3667,473.0,all,0.0,P49419,10.433125,0.08592390043908989,/2J6L-alt1A_assembled/2J6L-alt1B_assembled,22.083303451538086,1.9950700998306274
3668,487.0,all,0.0,P49419,12.1825,1.322348920166938,/2J6L-alt1A_assembled/2J6L-alt1B_assembled,22.317873001098633,1.3421984910964966
3669,325.0,all,0.0,P49419,10.375,0.040355562548072973,/2J6L-alt1A_assembled/2J6L-alt1B_assembled,79.017333984375,6.9800825119018555
3670,33.0,all,0.0,P31930,10.415,0.007071067811865324,/5XTE-alt-1_assembled,67.75787353515625,0.8530306220054626
3671,71.0,all,0.0,P31930,9.754999999999999,0.30405591591021647,/5XTE-alt-1_assembled,35.58795928955078,4.265166759490967
3672,73.0,all,0.0,P31930,10.19,0.09899494936611705,/5XTE-alt-1_assembled,58.240936279296875,10.141621589660645
3673,82.0,all,0.0,P31930,10.48,0.777817459305202,/5XTE-alt-1_assembled,23.658287048339844,0.663470983505249
3674,46.0,all,0.0,P31930,8.72,0.12727922061357835,/5XTE-alt-1_assembled,19.435985565185547,4.170386791229248
3675,84.0,all,0.0,P31930,10.219999999999999,0.1838477631085022,/5XTE-alt-1_assembled,66.68553924560547,1.8008478879928589
3676,101.0,all,0.0,P31930,10.505,0.06363961030678918,/5XTE-alt-1_assembled,71.04188537597656,6.255579471588135
3677,111.0,all,13.331428571428571,P31930,9.742857142857144,0.9476763562474669,/5XTE-alt-1_assembled/AF-P31930-F1-model_v1,46.186798095703125,25.5004940032959
3678,130.0,all,0.0,P31930,10.55,0.39597979746446693,/5XTE-alt-1_assembled,19.637048721313477,4.833856582641602
3679,151.0,all,0.0,P31930,10.645,0.27577164466275395,/5XTE-alt-1_assembled,69.2323226928711,5.592105865478516
3680,155.0,all,0.0,P31930,7.76,0.028284271247461926,/5XTE-alt-1_assembled,6.232920169830322,2.9382266998291016
3681,163.0,all,19.124000000000002,P31930,10.272,0.12194260945215175,/5XTE-alt-1_assembled/AF-P31930-F1-model_v1,53.18758010864258,10.701247215270996
3682,168.0,all,0.0,P31930,10.085,0.12020815280171303,/5XTE-alt-1_assembled,78.81627655029297,3.033008575439453
3683,172.0,all,0.0,P31930,9.74,0.7919595949289339,/5XTE-alt-1_assembled,32.23693084716797,4.075604438781738
3684,182.0,all,0.0,P31930,10.504999999999999,0.007071067811865324,/5XTE-alt-1_assembled,68.36105346679688,0.9478172063827515
3685,206.0,all,0.0,P31930,10.16,0.1131370849898477,/5XTE-alt-1_assembled,54.75586700439453,4.644294261932373
3686,207.0,all,0.0,P31930,10.675,0.007071067811865324,/5XTE-alt-1_assembled,50.6005859375,0.47390592098236084
3687,9.0,all,0.0,P31930,10.385,0.03535533905932788,/5XTE-alt-1_assembled,68.36105346679688,9.09902286529541
3688,51.0,all,0.0,P31930,9.855,0.14083086782851725,/5XTE-alt-1_assembled,28.617815017700195,1.0806753635406494
3689,54.0,all,0.0,P31930,10.785,0.19091883092036754,/5XTE-alt-1_assembled,40.2794075012207,1.2321608066558838
3690,57.0,all,0.0,P31930,10.504999999999999,0.021213203435595972,/5XTE-alt-1_assembled,40.61450958251953,2.653883934020996
3691,59.0,all,0.0,P31930,9.765,0.19091883092036754,/5XTE-alt-1_assembled,52.209083557128906,5.023421764373779
3692,63.0,all,0.0,P31930,10.64,0.16970562748477155,/5XTE-alt-1_assembled,80.9609375,3.2225711345672607
3693,42.0,all,0.0,P31930,10.2575,0.07088723439378931,/5XTE-alt-1_assembled,57.83881759643555,2.013596773147583
3694,45.0,all,0.0,P31930,10.4125,0.2304162899333869,/5XTE-alt-1_assembled,56.062767028808594,6.541410446166992
3695,85.0,all,18.974,P31930,10.946,0.508064956477024,/5XTE-alt-1_assembled/AF-P31930-F1-model_v1,57.39647674560547,14.033872604370117
3696,91.0,all,0.0,P31930,9.815,0.43133513652379357,/5XTE-alt-1_assembled,53.08034896850586,17.250234603881836
3697,12.0,all,0.0,P31930,10.5475,0.028722813232690304,/5XTE-alt-1_assembled,56.4984016418457,22.087547302246094
3698,19.0,all,0.0,P31930,10.39,0.09899494936611705,/5XTE-alt-1_assembled,67.62382507324219,9.383369445800781
3699,29.0,all,0.0,P31930,9.105,0.31819805153394587,/5XTE-alt-1_assembled,26.942298889160156,9.478150367736816
3700,64.0,all,0.0,P31930,8.415,0.43133513652379485,/5XTE-alt-1_assembled,17.76047134399414,2.179973840713501
3701,72.0,all,0.0,P31930,8.99,0.3252691193458125,/5XTE-alt-1_assembled,17.09026336669922,1.2321593761444092
3702,78.0,all,0.0,P31930,10.375,0.007071067811866581,/5XTE-alt-1_assembled,69.23233032226562,3.696476936340332
3703,83.0,all,0.0,P31930,10.695,0.02121320343559723,/5XTE-alt-1_assembled,73.99078369140625,1.5165042877197266
3704,96.0,all,0.0,P31930,10.575,0.007071067811865324,/5XTE-alt-1_assembled,63.669612884521484,7.772083759307861
3705,103.0,all,0.0,P31930,10.485,0.1767766952966369,/5XTE-alt-1_assembled,58.173919677734375,0.7582521438598633
3706,110.0,all,0.0,P31930,10.16,0.014142135623730649,/5XTE-alt-1_assembled,26.004009246826172,9.667713165283203
3707,15.0,all,0.0,P31930,10.36,0.014142135623730649,/5XTE-alt-1_assembled,81.16200256347656,3.1277899742126465
3708,118.0,all,0.0,P31930,9.629999999999999,0.22627416997969416,/5XTE-alt-1_assembled,31.566722869873047,2.5591013431549072
3709,146.0,all,0.0,P31930,10.434999999999999,0.1343502884254437,/5XTE-alt-1_assembled,36.459228515625,4.359947681427002
3710,170.0,all,0.0,P31930,9.620000000000001,0.16970562748477155,/5XTE-alt-1_assembled,50.198463439941406,0.47390860319137573
3711,177.0,all,0.0,P31930,10.92,0.4666904755831215,/5XTE-alt-1_assembled,51.80695724487305,10.141618728637695
3712,268.0,all,0.0,P31930,10.71,0.19798989873223286,/5XTE-alt-1_assembled,21.37958526611328,0.8530333042144775
3713,286.0,all,0.0,P31930,7.609999999999999,0.2828427124746186,/5XTE-alt-1_assembled,8.243538856506348,1.4217227697372437
3714,291.0,all,0.0,P31930,11.115,0.1484924240491756,/5XTE-alt-1_assembled,23.122121810913086,3.1277897357940674
3715,307.0,all,0.0,P31930,7.47,0.1838477631085022,/5XTE-alt-1_assembled,27.612504959106445,10.04684066772461
3716,310.0,all,0.0,P31930,8.765,0.30405591591021525,/5XTE-alt-1_assembled,44.568729400634766,8.056427001953125
3717,315.0,all,0.0,P31930,8.775,1.9095287376732513,/5XTE-alt-1_assembled,56.12978744506836,18.70548439025879
3718,318.0,all,0.0,P31930,9.21,0.8343860018001271,/5XTE-alt-1_assembled,32.63905334472656,4.4547319412231445
3719,325.0,all,0.0,P31930,10.605,0.09192388155425173,/5XTE-alt-1_assembled,83.17262268066406,8.625120162963867
3720,6.0,all,0.0,P31930,11.295000000000002,0.23334523779156074,/5XTE-alt-1_assembled,22.183834075927734,4.644292831420898
3721,217.0,all,0.0,P31930,7.154999999999999,0.14849242404917495,/5XTE-alt-1_assembled,7.774394512176514,0.5686891078948975
3722,227.0,all,0.0,P31930,8.955,0.02121320343559723,/5XTE-alt-1_assembled,27.88058853149414,2.2747552394866943
3723,269.0,all,0.0,P31930,10.254999999999999,0.34648232278140845,/5XTE-alt-1_assembled,41.41875457763672,7.392956733703613
3724,287.0,all,0.0,P31930,10.105,0.31819805153394587,/5XTE-alt-1_assembled,58.039878845214844,18.766738891601562
3725,311.0,all,0.0,P31930,10.165,0.04949747468305728,/5XTE-alt-1_assembled,59.313270568847656,6.35036039352417
3726,375.0,all,0.0,P31930,9.745000000000001,0.7669202479180393,/5XTE-alt-1_assembled,49.26017379760742,38.09108352661133
3727,378.0,all,0.0,P31930,10.05,0.12727922061357835,/5XTE-alt-1_assembled,45.976158142089844,11.942469596862793
3728,66.0,all,0.0,P31930,9.195,0.09192388155425048,/5XTE-alt-1_assembled,40.21238708496094,2.0851941108703613
3729,92.0,all,0.0,P31930,10.39,0.014142135623730649,/5XTE-alt-1_assembled,66.14937591552734,3.6964824199676514
3730,98.0,all,0.0,P31930,10.27,0.0424264068711932,/5XTE-alt-1_assembled,58.106895446777344,5.592108726501465
3731,109.0,all,0.0,P31930,11.145,0.7848885271170674,/5XTE-alt-1_assembled,30.96353530883789,10.994653701782227
3732,159.0,all,0.0,P31930,10.45,0.08485281374238515,/5XTE-alt-1_assembled,61.99409484863281,1.9904102087020874
3733,162.0,all,0.0,P31930,9.045,0.1767766952966369,/5XTE-alt-1_assembled,20.10619354248047,0.7582521438598633
3734,199.0,all,0.0,P31930,9.84,0.07071067811865576,/5XTE-alt-1_assembled,54.42076110839844,8.719898223876953
3735,231.0,all,0.0,P31930,10.15,0.0,/5XTE-alt-1_assembled,53.81757736206055,6.35036039352417
3736,250.0,all,0.0,P31930,10.49,0.0,/5XTE-alt-1_assembled,75.80035400390625,2.7486650943756104
3737,300.0,all,0.0,P31930,9.530000000000001,0.19798989873223286,/5XTE-alt-1_assembled,28.282711029052734,5.497328758239746
3738,352.0,all,0.0,P31930,10.42,0.028284271247461298,/5XTE-alt-1_assembled,56.029258728027344,4.928637504577637
3739,359.0,all,0.0,P31930,10.32,0.21213203435596475,/5XTE-alt-1_assembled,41.887901306152344,4.075604438781738
3740,377.0,all,0.0,P31930,8.54,0.2969848480983499,/5XTE-alt-1_assembled,13.002004623413086,3.6016969680786133
3741,379.0,all,0.0,P31930,10.225,0.07778174593051983,/5XTE-alt-1_assembled,41.48577880859375,8.245989799499512
3742,429.0,all,0.0,P31930,10.23,0.05656854249492385,/5XTE-alt-1_assembled,49.39421463012695,2.7486650943756104
3743,430.0,all,0.0,P31930,10.72,0.12727922061357835,/5XTE-alt-1_assembled,36.72731018066406,3.980823040008545
3744,436.0,all,0.0,P31930,8.809999999999999,0.8909545442950497,/5XTE-alt-1_assembled,19.637048721313477,9.572931289672852
3745,99.0,all,30.606666666666666,P31930,10.18,1.0734989520255713,/5XTE-alt-1_assembled/AF-P31930-F1-model_v1,25.691247940063477,8.835886001586914
3746,102.0,all,30.48,P31930,10.373333333333333,0.13316656236958763,/5XTE-alt-1_assembled/AF-P31930-F1-model_v1,71.57804107666016,3.2915260791778564
3747,134.0,all,32.77333333333333,P31930,9.37,0.7104224095564552,/5XTE-alt-1_assembled/AF-P31930-F1-model_v1,34.13584899902344,26.403186798095703
3748,138.0,all,32.443333333333335,P31930,10.520000000000001,0.19924858845171262,/5XTE-alt-1_assembled/AF-P31930-F1-model_v1,83.73111724853516,10.397777557373047
3749,142.0,all,32.5,P31930,11.19,0.7464583042608606,/5XTE-alt-1_assembled/AF-P31930-F1-model_v1,37.531558990478516,2.921363115310669
3750,210.0,all,32.25,P31930,10.643333333333333,0.6557692683660419,/5XTE-alt-1_assembled/AF-P31930-F1-model_v1,60.810062408447266,4.121269226074219
3751,225.0,all,31.63,P31930,9.683333333333332,0.06350852961085952,/5XTE-alt-1_assembled/AF-P31930-F1-model_v1,14.297737121582031,1.610356330871582
3752,248.0,all,32.526666666666664,P31930,10.286666666666667,0.13868429375143124,/5XTE-alt-1_assembled/AF-P31930-F1-model_v1,63.89301681518555,10.833599090576172
3753,336.0,all,31.596666666666668,P31930,10.159999999999998,0.25534290669607407,/5XTE-alt-1_assembled/AF-P31930-F1-model_v1,70.5057144165039,20.927188873291016
3754,364.0,all,32.416666666666664,P31930,10.466666666666667,0.7677456175930493,/5XTE-alt-1_assembled/AF-P31930-F1-model_v1,33.55500411987305,4.972794055938721
3755,392.0,all,32.483333333333334,P31930,9.756666666666666,0.2193931022920578,/5XTE-alt-1_assembled/AF-P31930-F1-model_v1,23.233823776245117,8.834870338439941
3756,447.0,all,32.513333333333335,P31930,10.530000000000001,1.6747238578344792,/5XTE-alt-1_assembled/AF-P31930-F1-model_v1,53.43779373168945,4.184007167816162
3757,45.0,all,97.19,Q9UFN0,10.39,0.0,/AF-Q9UFN0-F1-model_v1,49.46123504638672,0.0
3758,48.0,all,96.84,Q9UFN0,11.44,0.0,/AF-Q9UFN0-F1-model_v1,39.408138275146484,0.0
3759,58.0,all,97.05,Q9UFN0,10.37,0.0,/AF-Q9UFN0-F1-model_v1,90.20978546142578,0.0
3760,89.0,all,97.75,Q9UFN0,11.75,0.0,/AF-Q9UFN0-F1-model_v1,39.408138275146484,0.0
3761,101.0,all,98.16,Q9UFN0,11.46,0.0,/AF-Q9UFN0-F1-model_v1,67.42276763916016,0.0
3762,105.0,all,97.32,Q9UFN0,10.48,0.0,/AF-Q9UFN0-F1-model_v1,94.90122985839844,0.0
3763,107.0,all,97.43,Q9UFN0,10.45,0.0,/AF-Q9UFN0-F1-model_v1,94.63314819335938,0.0
3764,123.0,all,96.95,Q9UFN0,11.57,0.0,/AF-Q9UFN0-F1-model_v1,62.19515609741211,0.0
3765,136.0,all,93.13,Q9UFN0,10.44,0.0,/AF-Q9UFN0-F1-model_v1,120.50312042236328,0.0
3766,139.0,all,94.51,Q9UFN0,10.41,0.0,/AF-Q9UFN0-F1-model_v1,110.85214233398438,0.0
3767,142.0,all,94.83,Q9UFN0,11.39,0.0,/AF-Q9UFN0-F1-model_v1,59.51433181762695,0.0
3768,154.0,all,95.99,Q9UFN0,10.22,0.0,/AF-Q9UFN0-F1-model_v1,59.24625015258789,0.0
3769,166.0,all,97.41,Q9UFN0,10.26,0.0,/AF-Q9UFN0-F1-model_v1,51.20376968383789,0.0
3770,179.0,all,97.64,Q9UFN0,10.55,0.0,/AF-Q9UFN0-F1-model_v1,41.418758392333984,0.0
3771,212.0,all,96.73,Q9UFN0,10.38,0.0,/AF-Q9UFN0-F1-model_v1,96.10760498046875,0.0
3772,247.0,all,83.97,Q9UFN0,10.54,0.0,/AF-Q9UFN0-F1-model_v1,79.88860321044922,0.0
3773,61.0,all,97.69,P07954,10.35,0.0,/AF-P07954-F1-model_v1,60.45262145996094,0.0
3774,66.0,all,98.31,P07954,10.2,0.0,/AF-P07954-F1-model_v1,29.22100067138672,0.0
3775,80.0,all,97.66,P07954,10.31,0.0,/AF-P07954-F1-model_v1,68.36105346679688,0.0
3776,94.0,all,98.86,P07954,10.27,0.0,/AF-P07954-F1-model_v1,63.669612884521484,0.0
3777,100.0,all,98.84,P07954,6.53,0.0,/AF-P07954-F1-model_v1,1.3404128551483154,0.0
3778,115.0,all,98.43,P07954,10.46,0.0,/AF-P07954-F1-model_v1,88.46724700927734,0.0
3779,122.0,all,98.81,P07954,10.37,0.0,/AF-P07954-F1-model_v1,87.52896118164062,0.0
3780,131.0,all,98.68,P07954,11.61,0.0,/AF-P07954-F1-model_v1,70.23763275146484,0.0
3781,172.0,all,98.35,P07954,10.27,0.0,/AF-P07954-F1-model_v1,45.70808029174805,0.0
3782,183.0,all,98.55,P07954,9.93,0.0,/AF-P07954-F1-model_v1,28.68483543395996,0.0
3783,213.0,all,98.86,P07954,11.39,0.0,/AF-P07954-F1-model_v1,44.903831481933594,0.0
3784,221.0,all,98.8,P07954,10.56,0.0,/AF-P07954-F1-model_v1,8.846724510192871,0.0
3785,223.0,all,98.8,P07954,11.49,0.0,/AF-P07954-F1-model_v1,71.98017120361328,0.0
3786,230.0,all,98.82,P07954,10.96,0.0,/AF-P07954-F1-model_v1,9.248848915100098,0.0
3787,256.0,all,98.88,P07954,10.47,0.0,/AF-P07954-F1-model_v1,67.1546859741211,0.0
3788,263.0,all,98.87,P07954,10.19,0.0,/AF-P07954-F1-model_v1,77.47586059570312,0.0
3789,292.0,all,98.8,P07954,11.91,0.0,/AF-P07954-F1-model_v1,45.84212112426758,0.0
3790,296.0,all,98.84,P07954,11.21,0.0,/AF-P07954-F1-model_v1,41.95492172241211,0.0
3791,311.0,all,98.68,P07954,8.97,0.0,/AF-P07954-F1-model_v1,11.661591529846191,0.0
3792,337.0,all,98.89,P07954,11.04,0.0,/AF-P07954-F1-model_v1,54.286720275878906,0.0
3793,371.0,all,96.1,P07954,10.31,0.0,/AF-P07954-F1-model_v1,56.029258728027344,0.0
3794,409.0,all,98.77,P07954,6.84,0.0,/AF-P07954-F1-model_v1,1.3404128551483154,0.0
3795,414.0,all,98.89,P07954,9.94,0.0,/AF-P07954-F1-model_v1,63.669612884521484,0.0
3796,447.0,all,98.47,P07954,11.24,0.0,/AF-P07954-F1-model_v1,60.98878479003906,0.0
3797,467.0,all,98.29,P07954,10.4,0.0,/AF-P07954-F1-model_v1,57.90583419799805,0.0
3798,470.0,all,98.28,P07954,10.45,0.0,/AF-P07954-F1-model_v1,63.93769454956055,0.0
3799,473.0,all,97.96,P07954,10.53,0.0,/AF-P07954-F1-model_v1,82.83751678466797,0.0
3800,477.0,all,98.23,P07954,10.37,0.0,/AF-P07954-F1-model_v1,83.50772094726562,0.0
3801,483.0,all,98.52,P07954,11.31,0.0,/AF-P07954-F1-model_v1,34.046485900878906,0.0
3802,502.0,all,97.81,P07954,10.35,0.0,/AF-P07954-F1-model_v1,38.4698486328125,0.0
3803,504.0,all,97.78,P07954,10.6,0.0,/AF-P07954-F1-model_v1,73.99079132080078,0.0
3804,510.0,all,91.07,P07954,10.51,0.0,/AF-P07954-F1-model_v1,63.803653717041016,0.0
3805,41.0,all,93.52,Q14568,10.41,0.0,/AF-Q14568-F1-model_v1,47.85273742675781,0.0
3806,58.0,all,94.03,Q14568,8.75,0.0,/AF-Q14568-F1-model_v1,22.92106056213379,0.0
3807,69.0,all,94.67,Q14568,11.4,0.0,/AF-Q14568-F1-model_v1,26.138050079345703,0.0
3808,74.0,all,94.22,Q14568,10.56,0.0,/AF-Q14568-F1-model_v1,105.222412109375,0.0
3809,84.0,all,93.91,Q14568,11.26,0.0,/AF-Q14568-F1-model_v1,65.01002502441406,0.0
3810,100.0,all,97.48,Q14568,10.39,0.0,/AF-Q14568-F1-model_v1,56.43138122558594,0.0
3811,112.0,all,81.69,Q14568,10.19,0.0,/AF-Q14568-F1-model_v1,51.20376968383789,0.0
3812,116.0,all,83.23,Q14568,10.64,0.0,/AF-Q14568-F1-model_v1,71.57804870605469,0.0
3813,147.0,all,97.67,Q14568,10.5,0.0,/AF-Q14568-F1-model_v1,47.048492431640625,0.0
3814,153.0,all,98.23,Q14568,10.02,0.0,/AF-Q14568-F1-model_v1,32.035865783691406,0.0
3815,185.0,all,98.34,Q14568,10.13,0.0,/AF-Q14568-F1-model_v1,54.95692825317383,0.0
3816,191.0,all,97.3,Q14568,9.3,0.0,/AF-Q14568-F1-model_v1,36.59326934814453,0.0
3817,204.0,all,95.67,Q14568,12.23,0.0,/AF-Q14568-F1-model_v1,30.561412811279297,0.0
3818,208.0,all,92.27,Q14568,10.21,0.0,/AF-Q14568-F1-model_v1,79.48648071289062,0.0
3819,209.0,all,91.68,Q14568,11.31,0.0,/AF-Q14568-F1-model_v1,69.56742858886719,0.0
3820,224.0,all,83.04,Q14568,11.86,0.0,/AF-Q14568-F1-model_v1,39.81026077270508,0.0
3821,280.0,all,72.95,Q14568,11.63,0.0,/AF-Q14568-F1-model_v1,74.5269546508789,0.0
3822,282.0,all,80.69,Q14568,11.67,0.0,/AF-Q14568-F1-model_v1,57.771793365478516,0.0
3823,291.0,all,86.73,Q14568,10.6,0.0,/AF-Q14568-F1-model_v1,87.52896118164062,0.0
3824,293.0,all,83.37,Q14568,10.43,0.0,/AF-Q14568-F1-model_v1,119.96694946289062,0.0
3825,313.0,all,90.75,Q14568,11.41,0.0,/AF-Q14568-F1-model_v1,30.159290313720703,0.0
3826,326.0,all,96.41,Q14568,10.37,0.0,/AF-Q14568-F1-model_v1,83.50772094726562,0.0
3827,111.0,all,0.0,Q16531,10.125,0.0288675134594817,/3EI2-alt1B_assembled/3EI2-alt1A_assembled/3EI3-alt1B_assembled/3EI3-alt1A_assembled,38.067726135253906,8.048432350158691
3828,135.0,all,0.0,Q16531,9.934999999999999,0.167431578064992,/3EI2-alt1B_assembled/3EI2-alt1A_assembled/3EI3-alt1B_assembled/3EI3-alt1A_assembled,40.815574645996094,14.781255722045898
3829,138.0,all,0.0,Q16531,10.44,0.046188021535170105,/3EI2-alt1B_assembled/3EI2-alt1A_assembled/3EI3-alt1B_assembled/3EI3-alt1A_assembled,71.91314697265625,4.72071647644043
3830,168.0,all,0.0,Q16531,9.135,0.2598076211353312,/3EI2-alt1B_assembled/3EI2-alt1A_assembled/3EI3-alt1B_assembled/3EI3-alt1A_assembled,43.76448059082031,5.030271053314209
3831,182.0,all,0.0,Q16531,11.22,0.11547005383792576,/3EI2-alt1B_assembled/3EI2-alt1A_assembled/3EI3-alt1B_assembled/3EI3-alt1A_assembled,49.66230010986328,5.494601726531982
3832,199.0,all,0.0,Q16531,12.475,0.08698658900466567,/3EI2-alt1B_assembled/3EI2-alt1A_assembled/3EI3-alt1B_assembled/3EI3-alt1A_assembled,46.78041076660156,0.309556245803833
3833,232.0,all,0.0,Q16531,9.925,0.502294734194974,/3EI2-alt1B_assembled/3EI2-alt1A_assembled/3EI3-alt1B_assembled/3EI3-alt1A_assembled,48.12082290649414,24.30007553100586
3834,273.0,all,0.0,Q16531,10.21,0.28867513459481287,/3EI2-alt1B_assembled/3EI2-alt1A_assembled/3EI3-alt1B_assembled/3EI3-alt1A_assembled,47.51763916015625,1.934719443321228
3835,275.0,all,0.0,Q16531,9.81,0.03464101615137783,/3EI2-alt1B_assembled/3EI2-alt1A_assembled/3EI3-alt1B_assembled/3EI3-alt1A_assembled,39.944305419921875,9.441431045532227
3836,278.0,all,0.0,Q16531,10.600000000000001,0.03464101615137783,/3EI2-alt1B_assembled/3EI2-alt1A_assembled/3EI3-alt1B_assembled/3EI3-alt1A_assembled,86.5906753540039,0.7738894820213318
3837,280.0,all,0.0,Q16531,10.225000000000001,0.017320508075688402,/3EI2-alt1B_assembled/3EI2-alt1A_assembled/3EI3-alt1B_assembled/3EI3-alt1A_assembled,44.903831481933594,1.083443522453308
3838,304.0,all,0.0,Q16531,9.46,0.0461880215351701,/3EI2-alt1B_assembled/3EI2-alt1A_assembled/3EI3-alt1B_assembled/3EI3-alt1A_assembled,12.599881172180176,1.7025526762008667
3839,312.0,all,0.0,Q16531,10.5,0.09237604307034021,/3EI2-alt1B_assembled/3EI2-alt1A_assembled/3EI3-alt1B_assembled/3EI3-alt1A_assembled,72.24825286865234,3.4051032066345215
3840,314.0,all,0.0,Q16531,10.190000000000001,0.023094010767585563,/3EI2-alt1B_assembled/3EI2-alt1A_assembled/3EI3-alt1B_assembled/3EI3-alt1A_assembled,63.66961669921875,5.881548881530762
3841,325.0,all,0.0,Q16531,10.14,0.15011106998930257,/3EI2-alt1B_assembled/3EI2-alt1A_assembled/3EI3-alt1B_assembled/3EI3-alt1A_assembled,47.98678207397461,2.940774440765381
3842,339.0,all,0.0,Q16531,10.2725,0.037749172176353964,/3EI2-alt1B_assembled/3EI2-alt1A_assembled/3EI3-alt1B_assembled/3EI3-alt1A_assembled,15.548789978027344,0.30955514311790466
3843,359.0,all,0.0,Q16531,11.254999999999999,0.4676537180435971,/3EI2-alt1B_assembled/3EI2-alt1A_assembled/3EI3-alt1B_assembled/3EI3-alt1A_assembled,67.02064514160156,2.0121102333068848
3844,378.0,all,0.0,Q16531,8.5,0.542709253038249,/3EI2-alt1B_assembled/3EI2-alt1A_assembled/3EI3-alt1B_assembled/3EI3-alt1A_assembled,40.6815299987793,2.2442755699157715
3845,403.0,all,0.0,Q16531,10.205,0.00577350269189716,/3EI2-alt1B_assembled/3EI2-alt1A_assembled/3EI3-alt1B_assembled/3EI3-alt1A_assembled,50.6676025390625,4.178992748260498
3846,433.0,all,0.0,Q16531,11.085,1.3105851110604512,/3EI2-alt1B_assembled/3EI2-alt1A_assembled/3EI3-alt1B_assembled/3EI3-alt1A_assembled,40.74855422973633,0.46433326601982117
3847,34.0,all,78.02,P35580,10.19,0.0,/AF-P35580-F1-model_v1,56.43138122558594,0.0
3848,51.0,all,88.31,P35580,11.2,0.0,/AF-P35580-F1-model_v1,36.72731399536133,0.0
3849,67.0,all,85.22,P35580,10.45,0.0,/AF-P35580-F1-model_v1,76.40353393554688,0.0
3850,68.0,all,87.49,P35580,10.6,0.0,/AF-P35580-F1-model_v1,61.122825622558594,0.0
3851,73.0,all,81.99,P35580,10.8,0.0,/AF-P35580-F1-model_v1,67.1546859741211,0.0
3852,78.0,all,82.5,P35580,10.74,0.0,/AF-P35580-F1-model_v1,48.656986236572266,0.0
3853,83.0,all,72.14,P35580,10.25,0.0,/AF-P35580-F1-model_v1,72.91845703125,0.0
3854,86.0,all,87.01,P35580,10.11,0.0,/AF-P35580-F1-model_v1,39.00601577758789,0.0
3855,106.0,all,93.34,P35580,9.99,0.0,/AF-P35580-F1-model_v1,59.51433181762695,0.0
3856,129.0,all,87.86,P35580,10.79,0.0,/AF-P35580-F1-model_v1,80.9609375,0.0
3857,145.0,all,87.75,P35580,10.55,0.0,/AF-P35580-F1-model_v1,47.048492431640625,0.0
3858,146.0,all,79.93,P35580,12.2,0.0,/AF-P35580-F1-model_v1,23.05510139465332,0.0
3859,184.0,all,89.24,P35580,9.22,0.0,/AF-P35580-F1-model_v1,8.04247760772705,0.0
3860,189.0,all,90.56,P35580,13.37,0.0,/AF-P35580-F1-model_v1,33.912445068359375,0.0
3861,190.0,all,93.12,P35580,9.21,0.0,/AF-P35580-F1-model_v1,39.14005661010742,0.0
3862,232.0,all,90.06,P35580,10.7,0.0,/AF-P35580-F1-model_v1,17.55940818786621,0.0
3863,235.0,all,80.36,P35580,9.96,0.0,/AF-P35580-F1-model_v1,37.66559982299805,0.0
3864,244.0,all,88.45,P35580,10.26,0.0,/AF-P35580-F1-model_v1,15.950913429260254,0.0
3865,268.0,all,83.92,P35580,13.18,0.0,/AF-P35580-F1-model_v1,38.87197494506836,0.0
3866,276.0,all,85.1,P35580,11.61,0.0,/AF-P35580-F1-model_v1,85.65238189697266,0.0
3867,296.0,all,91.92,P35580,9.72,0.0,/AF-P35580-F1-model_v1,32.437992095947266,0.0
3868,323.0,all,92.93,P35580,10.52,0.0,/AF-P35580-F1-model_v1,69.29934692382812,0.0
3869,348.0,all,95.21,P35580,11.05,0.0,/AF-P35580-F1-model_v1,35.65498352050781,0.0
3870,362.0,all,89.99,P35580,10.39,0.0,/AF-P35580-F1-model_v1,76.26949310302734,0.0
3871,363.0,all,90.05,P35580,11.61,0.0,/AF-P35580-F1-model_v1,46.78041076660156,0.0
3872,380.0,all,93.65,P35580,11.31,0.0,/AF-P35580-F1-model_v1,45.97616195678711,0.0
3873,402.0,all,70.97,P35580,10.47,0.0,/AF-P35580-F1-model_v1,31.49970245361328,0.0
3874,410.0,all,84.59,P35580,10.09,0.0,/AF-P35580-F1-model_v1,67.42276763916016,0.0
3875,414.0,all,90.86,P35580,11.42,0.0,/AF-P35580-F1-model_v1,40.21238708496094,0.0
3876,426.0,all,89.26,P35580,10.15,0.0,/AF-P35580-F1-model_v1,25.86996841430664,0.0
3877,442.0,all,89.57,P35580,10.29,0.0,/AF-P35580-F1-model_v1,97.98418426513672,0.0
3878,482.0,all,91.3,P35580,9.28,0.0,/AF-P35580-F1-model_v1,19.033863067626953,0.0
3879,543.0,all,79.83,P35580,10.43,0.0,/AF-P35580-F1-model_v1,89.4055404663086,0.0
3880,547.0,all,88.14,P35580,11.05,0.0,/AF-P35580-F1-model_v1,69.29934692382812,0.0
3881,552.0,all,90.32,P35580,11.95,0.0,/AF-P35580-F1-model_v1,28.416751861572266,0.0
3882,562.0,all,92.4,P35580,10.42,0.0,/AF-P35580-F1-model_v1,45.30595397949219,0.0
3883,565.0,all,81.79,P35580,10.14,0.0,/AF-P35580-F1-model_v1,50.533565521240234,0.0
3884,583.0,all,88.8,P35580,11.45,0.0,/AF-P35580-F1-model_v1,44.76979064941406,0.0
3885,587.0,all,89.47,P35580,10.17,0.0,/AF-P35580-F1-model_v1,39.27409744262695,0.0
3886,594.0,all,80.54,P35580,11.23,0.0,/AF-P35580-F1-model_v1,30.159290313720703,0.0
3887,620.0,all,84.88,P35580,10.7,0.0,/AF-P35580-F1-model_v1,53.34843063354492,0.0
3888,658.0,all,85.22,P35580,9.9,0.0,/AF-P35580-F1-model_v1,45.43999481201172,0.0
3889,663.0,all,84.51,P35580,11.11,0.0,/AF-P35580-F1-model_v1,77.3418197631836,0.0
3890,685.0,all,83.87,P35580,9.99,0.0,/AF-P35580-F1-model_v1,25.601884841918945,0.0
3891,689.0,all,92.31,P35580,11.37,0.0,/AF-P35580-F1-model_v1,54.8228874206543,0.0
3892,738.0,all,78.96,P35580,10.13,0.0,/AF-P35580-F1-model_v1,59.648372650146484,0.0
3893,744.0,all,90.3,P35580,10.2,0.0,/AF-P35580-F1-model_v1,33.912445068359375,0.0
3894,767.0,all,92.08,P35580,11.13,0.0,/AF-P35580-F1-model_v1,52.142059326171875,0.0
3895,785.0,all,86.53,P35580,10.48,0.0,/AF-P35580-F1-model_v1,77.47586059570312,0.0
3896,804.0,all,92.0,P35580,10.62,0.0,/AF-P35580-F1-model_v1,72.5163345336914,0.0
3897,808.0,all,92.05,P35580,10.42,0.0,/AF-P35580-F1-model_v1,74.12483215332031,0.0
3898,809.0,all,92.31,P35580,10.42,0.0,/AF-P35580-F1-model_v1,80.15669250488281,0.0
3899,817.0,all,93.66,P35580,10.39,0.0,/AF-P35580-F1-model_v1,73.72270965576172,0.0
3900,828.0,all,89.87,P35580,10.44,0.0,/AF-P35580-F1-model_v1,84.31196594238281,0.0
3901,840.0,all,87.67,P35580,10.39,0.0,/AF-P35580-F1-model_v1,88.7353286743164,0.0
3902,842.0,all,85.71,P35580,10.36,0.0,/AF-P35580-F1-model_v1,70.10359191894531,0.0
3903,857.0,all,88.42,P35580,11.4,0.0,/AF-P35580-F1-model_v1,62.59728240966797,0.0
3904,863.0,all,87.92,P35580,11.53,0.0,/AF-P35580-F1-model_v1,56.83350372314453,0.0
3905,865.0,all,90.23,P35580,10.43,0.0,/AF-P35580-F1-model_v1,100.26288604736328,0.0
3906,867.0,all,87.1,P35580,10.36,0.0,/AF-P35580-F1-model_v1,88.06512451171875,0.0
3907,870.0,all,85.21,P35580,11.4,0.0,/AF-P35580-F1-model_v1,73.45462799072266,0.0
3908,881.0,all,81.82,P35580,11.92,0.0,/AF-P35580-F1-model_v1,33.912445068359375,0.0
3909,889.0,all,84.88,P35580,10.39,0.0,/AF-P35580-F1-model_v1,83.10559844970703,0.0
3910,916.0,all,87.33,P35580,10.54,0.0,/AF-P35580-F1-model_v1,76.40353393554688,0.0
3911,917.0,all,86.16,P35580,11.27,0.0,/AF-P35580-F1-model_v1,49.46123504638672,0.0
3912,945.0,all,75.63,P35580,11.28,0.0,/AF-P35580-F1-model_v1,56.43138122558594,0.0
3913,946.0,all,78.57,P35580,10.28,0.0,/AF-P35580-F1-model_v1,67.69084930419922,0.0
3914,947.0,all,81.11,P35580,10.5,0.0,/AF-P35580-F1-model_v1,81.3630599975586,0.0
3915,9.0,all,74.89,Q96C19,10.4,0.0,/AF-Q96C19-F1-model_v1,83.10559844970703,0.0
3916,58.0,all,81.98,Q96C19,11.1,0.0,/AF-Q96C19-F1-model_v1,72.91845703125,0.0
3917,87.0,all,86.35,Q96C19,10.42,0.0,/AF-Q96C19-F1-model_v1,98.25226593017578,0.0
3918,92.0,all,87.13,Q96C19,10.71,0.0,/AF-Q96C19-F1-model_v1,102.13945770263672,0.0
3919,95.0,all,91.62,Q96C19,10.6,0.0,/AF-Q96C19-F1-model_v1,84.44600677490234,0.0
3920,99.0,all,92.59,Q96C19,10.55,0.0,/AF-Q96C19-F1-model_v1,108.30535888671875,0.0
3921,102.0,all,92.72,Q96C19,11.51,0.0,/AF-Q96C19-F1-model_v1,76.13545227050781,0.0
3922,118.0,all,93.64,Q96C19,10.62,0.0,/AF-Q96C19-F1-model_v1,78.41415405273438,0.0
3923,123.0,all,90.3,Q96C19,10.44,0.0,/AF-Q96C19-F1-model_v1,74.9290771484375,0.0
3924,134.0,all,94.06,Q96C19,10.17,0.0,/AF-Q96C19-F1-model_v1,83.90984344482422,0.0
3925,138.0,all,92.19,Q96C19,10.37,0.0,/AF-Q96C19-F1-model_v1,96.91184997558594,0.0
3926,147.0,all,92.42,Q96C19,10.73,0.0,/AF-Q96C19-F1-model_v1,48.92506790161133,0.0
3927,159.0,all,89.12,Q96C19,11.3,0.0,/AF-Q96C19-F1-model_v1,52.8122673034668,0.0
3928,212.0,all,78.81,Q96C19,10.44,0.0,/AF-Q96C19-F1-model_v1,84.71409606933594,0.0
3929,219.0,all,86.92,Q96C19,10.43,0.0,/AF-Q96C19-F1-model_v1,83.50772094726562,0.0
3930,220.0,all,88.38,Q96C19,10.43,0.0,/AF-Q96C19-F1-model_v1,83.50772094726562,0.0
3931,226.0,all,89.75,Q96C19,10.44,0.0,/AF-Q96C19-F1-model_v1,85.11621856689453,0.0
3932,229.0,all,83.72,Q96C19,10.42,0.0,/AF-Q96C19-F1-model_v1,84.04388427734375,0.0
3933,233.0,all,82.9,Q96C19,10.44,0.0,/AF-Q96C19-F1-model_v1,85.11621856689453,0.0
3934,6.0,all,94.0,O75083,10.48,0.0,/AF-O75083-F1-model_v1,50.93568801879883,0.0
3935,7.0,all,94.48,O75083,9.88,0.0,/AF-O75083-F1-model_v1,38.20176696777344,0.0
3936,21.0,all,98.14,O75083,7.12,0.0,/AF-O75083-F1-model_v1,11.52755069732666,0.0
3937,28.0,all,93.55,O75083,10.43,0.0,/AF-O75083-F1-model_v1,99.5926742553711,0.0
3938,38.0,all,97.91,O75083,10.07,0.0,/AF-O75083-F1-model_v1,51.73993682861328,0.0
3939,65.0,all,98.64,O75083,9.39,0.0,/AF-O75083-F1-model_v1,30.293331146240234,0.0
3940,81.0,all,98.36,O75083,11.32,0.0,/AF-O75083-F1-model_v1,50.667606353759766,0.0
3941,90.0,all,87.76,O75083,10.6,0.0,/AF-O75083-F1-model_v1,122.11161041259766,0.0
3942,95.0,all,97.85,O75083,10.77,0.0,/AF-O75083-F1-model_v1,53.48247146606445,0.0
3943,104.0,all,98.08,O75083,10.51,0.0,/AF-O75083-F1-model_v1,57.50371170043945,0.0
3944,106.0,all,98.53,O75083,9.19,0.0,/AF-O75083-F1-model_v1,49.997398376464844,0.0
3945,115.0,all,97.93,O75083,10.5,0.0,/AF-O75083-F1-model_v1,86.85875701904297,0.0
3946,126.0,all,95.05,O75083,9.95,0.0,/AF-O75083-F1-model_v1,50.3995246887207,0.0
3947,147.0,all,97.58,O75083,10.47,0.0,/AF-O75083-F1-model_v1,65.01002502441406,0.0
3948,155.0,all,98.57,O75083,9.11,0.0,/AF-O75083-F1-model_v1,8.71268367767334,0.0
3949,180.0,all,98.12,O75083,10.47,0.0,/AF-O75083-F1-model_v1,76.939697265625,0.0
3950,182.0,all,97.83,O75083,10.08,0.0,/AF-O75083-F1-model_v1,36.057106018066406,0.0
3951,219.0,all,97.99,O75083,10.39,0.0,/AF-O75083-F1-model_v1,80.9609375,0.0
3952,223.0,all,97.77,O75083,11.64,0.0,/AF-O75083-F1-model_v1,51.20376968383789,0.0
3953,231.0,all,93.24,O75083,10.48,0.0,/AF-O75083-F1-model_v1,64.60790252685547,0.0
3954,256.0,all,98.4,O75083,10.2,0.0,/AF-O75083-F1-model_v1,36.99539566040039,0.0
3955,259.0,all,98.67,O75083,9.84,0.0,/AF-O75083-F1-model_v1,24.797637939453125,0.0
3956,289.0,all,94.13,O75083,10.36,0.0,/AF-O75083-F1-model_v1,58.44200134277344,0.0
3957,311.0,all,94.88,O75083,10.43,0.0,/AF-O75083-F1-model_v1,81.49710083007812,0.0
3958,317.0,all,95.11,O75083,11.46,0.0,/AF-O75083-F1-model_v1,32.97415542602539,0.0
3959,321.0,all,96.37,O75083,10.21,0.0,/AF-O75083-F1-model_v1,86.9927978515625,0.0
3960,330.0,all,91.56,O75083,10.44,0.0,/AF-O75083-F1-model_v1,75.3311996459961,0.0
3961,334.0,all,92.24,O75083,11.87,0.0,/AF-O75083-F1-model_v1,61.52495193481445,0.0
3962,362.0,all,91.04,O75083,10.45,0.0,/AF-O75083-F1-model_v1,105.08837127685547,0.0
3963,405.0,all,96.57,O75083,10.42,0.0,/AF-O75083-F1-model_v1,95.5714340209961,0.0
3964,411.0,all,98.05,O75083,11.63,0.0,/AF-O75083-F1-model_v1,21.982770919799805,0.0
3965,433.0,all,95.08,O75083,11.68,0.0,/AF-O75083-F1-model_v1,35.11881637573242,0.0
3966,437.0,all,95.65,O75083,11.33,0.0,/AF-O75083-F1-model_v1,34.98477554321289,0.0
3967,480.0,all,96.56,O75083,11.4,0.0,/AF-O75083-F1-model_v1,50.533565521240234,0.0
3968,484.0,all,95.35,O75083,10.17,0.0,/AF-O75083-F1-model_v1,48.522945404052734,0.0
3969,489.0,all,95.51,O75083,11.41,0.0,/AF-O75083-F1-model_v1,53.88459777832031,0.0
3970,511.0,all,97.73,O75083,10.33,0.0,/AF-O75083-F1-model_v1,51.33781433105469,0.0
3971,534.0,all,97.56,O75083,10.04,0.0,/AF-O75083-F1-model_v1,60.45262145996094,0.0
3972,569.0,all,96.36,O75083,11.21,0.0,/AF-O75083-F1-model_v1,33.778404235839844,0.0
3973,600.0,all,97.46,O75083,9.27,0.0,/AF-O75083-F1-model_v1,45.70808029174805,0.0
3974,109.0,all,96.89,Q8NBJ5,10.39,0.0,/AF-Q8NBJ5-F1-model_v1,89.80766296386719,0.0
3975,133.0,all,91.35,Q8NBJ5,10.44,0.0,/AF-Q8NBJ5-F1-model_v1,36.59326934814453,0.0
3976,145.0,all,98.39,Q8NBJ5,11.98,0.0,/AF-Q8NBJ5-F1-model_v1,49.193153381347656,0.0
3977,152.0,all,98.48,Q8NBJ5,11.37,0.0,/AF-Q8NBJ5-F1-model_v1,64.87598419189453,0.0
3978,185.0,all,98.42,Q8NBJ5,10.57,0.0,/AF-Q8NBJ5-F1-model_v1,43.563419342041016,0.0
3979,212.0,all,90.89,Q8NBJ5,10.39,0.0,/AF-Q8NBJ5-F1-model_v1,87.79704284667969,0.0
3980,222.0,all,93.19,Q8NBJ5,10.25,0.0,/AF-Q8NBJ5-F1-model_v1,86.59066772460938,0.0
3981,244.0,all,98.03,Q8NBJ5,10.09,0.0,/AF-Q8NBJ5-F1-model_v1,28.014629364013672,0.0
3982,274.0,all,95.32,Q8NBJ5,10.25,0.0,/AF-Q8NBJ5-F1-model_v1,76.5375747680664,0.0
3983,285.0,all,98.31,Q8NBJ5,11.26,0.0,/AF-Q8NBJ5-F1-model_v1,51.06972885131836,0.0
3984,318.0,all,89.92,Q8NBJ5,10.48,0.0,/AF-Q8NBJ5-F1-model_v1,97.85013580322266,0.0
3985,333.0,all,90.02,Q8NBJ5,9.45,0.0,/AF-Q8NBJ5-F1-model_v1,58.44200134277344,0.0
3986,337.0,all,98.49,Q8NBJ5,11.36,0.0,/AF-Q8NBJ5-F1-model_v1,22.38489532470703,0.0
3987,378.0,all,88.23,Q8NBJ5,10.23,0.0,/AF-Q8NBJ5-F1-model_v1,99.99479675292969,0.0
3988,407.0,all,90.09,Q8NBJ5,10.86,0.0,/AF-Q8NBJ5-F1-model_v1,10.455220222473145,0.0
3989,421.0,all,98.65,Q8NBJ5,10.73,0.0,/AF-Q8NBJ5-F1-model_v1,72.38229370117188,0.0
3990,430.0,all,98.46,Q8NBJ5,11.11,0.0,/AF-Q8NBJ5-F1-model_v1,36.19114685058594,0.0
3991,445.0,all,97.04,Q8NBJ5,10.55,0.0,/AF-Q8NBJ5-F1-model_v1,30.963537216186523,0.0
3992,470.0,all,90.8,Q8NBJ5,8.43,0.0,/AF-Q8NBJ5-F1-model_v1,6.165899276733398,0.0
3993,479.0,all,92.59,Q8NBJ5,11.5,0.0,/AF-Q8NBJ5-F1-model_v1,77.07373809814453,0.0
3994,508.0,all,98.7,Q8NBJ5,10.76,0.0,/AF-Q8NBJ5-F1-model_v1,21.848730087280273,0.0
3995,517.0,all,93.63,Q8NBJ5,10.14,0.0,/AF-Q8NBJ5-F1-model_v1,38.4698486328125,0.0
3996,531.0,all,95.13,Q8NBJ5,10.73,0.0,/AF-Q8NBJ5-F1-model_v1,51.20376968383789,0.0
3997,538.0,all,93.88,Q8NBJ5,10.45,0.0,/AF-Q8NBJ5-F1-model_v1,23.05510139465332,0.0
3998,583.0,all,78.81,Q8NBJ5,10.46,0.0,/AF-Q8NBJ5-F1-model_v1,96.37568664550781,0.0
3999,34.0,all,90.77,Q58FG0,10.87,0.0,/AF-Q58FG0-F1-model_v1,41.016632080078125,0.0
4000,38.0,all,88.9,Q58FG0,10.18,0.0,/AF-Q58FG0-F1-model_v1,68.09297180175781,0.0
4001,39.0,all,88.92,Q58FG0,10.3,0.0,/AF-Q58FG0-F1-model_v1,83.3736801147461,0.0
4002,54.0,all,77.89,Q58FG0,11.2,0.0,/AF-Q58FG0-F1-model_v1,47.58465576171875,0.0
4003,55.0,all,74.54,Q58FG0,10.99,0.0,/AF-Q58FG0-F1-model_v1,66.7525634765625,0.0
4004,116.0,all,85.66,Q58FG0,10.5,0.0,/AF-Q58FG0-F1-model_v1,76.80565643310547,0.0
4005,118.0,all,86.87,Q58FG0,10.43,0.0,/AF-Q58FG0-F1-model_v1,92.7565689086914,0.0
4006,151.0,all,90.25,Q58FG0,10.47,0.0,/AF-Q58FG0-F1-model_v1,114.47126007080078,0.0
4007,174.0,all,75.57,Q58FG0,10.44,0.0,/AF-Q58FG0-F1-model_v1,94.09698486328125,0.0
4008,184.0,all,84.5,Q58FG0,10.53,0.0,/AF-Q58FG0-F1-model_v1,103.47987365722656,0.0
4009,198.0,all,79.32,Q58FG0,11.62,0.0,/AF-Q58FG0-F1-model_v1,56.699462890625,0.0
4010,212.0,all,82.94,Q58FG0,10.39,0.0,/AF-Q58FG0-F1-model_v1,96.91184997558594,0.0
4011,219.0,all,80.84,Q58FG0,10.44,0.0,/AF-Q58FG0-F1-model_v1,95.03527069091797,0.0
4012,224.0,all,77.8,Q58FG0,10.01,0.0,/AF-Q58FG0-F1-model_v1,26.808258056640625,0.0
4013,231.0,all,81.72,Q58FG0,10.2,0.0,/AF-Q58FG0-F1-model_v1,91.55020141601562,0.0
4014,243.0,all,78.47,Q58FG0,10.64,0.0,/AF-Q58FG0-F1-model_v1,64.47386169433594,0.0
4015,244.0,all,82.55,Q58FG0,10.42,0.0,/AF-Q58FG0-F1-model_v1,81.76518249511719,0.0
4016,245.0,all,83.52,Q58FG0,11.24,0.0,/AF-Q58FG0-F1-model_v1,65.94831085205078,0.0
4017,249.0,all,86.23,Q58FG0,10.29,0.0,/AF-Q58FG0-F1-model_v1,65.41214752197266,0.0
4018,250.0,all,85.94,Q58FG0,10.3,0.0,/AF-Q58FG0-F1-model_v1,47.58465576171875,0.0
4019,252.0,all,89.01,Q58FG0,11.25,0.0,/AF-Q58FG0-F1-model_v1,61.793033599853516,0.0
4020,258.0,all,88.89,Q58FG0,11.5,0.0,/AF-Q58FG0-F1-model_v1,58.84412384033203,0.0
4021,261.0,all,87.97,Q58FG0,10.4,0.0,/AF-Q58FG0-F1-model_v1,71.57804870605469,0.0
4022,266.0,all,84.1,Q58FG0,10.47,0.0,/AF-Q58FG0-F1-model_v1,95.1693115234375,0.0
4023,267.0,all,84.21,Q58FG0,10.41,0.0,/AF-Q58FG0-F1-model_v1,81.22901916503906,0.0
4024,269.0,all,84.13,Q58FG0,10.52,0.0,/AF-Q58FG0-F1-model_v1,103.2117919921875,0.0
4025,270.0,all,84.2,Q58FG0,10.54,0.0,/AF-Q58FG0-F1-model_v1,69.56742858886719,0.0
4026,286.0,all,77.5,Q58FG0,10.22,0.0,/AF-Q58FG0-F1-model_v1,81.63114166259766,0.0
4027,292.0,all,79.77,Q58FG0,10.4,0.0,/AF-Q58FG0-F1-model_v1,82.03326416015625,0.0
4028,60.0,all,90.94,P54707,12.19,0.0,/AF-P54707-F1-model_v1,37.66559982299805,0.0
4029,69.0,all,91.88,P54707,11.18,0.0,/AF-P54707-F1-model_v1,38.60388946533203,0.0
4030,99.0,all,73.01,P54707,10.45,0.0,/AF-P54707-F1-model_v1,117.55420684814453,0.0
4031,106.0,all,82.71,P54707,11.41,0.0,/AF-P54707-F1-model_v1,35.386898040771484,0.0
4032,109.0,all,85.64,P54707,10.42,0.0,/AF-P54707-F1-model_v1,94.7671890258789,0.0
4033,138.0,all,71.41,P54707,10.44,0.0,/AF-P54707-F1-model_v1,92.35444641113281,0.0
4034,192.0,all,92.7,P54707,11.41,0.0,/AF-P54707-F1-model_v1,56.163299560546875,0.0
4035,193.0,all,92.59,P54707,11.26,0.0,/AF-P54707-F1-model_v1,43.29533386230469,0.0
4036,209.0,all,91.01,P54707,10.72,0.0,/AF-P54707-F1-model_v1,61.92707443237305,0.0
4037,255.0,all,91.32,P54707,10.14,0.0,/AF-P54707-F1-model_v1,55.49309158325195,0.0
4038,296.0,all,81.64,P54707,11.37,0.0,/AF-P54707-F1-model_v1,64.87598419189453,0.0
4039,329.0,all,87.04,P54707,10.46,0.0,/AF-P54707-F1-model_v1,82.83751678466797,0.0
4040,364.0,all,84.89,P54707,10.47,0.0,/AF-P54707-F1-model_v1,104.01603698730469,0.0
4041,368.0,all,86.7,P54707,10.21,0.0,/AF-P54707-F1-model_v1,105.49049377441406,0.0
4042,369.0,all,83.92,P54707,11.39,0.0,/AF-P54707-F1-model_v1,66.08235168457031,0.0
4043,374.0,all,80.79,P54707,8.31,0.0,/AF-P54707-F1-model_v1,43.29533386230469,0.0
4044,392.0,all,91.92,P54707,13.2,0.0,/AF-P54707-F1-model_v1,13.136046409606934,0.0
4045,438.0,all,91.73,P54707,9.79,0.0,/AF-P54707-F1-model_v1,64.741943359375,0.0
4046,449.0,all,87.46,P54707,10.35,0.0,/AF-P54707-F1-model_v1,69.1653060913086,0.0
4047,459.0,all,83.98,P54707,10.49,0.0,/AF-P54707-F1-model_v1,97.85013580322266,0.0
4048,460.0,all,88.35,P54707,10.38,0.0,/AF-P54707-F1-model_v1,40.74855041503906,0.0
4049,473.0,all,91.97,P54707,8.04,0.0,/AF-P54707-F1-model_v1,10.053096771240234,0.0
4050,487.0,all,89.55,P54707,10.46,0.0,/AF-P54707-F1-model_v1,86.05450439453125,0.0
4051,491.0,all,92.84,P54707,10.31,0.0,/AF-P54707-F1-model_v1,23.323183059692383,0.0
4052,502.0,all,86.3,P54707,10.34,0.0,/AF-P54707-F1-model_v1,52.276100158691406,0.0
4053,523.0,all,96.12,P54707,10.54,0.0,/AF-P54707-F1-model_v1,11.393508911132812,0.0
4054,532.0,all,92.94,P54707,9.75,0.0,/AF-P54707-F1-model_v1,24.3955135345459,0.0
4055,547.0,all,86.76,P54707,10.47,0.0,/AF-P54707-F1-model_v1,99.05651092529297,0.0
4056,551.0,all,88.91,P54707,10.44,0.0,/AF-P54707-F1-model_v1,89.4055404663086,0.0
4057,620.0,all,94.32,P54707,11.46,0.0,/AF-P54707-F1-model_v1,67.02064514160156,0.0
4058,627.0,all,96.16,P54707,8.66,0.0,/AF-P54707-F1-model_v1,24.529556274414062,0.0
4059,640.0,all,92.47,P54707,10.4,0.0,/AF-P54707-F1-model_v1,26.67421531677246,0.0
4060,644.0,all,92.45,P54707,9.99,0.0,/AF-P54707-F1-model_v1,62.32919692993164,0.0
4061,672.0,all,84.62,P54707,10.44,0.0,/AF-P54707-F1-model_v1,88.60128784179688,0.0
4062,676.0,all,91.22,P54707,10.46,0.0,/AF-P54707-F1-model_v1,89.94170379638672,0.0
4063,686.0,all,83.4,P54707,11.54,0.0,/AF-P54707-F1-model_v1,61.122825622558594,0.0
4064,713.0,all,92.72,P54707,13.05,0.0,/AF-P54707-F1-model_v1,7.372270584106445,0.0
4065,741.0,all,88.11,P54707,9.52,0.0,/AF-P54707-F1-model_v1,25.73592758178711,0.0
4066,742.0,all,91.17,P54707,10.92,0.0,/AF-P54707-F1-model_v1,12.733922004699707,0.0
4067,758.0,all,85.34,P54707,9.95,0.0,/AF-P54707-F1-model_v1,26.138050079345703,0.0
4068,788.0,all,93.89,P54707,9.51,0.0,/AF-P54707-F1-model_v1,11.92967414855957,0.0
4069,789.0,all,94.54,P54707,10.46,0.0,/AF-P54707-F1-model_v1,7.908435821533203,0.0
4070,797.0,all,92.9,P54707,13.63,0.0,/AF-P54707-F1-model_v1,3.4850735664367676,0.0
4071,841.0,all,93.47,P54707,10.19,0.0,/AF-P54707-F1-model_v1,106.56282043457031,0.0
4072,850.0,all,93.13,P54707,10.41,0.0,/AF-P54707-F1-model_v1,111.6563949584961,0.0
4073,854.0,all,82.61,P54707,10.96,0.0,/AF-P54707-F1-model_v1,58.307960510253906,0.0
4074,856.0,all,86.07,P54707,10.47,0.0,/AF-P54707-F1-model_v1,99.45863342285156,0.0
4075,907.0,all,86.05,P54707,11.37,0.0,/AF-P54707-F1-model_v1,40.61450958251953,0.0
4076,914.0,all,92.36,P54707,11.05,0.0,/AF-P54707-F1-model_v1,60.85474395751953,0.0
4077,953.0,all,94.98,P54707,9.71,0.0,/AF-P54707-F1-model_v1,2.412743091583252,0.0
4078,968.0,all,87.59,P54707,10.44,0.0,/AF-P54707-F1-model_v1,93.15869140625,0.0
4079,45.0,all,88.48,Q9UJQ1,11.1,0.0,/AF-Q9UJQ1-F1-model_v1,33.24224090576172,0.0
4080,65.0,all,97.4,Q9UJQ1,11.4,0.0,/AF-Q9UJQ1-F1-model_v1,65.54618835449219,0.0
4081,96.0,all,96.38,Q9UJQ1,10.33,0.0,/AF-Q9UJQ1-F1-model_v1,68.36105346679688,0.0
4082,118.0,all,98.43,Q9UJQ1,11.03,0.0,/AF-Q9UJQ1-F1-model_v1,52.4101448059082,0.0
4083,123.0,all,96.16,Q9UJQ1,10.95,0.0,/AF-Q9UJQ1-F1-model_v1,26.272092819213867,0.0
4084,140.0,all,98.19,Q9UJQ1,10.15,0.0,/AF-Q9UJQ1-F1-model_v1,70.9078369140625,0.0
4085,150.0,all,93.29,Q9UJQ1,10.46,0.0,/AF-Q9UJQ1-F1-model_v1,80.29073333740234,0.0
4086,154.0,all,91.41,Q9UJQ1,10.57,0.0,/AF-Q9UJQ1-F1-model_v1,99.1905517578125,0.0
4087,161.0,all,95.42,Q9UJQ1,10.51,0.0,/AF-Q9UJQ1-F1-model_v1,97.85013580322266,0.0
4088,178.0,all,96.87,Q9UJQ1,11.5,0.0,/AF-Q9UJQ1-F1-model_v1,41.418758392333984,0.0
4089,197.0,all,90.62,Q9UJQ1,12.39,0.0,/AF-Q9UJQ1-F1-model_v1,19.838109970092773,0.0
4090,224.0,all,96.42,Q9UJQ1,10.78,0.0,/AF-Q9UJQ1-F1-model_v1,71.04188537597656,0.0
4091,261.0,all,87.03,Q9UJQ1,10.36,0.0,/AF-Q9UJQ1-F1-model_v1,71.44400787353516,0.0
4092,29.0,all,86.53,Q9ULV0,11.41,0.0,/AF-Q9ULV0-F1-model_v1,52.142059326171875,0.0
4093,32.0,all,81.48,Q9ULV0,10.47,0.0,/AF-Q9ULV0-F1-model_v1,87.93108367919922,0.0
4094,36.0,all,82.87,Q9ULV0,10.45,0.0,/AF-Q9ULV0-F1-model_v1,93.82890319824219,0.0
4095,90.0,all,93.62,Q9ULV0,10.92,0.0,/AF-Q9ULV0-F1-model_v1,42.4910888671875,0.0
4096,148.0,all,89.0,Q9ULV0,10.38,0.0,/AF-Q9ULV0-F1-model_v1,36.19114685058594,0.0
4097,155.0,all,87.16,Q9ULV0,10.45,0.0,/AF-Q9ULV0-F1-model_v1,96.50972747802734,0.0
4098,169.0,all,87.3,Q9ULV0,9.59,0.0,/AF-Q9ULV0-F1-model_v1,15.682830810546875,0.0
4099,174.0,all,86.27,Q9ULV0,10.06,0.0,/AF-Q9ULV0-F1-model_v1,73.99079132080078,0.0
4100,195.0,all,81.23,Q9ULV0,10.04,0.0,/AF-Q9ULV0-F1-model_v1,58.84412384033203,0.0
4101,210.0,all,85.88,Q9ULV0,10.72,0.0,/AF-Q9ULV0-F1-model_v1,10.053096771240234,0.0
4102,222.0,all,86.31,Q9ULV0,11.0,0.0,/AF-Q9ULV0-F1-model_v1,45.171913146972656,0.0
4103,230.0,all,87.63,Q9ULV0,10.44,0.0,/AF-Q9ULV0-F1-model_v1,98.25226593017578,0.0
4104,246.0,all,81.02,Q9ULV0,10.03,0.0,/AF-Q9ULV0-F1-model_v1,33.10819625854492,0.0
4105,275.0,all,86.56,Q9ULV0,10.44,0.0,/AF-Q9ULV0-F1-model_v1,93.02465057373047,0.0
4106,307.0,all,91.8,Q9ULV0,12.58,0.0,/AF-Q9ULV0-F1-model_v1,48.12082290649414,0.0
4107,318.0,all,86.02,Q9ULV0,10.41,0.0,/AF-Q9ULV0-F1-model_v1,88.7353286743164,0.0
4108,327.0,all,93.4,Q9ULV0,10.76,0.0,/AF-Q9ULV0-F1-model_v1,28.55079460144043,0.0
4109,380.0,all,79.25,Q9ULV0,11.13,0.0,/AF-Q9ULV0-F1-model_v1,43.161293029785156,0.0
4110,390.0,all,82.74,Q9ULV0,10.28,0.0,/AF-Q9ULV0-F1-model_v1,51.47185516357422,0.0
4111,406.0,all,87.49,Q9ULV0,10.77,0.0,/AF-Q9ULV0-F1-model_v1,17.961532592773438,0.0
4112,422.0,all,87.45,Q9ULV0,10.9,0.0,/AF-Q9ULV0-F1-model_v1,55.627132415771484,0.0
4113,429.0,all,81.59,Q9ULV0,10.23,0.0,/AF-Q9ULV0-F1-model_v1,82.70347595214844,0.0
4114,461.0,all,89.57,Q9ULV0,10.43,0.0,/AF-Q9ULV0-F1-model_v1,39.00601577758789,0.0
4115,472.0,all,74.77,Q9ULV0,10.7,0.0,/AF-Q9ULV0-F1-model_v1,87.66300201416016,0.0
4116,480.0,all,86.06,Q9ULV0,11.44,0.0,/AF-Q9ULV0-F1-model_v1,76.13545227050781,0.0
4117,503.0,all,84.93,Q9ULV0,10.64,0.0,/AF-Q9ULV0-F1-model_v1,100.53096771240234,0.0
4118,515.0,all,75.4,Q9ULV0,10.46,0.0,/AF-Q9ULV0-F1-model_v1,77.74394989013672,0.0
4119,518.0,all,73.81,Q9ULV0,10.48,0.0,/AF-Q9ULV0-F1-model_v1,89.4055404663086,0.0
4120,527.0,all,92.1,Q9ULV0,11.45,0.0,/AF-Q9ULV0-F1-model_v1,57.637752532958984,0.0
4121,540.0,all,91.46,Q9ULV0,9.87,0.0,/AF-Q9ULV0-F1-model_v1,36.72731399536133,0.0
4122,556.0,all,88.99,Q9ULV0,10.25,0.0,/AF-Q9ULV0-F1-model_v1,57.771793365478516,0.0
4123,567.0,all,75.79,Q9ULV0,10.9,0.0,/AF-Q9ULV0-F1-model_v1,29.48908233642578,0.0
4124,581.0,all,84.33,Q9ULV0,9.95,0.0,/AF-Q9ULV0-F1-model_v1,38.4698486328125,0.0
4125,584.0,all,82.92,Q9ULV0,10.2,0.0,/AF-Q9ULV0-F1-model_v1,75.59928894042969,0.0
4126,659.0,all,89.69,Q9ULV0,10.01,0.0,/AF-Q9ULV0-F1-model_v1,6.031857967376709,0.0
4127,664.0,all,83.48,Q9ULV0,11.4,0.0,/AF-Q9ULV0-F1-model_v1,59.648372650146484,0.0
4128,672.0,all,90.21,Q9ULV0,11.25,0.0,/AF-Q9ULV0-F1-model_v1,47.31657409667969,0.0
4129,712.0,all,80.09,Q9ULV0,11.24,0.0,/AF-Q9ULV0-F1-model_v1,51.60589599609375,0.0
4130,713.0,all,76.87,Q9ULV0,10.46,0.0,/AF-Q9ULV0-F1-model_v1,93.29273223876953,0.0
4131,721.0,all,84.03,Q9ULV0,10.21,0.0,/AF-Q9ULV0-F1-model_v1,57.771793365478516,0.0
4132,722.0,all,87.32,Q9ULV0,9.61,0.0,/AF-Q9ULV0-F1-model_v1,30.963537216186523,0.0
4133,734.0,all,80.5,Q9ULV0,10.48,0.0,/AF-Q9ULV0-F1-model_v1,94.09698486328125,0.0
4134,738.0,all,85.8,Q9ULV0,12.33,0.0,/AF-Q9ULV0-F1-model_v1,33.10819625854492,0.0
4135,745.0,all,89.37,Q9ULV0,10.72,0.0,/AF-Q9ULV0-F1-model_v1,48.12082290649414,0.0
4136,758.0,all,80.72,Q9ULV0,9.84,0.0,/AF-Q9ULV0-F1-model_v1,36.99539566040039,0.0
4137,763.0,all,86.18,Q9ULV0,9.96,0.0,/AF-Q9ULV0-F1-model_v1,47.71869659423828,0.0
4138,773.0,all,91.4,Q9ULV0,10.3,0.0,/AF-Q9ULV0-F1-model_v1,62.59728240966797,0.0
4139,781.0,all,90.67,Q9ULV0,10.41,0.0,/AF-Q9ULV0-F1-model_v1,81.63114166259766,0.0
4140,783.0,all,90.06,Q9ULV0,10.42,0.0,/AF-Q9ULV0-F1-model_v1,74.12483215332031,0.0
4141,788.0,all,91.87,Q9ULV0,10.62,0.0,/AF-Q9ULV0-F1-model_v1,53.88459777832031,0.0
4142,821.0,all,87.95,Q9ULV0,10.42,0.0,/AF-Q9ULV0-F1-model_v1,82.30135345458984,0.0
4143,863.0,all,72.61,Q9ULV0,10.4,0.0,/AF-Q9ULV0-F1-model_v1,98.65438842773438,0.0
4144,869.0,all,75.92,Q9ULV0,10.45,0.0,/AF-Q9ULV0-F1-model_v1,84.84813690185547,0.0
4145,898.0,all,74.37,Q9ULV0,9.41,0.0,/AF-Q9ULV0-F1-model_v1,2.412743091583252,0.0
4146,964.0,all,84.02,Q9ULV0,11.35,0.0,/AF-Q9ULV0-F1-model_v1,53.21438980102539,0.0
4147,16.0,all,82.28,Q9NQ94,12.3,0.0,/AF-Q9NQ94-F1-model_v1,41.552799224853516,0.0
4148,39.0,all,92.99,Q9NQ94,11.0,0.0,/AF-Q9NQ94-F1-model_v1,27.746545791625977,0.0
4149,62.0,all,92.75,Q9NQ94,10.05,0.0,/AF-Q9NQ94-F1-model_v1,73.72270965576172,0.0
4150,78.0,all,93.85,Q9NQ94,10.51,0.0,/AF-Q9NQ94-F1-model_v1,79.48648071289062,0.0
4151,81.0,all,93.5,Q9NQ94,10.17,0.0,/AF-Q9NQ94-F1-model_v1,55.76117706298828,0.0
4152,106.0,all,91.31,Q9NQ94,10.78,0.0,/AF-Q9NQ94-F1-model_v1,54.95692825317383,0.0
4153,110.0,all,92.29,Q9NQ94,10.37,0.0,/AF-Q9NQ94-F1-model_v1,93.42677307128906,0.0
4154,114.0,all,92.42,Q9NQ94,10.29,0.0,/AF-Q9NQ94-F1-model_v1,97.04589080810547,0.0
4155,145.0,all,93.16,Q9NQ94,10.32,0.0,/AF-Q9NQ94-F1-model_v1,88.33320617675781,0.0
4156,147.0,all,92.64,Q9NQ94,11.33,0.0,/AF-Q9NQ94-F1-model_v1,35.65498352050781,0.0
4157,148.0,all,92.27,Q9NQ94,10.6,0.0,/AF-Q9NQ94-F1-model_v1,96.24164581298828,0.0
4158,157.0,all,94.23,Q9NQ94,10.24,0.0,/AF-Q9NQ94-F1-model_v1,49.059112548828125,0.0
4159,158.0,all,92.36,Q9NQ94,11.43,0.0,/AF-Q9NQ94-F1-model_v1,71.44400787353516,0.0
4160,175.0,all,84.98,Q9NQ94,8.97,0.0,/AF-Q9NQ94-F1-model_v1,37.397518157958984,0.0
4161,177.0,all,90.23,Q9NQ94,11.49,0.0,/AF-Q9NQ94-F1-model_v1,65.81427001953125,0.0
4162,198.0,all,90.39,Q9NQ94,10.52,0.0,/AF-Q9NQ94-F1-model_v1,71.30996704101562,0.0
4163,231.0,all,93.92,Q9NQ94,10.46,0.0,/AF-Q9NQ94-F1-model_v1,60.18453598022461,0.0
4164,249.0,all,92.8,Q9NQ94,10.53,0.0,/AF-Q9NQ94-F1-model_v1,81.76518249511719,0.0
4165,255.0,all,86.42,Q9NQ94,11.56,0.0,/AF-Q9NQ94-F1-model_v1,60.18453598022461,0.0
4166,263.0,all,95.07,Q9NQ94,10.38,0.0,/AF-Q9NQ94-F1-model_v1,71.84613037109375,0.0
4167,264.0,all,93.77,Q9NQ94,9.56,0.0,/AF-Q9NQ94-F1-model_v1,10.321179389953613,0.0
4168,284.0,all,95.16,Q9NQ94,10.39,0.0,/AF-Q9NQ94-F1-model_v1,86.72471618652344,0.0
4169,289.0,all,93.16,Q9NQ94,11.28,0.0,/AF-Q9NQ94-F1-model_v1,50.26548385620117,0.0
4170,302.0,all,90.43,Q9NQ94,11.07,0.0,/AF-Q9NQ94-F1-model_v1,59.51433181762695,0.0
4171,457.0,all,86.41,Q9NQ94,10.45,0.0,/AF-Q9NQ94-F1-model_v1,84.84813690185547,0.0
4172,482.0,all,89.87,Q9NQ94,10.16,0.0,/AF-Q9NQ94-F1-model_v1,36.86135482788086,0.0
4173,502.0,all,85.09,Q9NQ94,10.68,0.0,/AF-Q9NQ94-F1-model_v1,70.5057144165039,0.0
4174,511.0,all,90.55,Q9NQ94,10.27,0.0,/AF-Q9NQ94-F1-model_v1,66.35043334960938,0.0
4175,4.0,all,0.0,P0A7K2,11.65,0.04830458915396511,/1RQU-alt-1_assembled/1RQV-alt-1_assembled,39.77675247192383,6.543242454528809
4176,29.0,all,0.0,P0A7K2,10.435,0.02380476142847653,/1RQU-alt-1_assembled/1RQV-alt-1_assembled,77.27479553222656,5.372251510620117
4177,51.0,all,0.0,P0A7K2,10.370000000000001,0.018257418583506123,/1RQU-alt-1_assembled/1RQV-alt-1_assembled,86.75822448730469,7.0329108238220215
4178,59.0,all,0.0,P0A7K2,10.732500000000002,0.004999999999999893,/1RQU-alt-1_assembled/1RQV-alt-1_assembled,55.292030334472656,8.153045654296875
4179,65.0,all,0.0,P0A7K2,10.29,0.0,/1RQU-alt-1_assembled/1RQV-alt-1_assembled,78.81627655029297,11.4629487991333
4180,70.0,all,0.0,P0A7K2,10.25,0.0,/1RQU-alt-1_assembled/1RQV-alt-1_assembled,69.56742858886719,3.9958395957946777
4181,81.0,all,0.0,P0A7K2,10.4975,0.15500000000000025,/1RQU-alt-1_assembled/1RQV-alt-1_assembled,91.4831771850586,11.741944313049316
4182,84.0,all,0.0,P0A7K2,11.52,0.0,/1RQU-alt-1_assembled/1RQV-alt-1_assembled,68.69615936279297,6.62612247467041
4183,95.0,all,0.0,P0A7K2,10.342500000000001,0.01892969448600051,/1RQU-alt-1_assembled/1RQV-alt-1_assembled,48.087310791015625,6.641359329223633
4184,100.0,all,0.0,P0A7K2,11.587500000000002,0.004999999999999893,/1RQU-alt-1_assembled/1RQV-alt-1_assembled,60.08400344848633,7.806970596313477
4185,107.0,all,0.0,P0A7K2,10.99,0.008164965809277086,/1RQU-alt-1_assembled/1RQV-alt-1_assembled,37.028907775878906,2.0747551918029785
4186,108.0,all,0.0,P0A7K2,10.4325,0.004999999999999893,/1RQU-alt-1_assembled/1RQV-alt-1_assembled,86.89226531982422,2.8963959217071533
4187,120.0,all,0.0,P0A7K2,10.7275,0.058523499553597765,/1RQU-alt-1_assembled/1RQV-alt-1_assembled,62.09462356567383,3.5113956928253174
4188,55.0,all,0.0,P0A6P9,10.385416666666666,0.07592783568549856,/2FYM-alt1C_assembled/2FYM-alt1B_assembled/2FYM-alt1A_assembled/6BFY-alt1B_assembled/6BFY-alt1A_assembled,90.6789321899414,9.435361862182617
4189,61.0,all,0.0,P0A6P9,8.507916666666668,2.234899042884053,/2FYM-alt1C_assembled/2FYM-alt1B_assembled/2FYM-alt1A_assembled/6BFY-alt1B_assembled/6BFY-alt1A_assembled,52.50509262084961,16.16607093811035
4190,65.0,all,0.0,P0A6P9,10.546666666666667,0.06689814884464744,/2FYM-alt1C_assembled/2FYM-alt1B_assembled/2FYM-alt1A_assembled/6BFY-alt1B_assembled/6BFY-alt1A_assembled,68.45040893554688,10.6153564453125
4191,81.0,all,0.0,P0A6P9,10.264166666666666,0.07977777104947972,/2FYM-alt1C_assembled/2FYM-alt1B_assembled/2FYM-alt1A_assembled/6BFY-alt1B_assembled/6BFY-alt1A_assembled,55.99574279785156,7.628457546234131
4192,84.0,all,0.0,P0A6P9,9.452083333333336,0.9017952103716651,/2FYM-alt1C_assembled/2FYM-alt1B_assembled/2FYM-alt1A_assembled/6BFY-alt1B_assembled/6BFY-alt1A_assembled,27.19362449645996,24.6107177734375
4193,91.0,all,0.0,P0A6P9,11.342083333333335,0.30569918670749363,/2FYM-alt1C_assembled/2FYM-alt1B_assembled/2FYM-alt1A_assembled/6BFY-alt1B_assembled/6BFY-alt1A_assembled,70.5057144165039,10.124217987060547
4194,102.0,all,0.0,P0A6P9,10.304999999999998,0.10488088481701517,/2FYM-alt1C_assembled/2FYM-alt1B_assembled/2FYM-alt1A_assembled/6BFY-alt1B_assembled/6BFY-alt1A_assembled,12.856793403625488,4.325577735900879
4195,104.0,all,0.0,P0A6P9,10.40333333333333,0.05036101551853377,/2FYM-alt1C_assembled/2FYM-alt1B_assembled/2FYM-alt1A_assembled/6BFY-alt1B_assembled/6BFY-alt1A_assembled,68.74642181396484,18.625694274902344
4196,119.0,all,0.0,P0A6P9,11.004583333333331,0.5618214103266704,/2FYM-alt1C_assembled/2FYM-alt1B_assembled/2FYM-alt1A_assembled/6BFY-alt1B_assembled/6BFY-alt1A_assembled,13.923539161682129,7.246460437774658
4197,125.0,all,0.0,P0A6P9,11.310833333333333,0.9222558197709838,/2FYM-alt1C_assembled/2FYM-alt1B_assembled/2FYM-alt1A_assembled/6BFY-alt1B_assembled/6BFY-alt1A_assembled,10.488731384277344,10.771293640136719
4198,142.0,all,0.0,P0A6P9,10.17875,0.28630042749288465,/2FYM-alt1C_assembled/2FYM-alt1B_assembled/2FYM-alt1A_assembled/6BFY-alt1B_assembled/6BFY-alt1A_assembled,73.70037078857422,15.275064468383789
4199,176.0,all,0.0,P0A6P9,10.558750000000002,0.24578733295977276,/2FYM-alt1C_assembled/2FYM-alt1B_assembled/2FYM-alt1A_assembled/6BFY-alt1B_assembled/6BFY-alt1A_assembled,82.98273468017578,11.055441856384277
4200,179.0,all,0.0,P0A6P9,9.499999999999996,1.0094122267330927,/2FYM-alt1C_assembled/2FYM-alt1B_assembled/2FYM-alt1A_assembled/6BFY-alt1B_assembled/6BFY-alt1A_assembled,63.55231857299805,13.493829727172852
4201,194.0,all,0.0,P0A6P9,10.011666666666665,0.19196165075951696,/2FYM-alt1C_assembled/2FYM-alt1B_assembled/2FYM-alt1A_assembled/6BFY-alt1B_assembled/6BFY-alt1A_assembled,62.38505172729492,5.876441955566406
4202,197.0,all,0.0,P0A6P9,10.226666666666661,0.675211185428334,/2FYM-alt1C_assembled/2FYM-alt1B_assembled/2FYM-alt1A_assembled/6BFY-alt1B_assembled/6BFY-alt1A_assembled,61.6031379699707,15.181665420532227
4203,199.0,all,0.0,P0A6P9,10.975416666666666,0.32108483460682563,/2FYM-alt1C_assembled/2FYM-alt1B_assembled/2FYM-alt1A_assembled/6BFY-alt1B_assembled/6BFY-alt1A_assembled,38.50335693359375,6.426357746124268
4204,230.0,all,0.0,P0A6P9,10.45541666666667,0.029485319363558193,/2FYM-alt1C_assembled/2FYM-alt1B_assembled/2FYM-alt1A_assembled/6BFY-alt1B_assembled/6BFY-alt1A_assembled,84.69175720214844,6.673056602478027
4205,238.0,all,0.0,P0A6P9,11.104583333333336,0.5759904827615505,/2FYM-alt1C_assembled/2FYM-alt1B_assembled/2FYM-alt1A_assembled/6BFY-alt1B_assembled/6BFY-alt1A_assembled,65.8086929321289,8.186063766479492
4206,253.0,all,0.0,P0A6P9,10.421249999999999,0.06536270043913148,/2FYM-alt1C_assembled/2FYM-alt1B_assembled/2FYM-alt1A_assembled/6BFY-alt1B_assembled/6BFY-alt1A_assembled,76.93970489501953,4.610742092132568
4207,281.0,all,0.0,P0A6P9,10.614583333333334,0.36578657553357474,/2FYM-alt1C_assembled/2FYM-alt1B_assembled/2FYM-alt1A_assembled/6BFY-alt1B_assembled/6BFY-alt1A_assembled,58.855289459228516,9.17153263092041
4208,305.0,all,0.0,P0A6P9,10.41291666666667,0.04666990154419586,/2FYM-alt1C_assembled/2FYM-alt1B_assembled/2FYM-alt1A_assembled/6BFY-alt1B_assembled/6BFY-alt1A_assembled,83.88191986083984,6.527754783630371
4209,327.0,all,0.0,P0A6P9,10.673333333333332,0.33062084769042643,/2FYM-alt1C_assembled/2FYM-alt1B_assembled/2FYM-alt1A_assembled/6BFY-alt1B_assembled/6BFY-alt1A_assembled,70.48896026611328,10.532587051391602
4210,332.0,all,0.0,P0A6P9,11.23666666666667,0.3349323963801165,/2FYM-alt1C_assembled/2FYM-alt1B_assembled/2FYM-alt1A_assembled/6BFY-alt1B_assembled/6BFY-alt1A_assembled,56.163299560546875,8.348917007446289
4211,341.0,all,0.0,P0A6P9,11.124166666666666,0.7555356099953292,/2FYM-alt1C_assembled/2FYM-alt1B_assembled/2FYM-alt1A_assembled/6BFY-alt1B_assembled/6BFY-alt1A_assembled,10.96904468536377,3.2190942764282227
4212,356.0,all,0.0,P0A6P9,11.026250000000003,0.38809246432978484,/2FYM-alt1C_assembled/2FYM-alt1B_assembled/2FYM-alt1A_assembled/6BFY-alt1B_assembled/6BFY-alt1A_assembled,70.34933471679688,3.709329843521118
4213,359.0,all,0.0,P0A6P9,8.752380952380953,0.40800618576076475,/2FYM-alt1C_assembled/2FYM-alt1B_assembled/2FYM-alt1A_assembled/6BFY-alt1B_assembled/6BFY-alt1A_assembled,42.39534378051758,3.455599308013916
4214,392.0,all,0.0,P0A6P9,16.38333333333333,0.7760696218581259,/2FYM-alt1C_assembled/2FYM-alt1B_assembled/2FYM-alt1A_assembled/6BFY-alt1B_assembled/6BFY-alt1A_assembled,4.914846897125244,2.276358127593994
4215,404.0,all,0.0,P0A6P9,9.966666666666667,0.351341115883332,/2FYM-alt1C_assembled/2FYM-alt1B_assembled/2FYM-alt1A_assembled/6BFY-alt1B_assembled/6BFY-alt1A_assembled,4.121769905090332,0.8507409691810608
4216,418.0,all,0.0,P0A6P9,10.512083333333333,0.13695378994284946,/2FYM-alt1C_assembled/2FYM-alt1B_assembled/2FYM-alt1A_assembled/6BFY-alt1B_assembled/6BFY-alt1A_assembled,68.56771087646484,10.531599998474121
4217,425.0,all,0.0,P0A6P9,10.303749999999999,0.077896949764472,/2FYM-alt1C_assembled/2FYM-alt1B_assembled/2FYM-alt1A_assembled/6BFY-alt1B_assembled/6BFY-alt1A_assembled,69.2825927734375,8.250683784484863
4218,428.0,all,0.0,P0A6P9,10.025833333333333,0.1226134493887782,/2FYM-alt1C_assembled/2FYM-alt1B_assembled/2FYM-alt1A_assembled/6BFY-alt1B_assembled/6BFY-alt1A_assembled,39.84377670288086,3.1201624870300293
4219,9.0,all,0.0,P0A6P9,8.35,0.27386127875258304,/2FYM-alt1C_assembled/2FYM-alt1B_assembled/2FYM-alt1A_assembled,25.40082550048828,0.9544265270233154
4220,2.0,all,0.0,P0A6P9,10.601666666666667,0.14378292461820633,/2FYM-alt1C_assembled/2FYM-alt1B_assembled/2FYM-alt1A_assembled/6BFY-alt1B_assembled/6BFY-alt1A_assembled,66.36532592773438,6.6206536293029785
4221,5.0,all,0.0,P0A6P9,10.022380952380951,0.6433420922177,/2FYM-alt1C_assembled/2FYM-alt1B_assembled/2FYM-alt1A_assembled/6BFY-alt1B_assembled/6BFY-alt1A_assembled,53.49524688720703,9.438915252685547
4222,256.0,all,0.0,P0A6P9,10.453809523809523,0.07984210608921781,/2FYM-alt1C_assembled/2FYM-alt1B_assembled/2FYM-alt1A_assembled/6BFY-alt1B_assembled/6BFY-alt1A_assembled,50.05485534667969,7.845316410064697
4223,265.0,all,0.0,P0A6P9,10.349444444444446,0.2787888136464216,/2FYM-alt1C_assembled/2FYM-alt1B_assembled/2FYM-alt1A_assembled/6BFY-alt1B_assembled/6BFY-alt1A_assembled,56.18564224243164,10.175849914550781
4224,310.0,all,0.0,P0A6P9,10.294444444444444,0.1400933395663393,/2FYM-alt1C_assembled/2FYM-alt1B_assembled/2FYM-alt1A_assembled/6BFY-alt1B_assembled/6BFY-alt1A_assembled,79.88116455078125,9.090597152709961
4225,324.0,all,0.0,P0A6P9,10.886666666666668,0.3671351730549903,/2FYM-alt1C_assembled/2FYM-alt1B_assembled/2FYM-alt1A_assembled/6BFY-alt1B_assembled/6BFY-alt1A_assembled,77.63224792480469,20.531070709228516
4226,95.0,all,0.0,P0ACF8,10.508823529411764,0.4470861543503276,/1HNR-alt-1_assembled/1HNS-alt-14_assembled/1HNS-alt-2_assembled/1HNS-alt-3_assembled/1HNS-alt-15_assembled/1HNS-alt-1_assembled/1HNS-alt-16_assembled/1HNS-alt-12_assembled/1HNS-alt-4_assembled/1HNS-alt-5_assembled/1HNS-alt-13_assembled/1HNS-alt-11_assembled/1HNS-alt-7_assembled/1HNS-alt-6_assembled/1HNS-alt-10_assembled/1HNS-alt-8_assembled/1HNS-alt-9_assembled,97.32186126708984,24.418310165405273
4227,106.0,all,0.0,P0ACF8,11.042941176470588,0.5206458093786307,/1HNR-alt-1_assembled/1HNS-alt-14_assembled/1HNS-alt-2_assembled/1HNS-alt-3_assembled/1HNS-alt-15_assembled/1HNS-alt-1_assembled/1HNS-alt-16_assembled/1HNS-alt-12_assembled/1HNS-alt-4_assembled/1HNS-alt-5_assembled/1HNS-alt-13_assembled/1HNS-alt-11_assembled/1HNS-alt-7_assembled/1HNS-alt-6_assembled/1HNS-alt-10_assembled/1HNS-alt-8_assembled/1HNS-alt-9_assembled,76.41929626464844,20.251319885253906
4228,119.0,all,0.0,P0ACF8,10.423529411764706,0.3483701547289638,/1HNR-alt-1_assembled/1HNS-alt-14_assembled/1HNS-alt-2_assembled/1HNS-alt-3_assembled/1HNS-alt-15_assembled/1HNS-alt-1_assembled/1HNS-alt-16_assembled/1HNS-alt-12_assembled/1HNS-alt-4_assembled/1HNS-alt-5_assembled/1HNS-alt-13_assembled/1HNS-alt-11_assembled/1HNS-alt-7_assembled/1HNS-alt-6_assembled/1HNS-alt-10_assembled/1HNS-alt-8_assembled/1HNS-alt-9_assembled,86.92182922363281,17.061796188354492
4229,120.0,all,0.0,P0ACF8,11.531764705882352,0.7586602936601273,/1HNR-alt-1_assembled/1HNS-alt-14_assembled/1HNS-alt-2_assembled/1HNS-alt-3_assembled/1HNS-alt-15_assembled/1HNS-alt-1_assembled/1HNS-alt-16_assembled/1HNS-alt-12_assembled/1HNS-alt-4_assembled/1HNS-alt-5_assembled/1HNS-alt-13_assembled/1HNS-alt-11_assembled/1HNS-alt-7_assembled/1HNS-alt-6_assembled/1HNS-alt-10_assembled/1HNS-alt-8_assembled/1HNS-alt-9_assembled,61.10706329345703,15.837652206420898
4230,127.0,all,0.0,P0ACF8,10.951176470588237,0.5200947311901598,/1HNR-alt-1_assembled/1HNS-alt-14_assembled/1HNS-alt-2_assembled/1HNS-alt-3_assembled/1HNS-alt-15_assembled/1HNS-alt-1_assembled/1HNS-alt-16_assembled/1HNS-alt-12_assembled/1HNS-alt-4_assembled/1HNS-alt-5_assembled/1HNS-alt-13_assembled/1HNS-alt-11_assembled/1HNS-alt-7_assembled/1HNS-alt-6_assembled/1HNS-alt-10_assembled/1HNS-alt-8_assembled/1HNS-alt-9_assembled,67.10737609863281,18.378934860229492
4231,135.0,all,0.0,P0ACF8,10.965882352941177,0.5955360906730318,/1HNR-alt-1_assembled/1HNS-alt-14_assembled/1HNS-alt-2_assembled/1HNS-alt-3_assembled/1HNS-alt-15_assembled/1HNS-alt-1_assembled/1HNS-alt-16_assembled/1HNS-alt-12_assembled/1HNS-alt-4_assembled/1HNS-alt-5_assembled/1HNS-alt-13_assembled/1HNS-alt-11_assembled/1HNS-alt-7_assembled/1HNS-alt-6_assembled/1HNS-alt-10_assembled/1HNS-alt-8_assembled/1HNS-alt-9_assembled,83.27117919921875,18.41425132751465
4232,3.0,all,0.0,P63104,11.126666666666665,0.4012314377845621,/2O02-alt1A_assembled/2O02-alt1B_assembled/2O02-alt1C_assembled,34.15818786621094,3.2794036865234375
4233,9.0,all,0.0,P63104,10.288333333333332,0.3587989223320868,/2O02-alt1A_assembled/2O02-alt1B_assembled/2O02-alt1C_assembled,47.89741897583008,17.59603500366211
4234,11.0,all,0.0,P63104,11.175000000000002,0.06473020933072877,/2O02-alt1A_assembled/2O02-alt1B_assembled/2O02-alt1C_assembled,39.385799407958984,6.2229905128479
4235,27.0,all,0.0,P63104,11.118333333333332,0.4448557818739315,/2O02-alt1A_assembled/2O02-alt1B_assembled/2O02-alt1C_assembled,41.530460357666016,12.346189498901367
4236,49.0,all,0.0,P63104,10.334999999999999,1.0198578332297106,/2O02-alt1A_assembled/2O02-alt1B_assembled/2O02-alt1C_assembled,40.502811431884766,10.727461814880371
4237,68.0,all,0.0,P63104,10.343333333333334,0.11758684733705017,/2O02-alt1A_assembled/2O02-alt1B_assembled/2O02-alt1C_assembled,73.83440399169922,9.524447441101074
4238,74.0,all,0.0,P63104,10.1,1.0787770854073608,/2O02-alt1A_assembled/2O02-alt1B_assembled/2O02-alt1C_assembled,72.27059173583984,36.088775634765625
4239,75.0,all,0.0,P63104,9.983333333333333,0.2947993668016723,/2O02-alt1A_assembled/2O02-alt1B_assembled/2O02-alt1C_assembled,60.787723541259766,17.867206573486328
4240,85.0,all,0.0,P63104,10.152,1.0925062928880547,/2O02-alt1A_assembled/2O02-alt1B_assembled/2O02-alt1C_assembled,46.02977752685547,13.069404602050781
4241,103.0,all,0.0,P63104,10.278333333333334,0.3008931150203784,/2O02-alt1A_assembled/2O02-alt1B_assembled/2O02-alt1C_assembled,67.80255126953125,13.157753944396973
4242,115.0,all,0.0,P63104,10.203999999999999,0.2397498696558564,/2O02-alt1A_assembled/2O02-alt1B_assembled/2O02-alt1C_assembled,51.311004638671875,14.902534484863281
4243,120.0,all,0.0,P63104,10.371666666666666,0.42569550933345157,/2O02-alt1A_assembled/2O02-alt1B_assembled/2O02-alt1C_assembled,21.93808937072754,14.945133209228516
4244,122.0,all,0.0,P63104,10.826666666666668,0.5909878735360538,/2O02-alt1A_assembled/2O02-alt1B_assembled/2O02-alt1C_assembled,39.519840240478516,11.362215995788574
4245,138.0,all,0.0,P63104,10.104999999999999,0.301114596125794,/2O02-alt1A_assembled/2O02-alt1B_assembled/2O02-alt1C_assembled,65.0993881225586,8.368586540222168
4246,139.0,all,0.0,P63104,10.84666666666667,0.4113230684834813,/2O02-alt1A_assembled/2O02-alt1B_assembled/2O02-alt1C_assembled,93.4044418334961,8.66218376159668
4247,157.0,all,0.0,P63104,10.425,0.3318885355055212,/2O02-alt1A_assembled/2O02-alt1B_assembled/2O02-alt1C_assembled,52.544185638427734,23.513608932495117
4248,158.0,all,0.0,P63104,10.631666666666668,0.21046773307722644,/2O02-alt1A_assembled/2O02-alt1B_assembled/2O02-alt1C_assembled,81.07263946533203,15.894248008728027
4249,187.0,all,0.0,P63104,10.142,0.4074555190447177,/2O02-alt1A_assembled/2O02-alt1B_assembled/2O02-alt1C_assembled,74.58057403564453,19.437049865722656
4250,193.0,all,0.0,P63104,10.989999999999998,0.30049958402633437,/2O02-alt1A_assembled/2O02-alt1B_assembled/2O02-alt1C_assembled,81.87242126464844,20.23055648803711
4251,212.0,all,0.0,P63104,10.023333333333333,0.49061865707152535,/2O02-alt1A_assembled/2O02-alt1B_assembled/2O02-alt1C_assembled,59.648372650146484,41.61907196044922
4252,7.0,all,32.22,P36683,10.623333333333333,0.18876793513023657,/1L5J-alt-1_assembled/AF-P36683-F1-model_v1,77.56522369384766,4.855801582336426
4253,20.0,all,32.083333333333336,P36683,10.153333333333334,0.07767453465154035,/1L5J-alt-1_assembled/AF-P36683-F1-model_v1,63.93769454956055,5.573604583740234
4254,35.0,all,32.473333333333336,P36683,10.850000000000001,0.41073105555825734,/1L5J-alt-1_assembled/AF-P36683-F1-model_v1,52.7675895690918,18.36626625061035
4255,64.0,all,32.776666666666664,P36683,7.553333333333334,0.06506407098647707,/1L5J-alt-1_assembled/AF-P36683-F1-model_v1,8.26587963104248,3.217921733856201
4256,73.0,all,32.22666666666667,P36683,11.136666666666668,0.48055523442506975,/1L5J-alt-1_assembled/AF-P36683-F1-model_v1,70.63976287841797,17.513303756713867
4257,77.0,all,32.38333333333333,P36683,10.433333333333332,0.005773502691896135,/1L5J-alt-1_assembled/AF-P36683-F1-model_v1,96.6884536743164,16.57041358947754
4258,85.0,all,32.57666666666667,P36683,10.856666666666667,0.2773685875028625,/1L5J-alt-1_assembled/AF-P36683-F1-model_v1,44.635746002197266,4.447667121887207
4259,110.0,all,32.166666666666664,P36683,10.94,0.510979451641648,/1L5J-alt-1_assembled/AF-P36683-F1-model_v1,85.16089630126953,21.731369018554688
4260,117.0,all,32.63,P36683,10.426666666666668,0.0321455025366425,/1L5J-alt-1_assembled/AF-P36683-F1-model_v1,87.75235748291016,7.749317646026611
4261,135.0,all,32.803333333333335,P36683,11.036666666666667,0.1686218649325566,/1L5J-alt-1_assembled/AF-P36683-F1-model_v1,24.440195083618164,4.599263668060303
4262,137.0,all,32.56,P36683,10.816666666666668,0.41860880704224745,/1L5J-alt-1_assembled/AF-P36683-F1-model_v1,80.6481704711914,16.652616500854492
4263,144.0,all,32.836666666666666,P36683,10.756666666666668,0.5493025881363872,/1L5J-alt-1_assembled/AF-P36683-F1-model_v1,53.03566360473633,8.895669937133789
4264,165.0,all,32.63666666666666,P36683,11.083333333333334,0.4215843134336636,/1L5J-alt-1_assembled/AF-P36683-F1-model_v1,47.27189254760742,6.238802433013916
4265,172.0,all,32.376666666666665,P36683,9.776666666666666,0.13428824718989105,/1L5J-alt-1_assembled/AF-P36683-F1-model_v1,17.916852951049805,4.201148509979248
4266,203.0,all,31.636666666666667,P36683,10.453333333333333,0.149777612924406,/1L5J-alt-1_assembled/AF-P36683-F1-model_v1,20.37427520751953,1.7113245725631714
4267,221.0,all,32.406666666666666,P36683,10.756666666666666,0.058594652770823576,/1L5J-alt-1_assembled/AF-P36683-F1-model_v1,77.52054595947266,10.676567077636719
4268,229.0,all,31.603333333333335,P36683,10.286666666666667,0.020816659994661882,/1L5J-alt-1_assembled/AF-P36683-F1-model_v1,46.33360290527344,4.458425521850586
4269,247.0,all,31.713333333333335,P36683,9.979999999999999,0.9853425800197609,/1L5J-alt-1_assembled/AF-P36683-F1-model_v1,25.28912353515625,9.185821533203125
4270,267.0,all,32.013333333333335,P36683,13.5,0.7135825109964503,/1L5J-alt-1_assembled/AF-P36683-F1-model_v1,35.520938873291016,8.125821113586426
4271,277.0,all,30.069999999999997,P36683,10.103333333333333,0.4562163229580172,/1L5J-alt-1_assembled/AF-P36683-F1-model_v1,44.054901123046875,15.438817977905273
4272,313.0,all,32.376666666666665,P36683,10.633333333333333,0.023094010767585563,/1L5J-alt-1_assembled/AF-P36683-F1-model_v1,69.56742095947266,3.0712687969207764
4273,331.0,all,29.573333333333334,P36683,11.023333333333333,1.0461994711016318,/1L5J-alt-1_assembled/AF-P36683-F1-model_v1,50.176116943359375,3.622422933578491
4274,356.0,all,32.406666666666666,P36683,10.806666666666667,0.6101092798288953,/1L5J-alt-1_assembled/AF-P36683-F1-model_v1,68.27169799804688,14.350138664245605
4275,373.0,all,25.453333333333333,P36683,10.456666666666665,0.0665832811847935,/1L5J-alt-1_assembled/AF-P36683-F1-model_v1,83.59708404541016,12.302868843078613
4276,387.0,all,32.9,P36683,11.06,0.14798648586948732,/1L5J-alt-1_assembled/AF-P36683-F1-model_v1,24.752958297729492,1.6972683668136597
4277,396.0,all,32.13333333333333,P36683,10.446666666666667,0.011547005383793295,/1L5J-alt-1_assembled/AF-P36683-F1-model_v1,104.41815948486328,6.8452982902526855
4278,407.0,all,32.82666666666667,P36683,10.31,0.03000000000000025,/1L5J-alt-1_assembled/AF-P36683-F1-model_v1,84.89281463623047,2.368906259536743
4279,426.0,all,31.576666666666668,P36683,10.436666666666666,0.13051181300301243,/1L5J-alt-1_assembled/AF-P36683-F1-model_v1,18.89982032775879,12.5656099319458
4280,450.0,all,30.64,P36683,9.67,0.8563293758829014,/1L5J-alt-1_assembled/AF-P36683-F1-model_v1,38.82728958129883,9.559627532958984
4281,537.0,all,32.68333333333333,P36683,10.709999999999999,0.09539392014169523,/1L5J-alt-1_assembled/AF-P36683-F1-model_v1,64.3844985961914,6.396639347076416
4282,539.0,all,31.253333333333334,P36683,10.436666666666666,0.01154700538379227,/1L5J-alt-1_assembled/AF-P36683-F1-model_v1,89.22681427001953,4.974601745605469
4283,559.0,all,32.46666666666667,P36683,10.173333333333334,0.2610236260060251,/1L5J-alt-1_assembled/AF-P36683-F1-model_v1,64.11641693115234,12.858418464660645
4284,567.0,all,26.69333333333333,P36683,12.68,0.1228820572744455,/1L5J-alt-1_assembled/AF-P36683-F1-model_v1,39.18473815917969,18.004161834716797
4285,568.0,all,25.16,P36683,10.673333333333332,0.14468356276140468,/1L5J-alt-1_assembled/AF-P36683-F1-model_v1,87.4842758178711,10.098865509033203
4286,570.0,all,27.903333333333332,P36683,11.050000000000002,0.5322593352868507,/1L5J-alt-1_assembled/AF-P36683-F1-model_v1,18.810461044311523,8.190057754516602
4287,571.0,all,30.05333333333333,P36683,10.37,0.010000000000000675,/1L5J-alt-1_assembled/AF-P36683-F1-model_v1,75.86737060546875,5.586486339569092
4288,588.0,all,31.846666666666668,P36683,11.116666666666667,0.13012814197295414,/1L5J-alt-1_assembled/AF-P36683-F1-model_v1,48.34422302246094,1.8099725246429443
4289,610.0,all,32.723333333333336,P36683,11.013333333333334,0.34501207708330034,/1L5J-alt-1_assembled/AF-P36683-F1-model_v1,57.41434860229492,9.99514389038086
4290,613.0,all,32.75666666666667,P36683,10.590000000000002,0.04582575694955839,/1L5J-alt-1_assembled/AF-P36683-F1-model_v1,64.60790252685547,6.851858139038086
4291,628.0,all,32.78333333333333,P36683,10.346666666666666,0.10598742063723142,/1L5J-alt-1_assembled/AF-P36683-F1-model_v1,35.96774673461914,1.7078222036361694
4292,650.0,all,32.74333333333333,P36683,10.4,0.017320508075688402,/1L5J-alt-1_assembled/AF-P36683-F1-model_v1,94.23102569580078,0.40212249755859375
4293,678.0,all,32.04666666666667,P36683,10.463333333333333,0.07637626158259668,/1L5J-alt-1_assembled/AF-P36683-F1-model_v1,75.3311996459961,10.568881034851074
4294,701.0,all,32.82,P36683,10.893333333333333,0.5254839039716949,/1L5J-alt-1_assembled/AF-P36683-F1-model_v1,82.9715576171875,3.553989887237549
4295,722.0,all,31.439999999999998,P36683,10.333333333333334,0.1205542754668343,/1L5J-alt-1_assembled/AF-P36683-F1-model_v1,19.078542709350586,1.9254099130630493
4296,728.0,all,26.810000000000002,P36683,10.493333333333334,0.0665832811847941,/1L5J-alt-1_assembled/AF-P36683-F1-model_v1,88.6459732055664,6.24312162399292
4297,759.0,all,31.569999999999997,P36683,9.37,1.3368619973654725,/1L5J-alt-1_assembled/AF-P36683-F1-model_v1,69.1653060913086,12.514030456542969
4298,819.0,all,32.82,P36683,10.75,0.3421987726453739,/1L5J-alt-1_assembled/AF-P36683-F1-model_v1,51.96333694458008,13.6862211227417
4299,835.0,all,28.46666666666667,P36683,10.413333333333334,0.035118845842841716,/1L5J-alt-1_assembled/AF-P36683-F1-model_v1,78.01203155517578,4.864424228668213
4300,855.0,all,30.743333333333336,P36683,11.173333333333334,0.25423086620891094,/1L5J-alt-1_assembled/AF-P36683-F1-model_v1,54.6441650390625,4.762396812438965
4301,3.0,all,96.35,P0ACF0,11.36,0.0,/AF-P0ACF0-F1-model_v1,77.74394989013672,0.0
4302,13.0,all,97.63,P0ACF0,10.4,0.0,/AF-P0ACF0-F1-model_v1,97.04589080810547,0.0
4303,18.0,all,97.25,P0ACF0,11.5,0.0,/AF-P0ACF0-F1-model_v1,84.71409606933594,0.0
4304,22.0,all,98.3,P0ACF0,10.56,0.0,/AF-P0ACF0-F1-model_v1,68.4950942993164,0.0
4305,37.0,all,96.04,P0ACF0,10.44,0.0,/AF-P0ACF0-F1-model_v1,106.56282043457031,0.0
4306,51.0,all,97.73,P0ACF0,10.29,0.0,/AF-P0ACF0-F1-model_v1,56.699462890625,0.0
4307,67.0,all,95.0,P0ACF0,10.45,0.0,/AF-P0ACF0-F1-model_v1,86.9927978515625,0.0
4308,70.0,all,93.3,P0ACF0,11.04,0.0,/AF-P0ACF0-F1-model_v1,77.07373809814453,0.0
4309,83.0,all,96.52,P0ACF0,10.42,0.0,/AF-P0ACF0-F1-model_v1,99.99479675292969,0.0
4310,86.0,all,97.18,P0ACF0,10.27,0.0,/AF-P0ACF0-F1-model_v1,71.84613037109375,0.0
4311,90.0,all,88.62,P0ACF0,11.06,0.0,/AF-P0ACF0-F1-model_v1,82.16730499267578,0.0
4312,9.0,all,14.1,P39207,7.772857142857142,0.7345682243266967,/1U8W-alt-1_assembled/AF-P39207-F1-model_v1,21.963621139526367,8.384611129760742
4313,27.0,all,13.90857142857143,P39207,11.067142857142857,0.7534081294516335,/1U8W-alt-1_assembled/AF-P39207-F1-model_v1,67.38446807861328,9.754274368286133
4314,28.0,all,13.824285714285713,P39207,7.949999999999998,1.0334731088260916,/1U8W-alt-1_assembled/AF-P39207-F1-model_v1,14.591352462768555,27.133283615112305
4315,33.0,all,14.09142857142857,P39207,9.994285714285715,0.4245726142391957,/1U8W-alt-1_assembled/AF-P39207-F1-model_v1,4.21272611618042,1.719802737236023
4316,36.0,all,14.031428571428572,P39207,9.108571428571427,0.27895212082772514,/1U8W-alt-1_assembled/AF-P39207-F1-model_v1,34.620948791503906,5.324502468109131
4317,47.0,all,13.987142857142857,P39207,10.442857142857141,0.038606685826112826,/1U8W-alt-1_assembled/AF-P39207-F1-model_v1,74.9673843383789,8.191781997680664
4318,55.0,all,13.831428571428571,P39207,10.367142857142856,0.0525085027128262,/1U8W-alt-1_assembled/AF-P39207-F1-model_v1,57.79094696044922,10.08059024810791
4319,78.0,all,13.845714285714285,P39207,10.767142857142856,0.4962094411877,/1U8W-alt-1_assembled/AF-P39207-F1-model_v1,54.86117935180664,16.40289878845215
4320,86.0,all,14.052857142857144,P39207,10.737142857142857,0.3009825180811607,/1U8W-alt-1_assembled/AF-P39207-F1-model_v1,38.04857635498047,31.226865768432617
4321,125.0,all,14.015714285714285,P39207,10.911428571428573,0.4604138924717114,/1U8W-alt-1_assembled/AF-P39207-F1-model_v1,69.56742858886719,15.940773963928223
4322,6.0,all,0.0,P0CG48,10.260000000000002,0.07775495696952904,/2O6V-alt-1_assembled/2NR2-alt-35_assembled/2NR2-alt-21_assembled/2NR2-alt-7_assembled/2NR2-alt-138_assembled/2NR2-alt-104_assembled/2NR2-alt-110_assembled/2NR2-alt-111_assembled/2NR2-alt-105_assembled/2NR2-alt-139_assembled/2NR2-alt-6_assembled/2NR2-alt-20_assembled/2NR2-alt-34_assembled/2NR2-alt-22_assembled/2NR2-alt-36_assembled/2NR2-alt-4_assembled/2NR2-alt-113_assembled/2NR2-alt-107_assembled/2NR2-alt-106_assembled/2NR2-alt-112_assembled/2NR2-alt-5_assembled/2NR2-alt-37_assembled/2NR2-alt-23_assembled/2NR2-alt-27_assembled/2NR2-alt-33_assembled/2NR2-alt-1_assembled/2NR2-alt-116_assembled/2NR2-alt-102_assembled/2NR2-alt-103_assembled/2NR2-alt-117_assembled/2NR2-alt-32_assembled/2NR2-alt-26_assembled/2NR2-alt-18_assembled/2NR2-alt-30_assembled/2NR2-alt-24_assembled/2NR2-alt-2_assembled/2NR2-alt-101_assembled/2NR2-alt-115_assembled/2NR2-alt-129_assembled/2NR2-alt-128_assembled/2NR2-alt-114_assembled/2NR2-alt-100_assembled/2NR2-alt-3_assembled/2NR2-alt-25_assembled/2NR2-alt-31_assembled/2NR2-alt-19_assembled/2NR2-alt-56_assembled/2NR2-alt-42_assembled/2NR2-alt-95_assembled/2NR2-alt-81_assembled/2NR2-alt-80_assembled/2NR2-alt-94_assembled/2NR2-alt-43_assembled/2NR2-alt-57_assembled/2NR2-alt-41_assembled/2NR2-alt-55_assembled/2NR2-alt-69_assembled/2NR2-alt-82_assembled/2NR2-alt-96_assembled/2NR2-alt-97_assembled/2NR2-alt-83_assembled/2NR2-alt-68_assembled/2NR2-alt-54_assembled/2NR2-alt-40_assembled/2NR2-alt-78_assembled/2NR2-alt-44_assembled/2NR2-alt-50_assembled/2NR2-alt-87_assembled/2NR2-alt-93_assembled/2NR2-alt-92_assembled/2NR2-alt-86_assembled/2NR2-alt-51_assembled/2NR2-alt-45_assembled/2NR2-alt-79_assembled/2NR2-alt-53_assembled/2NR2-alt-47_assembled/2NR2-alt-90_assembled/2NR2-alt-84_assembled/2NR2-alt-85_assembled/2NR2-alt-91_assembled/2NR2-alt-46_assembled/2NR2-alt-52_assembled/2NR2-alt-77_assembled/2NR2-alt-63_assembled/2NR2-alt-88_assembled/2NR2-alt-89_assembled/2NR2-alt-62_assembled/2NR2-alt-76_assembled/2NR2-alt-60_assembled/2NR2-alt-74_assembled/2NR2-alt-48_assembled/2NR2-alt-144_assembled/2NR2-alt-49_assembled/2NR2-alt-75_assembled/2NR2-alt-61_assembled/2NR2-alt-59_assembled/2NR2-alt-65_assembled/2NR2-alt-71_assembled/2NR2-alt-140_assembled/2NR2-alt-141_assembled/2NR2-alt-70_assembled/2NR2-alt-64_assembled/2NR2-alt-58_assembled/2NR2-alt-72_assembled/2NR2-alt-66_assembled/2NR2-alt-99_assembled/2NR2-alt-143_assembled/2NR2-alt-142_assembled/2NR2-alt-98_assembled/2NR2-alt-67_assembled/2NR2-alt-73_assembled/2NR2-alt-14_assembled/2NR2-alt-28_assembled/2NR2-alt-119_assembled/2NR2-alt-125_assembled/2NR2-alt-131_assembled/2NR2-alt-130_assembled/2NR2-alt-124_assembled/2NR2-alt-118_assembled/2NR2-alt-29_assembled/2NR2-alt-15_assembled/2NR2-alt-17_assembled/2NR2-alt-132_assembled/2NR2-alt-126_assembled/2NR2-alt-127_assembled/2NR2-alt-133_assembled/2NR2-alt-16_assembled/2NR2-alt-12_assembled/2NR2-alt-8_assembled/2NR2-alt-137_assembled/2NR2-alt-123_assembled/2NR2-alt-122_assembled/2NR2-alt-136_assembled/2NR2-alt-9_assembled/2NR2-alt-13_assembled/2NR2-alt-39_assembled/2NR2-alt-11_assembled/2NR2-alt-120_assembled/2NR2-alt-134_assembled/2NR2-alt-108_assembled/2NR2-alt-109_assembled/2NR2-alt-135_assembled/2NR2-alt-121_assembled/2NR2-alt-10_assembled/2NR2-alt-38_assembled,70.56951141357422,12.519674301147461
4323,11.0,all,0.0,P0CG48,11.330482758620695,0.20080854284921767,/2O6V-alt-1_assembled/2NR2-alt-35_assembled/2NR2-alt-21_assembled/2NR2-alt-7_assembled/2NR2-alt-138_assembled/2NR2-alt-104_assembled/2NR2-alt-110_assembled/2NR2-alt-111_assembled/2NR2-alt-105_assembled/2NR2-alt-139_assembled/2NR2-alt-6_assembled/2NR2-alt-20_assembled/2NR2-alt-34_assembled/2NR2-alt-22_assembled/2NR2-alt-36_assembled/2NR2-alt-4_assembled/2NR2-alt-113_assembled/2NR2-alt-107_assembled/2NR2-alt-106_assembled/2NR2-alt-112_assembled/2NR2-alt-5_assembled/2NR2-alt-37_assembled/2NR2-alt-23_assembled/2NR2-alt-27_assembled/2NR2-alt-33_assembled/2NR2-alt-1_assembled/2NR2-alt-116_assembled/2NR2-alt-102_assembled/2NR2-alt-103_assembled/2NR2-alt-117_assembled/2NR2-alt-32_assembled/2NR2-alt-26_assembled/2NR2-alt-18_assembled/2NR2-alt-30_assembled/2NR2-alt-24_assembled/2NR2-alt-2_assembled/2NR2-alt-101_assembled/2NR2-alt-115_assembled/2NR2-alt-129_assembled/2NR2-alt-128_assembled/2NR2-alt-114_assembled/2NR2-alt-100_assembled/2NR2-alt-3_assembled/2NR2-alt-25_assembled/2NR2-alt-31_assembled/2NR2-alt-19_assembled/2NR2-alt-56_assembled/2NR2-alt-42_assembled/2NR2-alt-95_assembled/2NR2-alt-81_assembled/2NR2-alt-80_assembled/2NR2-alt-94_assembled/2NR2-alt-43_assembled/2NR2-alt-57_assembled/2NR2-alt-41_assembled/2NR2-alt-55_assembled/2NR2-alt-69_assembled/2NR2-alt-82_assembled/2NR2-alt-96_assembled/2NR2-alt-97_assembled/2NR2-alt-83_assembled/2NR2-alt-68_assembled/2NR2-alt-54_assembled/2NR2-alt-40_assembled/2NR2-alt-78_assembled/2NR2-alt-44_assembled/2NR2-alt-50_assembled/2NR2-alt-87_assembled/2NR2-alt-93_assembled/2NR2-alt-92_assembled/2NR2-alt-86_assembled/2NR2-alt-51_assembled/2NR2-alt-45_assembled/2NR2-alt-79_assembled/2NR2-alt-53_assembled/2NR2-alt-47_assembled/2NR2-alt-90_assembled/2NR2-alt-84_assembled/2NR2-alt-85_assembled/2NR2-alt-91_assembled/2NR2-alt-46_assembled/2NR2-alt-52_assembled/2NR2-alt-77_assembled/2NR2-alt-63_assembled/2NR2-alt-88_assembled/2NR2-alt-89_assembled/2NR2-alt-62_assembled/2NR2-alt-76_assembled/2NR2-alt-60_assembled/2NR2-alt-74_assembled/2NR2-alt-48_assembled/2NR2-alt-144_assembled/2NR2-alt-49_assembled/2NR2-alt-75_assembled/2NR2-alt-61_assembled/2NR2-alt-59_assembled/2NR2-alt-65_assembled/2NR2-alt-71_assembled/2NR2-alt-140_assembled/2NR2-alt-141_assembled/2NR2-alt-70_assembled/2NR2-alt-64_assembled/2NR2-alt-58_assembled/2NR2-alt-72_assembled/2NR2-alt-66_assembled/2NR2-alt-99_assembled/2NR2-alt-143_assembled/2NR2-alt-142_assembled/2NR2-alt-98_assembled/2NR2-alt-67_assembled/2NR2-alt-73_assembled/2NR2-alt-14_assembled/2NR2-alt-28_assembled/2NR2-alt-119_assembled/2NR2-alt-125_assembled/2NR2-alt-131_assembled/2NR2-alt-130_assembled/2NR2-alt-124_assembled/2NR2-alt-118_assembled/2NR2-alt-29_assembled/2NR2-alt-15_assembled/2NR2-alt-17_assembled/2NR2-alt-132_assembled/2NR2-alt-126_assembled/2NR2-alt-127_assembled/2NR2-alt-133_assembled/2NR2-alt-16_assembled/2NR2-alt-12_assembled/2NR2-alt-8_assembled/2NR2-alt-137_assembled/2NR2-alt-123_assembled/2NR2-alt-122_assembled/2NR2-alt-136_assembled/2NR2-alt-9_assembled/2NR2-alt-13_assembled/2NR2-alt-39_assembled/2NR2-alt-11_assembled/2NR2-alt-120_assembled/2NR2-alt-134_assembled/2NR2-alt-108_assembled/2NR2-alt-109_assembled/2NR2-alt-135_assembled/2NR2-alt-121_assembled/2NR2-alt-10_assembled/2NR2-alt-38_assembled,69.08395385742188,8.268824577331543
4324,27.0,all,0.0,P0CG48,10.608206896551726,0.34535341995458735,/2O6V-alt-1_assembled/2NR2-alt-35_assembled/2NR2-alt-21_assembled/2NR2-alt-7_assembled/2NR2-alt-138_assembled/2NR2-alt-104_assembled/2NR2-alt-110_assembled/2NR2-alt-111_assembled/2NR2-alt-105_assembled/2NR2-alt-139_assembled/2NR2-alt-6_assembled/2NR2-alt-20_assembled/2NR2-alt-34_assembled/2NR2-alt-22_assembled/2NR2-alt-36_assembled/2NR2-alt-4_assembled/2NR2-alt-113_assembled/2NR2-alt-107_assembled/2NR2-alt-106_assembled/2NR2-alt-112_assembled/2NR2-alt-5_assembled/2NR2-alt-37_assembled/2NR2-alt-23_assembled/2NR2-alt-27_assembled/2NR2-alt-33_assembled/2NR2-alt-1_assembled/2NR2-alt-116_assembled/2NR2-alt-102_assembled/2NR2-alt-103_assembled/2NR2-alt-117_assembled/2NR2-alt-32_assembled/2NR2-alt-26_assembled/2NR2-alt-18_assembled/2NR2-alt-30_assembled/2NR2-alt-24_assembled/2NR2-alt-2_assembled/2NR2-alt-101_assembled/2NR2-alt-115_assembled/2NR2-alt-129_assembled/2NR2-alt-128_assembled/2NR2-alt-114_assembled/2NR2-alt-100_assembled/2NR2-alt-3_assembled/2NR2-alt-25_assembled/2NR2-alt-31_assembled/2NR2-alt-19_assembled/2NR2-alt-56_assembled/2NR2-alt-42_assembled/2NR2-alt-95_assembled/2NR2-alt-81_assembled/2NR2-alt-80_assembled/2NR2-alt-94_assembled/2NR2-alt-43_assembled/2NR2-alt-57_assembled/2NR2-alt-41_assembled/2NR2-alt-55_assembled/2NR2-alt-69_assembled/2NR2-alt-82_assembled/2NR2-alt-96_assembled/2NR2-alt-97_assembled/2NR2-alt-83_assembled/2NR2-alt-68_assembled/2NR2-alt-54_assembled/2NR2-alt-40_assembled/2NR2-alt-78_assembled/2NR2-alt-44_assembled/2NR2-alt-50_assembled/2NR2-alt-87_assembled/2NR2-alt-93_assembled/2NR2-alt-92_assembled/2NR2-alt-86_assembled/2NR2-alt-51_assembled/2NR2-alt-45_assembled/2NR2-alt-79_assembled/2NR2-alt-53_assembled/2NR2-alt-47_assembled/2NR2-alt-90_assembled/2NR2-alt-84_assembled/2NR2-alt-85_assembled/2NR2-alt-91_assembled/2NR2-alt-46_assembled/2NR2-alt-52_assembled/2NR2-alt-77_assembled/2NR2-alt-63_assembled/2NR2-alt-88_assembled/2NR2-alt-89_assembled/2NR2-alt-62_assembled/2NR2-alt-76_assembled/2NR2-alt-60_assembled/2NR2-alt-74_assembled/2NR2-alt-48_assembled/2NR2-alt-144_assembled/2NR2-alt-49_assembled/2NR2-alt-75_assembled/2NR2-alt-61_assembled/2NR2-alt-59_assembled/2NR2-alt-65_assembled/2NR2-alt-71_assembled/2NR2-alt-140_assembled/2NR2-alt-141_assembled/2NR2-alt-70_assembled/2NR2-alt-64_assembled/2NR2-alt-58_assembled/2NR2-alt-72_assembled/2NR2-alt-66_assembled/2NR2-alt-99_assembled/2NR2-alt-143_assembled/2NR2-alt-142_assembled/2NR2-alt-98_assembled/2NR2-alt-67_assembled/2NR2-alt-73_assembled/2NR2-alt-14_assembled/2NR2-alt-28_assembled/2NR2-alt-119_assembled/2NR2-alt-125_assembled/2NR2-alt-131_assembled/2NR2-alt-130_assembled/2NR2-alt-124_assembled/2NR2-alt-118_assembled/2NR2-alt-29_assembled/2NR2-alt-15_assembled/2NR2-alt-17_assembled/2NR2-alt-132_assembled/2NR2-alt-126_assembled/2NR2-alt-127_assembled/2NR2-alt-133_assembled/2NR2-alt-16_assembled/2NR2-alt-12_assembled/2NR2-alt-8_assembled/2NR2-alt-137_assembled/2NR2-alt-123_assembled/2NR2-alt-122_assembled/2NR2-alt-136_assembled/2NR2-alt-9_assembled/2NR2-alt-13_assembled/2NR2-alt-39_assembled/2NR2-alt-11_assembled/2NR2-alt-120_assembled/2NR2-alt-134_assembled/2NR2-alt-108_assembled/2NR2-alt-109_assembled/2NR2-alt-135_assembled/2NR2-alt-121_assembled/2NR2-alt-10_assembled/2NR2-alt-38_assembled,15.157753944396973,7.077292442321777
4325,29.0,all,0.0,P0CG48,10.559034482758616,0.2291600730503894,/2O6V-alt-1_assembled/2NR2-alt-35_assembled/2NR2-alt-21_assembled/2NR2-alt-7_assembled/2NR2-alt-138_assembled/2NR2-alt-104_assembled/2NR2-alt-110_assembled/2NR2-alt-111_assembled/2NR2-alt-105_assembled/2NR2-alt-139_assembled/2NR2-alt-6_assembled/2NR2-alt-20_assembled/2NR2-alt-34_assembled/2NR2-alt-22_assembled/2NR2-alt-36_assembled/2NR2-alt-4_assembled/2NR2-alt-113_assembled/2NR2-alt-107_assembled/2NR2-alt-106_assembled/2NR2-alt-112_assembled/2NR2-alt-5_assembled/2NR2-alt-37_assembled/2NR2-alt-23_assembled/2NR2-alt-27_assembled/2NR2-alt-33_assembled/2NR2-alt-1_assembled/2NR2-alt-116_assembled/2NR2-alt-102_assembled/2NR2-alt-103_assembled/2NR2-alt-117_assembled/2NR2-alt-32_assembled/2NR2-alt-26_assembled/2NR2-alt-18_assembled/2NR2-alt-30_assembled/2NR2-alt-24_assembled/2NR2-alt-2_assembled/2NR2-alt-101_assembled/2NR2-alt-115_assembled/2NR2-alt-129_assembled/2NR2-alt-128_assembled/2NR2-alt-114_assembled/2NR2-alt-100_assembled/2NR2-alt-3_assembled/2NR2-alt-25_assembled/2NR2-alt-31_assembled/2NR2-alt-19_assembled/2NR2-alt-56_assembled/2NR2-alt-42_assembled/2NR2-alt-95_assembled/2NR2-alt-81_assembled/2NR2-alt-80_assembled/2NR2-alt-94_assembled/2NR2-alt-43_assembled/2NR2-alt-57_assembled/2NR2-alt-41_assembled/2NR2-alt-55_assembled/2NR2-alt-69_assembled/2NR2-alt-82_assembled/2NR2-alt-96_assembled/2NR2-alt-97_assembled/2NR2-alt-83_assembled/2NR2-alt-68_assembled/2NR2-alt-54_assembled/2NR2-alt-40_assembled/2NR2-alt-78_assembled/2NR2-alt-44_assembled/2NR2-alt-50_assembled/2NR2-alt-87_assembled/2NR2-alt-93_assembled/2NR2-alt-92_assembled/2NR2-alt-86_assembled/2NR2-alt-51_assembled/2NR2-alt-45_assembled/2NR2-alt-79_assembled/2NR2-alt-53_assembled/2NR2-alt-47_assembled/2NR2-alt-90_assembled/2NR2-alt-84_assembled/2NR2-alt-85_assembled/2NR2-alt-91_assembled/2NR2-alt-46_assembled/2NR2-alt-52_assembled/2NR2-alt-77_assembled/2NR2-alt-63_assembled/2NR2-alt-88_assembled/2NR2-alt-89_assembled/2NR2-alt-62_assembled/2NR2-alt-76_assembled/2NR2-alt-60_assembled/2NR2-alt-74_assembled/2NR2-alt-48_assembled/2NR2-alt-144_assembled/2NR2-alt-49_assembled/2NR2-alt-75_assembled/2NR2-alt-61_assembled/2NR2-alt-59_assembled/2NR2-alt-65_assembled/2NR2-alt-71_assembled/2NR2-alt-140_assembled/2NR2-alt-141_assembled/2NR2-alt-70_assembled/2NR2-alt-64_assembled/2NR2-alt-58_assembled/2NR2-alt-72_assembled/2NR2-alt-66_assembled/2NR2-alt-99_assembled/2NR2-alt-143_assembled/2NR2-alt-142_assembled/2NR2-alt-98_assembled/2NR2-alt-67_assembled/2NR2-alt-73_assembled/2NR2-alt-14_assembled/2NR2-alt-28_assembled/2NR2-alt-119_assembled/2NR2-alt-125_assembled/2NR2-alt-131_assembled/2NR2-alt-130_assembled/2NR2-alt-124_assembled/2NR2-alt-118_assembled/2NR2-alt-29_assembled/2NR2-alt-15_assembled/2NR2-alt-17_assembled/2NR2-alt-132_assembled/2NR2-alt-126_assembled/2NR2-alt-127_assembled/2NR2-alt-133_assembled/2NR2-alt-16_assembled/2NR2-alt-12_assembled/2NR2-alt-8_assembled/2NR2-alt-137_assembled/2NR2-alt-123_assembled/2NR2-alt-122_assembled/2NR2-alt-136_assembled/2NR2-alt-9_assembled/2NR2-alt-13_assembled/2NR2-alt-39_assembled/2NR2-alt-11_assembled/2NR2-alt-120_assembled/2NR2-alt-134_assembled/2NR2-alt-108_assembled/2NR2-alt-109_assembled/2NR2-alt-135_assembled/2NR2-alt-121_assembled/2NR2-alt-10_assembled/2NR2-alt-38_assembled,61.918758392333984,15.946907997131348
4326,33.0,all,0.0,P0CG48,10.447517241379318,0.20013374359580266,/2O6V-alt-1_assembled/2NR2-alt-35_assembled/2NR2-alt-21_assembled/2NR2-alt-7_assembled/2NR2-alt-138_assembled/2NR2-alt-104_assembled/2NR2-alt-110_assembled/2NR2-alt-111_assembled/2NR2-alt-105_assembled/2NR2-alt-139_assembled/2NR2-alt-6_assembled/2NR2-alt-20_assembled/2NR2-alt-34_assembled/2NR2-alt-22_assembled/2NR2-alt-36_assembled/2NR2-alt-4_assembled/2NR2-alt-113_assembled/2NR2-alt-107_assembled/2NR2-alt-106_assembled/2NR2-alt-112_assembled/2NR2-alt-5_assembled/2NR2-alt-37_assembled/2NR2-alt-23_assembled/2NR2-alt-27_assembled/2NR2-alt-33_assembled/2NR2-alt-1_assembled/2NR2-alt-116_assembled/2NR2-alt-102_assembled/2NR2-alt-103_assembled/2NR2-alt-117_assembled/2NR2-alt-32_assembled/2NR2-alt-26_assembled/2NR2-alt-18_assembled/2NR2-alt-30_assembled/2NR2-alt-24_assembled/2NR2-alt-2_assembled/2NR2-alt-101_assembled/2NR2-alt-115_assembled/2NR2-alt-129_assembled/2NR2-alt-128_assembled/2NR2-alt-114_assembled/2NR2-alt-100_assembled/2NR2-alt-3_assembled/2NR2-alt-25_assembled/2NR2-alt-31_assembled/2NR2-alt-19_assembled/2NR2-alt-56_assembled/2NR2-alt-42_assembled/2NR2-alt-95_assembled/2NR2-alt-81_assembled/2NR2-alt-80_assembled/2NR2-alt-94_assembled/2NR2-alt-43_assembled/2NR2-alt-57_assembled/2NR2-alt-41_assembled/2NR2-alt-55_assembled/2NR2-alt-69_assembled/2NR2-alt-82_assembled/2NR2-alt-96_assembled/2NR2-alt-97_assembled/2NR2-alt-83_assembled/2NR2-alt-68_assembled/2NR2-alt-54_assembled/2NR2-alt-40_assembled/2NR2-alt-78_assembled/2NR2-alt-44_assembled/2NR2-alt-50_assembled/2NR2-alt-87_assembled/2NR2-alt-93_assembled/2NR2-alt-92_assembled/2NR2-alt-86_assembled/2NR2-alt-51_assembled/2NR2-alt-45_assembled/2NR2-alt-79_assembled/2NR2-alt-53_assembled/2NR2-alt-47_assembled/2NR2-alt-90_assembled/2NR2-alt-84_assembled/2NR2-alt-85_assembled/2NR2-alt-91_assembled/2NR2-alt-46_assembled/2NR2-alt-52_assembled/2NR2-alt-77_assembled/2NR2-alt-63_assembled/2NR2-alt-88_assembled/2NR2-alt-89_assembled/2NR2-alt-62_assembled/2NR2-alt-76_assembled/2NR2-alt-60_assembled/2NR2-alt-74_assembled/2NR2-alt-48_assembled/2NR2-alt-144_assembled/2NR2-alt-49_assembled/2NR2-alt-75_assembled/2NR2-alt-61_assembled/2NR2-alt-59_assembled/2NR2-alt-65_assembled/2NR2-alt-71_assembled/2NR2-alt-140_assembled/2NR2-alt-141_assembled/2NR2-alt-70_assembled/2NR2-alt-64_assembled/2NR2-alt-58_assembled/2NR2-alt-72_assembled/2NR2-alt-66_assembled/2NR2-alt-99_assembled/2NR2-alt-143_assembled/2NR2-alt-142_assembled/2NR2-alt-98_assembled/2NR2-alt-67_assembled/2NR2-alt-73_assembled/2NR2-alt-14_assembled/2NR2-alt-28_assembled/2NR2-alt-119_assembled/2NR2-alt-125_assembled/2NR2-alt-131_assembled/2NR2-alt-130_assembled/2NR2-alt-124_assembled/2NR2-alt-118_assembled/2NR2-alt-29_assembled/2NR2-alt-15_assembled/2NR2-alt-17_assembled/2NR2-alt-132_assembled/2NR2-alt-126_assembled/2NR2-alt-127_assembled/2NR2-alt-133_assembled/2NR2-alt-16_assembled/2NR2-alt-12_assembled/2NR2-alt-8_assembled/2NR2-alt-137_assembled/2NR2-alt-123_assembled/2NR2-alt-122_assembled/2NR2-alt-136_assembled/2NR2-alt-9_assembled/2NR2-alt-13_assembled/2NR2-alt-39_assembled/2NR2-alt-11_assembled/2NR2-alt-120_assembled/2NR2-alt-134_assembled/2NR2-alt-108_assembled/2NR2-alt-109_assembled/2NR2-alt-135_assembled/2NR2-alt-121_assembled/2NR2-alt-10_assembled/2NR2-alt-38_assembled,77.64502716064453,13.523187637329102
4327,48.0,all,0.0,P0CG48,10.458689655172428,0.10684396185048567,/2O6V-alt-1_assembled/2NR2-alt-35_assembled/2NR2-alt-21_assembled/2NR2-alt-7_assembled/2NR2-alt-138_assembled/2NR2-alt-104_assembled/2NR2-alt-110_assembled/2NR2-alt-111_assembled/2NR2-alt-105_assembled/2NR2-alt-139_assembled/2NR2-alt-6_assembled/2NR2-alt-20_assembled/2NR2-alt-34_assembled/2NR2-alt-22_assembled/2NR2-alt-36_assembled/2NR2-alt-4_assembled/2NR2-alt-113_assembled/2NR2-alt-107_assembled/2NR2-alt-106_assembled/2NR2-alt-112_assembled/2NR2-alt-5_assembled/2NR2-alt-37_assembled/2NR2-alt-23_assembled/2NR2-alt-27_assembled/2NR2-alt-33_assembled/2NR2-alt-1_assembled/2NR2-alt-116_assembled/2NR2-alt-102_assembled/2NR2-alt-103_assembled/2NR2-alt-117_assembled/2NR2-alt-32_assembled/2NR2-alt-26_assembled/2NR2-alt-18_assembled/2NR2-alt-30_assembled/2NR2-alt-24_assembled/2NR2-alt-2_assembled/2NR2-alt-101_assembled/2NR2-alt-115_assembled/2NR2-alt-129_assembled/2NR2-alt-128_assembled/2NR2-alt-114_assembled/2NR2-alt-100_assembled/2NR2-alt-3_assembled/2NR2-alt-25_assembled/2NR2-alt-31_assembled/2NR2-alt-19_assembled/2NR2-alt-56_assembled/2NR2-alt-42_assembled/2NR2-alt-95_assembled/2NR2-alt-81_assembled/2NR2-alt-80_assembled/2NR2-alt-94_assembled/2NR2-alt-43_assembled/2NR2-alt-57_assembled/2NR2-alt-41_assembled/2NR2-alt-55_assembled/2NR2-alt-69_assembled/2NR2-alt-82_assembled/2NR2-alt-96_assembled/2NR2-alt-97_assembled/2NR2-alt-83_assembled/2NR2-alt-68_assembled/2NR2-alt-54_assembled/2NR2-alt-40_assembled/2NR2-alt-78_assembled/2NR2-alt-44_assembled/2NR2-alt-50_assembled/2NR2-alt-87_assembled/2NR2-alt-93_assembled/2NR2-alt-92_assembled/2NR2-alt-86_assembled/2NR2-alt-51_assembled/2NR2-alt-45_assembled/2NR2-alt-79_assembled/2NR2-alt-53_assembled/2NR2-alt-47_assembled/2NR2-alt-90_assembled/2NR2-alt-84_assembled/2NR2-alt-85_assembled/2NR2-alt-91_assembled/2NR2-alt-46_assembled/2NR2-alt-52_assembled/2NR2-alt-77_assembled/2NR2-alt-63_assembled/2NR2-alt-88_assembled/2NR2-alt-89_assembled/2NR2-alt-62_assembled/2NR2-alt-76_assembled/2NR2-alt-60_assembled/2NR2-alt-74_assembled/2NR2-alt-48_assembled/2NR2-alt-144_assembled/2NR2-alt-49_assembled/2NR2-alt-75_assembled/2NR2-alt-61_assembled/2NR2-alt-59_assembled/2NR2-alt-65_assembled/2NR2-alt-71_assembled/2NR2-alt-140_assembled/2NR2-alt-141_assembled/2NR2-alt-70_assembled/2NR2-alt-64_assembled/2NR2-alt-58_assembled/2NR2-alt-72_assembled/2NR2-alt-66_assembled/2NR2-alt-99_assembled/2NR2-alt-143_assembled/2NR2-alt-142_assembled/2NR2-alt-98_assembled/2NR2-alt-67_assembled/2NR2-alt-73_assembled/2NR2-alt-14_assembled/2NR2-alt-28_assembled/2NR2-alt-119_assembled/2NR2-alt-125_assembled/2NR2-alt-131_assembled/2NR2-alt-130_assembled/2NR2-alt-124_assembled/2NR2-alt-118_assembled/2NR2-alt-29_assembled/2NR2-alt-15_assembled/2NR2-alt-17_assembled/2NR2-alt-132_assembled/2NR2-alt-126_assembled/2NR2-alt-127_assembled/2NR2-alt-133_assembled/2NR2-alt-16_assembled/2NR2-alt-12_assembled/2NR2-alt-8_assembled/2NR2-alt-137_assembled/2NR2-alt-123_assembled/2NR2-alt-122_assembled/2NR2-alt-136_assembled/2NR2-alt-9_assembled/2NR2-alt-13_assembled/2NR2-alt-39_assembled/2NR2-alt-11_assembled/2NR2-alt-120_assembled/2NR2-alt-134_assembled/2NR2-alt-108_assembled/2NR2-alt-109_assembled/2NR2-alt-135_assembled/2NR2-alt-121_assembled/2NR2-alt-10_assembled/2NR2-alt-38_assembled,99.56217956542969,13.24109172821045
4328,63.0,all,0.0,P0CG48,10.829310344827592,0.481462839186205,/2O6V-alt-1_assembled/2NR2-alt-35_assembled/2NR2-alt-21_assembled/2NR2-alt-7_assembled/2NR2-alt-138_assembled/2NR2-alt-104_assembled/2NR2-alt-110_assembled/2NR2-alt-111_assembled/2NR2-alt-105_assembled/2NR2-alt-139_assembled/2NR2-alt-6_assembled/2NR2-alt-20_assembled/2NR2-alt-34_assembled/2NR2-alt-22_assembled/2NR2-alt-36_assembled/2NR2-alt-4_assembled/2NR2-alt-113_assembled/2NR2-alt-107_assembled/2NR2-alt-106_assembled/2NR2-alt-112_assembled/2NR2-alt-5_assembled/2NR2-alt-37_assembled/2NR2-alt-23_assembled/2NR2-alt-27_assembled/2NR2-alt-33_assembled/2NR2-alt-1_assembled/2NR2-alt-116_assembled/2NR2-alt-102_assembled/2NR2-alt-103_assembled/2NR2-alt-117_assembled/2NR2-alt-32_assembled/2NR2-alt-26_assembled/2NR2-alt-18_assembled/2NR2-alt-30_assembled/2NR2-alt-24_assembled/2NR2-alt-2_assembled/2NR2-alt-101_assembled/2NR2-alt-115_assembled/2NR2-alt-129_assembled/2NR2-alt-128_assembled/2NR2-alt-114_assembled/2NR2-alt-100_assembled/2NR2-alt-3_assembled/2NR2-alt-25_assembled/2NR2-alt-31_assembled/2NR2-alt-19_assembled/2NR2-alt-56_assembled/2NR2-alt-42_assembled/2NR2-alt-95_assembled/2NR2-alt-81_assembled/2NR2-alt-80_assembled/2NR2-alt-94_assembled/2NR2-alt-43_assembled/2NR2-alt-57_assembled/2NR2-alt-41_assembled/2NR2-alt-55_assembled/2NR2-alt-69_assembled/2NR2-alt-82_assembled/2NR2-alt-96_assembled/2NR2-alt-97_assembled/2NR2-alt-83_assembled/2NR2-alt-68_assembled/2NR2-alt-54_assembled/2NR2-alt-40_assembled/2NR2-alt-78_assembled/2NR2-alt-44_assembled/2NR2-alt-50_assembled/2NR2-alt-87_assembled/2NR2-alt-93_assembled/2NR2-alt-92_assembled/2NR2-alt-86_assembled/2NR2-alt-51_assembled/2NR2-alt-45_assembled/2NR2-alt-79_assembled/2NR2-alt-53_assembled/2NR2-alt-47_assembled/2NR2-alt-90_assembled/2NR2-alt-84_assembled/2NR2-alt-85_assembled/2NR2-alt-91_assembled/2NR2-alt-46_assembled/2NR2-alt-52_assembled/2NR2-alt-77_assembled/2NR2-alt-63_assembled/2NR2-alt-88_assembled/2NR2-alt-89_assembled/2NR2-alt-62_assembled/2NR2-alt-76_assembled/2NR2-alt-60_assembled/2NR2-alt-74_assembled/2NR2-alt-48_assembled/2NR2-alt-144_assembled/2NR2-alt-49_assembled/2NR2-alt-75_assembled/2NR2-alt-61_assembled/2NR2-alt-59_assembled/2NR2-alt-65_assembled/2NR2-alt-71_assembled/2NR2-alt-140_assembled/2NR2-alt-141_assembled/2NR2-alt-70_assembled/2NR2-alt-64_assembled/2NR2-alt-58_assembled/2NR2-alt-72_assembled/2NR2-alt-66_assembled/2NR2-alt-99_assembled/2NR2-alt-143_assembled/2NR2-alt-142_assembled/2NR2-alt-98_assembled/2NR2-alt-67_assembled/2NR2-alt-73_assembled/2NR2-alt-14_assembled/2NR2-alt-28_assembled/2NR2-alt-119_assembled/2NR2-alt-125_assembled/2NR2-alt-131_assembled/2NR2-alt-130_assembled/2NR2-alt-124_assembled/2NR2-alt-118_assembled/2NR2-alt-29_assembled/2NR2-alt-15_assembled/2NR2-alt-17_assembled/2NR2-alt-132_assembled/2NR2-alt-126_assembled/2NR2-alt-127_assembled/2NR2-alt-133_assembled/2NR2-alt-16_assembled/2NR2-alt-12_assembled/2NR2-alt-8_assembled/2NR2-alt-137_assembled/2NR2-alt-123_assembled/2NR2-alt-122_assembled/2NR2-alt-136_assembled/2NR2-alt-9_assembled/2NR2-alt-13_assembled/2NR2-alt-39_assembled/2NR2-alt-11_assembled/2NR2-alt-120_assembled/2NR2-alt-134_assembled/2NR2-alt-108_assembled/2NR2-alt-109_assembled/2NR2-alt-135_assembled/2NR2-alt-121_assembled/2NR2-alt-10_assembled/2NR2-alt-38_assembled,90.47419738769531,13.764979362487793
4329,206.0,all,0.0,P0CG48,10.29,0.0,/2O6V-alt-1_assembled,54.018638610839844,0.0
4330,211.0,all,0.0,P0CG48,11.6,0.0,/2O6V-alt-1_assembled,23.72530746459961,0.0
4331,227.0,all,0.0,P0CG48,8.96,0.0,/2O6V-alt-1_assembled,15.01262378692627,0.0
4332,229.0,all,0.0,P0CG48,9.65,0.0,/2O6V-alt-1_assembled,38.067726135253906,0.0
4333,233.0,all,0.0,P0CG48,10.04,0.0,/2O6V-alt-1_assembled,39.94430160522461,0.0
4334,248.0,all,0.0,P0CG48,9.84,0.0,/2O6V-alt-1_assembled,33.912445068359375,0.0
4335,263.0,all,0.0,P0CG48,10.45,0.0,/2O6V-alt-1_assembled,68.22701263427734,0.0
4336,306.0,all,0.0,P0CG48,10.32,0.0,/2O6V-alt-1_assembled,46.914451599121094,0.0
4337,311.0,all,0.0,P0CG48,11.41,0.0,/2O6V-alt-1_assembled,50.667606353759766,0.0
4338,327.0,all,0.0,P0CG48,9.64,0.0,/2O6V-alt-1_assembled,10.589262008666992,0.0
4339,329.0,all,0.0,P0CG48,10.58,0.0,/2O6V-alt-1_assembled,39.67621994018555,0.0
4340,333.0,all,0.0,P0CG48,10.26,0.0,/2O6V-alt-1_assembled,48.3889045715332,0.0
4341,406.0,all,0.0,P0CG48,10.29,0.0,/2O6V-alt-1_assembled,45.57403564453125,0.0
4342,411.0,all,0.0,P0CG48,11.32,0.0,/2O6V-alt-1_assembled,18.09557342529297,0.0
4343,427.0,all,0.0,P0CG48,10.24,0.0,/2O6V-alt-1_assembled,13.94029426574707,0.0
4344,429.0,all,0.0,P0CG48,10.58,0.0,/2O6V-alt-1_assembled,37.397518157958984,0.0
4345,433.0,all,0.0,P0CG48,10.14,0.0,/2O6V-alt-1_assembled,45.84212112426758,0.0
4346,448.0,all,0.0,P0CG48,10.56,0.0,/2O6V-alt-1_assembled,69.43338775634766,0.0
4347,463.0,all,0.0,P0CG48,10.73,0.0,/2O6V-alt-1_assembled,62.19515609741211,0.0
4348,606.0,all,0.0,P0CG48,10.15,0.0,/2O6V-alt-1_assembled,54.018638610839844,0.0
4349,611.0,all,0.0,P0CG48,10.2,0.0,/2O6V-alt-1_assembled,23.72530746459961,0.0
4350,627.0,all,0.0,P0CG48,9.33,0.0,/2O6V-alt-1_assembled,14.208375930786133,0.0
4351,629.0,all,0.0,P0CG48,10.6,0.0,/2O6V-alt-1_assembled,42.4910888671875,0.0
4352,633.0,all,0.0,P0CG48,10.46,0.0,/2O6V-alt-1_assembled,48.7910270690918,0.0
4353,648.0,all,0.0,P0CG48,10.05,0.0,/2O6V-alt-1_assembled,35.25285720825195,0.0
4354,663.0,all,0.0,P0CG48,10.12,0.0,/2O6V-alt-1_assembled,53.08034896850586,0.0
4355,706.0,all,0.0,P0CG48,10.16,0.0,/2O6V-alt-1_assembled,47.182533264160156,0.0
4356,711.0,all,0.0,P0CG48,11.11,0.0,/2O6V-alt-1_assembled,44.3676643371582,0.0
4357,727.0,all,0.0,P0CG48,9.89,0.0,/2O6V-alt-1_assembled,9.785014152526855,0.0
4358,729.0,all,0.0,P0CG48,10.36,0.0,/2O6V-alt-1_assembled,39.542179107666016,0.0
4359,733.0,all,0.0,P0CG48,10.24,0.0,/2O6V-alt-1_assembled,53.61651611328125,0.0
4360,25.0,all,83.35,P0AEQ3,10.73,0.0,/AF-P0AEQ3-F1-model_v1,85.78642272949219,0.0
4361,26.0,all,94.97,P0AEQ3,10.66,0.0,/AF-P0AEQ3-F1-model_v1,78.01203155517578,0.0
4362,41.0,all,94.67,P0AEQ3,10.6,0.0,/AF-P0AEQ3-F1-model_v1,78.5481948852539,0.0
4363,45.0,all,94.1,P0AEQ3,10.43,0.0,/AF-P0AEQ3-F1-model_v1,99.86075592041016,0.0
4364,59.0,all,98.32,P0AEQ3,10.44,0.0,/AF-P0AEQ3-F1-model_v1,101.6032943725586,0.0
4365,62.0,all,97.01,P0AEQ3,10.48,0.0,/AF-P0AEQ3-F1-model_v1,88.86936950683594,0.0
4366,68.0,all,97.78,P0AEQ3,10.26,0.0,/AF-P0AEQ3-F1-model_v1,56.163299560546875,0.0
4367,82.0,all,97.22,P0AEQ3,10.35,0.0,/AF-P0AEQ3-F1-model_v1,79.3524398803711,0.0
4368,98.0,all,97.64,P0AEQ3,10.45,0.0,/AF-P0AEQ3-F1-model_v1,68.76318359375,0.0
4369,99.0,all,97.75,P0AEQ3,11.56,0.0,/AF-P0AEQ3-F1-model_v1,83.77580261230469,0.0
4370,109.0,all,94.95,P0AEQ3,10.39,0.0,/AF-P0AEQ3-F1-model_v1,81.49710083007812,0.0
4371,117.0,all,98.69,P0AEQ3,10.05,0.0,/AF-P0AEQ3-F1-model_v1,32.5720329284668,0.0
4372,124.0,all,97.94,P0AEQ3,10.55,0.0,/AF-P0AEQ3-F1-model_v1,87.3949203491211,0.0
4373,127.0,all,95.75,P0AEQ3,10.51,0.0,/AF-P0AEQ3-F1-model_v1,93.69486236572266,0.0
4374,132.0,all,98.68,P0AEQ3,10.73,0.0,/AF-P0AEQ3-F1-model_v1,47.85273742675781,0.0
4375,137.0,all,97.9,P0AEQ3,10.74,0.0,/AF-P0AEQ3-F1-model_v1,10.723302841186523,0.0
4376,147.0,all,97.48,P0AEQ3,10.38,0.0,/AF-P0AEQ3-F1-model_v1,73.45462799072266,0.0
4377,151.0,all,97.94,P0AEQ3,10.59,0.0,/AF-P0AEQ3-F1-model_v1,96.37568664550781,0.0
4378,153.0,all,98.42,P0AEQ3,10.48,0.0,/AF-P0AEQ3-F1-model_v1,76.939697265625,0.0
4379,188.0,all,94.33,P0AEQ3,10.35,0.0,/AF-P0AEQ3-F1-model_v1,108.30535888671875,0.0
4380,196.0,all,98.48,P0AEQ3,9.99,0.0,/AF-P0AEQ3-F1-model_v1,35.11881637573242,0.0
4381,213.0,all,98.25,P0AEQ3,11.2,0.0,/AF-P0AEQ3-F1-model_v1,39.00601577758789,0.0
4382,221.0,all,98.6,P0AEQ3,11.43,0.0,/AF-P0AEQ3-F1-model_v1,76.939697265625,0.0
4383,227.0,all,98.74,P0AEQ3,11.44,0.0,/AF-P0AEQ3-F1-model_v1,75.73332977294922,0.0
4384,240.0,all,97.59,P0AEQ3,11.45,0.0,/AF-P0AEQ3-F1-model_v1,55.76117706298828,0.0
4385,241.0,all,96.88,P0AEQ3,11.28,0.0,/AF-P0AEQ3-F1-model_v1,59.24625015258789,0.0
4386,248.0,all,77.89,P0AEQ3,10.47,0.0,/AF-P0AEQ3-F1-model_v1,117.8222885131836,0.0
4387,4.0,all,0.0,P0A6F5,10.177857142857144,0.1277725486003321,/1AON-alt-1_assembled,18.91897201538086,4.766658782958984
4388,7.0,all,0.0,P0A6F5,10.078095238095237,0.6296238484017187,/1AON-alt-1_assembled/1GRL-alt-1_assembled,37.06560516357422,6.295464038848877
4389,15.0,all,0.0,P0A6F5,10.844999999999999,0.6070420084310476,/1AON-alt-1_assembled/1GRL-alt-1_assembled,33.261390686035156,19.69948387145996
4390,28.0,all,0.0,P0A6F5,10.331428571428571,0.4258906633666171,/1AON-alt-1_assembled/1GRL-alt-1_assembled,32.182674407958984,6.480435848236084
4391,34.0,all,0.0,P0A6F5,10.552142857142858,0.6480589658977209,/1AON-alt-1_assembled/1GRL-alt-1_assembled,32.69649887084961,15.779422760009766
4392,42.0,all,0.0,P0A6F5,10.285238095238093,0.18959480603695472,/1AON-alt-1_assembled/1GRL-alt-1_assembled,43.86980056762695,15.610323905944824
4393,51.0,all,0.0,P0A6F5,9.14,0.881629173745969,/1AON-alt-1_assembled/1GRL-alt-1_assembled,44.661285400390625,20.958227157592773
4394,65.0,all,0.0,P0A6F5,10.755238095238093,0.4469185501589639,/1AON-alt-1_assembled/1GRL-alt-1_assembled,49.071876525878906,5.003153324127197
4395,75.0,all,0.0,P0A6F5,8.583333333333334,0.3911052714210503,/1AON-alt-1_assembled/1GRL-alt-1_assembled,18.66365623474121,1.7553293704986572
4396,80.0,all,0.0,P0A6F5,10.998571428571429,0.3607531803641614,/1AON-alt-1_assembled/1GRL-alt-1_assembled,46.7357292175293,5.168909549713135
4397,105.0,all,0.0,P0A6F5,10.805714285714286,0.18988342288286852,/1AON-alt-1_assembled/1GRL-alt-1_assembled,54.65055465698242,18.10337257385254
4398,117.0,all,0.0,P0A6F5,10.410952380952383,0.8933638942889106,/1AON-alt-1_assembled/1GRL-alt-1_assembled,34.397544860839844,6.600152015686035
4399,122.0,all,0.0,P0A6F5,10.084761904761905,0.1855429612682479,/1AON-alt-1_assembled/1GRL-alt-1_assembled,44.73787307739258,8.536221504211426
4400,132.0,all,0.0,P0A6F5,10.273333333333332,0.1260687643047767,/1AON-alt-1_assembled/1GRL-alt-1_assembled,46.67828369140625,6.3368940353393555
4401,142.0,all,0.0,P0A6F5,10.515238095238097,0.03919426585854715,/1AON-alt-1_assembled/1GRL-alt-1_assembled,72.06314849853516,5.901695251464844
4402,160.0,all,0.0,P0A6F5,10.779047619047619,0.2717334127762864,/1AON-alt-1_assembled/1GRL-alt-1_assembled,60.54197311401367,6.542304039001465
4403,168.0,all,0.0,P0A6F5,10.367142857142857,0.5431035155211467,/1AON-alt-1_assembled/1GRL-alt-1_assembled,57.44626998901367,20.294424057006836
4404,171.0,all,0.0,P0A6F5,10.379523809523809,0.07539736006493776,/1AON-alt-1_assembled/1GRL-alt-1_assembled,55.81862258911133,26.19310760498047
4405,207.0,all,0.0,P0A6F5,10.536190476190475,0.4473530618032717,/1AON-alt-1_assembled/1GRL-alt-1_assembled,54.286712646484375,12.943836212158203
4406,242.0,all,0.0,P0A6F5,10.48761904761905,0.13034204087341741,/1AON-alt-1_assembled/1GRL-alt-1_assembled,73.76100158691406,10.504778861999512
4407,245.0,all,0.0,P0A6F5,10.012500000000001,0.25185365424765,/1AON-alt-1_assembled/1GRL-alt-1_assembled,43.7376708984375,10.170982360839844
4408,272.0,all,0.0,P0A6F5,9.465238095238098,0.6681588063298952,/1AON-alt-1_assembled/1GRL-alt-1_assembled,47.55274200439453,14.199136734008789
4409,277.0,all,0.0,P0A6F5,9.54047619047619,0.7486285874215343,/1AON-alt-1_assembled/1GRL-alt-1_assembled,38.431549072265625,8.526031494140625
4410,286.0,all,0.0,P0A6F5,11.380952380952381,0.6586494117655063,/1AON-alt-1_assembled/1GRL-alt-1_assembled,34.92094421386719,7.28913688659668
4411,311.0,all,0.0,P0A6F5,10.867142857142857,0.7328583959889038,/1AON-alt-1_assembled/1GRL-alt-1_assembled,54.816505432128906,9.207423210144043
4412,321.0,all,0.0,P0A6F5,10.954761904761902,0.5499328963393539,/1AON-alt-1_assembled/1GRL-alt-1_assembled,60.982398986816406,7.3687944412231445
4413,327.0,all,0.0,P0A6F5,10.67142857142857,0.5976728679995915,/1AON-alt-1_assembled/1GRL-alt-1_assembled,55.99095916748047,7.764467716217041
4414,364.0,all,0.0,P0A6F5,9.857142857142858,0.5852105848080917,/1AON-alt-1_assembled/1GRL-alt-1_assembled,40.28898239135742,15.335142135620117
4415,371.0,all,0.0,P0A6F5,9.114761904761906,0.3801396986322141,/1AON-alt-1_assembled/1GRL-alt-1_assembled,34.78052520751953,12.959763526916504
4416,380.0,all,0.0,P0A6F5,11.218095238095238,0.45507822456824987,/1AON-alt-1_assembled/1GRL-alt-1_assembled,32.78905487060547,9.728893280029297
4417,390.0,all,0.0,P0A6F5,10.443809523809522,0.6230608011300037,/1AON-alt-1_assembled/1GRL-alt-1_assembled,56.59733581542969,5.532010555267334
4418,392.0,all,0.0,P0A6F5,10.408095238095235,0.4819918987661416,/1AON-alt-1_assembled/1GRL-alt-1_assembled,24.038070678710938,7.953442573547363
4419,393.0,all,0.0,P0A6F5,10.81857142857143,0.8997126525412752,/1AON-alt-1_assembled/1GRL-alt-1_assembled,21.523202896118164,10.088739395141602
4420,425.0,all,0.0,P0A6F5,10.623809523809523,0.33516378370098704,/1AON-alt-1_assembled/1GRL-alt-1_assembled,46.21233367919922,14.280896186828613
4421,441.0,all,0.0,P0A6F5,9.516666666666666,0.44857923863385984,/1AON-alt-1_assembled/1GRL-alt-1_assembled,55.32075881958008,13.565888404846191
4422,470.0,all,0.0,P0A6F5,10.508571428571427,0.23002794861246142,/1AON-alt-1_assembled/1GRL-alt-1_assembled,42.84214401245117,6.385976791381836
4423,498.0,all,0.0,P0A6F5,10.594761904761905,0.22807058222442997,/1AON-alt-1_assembled/1GRL-alt-1_assembled,26.584856033325195,5.405925750732422
4424,225.0,all,0.0,P0A6F5,10.65857142857143,0.3990538259983934,/1AON-alt-1_assembled/1GRL-alt-1_assembled,34.21882247924805,15.165080070495605
4425,226.0,all,0.0,P0A6F5,10.71285714285714,0.7225321773130575,/1AON-alt-1_assembled/1GRL-alt-1_assembled,52.06545639038086,11.750286102294922
4426,13.0,all,0.0,P0A6F5,10.572857142857144,0.020586634591635546,/1AON-alt-1_assembled,57.771793365478516,3.766695737838745
4427,20.0,all,0.0,P0A6F5,9.982857142857142,0.04111540089158988,/1AON-alt-1_assembled,43.831504821777344,2.5608556270599365
4428,55.0,all,0.0,P0A6F5,9.392857142857142,0.09250482612892603,/1AON-alt-1_assembled,20.12533950805664,3.4708054065704346
4429,60.0,all,0.0,P0A6F5,10.641428571428573,0.008997354108424182,/1AON-alt-1_assembled,77.93543243408203,3.323986291885376
4430,74.0,all,0.0,P0A6F5,9.634285714285713,0.26881574500371963,/1AON-alt-1_assembled,23.18914222717285,3.7706685066223145
4431,77.0,all,0.0,P0A6F5,10.9,0.14787382008545902,/1AON-alt-1_assembled,43.563419342041016,2.2509360313415527
4432,5.0,all,0.0,P18669,11.385,0.07778174593051983,/1YFK-alt-1_assembled,49.059112548828125,5.1182026863098145
4433,39.0,all,0.0,P18669,10.65,0.0,/1YFK-alt-1_assembled,73.18653869628906,0.0
4434,61.0,all,0.0,P18669,10.86,0.0,/1YFK-alt-1_assembled,16.822181701660156,1.2321587800979614
4435,100.0,all,0.0,P18669,9.36,0.0424264068711932,/1YFK-alt-1_assembled,43.29533386230469,3.7912607192993164
4436,138.0,all,0.0,P18669,10.52,0.014142135623730649,/1YFK-alt-1_assembled,74.25886535644531,7.96164608001709
4437,157.0,all,0.0,P18669,10.745000000000001,0.007071067811865324,/1YFK-alt-1_assembled,69.83551025390625,2.27475905418396
4438,176.0,all,0.0,P18669,10.37,0.0,/1YFK-alt-1_assembled,70.17060852050781,4.265163898468018
4439,179.0,all,0.0,P18669,10.57,0.028284271247461298,/1YFK-alt-1_assembled,42.42406463623047,2.1799752712249756
4440,195.0,all,0.0,P18669,10.175,0.007071067811865324,/1YFK-alt-1_assembled,28.48377227783203,5.781672477722168
4441,222.0,all,0.0,P18669,10.53,0.0,/1YFK-alt-1_assembled,58.039878845214844,0.0
4442,228.0,all,0.0,P18669,11.5,0.0,/1YFK-alt-1_assembled,44.63574981689453,0.0
4443,241.0,all,0.0,P18669,10.46,0.028284271247462554,/1YFK-alt-1_assembled,100.79904174804688,20.851930618286133
4444,106.0,all,0.0,P18669,10.34,0.0,/1YFK-alt-1_assembled,73.45462799072266,0.0
4445,225.0,all,0.0,P18669,10.34,0.0,/1YFK-alt-1_assembled,65.01002502441406,0.0
4446,10.0,all,0.0,P61981,10.090000000000002,0.3218695387886219,/3UZD-alt1A_assembled/3UZD-alt1B_assembled/6S9K-alt-1_assembled,65.94831085205078,18.142179489135742
4447,28.0,all,0.0,P61981,11.186666666666667,0.23586719427112687,/3UZD-alt1A_assembled/3UZD-alt1B_assembled/6S9K-alt-1_assembled,41.95492172241211,15.859413146972656
4448,50.0,all,0.0,P61981,8.833333333333334,0.972848052541266,/3UZD-alt1A_assembled/3UZD-alt1B_assembled/6S9K-alt-1_assembled,54.91225051879883,14.827373504638672
4449,69.0,all,0.0,P61981,10.416666666666666,0.037859388972002035,/3UZD-alt1A_assembled/3UZD-alt1B_assembled/6S9K-alt-1_assembled,87.93108367919922,13.971190452575684
4450,77.0,all,0.0,P61981,10.42,0.026457513110645342,/3UZD-alt1A_assembled/3UZD-alt1B_assembled/6S9K-alt-1_assembled,89.048095703125,16.408061981201172
4451,78.0,all,0.0,P61981,10.093333333333332,0.4446721638840609,/3UZD-alt1A_assembled/3UZD-alt1B_assembled/6S9K-alt-1_assembled,53.08034896850586,45.225975036621094
4452,88.0,all,0.0,P61981,10.776666666666666,0.11015141094572174,/3UZD-alt1A_assembled/3UZD-alt1B_assembled/6S9K-alt-1_assembled,72.91845703125,14.263276100158691
4453,91.0,all,0.0,P61981,10.576666666666666,0.2635020556529554,/3UZD-alt1A_assembled/3UZD-alt1B_assembled/6S9K-alt-1_assembled,80.29073333740234,28.606746673583984
4454,110.0,all,0.0,P61981,10.32,0.06082762530298294,/3UZD-alt1A_assembled/3UZD-alt1B_assembled/6S9K-alt-1_assembled,64.11641693115234,3.4962239265441895
4455,120.0,all,0.0,P61981,10.783333333333333,0.3453018003621373,/3UZD-alt1A_assembled/3UZD-alt1B_assembled/6S9K-alt-1_assembled,36.057106018066406,10.447484970092773
4456,125.0,all,0.0,P61981,10.506666666666666,0.0702376916856852,/3UZD-alt1A_assembled/3UZD-alt1B_assembled/6S9K-alt-1_assembled,34.1805305480957,1.0119881629943848
4457,127.0,all,0.0,P61981,10.533333333333333,0.5978572850884513,/3UZD-alt1A_assembled/3UZD-alt1B_assembled/6S9K-alt-1_assembled,30.2933292388916,5.0918049812316895
4458,142.0,all,0.0,P61981,10.47,0.0953939201416943,/3UZD-alt1A_assembled/3UZD-alt1B_assembled/6S9K-alt-1_assembled,81.3183822631836,7.221247673034668
4459,152.0,all,0.0,P61981,10.576666666666666,0.07505553499465152,/3UZD-alt1A_assembled/3UZD-alt1B_assembled/6S9K-alt-1_assembled,84.08856964111328,10.41418170928955
4460,162.0,all,0.0,P61981,9.656666666666666,0.9340413980832614,/3UZD-alt1A_assembled/3UZD-alt1B_assembled/6S9K-alt-1_assembled,43.74213790893555,6.561636924743652
4461,198.0,all,0.0,P61981,10.853333333333333,0.6013595707505892,/3UZD-alt1A_assembled/3UZD-alt1B_assembled/6S9K-alt-1_assembled,64.3844985961914,10.025654792785645
4462,217.0,all,0.0,P61981,10.520000000000001,0.03464101615137783,/3UZD-alt1A_assembled/3UZD-alt1B_assembled/6S9K-alt-1_assembled,94.99059295654297,7.468318462371826
4463,5.0,all,0.0,P31946,10.529285714285711,0.34779446374401796,/6HEP-alt1A_assembled/6HEP-alt1B_assembled/6A5Q-alt1A_assembled/6A5Q-alt1B_assembled,35.6837043762207,11.933459281921387
4464,11.0,all,0.0,P31946,9.406428571428568,0.7715579358360901,/6HEP-alt1A_assembled/6HEP-alt1B_assembled/6A5Q-alt1A_assembled/6A5Q-alt1B_assembled,53.99949264526367,11.586730003356934
4465,13.0,all,0.0,P31946,10.936428571428568,0.31633981589562726,/6HEP-alt1A_assembled/6HEP-alt1B_assembled/6A5Q-alt1A_assembled/6A5Q-alt1B_assembled,48.379329681396484,10.213756561279297
4466,29.0,all,0.0,P31946,11.627142857142857,0.30974998780476987,/6HEP-alt1A_assembled/6HEP-alt1B_assembled/6A5Q-alt1A_assembled/6A5Q-alt1B_assembled,36.73688888549805,2.8755695819854736
4467,51.0,all,0.0,P31946,9.14357142857143,0.8360309816016402,/6HEP-alt1A_assembled/6HEP-alt1B_assembled/6A5Q-alt1A_assembled/6A5Q-alt1B_assembled,57.628177642822266,16.091264724731445
4468,70.0,all,0.0,P31946,10.215000000000002,0.18570329637815905,/6HEP-alt1A_assembled/6HEP-alt1B_assembled/6A5Q-alt1A_assembled/6A5Q-alt1B_assembled,72.13096618652344,9.117745399475098
4469,76.0,all,0.0,P31946,10.769285714285717,0.5453786868662106,/6HEP-alt1A_assembled/6HEP-alt1B_assembled/6A5Q-alt1A_assembled/6A5Q-alt1B_assembled,78.52904510498047,16.849618911743164
4470,77.0,all,0.0,P31946,10.373571428571427,0.5743974386976475,/6HEP-alt1A_assembled/6HEP-alt1B_assembled/6A5Q-alt1A_assembled/6A5Q-alt1B_assembled,43.79320526123047,17.59612274169922
4471,82.0,all,0.0,P31946,10.904285714285715,0.7883645611762882,/6HEP-alt1A_assembled/6HEP-alt1B_assembled/6A5Q-alt1A_assembled/6A5Q-alt1B_assembled,37.76134490966797,13.871062278747559
4472,87.0,all,0.0,P31946,10.791428571428574,0.3846448340373862,/6HEP-alt1A_assembled/6HEP-alt1B_assembled/6A5Q-alt1A_assembled/6A5Q-alt1B_assembled,59.32284164428711,9.812125205993652
4473,105.0,all,0.0,P31946,10.975714285714284,0.2378012837422255,/6HEP-alt1A_assembled/6HEP-alt1B_assembled/6A5Q-alt1A_assembled/6A5Q-alt1B_assembled,56.4122314453125,8.357137680053711
4474,117.0,all,0.0,P31946,10.320000000000002,0.26023657875686296,/6HEP-alt1A_assembled/6HEP-alt1B_assembled/6A5Q-alt1A_assembled/6A5Q-alt1B_assembled,47.814449310302734,7.07727575302124
4475,122.0,all,0.0,P31946,10.575714285714286,0.8685063596216767,/6HEP-alt1A_assembled/6HEP-alt1B_assembled/6A5Q-alt1A_assembled/6A5Q-alt1B_assembled,33.09862518310547,7.091330051422119
4476,124.0,all,0.0,P31946,10.56857142857143,0.44861937169424665,/6HEP-alt1A_assembled/6HEP-alt1B_assembled/6A5Q-alt1A_assembled/6A5Q-alt1B_assembled,29.297595977783203,4.72175407409668
4477,140.0,all,0.0,P31946,9.977142857142855,0.28250060779862673,/6HEP-alt1A_assembled/6HEP-alt1B_assembled/6A5Q-alt1A_assembled/6A5Q-alt1B_assembled,49.451663970947266,11.721638679504395
4478,160.0,all,0.0,P31946,10.685714285714285,0.365864924332933,/6HEP-alt1A_assembled/6HEP-alt1B_assembled/6A5Q-alt1A_assembled/6A5Q-alt1B_assembled,68.8780746459961,9.824532508850098
4479,189.0,all,0.0,P31946,10.128571428571428,0.5932551292248964,/6HEP-alt1A_assembled/6HEP-alt1B_assembled/6A5Q-alt1A_assembled/6A5Q-alt1B_assembled,63.056854248046875,11.233748435974121
4480,195.0,all,0.0,P31946,10.744285714285713,0.36657907711736637,/6HEP-alt1A_assembled/6HEP-alt1B_assembled/6A5Q-alt1A_assembled/6A5Q-alt1B_assembled,72.66952514648438,12.189749717712402
4481,214.0,all,0.0,P31946,10.486428571428572,0.374630220614678,/6HEP-alt1A_assembled/6HEP-alt1B_assembled/6A5Q-alt1A_assembled/6A5Q-alt1B_assembled,78.07904815673828,23.094018936157227
4482,159.0,all,0.0,P31946,10.176666666666666,0.43973821413392883,/6HEP-alt1A_assembled/6HEP-alt1B_assembled/6A5Q-alt1A_assembled/6A5Q-alt1B_assembled,47.171356201171875,7.9471611976623535
4483,12.0,all,0.0,P62258,11.43,0.0,/3UAL-alt1A_assembled/3UAL-alt1B_assembled,73.85675048828125,0.0
4484,28.0,all,0.0,P62258,11.535,0.657609306503489,/3UAL-alt1A_assembled/3UAL-alt1B_assembled,30.092269897460938,12.985066413879395
4485,29.0,all,0.0,P62258,10.42,0.014142135623730649,/3UAL-alt1A_assembled/3UAL-alt1B_assembled,87.3949203491211,0.7582494616508484
4486,50.0,all,0.0,P62258,11.375,3.486036431249679,/3UAL-alt1A_assembled/3UAL-alt1B_assembled,65.34512329101562,25.30666160583496
4487,69.0,all,0.0,P62258,10.81,0.5939696961966998,/3UAL-alt1A_assembled/3UAL-alt1B_assembled,74.05781555175781,6.35036039352417
4488,73.0,all,0.0,P62258,10.51,0.0,/3UAL-alt1A_assembled/3UAL-alt1B_assembled,74.39291381835938,3.2225711345672607
4489,78.0,all,0.0,P62258,10.59,0.15556349186103965,/3UAL-alt1A_assembled/3UAL-alt1B_assembled,81.3630599975586,0.0
4490,80.0,all,0.0,P62258,10.38,0.0,/3UAL-alt1A_assembled/3UAL-alt1B_assembled,86.18854522705078,0.0
4491,94.0,all,0.0,P62258,10.57,0.0,/3UAL-alt1A_assembled/3UAL-alt1B_assembled,76.26949310302734,0.0
4492,106.0,all,0.0,P62258,11.53,0.0,/3UAL-alt1A_assembled/3UAL-alt1B_assembled,61.39091110229492,0.0
4493,118.0,all,0.0,P62258,10.515,0.035355339059326626,/3UAL-alt1A_assembled/3UAL-alt1B_assembled,56.43138122558594,0.0
4494,123.0,all,0.0,P62258,10.09,0.6222539674441611,/3UAL-alt1A_assembled/3UAL-alt1B_assembled,36.19114685058594,0.0
4495,125.0,all,0.0,P62258,11.03,0.0,/3UAL-alt1A_assembled/3UAL-alt1B_assembled,39.00601577758789,0.0
4496,142.0,all,0.0,P62258,10.72,0.0,/3UAL-alt1A_assembled/3UAL-alt1B_assembled,66.7525634765625,2.085191488265991
4497,153.0,all,0.0,P62258,10.29,0.0,/3UAL-alt1A_assembled/3UAL-alt1B_assembled,66.88660430908203,0.0
4498,196.0,all,0.0,P62258,10.62,0.0,/3UAL-alt1A_assembled/3UAL-alt1B_assembled,71.57804870605469,0.0
4499,28.0,all,19.692,Q04917,11.582,0.35138298194420303,/2C63-alt-1_assembled/AF-Q04917-F1-model_v1,43.77788543701172,2.3914263248443604
4500,50.0,all,19.616,Q04917,9.196000000000002,0.4828353756716669,/2C63-alt-1_assembled/AF-Q04917-F1-model_v1,74.74141693115234,24.115997314453125
4501,78.0,all,19.146,Q04917,10.232000000000001,0.24118457662130907,/2C63-alt-1_assembled/AF-Q04917-F1-model_v1,45.38637924194336,8.593603134155273
4502,83.0,all,19.526,Q04917,11.065999999999999,0.45719798774710296,/2C63-alt-1_assembled/AF-Q04917-F1-model_v1,54.8228874206543,1.7165662050247192
4503,88.0,all,19.676,Q04917,10.256,0.3092410063364823,/2C63-alt-1_assembled/AF-Q04917-F1-model_v1,47.61146926879883,17.038381576538086
4504,91.0,all,32.693333333333335,Q04917,10.336666666666666,0.2676440422152774,/2C63-alt-1_assembled/AF-Q04917-F1-model_v1,91.1033935546875,9.331365585327148
4505,106.0,all,19.576,Q04917,10.258000000000001,1.2679589898730956,/2C63-alt-1_assembled/AF-Q04917-F1-model_v1,35.386898040771484,27.00674057006836
4506,110.0,all,19.084,Q04917,9.99,0.3121698255757593,/2C63-alt-1_assembled/AF-Q04917-F1-model_v1,50.21186447143555,19.44536781311035
4507,125.0,all,19.741999999999997,Q04917,10.588000000000001,0.1942163741809636,/2C63-alt-1_assembled/AF-Q04917-F1-model_v1,37.12943649291992,5.821929931640625
4508,127.0,all,19.774,Q04917,10.356,0.5519782604414778,/2C63-alt-1_assembled/AF-Q04917-F1-model_v1,49.80974578857422,6.4594831466674805
4509,143.0,all,31.756666666666664,Q04917,10.1,0.13892443989449815,/2C63-alt-1_assembled/AF-Q04917-F1-model_v1,60.810062408447266,21.746660232543945
4510,155.0,all,32.88,Q04917,11.063333333333333,0.56888780381841,/2C63-alt-1_assembled/AF-Q04917-F1-model_v1,68.4950942993164,10.720788955688477
4511,162.0,all,19.3,Q04917,9.67,0.5124939024027502,/2C63-alt-1_assembled/AF-Q04917-F1-model_v1,54.635231018066406,21.68604278564453
4512,198.0,all,32.67666666666667,Q04917,10.829999999999998,0.38999999999999985,/2C63-alt-1_assembled/AF-Q04917-F1-model_v1,73.54398345947266,1.3018804788589478
4513,217.0,all,18.874000000000002,Q04917,10.475999999999999,0.04505552130427572,/2C63-alt-1_assembled/AF-Q04917-F1-model_v1,88.09193420410156,17.607280731201172
4514,120.0,all,32.69,Q04917,10.770000000000001,0.4355456348076522,/2C63-alt-1_assembled/AF-Q04917-F1-model_v1,47.450618743896484,14.556292533874512
4515,69.0,all,96.01,Q04917,10.38,0.0,/AF-Q04917-F1-model_v1,79.48648071289062,0.0
4516,77.0,all,95.14,Q04917,10.46,0.0,/AF-Q04917-F1-model_v1,100.39692687988281,0.0
4517,81.0,all,97.73,Q04917,10.41,0.0,/AF-Q04917-F1-model_v1,93.82890319824219,0.0
4518,142.0,all,91.72,Q04917,11.09,0.0,/AF-Q04917-F1-model_v1,72.11421203613281,0.0
4519,1.0,all,0.0,P02925,10.4,0.0,/2DRI-alt-1_assembled,54.55480194091797,0.0
4520,20.0,all,0.0,P02925,11.26,0.0,/2DRI-alt-1_assembled,37.26347732543945,0.0
4521,25.0,all,0.0,P02925,10.48,0.0,/2DRI-alt-1_assembled,82.83751678466797,0.0
4522,29.0,all,0.0,P02925,11.4,0.0,/2DRI-alt-1_assembled,58.7100830078125,0.0
4523,45.0,all,0.0,P02925,10.25,0.0,/2DRI-alt-1_assembled,38.33580780029297,0.0
4524,59.0,all,0.0,P02925,10.57,0.0,/2DRI-alt-1_assembled,46.24424362182617,0.0
4525,76.0,all,0.0,P02925,9.95,0.0,/2DRI-alt-1_assembled,55.76117706298828,0.0
4526,94.0,all,0.0,P02925,10.39,0.0,/2DRI-alt-1_assembled,66.21639251708984,0.0
4527,110.0,all,0.0,P02925,11.39,0.0,/2DRI-alt-1_assembled,51.20376968383789,0.0
4528,118.0,all,0.0,P02925,10.12,0.0,/2DRI-alt-1_assembled,59.24625015258789,0.0
4529,119.0,all,0.0,P02925,10.25,0.0,/2DRI-alt-1_assembled,46.11020278930664,0.0
4530,125.0,all,0.0,P02925,11.44,0.0,/2DRI-alt-1_assembled,37.799644470214844,0.0
4531,153.0,all,0.0,P02925,10.38,0.0,/2DRI-alt-1_assembled,82.30135345458984,0.0
4532,168.0,all,0.0,P02925,11.53,0.0,/2DRI-alt-1_assembled,52.94630813598633,0.0
4533,206.0,all,0.0,P02925,10.59,0.0,/2DRI-alt-1_assembled,33.10819625854492,0.0
4534,222.0,all,0.0,P02925,10.75,0.0,/2DRI-alt-1_assembled,62.46323776245117,0.0
4535,228.0,all,0.0,P02925,10.92,0.0,/2DRI-alt-1_assembled,54.8228874206543,0.0
4536,243.0,all,0.0,P02925,10.86,0.0,/2DRI-alt-1_assembled,31.901826858520508,0.0
4537,250.0,all,0.0,P02925,11.56,0.0,/2DRI-alt-1_assembled,38.4698486328125,0.0
4538,253.0,all,0.0,P02925,11.44,0.0,/2DRI-alt-1_assembled,51.33781433105469,0.0
4539,256.0,all,0.0,P02925,10.46,0.0,/2DRI-alt-1_assembled,91.01403045654297,0.0
4540,260.0,all,0.0,P02925,9.71,0.0,/2DRI-alt-1_assembled,49.46123504638672,0.0
4541,266.0,all,0.0,P02925,10.22,0.0,/2DRI-alt-1_assembled,64.47386169433594,0.0
4542,270.0,all,0.0,P02925,10.31,0.0,/2DRI-alt-1_assembled,47.98678207397461,0.0
4543,6.0,all,32.79666666666667,P0A9P0,10.62,0.07810249675906693,/4JDR-alt-1_assembled/AF-P0A9P0-F1-model_v1,85.92047119140625,3.8360157012939453
4544,54.0,all,32.49,P0A9P0,8.91,0.8586035173466278,/4JDR-alt-1_assembled/AF-P0A9P0-F1-model_v1,21.13384246826172,23.837249755859375
4545,61.0,all,32.04333333333333,P0A9P0,12.093333333333334,1.220751134889226,/4JDR-alt-1_assembled/AF-P0A9P0-F1-model_v1,26.98697853088379,9.302438735961914
4546,67.0,all,31.37,P0A9P0,10.52,0.25980762113533223,/4JDR-alt-1_assembled/AF-P0A9P0-F1-model_v1,74.25887298583984,19.158061981201172
4547,80.0,all,31.23,P0A9P0,10.443333333333333,0.023094010767585563,/4JDR-alt-1_assembled/AF-P0A9P0-F1-model_v1,91.1033935546875,14.86851692199707
4548,85.0,all,32.64,P0A9P0,10.893333333333333,0.5773502691896258,/4JDR-alt-1_assembled/AF-P0A9P0-F1-model_v1,76.6716079711914,10.855687141418457
4549,90.0,all,32.63666666666666,P0A9P0,9.396666666666667,0.5658916268450467,/4JDR-alt-1_assembled/AF-P0A9P0-F1-model_v1,18.721099853515625,8.444955825805664
4550,92.0,all,32.77,P0A9P0,10.493333333333334,0.07234178138070184,/4JDR-alt-1_assembled/AF-P0A9P0-F1-model_v1,89.4055404663086,6.985594272613525
4551,106.0,all,32.75,P0A9P0,10.45,0.0,/4JDR-alt-1_assembled/AF-P0A9P0-F1-model_v1,84.80345916748047,5.172904014587402
4552,109.0,all,32.77,P0A9P0,10.38,0.051961524227066236,/4JDR-alt-1_assembled/AF-P0A9P0-F1-model_v1,82.88219451904297,11.115191459655762
4553,111.0,all,32.74333333333333,P0A9P0,10.24,0.13856406460551032,/4JDR-alt-1_assembled/AF-P0A9P0-F1-model_v1,67.82489013671875,6.152773857116699
4554,118.0,all,32.82666666666667,P0A9P0,10.606666666666667,0.005773502691896135,/4JDR-alt-1_assembled/AF-P0A9P0-F1-model_v1,56.7888298034668,16.46108627319336
4555,133.0,all,32.13,P0A9P0,11.496666666666668,0.12423096769056192,/4JDR-alt-1_assembled/AF-P0A9P0-F1-model_v1,67.46744537353516,5.108242988586426
4556,172.0,all,31.939999999999998,P0A9P0,11.019999999999998,0.5802585630561603,/4JDR-alt-1_assembled/AF-P0A9P0-F1-model_v1,74.75035858154297,1.6543848514556885
4557,216.0,all,32.513333333333335,P0A9P0,10.843333333333334,0.5253887449625595,/4JDR-alt-1_assembled/AF-P0A9P0-F1-model_v1,81.40774536132812,1.140007734298706
4558,220.0,all,32.516666666666666,P0A9P0,10.37,0.036055512754640105,/4JDR-alt-1_assembled/AF-P0A9P0-F1-model_v1,87.0821533203125,9.442384719848633
4559,224.0,all,32.126666666666665,P0A9P0,10.396666666666667,0.06658328118479354,/4JDR-alt-1_assembled/AF-P0A9P0-F1-model_v1,88.42256927490234,9.218038558959961
4560,228.0,all,31.959999999999997,P0A9P0,10.143333333333333,0.12013880860626745,/4JDR-alt-1_assembled/AF-P0A9P0-F1-model_v1,72.02484893798828,10.009511947631836
4561,229.0,all,32.17,P0A9P0,10.306666666666667,0.13576941236277554,/4JDR-alt-1_assembled/AF-P0A9P0-F1-model_v1,35.342220306396484,13.832470893859863
4562,237.0,all,31.993333333333336,P0A9P0,10.716666666666667,0.6350852961085881,/4JDR-alt-1_assembled/AF-P0A9P0-F1-model_v1,66.03767395019531,3.289705514907837
4563,244.0,all,32.75333333333334,P0A9P0,10.96,0.4330127018922193,/4JDR-alt-1_assembled/AF-P0A9P0-F1-model_v1,50.84632873535156,10.558110237121582
4564,255.0,all,28.326666666666668,P0A9P0,11.173333333333332,0.2569695182961078,/4JDR-alt-1_assembled/AF-P0A9P0-F1-model_v1,61.07814407348633,16.867027282714844
4565,256.0,all,27.736666666666665,P0A9P0,10.229999999999999,0.08660254037844407,/4JDR-alt-1_assembled/AF-P0A9P0-F1-model_v1,67.51212310791016,16.838239669799805
4566,278.0,all,32.54666666666667,P0A9P0,10.363333333333333,0.04041451884327397,/4JDR-alt-1_assembled/AF-P0A9P0-F1-model_v1,54.91224670410156,5.543433666229248
4567,284.0,all,32.81666666666667,P0A9P0,10.88,0.47634021455258224,/4JDR-alt-1_assembled/AF-P0A9P0-F1-model_v1,61.74835205078125,2.2522683143615723
4568,299.0,all,32.65333333333333,P0A9P0,10.866666666666667,0.44500936319737544,/4JDR-alt-1_assembled/AF-P0A9P0-F1-model_v1,65.41214752197266,1.3404159545898438
4569,323.0,all,32.74666666666666,P0A9P0,9.673333333333332,0.08082903768654764,/4JDR-alt-1_assembled/AF-P0A9P0-F1-model_v1,7.014827728271484,3.289705514907837
4570,338.0,all,32.78,P0A9P0,10.433333333333335,0.38695391629150583,/4JDR-alt-1_assembled/AF-P0A9P0-F1-model_v1,48.16550064086914,9.475622177124023
4571,339.0,all,32.46333333333333,P0A9P0,10.476666666666667,0.01527525231651914,/4JDR-alt-1_assembled/AF-P0A9P0-F1-model_v1,94.45442962646484,12.564417839050293
4572,345.0,all,31.676666666666666,P0A9P0,10.313333333333333,0.08144527815247006,/4JDR-alt-1_assembled/AF-P0A9P0-F1-model_v1,63.98237609863281,8.284937858581543
4573,365.0,all,32.160000000000004,P0A9P0,9.936666666666667,0.6101092798288956,/4JDR-alt-1_assembled/AF-P0A9P0-F1-model_v1,50.7122917175293,26.11444091796875
4574,368.0,all,32.583333333333336,P0A9P0,11.030000000000001,1.0219099764656383,/4JDR-alt-1_assembled/AF-P0A9P0-F1-model_v1,72.06954193115234,8.024957656860352
4575,370.0,all,32.48,P0A9P0,10.473333333333334,0.046188021535170105,/4JDR-alt-1_assembled/AF-P0A9P0-F1-model_v1,77.07373809814453,6.8400468826293945
4576,398.0,all,32.93,P0A9P0,12.223333333333334,0.19655363983740748,/4JDR-alt-1_assembled/AF-P0A9P0-F1-model_v1,3.574434280395508,0.541721522808075
4577,403.0,all,32.33,P0A9P0,10.459999999999999,0.10392304845413247,/4JDR-alt-1_assembled/AF-P0A9P0-F1-model_v1,61.30154800415039,4.07964563369751
4578,470.0,all,30.62,P0A9P0,10.776666666666666,0.36115555282085005,/4JDR-alt-1_assembled/AF-P0A9P0-F1-model_v1,42.3570442199707,6.183358192443848
4579,472.0,all,29.613333333333333,P0A9P0,10.466666666666667,0.005773502691896135,/4JDR-alt-1_assembled/AF-P0A9P0-F1-model_v1,95.30335235595703,0.3546386957168579
4580,473.0,all,85.08,P0A9P0,10.46,0.0,/AF-P0A9P0-F1-model_v1,96.24164581298828,0.0
4581,474.0,all,79.64,P0A9P0,10.48,0.0,/AF-P0A9P0-F1-model_v1,104.95433044433594,0.0
4582,3.0,all,97.24,P0ACF4,11.42,0.0,/AF-P0ACF4-F1-model_v1,73.05249786376953,0.0
4583,9.0,all,98.43,P0ACF4,10.44,0.0,/AF-P0ACF4-F1-model_v1,93.69486236572266,0.0
4584,18.0,all,98.37,P0ACF4,11.49,0.0,/AF-P0ACF4-F1-model_v1,76.40353393554688,0.0
4585,37.0,all,97.37,P0ACF4,10.44,0.0,/AF-P0ACF4-F1-model_v1,111.12022399902344,0.0
4586,53.0,all,96.76,P0ACF4,10.1,0.0,/AF-P0ACF4-F1-model_v1,93.69486236572266,0.0
4587,67.0,all,96.85,P0ACF4,10.45,0.0,/AF-P0ACF4-F1-model_v1,85.78642272949219,0.0
4588,75.0,all,96.68,P0ACF4,10.58,0.0,/AF-P0ACF4-F1-model_v1,88.06512451171875,0.0
4589,83.0,all,97.21,P0ACF4,11.07,0.0,/AF-P0ACF4-F1-model_v1,86.9927978515625,0.0
4590,86.0,all,97.64,P0ACF4,10.25,0.0,/AF-P0ACF4-F1-model_v1,81.49710083007812,0.0
4591,14.0,all,93.71,P36578,10.59,0.0,/AF-P36578-F1-model_v1,92.48848724365234,0.0
4592,20.0,all,94.61,P36578,11.11,0.0,/AF-P36578-F1-model_v1,58.039878845214844,0.0
4593,29.0,all,94.34,P36578,9.65,0.0,/AF-P36578-F1-model_v1,34.046485900878906,0.0
4594,46.0,all,98.48,P36578,9.78,0.0,/AF-P36578-F1-model_v1,54.8228874206543,0.0
4595,106.0,all,97.04,P36578,11.3,0.0,/AF-P36578-F1-model_v1,40.61450958251953,0.0
4596,120.0,all,98.32,P36578,10.09,0.0,/AF-P36578-F1-model_v1,64.20578002929688,0.0
4597,140.0,all,97.2,P36578,8.93,0.0,/AF-P36578-F1-model_v1,29.757165908813477,0.0
4598,157.0,all,95.9,P36578,11.52,0.0,/AF-P36578-F1-model_v1,73.32058715820312,0.0
4599,162.0,all,96.85,P36578,10.19,0.0,/AF-P36578-F1-model_v1,75.59928894042969,0.0
4600,163.0,all,97.76,P36578,10.58,0.0,/AF-P36578-F1-model_v1,84.04388427734375,0.0
4601,165.0,all,97.71,P36578,10.46,0.0,/AF-P36578-F1-model_v1,103.2117919921875,0.0
4602,172.0,all,97.39,P36578,10.19,0.0,/AF-P36578-F1-model_v1,67.42276763916016,0.0
4603,173.0,all,97.26,P36578,10.35,0.0,/AF-P36578-F1-model_v1,58.173919677734375,0.0
4604,175.0,all,97.17,P36578,10.69,0.0,/AF-P36578-F1-model_v1,57.10158920288086,0.0
4605,181.0,all,97.86,P36578,10.37,0.0,/AF-P36578-F1-model_v1,66.61852264404297,0.0
4606,182.0,all,98.16,P36578,9.76,0.0,/AF-P36578-F1-model_v1,44.63574981689453,0.0
4607,193.0,all,97.97,P36578,10.43,0.0,/AF-P36578-F1-model_v1,107.36707305908203,0.0
4608,195.0,all,97.84,P36578,10.35,0.0,/AF-P36578-F1-model_v1,66.48448181152344,0.0
4609,219.0,all,97.58,P36578,10.38,0.0,/AF-P36578-F1-model_v1,105.35645294189453,0.0
4610,234.0,all,97.49,P36578,10.4,0.0,/AF-P36578-F1-model_v1,112.9968032836914,0.0
4611,239.0,all,98.21,P36578,9.95,0.0,/AF-P36578-F1-model_v1,63.267486572265625,0.0
4612,259.0,all,97.24,P36578,10.41,0.0,/AF-P36578-F1-model_v1,34.31456756591797,0.0
4613,269.0,all,95.03,P36578,10.47,0.0,/AF-P36578-F1-model_v1,100.12883758544922,0.0
4614,274.0,all,95.97,P36578,7.83,0.0,/AF-P36578-F1-model_v1,26.272092819213867,0.0
4615,283.0,all,95.81,P36578,10.35,0.0,/AF-P36578-F1-model_v1,117.28612518310547,0.0
4616,294.0,all,97.22,P36578,10.37,0.0,/AF-P36578-F1-model_v1,75.59928894042969,0.0
4617,307.0,all,96.54,P36578,10.41,0.0,/AF-P36578-F1-model_v1,85.11621856689453,0.0
4618,308.0,all,96.49,P36578,10.41,0.0,/AF-P36578-F1-model_v1,86.45662689208984,0.0
4619,315.0,all,96.18,P36578,10.44,0.0,/AF-P36578-F1-model_v1,108.9755630493164,0.0
4620,316.0,all,95.86,P36578,10.35,0.0,/AF-P36578-F1-model_v1,72.5163345336914,0.0
4621,320.0,all,95.13,P36578,10.45,0.0,/AF-P36578-F1-model_v1,83.64176177978516,0.0
4622,327.0,all,95.38,P36578,10.41,0.0,/AF-P36578-F1-model_v1,93.96294403076172,0.0
4623,333.0,all,95.36,P36578,10.35,0.0,/AF-P36578-F1-model_v1,82.5694351196289,0.0
4624,348.0,all,94.31,P36578,10.43,0.0,/AF-P36578-F1-model_v1,75.59928894042969,0.0
4625,353.0,all,91.89,P36578,10.45,0.0,/AF-P36578-F1-model_v1,87.26087951660156,0.0
4626,14.0,all,90.43,O03042,10.44,0.0,/AF-O03042-F1-model_v1,90.07574462890625,0.0
4627,18.0,all,95.01,O03042,10.07,0.0,/AF-O03042-F1-model_v1,52.94630813598633,0.0
4628,21.0,all,97.69,O03042,11.57,0.0,/AF-O03042-F1-model_v1,46.78041076660156,0.0
4629,32.0,all,98.52,O03042,10.37,0.0,/AF-O03042-F1-model_v1,70.9078369140625,0.0
4630,81.0,all,98.36,O03042,10.12,0.0,/AF-O03042-F1-model_v1,12.733922004699707,0.0
4631,128.0,all,98.22,O03042,10.46,0.0,/AF-O03042-F1-model_v1,101.33521270751953,0.0
4632,146.0,all,98.69,O03042,10.32,0.0,/AF-O03042-F1-model_v1,68.76318359375,0.0
4633,161.0,all,98.64,O03042,9.54,0.0,/AF-O03042-F1-model_v1,54.152679443359375,0.0
4634,164.0,all,98.7,O03042,10.59,0.0,/AF-O03042-F1-model_v1,11.393508911132812,0.0
4635,175.0,all,98.59,O03042,10.32,0.0,/AF-O03042-F1-model_v1,46.78041076660156,0.0
4636,177.0,all,97.7,O03042,12.1,0.0,/AF-O03042-F1-model_v1,48.25486373901367,0.0
4637,183.0,all,98.75,O03042,10.47,0.0,/AF-O03042-F1-model_v1,66.21639251708984,0.0
4638,201.0,all,98.93,O03042,8.66,0.0,/AF-O03042-F1-model_v1,2.8148670196533203,0.0
4639,227.0,all,98.87,O03042,10.52,0.0,/AF-O03042-F1-model_v1,58.039878845214844,0.0
4640,236.0,all,98.86,O03042,8.89,0.0,/AF-O03042-F1-model_v1,0.26808255910873413,0.0
4641,252.0,all,98.89,O03042,11.47,0.0,/AF-O03042-F1-model_v1,64.47386169433594,0.0
4642,305.0,all,97.26,O03042,10.21,0.0,/AF-O03042-F1-model_v1,33.24224090576172,0.0
4643,316.0,all,98.92,O03042,9.14,0.0,/AF-O03042-F1-model_v1,13.806252479553223,0.0
4644,334.0,all,96.76,O03042,9.76,0.0,/AF-O03042-F1-model_v1,64.20578002929688,0.0
4645,356.0,all,98.51,O03042,9.55,0.0,/AF-O03042-F1-model_v1,58.57604217529297,0.0
4646,450.0,all,98.45,O03042,10.59,0.0,/AF-O03042-F1-model_v1,68.4950942993164,0.0
4647,463.0,all,96.27,O03042,11.52,0.0,/AF-O03042-F1-model_v1,41.552799224853516,0.0
4648,474.0,all,92.05,O03042,11.46,0.0,/AF-O03042-F1-model_v1,37.933685302734375,0.0
4649,3.0,all,0.0,P0A9B2,10.48,0.09237604307034021,/6UTM-alt1A_assembled/6UTM-alt1B_assembled,43.09427261352539,0.8512758612632751
4650,70.0,all,0.0,P0A9B2,9.8,0.0,/6UTM-alt1A_assembled/6UTM-alt1B_assembled,46.646366119384766,0.0
4651,83.0,all,0.0,P0A9B2,10.704999999999998,0.09814954576223633,/6UTM-alt1A_assembled/6UTM-alt1B_assembled,57.83881378173828,1.470386028289795
4652,107.0,all,0.0,P0A9B2,10.805,0.27135462651912345,/6UTM-alt1A_assembled/6UTM-alt1B_assembled,47.919761657714844,4.411160469055176
4653,115.0,all,0.0,P0A9B2,11.025,0.05196152422706624,/6UTM-alt1A_assembled/6UTM-alt1B_assembled,24.261472702026367,0.15477702021598816
4654,123.0,all,0.0,P0A9B2,10.31,0.0,/6UTM-alt1A_assembled/6UTM-alt1B_assembled,68.96424102783203,12.61436653137207
4655,131.0,all,0.0,P0A9B2,10.0875,0.12996794476587864,/6UTM-alt1A_assembled/6UTM-alt1B_assembled,36.59326934814453,1.3929997682571411
4656,137.0,all,0.0,P0A9B2,11.175,0.40991869112463375,/6UTM-alt1A_assembled/6UTM-alt1B_assembled,65.47917175292969,5.494601726531982
4657,159.0,all,0.0,P0A9B2,11.46,0.17320508075688712,/6UTM-alt1A_assembled/6UTM-alt1B_assembled,28.282711029052734,0.0
4658,183.0,all,0.0,P0A9B2,10.280000000000001,0.023094010767585563,/6UTM-alt1A_assembled/6UTM-alt1B_assembled,42.42406463623047,4.565937519073486
4659,216.0,all,0.0,P0A9B2,10.325,0.01290994448735778,/6UTM-alt1A_assembled/6UTM-alt1B_assembled,70.37167358398438,6.217165470123291
4660,224.0,all,0.0,P0A9B2,10.3925,0.037749172176353964,/6UTM-alt1A_assembled/6UTM-alt1B_assembled,40.61450958251953,2.321664333343506
4661,256.0,all,0.0,P0A9B2,11.565000000000001,0.0288675134594817,/6UTM-alt1A_assembled/6UTM-alt1B_assembled,15.883892059326172,1.315609097480774
4662,260.0,all,0.0,P0A9B2,10.96,0.1962990915244737,/6UTM-alt1A_assembled/6UTM-alt1B_assembled,49.93037796020508,2.708606719970703
4663,268.0,all,0.0,P0A9B2,10.495000000000001,0.04041451884327294,/6UTM-alt1A_assembled/6UTM-alt1B_assembled,69.56742858886719,3.559880256652832
4664,295.0,all,0.0,P0A9B2,11.575,0.017320508075688402,/6UTM-alt1A_assembled/6UTM-alt1B_assembled,50.5335693359375,1.2382205724716187
4665,306.0,all,0.0,P0A9B2,11.1725,0.026299556396765275,/6UTM-alt1A_assembled/6UTM-alt1B_assembled,44.83680725097656,0.8512758612632751
4666,320.0,all,0.0,P0A9B2,8.8325,0.07499999999999929,/6UTM-alt1A_assembled/6UTM-alt1B_assembled,1.8765780925750732,0.15477757155895233
4667,45.0,all,0.0,P0A9B2,9.56,0.0,/6UTM-alt1A_assembled/6UTM-alt1B_assembled,41.82088088989258,0.0
4668,60.0,all,0.0,P0A9B2,10.57,0.0,/6UTM-alt1A_assembled/6UTM-alt1B_assembled,64.87598419189453,0.0
4669,114.0,all,0.0,P0A9B2,11.45,0.0,/6UTM-alt1A_assembled/6UTM-alt1B_assembled,60.85474395751953,0.0
4670,191.0,all,0.0,P0A9B2,10.41,0.0,/6UTM-alt1A_assembled/6UTM-alt1B_assembled,78.41415405273438,0.0
4671,330.0,all,0.0,P0A9B2,10.21,0.0,/6UTM-alt1A_assembled/6UTM-alt1B_assembled,58.039878845214844,0.0
4672,5.0,all,0.0,P69776,10.920000000000002,0.6505382386916236,/1JCD-alt-1_assembled,47.182533264160156,4.359950542449951
4673,19.0,all,0.0,P69776,10.934999999999999,0.23334523779156074,/1JCD-alt-1_assembled,43.027252197265625,7.772083759307861
4674,38.0,all,0.0,P69776,10.856666666666667,0.31182259913825006,/1JCD-alt-1_assembled,64.87598419189453,16.384323120117188
4675,26.0,all,82.99,P69776,10.42,0.0,/AF-P69776-F1-model_v1,94.23102569580078,0.0
4676,40.0,all,97.45,P69776,10.38,0.0,/AF-P69776-F1-model_v1,104.28411865234375,0.0
4677,59.0,all,97.54,P69776,10.37,0.0,/AF-P69776-F1-model_v1,87.79704284667969,0.0
4678,75.0,all,84.17,P69776,10.44,0.0,/AF-P69776-F1-model_v1,89.27149963378906,0.0
4679,14.0,all,95.05,P21276,12.61,0.0,/AF-P21276-F1-model_v1,56.297340393066406,0.0
4680,29.0,all,98.6,P21276,10.89,0.0,/AF-P21276-F1-model_v1,66.08235168457031,0.0
4681,38.0,all,98.44,P21276,10.31,0.0,/AF-P21276-F1-model_v1,97.04589080810547,0.0
4682,48.0,all,95.4,P21276,10.68,0.0,/AF-P21276-F1-model_v1,43.69746017456055,0.0
4683,49.0,all,95.78,P21276,10.43,0.0,/AF-P21276-F1-model_v1,78.68223571777344,0.0
4684,59.0,all,94.95,P21276,10.4,0.0,/AF-P21276-F1-model_v1,61.39091110229492,0.0
4685,95.0,all,98.46,P21276,11.33,0.0,/AF-P21276-F1-model_v1,38.20176696777344,0.0
4686,101.0,all,95.18,P21276,11.55,0.0,/AF-P21276-F1-model_v1,40.34642791748047,0.0
4687,119.0,all,98.47,P21276,11.55,0.0,/AF-P21276-F1-model_v1,63.53556823730469,0.0
4688,145.0,all,97.9,P21276,10.44,0.0,/AF-P21276-F1-model_v1,83.23963928222656,0.0
4689,147.0,all,98.24,P21276,9.71,0.0,/AF-P21276-F1-model_v1,43.027252197265625,0.0
4690,150.0,all,98.4,P21276,10.0,0.0,/AF-P21276-F1-model_v1,43.027252197265625,0.0
4691,188.0,all,98.25,P21276,10.63,0.0,/AF-P21276-F1-model_v1,90.34382629394531,0.0
4692,208.0,all,97.44,P21276,12.46,0.0,/AF-P21276-F1-model_v1,30.963537216186523,0.0
4693,8.0,all,96.44,Q9FHQ6,11.4,0.0,/AF-Q9FHQ6-F1-model_v1,39.14005661010742,0.0
4694,13.0,all,93.24,Q9FHQ6,11.35,0.0,/AF-Q9FHQ6-F1-model_v1,72.24825286865234,0.0
4695,29.0,all,95.47,Q9FHQ6,10.43,0.0,/AF-Q9FHQ6-F1-model_v1,12.733922004699707,0.0
4696,31.0,all,96.53,Q9FHQ6,10.56,0.0,/AF-Q9FHQ6-F1-model_v1,50.667606353759766,0.0
4697,50.0,all,95.37,Q9FHQ6,10.42,0.0,/AF-Q9FHQ6-F1-model_v1,88.7353286743164,0.0
4698,65.0,all,96.61,Q9FHQ6,10.69,0.0,/AF-Q9FHQ6-F1-model_v1,74.66099548339844,0.0
4699,84.0,all,97.81,Q9FHQ6,10.33,0.0,/AF-Q9FHQ6-F1-model_v1,65.94831085205078,0.0
4700,89.0,all,95.47,Q9FHQ6,11.33,0.0,/AF-Q9FHQ6-F1-model_v1,74.39291381835938,0.0
4701,105.0,all,95.96,Q9FHQ6,10.41,0.0,/AF-Q9FHQ6-F1-model_v1,10.589262008666992,0.0
4702,107.0,all,93.38,Q9FHQ6,10.31,0.0,/AF-Q9FHQ6-F1-model_v1,38.73793029785156,0.0
4703,111.0,all,89.49,Q9FHQ6,10.01,0.0,/AF-Q9FHQ6-F1-model_v1,78.14607238769531,0.0
4704,126.0,all,96.31,Q9FHQ6,10.37,0.0,/AF-Q9FHQ6-F1-model_v1,89.4055404663086,0.0
4705,141.0,all,94.23,Q9FHQ6,10.6,0.0,/AF-Q9FHQ6-F1-model_v1,74.5269546508789,0.0
4706,165.0,all,93.19,Q9FHQ6,11.33,0.0,/AF-Q9FHQ6-F1-model_v1,58.173919677734375,0.0
4707,181.0,all,95.51,Q9FHQ6,10.64,0.0,/AF-Q9FHQ6-F1-model_v1,14.878582954406738,0.0
4708,183.0,all,93.65,Q9FHQ6,10.37,0.0,/AF-Q9FHQ6-F1-model_v1,39.14005661010742,0.0
4709,187.0,all,89.61,Q9FHQ6,10.0,0.0,/AF-Q9FHQ6-F1-model_v1,69.83551025390625,0.0
4710,202.0,all,95.61,Q9FHQ6,10.48,0.0,/AF-Q9FHQ6-F1-model_v1,90.07574462890625,0.0
4711,217.0,all,93.17,Q9FHQ6,10.56,0.0,/AF-Q9FHQ6-F1-model_v1,71.57804870605469,0.0
4712,241.0,all,92.64,Q9FHQ6,11.31,0.0,/AF-Q9FHQ6-F1-model_v1,53.08034896850586,0.0
4713,257.0,all,95.62,Q9FHQ6,10.39,0.0,/AF-Q9FHQ6-F1-model_v1,10.589262008666992,0.0
4714,259.0,all,93.03,Q9FHQ6,10.82,0.0,/AF-Q9FHQ6-F1-model_v1,46.3782844543457,0.0
4715,263.0,all,91.06,Q9FHQ6,10.04,0.0,/AF-Q9FHQ6-F1-model_v1,53.08034896850586,0.0
4716,294.0,all,92.54,Q9FHQ6,10.57,0.0,/AF-Q9FHQ6-F1-model_v1,71.98017120361328,0.0
4717,57.0,all,77.91,Q9M2U7,10.38,0.0,/AF-Q9M2U7-F1-model_v1,74.5269546508789,0.0
4718,71.0,all,70.72,Q9M2U7,10.1,0.0,/AF-Q9M2U7-F1-model_v1,54.286720275878906,0.0
4719,132.0,all,98.16,Q9M2U7,11.38,0.0,/AF-Q9M2U7-F1-model_v1,71.1759262084961,0.0
4720,147.0,all,96.04,Q9M2U7,10.42,0.0,/AF-Q9M2U7-F1-model_v1,100.53096771240234,0.0
4721,158.0,all,93.4,Q9M2U7,10.67,0.0,/AF-Q9M2U7-F1-model_v1,72.65037536621094,0.0
4722,197.0,all,97.42,Q9M2U7,10.57,0.0,/AF-Q9M2U7-F1-model_v1,78.81627655029297,0.0
4723,238.0,all,87.98,Q9M2U7,10.22,0.0,/AF-Q9M2U7-F1-model_v1,102.27349853515625,0.0
4724,251.0,all,90.18,Q9M2U7,10.4,0.0,/AF-Q9M2U7-F1-model_v1,107.50111389160156,0.0
4725,258.0,all,97.56,Q9M2U7,10.35,0.0,/AF-Q9M2U7-F1-model_v1,95.03527069091797,0.0
4726,264.0,all,97.39,Q9M2U7,10.16,0.0,/AF-Q9M2U7-F1-model_v1,82.16730499267578,0.0
4727,284.0,all,98.12,Q9M2U7,11.46,0.0,/AF-Q9M2U7-F1-model_v1,39.14005661010742,0.0
4728,331.0,all,82.91,Q9M2U7,10.35,0.0,/AF-Q9M2U7-F1-model_v1,86.72471618652344,0.0
4729,95.0,all,98.85,Q9SMU8,8.95,0.0,/AF-Q9SMU8-F1-model_v1,18.09557342529297,0.0
4730,114.0,all,98.8,Q9SMU8,9.52,0.0,/AF-Q9SMU8-F1-model_v1,3.619114637374878,0.0
4731,179.0,all,98.84,Q9SMU8,10.64,0.0,/AF-Q9SMU8-F1-model_v1,28.818876266479492,0.0
4732,204.0,all,98.85,Q9SMU8,10.95,0.0,/AF-Q9SMU8-F1-model_v1,52.678226470947266,0.0
4733,262.0,all,98.9,Q9SMU8,10.44,0.0,/AF-Q9SMU8-F1-model_v1,53.88459777832031,0.0
4734,268.0,all,98.79,Q9SMU8,11.25,0.0,/AF-Q9SMU8-F1-model_v1,46.512325286865234,0.0
4735,271.0,all,98.94,Q9SMU8,11.05,0.0,/AF-Q9SMU8-F1-model_v1,36.86135482788086,0.0
4736,81.0,all,75.96,Q9XFT3,10.47,0.0,/AF-Q9XFT3-F1-model_v1,93.42677307128906,0.0
4737,110.0,all,75.45,Q9XFT3,11.43,0.0,/AF-Q9XFT3-F1-model_v1,80.9609375,0.0
4738,128.0,all,95.78,Q9XFT3,10.39,0.0,/AF-Q9XFT3-F1-model_v1,80.82689666748047,0.0
4739,132.0,all,96.69,Q9XFT3,10.48,0.0,/AF-Q9XFT3-F1-model_v1,107.09899139404297,0.0
4740,138.0,all,97.77,Q9XFT3,11.61,0.0,/AF-Q9XFT3-F1-model_v1,55.89521789550781,0.0
4741,144.0,all,97.72,Q9XFT3,10.4,0.0,/AF-Q9XFT3-F1-model_v1,76.80565643310547,0.0
4742,156.0,all,95.14,Q9XFT3,11.65,0.0,/AF-Q9XFT3-F1-model_v1,73.72270965576172,0.0
4743,171.0,all,91.51,Q9XFT3,11.53,0.0,/AF-Q9XFT3-F1-model_v1,53.34843063354492,0.0
4744,173.0,all,90.17,Q9XFT3,10.46,0.0,/AF-Q9XFT3-F1-model_v1,110.85214233398438,0.0
4745,176.0,all,94.23,Q9XFT3,10.15,0.0,/AF-Q9XFT3-F1-model_v1,49.46123504638672,0.0
4746,177.0,all,94.35,Q9XFT3,10.62,0.0,/AF-Q9XFT3-F1-model_v1,98.92247009277344,0.0
4747,180.0,all,96.5,Q9XFT3,10.47,0.0,/AF-Q9XFT3-F1-model_v1,99.1905517578125,0.0
4748,185.0,all,98.08,Q9XFT3,11.41,0.0,/AF-Q9XFT3-F1-model_v1,78.14607238769531,0.0
4749,198.0,all,98.11,Q9XFT3,10.37,0.0,/AF-Q9XFT3-F1-model_v1,89.00341796875,0.0
4750,199.0,all,98.12,Q9XFT3,11.0,0.0,/AF-Q9XFT3-F1-model_v1,68.4950942993164,0.0
4751,200.0,all,97.86,Q9XFT3,10.37,0.0,/AF-Q9XFT3-F1-model_v1,79.21839904785156,0.0
4752,207.0,all,98.43,Q9XFT3,10.9,0.0,/AF-Q9XFT3-F1-model_v1,78.41415405273438,0.0
4753,222.0,all,92.16,Q9XFT3,10.4,0.0,/AF-Q9XFT3-F1-model_v1,75.3311996459961,0.0
4754,88.0,all,75.79,Q41932,10.47,0.0,/AF-Q41932-F1-model_v1,99.5926742553711,0.0
4755,116.0,all,74.06,Q41932,10.75,0.0,/AF-Q41932-F1-model_v1,83.50772094726562,0.0
4756,134.0,all,95.73,Q41932,10.39,0.0,/AF-Q41932-F1-model_v1,81.3630599975586,0.0
4757,138.0,all,96.51,Q41932,11.5,0.0,/AF-Q41932-F1-model_v1,91.01403045654297,0.0
4758,144.0,all,97.24,Q41932,11.6,0.0,/AF-Q41932-F1-model_v1,50.3995246887207,0.0
4759,149.0,all,96.88,Q41932,10.38,0.0,/AF-Q41932-F1-model_v1,91.01403045654297,0.0
4760,150.0,all,97.01,Q41932,10.42,0.0,/AF-Q41932-F1-model_v1,65.68022918701172,0.0
4761,177.0,all,91.34,Q41932,10.97,0.0,/AF-Q41932-F1-model_v1,35.923065185546875,0.0
4762,179.0,all,90.57,Q41932,10.46,0.0,/AF-Q41932-F1-model_v1,103.6139144897461,0.0
4763,182.0,all,94.08,Q41932,10.07,0.0,/AF-Q41932-F1-model_v1,46.646366119384766,0.0
4764,186.0,all,96.23,Q41932,10.35,0.0,/AF-Q41932-F1-model_v1,80.9609375,0.0
4765,191.0,all,97.87,Q41932,10.41,0.0,/AF-Q41932-F1-model_v1,96.10760498046875,0.0
4766,206.0,all,97.2,Q41932,10.38,0.0,/AF-Q41932-F1-model_v1,85.92046356201172,0.0
4767,213.0,all,98.24,Q41932,11.03,0.0,/AF-Q41932-F1-model_v1,69.29934692382812,0.0
4768,228.0,all,91.82,Q41932,10.43,0.0,/AF-Q41932-F1-model_v1,74.12483215332031,0.0
4769,58.0,all,97.41,Q42589,10.32,0.0,/AF-Q42589-F1-model_v1,73.05249786376953,0.0
4770,65.0,all,89.61,Q42589,10.4,0.0,/AF-Q42589-F1-model_v1,95.43739318847656,0.0
4771,98.0,all,95.48,Q42589,10.45,0.0,/AF-Q42589-F1-model_v1,118.49250030517578,0.0
4772,107.0,all,79.87,Q42589,10.45,0.0,/AF-Q42589-F1-model_v1,131.6285400390625,0.0
4773,115.0,all,90.31,Q42589,10.41,0.0,/AF-Q42589-F1-model_v1,116.34783935546875,0.0
