,resid,chain,pKa,sasa,PDB Code,Chain_Resid,Assembled Index,plddt,Uniprot Entry,carbamylated
0,30,A,10.48,88.33320784,1E3U-alt1B_assembled,A30,75,0,P14489,FALSE
21,30,B,10.19,64.07173497,1E3U-alt1B_assembled,B30,1996,0,P14489,FALSE
42,30,C,10.44,91.14807486,1E3U-alt1B_assembled,C30,3919,0,P14489,FALSE
63,30,D,10.44,90.20978585,1E3U-alt1B_assembled,D30,5853,0,P14489,FALSE
0,30,A,10.48,88.33320784,1E3U-alt1A_assembled,A30,75,0,P14489,FALSE
21,30,B,10.19,64.07173497,1E3U-alt1A_assembled,B30,1996,0,P14489,FALSE
42,30,C,10.4,81.89922608,1E3U-alt1A_assembled,C30,3919,0,P14489,FALSE
63,30,D,10.43,59.11220737,1E3U-alt1A_assembled,D30,5853,0,P14489,FALSE
0,30,A,10.38,73.05250117,1E4D-alt1A_assembled,A30,73,0,P14489,FALSE
21,30,B,10.21,65.01002398,1E4D-alt1A_assembled,B30,2005,0,P14489,FALSE
0,30,A,10.28,70.90784059,1E4D-alt1B_assembled,A30,73,0,P14489,FALSE
21,30,B,10.17,65.94831298,1E4D-alt1B_assembled,B30,2005,0,P14489,FALSE
0,30,A,10.44,84.58005182,1EWZ-alt-1_assembled,A30,75,0,P14489,FALSE
36,30,C,10.57,79.21840035,1EWZ-alt-1_assembled,C30,3886,0,P14489,FALSE
51,30,D,10.45,83.64176281,1EWZ-alt-1_assembled,D30,5767,0,P14489,FALSE
0,30,A,10.45,78.14607006,1FOF-alt-1_assembled,A30,85,0,P14489,FALSE
21,30,B,10.54,74.12483146,1FOF-alt-1_assembled,B30,2025,0,P14489,FALSE
0,30,A,10.56,83.10559766,1K4F-alt1A_assembled,A30,79,0,P14489,FALSE
21,30,B,10.45,83.23963895,1K4F-alt1A_assembled,B30,2023,0,P14489,FALSE
0,30,A,10.37,97.31397404,1K4F-alt1B_assembled,A30,79,0,P14489,FALSE
20,30,B,10.56,73.05250117,1K4F-alt1B_assembled,B30,2023,0,P14489,FALSE
0,30,A,10.43,83.7758041,1K54-alt1B_assembled,A30,73,0,P14489,FALSE
21,30,B,10.43,89.27149684,1K54-alt1B_assembled,B30,2009,0,P14489,FALSE
42,30,C,10.47,76.53757462,1K54-alt1B_assembled,C30,3939,0,P14489,FALSE
63,30,D,10.51,80.82689579,1K54-alt1B_assembled,D30,5875,0,P14489,FALSE
0,30,A,10.51,81.49710222,1K54-alt1A_assembled,A30,73,0,P14489,FALSE
20,30,B,10.41,86.05450597,1K54-alt1A_assembled,B30,2009,0,P14489,FALSE
41,30,C,10.51,82.83751509,1K54-alt1A_assembled,C30,3939,0,P14489,FALSE
62,30,D,10.53,80.42477193,1K54-alt1A_assembled,D30,5875,0,P14489,FALSE
0,30,A,10.22,64.07173497,1K55-alt1B_assembled,A30,79,0,P14489,FALSE
21,30,B,10.41,90.61190971,1K55-alt1B_assembled,B30,2015,0,P14489,FALSE
42,30,C,10.53,69.03126257,1K55-alt1B_assembled,C30,3951,0,P14489,FALSE
63,30,D,10.53,76.67161591,1K55-alt1B_assembled,D30,5891,0,P14489,FALSE
0,30,A,10.44,87.52896012,1K55-alt1A_assembled,A30,79,0,P14489,FALSE
21,30,B,10.43,89.40553813,1K55-alt1A_assembled,B30,2015,0,P14489,FALSE
42,30,C,10.41,62.59728082,1K55-alt1A_assembled,C30,3953,0,P14489,FALSE
62,30,D,10.68,76.40353334,1K55-alt1A_assembled,D30,5870,0,P14489,FALSE
0,30,A,10.51,83.64176281,1K56-alt1B_assembled,A30,73,0,P14489,FALSE
21,30,B,10.11,70.10359287,1K56-alt1B_assembled,B30,2005,0,P14489,FALSE
42,30,C,10.48,86.99279497,1K56-alt1B_assembled,C30,3937,0,P14489,FALSE
0,30,A,10.44,92.75657029,1K56-alt1A_assembled,A30,73,0,P14489,FALSE
21,30,B,10.15,65.8142717,1K56-alt1A_assembled,B30,2005,0,P14489,FALSE
42,30,C,10.52,92.75657029,1K56-alt1A_assembled,C30,3937,0,P14489,FALSE
0,30,A,10.36,77.34182234,1K57-alt1B_assembled,A30,73,0,P14489,FALSE
21,30,B,10.21,63.40152854,1K57-alt1B_assembled,B30,2005,0,P14489,FALSE
42,30,C,10.43,69.83551029,1K57-alt1B_assembled,C30,3935,0,P14489,FALSE
63,30,D,10.4,86.7247124,1K57-alt1B_assembled,D30,5865,0,P14489,FALSE
0,30,A,10.37,77.7439462,1K57-alt1A_assembled,A30,73,0,P14489,FALSE
21,30,B,10.28,69.03126257,1K57-alt1A_assembled,B30,2005,0,P14489,FALSE
42,30,C,10.43,69.83551029,1K57-alt1A_assembled,C30,3935,0,P14489,FALSE
63,30,D,10.17,61.25686795,1K57-alt1A_assembled,D30,5865,0,P14489,FALSE
0,30,A,10.6,68.62913872,1K6R-alt-1_assembled,A30,93,0,P14489,FALSE
0,30,A,10.36,79.08435907,1K6S-alt-1_assembled,A30,79,0,P14489,FALSE
20,30,B,10.53,90.34382714,1K6S-alt-1_assembled,B30,2015,0,P14489,FALSE
0,30,A,10.57,71.84612959,2HP5-alt-1_assembled,A30,93,0,P14489,FALSE
21,30,B,11.38,64.87598269,2HP5-alt-1_assembled,B30,2024,0,P14489,FALSE
0,30,A,10.48,91.41615743,2HP6-alt-1_assembled,A30,81,0,P14489,FALSE
21,30,B,10.55,67.42276714,2HP6-alt-1_assembled,B30,2015,0,P14489,FALSE
0,30,A,10.48,92.62252901,2HP9-alt-1_assembled,A30,81,0,P14489,FALSE
21,30,B,10.61,78.54819392,2HP9-alt-1_assembled,B30,2015,0,P14489,FALSE
0,30,A,10.46,99.19055205,2HPB-alt1A_assembled,A30,81,0,P14489,FALSE
21,30,B,10.78,76.40353334,2HPB-alt1A_assembled,B30,2015,0,P14489,FALSE
0,30,A,10.46,99.19055205,2HPB-alt1B_assembled,A30,81,0,P14489,FALSE
21,30,B,10.78,76.40353334,2HPB-alt1B_assembled,B30,2015,0,P14489,FALSE
0,30,A,10.37,68.62913872,2RL3-alt1A_assembled,A30,93,0,P14489,FALSE
21,30,B,10.49,85.78642339,2RL3-alt1A_assembled,B30,2032,0,P14489,FALSE
0,30,A,10.36,68.89722129,2RL3-alt1B_assembled,A30,91,0,P14489,FALSE
21,30,B,10.49,85.78642339,2RL3-alt1B_assembled,B30,2033,0,P14489,FALSE
0,30,A,10.39,95.16931345,2WGI-alt-1_assembled,A30,79,0,P14489,FALSE
21,30,B,10.44,94.90123088,2WGI-alt-1_assembled,B30,2016,0,P14489,FALSE
0,30,A,10.58,79.7545655,2WGV-alt1A_assembled,A30,93,0,P14489,FALSE
21,30,B,10.44,84.04388667,2WGV-alt1A_assembled,B30,2036,0,P14489,FALSE
0,30,A,10.58,79.7545655,2WGV-alt1B_assembled,A30,93,0,P14489,FALSE
21,30,B,10.44,84.04388667,2WGV-alt1B_assembled,B30,2036,0,P14489,FALSE
0,30,A,10.36,84.84813439,2WGW-alt1A_assembled,A30,91,0,P14489,FALSE
21,30,B,10.54,81.7651848,2WGW-alt1A_assembled,B30,2037,0,P14489,FALSE
0,30,A,10.45,86.32258854,2WGW-alt1B_assembled,A30,93,0,P14489,FALSE
21,30,B,10.54,81.7651848,2WGW-alt1B_assembled,B30,2036,0,P14489,FALSE
0,30,A,10.46,92.75657029,2WKH-alt1A_assembled,A30,81,0,P14489,FALSE
20,30,B,10.7,72.51633603,2WKH-alt1A_assembled,B30,2021,0,P14489,FALSE
0,30,A,10.46,92.75657029,2WKH-alt1B_assembled,A30,81,0,P14489,FALSE
20,30,B,10.7,72.51633603,2WKH-alt1B_assembled,B30,2021,0,P14489,FALSE
0,30,A,10.6,83.64176281,2WKI-alt1A_assembled,A30,81,0,P14489,FALSE
20,30,B,10.8,67.824891,2WKI-alt1A_assembled,B30,2021,0,P14489,FALSE
0,30,A,10.6,83.64176281,2WKI-alt1B_assembled,A30,81,0,P14489,FALSE
20,30,B,10.8,67.824891,2WKI-alt1B_assembled,B30,2021,0,P14489,FALSE
0,30,A,10.57,71.71208831,2X01-alt1A_assembled,A30,79,0,P14489,FALSE
21,30,B,10.36,83.37368024,2X01-alt1A_assembled,B30,2022,0,P14489,FALSE
0,30,A,10.56,62.73132211,2X01-alt1B_assembled,A30,81,0,P14489,FALSE
21,30,B,10.46,90.34382714,2X01-alt1B_assembled,B30,2023,0,P14489,FALSE
0,30,A,10.55,72.65037731,2X02-alt1A_assembled,A30,79,0,P14489,FALSE
21,30,B,10.4,99.45863462,2X02-alt1A_assembled,B30,2027,0,P14489,FALSE
0,30,A,10.39,56.8335055,2X02-alt1B_assembled,A30,79,0,P14489,FALSE
21,30,B,10.5,96.10760246,2X02-alt1B_assembled,B30,2027,0,P14489,FALSE
0,30,A,10.43,83.10559766,3LCE-alt1B_assembled,A30,79,0,P14489,FALSE
21,30,B,10.25,64.47385883,3LCE-alt1B_assembled,B30,2015,0,P14489,FALSE
0,30,A,10,58.17391836,3LCE-alt1A_assembled,A30,79,0,P14489,FALSE
21,30,B,10.26,70.23763415,3LCE-alt1A_assembled,B30,2015,0,P14489,FALSE
0,30,A,10.41,85.25025825,4S2O-alt1B_assembled,A30,81,0,P14489,FALSE
21,30,B,10.55,68.22701486,4S2O-alt1B_assembled,B30,2021,0,P14489,FALSE
0,30,A,10.41,85.25025825,4S2O-alt1A_assembled,A30,81,0,P14489,FALSE
21,30,B,10.55,68.22701486,4S2O-alt1A_assembled,B30,2021,0,P14489,FALSE
0,30,A,10.38,73.05250117,4WZ5-alt1B_assembled,A30,79,0,P14489,FALSE
21,30,B,11.38,68.09297357,4WZ5-alt1B_assembled,B30,2011,0,P14489,FALSE
42,30,C,11.23,66.88660199,4WZ5-alt1B_assembled,C30,3945,0,P14489,FALSE
63,30,D,10.59,88.46724913,4WZ5-alt1B_assembled,D30,5885,0,P14489,FALSE
0,30,A,10.33,67.28872585,4WZ5-alt1A_assembled,A30,79,0,P14489,FALSE
21,30,B,10.42,84.7140931,4WZ5-alt1A_assembled,B30,2011,0,P14489,FALSE
42,30,C,11.23,66.88660199,4WZ5-alt1A_assembled,C30,3945,0,P14489,FALSE
63,30,D,10.59,88.46724913,4WZ5-alt1A_assembled,D30,5885,0,P14489,FALSE
1,45,A,10.56,57.23562936,1E3U-alt1B_assembled,A45,187,0,P14489,FALSE
22,45,B,10.57,63.8036524,1E3U-alt1B_assembled,B45,2108,0,P14489,FALSE
43,45,C,9.71,39.81026211,1E3U-alt1B_assembled,C45,4031,0,P14489,FALSE
64,45,D,10.59,68.09297357,1E3U-alt1B_assembled,D45,5965,0,P14489,FALSE
1,45,A,10.88,56.69946421,1E3U-alt1A_assembled,A45,187,0,P14489,FALSE
22,45,B,10.5,64.07173497,1E3U-alt1A_assembled,B45,2108,0,P14489,FALSE
43,45,C,10.32,66.08235427,1E3U-alt1A_assembled,C45,4031,0,P14489,FALSE
64,45,D,10.62,80.55881322,1E3U-alt1A_assembled,D45,5965,0,P14489,FALSE
1,45,A,11.38,53.21439076,1E4D-alt1A_assembled,A45,185,0,P14489,FALSE
22,45,B,11.04,58.97816608,1E4D-alt1A_assembled,B45,2117,0,P14489,FALSE
1,45,A,10.97,55.49309263,1E4D-alt1B_assembled,A45,185,0,P14489,FALSE
22,45,B,10.85,59.91645509,1E4D-alt1B_assembled,B45,2117,0,P14489,FALSE
1,45,A,10.87,60.45262024,1EWZ-alt-1_assembled,A45,187,0,P14489,FALSE
19,45,B,10.88,50.8016476,1EWZ-alt-1_assembled,B45,2088,0,P14489,FALSE
37,45,C,10.9,66.48447813,1EWZ-alt-1_assembled,C45,3998,0,P14489,FALSE
52,45,D,11.39,57.36967064,1EWZ-alt-1_assembled,D45,5879,0,P14489,FALSE
1,45,A,10.94,52.00801918,1FOF-alt-1_assembled,A45,197,0,P14489,FALSE
22,45,B,10.5,44.76978971,1FOF-alt-1_assembled,B45,2137,0,P14489,FALSE
1,45,A,10.46,34.44861064,1K4F-alt1A_assembled,A45,191,0,P14489,FALSE
22,45,B,10.59,50.26548246,1K4F-alt1A_assembled,B45,2135,0,P14489,FALSE
1,45,A,9.28,26.00400959,1K4F-alt1B_assembled,A45,191,0,P14489,FALSE
21,45,B,10.54,48.12082187,1K4F-alt1B_assembled,B45,2135,0,P14489,FALSE
1,45,A,11.31,50.26548246,1K54-alt1B_assembled,A45,185,0,P14489,FALSE
22,45,B,11.34,61.7930331,1K54-alt1B_assembled,B45,2121,0,P14489,FALSE
43,45,C,9.26,32.84011521,1K54-alt1B_assembled,C45,4051,0,P14489,FALSE
64,45,D,11.07,57.90583579,1K54-alt1B_assembled,D45,5987,0,P14489,FALSE
1,45,A,11.26,54.55480363,1K54-alt1A_assembled,A45,185,0,P14489,FALSE
21,45,B,11.06,64.60790012,1K54-alt1A_assembled,B45,2121,0,P14489,FALSE
42,45,C,7.38,23.18914257,1K54-alt1A_assembled,C45,4051,0,P14489,FALSE
63,45,D,11.01,62.86536339,1K54-alt1A_assembled,D45,5987,0,P14489,FALSE
1,45,A,10.51,62.06111567,1K55-alt1B_assembled,A45,191,0,P14489,FALSE
22,45,B,10.85,66.7525607,1K55-alt1B_assembled,B45,2127,0,P14489,FALSE
43,45,C,12.29,37.53156023,1K55-alt1B_assembled,C45,4063,0,P14489,FALSE
64,45,D,12.16,45.97616129,1K55-alt1B_assembled,D45,6003,0,P14489,FALSE
1,45,A,10.94,50.8016476,1K55-alt1A_assembled,A45,191,0,P14489,FALSE
22,45,B,10.58,55.09096877,1K55-alt1A_assembled,B45,2127,0,P14489,FALSE
43,45,C,10.61,67.42276714,1K55-alt1A_assembled,C45,4065,0,P14489,FALSE
63,45,D,10.56,78.68223521,1K55-alt1A_assembled,D45,5982,0,P14489,FALSE
1,45,A,10.65,56.29734035,1K56-alt1B_assembled,A45,185,0,P14489,FALSE
22,45,B,11.09,55.49309263,1K56-alt1B_assembled,B45,2117,0,P14489,FALSE
43,45,C,11.75,62.32919825,1K56-alt1B_assembled,C45,4049,0,P14489,FALSE
1,45,A,10.89,60.58666152,1K56-alt1A_assembled,A45,185,0,P14489,FALSE
22,45,B,11.26,58.97816608,1K56-alt1A_assembled,B45,2117,0,P14489,FALSE
43,45,C,11.12,61.25686795,1K56-alt1A_assembled,C45,4049,0,P14489,FALSE
1,45,A,10.98,52.94630819,1K57-alt1B_assembled,A45,185,0,P14489,FALSE
22,45,B,11.59,54.42076234,1K57-alt1B_assembled,B45,2117,0,P14489,FALSE
43,45,C,9.26,67.15468456,1K57-alt1B_assembled,C45,4047,0,P14489,FALSE
64,45,D,11.22,57.23562936,1K57-alt1B_assembled,D45,5977,0,P14489,FALSE
1,45,A,10.94,52.94630819,1K57-alt1A_assembled,A45,185,0,P14489,FALSE
22,45,B,10.56,62.86536339,1K57-alt1A_assembled,B45,2117,0,P14489,FALSE
43,45,C,10.07,63.8036524,1K57-alt1A_assembled,C45,4047,0,P14489,FALSE
64,45,D,11.32,56.69946421,1K57-alt1A_assembled,D45,5977,0,P14489,FALSE
1,45,A,11.71,54.68884491,1K6R-alt-1_assembled,A45,205,0,P14489,FALSE
1,45,A,12.25,38.33580795,1K6S-alt-1_assembled,A45,191,0,P14489,FALSE
21,45,B,11.41,41.68684012,1K6S-alt-1_assembled,B45,2127,0,P14489,FALSE
1,45,A,11.72,49.32719345,2HP5-alt-1_assembled,A45,205,0,P14489,FALSE
22,45,B,11,56.56542293,2HP5-alt-1_assembled,B45,2136,0,P14489,FALSE
1,45,A,10.91,56.8335055,2HP6-alt-1_assembled,A45,193,0,P14489,FALSE
22,45,B,10.52,52.94630819,2HP6-alt-1_assembled,B45,2127,0,P14489,FALSE
1,45,A,10.94,58.57604222,2HP9-alt-1_assembled,A45,193,0,P14489,FALSE
22,45,B,10.92,47.58465673,2HP9-alt-1_assembled,B45,2127,0,P14489,FALSE
1,45,A,10.94,54.01863848,2HPB-alt1A_assembled,A45,193,0,P14489,FALSE
22,45,B,10.5,47.98678059,2HPB-alt1A_assembled,B45,2127,0,P14489,FALSE
1,45,A,10.94,54.01863848,2HPB-alt1B_assembled,A45,193,0,P14489,FALSE
22,45,B,10.48,47.98678059,2HPB-alt1B_assembled,B45,2127,0,P14489,FALSE
1,45,A,11.23,55.76117521,2RL3-alt1A_assembled,A45,205,0,P14489,FALSE
22,45,B,10.88,41.95492269,2RL3-alt1A_assembled,B45,2144,0,P14489,FALSE
1,45,A,11.17,55.09096877,2RL3-alt1B_assembled,A45,203,0,P14489,FALSE
22,45,B,10.53,41.95492269,2RL3-alt1B_assembled,B45,2145,0,P14489,FALSE
1,45,A,10.85,65.41214784,2WGI-alt-1_assembled,A45,191,0,P14489,FALSE
22,45,B,10.53,68.36105614,2WGI-alt-1_assembled,B45,2128,0,P14489,FALSE
1,45,A,11.29,34.98477579,2WGV-alt1A_assembled,A45,205,0,P14489,FALSE
22,45,B,11,38.33580795,2WGV-alt1A_assembled,B45,2148,0,P14489,FALSE
1,45,A,11.49,30.82949591,2WGV-alt1B_assembled,A45,205,0,P14489,FALSE
22,45,B,11,38.33580795,2WGV-alt1B_assembled,B45,2148,0,P14489,FALSE
1,45,A,11.11,52.27610176,2WGW-alt1A_assembled,A45,203,0,P14489,FALSE
22,45,B,10.54,58.30795965,2WGW-alt1A_assembled,B45,2149,0,P14489,FALSE
1,45,A,11.46,52.41014304,2WGW-alt1B_assembled,A45,205,0,P14489,FALSE
22,45,B,10.54,58.30795965,2WGW-alt1B_assembled,B45,2148,0,P14489,FALSE
1,45,A,10.61,60.18453766,2WKH-alt1A_assembled,A45,193,0,P14489,FALSE
21,45,B,10.51,50.13144117,2WKH-alt1A_assembled,B45,2133,0,P14489,FALSE
1,45,A,10.61,60.18453766,2WKH-alt1B_assembled,A45,193,0,P14489,FALSE
21,45,B,10.51,50.13144117,2WKH-alt1B_assembled,B45,2133,0,P14489,FALSE
1,45,A,11.76,51.06973018,2WKI-alt1A_assembled,A45,193,0,P14489,FALSE
21,45,B,10.53,46.51232643,2WKI-alt1A_assembled,B45,2133,0,P14489,FALSE
1,45,A,11.77,53.08034948,2WKI-alt1B_assembled,A45,193,0,P14489,FALSE
21,45,B,10.53,46.51232643,2WKI-alt1B_assembled,B45,2133,0,P14489,FALSE
1,45,A,10.88,60.45262024,2X01-alt1A_assembled,A45,191,0,P14489,FALSE
22,45,B,10.55,68.49509743,2X01-alt1A_assembled,B45,2134,0,P14489,FALSE
1,45,A,11.42,61.65899181,2X01-alt1B_assembled,A45,193,0,P14489,FALSE
22,45,B,10.56,61.39090924,2X01-alt1B_assembled,B45,2135,0,P14489,FALSE
1,45,A,11.76,50.93568889,2X02-alt1A_assembled,A45,191,0,P14489,FALSE
22,45,B,9.79,37.26347766,2X02-alt1A_assembled,B45,2139,0,P14489,FALSE
1,45,A,11.9,49.19315217,2X02-alt1B_assembled,A45,191,0,P14489,FALSE
22,45,B,8.09,25.8699683,2X02-alt1B_assembled,B45,2139,0,P14489,FALSE
1,45,A,11.37,52.00801918,3LCE-alt1B_assembled,A45,191,0,P14489,FALSE
22,45,B,11.26,57.50371193,3LCE-alt1B_assembled,B45,2127,0,P14489,FALSE
1,45,A,11.76,52.00801918,3LCE-alt1A_assembled,A45,191,0,P14489,FALSE
22,45,B,10.54,59.91645509,3LCE-alt1A_assembled,B45,2127,0,P14489,FALSE
1,45,A,10.92,64.74194141,4S2O-alt1B_assembled,A45,193,0,P14489,FALSE
22,45,B,11.48,41.41875754,4S2O-alt1B_assembled,B45,2133,0,P14489,FALSE
1,45,A,10.92,64.74194141,4S2O-alt1A_assembled,A45,193,0,P14489,FALSE
22,45,B,11.48,41.41875754,4S2O-alt1A_assembled,B45,2133,0,P14489,FALSE
1,45,A,10.92,53.34843205,4WZ5-alt1B_assembled,A45,191,0,P14489,FALSE
22,45,B,11.28,66.35043684,4WZ5-alt1B_assembled,B45,2123,0,P14489,FALSE
43,45,C,10.4,68.89722129,4WZ5-alt1B_assembled,C45,4057,0,P14489,FALSE
64,45,D,10.55,72.91845988,4WZ5-alt1B_assembled,D45,5997,0,P14489,FALSE
1,45,A,10.93,54.01863848,4WZ5-alt1A_assembled,A45,191,0,P14489,FALSE
22,45,B,11.16,65.68023041,4WZ5-alt1A_assembled,B45,2123,0,P14489,FALSE
43,45,C,10.41,68.89722129,4WZ5-alt1A_assembled,C45,4057,0,P14489,FALSE
64,45,D,10.49,72.91845988,4WZ5-alt1A_assembled,D45,5997,0,P14489,FALSE
16,45,B,10.96,45.03787228,5MNU-alt1B_assembled,B45,2131,0,P14489,FALSE
16,45,B,10.96,45.03787228,5MNU-alt1A_assembled,B45,2131,0,P14489,FALSE
0,45,A,10.98,58.03987708,5MOZ-alt1A_assembled,A45,202,0,P14489,FALSE
14,45,B,11,39.81026211,5MOZ-alt1A_assembled,B45,2128,0,P14489,FALSE
0,45,A,10.98,58.03987708,5MOZ-alt1B_assembled,A45,202,0,P14489,FALSE
14,45,B,10.56,43.56341813,5MOZ-alt1B_assembled,B45,2128,0,P14489,FALSE
2,49,A,10.44,83.10559766,1E3U-alt1B_assembled,A49,214,0,P14489,FALSE
23,49,B,10.43,91.01403357,1E3U-alt1B_assembled,B49,2135,0,P14489,FALSE
44,49,C,10.22,64.60790012,1E3U-alt1B_assembled,C49,4058,0,P14489,FALSE
65,49,D,10.46,106.9649467,1E3U-alt1B_assembled,D49,5992,0,P14489,FALSE
2,49,A,10.44,83.10559766,1E3U-alt1A_assembled,A49,214,0,P14489,FALSE
23,49,B,10.43,91.01403357,1E3U-alt1A_assembled,B49,2135,0,P14489,FALSE
44,49,C,10.44,88.19916655,1E3U-alt1A_assembled,C49,4058,0,P14489,FALSE
65,49,D,10.43,101.8713778,1E3U-alt1A_assembled,D49,5992,0,P14489,FALSE
2,49,A,10.45,85.51834082,1E4D-alt1A_assembled,A49,212,0,P14489,FALSE
23,49,B,10.42,81.36306094,1E4D-alt1A_assembled,B49,2144,0,P14489,FALSE
2,49,A,10.44,77.20778105,1E4D-alt1B_assembled,A49,212,0,P14489,FALSE
23,49,B,10.42,87.26087755,1E4D-alt1B_assembled,B49,2144,0,P14489,FALSE
2,49,A,10.46,82.7034738,1EWZ-alt-1_assembled,A49,214,0,P14489,FALSE
53,49,D,10.49,76.67161591,1EWZ-alt-1_assembled,D49,5906,0,P14489,FALSE
2,49,A,10.97,68.09297357,1FOF-alt-1_assembled,A49,224,0,P14489,FALSE
23,49,B,10.46,73.99079018,1FOF-alt-1_assembled,B49,2164,0,P14489,FALSE
2,49,A,10.39,73.45462503,1K4F-alt1A_assembled,A49,218,0,P14489,FALSE
23,49,B,10.68,49.72931731,1K4F-alt1A_assembled,B49,2162,0,P14489,FALSE
2,49,A,10.21,72.11421217,1K4F-alt1B_assembled,A49,218,0,P14489,FALSE
22,49,B,11.03,37.79964281,1K4F-alt1B_assembled,B49,2162,0,P14489,FALSE
2,49,A,10.63,78.14607006,1K54-alt1B_assembled,A49,212,0,P14489,FALSE
23,49,B,10.51,88.46724913,1K54-alt1B_assembled,B49,2148,0,P14489,FALSE
44,49,C,10.42,85.25025825,1K54-alt1B_assembled,C49,4078,0,P14489,FALSE
65,49,D,10.3,96.37568503,1K54-alt1B_assembled,D49,6014,0,P14489,FALSE
2,49,A,10.49,77.47586363,1K54-alt1A_assembled,A49,212,0,P14489,FALSE
22,49,B,10.42,95.97356117,1K54-alt1A_assembled,B49,2148,0,P14489,FALSE
43,49,C,9.86,54.95692749,1K54-alt1A_assembled,C49,4078,0,P14489,FALSE
64,49,D,10.48,102.2735016,1K54-alt1A_assembled,D49,6014,0,P14489,FALSE
2,49,A,10.44,73.58866632,1K55-alt1B_assembled,A49,218,0,P14489,FALSE
23,49,B,10.35,80.69285451,1K55-alt1B_assembled,B49,2154,0,P14489,FALSE
44,49,C,10.59,84.58005182,1K55-alt1B_assembled,C49,4090,0,P14489,FALSE
65,49,D,10.45,97.98418047,1K55-alt1B_assembled,D49,6030,0,P14489,FALSE
2,49,A,10.49,86.85875369,1K55-alt1A_assembled,A49,218,0,P14489,FALSE
23,49,B,10.48,103.0777494,1K55-alt1A_assembled,B49,2154,0,P14489,FALSE
44,49,C,10.53,80.02264807,1K55-alt1A_assembled,C49,4092,0,P14489,FALSE
64,49,D,10.49,103.6139145,1K55-alt1A_assembled,D49,6009,0,P14489,FALSE
2,49,A,10.5,81.63114351,1K56-alt1B_assembled,A49,212,0,P14489,FALSE
23,49,B,10.39,78.95031778,1K56-alt1B_assembled,B49,2144,0,P14489,FALSE
44,49,C,10.53,104.8202861,1K56-alt1B_assembled,C49,4076,0,P14489,FALSE
2,49,A,10.48,88.06512527,1K56-alt1A_assembled,A49,212,0,P14489,FALSE
23,49,B,10.46,92.22040515,1K56-alt1A_assembled,B49,2144,0,P14489,FALSE
44,49,C,10.62,103.3458319,1K56-alt1A_assembled,C49,4076,0,P14489,FALSE
2,49,A,10.48,78.28011135,1K57-alt1B_assembled,A49,212,0,P14489,FALSE
23,49,B,10.45,98.38630433,1K57-alt1B_assembled,B49,2144,0,P14489,FALSE
44,49,C,10.59,81.63114351,1K57-alt1B_assembled,C49,4074,0,P14489,FALSE
65,49,D,10.42,94.23102445,1K57-alt1B_assembled,D49,6004,0,P14489,FALSE
2,49,A,10.49,86.05450597,1K57-alt1A_assembled,A49,212,0,P14489,FALSE
23,49,B,10.42,92.48848772,1K57-alt1A_assembled,B49,2144,0,P14489,FALSE
44,49,C,10.6,81.63114351,1K57-alt1A_assembled,C49,4074,0,P14489,FALSE
65,49,D,10.74,80.96093708,1K57-alt1A_assembled,D49,6004,0,P14489,FALSE
2,49,A,10.44,87.93108398,1K6R-alt-1_assembled,A49,232,0,P14489,FALSE
2,49,A,10.39,75.33120304,1K6S-alt-1_assembled,A49,218,0,P14489,FALSE
22,49,B,11.36,39.54217953,1K6S-alt-1_assembled,B49,2154,0,P14489,FALSE
2,49,A,10.45,79.88860679,2HP5-alt-1_assembled,A49,232,0,P14489,FALSE
23,49,B,10.37,56.02925778,2HP5-alt-1_assembled,B49,2163,0,P14489,FALSE
2,49,A,10.44,85.78642339,2HP6-alt-1_assembled,A49,220,0,P14489,FALSE
23,49,B,11.27,45.03787228,2HP6-alt-1_assembled,B49,2154,0,P14489,FALSE
2,49,A,10.44,83.10559766,2HP9-alt-1_assembled,A49,220,0,P14489,FALSE
23,49,B,11.23,41.01663369,2HP9-alt-1_assembled,B49,2154,0,P14489,FALSE
2,49,A,10.44,89.53957942,2HPB-alt1A_assembled,A49,220,0,P14489,FALSE
23,49,B,11.3,46.91445029,2HPB-alt1A_assembled,B49,2154,0,P14489,FALSE
2,49,A,10.44,89.53957942,2HPB-alt1B_assembled,A49,220,0,P14489,FALSE
23,49,B,11.3,46.91445029,2HPB-alt1B_assembled,B49,2154,0,P14489,FALSE
2,49,A,10.5,86.05450597,2RL3-alt1A_assembled,A49,232,0,P14489,FALSE
23,49,B,10.48,85.38429953,2RL3-alt1A_assembled,B49,2171,0,P14489,FALSE
2,49,A,10.43,90.34382714,2RL3-alt1B_assembled,A49,230,0,P14489,FALSE
23,49,B,10.48,85.38429953,2RL3-alt1B_assembled,B49,2172,0,P14489,FALSE
2,49,A,10.5,74.39291404,2WGI-alt-1_assembled,A49,218,0,P14489,FALSE
23,49,B,10.45,93.15869415,2WGI-alt-1_assembled,B49,2155,0,P14489,FALSE
2,49,A,10.37,74.12483146,2WGV-alt1A_assembled,A49,232,0,P14489,FALSE
23,49,B,10.88,51.06973018,2WGV-alt1A_assembled,B49,2175,0,P14489,FALSE
2,49,A,10.37,74.12483146,2WGV-alt1B_assembled,A49,232,0,P14489,FALSE
23,49,B,10.88,51.06973018,2WGV-alt1B_assembled,B49,2175,0,P14489,FALSE
2,49,A,10.31,50.13144117,2WGW-alt1A_assembled,A49,230,0,P14489,FALSE
23,49,B,10.46,78.41415263,2WGW-alt1A_assembled,B49,2176,0,P14489,FALSE
2,49,A,10.43,80.55881322,2WGW-alt1B_assembled,A49,232,0,P14489,FALSE
23,49,B,10.46,78.41415263,2WGW-alt1B_assembled,B49,2175,0,P14489,FALSE
2,49,A,10.4,73.7227076,2WKH-alt1A_assembled,A49,220,0,P14489,FALSE
22,49,B,11.24,40.48046854,2WKH-alt1A_assembled,B49,2160,0,P14489,FALSE
2,49,A,10.4,73.7227076,2WKH-alt1B_assembled,A49,220,0,P14489,FALSE
22,49,B,11.24,40.48046854,2WKH-alt1B_assembled,B49,2160,0,P14489,FALSE
2,49,A,10.45,85.65238211,2WKI-alt1A_assembled,A49,220,0,P14489,FALSE
22,49,B,11.07,48.79102831,2WKI-alt1A_assembled,B49,2160,0,P14489,FALSE
2,49,A,10.45,85.65238211,2WKI-alt1B_assembled,A49,220,0,P14489,FALSE
22,49,B,11.08,48.79102831,2WKI-alt1B_assembled,B49,2160,0,P14489,FALSE
2,49,A,10.59,76.53757462,2X01-alt1A_assembled,A49,218,0,P14489,FALSE
23,49,B,10.53,65.27810655,2X01-alt1A_assembled,B49,2161,0,P14489,FALSE
2,49,A,10.42,78.68223521,2X01-alt1B_assembled,A49,220,0,P14489,FALSE
23,49,B,10.5,54.8228862,2X01-alt1B_assembled,B49,2162,0,P14489,FALSE
2,49,A,10.57,83.37368024,2X02-alt1A_assembled,A49,218,0,P14489,FALSE
23,49,B,10.27,46.24424386,2X02-alt1A_assembled,B49,2166,0,P14489,FALSE
2,49,A,10.47,77.87798749,2X02-alt1B_assembled,A49,218,0,P14489,FALSE
23,49,B,10.18,53.21439076,2X02-alt1B_assembled,B49,2166,0,P14489,FALSE
2,49,A,10.43,73.99079018,3LCE-alt1B_assembled,A49,218,0,P14489,FALSE
23,49,B,10.38,86.45662983,3LCE-alt1B_assembled,B49,2154,0,P14489,FALSE
2,49,A,10.52,82.16730866,3LCE-alt1A_assembled,A49,218,0,P14489,FALSE
23,49,B,10.54,82.43539123,3LCE-alt1A_assembled,B49,2154,0,P14489,FALSE
2,49,A,10.47,116.6159193,4S2O-alt1B_assembled,A49,220,0,P14489,FALSE
23,49,B,10.45,82.83751509,4S2O-alt1B_assembled,B49,2160,0,P14489,FALSE
2,49,A,10.47,116.6159193,4S2O-alt1A_assembled,A49,220,0,P14489,FALSE
23,49,B,10.45,82.83751509,4S2O-alt1A_assembled,B49,2160,0,P14489,FALSE
2,49,A,10.46,78.41415263,4WZ5-alt1B_assembled,A49,218,0,P14489,FALSE
23,49,B,10.49,91.41615743,4WZ5-alt1B_assembled,B49,2150,0,P14489,FALSE
44,49,C,10.51,91.41615743,4WZ5-alt1B_assembled,C49,4084,0,P14489,FALSE
65,49,D,10.55,93.96294187,4WZ5-alt1B_assembled,D49,6024,0,P14489,FALSE
2,49,A,10.41,73.18654246,4WZ5-alt1A_assembled,A49,218,0,P14489,FALSE
23,49,B,10.55,93.56081801,4WZ5-alt1A_assembled,B49,2150,0,P14489,FALSE
44,49,C,10.51,91.41615743,4WZ5-alt1A_assembled,C49,4084,0,P14489,FALSE
65,49,D,10.55,93.96294187,4WZ5-alt1A_assembled,D49,6024,0,P14489,FALSE
0,49,A,10.48,102.4075429,5MNU-alt1B_assembled,A49,227,0,P14489,FALSE
17,49,B,10.44,91.81828129,5MNU-alt1B_assembled,B49,2158,0,P14489,FALSE
0,49,A,10.48,102.4075429,5MNU-alt1A_assembled,A49,227,0,P14489,FALSE
17,49,B,10.44,91.81828129,5MNU-alt1A_assembled,B49,2158,0,P14489,FALSE
3,61,A,10.38,55.22501006,1E3U-alt1B_assembled,A61,298,0,P14489,FALSE
24,61,B,10.36,57.7717945,1E3U-alt1B_assembled,B61,2219,0,P14489,FALSE
45,61,C,10.39,58.17391836,1E3U-alt1B_assembled,C61,4142,0,P14489,FALSE
66,61,D,10.27,79.35244164,1E3U-alt1B_assembled,D61,6076,0,P14489,FALSE
3,61,A,10.38,55.22501006,1E3U-alt1A_assembled,A61,298,0,P14489,FALSE
24,61,B,10.36,57.7717945,1E3U-alt1A_assembled,B61,2219,0,P14489,FALSE
45,61,C,10.34,61.12282667,1E3U-alt1A_assembled,C61,4142,0,P14489,FALSE
66,61,D,10.17,81.49710222,1E3U-alt1A_assembled,D61,6076,0,P14489,FALSE
3,61,A,10.34,50.13144117,1E4D-alt1A_assembled,A61,296,0,P14489,FALSE
24,61,B,10.11,53.88459719,1E4D-alt1A_assembled,B61,2228,0,P14489,FALSE
3,61,A,10.22,50.8016476,1E4D-alt1B_assembled,A61,296,0,P14489,FALSE
24,61,B,10.27,51.60589532,1E4D-alt1B_assembled,B61,2228,0,P14489,FALSE
3,61,A,10.37,64.87598269,1EWZ-alt-1_assembled,A61,298,0,P14489,FALSE
20,61,B,10.38,69.43338643,1EWZ-alt-1_assembled,B61,2195,0,P14489,FALSE
38,61,C,10.36,59.24624866,1EWZ-alt-1_assembled,C61,4105,0,P14489,FALSE
54,61,D,10.14,60.72070281,1EWZ-alt-1_assembled,D61,5990,0,P14489,FALSE
3,61,A,10.23,65.41214784,1FOF-alt-1_assembled,A61,308,0,P14489,FALSE
24,61,B,10.38,67.02064328,1FOF-alt-1_assembled,B61,2248,0,P14489,FALSE
3,61,A,10.13,55.89521649,1K4F-alt1A_assembled,A61,302,0,P14489,FALSE
24,61,B,10.21,61.52495053,1K4F-alt1A_assembled,B61,2246,0,P14489,FALSE
3,61,A,10.2,65.14406526,1K4F-alt1B_assembled,A61,302,0,P14489,FALSE
23,61,B,10.11,60.18453766,1K4F-alt1B_assembled,B61,2246,0,P14489,FALSE
3,61,A,10.17,49.8633586,1K54-alt1B_assembled,A61,296,0,P14489,FALSE
24,61,B,10.34,70.90784059,1K54-alt1B_assembled,B61,2232,0,P14489,FALSE
45,61,C,10.41,72.51633603,1K54-alt1B_assembled,C61,4162,0,P14489,FALSE
66,61,D,10.28,72.51633603,1K54-alt1B_assembled,D61,6098,0,P14489,FALSE
3,61,A,10.28,58.03987708,1K54-alt1A_assembled,A61,296,0,P14489,FALSE
23,61,B,10.25,63.66961111,1K54-alt1A_assembled,B61,2232,0,P14489,FALSE
44,61,C,10.38,60.8547441,1K54-alt1A_assembled,C61,4162,0,P14489,FALSE
65,61,D,10.3,68.76318,1K54-alt1A_assembled,D61,6098,0,P14489,FALSE
3,61,A,10.21,62.32919825,1K55-alt1B_assembled,A61,302,0,P14489,FALSE
24,61,B,10.38,62.59728082,1K55-alt1B_assembled,B61,2238,0,P14489,FALSE
45,61,C,10.3,60.05049638,1K55-alt1B_assembled,C61,4174,0,P14489,FALSE
66,61,D,10.31,71.30996445,1K55-alt1B_assembled,D61,6114,0,P14489,FALSE
3,61,A,10.37,62.32919825,1K55-alt1A_assembled,A61,302,0,P14489,FALSE
24,61,B,10.26,67.28872585,1K55-alt1A_assembled,B61,2238,0,P14489,FALSE
45,61,C,10.32,60.58666152,1K55-alt1A_assembled,C61,4176,0,P14489,FALSE
65,61,D,10.27,70.10359287,1K55-alt1A_assembled,D61,6093,0,P14489,FALSE
3,61,A,11.07,47.31657415,1K56-alt1B_assembled,A61,296,0,P14489,FALSE
24,61,B,10.18,49.46123474,1K56-alt1B_assembled,B61,2228,0,P14489,FALSE
45,61,C,10.33,70.37167544,1K56-alt1B_assembled,C61,4160,0,P14489,FALSE
3,61,A,10.23,50.53356503,1K56-alt1A_assembled,A61,296,0,P14489,FALSE
24,61,B,10.25,59.64837252,1K56-alt1A_assembled,B61,2228,0,P14489,FALSE
45,61,C,9.64,57.23562936,1K56-alt1A_assembled,C61,4160,0,P14489,FALSE
3,61,A,10.56,54.42076234,1K57-alt1B_assembled,A61,296,0,P14489,FALSE
24,61,B,10.36,57.36967064,1K57-alt1B_assembled,B61,2228,0,P14489,FALSE
45,61,C,10.39,61.25686795,1K57-alt1B_assembled,C61,4158,0,P14489,FALSE
66,61,D,11.08,70.23763415,1K57-alt1B_assembled,D61,6088,0,P14489,FALSE
3,61,A,10.12,56.02925778,1K57-alt1A_assembled,A61,296,0,P14489,FALSE
24,61,B,10.31,69.96955158,1K57-alt1A_assembled,B61,2228,0,P14489,FALSE
45,61,C,10.39,61.25686795,1K57-alt1A_assembled,C61,4158,0,P14489,FALSE
66,61,D,10.35,78.41415263,1K57-alt1A_assembled,D61,6088,0,P14489,FALSE
3,61,A,10.04,64.74194141,1K6R-alt-1_assembled,A61,316,0,P14489,FALSE
3,61,A,10.79,61.65899181,1K6S-alt-1_assembled,A61,302,0,P14489,FALSE
23,61,B,10.14,58.44200094,1K6S-alt-1_assembled,B61,2238,0,P14489,FALSE
3,61,A,10.18,71.57804702,2HP5-alt-1_assembled,A61,316,0,P14489,FALSE
24,61,B,10.21,67.69084971,2HP5-alt-1_assembled,B61,2247,0,P14489,FALSE
3,61,A,10.28,69.16530386,2HP6-alt-1_assembled,A61,304,0,P14489,FALSE
24,61,B,10.38,61.39090924,2HP6-alt-1_assembled,B61,2238,0,P14489,FALSE
3,61,A,10.09,71.71208831,2HP9-alt-1_assembled,A61,304,0,P14489,FALSE
24,61,B,10.36,67.15468456,2HP9-alt-1_assembled,B61,2238,0,P14489,FALSE
3,61,A,10.19,69.70146901,2HPB-alt1A_assembled,A61,304,0,P14489,FALSE
24,61,B,10.36,71.44400573,2HPB-alt1A_assembled,B61,2238,0,P14489,FALSE
3,61,A,10.19,69.70146901,2HPB-alt1B_assembled,A61,304,0,P14489,FALSE
24,61,B,10.34,68.22701486,2HPB-alt1B_assembled,B61,2238,0,P14489,FALSE
3,61,A,10.26,60.8547441,2RL3-alt1A_assembled,A61,316,0,P14489,FALSE
24,61,B,10.37,59.51433123,2RL3-alt1A_assembled,B61,2255,0,P14489,FALSE
3,61,A,9.83,52.67822562,2RL3-alt1B_assembled,A61,314,0,P14489,FALSE
24,61,B,10.37,59.51433123,2RL3-alt1B_assembled,B61,2256,0,P14489,FALSE
3,61,A,10.24,69.16530386,2WGI-alt-1_assembled,A61,302,0,P14489,FALSE
24,61,B,10.32,76.93969848,2WGI-alt-1_assembled,B61,2239,0,P14489,FALSE
3,61,A,10.09,60.45262024,2WGV-alt1A_assembled,A61,316,0,P14489,FALSE
24,61,B,10.09,59.51433123,2WGV-alt1A_assembled,B61,2259,0,P14489,FALSE
3,61,A,10.09,60.45262024,2WGV-alt1B_assembled,A61,316,0,P14489,FALSE
24,61,B,10.09,59.51433123,2WGV-alt1B_assembled,B61,2259,0,P14489,FALSE
3,61,A,10.06,58.57604222,2WGW-alt1A_assembled,A61,314,0,P14489,FALSE
24,61,B,10.38,72.51633603,2WGW-alt1A_assembled,B61,2260,0,P14489,FALSE
3,61,A,10.29,68.22701486,2WGW-alt1B_assembled,A61,316,0,P14489,FALSE
24,61,B,10.38,72.51633603,2WGW-alt1B_assembled,B61,2259,0,P14489,FALSE
3,61,A,11.12,69.03126257,2WKH-alt1A_assembled,A61,304,0,P14489,FALSE
23,61,B,10.35,71.98017088,2WKH-alt1A_assembled,B61,2244,0,P14489,FALSE
3,61,A,11.12,69.03126257,2WKH-alt1B_assembled,A61,304,0,P14489,FALSE
23,61,B,10.35,71.84612959,2WKH-alt1B_assembled,B61,2244,0,P14489,FALSE
3,61,A,11.15,67.02064328,2WKI-alt1A_assembled,A61,304,0,P14489,FALSE
23,61,B,10.35,63.13344597,2WKI-alt1A_assembled,B61,2244,0,P14489,FALSE
3,61,A,11.15,67.02064328,2WKI-alt1B_assembled,A61,304,0,P14489,FALSE
23,61,B,10.35,63.13344597,2WKI-alt1B_assembled,B61,2244,0,P14489,FALSE
3,61,A,10.2,59.51433123,2X01-alt1A_assembled,A61,302,0,P14489,FALSE
24,61,B,10.13,54.28672105,2X01-alt1A_assembled,B61,2245,0,P14489,FALSE
3,61,A,10.3,65.94831298,2X01-alt1B_assembled,A61,304,0,P14489,FALSE
24,61,B,10.38,73.7227076,2X01-alt1B_assembled,B61,2246,0,P14489,FALSE
3,61,A,10.29,60.72070281,2X02-alt1A_assembled,A61,302,0,P14489,FALSE
24,61,B,10.25,65.54618912,2X02-alt1A_assembled,B61,2250,0,P14489,FALSE
3,61,A,10.31,71.30996445,2X02-alt1B_assembled,A61,302,0,P14489,FALSE
24,61,B,10.34,68.09297357,2X02-alt1B_assembled,B61,2250,0,P14489,FALSE
3,61,A,10.18,48.92506959,3LCE-alt1B_assembled,A61,302,0,P14489,FALSE
24,61,B,9.8,57.7717945,3LCE-alt1B_assembled,B61,2238,0,P14489,FALSE
3,61,A,10.27,49.59527602,3LCE-alt1A_assembled,A61,302,0,P14489,FALSE
24,61,B,9.74,55.76117521,3LCE-alt1A_assembled,B61,2238,0,P14489,FALSE
3,61,A,10.31,67.824891,4S2O-alt1B_assembled,A61,304,0,P14489,FALSE
24,61,B,10.37,66.08235427,4S2O-alt1B_assembled,B61,2244,0,P14489,FALSE
3,61,A,10.31,67.824891,4S2O-alt1A_assembled,A61,304,0,P14489,FALSE
24,61,B,10.37,66.08235427,4S2O-alt1A_assembled,B61,2244,0,P14489,FALSE
3,61,A,10.1,43.8315007,4WZ5-alt1B_assembled,A61,302,0,P14489,FALSE
24,61,B,10.17,64.47385883,4WZ5-alt1B_assembled,B61,2234,0,P14489,FALSE
45,61,C,10.26,58.30795965,4WZ5-alt1B_assembled,C61,4168,0,P14489,FALSE
66,61,D,10.31,70.90784059,4WZ5-alt1B_assembled,D61,6108,0,P14489,FALSE
3,61,A,10.31,62.32919825,4WZ5-alt1A_assembled,A61,302,0,P14489,FALSE
24,61,B,10.33,72.11421217,4WZ5-alt1A_assembled,B61,2234,0,P14489,FALSE
45,61,C,10.26,58.30795965,4WZ5-alt1A_assembled,C61,4168,0,P14489,FALSE
66,61,D,10.31,70.90784059,4WZ5-alt1A_assembled,D61,6108,0,P14489,FALSE
1,61,A,10.2,57.63775322,5MNU-alt1B_assembled,A61,311,0,P14489,FALSE
1,61,A,10.29,66.08235427,5MNU-alt1A_assembled,A61,311,0,P14489,FALSE
1,61,A,10.03,65.01002398,5MOZ-alt1A_assembled,A61,310,0,P14489,FALSE
1,61,A,10.17,57.36967064,5MOZ-alt1B_assembled,A61,310,0,P14489,FALSE
4,70,A,5.7,5.629734035,1E3U-alt1B_assembled,A70,372,0,P14489,TRUE
25,70,B,6.88,6.568023041,1E3U-alt1B_assembled,B70,2293,0,P14489,TRUE
46,70,C,7.66,15.14666538,1E3U-alt1B_assembled,C70,4216,0,P14489,TRUE
67,70,D,7.11,15.81687181,1E3U-alt1B_assembled,D70,6150,0,P14489,TRUE
4,70,A,6.94,5.629734035,1E3U-alt1A_assembled,A70,372,0,P14489,TRUE
25,70,B,6.88,6.568023041,1E3U-alt1A_assembled,B70,2293,0,P14489,TRUE
46,70,C,8.01,19.16790398,1E3U-alt1A_assembled,C70,4216,0,P14489,TRUE
67,70,D,7.59,14.47645895,1E3U-alt1A_assembled,D70,6150,0,P14489,TRUE
4,70,A,5.15,22.51893614,1E4D-alt1A_assembled,A70,370,0,P14489,TRUE
25,70,B,6.88,6.702064328,1E4D-alt1A_assembled,B70,2302,0,P14489,TRUE
4,70,A,5.61,3.216990877,1E4D-alt1B_assembled,A70,370,0,P14489,TRUE
25,70,B,5.69,7.506312047,1E4D-alt1B_assembled,B70,2302,0,P14489,TRUE
4,70,A,6.78,4.557403743,1EWZ-alt-1_assembled,A70,372,0,P14489,TRUE
21,70,B,6.95,4.423362456,1EWZ-alt-1_assembled,B70,2269,0,P14489,TRUE
39,70,C,7.45,19.30194526,1EWZ-alt-1_assembled,C70,4179,0,P14489,TRUE
55,70,D,7.7,14.20837637,1EWZ-alt-1_assembled,D70,6064,0,P14489,TRUE
4,70,A,6.87,8.712683626,1FOF-alt-1_assembled,A70,382,0,P14489,TRUE
25,70,B,6.89,9.382890059,1FOF-alt-1_assembled,B70,2322,0,P14489,TRUE
4,70,A,5.73,7.104188187,1K4F-alt1A_assembled,A70,376,0,P14489,TRUE
25,70,B,5.27,6.568023041,1K4F-alt1A_assembled,B70,2320,0,P14489,TRUE
4,70,A,4.85,6.165899181,1K4F-alt1B_assembled,A70,376,0,P14489,TRUE
24,70,B,5.49,9.650972632,1K4F-alt1B_assembled,B70,2320,0,P14489,TRUE
4,70,A,4.82,8.712683626,1K54-alt1B_assembled,A70,370,0,P14489,TRUE
25,70,B,6.96,7.77439462,1K54-alt1B_assembled,B70,2306,0,P14489,TRUE
46,70,C,7.77,21.31256456,1K54-alt1B_assembled,C70,4236,0,P14489,TRUE
67,70,D,7.91,31.63374363,1K54-alt1B_assembled,D70,6172,0,P14489,TRUE
4,70,A,4.24,13.9402938,1K54-alt1A_assembled,A70,370,0,P14489,TRUE
24,70,B,7.27,7.104188187,1K54-alt1A_assembled,B70,2306,0,P14489,TRUE
45,70,C,7.86,18.49769754,1K54-alt1A_assembled,C70,4236,0,P14489,TRUE
66,70,D,7.42,27.34442246,1K54-alt1A_assembled,D70,6172,0,P14489,TRUE
4,70,A,6.24,22.78701871,1K55-alt1B_assembled,A70,376,0,P14489,TRUE
25,70,B,6.47,1.742536725,1K55-alt1B_assembled,B70,2312,0,P14489,TRUE
46,70,C,6.12,7.37227076,1K55-alt1B_assembled,C70,4248,0,P14489,TRUE
67,70,D,5.91,22.38489485,1K55-alt1B_assembled,D70,6188,0,P14489,TRUE
4,70,A,5.75,11.39350936,1K55-alt1A_assembled,A70,376,0,P14489,TRUE
25,70,B,4.11,11.52755064,1K55-alt1A_assembled,B70,2312,0,P14489,TRUE
46,70,C,4.66,7.77439462,1K55-alt1A_assembled,C70,4250,0,P14489,TRUE
66,70,D,4.4,9.516931345,1K55-alt1A_assembled,D70,6167,0,P14489,TRUE
4,70,A,5.12,5.227610176,1K56-alt1B_assembled,A70,370,0,P14489,TRUE
25,70,B,7.24,5.495692749,1K56-alt1B_assembled,B70,2302,0,P14489,TRUE
46,70,C,8.15,32.16990877,1K56-alt1B_assembled,C70,4234,0,P14489,TRUE
4,70,A,5.52,5.763775322,1K56-alt1A_assembled,A70,370,0,P14489,TRUE
25,70,B,5.89,13.40412866,1K56-alt1A_assembled,B70,2302,0,P14489,TRUE
46,70,C,7.69,23.45722515,1K56-alt1A_assembled,C70,4234,0,P14489,TRUE
4,70,A,7.31,8.980766199,1K57-alt1B_assembled,A70,370,0,P14489,TRUE
25,70,B,5.51,1.742536725,1K57-alt1B_assembled,B70,2302,0,P14489,TRUE
46,70,C,7.84,27.61250503,1K57-alt1B_assembled,C70,4232,0,P14489,TRUE
67,70,D,7.11,35.65498222,1K57-alt1B_assembled,D70,6162,0,P14489,TRUE
4,70,A,5.07,10.85734421,1K57-alt1A_assembled,A70,370,0,P14489,TRUE
25,70,B,6.92,11.12542678,1K57-alt1A_assembled,B70,2302,0,P14489,TRUE
46,70,C,7.84,27.61250503,1K57-alt1A_assembled,C70,4232,0,P14489,TRUE
67,70,D,5.97,22.51893614,1K57-alt1A_assembled,D70,6162,0,P14489,TRUE
4,70,A,6.44,6.433981755,1K6R-alt-1_assembled,A70,390,0,P14489,TRUE
4,70,A,4.63,5.897816608,1K6S-alt-1_assembled,A70,376,0,P14489,TRUE
24,70,B,5.26,8.444601053,1K6S-alt-1_assembled,B70,2312,0,P14489,TRUE
4,70,A,7.58,13.9402938,2HP5-alt-1_assembled,A70,390,0,P14489,TRUE
25,70,B,7.77,13.67221123,2HP5-alt-1_assembled,B70,2321,0,P14489,TRUE
4,70,A,7.19,11.39350936,2HP6-alt-1_assembled,A70,378,0,P14489,TRUE
25,70,B,7.36,8.712683626,2HP6-alt-1_assembled,B70,2312,0,P14489,TRUE
4,70,A,7.4,11.25946807,2HP9-alt-1_assembled,A70,378,0,P14489,TRUE
25,70,B,7.5,9.516931345,2HP9-alt-1_assembled,B70,2312,0,P14489,TRUE
4,70,A,7.15,7.37227076,2HPB-alt1A_assembled,A70,378,0,P14489,TRUE
25,70,B,7.3,8.846724913,2HPB-alt1A_assembled,B70,2312,0,P14489,TRUE
4,70,A,7.15,7.37227076,2HPB-alt1B_assembled,A70,378,0,P14489,TRUE
25,70,B,7.3,8.846724913,2HPB-alt1B_assembled,B70,2312,0,P14489,TRUE
4,70,A,6.82,6.433981755,2RL3-alt1A_assembled,A70,390,0,P14489,TRUE
25,70,B,7.18,4.28932117,2RL3-alt1A_assembled,B70,2329,0,P14489,TRUE
4,70,A,4.36,5.897816608,2RL3-alt1B_assembled,A70,388,0,P14489,TRUE
25,70,B,7.18,4.28932117,2RL3-alt1B_assembled,B70,2330,0,P14489,TRUE
4,70,A,7.96,15.28070667,2WGI-alt-1_assembled,A70,376,0,P14489,TRUE
25,70,B,7.48,10.58926164,2WGI-alt-1_assembled,B70,2313,0,P14489,TRUE
4,70,A,5.43,5.763775322,2WGV-alt1A_assembled,A70,390,0,P14489,TRUE
25,70,B,5.68,8.042477193,2WGV-alt1A_assembled,B70,2333,0,P14489,TRUE
4,70,A,5.44,5.763775322,2WGV-alt1B_assembled,A70,390,0,P14489,TRUE
25,70,B,5.68,8.042477193,2WGV-alt1B_assembled,B70,2333,0,P14489,TRUE
4,70,A,6.38,4.691445029,2WGW-alt1A_assembled,A70,388,0,P14489,TRUE
25,70,B,5.49,7.37227076,2WGW-alt1A_assembled,B70,2334,0,P14489,TRUE
4,70,A,6.88,5.897816608,2WGW-alt1B_assembled,A70,390,0,P14489,TRUE
25,70,B,6.71,7.37227076,2WGW-alt1B_assembled,B70,2333,0,P14489,TRUE
4,70,A,6.18,6.970146901,2X01-alt1A_assembled,A70,375,0,P14489,TRUE
25,70,B,6.45,13.27008737,2X01-alt1A_assembled,B70,2318,0,P14489,TRUE
4,70,A,7.03,8.846724913,2X01-alt1B_assembled,A70,377,0,P14489,TRUE
25,70,B,6.89,7.908435907,2X01-alt1B_assembled,B70,2319,0,P14489,TRUE
4,70,A,4.86,9.114807486,2X02-alt1A_assembled,A70,376,0,P14489,TRUE
25,70,B,6.85,8.846724913,2X02-alt1A_assembled,B70,2324,0,P14489,TRUE
4,70,A,5.88,6.702064328,2X02-alt1B_assembled,A70,376,0,P14489,TRUE
25,70,B,6.71,13.27008737,2X02-alt1B_assembled,B70,2324,0,P14489,TRUE
4,70,A,5.15,14.47645895,3LCE-alt1B_assembled,A70,376,0,P14489,TRUE
25,70,B,4.96,8.846724913,3LCE-alt1B_assembled,B70,2312,0,P14489,TRUE
4,70,A,5.48,12.46583965,3LCE-alt1A_assembled,A70,376,0,P14489,TRUE
25,70,B,4.94,2.814867018,3LCE-alt1A_assembled,B70,2312,0,P14489,TRUE
4,70,A,6.93,9.248848772,4S2O-alt1B_assembled,A70,378,0,P14489,TRUE
25,70,B,7,8.712683626,4S2O-alt1B_assembled,B70,2318,0,P14489,TRUE
4,70,A,6.94,9.248848772,4S2O-alt1A_assembled,A70,378,0,P14489,TRUE
25,70,B,7,8.712683626,4S2O-alt1A_assembled,B70,2318,0,P14489,TRUE
4,70,A,5.7,5.361651462,4WZ5-alt1B_assembled,A70,376,0,P14489,TRUE
25,70,B,6.57,18.49769754,4WZ5-alt1B_assembled,B70,2308,0,P14489,TRUE
46,70,C,6.86,8.042477193,4WZ5-alt1B_assembled,C70,4242,0,P14489,TRUE
67,70,D,6.81,11.52755064,4WZ5-alt1B_assembled,D70,6182,0,P14489,TRUE
4,70,A,5.91,4.959527602,4WZ5-alt1A_assembled,A70,376,0,P14489,TRUE
25,70,B,5.25,4.423362456,4WZ5-alt1A_assembled,B70,2308,0,P14489,TRUE
46,70,C,6.86,8.042477193,4WZ5-alt1A_assembled,C70,4242,0,P14489,TRUE
67,70,D,6.93,11.52755064,4WZ5-alt1A_assembled,D70,6182,0,P14489,TRUE
2,70,A,5.39,6.836105614,5MNU-alt1B_assembled,A70,385,0,P14489,TRUE
18,70,B,7.26,10.72330292,5MNU-alt1B_assembled,B70,2314,0,P14489,TRUE
2,70,A,5.39,6.836105614,5MNU-alt1A_assembled,A70,385,0,P14489,TRUE
18,70,B,7.05,10.72330292,5MNU-alt1A_assembled,B70,2314,0,P14489,TRUE
2,70,A,5.38,6.031857895,5MOZ-alt1A_assembled,A70,384,0,P14489,TRUE
15,70,B,7.14,9.919055205,5MOZ-alt1A_assembled,B70,2309,0,P14489,TRUE
2,70,A,5.38,6.031857895,5MOZ-alt1B_assembled,A70,384,0,P14489,TRUE
15,70,B,7.14,9.919055205,5MOZ-alt1B_assembled,B70,2309,0,P14489,TRUE
5,84,A,10.35,91.28211614,1E3U-alt1B_assembled,A84,472,0,P14489,FALSE
26,84,B,10.41,96.77780889,1E3U-alt1B_assembled,B84,2393,0,P14489,FALSE
47,84,C,10.44,82.83751509,1E3U-alt1B_assembled,C84,4316,0,P14489,FALSE
68,84,D,10.11,93.02465287,1E3U-alt1B_assembled,D84,6250,0,P14489,FALSE
5,84,A,10.31,91.28211614,1E3U-alt1A_assembled,A84,472,0,P14489,FALSE
26,84,B,10.41,96.77780889,1E3U-alt1A_assembled,B84,2393,0,P14489,FALSE
47,84,C,10.36,83.23963895,1E3U-alt1A_assembled,C84,4316,0,P14489,FALSE
68,84,D,10.45,97.58205661,1E3U-alt1A_assembled,D84,6250,0,P14489,FALSE
5,84,A,10.4,87.26087755,1E4D-alt1A_assembled,A84,470,0,P14489,FALSE
26,84,B,10.44,93.29273544,1E4D-alt1A_assembled,B84,2402,0,P14489,FALSE
5,84,A,10.43,89.27149684,1E4D-alt1B_assembled,A84,470,0,P14489,FALSE
26,84,B,10.38,100.7990475,1E4D-alt1B_assembled,B84,2402,0,P14489,FALSE
5,84,A,10.38,84.04388667,1EWZ-alt-1_assembled,A84,472,0,P14489,FALSE
40,84,C,10.39,73.45462503,1EWZ-alt-1_assembled,C84,4279,0,P14489,FALSE
56,84,D,10.31,74.7950379,1EWZ-alt-1_assembled,D84,6164,0,P14489,FALSE
5,84,A,10.28,74.52695532,1FOF-alt-1_assembled,A84,482,0,P14489,FALSE
26,84,B,10.4,72.51633603,1FOF-alt-1_assembled,B84,2422,0,P14489,FALSE
5,84,A,10.35,68.89722129,1K4F-alt1A_assembled,A84,476,0,P14489,FALSE
26,84,B,10.34,78.01202877,1K4F-alt1A_assembled,B84,2420,0,P14489,FALSE
5,84,A,10.43,78.95031778,1K4F-alt1B_assembled,A84,476,0,P14489,FALSE
25,84,B,10.26,66.35043684,1K4F-alt1B_assembled,B84,2420,0,P14489,FALSE
5,84,A,10.24,88.60129041,1K54-alt1B_assembled,A84,470,0,P14489,FALSE
26,84,B,10.25,85.25025825,1K54-alt1B_assembled,B84,2406,0,P14489,FALSE
47,84,C,10.38,83.90984538,1K54-alt1B_assembled,C84,4336,0,P14489,FALSE
68,84,D,10.42,97.31397404,1K54-alt1B_assembled,D84,6272,0,P14489,FALSE
5,84,A,10.34,83.10559766,1K54-alt1A_assembled,A84,470,0,P14489,FALSE
25,84,B,10.42,104.1500797,1K54-alt1A_assembled,B84,2406,0,P14489,FALSE
46,84,C,10.39,73.45462503,1K54-alt1A_assembled,C84,4336,0,P14489,FALSE
67,84,D,10.41,90.61190971,1K54-alt1A_assembled,D84,6272,0,P14489,FALSE
5,84,A,10.41,84.84813439,1K55-alt1B_assembled,A84,476,0,P14489,FALSE
26,84,B,10.42,88.7353317,1K55-alt1B_assembled,B84,2412,0,P14489,FALSE
47,84,C,10.41,84.17792796,1K55-alt1B_assembled,C84,4348,0,P14489,FALSE
68,84,D,10.4,95.03527217,1K55-alt1B_assembled,D84,6288,0,P14489,FALSE
5,84,A,10.04,73.05250117,1K55-alt1A_assembled,A84,476,0,P14489,FALSE
26,84,B,10.44,83.64176281,1K55-alt1A_assembled,B84,2412,0,P14489,FALSE
47,84,C,10.41,74.7950379,1K55-alt1A_assembled,C84,4350,0,P14489,FALSE
67,84,D,10.41,90.34382714,1K55-alt1A_assembled,D84,6267,0,P14489,FALSE
5,84,A,10.4,82.56943252,1K56-alt1B_assembled,A84,470,0,P14489,FALSE
26,84,B,10.36,97.85013918,1K56-alt1B_assembled,B84,2402,0,P14489,FALSE
47,84,C,10.4,101.2011713,1K56-alt1B_assembled,C84,4334,0,P14489,FALSE
5,84,A,10.39,74.92907918,1K56-alt1A_assembled,A84,470,0,P14489,FALSE
26,84,B,10.35,101.4692539,1K56-alt1A_assembled,B84,2402,0,P14489,FALSE
47,84,C,10.35,99.45863462,1K56-alt1A_assembled,C84,4334,0,P14489,FALSE
5,84,A,9.45,56.16329907,1K57-alt1B_assembled,A84,470,0,P14489,FALSE
26,84,B,10.38,109.6457724,1K57-alt1B_assembled,B84,2402,0,P14489,FALSE
47,84,C,10.43,83.50772152,1K57-alt1B_assembled,C84,4332,0,P14489,FALSE
68,84,D,10.31,95.83951989,1K57-alt1B_assembled,D84,6262,0,P14489,FALSE
5,84,A,8.55,46.11020257,1K57-alt1A_assembled,A84,470,0,P14489,FALSE
26,84,B,10.43,98.25226304,1K57-alt1A_assembled,B84,2402,0,P14489,FALSE
47,84,C,10.43,83.50772152,1K57-alt1A_assembled,C84,4332,0,P14489,FALSE
68,84,D,10.39,69.29934515,1K57-alt1A_assembled,D84,6262,0,P14489,FALSE
5,84,A,10.44,77.07373977,1K6R-alt-1_assembled,A84,490,0,P14489,FALSE
5,84,A,10.51,71.04188187,1K6S-alt-1_assembled,A84,476,0,P14489,FALSE
25,84,B,10.43,74.92907918,1K6S-alt-1_assembled,B84,2412,0,P14489,FALSE
5,84,A,10.42,93.29273544,2HP5-alt-1_assembled,A84,490,0,P14489,FALSE
26,84,B,10.42,91.28211614,2HP5-alt-1_assembled,B84,2421,0,P14489,FALSE
5,84,A,10.37,75.33120304,2HP6-alt-1_assembled,A84,478,0,P14489,FALSE
26,84,B,10.37,73.45462503,2HP6-alt-1_assembled,B84,2412,0,P14489,FALSE
5,84,A,10.4,73.85674889,2HP9-alt-1_assembled,A84,478,0,P14489,FALSE
26,84,B,10.34,73.85674889,2HP9-alt-1_assembled,B84,2412,0,P14489,FALSE
5,84,A,10.38,73.85674889,2HPB-alt1A_assembled,A84,478,0,P14489,FALSE
26,84,B,10.37,78.28011135,2HPB-alt1A_assembled,B84,2412,0,P14489,FALSE
5,84,A,10.38,73.85674889,2HPB-alt1B_assembled,A84,478,0,P14489,FALSE
26,84,B,10.37,78.28011135,2HPB-alt1B_assembled,B84,2412,0,P14489,FALSE
5,84,A,10.38,57.7717945,2RL3-alt1A_assembled,A84,490,0,P14489,FALSE
26,84,B,10.36,84.17792796,2RL3-alt1A_assembled,B84,2429,0,P14489,FALSE
5,84,A,10.39,60.8547441,2RL3-alt1B_assembled,A84,488,0,P14489,FALSE
26,84,B,10.4,84.17792796,2RL3-alt1B_assembled,B84,2430,0,P14489,FALSE
5,84,A,10.35,75.7333269,2WGI-alt-1_assembled,A84,476,0,P14489,FALSE
26,84,B,10.43,79.7545655,2WGI-alt-1_assembled,B84,2413,0,P14489,FALSE
5,84,A,10.42,80.29073065,2WGV-alt1A_assembled,A84,490,0,P14489,FALSE
26,84,B,10.47,67.28872585,2WGV-alt1A_assembled,B84,2433,0,P14489,FALSE
5,84,A,10.42,80.29073065,2WGV-alt1B_assembled,A84,490,0,P14489,FALSE
26,84,B,10.47,67.28872585,2WGV-alt1B_assembled,B84,2433,0,P14489,FALSE
5,84,A,10.36,76.93969848,2WGW-alt1A_assembled,A84,488,0,P14489,FALSE
26,84,B,10.36,76.13545076,2WGW-alt1A_assembled,B84,2434,0,P14489,FALSE
5,84,A,10.43,69.16530386,2WGW-alt1B_assembled,A84,490,0,P14489,FALSE
26,84,B,10.33,76.13545076,2WGW-alt1B_assembled,B84,2433,0,P14489,FALSE
4,84,A,10.33,75.19716176,2WKH-alt1A_assembled,A84,475,0,P14489,FALSE
24,84,B,10.35,73.58866632,2WKH-alt1A_assembled,B84,2415,0,P14489,FALSE
4,84,A,10.33,75.19716176,2WKH-alt1B_assembled,A84,475,0,P14489,FALSE
24,84,B,10.35,73.58866632,2WKH-alt1B_assembled,B84,2415,0,P14489,FALSE
4,84,A,10.39,74.66099661,2WKI-alt1A_assembled,A84,475,0,P14489,FALSE
24,84,B,10.44,72.11421217,2WKI-alt1A_assembled,B84,2415,0,P14489,FALSE
4,84,A,10.39,74.66099661,2WKI-alt1B_assembled,A84,475,0,P14489,FALSE
24,84,B,10.44,72.11421217,2WKI-alt1B_assembled,B84,2415,0,P14489,FALSE
5,84,A,10.43,74.66099661,2X01-alt1A_assembled,A84,475,0,P14489,FALSE
26,84,B,10.32,70.37167544,2X01-alt1A_assembled,B84,2418,0,P14489,FALSE
5,84,A,10.34,76.80565719,2X01-alt1B_assembled,A84,477,0,P14489,FALSE
26,84,B,10.34,81.63114351,2X01-alt1B_assembled,B84,2419,0,P14489,FALSE
5,84,A,10.45,79.08435907,2X02-alt1A_assembled,A84,476,0,P14489,FALSE
26,84,B,10.26,62.46323953,2X02-alt1A_assembled,B84,2424,0,P14489,FALSE
5,84,A,10.43,80.15668936,2X02-alt1B_assembled,A84,476,0,P14489,FALSE
26,84,B,10.42,81.49710222,2X02-alt1B_assembled,B84,2424,0,P14489,FALSE
5,84,A,10.34,87.79704269,3LCE-alt1B_assembled,A84,476,0,P14489,FALSE
26,84,B,10.43,112.4606394,3LCE-alt1B_assembled,B84,2412,0,P14489,FALSE
5,84,A,10.43,93.96294187,3LCE-alt1A_assembled,A84,476,0,P14489,FALSE
26,84,B,10.43,109.2436485,3LCE-alt1A_assembled,B84,2412,0,P14489,FALSE
5,84,A,10.3,80.42477193,4S2O-alt1B_assembled,A84,478,0,P14489,FALSE
26,84,B,10.44,84.44601053,4S2O-alt1B_assembled,B84,2418,0,P14489,FALSE
5,84,A,10.3,80.42477193,4S2O-alt1A_assembled,A84,478,0,P14489,FALSE
26,84,B,10.44,84.44601053,4S2O-alt1A_assembled,B84,2418,0,P14489,FALSE
5,84,A,10.48,80.15668936,4WZ5-alt1B_assembled,A84,476,0,P14489,FALSE
47,84,C,10.4,77.07373977,4WZ5-alt1B_assembled,C84,4342,0,P14489,FALSE
68,84,D,10.4,81.09497836,4WZ5-alt1B_assembled,D84,6282,0,P14489,FALSE
5,84,A,9.89,57.63775322,4WZ5-alt1A_assembled,A84,476,0,P14489,FALSE
47,84,C,10.39,77.07373977,4WZ5-alt1A_assembled,C84,4342,0,P14489,FALSE
68,84,D,10.4,81.09497836,4WZ5-alt1A_assembled,D84,6282,0,P14489,FALSE
6,91,A,10.65,86.99279497,1E3U-alt1B_assembled,A91,535,0,P14489,FALSE
27,91,B,10.51,95.16931345,1E3U-alt1B_assembled,B91,2456,0,P14489,FALSE
48,91,C,10.54,83.10559766,1E3U-alt1B_assembled,C91,4379,0,P14489,FALSE
69,91,D,10.45,80.02264807,1E3U-alt1B_assembled,D91,6313,0,P14489,FALSE
6,91,A,10.68,81.7651848,1E3U-alt1A_assembled,A91,535,0,P14489,FALSE
27,91,B,10.51,95.16931345,1E3U-alt1A_assembled,B91,2456,0,P14489,FALSE
48,91,C,10.56,84.31196924,1E3U-alt1A_assembled,C91,4379,0,P14489,FALSE
69,91,D,10.81,98.92246948,1E3U-alt1A_assembled,D91,6313,0,P14489,FALSE
6,91,A,10.54,69.56742772,1E4D-alt1A_assembled,A91,533,0,P14489,FALSE
27,91,B,10.5,105.2224099,1E4D-alt1A_assembled,B91,2465,0,P14489,FALSE
6,91,A,10.85,77.87798749,1E4D-alt1B_assembled,A91,533,0,P14489,FALSE
27,91,B,10.49,101.7373365,1E4D-alt1B_assembled,B91,2465,0,P14489,FALSE
6,91,A,10.51,93.96294187,1EWZ-alt-1_assembled,A91,535,0,P14489,FALSE
22,91,B,10.52,77.7439462,1EWZ-alt-1_assembled,B91,2428,0,P14489,FALSE
57,91,D,10.48,53.88459719,1EWZ-alt-1_assembled,D91,6227,0,P14489,FALSE
6,91,A,11.36,58.8441248,1FOF-alt-1_assembled,A91,545,0,P14489,FALSE
27,91,B,10.51,78.54819392,1FOF-alt-1_assembled,B91,2485,0,P14489,FALSE
6,91,A,11.33,65.14406526,1K4F-alt1A_assembled,A91,539,0,P14489,FALSE
27,91,B,9.76,59.38028994,1K4F-alt1A_assembled,B91,2483,0,P14489,FALSE
6,91,A,10.62,62.73132211,1K4F-alt1B_assembled,A91,539,0,P14489,FALSE
26,91,B,8.97,56.29734035,1K4F-alt1B_assembled,B91,2483,0,P14489,FALSE
6,91,A,11.11,70.90784059,1K54-alt1B_assembled,A91,533,0,P14489,FALSE
27,91,B,10.49,88.60129041,1K54-alt1B_assembled,B91,2469,0,P14489,FALSE
48,91,C,10.45,78.95031778,1K54-alt1B_assembled,C91,4399,0,P14489,FALSE
69,91,D,10.44,83.7758041,1K54-alt1B_assembled,D91,6335,0,P14489,FALSE
26,91,B,10.51,87.93108398,1K54-alt1A_assembled,B91,2469,0,P14489,FALSE
47,91,C,10.24,77.87798749,1K54-alt1A_assembled,C91,4399,0,P14489,FALSE
68,91,D,10.46,80.96093708,1K54-alt1A_assembled,D91,6335,0,P14489,FALSE
6,91,A,10.39,92.35444644,1K55-alt1B_assembled,A91,539,0,P14489,FALSE
27,91,B,10.6,77.7439462,1K55-alt1B_assembled,B91,2475,0,P14489,FALSE
48,91,C,10.49,73.05250117,1K55-alt1B_assembled,C91,4411,0,P14489,FALSE
69,91,D,10.49,98.52034562,1K55-alt1B_assembled,D91,6351,0,P14489,FALSE
6,91,A,11.09,82.30134994,1K55-alt1A_assembled,A91,539,0,P14489,FALSE
27,91,B,11.49,80.96093708,1K55-alt1A_assembled,B91,2475,0,P14489,FALSE
48,91,C,10.75,70.23763415,1K55-alt1A_assembled,C91,4413,0,P14489,FALSE
68,91,D,10.57,100.7990475,1K55-alt1A_assembled,D91,6330,0,P14489,FALSE
6,91,A,10.44,81.63114351,1K56-alt1B_assembled,A91,533,0,P14489,FALSE
27,91,B,10.27,94.36506573,1K56-alt1B_assembled,B91,2465,0,P14489,FALSE
48,91,C,10.45,89.80766199,1K56-alt1B_assembled,C91,4397,0,P14489,FALSE
6,91,A,11.16,67.42276714,1K56-alt1A_assembled,A91,533,0,P14489,FALSE
27,91,B,10.5,104.2841209,1K56-alt1A_assembled,B91,2465,0,P14489,FALSE
48,91,C,10.52,99.45863462,1K56-alt1A_assembled,C91,4397,0,P14489,FALSE
27,91,B,10.52,90.61190971,1K57-alt1B_assembled,B91,2465,0,P14489,FALSE
48,91,C,10.48,76.00140948,1K57-alt1B_assembled,C91,4395,0,P14489,FALSE
69,91,D,10.46,74.25887275,1K57-alt1B_assembled,D91,6325,0,P14489,FALSE
6,91,A,4.1,13.67221123,1K57-alt1A_assembled,A91,533,0,P14489,FALSE
27,91,B,10.47,92.22040515,1K57-alt1A_assembled,B91,2465,0,P14489,FALSE
48,91,C,10.48,76.00140948,1K57-alt1A_assembled,C91,4395,0,P14489,FALSE
69,91,D,10.54,85.92046468,1K57-alt1A_assembled,D91,6325,0,P14489,FALSE
6,91,A,11.42,67.28872585,1K6R-alt-1_assembled,A91,553,0,P14489,FALSE
6,91,A,10.44,57.10158807,1K6S-alt-1_assembled,A91,539,0,P14489,FALSE
26,91,B,9.9,60.45262024,1K6S-alt-1_assembled,B91,2475,0,P14489,FALSE
6,91,A,10.61,82.7034738,2HP5-alt-1_assembled,A91,553,0,P14489,FALSE
27,91,B,10.54,86.32258854,2HP5-alt-1_assembled,B91,2484,0,P14489,FALSE
6,91,A,10.47,76.53757462,2HP6-alt-1_assembled,A91,541,0,P14489,FALSE
27,91,B,10.52,76.67161591,2HP6-alt-1_assembled,B91,2475,0,P14489,FALSE
6,91,A,10.57,75.59928562,2HP9-alt-1_assembled,A91,541,0,P14489,FALSE
27,91,B,10.56,74.39291404,2HP9-alt-1_assembled,B91,2475,0,P14489,FALSE
6,91,A,10.52,74.92907918,2HPB-alt1A_assembled,A91,541,0,P14489,FALSE
27,91,B,10.5,81.49710222,2HPB-alt1A_assembled,B91,2475,0,P14489,FALSE
6,91,A,10.52,74.92907918,2HPB-alt1B_assembled,A91,541,0,P14489,FALSE
27,91,B,10.5,81.49710222,2HPB-alt1B_assembled,B91,2475,0,P14489,FALSE
6,91,A,10.55,79.21840035,2RL3-alt1A_assembled,A91,553,0,P14489,FALSE
27,91,B,10.53,62.59728082,2RL3-alt1A_assembled,B91,2492,0,P14489,FALSE
6,91,A,10.5,76.53757462,2RL3-alt1B_assembled,A91,551,0,P14489,FALSE
27,91,B,10.53,62.59728082,2RL3-alt1B_assembled,B91,2493,0,P14489,FALSE
6,91,A,10.39,64.60790012,2WGI-alt-1_assembled,A91,539,0,P14489,FALSE
27,91,B,10.64,78.81627649,2WGI-alt-1_assembled,B91,2476,0,P14489,FALSE
6,91,A,10.62,75.06312047,2WGV-alt1A_assembled,A91,553,0,P14489,FALSE
27,91,B,10.59,70.10359287,2WGV-alt1A_assembled,B91,2496,0,P14489,FALSE
6,91,A,10.62,75.06312047,2WGV-alt1B_assembled,A91,553,0,P14489,FALSE
27,91,B,10.59,70.10359287,2WGV-alt1B_assembled,B91,2496,0,P14489,FALSE
6,91,A,9.69,56.8335055,2WGW-alt1A_assembled,A91,551,0,P14489,FALSE
27,91,B,10.67,68.89722129,2WGW-alt1A_assembled,B91,2497,0,P14489,FALSE
6,91,A,10.54,90.61190971,2WGW-alt1B_assembled,A91,553,0,P14489,FALSE
27,91,B,10.67,68.89722129,2WGW-alt1B_assembled,B91,2496,0,P14489,FALSE
5,91,A,11.51,68.36105614,2WKH-alt1A_assembled,A91,538,0,P14489,FALSE
25,91,B,10.7,70.50571673,2WKH-alt1A_assembled,B91,2478,0,P14489,FALSE
5,91,A,11.51,68.36105614,2WKH-alt1B_assembled,A91,538,0,P14489,FALSE
25,91,B,10.7,70.50571673,2WKH-alt1B_assembled,B91,2478,0,P14489,FALSE
5,91,A,10.56,73.58866632,2WKI-alt1A_assembled,A91,538,0,P14489,FALSE
25,91,B,10.55,65.41214784,2WKI-alt1A_assembled,B91,2478,0,P14489,FALSE
5,91,A,10.56,73.58866632,2WKI-alt1B_assembled,A91,538,0,P14489,FALSE
25,91,B,10.55,65.41214784,2WKI-alt1B_assembled,B91,2478,0,P14489,FALSE
6,91,A,10.58,77.07373977,2X01-alt1A_assembled,A91,538,0,P14489,FALSE
27,91,B,10.49,65.54618912,2X01-alt1A_assembled,B91,2481,0,P14489,FALSE
6,91,A,10.55,82.56943252,2X01-alt1B_assembled,A91,540,0,P14489,FALSE
27,91,B,10.59,77.60990491,2X01-alt1B_assembled,B91,2482,0,P14489,FALSE
6,91,A,9.66,56.16329907,2X02-alt1A_assembled,A91,539,0,P14489,FALSE
27,91,B,10.91,54.95692749,2X02-alt1A_assembled,B91,2487,0,P14489,FALSE
6,91,A,11.03,74.12483146,2X02-alt1B_assembled,A91,539,0,P14489,FALSE
27,91,B,10.72,65.41214784,2X02-alt1B_assembled,B91,2487,0,P14489,FALSE
6,91,A,10.55,86.85875369,3LCE-alt1B_assembled,A91,539,0,P14489,FALSE
27,91,B,10.5,91.81828129,3LCE-alt1B_assembled,B91,2475,0,P14489,FALSE
6,91,A,10.53,83.23963895,3LCE-alt1A_assembled,A91,539,0,P14489,FALSE
27,91,B,11.37,72.38229474,3LCE-alt1A_assembled,B91,2475,0,P14489,FALSE
6,91,A,10.6,79.21840035,4S2O-alt1B_assembled,A91,541,0,P14489,FALSE
27,91,B,10.57,83.64176281,4S2O-alt1B_assembled,B91,2481,0,P14489,FALSE
6,91,A,10.6,79.21840035,4S2O-alt1A_assembled,A91,541,0,P14489,FALSE
27,91,B,10.57,83.64176281,4S2O-alt1A_assembled,B91,2481,0,P14489,FALSE
6,91,A,8.09,28.81887661,4WZ5-alt1B_assembled,A91,539,0,P14489,FALSE
27,91,B,10.44,99.59267591,4WZ5-alt1B_assembled,B91,2471,0,P14489,FALSE
48,91,C,10.54,85.11621696,4WZ5-alt1B_assembled,C91,4405,0,P14489,FALSE
69,91,D,10.55,92.22040515,4WZ5-alt1B_assembled,D91,6345,0,P14489,FALSE
6,91,A,9.3,22.25085357,4WZ5-alt1A_assembled,A91,539,0,P14489,FALSE
27,91,B,10.61,85.78642339,4WZ5-alt1A_assembled,B91,2471,0,P14489,FALSE
48,91,C,10.54,85.11621696,4WZ5-alt1A_assembled,C91,4405,0,P14489,FALSE
69,91,D,10.55,92.22040515,4WZ5-alt1A_assembled,D91,6345,0,P14489,FALSE
7,95,A,4.83,5.093568889,1E3U-alt1B_assembled,A95,570,0,P14489,FALSE
28,95,B,10.54,75.46524433,1E3U-alt1B_assembled,B95,2491,0,P14489,FALSE
49,95,C,10.37,79.08435907,1E3U-alt1B_assembled,C95,4414,0,P14489,FALSE
70,95,D,10.02,64.87598269,1E3U-alt1B_assembled,D95,6347,0,P14489,FALSE
7,95,A,4.38,3.216990877,1E3U-alt1A_assembled,A95,570,0,P14489,FALSE
28,95,B,10.54,75.46524433,1E3U-alt1A_assembled,B95,2491,0,P14489,FALSE
49,95,C,10.33,64.74194141,1E3U-alt1A_assembled,C95,4414,0,P14489,FALSE
70,95,D,9.72,40.48046854,1E3U-alt1A_assembled,D95,6347,0,P14489,FALSE
7,95,A,10.57,78.95031778,1E4D-alt1A_assembled,A95,568,0,P14489,FALSE
28,95,B,10.42,81.36306094,1E4D-alt1A_assembled,B95,2500,0,P14489,FALSE
7,95,A,10.58,87.93108398,1E4D-alt1B_assembled,A95,568,0,P14489,FALSE
28,95,B,10.6,74.12483146,1E4D-alt1B_assembled,B95,2500,0,P14489,FALSE
7,95,A,10.59,88.33320784,1EWZ-alt-1_assembled,A95,570,0,P14489,FALSE
23,95,B,10.55,67.02064328,1EWZ-alt-1_assembled,B95,2463,0,P14489,FALSE
58,95,D,10.26,89.00341427,1EWZ-alt-1_assembled,D95,6262,0,P14489,FALSE
7,95,A,10.61,75.59928562,1FOF-alt-1_assembled,A95,580,0,P14489,FALSE
28,95,B,10.63,70.63975801,1FOF-alt-1_assembled,B95,2520,0,P14489,FALSE
7,95,A,10.77,73.85674889,1K4F-alt1A_assembled,A95,574,0,P14489,FALSE
28,95,B,10.53,56.8335055,1K4F-alt1A_assembled,B95,2518,0,P14489,FALSE
7,95,A,11.14,71.57804702,1K4F-alt1B_assembled,A95,574,0,P14489,FALSE
27,95,B,10.6,71.98017088,1K4F-alt1B_assembled,B95,2518,0,P14489,FALSE
7,95,A,8.91,26.13805088,1K54-alt1B_assembled,A95,568,0,P14489,FALSE
28,95,B,10.6,74.92907918,1K54-alt1B_assembled,B95,2504,0,P14489,FALSE
49,95,C,10.26,79.62052421,1K54-alt1B_assembled,C95,4434,0,P14489,FALSE
70,95,D,10.5,86.7247124,1K54-alt1B_assembled,D95,6370,0,P14489,FALSE
6,95,A,10.22,33.64436292,1K54-alt1A_assembled,A95,568,0,P14489,FALSE
27,95,B,10.42,74.66099661,1K54-alt1A_assembled,B95,2504,0,P14489,FALSE
48,95,C,9.66,18.49769754,1K54-alt1A_assembled,C95,4434,0,P14489,FALSE
69,95,D,9.01,17.15728468,1K54-alt1A_assembled,D95,6370,0,P14489,FALSE
7,95,A,9.86,47.71869801,1K55-alt1B_assembled,A95,574,0,P14489,FALSE
28,95,B,10.42,78.54819392,1K55-alt1B_assembled,B95,2510,0,P14489,FALSE
49,95,C,10.58,66.08235427,1K55-alt1B_assembled,C95,4446,0,P14489,FALSE
70,95,D,10.6,85.38429953,1K55-alt1B_assembled,D95,6386,0,P14489,FALSE
7,95,A,10.53,90.745951,1K55-alt1A_assembled,A95,574,0,P14489,FALSE
28,95,B,10.43,80.55881322,1K55-alt1A_assembled,B95,2510,0,P14489,FALSE
49,95,C,10.6,65.68023041,1K55-alt1A_assembled,C95,4448,0,P14489,FALSE
7,95,A,10.18,40.21238597,1K56-alt1B_assembled,A95,568,0,P14489,FALSE
28,95,B,10.44,88.46724913,1K56-alt1B_assembled,B95,2500,0,P14489,FALSE
49,95,C,9.61,20.77639942,1K56-alt1B_assembled,C95,4432,0,P14489,FALSE
28,95,B,10.37,76.00140948,1K56-alt1A_assembled,B95,2500,0,P14489,FALSE
49,95,C,10.94,49.19315217,1K56-alt1A_assembled,C95,4432,0,P14489,FALSE
28,95,B,10.59,77.34182234,1K57-alt1B_assembled,B95,2500,0,P14489,FALSE
49,95,C,10.47,72.11421217,1K57-alt1B_assembled,C95,4430,0,P14489,FALSE
70,95,D,10.43,104.1500797,1K57-alt1B_assembled,D95,6360,0,P14489,FALSE
28,95,B,10.66,78.28011135,1K57-alt1A_assembled,B95,2500,0,P14489,FALSE
49,95,C,10.47,72.11421217,1K57-alt1A_assembled,C95,4430,0,P14489,FALSE
70,95,D,10.37,103.4798732,1K57-alt1A_assembled,D95,6360,0,P14489,FALSE
7,95,A,10.67,70.90784059,1K6R-alt-1_assembled,A95,588,0,P14489,FALSE
7,95,A,10.63,76.00140948,1K6S-alt-1_assembled,A95,574,0,P14489,FALSE
27,95,B,10.57,62.19515696,1K6S-alt-1_assembled,B95,2510,0,P14489,FALSE
7,95,A,10.61,83.10559766,2HP5-alt-1_assembled,A95,588,0,P14489,FALSE
28,95,B,10.77,81.09497836,2HP5-alt-1_assembled,B95,2519,0,P14489,FALSE
7,95,A,10.63,70.23763415,2HP6-alt-1_assembled,A95,576,0,P14489,FALSE
28,95,B,10.6,69.83551029,2HP6-alt-1_assembled,B95,2510,0,P14489,FALSE
7,95,A,10.62,74.66099661,2HP9-alt-1_assembled,A95,576,0,P14489,FALSE
28,95,B,10.65,71.44400573,2HP9-alt-1_assembled,B95,2510,0,P14489,FALSE
7,95,A,10.67,69.43338643,2HPB-alt1A_assembled,A95,576,0,P14489,FALSE
28,95,B,10.62,69.29934515,2HPB-alt1A_assembled,B95,2510,0,P14489,FALSE
7,95,A,10.67,69.43338643,2HPB-alt1B_assembled,A95,576,0,P14489,FALSE
28,95,B,10.62,69.29934515,2HPB-alt1B_assembled,B95,2510,0,P14489,FALSE
7,95,A,10.6,66.48447813,2RL3-alt1A_assembled,A95,588,0,P14489,FALSE
28,95,B,10.52,70.90784059,2RL3-alt1A_assembled,B95,2527,0,P14489,FALSE
7,95,A,11.13,67.824891,2RL3-alt1B_assembled,A95,586,0,P14489,FALSE
28,95,B,10.52,70.90784059,2RL3-alt1B_assembled,B95,2528,0,P14489,FALSE
7,95,A,10.56,72.65037731,2WGI-alt-1_assembled,A95,574,0,P14489,FALSE
28,95,B,10.62,75.33120304,2WGI-alt-1_assembled,B95,2511,0,P14489,FALSE
7,95,A,10.64,69.16530386,2WGV-alt1A_assembled,A95,588,0,P14489,FALSE
28,95,B,10.5,80.42477193,2WGV-alt1A_assembled,B95,2531,0,P14489,FALSE
7,95,A,10.64,69.16530386,2WGV-alt1B_assembled,A95,588,0,P14489,FALSE
28,95,B,10.5,80.42477193,2WGV-alt1B_assembled,B95,2531,0,P14489,FALSE
7,95,A,9.81,54.01863848,2WGW-alt1A_assembled,A95,586,0,P14489,FALSE
28,95,B,10.63,76.00140948,2WGW-alt1A_assembled,B95,2532,0,P14489,FALSE
7,95,A,10.65,74.92907918,2WGW-alt1B_assembled,A95,588,0,P14489,FALSE
28,95,B,10.63,76.00140948,2WGW-alt1B_assembled,B95,2531,0,P14489,FALSE
6,95,A,10.67,73.05250117,2WKH-alt1A_assembled,A95,573,0,P14489,FALSE
26,95,B,10.57,70.7737993,2WKH-alt1A_assembled,B95,2513,0,P14489,FALSE
6,95,A,10.67,73.05250117,2WKH-alt1B_assembled,A95,573,0,P14489,FALSE
26,95,B,10.57,70.7737993,2WKH-alt1B_assembled,B95,2513,0,P14489,FALSE
6,95,A,10.58,75.06312047,2WKI-alt1A_assembled,A95,573,0,P14489,FALSE
26,95,B,10.63,59.64837252,2WKI-alt1A_assembled,B95,2513,0,P14489,FALSE
6,95,A,10.58,75.06312047,2WKI-alt1B_assembled,A95,573,0,P14489,FALSE
26,95,B,10.63,59.64837252,2WKI-alt1B_assembled,B95,2513,0,P14489,FALSE
7,95,A,10.63,64.60790012,2X01-alt1A_assembled,A95,573,0,P14489,FALSE
28,95,B,10.66,67.15468456,2X01-alt1A_assembled,B95,2516,0,P14489,FALSE
7,95,A,10.64,74.39291404,2X01-alt1B_assembled,A95,575,0,P14489,FALSE
28,95,B,10.67,70.50571673,2X01-alt1B_assembled,B95,2517,0,P14489,FALSE
7,95,A,10.51,70.90784059,2X02-alt1A_assembled,A95,574,0,P14489,FALSE
28,95,B,10.65,70.90784059,2X02-alt1A_assembled,B95,2522,0,P14489,FALSE
7,95,A,11.37,67.15468456,2X02-alt1B_assembled,A95,574,0,P14489,FALSE
28,95,B,10.83,78.54819392,2X02-alt1B_assembled,B95,2522,0,P14489,FALSE
7,95,A,10.65,94.36506573,3LCE-alt1B_assembled,A95,574,0,P14489,FALSE
28,95,B,10.39,74.25887275,3LCE-alt1B_assembled,B95,2510,0,P14489,FALSE
7,95,A,10.61,89.13745556,3LCE-alt1A_assembled,A95,574,0,P14489,FALSE
28,95,B,10.54,70.23763415,3LCE-alt1A_assembled,B95,2510,0,P14489,FALSE
7,95,A,10.65,80.55881322,4S2O-alt1B_assembled,A95,576,0,P14489,FALSE
28,95,B,10.59,89.27149684,4S2O-alt1B_assembled,B95,2516,0,P14489,FALSE
7,95,A,10.65,80.55881322,4S2O-alt1A_assembled,A95,576,0,P14489,FALSE
28,95,B,10.59,89.27149684,4S2O-alt1A_assembled,B95,2516,0,P14489,FALSE
7,95,A,9.44,59.7824138,4WZ5-alt1B_assembled,A95,574,0,P14489,FALSE
28,95,B,10.52,75.46524433,4WZ5-alt1B_assembled,B95,2506,0,P14489,FALSE
49,95,C,10.66,77.20778105,4WZ5-alt1B_assembled,C95,4440,0,P14489,FALSE
70,95,D,10.65,85.25025825,4WZ5-alt1B_assembled,D95,6380,0,P14489,FALSE
7,95,A,9.78,67.55680842,4WZ5-alt1A_assembled,A95,574,0,P14489,FALSE
28,95,B,10.39,75.06312047,4WZ5-alt1A_assembled,B95,2506,0,P14489,FALSE
49,95,C,10.66,77.20778105,4WZ5-alt1A_assembled,C95,4440,0,P14489,FALSE
70,95,D,10.66,85.25025825,4WZ5-alt1A_assembled,D95,6380,0,P14489,FALSE
8,100,A,10.36,90.745951,1E3U-alt1B_assembled,A100,610,0,P14489,FALSE
29,100,B,10.4,91.01403357,1E3U-alt1B_assembled,B100,2531,0,P14489,FALSE
50,100,C,10.44,86.18854725,1E3U-alt1B_assembled,C100,4454,0,P14489,FALSE
71,100,D,10.32,95.16931345,1E3U-alt1B_assembled,D100,6387,0,P14489,FALSE
8,100,A,10.63,104.0160384,1E3U-alt1A_assembled,A100,610,0,P14489,FALSE
29,100,B,10.4,91.01403357,1E3U-alt1A_assembled,B100,2531,0,P14489,FALSE
50,100,C,10.46,93.56081801,1E3U-alt1A_assembled,C100,4454,0,P14489,FALSE
71,100,D,10.46,98.25226304,1E3U-alt1A_assembled,D100,6387,0,P14489,FALSE
8,100,A,10.54,101.2011713,1E4D-alt1A_assembled,A100,608,0,P14489,FALSE
29,100,B,10.6,100.5309649,1E4D-alt1A_assembled,B100,2540,0,P14489,FALSE
8,100,A,10.34,94.76718959,1E4D-alt1B_assembled,A100,608,0,P14489,FALSE
29,100,B,10.57,94.90123088,1E4D-alt1B_assembled,B100,2540,0,P14489,FALSE
24,100,B,10.28,74.7950379,1EWZ-alt-1_assembled,B100,2503,0,P14489,FALSE
59,100,D,10.52,94.49910702,1EWZ-alt-1_assembled,D100,6302,0,P14489,FALSE
8,100,A,10.65,86.05450597,1FOF-alt-1_assembled,A100,620,0,P14489,FALSE
29,100,B,10.62,85.25025825,1FOF-alt-1_assembled,B100,2560,0,P14489,FALSE
8,100,A,10.54,87.39491883,1K4F-alt1A_assembled,A100,614,0,P14489,FALSE
29,100,B,10.43,93.02465287,1K4F-alt1A_assembled,B100,2558,0,P14489,FALSE
8,100,A,10.64,91.95232258,1K4F-alt1B_assembled,A100,614,0,P14489,FALSE
28,100,B,10.36,82.83751509,1K4F-alt1B_assembled,B100,2558,0,P14489,FALSE
8,100,A,10.51,93.6948593,1K54-alt1B_assembled,A100,608,0,P14489,FALSE
29,100,B,10.46,99.32459334,1K54-alt1B_assembled,B100,2544,0,P14489,FALSE
50,100,C,10.33,90.745951,1K54-alt1B_assembled,C100,4474,0,P14489,FALSE
7,100,A,10.47,95.83951989,1K54-alt1A_assembled,A100,608,0,P14489,FALSE
28,100,B,10.36,96.10760246,1K54-alt1A_assembled,B100,2544,0,P14489,FALSE
49,100,C,10.48,95.16931345,1K54-alt1A_assembled,C100,4474,0,P14489,FALSE
8,100,A,10.9,60.58666152,1K55-alt1B_assembled,A100,614,0,P14489,FALSE
29,100,B,10.43,71.84612959,1K55-alt1B_assembled,B100,2550,0,P14489,FALSE
50,100,C,10.38,84.7140931,1K55-alt1B_assembled,C100,4486,0,P14489,FALSE
29,100,B,10.44,86.85875369,1K55-alt1A_assembled,B100,2550,0,P14489,FALSE
8,100,A,10.41,89.80766199,1K56-alt1B_assembled,A100,608,0,P14489,FALSE
29,100,B,10.52,99.45863462,1K56-alt1B_assembled,B100,2540,0,P14489,FALSE
50,100,C,10.57,62.32919825,1K56-alt1B_assembled,C100,4472,0,P14489,FALSE
8,100,A,10.25,81.49710222,1K56-alt1A_assembled,A100,608,0,P14489,FALSE
29,100,B,10.6,86.85875369,1K56-alt1A_assembled,B100,2540,0,P14489,FALSE
8,100,A,9.99,77.47586363,1K57-alt1B_assembled,A100,608,0,P14489,FALSE
29,100,B,10.56,82.43539123,1K57-alt1B_assembled,B100,2540,0,P14489,FALSE
50,100,C,10.31,95.83951989,1K57-alt1B_assembled,C100,4470,0,P14489,FALSE
8,100,A,10.69,81.09497836,1K57-alt1A_assembled,A100,608,0,P14489,FALSE
29,100,B,10.92,83.23963895,1K57-alt1A_assembled,B100,2540,0,P14489,FALSE
50,100,C,10.31,95.83951989,1K57-alt1A_assembled,C100,4470,0,P14489,FALSE
8,100,A,10.66,81.7651848,1K6R-alt-1_assembled,A100,628,0,P14489,FALSE
8,100,A,10.56,82.43539123,1K6S-alt-1_assembled,A100,614,0,P14489,FALSE
28,100,B,10.25,65.54618912,1K6S-alt-1_assembled,B100,2550,0,P14489,FALSE
8,100,A,10.57,115.8116716,2HP5-alt-1_assembled,A100,628,0,P14489,FALSE
29,100,B,10.47,96.91185018,2HP5-alt-1_assembled,B100,2559,0,P14489,FALSE
8,100,A,10.64,83.50772152,2HP6-alt-1_assembled,A100,616,0,P14489,FALSE
29,100,B,10.22,92.22040515,2HP6-alt-1_assembled,B100,2550,0,P14489,FALSE
8,100,A,10.6,86.32258854,2HP9-alt-1_assembled,A100,616,0,P14489,FALSE
29,100,B,10.19,85.38429953,2HP9-alt-1_assembled,B100,2550,0,P14489,FALSE
8,100,A,10.63,86.99279497,2HPB-alt1A_assembled,A100,616,0,P14489,FALSE
29,100,B,10,77.7439462,2HPB-alt1A_assembled,B100,2550,0,P14489,FALSE
8,100,A,10.63,86.99279497,2HPB-alt1B_assembled,A100,616,0,P14489,FALSE
29,100,B,10,77.7439462,2HPB-alt1B_assembled,B100,2550,0,P14489,FALSE
8,100,A,10.59,87.66300141,2RL3-alt1A_assembled,A100,628,0,P14489,FALSE
29,100,B,10.45,84.31196924,2RL3-alt1A_assembled,B100,2567,0,P14489,FALSE
8,100,A,10.46,86.59067111,2RL3-alt1B_assembled,A100,626,0,P14489,FALSE
29,100,B,10.45,84.31196924,2RL3-alt1B_assembled,B100,2568,0,P14489,FALSE
8,100,A,10.78,89.00341427,2WGI-alt-1_assembled,A100,614,0,P14489,FALSE
29,100,B,10.49,95.57143731,2WGI-alt-1_assembled,B100,2551,0,P14489,FALSE
8,100,A,11.05,68.89722129,2WGV-alt1A_assembled,A100,628,0,P14489,FALSE
29,100,B,10.58,86.18854725,2WGV-alt1A_assembled,B100,2571,0,P14489,FALSE
8,100,A,11.05,68.89722129,2WGV-alt1B_assembled,A100,628,0,P14489,FALSE
29,100,B,10.58,86.18854725,2WGV-alt1B_assembled,B100,2571,0,P14489,FALSE
8,100,A,11.32,89.53957942,2WGW-alt1A_assembled,A100,626,0,P14489,FALSE
29,100,B,9.9,70.90784059,2WGW-alt1A_assembled,B100,2572,0,P14489,FALSE
8,100,A,10.53,90.61190971,2WGW-alt1B_assembled,A100,628,0,P14489,FALSE
29,100,B,9.93,70.90784059,2WGW-alt1B_assembled,B100,2571,0,P14489,FALSE
7,100,A,10.67,84.58005182,2WKH-alt1A_assembled,A100,613,0,P14489,FALSE
27,100,B,10.28,89.40553813,2WKH-alt1A_assembled,B100,2553,0,P14489,FALSE
7,100,A,10.67,84.58005182,2WKH-alt1B_assembled,A100,613,0,P14489,FALSE
27,100,B,10.28,89.40553813,2WKH-alt1B_assembled,B100,2553,0,P14489,FALSE
7,100,A,10.65,89.40553813,2WKI-alt1A_assembled,A100,613,0,P14489,FALSE
27,100,B,10.33,95.03527217,2WKI-alt1A_assembled,B100,2553,0,P14489,FALSE
7,100,A,10.65,89.40553813,2WKI-alt1B_assembled,A100,613,0,P14489,FALSE
27,100,B,10.33,95.03527217,2WKI-alt1B_assembled,B100,2553,0,P14489,FALSE
8,100,A,11.2,83.64176281,2X01-alt1A_assembled,A100,613,0,P14489,FALSE
29,100,B,10.25,90.61190971,2X01-alt1A_assembled,B100,2556,0,P14489,FALSE
8,100,A,11.04,79.08435907,2X01-alt1B_assembled,A100,615,0,P14489,FALSE
29,100,B,10.24,90.745951,2X01-alt1B_assembled,B100,2557,0,P14489,FALSE
8,100,A,10.66,89.27149684,2X02-alt1A_assembled,A100,614,0,P14489,FALSE
29,100,B,10.02,77.47586363,2X02-alt1A_assembled,B100,2562,0,P14489,FALSE
8,100,A,10.46,87.93108398,2X02-alt1B_assembled,A100,614,0,P14489,FALSE
29,100,B,10.18,81.36306094,2X02-alt1B_assembled,B100,2562,0,P14489,FALSE
8,100,A,10.56,98.52034562,3LCE-alt1B_assembled,A100,614,0,P14489,FALSE
29,100,B,10.6,82.03326737,3LCE-alt1B_assembled,B100,2550,0,P14489,FALSE
8,100,A,10.3,91.55019872,3LCE-alt1A_assembled,A100,614,0,P14489,FALSE
29,100,B,10.44,93.29273544,3LCE-alt1A_assembled,B100,2550,0,P14489,FALSE
8,100,A,10.4,84.98217567,4S2O-alt1B_assembled,A100,616,0,P14489,FALSE
29,100,B,10.44,92.62252901,4S2O-alt1B_assembled,B100,2556,0,P14489,FALSE
8,100,A,10.4,84.98217567,4S2O-alt1A_assembled,A100,616,0,P14489,FALSE
29,100,B,10.44,92.62252901,4S2O-alt1A_assembled,B100,2556,0,P14489,FALSE
8,100,A,10.61,97.04589146,4WZ5-alt1B_assembled,A100,614,0,P14489,FALSE
29,100,B,10.52,103.8819971,4WZ5-alt1B_assembled,B100,2546,0,P14489,FALSE
50,100,C,10.59,102.2735016,4WZ5-alt1B_assembled,C100,4480,0,P14489,FALSE
71,100,D,10.62,118.8946212,4WZ5-alt1B_assembled,D100,6420,0,P14489,FALSE
8,100,A,10.57,87.39491883,4WZ5-alt1A_assembled,A100,614,0,P14489,FALSE
29,100,B,10.63,103.2117906,4WZ5-alt1A_assembled,B100,2546,0,P14489,FALSE
50,100,C,10.44,102.2735016,4WZ5-alt1A_assembled,C100,4480,0,P14489,FALSE
71,100,D,10.62,118.8946212,4WZ5-alt1A_assembled,D100,6420,0,P14489,FALSE
3,100,A,10.45,98.6543869,5MNU-alt1B_assembled,A100,615,0,P14489,FALSE
3,100,A,10.45,98.6543869,5MNU-alt1A_assembled,A100,615,0,P14489,FALSE
3,100,A,10.65,94.09698316,5MOZ-alt1A_assembled,A100,614,0,P14489,FALSE
3,100,A,11.34,80.42477193,5MOZ-alt1B_assembled,A100,614,0,P14489,FALSE
9,134,A,9.91,53.21439076,1E3U-alt1B_assembled,A134,886,0,P14489,FALSE
30,134,B,9.93,60.8547441,1E3U-alt1B_assembled,B134,2807,0,P14489,FALSE
51,134,C,10.22,66.48447813,1E3U-alt1B_assembled,C134,4730,0,P14489,FALSE
72,134,D,10.31,82.97155638,1E3U-alt1B_assembled,D134,6663,0,P14489,FALSE
9,134,A,9.91,53.21439076,1E3U-alt1A_assembled,A134,886,0,P14489,FALSE
30,134,B,9.93,60.8547441,1E3U-alt1A_assembled,B134,2807,0,P14489,FALSE
51,134,C,10.37,72.65037731,1E3U-alt1A_assembled,C134,4730,0,P14489,FALSE
72,134,D,9.99,74.52695532,1E3U-alt1A_assembled,D134,6663,0,P14489,FALSE
9,134,A,11.01,49.99739988,1E4D-alt1A_assembled,A134,884,0,P14489,FALSE
30,134,B,9.9,37.66560152,1E4D-alt1A_assembled,B134,2816,0,P14489,FALSE
9,134,A,10.5,70.37167544,1E4D-alt1B_assembled,A134,884,0,P14489,FALSE
30,134,B,9.94,69.56742772,1E4D-alt1B_assembled,B134,2816,0,P14489,FALSE
8,134,A,9.98,64.87598269,1EWZ-alt-1_assembled,A134,882,0,P14489,FALSE
25,134,B,9.99,54.68884491,1EWZ-alt-1_assembled,B134,2779,0,P14489,FALSE
60,134,D,10.27,71.98017088,1EWZ-alt-1_assembled,D134,6578,0,P14489,FALSE
9,134,A,10.03,61.7930331,1FOF-alt-1_assembled,A134,896,0,P14489,FALSE
30,134,B,10.02,51.60589532,1FOF-alt-1_assembled,B134,2836,0,P14489,FALSE
9,134,A,10.2,64.47385883,1K4F-alt1A_assembled,A134,890,0,P14489,FALSE
30,134,B,9.98,55.35905135,1K4F-alt1A_assembled,B134,2834,0,P14489,FALSE
9,134,A,10.37,66.61851942,1K4F-alt1B_assembled,A134,890,0,P14489,FALSE
29,134,B,10.1,63.40152854,1K4F-alt1B_assembled,B134,2834,0,P14489,FALSE
9,134,A,10.2,67.42276714,1K54-alt1B_assembled,A134,884,0,P14489,FALSE
30,134,B,9.72,49.19315217,1K54-alt1B_assembled,B134,2820,0,P14489,FALSE
51,134,C,10.1,76.13545076,1K54-alt1B_assembled,C134,4750,0,P14489,FALSE
72,134,D,10.35,84.31196924,1K54-alt1B_assembled,D134,6686,0,P14489,FALSE
8,134,A,9.71,49.72931731,1K54-alt1A_assembled,A134,884,0,P14489,FALSE
29,134,B,10.1,86.18854725,1K54-alt1A_assembled,B134,2820,0,P14489,FALSE
50,134,C,10.91,66.61851942,1K54-alt1A_assembled,C134,4750,0,P14489,FALSE
71,134,D,10.19,78.81627649,1K54-alt1A_assembled,D134,6686,0,P14489,FALSE
9,134,A,10.03,40.48046854,1K55-alt1B_assembled,A134,890,0,P14489,FALSE
30,134,B,10.33,72.24825345,1K55-alt1B_assembled,B134,2826,0,P14489,FALSE
51,134,C,9.5,46.37828515,1K55-alt1B_assembled,C134,4762,0,P14489,FALSE
72,134,D,10.16,69.56742772,1K55-alt1B_assembled,D134,6702,0,P14489,FALSE
9,134,A,9.8,36.05710608,1K55-alt1A_assembled,A134,890,0,P14489,FALSE
30,134,B,9.59,45.84212,1K55-alt1A_assembled,B134,2826,0,P14489,FALSE
50,134,C,9.81,49.19315217,1K55-alt1A_assembled,C134,4741,0,P14489,FALSE
69,134,D,10.28,87.39491883,1K55-alt1A_assembled,D134,6656,0,P14489,FALSE
9,134,A,9.96,75.46524433,1K56-alt1B_assembled,A134,884,0,P14489,FALSE
30,134,B,9.88,58.17391836,1K56-alt1B_assembled,B134,2816,0,P14489,FALSE
51,134,C,10.25,67.42276714,1K56-alt1B_assembled,C134,4748,0,P14489,FALSE
9,134,A,10.16,70.50571673,1K56-alt1A_assembled,A134,884,0,P14489,FALSE
30,134,B,9.98,77.07373977,1K56-alt1A_assembled,B134,2816,0,P14489,FALSE
50,134,C,10.02,56.8335055,1K56-alt1A_assembled,C134,4748,0,P14489,FALSE
9,134,A,10.17,55.89521649,1K57-alt1B_assembled,A134,884,0,P14489,FALSE
30,134,B,9.61,60.05049638,1K57-alt1B_assembled,B134,2816,0,P14489,FALSE
51,134,C,10.35,79.62052421,1K57-alt1B_assembled,C134,4746,0,P14489,FALSE
72,134,D,10.17,76.00140948,1K57-alt1B_assembled,D134,6676,0,P14489,FALSE
9,134,A,10.15,56.56542293,1K57-alt1A_assembled,A134,884,0,P14489,FALSE
30,134,B,9.92,68.76318,1K57-alt1A_assembled,B134,2816,0,P14489,FALSE
51,134,C,10.35,79.62052421,1K57-alt1A_assembled,C134,4746,0,P14489,FALSE
72,134,D,10.27,77.7439462,1K57-alt1A_assembled,D134,6676,0,P14489,FALSE
9,134,A,8.83,45.17191357,1K6R-alt-1_assembled,A134,904,0,P14489,FALSE
9,134,A,10.33,69.16530386,1K6S-alt-1_assembled,A134,890,0,P14489,FALSE
29,134,B,10.24,66.48447813,1K6S-alt-1_assembled,B134,2826,0,P14489,FALSE
9,134,A,10.52,73.99079018,2HP5-alt-1_assembled,A134,904,0,P14489,FALSE
30,134,B,10.33,81.09497836,2HP5-alt-1_assembled,B134,2835,0,P14489,FALSE
9,134,A,9.95,50.93568889,2HP6-alt-1_assembled,A134,892,0,P14489,FALSE
30,134,B,9.93,41.8208814,2HP6-alt-1_assembled,B134,2826,0,P14489,FALSE
9,134,A,9.9,47.04849158,2HP9-alt-1_assembled,A134,892,0,P14489,FALSE
30,134,B,9.98,53.75055591,2HP9-alt-1_assembled,B134,2826,0,P14489,FALSE
9,134,A,10.31,62.19515696,2HPB-alt1A_assembled,A134,892,0,P14489,FALSE
30,134,B,9.9,50.53356503,2HPB-alt1A_assembled,B134,2826,0,P14489,FALSE
9,134,A,10.31,62.19515696,2HPB-alt1B_assembled,A134,892,0,P14489,FALSE
30,134,B,9.9,50.53356503,2HPB-alt1B_assembled,B134,2826,0,P14489,FALSE
9,134,A,9.86,52.8122669,2RL3-alt1A_assembled,A134,904,0,P14489,FALSE
30,134,B,9.9,51.47185404,2RL3-alt1A_assembled,B134,2843,0,P14489,FALSE
9,134,A,10.07,46.78040901,2RL3-alt1B_assembled,A134,902,0,P14489,FALSE
30,134,B,9.9,51.47185404,2RL3-alt1B_assembled,B134,2844,0,P14489,FALSE
9,134,A,9.99,68.89722129,2WGI-alt-1_assembled,A134,890,0,P14489,FALSE
30,134,B,10.18,61.65899181,2WGI-alt-1_assembled,B134,2827,0,P14489,FALSE
9,134,A,9.74,50.39952374,2WGV-alt1A_assembled,A134,904,0,P14489,FALSE
30,134,B,9.7,49.59527602,2WGV-alt1A_assembled,B134,2847,0,P14489,FALSE
9,134,A,9.74,50.39952374,2WGV-alt1B_assembled,A134,904,0,P14489,FALSE
30,134,B,9.7,49.59527602,2WGV-alt1B_assembled,B134,2847,0,P14489,FALSE
9,134,A,10.2,56.16329907,2WGW-alt1A_assembled,A134,902,0,P14489,FALSE
30,134,B,9.94,45.84212,2WGW-alt1A_assembled,B134,2848,0,P14489,FALSE
9,134,A,9.94,59.64837252,2WGW-alt1B_assembled,A134,904,0,P14489,FALSE
30,134,B,9.94,45.84212,2WGW-alt1B_assembled,B134,2847,0,P14489,FALSE
8,134,A,9.96,59.11220737,2WKH-alt1A_assembled,A134,889,0,P14489,FALSE
28,134,B,10.02,58.57604222,2WKH-alt1A_assembled,B134,2829,0,P14489,FALSE
8,134,A,9.96,59.11220737,2WKH-alt1B_assembled,A134,889,0,P14489,FALSE
28,134,B,10.02,58.57604222,2WKH-alt1B_assembled,B134,2829,0,P14489,FALSE
8,134,A,9.95,64.60790012,2WKI-alt1A_assembled,A134,889,0,P14489,FALSE
28,134,B,9.97,45.17191357,2WKI-alt1A_assembled,B134,2829,0,P14489,FALSE
8,134,A,9.95,64.60790012,2WKI-alt1B_assembled,A134,889,0,P14489,FALSE
28,134,B,9.97,45.17191357,2WKI-alt1B_assembled,B134,2829,0,P14489,FALSE
9,134,A,11.17,61.65899181,2X01-alt1A_assembled,A134,889,0,P14489,FALSE
30,134,B,10.35,66.88660199,2X01-alt1A_assembled,B134,2832,0,P14489,FALSE
9,134,A,9.82,56.16329907,2X01-alt1B_assembled,A134,891,0,P14489,FALSE
30,134,B,9.54,47.04849158,2X01-alt1B_assembled,B134,2833,0,P14489,FALSE
9,134,A,10.05,62.73132211,2X02-alt1A_assembled,A134,890,0,P14489,FALSE
30,134,B,10.22,69.43338643,2X02-alt1A_assembled,B134,2838,0,P14489,FALSE
9,134,A,11.21,64.07173497,2X02-alt1B_assembled,A134,890,0,P14489,FALSE
30,134,B,10.27,71.57804702,2X02-alt1B_assembled,B134,2838,0,P14489,FALSE
9,134,A,10.18,39.27409696,3LCE-alt1B_assembled,A134,890,0,P14489,FALSE
30,134,B,9.8,71.30996445,3LCE-alt1B_assembled,B134,2826,0,P14489,FALSE
9,134,A,10,39.27409696,3LCE-alt1A_assembled,A134,890,0,P14489,FALSE
30,134,B,10.02,61.7930331,3LCE-alt1A_assembled,B134,2826,0,P14489,FALSE
9,134,A,10.32,88.60129041,4S2O-alt1B_assembled,A134,892,0,P14489,FALSE
30,134,B,9.9,58.30795965,4S2O-alt1B_assembled,B134,2832,0,P14489,FALSE
9,134,A,10.32,88.60129041,4S2O-alt1A_assembled,A134,892,0,P14489,FALSE
30,134,B,9.9,58.30795965,4S2O-alt1A_assembled,B134,2832,0,P14489,FALSE
9,134,A,9.99,48.92506959,4WZ5-alt1B_assembled,A134,890,0,P14489,FALSE
30,134,B,9.81,62.99940468,4WZ5-alt1B_assembled,B134,2822,0,P14489,FALSE
51,134,C,10.12,48.65698702,4WZ5-alt1B_assembled,C134,4756,0,P14489,FALSE
72,134,D,10.13,52.14206047,4WZ5-alt1B_assembled,D134,6696,0,P14489,FALSE
9,134,A,9.66,50.53356503,4WZ5-alt1A_assembled,A134,890,0,P14489,FALSE
30,134,B,9.87,53.75055591,4WZ5-alt1A_assembled,B134,2822,0,P14489,FALSE
51,134,C,10.12,48.65698702,4WZ5-alt1A_assembled,C134,4756,0,P14489,FALSE
72,134,D,10.13,52.14206047,4WZ5-alt1A_assembled,D134,6696,0,P14489,FALSE
4,134,A,10.07,73.7227076,5MNU-alt1B_assembled,A134,891,0,P14489,FALSE
19,134,B,9.97,63.8036524,5MNU-alt1B_assembled,B134,2810,0,P14489,FALSE
4,134,A,10.07,73.7227076,5MNU-alt1A_assembled,A134,891,0,P14489,FALSE
19,134,B,9.97,63.8036524,5MNU-alt1A_assembled,B134,2810,0,P14489,FALSE
4,134,A,10.07,72.65037731,5MOZ-alt1A_assembled,A134,890,0,P14489,FALSE
16,134,B,10.12,65.94831298,5MOZ-alt1A_assembled,B134,2801,0,P14489,FALSE
4,134,A,10.07,72.65037731,5MOZ-alt1B_assembled,A134,890,0,P14489,FALSE
16,134,B,10.12,65.94831298,5MOZ-alt1B_assembled,B134,2801,0,P14489,FALSE
10,137,A,10.39,79.21840035,1E3U-alt1B_assembled,A137,915,0,P14489,FALSE
31,137,B,10.4,77.34182234,1E3U-alt1B_assembled,B137,2836,0,P14489,FALSE
52,137,C,10.03,52.41014304,1E3U-alt1B_assembled,C137,4759,0,P14489,FALSE
73,137,D,10.42,107.3670705,1E3U-alt1B_assembled,D137,6692,0,P14489,FALSE
10,137,A,10.39,79.21840035,1E3U-alt1A_assembled,A137,915,0,P14489,FALSE
31,137,B,10.4,77.34182234,1E3U-alt1A_assembled,B137,2836,0,P14489,FALSE
52,137,C,10.42,80.29073065,1E3U-alt1A_assembled,C137,4759,0,P14489,FALSE
73,137,D,10.38,80.82689579,1E3U-alt1A_assembled,D137,6692,0,P14489,FALSE
10,137,A,10.39,78.01202877,1E4D-alt1A_assembled,A137,913,0,P14489,FALSE
31,137,B,10.36,80.82689579,1E4D-alt1A_assembled,B137,2845,0,P14489,FALSE
10,137,A,10.39,75.59928562,1E4D-alt1B_assembled,A137,913,0,P14489,FALSE
31,137,B,10.38,77.60990491,1E4D-alt1B_assembled,B137,2845,0,P14489,FALSE
9,137,A,10.41,76.93969848,1EWZ-alt-1_assembled,A137,911,0,P14489,FALSE
26,137,B,10.39,69.96955158,1EWZ-alt-1_assembled,B137,2808,0,P14489,FALSE
41,137,C,10.41,79.48648293,1EWZ-alt-1_assembled,C137,4692,0,P14489,FALSE
61,137,D,10.37,76.93969848,1EWZ-alt-1_assembled,D137,6607,0,P14489,FALSE
10,137,A,10.35,69.83551029,1FOF-alt-1_assembled,A137,925,0,P14489,FALSE
31,137,B,10.42,76.40353334,1FOF-alt-1_assembled,B137,2865,0,P14489,FALSE
10,137,A,10.21,61.39090924,1K4F-alt1A_assembled,A137,919,0,P14489,FALSE
31,137,B,10.39,76.13545076,1K4F-alt1A_assembled,B137,2863,0,P14489,FALSE
10,137,A,10.24,62.19515696,1K4F-alt1B_assembled,A137,919,0,P14489,FALSE
30,137,B,10.42,76.67161591,1K4F-alt1B_assembled,B137,2863,0,P14489,FALSE
10,137,A,10.36,77.20778105,1K54-alt1B_assembled,A137,913,0,P14489,FALSE
31,137,B,10.42,86.18854725,1K54-alt1B_assembled,B137,2849,0,P14489,FALSE
52,137,C,10.3,77.87798749,1K54-alt1B_assembled,C137,4779,0,P14489,FALSE
73,137,D,10.38,79.08435907,1K54-alt1B_assembled,D137,6715,0,P14489,FALSE
9,137,A,10.37,73.32058374,1K54-alt1A_assembled,A137,913,0,P14489,FALSE
30,137,B,10.04,69.70146901,1K54-alt1A_assembled,B137,2849,0,P14489,FALSE
51,137,C,10.33,84.58005182,1K54-alt1A_assembled,C137,4779,0,P14489,FALSE
72,137,D,10.42,106.8309054,1K54-alt1A_assembled,D137,6715,0,P14489,FALSE
10,137,A,10.21,53.88459719,1K55-alt1B_assembled,A137,919,0,P14489,FALSE
31,137,B,10.31,67.15468456,1K55-alt1B_assembled,B137,2855,0,P14489,FALSE
52,137,C,10.4,80.55881322,1K55-alt1B_assembled,C137,4791,0,P14489,FALSE
73,137,D,10.09,74.25887275,1K55-alt1B_assembled,D137,6731,0,P14489,FALSE
10,137,A,10.39,77.34182234,1K55-alt1A_assembled,A137,919,0,P14489,FALSE
31,137,B,10.43,85.78642339,1K55-alt1A_assembled,B137,2855,0,P14489,FALSE
51,137,C,10.41,82.03326737,1K55-alt1A_assembled,C137,4770,0,P14489,FALSE
70,137,D,10.42,95.83951989,1K55-alt1A_assembled,D137,6685,0,P14489,FALSE
10,137,A,10.22,65.94831298,1K56-alt1B_assembled,A137,913,0,P14489,FALSE
31,137,B,10.43,88.86937298,1K56-alt1B_assembled,B137,2845,0,P14489,FALSE
52,137,C,9.99,60.18453766,1K56-alt1B_assembled,C137,4777,0,P14489,FALSE
10,137,A,10.39,75.19716176,1K56-alt1A_assembled,A137,913,0,P14489,FALSE
31,137,B,10.41,81.22901965,1K56-alt1A_assembled,B137,2845,0,P14489,FALSE
51,137,C,10.41,100.2628823,1K56-alt1A_assembled,C137,4777,0,P14489,FALSE
10,137,A,10.43,80.42477193,1K57-alt1B_assembled,A137,913,0,P14489,FALSE
31,137,B,10.4,88.7353317,1K57-alt1B_assembled,B137,2845,0,P14489,FALSE
52,137,C,10.23,63.13344597,1K57-alt1B_assembled,C137,4775,0,P14489,FALSE
73,137,D,10.29,88.60129041,1K57-alt1B_assembled,D137,6705,0,P14489,FALSE
10,137,A,10.39,76.67161591,1K57-alt1A_assembled,A137,913,0,P14489,FALSE
31,137,B,10.37,73.85674889,1K57-alt1A_assembled,B137,2845,0,P14489,FALSE
52,137,C,10.23,63.13344597,1K57-alt1A_assembled,C137,4775,0,P14489,FALSE
73,137,D,10.4,88.7353317,1K57-alt1A_assembled,D137,6705,0,P14489,FALSE
10,137,A,10.36,76.93969848,1K6R-alt-1_assembled,A137,933,0,P14489,FALSE
10,137,A,10.35,62.32919825,1K6S-alt-1_assembled,A137,919,0,P14489,FALSE
30,137,B,10.41,76.13545076,1K6S-alt-1_assembled,B137,2855,0,P14489,FALSE
10,137,A,10.28,65.14406526,2HP5-alt-1_assembled,A137,933,0,P14489,FALSE
31,137,B,10.39,91.01403357,2HP5-alt-1_assembled,B137,2864,0,P14489,FALSE
10,137,A,10.35,72.7844186,2HP6-alt-1_assembled,A137,921,0,P14489,FALSE
31,137,B,10.4,74.52695532,2HP6-alt-1_assembled,B137,2855,0,P14489,FALSE
10,137,A,10.39,72.24825345,2HP9-alt-1_assembled,A137,921,0,P14489,FALSE
31,137,B,10.38,74.25887275,2HP9-alt-1_assembled,B137,2855,0,P14489,FALSE
10,137,A,10.35,72.51633603,2HPB-alt1A_assembled,A137,921,0,P14489,FALSE
31,137,B,10.41,77.47586363,2HPB-alt1A_assembled,B137,2855,0,P14489,FALSE
10,137,A,10.35,72.51633603,2HPB-alt1B_assembled,A137,921,0,P14489,FALSE
31,137,B,10.41,77.47586363,2HPB-alt1B_assembled,B137,2855,0,P14489,FALSE
10,137,A,10.4,80.96093708,2RL3-alt1A_assembled,A137,933,0,P14489,FALSE
31,137,B,10.29,67.28872585,2RL3-alt1A_assembled,B137,2872,0,P14489,FALSE
10,137,A,10.34,66.08235427,2RL3-alt1B_assembled,A137,931,0,P14489,FALSE
31,137,B,10.29,67.28872585,2RL3-alt1B_assembled,B137,2873,0,P14489,FALSE
10,137,A,10.39,68.62913872,2WGI-alt-1_assembled,A137,919,0,P14489,FALSE
31,137,B,10.41,83.23963895,2WGI-alt-1_assembled,B137,2856,0,P14489,FALSE
10,137,A,10.35,69.03126257,2WGV-alt1A_assembled,A137,933,0,P14489,FALSE
31,137,B,10.43,76.80565719,2WGV-alt1A_assembled,B137,2876,0,P14489,FALSE
10,137,A,10.35,69.03126257,2WGV-alt1B_assembled,A137,933,0,P14489,FALSE
31,137,B,10.43,76.80565719,2WGV-alt1B_assembled,B137,2876,0,P14489,FALSE
10,137,A,10.17,46.24424386,2WGW-alt1A_assembled,A137,931,0,P14489,FALSE
31,137,B,10.4,80.15668936,2WGW-alt1A_assembled,B137,2877,0,P14489,FALSE
10,137,A,10.35,60.31857895,2WGW-alt1B_assembled,A137,933,0,P14489,FALSE
31,137,B,10.4,80.15668936,2WGW-alt1B_assembled,B137,2876,0,P14489,FALSE
9,137,A,10.37,73.18654246,2WKH-alt1A_assembled,A137,918,0,P14489,FALSE
29,137,B,10.4,76.67161591,2WKH-alt1A_assembled,B137,2858,0,P14489,FALSE
9,137,A,10.37,73.18654246,2WKH-alt1B_assembled,A137,918,0,P14489,FALSE
29,137,B,10.4,76.67161591,2WKH-alt1B_assembled,B137,2858,0,P14489,FALSE
9,137,A,10.36,77.34182234,2WKI-alt1A_assembled,A137,918,0,P14489,FALSE
29,137,B,10.39,70.23763415,2WKI-alt1A_assembled,B137,2858,0,P14489,FALSE
9,137,A,10.36,77.34182234,2WKI-alt1B_assembled,A137,918,0,P14489,FALSE
29,137,B,10.39,70.23763415,2WKI-alt1B_assembled,B137,2858,0,P14489,FALSE
10,137,A,10.14,54.01863848,2X01-alt1A_assembled,A137,918,0,P14489,FALSE
31,137,B,10.36,79.88860679,2X01-alt1A_assembled,B137,2861,0,P14489,FALSE
10,137,A,10.13,54.8228862,2X01-alt1B_assembled,A137,920,0,P14489,FALSE
31,137,B,10.41,82.43539123,2X01-alt1B_assembled,B137,2862,0,P14489,FALSE
10,137,A,10.32,57.50371193,2X02-alt1A_assembled,A137,919,0,P14489,FALSE
31,137,B,10.36,69.43338643,2X02-alt1A_assembled,B137,2867,0,P14489,FALSE
10,137,A,10.32,61.39090924,2X02-alt1B_assembled,A137,919,0,P14489,FALSE
31,137,B,10.41,78.14607006,2X02-alt1B_assembled,B137,2867,0,P14489,FALSE
10,137,A,10.05,48.12082187,3LCE-alt1B_assembled,A137,919,0,P14489,FALSE
31,137,B,10.34,74.66099661,3LCE-alt1B_assembled,B137,2855,0,P14489,FALSE
10,137,A,10.41,79.88860679,3LCE-alt1A_assembled,A137,919,0,P14489,FALSE
31,137,B,10.36,80.69285451,3LCE-alt1A_assembled,B137,2855,0,P14489,FALSE
10,137,A,10.39,95.57143731,4S2O-alt1B_assembled,A137,921,0,P14489,FALSE
31,137,B,10.42,90.745951,4S2O-alt1B_assembled,B137,2861,0,P14489,FALSE
10,137,A,10.39,95.57143731,4S2O-alt1A_assembled,A137,921,0,P14489,FALSE
31,137,B,10.42,90.745951,4S2O-alt1A_assembled,B137,2861,0,P14489,FALSE
10,137,A,10.24,56.29734035,4WZ5-alt1B_assembled,A137,919,0,P14489,FALSE
31,137,B,10.39,84.31196924,4WZ5-alt1B_assembled,B137,2851,0,P14489,FALSE
52,137,C,10.42,80.96093708,4WZ5-alt1B_assembled,C137,4785,0,P14489,FALSE
73,137,D,10.42,92.75657029,4WZ5-alt1B_assembled,D137,6725,0,P14489,FALSE
10,137,A,10.15,50.26548246,4WZ5-alt1A_assembled,A137,919,0,P14489,FALSE
31,137,B,10.37,84.31196924,4WZ5-alt1A_assembled,B137,2851,0,P14489,FALSE
52,137,C,10.42,80.96093708,4WZ5-alt1A_assembled,C137,4785,0,P14489,FALSE
73,137,D,10.42,92.75657029,4WZ5-alt1A_assembled,D137,6725,0,P14489,FALSE
5,137,A,10.37,80.55881322,5MNU-alt1B_assembled,A137,920,0,P14489,FALSE
20,137,B,10.42,91.95232258,5MNU-alt1B_assembled,B137,2839,0,P14489,FALSE
5,137,A,10.37,80.55881322,5MNU-alt1A_assembled,A137,920,0,P14489,FALSE
20,137,B,10.42,91.95232258,5MNU-alt1A_assembled,B137,2839,0,P14489,FALSE
5,137,A,10.36,77.7439462,5MOZ-alt1A_assembled,A137,919,0,P14489,FALSE
5,137,A,10.36,96.6437676,5MOZ-alt1B_assembled,A137,919,0,P14489,FALSE
11,138,A,10.32,61.65899181,1E3U-alt1B_assembled,A138,924,0,P14489,FALSE
32,138,B,10.33,69.43338643,1E3U-alt1B_assembled,B138,2845,0,P14489,FALSE
53,138,C,9.7,42.08896398,1E3U-alt1B_assembled,C138,4768,0,P14489,FALSE
74,138,D,9.71,57.36967064,1E3U-alt1B_assembled,D138,6701,0,P14489,FALSE
11,138,A,10.32,61.65899181,1E3U-alt1A_assembled,A138,924,0,P14489,FALSE
32,138,B,10.33,69.43338643,1E3U-alt1A_assembled,B138,2845,0,P14489,FALSE
53,138,C,9.63,34.18052807,1E3U-alt1A_assembled,C138,4768,0,P14489,FALSE
74,138,D,10.27,44.09958328,1E3U-alt1A_assembled,D138,6701,0,P14489,FALSE
11,138,A,9.2,45.70807871,1E4D-alt1A_assembled,A138,922,0,P14489,FALSE
32,138,B,10.2,48.12082187,1E4D-alt1A_assembled,B138,2854,0,P14489,FALSE
11,138,A,10,38.06772538,1E4D-alt1B_assembled,A138,922,0,P14489,FALSE
32,138,B,10.29,66.7525607,1E4D-alt1B_assembled,B138,2854,0,P14489,FALSE
10,138,A,10.34,51.73993661,1EWZ-alt-1_assembled,A138,920,0,P14489,FALSE
27,138,B,10.32,48.79102831,1EWZ-alt-1_assembled,B138,2817,0,P14489,FALSE
42,138,C,10.24,51.8739779,1EWZ-alt-1_assembled,C138,4701,0,P14489,FALSE
62,138,D,10.13,39.27409696,1EWZ-alt-1_assembled,D138,6616,0,P14489,FALSE
11,138,A,10.29,44.50170714,1FOF-alt-1_assembled,A138,934,0,P14489,FALSE
32,138,B,10.21,48.79102831,1FOF-alt-1_assembled,B138,2874,0,P14489,FALSE
11,138,A,9.82,36.19114737,1K4F-alt1A_assembled,A138,928,0,P14489,FALSE
32,138,B,10.11,35.9230648,1K4F-alt1A_assembled,B138,2872,0,P14489,FALSE
11,138,A,9.97,47.45061544,1K4F-alt1B_assembled,A138,928,0,P14489,FALSE
31,138,B,10.39,23.85934901,1K4F-alt1B_assembled,B138,2872,0,P14489,FALSE
11,138,A,9.96,43.16129427,1K54-alt1B_assembled,A138,922,0,P14489,FALSE
32,138,B,10.45,59.7824138,1K54-alt1B_assembled,B138,2858,0,P14489,FALSE
53,138,C,10.46,69.29934515,1K54-alt1B_assembled,C138,4788,0,P14489,FALSE
74,138,D,10.17,58.30795965,1K54-alt1B_assembled,D138,6724,0,P14489,FALSE
10,138,A,10.2,35.65498222,1K54-alt1A_assembled,A138,922,0,P14489,FALSE
31,138,B,10.29,65.68023041,1K54-alt1A_assembled,B138,2858,0,P14489,FALSE
52,138,C,9.18,41.15067497,1K54-alt1A_assembled,C138,4788,0,P14489,FALSE
73,138,D,9.89,56.02925778,1K54-alt1A_assembled,D138,6724,0,P14489,FALSE
11,138,A,10.42,43.16129427,1K55-alt1B_assembled,A138,928,0,P14489,FALSE
32,138,B,9.9,57.23562936,1K55-alt1B_assembled,B138,2864,0,P14489,FALSE
53,138,C,10.24,36.72731252,1K55-alt1B_assembled,C138,4800,0,P14489,FALSE
74,138,D,9.54,36.72731252,1K55-alt1B_assembled,D138,6740,0,P14489,FALSE
11,138,A,10.07,52.14206047,1K55-alt1A_assembled,A138,928,0,P14489,FALSE
32,138,B,10.27,47.71869801,1K55-alt1A_assembled,B138,2864,0,P14489,FALSE
52,138,C,10.21,43.29533556,1K55-alt1A_assembled,C138,4779,0,P14489,FALSE
71,138,D,10.2,53.21439076,1K55-alt1A_assembled,D138,6694,0,P14489,FALSE
11,138,A,10.54,58.57604222,1K56-alt1B_assembled,A138,922,0,P14489,FALSE
32,138,B,10.29,52.14206047,1K56-alt1B_assembled,B138,2854,0,P14489,FALSE
53,138,C,9.61,39.54217953,1K56-alt1B_assembled,C138,4786,0,P14489,FALSE
11,138,A,10.23,64.47385883,1K56-alt1A_assembled,A138,922,0,P14489,FALSE
32,138,B,10.43,50.66760632,1K56-alt1A_assembled,B138,2854,0,P14489,FALSE
52,138,C,9.75,39.67622082,1K56-alt1A_assembled,C138,4786,0,P14489,FALSE
11,138,A,10.52,47.31657415,1K57-alt1B_assembled,A138,922,0,P14489,FALSE
32,138,B,10,48.65698702,1K57-alt1B_assembled,B138,2854,0,P14489,FALSE
53,138,C,9.38,19.30194526,1K57-alt1B_assembled,C138,4784,0,P14489,FALSE
74,138,D,9.78,48.25486316,1K57-alt1B_assembled,D138,6714,0,P14489,FALSE
11,138,A,9.95,44.76978971,1K57-alt1A_assembled,A138,922,0,P14489,FALSE
32,138,B,10.24,52.94630819,1K57-alt1A_assembled,B138,2854,0,P14489,FALSE
53,138,C,9.38,19.30194526,1K57-alt1A_assembled,C138,4784,0,P14489,FALSE
74,138,D,9.79,61.65899181,1K57-alt1A_assembled,D138,6714,0,P14489,FALSE
11,138,A,11.25,48.65698702,1K6R-alt-1_assembled,A138,942,0,P14489,FALSE
11,138,A,9.96,35.65498222,1K6S-alt-1_assembled,A138,928,0,P14489,FALSE
31,138,B,9.95,47.58465673,1K6S-alt-1_assembled,B138,2864,0,P14489,FALSE
11,138,A,9.9,52.14206047,2HP5-alt-1_assembled,A138,942,0,P14489,FALSE
32,138,B,9.7,41.01663369,2HP5-alt-1_assembled,B138,2873,0,P14489,FALSE
11,138,A,10.3,47.58465673,2HP6-alt-1_assembled,A138,930,0,P14489,FALSE
32,138,B,10.28,43.69745942,2HP6-alt-1_assembled,B138,2864,0,P14489,FALSE
11,138,A,10.27,43.8315007,2HP9-alt-1_assembled,A138,930,0,P14489,FALSE
32,138,B,10.28,41.15067497,2HP9-alt-1_assembled,B138,2864,0,P14489,FALSE
11,138,A,9.96,36.45922994,2HPB-alt1A_assembled,A138,930,0,P14489,FALSE
32,138,B,10.24,33.77840421,2HPB-alt1A_assembled,B138,2864,0,P14489,FALSE
11,138,A,9.96,36.45922994,2HPB-alt1B_assembled,A138,930,0,P14489,FALSE
32,138,B,10.25,40.74855111,2HPB-alt1B_assembled,B138,2864,0,P14489,FALSE
11,138,A,10.19,42.8932117,2RL3-alt1A_assembled,A138,942,0,P14489,FALSE
32,138,B,10.29,57.23562936,2RL3-alt1A_assembled,B138,2881,0,P14489,FALSE
11,138,A,9.73,42.8932117,2RL3-alt1B_assembled,A138,940,0,P14489,FALSE
32,138,B,10.29,57.23562936,2RL3-alt1B_assembled,B138,2882,0,P14489,FALSE
11,138,A,10.21,39.14005567,2WGI-alt-1_assembled,A138,928,0,P14489,FALSE
32,138,B,9.81,48.38890445,2WGI-alt-1_assembled,B138,2865,0,P14489,FALSE
11,138,A,10.14,46.51232643,2WGV-alt1A_assembled,A138,942,0,P14489,FALSE
32,138,B,10.15,38.73793181,2WGV-alt1A_assembled,B138,2885,0,P14489,FALSE
11,138,A,10.14,46.51232643,2WGV-alt1B_assembled,A138,942,0,P14489,FALSE
32,138,B,10.15,38.73793181,2WGV-alt1B_assembled,B138,2885,0,P14489,FALSE
11,138,A,10.18,54.28672105,2WGW-alt1A_assembled,A138,940,0,P14489,FALSE
32,138,B,10.16,43.42937684,2WGW-alt1A_assembled,B138,2886,0,P14489,FALSE
11,138,A,10.27,49.8633586,2WGW-alt1B_assembled,A138,942,0,P14489,FALSE
32,138,B,10.16,39.00601439,2WGW-alt1B_assembled,B138,2885,0,P14489,FALSE
10,138,A,10.3,59.24624866,2WKH-alt1A_assembled,A138,927,0,P14489,FALSE
30,138,B,10.31,48.65698702,2WKH-alt1A_assembled,B138,2867,0,P14489,FALSE
10,138,A,10.3,59.24624866,2WKH-alt1B_assembled,A138,927,0,P14489,FALSE
30,138,B,10.3,44.903831,2WKH-alt1B_assembled,B138,2867,0,P14489,FALSE
10,138,A,10.29,55.89521649,2WKI-alt1A_assembled,A138,927,0,P14489,FALSE
30,138,B,10.28,56.96754679,2WKI-alt1A_assembled,B138,2867,0,P14489,FALSE
10,138,A,10.29,55.89521649,2WKI-alt1B_assembled,A138,927,0,P14489,FALSE
30,138,B,10.28,56.96754679,2WKI-alt1B_assembled,B138,2867,0,P14489,FALSE
11,138,A,8.78,23.59126643,2X01-alt1A_assembled,A138,927,0,P14489,FALSE
32,138,B,9.84,47.8527393,2X01-alt1A_assembled,B138,2870,0,P14489,FALSE
11,138,A,10.16,36.99539509,2X01-alt1B_assembled,A138,929,0,P14489,FALSE
32,138,B,10.47,49.32719345,2X01-alt1B_assembled,B138,2871,0,P14489,FALSE
11,138,A,10.43,41.41875754,2X02-alt1A_assembled,A138,928,0,P14489,FALSE
32,138,B,8.87,26.40613345,2X02-alt1A_assembled,B138,2876,0,P14489,FALSE
11,138,A,8.91,42.62512912,2X02-alt1B_assembled,A138,928,0,P14489,FALSE
32,138,B,10.08,44.23362456,2X02-alt1B_assembled,B138,2876,0,P14489,FALSE
11,138,A,9.51,34.18052807,3LCE-alt1B_assembled,A138,928,0,P14489,FALSE
32,138,B,10.19,57.50371193,3LCE-alt1B_assembled,B138,2864,0,P14489,FALSE
11,138,A,10.36,53.88459719,3LCE-alt1A_assembled,A138,928,0,P14489,FALSE
32,138,B,10.35,35.78902351,3LCE-alt1A_assembled,B138,2864,0,P14489,FALSE
11,138,A,9.97,54.68884491,4S2O-alt1B_assembled,A138,930,0,P14489,FALSE
32,138,B,10.28,51.73993661,4S2O-alt1B_assembled,B138,2870,0,P14489,FALSE
11,138,A,9.97,54.68884491,4S2O-alt1A_assembled,A138,930,0,P14489,FALSE
32,138,B,10.28,51.73993661,4S2O-alt1A_assembled,B138,2870,0,P14489,FALSE
11,138,A,9.69,38.8719731,4WZ5-alt1B_assembled,A138,928,0,P14489,FALSE
32,138,B,10.24,50.26548246,4WZ5-alt1B_assembled,B138,2860,0,P14489,FALSE
53,138,C,9.9,47.71869801,4WZ5-alt1B_assembled,C138,4794,0,P14489,FALSE
74,138,D,9.91,51.20377146,4WZ5-alt1B_assembled,D138,6734,0,P14489,FALSE
11,138,A,10.32,53.88459719,4WZ5-alt1A_assembled,A138,928,0,P14489,FALSE
32,138,B,10.23,41.15067497,4WZ5-alt1A_assembled,B138,2860,0,P14489,FALSE
53,138,C,9.9,47.71869801,4WZ5-alt1A_assembled,C138,4794,0,P14489,FALSE
74,138,D,9.91,51.20377146,4WZ5-alt1A_assembled,D138,6734,0,P14489,FALSE
6,138,A,10.31,54.01863848,5MNU-alt1B_assembled,A138,929,0,P14489,FALSE
21,138,B,10.31,53.48247333,5MNU-alt1B_assembled,B138,2848,0,P14489,FALSE
6,138,A,10.29,48.38890445,5MNU-alt1A_assembled,A138,929,0,P14489,FALSE
21,138,B,10.31,53.48247333,5MNU-alt1A_assembled,B138,2848,0,P14489,FALSE
6,138,A,10.3,47.98678059,5MOZ-alt1A_assembled,A138,928,0,P14489,FALSE
6,138,A,10.31,55.49309263,5MOZ-alt1B_assembled,A138,928,0,P14489,FALSE
12,152,A,11.31,51.06973018,1E3U-alt1B_assembled,A152,1029,0,P14489,FALSE
33,152,B,10.66,47.04849158,1E3U-alt1B_assembled,B152,2950,0,P14489,FALSE
54,152,C,10.86,62.46323953,1E3U-alt1B_assembled,C152,4873,0,P14489,FALSE
75,152,D,10.85,55.76117521,1E3U-alt1B_assembled,D152,6806,0,P14489,FALSE
12,152,A,11.28,51.06973018,1E3U-alt1A_assembled,A152,1029,0,P14489,FALSE
33,152,B,10.66,47.04849158,1E3U-alt1A_assembled,B152,2950,0,P14489,FALSE
54,152,C,10.87,55.09096877,1E3U-alt1A_assembled,C152,4873,0,P14489,FALSE
75,152,D,11.19,45.84212,1E3U-alt1A_assembled,D152,6806,0,P14489,FALSE
12,152,A,10.34,35.38689965,1E4D-alt1A_assembled,A152,1027,0,P14489,FALSE
33,152,B,11.1,36.59327123,1E4D-alt1A_assembled,B152,2959,0,P14489,FALSE
12,152,A,10.91,64.20577626,1E4D-alt1B_assembled,A152,1027,0,P14489,FALSE
33,152,B,10.88,60.45262024,1E4D-alt1B_assembled,B152,2959,0,P14489,FALSE
11,152,A,10.48,67.42276714,1EWZ-alt-1_assembled,A152,1025,0,P14489,FALSE
43,152,C,10.76,44.09958328,1EWZ-alt-1_assembled,C152,4806,0,P14489,FALSE
63,152,D,10.65,64.20577626,1EWZ-alt-1_assembled,D152,6721,0,P14489,FALSE
12,152,A,10.88,39.27409696,1FOF-alt-1_assembled,A152,1039,0,P14489,FALSE
33,152,B,10.98,45.57403743,1FOF-alt-1_assembled,B152,2979,0,P14489,FALSE
12,152,A,10.37,29.8912069,1K4F-alt1A_assembled,A152,1033,0,P14489,FALSE
33,152,B,10.88,55.22501006,1K4F-alt1A_assembled,B152,2977,0,P14489,FALSE
12,152,A,10.73,31.49970234,1K4F-alt1B_assembled,A152,1033,0,P14489,FALSE
32,152,B,11.14,43.16129427,1K4F-alt1B_assembled,B152,2977,0,P14489,FALSE
12,152,A,9.58,14.87858281,1K54-alt1B_assembled,A152,1027,0,P14489,FALSE
33,152,B,11.54,51.06973018,1K54-alt1B_assembled,B152,2963,0,P14489,FALSE
54,152,C,11.29,58.17391836,1K54-alt1B_assembled,C152,4893,0,P14489,FALSE
75,152,D,11.06,59.91645509,1K54-alt1B_assembled,D152,6829,0,P14489,FALSE
11,152,A,11.05,22.25085357,1K54-alt1A_assembled,A152,1027,0,P14489,FALSE
32,152,B,10.87,50.93568889,1K54-alt1A_assembled,B152,2963,0,P14489,FALSE
53,152,C,10.88,48.52294573,1K54-alt1A_assembled,C152,4893,0,P14489,FALSE
74,152,D,10.47,48.52294573,1K54-alt1A_assembled,D152,6829,0,P14489,FALSE
12,152,A,11.34,49.46123474,1K55-alt1B_assembled,A152,1033,0,P14489,FALSE
33,152,B,10.83,55.35905135,1K55-alt1B_assembled,B152,2969,0,P14489,FALSE
54,152,C,10.01,29.75716561,1K55-alt1B_assembled,C152,4905,0,P14489,FALSE
75,152,D,10.69,49.99739988,1K55-alt1B_assembled,D152,6845,0,P14489,FALSE
12,152,A,10.32,50.8016476,1K55-alt1A_assembled,A152,1033,0,P14489,FALSE
33,152,B,11.23,34.44861064,1K55-alt1A_assembled,B152,2969,0,P14489,FALSE
53,152,C,10.78,46.91445029,1K55-alt1A_assembled,C152,4884,0,P14489,FALSE
72,152,D,10.78,58.44200094,1K55-alt1A_assembled,D152,6799,0,P14489,FALSE
12,152,A,11.53,23.45722515,1K56-alt1B_assembled,A152,1027,0,P14489,FALSE
33,152,B,11.03,44.23362456,1K56-alt1B_assembled,B152,2959,0,P14489,FALSE
54,152,C,10.58,52.54418433,1K56-alt1B_assembled,C152,4891,0,P14489,FALSE
12,152,A,10.84,56.69946421,1K56-alt1A_assembled,A152,1027,0,P14489,FALSE
33,152,B,10.74,82.7034738,1K56-alt1A_assembled,B152,2959,0,P14489,FALSE
53,152,C,10.63,42.75917041,1K56-alt1A_assembled,C152,4891,0,P14489,FALSE
12,152,A,10.79,29.8912069,1K57-alt1B_assembled,A152,1027,0,P14489,FALSE
33,152,B,10.91,44.09958328,1K57-alt1B_assembled,B152,2959,0,P14489,FALSE
54,152,C,11.16,46.11020257,1K57-alt1B_assembled,C152,4889,0,P14489,FALSE
75,152,D,10.76,53.75055591,1K57-alt1B_assembled,D152,6819,0,P14489,FALSE
12,152,A,10.66,35.9230648,1K57-alt1A_assembled,A152,1027,0,P14489,FALSE
33,152,B,10.7,49.8633586,1K57-alt1A_assembled,B152,2959,0,P14489,FALSE
54,152,C,11.16,46.11020257,1K57-alt1A_assembled,C152,4889,0,P14489,FALSE
75,152,D,11.56,58.03987708,1K57-alt1A_assembled,D152,6819,0,P14489,FALSE
12,152,A,10.8,45.43999614,1K6R-alt-1_assembled,A152,1047,0,P14489,FALSE
12,152,A,10.85,47.04849158,1K6S-alt-1_assembled,A152,1033,0,P14489,FALSE
32,152,B,10.86,51.33781275,1K6S-alt-1_assembled,B152,2969,0,P14489,FALSE
12,152,A,10.35,54.28672105,2HP5-alt-1_assembled,A152,1047,0,P14489,FALSE
33,152,B,10.32,75.7333269,2HP5-alt-1_assembled,B152,2978,0,P14489,FALSE
12,152,A,10.76,47.31657415,2HP6-alt-1_assembled,A152,1035,0,P14489,FALSE
33,152,B,10.86,44.36766585,2HP6-alt-1_assembled,B152,2969,0,P14489,FALSE
12,152,A,10.74,42.62512912,2HP9-alt-1_assembled,A152,1035,0,P14489,FALSE
33,152,B,10.8,48.65698702,2HP9-alt-1_assembled,B152,2969,0,P14489,FALSE
12,152,A,10.83,45.17191357,2HPB-alt1A_assembled,A152,1035,0,P14489,FALSE
33,152,B,10.82,44.36766585,2HPB-alt1A_assembled,B152,2969,0,P14489,FALSE
12,152,A,10.83,45.17191357,2HPB-alt1B_assembled,A152,1035,0,P14489,FALSE
33,152,B,10.82,44.36766585,2HPB-alt1B_assembled,B152,2969,0,P14489,FALSE
12,152,A,10.71,44.63574842,2RL3-alt1A_assembled,A152,1047,0,P14489,FALSE
33,152,B,10.63,52.67822562,2RL3-alt1A_assembled,B152,2986,0,P14489,FALSE
12,152,A,10.79,60.18453766,2RL3-alt1B_assembled,A152,1045,0,P14489,FALSE
33,152,B,10.63,52.67822562,2RL3-alt1B_assembled,B152,2987,0,P14489,FALSE
12,152,A,9.49,49.59527602,2WGI-alt-1_assembled,A152,1033,0,P14489,FALSE
33,152,B,10.72,57.63775322,2WGI-alt-1_assembled,B152,2970,0,P14489,FALSE
12,152,A,10.82,47.45061544,2WGV-alt1A_assembled,A152,1047,0,P14489,FALSE
33,152,B,10.82,42.49108784,2WGV-alt1A_assembled,B152,2990,0,P14489,FALSE
12,152,A,10.82,47.45061544,2WGV-alt1B_assembled,A152,1047,0,P14489,FALSE
33,152,B,10.82,42.49108784,2WGV-alt1B_assembled,B152,2990,0,P14489,FALSE
12,152,A,11.11,43.16129427,2WGW-alt1A_assembled,A152,1045,0,P14489,FALSE
33,152,B,11.41,40.07834468,2WGW-alt1A_assembled,B152,2991,0,P14489,FALSE
12,152,A,10.65,38.46984924,2WGW-alt1B_assembled,A152,1047,0,P14489,FALSE
33,152,B,11.41,40.07834468,2WGW-alt1B_assembled,B152,2990,0,P14489,FALSE
11,152,A,10.95,45.03787228,2WKH-alt1A_assembled,A152,1032,0,P14489,FALSE
31,152,B,10.76,35.25285836,2WKH-alt1A_assembled,B152,2972,0,P14489,FALSE
11,152,A,10.95,45.03787228,2WKH-alt1B_assembled,A152,1032,0,P14489,FALSE
31,152,B,10.76,35.25285836,2WKH-alt1B_assembled,B152,2972,0,P14489,FALSE
11,152,A,10.8,44.09958328,2WKI-alt1A_assembled,A152,1032,0,P14489,FALSE
31,152,B,10.79,41.28471626,2WKI-alt1A_assembled,B152,2972,0,P14489,FALSE
11,152,A,10.8,44.09958328,2WKI-alt1B_assembled,A152,1032,0,P14489,FALSE
31,152,B,10.79,41.28471626,2WKI-alt1B_assembled,B152,2972,0,P14489,FALSE
12,152,A,10.81,52.00801918,2X01-alt1A_assembled,A152,1032,0,P14489,FALSE
33,152,B,10.67,49.19315217,2X01-alt1A_assembled,B152,2975,0,P14489,FALSE
12,152,A,10.66,39.67622082,2X01-alt1B_assembled,A152,1034,0,P14489,FALSE
33,152,B,10.8,60.31857895,2X01-alt1B_assembled,B152,2976,0,P14489,FALSE
12,152,A,11.3,32.30395006,2X02-alt1A_assembled,A152,1033,0,P14489,FALSE
33,152,B,10.89,58.57604222,2X02-alt1A_assembled,B152,2981,0,P14489,FALSE
12,152,A,11.13,32.84011521,2X02-alt1B_assembled,A152,1033,0,P14489,FALSE
33,152,B,11.2,61.7930331,2X02-alt1B_assembled,B152,2981,0,P14489,FALSE
12,152,A,10.91,60.45262024,3LCE-alt1B_assembled,A152,1033,0,P14489,FALSE
33,152,B,9.99,31.9018262,3LCE-alt1B_assembled,B152,2969,0,P14489,FALSE
12,152,A,11.44,39.54217953,3LCE-alt1A_assembled,A152,1033,0,P14489,FALSE
33,152,B,10.87,53.75055591,3LCE-alt1A_assembled,B152,2969,0,P14489,FALSE
12,152,A,10.81,45.43999614,4S2O-alt1B_assembled,A152,1035,0,P14489,FALSE
33,152,B,11.04,39.81026211,4S2O-alt1B_assembled,B152,2975,0,P14489,FALSE
12,152,A,10.81,45.43999614,4S2O-alt1A_assembled,A152,1035,0,P14489,FALSE
33,152,B,11.04,39.81026211,4S2O-alt1A_assembled,B152,2975,0,P14489,FALSE
12,152,A,10.84,33.77840421,4WZ5-alt1B_assembled,A152,1033,0,P14489,FALSE
33,152,B,11.02,47.98678059,4WZ5-alt1B_assembled,B152,2965,0,P14489,FALSE
54,152,C,10.77,40.8825924,4WZ5-alt1B_assembled,C152,4899,0,P14489,FALSE
75,152,D,10.76,42.49108784,4WZ5-alt1B_assembled,D152,6839,0,P14489,FALSE
12,152,A,10.69,14.07433509,4WZ5-alt1A_assembled,A152,1033,0,P14489,FALSE
33,152,B,10.81,57.63775322,4WZ5-alt1A_assembled,B152,2965,0,P14489,FALSE
54,152,C,10.77,40.8825924,4WZ5-alt1A_assembled,C152,4899,0,P14489,FALSE
75,152,D,10.76,42.49108784,4WZ5-alt1A_assembled,D152,6839,0,P14489,FALSE
7,152,A,10.64,36.05710608,5MNU-alt1B_assembled,A152,1034,0,P14489,FALSE
22,152,B,10.86,47.71869801,5MNU-alt1B_assembled,B152,2953,0,P14489,FALSE
7,152,A,10.64,36.05710608,5MNU-alt1A_assembled,A152,1034,0,P14489,FALSE
22,152,B,10.85,47.71869801,5MNU-alt1A_assembled,B152,2953,0,P14489,FALSE
7,152,A,10.64,35.52094094,5MOZ-alt1A_assembled,A152,1033,0,P14489,FALSE
17,152,B,10.85,49.05911088,5MOZ-alt1A_assembled,B152,2942,0,P14489,FALSE
7,152,A,10.64,35.52094094,5MOZ-alt1B_assembled,A152,1033,0,P14489,FALSE
17,152,B,10.85,49.05911088,5MOZ-alt1B_assembled,B152,2942,0,P14489,FALSE
13,177,A,10.42,66.88660199,1E3U-alt1B_assembled,A177,1241,0,P14489,FALSE
55,177,C,10.49,71.30996445,1E3U-alt1B_assembled,C177,5085,0,P14489,FALSE
76,177,D,10.41,77.87798749,1E3U-alt1B_assembled,D177,7018,0,P14489,FALSE
13,177,A,10.43,66.88660199,1E3U-alt1A_assembled,A177,1241,0,P14489,FALSE
34,177,B,10.39,79.7545655,1E3U-alt1A_assembled,B177,3162,0,P14489,FALSE
55,177,C,10.43,71.57804702,1E3U-alt1A_assembled,C177,5085,0,P14489,FALSE
76,177,D,10.45,68.89722129,1E3U-alt1A_assembled,D177,7018,0,P14489,FALSE
13,177,A,10.38,65.94831298,1E4D-alt1A_assembled,A177,1239,0,P14489,FALSE
34,177,B,10.2,58.30795965,1E4D-alt1A_assembled,B177,3171,0,P14489,FALSE
13,177,A,10.39,69.03126257,1E4D-alt1B_assembled,A177,1239,0,P14489,FALSE
34,177,B,10.59,56.56542293,1E4D-alt1B_assembled,B177,3171,0,P14489,FALSE
12,177,A,10.38,63.40152854,1EWZ-alt-1_assembled,A177,1233,0,P14489,FALSE
44,177,C,10.43,67.824891,1EWZ-alt-1_assembled,C177,5018,0,P14489,FALSE
64,177,D,10.39,59.7824138,1EWZ-alt-1_assembled,D177,6933,0,P14489,FALSE
13,177,A,10.42,63.26748725,1FOF-alt-1_assembled,A177,1251,0,P14489,FALSE
34,177,B,10.4,70.10359287,1FOF-alt-1_assembled,B177,3191,0,P14489,FALSE
34,177,B,10.27,60.45262024,1K4F-alt1A_assembled,B177,3189,0,P14489,FALSE
33,177,B,10.43,62.06111567,1K4F-alt1B_assembled,B177,3189,0,P14489,FALSE
13,177,A,10.26,58.30795965,1K54-alt1B_assembled,A177,1239,0,P14489,FALSE
34,177,B,9.5,44.50170714,1K54-alt1B_assembled,B177,3175,0,P14489,FALSE
55,177,C,10.38,70.7737993,1K54-alt1B_assembled,C177,5105,0,P14489,FALSE
76,177,D,10.6,63.26748725,1K54-alt1B_assembled,D177,7041,0,P14489,FALSE
12,177,A,10.35,69.70146901,1K54-alt1A_assembled,A177,1239,0,P14489,FALSE
33,177,B,9.95,53.88459719,1K54-alt1A_assembled,B177,3175,0,P14489,FALSE
54,177,C,10.08,46.24424386,1K54-alt1A_assembled,C177,5105,0,P14489,FALSE
75,177,D,10.36,89.53957942,1K54-alt1A_assembled,D177,7041,0,P14489,FALSE
13,177,A,10.51,65.68023041,1K55-alt1B_assembled,A177,1245,0,P14489,FALSE
34,177,B,10.49,56.29734035,1K55-alt1B_assembled,B177,3181,0,P14489,FALSE
55,177,C,10.35,69.56742772,1K55-alt1B_assembled,C177,5117,0,P14489,FALSE
76,177,D,10.37,80.96093708,1K55-alt1B_assembled,D177,7057,0,P14489,FALSE
13,177,A,10.29,67.55680842,1K55-alt1A_assembled,A177,1245,0,P14489,FALSE
34,177,B,9.59,39.94430339,1K55-alt1A_assembled,B177,3181,0,P14489,FALSE
54,177,C,10.41,72.38229474,1K55-alt1A_assembled,C177,5096,0,P14489,FALSE
73,177,D,10.38,83.37368024,1K55-alt1A_assembled,D177,7011,0,P14489,FALSE
13,177,A,10.35,62.46323953,1K56-alt1B_assembled,A177,1239,0,P14489,FALSE
34,177,B,10.42,80.15668936,1K56-alt1B_assembled,B177,3171,0,P14489,FALSE
55,177,C,9.95,48.25486316,1K56-alt1B_assembled,C177,5103,0,P14489,FALSE
13,177,A,10.36,58.57604222,1K56-alt1A_assembled,A177,1239,0,P14489,FALSE
34,177,B,10.38,79.48648293,1K56-alt1A_assembled,B177,3171,0,P14489,FALSE
54,177,C,9.94,85.78642339,1K56-alt1A_assembled,C177,5103,0,P14489,FALSE
13,177,A,10.12,53.61651462,1K57-alt1B_assembled,A177,1239,0,P14489,FALSE
34,177,B,10.18,55.09096877,1K57-alt1B_assembled,B177,3171,0,P14489,FALSE
55,177,C,10.15,71.17592316,1K57-alt1B_assembled,C177,5101,0,P14489,FALSE
76,177,D,10.41,86.32258854,1K57-alt1B_assembled,D177,7031,0,P14489,FALSE
13,177,A,10.4,69.70146901,1K57-alt1A_assembled,A177,1239,0,P14489,FALSE
34,177,B,10.06,75.46524433,1K57-alt1A_assembled,B177,3171,0,P14489,FALSE
55,177,C,10.15,71.17592316,1K57-alt1A_assembled,C177,5101,0,P14489,FALSE
76,177,D,10.26,82.97155638,1K57-alt1A_assembled,D177,7031,0,P14489,FALSE
13,177,A,10.28,65.8142717,1K6R-alt-1_assembled,A177,1259,0,P14489,FALSE
13,177,A,10.41,56.96754679,1K6S-alt-1_assembled,A177,1245,0,P14489,FALSE
33,177,B,10.39,64.60790012,1K6S-alt-1_assembled,B177,3181,0,P14489,FALSE
13,177,A,10.38,79.62052421,2HP5-alt-1_assembled,A177,1249,0,P14489,FALSE
34,177,B,8.45,18.63173883,2HP5-alt-1_assembled,B177,3180,0,P14489,FALSE
13,177,A,10.42,68.76318,2HP6-alt-1_assembled,A177,1238,0,P14489,FALSE
34,177,B,10.3,68.36105614,2HP6-alt-1_assembled,B177,3172,0,P14489,FALSE
13,177,A,10.42,60.72070281,2HP9-alt-1_assembled,A177,1238,0,P14489,FALSE
34,177,B,10.34,65.01002398,2HP9-alt-1_assembled,B177,3172,0,P14489,FALSE
13,177,A,10.44,66.21639556,2HPB-alt1A_assembled,A177,1238,0,P14489,FALSE
34,177,B,10.31,62.19515696,2HPB-alt1A_assembled,B177,3172,0,P14489,FALSE
13,177,A,10.44,66.21639556,2HPB-alt1B_assembled,A177,1238,0,P14489,FALSE
34,177,B,10.31,62.19515696,2HPB-alt1B_assembled,B177,3172,0,P14489,FALSE
13,177,A,10.35,75.06312047,2RL3-alt1A_assembled,A177,1255,0,P14489,FALSE
34,177,B,10.42,67.28872585,2RL3-alt1A_assembled,B177,3194,0,P14489,FALSE
13,177,A,10.2,65.27810655,2RL3-alt1B_assembled,A177,1253,0,P14489,FALSE
34,177,B,10.42,67.28872585,2RL3-alt1B_assembled,B177,3195,0,P14489,FALSE
13,177,A,10.26,63.26748725,2WGI-alt-1_assembled,A177,1236,0,P14489,FALSE
34,177,B,10.43,86.18854725,2WGI-alt-1_assembled,B177,3173,0,P14489,FALSE
13,177,A,10.44,80.29073065,2WGV-alt1A_assembled,A177,1259,0,P14489,FALSE
34,177,B,10.4,70.10359287,2WGV-alt1A_assembled,B177,3202,0,P14489,FALSE
13,177,A,10.44,80.29073065,2WGV-alt1B_assembled,A177,1259,0,P14489,FALSE
34,177,B,10.4,70.10359287,2WGV-alt1B_assembled,B177,3202,0,P14489,FALSE
13,177,A,10.38,64.33981755,2WGW-alt1A_assembled,A177,1257,0,P14489,FALSE
34,177,B,10.38,67.55680842,2WGW-alt1A_assembled,B177,3203,0,P14489,FALSE
13,177,A,10.41,61.92707439,2WGW-alt1B_assembled,A177,1259,0,P14489,FALSE
34,177,B,10.38,67.55680842,2WGW-alt1B_assembled,B177,3202,0,P14489,FALSE
12,177,A,10.32,69.03126257,2WKH-alt1A_assembled,A177,1244,0,P14489,FALSE
32,177,B,10.32,63.8036524,2WKH-alt1A_assembled,B177,3184,0,P14489,FALSE
12,177,A,10.32,69.03126257,2WKH-alt1B_assembled,A177,1244,0,P14489,FALSE
32,177,B,10.32,63.8036524,2WKH-alt1B_assembled,B177,3184,0,P14489,FALSE
12,177,A,10.37,64.87598269,2WKI-alt1A_assembled,A177,1244,0,P14489,FALSE
32,177,B,10.28,61.7930331,2WKI-alt1A_assembled,B177,3184,0,P14489,FALSE
12,177,A,10.37,64.87598269,2WKI-alt1B_assembled,A177,1244,0,P14489,FALSE
32,177,B,10.28,61.7930331,2WKI-alt1B_assembled,B177,3184,0,P14489,FALSE
13,177,A,10.37,58.57604222,2X01-alt1A_assembled,A177,1244,0,P14489,FALSE
34,177,B,10.29,63.8036524,2X01-alt1A_assembled,B177,3187,0,P14489,FALSE
13,177,A,10.38,60.18453766,2X01-alt1B_assembled,A177,1246,0,P14489,FALSE
34,177,B,10.37,67.42276714,2X01-alt1B_assembled,B177,3188,0,P14489,FALSE
13,177,A,10.24,63.13344597,2X02-alt1A_assembled,A177,1245,0,P14489,FALSE
34,177,B,10.27,48.38890445,2X02-alt1A_assembled,B177,3193,0,P14489,FALSE
13,177,A,10.25,56.43138164,2X02-alt1B_assembled,A177,1245,0,P14489,FALSE
34,177,B,9.93,41.28471626,2X02-alt1B_assembled,B177,3193,0,P14489,FALSE
13,177,A,10.19,58.57604222,3LCE-alt1B_assembled,A177,1245,0,P14489,FALSE
34,177,B,10.51,79.21840035,3LCE-alt1B_assembled,B177,3181,0,P14489,FALSE
13,177,A,10.37,64.87598269,3LCE-alt1A_assembled,A177,1245,0,P14489,FALSE
34,177,B,10.32,58.71008351,3LCE-alt1A_assembled,B177,3181,0,P14489,FALSE
13,177,A,10.39,95.03527217,4S2O-alt1B_assembled,A177,1247,0,P14489,FALSE
34,177,B,10.41,80.29073065,4S2O-alt1B_assembled,B177,3187,0,P14489,FALSE
13,177,A,10.39,95.03527217,4S2O-alt1A_assembled,A177,1247,0,P14489,FALSE
34,177,B,10.41,80.29073065,4S2O-alt1A_assembled,B177,3187,0,P14489,FALSE
13,177,A,10.41,62.86536339,4WZ5-alt1B_assembled,A177,1245,0,P14489,FALSE
34,177,B,10.3,75.59928562,4WZ5-alt1B_assembled,B177,3177,0,P14489,FALSE
55,177,C,10.38,76.40353334,4WZ5-alt1B_assembled,C177,5111,0,P14489,FALSE
76,177,D,10.04,68.76318,4WZ5-alt1B_assembled,D177,7051,0,P14489,FALSE
13,177,A,10.38,69.16530386,4WZ5-alt1A_assembled,A177,1245,0,P14489,FALSE
34,177,B,10.17,69.56742772,4WZ5-alt1A_assembled,B177,3177,0,P14489,FALSE
55,177,C,10.38,76.40353334,4WZ5-alt1A_assembled,C177,5111,0,P14489,FALSE
8,177,A,10.42,102.1394604,5MNU-alt1B_assembled,A177,1246,0,P14489,FALSE
8,177,A,10.42,102.1394604,5MNU-alt1A_assembled,A177,1246,0,P14489,FALSE
14,182,A,6.03,10.9913855,1E3U-alt1B_assembled,A182,1275,0,P14489,FALSE
56,182,C,7.28,29.35504176,1E3U-alt1B_assembled,C182,5119,0,P14489,FALSE
77,182,D,8.17,7.238229474,1E3U-alt1B_assembled,D182,7052,0,P14489,FALSE
14,182,A,6.91,7.238229474,1E3U-alt1A_assembled,A182,1275,0,P14489,FALSE
35,182,B,6.81,6.568023041,1E3U-alt1A_assembled,B182,3196,0,P14489,FALSE
56,182,C,6.58,14.74454152,1E3U-alt1A_assembled,C182,5119,0,P14489,FALSE
77,182,D,8.18,2.144660585,1E3U-alt1A_assembled,D182,7052,0,P14489,FALSE
14,182,A,10.09,57.50371193,1E4D-alt1A_assembled,A182,1273,0,P14489,FALSE
35,182,B,10.3,84.31196924,1E4D-alt1A_assembled,B182,3205,0,P14489,FALSE
14,182,A,10.3,70.37167544,1E4D-alt1B_assembled,A182,1273,0,P14489,FALSE
35,182,B,10.28,83.90984538,1E4D-alt1B_assembled,B182,3205,0,P14489,FALSE
45,182,C,9.85,34.71669322,1EWZ-alt-1_assembled,C182,5052,0,P14489,FALSE
65,182,D,9.96,36.05710608,1EWZ-alt-1_assembled,D182,6967,0,P14489,FALSE
14,182,A,9.99,41.15067497,1FOF-alt-1_assembled,A182,1285,0,P14489,FALSE
35,182,B,10.2,47.71869801,1FOF-alt-1_assembled,B182,3225,0,P14489,FALSE
14,182,A,8.45,1.742536725,1K4F-alt1A_assembled,A182,1279,0,P14489,FALSE
35,182,B,10.05,56.29734035,1K4F-alt1A_assembled,B182,3223,0,P14489,FALSE
34,182,B,10.48,54.55480363,1K4F-alt1B_assembled,B182,3223,0,P14489,FALSE
14,182,A,10.02,51.20377146,1K54-alt1B_assembled,A182,1273,0,P14489,FALSE
35,182,B,5.08,1.742536725,1K54-alt1B_assembled,B182,3209,0,P14489,FALSE
56,182,C,11.34,50.13144117,1K54-alt1B_assembled,C182,5139,0,P14489,FALSE
77,182,D,6.38,19.9721517,1K54-alt1B_assembled,D182,7075,0,P14489,FALSE
13,182,A,10.41,60.98878538,1K54-alt1A_assembled,A182,1273,0,P14489,FALSE
34,182,B,5.1,2.010619298,1K54-alt1A_assembled,B182,3209,0,P14489,FALSE
55,182,C,9.9,36.8613538,1K54-alt1A_assembled,C182,5139,0,P14489,FALSE
76,182,D,6.83,28.41675275,1K54-alt1A_assembled,D182,7075,0,P14489,FALSE
14,182,A,10.4,60.18453766,1K55-alt1B_assembled,A182,1279,0,P14489,FALSE
35,182,B,3.05,0.134041287,1K55-alt1B_assembled,B182,3215,0,P14489,FALSE
56,182,C,9.81,56.29734035,1K55-alt1B_assembled,C182,5151,0,P14489,FALSE
77,182,D,6.57,7.506312047,1K55-alt1B_assembled,D182,7091,0,P14489,FALSE
14,182,A,10.32,73.32058374,1K55-alt1A_assembled,A182,1279,0,P14489,FALSE
35,182,B,3.38,2.010619298,1K55-alt1A_assembled,B182,3215,0,P14489,FALSE
55,182,C,6.71,0.938289006,1K55-alt1A_assembled,C182,5130,0,P14489,FALSE
74,182,D,10.51,70.37167544,1K55-alt1A_assembled,D182,7045,0,P14489,FALSE
14,182,A,10.35,66.88660199,1K56-alt1B_assembled,A182,1273,0,P14489,FALSE
56,182,C,3.5,3.88719731,1K56-alt1B_assembled,C182,5137,0,P14489,FALSE
14,182,A,10.22,55.49309263,1K56-alt1A_assembled,A182,1273,0,P14489,FALSE
35,182,B,8.37,34.98477579,1K56-alt1A_assembled,B182,3205,0,P14489,FALSE
55,182,C,4.14,1.340412866,1K56-alt1A_assembled,C182,5137,0,P14489,FALSE
14,182,A,10.36,44.903831,1K57-alt1B_assembled,A182,1273,0,P14489,FALSE
35,182,B,3.96,0,1K57-alt1B_assembled,B182,3205,0,P14489,FALSE
56,182,C,9.93,65.54618912,1K57-alt1B_assembled,C182,5135,0,P14489,FALSE
77,182,D,4.89,5.361651462,1K57-alt1B_assembled,D182,7065,0,P14489,FALSE
14,182,A,10.44,48.25486316,1K57-alt1A_assembled,A182,1273,0,P14489,FALSE
35,182,B,2.36,0,1K57-alt1A_assembled,B182,3205,0,P14489,FALSE
56,182,C,9.93,65.54618912,1K57-alt1A_assembled,C182,5135,0,P14489,FALSE
77,182,D,3.74,7.506312047,1K57-alt1A_assembled,D182,7065,0,P14489,FALSE
14,182,A,10.34,61.65899181,1K6R-alt-1_assembled,A182,1293,0,P14489,FALSE
14,182,A,10.42,30.15928947,1K6S-alt-1_assembled,A182,1279,0,P14489,FALSE
34,182,B,10.34,66.21639556,1K6S-alt-1_assembled,B182,3215,0,P14489,FALSE
14,182,A,10.19,72.51633603,2HP5-alt-1_assembled,A182,1283,0,P14489,FALSE
35,182,B,4.37,0.804247719,2HP5-alt-1_assembled,B182,3214,0,P14489,FALSE
14,182,A,10.92,19.16790398,2HP6-alt-1_assembled,A182,1272,0,P14489,FALSE
35,182,B,9.94,16.35303696,2HP6-alt-1_assembled,B182,3206,0,P14489,FALSE
14,182,A,11.08,20.50831684,2HP9-alt-1_assembled,A182,1272,0,P14489,FALSE
35,182,B,9.78,16.62111953,2HP9-alt-1_assembled,B182,3206,0,P14489,FALSE
14,182,A,10.82,17.82749111,2HPB-alt1A_assembled,A182,1272,0,P14489,FALSE
35,182,B,10.63,17.55940854,2HPB-alt1A_assembled,B182,3206,0,P14489,FALSE
14,182,A,10.82,17.82749111,2HPB-alt1B_assembled,A182,1272,0,P14489,FALSE
35,182,B,10.63,17.55940854,2HPB-alt1B_assembled,B182,3206,0,P14489,FALSE
14,182,A,11.24,25.8699683,2RL3-alt1A_assembled,A182,1289,0,P14489,FALSE
35,182,B,10.84,21.98277099,2RL3-alt1A_assembled,B182,3228,0,P14489,FALSE
14,182,A,6.56,7.640353334,2RL3-alt1B_assembled,A182,1287,0,P14489,FALSE
35,182,B,9.25,32.30395006,2RL3-alt1B_assembled,B182,3229,0,P14489,FALSE
14,182,A,10.26,54.8228862,2WGI-alt-1_assembled,A182,1270,0,P14489,FALSE
35,182,B,10.07,52.54418433,2WGI-alt-1_assembled,B182,3207,0,P14489,FALSE
14,182,A,10.3,37.39751895,2WGV-alt1A_assembled,A182,1293,0,P14489,FALSE
35,182,B,10.19,31.49970234,2WGV-alt1A_assembled,B182,3236,0,P14489,FALSE
14,182,A,10.3,37.39751895,2WGV-alt1B_assembled,A182,1293,0,P14489,FALSE
35,182,B,10.19,31.49970234,2WGV-alt1B_assembled,B182,3236,0,P14489,FALSE
14,182,A,10.11,53.21439076,2WGW-alt1A_assembled,A182,1291,0,P14489,FALSE
35,182,B,9.01,30.56141333,2WGW-alt1A_assembled,B182,3237,0,P14489,FALSE
14,182,A,10.92,22.92106,2WGW-alt1B_assembled,A182,1293,0,P14489,FALSE
35,182,B,11.13,19.16790398,2WGW-alt1B_assembled,B182,3236,0,P14489,FALSE
13,182,A,10.78,18.36365626,2WKH-alt1A_assembled,A182,1278,0,P14489,FALSE
33,182,B,10.83,18.49769754,2WKH-alt1A_assembled,B182,3218,0,P14489,FALSE
13,182,A,10.78,18.36365626,2WKH-alt1B_assembled,A182,1278,0,P14489,FALSE
33,182,B,10.83,18.49769754,2WKH-alt1B_assembled,B182,3218,0,P14489,FALSE
13,182,A,11.1,21.17852328,2WKI-alt1A_assembled,A182,1278,0,P14489,FALSE
33,182,B,10.31,18.8998214,2WKI-alt1A_assembled,B182,3218,0,P14489,FALSE
13,182,A,11.1,21.17852328,2WKI-alt1B_assembled,A182,1278,0,P14489,FALSE
33,182,B,10.31,18.8998214,2WKI-alt1B_assembled,B182,3218,0,P14489,FALSE
14,182,A,10.16,50.93568889,2X01-alt1A_assembled,A182,1278,0,P14489,FALSE
35,182,B,10.28,72.7844186,2X01-alt1A_assembled,B182,3221,0,P14489,FALSE
14,182,A,11.08,19.30194526,2X01-alt1B_assembled,A182,1280,0,P14489,FALSE
35,182,B,10.58,22.11681228,2X01-alt1B_assembled,B182,3222,0,P14489,FALSE
14,182,A,10.45,69.83551029,2X02-alt1A_assembled,A182,1279,0,P14489,FALSE
35,182,B,5.65,13.80625251,2X02-alt1A_assembled,B182,3227,0,P14489,FALSE
14,182,A,10.51,64.87598269,2X02-alt1B_assembled,A182,1279,0,P14489,FALSE
35,182,B,6.77,23.59126643,2X02-alt1B_assembled,B182,3227,0,P14489,FALSE
14,182,A,10.25,66.21639556,3LCE-alt1B_assembled,A182,1279,0,P14489,FALSE
35,182,B,10.02,84.04388667,3LCE-alt1B_assembled,B182,3215,0,P14489,FALSE
14,182,A,10.3,63.53556983,3LCE-alt1A_assembled,A182,1279,0,P14489,FALSE
35,182,B,10.39,91.68424,3LCE-alt1A_assembled,B182,3215,0,P14489,FALSE
14,182,A,11.19,29.22100047,4S2O-alt1B_assembled,A182,1281,0,P14489,FALSE
35,182,B,11.39,23.18914257,4S2O-alt1B_assembled,B182,3221,0,P14489,FALSE
14,182,A,11.19,29.22100047,4S2O-alt1A_assembled,A182,1281,0,P14489,FALSE
35,182,B,11.39,23.18914257,4S2O-alt1A_assembled,B182,3221,0,P14489,FALSE
14,182,A,8.89,32.30395006,4WZ5-alt1B_assembled,A182,1279,0,P14489,FALSE
56,182,C,7.85,30.56141333,4WZ5-alt1B_assembled,C182,5145,0,P14489,FALSE
77,182,D,5.26,14.20837637,4WZ5-alt1B_assembled,D182,7085,0,P14489,FALSE
14,182,A,9.27,29.48908304,4WZ5-alt1A_assembled,A182,1279,0,P14489,FALSE
56,182,C,8.42,43.56341813,4WZ5-alt1A_assembled,C182,5145,0,P14489,FALSE
9,182,A,10.53,60.8547441,5MNU-alt1B_assembled,A182,1280,0,P14489,FALSE
23,182,B,11.13,26.80825731,5MNU-alt1B_assembled,B182,3197,0,P14489,FALSE
9,182,A,11.04,40.21238597,5MNU-alt1A_assembled,A182,1280,0,P14489,FALSE
23,182,B,11.13,26.80825731,5MNU-alt1A_assembled,B182,3197,0,P14489,FALSE
8,182,A,10.77,39.27409696,5MOZ-alt1A_assembled,A182,1276,0,P14489,FALSE
18,182,B,10.92,28.9529179,5MOZ-alt1A_assembled,B182,3186,0,P14489,FALSE
8,182,A,10.3,53.08034948,5MOZ-alt1B_assembled,A182,1276,0,P14489,FALSE
18,182,B,10.37,43.8315007,5MOZ-alt1B_assembled,B182,3186,0,P14489,FALSE
15,189,A,7.67,11.12542678,1E3U-alt1B_assembled,A189,1333,0,P14489,FALSE
57,189,C,4.32,5.361651462,1E3U-alt1B_assembled,C189,5177,0,P14489,FALSE
78,189,D,9.18,1.206371579,1E3U-alt1B_assembled,D189,7110,0,P14489,FALSE
15,189,A,8.22,12.06371579,1E3U-alt1A_assembled,A189,1333,0,P14489,FALSE
36,189,B,4.14,2.278701871,1E3U-alt1A_assembled,B189,3254,0,P14489,FALSE
57,189,C,4.99,7.640353334,1E3U-alt1A_assembled,C189,5177,0,P14489,FALSE
78,189,D,9.08,7.104188187,1E3U-alt1A_assembled,D189,7110,0,P14489,FALSE
15,189,A,8.93,19.30194526,1E4D-alt1A_assembled,A189,1331,0,P14489,FALSE
36,189,B,8.83,18.8998214,1E4D-alt1A_assembled,B189,3263,0,P14489,FALSE
15,189,A,9.05,15.81687181,1E4D-alt1B_assembled,A189,1331,0,P14489,FALSE
36,189,B,9.06,27.21038117,1E4D-alt1B_assembled,B189,3263,0,P14489,FALSE
13,189,A,9.86,5.361651462,1EWZ-alt-1_assembled,A189,1317,0,P14489,FALSE
46,189,C,10.2,3.082949591,1EWZ-alt-1_assembled,C189,5110,0,P14489,FALSE
66,189,D,4.71,1.474454152,1EWZ-alt-1_assembled,D189,7025,0,P14489,FALSE
15,189,A,10.28,5.763775322,1FOF-alt-1_assembled,A189,1343,0,P14489,FALSE
36,189,B,10.45,2.412743158,1FOF-alt-1_assembled,B189,3283,0,P14489,FALSE
36,189,B,8.66,20.50831684,1K4F-alt1A_assembled,B189,3281,0,P14489,FALSE
35,189,B,7.8,14.61050023,1K4F-alt1B_assembled,B189,3281,0,P14489,FALSE
15,189,A,7.7,13.53816994,1K54-alt1B_assembled,A189,1331,0,P14489,FALSE
36,189,B,8.98,14.47645895,1K54-alt1B_assembled,B189,3267,0,P14489,FALSE
57,189,C,9.51,4.959527602,1K54-alt1B_assembled,C189,5197,0,P14489,FALSE
78,189,D,7.1,14.34241766,1K54-alt1B_assembled,D189,7133,0,P14489,FALSE
14,189,A,8.13,13.0020048,1K54-alt1A_assembled,A189,1331,0,P14489,FALSE
35,189,B,10.04,14.20837637,1K54-alt1A_assembled,B189,3267,0,P14489,FALSE
56,189,C,9.03,1.206371579,1K54-alt1A_assembled,C189,5197,0,P14489,FALSE
77,189,D,6.18,14.07433509,1K54-alt1A_assembled,D189,7133,0,P14489,FALSE
15,189,A,8.23,16.48707825,1K55-alt1B_assembled,A189,1337,0,P14489,FALSE
36,189,B,9.01,21.04448199,1K55-alt1B_assembled,B189,3273,0,P14489,FALSE
57,189,C,7.91,17.55940854,1K55-alt1B_assembled,C189,5209,0,P14489,FALSE
78,189,D,5.22,9.919055205,1K55-alt1B_assembled,D189,7149,0,P14489,FALSE
15,189,A,8.45,14.74454152,1K55-alt1A_assembled,A189,1337,0,P14489,FALSE
36,189,B,6.61,8.310559766,1K55-alt1A_assembled,B189,3273,0,P14489,FALSE
56,189,C,7.24,9.650972632,1K55-alt1A_assembled,C189,5188,0,P14489,FALSE
75,189,D,7.31,4.691445029,1K55-alt1A_assembled,D189,7103,0,P14489,FALSE
15,189,A,8.73,14.87858281,1K56-alt1B_assembled,A189,1331,0,P14489,FALSE
36,189,B,9.74,9.248848772,1K56-alt1B_assembled,B189,3263,0,P14489,FALSE
57,189,C,2.67,2.144660585,1K56-alt1B_assembled,C189,5195,0,P14489,FALSE
15,189,A,8.84,14.61050023,1K56-alt1A_assembled,A189,1331,0,P14489,FALSE
36,189,B,9.3,7.37227076,1K56-alt1A_assembled,B189,3263,0,P14489,FALSE
56,189,C,6.44,15.54878924,1K56-alt1A_assembled,C189,5195,0,P14489,FALSE
15,189,A,8.45,18.76578012,1K57-alt1B_assembled,A189,1331,0,P14489,FALSE
36,189,B,8.75,18.09557368,1K57-alt1B_assembled,B189,3263,0,P14489,FALSE
57,189,C,6.95,0.938289006,1K57-alt1B_assembled,C189,5193,0,P14489,FALSE
78,189,D,5.63,17.69344983,1K57-alt1B_assembled,D189,7123,0,P14489,FALSE
15,189,A,6.85,12.33179836,1K57-alt1A_assembled,A189,1331,0,P14489,FALSE
36,189,B,9.31,20.10619298,1K57-alt1A_assembled,B189,3263,0,P14489,FALSE
57,189,C,6.67,1.876578012,1K57-alt1A_assembled,C189,5193,0,P14489,FALSE
78,189,D,6.58,17.55940854,1K57-alt1A_assembled,D189,7123,0,P14489,FALSE
15,189,A,8.83,9.516931345,1K6R-alt-1_assembled,A189,1351,0,P14489,FALSE
15,189,A,7.71,4.557403743,1K6S-alt-1_assembled,A189,1337,0,P14489,FALSE
35,189,B,7.16,17.9615324,1K6S-alt-1_assembled,B189,3273,0,P14489,FALSE
15,189,A,7.33,12.06371579,2HP5-alt-1_assembled,A189,1341,0,P14489,FALSE
36,189,B,6.92,15.68283053,2HP5-alt-1_assembled,B189,3272,0,P14489,FALSE
15,189,A,8.47,7.640353334,2HP6-alt-1_assembled,A189,1330,0,P14489,FALSE
36,189,B,10.84,1.474454152,2HP6-alt-1_assembled,B189,3264,0,P14489,FALSE
15,189,A,10.15,6.299940468,2HP9-alt-1_assembled,A189,1330,0,P14489,FALSE
36,189,B,10.16,2.278701871,2HP9-alt-1_assembled,B189,3264,0,P14489,FALSE
15,189,A,9.43,7.908435907,2HPB-alt1A_assembled,A189,1330,0,P14489,FALSE
36,189,B,10.08,4.959527602,2HPB-alt1A_assembled,B189,3264,0,P14489,FALSE
15,189,A,9.43,7.908435907,2HPB-alt1B_assembled,A189,1330,0,P14489,FALSE
36,189,B,10.08,4.959527602,2HPB-alt1B_assembled,B189,3264,0,P14489,FALSE
15,189,A,8.85,6.433981755,2RL3-alt1A_assembled,A189,1347,0,P14489,FALSE
36,189,B,10.01,3.88719731,2RL3-alt1A_assembled,B189,3286,0,P14489,FALSE
15,189,A,5.75,0,2RL3-alt1B_assembled,A189,1345,0,P14489,FALSE
36,189,B,7.75,13.13604608,2RL3-alt1B_assembled,B189,3287,0,P14489,FALSE
15,189,A,8.97,17.29132597,2WGI-alt-1_assembled,A189,1328,0,P14489,FALSE
36,189,B,8.46,19.43598655,2WGI-alt-1_assembled,B189,3265,0,P14489,FALSE
15,189,A,9.93,3.753156023,2WGV-alt1A_assembled,A189,1351,0,P14489,FALSE
36,189,B,9.84,2.680825731,2WGV-alt1A_assembled,B189,3294,0,P14489,FALSE
15,189,A,9.93,3.753156023,2WGV-alt1B_assembled,A189,1351,0,P14489,FALSE
36,189,B,9.84,2.680825731,2WGV-alt1B_assembled,B189,3294,0,P14489,FALSE
15,189,A,6.78,3.753156023,2WGW-alt1A_assembled,A189,1349,0,P14489,FALSE
36,189,B,6.3,11.12542678,2WGW-alt1A_assembled,B189,3295,0,P14489,FALSE
15,189,A,8.6,6.836105614,2WGW-alt1B_assembled,A189,1351,0,P14489,FALSE
36,189,B,9.3,6.702064328,2WGW-alt1B_assembled,B189,3294,0,P14489,FALSE
14,189,A,8.81,7.640353334,2WKH-alt1A_assembled,A189,1336,0,P14489,FALSE
34,189,B,9.96,6.702064328,2WKH-alt1A_assembled,B189,3276,0,P14489,FALSE
14,189,A,8.8,7.640353334,2WKH-alt1B_assembled,A189,1336,0,P14489,FALSE
34,189,B,9.06,6.165899181,2WKH-alt1B_assembled,B189,3276,0,P14489,FALSE
14,189,A,8.67,8.444601053,2WKI-alt1A_assembled,A189,1336,0,P14489,FALSE
34,189,B,9.7,6.568023041,2WKI-alt1A_assembled,B189,3276,0,P14489,FALSE
14,189,A,8.67,8.444601053,2WKI-alt1B_assembled,A189,1336,0,P14489,FALSE
34,189,B,9.24,6.031857895,2WKI-alt1B_assembled,B189,3276,0,P14489,FALSE
15,189,A,6.71,10.58926164,2X01-alt1A_assembled,A189,1336,0,P14489,FALSE
36,189,B,7.54,13.27008737,2X01-alt1A_assembled,B189,3279,0,P14489,FALSE
15,189,A,8.49,6.299940468,2X01-alt1B_assembled,A189,1338,0,P14489,FALSE
36,189,B,9.38,6.433981755,2X01-alt1B_assembled,B189,3280,0,P14489,FALSE
15,189,A,8.25,15.01262409,2X02-alt1A_assembled,A189,1337,0,P14489,FALSE
36,189,B,7.64,17.42536725,2X02-alt1A_assembled,B189,3285,0,P14489,FALSE
15,189,A,8.12,19.03386269,2X02-alt1B_assembled,A189,1337,0,P14489,FALSE
36,189,B,6.69,24.79763801,2X02-alt1B_assembled,B189,3285,0,P14489,FALSE
15,189,A,9.01,18.76578012,3LCE-alt1B_assembled,A189,1337,0,P14489,FALSE
36,189,B,9.1,22.38489485,3LCE-alt1B_assembled,B189,3273,0,P14489,FALSE
15,189,A,8.85,18.49769754,3LCE-alt1A_assembled,A189,1337,0,P14489,FALSE
36,189,B,8.47,19.43598655,3LCE-alt1A_assembled,B189,3273,0,P14489,FALSE
15,189,A,10.12,4.423362456,4S2O-alt1B_assembled,A189,1339,0,P14489,FALSE
36,189,B,10.01,3.48507345,4S2O-alt1B_assembled,B189,3279,0,P14489,FALSE
15,189,A,10.12,4.423362456,4S2O-alt1A_assembled,A189,1339,0,P14489,FALSE
36,189,B,10.01,3.48507345,4S2O-alt1A_assembled,B189,3279,0,P14489,FALSE
15,189,A,7.23,4.155279883,4WZ5-alt1B_assembled,A189,1337,0,P14489,FALSE
57,189,C,6.31,0,4WZ5-alt1B_assembled,C189,5203,0,P14489,FALSE
15,189,A,8.51,13.53816994,4WZ5-alt1A_assembled,A189,1337,0,P14489,FALSE
57,189,C,5.58,0,4WZ5-alt1A_assembled,C189,5203,0,P14489,FALSE
10,189,A,8.63,11.25946807,5MNU-alt1B_assembled,A189,1338,0,P14489,FALSE
24,189,B,8.39,10.05309649,5MNU-alt1B_assembled,B189,3255,0,P14489,FALSE
10,189,A,8.51,11.25946807,5MNU-alt1A_assembled,A189,1338,0,P14489,FALSE
24,189,B,8.38,10.05309649,5MNU-alt1A_assembled,B189,3255,0,P14489,FALSE
9,189,A,8.1,13.67221123,5MOZ-alt1A_assembled,A189,1334,0,P14489,FALSE
19,189,B,8.26,12.73392222,5MOZ-alt1A_assembled,B189,3244,0,P14489,FALSE
9,189,A,9.7,6.165899181,5MOZ-alt1B_assembled,A189,1334,0,P14489,FALSE
19,189,B,9.72,6.433981755,5MOZ-alt1B_assembled,B189,3244,0,P14489,FALSE
16,205,A,7.05,3.88719731,1E3U-alt1B_assembled,A205,1456,0,P14489,FALSE
37,205,B,5.09,2.412743158,1E3U-alt1B_assembled,B205,3377,0,P14489,FALSE
58,205,C,5.44,8.042477193,1E3U-alt1B_assembled,C205,5300,0,P14489,FALSE
79,205,D,4.44,10.72330292,1E3U-alt1B_assembled,D205,7233,0,P14489,FALSE
16,205,A,5.63,3.88719731,1E3U-alt1A_assembled,A205,1456,0,P14489,FALSE
37,205,B,5.07,2.412743158,1E3U-alt1A_assembled,B205,3377,0,P14489,FALSE
58,205,C,5.44,7.506312047,1E3U-alt1A_assembled,C205,5300,0,P14489,FALSE
79,205,D,4.29,10.9913855,1E3U-alt1A_assembled,D205,7233,0,P14489,FALSE
16,205,A,7.32,5.227610176,1E4D-alt1A_assembled,A205,1454,0,P14489,FALSE
37,205,B,5.66,8.042477193,1E4D-alt1A_assembled,B205,3386,0,P14489,FALSE
16,205,A,6.95,14.74454152,1E4D-alt1B_assembled,A205,1454,0,P14489,FALSE
37,205,B,7.06,6.568023041,1E4D-alt1B_assembled,B205,3386,0,P14489,FALSE
14,205,A,5.37,3.48507345,1EWZ-alt-1_assembled,A205,1440,0,P14489,FALSE
31,205,B,5.03,4.155279883,1EWZ-alt-1_assembled,B205,3342,0,P14489,FALSE
47,205,C,5.57,4.691445029,1EWZ-alt-1_assembled,C205,5233,0,P14489,FALSE
67,205,D,4.93,8.980766199,1EWZ-alt-1_assembled,D205,7148,0,P14489,FALSE
16,205,A,5.37,2.814867018,1FOF-alt-1_assembled,A205,1466,0,P14489,FALSE
37,205,B,5.34,2.948908304,1FOF-alt-1_assembled,B205,3406,0,P14489,FALSE
16,205,A,6.94,6.970146901,1K4F-alt1A_assembled,A205,1460,0,P14489,FALSE
37,205,B,6.46,1.876578012,1K4F-alt1A_assembled,B205,3404,0,P14489,FALSE
16,205,A,7.09,6.836105614,1K4F-alt1B_assembled,A205,1460,0,P14489,FALSE
36,205,B,7.04,13.0020048,1K4F-alt1B_assembled,B205,3404,0,P14489,FALSE
16,205,A,7.55,3.619114737,1K54-alt1B_assembled,A205,1454,0,P14489,FALSE
37,205,B,5.64,4.691445029,1K54-alt1B_assembled,B205,3390,0,P14489,FALSE
58,205,C,6.99,13.67221123,1K54-alt1B_assembled,C205,5320,0,P14489,FALSE
79,205,D,6.96,13.27008737,1K54-alt1B_assembled,D205,7256,0,P14489,FALSE
15,205,A,7.02,3.082949591,1K54-alt1A_assembled,A205,1454,0,P14489,FALSE
36,205,B,5.17,4.691445029,1K54-alt1A_assembled,B205,3390,0,P14489,FALSE
57,205,C,5.7,7.908435907,1K54-alt1A_assembled,C205,5320,0,P14489,FALSE
78,205,D,5.45,10.05309649,1K54-alt1A_assembled,D205,7256,0,P14489,FALSE
16,205,A,5.62,1.340412866,1K55-alt1B_assembled,A205,1460,0,P14489,FALSE
37,205,B,7.1,3.48507345,1K55-alt1B_assembled,B205,3396,0,P14489,FALSE
58,205,C,7.6,18.76578012,1K55-alt1B_assembled,C205,5332,0,P14489,FALSE
79,205,D,7.38,14.74454152,1K55-alt1B_assembled,D205,7272,0,P14489,FALSE
16,205,A,7.04,8.578642339,1K55-alt1A_assembled,A205,1460,0,P14489,FALSE
37,205,B,6.62,6.165899181,1K55-alt1A_assembled,B205,3396,0,P14489,FALSE
57,205,C,7.07,5.093568889,1K55-alt1A_assembled,C205,5311,0,P14489,FALSE
76,205,D,7,6.299940468,1K55-alt1A_assembled,D205,7226,0,P14489,FALSE
16,205,A,6.83,5.897816608,1K56-alt1B_assembled,A205,1454,0,P14489,FALSE
37,205,B,3.2,2.412743158,1K56-alt1B_assembled,B205,3386,0,P14489,FALSE
58,205,C,6.32,13.40412866,1K56-alt1B_assembled,C205,5318,0,P14489,FALSE
16,205,A,6.68,4.021238597,1K56-alt1A_assembled,A205,1454,0,P14489,FALSE
37,205,B,7.29,6.433981755,1K56-alt1A_assembled,B205,3386,0,P14489,FALSE
57,205,C,5.81,12.06371579,1K56-alt1A_assembled,C205,5318,0,P14489,FALSE
16,205,A,5.37,8.042477193,1K57-alt1B_assembled,A205,1454,0,P14489,FALSE
37,205,B,7.71,7.908435907,1K57-alt1B_assembled,B205,3386,0,P14489,FALSE
58,205,C,6.32,8.712683626,1K57-alt1B_assembled,C205,5316,0,P14489,FALSE
79,205,D,7.99,25.19976187,1K57-alt1B_assembled,D205,7246,0,P14489,FALSE
16,205,A,6.68,9.114807486,1K57-alt1A_assembled,A205,1454,0,P14489,FALSE
37,205,B,5.61,2.680825731,1K57-alt1A_assembled,B205,3386,0,P14489,FALSE
58,205,C,6.32,8.712683626,1K57-alt1A_assembled,C205,5316,0,P14489,FALSE
79,205,D,7.43,13.0020048,1K57-alt1A_assembled,D205,7246,0,P14489,FALSE
16,205,A,7.21,4.423362456,1K6R-alt-1_assembled,A205,1474,0,P14489,FALSE
16,205,A,6.43,3.48507345,1K6S-alt-1_assembled,A205,1460,0,P14489,FALSE
36,205,B,6.69,6.433981755,1K6S-alt-1_assembled,B205,3396,0,P14489,FALSE
16,205,A,5.3,6.031857895,2HP5-alt-1_assembled,A205,1464,0,P14489,FALSE
37,205,B,6.45,2.814867018,2HP5-alt-1_assembled,B205,3395,0,P14489,FALSE
16,205,A,5.52,3.082949591,2HP6-alt-1_assembled,A205,1453,0,P14489,FALSE
37,205,B,5.67,2.412743158,2HP6-alt-1_assembled,B205,3387,0,P14489,FALSE
16,205,A,5.56,2.546784445,2HP9-alt-1_assembled,A205,1453,0,P14489,FALSE
37,205,B,5.7,1.474454152,2HP9-alt-1_assembled,B205,3387,0,P14489,FALSE
16,205,A,5.55,4.28932117,2HPB-alt1A_assembled,A205,1453,0,P14489,FALSE
37,205,B,5.82,3.082949591,2HPB-alt1A_assembled,B205,3387,0,P14489,FALSE
16,205,A,5.55,4.28932117,2HPB-alt1B_assembled,A205,1453,0,P14489,FALSE
37,205,B,5.82,3.082949591,2HPB-alt1B_assembled,B205,3387,0,P14489,FALSE
16,205,A,5.43,2.546784445,2RL3-alt1A_assembled,A205,1470,0,P14489,FALSE
37,205,B,5.77,3.619114737,2RL3-alt1A_assembled,B205,3409,0,P14489,FALSE
16,205,A,6.45,7.77439462,2RL3-alt1B_assembled,A205,1468,0,P14489,FALSE
37,205,B,5.59,3.619114737,2RL3-alt1B_assembled,B205,3410,0,P14489,FALSE
16,205,A,6.25,7.238229474,2WGI-alt-1_assembled,A205,1451,0,P14489,FALSE
37,205,B,5.68,2.814867018,2WGI-alt-1_assembled,B205,3388,0,P14489,FALSE
16,205,A,6.92,4.423362456,2WGV-alt1A_assembled,A205,1474,0,P14489,FALSE
37,205,B,6.9,4.691445029,2WGV-alt1A_assembled,B205,3417,0,P14489,FALSE
16,205,A,6.92,4.423362456,2WGV-alt1B_assembled,A205,1474,0,P14489,FALSE
37,205,B,6.9,4.691445029,2WGV-alt1B_assembled,B205,3417,0,P14489,FALSE
16,205,A,4.4,2.546784445,2WGW-alt1A_assembled,A205,1472,0,P14489,FALSE
37,205,B,6.81,3.082949591,2WGW-alt1A_assembled,B205,3418,0,P14489,FALSE
16,205,A,5.47,2.546784445,2WGW-alt1B_assembled,A205,1474,0,P14489,FALSE
37,205,B,5.44,3.082949591,2WGW-alt1B_assembled,B205,3417,0,P14489,FALSE
15,205,A,8.63,2.412743158,2WKH-alt1A_assembled,A205,1459,0,P14489,FALSE
35,205,B,8.52,2.546784445,2WKH-alt1A_assembled,B205,3399,0,P14489,FALSE
15,205,A,8.61,2.546784445,2WKH-alt1B_assembled,A205,1459,0,P14489,FALSE
35,205,B,8.59,2.948908304,2WKH-alt1B_assembled,B205,3399,0,P14489,FALSE
15,205,A,8.2,1.206371579,2WKI-alt1A_assembled,A205,1459,0,P14489,FALSE
35,205,B,8.15,0.804247719,2WKI-alt1A_assembled,B205,3399,0,P14489,FALSE
15,205,A,8.11,0.804247719,2WKI-alt1B_assembled,A205,1459,0,P14489,FALSE
35,205,B,8.15,0.804247719,2WKI-alt1B_assembled,B205,3399,0,P14489,FALSE
16,205,A,5.71,3.753156023,2X01-alt1A_assembled,A205,1459,0,P14489,FALSE
37,205,B,7.36,13.67221123,2X01-alt1A_assembled,B205,3402,0,P14489,FALSE
16,205,A,5.37,4.021238597,2X01-alt1B_assembled,A205,1461,0,P14489,FALSE
37,205,B,5.63,2.814867018,2X01-alt1B_assembled,B205,3403,0,P14489,FALSE
16,205,A,6.17,1.340412866,2X02-alt1A_assembled,A205,1460,0,P14489,FALSE
37,205,B,4,3.082949591,2X02-alt1A_assembled,B205,3408,0,P14489,FALSE
16,205,A,6.56,6.031857895,2X02-alt1B_assembled,A205,1460,0,P14489,FALSE
37,205,B,4.38,4.021238597,2X02-alt1B_assembled,B205,3408,0,P14489,FALSE
16,205,A,6.88,5.361651462,3LCE-alt1B_assembled,A205,1460,0,P14489,FALSE
37,205,B,6.52,5.495692749,3LCE-alt1B_assembled,B205,3396,0,P14489,FALSE
16,205,A,6.59,4.28932117,3LCE-alt1A_assembled,A205,1460,0,P14489,FALSE
37,205,B,6.56,5.227610176,3LCE-alt1A_assembled,B205,3396,0,P14489,FALSE
16,205,A,5.44,4.691445029,4S2O-alt1B_assembled,A205,1462,0,P14489,FALSE
37,205,B,5.34,4.691445029,4S2O-alt1B_assembled,B205,3402,0,P14489,FALSE
16,205,A,5.44,4.691445029,4S2O-alt1A_assembled,A205,1462,0,P14489,FALSE
37,205,B,5.34,4.691445029,4S2O-alt1A_assembled,B205,3402,0,P14489,FALSE
16,205,A,7.02,3.351032164,4WZ5-alt1B_assembled,A205,1460,0,P14489,FALSE
37,205,B,5.11,7.640353334,4WZ5-alt1B_assembled,B205,3392,0,P14489,FALSE
58,205,C,5.46,4.691445029,4WZ5-alt1B_assembled,C205,5326,0,P14489,FALSE
79,205,D,5.24,5.361651462,4WZ5-alt1B_assembled,D205,7266,0,P14489,FALSE
16,205,A,7,5.897816608,4WZ5-alt1A_assembled,A205,1460,0,P14489,FALSE
37,205,B,6.49,11.52755064,4WZ5-alt1A_assembled,B205,3392,0,P14489,FALSE
58,205,C,5.46,4.691445029,4WZ5-alt1A_assembled,C205,5326,0,P14489,FALSE
79,205,D,5.24,5.361651462,4WZ5-alt1A_assembled,D205,7266,0,P14489,FALSE
11,205,A,6.93,4.423362456,5MNU-alt1B_assembled,A205,1461,0,P14489,FALSE
25,205,B,5.79,3.48507345,5MNU-alt1B_assembled,B205,3378,0,P14489,FALSE
11,205,A,6.93,4.423362456,5MNU-alt1A_assembled,A205,1461,0,P14489,FALSE
25,205,B,5.73,4.557403743,5MNU-alt1A_assembled,B205,3378,0,P14489,FALSE
10,205,A,6.97,7.506312047,5MOZ-alt1A_assembled,A205,1457,0,P14489,FALSE
20,205,B,5.72,5.227610176,5MOZ-alt1A_assembled,B205,3367,0,P14489,FALSE
10,205,A,6.98,7.506312047,5MOZ-alt1B_assembled,A205,1457,0,P14489,FALSE
20,205,B,5.72,5.227610176,5MOZ-alt1B_assembled,B205,3367,0,P14489,FALSE
17,228,A,10.41,38.8719731,1E3U-alt1B_assembled,A228,1626,0,P14489,FALSE
38,228,B,10.13,36.05710608,1E3U-alt1B_assembled,B228,3551,0,P14489,FALSE
80,228,D,10.17,29.75716561,1E3U-alt1B_assembled,D228,7407,0,P14489,FALSE
17,228,A,10.45,38.8719731,1E3U-alt1A_assembled,A228,1626,0,P14489,FALSE
38,228,B,9.35,36.05710608,1E3U-alt1A_assembled,B228,3551,0,P14489,FALSE
59,228,C,9.03,43.02725298,1E3U-alt1A_assembled,C228,5474,0,P14489,FALSE
80,228,D,10.59,55.35905135,1E3U-alt1A_assembled,D228,7407,0,P14489,FALSE
17,228,A,10.93,55.62713392,1E4D-alt1A_assembled,A228,1628,0,P14489,FALSE
38,228,B,10.73,42.22300526,1E4D-alt1A_assembled,B228,3560,0,P14489,FALSE
17,228,A,11.55,38.73793181,1E4D-alt1B_assembled,A228,1628,0,P14489,FALSE
38,228,B,10.99,54.8228862,1E4D-alt1B_assembled,B228,3560,0,P14489,FALSE
15,228,A,10.36,33.10819778,1EWZ-alt-1_assembled,A228,1610,0,P14489,FALSE
32,228,B,10.06,32.16990877,1EWZ-alt-1_assembled,B228,3516,0,P14489,FALSE
48,228,C,10.23,33.64436292,1EWZ-alt-1_assembled,C228,5403,0,P14489,FALSE
68,228,D,9.99,36.32518866,1EWZ-alt-1_assembled,D228,7322,0,P14489,FALSE
17,228,A,10.22,28.81887661,1FOF-alt-1_assembled,A228,1640,0,P14489,FALSE
38,228,B,10.65,28.81887661,1FOF-alt-1_assembled,B228,3580,0,P14489,FALSE
17,228,A,9.26,32.57203263,1K4F-alt1A_assembled,A228,1634,0,P14489,FALSE
38,228,B,10.62,52.54418433,1K4F-alt1A_assembled,B228,3578,0,P14489,FALSE
37,228,B,10.56,44.36766585,1K4F-alt1B_assembled,B228,3578,0,P14489,FALSE
17,228,A,10.74,43.69745942,1K54-alt1B_assembled,A228,1628,0,P14489,FALSE
38,228,B,10.55,51.33781275,1K54-alt1B_assembled,B228,3564,0,P14489,FALSE
80,228,D,10.39,33.37628035,1K54-alt1B_assembled,D228,7430,0,P14489,FALSE
16,228,A,11.93,22.65297743,1K54-alt1A_assembled,A228,1628,0,P14489,FALSE
37,228,B,10.64,46.51232643,1K54-alt1A_assembled,B228,3564,0,P14489,FALSE
79,228,D,10.25,28.41675275,1K54-alt1A_assembled,D228,7430,0,P14489,FALSE
17,228,A,10.56,44.63574842,1K55-alt1B_assembled,A228,1634,0,P14489,FALSE
38,228,B,10.62,29.35504176,1K55-alt1B_assembled,B228,3570,0,P14489,FALSE
59,228,C,6.24,0.804247719,1K55-alt1B_assembled,C228,5506,0,P14489,FALSE
80,228,D,11.18,13.27008737,1K55-alt1B_assembled,D228,7446,0,P14489,FALSE
17,228,A,10.76,37.12943638,1K55-alt1A_assembled,A228,1634,0,P14489,FALSE
38,228,B,10.93,39.54217953,1K55-alt1A_assembled,B228,3570,0,P14489,FALSE
58,228,C,10.04,26.13805088,1K55-alt1A_assembled,C228,5485,0,P14489,FALSE
77,228,D,10.44,18.49769754,1K55-alt1A_assembled,D228,7397,0,P14489,FALSE
17,228,A,10.71,31.63374363,1K56-alt1B_assembled,A228,1628,0,P14489,FALSE
38,228,B,10.82,46.78040901,1K56-alt1B_assembled,B228,3560,0,P14489,FALSE
59,228,C,10.75,17.55940854,1K56-alt1B_assembled,C228,5492,0,P14489,FALSE
17,228,A,10.74,31.23161977,1K56-alt1A_assembled,A228,1628,0,P14489,FALSE
38,228,B,10.88,43.69745942,1K56-alt1A_assembled,B228,3560,0,P14489,FALSE
58,228,C,10.43,30.69545462,1K56-alt1A_assembled,C228,5492,0,P14489,FALSE
17,228,A,9.82,22.92106,1K57-alt1B_assembled,A228,1628,0,P14489,FALSE
38,228,B,11.24,49.19315217,1K57-alt1B_assembled,B228,3560,0,P14489,FALSE
80,228,D,10.44,42.62512912,1K57-alt1B_assembled,D228,7420,0,P14489,FALSE
17,228,A,10.89,43.42937684,1K57-alt1A_assembled,A228,1628,0,P14489,FALSE
38,228,B,10.55,48.92506959,1K57-alt1A_assembled,B228,3560,0,P14489,FALSE
59,228,C,4.65,1.072330292,1K57-alt1A_assembled,C228,5490,0,P14489,FALSE
80,228,D,10.8,54.8228862,1K57-alt1A_assembled,D228,7420,0,P14489,FALSE
17,228,A,10.26,29.75716561,1K6R-alt-1_assembled,A228,1648,0,P14489,FALSE
17,228,A,10.36,37.26347766,2HP5-alt-1_assembled,A228,1638,0,P14489,FALSE
38,228,B,10.56,41.41875754,2HP5-alt-1_assembled,B228,3569,0,P14489,FALSE
17,228,A,10.39,36.8613538,2HP6-alt-1_assembled,A228,1627,0,P14489,FALSE
38,228,B,9.85,28.14867018,2HP6-alt-1_assembled,B228,3561,0,P14489,FALSE
17,228,A,10.4,33.9124455,2HP9-alt-1_assembled,A228,1627,0,P14489,FALSE
38,228,B,9.92,40.61450983,2HP9-alt-1_assembled,B228,3561,0,P14489,FALSE
17,228,A,10.38,44.36766585,2HPB-alt1A_assembled,A228,1627,0,P14489,FALSE
38,228,B,9.66,41.68684012,2HPB-alt1A_assembled,B228,3561,0,P14489,FALSE
17,228,A,10.38,44.36766585,2HPB-alt1B_assembled,A228,1627,0,P14489,FALSE
38,228,B,9.87,32.16990877,2HPB-alt1B_assembled,B228,3561,0,P14489,FALSE
17,228,A,10.34,27.07633988,2RL3-alt1A_assembled,A228,1644,0,P14489,FALSE
38,228,B,11.26,13.27008737,2RL3-alt1A_assembled,B228,3583,0,P14489,FALSE
17,228,A,11.33,15.54878924,2RL3-alt1B_assembled,A228,1642,0,P14489,FALSE
38,228,B,10.99,13.27008737,2RL3-alt1B_assembled,B228,3584,0,P14489,FALSE
17,228,A,10.73,24.39551415,2WGI-alt-1_assembled,A228,1625,0,P14489,FALSE
38,228,B,10.41,40.61450983,2WGI-alt-1_assembled,B228,3562,0,P14489,FALSE
17,228,A,10.23,26.80825731,2WGV-alt1A_assembled,A228,1648,0,P14489,FALSE
38,228,B,10.15,36.32518866,2WGV-alt1A_assembled,B228,3591,0,P14489,FALSE
17,228,A,10.25,26.80825731,2WGV-alt1B_assembled,A228,1648,0,P14489,FALSE
38,228,B,10.15,36.32518866,2WGV-alt1B_assembled,B228,3591,0,P14489,FALSE
17,228,A,10.48,32.57203263,2WGW-alt1A_assembled,A228,1646,0,P14489,FALSE
38,228,B,9.86,21.44660585,2WGW-alt1A_assembled,B228,3592,0,P14489,FALSE
17,228,A,10.19,37.66560152,2WGW-alt1B_assembled,A228,1648,0,P14489,FALSE
38,228,B,9.96,22.11681228,2WGW-alt1B_assembled,B228,3591,0,P14489,FALSE
16,228,A,10.23,39.40813825,2WKH-alt1A_assembled,A228,1633,0,P14489,FALSE
36,228,B,9.95,38.20176667,2WKH-alt1A_assembled,B228,3573,0,P14489,FALSE
16,228,A,10.23,39.40813825,2WKH-alt1B_assembled,A228,1633,0,P14489,FALSE
36,228,B,9.95,38.20176667,2WKH-alt1B_assembled,B228,3573,0,P14489,FALSE
16,228,A,9.99,39.67622082,2WKI-alt1A_assembled,A228,1633,0,P14489,FALSE
36,228,B,9.81,35.11881708,2WKI-alt1A_assembled,B228,3573,0,P14489,FALSE
16,228,A,9.99,39.67622082,2WKI-alt1B_assembled,A228,1633,0,P14489,FALSE
36,228,B,9.82,35.11881708,2WKI-alt1B_assembled,B228,3573,0,P14489,FALSE
17,228,A,10.12,58.17391836,2X01-alt1A_assembled,A228,1633,0,P14489,FALSE
38,228,B,9.46,33.37628035,2X01-alt1A_assembled,B228,3576,0,P14489,FALSE
17,228,A,10.27,37.53156023,2X01-alt1B_assembled,A228,1635,0,P14489,FALSE
38,228,B,10.09,42.75917041,2X01-alt1B_assembled,B228,3577,0,P14489,FALSE
17,228,A,10.39,48.12082187,2X02-alt1A_assembled,A228,1634,0,P14489,FALSE
38,228,B,9.01,27.21038117,2X02-alt1A_assembled,B228,3582,0,P14489,FALSE
17,228,A,9.64,31.76778491,2X02-alt1B_assembled,A228,1634,0,P14489,FALSE
38,228,B,9.69,25.8699683,2X02-alt1B_assembled,B228,3582,0,P14489,FALSE
17,228,A,10.79,63.93769369,3LCE-alt1B_assembled,A228,1634,0,P14489,FALSE
38,228,B,10.53,53.88459719,3LCE-alt1B_assembled,B228,3570,0,P14489,FALSE
17,228,A,10.75,38.73793181,3LCE-alt1A_assembled,A228,1634,0,P14489,FALSE
38,228,B,10.28,63.40152854,3LCE-alt1A_assembled,B228,3570,0,P14489,FALSE
17,228,A,10.32,25.8699683,4S2O-alt1B_assembled,A228,1636,0,P14489,FALSE
38,228,B,9.98,26.13805088,4S2O-alt1B_assembled,B228,3576,0,P14489,FALSE
17,228,A,10.32,25.8699683,4S2O-alt1A_assembled,A228,1636,0,P14489,FALSE
38,228,B,9.98,26.13805088,4S2O-alt1A_assembled,B228,3576,0,P14489,FALSE
17,228,A,10.42,43.29533556,4WZ5-alt1B_assembled,A228,1634,0,P14489,FALSE
38,228,B,10.78,59.11220737,4WZ5-alt1B_assembled,B228,3566,0,P14489,FALSE
59,228,C,9.92,32.43799135,4WZ5-alt1B_assembled,C228,5500,0,P14489,FALSE
80,228,D,9.39,29.48908304,4WZ5-alt1B_assembled,D228,7440,0,P14489,FALSE
17,228,A,10.53,27.47846374,4WZ5-alt1A_assembled,A228,1634,0,P14489,FALSE
38,228,B,10.88,57.7717945,4WZ5-alt1A_assembled,B228,3566,0,P14489,FALSE
59,228,C,9.95,32.43799135,4WZ5-alt1A_assembled,C228,5500,0,P14489,FALSE
80,228,D,9.33,25.33380316,4WZ5-alt1A_assembled,D228,7440,0,P14489,FALSE
12,228,A,10.32,38.73793181,5MNU-alt1B_assembled,A228,1635,0,P14489,FALSE
26,228,B,10.23,43.16129427,5MNU-alt1B_assembled,B228,3545,0,P14489,FALSE
12,228,A,10.32,38.73793181,5MNU-alt1A_assembled,A228,1635,0,P14489,FALSE
26,228,B,10.23,43.16129427,5MNU-alt1A_assembled,B228,3545,0,P14489,FALSE
11,228,A,10.26,41.01663369,5MOZ-alt1A_assembled,A228,1631,0,P14489,FALSE
21,228,B,10.19,40.07834468,5MOZ-alt1A_assembled,B228,3533,0,P14489,FALSE
11,228,A,10.26,41.01663369,5MOZ-alt1B_assembled,A228,1631,0,P14489,FALSE
21,228,B,10.19,40.07834468,5MOZ-alt1B_assembled,B228,3533,0,P14489,FALSE
18,246,A,10.91,45.03787228,1E3U-alt1B_assembled,A246,1780,0,P14489,FALSE
39,246,B,11.35,36.45922994,1E3U-alt1B_assembled,B246,3705,0,P14489,FALSE
60,246,C,10.92,22.92106,1E3U-alt1B_assembled,C246,5628,0,P14489,FALSE
81,246,D,10.36,29.75716561,1E3U-alt1B_assembled,D246,7561,0,P14489,FALSE
18,246,A,10.91,45.03787228,1E3U-alt1A_assembled,A246,1780,0,P14489,FALSE
39,246,B,11.36,37.79964281,1E3U-alt1A_assembled,B246,3705,0,P14489,FALSE
60,246,C,10.44,37.39751895,1E3U-alt1A_assembled,C246,5628,0,P14489,FALSE
81,246,D,10.13,24.66359673,1E3U-alt1A_assembled,D246,7561,0,P14489,FALSE
18,246,A,10.08,36.05710608,1E4D-alt1A_assembled,A246,1782,0,P14489,FALSE
39,246,B,11.43,49.46123474,1E4D-alt1A_assembled,B246,3714,0,P14489,FALSE
18,246,A,11.06,49.32719345,1E4D-alt1B_assembled,A246,1782,0,P14489,FALSE
39,246,B,11.2,41.95492269,1E4D-alt1B_assembled,B246,3714,0,P14489,FALSE
16,246,A,10.43,41.28471626,1EWZ-alt-1_assembled,A246,1764,0,P14489,FALSE
33,246,B,11.47,42.75917041,1EWZ-alt-1_assembled,B246,3670,0,P14489,FALSE
69,246,D,10.44,35.9230648,1EWZ-alt-1_assembled,D246,7476,0,P14489,FALSE
18,246,A,10.45,58.17391836,1FOF-alt-1_assembled,A246,1794,0,P14489,FALSE
39,246,B,10.5,62.32919825,1FOF-alt-1_assembled,B246,3730,0,P14489,FALSE
18,246,A,10.52,61.39090924,1K4F-alt1A_assembled,A246,1788,0,P14489,FALSE
39,246,B,10.46,61.92707439,1K4F-alt1A_assembled,B246,3732,0,P14489,FALSE
17,246,A,10.37,45.30595485,1K4F-alt1B_assembled,A246,1788,0,P14489,FALSE
38,246,B,10.6,39.00601439,1K4F-alt1B_assembled,B246,3732,0,P14489,FALSE
18,246,A,10.5,56.02925778,1K54-alt1B_assembled,A246,1782,0,P14489,FALSE
39,246,B,10.85,44.903831,1K54-alt1B_assembled,B246,3718,0,P14489,FALSE
60,246,C,10.78,34.04648678,1K54-alt1B_assembled,C246,5648,0,P14489,FALSE
81,246,D,10.66,25.33380316,1K54-alt1B_assembled,D246,7584,0,P14489,FALSE
17,246,A,10.26,43.29533556,1K54-alt1A_assembled,A246,1782,0,P14489,FALSE
38,246,B,11.23,38.60389053,1K54-alt1A_assembled,B246,3718,0,P14489,FALSE
59,246,C,10.61,44.09958328,1K54-alt1A_assembled,C246,5648,0,P14489,FALSE
80,246,D,10.45,38.46984924,1K54-alt1A_assembled,D246,7584,0,P14489,FALSE
18,246,A,10.48,68.22701486,1K55-alt1B_assembled,A246,1788,0,P14489,FALSE
39,246,B,10.42,17.9615324,1K55-alt1B_assembled,B246,3724,0,P14489,FALSE
60,246,C,11.16,25.33380316,1K55-alt1B_assembled,C246,5660,0,P14489,FALSE
81,246,D,10.5,29.08695918,1K55-alt1B_assembled,D246,7600,0,P14489,FALSE
18,246,A,10.45,58.44200094,1K55-alt1A_assembled,A246,1788,0,P14489,FALSE
39,246,B,11.21,54.28672105,1K55-alt1A_assembled,B246,3724,0,P14489,FALSE
59,246,C,10.39,41.55279883,1K55-alt1A_assembled,C246,5639,0,P14489,FALSE
78,246,D,10.27,42.62512912,1K55-alt1A_assembled,D246,7551,0,P14489,FALSE
18,246,A,10.34,55.62713392,1K56-alt1B_assembled,A246,1782,0,P14489,FALSE
39,246,B,10.05,32.03586749,1K56-alt1B_assembled,B246,3714,0,P14489,FALSE
60,246,C,10.32,21.17852328,1K56-alt1B_assembled,C246,5646,0,P14489,FALSE
18,246,A,9.84,22.92106,1K56-alt1A_assembled,A246,1782,0,P14489,FALSE
39,246,B,11.03,37.79964281,1K56-alt1A_assembled,B246,3714,0,P14489,FALSE
59,246,C,10.16,24.9316793,1K56-alt1A_assembled,C246,5646,0,P14489,FALSE
18,246,A,10.45,64.47385883,1K57-alt1B_assembled,A246,1782,0,P14489,FALSE
39,246,B,10.85,35.65498222,1K57-alt1B_assembled,B246,3714,0,P14489,FALSE
60,246,C,10.51,21.98277099,1K57-alt1B_assembled,C246,5644,0,P14489,FALSE
81,246,D,10.3,35.65498222,1K57-alt1B_assembled,D246,7574,0,P14489,FALSE
18,246,A,10.17,24.52955544,1K57-alt1A_assembled,A246,1782,0,P14489,FALSE
39,246,B,11.01,29.62312433,1K57-alt1A_assembled,B246,3714,0,P14489,FALSE
60,246,C,10.51,21.98277099,1K57-alt1A_assembled,C246,5644,0,P14489,FALSE
81,246,D,9.95,44.09958328,1K57-alt1A_assembled,D246,7574,0,P14489,FALSE
18,246,A,10.56,47.71869801,1K6R-alt-1_assembled,A246,1802,0,P14489,FALSE
17,246,A,10.53,62.19515696,1K6S-alt-1_assembled,A246,1788,0,P14489,FALSE
38,246,B,10.24,32.30395006,1K6S-alt-1_assembled,B246,3724,0,P14489,FALSE
18,246,A,10.4,58.57604222,2HP5-alt-1_assembled,A246,1792,0,P14489,FALSE
39,246,B,10.42,50.53356503,2HP5-alt-1_assembled,B246,3723,0,P14489,FALSE
18,246,A,10.49,62.73132211,2HP6-alt-1_assembled,A246,1781,0,P14489,FALSE
39,246,B,10.5,61.25686795,2HP6-alt-1_assembled,B246,3715,0,P14489,FALSE
18,246,A,10.47,59.11220737,2HP9-alt-1_assembled,A246,1781,0,P14489,FALSE
39,246,B,10.54,72.11421217,2HP9-alt-1_assembled,B246,3715,0,P14489,FALSE
18,246,A,10.43,64.20577626,2HPB-alt1A_assembled,A246,1781,0,P14489,FALSE
39,246,B,10.58,57.90583579,2HPB-alt1A_assembled,B246,3715,0,P14489,FALSE
18,246,A,10.43,64.20577626,2HPB-alt1B_assembled,A246,1781,0,P14489,FALSE
39,246,B,10.58,57.90583579,2HPB-alt1B_assembled,B246,3715,0,P14489,FALSE
18,246,A,10.48,47.98678059,2RL3-alt1A_assembled,A246,1798,0,P14489,FALSE
39,246,B,10.5,63.26748725,2RL3-alt1A_assembled,B246,3737,0,P14489,FALSE
18,246,A,10.47,65.54618912,2RL3-alt1B_assembled,A246,1796,0,P14489,FALSE
39,246,B,10.5,63.26748725,2RL3-alt1B_assembled,B246,3738,0,P14489,FALSE
18,246,A,10.54,54.15267977,2WGI-alt-1_assembled,A246,1779,0,P14489,FALSE
39,246,B,10.45,63.40152854,2WGI-alt-1_assembled,B246,3716,0,P14489,FALSE
18,246,A,10.47,46.24424386,2WGV-alt1A_assembled,A246,1802,0,P14489,FALSE
39,246,B,10.44,58.17391836,2WGV-alt1A_assembled,B246,3745,0,P14489,FALSE
18,246,A,10.47,46.24424386,2WGV-alt1B_assembled,A246,1802,0,P14489,FALSE
39,246,B,10.44,58.17391836,2WGV-alt1B_assembled,B246,3745,0,P14489,FALSE
18,246,A,10.09,43.69745942,2WGW-alt1A_assembled,A246,1800,0,P14489,FALSE
39,246,B,10.5,65.68023041,2WGW-alt1A_assembled,B246,3746,0,P14489,FALSE
18,246,A,10.48,68.89722129,2WGW-alt1B_assembled,A246,1802,0,P14489,FALSE
39,246,B,10.5,65.68023041,2WGW-alt1B_assembled,B246,3745,0,P14489,FALSE
17,246,A,10.28,51.60589532,2WKH-alt1A_assembled,A246,1787,0,P14489,FALSE
37,246,B,10.49,47.71869801,2WKH-alt1A_assembled,B246,3727,0,P14489,FALSE
17,246,A,10.28,51.60589532,2WKH-alt1B_assembled,A246,1787,0,P14489,FALSE
37,246,B,10.49,47.71869801,2WKH-alt1B_assembled,B246,3727,0,P14489,FALSE
17,246,A,10.47,60.72070281,2WKI-alt1A_assembled,A246,1787,0,P14489,FALSE
37,246,B,10.48,62.06111567,2WKI-alt1A_assembled,B246,3727,0,P14489,FALSE
17,246,A,10.47,60.72070281,2WKI-alt1B_assembled,A246,1787,0,P14489,FALSE
37,246,B,10.48,62.06111567,2WKI-alt1B_assembled,B246,3727,0,P14489,FALSE
18,246,A,10.45,69.56742772,2X01-alt1A_assembled,A246,1787,0,P14489,FALSE
39,246,B,10.36,76.53757462,2X01-alt1A_assembled,B246,3730,0,P14489,FALSE
18,246,A,10.47,60.98878538,2X01-alt1B_assembled,A246,1789,0,P14489,FALSE
39,246,B,10.49,62.73132211,2X01-alt1B_assembled,B246,3731,0,P14489,FALSE
18,246,A,10.41,52.8122669,2X02-alt1A_assembled,A246,1788,0,P14489,FALSE
39,246,B,10.4,52.94630819,2X02-alt1A_assembled,B246,3736,0,P14489,FALSE
18,246,A,10.45,85.38429953,2X02-alt1B_assembled,A246,1788,0,P14489,FALSE
39,246,B,10.32,58.97816608,2X02-alt1B_assembled,B246,3736,0,P14489,FALSE
18,246,A,10.52,63.8036524,3LCE-alt1B_assembled,A246,1788,0,P14489,FALSE
39,246,B,10.36,48.25486316,3LCE-alt1B_assembled,B246,3724,0,P14489,FALSE
18,246,A,10.5,78.68223521,3LCE-alt1A_assembled,A246,1788,0,P14489,FALSE
39,246,B,10.5,33.51032164,3LCE-alt1A_assembled,B246,3724,0,P14489,FALSE
18,246,A,10.44,54.15267977,4S2O-alt1B_assembled,A246,1790,0,P14489,FALSE
39,246,B,10.46,52.67822562,4S2O-alt1B_assembled,B246,3730,0,P14489,FALSE
18,246,A,10.44,54.15267977,4S2O-alt1A_assembled,A246,1790,0,P14489,FALSE
39,246,B,10.46,52.67822562,4S2O-alt1A_assembled,B246,3730,0,P14489,FALSE
18,246,A,10.4,56.29734035,4WZ5-alt1B_assembled,A246,1788,0,P14489,FALSE
39,246,B,10.26,49.46123474,4WZ5-alt1B_assembled,B246,3720,0,P14489,FALSE
60,246,C,10.4,47.71869801,4WZ5-alt1B_assembled,C246,5654,0,P14489,FALSE
81,246,D,10.32,49.46123474,4WZ5-alt1B_assembled,D246,7594,0,P14489,FALSE
18,246,A,10.32,55.89521649,4WZ5-alt1A_assembled,A246,1788,0,P14489,FALSE
39,246,B,10.59,36.19114737,4WZ5-alt1A_assembled,B246,3720,0,P14489,FALSE
60,246,C,10.4,47.71869801,4WZ5-alt1A_assembled,C246,5654,0,P14489,FALSE
81,246,D,10.36,49.46123474,4WZ5-alt1A_assembled,D246,7594,0,P14489,FALSE
13,246,A,10.45,58.97816608,5MNU-alt1B_assembled,A246,1789,0,P14489,FALSE
13,246,A,10.45,58.97816608,5MNU-alt1A_assembled,A246,1789,0,P14489,FALSE
19,251,A,9.28,64.33981755,1E3U-alt1B_assembled,A251,1823,0,P14489,FALSE
40,251,B,9.21,71.04188187,1E3U-alt1B_assembled,B251,3748,0,P14489,FALSE
61,251,C,9.12,48.65698702,1E3U-alt1B_assembled,C251,5671,0,P14489,FALSE
82,251,D,7.74,55.22501006,1E3U-alt1B_assembled,D251,7604,0,P14489,FALSE
19,251,A,8.96,54.8228862,1E3U-alt1A_assembled,A251,1823,0,P14489,FALSE
40,251,B,9.2,71.04188187,1E3U-alt1A_assembled,B251,3748,0,P14489,FALSE
61,251,C,8.12,56.69946421,1E3U-alt1A_assembled,C251,5671,0,P14489,FALSE
82,251,D,8.93,67.69084971,1E3U-alt1A_assembled,D251,7604,0,P14489,FALSE
19,251,A,8.9,58.17391836,1E4D-alt1A_assembled,A251,1825,0,P14489,FALSE
40,251,B,9.33,66.48447813,1E4D-alt1A_assembled,B251,3757,0,P14489,FALSE
19,251,A,9.25,55.89521649,1E4D-alt1B_assembled,A251,1825,0,P14489,FALSE
40,251,B,9.2,63.13344597,1E4D-alt1B_assembled,B251,3757,0,P14489,FALSE
17,251,A,9.56,61.7930331,1EWZ-alt-1_assembled,A251,1807,0,P14489,FALSE
34,251,B,9.13,54.68884491,1EWZ-alt-1_assembled,B251,3713,0,P14489,FALSE
49,251,C,9.49,59.38028994,1EWZ-alt-1_assembled,C251,5596,0,P14489,FALSE
70,251,D,7.83,49.72931731,1EWZ-alt-1_assembled,D251,7519,0,P14489,FALSE
19,251,A,8.76,57.36967064,1FOF-alt-1_assembled,A251,1837,0,P14489,FALSE
40,251,B,9.55,60.18453766,1FOF-alt-1_assembled,B251,3773,0,P14489,FALSE
19,251,A,8.33,50.66760632,1K4F-alt1A_assembled,A251,1831,0,P14489,FALSE
40,251,B,8.84,48.38890445,1K4F-alt1A_assembled,B251,3775,0,P14489,FALSE
18,251,A,9.72,66.48447813,1K4F-alt1B_assembled,A251,1831,0,P14489,FALSE
39,251,B,8.93,50.53356503,1K4F-alt1B_assembled,B251,3775,0,P14489,FALSE
19,251,A,9.64,68.62913872,1K54-alt1B_assembled,A251,1825,0,P14489,FALSE
40,251,B,9.81,79.35244164,1K54-alt1B_assembled,B251,3761,0,P14489,FALSE
61,251,C,9.56,69.56742772,1K54-alt1B_assembled,C251,5691,0,P14489,FALSE
82,251,D,9.72,80.15668936,1K54-alt1B_assembled,D251,7627,0,P14489,FALSE
18,251,A,9.24,59.11220737,1K54-alt1A_assembled,A251,1825,0,P14489,FALSE
39,251,B,8.69,51.60589532,1K54-alt1A_assembled,B251,3761,0,P14489,FALSE
60,251,C,9.12,68.76318,1K54-alt1A_assembled,C251,5691,0,P14489,FALSE
81,251,D,9.59,69.96955158,1K54-alt1A_assembled,D251,7627,0,P14489,FALSE
19,251,A,8.01,57.23562936,1K55-alt1B_assembled,A251,1831,0,P14489,FALSE
40,251,B,9.61,61.65899181,1K55-alt1B_assembled,B251,3767,0,P14489,FALSE
61,251,C,7.26,51.8739779,1K55-alt1B_assembled,C251,5703,0,P14489,FALSE
82,251,D,7.7,60.45262024,1K55-alt1B_assembled,D251,7643,0,P14489,FALSE
19,251,A,9,50.66760632,1K55-alt1A_assembled,A251,1831,0,P14489,FALSE
40,251,B,9.79,71.30996445,1K55-alt1A_assembled,B251,3767,0,P14489,FALSE
60,251,C,9.63,62.99940468,1K55-alt1A_assembled,C251,5682,0,P14489,FALSE
79,251,D,9.42,76.53757462,1K55-alt1A_assembled,D251,7594,0,P14489,FALSE
19,251,A,9.2,62.46323953,1K56-alt1B_assembled,A251,1825,0,P14489,FALSE
40,251,B,9.16,60.58666152,1K56-alt1B_assembled,B251,3757,0,P14489,FALSE
61,251,C,9.84,87.26087755,1K56-alt1B_assembled,C251,5689,0,P14489,FALSE
19,251,A,9.32,61.12282667,1K56-alt1A_assembled,A251,1825,0,P14489,FALSE
40,251,B,9.62,73.18654246,1K56-alt1A_assembled,B251,3757,0,P14489,FALSE
60,251,C,9,71.98017088,1K56-alt1A_assembled,C251,5689,0,P14489,FALSE
19,251,A,8.47,60.18453766,1K57-alt1B_assembled,A251,1825,0,P14489,FALSE
40,251,B,9.62,71.57804702,1K57-alt1B_assembled,B251,3757,0,P14489,FALSE
61,251,C,9.83,72.65037731,1K57-alt1B_assembled,C251,5687,0,P14489,FALSE
82,251,D,9.45,58.8441248,1K57-alt1B_assembled,D251,7617,0,P14489,FALSE
19,251,A,9.62,68.09297357,1K57-alt1A_assembled,A251,1825,0,P14489,FALSE
40,251,B,8.65,54.15267977,1K57-alt1A_assembled,B251,3757,0,P14489,FALSE
61,251,C,9.82,72.65037731,1K57-alt1A_assembled,C251,5687,0,P14489,FALSE
82,251,D,9.88,82.03326737,1K57-alt1A_assembled,D251,7617,0,P14489,FALSE
19,251,A,9.51,61.39090924,1K6R-alt-1_assembled,A251,1845,0,P14489,FALSE
18,251,A,9.64,57.7717945,1K6S-alt-1_assembled,A251,1831,0,P14489,FALSE
39,251,B,7.61,45.70807871,1K6S-alt-1_assembled,B251,3767,0,P14489,FALSE
19,251,A,8.81,69.96955158,2HP5-alt-1_assembled,A251,1835,0,P14489,FALSE
40,251,B,8.81,60.05049638,2HP5-alt-1_assembled,B251,3766,0,P14489,FALSE
19,251,A,9.2,59.7824138,2HP6-alt-1_assembled,A251,1824,0,P14489,FALSE
40,251,B,9.03,58.44200094,2HP6-alt-1_assembled,B251,3758,0,P14489,FALSE
19,251,A,9.14,62.86536339,2HP9-alt-1_assembled,A251,1824,0,P14489,FALSE
40,251,B,9.17,59.24624866,2HP9-alt-1_assembled,B251,3758,0,P14489,FALSE
19,251,A,9.07,61.92707439,2HPB-alt1A_assembled,A251,1824,0,P14489,FALSE
40,251,B,9.24,64.74194141,2HPB-alt1A_assembled,B251,3758,0,P14489,FALSE
19,251,A,9.07,61.92707439,2HPB-alt1B_assembled,A251,1824,0,P14489,FALSE
40,251,B,9.24,64.74194141,2HPB-alt1B_assembled,B251,3758,0,P14489,FALSE
19,251,A,9.15,55.49309263,2RL3-alt1A_assembled,A251,1841,0,P14489,FALSE
40,251,B,9.15,55.35905135,2RL3-alt1A_assembled,B251,3780,0,P14489,FALSE
19,251,A,9.31,57.63775322,2RL3-alt1B_assembled,A251,1839,0,P14489,FALSE
40,251,B,8.62,42.22300526,2RL3-alt1B_assembled,B251,3781,0,P14489,FALSE
19,251,A,8.03,51.73993661,2WGI-alt-1_assembled,A251,1822,0,P14489,FALSE
40,251,B,9.62,67.824891,2WGI-alt-1_assembled,B251,3759,0,P14489,FALSE
19,251,A,9.44,56.56542293,2WGV-alt1A_assembled,A251,1845,0,P14489,FALSE
40,251,B,9.36,54.55480363,2WGV-alt1A_assembled,B251,3788,0,P14489,FALSE
19,251,A,9.44,56.56542293,2WGV-alt1B_assembled,A251,1845,0,P14489,FALSE
40,251,B,9.36,54.55480363,2WGV-alt1B_assembled,B251,3788,0,P14489,FALSE
19,251,A,8.29,50.26548246,2WGW-alt1A_assembled,A251,1843,0,P14489,FALSE
40,251,B,9.69,66.21639556,2WGW-alt1A_assembled,B251,3789,0,P14489,FALSE
19,251,A,9.26,65.41214784,2WGW-alt1B_assembled,A251,1845,0,P14489,FALSE
40,251,B,9.46,66.21639556,2WGW-alt1B_assembled,B251,3788,0,P14489,FALSE
18,251,A,9.17,66.21639556,2WKH-alt1A_assembled,A251,1830,0,P14489,FALSE
38,251,B,9.18,62.99940468,2WKH-alt1A_assembled,B251,3770,0,P14489,FALSE
18,251,A,9.17,66.21639556,2WKH-alt1B_assembled,A251,1830,0,P14489,FALSE
38,251,B,9.19,62.99940468,2WKH-alt1B_assembled,B251,3770,0,P14489,FALSE
18,251,A,9.15,61.25686795,2WKI-alt1A_assembled,A251,1830,0,P14489,FALSE
38,251,B,9.1,59.11220737,2WKI-alt1A_assembled,B251,3770,0,P14489,FALSE
18,251,A,9.15,61.25686795,2WKI-alt1B_assembled,A251,1830,0,P14489,FALSE
38,251,B,9.1,59.11220737,2WKI-alt1B_assembled,B251,3770,0,P14489,FALSE
19,251,A,8.59,66.61851942,2X01-alt1A_assembled,A251,1830,0,P14489,FALSE
40,251,B,9.44,60.45262024,2X01-alt1A_assembled,B251,3773,0,P14489,FALSE
19,251,A,9.14,66.08235427,2X01-alt1B_assembled,A251,1832,0,P14489,FALSE
40,251,B,8.97,57.90583579,2X01-alt1B_assembled,B251,3774,0,P14489,FALSE
19,251,A,7.08,37.93368409,2X02-alt1A_assembled,A251,1831,0,P14489,FALSE
40,251,B,8.28,50.93568889,2X02-alt1A_assembled,B251,3779,0,P14489,FALSE
19,251,A,4.52,28.28271146,2X02-alt1B_assembled,A251,1831,0,P14489,FALSE
40,251,B,9.22,56.16329907,2X02-alt1B_assembled,B251,3779,0,P14489,FALSE
19,251,A,9.65,75.46524433,3LCE-alt1B_assembled,A251,1831,0,P14489,FALSE
40,251,B,9.66,71.98017088,3LCE-alt1B_assembled,B251,3767,0,P14489,FALSE
19,251,A,9.38,67.95893228,3LCE-alt1A_assembled,A251,1831,0,P14489,FALSE
40,251,B,9.25,59.11220737,3LCE-alt1A_assembled,B251,3767,0,P14489,FALSE
19,251,A,9.14,65.8142717,4S2O-alt1B_assembled,A251,1833,0,P14489,FALSE
40,251,B,9.12,62.86536339,4S2O-alt1B_assembled,B251,3773,0,P14489,FALSE
19,251,A,9.14,65.8142717,4S2O-alt1A_assembled,A251,1833,0,P14489,FALSE
40,251,B,9.12,62.86536339,4S2O-alt1A_assembled,B251,3773,0,P14489,FALSE
19,251,A,9.69,69.16530386,4WZ5-alt1B_assembled,A251,1831,0,P14489,FALSE
40,251,B,7.45,58.71008351,4WZ5-alt1B_assembled,B251,3763,0,P14489,FALSE
61,251,C,9.75,65.8142717,4WZ5-alt1B_assembled,C251,5697,0,P14489,FALSE
82,251,D,9.4,86.45662983,4WZ5-alt1B_assembled,D251,7637,0,P14489,FALSE
19,251,A,9.54,71.44400573,4WZ5-alt1A_assembled,A251,1831,0,P14489,FALSE
40,251,B,7.95,52.14206047,4WZ5-alt1A_assembled,B251,3763,0,P14489,FALSE
61,251,C,9.75,65.8142717,4WZ5-alt1A_assembled,C251,5697,0,P14489,FALSE
82,251,D,9.39,86.45662983,4WZ5-alt1A_assembled,D251,7637,0,P14489,FALSE
14,251,A,9.41,70.10359287,5MNU-alt1B_assembled,A251,1832,0,P14489,FALSE
27,251,B,9.42,69.03126257,5MNU-alt1B_assembled,B251,3740,0,P14489,FALSE
14,251,A,9.41,70.10359287,5MNU-alt1A_assembled,A251,1832,0,P14489,FALSE
27,251,B,9.42,69.03126257,5MNU-alt1A_assembled,B251,3740,0,P14489,FALSE
12,251,A,9.47,71.98017088,5MOZ-alt1A_assembled,A251,1827,0,P14489,FALSE
22,251,B,9.43,67.28872585,5MOZ-alt1A_assembled,B251,3728,0,P14489,FALSE
12,251,A,9.47,71.98017088,5MOZ-alt1B_assembled,A251,1827,0,P14489,FALSE
22,251,B,9.43,67.28872585,5MOZ-alt1B_assembled,B251,3728,0,P14489,FALSE
20,256,A,10.49,64.74194141,1E3U-alt1B_assembled,A256,1860,0,P14489,FALSE
41,256,B,10.6,73.7227076,1E3U-alt1B_assembled,B256,3785,0,P14489,FALSE
62,256,C,10.8,59.11220737,1E3U-alt1B_assembled,C256,5708,0,P14489,FALSE
83,256,D,11.16,58.30795965,1E3U-alt1B_assembled,D256,7641,0,P14489,FALSE
20,256,A,10.49,64.74194141,1E3U-alt1A_assembled,A256,1860,0,P14489,FALSE
41,256,B,10.6,73.7227076,1E3U-alt1A_assembled,B256,3785,0,P14489,FALSE
62,256,C,11.42,37.79964281,1E3U-alt1A_assembled,C256,5708,0,P14489,FALSE
83,256,D,11.55,54.55480363,1E3U-alt1A_assembled,D256,7641,0,P14489,FALSE
20,256,A,10.56,57.90583579,1E4D-alt1A_assembled,A256,1862,0,P14489,FALSE
41,256,B,10.44,73.05250117,1E4D-alt1A_assembled,B256,3794,0,P14489,FALSE
20,256,A,10.63,68.76318,1E4D-alt1B_assembled,A256,1862,0,P14489,FALSE
41,256,B,10.42,60.31857895,1E4D-alt1B_assembled,B256,3794,0,P14489,FALSE
18,256,A,10.64,76.40353334,1EWZ-alt-1_assembled,A256,1844,0,P14489,FALSE
35,256,B,10.56,63.40152854,1EWZ-alt-1_assembled,B256,3750,0,P14489,FALSE
50,256,C,10.68,57.23562936,1EWZ-alt-1_assembled,C256,5633,0,P14489,FALSE
71,256,D,10.85,45.70807871,1EWZ-alt-1_assembled,D256,7556,0,P14489,FALSE
20,256,A,10.73,70.50571673,1FOF-alt-1_assembled,A256,1874,0,P14489,FALSE
41,256,B,10.74,71.17592316,1FOF-alt-1_assembled,B256,3810,0,P14489,FALSE
20,256,A,10.66,49.72931731,1K4F-alt1A_assembled,A256,1868,0,P14489,FALSE
41,256,B,10.71,62.73132211,1K4F-alt1A_assembled,B256,3812,0,P14489,FALSE
19,256,A,10.54,48.92506959,1K4F-alt1B_assembled,A256,1868,0,P14489,FALSE
40,256,B,10.78,58.97816608,1K4F-alt1B_assembled,B256,3812,0,P14489,FALSE
20,256,A,10.38,59.91645509,1K54-alt1B_assembled,A256,1862,0,P14489,FALSE
41,256,B,10.81,66.48447813,1K54-alt1B_assembled,B256,3798,0,P14489,FALSE
62,256,C,10.76,55.49309263,1K54-alt1B_assembled,C256,5728,0,P14489,FALSE
83,256,D,10.8,65.8142717,1K54-alt1B_assembled,D256,7664,0,P14489,FALSE
19,256,A,10.62,72.38229474,1K54-alt1A_assembled,A256,1862,0,P14489,FALSE
40,256,B,11.04,62.86536339,1K54-alt1A_assembled,B256,3798,0,P14489,FALSE
61,256,C,10.56,68.76318,1K54-alt1A_assembled,C256,5728,0,P14489,FALSE
82,256,D,11.06,45.97616129,1K54-alt1A_assembled,D256,7664,0,P14489,FALSE
20,256,A,11.43,42.22300526,1K55-alt1B_assembled,A256,1868,0,P14489,FALSE
41,256,B,11.03,54.28672105,1K55-alt1B_assembled,B256,3804,0,P14489,FALSE
62,256,C,10.67,31.49970234,1K55-alt1B_assembled,C256,5740,0,P14489,FALSE
83,256,D,10.9,54.42076234,1K55-alt1B_assembled,D256,7680,0,P14489,FALSE
20,256,A,10.78,67.69084971,1K55-alt1A_assembled,A256,1868,0,P14489,FALSE
41,256,B,10.76,52.00801918,1K55-alt1A_assembled,B256,3804,0,P14489,FALSE
61,256,C,9.92,52.14206047,1K55-alt1A_assembled,C256,5719,0,P14489,FALSE
80,256,D,10.82,67.42276714,1K55-alt1A_assembled,D256,7631,0,P14489,FALSE
20,256,A,10.63,76.67161591,1K56-alt1B_assembled,A256,1862,0,P14489,FALSE
41,256,B,10.54,49.32719345,1K56-alt1B_assembled,B256,3794,0,P14489,FALSE
62,256,C,10.81,63.26748725,1K56-alt1B_assembled,C256,5726,0,P14489,FALSE
20,256,A,10.62,67.69084971,1K56-alt1A_assembled,A256,1862,0,P14489,FALSE
41,256,B,10.17,43.56341813,1K56-alt1A_assembled,B256,3794,0,P14489,FALSE
61,256,C,10.8,63.8036524,1K56-alt1A_assembled,C256,5726,0,P14489,FALSE
20,256,A,10.57,56.02925778,1K57-alt1B_assembled,A256,1862,0,P14489,FALSE
41,256,B,11.15,61.25686795,1K57-alt1B_assembled,B256,3794,0,P14489,FALSE
62,256,C,10.7,64.60790012,1K57-alt1B_assembled,C256,5724,0,P14489,FALSE
83,256,D,11.21,60.05049638,1K57-alt1B_assembled,D256,7654,0,P14489,FALSE
20,256,A,10.78,59.11220737,1K57-alt1A_assembled,A256,1862,0,P14489,FALSE
41,256,B,10.37,51.47185404,1K57-alt1A_assembled,B256,3794,0,P14489,FALSE
62,256,C,10.7,64.60790012,1K57-alt1A_assembled,C256,5724,0,P14489,FALSE
83,256,D,10.56,52.67822562,1K57-alt1A_assembled,D256,7654,0,P14489,FALSE
20,256,A,10.69,59.51433123,1K6R-alt-1_assembled,A256,1882,0,P14489,FALSE
19,256,A,10.89,65.01002398,1K6S-alt-1_assembled,A256,1868,0,P14489,FALSE
40,256,B,10.8,42.08896398,1K6S-alt-1_assembled,B256,3804,0,P14489,FALSE
20,256,A,10.76,69.96955158,2HP5-alt-1_assembled,A256,1872,0,P14489,FALSE
41,256,B,10.5,40.74855111,2HP5-alt-1_assembled,B256,3803,0,P14489,FALSE
20,256,A,10.69,55.62713392,2HP6-alt-1_assembled,A256,1861,0,P14489,FALSE
41,256,B,10.72,69.83551029,2HP6-alt-1_assembled,B256,3795,0,P14489,FALSE
20,256,A,10.68,76.13545076,2HP9-alt-1_assembled,A256,1861,0,P14489,FALSE
41,256,B,10.7,73.58866632,2HP9-alt-1_assembled,B256,3795,0,P14489,FALSE
20,256,A,10.76,60.8547441,2HPB-alt1A_assembled,A256,1861,0,P14489,FALSE
41,256,B,10.61,63.40152854,2HPB-alt1A_assembled,B256,3795,0,P14489,FALSE
20,256,A,10.76,60.8547441,2HPB-alt1B_assembled,A256,1861,0,P14489,FALSE
41,256,B,10.61,63.40152854,2HPB-alt1B_assembled,B256,3795,0,P14489,FALSE
20,256,A,10.76,53.34843205,2RL3-alt1A_assembled,A256,1878,0,P14489,FALSE
41,256,B,10.74,57.50371193,2RL3-alt1A_assembled,B256,3817,0,P14489,FALSE
20,256,A,10.76,59.7824138,2RL3-alt1B_assembled,A256,1876,0,P14489,FALSE
41,256,B,10.74,57.50371193,2RL3-alt1B_assembled,B256,3818,0,P14489,FALSE
20,256,A,11.02,54.8228862,2WGI-alt-1_assembled,A256,1859,0,P14489,FALSE
41,256,B,11.21,67.42276714,2WGI-alt-1_assembled,B256,3796,0,P14489,FALSE
20,256,A,10.65,55.62713392,2WGV-alt1A_assembled,A256,1882,0,P14489,FALSE
41,256,B,10.8,39.67622082,2WGV-alt1A_assembled,B256,3825,0,P14489,FALSE
20,256,A,10.65,55.62713392,2WGV-alt1B_assembled,A256,1882,0,P14489,FALSE
41,256,B,10.8,39.67622082,2WGV-alt1B_assembled,B256,3825,0,P14489,FALSE
20,256,A,10.97,31.63374363,2WGW-alt1A_assembled,A256,1880,0,P14489,FALSE
41,256,B,10.76,73.18654246,2WGW-alt1A_assembled,B256,3826,0,P14489,FALSE
20,256,A,10.66,55.09096877,2WGW-alt1B_assembled,A256,1882,0,P14489,FALSE
41,256,B,10.76,73.18654246,2WGW-alt1B_assembled,B256,3825,0,P14489,FALSE
19,256,A,10.68,66.88660199,2WKH-alt1A_assembled,A256,1867,0,P14489,FALSE
39,256,B,10.64,58.8441248,2WKH-alt1A_assembled,B256,3807,0,P14489,FALSE
19,256,A,10.68,66.88660199,2WKH-alt1B_assembled,A256,1867,0,P14489,FALSE
39,256,B,10.64,58.8441248,2WKH-alt1B_assembled,B256,3807,0,P14489,FALSE
19,256,A,10.68,57.90583579,2WKI-alt1A_assembled,A256,1867,0,P14489,FALSE
39,256,B,10.66,68.76318,2WKI-alt1A_assembled,B256,3807,0,P14489,FALSE
19,256,A,10.68,57.90583579,2WKI-alt1B_assembled,A256,1867,0,P14489,FALSE
39,256,B,10.66,68.76318,2WKI-alt1B_assembled,B256,3807,0,P14489,FALSE
20,256,A,11.03,38.06772538,2X01-alt1A_assembled,A256,1867,0,P14489,FALSE
41,256,B,10.65,58.17391836,2X01-alt1A_assembled,B256,3810,0,P14489,FALSE
20,256,A,10.62,63.26748725,2X01-alt1B_assembled,A256,1869,0,P14489,FALSE
41,256,B,10.81,58.44200094,2X01-alt1B_assembled,B256,3811,0,P14489,FALSE
20,256,A,10.89,65.54618912,2X02-alt1A_assembled,A256,1868,0,P14489,FALSE
41,256,B,10.96,31.76778491,2X02-alt1A_assembled,B256,3816,0,P14489,FALSE
20,256,A,10.77,47.58465673,2X02-alt1B_assembled,A256,1868,0,P14489,FALSE
41,256,B,10.77,50.26548246,2X02-alt1B_assembled,B256,3816,0,P14489,FALSE
20,256,A,10.8,53.34843205,3LCE-alt1B_assembled,A256,1868,0,P14489,FALSE
41,256,B,9.89,36.99539509,3LCE-alt1B_assembled,B256,3804,0,P14489,FALSE
20,256,A,10.78,64.20577626,3LCE-alt1A_assembled,A256,1868,0,P14489,FALSE
41,256,B,10.8,52.67822562,3LCE-alt1A_assembled,B256,3804,0,P14489,FALSE
20,256,A,10.69,76.53757462,4S2O-alt1B_assembled,A256,1870,0,P14489,FALSE
41,256,B,10.72,64.47385883,4S2O-alt1B_assembled,B256,3810,0,P14489,FALSE
20,256,A,10.69,76.53757462,4S2O-alt1A_assembled,A256,1870,0,P14489,FALSE
41,256,B,10.72,64.47385883,4S2O-alt1A_assembled,B256,3810,0,P14489,FALSE
20,256,A,10.7,39.81026211,4WZ5-alt1B_assembled,A256,1868,0,P14489,FALSE
41,256,B,10.66,56.56542293,4WZ5-alt1B_assembled,B256,3800,0,P14489,FALSE
62,256,C,10.67,55.22501006,4WZ5-alt1B_assembled,C256,5734,0,P14489,FALSE
83,256,D,10.69,60.45262024,4WZ5-alt1B_assembled,D256,7674,0,P14489,FALSE
20,256,A,10.77,48.65698702,4WZ5-alt1A_assembled,A256,1868,0,P14489,FALSE
41,256,B,10.92,45.43999614,4WZ5-alt1A_assembled,B256,3800,0,P14489,FALSE
62,256,C,10.67,55.22501006,4WZ5-alt1A_assembled,C256,5734,0,P14489,FALSE
83,256,D,10.69,60.45262024,4WZ5-alt1A_assembled,D256,7674,0,P14489,FALSE
15,256,A,10.76,78.14607006,5MNU-alt1B_assembled,A256,1869,0,P14489,FALSE
28,256,B,10.64,53.34843205,5MNU-alt1B_assembled,B256,3777,0,P14489,FALSE
15,256,A,10.76,78.14607006,5MNU-alt1A_assembled,A256,1869,0,P14489,FALSE
28,256,B,10.64,53.34843205,5MNU-alt1A_assembled,B256,3777,0,P14489,FALSE
13,256,A,10.77,71.44400573,5MOZ-alt1A_assembled,A256,1864,0,P14489,FALSE
13,256,A,10.77,71.44400573,5MOZ-alt1B_assembled,A256,1864,0,P14489,FALSE