,resid,chain,pKa,sasa,PDB Code,Chain_Resid,Assembled Index,plddt,Uniprot Entry,carbamylated
0,29,A,11.34,58.03987708,10GS-alt-1_assembled,A29,225,0,P09211,FALSE
12,29,B,11.34,54.68884491,10GS-alt-1_assembled,B29,1856,0,P09211,FALSE
0,29,A,11.07,52.14206047,11GS-alt-1_assembled,A29,225,0,P09211,FALSE
12,29,B,11.07,53.75055591,11GS-alt-1_assembled,B29,1856,0,P09211,FALSE
0,29,A,11.16,58.97816608,12GS-alt-1_assembled,A29,225,0,P09211,FALSE
12,29,B,11.14,57.36967064,12GS-alt-1_assembled,B29,1856,0,P09211,FALSE
0,29,A,11.24,53.21439076,13GS-alt-1_assembled,A29,240,0,P09211,FALSE
12,29,B,11.26,53.48247333,13GS-alt-1_assembled,B29,1871,0,P09211,FALSE
0,29,A,11.33,58.57604222,16GS-alt-1_assembled,A29,225,0,P09211,FALSE
12,29,B,11.33,53.75055591,16GS-alt-1_assembled,B29,1856,0,P09211,FALSE
0,29,A,11.18,49.72931731,17GS-alt-1_assembled,A29,240,0,P09211,FALSE
11,29,B,11.2,54.95692749,17GS-alt-1_assembled,B29,1867,0,P09211,FALSE
0,29,A,10.8,55.62713392,18GS-alt-1_assembled,A29,225,0,P09211,FALSE
12,29,B,10.83,55.49309263,18GS-alt-1_assembled,B29,1856,0,P09211,FALSE
0,29,A,10.61,62.06111567,19GS-alt-1_assembled,A29,225,0,P09211,FALSE
12,29,B,10.62,64.74194141,19GS-alt-1_assembled,B29,1856,0,P09211,FALSE
0,29,A,10.63,64.33981755,1AQV-alt-1_assembled,A29,232,0,P09211,FALSE
12,29,B,10.89,64.60790012,1AQV-alt-1_assembled,B29,1870,0,P09211,FALSE
0,29,A,9.99,63.13344597,1AQW-alt-1_assembled,A29,232,0,P09211,FALSE
12,29,B,11.11,65.68023041,1AQW-alt-1_assembled,B29,1870,0,P09211,FALSE
24,29,C,11.77,41.01663369,1AQW-alt-1_assembled,C29,3508,0,P09211,FALSE
36,29,D,10.85,48.79102831,1AQW-alt-1_assembled,D29,5146,0,P09211,FALSE
0,29,A,10.38,70.10359287,1AQX-alt-1_assembled,A29,225,0,P09211,FALSE
12,29,B,10.53,89.27149684,1AQX-alt-1_assembled,B29,1856,0,P09211,FALSE
24,29,C,10.84,56.29734035,1AQX-alt-1_assembled,C29,3487,0,P09211,FALSE
36,29,D,10.73,63.13344597,1AQX-alt-1_assembled,D29,5118,0,P09211,FALSE
0,29,A,11.33,60.72070281,1EOG-alt-1_assembled,A29,225,0,P09211,FALSE
12,29,B,11.39,57.10158807,1EOG-alt-1_assembled,B29,1855,0,P09211,FALSE
0,29,A,10.59,57.63775322,1EOH-alt-1_assembled,A29,232,0,P09211,FALSE
12,29,B,10.56,63.40152854,1EOH-alt-1_assembled,B29,1867,0,P09211,FALSE
24,29,C,10.38,76.00140948,1EOH-alt-1_assembled,C29,3502,0,P09211,FALSE
36,29,D,10.42,88.7353317,1EOH-alt-1_assembled,D29,5137,0,P09211,FALSE
48,29,E,10.46,60.98878538,1EOH-alt-1_assembled,E29,6772,0,P09211,FALSE
60,29,F,10.45,54.68884491,1EOH-alt-1_assembled,F29,8407,0,P09211,FALSE
72,29,G,10.44,55.09096877,1EOH-alt-1_assembled,G29,10042,0,P09211,FALSE
84,29,H,10.47,74.39291404,1EOH-alt-1_assembled,H29,11677,0,P09211,FALSE
0,29,A,10.42,83.23963895,1GSS-alt-1_assembled,A29,232,0,P09211,FALSE
12,29,B,10.99,55.22501006,1GSS-alt-1_assembled,B29,1870,0,P09211,FALSE
0,29,A,10.59,56.96754679,1KBN-alt-1_assembled,A29,232,0,P09211,FALSE
12,29,B,10.59,65.68023041,1KBN-alt-1_assembled,B29,1860,0,P09211,FALSE
0,29,A,11.2,52.94630819,1LBK-alt-1_assembled,A29,232,0,P09211,FALSE
12,29,B,11.21,55.22501006,1LBK-alt-1_assembled,B29,1868,0,P09211,FALSE
0,29,A,10.92,60.98878538,1MD3-alt-1_assembled,A29,225,0,P09211,FALSE
12,29,B,10.58,63.66961111,1MD3-alt-1_assembled,B29,1857,0,P09211,FALSE
0,29,A,11.18,58.03987708,1MD4-alt-1_assembled,A29,225,0,P09211,FALSE
12,29,B,11.19,56.96754679,1MD4-alt-1_assembled,B29,1859,0,P09211,FALSE
0,29,A,10.41,79.08435907,1PGT-alt-1_assembled,A29,240,0,P09211,FALSE
12,29,B,10.42,71.17592316,1PGT-alt-1_assembled,B29,1877,0,P09211,FALSE
0,29,A,10.52,60.8547441,1PX6-alt-1_assembled,A29,232,0,P09211,FALSE
12,29,B,10.72,61.7930331,1PX6-alt-1_assembled,B29,1870,0,P09211,FALSE
0,29,A,11.41,54.8228862,1PX7-alt-1_assembled,A29,232,0,P09211,FALSE
12,29,B,10.66,61.25686795,1PX7-alt-1_assembled,B29,1864,0,P09211,FALSE
0,29,A,10.44,75.06312047,1ZGN-alt-1_assembled,A29,225,0,P09211,FALSE
12,29,B,10.42,87.39491883,1ZGN-alt-1_assembled,B29,1855,0,P09211,FALSE
0,29,A,10.47,76.26949205,20GS-alt-1_assembled,A29,225,0,P09211,FALSE
12,29,B,10.47,76.53757462,20GS-alt-1_assembled,B29,1856,0,P09211,FALSE
0,29,A,11.09,54.28672105,22GS-alt-1_assembled,A29,225,0,P09211,FALSE
12,29,B,11.09,51.73993661,22GS-alt-1_assembled,B29,1855,0,P09211,FALSE
0,29,A,11,40.21238597,2A2R-alt1B_assembled,A29,240,0,P09211,FALSE
12,29,B,10.39,90.47786842,2A2R-alt1B_assembled,B29,1878,0,P09211,FALSE
0,29,A,11,40.21238597,2A2R-alt1A_assembled,A29,240,0,P09211,FALSE
12,29,B,10.39,90.47786842,2A2R-alt1A_assembled,B29,1878,0,P09211,FALSE
0,29,A,10.55,64.60790012,2A2S-alt1B_assembled,A29,240,0,P09211,FALSE
12,29,B,10.43,87.39491883,2A2S-alt1B_assembled,B29,1878,0,P09211,FALSE
0,29,A,10.55,64.60790012,2A2S-alt1A_assembled,A29,240,0,P09211,FALSE
12,29,B,10.43,87.39491883,2A2S-alt1A_assembled,B29,1878,0,P09211,FALSE
0,29,A,10.59,69.03126257,2GSS-alt-1_assembled,A29,225,0,P09211,FALSE
12,29,B,10.57,65.01002398,2GSS-alt-1_assembled,B29,1856,0,P09211,FALSE
0,29,A,10.44,79.7545655,2PGT-alt-1_assembled,A29,240,0,P09211,FALSE
12,29,B,10.39,83.10559766,2PGT-alt-1_assembled,B29,1877,0,P09211,FALSE
0,29,A,11.43,54.8228862,3CSH-alt1A_assembled,A29,232,0,P09211,FALSE
12,29,B,10.62,61.25686795,3CSH-alt1A_assembled,B29,1870,0,P09211,FALSE
0,29,A,11.43,54.8228862,3CSH-alt1B_assembled,A29,232,0,P09211,FALSE
12,29,B,10.62,61.25686795,3CSH-alt1B_assembled,B29,1870,0,P09211,FALSE
0,29,A,11.42,54.8228862,3CSI-alt1A_assembled,A29,232,0,P09211,FALSE
12,29,B,10.64,66.61851942,3CSI-alt1A_assembled,B29,1871,0,P09211,FALSE
24,29,C,11.11,56.96754679,3CSI-alt1A_assembled,C29,3510,0,P09211,FALSE
36,29,D,10.45,85.92046468,3CSI-alt1A_assembled,D29,5149,0,P09211,FALSE
0,29,A,11.42,54.8228862,3CSI-alt1B_assembled,A29,232,0,P09211,FALSE
12,29,B,10.64,66.61851942,3CSI-alt1B_assembled,B29,1871,0,P09211,FALSE
24,29,C,11.11,56.96754679,3CSI-alt1B_assembled,C29,3510,0,P09211,FALSE
36,29,D,10.45,85.92046468,3CSI-alt1B_assembled,D29,5149,0,P09211,FALSE
0,29,A,11.29,48.38890445,3CSJ-alt-1_assembled,A29,232,0,P09211,FALSE
12,29,B,10.7,58.57604222,3CSJ-alt-1_assembled,B29,1870,0,P09211,FALSE
0,29,A,10.66,50.93568889,3DD3-alt-1_assembled,A29,240,0,P09211,FALSE
12,29,B,10.78,57.50371193,3DD3-alt-1_assembled,B29,1871,0,P09211,FALSE
0,29,A,11.21,63.53556983,3DGQ-alt1A_assembled,A29,240,0,P09211,FALSE
12,29,B,10.65,60.8547441,3DGQ-alt1A_assembled,B29,1871,0,P09211,FALSE
0,29,A,11.21,63.53556983,3DGQ-alt1B_assembled,A29,240,0,P09211,FALSE
12,29,B,10.65,60.8547441,3DGQ-alt1B_assembled,B29,1871,0,P09211,FALSE
0,29,A,11,54.01863848,3GSS-alt-1_assembled,A29,225,0,P09211,FALSE
12,29,B,11.18,51.60589532,3GSS-alt-1_assembled,B29,1856,0,P09211,FALSE
0,29,A,11.45,54.28672105,3GUS-alt1A_assembled,A29,232,0,P09211,FALSE
12,29,B,10.61,62.19515696,3GUS-alt1A_assembled,B29,1863,0,P09211,FALSE
0,29,A,11.45,54.28672105,3GUS-alt1B_assembled,A29,232,0,P09211,FALSE
12,29,B,10.61,62.19515696,3GUS-alt1B_assembled,B29,1863,0,P09211,FALSE
0,29,A,11.4,60.58666152,3HJM-alt1A_assembled,A29,225,0,P09211,FALSE
12,29,B,10.63,66.61851942,3HJM-alt1A_assembled,B29,1851,0,P09211,FALSE
24,29,C,10.83,63.93769369,3HJM-alt1A_assembled,C29,3477,0,P09211,FALSE
36,29,D,10.64,63.26748725,3HJM-alt1A_assembled,D29,5103,0,P09211,FALSE
0,29,A,11.4,60.58666152,3HJM-alt1B_assembled,A29,225,0,P09211,FALSE
12,29,B,10.63,66.61851942,3HJM-alt1B_assembled,B29,1851,0,P09211,FALSE
24,29,C,10.83,63.93769369,3HJM-alt1B_assembled,C29,3477,0,P09211,FALSE
36,29,D,10.64,63.26748725,3HJM-alt1B_assembled,D29,5103,0,P09211,FALSE
0,29,A,11.44,54.68884491,3HJO-alt1A_assembled,A29,232,0,P09211,FALSE
12,29,B,11.22,57.10158807,3HJO-alt1A_assembled,B29,1864,0,P09211,FALSE
0,29,A,11.44,54.68884491,3HJO-alt1B_assembled,A29,232,0,P09211,FALSE
12,29,B,11.22,57.10158807,3HJO-alt1B_assembled,B29,1864,0,P09211,FALSE
0,29,A,11.43,54.95692749,3HKR-alt1B_assembled,A29,225,0,P09211,FALSE
12,29,B,10.61,67.55680842,3HKR-alt1B_assembled,B29,1857,0,P09211,FALSE
0,29,A,11.43,54.95692749,3HKR-alt1A_assembled,A29,225,0,P09211,FALSE
12,29,B,10.61,67.55680842,3HKR-alt1A_assembled,B29,1857,0,P09211,FALSE
0,29,A,11.4,60.72070281,3IE3-alt1A_assembled,A29,232,0,P09211,FALSE
12,29,B,10.6,63.13344597,3IE3-alt1A_assembled,B29,1860,0,P09211,FALSE
0,29,A,11.4,60.72070281,3IE3-alt1B_assembled,A29,232,0,P09211,FALSE
12,29,B,10.6,63.13344597,3IE3-alt1B_assembled,B29,1860,0,P09211,FALSE
0,29,A,11.33,63.53556983,3KM6-alt1A_assembled,A29,225,0,P09211,FALSE
12,29,B,10.88,59.11220737,3KM6-alt1A_assembled,B29,1858,0,P09211,FALSE
0,29,A,11.33,63.53556983,3KM6-alt1B_assembled,A29,225,0,P09211,FALSE
12,29,B,10.88,59.11220737,3KM6-alt1B_assembled,B29,1858,0,P09211,FALSE
0,29,A,11.4,60.05049638,3KMN-alt1A_assembled,A29,232,0,P09211,FALSE
12,29,B,11.42,58.30795965,3KMN-alt1A_assembled,B29,1865,0,P09211,FALSE
0,29,A,11.4,60.05049638,3KMN-alt1B_assembled,A29,232,0,P09211,FALSE
12,29,B,11.42,58.30795965,3KMN-alt1B_assembled,B29,1865,0,P09211,FALSE
0,29,A,11.48,57.7717945,3KMO-alt1A_assembled,A29,225,0,P09211,FALSE
12,29,B,10.94,62.73132211,3KMO-alt1A_assembled,B29,1858,0,P09211,FALSE
0,29,A,11.48,57.7717945,3KMO-alt1B_assembled,A29,225,0,P09211,FALSE
12,29,B,10.94,62.73132211,3KMO-alt1B_assembled,B29,1858,0,P09211,FALSE
0,29,A,11.38,59.51433123,3N9J-alt1B_assembled,A29,225,0,P09211,FALSE
12,29,B,10.67,58.17391836,3N9J-alt1B_assembled,B29,1856,0,P09211,FALSE
0,29,A,11.38,59.51433123,3N9J-alt1A_assembled,A29,225,0,P09211,FALSE
12,29,B,10.67,58.17391836,3N9J-alt1A_assembled,B29,1856,0,P09211,FALSE
0,29,A,10.75,66.88660199,3PGT-alt-1_assembled,A29,240,0,P09211,FALSE
12,29,B,10.72,43.69745942,3PGT-alt-1_assembled,B29,1878,0,P09211,FALSE
0,29,A,11.27,57.90583579,4GSS-alt-1_assembled,A29,225,0,P09211,FALSE
12,29,B,11.27,56.69946421,4GSS-alt-1_assembled,B29,1855,0,P09211,FALSE
0,29,A,10.65,57.50371193,5DAL-alt1A_assembled,A29,232,0,P09211,FALSE
0,29,A,10.65,57.50371193,5DAL-alt1B_assembled,A29,232,0,P09211,FALSE
0,29,A,10.81,52.14206047,5DCG-alt1B_assembled,A29,237,0,P09211,FALSE
12,29,B,10.63,58.44200094,5DCG-alt1B_assembled,B29,1858,0,P09211,FALSE
0,29,A,10.81,52.14206047,5DCG-alt1A_assembled,A29,237,0,P09211,FALSE
12,29,B,10.63,58.44200094,5DCG-alt1A_assembled,B29,1858,0,P09211,FALSE
0,29,A,11.02,52.14206047,5DDL-alt-1_assembled,A29,240,0,P09211,FALSE
0,29,A,10.99,51.33781275,5DJL-alt1A_assembled,A29,240,0,P09211,FALSE
12,29,B,10.61,59.51433123,5DJL-alt1A_assembled,B29,1878,0,P09211,FALSE
0,29,A,10.99,51.33781275,5DJL-alt1B_assembled,A29,240,0,P09211,FALSE
12,29,B,10.61,59.51433123,5DJL-alt1B_assembled,B29,1878,0,P09211,FALSE
0,29,A,10.46,78.68223521,5DJM-alt-1_assembled,A29,230,0,P09211,FALSE
12,29,B,10.62,61.25686795,5DJM-alt-1_assembled,B29,1861,0,P09211,FALSE
0,29,A,11.08,53.48247333,5GSS-alt-1_assembled,A29,225,0,P09211,FALSE
12,29,B,11.09,55.09096877,5GSS-alt-1_assembled,B29,1856,0,P09211,FALSE
0,29,A,10.55,55.89521649,5J41-alt1A_assembled,A29,232,0,P09211,FALSE
12,29,B,10.56,58.30795965,5J41-alt1A_assembled,B29,1863,0,P09211,FALSE
0,29,A,10.55,55.89521649,5J41-alt1B_assembled,A29,232,0,P09211,FALSE
12,29,B,10.56,58.30795965,5J41-alt1B_assembled,B29,1863,0,P09211,FALSE
0,29,A,11.47,66.61851942,5JCW-alt1B_assembled,A29,232,0,P09211,FALSE
12,29,B,11.26,62.73132211,5JCW-alt1B_assembled,B29,1870,0,P09211,FALSE
0,29,A,11.47,66.61851942,5JCW-alt1A_assembled,A29,232,0,P09211,FALSE
12,29,B,11.26,62.73132211,5JCW-alt1A_assembled,B29,1870,0,P09211,FALSE
0,29,A,10.53,80.96093708,5L6X-alt-1_assembled,A29,238,0,P09211,FALSE
12,29,B,10.39,86.7247124,5L6X-alt-1_assembled,B29,1869,0,P09211,FALSE
0,29,A,11.19,73.18654246,6AP9-alt1B_assembled,A29,240,0,P09211,FALSE
12,29,B,10.63,49.99739988,6AP9-alt1B_assembled,B29,1878,0,P09211,FALSE
0,29,A,11.44,55.09096877,6GSS-alt-1_assembled,A29,225,0,P09211,FALSE
12,29,B,11.44,53.08034948,6GSS-alt-1_assembled,B29,1856,0,P09211,FALSE
0,29,A,10.62,52.14206047,6LLX-alt1B_assembled,A29,232,0,P09211,FALSE
12,29,B,10.53,58.44200094,6LLX-alt1B_assembled,B29,1913,0,P09211,FALSE
0,29,A,10.62,52.14206047,6LLX-alt1A_assembled,A29,232,0,P09211,FALSE
12,29,B,10.53,58.44200094,6LLX-alt1A_assembled,B29,1913,0,P09211,FALSE
0,29,A,10.48,65.8142717,6Y1E-alt1A_assembled,A29,232,0,P09211,FALSE
12,29,B,10.49,97.98418047,6Y1E-alt1A_assembled,B29,1863,0,P09211,FALSE
24,29,C,11.21,55.49309263,6Y1E-alt1A_assembled,C29,3501,0,P09211,FALSE
36,29,D,10.47,69.03126257,6Y1E-alt1A_assembled,D29,5139,0,P09211,FALSE
0,29,A,10.48,65.8142717,6Y1E-alt1B_assembled,A29,232,0,P09211,FALSE
12,29,B,10.49,97.98418047,6Y1E-alt1B_assembled,B29,1863,0,P09211,FALSE
24,29,C,11.21,55.49309263,6Y1E-alt1B_assembled,C29,3501,0,P09211,FALSE
36,29,D,10.47,69.03126257,6Y1E-alt1B_assembled,D29,5139,0,P09211,FALSE
0,29,A,10.91,56.16329907,7GSS-alt-1_assembled,A29,232,0,P09211,FALSE
12,29,B,10.91,57.90583579,7GSS-alt-1_assembled,B29,1870,0,P09211,FALSE
0,29,A,11.37,57.23562936,8GSS-alt-1_assembled,A29,232,0,P09211,FALSE
12,29,B,10.42,88.06512527,8GSS-alt-1_assembled,B29,1870,0,P09211,FALSE
24,29,C,10.54,63.8036524,8GSS-alt-1_assembled,C29,3508,0,P09211,FALSE
0,29,A,11.16,49.32719345,9GSS-alt-1_assembled,A29,225,0,P09211,FALSE
12,29,B,11.14,51.60589532,9GSS-alt-1_assembled,B29,1856,0,P09211,FALSE
0,30,A,11.44,63.93769369,AF-P09211-F1-model_v1,A30,240,98.08,P09211,FALSE
0,30,A,11.27,64.33981755,2J9H-alt-1_assembled,A30,232,0,P09211,FALSE
12,30,B,10.57,69.43338643,2J9H-alt-1_assembled,B30,1868,0,P09211,FALSE
0,30,A,11.26,48.92506959,5X79-alt-1_assembled,A30,240,0,P09211,FALSE
12,30,B,10.61,60.31857895,5X79-alt-1_assembled,B30,1886,0,P09211,FALSE
1,42,A,9.95,56.69946421,1GSS-alt-1_assembled,A42,353,0,P09211,FALSE
13,42,B,10.05,59.24624866,1GSS-alt-1_assembled,B42,1991,0,P09211,FALSE
1,44,A,10.13,60.18453766,10GS-alt-1_assembled,A44,346,0,P09211,FALSE
13,44,B,10.13,72.24825345,10GS-alt-1_assembled,B44,1977,0,P09211,FALSE
1,44,A,10.11,63.93769369,11GS-alt-1_assembled,A44,346,0,P09211,FALSE
13,44,B,10.12,71.04188187,11GS-alt-1_assembled,B44,1977,0,P09211,FALSE
1,44,A,10.06,66.21639556,12GS-alt-1_assembled,A44,346,0,P09211,FALSE
13,44,B,10.07,73.85674889,12GS-alt-1_assembled,B44,1977,0,P09211,FALSE
1,44,A,10.14,62.59728082,13GS-alt-1_assembled,A44,361,0,P09211,FALSE
13,44,B,10.15,71.30996445,13GS-alt-1_assembled,B44,1992,0,P09211,FALSE
1,44,A,10.14,63.53556983,16GS-alt-1_assembled,A44,346,0,P09211,FALSE
13,44,B,10.15,67.95893228,16GS-alt-1_assembled,B44,1977,0,P09211,FALSE
1,44,A,10.12,62.59728082,17GS-alt-1_assembled,A44,361,0,P09211,FALSE
12,44,B,10.13,71.57804702,17GS-alt-1_assembled,B44,1988,0,P09211,FALSE
1,44,A,10.11,61.39090924,18GS-alt-1_assembled,A44,346,0,P09211,FALSE
13,44,B,10.11,75.19716176,18GS-alt-1_assembled,B44,1977,0,P09211,FALSE
1,44,A,10.08,64.47385883,19GS-alt-1_assembled,A44,346,0,P09211,FALSE
13,44,B,10.08,71.57804702,19GS-alt-1_assembled,B44,1977,0,P09211,FALSE
1,44,A,10.06,53.48247333,1AQV-alt-1_assembled,A44,353,0,P09211,FALSE
13,44,B,10.05,58.8441248,1AQV-alt-1_assembled,B44,1991,0,P09211,FALSE
1,44,A,10.04,68.36105614,1AQW-alt-1_assembled,A44,353,0,P09211,FALSE
13,44,B,10.3,74.92907918,1AQW-alt-1_assembled,B44,1991,0,P09211,FALSE
25,44,C,10.05,54.42076234,1AQW-alt-1_assembled,C44,3629,0,P09211,FALSE
37,44,D,10.31,59.91645509,1AQW-alt-1_assembled,D44,5267,0,P09211,FALSE
1,44,A,9.98,66.61851942,1AQX-alt-1_assembled,A44,346,0,P09211,FALSE
13,44,B,9.84,56.56542293,1AQX-alt-1_assembled,B44,1977,0,P09211,FALSE
25,44,C,10.16,45.43999614,1AQX-alt-1_assembled,C44,3608,0,P09211,FALSE
37,44,D,10.19,53.08034948,1AQX-alt-1_assembled,D44,5239,0,P09211,FALSE
1,44,A,10.33,63.13344597,1EOG-alt-1_assembled,A44,346,0,P09211,FALSE
13,44,B,10.2,66.88660199,1EOG-alt-1_assembled,B44,1976,0,P09211,FALSE
1,44,A,10.13,50.39952374,1EOH-alt-1_assembled,A44,353,0,P09211,FALSE
13,44,B,10.27,55.76117521,1EOH-alt-1_assembled,B44,1988,0,P09211,FALSE
25,44,C,10.3,48.38890445,1EOH-alt-1_assembled,C44,3623,0,P09211,FALSE
37,44,D,10.05,47.98678059,1EOH-alt-1_assembled,D44,5258,0,P09211,FALSE
49,44,E,10.05,46.91445029,1EOH-alt-1_assembled,E44,6893,0,P09211,FALSE
61,44,F,10.08,46.24424386,1EOH-alt-1_assembled,F44,8528,0,P09211,FALSE
73,44,G,10.11,48.92506959,1EOH-alt-1_assembled,G44,10163,0,P09211,FALSE
85,44,H,10.09,49.59527602,1EOH-alt-1_assembled,H44,11798,0,P09211,FALSE
1,44,A,10.06,53.34843205,1KBN-alt-1_assembled,A44,353,0,P09211,FALSE
13,44,B,10.07,54.55480363,1KBN-alt-1_assembled,B44,1981,0,P09211,FALSE
1,44,A,10.12,55.35905135,1LBK-alt-1_assembled,A44,353,0,P09211,FALSE
13,44,B,10.12,59.24624866,1LBK-alt-1_assembled,B44,1989,0,P09211,FALSE
1,44,A,10.08,62.19515696,1MD3-alt-1_assembled,A44,346,0,P09211,FALSE
13,44,B,10.07,71.71208831,1MD3-alt-1_assembled,B44,1978,0,P09211,FALSE
1,44,A,10.1,63.66961111,1MD4-alt-1_assembled,A44,346,0,P09211,FALSE
13,44,B,10.13,74.25887275,1MD4-alt-1_assembled,B44,1980,0,P09211,FALSE
1,44,A,10.07,61.7930331,1PGT-alt-1_assembled,A44,361,0,P09211,FALSE
13,44,B,10.06,53.21439076,1PGT-alt-1_assembled,B44,1998,0,P09211,FALSE
1,44,A,10.1,57.7717945,1PX6-alt-1_assembled,A44,353,0,P09211,FALSE
13,44,B,10.11,63.8036524,1PX6-alt-1_assembled,B44,1991,0,P09211,FALSE
1,44,A,10.12,62.46323953,1PX7-alt-1_assembled,A44,353,0,P09211,FALSE
13,44,B,10.06,72.7844186,1PX7-alt-1_assembled,B44,1985,0,P09211,FALSE
1,44,A,10.06,61.7930331,1ZGN-alt-1_assembled,A44,346,0,P09211,FALSE
13,44,B,10.11,72.11421217,1ZGN-alt-1_assembled,B44,1976,0,P09211,FALSE
1,44,A,10.28,71.84612959,20GS-alt-1_assembled,A44,346,0,P09211,FALSE
13,44,B,10.25,79.88860679,20GS-alt-1_assembled,B44,1977,0,P09211,FALSE
1,44,A,10.09,59.7824138,22GS-alt-1_assembled,A44,346,0,P09211,FALSE
13,44,B,10.1,67.824891,22GS-alt-1_assembled,B44,1976,0,P09211,FALSE
1,44,A,10.1,64.74194141,2A2R-alt1B_assembled,A44,361,0,P09211,FALSE
13,44,B,10.08,71.84612959,2A2R-alt1B_assembled,B44,1999,0,P09211,FALSE
1,44,A,10.1,64.74194141,2A2R-alt1A_assembled,A44,361,0,P09211,FALSE
13,44,B,10.08,71.84612959,2A2R-alt1A_assembled,B44,1999,0,P09211,FALSE
1,44,A,10.04,61.39090924,2A2S-alt1B_assembled,A44,361,0,P09211,FALSE
13,44,B,10.07,72.51633603,2A2S-alt1B_assembled,B44,1999,0,P09211,FALSE
1,44,A,10.04,61.39090924,2A2S-alt1A_assembled,A44,361,0,P09211,FALSE
13,44,B,10.07,72.51633603,2A2S-alt1A_assembled,B44,1999,0,P09211,FALSE
1,44,A,10.14,61.65899181,2GSS-alt-1_assembled,A44,346,0,P09211,FALSE
13,44,B,10.15,69.70146901,2GSS-alt-1_assembled,B44,1977,0,P09211,FALSE
1,44,A,10.02,58.44200094,2PGT-alt-1_assembled,A44,361,0,P09211,FALSE
13,44,B,10.16,54.95692749,2PGT-alt-1_assembled,B44,1998,0,P09211,FALSE
1,44,A,10.07,59.11220737,3CSH-alt1A_assembled,A44,353,0,P09211,FALSE
13,44,B,10.09,73.58866632,3CSH-alt1A_assembled,B44,1991,0,P09211,FALSE
1,44,A,10.07,59.11220737,3CSH-alt1B_assembled,A44,353,0,P09211,FALSE
13,44,B,10.09,73.58866632,3CSH-alt1B_assembled,B44,1991,0,P09211,FALSE
1,44,A,10.09,61.65899181,3CSI-alt1A_assembled,A44,353,0,P09211,FALSE
13,44,B,10.13,71.71208831,3CSI-alt1A_assembled,B44,1992,0,P09211,FALSE
25,44,C,10.07,53.48247333,3CSI-alt1A_assembled,C44,3631,0,P09211,FALSE
37,44,D,10.12,48.38890445,3CSI-alt1A_assembled,D44,5270,0,P09211,FALSE
1,44,A,10.09,61.65899181,3CSI-alt1B_assembled,A44,353,0,P09211,FALSE
13,44,B,10.13,71.71208831,3CSI-alt1B_assembled,B44,1992,0,P09211,FALSE
25,44,C,10.07,53.48247333,3CSI-alt1B_assembled,C44,3631,0,P09211,FALSE
37,44,D,10.13,48.38890445,3CSI-alt1B_assembled,D44,5270,0,P09211,FALSE
1,44,A,10.1,65.94831298,3CSJ-alt-1_assembled,A44,353,0,P09211,FALSE
13,44,B,10.22,73.32058374,3CSJ-alt-1_assembled,B44,1991,0,P09211,FALSE
1,44,A,10.1,64.60790012,3DD3-alt-1_assembled,A44,361,0,P09211,FALSE
13,44,B,10.19,71.98017088,3DD3-alt-1_assembled,B44,1992,0,P09211,FALSE
1,44,A,10,57.50371193,3DGQ-alt1A_assembled,A44,361,0,P09211,FALSE
13,44,B,10.12,71.17592316,3DGQ-alt1A_assembled,B44,1992,0,P09211,FALSE
1,44,A,10,57.50371193,3DGQ-alt1B_assembled,A44,361,0,P09211,FALSE
13,44,B,10.12,71.17592316,3DGQ-alt1B_assembled,B44,1992,0,P09211,FALSE
1,44,A,10.09,65.01002398,3GSS-alt-1_assembled,A44,346,0,P09211,FALSE
13,44,B,10.11,74.66099661,3GSS-alt-1_assembled,B44,1977,0,P09211,FALSE
1,44,A,10.03,62.59728082,3GUS-alt1A_assembled,A44,353,0,P09211,FALSE
13,44,B,10.1,75.86736819,3GUS-alt1A_assembled,B44,1984,0,P09211,FALSE
1,44,A,10.03,62.59728082,3GUS-alt1B_assembled,A44,353,0,P09211,FALSE
13,44,B,10.1,75.86736819,3GUS-alt1B_assembled,B44,1984,0,P09211,FALSE
1,44,A,10.16,59.91645509,3HJM-alt1A_assembled,A44,346,0,P09211,FALSE
13,44,B,10.29,73.7227076,3HJM-alt1A_assembled,B44,1972,0,P09211,FALSE
25,44,C,10.23,57.90583579,3HJM-alt1A_assembled,C44,3598,0,P09211,FALSE
37,44,D,10.26,51.06973018,3HJM-alt1A_assembled,D44,5224,0,P09211,FALSE
1,44,A,10.16,59.91645509,3HJM-alt1B_assembled,A44,346,0,P09211,FALSE
13,44,B,10.29,73.7227076,3HJM-alt1B_assembled,B44,1972,0,P09211,FALSE
25,44,C,10.23,57.90583579,3HJM-alt1B_assembled,C44,3598,0,P09211,FALSE
37,44,D,10.26,51.06973018,3HJM-alt1B_assembled,D44,5224,0,P09211,FALSE
1,44,A,10.07,65.8142717,3HJO-alt1A_assembled,A44,353,0,P09211,FALSE
13,44,B,10.09,72.91845988,3HJO-alt1A_assembled,B44,1985,0,P09211,FALSE
1,44,A,10.07,65.8142717,3HJO-alt1B_assembled,A44,353,0,P09211,FALSE
13,44,B,10.09,72.91845988,3HJO-alt1B_assembled,B44,1985,0,P09211,FALSE
1,44,A,10.1,58.44200094,3HKR-alt1B_assembled,A44,346,0,P09211,FALSE
13,44,B,10.19,70.7737993,3HKR-alt1B_assembled,B44,1978,0,P09211,FALSE
1,44,A,10.1,58.44200094,3HKR-alt1A_assembled,A44,346,0,P09211,FALSE
13,44,B,10.19,70.7737993,3HKR-alt1A_assembled,B44,1978,0,P09211,FALSE
1,44,A,10,63.13344597,3IE3-alt1A_assembled,A44,353,0,P09211,FALSE
13,44,B,10.07,70.37167544,3IE3-alt1A_assembled,B44,1981,0,P09211,FALSE
1,44,A,10,63.13344597,3IE3-alt1B_assembled,A44,353,0,P09211,FALSE
13,44,B,10.07,70.37167544,3IE3-alt1B_assembled,B44,1981,0,P09211,FALSE
1,44,A,9.95,66.21639556,3KM6-alt1A_assembled,A44,346,0,P09211,FALSE
13,44,B,9.96,74.92907918,3KM6-alt1A_assembled,B44,1979,0,P09211,FALSE
1,44,A,9.95,66.21639556,3KM6-alt1B_assembled,A44,346,0,P09211,FALSE
13,44,B,9.96,74.92907918,3KM6-alt1B_assembled,B44,1979,0,P09211,FALSE
1,44,A,9.99,67.42276714,3KMN-alt1A_assembled,A44,353,0,P09211,FALSE
13,44,B,9.95,73.45462503,3KMN-alt1A_assembled,B44,1986,0,P09211,FALSE
1,44,A,9.99,67.42276714,3KMN-alt1B_assembled,A44,353,0,P09211,FALSE
13,44,B,9.95,73.45462503,3KMN-alt1B_assembled,B44,1986,0,P09211,FALSE
1,44,A,10.05,68.36105614,3KMO-alt1A_assembled,A44,346,0,P09211,FALSE
13,44,B,10.09,79.21840035,3KMO-alt1A_assembled,B44,1979,0,P09211,FALSE
1,44,A,10.05,68.36105614,3KMO-alt1B_assembled,A44,346,0,P09211,FALSE
13,44,B,10.09,79.21840035,3KMO-alt1B_assembled,B44,1979,0,P09211,FALSE
1,44,A,10.15,65.54618912,3N9J-alt1B_assembled,A44,346,0,P09211,FALSE
13,44,B,10.17,71.57804702,3N9J-alt1B_assembled,B44,1977,0,P09211,FALSE
1,44,A,10.15,65.54618912,3N9J-alt1A_assembled,A44,346,0,P09211,FALSE
13,44,B,10.17,71.57804702,3N9J-alt1A_assembled,B44,1977,0,P09211,FALSE
1,44,A,10.07,55.35905135,3PGT-alt-1_assembled,A44,361,0,P09211,FALSE
13,44,B,10.12,53.88459719,3PGT-alt-1_assembled,B44,1999,0,P09211,FALSE
1,44,A,10.13,63.53556983,4GSS-alt-1_assembled,A44,346,0,P09211,FALSE
13,44,B,10.15,71.71208831,4GSS-alt-1_assembled,B44,1976,0,P09211,FALSE
1,44,A,10.23,54.8228862,5DAL-alt1A_assembled,A44,353,0,P09211,FALSE
1,44,A,10.23,54.8228862,5DAL-alt1B_assembled,A44,353,0,P09211,FALSE
1,44,A,10.06,46.37828515,5DCG-alt1B_assembled,A44,358,0,P09211,FALSE
13,44,B,10.34,58.17391836,5DCG-alt1B_assembled,B44,1979,0,P09211,FALSE
1,44,A,10.06,46.37828515,5DCG-alt1A_assembled,A44,358,0,P09211,FALSE
13,44,B,10.34,58.17391836,5DCG-alt1A_assembled,B44,1979,0,P09211,FALSE
1,44,A,10.12,58.8441248,5DDL-alt-1_assembled,A44,361,0,P09211,FALSE
12,44,B,10.05,60.31857895,5DDL-alt-1_assembled,B44,1991,0,P09211,FALSE
1,44,A,10.09,53.75055591,5DJL-alt1A_assembled,A44,361,0,P09211,FALSE
13,44,B,10.06,53.88459719,5DJL-alt1A_assembled,B44,1999,0,P09211,FALSE
1,44,A,10.09,53.75055591,5DJL-alt1B_assembled,A44,361,0,P09211,FALSE
13,44,B,10.06,53.88459719,5DJL-alt1B_assembled,B44,1999,0,P09211,FALSE
1,44,A,10.46,92.89061158,5DJM-alt-1_assembled,A44,351,0,P09211,FALSE
13,44,B,10.38,71.30996445,5DJM-alt-1_assembled,B44,1982,0,P09211,FALSE
1,44,A,10.08,63.13344597,5GSS-alt-1_assembled,A44,346,0,P09211,FALSE
13,44,B,10.07,71.71208831,5GSS-alt-1_assembled,B44,1977,0,P09211,FALSE
1,44,A,10.06,56.29734035,5J41-alt1A_assembled,A44,353,0,P09211,FALSE
13,44,B,10.06,56.8335055,5J41-alt1A_assembled,B44,1984,0,P09211,FALSE
1,44,A,10.06,56.29734035,5J41-alt1B_assembled,A44,353,0,P09211,FALSE
13,44,B,10.07,56.8335055,5J41-alt1B_assembled,B44,1984,0,P09211,FALSE
1,44,A,10.02,62.99940468,5JCW-alt1B_assembled,A44,353,0,P09211,FALSE
13,44,B,9.99,55.62713392,5JCW-alt1B_assembled,B44,1991,0,P09211,FALSE
1,44,A,10.02,62.99940468,5JCW-alt1A_assembled,A44,353,0,P09211,FALSE
13,44,B,9.99,55.62713392,5JCW-alt1A_assembled,B44,1991,0,P09211,FALSE
1,44,A,10.02,64.20577626,5L6X-alt-1_assembled,A44,359,0,P09211,FALSE
13,44,B,10.05,56.43138164,5L6X-alt-1_assembled,B44,1990,0,P09211,FALSE
1,44,A,10.06,65.14406526,6AP9-alt1B_assembled,A44,361,0,P09211,FALSE
13,44,B,10.08,52.00801918,6AP9-alt1B_assembled,B44,1999,0,P09211,FALSE
1,44,A,10.18,63.66961111,6GSS-alt-1_assembled,A44,346,0,P09211,FALSE
13,44,B,10.17,73.99079018,6GSS-alt-1_assembled,B44,1977,0,P09211,FALSE
1,44,A,10.13,57.7717945,6LLX-alt1B_assembled,A44,353,0,P09211,FALSE
13,44,B,10.07,58.44200094,6LLX-alt1B_assembled,B44,2034,0,P09211,FALSE
1,44,A,10.13,57.7717945,6LLX-alt1A_assembled,A44,353,0,P09211,FALSE
13,44,B,10.07,58.44200094,6LLX-alt1A_assembled,B44,2034,0,P09211,FALSE
1,44,A,10.04,56.29734035,6Y1E-alt1A_assembled,A44,353,0,P09211,FALSE
13,44,B,10.02,65.54618912,6Y1E-alt1A_assembled,B44,1984,0,P09211,FALSE
25,44,C,10.23,58.17391836,6Y1E-alt1A_assembled,C44,3622,0,P09211,FALSE
37,44,D,10.23,55.49309263,6Y1E-alt1A_assembled,D44,5260,0,P09211,FALSE
1,44,A,10.04,56.29734035,6Y1E-alt1B_assembled,A44,353,0,P09211,FALSE
13,44,B,10.02,65.54618912,6Y1E-alt1B_assembled,B44,1984,0,P09211,FALSE
25,44,C,10.23,58.17391836,6Y1E-alt1B_assembled,C44,3622,0,P09211,FALSE
37,44,D,10.23,55.49309263,6Y1E-alt1B_assembled,D44,5260,0,P09211,FALSE
1,44,A,10.19,58.17391836,7GSS-alt-1_assembled,A44,353,0,P09211,FALSE
13,44,B,10.2,50.8016476,7GSS-alt-1_assembled,B44,1991,0,P09211,FALSE
1,44,A,9.76,65.8142717,8GSS-alt-1_assembled,A44,353,0,P09211,FALSE
13,44,B,10.07,55.35905135,8GSS-alt-1_assembled,B44,1991,0,P09211,FALSE
25,44,C,10.19,53.21439076,8GSS-alt-1_assembled,C44,3629,0,P09211,FALSE
1,44,A,10.14,64.33981755,9GSS-alt-1_assembled,A44,346,0,P09211,FALSE
13,44,B,10.14,72.38229474,9GSS-alt-1_assembled,B44,1977,0,P09211,FALSE
1,45,A,10.2,61.12282667,AF-P09211-F1-model_v1,A45,361,97.89,P09211,FALSE
1,45,A,10,77.60990491,2J9H-alt-1_assembled,A45,353,0,P09211,FALSE
13,45,B,10.16,63.13344597,2J9H-alt-1_assembled,B45,1989,0,P09211,FALSE
1,45,A,10.07,62.59728082,5X79-alt-1_assembled,A45,361,0,P09211,FALSE
13,45,B,10.17,70.37167544,5X79-alt-1_assembled,B45,2007,0,P09211,FALSE
2,52,A,11.23,36.19114737,1GSS-alt-1_assembled,A52,427,0,P09211,FALSE
14,52,B,11.23,30.15928947,1GSS-alt-1_assembled,B52,2065,0,P09211,FALSE
2,54,A,10.13,40.61450983,10GS-alt-1_assembled,A54,420,0,P09211,FALSE
14,54,B,10.13,37.79964281,10GS-alt-1_assembled,B54,2051,0,P09211,FALSE
2,54,A,10.1,42.62512912,11GS-alt-1_assembled,A54,420,0,P09211,FALSE
14,54,B,10.09,39.00601439,11GS-alt-1_assembled,B54,2051,0,P09211,FALSE
2,54,A,10.13,34.71669322,12GS-alt-1_assembled,A54,420,0,P09211,FALSE
14,54,B,10.13,32.84011521,12GS-alt-1_assembled,B54,2051,0,P09211,FALSE
2,54,A,10.11,42.35704655,13GS-alt-1_assembled,A54,435,0,P09211,FALSE
14,54,B,10.12,40.21238597,13GS-alt-1_assembled,B54,2066,0,P09211,FALSE
2,54,A,10.14,40.61450983,16GS-alt-1_assembled,A54,420,0,P09211,FALSE
14,54,B,10.15,39.67622082,16GS-alt-1_assembled,B54,2051,0,P09211,FALSE
2,54,A,10.15,40.8825924,18GS-alt-1_assembled,A54,420,0,P09211,FALSE
14,54,B,10.16,43.42937684,18GS-alt-1_assembled,B54,2051,0,P09211,FALSE
2,54,A,10.13,44.50170714,19GS-alt-1_assembled,A54,420,0,P09211,FALSE
14,54,B,10.13,43.16129427,19GS-alt-1_assembled,B54,2051,0,P09211,FALSE
2,54,A,10.11,43.69745942,1AQV-alt-1_assembled,A54,427,0,P09211,FALSE
14,54,B,10.15,48.38890445,1AQV-alt-1_assembled,B54,2065,0,P09211,FALSE
2,54,A,9.72,35.9230648,1AQW-alt-1_assembled,A54,427,0,P09211,FALSE
14,54,B,10.19,58.03987708,1AQW-alt-1_assembled,B54,2065,0,P09211,FALSE
26,54,C,10.14,41.15067497,1AQW-alt-1_assembled,C54,3703,0,P09211,FALSE
38,54,D,10.17,33.24223907,1AQW-alt-1_assembled,D54,5341,0,P09211,FALSE
2,54,A,10.36,55.22501006,1AQX-alt-1_assembled,A54,420,0,P09211,FALSE
14,54,B,10.04,45.03787228,1AQX-alt-1_assembled,B54,2051,0,P09211,FALSE
26,54,C,10.05,41.8208814,1AQX-alt-1_assembled,C54,3682,0,P09211,FALSE
38,54,D,10.21,48.25486316,1AQX-alt-1_assembled,D54,5313,0,P09211,FALSE
2,54,A,10.21,49.72931731,1EOG-alt-1_assembled,A54,420,0,P09211,FALSE
14,54,B,10.2,46.91445029,1EOG-alt-1_assembled,B54,2050,0,P09211,FALSE
2,54,A,10.19,31.23161977,1EOH-alt-1_assembled,A54,427,0,P09211,FALSE
14,54,B,10.18,29.08695918,1EOH-alt-1_assembled,B54,2062,0,P09211,FALSE
26,54,C,11.34,39.81026211,1EOH-alt-1_assembled,C54,3697,0,P09211,FALSE
38,54,D,10.11,27.74654632,1EOH-alt-1_assembled,D54,5332,0,P09211,FALSE
50,54,E,11.08,28.68483532,1EOH-alt-1_assembled,E54,6967,0,P09211,FALSE
62,54,F,10.25,36.05710608,1EOH-alt-1_assembled,F54,8602,0,P09211,FALSE
74,54,G,10.19,28.41675275,1EOH-alt-1_assembled,G54,10237,0,P09211,FALSE
86,54,H,10.26,46.91445029,1EOH-alt-1_assembled,H54,11872,0,P09211,FALSE
2,54,A,10.16,32.16990877,1KBN-alt-1_assembled,A54,427,0,P09211,FALSE
14,54,B,10.16,38.8719731,1KBN-alt-1_assembled,B54,2055,0,P09211,FALSE
2,54,A,10.18,34.71669322,1LBK-alt-1_assembled,A54,427,0,P09211,FALSE
14,54,B,10.17,45.17191357,1LBK-alt-1_assembled,B54,2063,0,P09211,FALSE
2,54,A,10.18,33.64436292,1MD3-alt-1_assembled,A54,420,0,P09211,FALSE
14,54,B,10.19,40.07834468,1MD3-alt-1_assembled,B54,2052,0,P09211,FALSE
2,54,A,10.11,40.61450983,1MD4-alt-1_assembled,A54,420,0,P09211,FALSE
14,54,B,10.12,41.8208814,1MD4-alt-1_assembled,B54,2054,0,P09211,FALSE
2,54,A,10.27,48.65698702,1PGT-alt-1_assembled,A54,435,0,P09211,FALSE
14,54,B,10.32,44.50170714,1PGT-alt-1_assembled,B54,2072,0,P09211,FALSE
2,54,A,10.26,38.06772538,1PX6-alt-1_assembled,A54,427,0,P09211,FALSE
14,54,B,10.2,52.8122669,1PX6-alt-1_assembled,B54,2065,0,P09211,FALSE
2,54,A,10.12,34.18052807,1PX7-alt-1_assembled,A54,427,0,P09211,FALSE
14,54,B,10.13,42.75917041,1PX7-alt-1_assembled,B54,2059,0,P09211,FALSE
2,54,A,10.27,42.35704655,1ZGN-alt-1_assembled,A54,420,0,P09211,FALSE
14,54,B,10.2,44.09958328,1ZGN-alt-1_assembled,B54,2050,0,P09211,FALSE
2,54,A,11.1,32.84011521,20GS-alt-1_assembled,A54,420,0,P09211,FALSE
14,54,B,11.05,42.49108784,20GS-alt-1_assembled,B54,2051,0,P09211,FALSE
2,54,A,10.12,44.09958328,22GS-alt-1_assembled,A54,419,0,P09211,FALSE
14,54,B,10.13,38.73793181,22GS-alt-1_assembled,B54,2049,0,P09211,FALSE
2,54,A,10.12,30.02524819,2A2R-alt1B_assembled,A54,435,0,P09211,FALSE
14,54,B,10.14,33.9124455,2A2R-alt1B_assembled,B54,2073,0,P09211,FALSE
2,54,A,10.12,30.02524819,2A2R-alt1A_assembled,A54,435,0,P09211,FALSE
14,54,B,10.14,33.9124455,2A2R-alt1A_assembled,B54,2073,0,P09211,FALSE
2,54,A,10.27,42.22300526,2A2S-alt1B_assembled,A54,435,0,P09211,FALSE
14,54,B,10.2,45.84212,2A2S-alt1B_assembled,B54,2073,0,P09211,FALSE
2,54,A,10.27,42.22300526,2A2S-alt1A_assembled,A54,435,0,P09211,FALSE
14,54,B,10.2,45.84212,2A2S-alt1A_assembled,B54,2073,0,P09211,FALSE
2,54,A,10.17,41.01663369,2GSS-alt-1_assembled,A54,420,0,P09211,FALSE
14,54,B,10.16,40.61450983,2GSS-alt-1_assembled,B54,2051,0,P09211,FALSE
2,54,A,10.26,38.8719731,2PGT-alt-1_assembled,A54,435,0,P09211,FALSE
14,54,B,9.79,18.49769754,2PGT-alt-1_assembled,B54,2072,0,P09211,FALSE
2,54,A,10.22,29.75716561,3CSH-alt1A_assembled,A54,427,0,P09211,FALSE
14,54,B,10.13,33.10819778,3CSH-alt1A_assembled,B54,2065,0,P09211,FALSE
2,54,A,10.22,29.75716561,3CSH-alt1B_assembled,A54,427,0,P09211,FALSE
14,54,B,10.17,44.23362456,3CSH-alt1B_assembled,B54,2065,0,P09211,FALSE
2,54,A,10.19,37.26347766,3CSI-alt1A_assembled,A54,427,0,P09211,FALSE
14,54,B,10.14,52.94630819,3CSI-alt1A_assembled,B54,2066,0,P09211,FALSE
26,54,C,10.1,38.8719731,3CSI-alt1A_assembled,C54,3705,0,P09211,FALSE
38,54,D,10.08,27.8805876,3CSI-alt1A_assembled,D54,5344,0,P09211,FALSE
2,54,A,10.22,38.60389053,3CSI-alt1B_assembled,A54,427,0,P09211,FALSE
14,54,B,10.14,52.94630819,3CSI-alt1B_assembled,B54,2066,0,P09211,FALSE
26,54,C,10.1,38.8719731,3CSI-alt1B_assembled,C54,3705,0,P09211,FALSE
38,54,D,10.14,39.54217953,3CSI-alt1B_assembled,D54,5344,0,P09211,FALSE
2,54,A,10.22,43.42937684,3CSJ-alt-1_assembled,A54,427,0,P09211,FALSE
14,54,B,10.15,42.8932117,3CSJ-alt-1_assembled,B54,2065,0,P09211,FALSE
2,54,A,10.18,43.8315007,3DD3-alt-1_assembled,A54,435,0,P09211,FALSE
14,54,B,10.09,33.37628035,3DD3-alt-1_assembled,B54,2066,0,P09211,FALSE
2,54,A,10.24,34.04648678,3DGQ-alt1A_assembled,A54,435,0,P09211,FALSE
14,54,B,10.17,42.35704655,3DGQ-alt1A_assembled,B54,2066,0,P09211,FALSE
2,54,A,10.24,34.04648678,3DGQ-alt1B_assembled,A54,435,0,P09211,FALSE
14,54,B,10.17,42.35704655,3DGQ-alt1B_assembled,B54,2066,0,P09211,FALSE
2,54,A,10.18,41.68684012,3GSS-alt-1_assembled,A54,420,0,P09211,FALSE
14,54,B,10.11,37.53156023,3GSS-alt-1_assembled,B54,2051,0,P09211,FALSE
2,54,A,10.22,32.16990877,3GUS-alt1A_assembled,A54,427,0,P09211,FALSE
14,54,B,10.16,34.98477579,3GUS-alt1A_assembled,B54,2058,0,P09211,FALSE
2,54,A,10.22,32.16990877,3GUS-alt1B_assembled,A54,427,0,P09211,FALSE
14,54,B,10.16,34.98477579,3GUS-alt1B_assembled,B54,2058,0,P09211,FALSE
2,54,A,10.2,35.25285836,3HJM-alt1A_assembled,A54,420,0,P09211,FALSE
14,54,B,10.12,49.32719345,3HJM-alt1A_assembled,B54,2046,0,P09211,FALSE
26,54,C,10.2,31.49970234,3HJM-alt1A_assembled,C54,3672,0,P09211,FALSE
38,54,D,10.17,41.41875754,3HJM-alt1A_assembled,D54,5298,0,P09211,FALSE
2,54,A,10.2,35.25285836,3HJM-alt1B_assembled,A54,420,0,P09211,FALSE
14,54,B,10.12,49.32719345,3HJM-alt1B_assembled,B54,2046,0,P09211,FALSE
26,54,C,10.2,31.49970234,3HJM-alt1B_assembled,C54,3672,0,P09211,FALSE
38,54,D,10.17,41.41875754,3HJM-alt1B_assembled,D54,5298,0,P09211,FALSE
2,54,A,10.15,37.79964281,3HJO-alt1A_assembled,A54,427,0,P09211,FALSE
14,54,B,10.16,41.41875754,3HJO-alt1A_assembled,B54,2059,0,P09211,FALSE
2,54,A,10.15,37.79964281,3HJO-alt1B_assembled,A54,427,0,P09211,FALSE
14,54,B,10.15,41.41875754,3HJO-alt1B_assembled,B54,2059,0,P09211,FALSE
2,54,A,10.22,32.97415649,3HKR-alt1B_assembled,A54,420,0,P09211,FALSE
14,54,B,10.17,51.73993661,3HKR-alt1B_assembled,B54,2052,0,P09211,FALSE
2,54,A,10.22,32.97415649,3HKR-alt1A_assembled,A54,420,0,P09211,FALSE
14,54,B,10.17,51.73993661,3HKR-alt1A_assembled,B54,2052,0,P09211,FALSE
2,54,A,10.23,31.76778491,3IE3-alt1A_assembled,A54,427,0,P09211,FALSE
14,54,B,10.15,30.29333076,3IE3-alt1A_assembled,B54,2055,0,P09211,FALSE
2,54,A,10.23,31.76778491,3IE3-alt1B_assembled,A54,427,0,P09211,FALSE
14,54,B,10.15,30.29333076,3IE3-alt1B_assembled,B54,2055,0,P09211,FALSE
2,54,A,9.98,36.99539509,3KM6-alt1A_assembled,A54,420,0,P09211,FALSE
14,54,B,9.91,44.09958328,3KM6-alt1A_assembled,B54,2053,0,P09211,FALSE
2,54,A,9.98,36.99539509,3KM6-alt1B_assembled,A54,420,0,P09211,FALSE
14,54,B,9.91,44.09958328,3KM6-alt1B_assembled,B54,2053,0,P09211,FALSE
2,54,A,9.98,30.29333076,3KMN-alt1A_assembled,A54,427,0,P09211,FALSE
14,54,B,10,40.48046854,3KMN-alt1A_assembled,B54,2060,0,P09211,FALSE
2,54,A,9.98,30.29333076,3KMN-alt1B_assembled,A54,427,0,P09211,FALSE
14,54,B,10,40.48046854,3KMN-alt1B_assembled,B54,2060,0,P09211,FALSE
2,54,A,9.87,38.8719731,3KMO-alt1A_assembled,A54,420,0,P09211,FALSE
14,54,B,9.95,44.903831,3KMO-alt1A_assembled,B54,2053,0,P09211,FALSE
2,54,A,9.87,38.8719731,3KMO-alt1B_assembled,A54,420,0,P09211,FALSE
14,54,B,9.95,44.903831,3KMO-alt1B_assembled,B54,2053,0,P09211,FALSE
2,54,A,10.24,30.02524819,3N9J-alt1B_assembled,A54,420,0,P09211,FALSE
14,54,B,10.15,42.22300526,3N9J-alt1B_assembled,B54,2051,0,P09211,FALSE
2,54,A,10.24,30.02524819,3N9J-alt1A_assembled,A54,420,0,P09211,FALSE
14,54,B,10.17,44.50170714,3N9J-alt1A_assembled,B54,2051,0,P09211,FALSE
2,54,A,10.19,33.9124455,3PGT-alt-1_assembled,A54,435,0,P09211,FALSE
14,54,B,10.08,31.63374363,3PGT-alt-1_assembled,B54,2073,0,P09211,FALSE
2,54,A,10.13,42.35704655,4GSS-alt-1_assembled,A54,420,0,P09211,FALSE
14,54,B,10.13,38.46984924,4GSS-alt-1_assembled,B54,2050,0,P09211,FALSE
2,54,A,10.2,30.02524819,5DAL-alt1A_assembled,A54,427,0,P09211,FALSE
2,54,A,10.2,30.02524819,5DAL-alt1B_assembled,A54,427,0,P09211,FALSE
2,54,A,10.25,27.21038117,5DCG-alt1B_assembled,A54,432,0,P09211,FALSE
14,54,B,10.19,40.74855111,5DCG-alt1B_assembled,B54,2053,0,P09211,FALSE
2,54,A,10.25,27.21038117,5DCG-alt1A_assembled,A54,432,0,P09211,FALSE
14,54,B,10.19,40.74855111,5DCG-alt1A_assembled,B54,2053,0,P09211,FALSE
2,54,A,10.21,27.74654632,5DDL-alt-1_assembled,A54,435,0,P09211,FALSE
13,54,B,10.16,29.48908304,5DDL-alt-1_assembled,B54,2065,0,P09211,FALSE
2,54,A,10.21,34.58265193,5DJL-alt1A_assembled,A54,435,0,P09211,FALSE
14,54,B,10.16,39.54217953,5DJL-alt1A_assembled,B54,2073,0,P09211,FALSE
2,54,A,10.21,34.58265193,5DJL-alt1B_assembled,A54,435,0,P09211,FALSE
14,54,B,10.16,39.54217953,5DJL-alt1B_assembled,B54,2073,0,P09211,FALSE
2,54,A,11.11,44.36766585,5DJM-alt-1_assembled,A54,425,0,P09211,FALSE
14,54,B,9.23,29.8912069,5DJM-alt-1_assembled,B54,2056,0,P09211,FALSE
2,54,A,10.11,41.95492269,5GSS-alt-1_assembled,A54,420,0,P09211,FALSE
14,54,B,10.12,41.95492269,5GSS-alt-1_assembled,B54,2051,0,P09211,FALSE
2,54,A,10.17,31.23161977,5J41-alt1A_assembled,A54,427,0,P09211,FALSE
14,54,B,10.19,33.77840421,5J41-alt1A_assembled,B54,2058,0,P09211,FALSE
2,54,A,10.17,31.23161977,5J41-alt1B_assembled,A54,427,0,P09211,FALSE
14,54,B,10.19,33.77840421,5J41-alt1B_assembled,B54,2058,0,P09211,FALSE
2,54,A,10.25,55.35905135,5JCW-alt1B_assembled,A54,427,0,P09211,FALSE
14,54,B,10.21,57.63775322,5JCW-alt1B_assembled,B54,2065,0,P09211,FALSE
2,54,A,10.25,53.88459719,5JCW-alt1A_assembled,A54,427,0,P09211,FALSE
14,54,B,10.21,57.63775322,5JCW-alt1A_assembled,B54,2065,0,P09211,FALSE
2,54,A,10.13,38.06772538,5L6X-alt-1_assembled,A54,433,0,P09211,FALSE
14,54,B,10.18,28.68483532,5L6X-alt-1_assembled,B54,2064,0,P09211,FALSE
2,54,A,10.22,37.66560152,6AP9-alt1B_assembled,A54,435,0,P09211,FALSE
14,54,B,10.21,50.93568889,6AP9-alt1B_assembled,B54,2073,0,P09211,FALSE
2,54,A,10.13,38.8719731,6GSS-alt-1_assembled,A54,420,0,P09211,FALSE
14,54,B,10.14,40.61450983,6GSS-alt-1_assembled,B54,2051,0,P09211,FALSE
2,54,A,10.15,31.09757848,6LLX-alt1B_assembled,A54,427,0,P09211,FALSE
14,54,B,10.23,39.27409696,6LLX-alt1B_assembled,B54,2108,0,P09211,FALSE
2,54,A,10.15,31.09757848,6LLX-alt1A_assembled,A54,427,0,P09211,FALSE
14,54,B,10.23,39.27409696,6LLX-alt1A_assembled,B54,2108,0,P09211,FALSE
2,54,A,10.2,32.30395006,6Y1E-alt1A_assembled,A54,427,0,P09211,FALSE
14,54,B,10.21,61.7930331,6Y1E-alt1A_assembled,B54,2058,0,P09211,FALSE
26,54,C,10.68,44.76978971,6Y1E-alt1A_assembled,C54,3696,0,P09211,FALSE
38,54,D,10.78,41.28471626,6Y1E-alt1A_assembled,D54,5334,0,P09211,FALSE
2,54,A,10.2,32.30395006,6Y1E-alt1B_assembled,A54,427,0,P09211,FALSE
14,54,B,10.21,61.7930331,6Y1E-alt1B_assembled,B54,2058,0,P09211,FALSE
26,54,C,10.68,44.76978971,6Y1E-alt1B_assembled,C54,3696,0,P09211,FALSE
38,54,D,10.78,41.28471626,6Y1E-alt1B_assembled,D54,5334,0,P09211,FALSE
2,54,A,10.14,44.76978971,7GSS-alt-1_assembled,A54,427,0,P09211,FALSE
14,54,B,10.14,34.71669322,7GSS-alt-1_assembled,B54,2065,0,P09211,FALSE
2,54,A,10.19,36.99539509,8GSS-alt-1_assembled,A54,427,0,P09211,FALSE
14,54,B,10.18,29.8912069,8GSS-alt-1_assembled,B54,2065,0,P09211,FALSE
26,54,C,10.28,37.66560152,8GSS-alt-1_assembled,C54,3703,0,P09211,FALSE
2,54,A,10.11,41.28471626,9GSS-alt-1_assembled,A54,420,0,P09211,FALSE
14,54,B,10.11,39.14005567,9GSS-alt-1_assembled,B54,2051,0,P09211,FALSE
2,55,A,10.33,57.10158807,AF-P09211-F1-model_v1,A55,435,98.82,P09211,FALSE
2,55,A,9.9,46.51232643,2J9H-alt-1_assembled,A55,426,0,P09211,FALSE
14,55,B,9.97,41.01663369,2J9H-alt-1_assembled,B55,2062,0,P09211,FALSE
2,55,A,10.11,29.08695918,5X79-alt-1_assembled,A55,435,0,P09211,FALSE
14,55,B,10.12,40.48046854,5X79-alt-1_assembled,B55,2081,0,P09211,FALSE
3,79,A,11.95,58.8441248,1GSS-alt-1_assembled,A79,644,0,P09211,FALSE
15,79,B,11.13,71.04188187,1GSS-alt-1_assembled,B79,2282,0,P09211,FALSE
3,81,A,12.06,59.51433123,10GS-alt-1_assembled,A81,637,0,P09211,FALSE
15,81,B,12.03,50.8016476,10GS-alt-1_assembled,B81,2268,0,P09211,FALSE
3,81,A,11.93,58.71008351,11GS-alt-1_assembled,A81,637,0,P09211,FALSE
15,81,B,11.94,49.8633586,11GS-alt-1_assembled,B81,2268,0,P09211,FALSE
3,81,A,11.67,61.39090924,12GS-alt-1_assembled,A81,637,0,P09211,FALSE
15,81,B,11.54,50.13144117,12GS-alt-1_assembled,B81,2268,0,P09211,FALSE
3,81,A,12.2,57.63775322,13GS-alt-1_assembled,A81,652,0,P09211,FALSE
15,81,B,12.2,50.53356503,13GS-alt-1_assembled,B81,2283,0,P09211,FALSE
3,81,A,12.02,57.63775322,16GS-alt-1_assembled,A81,637,0,P09211,FALSE
15,81,B,11.96,51.60589532,16GS-alt-1_assembled,B81,2268,0,P09211,FALSE
2,81,A,12.1,59.38028994,17GS-alt-1_assembled,A81,648,0,P09211,FALSE
13,81,B,12.1,49.46123474,17GS-alt-1_assembled,B81,2275,0,P09211,FALSE
3,81,A,11.34,63.13344597,18GS-alt-1_assembled,A81,637,0,P09211,FALSE
15,81,B,11.29,56.29734035,18GS-alt-1_assembled,B81,2268,0,P09211,FALSE
3,81,A,11.68,60.8547441,19GS-alt-1_assembled,A81,637,0,P09211,FALSE
15,81,B,11.46,53.61651462,19GS-alt-1_assembled,B81,2268,0,P09211,FALSE
3,81,A,11.91,75.86736819,1AQV-alt-1_assembled,A81,644,0,P09211,FALSE
15,81,B,11.83,60.72070281,1AQV-alt-1_assembled,B81,2282,0,P09211,FALSE
3,81,A,11.98,54.15267977,1AQW-alt-1_assembled,A81,644,0,P09211,FALSE
15,81,B,10.99,67.55680842,1AQW-alt-1_assembled,B81,2282,0,P09211,FALSE
27,81,C,11.52,37.93368409,1AQW-alt-1_assembled,C81,3920,0,P09211,FALSE
39,81,D,11.19,57.63775322,1AQW-alt-1_assembled,D81,5558,0,P09211,FALSE
3,81,A,12.09,53.61651462,1AQX-alt-1_assembled,A81,637,0,P09211,FALSE
15,81,B,11.21,72.51633603,1AQX-alt-1_assembled,B81,2268,0,P09211,FALSE
27,81,C,10.81,61.39090924,1AQX-alt-1_assembled,C81,3899,0,P09211,FALSE
39,81,D,11.4,46.91445029,1AQX-alt-1_assembled,D81,5530,0,P09211,FALSE
3,81,A,11.79,57.90583579,1EOG-alt-1_assembled,A81,637,0,P09211,FALSE
15,81,B,11.8,47.58465673,1EOG-alt-1_assembled,B81,2267,0,P09211,FALSE
3,81,A,11.94,58.30795965,1EOH-alt-1_assembled,A81,644,0,P09211,FALSE
15,81,B,12.4,59.11220737,1EOH-alt-1_assembled,B81,2279,0,P09211,FALSE
27,81,C,11.89,54.28672105,1EOH-alt-1_assembled,C81,3914,0,P09211,FALSE
39,81,D,11.9,61.52495053,1EOH-alt-1_assembled,D81,5549,0,P09211,FALSE
51,81,E,12.04,59.51433123,1EOH-alt-1_assembled,E81,7184,0,P09211,FALSE
63,81,F,11.95,46.51232643,1EOH-alt-1_assembled,F81,8819,0,P09211,FALSE
75,81,G,11.71,62.59728082,1EOH-alt-1_assembled,G81,10454,0,P09211,FALSE
87,81,H,11.83,48.38890445,1EOH-alt-1_assembled,H81,12089,0,P09211,FALSE
3,81,A,11.76,60.18453766,1KBN-alt-1_assembled,A81,644,0,P09211,FALSE
15,81,B,11.75,56.69946421,1KBN-alt-1_assembled,B81,2272,0,P09211,FALSE
3,81,A,12.09,55.49309263,1LBK-alt-1_assembled,A81,644,0,P09211,FALSE
15,81,B,12.1,60.8547441,1LBK-alt-1_assembled,B81,2280,0,P09211,FALSE
3,81,A,11.49,53.88459719,1MD3-alt-1_assembled,A81,637,0,P09211,FALSE
15,81,B,12.18,61.7930331,1MD3-alt-1_assembled,B81,2269,0,P09211,FALSE
3,81,A,11.01,64.74194141,1MD4-alt-1_assembled,A81,637,0,P09211,FALSE
15,81,B,11.03,66.21639556,1MD4-alt-1_assembled,B81,2271,0,P09211,FALSE
3,81,A,12.63,70.23763415,1PGT-alt-1_assembled,A81,652,0,P09211,FALSE
15,81,B,11.94,83.7758041,1PGT-alt-1_assembled,B81,2289,0,P09211,FALSE
3,81,A,11.68,63.93769369,1PX6-alt-1_assembled,A81,644,0,P09211,FALSE
15,81,B,11.82,69.83551029,1PX6-alt-1_assembled,B81,2282,0,P09211,FALSE
3,81,A,11.78,67.95893228,1PX7-alt-1_assembled,A81,644,0,P09211,FALSE
15,81,B,11.85,61.12282667,1PX7-alt-1_assembled,B81,2276,0,P09211,FALSE
3,81,A,11.88,58.57604222,1ZGN-alt-1_assembled,A81,637,0,P09211,FALSE
15,81,B,11.79,56.29734035,1ZGN-alt-1_assembled,B81,2267,0,P09211,FALSE
3,81,A,12.05,59.64837252,20GS-alt-1_assembled,A81,637,0,P09211,FALSE
15,81,B,11.2,54.28672105,20GS-alt-1_assembled,B81,2268,0,P09211,FALSE
3,81,A,12.19,57.7717945,22GS-alt-1_assembled,A81,636,0,P09211,FALSE
15,81,B,11.95,50.53356503,22GS-alt-1_assembled,B81,2266,0,P09211,FALSE
3,81,A,11.73,55.62713392,2A2R-alt1B_assembled,A81,652,0,P09211,FALSE
15,81,B,11.81,58.03987708,2A2R-alt1B_assembled,B81,2290,0,P09211,FALSE
3,81,A,11.73,55.62713392,2A2R-alt1A_assembled,A81,652,0,P09211,FALSE
15,81,B,11.81,58.03987708,2A2R-alt1A_assembled,B81,2290,0,P09211,FALSE
3,81,A,11.81,57.90583579,2A2S-alt1B_assembled,A81,652,0,P09211,FALSE
15,81,B,11.77,60.58666152,2A2S-alt1B_assembled,B81,2290,0,P09211,FALSE
3,81,A,11.81,57.90583579,2A2S-alt1A_assembled,A81,652,0,P09211,FALSE
15,81,B,11.77,60.58666152,2A2S-alt1A_assembled,B81,2290,0,P09211,FALSE
3,81,A,12,57.90583579,2GSS-alt-1_assembled,A81,637,0,P09211,FALSE
15,81,B,12.04,52.67822562,2GSS-alt-1_assembled,B81,2268,0,P09211,FALSE
3,81,A,10.93,67.69084971,2PGT-alt-1_assembled,A81,652,0,P09211,FALSE
15,81,B,11.8,82.16730866,2PGT-alt-1_assembled,B81,2289,0,P09211,FALSE
3,81,A,11.03,68.89722129,3CSH-alt1A_assembled,A81,644,0,P09211,FALSE
15,81,B,10.97,63.26748725,3CSH-alt1A_assembled,B81,2282,0,P09211,FALSE
3,81,A,11.03,68.89722129,3CSH-alt1B_assembled,A81,644,0,P09211,FALSE
15,81,B,10.97,63.26748725,3CSH-alt1B_assembled,B81,2282,0,P09211,FALSE
3,81,A,11.04,79.7545655,3CSI-alt1A_assembled,A81,644,0,P09211,FALSE
15,81,B,10.91,70.37167544,3CSI-alt1A_assembled,B81,2283,0,P09211,FALSE
27,81,C,11,77.87798749,3CSI-alt1A_assembled,C81,3922,0,P09211,FALSE
39,81,D,11.51,71.57804702,3CSI-alt1A_assembled,D81,5561,0,P09211,FALSE
3,81,A,11.04,79.7545655,3CSI-alt1B_assembled,A81,644,0,P09211,FALSE
15,81,B,10.91,70.37167544,3CSI-alt1B_assembled,B81,2283,0,P09211,FALSE
27,81,C,11,77.87798749,3CSI-alt1B_assembled,C81,3922,0,P09211,FALSE
39,81,D,11.51,71.57804702,3CSI-alt1B_assembled,D81,5561,0,P09211,FALSE
3,81,A,11.04,70.63975801,3CSJ-alt-1_assembled,A81,644,0,P09211,FALSE
15,81,B,11.95,58.57604222,3CSJ-alt-1_assembled,B81,2282,0,P09211,FALSE
3,81,A,10.98,76.80565719,3DD3-alt-1_assembled,A81,652,0,P09211,FALSE
15,81,B,11.85,55.22501006,3DD3-alt-1_assembled,B81,2283,0,P09211,FALSE
3,81,A,11.03,61.52495053,3DGQ-alt1A_assembled,A81,652,0,P09211,FALSE
15,81,B,10.96,65.41214784,3DGQ-alt1A_assembled,B81,2283,0,P09211,FALSE
3,81,A,11.03,61.52495053,3DGQ-alt1B_assembled,A81,652,0,P09211,FALSE
15,81,B,10.96,65.41214784,3DGQ-alt1B_assembled,B81,2283,0,P09211,FALSE
3,81,A,12.17,57.90583579,3GSS-alt-1_assembled,A81,637,0,P09211,FALSE
15,81,B,11.98,46.64636772,3GSS-alt-1_assembled,B81,2268,0,P09211,FALSE
3,81,A,11,70.50571673,3GUS-alt1A_assembled,A81,644,0,P09211,FALSE
15,81,B,10.96,64.20577626,3GUS-alt1A_assembled,B81,2275,0,P09211,FALSE
3,81,A,11,70.50571673,3GUS-alt1B_assembled,A81,644,0,P09211,FALSE
15,81,B,10.96,64.20577626,3GUS-alt1B_assembled,B81,2275,0,P09211,FALSE
3,81,A,10.96,78.81627649,3HJM-alt1A_assembled,A81,637,0,P09211,FALSE
15,81,B,10.57,54.42076234,3HJM-alt1A_assembled,B81,2263,0,P09211,FALSE
27,81,C,10.95,76.93969848,3HJM-alt1A_assembled,C81,3889,0,P09211,FALSE
39,81,D,12.07,60.05049638,3HJM-alt1A_assembled,D81,5515,0,P09211,FALSE
3,81,A,10.96,78.81627649,3HJM-alt1B_assembled,A81,637,0,P09211,FALSE
15,81,B,10.57,54.42076234,3HJM-alt1B_assembled,B81,2263,0,P09211,FALSE
27,81,C,10.95,76.93969848,3HJM-alt1B_assembled,C81,3889,0,P09211,FALSE
39,81,D,12.07,60.05049638,3HJM-alt1B_assembled,D81,5515,0,P09211,FALSE
3,81,A,11.41,69.16530386,3HJO-alt1A_assembled,A81,644,0,P09211,FALSE
15,81,B,10.94,68.89722129,3HJO-alt1A_assembled,B81,2276,0,P09211,FALSE
3,81,A,11.41,69.16530386,3HJO-alt1B_assembled,A81,644,0,P09211,FALSE
15,81,B,10.94,68.89722129,3HJO-alt1B_assembled,B81,2276,0,P09211,FALSE
3,81,A,12.08,66.21639556,3HKR-alt1B_assembled,A81,637,0,P09211,FALSE
15,81,B,11.74,56.02925778,3HKR-alt1B_assembled,B81,2269,0,P09211,FALSE
3,81,A,12.08,66.21639556,3HKR-alt1A_assembled,A81,637,0,P09211,FALSE
15,81,B,11.74,56.02925778,3HKR-alt1A_assembled,B81,2269,0,P09211,FALSE
3,81,A,10.99,72.65037731,3IE3-alt1A_assembled,A81,644,0,P09211,FALSE
15,81,B,10.98,63.93769369,3IE3-alt1A_assembled,B81,2272,0,P09211,FALSE
3,81,A,10.99,72.65037731,3IE3-alt1B_assembled,A81,644,0,P09211,FALSE
15,81,B,10.98,63.93769369,3IE3-alt1B_assembled,B81,2272,0,P09211,FALSE
3,81,A,11,70.63975801,3KM6-alt1A_assembled,A81,637,0,P09211,FALSE
15,81,B,10.97,62.99940468,3KM6-alt1A_assembled,B81,2270,0,P09211,FALSE
3,81,A,11,70.63975801,3KM6-alt1B_assembled,A81,637,0,P09211,FALSE
15,81,B,10.97,62.99940468,3KM6-alt1B_assembled,B81,2270,0,P09211,FALSE
3,81,A,11,71.84612959,3KMN-alt1A_assembled,A81,644,0,P09211,FALSE
15,81,B,10.98,63.66961111,3KMN-alt1A_assembled,B81,2277,0,P09211,FALSE
3,81,A,11,71.84612959,3KMN-alt1B_assembled,A81,644,0,P09211,FALSE
15,81,B,10.98,63.66961111,3KMN-alt1B_assembled,B81,2277,0,P09211,FALSE
3,81,A,10.97,69.96955158,3KMO-alt1A_assembled,A81,637,0,P09211,FALSE
15,81,B,10.93,67.02064328,3KMO-alt1A_assembled,B81,2270,0,P09211,FALSE
3,81,A,10.97,69.96955158,3KMO-alt1B_assembled,A81,637,0,P09211,FALSE
15,81,B,10.93,67.02064328,3KMO-alt1B_assembled,B81,2270,0,P09211,FALSE
3,81,A,11.04,72.91845988,3N9J-alt1B_assembled,A81,637,0,P09211,FALSE
15,81,B,11.08,63.13344597,3N9J-alt1B_assembled,B81,2268,0,P09211,FALSE
3,81,A,11.04,72.91845988,3N9J-alt1A_assembled,A81,637,0,P09211,FALSE
15,81,B,11.08,63.13344597,3N9J-alt1A_assembled,B81,2268,0,P09211,FALSE
3,81,A,11,68.89722129,3PGT-alt-1_assembled,A81,652,0,P09211,FALSE
15,81,B,10.97,79.21840035,3PGT-alt-1_assembled,B81,2290,0,P09211,FALSE
3,81,A,12.28,58.44200094,4GSS-alt-1_assembled,A81,637,0,P09211,FALSE
15,81,B,12.27,51.47185404,4GSS-alt-1_assembled,B81,2267,0,P09211,FALSE
3,81,A,11.7,59.7824138,5DAL-alt1A_assembled,A81,644,0,P09211,FALSE
3,81,A,11.7,59.7824138,5DAL-alt1B_assembled,A81,644,0,P09211,FALSE
3,81,A,11.05,62.06111567,5DCG-alt1B_assembled,A81,649,0,P09211,FALSE
15,81,B,11.15,63.26748725,5DCG-alt1B_assembled,B81,2267,0,P09211,FALSE
3,81,A,11.05,62.06111567,5DCG-alt1A_assembled,A81,649,0,P09211,FALSE
15,81,B,11.15,63.26748725,5DCG-alt1A_assembled,B81,2267,0,P09211,FALSE
3,81,A,11.62,63.8036524,5DDL-alt-1_assembled,A81,652,0,P09211,FALSE
14,81,B,10.95,61.7930331,5DDL-alt-1_assembled,B81,2279,0,P09211,FALSE
3,81,A,11.81,66.88660199,5DJL-alt1A_assembled,A81,652,0,P09211,FALSE
15,81,B,11.74,59.64837252,5DJL-alt1A_assembled,B81,2290,0,P09211,FALSE
3,81,A,11.81,66.88660199,5DJL-alt1B_assembled,A81,652,0,P09211,FALSE
15,81,B,11.74,59.64837252,5DJL-alt1B_assembled,B81,2290,0,P09211,FALSE
3,81,A,10.81,71.57804702,5DJM-alt-1_assembled,A81,642,0,P09211,FALSE
15,81,B,12.15,54.28672105,5DJM-alt-1_assembled,B81,2273,0,P09211,FALSE
3,81,A,12.28,59.11220737,5GSS-alt-1_assembled,A81,637,0,P09211,FALSE
15,81,B,12.22,49.05911088,5GSS-alt-1_assembled,B81,2268,0,P09211,FALSE
3,81,A,10.99,56.16329907,5J41-alt1A_assembled,A81,644,0,P09211,FALSE
15,81,B,10.98,53.21439076,5J41-alt1A_assembled,B81,2275,0,P09211,FALSE
3,81,A,10.99,56.16329907,5J41-alt1B_assembled,A81,644,0,P09211,FALSE
15,81,B,10.98,53.21439076,5J41-alt1B_assembled,B81,2275,0,P09211,FALSE
3,81,A,11.04,80.82689579,5JCW-alt1B_assembled,A81,644,0,P09211,FALSE
15,81,B,11.76,86.05450597,5JCW-alt1B_assembled,B81,2282,0,P09211,FALSE
3,81,A,11.04,80.82689579,5JCW-alt1A_assembled,A81,644,0,P09211,FALSE
15,81,B,11.76,86.05450597,5JCW-alt1A_assembled,B81,2282,0,P09211,FALSE
3,81,A,11.87,71.84612959,5L6X-alt-1_assembled,A81,650,0,P09211,FALSE
15,81,B,11.77,87.12683626,5L6X-alt-1_assembled,B81,2281,0,P09211,FALSE
3,81,A,11.03,66.7525607,6AP9-alt1B_assembled,A81,652,0,P09211,FALSE
15,81,B,11.76,86.45662983,6AP9-alt1B_assembled,B81,2290,0,P09211,FALSE
3,81,A,12.17,58.03987708,6GSS-alt-1_assembled,A81,637,0,P09211,FALSE
15,81,B,12.15,48.79102831,6GSS-alt-1_assembled,B81,2268,0,P09211,FALSE
3,81,A,11,66.88660199,6LLX-alt1B_assembled,A81,644,0,P09211,FALSE
15,81,B,11.75,61.12282667,6LLX-alt1B_assembled,B81,2325,0,P09211,FALSE
3,81,A,11,66.88660199,6LLX-alt1A_assembled,A81,644,0,P09211,FALSE
15,81,B,11.75,61.12282667,6LLX-alt1A_assembled,B81,2325,0,P09211,FALSE
3,81,A,11.7,59.51433123,6Y1E-alt1A_assembled,A81,644,0,P09211,FALSE
15,81,B,11.73,64.20577626,6Y1E-alt1A_assembled,B81,2275,0,P09211,FALSE
27,81,C,11.01,65.27810655,6Y1E-alt1A_assembled,C81,3913,0,P09211,FALSE
39,81,D,11.36,76.40353334,6Y1E-alt1A_assembled,D81,5551,0,P09211,FALSE
3,81,A,11.7,59.51433123,6Y1E-alt1B_assembled,A81,644,0,P09211,FALSE
15,81,B,11.73,64.20577626,6Y1E-alt1B_assembled,B81,2275,0,P09211,FALSE
27,81,C,11.01,65.27810655,6Y1E-alt1B_assembled,C81,3913,0,P09211,FALSE
39,81,D,11.36,76.40353334,6Y1E-alt1B_assembled,D81,5551,0,P09211,FALSE
3,81,A,12.13,59.7824138,7GSS-alt-1_assembled,A81,644,0,P09211,FALSE
15,81,B,12.13,59.24624866,7GSS-alt-1_assembled,B81,2282,0,P09211,FALSE
3,81,A,11.83,51.20377146,8GSS-alt-1_assembled,A81,644,0,P09211,FALSE
15,81,B,12.01,56.02925778,8GSS-alt-1_assembled,B81,2282,0,P09211,FALSE
27,81,C,11.51,50.66760632,8GSS-alt-1_assembled,C81,3920,0,P09211,FALSE
3,81,A,12.01,61.25686795,9GSS-alt-1_assembled,A81,637,0,P09211,FALSE
15,81,B,11.87,54.28672105,9GSS-alt-1_assembled,B81,2268,0,P09211,FALSE
3,82,A,11.85,75.7333269,AF-P09211-F1-model_v1,A82,652,98.14,P09211,FALSE
3,82,A,11.75,60.58666152,2J9H-alt-1_assembled,A82,643,0,P09211,FALSE
15,82,B,10.8,71.84612959,2J9H-alt-1_assembled,B82,2279,0,P09211,FALSE
3,82,A,10.96,70.50571673,5X79-alt-1_assembled,A82,652,0,P09211,FALSE
15,82,B,11.55,54.95692749,5X79-alt-1_assembled,B82,2298,0,P09211,FALSE
4,100,A,10.02,60.45262024,1GSS-alt-1_assembled,A100,805,0,P09211,FALSE
16,100,B,9.41,61.7930331,1GSS-alt-1_assembled,B100,2443,0,P09211,FALSE
4,102,A,9.81,69.70146901,10GS-alt-1_assembled,A102,798,0,P09211,FALSE
16,102,B,9.82,65.27810655,10GS-alt-1_assembled,B102,2429,0,P09211,FALSE
4,102,A,9.75,70.50571673,11GS-alt-1_assembled,A102,798,0,P09211,FALSE
16,102,B,9.75,64.74194141,11GS-alt-1_assembled,B102,2429,0,P09211,FALSE
4,102,A,9.94,73.05250117,12GS-alt-1_assembled,A102,798,0,P09211,FALSE
16,102,B,9.93,68.76318,12GS-alt-1_assembled,B102,2429,0,P09211,FALSE
4,102,A,9.89,74.12483146,13GS-alt-1_assembled,A102,813,0,P09211,FALSE
16,102,B,9.89,65.41214784,13GS-alt-1_assembled,B102,2444,0,P09211,FALSE
4,102,A,9.79,68.49509743,16GS-alt-1_assembled,A102,798,0,P09211,FALSE
16,102,B,9.79,64.87598269,16GS-alt-1_assembled,B102,2429,0,P09211,FALSE
3,102,A,9.86,71.98017088,17GS-alt-1_assembled,A102,809,0,P09211,FALSE
14,102,B,9.86,64.33981755,17GS-alt-1_assembled,B102,2436,0,P09211,FALSE
4,102,A,10.05,77.60990491,18GS-alt-1_assembled,A102,798,0,P09211,FALSE
16,102,B,10.05,69.16530386,18GS-alt-1_assembled,B102,2429,0,P09211,FALSE
4,102,A,10.04,71.71208831,19GS-alt-1_assembled,A102,798,0,P09211,FALSE
16,102,B,10.04,67.69084971,19GS-alt-1_assembled,B102,2429,0,P09211,FALSE
4,102,A,10.1,66.21639556,1AQV-alt-1_assembled,A102,805,0,P09211,FALSE
16,102,B,10.1,51.60589532,1AQV-alt-1_assembled,B102,2443,0,P09211,FALSE
4,102,A,10.26,62.59728082,1AQW-alt-1_assembled,A102,805,0,P09211,FALSE
16,102,B,10.2,74.92907918,1AQW-alt-1_assembled,B102,2443,0,P09211,FALSE
28,102,C,9.82,51.20377146,1AQW-alt-1_assembled,C102,4081,0,P09211,FALSE
40,102,D,10.12,45.97616129,1AQW-alt-1_assembled,D102,5719,0,P09211,FALSE
4,102,A,10.17,77.47586363,1AQX-alt-1_assembled,A102,798,0,P09211,FALSE
16,102,B,9.52,72.24825345,1AQX-alt-1_assembled,B102,2429,0,P09211,FALSE
28,102,C,9.91,39.81026211,1AQX-alt-1_assembled,C102,4060,0,P09211,FALSE
40,102,D,9.95,50.39952374,1AQX-alt-1_assembled,D102,5691,0,P09211,FALSE
4,102,A,9.87,74.52695532,1EOG-alt-1_assembled,A102,798,0,P09211,FALSE
16,102,B,9.99,66.88660199,1EOG-alt-1_assembled,B102,2428,0,P09211,FALSE
4,102,A,9.96,52.54418433,1EOH-alt-1_assembled,A102,805,0,P09211,FALSE
16,102,B,9.8,55.35905135,1EOH-alt-1_assembled,B102,2440,0,P09211,FALSE
28,102,C,9.91,54.01863848,1EOH-alt-1_assembled,C102,4075,0,P09211,FALSE
40,102,D,9.92,51.73993661,1EOH-alt-1_assembled,D102,5710,0,P09211,FALSE
52,102,E,9.91,53.75055591,1EOH-alt-1_assembled,E102,7345,0,P09211,FALSE
64,102,F,10,56.96754679,1EOH-alt-1_assembled,F102,8980,0,P09211,FALSE
76,102,G,9.94,51.47185404,1EOH-alt-1_assembled,G102,10615,0,P09211,FALSE
88,102,H,9.99,49.46123474,1EOH-alt-1_assembled,H102,12250,0,P09211,FALSE
4,102,A,9.8,56.02925778,1KBN-alt-1_assembled,A102,805,0,P09211,FALSE
16,102,B,9.83,55.22501006,1KBN-alt-1_assembled,B102,2433,0,P09211,FALSE
4,102,A,10.14,58.03987708,1LBK-alt-1_assembled,A102,805,0,P09211,FALSE
16,102,B,10.14,57.50371193,1LBK-alt-1_assembled,B102,2441,0,P09211,FALSE
4,102,A,9.94,77.47586363,1MD3-alt-1_assembled,A102,798,0,P09211,FALSE
16,102,B,9.9,69.43338643,1MD3-alt-1_assembled,B102,2430,0,P09211,FALSE
4,102,A,9.85,71.71208831,1MD4-alt-1_assembled,A102,798,0,P09211,FALSE
16,102,B,9.79,70.63975801,1MD4-alt-1_assembled,B102,2432,0,P09211,FALSE
4,102,A,10.12,51.06973018,1PGT-alt-1_assembled,A102,813,0,P09211,FALSE
16,102,B,9.83,62.19515696,1PGT-alt-1_assembled,B102,2450,0,P09211,FALSE
4,102,A,9.82,62.46323953,1PX6-alt-1_assembled,A102,805,0,P09211,FALSE
16,102,B,9.93,66.61851942,1PX6-alt-1_assembled,B102,2443,0,P09211,FALSE
4,102,A,9.94,79.7545655,1PX7-alt-1_assembled,A102,805,0,P09211,FALSE
16,102,B,9.87,68.76318,1PX7-alt-1_assembled,B102,2437,0,P09211,FALSE
4,102,A,10.23,68.09297357,1ZGN-alt-1_assembled,A102,798,0,P09211,FALSE
16,102,B,10.16,62.46323953,1ZGN-alt-1_assembled,B102,2428,0,P09211,FALSE
4,102,A,9.92,73.85674889,20GS-alt-1_assembled,A102,798,0,P09211,FALSE
16,102,B,9.96,70.90784059,20GS-alt-1_assembled,B102,2429,0,P09211,FALSE
4,102,A,9.8,73.7227076,22GS-alt-1_assembled,A102,797,0,P09211,FALSE
16,102,B,9.8,64.87598269,22GS-alt-1_assembled,B102,2427,0,P09211,FALSE
4,102,A,10.16,69.70146901,2A2R-alt1B_assembled,A102,813,0,P09211,FALSE
16,102,B,10.27,67.42276714,2A2R-alt1B_assembled,B102,2451,0,P09211,FALSE
4,102,A,10.17,69.70146901,2A2R-alt1A_assembled,A102,813,0,P09211,FALSE
16,102,B,10.33,67.42276714,2A2R-alt1A_assembled,B102,2451,0,P09211,FALSE
4,102,A,10.26,69.56742772,2A2S-alt1B_assembled,A102,813,0,P09211,FALSE
16,102,B,10.27,63.40152854,2A2S-alt1B_assembled,B102,2451,0,P09211,FALSE
4,102,A,10.24,69.56742772,2A2S-alt1A_assembled,A102,813,0,P09211,FALSE
16,102,B,10.22,63.40152854,2A2S-alt1A_assembled,B102,2451,0,P09211,FALSE
4,102,A,9.83,70.10359287,2GSS-alt-1_assembled,A102,798,0,P09211,FALSE
16,102,B,9.82,65.54618912,2GSS-alt-1_assembled,B102,2429,0,P09211,FALSE
4,102,A,9.97,47.71869801,2PGT-alt-1_assembled,A102,813,0,P09211,FALSE
16,102,B,10.13,60.72070281,2PGT-alt-1_assembled,B102,2450,0,P09211,FALSE
4,102,A,10.23,67.02064328,3CSH-alt1A_assembled,A102,805,0,P09211,FALSE
16,102,B,10.24,62.06111567,3CSH-alt1A_assembled,B102,2443,0,P09211,FALSE
4,102,A,9.96,81.89922608,3CSH-alt1B_assembled,A102,805,0,P09211,FALSE
16,102,B,9.84,69.70146901,3CSH-alt1B_assembled,B102,2443,0,P09211,FALSE
4,102,A,10.04,76.26949205,3CSI-alt1A_assembled,A102,805,0,P09211,FALSE
16,102,B,9.82,74.52695532,3CSI-alt1A_assembled,B102,2444,0,P09211,FALSE
28,102,C,9.82,53.48247333,3CSI-alt1A_assembled,C102,4083,0,P09211,FALSE
40,102,D,9.89,58.03987708,3CSI-alt1A_assembled,D102,5722,0,P09211,FALSE
4,102,A,10.04,76.26949205,3CSI-alt1B_assembled,A102,805,0,P09211,FALSE
16,102,B,9.82,74.52695532,3CSI-alt1B_assembled,B102,2444,0,P09211,FALSE
28,102,C,9.82,53.48247333,3CSI-alt1B_assembled,C102,4083,0,P09211,FALSE
40,102,D,9.89,58.03987708,3CSI-alt1B_assembled,D102,5722,0,P09211,FALSE
4,102,A,9.85,74.12483146,3CSJ-alt-1_assembled,A102,805,0,P09211,FALSE
16,102,B,9.8,69.43338643,3CSJ-alt-1_assembled,B102,2443,0,P09211,FALSE
4,102,A,10.11,78.95031778,3DD3-alt-1_assembled,A102,813,0,P09211,FALSE
16,102,B,10.2,70.50571673,3DD3-alt-1_assembled,B102,2444,0,P09211,FALSE
4,102,A,9.79,69.70146901,3DGQ-alt1A_assembled,A102,813,0,P09211,FALSE
16,102,B,9.8,66.48447813,3DGQ-alt1A_assembled,B102,2444,0,P09211,FALSE
4,102,A,9.83,69.70146901,3DGQ-alt1B_assembled,A102,813,0,P09211,FALSE
16,102,B,9.84,66.48447813,3DGQ-alt1B_assembled,B102,2444,0,P09211,FALSE
4,102,A,9.79,76.13545076,3GSS-alt-1_assembled,A102,798,0,P09211,FALSE
16,102,B,9.81,67.824891,3GSS-alt-1_assembled,B102,2429,0,P09211,FALSE
4,102,A,9.84,72.91845988,3GUS-alt1A_assembled,A102,805,0,P09211,FALSE
16,102,B,9.82,67.824891,3GUS-alt1A_assembled,B102,2436,0,P09211,FALSE
4,102,A,9.84,72.91845988,3GUS-alt1B_assembled,A102,805,0,P09211,FALSE
16,102,B,9.82,67.824891,3GUS-alt1B_assembled,B102,2436,0,P09211,FALSE
4,102,A,10.21,68.62913872,3HJM-alt1A_assembled,A102,798,0,P09211,FALSE
16,102,B,10,64.74194141,3HJM-alt1A_assembled,B102,2424,0,P09211,FALSE
28,102,C,10.01,55.89521649,3HJM-alt1A_assembled,C102,4050,0,P09211,FALSE
40,102,D,9.9,56.43138164,3HJM-alt1A_assembled,D102,5676,0,P09211,FALSE
4,102,A,10.21,68.62913872,3HJM-alt1B_assembled,A102,798,0,P09211,FALSE
16,102,B,10,64.74194141,3HJM-alt1B_assembled,B102,2424,0,P09211,FALSE
28,102,C,10.01,55.89521649,3HJM-alt1B_assembled,C102,4050,0,P09211,FALSE
40,102,D,9.9,56.43138164,3HJM-alt1B_assembled,D102,5676,0,P09211,FALSE
4,102,A,10.23,67.824891,3HJO-alt1A_assembled,A102,805,0,P09211,FALSE
16,102,B,10.24,62.06111567,3HJO-alt1A_assembled,B102,2437,0,P09211,FALSE
4,102,A,10.23,67.824891,3HJO-alt1B_assembled,A102,805,0,P09211,FALSE
16,102,B,10.24,62.06111567,3HJO-alt1B_assembled,B102,2437,0,P09211,FALSE
4,102,A,9.85,72.7844186,3HKR-alt1B_assembled,A102,798,0,P09211,FALSE
16,102,B,9.9,68.62913872,3HKR-alt1B_assembled,B102,2430,0,P09211,FALSE
4,102,A,9.85,72.7844186,3HKR-alt1A_assembled,A102,798,0,P09211,FALSE
16,102,B,9.86,68.62913872,3HKR-alt1A_assembled,B102,2430,0,P09211,FALSE
4,102,A,9.88,77.47586363,3IE3-alt1A_assembled,A102,805,0,P09211,FALSE
16,102,B,10.2,66.21639556,3IE3-alt1A_assembled,B102,2433,0,P09211,FALSE
4,102,A,9.88,77.47586363,3IE3-alt1B_assembled,A102,805,0,P09211,FALSE
16,102,B,10.2,66.21639556,3IE3-alt1B_assembled,B102,2433,0,P09211,FALSE
4,102,A,10.31,72.38229474,3KM6-alt1A_assembled,A102,798,0,P09211,FALSE
16,102,B,10.23,60.45262024,3KM6-alt1A_assembled,B102,2431,0,P09211,FALSE
4,102,A,10.31,72.38229474,3KM6-alt1B_assembled,A102,798,0,P09211,FALSE
16,102,B,10.23,60.45262024,3KM6-alt1B_assembled,B102,2431,0,P09211,FALSE
4,102,A,10.37,61.7930331,3KMN-alt1A_assembled,A102,805,0,P09211,FALSE
16,102,B,9.83,66.21639556,3KMN-alt1A_assembled,B102,2438,0,P09211,FALSE
4,102,A,10.37,61.7930331,3KMN-alt1B_assembled,A102,805,0,P09211,FALSE
16,102,B,9.83,66.21639556,3KMN-alt1B_assembled,B102,2438,0,P09211,FALSE
4,102,A,10.2,84.98217567,3KMO-alt1A_assembled,A102,798,0,P09211,FALSE
16,102,B,10.14,69.43338643,3KMO-alt1A_assembled,B102,2431,0,P09211,FALSE
4,102,A,10.21,84.98217567,3KMO-alt1B_assembled,A102,798,0,P09211,FALSE
16,102,B,10.15,69.43338643,3KMO-alt1B_assembled,B102,2431,0,P09211,FALSE
4,102,A,9.74,73.45462503,3N9J-alt1B_assembled,A102,798,0,P09211,FALSE
16,102,B,9.92,69.43338643,3N9J-alt1B_assembled,B102,2429,0,P09211,FALSE
4,102,A,9.72,73.45462503,3N9J-alt1A_assembled,A102,798,0,P09211,FALSE
16,102,B,9.87,69.43338643,3N9J-alt1A_assembled,B102,2429,0,P09211,FALSE
4,102,A,10.06,59.24624866,3PGT-alt-1_assembled,A102,813,0,P09211,FALSE
16,102,B,10.04,62.32919825,3PGT-alt-1_assembled,B102,2451,0,P09211,FALSE
4,102,A,9.88,75.19716176,4GSS-alt-1_assembled,A102,798,0,P09211,FALSE
16,102,B,9.87,69.29934515,4GSS-alt-1_assembled,B102,2428,0,P09211,FALSE
4,102,A,10.52,51.60589532,5DAL-alt1A_assembled,A102,805,0,P09211,FALSE
4,102,A,10.52,51.60589532,5DAL-alt1B_assembled,A102,805,0,P09211,FALSE
4,102,A,9.82,53.61651462,5DCG-alt1B_assembled,A102,806,0,P09211,FALSE
16,102,B,10.19,50.66760632,5DCG-alt1B_assembled,B102,2428,0,P09211,FALSE
4,102,A,9.82,53.61651462,5DCG-alt1A_assembled,A102,806,0,P09211,FALSE
16,102,B,10.16,50.66760632,5DCG-alt1A_assembled,B102,2428,0,P09211,FALSE
4,102,A,9.99,56.69946421,5DDL-alt-1_assembled,A102,813,0,P09211,FALSE
15,102,B,9.83,60.72070281,5DDL-alt-1_assembled,B102,2440,0,P09211,FALSE
4,102,A,9.81,53.75055591,5DJL-alt1A_assembled,A102,813,0,P09211,FALSE
16,102,B,9.79,53.34843205,5DJL-alt1A_assembled,B102,2451,0,P09211,FALSE
4,102,A,9.82,53.75055591,5DJL-alt1B_assembled,A102,813,0,P09211,FALSE
16,102,B,9.82,53.34843205,5DJL-alt1B_assembled,B102,2451,0,P09211,FALSE
4,102,A,7.09,15.28070667,5DJM-alt-1_assembled,A102,803,0,P09211,FALSE
16,102,B,9.15,36.59327123,5DJM-alt-1_assembled,B102,2434,0,P09211,FALSE
4,102,A,9.76,71.84612959,5GSS-alt-1_assembled,A102,798,0,P09211,FALSE
16,102,B,9.75,63.8036524,5GSS-alt-1_assembled,B102,2429,0,P09211,FALSE
4,102,A,9.81,57.90583579,5J41-alt1A_assembled,A102,805,0,P09211,FALSE
16,102,B,9.81,61.65899181,5J41-alt1A_assembled,B102,2436,0,P09211,FALSE
4,102,A,9.81,57.90583579,5J41-alt1B_assembled,A102,805,0,P09211,FALSE
16,102,B,9.81,61.65899181,5J41-alt1B_assembled,B102,2436,0,P09211,FALSE
4,102,A,10.23,53.75055591,5JCW-alt1B_assembled,A102,805,0,P09211,FALSE
16,102,B,9.68,63.93769369,5JCW-alt1B_assembled,B102,2443,0,P09211,FALSE
4,102,A,10.23,53.75055591,5JCW-alt1A_assembled,A102,805,0,P09211,FALSE
16,102,B,10.25,58.17391836,5JCW-alt1A_assembled,B102,2443,0,P09211,FALSE
4,102,A,9.8,58.03987708,5L6X-alt-1_assembled,A102,811,0,P09211,FALSE
16,102,B,9.82,64.87598269,5L6X-alt-1_assembled,B102,2442,0,P09211,FALSE
4,102,A,10.17,53.88459719,6AP9-alt1B_assembled,A102,813,0,P09211,FALSE
16,102,B,10.15,63.66961111,6AP9-alt1B_assembled,B102,2451,0,P09211,FALSE
4,102,A,9.8,69.56742772,6GSS-alt-1_assembled,A102,798,0,P09211,FALSE
16,102,B,9.82,63.53556983,6GSS-alt-1_assembled,B102,2429,0,P09211,FALSE
4,102,A,9.79,60.05049638,6LLX-alt1B_assembled,A102,805,0,P09211,FALSE
16,102,B,9.77,57.90583579,6LLX-alt1B_assembled,B102,2486,0,P09211,FALSE
4,102,A,9.79,60.05049638,6LLX-alt1A_assembled,A102,805,0,P09211,FALSE
16,102,B,9.77,57.90583579,6LLX-alt1A_assembled,B102,2486,0,P09211,FALSE
4,102,A,10.48,71.04188187,6Y1E-alt1A_assembled,A102,805,0,P09211,FALSE
16,102,B,9.87,73.18654246,6Y1E-alt1A_assembled,B102,2436,0,P09211,FALSE
28,102,C,10.51,50.26548246,6Y1E-alt1A_assembled,C102,4074,0,P09211,FALSE
40,102,D,10.44,61.25686795,6Y1E-alt1A_assembled,D102,5712,0,P09211,FALSE
4,102,A,10.4,71.04188187,6Y1E-alt1B_assembled,A102,805,0,P09211,FALSE
16,102,B,9.94,73.18654246,6Y1E-alt1B_assembled,B102,2436,0,P09211,FALSE
28,102,C,10.53,50.26548246,6Y1E-alt1B_assembled,C102,4074,0,P09211,FALSE
40,102,D,10.42,61.25686795,6Y1E-alt1B_assembled,D102,5712,0,P09211,FALSE
4,102,A,10.02,60.18453766,7GSS-alt-1_assembled,A102,805,0,P09211,FALSE
16,102,B,10.02,56.69946421,7GSS-alt-1_assembled,B102,2443,0,P09211,FALSE
4,102,A,9.79,62.86536339,8GSS-alt-1_assembled,A102,805,0,P09211,FALSE
16,102,B,9.71,68.36105614,8GSS-alt-1_assembled,B102,2443,0,P09211,FALSE
28,102,C,10.29,55.76117521,8GSS-alt-1_assembled,C102,4081,0,P09211,FALSE
4,102,A,9.77,73.45462503,9GSS-alt-1_assembled,A102,798,0,P09211,FALSE
16,102,B,9.75,66.35043684,9GSS-alt-1_assembled,B102,2429,0,P09211,FALSE
4,103,A,10.35,63.66961111,AF-P09211-F1-model_v1,A103,813,98.73,P09211,FALSE
4,103,A,9.74,65.01002398,2J9H-alt-1_assembled,A103,803,0,P09211,FALSE
16,103,B,10.05,72.91845988,2J9H-alt-1_assembled,B103,2439,0,P09211,FALSE
4,103,A,10.07,81.63114351,5X79-alt-1_assembled,A103,813,0,P09211,FALSE
16,103,B,10.28,77.34182234,5X79-alt-1_assembled,B103,2459,0,P09211,FALSE
5,113,A,11.75,33.77840421,1GSS-alt-1_assembled,A113,913,0,P09211,FALSE
17,113,B,10.23,33.37628035,1GSS-alt-1_assembled,B113,2551,0,P09211,FALSE
5,115,A,11.2,45.70807871,10GS-alt-1_assembled,A115,906,0,P09211,FALSE
17,115,B,11.2,37.26347766,10GS-alt-1_assembled,B115,2537,0,P09211,FALSE
5,115,A,11.11,44.36766585,11GS-alt-1_assembled,A115,906,0,P09211,FALSE
17,115,B,11.11,35.38689965,11GS-alt-1_assembled,B115,2537,0,P09211,FALSE
5,115,A,11.59,49.19315217,12GS-alt-1_assembled,A115,906,0,P09211,FALSE
17,115,B,11.25,32.70607392,12GS-alt-1_assembled,B115,2537,0,P09211,FALSE
5,115,A,9.93,44.36766585,13GS-alt-1_assembled,A115,921,0,P09211,FALSE
17,115,B,9.92,38.06772538,13GS-alt-1_assembled,B115,2552,0,P09211,FALSE
5,115,A,11.23,41.01663369,16GS-alt-1_assembled,A115,906,0,P09211,FALSE
17,115,B,11.23,31.23161977,16GS-alt-1_assembled,B115,2537,0,P09211,FALSE
4,115,A,11.08,45.03787228,17GS-alt-1_assembled,A115,917,0,P09211,FALSE
15,115,B,11.07,39.27409696,17GS-alt-1_assembled,B115,2544,0,P09211,FALSE
5,115,A,11.65,52.00801918,18GS-alt-1_assembled,A115,906,0,P09211,FALSE
17,115,B,11.6,41.41875754,18GS-alt-1_assembled,B115,2537,0,P09211,FALSE
5,115,A,11.55,46.51232643,19GS-alt-1_assembled,A115,906,0,P09211,FALSE
17,115,B,11.18,36.72731252,19GS-alt-1_assembled,B115,2537,0,P09211,FALSE
5,115,A,9.85,29.8912069,1AQV-alt-1_assembled,A115,913,0,P09211,FALSE
17,115,B,10.39,29.62312433,1AQV-alt-1_assembled,B115,2551,0,P09211,FALSE
5,115,A,10.34,36.32518866,1AQW-alt-1_assembled,A115,913,0,P09211,FALSE
17,115,B,10.62,41.55279883,1AQW-alt-1_assembled,B115,2551,0,P09211,FALSE
29,115,C,11.65,44.76978971,1AQW-alt-1_assembled,C115,4189,0,P09211,FALSE
41,115,D,11.53,37.66560152,1AQW-alt-1_assembled,D115,5827,0,P09211,FALSE
5,115,A,11.59,29.22100047,1AQX-alt-1_assembled,A115,906,0,P09211,FALSE
17,115,B,11.3,31.9018262,1AQX-alt-1_assembled,B115,2537,0,P09211,FALSE
29,115,C,10.48,34.31456936,1AQX-alt-1_assembled,C115,4168,0,P09211,FALSE
41,115,D,11.42,27.34442246,1AQX-alt-1_assembled,D115,5799,0,P09211,FALSE
5,115,A,10,50.66760632,1EOG-alt-1_assembled,A115,906,0,P09211,FALSE
17,115,B,9.95,39.54217953,1EOG-alt-1_assembled,B115,2536,0,P09211,FALSE
5,115,A,10,32.70607392,1EOH-alt-1_assembled,A115,913,0,P09211,FALSE
17,115,B,9.94,30.02524819,1EOH-alt-1_assembled,B115,2548,0,P09211,FALSE
29,115,C,9.89,27.8805876,1EOH-alt-1_assembled,C115,4183,0,P09211,FALSE
41,115,D,10.01,30.82949591,1EOH-alt-1_assembled,D115,5818,0,P09211,FALSE
53,115,E,11,33.64436292,1EOH-alt-1_assembled,E115,7453,0,P09211,FALSE
65,115,F,10.01,28.68483532,1EOH-alt-1_assembled,F115,9088,0,P09211,FALSE
77,115,G,10.06,29.35504176,1EOH-alt-1_assembled,G115,10723,0,P09211,FALSE
89,115,H,10.04,29.35504176,1EOH-alt-1_assembled,H115,12358,0,P09211,FALSE
5,115,A,11.64,39.67622082,1KBN-alt-1_assembled,A115,913,0,P09211,FALSE
17,115,B,11.64,42.22300526,1KBN-alt-1_assembled,B115,2541,0,P09211,FALSE
5,115,A,10.97,32.30395006,1LBK-alt-1_assembled,A115,913,0,P09211,FALSE
17,115,B,10.97,32.97415649,1LBK-alt-1_assembled,B115,2549,0,P09211,FALSE
5,115,A,11.66,52.41014304,1MD3-alt-1_assembled,A115,906,0,P09211,FALSE
17,115,B,11.66,43.96554199,1MD3-alt-1_assembled,B115,2538,0,P09211,FALSE
5,115,A,10.08,41.68684012,1MD4-alt-1_assembled,A115,906,0,P09211,FALSE
17,115,B,10.07,34.71669322,1MD4-alt-1_assembled,B115,2540,0,P09211,FALSE
5,115,A,10.41,34.44861064,1PGT-alt-1_assembled,A115,920,0,P09211,FALSE
17,115,B,11.07,35.52094094,1PGT-alt-1_assembled,B115,2557,0,P09211,FALSE
5,115,A,11.55,33.9124455,1PX6-alt-1_assembled,A115,913,0,P09211,FALSE
17,115,B,11.62,36.99539509,1PX6-alt-1_assembled,B115,2551,0,P09211,FALSE
5,115,A,11.68,53.75055591,1PX7-alt-1_assembled,A115,913,0,P09211,FALSE
17,115,B,11.6,41.55279883,1PX7-alt-1_assembled,B115,2545,0,P09211,FALSE
5,115,A,11.36,51.20377146,1ZGN-alt-1_assembled,A115,906,0,P09211,FALSE
17,115,B,11.31,43.42937684,1ZGN-alt-1_assembled,B115,2536,0,P09211,FALSE
5,115,A,10.03,42.62512912,20GS-alt-1_assembled,A115,906,0,P09211,FALSE
17,115,B,9.92,29.22100047,20GS-alt-1_assembled,B115,2537,0,P09211,FALSE
5,115,A,11.21,42.49108784,22GS-alt-1_assembled,A115,905,0,P09211,FALSE
17,115,B,11.21,33.37628035,22GS-alt-1_assembled,B115,2535,0,P09211,FALSE
5,115,A,11.7,60.18453766,2A2R-alt1B_assembled,A115,921,0,P09211,FALSE
17,115,B,11.62,41.68684012,2A2R-alt1B_assembled,B115,2559,0,P09211,FALSE
5,115,A,11.7,60.18453766,2A2R-alt1A_assembled,A115,921,0,P09211,FALSE
17,115,B,11.62,41.68684012,2A2R-alt1A_assembled,B115,2559,0,P09211,FALSE
5,115,A,11.63,51.60589532,2A2S-alt1B_assembled,A115,921,0,P09211,FALSE
17,115,B,11.6,50.66760632,2A2S-alt1B_assembled,B115,2559,0,P09211,FALSE
5,115,A,11.63,51.60589532,2A2S-alt1A_assembled,A115,921,0,P09211,FALSE
17,115,B,11.6,50.66760632,2A2S-alt1A_assembled,B115,2559,0,P09211,FALSE
5,115,A,11.13,44.63574842,2GSS-alt-1_assembled,A115,906,0,P09211,FALSE
17,115,B,11.11,36.32518866,2GSS-alt-1_assembled,B115,2537,0,P09211,FALSE
5,115,A,11.72,37.53156023,2PGT-alt-1_assembled,A115,920,0,P09211,FALSE
17,115,B,11.19,29.75716561,2PGT-alt-1_assembled,B115,2557,0,P09211,FALSE
5,115,A,11.63,51.33781275,3CSH-alt1A_assembled,A115,913,0,P09211,FALSE
17,115,B,11.59,43.96554199,3CSH-alt1A_assembled,B115,2551,0,P09211,FALSE
5,115,A,11.63,51.33781275,3CSH-alt1B_assembled,A115,913,0,P09211,FALSE
17,115,B,11.59,43.96554199,3CSH-alt1B_assembled,B115,2551,0,P09211,FALSE
5,115,A,11.58,42.49108784,3CSI-alt1A_assembled,A115,914,0,P09211,FALSE
17,115,B,11.71,41.41875754,3CSI-alt1A_assembled,B115,2553,0,P09211,FALSE
29,115,C,11.7,43.56341813,3CSI-alt1A_assembled,C115,4192,0,P09211,FALSE
41,115,D,11.43,30.15928947,3CSI-alt1A_assembled,D115,5831,0,P09211,FALSE
5,115,A,11.58,42.49108784,3CSI-alt1B_assembled,A115,914,0,P09211,FALSE
17,115,B,11.71,41.41875754,3CSI-alt1B_assembled,B115,2553,0,P09211,FALSE
29,115,C,11.7,43.56341813,3CSI-alt1B_assembled,C115,4192,0,P09211,FALSE
41,115,D,11.43,30.15928947,3CSI-alt1B_assembled,D115,5831,0,P09211,FALSE
5,115,A,11.63,52.67822562,3CSJ-alt-1_assembled,A115,913,0,P09211,FALSE
17,115,B,11.14,34.44861064,3CSJ-alt-1_assembled,B115,2551,0,P09211,FALSE
5,115,A,11.54,48.79102831,3DD3-alt-1_assembled,A115,921,0,P09211,FALSE
17,115,B,11.53,36.59327123,3DD3-alt-1_assembled,B115,2552,0,P09211,FALSE
5,115,A,11.6,47.71869801,3DGQ-alt1A_assembled,A115,921,0,P09211,FALSE
17,115,B,11.65,40.8825924,3DGQ-alt1A_assembled,B115,2552,0,P09211,FALSE
5,115,A,11.6,47.71869801,3DGQ-alt1B_assembled,A115,921,0,P09211,FALSE
17,115,B,11.65,40.8825924,3DGQ-alt1B_assembled,B115,2552,0,P09211,FALSE
5,115,A,11.2,42.35704655,3GSS-alt-1_assembled,A115,906,0,P09211,FALSE
17,115,B,11.22,35.11881708,3GSS-alt-1_assembled,B115,2537,0,P09211,FALSE
5,115,A,11.65,50.13144117,3GUS-alt1A_assembled,A115,913,0,P09211,FALSE
17,115,B,11.69,42.62512912,3GUS-alt1A_assembled,B115,2544,0,P09211,FALSE
5,115,A,11.65,50.13144117,3GUS-alt1B_assembled,A115,913,0,P09211,FALSE
17,115,B,11.69,42.62512912,3GUS-alt1B_assembled,B115,2544,0,P09211,FALSE
5,115,A,11.31,37.93368409,3HJM-alt1A_assembled,A115,901,0,P09211,FALSE
17,115,B,11.62,35.78902351,3HJM-alt1A_assembled,B115,2527,0,P09211,FALSE
29,115,C,11.65,41.68684012,3HJM-alt1A_assembled,C115,4153,0,P09211,FALSE
41,115,D,11.32,35.38689965,3HJM-alt1A_assembled,D115,5779,0,P09211,FALSE
5,115,A,11.31,37.93368409,3HJM-alt1B_assembled,A115,901,0,P09211,FALSE
17,115,B,11.62,35.78902351,3HJM-alt1B_assembled,B115,2527,0,P09211,FALSE
29,115,C,11.65,41.68684012,3HJM-alt1B_assembled,C115,4153,0,P09211,FALSE
41,115,D,11.32,35.38689965,3HJM-alt1B_assembled,D115,5779,0,P09211,FALSE
5,115,A,11.26,50.93568889,3HJO-alt1A_assembled,A115,908,0,P09211,FALSE
17,115,B,11.17,39.81026211,3HJO-alt1A_assembled,B115,2540,0,P09211,FALSE
5,115,A,11.26,50.93568889,3HJO-alt1B_assembled,A115,908,0,P09211,FALSE
17,115,B,11.17,39.81026211,3HJO-alt1B_assembled,B115,2540,0,P09211,FALSE
5,115,A,11.27,45.17191357,3HKR-alt1B_assembled,A115,901,0,P09211,FALSE
17,115,B,11.35,44.63574842,3HKR-alt1B_assembled,B115,2533,0,P09211,FALSE
5,115,A,11.27,45.17191357,3HKR-alt1A_assembled,A115,901,0,P09211,FALSE
17,115,B,11.35,44.63574842,3HKR-alt1A_assembled,B115,2533,0,P09211,FALSE
5,115,A,11.66,53.48247333,3IE3-alt1A_assembled,A115,910,0,P09211,FALSE
17,115,B,11.63,49.46123474,3IE3-alt1A_assembled,B115,2538,0,P09211,FALSE
5,115,A,11.66,53.48247333,3IE3-alt1B_assembled,A115,910,0,P09211,FALSE
17,115,B,11.63,49.46123474,3IE3-alt1B_assembled,B115,2538,0,P09211,FALSE
5,115,A,11.59,52.14206047,3KM6-alt1A_assembled,A115,901,0,P09211,FALSE
17,115,B,11.54,41.55279883,3KM6-alt1A_assembled,B115,2534,0,P09211,FALSE
5,115,A,11.59,52.14206047,3KM6-alt1B_assembled,A115,901,0,P09211,FALSE
17,115,B,11.54,41.55279883,3KM6-alt1B_assembled,B115,2534,0,P09211,FALSE
5,115,A,11.58,53.48247333,3KMN-alt1A_assembled,A115,908,0,P09211,FALSE
17,115,B,11.61,45.43999614,3KMN-alt1A_assembled,B115,2541,0,P09211,FALSE
5,115,A,11.58,53.48247333,3KMN-alt1B_assembled,A115,908,0,P09211,FALSE
17,115,B,11.61,45.43999614,3KMN-alt1B_assembled,B115,2541,0,P09211,FALSE
5,115,A,11.55,50.13144117,3KMO-alt1A_assembled,A115,901,0,P09211,FALSE
17,115,B,11.62,44.09958328,3KMO-alt1A_assembled,B115,2534,0,P09211,FALSE
5,115,A,11.55,50.13144117,3KMO-alt1B_assembled,A115,901,0,P09211,FALSE
17,115,B,11.62,44.09958328,3KMO-alt1B_assembled,B115,2534,0,P09211,FALSE
5,115,A,11.62,49.46123474,3N9J-alt1B_assembled,A115,906,0,P09211,FALSE
17,115,B,11.6,42.22300526,3N9J-alt1B_assembled,B115,2537,0,P09211,FALSE
5,115,A,11.62,49.46123474,3N9J-alt1A_assembled,A115,906,0,P09211,FALSE
17,115,B,11.6,42.22300526,3N9J-alt1A_assembled,B115,2537,0,P09211,FALSE
5,115,A,11.7,38.20176667,3PGT-alt-1_assembled,A115,921,0,P09211,FALSE
17,115,B,11.35,36.99539509,3PGT-alt-1_assembled,B115,2559,0,P09211,FALSE
5,115,A,11.29,45.57403743,4GSS-alt-1_assembled,A115,905,0,P09211,FALSE
17,115,B,11.29,35.38689965,4GSS-alt-1_assembled,B115,2535,0,P09211,FALSE
5,115,A,11.58,39.67622082,5DAL-alt1A_assembled,A115,913,0,P09211,FALSE
5,115,A,11.58,39.67622082,5DAL-alt1B_assembled,A115,913,0,P09211,FALSE
5,115,A,11.61,34.71669322,5DCG-alt1B_assembled,A115,910,0,P09211,FALSE
17,115,B,10.28,35.11881708,5DCG-alt1B_assembled,B115,2536,0,P09211,FALSE
5,115,A,11.61,34.71669322,5DCG-alt1A_assembled,A115,910,0,P09211,FALSE
17,115,B,10.28,35.11881708,5DCG-alt1A_assembled,B115,2536,0,P09211,FALSE
5,115,A,11.61,36.59327123,5DDL-alt-1_assembled,A115,917,0,P09211,FALSE
16,115,B,11.62,38.33580795,5DDL-alt-1_assembled,B115,2548,0,P09211,FALSE
5,115,A,11.64,37.53156023,5DJL-alt1A_assembled,A115,921,0,P09211,FALSE
17,115,B,11.69,38.8719731,5DJL-alt1A_assembled,B115,2559,0,P09211,FALSE
5,115,A,11.64,37.53156023,5DJL-alt1B_assembled,A115,921,0,P09211,FALSE
17,115,B,11.69,38.8719731,5DJL-alt1B_assembled,B115,2559,0,P09211,FALSE
5,115,A,10.78,34.18052807,5DJM-alt-1_assembled,A115,911,0,P09211,FALSE
17,115,B,11.6,30.82949591,5DJM-alt-1_assembled,B115,2542,0,P09211,FALSE
5,115,A,11.18,39.54217953,5GSS-alt-1_assembled,A115,906,0,P09211,FALSE
17,115,B,11.18,32.43799135,5GSS-alt-1_assembled,B115,2537,0,P09211,FALSE
5,115,A,11.63,36.59327123,5J41-alt1A_assembled,A115,913,0,P09211,FALSE
17,115,B,11.65,38.33580795,5J41-alt1A_assembled,B115,2544,0,P09211,FALSE
5,115,A,11.63,36.59327123,5J41-alt1B_assembled,A115,913,0,P09211,FALSE
17,115,B,11.65,38.33580795,5J41-alt1B_assembled,B115,2544,0,P09211,FALSE
5,115,A,11.4,34.04648678,5JCW-alt1B_assembled,A115,913,0,P09211,FALSE
17,115,B,11.5,39.67622082,5JCW-alt1B_assembled,B115,2551,0,P09211,FALSE
5,115,A,11.4,34.04648678,5JCW-alt1A_assembled,A115,913,0,P09211,FALSE
17,115,B,11.5,39.67622082,5JCW-alt1A_assembled,B115,2551,0,P09211,FALSE
5,115,A,11.65,37.53156023,5L6X-alt-1_assembled,A115,919,0,P09211,FALSE
17,115,B,11.68,40.74855111,5L6X-alt-1_assembled,B115,2550,0,P09211,FALSE
5,115,A,11.57,34.98477579,6AP9-alt1B_assembled,A115,921,0,P09211,FALSE
17,115,B,11.44,38.06772538,6AP9-alt1B_assembled,B115,2559,0,P09211,FALSE
5,115,A,11.28,45.97616129,6GSS-alt-1_assembled,A115,906,0,P09211,FALSE
17,115,B,11.27,38.73793181,6GSS-alt-1_assembled,B115,2537,0,P09211,FALSE
5,115,A,11.64,41.01663369,6LLX-alt1B_assembled,A115,913,0,P09211,FALSE
17,115,B,11.71,39.81026211,6LLX-alt1B_assembled,B115,2594,0,P09211,FALSE
5,115,A,11.64,41.01663369,6LLX-alt1A_assembled,A115,913,0,P09211,FALSE
17,115,B,11.71,39.81026211,6LLX-alt1A_assembled,B115,2594,0,P09211,FALSE
5,115,A,11.38,38.8719731,6Y1E-alt1A_assembled,A115,913,0,P09211,FALSE
17,115,B,11.64,35.65498222,6Y1E-alt1A_assembled,B115,2544,0,P09211,FALSE
29,115,C,10.22,38.60389053,6Y1E-alt1A_assembled,C115,4182,0,P09211,FALSE
41,115,D,11.52,40.34642725,6Y1E-alt1A_assembled,D115,5820,0,P09211,FALSE
5,115,A,11.38,38.8719731,6Y1E-alt1B_assembled,A115,913,0,P09211,FALSE
17,115,B,11.64,35.65498222,6Y1E-alt1B_assembled,B115,2544,0,P09211,FALSE
29,115,C,10.22,38.60389053,6Y1E-alt1B_assembled,C115,4182,0,P09211,FALSE
41,115,D,11.52,40.34642725,6Y1E-alt1B_assembled,D115,5820,0,P09211,FALSE
5,115,A,11.56,38.20176667,7GSS-alt-1_assembled,A115,913,0,P09211,FALSE
17,115,B,11.56,37.93368409,7GSS-alt-1_assembled,B115,2551,0,P09211,FALSE
5,115,A,11.5,36.05710608,8GSS-alt-1_assembled,A115,913,0,P09211,FALSE
17,115,B,11.51,45.43999614,8GSS-alt-1_assembled,B115,2551,0,P09211,FALSE
29,115,C,11.52,36.59327123,8GSS-alt-1_assembled,C115,4189,0,P09211,FALSE
5,115,A,11.16,45.43999614,9GSS-alt-1_assembled,A115,906,0,P09211,FALSE
17,115,B,11.15,37.12943638,9GSS-alt-1_assembled,B115,2537,0,P09211,FALSE
5,116,A,11.48,45.03787228,AF-P09211-F1-model_v1,A116,921,98.35,P09211,FALSE
5,116,A,11.73,47.45061544,2J9H-alt-1_assembled,A116,911,0,P09211,FALSE
17,116,B,11.38,34.44861064,2J9H-alt-1_assembled,B116,2547,0,P09211,FALSE
5,116,A,11.59,51.06973018,5X79-alt-1_assembled,A116,921,0,P09211,FALSE
17,116,B,10.5,56.96754679,5X79-alt-1_assembled,B116,2567,0,P09211,FALSE
6,118,A,10.59,65.14406526,1GSS-alt-1_assembled,A118,957,0,P09211,FALSE
18,118,B,10.55,77.7439462,1GSS-alt-1_assembled,B118,2595,0,P09211,FALSE
6,120,A,11.17,97.98418047,10GS-alt-1_assembled,A120,950,0,P09211,FALSE
18,120,B,11.17,63.13344597,10GS-alt-1_assembled,B120,2581,0,P09211,FALSE
6,120,A,10.36,113.9350936,11GS-alt-1_assembled,A120,950,0,P09211,FALSE
18,120,B,10.36,72.51633603,11GS-alt-1_assembled,B120,2581,0,P09211,FALSE
6,120,A,11.06,101.4692539,12GS-alt-1_assembled,A120,950,0,P09211,FALSE
18,120,B,11.22,65.01002398,12GS-alt-1_assembled,B120,2581,0,P09211,FALSE
6,120,A,10.64,106.2947402,13GS-alt-1_assembled,A120,965,0,P09211,FALSE
18,120,B,10.66,68.09297357,13GS-alt-1_assembled,B120,2596,0,P09211,FALSE
6,120,A,11.28,106.5628228,16GS-alt-1_assembled,A120,950,0,P09211,FALSE
18,120,B,11.28,66.08235427,16GS-alt-1_assembled,B120,2581,0,P09211,FALSE
5,120,A,10.78,102.5415842,17GS-alt-1_assembled,A120,961,0,P09211,FALSE
16,120,B,10.79,67.95893228,17GS-alt-1_assembled,B120,2588,0,P09211,FALSE
6,120,A,11.6,98.25226304,18GS-alt-1_assembled,A120,950,0,P09211,FALSE
18,120,B,11.59,60.8547441,18GS-alt-1_assembled,B120,2581,0,P09211,FALSE
6,120,A,11.62,93.02465287,19GS-alt-1_assembled,A120,950,0,P09211,FALSE
18,120,B,11.61,58.30795965,19GS-alt-1_assembled,B120,2581,0,P09211,FALSE
6,120,A,10.69,70.37167544,1AQV-alt-1_assembled,A120,957,0,P09211,FALSE
18,120,B,10.46,79.88860679,1AQV-alt-1_assembled,B120,2595,0,P09211,FALSE
6,120,A,10.49,59.51433123,1AQW-alt-1_assembled,A120,957,0,P09211,FALSE
18,120,B,10.5,82.16730866,1AQW-alt-1_assembled,B120,2595,0,P09211,FALSE
30,120,C,11.2,62.32919825,1AQW-alt-1_assembled,C120,4233,0,P09211,FALSE
42,120,D,11.44,49.99739988,1AQW-alt-1_assembled,D120,5871,0,P09211,FALSE
6,120,A,10.37,87.39491883,1AQX-alt-1_assembled,A120,950,0,P09211,FALSE
18,120,B,10.41,74.66099661,1AQX-alt-1_assembled,B120,2581,0,P09211,FALSE
30,120,C,10.62,66.61851942,1AQX-alt-1_assembled,C120,4212,0,P09211,FALSE
42,120,D,10.84,62.46323953,1AQX-alt-1_assembled,D120,5843,0,P09211,FALSE
6,120,A,10.36,106.2947402,1EOG-alt-1_assembled,A120,950,0,P09211,FALSE
18,120,B,10.53,70.10359287,1EOG-alt-1_assembled,B120,2580,0,P09211,FALSE
6,120,A,10.53,69.16530386,1EOH-alt-1_assembled,A120,957,0,P09211,FALSE
18,120,B,10.8,77.60990491,1EOH-alt-1_assembled,B120,2592,0,P09211,FALSE
30,120,C,10.72,72.51633603,1EOH-alt-1_assembled,C120,4227,0,P09211,FALSE
42,120,D,10.53,68.36105614,1EOH-alt-1_assembled,D120,5862,0,P09211,FALSE
54,120,E,10.68,77.34182234,1EOH-alt-1_assembled,E120,7497,0,P09211,FALSE
66,120,F,10.52,79.88860679,1EOH-alt-1_assembled,F120,9132,0,P09211,FALSE
78,120,G,10.53,73.99079018,1EOH-alt-1_assembled,G120,10767,0,P09211,FALSE
90,120,H,10.53,79.08435907,1EOH-alt-1_assembled,H120,12402,0,P09211,FALSE
6,120,A,10.7,68.09297357,1KBN-alt-1_assembled,A120,957,0,P09211,FALSE
18,120,B,10.7,65.94831298,1KBN-alt-1_assembled,B120,2585,0,P09211,FALSE
6,120,A,10.37,86.7247124,1LBK-alt-1_assembled,A120,957,0,P09211,FALSE
18,120,B,10.37,76.00140948,1LBK-alt-1_assembled,B120,2593,0,P09211,FALSE
6,120,A,10.46,88.60129041,1MD3-alt-1_assembled,A120,950,0,P09211,FALSE
18,120,B,10.4,77.7439462,1MD3-alt-1_assembled,B120,2582,0,P09211,FALSE
6,120,A,10.44,134.4434104,1MD4-alt-1_assembled,A120,950,0,P09211,FALSE
18,120,B,10.44,88.60129041,1MD4-alt-1_assembled,B120,2584,0,P09211,FALSE
6,120,A,11.43,60.31857895,1PGT-alt-1_assembled,A120,964,0,P09211,FALSE
18,120,B,10.4,81.36306094,1PGT-alt-1_assembled,B120,2601,0,P09211,FALSE
6,120,A,10.5,82.30134994,1PX6-alt-1_assembled,A120,957,0,P09211,FALSE
18,120,B,10.84,81.09497836,1PX6-alt-1_assembled,B120,2595,0,P09211,FALSE
6,120,A,10.36,113.3989284,1PX7-alt-1_assembled,A120,957,0,P09211,FALSE
18,120,B,10.43,85.38429953,1PX7-alt-1_assembled,B120,2589,0,P09211,FALSE
6,120,A,10.33,97.44801532,1ZGN-alt-1_assembled,A120,950,0,P09211,FALSE
18,120,B,11.02,66.7525607,1ZGN-alt-1_assembled,B120,2580,0,P09211,FALSE
6,120,A,10.55,130.958337,20GS-alt-1_assembled,A120,950,0,P09211,FALSE
18,120,B,10.56,83.50772152,20GS-alt-1_assembled,B120,2581,0,P09211,FALSE
6,120,A,10.61,102.6756255,22GS-alt-1_assembled,A120,949,0,P09211,FALSE
18,120,B,10.91,68.62913872,22GS-alt-1_assembled,B120,2579,0,P09211,FALSE
6,120,A,10.53,134.5774517,2A2R-alt1B_assembled,A120,965,0,P09211,FALSE
18,120,B,10.38,78.81627649,2A2R-alt1B_assembled,B120,2603,0,P09211,FALSE
6,120,A,10.53,134.5774517,2A2R-alt1A_assembled,A120,965,0,P09211,FALSE
18,120,B,10.38,78.81627649,2A2R-alt1A_assembled,B120,2603,0,P09211,FALSE
6,120,A,10.44,124.2562726,2A2S-alt1B_assembled,A120,965,0,P09211,FALSE
18,120,B,10.42,87.26087755,2A2S-alt1B_assembled,B120,2603,0,P09211,FALSE
6,120,A,10.44,124.2562726,2A2S-alt1A_assembled,A120,965,0,P09211,FALSE
18,120,B,10.42,87.26087755,2A2S-alt1A_assembled,B120,2603,0,P09211,FALSE
6,120,A,10.61,102.0054191,2GSS-alt-1_assembled,A120,950,0,P09211,FALSE
18,120,B,10.63,68.22701486,2GSS-alt-1_assembled,B120,2581,0,P09211,FALSE
6,120,A,10.5,86.45662983,2PGT-alt-1_assembled,A120,964,0,P09211,FALSE
18,120,B,11.14,73.18654246,2PGT-alt-1_assembled,B120,2601,0,P09211,FALSE
6,120,A,10.41,132.4327911,3CSH-alt1A_assembled,A120,957,0,P09211,FALSE
18,120,B,10.39,87.66300141,3CSH-alt1A_assembled,B120,2595,0,P09211,FALSE
6,120,A,10.41,132.4327911,3CSH-alt1B_assembled,A120,957,0,P09211,FALSE
18,120,B,10.4,87.66300141,3CSH-alt1B_assembled,B120,2595,0,P09211,FALSE
6,120,A,10.58,84.44601053,3CSI-alt1A_assembled,A120,958,0,P09211,FALSE
18,120,B,10.59,78.28011135,3CSI-alt1A_assembled,B120,2597,0,P09211,FALSE
30,120,C,10.44,83.64176281,3CSI-alt1A_assembled,C120,4236,0,P09211,FALSE
42,120,D,10.81,62.99940468,3CSI-alt1A_assembled,D120,5875,0,P09211,FALSE
6,120,A,10.58,84.44601053,3CSI-alt1B_assembled,A120,958,0,P09211,FALSE
18,120,B,10.59,78.28011135,3CSI-alt1B_assembled,B120,2597,0,P09211,FALSE
30,120,C,10.44,83.64176281,3CSI-alt1B_assembled,C120,4236,0,P09211,FALSE
42,120,D,10.81,62.99940468,3CSI-alt1B_assembled,D120,5875,0,P09211,FALSE
6,120,A,11.11,101.4692539,3CSJ-alt-1_assembled,A120,957,0,P09211,FALSE
18,120,B,10.93,68.49509743,3CSJ-alt-1_assembled,B120,2595,0,P09211,FALSE
6,120,A,10.56,108.7074834,3DD3-alt-1_assembled,A120,965,0,P09211,FALSE
18,120,B,10.39,82.03326737,3DD3-alt-1_assembled,B120,2596,0,P09211,FALSE
6,120,A,10.64,110.9861853,3DGQ-alt1A_assembled,A120,965,0,P09211,FALSE
18,120,B,10.44,85.92046468,3DGQ-alt1A_assembled,B120,2596,0,P09211,FALSE
6,120,A,10.64,110.9861853,3DGQ-alt1B_assembled,A120,965,0,P09211,FALSE
18,120,B,10.44,85.92046468,3DGQ-alt1B_assembled,B120,2596,0,P09211,FALSE
6,120,A,10.8,109.7798137,3GSS-alt-1_assembled,A120,950,0,P09211,FALSE
18,120,B,10.46,72.65037731,3GSS-alt-1_assembled,B120,2581,0,P09211,FALSE
6,120,A,10.44,125.1945616,3GUS-alt1A_assembled,A120,957,0,P09211,FALSE
18,120,B,10.42,87.26087755,3GUS-alt1A_assembled,B120,2588,0,P09211,FALSE
6,120,A,10.44,125.1945616,3GUS-alt1B_assembled,A120,957,0,P09211,FALSE
18,120,B,10.42,87.26087755,3GUS-alt1B_assembled,B120,2588,0,P09211,FALSE
6,120,A,11.15,83.64176281,3HJM-alt1A_assembled,A120,945,0,P09211,FALSE
18,120,B,11.12,59.24624866,3HJM-alt1A_assembled,B120,2571,0,P09211,FALSE
30,120,C,10.45,85.38429953,3HJM-alt1A_assembled,C120,4197,0,P09211,FALSE
42,120,D,10.42,87.52896012,3HJM-alt1A_assembled,D120,5823,0,P09211,FALSE
6,120,A,11.15,83.64176281,3HJM-alt1B_assembled,A120,945,0,P09211,FALSE
18,120,B,11.12,59.24624866,3HJM-alt1B_assembled,B120,2571,0,P09211,FALSE
30,120,C,10.45,85.38429953,3HJM-alt1B_assembled,C120,4197,0,P09211,FALSE
42,120,D,10.42,87.52896012,3HJM-alt1B_assembled,D120,5823,0,P09211,FALSE
6,120,A,10.41,112.9968046,3HJO-alt1A_assembled,A120,952,0,P09211,FALSE
18,120,B,10.39,72.91845988,3HJO-alt1A_assembled,B120,2584,0,P09211,FALSE
6,120,A,10.41,112.9968046,3HJO-alt1B_assembled,A120,952,0,P09211,FALSE
18,120,B,10.39,72.91845988,3HJO-alt1B_assembled,B120,2584,0,P09211,FALSE
6,120,A,11.14,90.20978585,3HKR-alt1B_assembled,A120,945,0,P09211,FALSE
18,120,B,10.4,76.00140948,3HKR-alt1B_assembled,B120,2577,0,P09211,FALSE
6,120,A,11.14,90.20978585,3HKR-alt1A_assembled,A120,945,0,P09211,FALSE
18,120,B,10.4,76.00140948,3HKR-alt1A_assembled,B120,2577,0,P09211,FALSE
6,120,A,10.43,127.0711397,3IE3-alt1A_assembled,A120,954,0,P09211,FALSE
18,120,B,10.43,90.07574456,3IE3-alt1A_assembled,B120,2582,0,P09211,FALSE
6,120,A,10.43,127.0711397,3IE3-alt1B_assembled,A120,954,0,P09211,FALSE
18,120,B,10.43,90.07574456,3IE3-alt1B_assembled,B120,2582,0,P09211,FALSE
6,120,A,11.1,100.9330888,3KM6-alt1A_assembled,A120,945,0,P09211,FALSE
18,120,B,10.37,67.824891,3KM6-alt1A_assembled,B120,2578,0,P09211,FALSE
6,120,A,11.1,100.9330888,3KM6-alt1B_assembled,A120,945,0,P09211,FALSE
18,120,B,10.37,67.824891,3KM6-alt1B_assembled,B120,2578,0,P09211,FALSE
6,120,A,11.21,98.92246948,3KMN-alt1A_assembled,A120,952,0,P09211,FALSE
18,120,B,10.39,65.14406526,3KMN-alt1A_assembled,B120,2585,0,P09211,FALSE
6,120,A,11.21,98.92246948,3KMN-alt1B_assembled,A120,952,0,P09211,FALSE
18,120,B,10.39,65.14406526,3KMN-alt1B_assembled,B120,2585,0,P09211,FALSE
6,120,A,10.37,104.2841209,3KMO-alt1A_assembled,A120,945,0,P09211,FALSE
18,120,B,10.39,85.65238211,3KMO-alt1A_assembled,B120,2578,0,P09211,FALSE
6,120,A,10.37,104.2841209,3KMO-alt1B_assembled,A120,945,0,P09211,FALSE
18,120,B,10.39,85.65238211,3KMO-alt1B_assembled,B120,2578,0,P09211,FALSE
6,120,A,11.31,103.4798732,3N9J-alt1B_assembled,A120,950,0,P09211,FALSE
18,120,B,10.41,73.18654246,3N9J-alt1B_assembled,B120,2581,0,P09211,FALSE
6,120,A,11.31,103.4798732,3N9J-alt1A_assembled,A120,950,0,P09211,FALSE
18,120,B,10.41,73.18654246,3N9J-alt1A_assembled,B120,2581,0,P09211,FALSE
6,120,A,10.43,84.17792796,3PGT-alt-1_assembled,A120,965,0,P09211,FALSE
18,120,B,10.54,93.6948593,3PGT-alt-1_assembled,B120,2603,0,P09211,FALSE
6,120,A,10.52,109.5117311,4GSS-alt-1_assembled,A120,949,0,P09211,FALSE
18,120,B,10.52,68.89722129,4GSS-alt-1_assembled,B120,2579,0,P09211,FALSE
6,120,A,11.06,61.39090924,5DAL-alt1A_assembled,A120,957,0,P09211,FALSE
6,120,A,11.06,61.39090924,5DAL-alt1B_assembled,A120,957,0,P09211,FALSE
6,120,A,10.55,79.62052421,5DCG-alt1B_assembled,A120,954,0,P09211,FALSE
18,120,B,10.41,82.83751509,5DCG-alt1B_assembled,B120,2580,0,P09211,FALSE
6,120,A,10.55,79.62052421,5DCG-alt1A_assembled,A120,954,0,P09211,FALSE
18,120,B,10.41,82.83751509,5DCG-alt1A_assembled,B120,2580,0,P09211,FALSE
6,120,A,10.44,89.80766199,5DDL-alt-1_assembled,A120,961,0,P09211,FALSE
17,120,B,10.4,81.7651848,5DDL-alt-1_assembled,B120,2589,0,P09211,FALSE
6,120,A,10.44,79.35244164,5DJL-alt1A_assembled,A120,965,0,P09211,FALSE
18,120,B,10.49,81.36306094,5DJL-alt1A_assembled,B120,2603,0,P09211,FALSE
6,120,A,10.44,79.35244164,5DJL-alt1B_assembled,A120,965,0,P09211,FALSE
18,120,B,10.49,81.36306094,5DJL-alt1B_assembled,B120,2603,0,P09211,FALSE
6,120,A,10.25,59.7824138,5DJM-alt-1_assembled,A120,955,0,P09211,FALSE
18,120,B,10.93,59.51433123,5DJM-alt-1_assembled,B120,2586,0,P09211,FALSE
6,120,A,10.62,102.0054191,5GSS-alt-1_assembled,A120,950,0,P09211,FALSE
18,120,B,10.63,71.71208831,5GSS-alt-1_assembled,B120,2581,0,P09211,FALSE
6,120,A,10.45,85.65238211,5J41-alt1A_assembled,A120,957,0,P09211,FALSE
18,120,B,10.45,80.42477193,5J41-alt1A_assembled,B120,2588,0,P09211,FALSE
6,120,A,10.45,85.65238211,5J41-alt1B_assembled,A120,957,0,P09211,FALSE
18,120,B,10.45,80.42477193,5J41-alt1B_assembled,B120,2588,0,P09211,FALSE
6,120,A,10.44,88.7353317,5JCW-alt1B_assembled,A120,957,0,P09211,FALSE
18,120,B,10.43,92.08636386,5JCW-alt1B_assembled,B120,2595,0,P09211,FALSE
6,120,A,10.44,88.7353317,5JCW-alt1A_assembled,A120,957,0,P09211,FALSE
18,120,B,10.43,92.08636386,5JCW-alt1A_assembled,B120,2595,0,P09211,FALSE
6,120,A,10.43,84.84813439,5L6X-alt-1_assembled,A120,963,0,P09211,FALSE
18,120,B,10.73,74.52695532,5L6X-alt-1_assembled,B120,2594,0,P09211,FALSE
6,120,A,10.43,86.18854725,6AP9-alt1B_assembled,A120,965,0,P09211,FALSE
18,120,B,10.43,92.75657029,6AP9-alt1B_assembled,B120,2603,0,P09211,FALSE
6,120,A,10.73,102.5415842,6GSS-alt-1_assembled,A120,950,0,P09211,FALSE
18,120,B,10.73,65.41214784,6GSS-alt-1_assembled,B120,2581,0,P09211,FALSE
6,120,A,10.78,69.16530386,6LLX-alt1B_assembled,A120,957,0,P09211,FALSE
18,120,B,10.46,81.7651848,6LLX-alt1B_assembled,B120,2638,0,P09211,FALSE
6,120,A,10.78,69.16530386,6LLX-alt1A_assembled,A120,957,0,P09211,FALSE
18,120,B,10.46,81.7651848,6LLX-alt1A_assembled,B120,2638,0,P09211,FALSE
6,120,A,10.53,87.93108398,6Y1E-alt1A_assembled,A120,957,0,P09211,FALSE
18,120,B,10.44,88.7353317,6Y1E-alt1A_assembled,B120,2588,0,P09211,FALSE
30,120,C,10.38,66.88660199,6Y1E-alt1A_assembled,C120,4226,0,P09211,FALSE
42,120,D,10.53,90.20978585,6Y1E-alt1A_assembled,D120,5864,0,P09211,FALSE
6,120,A,10.53,87.93108398,6Y1E-alt1B_assembled,A120,957,0,P09211,FALSE
18,120,B,10.44,88.7353317,6Y1E-alt1B_assembled,B120,2588,0,P09211,FALSE
30,120,C,10.38,66.88660199,6Y1E-alt1B_assembled,C120,4226,0,P09211,FALSE
42,120,D,10.53,90.20978585,6Y1E-alt1B_assembled,D120,5864,0,P09211,FALSE
6,120,A,10.69,61.25686795,7GSS-alt-1_assembled,A120,957,0,P09211,FALSE
18,120,B,10.69,63.40152854,7GSS-alt-1_assembled,B120,2595,0,P09211,FALSE
6,120,A,10.69,77.20778105,8GSS-alt-1_assembled,A120,957,0,P09211,FALSE
18,120,B,10.69,95.83951989,8GSS-alt-1_assembled,B120,2595,0,P09211,FALSE
30,120,C,10.67,89.6736207,8GSS-alt-1_assembled,C120,4233,0,P09211,FALSE
6,120,A,10.57,102.9437081,9GSS-alt-1_assembled,A120,950,0,P09211,FALSE
18,120,B,10.56,68.62913872,9GSS-alt-1_assembled,B120,2581,0,P09211,FALSE
6,121,A,11.1,61.52495053,AF-P09211-F1-model_v1,A121,965,98.45,P09211,FALSE
6,121,A,10.4,84.84813439,2J9H-alt-1_assembled,A121,955,0,P09211,FALSE
18,121,B,10.91,73.85674889,2J9H-alt-1_assembled,B121,2591,0,P09211,FALSE
6,121,A,10.41,105.7585751,5X79-alt-1_assembled,A121,965,0,P09211,FALSE
18,121,B,10.39,79.7545655,5X79-alt-1_assembled,B121,2611,0,P09211,FALSE
7,125,A,10.3,75.33120304,1GSS-alt-1_assembled,A125,1007,0,P09211,FALSE
19,125,B,10.35,71.57804702,1GSS-alt-1_assembled,B125,2645,0,P09211,FALSE
7,127,A,10.34,97.85013918,10GS-alt-1_assembled,A127,1000,0,P09211,TRUE
19,127,B,10.34,76.53757462,10GS-alt-1_assembled,B127,2631,0,P09211,TRUE
7,127,A,10.36,98.6543869,11GS-alt-1_assembled,A127,1000,0,P09211,TRUE
19,127,B,10.35,78.68223521,11GS-alt-1_assembled,B127,2631,0,P09211,TRUE
7,127,A,10.31,97.04589146,12GS-alt-1_assembled,A127,1000,0,P09211,TRUE
19,127,B,10.32,74.7950379,12GS-alt-1_assembled,B127,2631,0,P09211,TRUE
7,127,A,10.36,109.5117311,13GS-alt-1_assembled,A127,1015,0,P09211,TRUE
19,127,B,10.36,81.36306094,13GS-alt-1_assembled,B127,2646,0,P09211,TRUE
7,127,A,10.35,101.8713778,16GS-alt-1_assembled,A127,1000,0,P09211,TRUE
19,127,B,10.35,78.54819392,16GS-alt-1_assembled,B127,2631,0,P09211,TRUE
6,127,A,10.35,103.8819971,17GS-alt-1_assembled,A127,1011,0,P09211,TRUE
17,127,B,10.35,81.36306094,17GS-alt-1_assembled,B127,2638,0,P09211,TRUE
7,127,A,10.27,91.55019872,18GS-alt-1_assembled,A127,1000,0,P09211,TRUE
19,127,B,10.27,71.71208831,18GS-alt-1_assembled,B127,2631,0,P09211,TRUE
7,127,A,10.3,94.63314831,19GS-alt-1_assembled,A127,1000,0,P09211,TRUE
19,127,B,10.25,67.95893228,19GS-alt-1_assembled,B127,2631,0,P09211,TRUE
7,127,A,10.39,86.99279497,1AQV-alt-1_assembled,A127,1007,0,P09211,TRUE
19,127,B,10.39,85.65238211,1AQV-alt-1_assembled,B127,2645,0,P09211,TRUE
7,127,A,9.51,49.59527602,1AQW-alt-1_assembled,A127,1007,0,P09211,TRUE
19,127,B,10.38,105.8926164,1AQW-alt-1_assembled,B127,2645,0,P09211,TRUE
31,127,C,10.12,46.37828515,1AQW-alt-1_assembled,C127,4283,0,P09211,TRUE
43,127,D,10.15,56.96754679,1AQW-alt-1_assembled,D127,5921,0,P09211,TRUE
7,127,A,9.94,71.30996445,1AQX-alt-1_assembled,A127,1000,0,P09211,TRUE
19,127,B,10.25,99.86075848,1AQX-alt-1_assembled,B127,2631,0,P09211,TRUE
31,127,C,10.02,47.18253287,1AQX-alt-1_assembled,C127,4262,0,P09211,TRUE
43,127,D,10.25,72.38229474,1AQX-alt-1_assembled,D127,5893,0,P09211,TRUE
7,127,A,10.35,91.28211614,1EOG-alt-1_assembled,A127,1000,0,P09211,TRUE
19,127,B,10.35,73.05250117,1EOG-alt-1_assembled,B127,2630,0,P09211,TRUE
7,127,A,10.38,79.21840035,1EOH-alt-1_assembled,A127,1007,0,P09211,TRUE
19,127,B,10.37,84.44601053,1EOH-alt-1_assembled,B127,2642,0,P09211,TRUE
31,127,C,10.37,78.54819392,1EOH-alt-1_assembled,C127,4277,0,P09211,TRUE
43,127,D,10.38,76.80565719,1EOH-alt-1_assembled,D127,5912,0,P09211,TRUE
55,127,E,10.37,75.86736819,1EOH-alt-1_assembled,E127,7547,0,P09211,TRUE
67,127,F,10.38,77.20778105,1EOH-alt-1_assembled,F127,9182,0,P09211,TRUE
79,127,G,10.37,72.91845988,1EOH-alt-1_assembled,G127,10817,0,P09211,TRUE
91,127,H,10.38,76.53757462,1EOH-alt-1_assembled,H127,12452,0,P09211,TRUE
7,127,A,10.3,73.7227076,1KBN-alt-1_assembled,A127,1007,0,P09211,TRUE
19,127,B,10.3,68.36105614,1KBN-alt-1_assembled,B127,2635,0,P09211,TRUE
7,127,A,10.35,78.81627649,1LBK-alt-1_assembled,A127,1007,0,P09211,TRUE
19,127,B,10.35,70.90784059,1LBK-alt-1_assembled,B127,2643,0,P09211,TRUE
7,127,A,10.38,86.05450597,1MD3-alt-1_assembled,A127,1000,0,P09211,TRUE
19,127,B,10.38,73.05250117,1MD3-alt-1_assembled,B127,2632,0,P09211,TRUE
7,127,A,10.34,86.05450597,1MD4-alt-1_assembled,A127,1000,0,P09211,TRUE
19,127,B,10.34,69.29934515,1MD4-alt-1_assembled,B127,2634,0,P09211,TRUE
7,127,A,10.33,83.64176281,1PGT-alt-1_assembled,A127,1014,0,P09211,TRUE
19,127,B,10.35,82.30134994,1PGT-alt-1_assembled,B127,2651,0,P09211,TRUE
7,127,A,10.35,74.92907918,1PX6-alt-1_assembled,A127,1007,0,P09211,TRUE
19,127,B,10.39,74.92907918,1PX6-alt-1_assembled,B127,2645,0,P09211,TRUE
7,127,A,10.35,98.6543869,1PX7-alt-1_assembled,A127,1007,0,P09211,TRUE
19,127,B,10.39,74.25887275,1PX7-alt-1_assembled,B127,2639,0,P09211,TRUE
7,127,A,10.38,97.44801532,1ZGN-alt-1_assembled,A127,1000,0,P09211,TRUE
19,127,B,9.94,68.22701486,1ZGN-alt-1_assembled,B127,2630,0,P09211,TRUE
7,127,A,10.26,98.25226304,20GS-alt-1_assembled,A127,1000,0,P09211,TRUE
19,127,B,10.23,67.02064328,20GS-alt-1_assembled,B127,2631,0,P09211,TRUE
7,127,A,10.35,103.4798732,22GS-alt-1_assembled,A127,999,0,P09211,TRUE
19,127,B,10.35,79.08435907,22GS-alt-1_assembled,B127,2629,0,P09211,TRUE
7,127,A,10.38,97.98418047,2A2R-alt1B_assembled,A127,1015,0,P09211,TRUE
19,127,B,10.38,75.7333269,2A2R-alt1B_assembled,B127,2653,0,P09211,TRUE
7,127,A,10.38,97.98418047,2A2R-alt1A_assembled,A127,1015,0,P09211,TRUE
19,127,B,10.38,75.7333269,2A2R-alt1A_assembled,B127,2653,0,P09211,TRUE
7,127,A,10.38,98.11822176,2A2S-alt1B_assembled,A127,1015,0,P09211,TRUE
19,127,B,10.4,78.14607006,2A2S-alt1B_assembled,B127,2653,0,P09211,TRUE
7,127,A,10.38,98.11822176,2A2S-alt1A_assembled,A127,1015,0,P09211,TRUE
19,127,B,10.4,78.14607006,2A2S-alt1A_assembled,B127,2653,0,P09211,TRUE
7,127,A,10.35,100.2628823,2GSS-alt-1_assembled,A127,1000,0,P09211,TRUE
19,127,B,10.35,76.80565719,2GSS-alt-1_assembled,B127,2631,0,P09211,TRUE
7,127,A,10.38,74.66099661,2PGT-alt-1_assembled,A127,1014,0,P09211,TRUE
19,127,B,10.26,60.58666152,2PGT-alt-1_assembled,B127,2651,0,P09211,TRUE
7,127,A,10.38,97.04589146,3CSH-alt1A_assembled,A127,1007,0,P09211,TRUE
19,127,B,10.38,76.67161591,3CSH-alt1A_assembled,B127,2645,0,P09211,TRUE
7,127,A,10.38,97.04589146,3CSH-alt1B_assembled,A127,1007,0,P09211,TRUE
19,127,B,10.38,76.67161591,3CSH-alt1B_assembled,B127,2645,0,P09211,TRUE
7,127,A,10.38,109.1096073,3CSI-alt1A_assembled,A127,1008,0,P09211,TRUE
19,127,B,10.4,72.7844186,3CSI-alt1A_assembled,B127,2647,0,P09211,TRUE
31,127,C,10.39,79.7545655,3CSI-alt1A_assembled,C127,4286,0,P09211,TRUE
43,127,D,10.38,73.45462503,3CSI-alt1A_assembled,D127,5925,0,P09211,TRUE
7,127,A,10.38,109.1096073,3CSI-alt1B_assembled,A127,1008,0,P09211,TRUE
19,127,B,10.4,72.7844186,3CSI-alt1B_assembled,B127,2647,0,P09211,TRUE
31,127,C,10.39,79.7545655,3CSI-alt1B_assembled,C127,4286,0,P09211,TRUE
43,127,D,10.38,73.45462503,3CSI-alt1B_assembled,D127,5925,0,P09211,TRUE
7,127,A,10.26,89.40553813,3CSJ-alt-1_assembled,A127,1007,0,P09211,TRUE
19,127,B,10.38,74.52695532,3CSJ-alt-1_assembled,B127,2645,0,P09211,TRUE
7,127,A,10.37,102.2735016,3DD3-alt-1_assembled,A127,1015,0,P09211,TRUE
19,127,B,10.38,85.38429953,3DD3-alt-1_assembled,B127,2646,0,P09211,TRUE
7,127,A,10.38,96.77780889,3DGQ-alt1A_assembled,A127,1015,0,P09211,TRUE
19,127,B,10.38,72.91845988,3DGQ-alt1A_assembled,B127,2646,0,P09211,TRUE
7,127,A,10.38,96.77780889,3DGQ-alt1B_assembled,A127,1015,0,P09211,TRUE
19,127,B,10.38,72.91845988,3DGQ-alt1B_assembled,B127,2646,0,P09211,TRUE
7,127,A,10.35,102.6756255,3GSS-alt-1_assembled,A127,1000,0,P09211,TRUE
19,127,B,10.34,70.50571673,3GSS-alt-1_assembled,B127,2631,0,P09211,TRUE
7,127,A,10.38,98.52034562,3GUS-alt1A_assembled,A127,1007,0,P09211,TRUE
19,127,B,10.31,73.85674889,3GUS-alt1A_assembled,B127,2638,0,P09211,TRUE
7,127,A,10.38,98.52034562,3GUS-alt1B_assembled,A127,1007,0,P09211,TRUE
19,127,B,10.31,73.85674889,3GUS-alt1B_assembled,B127,2638,0,P09211,TRUE
7,127,A,10.38,111.1202266,3HJM-alt1A_assembled,A127,995,0,P09211,TRUE
19,127,B,10.39,71.17592316,3HJM-alt1A_assembled,B127,2621,0,P09211,TRUE
31,127,C,10.39,69.29934515,3HJM-alt1A_assembled,C127,4247,0,P09211,TRUE
43,127,D,10.37,69.83551029,3HJM-alt1A_assembled,D127,5873,0,P09211,TRUE
7,127,A,10.38,111.1202266,3HJM-alt1B_assembled,A127,995,0,P09211,TRUE
19,127,B,10.39,71.17592316,3HJM-alt1B_assembled,B127,2621,0,P09211,TRUE
31,127,C,10.39,69.29934515,3HJM-alt1B_assembled,C127,4247,0,P09211,TRUE
43,127,D,10.37,69.83551029,3HJM-alt1B_assembled,D127,5873,0,P09211,TRUE
7,127,A,10.37,94.90123088,3HJO-alt1A_assembled,A127,1002,0,P09211,TRUE
19,127,B,10.38,74.25887275,3HJO-alt1A_assembled,B127,2634,0,P09211,TRUE
7,127,A,10.37,94.90123088,3HJO-alt1B_assembled,A127,1002,0,P09211,TRUE
19,127,B,10.38,74.25887275,3HJO-alt1B_assembled,B127,2634,0,P09211,TRUE
7,127,A,10.37,87.39491883,3HKR-alt1B_assembled,A127,995,0,P09211,TRUE
19,127,B,10.38,71.71208831,3HKR-alt1B_assembled,B127,2627,0,P09211,TRUE
7,127,A,10.37,87.39491883,3HKR-alt1A_assembled,A127,995,0,P09211,TRUE
19,127,B,10.38,71.71208831,3HKR-alt1A_assembled,B127,2627,0,P09211,TRUE
7,127,A,10.38,96.37568503,3IE3-alt1A_assembled,A127,1004,0,P09211,TRUE
19,127,B,10.3,71.84612959,3IE3-alt1A_assembled,B127,2632,0,P09211,TRUE
7,127,A,10.38,96.37568503,3IE3-alt1B_assembled,A127,1004,0,P09211,TRUE
19,127,B,10.3,71.84612959,3IE3-alt1B_assembled,B127,2632,0,P09211,TRUE
7,127,A,10.37,94.76718959,3KM6-alt1A_assembled,A127,995,0,P09211,TRUE
19,127,B,10.39,70.10359287,3KM6-alt1A_assembled,B127,2628,0,P09211,TRUE
7,127,A,10.37,94.76718959,3KM6-alt1B_assembled,A127,995,0,P09211,TRUE
19,127,B,10.39,70.10359287,3KM6-alt1B_assembled,B127,2628,0,P09211,TRUE
7,127,A,10.38,91.28211614,3KMN-alt1A_assembled,A127,1002,0,P09211,TRUE
19,127,B,10.38,73.32058374,3KMN-alt1A_assembled,B127,2635,0,P09211,TRUE
7,127,A,10.38,91.28211614,3KMN-alt1B_assembled,A127,1002,0,P09211,TRUE
19,127,B,10.38,73.32058374,3KMN-alt1B_assembled,B127,2635,0,P09211,TRUE
7,127,A,10.36,102.1394604,3KMO-alt1A_assembled,A127,995,0,P09211,TRUE
19,127,B,10.38,82.30134994,3KMO-alt1A_assembled,B127,2628,0,P09211,TRUE
7,127,A,10.36,102.1394604,3KMO-alt1B_assembled,A127,995,0,P09211,TRUE
19,127,B,10.38,82.30134994,3KMO-alt1B_assembled,B127,2628,0,P09211,TRUE
7,127,A,10.38,98.78842819,3N9J-alt1B_assembled,A127,1000,0,P09211,TRUE
19,127,B,10.38,72.11421217,3N9J-alt1B_assembled,B127,2631,0,P09211,TRUE
7,127,A,10.38,98.78842819,3N9J-alt1A_assembled,A127,1000,0,P09211,TRUE
19,127,B,10.38,72.11421217,3N9J-alt1A_assembled,B127,2631,0,P09211,TRUE
7,127,A,10.23,68.22701486,3PGT-alt-1_assembled,A127,1015,0,P09211,TRUE
19,127,B,10.22,72.7844186,3PGT-alt-1_assembled,B127,2653,0,P09211,TRUE
7,127,A,10.28,89.80766199,4GSS-alt-1_assembled,A127,999,0,P09211,TRUE
19,127,B,10.28,70.50571673,4GSS-alt-1_assembled,B127,2629,0,P09211,TRUE
7,127,A,10.4,66.61851942,5DAL-alt1A_assembled,A127,1007,0,P09211,TRUE
7,127,A,10.4,66.61851942,5DAL-alt1B_assembled,A127,1007,0,P09211,TRUE
7,127,A,10.38,71.44400573,5DCG-alt1B_assembled,A127,1004,0,P09211,TRUE
19,127,B,10.38,65.8142717,5DCG-alt1B_assembled,B127,2630,0,P09211,TRUE
7,127,A,10.38,71.44400573,5DCG-alt1A_assembled,A127,1004,0,P09211,TRUE
19,127,B,10.38,65.8142717,5DCG-alt1A_assembled,B127,2630,0,P09211,TRUE
7,127,A,10.38,86.18854725,5DDL-alt-1_assembled,A127,1011,0,P09211,TRUE
18,127,B,10.38,73.45462503,5DDL-alt-1_assembled,B127,2639,0,P09211,TRUE
7,127,A,10.38,77.34182234,5DJL-alt1A_assembled,A127,1015,0,P09211,TRUE
19,127,B,10.39,73.45462503,5DJL-alt1A_assembled,B127,2653,0,P09211,TRUE
7,127,A,10.38,77.34182234,5DJL-alt1B_assembled,A127,1015,0,P09211,TRUE
19,127,B,10.39,73.45462503,5DJL-alt1B_assembled,B127,2653,0,P09211,TRUE
19,127,B,10.31,50.53356503,5DJM-alt-1_assembled,B127,2636,0,P09211,TRUE
7,127,A,10.35,101.8713778,5GSS-alt-1_assembled,A127,1000,0,P09211,TRUE
19,127,B,10.35,80.55881322,5GSS-alt-1_assembled,B127,2631,0,P09211,TRUE
7,127,A,10.26,81.63114351,5J41-alt1A_assembled,A127,1007,0,P09211,TRUE
19,127,B,10.26,78.68223521,5J41-alt1A_assembled,B127,2638,0,P09211,TRUE
7,127,A,10.26,81.63114351,5J41-alt1B_assembled,A127,1007,0,P09211,TRUE
19,127,B,10.26,78.68223521,5J41-alt1B_assembled,B127,2638,0,P09211,TRUE
7,127,A,10.39,74.7950379,5JCW-alt1B_assembled,A127,1007,0,P09211,TRUE
19,127,B,10.39,82.16730866,5JCW-alt1B_assembled,B127,2645,0,P09211,TRUE
7,127,A,10.39,74.7950379,5JCW-alt1A_assembled,A127,1007,0,P09211,TRUE
19,127,B,10.39,82.16730866,5JCW-alt1A_assembled,B127,2645,0,P09211,TRUE
7,127,A,10.38,83.7758041,5L6X-alt-1_assembled,A127,1013,0,P09211,TRUE
19,127,B,10.38,82.56943252,5L6X-alt-1_assembled,B127,2644,0,P09211,TRUE
7,127,A,10.38,80.96093708,6AP9-alt1B_assembled,A127,1015,0,P09211,TRUE
19,127,B,10.37,75.86736819,6AP9-alt1B_assembled,B127,2653,0,P09211,TRUE
7,127,A,10.38,106.5628228,6GSS-alt-1_assembled,A127,1000,0,P09211,TRUE
19,127,B,10.38,82.7034738,6GSS-alt-1_assembled,B127,2631,0,P09211,TRUE
7,127,A,10.06,47.8527393,6LLX-alt1B_assembled,A127,1007,0,P09211,TRUE
19,127,B,10.26,64.60790012,6LLX-alt1B_assembled,B127,2688,0,P09211,TRUE
7,127,A,10.06,47.8527393,6LLX-alt1A_assembled,A127,1007,0,P09211,TRUE
19,127,B,10.26,64.60790012,6LLX-alt1A_assembled,B127,2688,0,P09211,TRUE
7,127,A,10.15,89.80766199,6Y1E-alt1A_assembled,A127,1007,0,P09211,TRUE
19,127,B,10.36,81.63114351,6Y1E-alt1A_assembled,B127,2638,0,P09211,TRUE
31,127,C,10.4,70.10359287,6Y1E-alt1A_assembled,C127,4276,0,P09211,TRUE
43,127,D,10.4,80.02264807,6Y1E-alt1A_assembled,D127,5914,0,P09211,TRUE
7,127,A,10.15,89.80766199,6Y1E-alt1B_assembled,A127,1007,0,P09211,TRUE
19,127,B,10.36,81.63114351,6Y1E-alt1B_assembled,B127,2638,0,P09211,TRUE
31,127,C,10.4,70.10359287,6Y1E-alt1B_assembled,C127,4276,0,P09211,TRUE
43,127,D,10.4,80.02264807,6Y1E-alt1B_assembled,D127,5914,0,P09211,TRUE
7,127,A,10.37,61.39090924,7GSS-alt-1_assembled,A127,1007,0,P09211,TRUE
19,127,B,10.37,76.93969848,7GSS-alt-1_assembled,B127,2645,0,P09211,TRUE
7,127,A,10.38,75.06312047,8GSS-alt-1_assembled,A127,1007,0,P09211,TRUE
19,127,B,10.37,82.43539123,8GSS-alt-1_assembled,B127,2645,0,P09211,TRUE
31,127,C,9.82,53.21439076,8GSS-alt-1_assembled,C127,4283,0,P09211,TRUE
7,127,A,10.27,94.63314831,9GSS-alt-1_assembled,A127,1000,0,P09211,TRUE
19,127,B,10.26,68.76318,9GSS-alt-1_assembled,B127,2631,0,P09211,TRUE
7,128,A,10.41,89.27149684,AF-P09211-F1-model_v1,A128,1015,98.8,P09211,TRUE
7,128,A,10.38,89.40553813,2J9H-alt-1_assembled,A128,1005,0,P09211,TRUE
19,128,B,10.38,88.33320784,2J9H-alt-1_assembled,B128,2641,0,P09211,TRUE
7,128,A,10.38,98.6543869,5X79-alt-1_assembled,A128,1015,0,P09211,TRUE
19,128,B,10.4,85.38429953,5X79-alt-1_assembled,B128,2661,0,P09211,TRUE
8,138,A,10.42,86.99279497,1GSS-alt-1_assembled,A138,1106,0,P09211,FALSE
20,138,B,9.76,56.8335055,1GSS-alt-1_assembled,B138,2744,0,P09211,FALSE
8,140,A,10.31,90.61190971,10GS-alt-1_assembled,A140,1099,0,P09211,FALSE
20,140,B,10.31,82.16730866,10GS-alt-1_assembled,B140,2730,0,P09211,FALSE
8,140,A,10.24,93.6948593,11GS-alt-1_assembled,A140,1099,0,P09211,FALSE
20,140,B,10.24,85.51834082,11GS-alt-1_assembled,B140,2730,0,P09211,FALSE
8,140,A,10.33,90.745951,12GS-alt-1_assembled,A140,1099,0,P09211,FALSE
20,140,B,10.33,82.56943252,12GS-alt-1_assembled,B140,2730,0,P09211,FALSE
8,140,A,10.37,89.27149684,13GS-alt-1_assembled,A140,1114,0,P09211,FALSE
20,140,B,10.37,81.49710222,13GS-alt-1_assembled,B140,2745,0,P09211,FALSE
8,140,A,10.34,90.34382714,16GS-alt-1_assembled,A140,1099,0,P09211,FALSE
20,140,B,10.34,82.7034738,16GS-alt-1_assembled,B140,2730,0,P09211,FALSE
7,140,A,10.31,89.94170328,17GS-alt-1_assembled,A140,1110,0,P09211,FALSE
18,140,B,10.31,80.15668936,17GS-alt-1_assembled,B140,2737,0,P09211,FALSE
8,140,A,10.37,89.94170328,18GS-alt-1_assembled,A140,1099,0,P09211,FALSE
20,140,B,10.37,79.08435907,18GS-alt-1_assembled,B140,2730,0,P09211,FALSE
8,140,A,10.42,86.85875369,19GS-alt-1_assembled,A140,1099,0,P09211,FALSE
20,140,B,10.42,80.02264807,19GS-alt-1_assembled,B140,2730,0,P09211,FALSE
8,140,A,10.36,86.05450597,1AQV-alt-1_assembled,A140,1106,0,P09211,FALSE
20,140,B,10.04,72.91845988,1AQV-alt-1_assembled,B140,2744,0,P09211,FALSE
8,140,A,9.9,72.51633603,1AQW-alt-1_assembled,A140,1106,0,P09211,FALSE
20,140,B,10.17,80.42477193,1AQW-alt-1_assembled,B140,2744,0,P09211,FALSE
32,140,C,9.95,66.61851942,1AQW-alt-1_assembled,C140,4382,0,P09211,FALSE
44,140,D,10.15,76.80565719,1AQW-alt-1_assembled,D140,6020,0,P09211,FALSE
8,140,A,9.48,67.42276714,1AQX-alt-1_assembled,A140,1099,0,P09211,FALSE
20,140,B,10.28,82.30134994,1AQX-alt-1_assembled,B140,2730,0,P09211,FALSE
32,140,C,9.98,60.45262024,1AQX-alt-1_assembled,C140,4361,0,P09211,FALSE
44,140,D,9.97,63.40152854,1AQX-alt-1_assembled,D140,5992,0,P09211,FALSE
8,140,A,10.28,91.95232258,1EOG-alt-1_assembled,A140,1099,0,P09211,FALSE
20,140,B,10.28,79.35244164,1EOG-alt-1_assembled,B140,2729,0,P09211,FALSE
8,140,A,10.39,83.50772152,1EOH-alt-1_assembled,A140,1106,0,P09211,FALSE
20,140,B,10.42,80.82689579,1EOH-alt-1_assembled,B140,2741,0,P09211,FALSE
32,140,C,10.35,69.03126257,1EOH-alt-1_assembled,C140,4376,0,P09211,FALSE
44,140,D,10.39,76.53757462,1EOH-alt-1_assembled,D140,6011,0,P09211,FALSE
56,140,E,10.38,79.48648293,1EOH-alt-1_assembled,E140,7646,0,P09211,FALSE
68,140,F,10.4,75.19716176,1EOH-alt-1_assembled,F140,9281,0,P09211,FALSE
80,140,G,10.33,74.92907918,1EOH-alt-1_assembled,G140,10916,0,P09211,FALSE
92,140,H,10.25,54.55480363,1EOH-alt-1_assembled,H140,12551,0,P09211,FALSE
8,140,A,10.33,78.28011135,1KBN-alt-1_assembled,A140,1106,0,P09211,FALSE
20,140,B,10.33,84.98217567,1KBN-alt-1_assembled,B140,2734,0,P09211,FALSE
8,140,A,10.35,72.24825345,1LBK-alt-1_assembled,A140,1106,0,P09211,FALSE
20,140,B,10.35,85.65238211,1LBK-alt-1_assembled,B140,2742,0,P09211,FALSE
8,140,A,10.35,88.06512527,1MD3-alt-1_assembled,A140,1099,0,P09211,FALSE
20,140,B,10.36,80.55881322,1MD3-alt-1_assembled,B140,2731,0,P09211,FALSE
8,140,A,10.32,90.87999228,1MD4-alt-1_assembled,A140,1099,0,P09211,FALSE
20,140,B,10.32,82.56943252,1MD4-alt-1_assembled,B140,2733,0,P09211,FALSE
8,140,A,10.2,67.42276714,1PGT-alt-1_assembled,A140,1113,0,P09211,FALSE
20,140,B,10.11,77.07373977,1PGT-alt-1_assembled,B140,2750,0,P09211,FALSE
8,140,A,10.19,62.06111567,1PX6-alt-1_assembled,A140,1106,0,P09211,FALSE
20,140,B,10.4,90.20978585,1PX6-alt-1_assembled,B140,2744,0,P09211,FALSE
8,140,A,10.29,92.75657029,1PX7-alt-1_assembled,A140,1106,0,P09211,FALSE
20,140,B,10.37,77.60990491,1PX7-alt-1_assembled,B140,2738,0,P09211,FALSE
8,140,A,10.2,76.00140948,1ZGN-alt-1_assembled,A140,1099,0,P09211,FALSE
20,140,B,10.39,74.7950379,1ZGN-alt-1_assembled,B140,2729,0,P09211,FALSE
8,140,A,10.09,83.37368024,20GS-alt-1_assembled,A140,1099,0,P09211,FALSE
20,140,B,10.1,82.16730866,20GS-alt-1_assembled,B140,2730,0,P09211,FALSE
8,140,A,10.33,90.20978585,22GS-alt-1_assembled,A140,1098,0,P09211,FALSE
20,140,B,10.33,78.28011135,22GS-alt-1_assembled,B140,2728,0,P09211,FALSE
8,140,A,10.16,71.57804702,2A2R-alt1B_assembled,A140,1114,0,P09211,FALSE
20,140,B,10.4,79.7545655,2A2R-alt1B_assembled,B140,2752,0,P09211,FALSE
8,140,A,10.16,71.57804702,2A2R-alt1A_assembled,A140,1114,0,P09211,FALSE
20,140,B,10.4,79.7545655,2A2R-alt1A_assembled,B140,2752,0,P09211,FALSE
8,140,A,10.15,75.46524433,2A2S-alt1B_assembled,A140,1114,0,P09211,FALSE
20,140,B,10.39,75.19716176,2A2S-alt1B_assembled,B140,2752,0,P09211,FALSE
8,140,A,10.15,75.46524433,2A2S-alt1A_assembled,A140,1114,0,P09211,FALSE
20,140,B,10.39,75.19716176,2A2S-alt1A_assembled,B140,2752,0,P09211,FALSE
8,140,A,10.33,89.94170328,2GSS-alt-1_assembled,A140,1099,0,P09211,FALSE
20,140,B,10.34,80.55881322,2GSS-alt-1_assembled,B140,2730,0,P09211,FALSE
8,140,A,10.39,82.7034738,2PGT-alt-1_assembled,A140,1113,0,P09211,FALSE
20,140,B,10.31,82.16730866,2PGT-alt-1_assembled,B140,2750,0,P09211,FALSE
8,140,A,10.1,72.11421217,3CSH-alt1A_assembled,A140,1106,0,P09211,FALSE
20,140,B,10.32,78.41415263,3CSH-alt1A_assembled,B140,2744,0,P09211,FALSE
8,140,A,10.1,72.11421217,3CSH-alt1B_assembled,A140,1106,0,P09211,FALSE
20,140,B,10.32,78.41415263,3CSH-alt1B_assembled,B140,2744,0,P09211,FALSE
8,140,A,10.11,79.35244164,3CSI-alt1A_assembled,A140,1107,0,P09211,FALSE
20,140,B,10.31,83.10559766,3CSI-alt1A_assembled,B140,2746,0,P09211,FALSE
32,140,C,10.26,79.88860679,3CSI-alt1A_assembled,C140,4385,0,P09211,FALSE
44,140,D,10.33,79.48648293,3CSI-alt1A_assembled,D140,6024,0,P09211,FALSE
8,140,A,10.11,79.35244164,3CSI-alt1B_assembled,A140,1107,0,P09211,FALSE
20,140,B,10.31,83.10559766,3CSI-alt1B_assembled,B140,2746,0,P09211,FALSE
32,140,C,10.26,79.88860679,3CSI-alt1B_assembled,C140,4385,0,P09211,FALSE
44,140,D,10.33,79.48648293,3CSI-alt1B_assembled,D140,6024,0,P09211,FALSE
8,140,A,10.37,84.58005182,3CSJ-alt-1_assembled,A140,1106,0,P09211,FALSE
20,140,B,10.34,78.68223521,3CSJ-alt-1_assembled,B140,2744,0,P09211,FALSE
8,140,A,10.05,63.8036524,3DD3-alt-1_assembled,A140,1114,0,P09211,FALSE
20,140,B,10.38,80.15668936,3DD3-alt-1_assembled,B140,2745,0,P09211,FALSE
8,140,A,10.14,78.01202877,3DGQ-alt1A_assembled,A140,1114,0,P09211,FALSE
20,140,B,10.33,82.56943252,3DGQ-alt1A_assembled,B140,2745,0,P09211,FALSE
8,140,A,10.14,78.01202877,3DGQ-alt1B_assembled,A140,1114,0,P09211,FALSE
20,140,B,10.33,82.56943252,3DGQ-alt1B_assembled,B140,2745,0,P09211,FALSE
8,140,A,10.34,88.7353317,3GSS-alt-1_assembled,A140,1099,0,P09211,FALSE
20,140,B,10.34,78.68223521,3GSS-alt-1_assembled,B140,2730,0,P09211,FALSE
8,140,A,10.22,79.21840035,3GUS-alt1A_assembled,A140,1106,0,P09211,FALSE
20,140,B,10.35,84.04388667,3GUS-alt1A_assembled,B140,2737,0,P09211,FALSE
8,140,A,10.22,79.21840035,3GUS-alt1B_assembled,A140,1106,0,P09211,FALSE
20,140,B,10.35,84.04388667,3GUS-alt1B_assembled,B140,2737,0,P09211,FALSE
8,140,A,10.32,88.86937298,3HJM-alt1A_assembled,A140,1094,0,P09211,FALSE
20,140,B,10.38,82.7034738,3HJM-alt1A_assembled,B140,2720,0,P09211,FALSE
32,140,C,10.33,80.42477193,3HJM-alt1A_assembled,C140,4346,0,P09211,FALSE
44,140,D,10.38,86.18854725,3HJM-alt1A_assembled,D140,5972,0,P09211,FALSE
8,140,A,10.32,88.86937298,3HJM-alt1B_assembled,A140,1094,0,P09211,FALSE
20,140,B,10.38,82.7034738,3HJM-alt1B_assembled,B140,2720,0,P09211,FALSE
32,140,C,10.33,80.42477193,3HJM-alt1B_assembled,C140,4346,0,P09211,FALSE
44,140,D,10.38,86.18854725,3HJM-alt1B_assembled,D140,5972,0,P09211,FALSE
8,140,A,10.34,93.56081801,3HJO-alt1A_assembled,A140,1101,0,P09211,FALSE
20,140,B,10.33,82.30134994,3HJO-alt1A_assembled,B140,2733,0,P09211,FALSE
8,140,A,10.34,93.56081801,3HJO-alt1B_assembled,A140,1101,0,P09211,FALSE
20,140,B,10.33,82.30134994,3HJO-alt1B_assembled,B140,2733,0,P09211,FALSE
8,140,A,10.32,77.47586363,3HKR-alt1B_assembled,A140,1094,0,P09211,FALSE
20,140,B,10.34,79.62052421,3HKR-alt1B_assembled,B140,2726,0,P09211,FALSE
8,140,A,10.32,77.47586363,3HKR-alt1A_assembled,A140,1094,0,P09211,FALSE
20,140,B,10.34,79.62052421,3HKR-alt1A_assembled,B140,2726,0,P09211,FALSE
8,140,A,10.2,74.92907918,3IE3-alt1A_assembled,A140,1103,0,P09211,FALSE
20,140,B,10.35,80.55881322,3IE3-alt1A_assembled,B140,2731,0,P09211,FALSE
8,140,A,10.2,74.92907918,3IE3-alt1B_assembled,A140,1103,0,P09211,FALSE
20,140,B,10.35,80.55881322,3IE3-alt1B_assembled,B140,2731,0,P09211,FALSE
8,140,A,10.33,93.15869415,3KM6-alt1A_assembled,A140,1094,0,P09211,FALSE
20,140,B,10.33,85.78642339,3KM6-alt1A_assembled,B140,2727,0,P09211,FALSE
8,140,A,10.33,93.15869415,3KM6-alt1B_assembled,A140,1094,0,P09211,FALSE
20,140,B,10.33,85.78642339,3KM6-alt1B_assembled,B140,2727,0,P09211,FALSE
8,140,A,10.32,92.89061158,3KMN-alt1A_assembled,A140,1101,0,P09211,FALSE
20,140,B,10.33,84.17792796,3KMN-alt1A_assembled,B140,2734,0,P09211,FALSE
8,140,A,10.32,92.89061158,3KMN-alt1B_assembled,A140,1101,0,P09211,FALSE
20,140,B,10.33,84.17792796,3KMN-alt1B_assembled,B140,2734,0,P09211,FALSE
8,140,A,10.35,91.28211614,3KMO-alt1A_assembled,A140,1094,0,P09211,FALSE
20,140,B,10.32,82.56943252,3KMO-alt1A_assembled,B140,2727,0,P09211,FALSE
8,140,A,10.35,91.28211614,3KMO-alt1B_assembled,A140,1094,0,P09211,FALSE
20,140,B,10.32,82.56943252,3KMO-alt1B_assembled,B140,2727,0,P09211,FALSE
8,140,A,10.16,76.53757462,3N9J-alt1B_assembled,A140,1099,0,P09211,FALSE
20,140,B,10.34,78.81627649,3N9J-alt1B_assembled,B140,2730,0,P09211,FALSE
8,140,A,10.16,76.53757462,3N9J-alt1A_assembled,A140,1099,0,P09211,FALSE
20,140,B,10.34,78.81627649,3N9J-alt1A_assembled,B140,2730,0,P09211,FALSE
8,140,A,10.38,89.6736207,3PGT-alt-1_assembled,A140,1114,0,P09211,FALSE
20,140,B,10.26,84.58005182,3PGT-alt-1_assembled,B140,2752,0,P09211,FALSE
8,140,A,10.33,90.07574456,4GSS-alt-1_assembled,A140,1098,0,P09211,FALSE
20,140,B,10.33,80.82689579,4GSS-alt-1_assembled,B140,2728,0,P09211,FALSE
8,140,A,10.24,66.48447813,5DAL-alt1A_assembled,A140,1106,0,P09211,FALSE
8,140,A,10.24,66.48447813,5DAL-alt1B_assembled,A140,1106,0,P09211,FALSE
8,140,A,10.07,70.63975801,5DCG-alt1B_assembled,A140,1103,0,P09211,FALSE
20,140,B,10.33,69.70146901,5DCG-alt1B_assembled,B140,2729,0,P09211,FALSE
8,140,A,10.07,70.63975801,5DCG-alt1A_assembled,A140,1103,0,P09211,FALSE
20,140,B,10.33,69.70146901,5DCG-alt1A_assembled,B140,2729,0,P09211,FALSE
8,140,A,10.39,81.22901965,5DDL-alt-1_assembled,A140,1110,0,P09211,FALSE
19,140,B,10.2,64.33981755,5DDL-alt-1_assembled,B140,2738,0,P09211,FALSE
8,140,A,10.38,74.12483146,5DJL-alt1A_assembled,A140,1114,0,P09211,FALSE
20,140,B,10.38,74.7950379,5DJL-alt1A_assembled,B140,2752,0,P09211,FALSE
8,140,A,10.38,74.12483146,5DJL-alt1B_assembled,A140,1114,0,P09211,FALSE
20,140,B,10.38,74.7950379,5DJL-alt1B_assembled,B140,2752,0,P09211,FALSE
8,140,A,10.32,86.45662983,5DJM-alt-1_assembled,A140,1104,0,P09211,FALSE
20,140,B,10.42,80.02264807,5DJM-alt-1_assembled,B140,2735,0,P09211,FALSE
8,140,A,10.33,90.47786842,5GSS-alt-1_assembled,A140,1099,0,P09211,FALSE
20,140,B,10.33,79.21840035,5GSS-alt-1_assembled,B140,2730,0,P09211,FALSE
8,140,A,10.34,71.44400573,5J41-alt1A_assembled,A140,1106,0,P09211,FALSE
20,140,B,10.34,69.96955158,5J41-alt1A_assembled,B140,2737,0,P09211,FALSE
8,140,A,10.34,71.44400573,5J41-alt1B_assembled,A140,1106,0,P09211,FALSE
20,140,B,10.34,69.96955158,5J41-alt1B_assembled,B140,2737,0,P09211,FALSE
8,140,A,10.29,83.64176281,5JCW-alt1B_assembled,A140,1106,0,P09211,FALSE
20,140,B,10.32,96.91185018,5JCW-alt1B_assembled,B140,2744,0,P09211,FALSE
8,140,A,10.29,83.64176281,5JCW-alt1A_assembled,A140,1106,0,P09211,FALSE
20,140,B,10.32,96.91185018,5JCW-alt1A_assembled,B140,2744,0,P09211,FALSE
8,140,A,10.42,93.02465287,5L6X-alt-1_assembled,A140,1112,0,P09211,FALSE
20,140,B,10.4,91.14807486,5L6X-alt-1_assembled,B140,2743,0,P09211,FALSE
8,140,A,10.41,82.7034738,6AP9-alt1B_assembled,A140,1114,0,P09211,FALSE
20,140,B,10.32,90.20978585,6AP9-alt1B_assembled,B140,2752,0,P09211,FALSE
8,140,A,10.39,89.53957942,6GSS-alt-1_assembled,A140,1099,0,P09211,FALSE
20,140,B,10.39,83.50772152,6GSS-alt-1_assembled,B140,2730,0,P09211,FALSE
8,140,A,10.34,90.87999228,6LLX-alt1B_assembled,A140,1106,0,P09211,FALSE
20,140,B,10.4,81.63114351,6LLX-alt1B_assembled,B140,2787,0,P09211,FALSE
8,140,A,10.34,90.87999228,6LLX-alt1A_assembled,A140,1106,0,P09211,FALSE
20,140,B,10.4,81.63114351,6LLX-alt1A_assembled,B140,2787,0,P09211,FALSE
8,140,A,8.9,57.63775322,6Y1E-alt1A_assembled,A140,1106,0,P09211,FALSE
20,140,B,10.41,89.53957942,6Y1E-alt1A_assembled,B140,2737,0,P09211,FALSE
32,140,C,10.16,70.90784059,6Y1E-alt1A_assembled,C140,4375,0,P09211,FALSE
44,140,D,10.34,83.37368024,6Y1E-alt1A_assembled,D140,6013,0,P09211,FALSE
8,140,A,8.9,57.63775322,6Y1E-alt1B_assembled,A140,1106,0,P09211,FALSE
20,140,B,10.41,89.53957942,6Y1E-alt1B_assembled,B140,2737,0,P09211,FALSE
32,140,C,10.16,70.90784059,6Y1E-alt1B_assembled,C140,4375,0,P09211,FALSE
44,140,D,10.34,83.37368024,6Y1E-alt1B_assembled,D140,6013,0,P09211,FALSE
8,140,A,9.9,66.08235427,7GSS-alt-1_assembled,A140,1106,0,P09211,FALSE
20,140,B,9.9,71.30996445,7GSS-alt-1_assembled,B140,2744,0,P09211,FALSE
8,140,A,9.87,55.49309263,8GSS-alt-1_assembled,A140,1106,0,P09211,FALSE
20,140,B,10.11,70.37167544,8GSS-alt-1_assembled,B140,2744,0,P09211,FALSE
32,140,C,10.03,91.81828129,8GSS-alt-1_assembled,C140,4382,0,P09211,FALSE
8,140,A,10.33,89.27149684,9GSS-alt-1_assembled,A140,1099,0,P09211,FALSE
20,140,B,10.33,80.55881322,9GSS-alt-1_assembled,B140,2730,0,P09211,FALSE
8,141,A,10.38,94.49910702,AF-P09211-F1-model_v1,A141,1114,96.8,P09211,FALSE
8,141,A,10.42,89.13745556,2J9H-alt-1_assembled,A141,1104,0,P09211,FALSE
20,141,B,10.39,82.97155638,2J9H-alt-1_assembled,B141,2740,0,P09211,FALSE
8,141,A,10.41,84.58005182,5X79-alt-1_assembled,A141,1114,0,P09211,FALSE
20,141,B,10.11,60.58666152,5X79-alt-1_assembled,B141,2760,0,P09211,FALSE
9,186,A,10.33,59.24624866,1GSS-alt-1_assembled,A186,1476,0,P09211,FALSE
21,186,B,10.62,62.46323953,1GSS-alt-1_assembled,B186,3114,0,P09211,FALSE
9,188,A,10.43,63.66961111,10GS-alt-1_assembled,A188,1469,0,P09211,FALSE
21,188,B,10.42,68.49509743,10GS-alt-1_assembled,B188,3100,0,P09211,FALSE
9,188,A,10.42,63.26748725,11GS-alt-1_assembled,A188,1469,0,P09211,FALSE
21,188,B,10.42,68.89722129,11GS-alt-1_assembled,B188,3100,0,P09211,FALSE
9,188,A,10.43,63.40152854,12GS-alt-1_assembled,A188,1469,0,P09211,FALSE
21,188,B,10.43,66.35043684,12GS-alt-1_assembled,B188,3100,0,P09211,FALSE
9,188,A,10.42,61.65899181,13GS-alt-1_assembled,A188,1484,0,P09211,FALSE
21,188,B,10.42,66.08235427,13GS-alt-1_assembled,B188,3115,0,P09211,FALSE
9,188,A,10.42,63.53556983,16GS-alt-1_assembled,A188,1469,0,P09211,FALSE
21,188,B,10.42,66.61851942,16GS-alt-1_assembled,B188,3100,0,P09211,FALSE
8,188,A,10.42,64.07173497,17GS-alt-1_assembled,A188,1480,0,P09211,FALSE
19,188,B,10.42,66.7525607,17GS-alt-1_assembled,B188,3107,0,P09211,FALSE
9,188,A,10.43,61.12282667,18GS-alt-1_assembled,A188,1469,0,P09211,FALSE
21,188,B,10.43,63.26748725,18GS-alt-1_assembled,B188,3100,0,P09211,FALSE
9,188,A,10.43,64.20577626,19GS-alt-1_assembled,A188,1469,0,P09211,FALSE
21,188,B,10.43,65.94831298,19GS-alt-1_assembled,B188,3100,0,P09211,FALSE
9,188,A,10.36,59.11220737,1AQV-alt-1_assembled,A188,1476,0,P09211,FALSE
21,188,B,10.4,72.24825345,1AQV-alt-1_assembled,B188,3114,0,P09211,FALSE
9,188,A,10.62,46.24424386,1AQW-alt-1_assembled,A188,1476,0,P09211,FALSE
21,188,B,10.32,63.13344597,1AQW-alt-1_assembled,B188,3114,0,P09211,FALSE
33,188,C,10.37,57.10158807,1AQW-alt-1_assembled,C188,4752,0,P09211,FALSE
45,188,D,10.37,53.61651462,1AQW-alt-1_assembled,D188,6390,0,P09211,FALSE
9,188,A,10.19,61.7930331,1AQX-alt-1_assembled,A188,1469,0,P09211,FALSE
21,188,B,10.38,65.8142717,1AQX-alt-1_assembled,B188,3100,0,P09211,FALSE
33,188,C,10.42,68.22701486,1AQX-alt-1_assembled,C188,4731,0,P09211,FALSE
45,188,D,10.26,44.50170714,1AQX-alt-1_assembled,D188,6362,0,P09211,FALSE
9,188,A,10.42,60.8547441,1EOG-alt-1_assembled,A188,1468,0,P09211,FALSE
21,188,B,10.42,65.68023041,1EOG-alt-1_assembled,B188,3098,0,P09211,FALSE
9,188,A,10.42,68.09297357,1EOH-alt-1_assembled,A188,1473,0,P09211,FALSE
21,188,B,10.42,63.66961111,1EOH-alt-1_assembled,B188,3108,0,P09211,FALSE
33,188,C,10.42,64.87598269,1EOH-alt-1_assembled,C188,4743,0,P09211,FALSE
45,188,D,10.42,60.98878538,1EOH-alt-1_assembled,D188,6378,0,P09211,FALSE
57,188,E,10.42,60.45262024,1EOH-alt-1_assembled,E188,8013,0,P09211,FALSE
69,188,F,10.41,58.71008351,1EOH-alt-1_assembled,F188,9648,0,P09211,FALSE
81,188,G,10.42,60.31857895,1EOH-alt-1_assembled,G188,11283,0,P09211,FALSE
93,188,H,10.42,60.18453766,1EOH-alt-1_assembled,H188,12918,0,P09211,FALSE
10,188,A,10.29,52.8122669,1GSS-alt-1_assembled,A188,1493,0,P09211,FALSE
22,188,B,10.39,88.60129041,1GSS-alt-1_assembled,B188,3131,0,P09211,FALSE
9,188,A,10.41,66.21639556,1KBN-alt-1_assembled,A188,1466,0,P09211,FALSE
21,188,B,10.41,73.32058374,1KBN-alt-1_assembled,B188,3094,0,P09211,FALSE
9,188,A,10.43,66.7525607,1LBK-alt-1_assembled,A188,1476,0,P09211,FALSE
21,188,B,10.42,64.74194141,1LBK-alt-1_assembled,B188,3112,0,P09211,FALSE
9,188,A,10.43,62.73132211,1MD3-alt-1_assembled,A188,1470,0,P09211,FALSE
21,188,B,10.42,67.28872585,1MD3-alt-1_assembled,B188,3102,0,P09211,FALSE
9,188,A,10.42,64.07173497,1MD4-alt-1_assembled,A188,1472,0,P09211,FALSE
21,188,B,10.41,67.95893228,1MD4-alt-1_assembled,B188,3106,0,P09211,FALSE
9,188,A,10.41,81.63114351,1PGT-alt-1_assembled,A188,1483,0,P09211,FALSE
21,188,B,10.39,67.42276714,1PGT-alt-1_assembled,B188,3120,0,P09211,FALSE
9,188,A,10.42,69.43338643,1PX6-alt-1_assembled,A188,1476,0,P09211,FALSE
21,188,B,10.42,62.73132211,1PX6-alt-1_assembled,B188,3114,0,P09211,FALSE
9,188,A,10.41,67.824891,1PX7-alt-1_assembled,A188,1477,0,P09211,FALSE
21,188,B,10.41,66.61851942,1PX7-alt-1_assembled,B188,3109,0,P09211,FALSE
9,188,A,10.42,63.13344597,1ZGN-alt-1_assembled,A188,1469,0,P09211,FALSE
21,188,B,10.42,65.8142717,1ZGN-alt-1_assembled,B188,3099,0,P09211,FALSE
9,188,A,10.42,58.57604222,20GS-alt-1_assembled,A188,1469,0,P09211,FALSE
21,188,B,10.43,65.41214784,20GS-alt-1_assembled,B188,3100,0,P09211,FALSE
9,188,A,10.42,60.45262024,22GS-alt-1_assembled,A188,1468,0,P09211,FALSE
21,188,B,10.42,64.74194141,22GS-alt-1_assembled,B188,3098,0,P09211,FALSE
9,188,A,10.41,60.8547441,2A2R-alt1B_assembled,A188,1484,0,P09211,FALSE
21,188,B,10.4,67.28872585,2A2R-alt1B_assembled,B188,3122,0,P09211,FALSE
9,188,A,10.41,60.8547441,2A2R-alt1A_assembled,A188,1484,0,P09211,FALSE
21,188,B,10.4,67.28872585,2A2R-alt1A_assembled,B188,3122,0,P09211,FALSE
9,188,A,10.42,63.13344597,2A2S-alt1B_assembled,A188,1484,0,P09211,FALSE
21,188,B,10.41,67.42276714,2A2S-alt1B_assembled,B188,3122,0,P09211,FALSE
9,188,A,10.42,63.13344597,2A2S-alt1A_assembled,A188,1484,0,P09211,FALSE
21,188,B,10.41,67.42276714,2A2S-alt1A_assembled,B188,3122,0,P09211,FALSE
9,188,A,10.42,61.39090924,2GSS-alt-1_assembled,A188,1469,0,P09211,FALSE
21,188,B,10.42,65.41214784,2GSS-alt-1_assembled,B188,3100,0,P09211,FALSE
9,188,A,10.43,74.52695532,2PGT-alt-1_assembled,A188,1483,0,P09211,FALSE
21,188,B,10.38,69.96955158,2PGT-alt-1_assembled,B188,3120,0,P09211,FALSE
9,188,A,10.38,62.99940468,3CSH-alt1A_assembled,A188,1476,0,P09211,FALSE
21,188,B,10.41,69.29934515,3CSH-alt1A_assembled,B188,3114,0,P09211,FALSE
9,188,A,10.38,62.99940468,3CSH-alt1B_assembled,A188,1476,0,P09211,FALSE
21,188,B,10.41,69.29934515,3CSH-alt1B_assembled,B188,3114,0,P09211,FALSE
9,188,A,10.39,66.21639556,3CSI-alt1A_assembled,A188,1477,0,P09211,FALSE
21,188,B,10.41,70.23763415,3CSI-alt1A_assembled,B188,3116,0,P09211,FALSE
33,188,C,10.4,66.61851942,3CSI-alt1A_assembled,C188,4755,0,P09211,FALSE
45,188,D,10.27,64.60790012,3CSI-alt1A_assembled,D188,6394,0,P09211,FALSE
9,188,A,10.39,66.21639556,3CSI-alt1B_assembled,A188,1477,0,P09211,FALSE
21,188,B,10.41,70.23763415,3CSI-alt1B_assembled,B188,3116,0,P09211,FALSE
33,188,C,10.4,66.61851942,3CSI-alt1B_assembled,C188,4755,0,P09211,FALSE
45,188,D,10.27,64.60790012,3CSI-alt1B_assembled,D188,6394,0,P09211,FALSE
9,188,A,10.42,63.8036524,3CSJ-alt-1_assembled,A188,1476,0,P09211,FALSE
21,188,B,10.42,66.61851942,3CSJ-alt-1_assembled,B188,3114,0,P09211,FALSE
9,188,A,10.36,58.57604222,3DD3-alt-1_assembled,A188,1484,0,P09211,FALSE
21,188,B,10.4,73.32058374,3DD3-alt-1_assembled,B188,3115,0,P09211,FALSE
9,188,A,10.42,58.71008351,3DGQ-alt1A_assembled,A188,1484,0,P09211,FALSE
21,188,B,10.42,68.89722129,3DGQ-alt1A_assembled,B188,3115,0,P09211,FALSE
9,188,A,10.42,58.71008351,3DGQ-alt1B_assembled,A188,1484,0,P09211,FALSE
21,188,B,10.42,68.89722129,3DGQ-alt1B_assembled,B188,3115,0,P09211,FALSE
9,188,A,10.42,63.66961111,3GSS-alt-1_assembled,A188,1469,0,P09211,FALSE
21,188,B,10.42,67.42276714,3GSS-alt-1_assembled,B188,3100,0,P09211,FALSE
9,188,A,10.42,66.48447813,3GUS-alt1A_assembled,A188,1476,0,P09211,FALSE
21,188,B,10.42,67.824891,3GUS-alt1A_assembled,B188,3107,0,P09211,FALSE
9,188,A,10.42,66.48447813,3GUS-alt1B_assembled,A188,1476,0,P09211,FALSE
21,188,B,10.42,67.824891,3GUS-alt1B_assembled,B188,3107,0,P09211,FALSE
9,188,A,10.34,60.8547441,3HJM-alt1A_assembled,A188,1464,0,P09211,FALSE
21,188,B,10.41,63.93769369,3HJM-alt1A_assembled,B188,3090,0,P09211,FALSE
33,188,C,10.32,67.95893228,3HJM-alt1A_assembled,C188,4716,0,P09211,FALSE
45,188,D,10.38,57.36967064,3HJM-alt1A_assembled,D188,6342,0,P09211,FALSE
9,188,A,10.34,60.8547441,3HJM-alt1B_assembled,A188,1464,0,P09211,FALSE
21,188,B,10.41,63.93769369,3HJM-alt1B_assembled,B188,3090,0,P09211,FALSE
33,188,C,10.32,67.95893228,3HJM-alt1B_assembled,C188,4716,0,P09211,FALSE
45,188,D,10.38,57.36967064,3HJM-alt1B_assembled,D188,6342,0,P09211,FALSE
9,188,A,10.4,64.74194141,3HJO-alt1A_assembled,A188,1471,0,P09211,FALSE
21,188,B,10.4,65.27810655,3HJO-alt1A_assembled,B188,3103,0,P09211,FALSE
9,188,A,10.4,64.74194141,3HJO-alt1B_assembled,A188,1471,0,P09211,FALSE
21,188,B,10.4,65.27810655,3HJO-alt1B_assembled,B188,3103,0,P09211,FALSE
9,188,A,10.41,60.98878538,3HKR-alt1B_assembled,A188,1464,0,P09211,FALSE
21,188,B,10.41,67.55680842,3HKR-alt1B_assembled,B188,3096,0,P09211,FALSE
9,188,A,10.41,60.98878538,3HKR-alt1A_assembled,A188,1464,0,P09211,FALSE
21,188,B,10.41,67.55680842,3HKR-alt1A_assembled,B188,3096,0,P09211,FALSE
9,188,A,10.41,63.40152854,3IE3-alt1A_assembled,A188,1473,0,P09211,FALSE
21,188,B,10.41,68.36105614,3IE3-alt1A_assembled,B188,3101,0,P09211,FALSE
9,188,A,10.41,63.40152854,3IE3-alt1B_assembled,A188,1473,0,P09211,FALSE
21,188,B,10.41,68.36105614,3IE3-alt1B_assembled,B188,3101,0,P09211,FALSE
9,188,A,10.41,76.00140948,3KM6-alt1A_assembled,A188,1464,0,P09211,FALSE
21,188,B,10.42,76.67161591,3KM6-alt1A_assembled,B188,3097,0,P09211,FALSE
9,188,A,10.41,76.00140948,3KM6-alt1B_assembled,A188,1464,0,P09211,FALSE
21,188,B,10.42,76.67161591,3KM6-alt1B_assembled,B188,3097,0,P09211,FALSE
9,188,A,10.4,64.74194141,3KMN-alt1A_assembled,A188,1471,0,P09211,FALSE
21,188,B,10.36,66.48447813,3KMN-alt1A_assembled,B188,3104,0,P09211,FALSE
9,188,A,10.4,64.74194141,3KMN-alt1B_assembled,A188,1471,0,P09211,FALSE
21,188,B,10.36,66.48447813,3KMN-alt1B_assembled,B188,3104,0,P09211,FALSE
9,188,A,10.4,67.95893228,3KMO-alt1A_assembled,A188,1464,0,P09211,FALSE
21,188,B,10.36,68.36105614,3KMO-alt1A_assembled,B188,3097,0,P09211,FALSE
9,188,A,10.4,67.95893228,3KMO-alt1B_assembled,A188,1464,0,P09211,FALSE
21,188,B,10.36,68.36105614,3KMO-alt1B_assembled,B188,3097,0,P09211,FALSE
9,188,A,10.39,64.47385883,3N9J-alt1B_assembled,A188,1469,0,P09211,FALSE
21,188,B,10.4,65.8142717,3N9J-alt1B_assembled,B188,3100,0,P09211,FALSE
9,188,A,10.39,64.47385883,3N9J-alt1A_assembled,A188,1469,0,P09211,FALSE
21,188,B,10.4,65.8142717,3N9J-alt1A_assembled,B188,3100,0,P09211,FALSE
9,188,A,10.41,74.66099661,3PGT-alt-1_assembled,A188,1484,0,P09211,FALSE
21,188,B,10.42,62.73132211,3PGT-alt-1_assembled,B188,3122,0,P09211,FALSE
9,188,A,10.42,60.98878538,4GSS-alt-1_assembled,A188,1468,0,P09211,FALSE
21,188,B,10.42,65.01002398,4GSS-alt-1_assembled,B188,3098,0,P09211,FALSE
9,188,A,10.42,65.14406526,5DAL-alt1A_assembled,A188,1476,0,P09211,FALSE
9,188,A,10.42,65.14406526,5DAL-alt1B_assembled,A188,1476,0,P09211,FALSE
9,188,A,10.37,60.18453766,5DCG-alt1B_assembled,A188,1473,0,P09211,FALSE
21,188,B,10.42,64.07173497,5DCG-alt1B_assembled,B188,3099,0,P09211,FALSE
9,188,A,10.37,60.18453766,5DCG-alt1A_assembled,A188,1473,0,P09211,FALSE
21,188,B,10.42,64.07173497,5DCG-alt1A_assembled,B188,3099,0,P09211,FALSE
9,188,A,10.42,58.71008351,5DDL-alt-1_assembled,A188,1480,0,P09211,FALSE
20,188,B,10.42,59.38028994,5DDL-alt-1_assembled,B188,3108,0,P09211,FALSE
9,188,A,10.41,59.51433123,5DJL-alt1A_assembled,A188,1484,0,P09211,FALSE
21,188,B,10.42,63.66961111,5DJL-alt1A_assembled,B188,3122,0,P09211,FALSE
9,188,A,10.41,59.51433123,5DJL-alt1B_assembled,A188,1484,0,P09211,FALSE
21,188,B,10.42,63.66961111,5DJL-alt1B_assembled,B188,3122,0,P09211,FALSE
9,188,A,10.39,64.07173497,5DJM-alt-1_assembled,A188,1474,0,P09211,FALSE
21,188,B,10.35,74.66099661,5DJM-alt-1_assembled,B188,3105,0,P09211,FALSE
9,188,A,10.42,61.52495053,5GSS-alt-1_assembled,A188,1469,0,P09211,FALSE
21,188,B,10.42,65.01002398,5GSS-alt-1_assembled,B188,3100,0,P09211,FALSE
9,188,A,10.43,58.57604222,5J41-alt1A_assembled,A188,1476,0,P09211,FALSE
21,188,B,10.43,57.90583579,5J41-alt1A_assembled,B188,3107,0,P09211,FALSE
9,188,A,10.43,58.57604222,5J41-alt1B_assembled,A188,1476,0,P09211,FALSE
21,188,B,10.43,57.90583579,5J41-alt1B_assembled,B188,3107,0,P09211,FALSE
9,188,A,10.41,76.13545076,5JCW-alt1B_assembled,A188,1476,0,P09211,FALSE
21,188,B,10.41,65.14406526,5JCW-alt1B_assembled,B188,3114,0,P09211,FALSE
9,188,A,10.41,76.13545076,5JCW-alt1A_assembled,A188,1476,0,P09211,FALSE
21,188,B,10.41,65.14406526,5JCW-alt1A_assembled,B188,3114,0,P09211,FALSE
9,188,A,10.42,80.02264807,5L6X-alt-1_assembled,A188,1482,0,P09211,FALSE
21,188,B,10.41,64.47385883,5L6X-alt-1_assembled,B188,3113,0,P09211,FALSE
9,188,A,10.41,67.42276714,6AP9-alt1B_assembled,A188,1484,0,P09211,FALSE
21,188,B,10.42,66.08235427,6AP9-alt1B_assembled,B188,3122,0,P09211,FALSE
9,188,A,10.42,61.12282667,6GSS-alt-1_assembled,A188,1469,0,P09211,FALSE
21,188,B,10.42,66.21639556,6GSS-alt-1_assembled,B188,3100,0,P09211,FALSE
9,188,A,10.42,78.14607006,6LLX-alt1B_assembled,A188,1476,0,P09211,FALSE
21,188,B,10.39,68.62913872,6LLX-alt1B_assembled,B188,3157,0,P09211,FALSE
9,188,A,10.42,78.14607006,6LLX-alt1A_assembled,A188,1476,0,P09211,FALSE
21,188,B,10.39,68.62913872,6LLX-alt1A_assembled,B188,3157,0,P09211,FALSE
9,188,A,9.17,38.20176667,6Y1E-alt1A_assembled,A188,1476,0,P09211,FALSE
21,188,B,10.38,63.8036524,6Y1E-alt1A_assembled,B188,3107,0,P09211,FALSE
33,188,C,10.38,69.96955158,6Y1E-alt1A_assembled,C188,4745,0,P09211,FALSE
45,188,D,7.86,15.68283053,6Y1E-alt1A_assembled,D188,6383,0,P09211,FALSE
9,188,A,9.17,38.20176667,6Y1E-alt1B_assembled,A188,1476,0,P09211,FALSE
21,188,B,10.38,63.8036524,6Y1E-alt1B_assembled,B188,3107,0,P09211,FALSE
33,188,C,10.38,69.96955158,6Y1E-alt1B_assembled,C188,4745,0,P09211,FALSE
45,188,D,7.86,15.68283053,6Y1E-alt1B_assembled,D188,6383,0,P09211,FALSE
9,188,A,10.42,58.44200094,7GSS-alt-1_assembled,A188,1476,0,P09211,FALSE
21,188,B,10.42,58.97816608,7GSS-alt-1_assembled,B188,3114,0,P09211,FALSE
9,188,A,10.43,61.39090924,8GSS-alt-1_assembled,A188,1476,0,P09211,FALSE
21,188,B,10.43,67.69084971,8GSS-alt-1_assembled,B188,3114,0,P09211,FALSE
33,188,C,10.43,64.20577626,8GSS-alt-1_assembled,C188,4752,0,P09211,FALSE
9,188,A,10.42,62.32919825,9GSS-alt-1_assembled,A188,1469,0,P09211,FALSE
21,188,B,10.42,68.09297357,9GSS-alt-1_assembled,B188,3100,0,P09211,FALSE
9,189,A,10.31,60.98878538,AF-P09211-F1-model_v1,A189,1484,98.73,P09211,FALSE
9,189,A,10.39,63.93769369,2J9H-alt-1_assembled,A189,1474,0,P09211,FALSE
21,189,B,10.4,60.31857895,2J9H-alt-1_assembled,B189,3110,0,P09211,FALSE
9,189,A,10.38,60.98878538,5X79-alt-1_assembled,A189,1484,0,P09211,FALSE
21,189,B,10.43,67.28872585,5X79-alt-1_assembled,B189,3130,0,P09211,FALSE
10,190,A,10.41,73.58866632,10GS-alt-1_assembled,A190,1486,0,P09211,FALSE
22,190,B,10.41,79.7545655,10GS-alt-1_assembled,B190,3117,0,P09211,FALSE
10,190,A,10.4,69.70146901,11GS-alt-1_assembled,A190,1486,0,P09211,FALSE
22,190,B,10.4,76.13545076,11GS-alt-1_assembled,B190,3117,0,P09211,FALSE
10,190,A,10.41,73.32058374,12GS-alt-1_assembled,A190,1486,0,P09211,FALSE
22,190,B,10.41,77.34182234,12GS-alt-1_assembled,B190,3117,0,P09211,FALSE
10,190,A,10.41,66.08235427,13GS-alt-1_assembled,A190,1501,0,P09211,FALSE
22,190,B,10.38,71.84612959,13GS-alt-1_assembled,B190,3132,0,P09211,FALSE
10,190,A,10.41,67.824891,16GS-alt-1_assembled,A190,1486,0,P09211,FALSE
22,190,B,10.41,76.93969848,16GS-alt-1_assembled,B190,3117,0,P09211,FALSE
9,190,A,10.41,69.70146901,17GS-alt-1_assembled,A190,1497,0,P09211,FALSE
20,190,B,10.41,75.59928562,17GS-alt-1_assembled,B190,3124,0,P09211,FALSE
10,190,A,10.41,73.18654246,18GS-alt-1_assembled,A190,1486,0,P09211,FALSE
22,190,B,10.41,75.33120304,18GS-alt-1_assembled,B190,3117,0,P09211,FALSE
10,190,A,10.41,70.23763415,19GS-alt-1_assembled,A190,1486,0,P09211,FALSE
22,190,B,10.41,75.06312047,19GS-alt-1_assembled,B190,3117,0,P09211,FALSE
10,190,A,10.37,77.60990491,1AQV-alt-1_assembled,A190,1493,0,P09211,FALSE
22,190,B,10.38,80.96093708,1AQV-alt-1_assembled,B190,3131,0,P09211,FALSE
10,190,A,10.21,66.7525607,1AQW-alt-1_assembled,A190,1493,0,P09211,FALSE
22,190,B,10.23,62.06111567,1AQW-alt-1_assembled,B190,3131,0,P09211,FALSE
34,190,C,10.33,73.18654246,1AQW-alt-1_assembled,C190,4769,0,P09211,FALSE
46,190,D,10.35,65.41214784,1AQW-alt-1_assembled,D190,6407,0,P09211,FALSE
10,190,A,10.15,63.40152854,1AQX-alt-1_assembled,A190,1486,0,P09211,FALSE
22,190,B,10.4,81.63114351,1AQX-alt-1_assembled,B190,3117,0,P09211,FALSE
34,190,C,10.37,78.28011135,1AQX-alt-1_assembled,C190,4748,0,P09211,FALSE
46,190,D,10.37,68.09297357,1AQX-alt-1_assembled,D190,6379,0,P09211,FALSE
10,190,A,10.41,71.57804702,1EOG-alt-1_assembled,A190,1485,0,P09211,FALSE
22,190,B,10.41,76.53757462,1EOG-alt-1_assembled,B190,3115,0,P09211,FALSE
10,190,A,10.4,72.65037731,1EOH-alt-1_assembled,A190,1490,0,P09211,FALSE
22,190,B,10.4,69.56742772,1EOH-alt-1_assembled,B190,3125,0,P09211,FALSE
34,190,C,10.39,71.17592316,1EOH-alt-1_assembled,C190,4760,0,P09211,FALSE
46,190,D,10.39,67.55680842,1EOH-alt-1_assembled,D190,6395,0,P09211,FALSE
58,190,E,10.4,66.88660199,1EOH-alt-1_assembled,E190,8030,0,P09211,FALSE
70,190,F,10.4,70.50571673,1EOH-alt-1_assembled,F190,9665,0,P09211,FALSE
82,190,G,10.26,68.62913872,1EOH-alt-1_assembled,G190,11300,0,P09211,FALSE
94,190,H,10.4,62.73132211,1EOH-alt-1_assembled,H190,12935,0,P09211,FALSE
10,190,A,10.37,69.16530386,1KBN-alt-1_assembled,A190,1483,0,P09211,FALSE
22,190,B,10.37,83.10559766,1KBN-alt-1_assembled,B190,3111,0,P09211,FALSE
10,190,A,10.39,70.7737993,1LBK-alt-1_assembled,A190,1493,0,P09211,FALSE
22,190,B,10.39,68.76318,1LBK-alt-1_assembled,B190,3129,0,P09211,FALSE
10,190,A,10.41,71.44400573,1MD3-alt-1_assembled,A190,1487,0,P09211,FALSE
22,190,B,10.41,75.33120304,1MD3-alt-1_assembled,B190,3119,0,P09211,FALSE
10,190,A,10.4,70.50571673,1MD4-alt-1_assembled,A190,1489,0,P09211,FALSE
22,190,B,10.4,73.99079018,1MD4-alt-1_assembled,B190,3123,0,P09211,FALSE
10,190,A,10.16,66.21639556,1PGT-alt-1_assembled,A190,1500,0,P09211,FALSE
22,190,B,10.38,76.80565719,1PGT-alt-1_assembled,B190,3137,0,P09211,FALSE
10,190,A,10.41,73.7227076,1PX6-alt-1_assembled,A190,1493,0,P09211,FALSE
22,190,B,10.41,76.80565719,1PX6-alt-1_assembled,B190,3131,0,P09211,FALSE
10,190,A,10.41,67.824891,1PX7-alt-1_assembled,A190,1494,0,P09211,FALSE
22,190,B,10.4,76.40353334,1PX7-alt-1_assembled,B190,3126,0,P09211,FALSE
10,190,A,10.4,69.56742772,1ZGN-alt-1_assembled,A190,1486,0,P09211,FALSE
22,190,B,10.41,75.33120304,1ZGN-alt-1_assembled,B190,3116,0,P09211,FALSE
10,190,A,10.38,69.70146901,20GS-alt-1_assembled,A190,1486,0,P09211,FALSE
22,190,B,10.39,71.30996445,20GS-alt-1_assembled,B190,3117,0,P09211,FALSE
10,190,A,10.41,69.96955158,22GS-alt-1_assembled,A190,1485,0,P09211,FALSE
22,190,B,10.41,76.40353334,22GS-alt-1_assembled,B190,3115,0,P09211,FALSE
10,190,A,10.39,69.96955158,2A2R-alt1B_assembled,A190,1501,0,P09211,FALSE
22,190,B,10.38,73.7227076,2A2R-alt1B_assembled,B190,3139,0,P09211,FALSE
10,190,A,10.39,69.96955158,2A2R-alt1A_assembled,A190,1501,0,P09211,FALSE
22,190,B,10.38,73.7227076,2A2R-alt1A_assembled,B190,3139,0,P09211,FALSE
10,190,A,10.41,70.90784059,2A2S-alt1B_assembled,A190,1501,0,P09211,FALSE
22,190,B,10.41,76.93969848,2A2S-alt1B_assembled,B190,3139,0,P09211,FALSE
10,190,A,10.41,70.90784059,2A2S-alt1A_assembled,A190,1501,0,P09211,FALSE
22,190,B,10.41,76.93969848,2A2S-alt1A_assembled,B190,3139,0,P09211,FALSE
10,190,A,10.41,69.96955158,2GSS-alt-1_assembled,A190,1486,0,P09211,FALSE
22,190,B,10.41,76.40353334,2GSS-alt-1_assembled,B190,3117,0,P09211,FALSE
10,190,A,10.07,60.18453766,2PGT-alt-1_assembled,A190,1500,0,P09211,FALSE
22,190,B,10.41,80.29073065,2PGT-alt-1_assembled,B190,3137,0,P09211,FALSE
10,190,A,10.41,69.16530386,3CSH-alt1A_assembled,A190,1493,0,P09211,FALSE
22,190,B,10.39,71.71208831,3CSH-alt1A_assembled,B190,3131,0,P09211,FALSE
10,190,A,10.41,69.16530386,3CSH-alt1B_assembled,A190,1493,0,P09211,FALSE
22,190,B,10.39,71.71208831,3CSH-alt1B_assembled,B190,3131,0,P09211,FALSE
10,190,A,10.39,77.60990491,3CSI-alt1A_assembled,A190,1494,0,P09211,FALSE
22,190,B,10.4,78.81627649,3CSI-alt1A_assembled,B190,3133,0,P09211,FALSE
34,190,C,10.41,67.28872585,3CSI-alt1A_assembled,C190,4772,0,P09211,FALSE
46,190,D,10.39,70.90784059,3CSI-alt1A_assembled,D190,6411,0,P09211,FALSE
10,190,A,10.38,73.99079018,3CSI-alt1B_assembled,A190,1494,0,P09211,FALSE
22,190,B,10.4,78.81627649,3CSI-alt1B_assembled,B190,3133,0,P09211,FALSE
34,190,C,10.41,67.28872585,3CSI-alt1B_assembled,C190,4772,0,P09211,FALSE
46,190,D,10.39,70.90784059,3CSI-alt1B_assembled,D190,6411,0,P09211,FALSE
10,190,A,10.41,72.24825345,3CSJ-alt-1_assembled,A190,1493,0,P09211,FALSE
22,190,B,10.41,75.7333269,3CSJ-alt-1_assembled,B190,3131,0,P09211,FALSE
10,190,A,10.36,64.20577626,3DD3-alt-1_assembled,A190,1501,0,P09211,FALSE
22,190,B,10.38,72.38229474,3DD3-alt-1_assembled,B190,3132,0,P09211,FALSE
10,190,A,10.41,70.63975801,3DGQ-alt1A_assembled,A190,1501,0,P09211,FALSE
22,190,B,10.39,71.98017088,3DGQ-alt1A_assembled,B190,3132,0,P09211,FALSE
10,190,A,10.41,70.63975801,3DGQ-alt1B_assembled,A190,1501,0,P09211,FALSE
22,190,B,10.39,71.98017088,3DGQ-alt1B_assembled,B190,3132,0,P09211,FALSE
10,190,A,10.41,70.23763415,3GSS-alt-1_assembled,A190,1486,0,P09211,FALSE
22,190,B,10.41,75.59928562,3GSS-alt-1_assembled,B190,3117,0,P09211,FALSE
10,190,A,10.41,71.98017088,3GUS-alt1A_assembled,A190,1493,0,P09211,FALSE
22,190,B,10.41,76.80565719,3GUS-alt1A_assembled,B190,3124,0,P09211,FALSE
10,190,A,10.41,71.98017088,3GUS-alt1B_assembled,A190,1493,0,P09211,FALSE
22,190,B,10.41,76.80565719,3GUS-alt1B_assembled,B190,3124,0,P09211,FALSE
10,190,A,10.39,78.68223521,3HJM-alt1A_assembled,A190,1481,0,P09211,FALSE
22,190,B,10.4,78.81627649,3HJM-alt1A_assembled,B190,3107,0,P09211,FALSE
34,190,C,10.41,71.57804702,3HJM-alt1A_assembled,C190,4733,0,P09211,FALSE
46,190,D,10.41,65.54618912,3HJM-alt1A_assembled,D190,6359,0,P09211,FALSE
10,190,A,10.39,78.68223521,3HJM-alt1B_assembled,A190,1481,0,P09211,FALSE
22,190,B,10.4,78.81627649,3HJM-alt1B_assembled,B190,3107,0,P09211,FALSE
34,190,C,10.41,71.57804702,3HJM-alt1B_assembled,C190,4733,0,P09211,FALSE
46,190,D,10.41,65.54618912,3HJM-alt1B_assembled,D190,6359,0,P09211,FALSE
10,190,A,10.4,73.18654246,3HJO-alt1A_assembled,A190,1488,0,P09211,FALSE
22,190,B,10.39,71.57804702,3HJO-alt1A_assembled,B190,3120,0,P09211,FALSE
10,190,A,10.4,73.18654246,3HJO-alt1B_assembled,A190,1488,0,P09211,FALSE
22,190,B,10.39,71.57804702,3HJO-alt1B_assembled,B190,3120,0,P09211,FALSE
10,190,A,10.4,73.18654246,3HKR-alt1B_assembled,A190,1481,0,P09211,FALSE
22,190,B,10.39,71.30996445,3HKR-alt1B_assembled,B190,3113,0,P09211,FALSE
10,190,A,10.4,73.18654246,3HKR-alt1A_assembled,A190,1481,0,P09211,FALSE
22,190,B,10.39,71.30996445,3HKR-alt1A_assembled,B190,3113,0,P09211,FALSE
10,190,A,10.41,72.11421217,3IE3-alt1A_assembled,A190,1490,0,P09211,FALSE
22,190,B,10.41,76.26949205,3IE3-alt1A_assembled,B190,3118,0,P09211,FALSE
10,190,A,10.41,72.11421217,3IE3-alt1B_assembled,A190,1490,0,P09211,FALSE
22,190,B,10.41,76.26949205,3IE3-alt1B_assembled,B190,3118,0,P09211,FALSE
10,190,A,10.39,74.66099661,3KM6-alt1A_assembled,A190,1481,0,P09211,FALSE
22,190,B,10.4,71.17592316,3KM6-alt1A_assembled,B190,3114,0,P09211,FALSE
10,190,A,10.39,74.66099661,3KM6-alt1B_assembled,A190,1481,0,P09211,FALSE
22,190,B,10.4,71.17592316,3KM6-alt1B_assembled,B190,3114,0,P09211,FALSE
10,190,A,10.39,68.36105614,3KMN-alt1A_assembled,A190,1488,0,P09211,FALSE
22,190,B,10.39,70.23763415,3KMN-alt1A_assembled,B190,3121,0,P09211,FALSE
10,190,A,10.39,68.36105614,3KMN-alt1B_assembled,A190,1488,0,P09211,FALSE
22,190,B,10.39,70.23763415,3KMN-alt1B_assembled,B190,3121,0,P09211,FALSE
10,190,A,10.39,68.76318,3KMO-alt1A_assembled,A190,1481,0,P09211,FALSE
22,190,B,10.39,75.19716176,3KMO-alt1A_assembled,B190,3114,0,P09211,FALSE
10,190,A,10.39,68.76318,3KMO-alt1B_assembled,A190,1481,0,P09211,FALSE
22,190,B,10.39,75.19716176,3KMO-alt1B_assembled,B190,3114,0,P09211,FALSE
10,190,A,10.41,69.83551029,3N9J-alt1B_assembled,A190,1486,0,P09211,FALSE
22,190,B,10.39,72.24825345,3N9J-alt1B_assembled,B190,3117,0,P09211,FALSE
10,190,A,10.41,69.83551029,3N9J-alt1A_assembled,A190,1486,0,P09211,FALSE
22,190,B,10.39,72.24825345,3N9J-alt1A_assembled,B190,3117,0,P09211,FALSE
10,190,A,10.4,79.35244164,3PGT-alt-1_assembled,A190,1501,0,P09211,FALSE
22,190,B,10.38,79.7545655,3PGT-alt-1_assembled,B190,3139,0,P09211,FALSE
10,190,A,10.41,69.96955158,4GSS-alt-1_assembled,A190,1485,0,P09211,FALSE
22,190,B,10.41,78.14607006,4GSS-alt-1_assembled,B190,3115,0,P09211,FALSE
10,190,A,10.41,69.56742772,5DAL-alt1A_assembled,A190,1493,0,P09211,FALSE
10,190,A,10.41,69.56742772,5DAL-alt1B_assembled,A190,1493,0,P09211,FALSE
10,190,A,10.41,72.7844186,5DCG-alt1B_assembled,A190,1490,0,P09211,FALSE
22,190,B,10.38,68.62913872,5DCG-alt1B_assembled,B190,3116,0,P09211,FALSE
10,190,A,10.41,72.7844186,5DCG-alt1A_assembled,A190,1490,0,P09211,FALSE
22,190,B,10.38,68.62913872,5DCG-alt1A_assembled,B190,3116,0,P09211,FALSE
10,190,A,10.41,71.98017088,5DDL-alt-1_assembled,A190,1497,0,P09211,FALSE
21,190,B,10.38,69.03126257,5DDL-alt-1_assembled,B190,3125,0,P09211,FALSE
10,190,A,10.41,75.33120304,5DJL-alt1A_assembled,A190,1501,0,P09211,FALSE
22,190,B,10.41,69.43338643,5DJL-alt1A_assembled,B190,3139,0,P09211,FALSE
10,190,A,10.41,75.33120304,5DJL-alt1B_assembled,A190,1501,0,P09211,FALSE
22,190,B,10.41,69.43338643,5DJL-alt1B_assembled,B190,3139,0,P09211,FALSE
10,190,A,10.22,57.63775322,5DJM-alt-1_assembled,A190,1491,0,P09211,FALSE
22,190,B,10.41,69.96955158,5DJM-alt-1_assembled,B190,3122,0,P09211,FALSE
10,190,A,10.41,71.17592316,5GSS-alt-1_assembled,A190,1486,0,P09211,FALSE
22,190,B,10.41,75.59928562,5GSS-alt-1_assembled,B190,3117,0,P09211,FALSE
10,190,A,10.41,70.37167544,5J41-alt1A_assembled,A190,1493,0,P09211,FALSE
22,190,B,10.41,73.99079018,5J41-alt1A_assembled,B190,3124,0,P09211,FALSE
10,190,A,10.41,70.37167544,5J41-alt1B_assembled,A190,1493,0,P09211,FALSE
22,190,B,10.41,73.99079018,5J41-alt1B_assembled,B190,3124,0,P09211,FALSE
10,190,A,10.39,76.13545076,5JCW-alt1B_assembled,A190,1493,0,P09211,FALSE
22,190,B,10.41,82.16730866,5JCW-alt1B_assembled,B190,3131,0,P09211,FALSE
10,190,A,10.39,76.13545076,5JCW-alt1A_assembled,A190,1493,0,P09211,FALSE
22,190,B,10.41,82.16730866,5JCW-alt1A_assembled,B190,3131,0,P09211,FALSE
10,190,A,10.39,84.17792796,5L6X-alt-1_assembled,A190,1499,0,P09211,FALSE
22,190,B,10.38,78.28011135,5L6X-alt-1_assembled,B190,3130,0,P09211,FALSE
10,190,A,10.41,81.36306094,6AP9-alt1B_assembled,A190,1501,0,P09211,FALSE
22,190,B,10.41,79.88860679,6AP9-alt1B_assembled,B190,3139,0,P09211,FALSE
10,190,A,10.41,70.50571673,6GSS-alt-1_assembled,A190,1486,0,P09211,FALSE
22,190,B,10.41,73.99079018,6GSS-alt-1_assembled,B190,3117,0,P09211,FALSE
10,190,A,10.39,103.4798732,6LLX-alt1B_assembled,A190,1493,0,P09211,FALSE
22,190,B,10.41,73.99079018,6LLX-alt1B_assembled,B190,3174,0,P09211,FALSE
10,190,A,10.39,103.4798732,6LLX-alt1A_assembled,A190,1493,0,P09211,FALSE
22,190,B,10.41,73.99079018,6LLX-alt1A_assembled,B190,3174,0,P09211,FALSE
10,190,A,10.36,70.63975801,6Y1E-alt1A_assembled,A190,1493,0,P09211,FALSE
22,190,B,10.4,89.94170328,6Y1E-alt1A_assembled,B190,3124,0,P09211,FALSE
34,190,C,10.41,86.85875369,6Y1E-alt1A_assembled,C190,4762,0,P09211,FALSE
46,190,D,10.36,82.16730866,6Y1E-alt1A_assembled,D190,6400,0,P09211,FALSE
10,190,A,10.36,70.63975801,6Y1E-alt1B_assembled,A190,1493,0,P09211,FALSE
22,190,B,10.4,89.94170328,6Y1E-alt1B_assembled,B190,3124,0,P09211,FALSE
34,190,C,10.41,86.85875369,6Y1E-alt1B_assembled,C190,4762,0,P09211,FALSE
46,190,D,10.36,82.16730866,6Y1E-alt1B_assembled,D190,6400,0,P09211,FALSE
10,190,A,10.28,58.03987708,7GSS-alt-1_assembled,A190,1493,0,P09211,FALSE
22,190,B,10.28,61.39090924,7GSS-alt-1_assembled,B190,3131,0,P09211,FALSE
10,190,A,10.41,75.19716176,8GSS-alt-1_assembled,A190,1493,0,P09211,FALSE
22,190,B,10.4,76.13545076,8GSS-alt-1_assembled,B190,3131,0,P09211,FALSE
34,190,C,10.32,77.20778105,8GSS-alt-1_assembled,C190,4769,0,P09211,FALSE
10,190,A,10.41,69.96955158,9GSS-alt-1_assembled,A190,1486,0,P09211,FALSE
22,190,B,10.41,76.40353334,9GSS-alt-1_assembled,B190,3117,0,P09211,FALSE
10,191,A,10.41,82.56943252,AF-P09211-F1-model_v1,A191,1501,98.77,P09211,FALSE
10,191,A,10.4,82.43539123,2J9H-alt-1_assembled,A191,1491,0,P09211,FALSE
22,191,B,10.37,77.07373977,2J9H-alt-1_assembled,B191,3127,0,P09211,FALSE
10,191,A,10.39,68.49509743,5X79-alt-1_assembled,A191,1501,0,P09211,FALSE
22,191,B,10.39,73.45462503,5X79-alt-1_assembled,B191,3147,0,P09211,FALSE
11,206,A,10.29,31.23161977,1GSS-alt-1_assembled,A206,1627,0,P09211,FALSE
23,206,B,10.43,28.55079404,1GSS-alt-1_assembled,B206,3265,0,P09211,FALSE
11,206,A,10.23,45.03787228,1LBK-alt-1_assembled,A206,1620,0,P09211,FALSE
23,206,B,10.23,41.28471626,1LBK-alt-1_assembled,B206,3256,0,P09211,FALSE
11,208,A,11.2,39.81026211,10GS-alt-1_assembled,A208,1620,0,P09211,FALSE
23,208,B,11.21,39.40813825,10GS-alt-1_assembled,B208,3251,0,P09211,FALSE
11,208,A,11.2,46.64636772,11GS-alt-1_assembled,A208,1620,0,P09211,FALSE
23,208,B,11.2,43.42937684,11GS-alt-1_assembled,B208,3251,0,P09211,FALSE
11,208,A,11.34,40.07834468,12GS-alt-1_assembled,A208,1620,0,P09211,FALSE
23,208,B,11.34,36.19114737,12GS-alt-1_assembled,B208,3251,0,P09211,FALSE
11,208,A,11.13,38.60389053,13GS-alt-1_assembled,A208,1635,0,P09211,FALSE
23,208,B,11.16,40.8825924,13GS-alt-1_assembled,B208,3266,0,P09211,FALSE
11,208,A,10.36,64.20577626,16GS-alt-1_assembled,A208,1620,0,P09211,FALSE
23,208,B,10.37,59.24624866,16GS-alt-1_assembled,B208,3251,0,P09211,FALSE
10,208,A,11.26,40.61450983,17GS-alt-1_assembled,A208,1631,0,P09211,FALSE
21,208,B,11.26,41.28471626,17GS-alt-1_assembled,B208,3258,0,P09211,FALSE
11,208,A,11.32,39.27409696,18GS-alt-1_assembled,A208,1620,0,P09211,FALSE
23,208,B,11.29,39.94430339,18GS-alt-1_assembled,B208,3251,0,P09211,FALSE
11,208,A,11.34,35.52094094,19GS-alt-1_assembled,A208,1620,0,P09211,FALSE
23,208,B,11.34,34.04648678,19GS-alt-1_assembled,B208,3251,0,P09211,FALSE
11,208,A,11.39,33.64436292,1AQV-alt-1_assembled,A208,1627,0,P09211,FALSE
23,208,B,11.25,23.05510129,1AQV-alt-1_assembled,B208,3265,0,P09211,FALSE
11,208,A,11.11,40.8825924,1AQW-alt-1_assembled,A208,1627,0,P09211,FALSE
23,208,B,11.23,39.81026211,1AQW-alt-1_assembled,B208,3265,0,P09211,FALSE
35,208,C,11.2,31.23161977,1AQW-alt-1_assembled,C208,4903,0,P09211,FALSE
47,208,D,11.27,35.52094094,1AQW-alt-1_assembled,D208,6541,0,P09211,FALSE
11,208,A,10.79,41.28471626,1AQX-alt-1_assembled,A208,1620,0,P09211,FALSE
23,208,B,10.35,43.42937684,1AQX-alt-1_assembled,B208,3251,0,P09211,FALSE
35,208,C,11.3,35.11881708,1AQX-alt-1_assembled,C208,4882,0,P09211,FALSE
47,208,D,10.17,26.27209216,1AQX-alt-1_assembled,D208,6513,0,P09211,FALSE
11,208,A,11.21,34.58265193,1EOG-alt-1_assembled,A208,1619,0,P09211,FALSE
23,208,B,11.25,39.54217953,1EOG-alt-1_assembled,B208,3249,0,P09211,FALSE
11,208,A,11.27,33.24223907,1EOH-alt-1_assembled,A208,1624,0,P09211,FALSE
23,208,B,10.89,32.43799135,1EOH-alt-1_assembled,B208,3259,0,P09211,FALSE
35,208,C,11.27,31.9018262,1EOH-alt-1_assembled,C208,4894,0,P09211,FALSE
47,208,D,11.31,32.57203263,1EOH-alt-1_assembled,D208,6529,0,P09211,FALSE
59,208,E,11.36,36.72731252,1EOH-alt-1_assembled,E208,8164,0,P09211,FALSE
71,208,F,10.97,32.16990877,1EOH-alt-1_assembled,F208,9799,0,P09211,FALSE
83,208,G,10.86,28.41675275,1EOH-alt-1_assembled,G208,11434,0,P09211,FALSE
95,208,H,11.3,33.9124455,1EOH-alt-1_assembled,H208,13069,0,P09211,FALSE
11,208,A,11.06,32.57203263,1KBN-alt-1_assembled,A208,1617,0,P09211,FALSE
23,208,B,11.06,35.78902351,1KBN-alt-1_assembled,B208,3245,0,P09211,FALSE
11,208,A,11.27,37.79964281,1MD3-alt-1_assembled,A208,1621,0,P09211,FALSE
23,208,B,11.3,39.27409696,1MD3-alt-1_assembled,B208,3253,0,P09211,FALSE
11,208,A,11.23,40.07834468,1MD4-alt-1_assembled,A208,1623,0,P09211,FALSE
23,208,B,11.23,39.81026211,1MD4-alt-1_assembled,B208,3257,0,P09211,FALSE
11,208,A,11.31,30.96353719,1PGT-alt-1_assembled,A208,1634,0,P09211,FALSE
23,208,B,11.29,32.70607392,1PGT-alt-1_assembled,B208,3271,0,P09211,FALSE
11,208,A,11.21,37.79964281,1PX6-alt-1_assembled,A208,1627,0,P09211,FALSE
23,208,B,11.15,40.21238597,1PX6-alt-1_assembled,B208,3265,0,P09211,FALSE
11,208,A,10.24,59.24624866,1PX7-alt-1_assembled,A208,1628,0,P09211,FALSE
23,208,B,11.3,41.41875754,1PX7-alt-1_assembled,B208,3260,0,P09211,FALSE
11,208,A,11.29,39.27409696,1ZGN-alt-1_assembled,A208,1620,0,P09211,FALSE
23,208,B,10.92,41.28471626,1ZGN-alt-1_assembled,B208,3250,0,P09211,FALSE
11,208,A,11.25,39.40813825,20GS-alt-1_assembled,A208,1620,0,P09211,FALSE
23,208,B,11.24,36.19114737,20GS-alt-1_assembled,B208,3251,0,P09211,FALSE
11,208,A,11.19,39.67622082,22GS-alt-1_assembled,A208,1619,0,P09211,FALSE
23,208,B,11.2,40.07834468,22GS-alt-1_assembled,B208,3249,0,P09211,FALSE
11,208,A,11.33,37.39751895,2A2R-alt1B_assembled,A208,1635,0,P09211,FALSE
23,208,B,11.33,37.53156023,2A2R-alt1B_assembled,B208,3273,0,P09211,FALSE
11,208,A,11.33,37.39751895,2A2R-alt1A_assembled,A208,1635,0,P09211,FALSE
23,208,B,11.33,37.53156023,2A2R-alt1A_assembled,B208,3273,0,P09211,FALSE
11,208,A,10.26,64.20577626,2A2S-alt1B_assembled,A208,1635,0,P09211,FALSE
23,208,B,11.24,41.28471626,2A2S-alt1B_assembled,B208,3273,0,P09211,FALSE
11,208,A,10.26,64.20577626,2A2S-alt1A_assembled,A208,1635,0,P09211,FALSE
23,208,B,11.24,41.28471626,2A2S-alt1A_assembled,B208,3273,0,P09211,FALSE
11,208,A,11.21,40.48046854,2GSS-alt-1_assembled,A208,1620,0,P09211,FALSE
23,208,B,11.22,39.40813825,2GSS-alt-1_assembled,B208,3251,0,P09211,FALSE
11,208,A,11.34,33.24223907,2PGT-alt-1_assembled,A208,1634,0,P09211,FALSE
23,208,B,11.23,30.29333076,2PGT-alt-1_assembled,B208,3271,0,P09211,FALSE
11,208,A,10.24,58.30795965,3CSH-alt1A_assembled,A208,1627,0,P09211,FALSE
23,208,B,11.31,36.19114737,3CSH-alt1A_assembled,B208,3265,0,P09211,FALSE
11,208,A,10.24,58.30795965,3CSH-alt1B_assembled,A208,1627,0,P09211,FALSE
23,208,B,11.31,36.19114737,3CSH-alt1B_assembled,B208,3265,0,P09211,FALSE
11,208,A,11.28,34.18052807,3CSI-alt1A_assembled,A208,1628,0,P09211,FALSE
23,208,B,11.31,36.45922994,3CSI-alt1A_assembled,B208,3267,0,P09211,FALSE
35,208,C,11.38,34.98477579,3CSI-alt1A_assembled,C208,4906,0,P09211,FALSE
47,208,D,10.3,53.48247333,3CSI-alt1A_assembled,D208,6545,0,P09211,FALSE
11,208,A,11.28,34.18052807,3CSI-alt1B_assembled,A208,1628,0,P09211,FALSE
23,208,B,11.31,36.45922994,3CSI-alt1B_assembled,B208,3267,0,P09211,FALSE
35,208,C,11.38,34.98477579,3CSI-alt1B_assembled,C208,4906,0,P09211,FALSE
47,208,D,10.3,53.48247333,3CSI-alt1B_assembled,D208,6545,0,P09211,FALSE
11,208,A,10.21,60.45262024,3CSJ-alt-1_assembled,A208,1627,0,P09211,FALSE
23,208,B,11.29,40.61450983,3CSJ-alt-1_assembled,B208,3265,0,P09211,FALSE
11,208,A,10.64,49.05911088,3DD3-alt-1_assembled,A208,1635,0,P09211,FALSE
23,208,B,11.34,51.33781275,3DD3-alt-1_assembled,B208,3266,0,P09211,FALSE
11,208,A,10.25,61.92707439,3DGQ-alt1A_assembled,A208,1635,0,P09211,FALSE
23,208,B,11.34,33.37628035,3DGQ-alt1A_assembled,B208,3266,0,P09211,FALSE
11,208,A,10.25,61.92707439,3DGQ-alt1B_assembled,A208,1635,0,P09211,FALSE
23,208,B,11.34,33.37628035,3DGQ-alt1B_assembled,B208,3266,0,P09211,FALSE
11,208,A,10.21,61.92707439,3GSS-alt-1_assembled,A208,1620,0,P09211,FALSE
23,208,B,11.3,37.66560152,3GSS-alt-1_assembled,B208,3251,0,P09211,FALSE
11,208,A,10.23,60.72070281,3GUS-alt1A_assembled,A208,1627,0,P09211,FALSE
23,208,B,11.32,34.98477579,3GUS-alt1A_assembled,B208,3258,0,P09211,FALSE
11,208,A,10.23,60.72070281,3GUS-alt1B_assembled,A208,1627,0,P09211,FALSE
23,208,B,11.32,34.98477579,3GUS-alt1B_assembled,B208,3258,0,P09211,FALSE
11,208,A,11.34,37.12943638,3HJM-alt1A_assembled,A208,1615,0,P09211,FALSE
23,208,B,11.18,43.29533556,3HJM-alt1A_assembled,B208,3241,0,P09211,FALSE
35,208,C,10.44,37.53156023,3HJM-alt1A_assembled,C208,4867,0,P09211,FALSE
47,208,D,10.31,52.67822562,3HJM-alt1A_assembled,D208,6493,0,P09211,FALSE
11,208,A,11.34,37.12943638,3HJM-alt1B_assembled,A208,1615,0,P09211,FALSE
23,208,B,11.18,43.29533556,3HJM-alt1B_assembled,B208,3241,0,P09211,FALSE
35,208,C,10.44,37.53156023,3HJM-alt1B_assembled,C208,4867,0,P09211,FALSE
47,208,D,10.31,52.67822562,3HJM-alt1B_assembled,D208,6493,0,P09211,FALSE
11,208,A,11.26,37.66560152,3HJO-alt1A_assembled,A208,1622,0,P09211,FALSE
23,208,B,11.17,38.60389053,3HJO-alt1A_assembled,B208,3254,0,P09211,FALSE
11,208,A,11.26,37.66560152,3HJO-alt1B_assembled,A208,1622,0,P09211,FALSE
23,208,B,11.17,38.60389053,3HJO-alt1B_assembled,B208,3254,0,P09211,FALSE
11,208,A,10.38,63.66961111,3HKR-alt1B_assembled,A208,1615,0,P09211,FALSE
23,208,B,11.34,41.15067497,3HKR-alt1B_assembled,B208,3247,0,P09211,FALSE
11,208,A,10.38,63.66961111,3HKR-alt1A_assembled,A208,1615,0,P09211,FALSE
23,208,B,11.34,41.15067497,3HKR-alt1A_assembled,B208,3247,0,P09211,FALSE
11,208,A,10.23,65.41214784,3IE3-alt1A_assembled,A208,1624,0,P09211,FALSE
23,208,B,11.33,41.01663369,3IE3-alt1A_assembled,B208,3252,0,P09211,FALSE
11,208,A,10.23,65.41214784,3IE3-alt1B_assembled,A208,1624,0,P09211,FALSE
23,208,B,11.33,41.01663369,3IE3-alt1B_assembled,B208,3252,0,P09211,FALSE
11,208,A,11.33,35.52094094,3KM6-alt1A_assembled,A208,1615,0,P09211,FALSE
23,208,B,11.32,35.65498222,3KM6-alt1A_assembled,B208,3248,0,P09211,FALSE
11,208,A,11.33,35.52094094,3KM6-alt1B_assembled,A208,1615,0,P09211,FALSE
23,208,B,11.32,35.65498222,3KM6-alt1B_assembled,B208,3248,0,P09211,FALSE
11,208,A,11.24,43.56341813,3KMN-alt1A_assembled,A208,1622,0,P09211,FALSE
23,208,B,11.3,33.64436292,3KMN-alt1A_assembled,B208,3255,0,P09211,FALSE
11,208,A,11.24,43.56341813,3KMN-alt1B_assembled,A208,1622,0,P09211,FALSE
23,208,B,11.3,33.64436292,3KMN-alt1B_assembled,B208,3255,0,P09211,FALSE
11,208,A,11.32,36.72731252,3KMO-alt1A_assembled,A208,1615,0,P09211,FALSE
23,208,B,10.51,36.32518866,3KMO-alt1A_assembled,B208,3248,0,P09211,FALSE
11,208,A,11.32,36.72731252,3KMO-alt1B_assembled,A208,1615,0,P09211,FALSE
23,208,B,10.51,36.32518866,3KMO-alt1B_assembled,B208,3248,0,P09211,FALSE
11,208,A,11.16,41.01663369,3N9J-alt1B_assembled,A208,1620,0,P09211,FALSE
23,208,B,11.12,36.45922994,3N9J-alt1B_assembled,B208,3251,0,P09211,FALSE
11,208,A,11.16,41.01663369,3N9J-alt1A_assembled,A208,1620,0,P09211,FALSE
23,208,B,11.12,36.45922994,3N9J-alt1A_assembled,B208,3251,0,P09211,FALSE
11,208,A,10.33,54.42076234,3PGT-alt-1_assembled,A208,1635,0,P09211,FALSE
23,208,B,10.95,36.99539509,3PGT-alt-1_assembled,B208,3273,0,P09211,FALSE
11,208,A,11.34,45.43999614,4GSS-alt-1_assembled,A208,1619,0,P09211,FALSE
23,208,B,11.34,44.63574842,4GSS-alt-1_assembled,B208,3249,0,P09211,FALSE
11,208,A,11.33,32.03586749,5DAL-alt1A_assembled,A208,1627,0,P09211,FALSE
11,208,A,11.33,32.03586749,5DAL-alt1B_assembled,A208,1627,0,P09211,FALSE
11,208,A,10.2,48.12082187,5DCG-alt1B_assembled,A208,1624,0,P09211,FALSE
23,208,B,11.29,33.10819778,5DCG-alt1B_assembled,B208,3250,0,P09211,FALSE
11,208,A,10.2,48.12082187,5DCG-alt1A_assembled,A208,1624,0,P09211,FALSE
23,208,B,11.29,33.10819778,5DCG-alt1A_assembled,B208,3250,0,P09211,FALSE
11,208,A,10.19,50.39952374,5DDL-alt-1_assembled,A208,1631,0,P09211,FALSE
22,208,B,11.32,35.52094094,5DDL-alt-1_assembled,B208,3259,0,P09211,FALSE
11,208,A,10.29,46.78040901,5DJL-alt1A_assembled,A208,1635,0,P09211,FALSE
23,208,B,11.33,30.29333076,5DJL-alt1A_assembled,B208,3273,0,P09211,FALSE
11,208,A,10.29,46.78040901,5DJL-alt1B_assembled,A208,1635,0,P09211,FALSE
23,208,B,11.33,30.29333076,5DJL-alt1B_assembled,B208,3273,0,P09211,FALSE
11,208,A,10.63,58.44200094,5DJM-alt-1_assembled,A208,1625,0,P09211,FALSE
23,208,B,10.94,40.07834468,5DJM-alt-1_assembled,B208,3256,0,P09211,FALSE
11,208,A,11.21,41.15067497,5GSS-alt-1_assembled,A208,1620,0,P09211,FALSE
23,208,B,11.21,40.07834468,5GSS-alt-1_assembled,B208,3251,0,P09211,FALSE
11,208,A,10.23,49.32719345,5J41-alt1A_assembled,A208,1627,0,P09211,FALSE
23,208,B,11.31,30.42737205,5J41-alt1A_assembled,B208,3258,0,P09211,FALSE
11,208,A,10.23,49.32719345,5J41-alt1B_assembled,A208,1627,0,P09211,FALSE
23,208,B,11.31,30.42737205,5J41-alt1B_assembled,B208,3258,0,P09211,FALSE
11,208,A,11.33,34.04648678,5JCW-alt1B_assembled,A208,1627,0,P09211,FALSE
23,208,B,11.34,28.81887661,5JCW-alt1B_assembled,B208,3265,0,P09211,FALSE
11,208,A,11.33,34.04648678,5JCW-alt1A_assembled,A208,1627,0,P09211,FALSE
23,208,B,11.34,28.81887661,5JCW-alt1A_assembled,B208,3265,0,P09211,FALSE
11,208,A,10.23,52.14206047,5L6X-alt-1_assembled,A208,1633,0,P09211,FALSE
23,208,B,11.33,33.9124455,5L6X-alt-1_assembled,B208,3264,0,P09211,FALSE
11,208,A,10.3,48.12082187,6AP9-alt1B_assembled,A208,1635,0,P09211,FALSE
23,208,B,11.33,33.10819778,6AP9-alt1B_assembled,B208,3273,0,P09211,FALSE
11,208,A,11.26,43.42937684,6GSS-alt-1_assembled,A208,1620,0,P09211,FALSE
23,208,B,11.27,41.01663369,6GSS-alt-1_assembled,B208,3251,0,P09211,FALSE
11,208,A,10.26,45.97616129,6LLX-alt1B_assembled,A208,1627,0,P09211,FALSE
23,208,B,11.33,30.15928947,6LLX-alt1B_assembled,B208,3308,0,P09211,FALSE
11,208,A,10.26,45.97616129,6LLX-alt1A_assembled,A208,1627,0,P09211,FALSE
23,208,B,11.33,30.15928947,6LLX-alt1A_assembled,B208,3308,0,P09211,FALSE
11,208,A,11.34,33.10819778,6Y1E-alt1A_assembled,A208,1627,0,P09211,FALSE
23,208,B,11.3,38.8719731,6Y1E-alt1A_assembled,B208,3258,0,P09211,FALSE
35,208,C,10.93,38.46984924,6Y1E-alt1A_assembled,C208,4896,0,P09211,FALSE
47,208,D,11.35,31.23161977,6Y1E-alt1A_assembled,D208,6534,0,P09211,FALSE
11,208,A,11.34,33.10819778,6Y1E-alt1B_assembled,A208,1627,0,P09211,FALSE
23,208,B,11.3,38.8719731,6Y1E-alt1B_assembled,B208,3258,0,P09211,FALSE
35,208,C,10.93,38.46984924,6Y1E-alt1B_assembled,C208,4896,0,P09211,FALSE
47,208,D,11.35,31.23161977,6Y1E-alt1B_assembled,D208,6534,0,P09211,FALSE
11,208,A,10.53,36.05710608,7GSS-alt-1_assembled,A208,1627,0,P09211,FALSE
23,208,B,10.53,35.11881708,7GSS-alt-1_assembled,B208,3265,0,P09211,FALSE
11,208,A,10.41,21.98277099,8GSS-alt-1_assembled,A208,1627,0,P09211,FALSE
23,208,B,11.28,39.14005567,8GSS-alt-1_assembled,B208,3265,0,P09211,FALSE
35,208,C,11.38,37.79964281,8GSS-alt-1_assembled,C208,4903,0,P09211,FALSE
11,208,A,11.3,40.34642725,9GSS-alt-1_assembled,A208,1620,0,P09211,FALSE
23,208,B,11.3,41.28471626,9GSS-alt-1_assembled,B208,3251,0,P09211,FALSE
11,209,A,11.28,35.78902351,AF-P09211-F1-model_v1,A209,1635,97.76,P09211,FALSE
11,209,A,11.35,42.75917041,2J9H-alt-1_assembled,A209,1625,0,P09211,FALSE
23,209,B,11.36,36.59327123,2J9H-alt-1_assembled,B209,3261,0,P09211,FALSE
11,209,A,11.31,39.27409696,5X79-alt-1_assembled,A209,1635,0,P09211,FALSE
23,209,B,11.09,45.03787228,5X79-alt-1_assembled,B209,3281,0,P09211,FALSE