,resid,chain,plddt,Uniprot Entry,pKa,PDB Code,sasa
0,3,C,0.0,P04406,10.32,/1U8F-alt1A_assembled/1U8F-alt1B_assembled,81.09497836466454
1,5,D,0.0,P04406,10.28,/1U8F-alt1A_assembled/1U8F-alt1B_assembled,64.6079001186253
2,27,D,0.0,P04406,10.45,/1U8F-alt1A_assembled/1U8F-alt1B_assembled,44.63574842220379
3,55,C,0.0,P04406,9.75,/1U8F-alt1A_assembled/1U8F-alt1B_assembled,47.85273929947974
4,61,D,0.0,P04406,10.54,/1U8F-alt1A_assembled/1U8F-alt1B_assembled,65.41214783794429
5,66,B,0.0,P04406,10.11,/1U8F-alt1A_assembled/1U8F-alt1B_assembled,62.99940467998733
6,84,B,0.0,P04406,10.34,/1U8F-alt1A_assembled/1U8F-alt1B_assembled,65.94831298415694
7,86,C,0.0,P04406,10.58,/1U8F-alt1A_assembled/1U8F-alt1B_assembled,75.1971617563253
8,107,B,0.0,P04406,10.29,/1U8F-alt1A_assembled/1U8F-alt1B_assembled,68.62913871522024
9,117,A,0.0,P04406,9.94,/1U8F-alt1A_assembled/1U8F-alt1B_assembled,61.65899181445569
10,139,D,0.0,P04406,10.16,/1U8F-alt1A_assembled/1U8F-alt1B_assembled,60.318578948924035
11,145,C,0.0,P04406,9.98,/1U8F-alt1A_assembled/1U8F-alt1B_assembled,49.193152165011384
12,162,A,0.0,P04406,11.07,/1U8F-alt1A_assembled/1U8F-alt1B_assembled,42.49108783735315
13,186,C,0.0,P04406,9.55,/1U8F-alt1A_assembled/1U8F-alt1B_assembled,40.61450982560885
14,194,B,0.0,P04406,10.41,/1U8F-alt1A_assembled/1U8F-alt1B_assembled,95.83951988551263
15,215,A,0.0,P04406,10.11,/1U8F-alt1A_assembled/1U8F-alt1B_assembled,71.57804701938986
16,219,D,0.0,P04406,9.5,/1U8F-alt1A_assembled/1U8F-alt1B_assembled,56.69946421198859
17,227,A,0.0,P04406,10.38,/1U8F-alt1A_assembled/1U8F-alt1B_assembled,43.16129427011898
18,251,C,0.0,P04406,10.28,/1U8F-alt1A_assembled/1U8F-alt1B_assembled,60.4526202354772
19,254,B,0.0,P04406,11.11,/1U8F-alt1A_assembled/1U8F-alt1B_assembled,61.92707438756201
20,259,C,0.0,P04406,10.78,/1U8F-alt1A_assembled/1U8F-alt1B_assembled,24.529555439229107
21,260,A,0.0,P04406,10.47,/1U8F-alt1A_assembled/1U8F-alt1B_assembled,82.70347380330253
22,263,A,0.0,P04406,10.74,/1U8F-alt1A_assembled/1U8F-alt1B_assembled,58.71008351028606
23,271,B,0.0,P04406,10.42,/1U8F-alt1A_assembled/1U8F-alt1B_assembled,72.24825345215568
24,309,A,0.0,P04406,9.32,/1U8F-alt1A_assembled/1U8F-alt1B_assembled,4.0212385965949355
25,334,B,0.0,P04406,10.05,/1U8F-alt1A_assembled/1U8F-alt1B_assembled,23.72530771991012
26,6,A,0.0,P62987,9.94,/2LJ5-alt-78_assembled/2LJ5-alt-100_assembled/2LJ5-alt-114_assembled/2LJ5-alt-44_assembled/2LJ5-alt-50_assembled/2LJ5-alt-128_assembled/2LJ5-alt-87_assembled/2LJ5-alt-93_assembled/2LJ5-alt-276_assembled/2LJ5-alt-262_assembled/2LJ5-alt-289_assembled/2LJ5-alt-288_assembled/2LJ5-alt-263_assembled/2LJ5-alt-277_assembled/2LJ5-alt-92_assembled/2LJ5-alt-86_assembled/2LJ5-alt-129_assembled/2LJ5-alt-51_assembled/2LJ5-alt-45_assembled/2LJ5-alt-115_assembled/2LJ5-alt-101_assembled/2LJ5-alt-79_assembled/2LJ5-alt-117_assembled/2LJ5-alt-103_assembled/2LJ5-alt-53_assembled/2LJ5-alt-47_assembled/2LJ5-alt-90_assembled/2LJ5-alt-84_assembled/2LJ5-alt-301_assembled/2LJ5-alt-261_assembled/2LJ5-alt-275_assembled/2LJ5-alt-249_assembled/2LJ5-alt-248_assembled/2LJ5-alt-274_assembled/2LJ5-alt-260_assembled/2LJ5-alt-300_assembled/2LJ5-alt-85_assembled/2LJ5-alt-91_assembled/2LJ5-alt-46_assembled/2LJ5-alt-52_assembled/2LJ5-alt-102_assembled/2LJ5-alt-116_assembled/2LJ5-alt-56_assembled/2LJ5-alt-42_assembled/2LJ5-alt-112_assembled/2LJ5-alt-106_assembled/2LJ5-alt-95_assembled/2LJ5-alt-81_assembled/2LJ5-alt-258_assembled/2LJ5-alt-264_assembled/2LJ5-alt-270_assembled/2LJ5-alt-271_assembled/2LJ5-alt-265_assembled/2LJ5-alt-259_assembled/2LJ5-alt-80_assembled/2LJ5-alt-94_assembled/2LJ5-alt-107_assembled/2LJ5-alt-113_assembled/2LJ5-alt-43_assembled/2LJ5-alt-57_assembled/2LJ5-alt-139_assembled/2LJ5-alt-41_assembled/2LJ5-alt-55_assembled/2LJ5-alt-105_assembled/2LJ5-alt-111_assembled/2LJ5-alt-69_assembled/2LJ5-alt-82_assembled/2LJ5-alt-96_assembled/2LJ5-alt-273_assembled/2LJ5-alt-267_assembled/2LJ5-alt-298_assembled/2LJ5-alt-299_assembled/2LJ5-alt-266_assembled/2LJ5-alt-272_assembled/2LJ5-alt-97_assembled/2LJ5-alt-83_assembled/2LJ5-alt-68_assembled/2LJ5-alt-110_assembled/2LJ5-alt-104_assembled/2LJ5-alt-54_assembled/2LJ5-alt-40_assembled/2LJ5-alt-138_assembled/2LJ5-alt-163_assembled/2LJ5-alt-177_assembled/2LJ5-alt-27_assembled/2LJ5-alt-33_assembled/2LJ5-alt-188_assembled/2LJ5-alt-215_assembled/2LJ5-alt-201_assembled/2LJ5-alt-229_assembled/2LJ5-alt-3_assembled/2LJ5-alt-2_assembled/2LJ5-alt-228_assembled/2LJ5-alt-200_assembled/2LJ5-alt-214_assembled/2LJ5-alt-189_assembled/2LJ5-alt-32_assembled/2LJ5-alt-26_assembled/2LJ5-alt-176_assembled/2LJ5-alt-162_assembled/2LJ5-alt-174_assembled/2LJ5-alt-160_assembled/2LJ5-alt-18_assembled/2LJ5-alt-148_assembled/2LJ5-alt-30_assembled/2LJ5-alt-24_assembled/2LJ5-alt-202_assembled/2LJ5-alt-216_assembled/2LJ5-alt-1_assembled/2LJ5-alt-217_assembled/2LJ5-alt-203_assembled/2LJ5-alt-25_assembled/2LJ5-alt-31_assembled/2LJ5-alt-149_assembled/2LJ5-alt-19_assembled/2LJ5-alt-161_assembled/2LJ5-alt-175_assembled/2LJ5-alt-35_assembled/2LJ5-alt-21_assembled/2LJ5-alt-159_assembled/2LJ5-alt-171_assembled/2LJ5-alt-165_assembled/2LJ5-alt-207_assembled/2LJ5-alt-213_assembled/2LJ5-alt-5_assembled/2LJ5-alt-4_assembled/2LJ5-alt-212_assembled/2LJ5-alt-206_assembled/2LJ5-alt-164_assembled/2LJ5-alt-170_assembled/2LJ5-alt-158_assembled/2LJ5-alt-20_assembled/2LJ5-alt-34_assembled/2LJ5-alt-22_assembled/2LJ5-alt-36_assembled/2LJ5-alt-166_assembled/2LJ5-alt-172_assembled/2LJ5-alt-199_assembled/2LJ5-alt-238_assembled/2LJ5-alt-210_assembled/2LJ5-alt-204_assembled/2LJ5-alt-6_assembled/2LJ5-alt-7_assembled/2LJ5-alt-205_assembled/2LJ5-alt-211_assembled/2LJ5-alt-239_assembled/2LJ5-alt-198_assembled/2LJ5-alt-173_assembled/2LJ5-alt-167_assembled/2LJ5-alt-37_assembled/2LJ5-alt-23_assembled/2LJ5-alt-142_assembled/2LJ5-alt-156_assembled/2LJ5-alt-12_assembled/2LJ5-alt-181_assembled/2LJ5-alt-195_assembled/2LJ5-alt-234_assembled/2LJ5-alt-220_assembled/2LJ5-alt-208_assembled/2LJ5-alt-209_assembled/2LJ5-alt-221_assembled/2LJ5-alt-235_assembled/2LJ5-alt-194_assembled/2LJ5-alt-180_assembled/2LJ5-alt-13_assembled/2LJ5-alt-157_assembled/2LJ5-alt-143_assembled/2LJ5-alt-155_assembled/2LJ5-alt-39_assembled/2LJ5-alt-141_assembled/2LJ5-alt-11_assembled/2LJ5-alt-169_assembled/2LJ5-alt-196_assembled/2LJ5-alt-182_assembled/2LJ5-alt-223_assembled/2LJ5-alt-237_assembled/2LJ5-alt-9_assembled/2LJ5-alt-8_assembled/2LJ5-alt-236_assembled/2LJ5-alt-222_assembled/2LJ5-alt-183_assembled/2LJ5-alt-197_assembled/2LJ5-alt-168_assembled/2LJ5-alt-10_assembled/2LJ5-alt-140_assembled/2LJ5-alt-38_assembled/2LJ5-alt-154_assembled/2LJ5-alt-14_assembled/2LJ5-alt-178_assembled/2LJ5-alt-150_assembled/2LJ5-alt-28_assembled/2LJ5-alt-144_assembled/2LJ5-alt-193_assembled/2LJ5-alt-187_assembled/2LJ5-alt-226_assembled/2LJ5-alt-232_assembled/2LJ5-alt-233_assembled/2LJ5-alt-227_assembled/2LJ5-alt-186_assembled/2LJ5-alt-192_assembled/2LJ5-alt-145_assembled/2LJ5-alt-29_assembled/2LJ5-alt-151_assembled/2LJ5-alt-179_assembled/2LJ5-alt-15_assembled/2LJ5-alt-17_assembled/2LJ5-alt-147_assembled/2LJ5-alt-153_assembled/2LJ5-alt-184_assembled/2LJ5-alt-190_assembled/2LJ5-alt-219_assembled/2LJ5-alt-231_assembled/2LJ5-alt-225_assembled/2LJ5-alt-224_assembled/2LJ5-alt-230_assembled/2LJ5-alt-218_assembled/2LJ5-alt-191_assembled/2LJ5-alt-185_assembled/2LJ5-alt-152_assembled/2LJ5-alt-146_assembled/2LJ5-alt-16_assembled/2LJ5-alt-121_assembled/2LJ5-alt-59_assembled/2LJ5-alt-135_assembled/2LJ5-alt-65_assembled/2LJ5-alt-109_assembled/2LJ5-alt-71_assembled/2LJ5-alt-257_assembled/2LJ5-alt-243_assembled/2LJ5-alt-294_assembled/2LJ5-alt-280_assembled/2LJ5-alt-281_assembled/2LJ5-alt-295_assembled/2LJ5-alt-242_assembled/2LJ5-alt-256_assembled/2LJ5-alt-70_assembled/2LJ5-alt-108_assembled/2LJ5-alt-64_assembled/2LJ5-alt-134_assembled/2LJ5-alt-58_assembled/2LJ5-alt-120_assembled/2LJ5-alt-136_assembled/2LJ5-alt-122_assembled/2LJ5-alt-72_assembled/2LJ5-alt-66_assembled/2LJ5-alt-99_assembled/2LJ5-alt-240_assembled/2LJ5-alt-254_assembled/2LJ5-alt-268_assembled/2LJ5-alt-283_assembled/2LJ5-alt-297_assembled/2LJ5-alt-296_assembled/2LJ5-alt-282_assembled/2LJ5-alt-269_assembled/2LJ5-alt-255_assembled/2LJ5-alt-241_assembled/2LJ5-alt-98_assembled/2LJ5-alt-67_assembled/2LJ5-alt-73_assembled/2LJ5-alt-123_assembled/2LJ5-alt-137_assembled/2LJ5-alt-77_assembled/2LJ5-alt-63_assembled/2LJ5-alt-133_assembled/2LJ5-alt-127_assembled/2LJ5-alt-88_assembled/2LJ5-alt-279_assembled/2LJ5-alt-245_assembled/2LJ5-alt-251_assembled/2LJ5-alt-286_assembled/2LJ5-alt-292_assembled/2LJ5-alt-293_assembled/2LJ5-alt-287_assembled/2LJ5-alt-250_assembled/2LJ5-alt-244_assembled/2LJ5-alt-278_assembled/2LJ5-alt-89_assembled/2LJ5-alt-126_assembled/2LJ5-alt-132_assembled/2LJ5-alt-62_assembled/2LJ5-alt-76_assembled/2LJ5-alt-60_assembled/2LJ5-alt-118_assembled/2LJ5-alt-74_assembled/2LJ5-alt-124_assembled/2LJ5-alt-48_assembled/2LJ5-alt-130_assembled/2LJ5-alt-252_assembled/2LJ5-alt-246_assembled/2LJ5-alt-291_assembled/2LJ5-alt-285_assembled/2LJ5-alt-284_assembled/2LJ5-alt-290_assembled/2LJ5-alt-247_assembled/2LJ5-alt-253_assembled/2LJ5-alt-131_assembled/2LJ5-alt-49_assembled/2LJ5-alt-125_assembled/2LJ5-alt-75_assembled/2LJ5-alt-119_assembled/2LJ5-alt-61_assembled,35.11881707692911
27,11,A,0.0,P62987,10.2,/2LJ5-alt-78_assembled/2LJ5-alt-100_assembled/2LJ5-alt-114_assembled/2LJ5-alt-44_assembled/2LJ5-alt-50_assembled/2LJ5-alt-128_assembled/2LJ5-alt-87_assembled/2LJ5-alt-93_assembled/2LJ5-alt-276_assembled/2LJ5-alt-262_assembled/2LJ5-alt-289_assembled/2LJ5-alt-288_assembled/2LJ5-alt-263_assembled/2LJ5-alt-277_assembled/2LJ5-alt-92_assembled/2LJ5-alt-86_assembled/2LJ5-alt-129_assembled/2LJ5-alt-51_assembled/2LJ5-alt-45_assembled/2LJ5-alt-115_assembled/2LJ5-alt-101_assembled/2LJ5-alt-79_assembled/2LJ5-alt-117_assembled/2LJ5-alt-103_assembled/2LJ5-alt-53_assembled/2LJ5-alt-47_assembled/2LJ5-alt-90_assembled/2LJ5-alt-84_assembled/2LJ5-alt-301_assembled/2LJ5-alt-261_assembled/2LJ5-alt-275_assembled/2LJ5-alt-249_assembled/2LJ5-alt-248_assembled/2LJ5-alt-274_assembled/2LJ5-alt-260_assembled/2LJ5-alt-300_assembled/2LJ5-alt-85_assembled/2LJ5-alt-91_assembled/2LJ5-alt-46_assembled/2LJ5-alt-52_assembled/2LJ5-alt-102_assembled/2LJ5-alt-116_assembled/2LJ5-alt-56_assembled/2LJ5-alt-42_assembled/2LJ5-alt-112_assembled/2LJ5-alt-106_assembled/2LJ5-alt-95_assembled/2LJ5-alt-81_assembled/2LJ5-alt-258_assembled/2LJ5-alt-264_assembled/2LJ5-alt-270_assembled/2LJ5-alt-271_assembled/2LJ5-alt-265_assembled/2LJ5-alt-259_assembled/2LJ5-alt-80_assembled/2LJ5-alt-94_assembled/2LJ5-alt-107_assembled/2LJ5-alt-113_assembled/2LJ5-alt-43_assembled/2LJ5-alt-57_assembled/2LJ5-alt-139_assembled/2LJ5-alt-41_assembled/2LJ5-alt-55_assembled/2LJ5-alt-105_assembled/2LJ5-alt-111_assembled/2LJ5-alt-69_assembled/2LJ5-alt-82_assembled/2LJ5-alt-96_assembled/2LJ5-alt-273_assembled/2LJ5-alt-267_assembled/2LJ5-alt-298_assembled/2LJ5-alt-299_assembled/2LJ5-alt-266_assembled/2LJ5-alt-272_assembled/2LJ5-alt-97_assembled/2LJ5-alt-83_assembled/2LJ5-alt-68_assembled/2LJ5-alt-110_assembled/2LJ5-alt-104_assembled/2LJ5-alt-54_assembled/2LJ5-alt-40_assembled/2LJ5-alt-138_assembled/2LJ5-alt-163_assembled/2LJ5-alt-177_assembled/2LJ5-alt-27_assembled/2LJ5-alt-33_assembled/2LJ5-alt-188_assembled/2LJ5-alt-215_assembled/2LJ5-alt-201_assembled/2LJ5-alt-229_assembled/2LJ5-alt-3_assembled/2LJ5-alt-2_assembled/2LJ5-alt-228_assembled/2LJ5-alt-200_assembled/2LJ5-alt-214_assembled/2LJ5-alt-189_assembled/2LJ5-alt-32_assembled/2LJ5-alt-26_assembled/2LJ5-alt-176_assembled/2LJ5-alt-162_assembled/2LJ5-alt-174_assembled/2LJ5-alt-160_assembled/2LJ5-alt-18_assembled/2LJ5-alt-148_assembled/2LJ5-alt-30_assembled/2LJ5-alt-24_assembled/2LJ5-alt-202_assembled/2LJ5-alt-216_assembled/2LJ5-alt-1_assembled/2LJ5-alt-217_assembled/2LJ5-alt-203_assembled/2LJ5-alt-25_assembled/2LJ5-alt-31_assembled/2LJ5-alt-149_assembled/2LJ5-alt-19_assembled/2LJ5-alt-161_assembled/2LJ5-alt-175_assembled/2LJ5-alt-35_assembled/2LJ5-alt-21_assembled/2LJ5-alt-159_assembled/2LJ5-alt-171_assembled/2LJ5-alt-165_assembled/2LJ5-alt-207_assembled/2LJ5-alt-213_assembled/2LJ5-alt-5_assembled/2LJ5-alt-4_assembled/2LJ5-alt-212_assembled/2LJ5-alt-206_assembled/2LJ5-alt-164_assembled/2LJ5-alt-170_assembled/2LJ5-alt-158_assembled/2LJ5-alt-20_assembled/2LJ5-alt-34_assembled/2LJ5-alt-22_assembled/2LJ5-alt-36_assembled/2LJ5-alt-166_assembled/2LJ5-alt-172_assembled/2LJ5-alt-199_assembled/2LJ5-alt-238_assembled/2LJ5-alt-210_assembled/2LJ5-alt-204_assembled/2LJ5-alt-6_assembled/2LJ5-alt-7_assembled/2LJ5-alt-205_assembled/2LJ5-alt-211_assembled/2LJ5-alt-239_assembled/2LJ5-alt-198_assembled/2LJ5-alt-173_assembled/2LJ5-alt-167_assembled/2LJ5-alt-37_assembled/2LJ5-alt-23_assembled/2LJ5-alt-142_assembled/2LJ5-alt-156_assembled/2LJ5-alt-12_assembled/2LJ5-alt-181_assembled/2LJ5-alt-195_assembled/2LJ5-alt-234_assembled/2LJ5-alt-220_assembled/2LJ5-alt-208_assembled/2LJ5-alt-209_assembled/2LJ5-alt-221_assembled/2LJ5-alt-235_assembled/2LJ5-alt-194_assembled/2LJ5-alt-180_assembled/2LJ5-alt-13_assembled/2LJ5-alt-157_assembled/2LJ5-alt-143_assembled/2LJ5-alt-155_assembled/2LJ5-alt-39_assembled/2LJ5-alt-141_assembled/2LJ5-alt-11_assembled/2LJ5-alt-169_assembled/2LJ5-alt-196_assembled/2LJ5-alt-182_assembled/2LJ5-alt-223_assembled/2LJ5-alt-237_assembled/2LJ5-alt-9_assembled/2LJ5-alt-8_assembled/2LJ5-alt-236_assembled/2LJ5-alt-222_assembled/2LJ5-alt-183_assembled/2LJ5-alt-197_assembled/2LJ5-alt-168_assembled/2LJ5-alt-10_assembled/2LJ5-alt-140_assembled/2LJ5-alt-38_assembled/2LJ5-alt-154_assembled/2LJ5-alt-14_assembled/2LJ5-alt-178_assembled/2LJ5-alt-150_assembled/2LJ5-alt-28_assembled/2LJ5-alt-144_assembled/2LJ5-alt-193_assembled/2LJ5-alt-187_assembled/2LJ5-alt-226_assembled/2LJ5-alt-232_assembled/2LJ5-alt-233_assembled/2LJ5-alt-227_assembled/2LJ5-alt-186_assembled/2LJ5-alt-192_assembled/2LJ5-alt-145_assembled/2LJ5-alt-29_assembled/2LJ5-alt-151_assembled/2LJ5-alt-179_assembled/2LJ5-alt-15_assembled/2LJ5-alt-17_assembled/2LJ5-alt-147_assembled/2LJ5-alt-153_assembled/2LJ5-alt-184_assembled/2LJ5-alt-190_assembled/2LJ5-alt-219_assembled/2LJ5-alt-231_assembled/2LJ5-alt-225_assembled/2LJ5-alt-224_assembled/2LJ5-alt-230_assembled/2LJ5-alt-218_assembled/2LJ5-alt-191_assembled/2LJ5-alt-185_assembled/2LJ5-alt-152_assembled/2LJ5-alt-146_assembled/2LJ5-alt-16_assembled/2LJ5-alt-121_assembled/2LJ5-alt-59_assembled/2LJ5-alt-135_assembled/2LJ5-alt-65_assembled/2LJ5-alt-109_assembled/2LJ5-alt-71_assembled/2LJ5-alt-257_assembled/2LJ5-alt-243_assembled/2LJ5-alt-294_assembled/2LJ5-alt-280_assembled/2LJ5-alt-281_assembled/2LJ5-alt-295_assembled/2LJ5-alt-242_assembled/2LJ5-alt-256_assembled/2LJ5-alt-70_assembled/2LJ5-alt-108_assembled/2LJ5-alt-64_assembled/2LJ5-alt-134_assembled/2LJ5-alt-58_assembled/2LJ5-alt-120_assembled/2LJ5-alt-136_assembled/2LJ5-alt-122_assembled/2LJ5-alt-72_assembled/2LJ5-alt-66_assembled/2LJ5-alt-99_assembled/2LJ5-alt-240_assembled/2LJ5-alt-254_assembled/2LJ5-alt-268_assembled/2LJ5-alt-283_assembled/2LJ5-alt-297_assembled/2LJ5-alt-296_assembled/2LJ5-alt-282_assembled/2LJ5-alt-269_assembled/2LJ5-alt-255_assembled/2LJ5-alt-241_assembled/2LJ5-alt-98_assembled/2LJ5-alt-67_assembled/2LJ5-alt-73_assembled/2LJ5-alt-123_assembled/2LJ5-alt-137_assembled/2LJ5-alt-77_assembled/2LJ5-alt-63_assembled/2LJ5-alt-133_assembled/2LJ5-alt-127_assembled/2LJ5-alt-88_assembled/2LJ5-alt-279_assembled/2LJ5-alt-245_assembled/2LJ5-alt-251_assembled/2LJ5-alt-286_assembled/2LJ5-alt-292_assembled/2LJ5-alt-293_assembled/2LJ5-alt-287_assembled/2LJ5-alt-250_assembled/2LJ5-alt-244_assembled/2LJ5-alt-278_assembled/2LJ5-alt-89_assembled/2LJ5-alt-126_assembled/2LJ5-alt-132_assembled/2LJ5-alt-62_assembled/2LJ5-alt-76_assembled/2LJ5-alt-60_assembled/2LJ5-alt-118_assembled/2LJ5-alt-74_assembled/2LJ5-alt-124_assembled/2LJ5-alt-48_assembled/2LJ5-alt-130_assembled/2LJ5-alt-252_assembled/2LJ5-alt-246_assembled/2LJ5-alt-291_assembled/2LJ5-alt-285_assembled/2LJ5-alt-284_assembled/2LJ5-alt-290_assembled/2LJ5-alt-247_assembled/2LJ5-alt-253_assembled/2LJ5-alt-131_assembled/2LJ5-alt-49_assembled/2LJ5-alt-125_assembled/2LJ5-alt-75_assembled/2LJ5-alt-119_assembled/2LJ5-alt-61_assembled,64.20577625896581
28,27,A,0.0,P62987,9.68,/2LJ5-alt-78_assembled/2LJ5-alt-100_assembled/2LJ5-alt-114_assembled/2LJ5-alt-44_assembled/2LJ5-alt-50_assembled/2LJ5-alt-128_assembled/2LJ5-alt-87_assembled/2LJ5-alt-93_assembled/2LJ5-alt-276_assembled/2LJ5-alt-262_assembled/2LJ5-alt-289_assembled/2LJ5-alt-288_assembled/2LJ5-alt-263_assembled/2LJ5-alt-277_assembled/2LJ5-alt-92_assembled/2LJ5-alt-86_assembled/2LJ5-alt-129_assembled/2LJ5-alt-51_assembled/2LJ5-alt-45_assembled/2LJ5-alt-115_assembled/2LJ5-alt-101_assembled/2LJ5-alt-79_assembled/2LJ5-alt-117_assembled/2LJ5-alt-103_assembled/2LJ5-alt-53_assembled/2LJ5-alt-47_assembled/2LJ5-alt-90_assembled/2LJ5-alt-84_assembled/2LJ5-alt-301_assembled/2LJ5-alt-261_assembled/2LJ5-alt-275_assembled/2LJ5-alt-249_assembled/2LJ5-alt-248_assembled/2LJ5-alt-274_assembled/2LJ5-alt-260_assembled/2LJ5-alt-300_assembled/2LJ5-alt-85_assembled/2LJ5-alt-91_assembled/2LJ5-alt-46_assembled/2LJ5-alt-52_assembled/2LJ5-alt-102_assembled/2LJ5-alt-116_assembled/2LJ5-alt-56_assembled/2LJ5-alt-42_assembled/2LJ5-alt-112_assembled/2LJ5-alt-106_assembled/2LJ5-alt-95_assembled/2LJ5-alt-81_assembled/2LJ5-alt-258_assembled/2LJ5-alt-264_assembled/2LJ5-alt-270_assembled/2LJ5-alt-271_assembled/2LJ5-alt-265_assembled/2LJ5-alt-259_assembled/2LJ5-alt-80_assembled/2LJ5-alt-94_assembled/2LJ5-alt-107_assembled/2LJ5-alt-113_assembled/2LJ5-alt-43_assembled/2LJ5-alt-57_assembled/2LJ5-alt-139_assembled/2LJ5-alt-41_assembled/2LJ5-alt-55_assembled/2LJ5-alt-105_assembled/2LJ5-alt-111_assembled/2LJ5-alt-69_assembled/2LJ5-alt-82_assembled/2LJ5-alt-96_assembled/2LJ5-alt-273_assembled/2LJ5-alt-267_assembled/2LJ5-alt-298_assembled/2LJ5-alt-299_assembled/2LJ5-alt-266_assembled/2LJ5-alt-272_assembled/2LJ5-alt-97_assembled/2LJ5-alt-83_assembled/2LJ5-alt-68_assembled/2LJ5-alt-110_assembled/2LJ5-alt-104_assembled/2LJ5-alt-54_assembled/2LJ5-alt-40_assembled/2LJ5-alt-138_assembled/2LJ5-alt-163_assembled/2LJ5-alt-177_assembled/2LJ5-alt-27_assembled/2LJ5-alt-33_assembled/2LJ5-alt-188_assembled/2LJ5-alt-215_assembled/2LJ5-alt-201_assembled/2LJ5-alt-229_assembled/2LJ5-alt-3_assembled/2LJ5-alt-2_assembled/2LJ5-alt-228_assembled/2LJ5-alt-200_assembled/2LJ5-alt-214_assembled/2LJ5-alt-189_assembled/2LJ5-alt-32_assembled/2LJ5-alt-26_assembled/2LJ5-alt-176_assembled/2LJ5-alt-162_assembled/2LJ5-alt-174_assembled/2LJ5-alt-160_assembled/2LJ5-alt-18_assembled/2LJ5-alt-148_assembled/2LJ5-alt-30_assembled/2LJ5-alt-24_assembled/2LJ5-alt-202_assembled/2LJ5-alt-216_assembled/2LJ5-alt-1_assembled/2LJ5-alt-217_assembled/2LJ5-alt-203_assembled/2LJ5-alt-25_assembled/2LJ5-alt-31_assembled/2LJ5-alt-149_assembled/2LJ5-alt-19_assembled/2LJ5-alt-161_assembled/2LJ5-alt-175_assembled/2LJ5-alt-35_assembled/2LJ5-alt-21_assembled/2LJ5-alt-159_assembled/2LJ5-alt-171_assembled/2LJ5-alt-165_assembled/2LJ5-alt-207_assembled/2LJ5-alt-213_assembled/2LJ5-alt-5_assembled/2LJ5-alt-4_assembled/2LJ5-alt-212_assembled/2LJ5-alt-206_assembled/2LJ5-alt-164_assembled/2LJ5-alt-170_assembled/2LJ5-alt-158_assembled/2LJ5-alt-20_assembled/2LJ5-alt-34_assembled/2LJ5-alt-22_assembled/2LJ5-alt-36_assembled/2LJ5-alt-166_assembled/2LJ5-alt-172_assembled/2LJ5-alt-199_assembled/2LJ5-alt-238_assembled/2LJ5-alt-210_assembled/2LJ5-alt-204_assembled/2LJ5-alt-6_assembled/2LJ5-alt-7_assembled/2LJ5-alt-205_assembled/2LJ5-alt-211_assembled/2LJ5-alt-239_assembled/2LJ5-alt-198_assembled/2LJ5-alt-173_assembled/2LJ5-alt-167_assembled/2LJ5-alt-37_assembled/2LJ5-alt-23_assembled/2LJ5-alt-142_assembled/2LJ5-alt-156_assembled/2LJ5-alt-12_assembled/2LJ5-alt-181_assembled/2LJ5-alt-195_assembled/2LJ5-alt-234_assembled/2LJ5-alt-220_assembled/2LJ5-alt-208_assembled/2LJ5-alt-209_assembled/2LJ5-alt-221_assembled/2LJ5-alt-235_assembled/2LJ5-alt-194_assembled/2LJ5-alt-180_assembled/2LJ5-alt-13_assembled/2LJ5-alt-157_assembled/2LJ5-alt-143_assembled/2LJ5-alt-155_assembled/2LJ5-alt-39_assembled/2LJ5-alt-141_assembled/2LJ5-alt-11_assembled/2LJ5-alt-169_assembled/2LJ5-alt-196_assembled/2LJ5-alt-182_assembled/2LJ5-alt-223_assembled/2LJ5-alt-237_assembled/2LJ5-alt-9_assembled/2LJ5-alt-8_assembled/2LJ5-alt-236_assembled/2LJ5-alt-222_assembled/2LJ5-alt-183_assembled/2LJ5-alt-197_assembled/2LJ5-alt-168_assembled/2LJ5-alt-10_assembled/2LJ5-alt-140_assembled/2LJ5-alt-38_assembled/2LJ5-alt-154_assembled/2LJ5-alt-14_assembled/2LJ5-alt-178_assembled/2LJ5-alt-150_assembled/2LJ5-alt-28_assembled/2LJ5-alt-144_assembled/2LJ5-alt-193_assembled/2LJ5-alt-187_assembled/2LJ5-alt-226_assembled/2LJ5-alt-232_assembled/2LJ5-alt-233_assembled/2LJ5-alt-227_assembled/2LJ5-alt-186_assembled/2LJ5-alt-192_assembled/2LJ5-alt-145_assembled/2LJ5-alt-29_assembled/2LJ5-alt-151_assembled/2LJ5-alt-179_assembled/2LJ5-alt-15_assembled/2LJ5-alt-17_assembled/2LJ5-alt-147_assembled/2LJ5-alt-153_assembled/2LJ5-alt-184_assembled/2LJ5-alt-190_assembled/2LJ5-alt-219_assembled/2LJ5-alt-231_assembled/2LJ5-alt-225_assembled/2LJ5-alt-224_assembled/2LJ5-alt-230_assembled/2LJ5-alt-218_assembled/2LJ5-alt-191_assembled/2LJ5-alt-185_assembled/2LJ5-alt-152_assembled/2LJ5-alt-146_assembled/2LJ5-alt-16_assembled/2LJ5-alt-121_assembled/2LJ5-alt-59_assembled/2LJ5-alt-135_assembled/2LJ5-alt-65_assembled/2LJ5-alt-109_assembled/2LJ5-alt-71_assembled/2LJ5-alt-257_assembled/2LJ5-alt-243_assembled/2LJ5-alt-294_assembled/2LJ5-alt-280_assembled/2LJ5-alt-281_assembled/2LJ5-alt-295_assembled/2LJ5-alt-242_assembled/2LJ5-alt-256_assembled/2LJ5-alt-70_assembled/2LJ5-alt-108_assembled/2LJ5-alt-64_assembled/2LJ5-alt-134_assembled/2LJ5-alt-58_assembled/2LJ5-alt-120_assembled/2LJ5-alt-136_assembled/2LJ5-alt-122_assembled/2LJ5-alt-72_assembled/2LJ5-alt-66_assembled/2LJ5-alt-99_assembled/2LJ5-alt-240_assembled/2LJ5-alt-254_assembled/2LJ5-alt-268_assembled/2LJ5-alt-283_assembled/2LJ5-alt-297_assembled/2LJ5-alt-296_assembled/2LJ5-alt-282_assembled/2LJ5-alt-269_assembled/2LJ5-alt-255_assembled/2LJ5-alt-241_assembled/2LJ5-alt-98_assembled/2LJ5-alt-67_assembled/2LJ5-alt-73_assembled/2LJ5-alt-123_assembled/2LJ5-alt-137_assembled/2LJ5-alt-77_assembled/2LJ5-alt-63_assembled/2LJ5-alt-133_assembled/2LJ5-alt-127_assembled/2LJ5-alt-88_assembled/2LJ5-alt-279_assembled/2LJ5-alt-245_assembled/2LJ5-alt-251_assembled/2LJ5-alt-286_assembled/2LJ5-alt-292_assembled/2LJ5-alt-293_assembled/2LJ5-alt-287_assembled/2LJ5-alt-250_assembled/2LJ5-alt-244_assembled/2LJ5-alt-278_assembled/2LJ5-alt-89_assembled/2LJ5-alt-126_assembled/2LJ5-alt-132_assembled/2LJ5-alt-62_assembled/2LJ5-alt-76_assembled/2LJ5-alt-60_assembled/2LJ5-alt-118_assembled/2LJ5-alt-74_assembled/2LJ5-alt-124_assembled/2LJ5-alt-48_assembled/2LJ5-alt-130_assembled/2LJ5-alt-252_assembled/2LJ5-alt-246_assembled/2LJ5-alt-291_assembled/2LJ5-alt-285_assembled/2LJ5-alt-284_assembled/2LJ5-alt-290_assembled/2LJ5-alt-247_assembled/2LJ5-alt-253_assembled/2LJ5-alt-131_assembled/2LJ5-alt-49_assembled/2LJ5-alt-125_assembled/2LJ5-alt-75_assembled/2LJ5-alt-119_assembled/2LJ5-alt-61_assembled,27.612505029951894
29,29,A,0.0,P62987,10.12,/2LJ5-alt-78_assembled/2LJ5-alt-100_assembled/2LJ5-alt-114_assembled/2LJ5-alt-44_assembled/2LJ5-alt-50_assembled/2LJ5-alt-128_assembled/2LJ5-alt-87_assembled/2LJ5-alt-93_assembled/2LJ5-alt-276_assembled/2LJ5-alt-262_assembled/2LJ5-alt-289_assembled/2LJ5-alt-288_assembled/2LJ5-alt-263_assembled/2LJ5-alt-277_assembled/2LJ5-alt-92_assembled/2LJ5-alt-86_assembled/2LJ5-alt-129_assembled/2LJ5-alt-51_assembled/2LJ5-alt-45_assembled/2LJ5-alt-115_assembled/2LJ5-alt-101_assembled/2LJ5-alt-79_assembled/2LJ5-alt-117_assembled/2LJ5-alt-103_assembled/2LJ5-alt-53_assembled/2LJ5-alt-47_assembled/2LJ5-alt-90_assembled/2LJ5-alt-84_assembled/2LJ5-alt-301_assembled/2LJ5-alt-261_assembled/2LJ5-alt-275_assembled/2LJ5-alt-249_assembled/2LJ5-alt-248_assembled/2LJ5-alt-274_assembled/2LJ5-alt-260_assembled/2LJ5-alt-300_assembled/2LJ5-alt-85_assembled/2LJ5-alt-91_assembled/2LJ5-alt-46_assembled/2LJ5-alt-52_assembled/2LJ5-alt-102_assembled/2LJ5-alt-116_assembled/2LJ5-alt-56_assembled/2LJ5-alt-42_assembled/2LJ5-alt-112_assembled/2LJ5-alt-106_assembled/2LJ5-alt-95_assembled/2LJ5-alt-81_assembled/2LJ5-alt-258_assembled/2LJ5-alt-264_assembled/2LJ5-alt-270_assembled/2LJ5-alt-271_assembled/2LJ5-alt-265_assembled/2LJ5-alt-259_assembled/2LJ5-alt-80_assembled/2LJ5-alt-94_assembled/2LJ5-alt-107_assembled/2LJ5-alt-113_assembled/2LJ5-alt-43_assembled/2LJ5-alt-57_assembled/2LJ5-alt-139_assembled/2LJ5-alt-41_assembled/2LJ5-alt-55_assembled/2LJ5-alt-105_assembled/2LJ5-alt-111_assembled/2LJ5-alt-69_assembled/2LJ5-alt-82_assembled/2LJ5-alt-96_assembled/2LJ5-alt-273_assembled/2LJ5-alt-267_assembled/2LJ5-alt-298_assembled/2LJ5-alt-299_assembled/2LJ5-alt-266_assembled/2LJ5-alt-272_assembled/2LJ5-alt-97_assembled/2LJ5-alt-83_assembled/2LJ5-alt-68_assembled/2LJ5-alt-110_assembled/2LJ5-alt-104_assembled/2LJ5-alt-54_assembled/2LJ5-alt-40_assembled/2LJ5-alt-138_assembled/2LJ5-alt-163_assembled/2LJ5-alt-177_assembled/2LJ5-alt-27_assembled/2LJ5-alt-33_assembled/2LJ5-alt-188_assembled/2LJ5-alt-215_assembled/2LJ5-alt-201_assembled/2LJ5-alt-229_assembled/2LJ5-alt-3_assembled/2LJ5-alt-2_assembled/2LJ5-alt-228_assembled/2LJ5-alt-200_assembled/2LJ5-alt-214_assembled/2LJ5-alt-189_assembled/2LJ5-alt-32_assembled/2LJ5-alt-26_assembled/2LJ5-alt-176_assembled/2LJ5-alt-162_assembled/2LJ5-alt-174_assembled/2LJ5-alt-160_assembled/2LJ5-alt-18_assembled/2LJ5-alt-148_assembled/2LJ5-alt-30_assembled/2LJ5-alt-24_assembled/2LJ5-alt-202_assembled/2LJ5-alt-216_assembled/2LJ5-alt-1_assembled/2LJ5-alt-217_assembled/2LJ5-alt-203_assembled/2LJ5-alt-25_assembled/2LJ5-alt-31_assembled/2LJ5-alt-149_assembled/2LJ5-alt-19_assembled/2LJ5-alt-161_assembled/2LJ5-alt-175_assembled/2LJ5-alt-35_assembled/2LJ5-alt-21_assembled/2LJ5-alt-159_assembled/2LJ5-alt-171_assembled/2LJ5-alt-165_assembled/2LJ5-alt-207_assembled/2LJ5-alt-213_assembled/2LJ5-alt-5_assembled/2LJ5-alt-4_assembled/2LJ5-alt-212_assembled/2LJ5-alt-206_assembled/2LJ5-alt-164_assembled/2LJ5-alt-170_assembled/2LJ5-alt-158_assembled/2LJ5-alt-20_assembled/2LJ5-alt-34_assembled/2LJ5-alt-22_assembled/2LJ5-alt-36_assembled/2LJ5-alt-166_assembled/2LJ5-alt-172_assembled/2LJ5-alt-199_assembled/2LJ5-alt-238_assembled/2LJ5-alt-210_assembled/2LJ5-alt-204_assembled/2LJ5-alt-6_assembled/2LJ5-alt-7_assembled/2LJ5-alt-205_assembled/2LJ5-alt-211_assembled/2LJ5-alt-239_assembled/2LJ5-alt-198_assembled/2LJ5-alt-173_assembled/2LJ5-alt-167_assembled/2LJ5-alt-37_assembled/2LJ5-alt-23_assembled/2LJ5-alt-142_assembled/2LJ5-alt-156_assembled/2LJ5-alt-12_assembled/2LJ5-alt-181_assembled/2LJ5-alt-195_assembled/2LJ5-alt-234_assembled/2LJ5-alt-220_assembled/2LJ5-alt-208_assembled/2LJ5-alt-209_assembled/2LJ5-alt-221_assembled/2LJ5-alt-235_assembled/2LJ5-alt-194_assembled/2LJ5-alt-180_assembled/2LJ5-alt-13_assembled/2LJ5-alt-157_assembled/2LJ5-alt-143_assembled/2LJ5-alt-155_assembled/2LJ5-alt-39_assembled/2LJ5-alt-141_assembled/2LJ5-alt-11_assembled/2LJ5-alt-169_assembled/2LJ5-alt-196_assembled/2LJ5-alt-182_assembled/2LJ5-alt-223_assembled/2LJ5-alt-237_assembled/2LJ5-alt-9_assembled/2LJ5-alt-8_assembled/2LJ5-alt-236_assembled/2LJ5-alt-222_assembled/2LJ5-alt-183_assembled/2LJ5-alt-197_assembled/2LJ5-alt-168_assembled/2LJ5-alt-10_assembled/2LJ5-alt-140_assembled/2LJ5-alt-38_assembled/2LJ5-alt-154_assembled/2LJ5-alt-14_assembled/2LJ5-alt-178_assembled/2LJ5-alt-150_assembled/2LJ5-alt-28_assembled/2LJ5-alt-144_assembled/2LJ5-alt-193_assembled/2LJ5-alt-187_assembled/2LJ5-alt-226_assembled/2LJ5-alt-232_assembled/2LJ5-alt-233_assembled/2LJ5-alt-227_assembled/2LJ5-alt-186_assembled/2LJ5-alt-192_assembled/2LJ5-alt-145_assembled/2LJ5-alt-29_assembled/2LJ5-alt-151_assembled/2LJ5-alt-179_assembled/2LJ5-alt-15_assembled/2LJ5-alt-17_assembled/2LJ5-alt-147_assembled/2LJ5-alt-153_assembled/2LJ5-alt-184_assembled/2LJ5-alt-190_assembled/2LJ5-alt-219_assembled/2LJ5-alt-231_assembled/2LJ5-alt-225_assembled/2LJ5-alt-224_assembled/2LJ5-alt-230_assembled/2LJ5-alt-218_assembled/2LJ5-alt-191_assembled/2LJ5-alt-185_assembled/2LJ5-alt-152_assembled/2LJ5-alt-146_assembled/2LJ5-alt-16_assembled/2LJ5-alt-121_assembled/2LJ5-alt-59_assembled/2LJ5-alt-135_assembled/2LJ5-alt-65_assembled/2LJ5-alt-109_assembled/2LJ5-alt-71_assembled/2LJ5-alt-257_assembled/2LJ5-alt-243_assembled/2LJ5-alt-294_assembled/2LJ5-alt-280_assembled/2LJ5-alt-281_assembled/2LJ5-alt-295_assembled/2LJ5-alt-242_assembled/2LJ5-alt-256_assembled/2LJ5-alt-70_assembled/2LJ5-alt-108_assembled/2LJ5-alt-64_assembled/2LJ5-alt-134_assembled/2LJ5-alt-58_assembled/2LJ5-alt-120_assembled/2LJ5-alt-136_assembled/2LJ5-alt-122_assembled/2LJ5-alt-72_assembled/2LJ5-alt-66_assembled/2LJ5-alt-99_assembled/2LJ5-alt-240_assembled/2LJ5-alt-254_assembled/2LJ5-alt-268_assembled/2LJ5-alt-283_assembled/2LJ5-alt-297_assembled/2LJ5-alt-296_assembled/2LJ5-alt-282_assembled/2LJ5-alt-269_assembled/2LJ5-alt-255_assembled/2LJ5-alt-241_assembled/2LJ5-alt-98_assembled/2LJ5-alt-67_assembled/2LJ5-alt-73_assembled/2LJ5-alt-123_assembled/2LJ5-alt-137_assembled/2LJ5-alt-77_assembled/2LJ5-alt-63_assembled/2LJ5-alt-133_assembled/2LJ5-alt-127_assembled/2LJ5-alt-88_assembled/2LJ5-alt-279_assembled/2LJ5-alt-245_assembled/2LJ5-alt-251_assembled/2LJ5-alt-286_assembled/2LJ5-alt-292_assembled/2LJ5-alt-293_assembled/2LJ5-alt-287_assembled/2LJ5-alt-250_assembled/2LJ5-alt-244_assembled/2LJ5-alt-278_assembled/2LJ5-alt-89_assembled/2LJ5-alt-126_assembled/2LJ5-alt-132_assembled/2LJ5-alt-62_assembled/2LJ5-alt-76_assembled/2LJ5-alt-60_assembled/2LJ5-alt-118_assembled/2LJ5-alt-74_assembled/2LJ5-alt-124_assembled/2LJ5-alt-48_assembled/2LJ5-alt-130_assembled/2LJ5-alt-252_assembled/2LJ5-alt-246_assembled/2LJ5-alt-291_assembled/2LJ5-alt-285_assembled/2LJ5-alt-284_assembled/2LJ5-alt-290_assembled/2LJ5-alt-247_assembled/2LJ5-alt-253_assembled/2LJ5-alt-131_assembled/2LJ5-alt-49_assembled/2LJ5-alt-125_assembled/2LJ5-alt-75_assembled/2LJ5-alt-119_assembled/2LJ5-alt-61_assembled,46.37828514739493
30,33,A,0.0,P62987,10.15,/2LJ5-alt-78_assembled/2LJ5-alt-100_assembled/2LJ5-alt-114_assembled/2LJ5-alt-44_assembled/2LJ5-alt-50_assembled/2LJ5-alt-128_assembled/2LJ5-alt-87_assembled/2LJ5-alt-93_assembled/2LJ5-alt-276_assembled/2LJ5-alt-262_assembled/2LJ5-alt-289_assembled/2LJ5-alt-288_assembled/2LJ5-alt-263_assembled/2LJ5-alt-277_assembled/2LJ5-alt-92_assembled/2LJ5-alt-86_assembled/2LJ5-alt-129_assembled/2LJ5-alt-51_assembled/2LJ5-alt-45_assembled/2LJ5-alt-115_assembled/2LJ5-alt-101_assembled/2LJ5-alt-79_assembled/2LJ5-alt-117_assembled/2LJ5-alt-103_assembled/2LJ5-alt-53_assembled/2LJ5-alt-47_assembled/2LJ5-alt-90_assembled/2LJ5-alt-84_assembled/2LJ5-alt-301_assembled/2LJ5-alt-261_assembled/2LJ5-alt-275_assembled/2LJ5-alt-249_assembled/2LJ5-alt-248_assembled/2LJ5-alt-274_assembled/2LJ5-alt-260_assembled/2LJ5-alt-300_assembled/2LJ5-alt-85_assembled/2LJ5-alt-91_assembled/2LJ5-alt-46_assembled/2LJ5-alt-52_assembled/2LJ5-alt-102_assembled/2LJ5-alt-116_assembled/2LJ5-alt-56_assembled/2LJ5-alt-42_assembled/2LJ5-alt-112_assembled/2LJ5-alt-106_assembled/2LJ5-alt-95_assembled/2LJ5-alt-81_assembled/2LJ5-alt-258_assembled/2LJ5-alt-264_assembled/2LJ5-alt-270_assembled/2LJ5-alt-271_assembled/2LJ5-alt-265_assembled/2LJ5-alt-259_assembled/2LJ5-alt-80_assembled/2LJ5-alt-94_assembled/2LJ5-alt-107_assembled/2LJ5-alt-113_assembled/2LJ5-alt-43_assembled/2LJ5-alt-57_assembled/2LJ5-alt-139_assembled/2LJ5-alt-41_assembled/2LJ5-alt-55_assembled/2LJ5-alt-105_assembled/2LJ5-alt-111_assembled/2LJ5-alt-69_assembled/2LJ5-alt-82_assembled/2LJ5-alt-96_assembled/2LJ5-alt-273_assembled/2LJ5-alt-267_assembled/2LJ5-alt-298_assembled/2LJ5-alt-299_assembled/2LJ5-alt-266_assembled/2LJ5-alt-272_assembled/2LJ5-alt-97_assembled/2LJ5-alt-83_assembled/2LJ5-alt-68_assembled/2LJ5-alt-110_assembled/2LJ5-alt-104_assembled/2LJ5-alt-54_assembled/2LJ5-alt-40_assembled/2LJ5-alt-138_assembled/2LJ5-alt-163_assembled/2LJ5-alt-177_assembled/2LJ5-alt-27_assembled/2LJ5-alt-33_assembled/2LJ5-alt-188_assembled/2LJ5-alt-215_assembled/2LJ5-alt-201_assembled/2LJ5-alt-229_assembled/2LJ5-alt-3_assembled/2LJ5-alt-2_assembled/2LJ5-alt-228_assembled/2LJ5-alt-200_assembled/2LJ5-alt-214_assembled/2LJ5-alt-189_assembled/2LJ5-alt-32_assembled/2LJ5-alt-26_assembled/2LJ5-alt-176_assembled/2LJ5-alt-162_assembled/2LJ5-alt-174_assembled/2LJ5-alt-160_assembled/2LJ5-alt-18_assembled/2LJ5-alt-148_assembled/2LJ5-alt-30_assembled/2LJ5-alt-24_assembled/2LJ5-alt-202_assembled/2LJ5-alt-216_assembled/2LJ5-alt-1_assembled/2LJ5-alt-217_assembled/2LJ5-alt-203_assembled/2LJ5-alt-25_assembled/2LJ5-alt-31_assembled/2LJ5-alt-149_assembled/2LJ5-alt-19_assembled/2LJ5-alt-161_assembled/2LJ5-alt-175_assembled/2LJ5-alt-35_assembled/2LJ5-alt-21_assembled/2LJ5-alt-159_assembled/2LJ5-alt-171_assembled/2LJ5-alt-165_assembled/2LJ5-alt-207_assembled/2LJ5-alt-213_assembled/2LJ5-alt-5_assembled/2LJ5-alt-4_assembled/2LJ5-alt-212_assembled/2LJ5-alt-206_assembled/2LJ5-alt-164_assembled/2LJ5-alt-170_assembled/2LJ5-alt-158_assembled/2LJ5-alt-20_assembled/2LJ5-alt-34_assembled/2LJ5-alt-22_assembled/2LJ5-alt-36_assembled/2LJ5-alt-166_assembled/2LJ5-alt-172_assembled/2LJ5-alt-199_assembled/2LJ5-alt-238_assembled/2LJ5-alt-210_assembled/2LJ5-alt-204_assembled/2LJ5-alt-6_assembled/2LJ5-alt-7_assembled/2LJ5-alt-205_assembled/2LJ5-alt-211_assembled/2LJ5-alt-239_assembled/2LJ5-alt-198_assembled/2LJ5-alt-173_assembled/2LJ5-alt-167_assembled/2LJ5-alt-37_assembled/2LJ5-alt-23_assembled/2LJ5-alt-142_assembled/2LJ5-alt-156_assembled/2LJ5-alt-12_assembled/2LJ5-alt-181_assembled/2LJ5-alt-195_assembled/2LJ5-alt-234_assembled/2LJ5-alt-220_assembled/2LJ5-alt-208_assembled/2LJ5-alt-209_assembled/2LJ5-alt-221_assembled/2LJ5-alt-235_assembled/2LJ5-alt-194_assembled/2LJ5-alt-180_assembled/2LJ5-alt-13_assembled/2LJ5-alt-157_assembled/2LJ5-alt-143_assembled/2LJ5-alt-155_assembled/2LJ5-alt-39_assembled/2LJ5-alt-141_assembled/2LJ5-alt-11_assembled/2LJ5-alt-169_assembled/2LJ5-alt-196_assembled/2LJ5-alt-182_assembled/2LJ5-alt-223_assembled/2LJ5-alt-237_assembled/2LJ5-alt-9_assembled/2LJ5-alt-8_assembled/2LJ5-alt-236_assembled/2LJ5-alt-222_assembled/2LJ5-alt-183_assembled/2LJ5-alt-197_assembled/2LJ5-alt-168_assembled/2LJ5-alt-10_assembled/2LJ5-alt-140_assembled/2LJ5-alt-38_assembled/2LJ5-alt-154_assembled/2LJ5-alt-14_assembled/2LJ5-alt-178_assembled/2LJ5-alt-150_assembled/2LJ5-alt-28_assembled/2LJ5-alt-144_assembled/2LJ5-alt-193_assembled/2LJ5-alt-187_assembled/2LJ5-alt-226_assembled/2LJ5-alt-232_assembled/2LJ5-alt-233_assembled/2LJ5-alt-227_assembled/2LJ5-alt-186_assembled/2LJ5-alt-192_assembled/2LJ5-alt-145_assembled/2LJ5-alt-29_assembled/2LJ5-alt-151_assembled/2LJ5-alt-179_assembled/2LJ5-alt-15_assembled/2LJ5-alt-17_assembled/2LJ5-alt-147_assembled/2LJ5-alt-153_assembled/2LJ5-alt-184_assembled/2LJ5-alt-190_assembled/2LJ5-alt-219_assembled/2LJ5-alt-231_assembled/2LJ5-alt-225_assembled/2LJ5-alt-224_assembled/2LJ5-alt-230_assembled/2LJ5-alt-218_assembled/2LJ5-alt-191_assembled/2LJ5-alt-185_assembled/2LJ5-alt-152_assembled/2LJ5-alt-146_assembled/2LJ5-alt-16_assembled/2LJ5-alt-121_assembled/2LJ5-alt-59_assembled/2LJ5-alt-135_assembled/2LJ5-alt-65_assembled/2LJ5-alt-109_assembled/2LJ5-alt-71_assembled/2LJ5-alt-257_assembled/2LJ5-alt-243_assembled/2LJ5-alt-294_assembled/2LJ5-alt-280_assembled/2LJ5-alt-281_assembled/2LJ5-alt-295_assembled/2LJ5-alt-242_assembled/2LJ5-alt-256_assembled/2LJ5-alt-70_assembled/2LJ5-alt-108_assembled/2LJ5-alt-64_assembled/2LJ5-alt-134_assembled/2LJ5-alt-58_assembled/2LJ5-alt-120_assembled/2LJ5-alt-136_assembled/2LJ5-alt-122_assembled/2LJ5-alt-72_assembled/2LJ5-alt-66_assembled/2LJ5-alt-99_assembled/2LJ5-alt-240_assembled/2LJ5-alt-254_assembled/2LJ5-alt-268_assembled/2LJ5-alt-283_assembled/2LJ5-alt-297_assembled/2LJ5-alt-296_assembled/2LJ5-alt-282_assembled/2LJ5-alt-269_assembled/2LJ5-alt-255_assembled/2LJ5-alt-241_assembled/2LJ5-alt-98_assembled/2LJ5-alt-67_assembled/2LJ5-alt-73_assembled/2LJ5-alt-123_assembled/2LJ5-alt-137_assembled/2LJ5-alt-77_assembled/2LJ5-alt-63_assembled/2LJ5-alt-133_assembled/2LJ5-alt-127_assembled/2LJ5-alt-88_assembled/2LJ5-alt-279_assembled/2LJ5-alt-245_assembled/2LJ5-alt-251_assembled/2LJ5-alt-286_assembled/2LJ5-alt-292_assembled/2LJ5-alt-293_assembled/2LJ5-alt-287_assembled/2LJ5-alt-250_assembled/2LJ5-alt-244_assembled/2LJ5-alt-278_assembled/2LJ5-alt-89_assembled/2LJ5-alt-126_assembled/2LJ5-alt-132_assembled/2LJ5-alt-62_assembled/2LJ5-alt-76_assembled/2LJ5-alt-60_assembled/2LJ5-alt-118_assembled/2LJ5-alt-74_assembled/2LJ5-alt-124_assembled/2LJ5-alt-48_assembled/2LJ5-alt-130_assembled/2LJ5-alt-252_assembled/2LJ5-alt-246_assembled/2LJ5-alt-291_assembled/2LJ5-alt-285_assembled/2LJ5-alt-284_assembled/2LJ5-alt-290_assembled/2LJ5-alt-247_assembled/2LJ5-alt-253_assembled/2LJ5-alt-131_assembled/2LJ5-alt-49_assembled/2LJ5-alt-125_assembled/2LJ5-alt-75_assembled/2LJ5-alt-119_assembled/2LJ5-alt-61_assembled,43.429376843225306
31,48,A,0.0,P62987,9.84,/2LJ5-alt-78_assembled/2LJ5-alt-100_assembled/2LJ5-alt-114_assembled/2LJ5-alt-44_assembled/2LJ5-alt-50_assembled/2LJ5-alt-128_assembled/2LJ5-alt-87_assembled/2LJ5-alt-93_assembled/2LJ5-alt-276_assembled/2LJ5-alt-262_assembled/2LJ5-alt-289_assembled/2LJ5-alt-288_assembled/2LJ5-alt-263_assembled/2LJ5-alt-277_assembled/2LJ5-alt-92_assembled/2LJ5-alt-86_assembled/2LJ5-alt-129_assembled/2LJ5-alt-51_assembled/2LJ5-alt-45_assembled/2LJ5-alt-115_assembled/2LJ5-alt-101_assembled/2LJ5-alt-79_assembled/2LJ5-alt-117_assembled/2LJ5-alt-103_assembled/2LJ5-alt-53_assembled/2LJ5-alt-47_assembled/2LJ5-alt-90_assembled/2LJ5-alt-84_assembled/2LJ5-alt-301_assembled/2LJ5-alt-261_assembled/2LJ5-alt-275_assembled/2LJ5-alt-249_assembled/2LJ5-alt-248_assembled/2LJ5-alt-274_assembled/2LJ5-alt-260_assembled/2LJ5-alt-300_assembled/2LJ5-alt-85_assembled/2LJ5-alt-91_assembled/2LJ5-alt-46_assembled/2LJ5-alt-52_assembled/2LJ5-alt-102_assembled/2LJ5-alt-116_assembled/2LJ5-alt-56_assembled/2LJ5-alt-42_assembled/2LJ5-alt-112_assembled/2LJ5-alt-106_assembled/2LJ5-alt-95_assembled/2LJ5-alt-81_assembled/2LJ5-alt-258_assembled/2LJ5-alt-264_assembled/2LJ5-alt-270_assembled/2LJ5-alt-271_assembled/2LJ5-alt-265_assembled/2LJ5-alt-259_assembled/2LJ5-alt-80_assembled/2LJ5-alt-94_assembled/2LJ5-alt-107_assembled/2LJ5-alt-113_assembled/2LJ5-alt-43_assembled/2LJ5-alt-57_assembled/2LJ5-alt-139_assembled/2LJ5-alt-41_assembled/2LJ5-alt-55_assembled/2LJ5-alt-105_assembled/2LJ5-alt-111_assembled/2LJ5-alt-69_assembled/2LJ5-alt-82_assembled/2LJ5-alt-96_assembled/2LJ5-alt-273_assembled/2LJ5-alt-267_assembled/2LJ5-alt-298_assembled/2LJ5-alt-299_assembled/2LJ5-alt-266_assembled/2LJ5-alt-272_assembled/2LJ5-alt-97_assembled/2LJ5-alt-83_assembled/2LJ5-alt-68_assembled/2LJ5-alt-110_assembled/2LJ5-alt-104_assembled/2LJ5-alt-54_assembled/2LJ5-alt-40_assembled/2LJ5-alt-138_assembled/2LJ5-alt-163_assembled/2LJ5-alt-177_assembled/2LJ5-alt-27_assembled/2LJ5-alt-33_assembled/2LJ5-alt-188_assembled/2LJ5-alt-215_assembled/2LJ5-alt-201_assembled/2LJ5-alt-229_assembled/2LJ5-alt-3_assembled/2LJ5-alt-2_assembled/2LJ5-alt-228_assembled/2LJ5-alt-200_assembled/2LJ5-alt-214_assembled/2LJ5-alt-189_assembled/2LJ5-alt-32_assembled/2LJ5-alt-26_assembled/2LJ5-alt-176_assembled/2LJ5-alt-162_assembled/2LJ5-alt-174_assembled/2LJ5-alt-160_assembled/2LJ5-alt-18_assembled/2LJ5-alt-148_assembled/2LJ5-alt-30_assembled/2LJ5-alt-24_assembled/2LJ5-alt-202_assembled/2LJ5-alt-216_assembled/2LJ5-alt-1_assembled/2LJ5-alt-217_assembled/2LJ5-alt-203_assembled/2LJ5-alt-25_assembled/2LJ5-alt-31_assembled/2LJ5-alt-149_assembled/2LJ5-alt-19_assembled/2LJ5-alt-161_assembled/2LJ5-alt-175_assembled/2LJ5-alt-35_assembled/2LJ5-alt-21_assembled/2LJ5-alt-159_assembled/2LJ5-alt-171_assembled/2LJ5-alt-165_assembled/2LJ5-alt-207_assembled/2LJ5-alt-213_assembled/2LJ5-alt-5_assembled/2LJ5-alt-4_assembled/2LJ5-alt-212_assembled/2LJ5-alt-206_assembled/2LJ5-alt-164_assembled/2LJ5-alt-170_assembled/2LJ5-alt-158_assembled/2LJ5-alt-20_assembled/2LJ5-alt-34_assembled/2LJ5-alt-22_assembled/2LJ5-alt-36_assembled/2LJ5-alt-166_assembled/2LJ5-alt-172_assembled/2LJ5-alt-199_assembled/2LJ5-alt-238_assembled/2LJ5-alt-210_assembled/2LJ5-alt-204_assembled/2LJ5-alt-6_assembled/2LJ5-alt-7_assembled/2LJ5-alt-205_assembled/2LJ5-alt-211_assembled/2LJ5-alt-239_assembled/2LJ5-alt-198_assembled/2LJ5-alt-173_assembled/2LJ5-alt-167_assembled/2LJ5-alt-37_assembled/2LJ5-alt-23_assembled/2LJ5-alt-142_assembled/2LJ5-alt-156_assembled/2LJ5-alt-12_assembled/2LJ5-alt-181_assembled/2LJ5-alt-195_assembled/2LJ5-alt-234_assembled/2LJ5-alt-220_assembled/2LJ5-alt-208_assembled/2LJ5-alt-209_assembled/2LJ5-alt-221_assembled/2LJ5-alt-235_assembled/2LJ5-alt-194_assembled/2LJ5-alt-180_assembled/2LJ5-alt-13_assembled/2LJ5-alt-157_assembled/2LJ5-alt-143_assembled/2LJ5-alt-155_assembled/2LJ5-alt-39_assembled/2LJ5-alt-141_assembled/2LJ5-alt-11_assembled/2LJ5-alt-169_assembled/2LJ5-alt-196_assembled/2LJ5-alt-182_assembled/2LJ5-alt-223_assembled/2LJ5-alt-237_assembled/2LJ5-alt-9_assembled/2LJ5-alt-8_assembled/2LJ5-alt-236_assembled/2LJ5-alt-222_assembled/2LJ5-alt-183_assembled/2LJ5-alt-197_assembled/2LJ5-alt-168_assembled/2LJ5-alt-10_assembled/2LJ5-alt-140_assembled/2LJ5-alt-38_assembled/2LJ5-alt-154_assembled/2LJ5-alt-14_assembled/2LJ5-alt-178_assembled/2LJ5-alt-150_assembled/2LJ5-alt-28_assembled/2LJ5-alt-144_assembled/2LJ5-alt-193_assembled/2LJ5-alt-187_assembled/2LJ5-alt-226_assembled/2LJ5-alt-232_assembled/2LJ5-alt-233_assembled/2LJ5-alt-227_assembled/2LJ5-alt-186_assembled/2LJ5-alt-192_assembled/2LJ5-alt-145_assembled/2LJ5-alt-29_assembled/2LJ5-alt-151_assembled/2LJ5-alt-179_assembled/2LJ5-alt-15_assembled/2LJ5-alt-17_assembled/2LJ5-alt-147_assembled/2LJ5-alt-153_assembled/2LJ5-alt-184_assembled/2LJ5-alt-190_assembled/2LJ5-alt-219_assembled/2LJ5-alt-231_assembled/2LJ5-alt-225_assembled/2LJ5-alt-224_assembled/2LJ5-alt-230_assembled/2LJ5-alt-218_assembled/2LJ5-alt-191_assembled/2LJ5-alt-185_assembled/2LJ5-alt-152_assembled/2LJ5-alt-146_assembled/2LJ5-alt-16_assembled/2LJ5-alt-121_assembled/2LJ5-alt-59_assembled/2LJ5-alt-135_assembled/2LJ5-alt-65_assembled/2LJ5-alt-109_assembled/2LJ5-alt-71_assembled/2LJ5-alt-257_assembled/2LJ5-alt-243_assembled/2LJ5-alt-294_assembled/2LJ5-alt-280_assembled/2LJ5-alt-281_assembled/2LJ5-alt-295_assembled/2LJ5-alt-242_assembled/2LJ5-alt-256_assembled/2LJ5-alt-70_assembled/2LJ5-alt-108_assembled/2LJ5-alt-64_assembled/2LJ5-alt-134_assembled/2LJ5-alt-58_assembled/2LJ5-alt-120_assembled/2LJ5-alt-136_assembled/2LJ5-alt-122_assembled/2LJ5-alt-72_assembled/2LJ5-alt-66_assembled/2LJ5-alt-99_assembled/2LJ5-alt-240_assembled/2LJ5-alt-254_assembled/2LJ5-alt-268_assembled/2LJ5-alt-283_assembled/2LJ5-alt-297_assembled/2LJ5-alt-296_assembled/2LJ5-alt-282_assembled/2LJ5-alt-269_assembled/2LJ5-alt-255_assembled/2LJ5-alt-241_assembled/2LJ5-alt-98_assembled/2LJ5-alt-67_assembled/2LJ5-alt-73_assembled/2LJ5-alt-123_assembled/2LJ5-alt-137_assembled/2LJ5-alt-77_assembled/2LJ5-alt-63_assembled/2LJ5-alt-133_assembled/2LJ5-alt-127_assembled/2LJ5-alt-88_assembled/2LJ5-alt-279_assembled/2LJ5-alt-245_assembled/2LJ5-alt-251_assembled/2LJ5-alt-286_assembled/2LJ5-alt-292_assembled/2LJ5-alt-293_assembled/2LJ5-alt-287_assembled/2LJ5-alt-250_assembled/2LJ5-alt-244_assembled/2LJ5-alt-278_assembled/2LJ5-alt-89_assembled/2LJ5-alt-126_assembled/2LJ5-alt-132_assembled/2LJ5-alt-62_assembled/2LJ5-alt-76_assembled/2LJ5-alt-60_assembled/2LJ5-alt-118_assembled/2LJ5-alt-74_assembled/2LJ5-alt-124_assembled/2LJ5-alt-48_assembled/2LJ5-alt-130_assembled/2LJ5-alt-252_assembled/2LJ5-alt-246_assembled/2LJ5-alt-291_assembled/2LJ5-alt-285_assembled/2LJ5-alt-284_assembled/2LJ5-alt-290_assembled/2LJ5-alt-247_assembled/2LJ5-alt-253_assembled/2LJ5-alt-131_assembled/2LJ5-alt-49_assembled/2LJ5-alt-125_assembled/2LJ5-alt-75_assembled/2LJ5-alt-119_assembled/2LJ5-alt-61_assembled,37.93368409454556
32,63,A,0.0,P62987,10.32,/2LJ5-alt-78_assembled/2LJ5-alt-100_assembled/2LJ5-alt-114_assembled/2LJ5-alt-44_assembled/2LJ5-alt-50_assembled/2LJ5-alt-128_assembled/2LJ5-alt-87_assembled/2LJ5-alt-93_assembled/2LJ5-alt-276_assembled/2LJ5-alt-262_assembled/2LJ5-alt-289_assembled/2LJ5-alt-288_assembled/2LJ5-alt-263_assembled/2LJ5-alt-277_assembled/2LJ5-alt-92_assembled/2LJ5-alt-86_assembled/2LJ5-alt-129_assembled/2LJ5-alt-51_assembled/2LJ5-alt-45_assembled/2LJ5-alt-115_assembled/2LJ5-alt-101_assembled/2LJ5-alt-79_assembled/2LJ5-alt-117_assembled/2LJ5-alt-103_assembled/2LJ5-alt-53_assembled/2LJ5-alt-47_assembled/2LJ5-alt-90_assembled/2LJ5-alt-84_assembled/2LJ5-alt-301_assembled/2LJ5-alt-261_assembled/2LJ5-alt-275_assembled/2LJ5-alt-249_assembled/2LJ5-alt-248_assembled/2LJ5-alt-274_assembled/2LJ5-alt-260_assembled/2LJ5-alt-300_assembled/2LJ5-alt-85_assembled/2LJ5-alt-91_assembled/2LJ5-alt-46_assembled/2LJ5-alt-52_assembled/2LJ5-alt-102_assembled/2LJ5-alt-116_assembled/2LJ5-alt-56_assembled/2LJ5-alt-42_assembled/2LJ5-alt-112_assembled/2LJ5-alt-106_assembled/2LJ5-alt-95_assembled/2LJ5-alt-81_assembled/2LJ5-alt-258_assembled/2LJ5-alt-264_assembled/2LJ5-alt-270_assembled/2LJ5-alt-271_assembled/2LJ5-alt-265_assembled/2LJ5-alt-259_assembled/2LJ5-alt-80_assembled/2LJ5-alt-94_assembled/2LJ5-alt-107_assembled/2LJ5-alt-113_assembled/2LJ5-alt-43_assembled/2LJ5-alt-57_assembled/2LJ5-alt-139_assembled/2LJ5-alt-41_assembled/2LJ5-alt-55_assembled/2LJ5-alt-105_assembled/2LJ5-alt-111_assembled/2LJ5-alt-69_assembled/2LJ5-alt-82_assembled/2LJ5-alt-96_assembled/2LJ5-alt-273_assembled/2LJ5-alt-267_assembled/2LJ5-alt-298_assembled/2LJ5-alt-299_assembled/2LJ5-alt-266_assembled/2LJ5-alt-272_assembled/2LJ5-alt-97_assembled/2LJ5-alt-83_assembled/2LJ5-alt-68_assembled/2LJ5-alt-110_assembled/2LJ5-alt-104_assembled/2LJ5-alt-54_assembled/2LJ5-alt-40_assembled/2LJ5-alt-138_assembled/2LJ5-alt-163_assembled/2LJ5-alt-177_assembled/2LJ5-alt-27_assembled/2LJ5-alt-33_assembled/2LJ5-alt-188_assembled/2LJ5-alt-215_assembled/2LJ5-alt-201_assembled/2LJ5-alt-229_assembled/2LJ5-alt-3_assembled/2LJ5-alt-2_assembled/2LJ5-alt-228_assembled/2LJ5-alt-200_assembled/2LJ5-alt-214_assembled/2LJ5-alt-189_assembled/2LJ5-alt-32_assembled/2LJ5-alt-26_assembled/2LJ5-alt-176_assembled/2LJ5-alt-162_assembled/2LJ5-alt-174_assembled/2LJ5-alt-160_assembled/2LJ5-alt-18_assembled/2LJ5-alt-148_assembled/2LJ5-alt-30_assembled/2LJ5-alt-24_assembled/2LJ5-alt-202_assembled/2LJ5-alt-216_assembled/2LJ5-alt-1_assembled/2LJ5-alt-217_assembled/2LJ5-alt-203_assembled/2LJ5-alt-25_assembled/2LJ5-alt-31_assembled/2LJ5-alt-149_assembled/2LJ5-alt-19_assembled/2LJ5-alt-161_assembled/2LJ5-alt-175_assembled/2LJ5-alt-35_assembled/2LJ5-alt-21_assembled/2LJ5-alt-159_assembled/2LJ5-alt-171_assembled/2LJ5-alt-165_assembled/2LJ5-alt-207_assembled/2LJ5-alt-213_assembled/2LJ5-alt-5_assembled/2LJ5-alt-4_assembled/2LJ5-alt-212_assembled/2LJ5-alt-206_assembled/2LJ5-alt-164_assembled/2LJ5-alt-170_assembled/2LJ5-alt-158_assembled/2LJ5-alt-20_assembled/2LJ5-alt-34_assembled/2LJ5-alt-22_assembled/2LJ5-alt-36_assembled/2LJ5-alt-166_assembled/2LJ5-alt-172_assembled/2LJ5-alt-199_assembled/2LJ5-alt-238_assembled/2LJ5-alt-210_assembled/2LJ5-alt-204_assembled/2LJ5-alt-6_assembled/2LJ5-alt-7_assembled/2LJ5-alt-205_assembled/2LJ5-alt-211_assembled/2LJ5-alt-239_assembled/2LJ5-alt-198_assembled/2LJ5-alt-173_assembled/2LJ5-alt-167_assembled/2LJ5-alt-37_assembled/2LJ5-alt-23_assembled/2LJ5-alt-142_assembled/2LJ5-alt-156_assembled/2LJ5-alt-12_assembled/2LJ5-alt-181_assembled/2LJ5-alt-195_assembled/2LJ5-alt-234_assembled/2LJ5-alt-220_assembled/2LJ5-alt-208_assembled/2LJ5-alt-209_assembled/2LJ5-alt-221_assembled/2LJ5-alt-235_assembled/2LJ5-alt-194_assembled/2LJ5-alt-180_assembled/2LJ5-alt-13_assembled/2LJ5-alt-157_assembled/2LJ5-alt-143_assembled/2LJ5-alt-155_assembled/2LJ5-alt-39_assembled/2LJ5-alt-141_assembled/2LJ5-alt-11_assembled/2LJ5-alt-169_assembled/2LJ5-alt-196_assembled/2LJ5-alt-182_assembled/2LJ5-alt-223_assembled/2LJ5-alt-237_assembled/2LJ5-alt-9_assembled/2LJ5-alt-8_assembled/2LJ5-alt-236_assembled/2LJ5-alt-222_assembled/2LJ5-alt-183_assembled/2LJ5-alt-197_assembled/2LJ5-alt-168_assembled/2LJ5-alt-10_assembled/2LJ5-alt-140_assembled/2LJ5-alt-38_assembled/2LJ5-alt-154_assembled/2LJ5-alt-14_assembled/2LJ5-alt-178_assembled/2LJ5-alt-150_assembled/2LJ5-alt-28_assembled/2LJ5-alt-144_assembled/2LJ5-alt-193_assembled/2LJ5-alt-187_assembled/2LJ5-alt-226_assembled/2LJ5-alt-232_assembled/2LJ5-alt-233_assembled/2LJ5-alt-227_assembled/2LJ5-alt-186_assembled/2LJ5-alt-192_assembled/2LJ5-alt-145_assembled/2LJ5-alt-29_assembled/2LJ5-alt-151_assembled/2LJ5-alt-179_assembled/2LJ5-alt-15_assembled/2LJ5-alt-17_assembled/2LJ5-alt-147_assembled/2LJ5-alt-153_assembled/2LJ5-alt-184_assembled/2LJ5-alt-190_assembled/2LJ5-alt-219_assembled/2LJ5-alt-231_assembled/2LJ5-alt-225_assembled/2LJ5-alt-224_assembled/2LJ5-alt-230_assembled/2LJ5-alt-218_assembled/2LJ5-alt-191_assembled/2LJ5-alt-185_assembled/2LJ5-alt-152_assembled/2LJ5-alt-146_assembled/2LJ5-alt-16_assembled/2LJ5-alt-121_assembled/2LJ5-alt-59_assembled/2LJ5-alt-135_assembled/2LJ5-alt-65_assembled/2LJ5-alt-109_assembled/2LJ5-alt-71_assembled/2LJ5-alt-257_assembled/2LJ5-alt-243_assembled/2LJ5-alt-294_assembled/2LJ5-alt-280_assembled/2LJ5-alt-281_assembled/2LJ5-alt-295_assembled/2LJ5-alt-242_assembled/2LJ5-alt-256_assembled/2LJ5-alt-70_assembled/2LJ5-alt-108_assembled/2LJ5-alt-64_assembled/2LJ5-alt-134_assembled/2LJ5-alt-58_assembled/2LJ5-alt-120_assembled/2LJ5-alt-136_assembled/2LJ5-alt-122_assembled/2LJ5-alt-72_assembled/2LJ5-alt-66_assembled/2LJ5-alt-99_assembled/2LJ5-alt-240_assembled/2LJ5-alt-254_assembled/2LJ5-alt-268_assembled/2LJ5-alt-283_assembled/2LJ5-alt-297_assembled/2LJ5-alt-296_assembled/2LJ5-alt-282_assembled/2LJ5-alt-269_assembled/2LJ5-alt-255_assembled/2LJ5-alt-241_assembled/2LJ5-alt-98_assembled/2LJ5-alt-67_assembled/2LJ5-alt-73_assembled/2LJ5-alt-123_assembled/2LJ5-alt-137_assembled/2LJ5-alt-77_assembled/2LJ5-alt-63_assembled/2LJ5-alt-133_assembled/2LJ5-alt-127_assembled/2LJ5-alt-88_assembled/2LJ5-alt-279_assembled/2LJ5-alt-245_assembled/2LJ5-alt-251_assembled/2LJ5-alt-286_assembled/2LJ5-alt-292_assembled/2LJ5-alt-293_assembled/2LJ5-alt-287_assembled/2LJ5-alt-250_assembled/2LJ5-alt-244_assembled/2LJ5-alt-278_assembled/2LJ5-alt-89_assembled/2LJ5-alt-126_assembled/2LJ5-alt-132_assembled/2LJ5-alt-62_assembled/2LJ5-alt-76_assembled/2LJ5-alt-60_assembled/2LJ5-alt-118_assembled/2LJ5-alt-74_assembled/2LJ5-alt-124_assembled/2LJ5-alt-48_assembled/2LJ5-alt-130_assembled/2LJ5-alt-252_assembled/2LJ5-alt-246_assembled/2LJ5-alt-291_assembled/2LJ5-alt-285_assembled/2LJ5-alt-284_assembled/2LJ5-alt-290_assembled/2LJ5-alt-247_assembled/2LJ5-alt-253_assembled/2LJ5-alt-131_assembled/2LJ5-alt-49_assembled/2LJ5-alt-125_assembled/2LJ5-alt-75_assembled/2LJ5-alt-119_assembled/2LJ5-alt-61_assembled,77.74394620083544
33,29,A,0.0,P62987,9.99,/2MBH-alt-19_assembled/2MBH-alt-18_assembled/2MBH-alt-9_assembled/2MBH-alt-8_assembled/2MBH-alt-1_assembled/2MBH-alt-3_assembled/2MBH-alt-2_assembled/2MBH-alt-6_assembled/2MBH-alt-7_assembled/2MBH-alt-5_assembled/2MBH-alt-4_assembled/2MBH-alt-15_assembled/2MBH-alt-14_assembled/2MBH-alt-16_assembled/2MBH-alt-17_assembled/2MBH-alt-13_assembled/2MBH-alt-12_assembled/2MBH-alt-10_assembled/2MBH-alt-11_assembled,75.33120304287847
34,6,B,0.0,P62987,9.65,/2MBH-alt-19_assembled/2MBH-alt-18_assembled/2MBH-alt-9_assembled/2MBH-alt-8_assembled/2MBH-alt-1_assembled/2MBH-alt-3_assembled/2MBH-alt-2_assembled/2MBH-alt-6_assembled/2MBH-alt-7_assembled/2MBH-alt-5_assembled/2MBH-alt-4_assembled/2MBH-alt-15_assembled/2MBH-alt-14_assembled/2MBH-alt-16_assembled/2MBH-alt-17_assembled/2MBH-alt-13_assembled/2MBH-alt-12_assembled/2MBH-alt-10_assembled/2MBH-alt-11_assembled,47.85273929947974
35,11,B,0.0,P62987,10.37,/2MBH-alt-19_assembled/2MBH-alt-18_assembled/2MBH-alt-9_assembled/2MBH-alt-8_assembled/2MBH-alt-1_assembled/2MBH-alt-3_assembled/2MBH-alt-2_assembled/2MBH-alt-6_assembled/2MBH-alt-7_assembled/2MBH-alt-5_assembled/2MBH-alt-4_assembled/2MBH-alt-15_assembled/2MBH-alt-14_assembled/2MBH-alt-16_assembled/2MBH-alt-17_assembled/2MBH-alt-13_assembled/2MBH-alt-12_assembled/2MBH-alt-10_assembled/2MBH-alt-11_assembled,68.49509742866707
36,27,B,0.0,P62987,6.24,/2MBH-alt-19_assembled/2MBH-alt-18_assembled/2MBH-alt-9_assembled/2MBH-alt-8_assembled/2MBH-alt-1_assembled/2MBH-alt-3_assembled/2MBH-alt-2_assembled/2MBH-alt-6_assembled/2MBH-alt-7_assembled/2MBH-alt-5_assembled/2MBH-alt-4_assembled/2MBH-alt-15_assembled/2MBH-alt-14_assembled/2MBH-alt-16_assembled/2MBH-alt-17_assembled/2MBH-alt-13_assembled/2MBH-alt-12_assembled/2MBH-alt-10_assembled/2MBH-alt-11_assembled,4.959527602467087
37,29,B,0.0,P62987,9.56,/2MBH-alt-19_assembled/2MBH-alt-18_assembled/2MBH-alt-9_assembled/2MBH-alt-8_assembled/2MBH-alt-1_assembled/2MBH-alt-3_assembled/2MBH-alt-2_assembled/2MBH-alt-6_assembled/2MBH-alt-7_assembled/2MBH-alt-5_assembled/2MBH-alt-4_assembled/2MBH-alt-15_assembled/2MBH-alt-14_assembled/2MBH-alt-16_assembled/2MBH-alt-17_assembled/2MBH-alt-13_assembled/2MBH-alt-12_assembled/2MBH-alt-10_assembled/2MBH-alt-11_assembled,27.61250502995189
38,33,B,0.0,P62987,9.82,/2MBH-alt-19_assembled/2MBH-alt-18_assembled/2MBH-alt-9_assembled/2MBH-alt-8_assembled/2MBH-alt-1_assembled/2MBH-alt-3_assembled/2MBH-alt-2_assembled/2MBH-alt-6_assembled/2MBH-alt-7_assembled/2MBH-alt-5_assembled/2MBH-alt-4_assembled/2MBH-alt-15_assembled/2MBH-alt-14_assembled/2MBH-alt-16_assembled/2MBH-alt-17_assembled/2MBH-alt-13_assembled/2MBH-alt-12_assembled/2MBH-alt-10_assembled/2MBH-alt-11_assembled,73.85674889079365
39,48,B,0.0,P62987,10.21,/2MBH-alt-19_assembled/2MBH-alt-18_assembled/2MBH-alt-9_assembled/2MBH-alt-8_assembled/2MBH-alt-1_assembled/2MBH-alt-3_assembled/2MBH-alt-2_assembled/2MBH-alt-6_assembled/2MBH-alt-7_assembled/2MBH-alt-5_assembled/2MBH-alt-4_assembled/2MBH-alt-15_assembled/2MBH-alt-14_assembled/2MBH-alt-16_assembled/2MBH-alt-17_assembled/2MBH-alt-13_assembled/2MBH-alt-12_assembled/2MBH-alt-10_assembled/2MBH-alt-11_assembled,72.38229473870885
40,63,B,0.0,P62987,10.26,/2MBH-alt-19_assembled/2MBH-alt-18_assembled/2MBH-alt-9_assembled/2MBH-alt-8_assembled/2MBH-alt-1_assembled/2MBH-alt-3_assembled/2MBH-alt-2_assembled/2MBH-alt-6_assembled/2MBH-alt-7_assembled/2MBH-alt-5_assembled/2MBH-alt-4_assembled/2MBH-alt-15_assembled/2MBH-alt-14_assembled/2MBH-alt-16_assembled/2MBH-alt-17_assembled/2MBH-alt-13_assembled/2MBH-alt-12_assembled/2MBH-alt-10_assembled/2MBH-alt-11_assembled,83.90984538228099
41,8,A,92.43,Q9HB71,10.42,/AF-Q9HB71-F1-model_v1,85.25025824781264
42,14,A,92.99,Q9HB71,11.34,/AF-Q9HB71-F1-model_v1,58.71008351028607
43,19,A,93.08,Q9HB71,10.43,/AF-Q9HB71-F1-model_v1,94.63314830653417
44,23,A,92.78,Q9HB71,10.44,/AF-Q9HB71-F1-model_v1,88.06512526542909
45,33,A,92.02,Q9HB71,10.47,/AF-Q9HB71-F1-model_v1,57.23562935820125
46,35,A,90.93,Q9HB71,11.64,/AF-Q9HB71-F1-model_v1,70.77379930007086
47,41,A,87.59,Q9HB71,10.41,/AF-Q9HB71-F1-model_v1,74.7950378966658
48,43,A,82.57,Q9HB71,10.28,/AF-Q9HB71-F1-model_v1,60.05049637581771
49,74,A,94.06,Q9HB71,10.38,/AF-Q9HB71-F1-model_v1,112.9968045643177
50,85,A,97.52,Q9HB71,10.61,/AF-Q9HB71-F1-model_v1,80.55881321845189
51,88,A,98.16,Q9HB71,10.86,/AF-Q9HB71-F1-model_v1,43.02725298356581
52,118,A,94.09,Q9HB71,10.17,/AF-Q9HB71-F1-model_v1,48.656987018798716
53,123,A,91.82,Q9HB71,11.74,/AF-Q9HB71-F1-model_v1,54.822886200244284
54,134,A,96.89,Q9HB71,10.06,/AF-Q9HB71-F1-model_v1,51.73993660952151
55,143,A,97.17,Q9HB71,9.8,/AF-Q9HB71-F1-model_v1,52.67822561539366
56,144,A,96.72,Q9HB71,10.29,/AF-Q9HB71-F1-model_v1,93.02465286789618
57,146,A,95.62,Q9HB71,10.17,/AF-Q9HB71-F1-model_v1,92.35444643513034
58,156,A,98.16,Q9HB71,9.14,/AF-Q9HB71-F1-model_v1,4.155279883148101
59,157,A,97.21,Q9HB71,11.36,/AF-Q9HB71-F1-model_v1,62.731322106880995
60,171,A,92.02,Q9HB71,10.98,/AF-Q9HB71-F1-model_v1,58.442000937179735
61,174,A,86.11,Q9HB71,11.65,/AF-Q9HB71-F1-model_v1,65.81427169760379
62,176,A,75.74,Q9HB71,10.7,/AF-Q9HB71-F1-model_v1,95.16931345274682
63,212,A,76.83,Q9HB71,10.41,/AF-Q9HB71-F1-model_v1,64.47385883207214
64,25,A,91.83,P0DMV9,11.59,/AF-P0DMV9-F1-model_v1,76.40353333530378
65,56,A,96.77,P0DMV9,11.55,/AF-P0DMV9-F1-model_v1,35.78902350969493
66,71,A,94.2,P0DMV9,11.4,/AF-P0DMV9-F1-model_v1,18.63173883088987
67,77,A,90.85,P0DMV9,10.1,/AF-P0DMV9-F1-model_v1,76.93969848151644
68,88,A,91.51,P0DMV9,10.32,/AF-P0DMV9-F1-model_v1,80.55881321845189
69,100,A,90.74,P0DMV9,10.33,/AF-P0DMV9-F1-model_v1,15.816871813273414
70,102,A,96.89,P0DMV9,12.12,/AF-P0DMV9-F1-model_v1,27.076339883739237
71,108,A,92.13,P0DMV9,12.03,/AF-P0DMV9-F1-model_v1,34.71669321726961
72,112,A,96.53,P0DMV9,9.75,/AF-P0DMV9-F1-model_v1,28.14867017616455
73,126,A,97.79,P0DMV9,10.99,/AF-P0DMV9-F1-model_v1,35.118817076929105
74,128,A,97.57,P0DMV9,9.52,/AF-P0DMV9-F1-model_v1,25.46784444510126
75,159,A,93.79,P0DMV9,10.08,/AF-P0DMV9-F1-model_v1,57.63775321786075
76,220,A,97.03,P0DMV9,11.09,/AF-P0DMV9-F1-model_v1,42.22300526424682
77,246,A,97.73,P0DMV9,11.51,/AF-P0DMV9-F1-model_v1,64.33981754551897
78,248,A,97.69,P0DMV9,11.03,/AF-P0DMV9-F1-model_v1,45.03787228186328
79,250,A,96.51,P0DMV9,10.24,/AF-P0DMV9-F1-model_v1,78.5481939201544
80,251,A,96.81,P0DMV9,11.3,/AF-P0DMV9-F1-model_v1,31.3656610534405
81,257,A,92.65,P0DMV9,9.74,/AF-P0DMV9-F1-model_v1,50.53356503054303
82,271,A,98.05,P0DMV9,11.25,/AF-P0DMV9-F1-model_v1,33.108197778631634
83,319,A,94.33,P0DMV9,10.73,/AF-P0DMV9-F1-model_v1,42.22300526424682
84,325,A,96.97,P0DMV9,10.42,/AF-P0DMV9-F1-model_v1,89.27149684440757
85,328,A,96.53,P0DMV9,9.71,/AF-P0DMV9-F1-model_v1,50.131441170883534
86,345,A,98.01,P0DMV9,10.17,/AF-P0DMV9-F1-model_v1,54.82288620024429
87,348,A,97.89,P0DMV9,10.71,/AF-P0DMV9-F1-model_v1,81.6311435108772
88,361,A,90.95,P0DMV9,10.05,/AF-P0DMV9-F1-model_v1,65.27810655139112
89,384,A,83.67,P0DMV9,10.45,/AF-P0DMV9-F1-model_v1,94.09698316032151
90,415,A,93.48,P0DMV9,10.4,/AF-P0DMV9-F1-model_v1,99.19055204934176
91,423,A,96.45,P0DMV9,10.56,/AF-P0DMV9-F1-model_v1,67.55680842279492
92,451,A,83.46,P0DMV9,10.7,/AF-P0DMV9-F1-model_v1,80.15668935879239
93,493,A,88.6,P0DMV9,11.42,/AF-P0DMV9-F1-model_v1,40.21238596594936
94,512,A,74.49,P0DMV9,10.56,/AF-P0DMV9-F1-model_v1,98.25226304346958
95,524,A,87.27,P0DMV9,10.68,/AF-P0DMV9-F1-model_v1,79.21840035292024
96,526,A,81.38,P0DMV9,10.78,/AF-P0DMV9-F1-model_v1,78.01202877394175
97,539,A,90.36,P0DMV9,10.25,/AF-P0DMV9-F1-model_v1,44.63574842220379
98,550,A,88.83,P0DMV9,10.54,/AF-P0DMV9-F1-model_v1,42.62512912390632
99,561,A,77.1,P0DMV9,10.38,/AF-P0DMV9-F1-model_v1,63.13344596654049
100,567,A,87.78,P0DMV9,10.4,/AF-P0DMV9-F1-model_v1,38.73793181386455
101,568,A,90.94,P0DMV9,10.67,/AF-P0DMV9-F1-model_v1,66.75256070347594
102,569,A,91.63,P0DMV9,10.45,/AF-P0DMV9-F1-model_v1,71.17592315973036
103,573,A,94.39,P0DMV9,12.03,/AF-P0DMV9-F1-model_v1,14.610500234294935
104,589,A,91.75,P0DMV9,11.78,/AF-P0DMV9-F1-model_v1,41.68684011803417
105,595,A,95.06,P0DMV9,11.06,/AF-P0DMV9-F1-model_v1,25.065720585441767
106,597,A,94.86,P0DMV9,10.57,/AF-P0DMV9-F1-model_v1,78.01202877394175
107,25,A,91.39,P0DMV8,11.61,/AF-P0DMV8-F1-model_v1,73.18654245802783
108,56,A,96.98,P0DMV8,11.68,/AF-P0DMV8-F1-model_v1,43.69745941633164
109,71,A,95.51,P0DMV8,11.31,/AF-P0DMV8-F1-model_v1,15.41474795361392
110,77,A,92.15,P0DMV8,10.34,/AF-P0DMV8-F1-model_v1,85.3842995343658
111,88,A,91.52,P0DMV8,10.33,/AF-P0DMV8-F1-model_v1,82.30134994364302
112,100,A,91.23,P0DMV8,10.15,/AF-P0DMV8-F1-model_v1,21.04448198884683
113,102,A,97.29,P0DMV8,10.89,/AF-P0DMV8-F1-model_v1,27.746546316505057
114,108,A,90.64,P0DMV8,12.12,/AF-P0DMV8-F1-model_v1,35.118817076929105
115,112,A,95.57,P0DMV8,11.19,/AF-P0DMV8-F1-model_v1,28.014628889611387
116,126,A,97.65,P0DMV8,11.0,/AF-P0DMV8-F1-model_v1,38.067725381098725
117,128,A,97.58,P0DMV8,9.38,/AF-P0DMV8-F1-model_v1,23.993390293016446
118,159,A,92.68,P0DMV8,10.03,/AF-P0DMV8-F1-model_v1,69.43338643453923
119,190,A,71.95,P0DMV8,9.96,/AF-P0DMV8-F1-model_v1,79.88860678568606
120,220,A,95.88,P0DMV8,11.05,/AF-P0DMV8-F1-model_v1,37.66560152143923
121,246,A,97.74,P0DMV8,11.76,/AF-P0DMV8-F1-model_v1,46.37828514739492
122,248,A,97.27,P0DMV8,11.03,/AF-P0DMV8-F1-model_v1,29.489083041696198
123,250,A,96.77,P0DMV8,10.19,/AF-P0DMV8-F1-model_v1,77.20778105462277
124,251,A,96.88,P0DMV8,11.46,/AF-P0DMV8-F1-model_v1,48.65698701879872
125,257,A,92.31,P0DMV8,9.76,/AF-P0DMV8-F1-model_v1,54.55480362713796
126,271,A,98.42,P0DMV8,11.24,/AF-P0DMV8-F1-model_v1,28.416752749270877
127,319,A,94.76,P0DMV8,10.76,/AF-P0DMV8-F1-model_v1,38.20176666765189
128,325,A,96.78,P0DMV8,10.42,/AF-P0DMV8-F1-model_v1,87.6630014057696
129,328,A,97.1,P0DMV8,9.76,/AF-P0DMV8-F1-model_v1,43.29533555667214
130,345,A,98.29,P0DMV8,10.37,/AF-P0DMV8-F1-model_v1,55.895216492669604
131,348,A,97.96,P0DMV8,11.43,/AF-P0DMV8-F1-model_v1,60.05049637581771
132,361,A,90.79,P0DMV8,10.03,/AF-P0DMV8-F1-model_v1,62.865363393434166
133,384,A,82.71,P0DMV8,10.45,/AF-P0DMV8-F1-model_v1,103.88199707870251
134,415,A,92.77,P0DMV8,10.38,/AF-P0DMV8-F1-model_v1,109.77981368704175
135,423,A,94.91,P0DMV8,10.56,/AF-P0DMV8-F1-model_v1,62.3291982472215
136,451,A,84.26,P0DMV8,10.59,/AF-P0DMV8-F1-model_v1,71.84612959249618
137,493,A,91.69,P0DMV8,11.36,/AF-P0DMV8-F1-model_v1,36.32518865590759
138,497,A,82.47,P0DMV8,10.22,/AF-P0DMV8-F1-model_v1,42.75917041045949
139,500,A,73.15,P0DMV8,10.4,/AF-P0DMV8-F1-model_v1,91.41615742925822
140,512,A,80.19,P0DMV8,11.58,/AF-P0DMV8-F1-model_v1,84.17792795538733
141,524,A,87.23,P0DMV8,10.62,/AF-P0DMV8-F1-model_v1,82.70347380330251
142,526,A,81.0,P0DMV8,10.64,/AF-P0DMV8-F1-model_v1,116.7499605878063
143,539,A,90.13,P0DMV8,10.28,/AF-P0DMV8-F1-model_v1,51.87397789607467
144,550,A,88.93,P0DMV8,10.59,/AF-P0DMV8-F1-model_v1,49.72931731122404
145,561,A,77.97,P0DMV8,10.39,/AF-P0DMV8-F1-model_v1,65.54618912449746
146,567,A,89.53,P0DMV8,10.45,/AF-P0DMV8-F1-model_v1,37.53156023488607
147,568,A,92.29,P0DMV8,10.68,/AF-P0DMV8-F1-model_v1,72.24825345215568
148,569,A,93.02,P0DMV8,10.44,/AF-P0DMV8-F1-model_v1,75.86736818909111
149,573,A,95.48,P0DMV8,12.04,/AF-P0DMV8-F1-model_v1,12.867963509103795
150,589,A,89.87,P0DMV8,11.8,/AF-P0DMV8-F1-model_v1,49.99739988433037
151,595,A,95.13,P0DMV8,11.1,/AF-P0DMV8-F1-model_v1,24.79763801233544
152,597,A,94.93,P0DMV8,10.57,/AF-P0DMV8-F1-model_v1,82.56943251674934
153,28,A,91.94,P10809,11.32,/AF-P10809-F1-model_v1,47.71869801292657
154,31,A,94.58,P10809,10.52,/AF-P10809-F1-model_v1,45.97616128773543
155,58,A,95.23,P10809,10.29,/AF-P10809-F1-model_v1,45.842120001182266
156,72,A,91.4,P10809,11.15,/AF-P10809-F1-model_v1,48.92506959190505
157,75,A,91.61,P10809,8.35,/AF-P10809-F1-model_v1,16.084954386379742
158,82,A,92.53,P10809,10.17,/AF-P10809-F1-model_v1,71.71208830594301
159,87,A,95.2,P10809,10.45,/AF-P10809-F1-model_v1,95.70547859895947
160,89,A,94.87,P10809,10.41,/AF-P10809-F1-model_v1,73.18654245802783
161,91,A,96.66,P10809,10.33,/AF-P10809-F1-model_v1,40.34642725250252
162,96,A,95.89,P10809,11.29,/AF-P10809-F1-model_v1,54.554803627137964
163,125,A,95.9,P10809,10.8,/AF-P10809-F1-model_v1,71.71208830594303
164,130,A,91.29,P10809,10.31,/AF-P10809-F1-model_v1,49.72931731122404
165,133,A,72.71,P10809,10.48,/AF-P10809-F1-model_v1,104.68624479802149
166,156,A,95.98,P10809,10.26,/AF-P10809-F1-model_v1,84.84813438815314
167,157,A,96.82,P10809,11.04,/AF-P10809-F1-model_v1,74.92907918321896
168,160,A,94.65,P10809,10.37,/AF-P10809-F1-model_v1,96.24164374517213
169,180,A,94.23,P10809,10.32,/AF-P10809-F1-model_v1,101.06713006108606
170,191,A,89.34,P10809,10.91,/AF-P10809-F1-model_v1,49.32719345156455
171,192,A,86.42,P10809,10.38,/AF-P10809-F1-model_v1,69.83551029419871
172,196,A,71.91,P10809,10.47,/AF-P10809-F1-model_v1,122.51373590959238
173,202,A,82.48,P10809,10.28,/AF-P10809-F1-model_v1,88.86937298474808
174,205,A,83.9,P10809,10.42,/AF-P10809-F1-model_v1,105.22240994423416
175,218,A,85.96,P10809,11.82,/AF-P10809-F1-model_v1,34.180528071056955
176,233,A,80.61,P10809,10.47,/AF-P10809-F1-model_v1,91.95232257547087
177,236,A,86.56,P10809,10.53,/AF-P10809-F1-model_v1,47.45061543982024
178,249,A,92.42,P10809,10.48,/AF-P10809-F1-model_v1,73.58866631768733
179,250,A,93.81,P10809,10.78,/AF-P10809-F1-model_v1,62.59728082032784
180,269,A,93.24,P10809,10.48,/AF-P10809-F1-model_v1,48.52294573224556
181,292,A,91.54,P10809,10.34,/AF-P10809-F1-model_v1,72.11421216560251
182,301,A,96.91,P10809,11.23,/AF-P10809-F1-model_v1,51.47185403641518
183,310,A,93.62,P10809,12.46,/AF-P10809-F1-model_v1,36.86135380212024
184,314,A,93.5,P10809,10.97,/AF-P10809-F1-model_v1,49.72931731122404
185,344,A,95.56,P10809,10.27,/AF-P10809-F1-model_v1,54.956927486797454
186,352,A,92.49,P10809,10.75,/AF-P10809-F1-model_v1,82.7034738033025
187,359,A,84.35,P10809,10.64,/AF-P10809-F1-model_v1,102.13946035351137
188,361,A,90.03,P10809,11.44,/AF-P10809-F1-model_v1,59.38028994305189
189,364,A,89.29,P10809,10.53,/AF-P10809-F1-model_v1,106.02665766355312
190,369,A,94.46,P10809,10.49,/AF-P10809-F1-model_v1,92.62252900823668
191,387,A,83.42,P10809,10.76,/AF-P10809-F1-model_v1,51.33781274986201
192,389,A,86.02,P10809,12.61,/AF-P10809-F1-model_v1,28.14867017616455
193,396,A,80.69,P10809,10.1,/AF-P10809-F1-model_v1,27.478463743398724
194,405,A,89.18,P10809,11.5,/AF-P10809-F1-model_v1,47.04849158016075
195,417,A,91.98,P10809,11.23,/AF-P10809-F1-model_v1,26.27209216442025
196,418,A,89.46,P10809,11.23,/AF-P10809-F1-model_v1,59.11220736994555
197,462,A,96.12,P10809,11.39,/AF-P10809-F1-model_v1,52.67822561539366
198,469,A,97.07,P10809,12.31,/AF-P10809-F1-model_v1,24.931679298888604
199,473,A,97.95,P10809,9.75,/AF-P10809-F1-model_v1,34.44861064416328
200,481,A,97.27,P10809,10.33,/AF-P10809-F1-model_v1,90.47786842338606
201,493,A,96.38,P10809,10.18,/AF-P10809-F1-model_v1,63.669611112753145
202,516,A,93.61,P10809,10.73,/AF-P10809-F1-model_v1,62.329198247221505
203,523,A,96.34,P10809,11.28,/AF-P10809-F1-model_v1,34.046486784503784
204,551,A,72.53,P10809,10.61,/AF-P10809-F1-model_v1,67.28872584968859
205,4,A,0.0,P10809,9.98,/6MRD-alt-1_assembled,15.414747953613922
206,7,A,0.0,P10809,10.63,/6MRD-alt-1_assembled,22.921060000591133
207,48,M,0.0,P10809,9.93,/6MRD-alt-1_assembled,47.04849158016075
208,51,J,0.0,P10809,8.58,/6MRD-alt-1_assembled,19.167903977102526
209,58,K,0.0,P10809,10.27,/6MRD-alt-1_assembled,69.43338643453922
210,63,A,0.0,P10809,10.08,/6MRD-alt-1_assembled,69.03126257487973
211,65,L,0.0,P10809,10.64,/6MRD-alt-1_assembled,33.6443629248443
212,67,I,0.0,P10809,10.35,/6MRD-alt-1_assembled,44.76978970875695
213,72,A,0.0,P10809,10.38,/6MRD-alt-1_assembled,32.97415649207848
214,101,I,0.0,P10809,10.62,/6MRD-alt-1_assembled,57.10158807164809
215,106,K,0.0,P10809,10.23,/6MRD-alt-1_assembled,40.480468539055686
216,109,N,0.0,P10809,10.38,/6MRD-alt-1_assembled,82.16730865708985
217,132,A,0.0,P10809,9.88,/6MRD-alt-1_assembled,47.31657415326708
218,133,A,0.0,P10809,10.52,/6MRD-alt-1_assembled,68.89722128832656
219,136,A,0.0,P10809,10.05,/6MRD-alt-1_assembled,46.64636772050126
220,156,A,0.0,P10809,10.45,/6MRD-alt-1_assembled,73.05250117147466
221,167,K,0.0,P10809,11.24,/6MRD-alt-1_assembled,44.76978970875695
222,168,L,0.0,P10809,10.36,/6MRD-alt-1_assembled,53.214390761606325
223,172,A,0.0,P10809,10.33,/6MRD-alt-1_assembled,78.68223520670757
224,178,J,0.0,P10809,10.22,/6MRD-alt-1_assembled,68.49509742866707
225,181,N,0.0,P10809,10.48,/6MRD-alt-1_assembled,81.2290196512177
226,194,M,0.0,P10809,10.59,/6MRD-alt-1_assembled,24.26147286612278
227,209,I,0.0,P10809,10.56,/6MRD-alt-1_assembled,58.17391836407341
228,212,K,0.0,P10809,10.13,/6MRD-alt-1_assembled,37.7996428079924
229,225,J,0.0,P10809,9.3,/6MRD-alt-1_assembled,44.903830995310116
230,226,A,0.0,P10809,10.77,/6MRD-alt-1_assembled,46.24424386084176
231,245,A,0.0,P10809,10.77,/6MRD-alt-1_assembled,48.254863159139234
232,268,A,0.0,P10809,10.02,/6MRD-alt-1_assembled,44.23362456254429
233,277,I,0.0,P10809,9.81,/6MRD-alt-1_assembled,28.416752749270877
234,286,L,0.0,P10809,10.1,/6MRD-alt-1_assembled,34.44861064416328
235,290,A,0.0,P10809,9.67,/6MRD-alt-1_assembled,53.884597194372134
236,320,J,0.0,P10809,9.31,/6MRD-alt-1_assembled,39.00601438697088
237,328,A,0.0,P10809,9.85,/6MRD-alt-1_assembled,51.33781274986201
238,335,J,0.0,P10809,10.44,/6MRD-alt-1_assembled,54.28672105403163
239,337,I,0.0,P10809,10.03,/6MRD-alt-1_assembled,51.87397789607468
240,340,A,0.0,P10809,10.45,/6MRD-alt-1_assembled,78.68223520670759
241,345,A,0.0,P10809,10.49,/6MRD-alt-1_assembled,77.60990491428225
242,363,N,0.0,P10809,9.86,/6MRD-alt-1_assembled,32.03586748620632
243,365,L,0.0,P10809,10.53,/6MRD-alt-1_assembled,40.078344679396196
244,372,N,0.0,P10809,9.19,/6MRD-alt-1_assembled,20.240234269527846
245,381,L,0.0,P10809,11.14,/6MRD-alt-1_assembled,35.25285836348227
246,393,N,0.0,P10809,10.27,/6MRD-alt-1_assembled,32.57203263241898
247,394,N,0.0,P10809,11.14,/6MRD-alt-1_assembled,39.6762208197367
248,438,L,0.0,P10809,10.65,/6MRD-alt-1_assembled,45.03787228186328
249,445,M,0.0,P10809,11.9,/6MRD-alt-1_assembled,18.229614971230376
250,449,L,0.0,P10809,9.63,/6MRD-alt-1_assembled,33.644362924844295
251,457,J,0.0,P10809,10.07,/6MRD-alt-1_assembled,76.13545076219745
252,469,A,0.0,P10809,10.11,/6MRD-alt-1_assembled,60.31857894892404
253,492,I,0.0,P10809,10.65,/6MRD-alt-1_assembled,51.20377146330885
254,499,I,0.0,P10809,10.56,/6MRD-alt-1_assembled,25.065720585441767
255,527,I,0.0,P10809,10.27,/6MRD-alt-1_assembled,54.28672105403163
256,28,C,0.0,P10809,10.82,/6MRD-alt-1_assembled,70.50571672696454
257,36,B,0.0,P10809,10.23,/6MRD-alt-1_assembled,51.33781274986201
258,40,B,0.0,P10809,9.95,/6MRD-alt-1_assembled,58.978166083392395
259,54,B,0.0,P10809,9.28,/6MRD-alt-1_assembled,42.893211697012646
260,56,F,0.0,P10809,10.21,/6MRD-alt-1_assembled,18.09557368467721
261,66,D,0.0,P10809,10.8,/6MRD-alt-1_assembled,66.61851941692277
262,70,C,0.0,P10809,10.67,/6MRD-alt-1_assembled,53.21439076160632
263,80,E,0.0,P10809,10.92,/6MRD-alt-1_assembled,52.008019182627834
264,86,B,0.0,P10809,11.41,/6MRD-alt-1_assembled,43.02725298356581
265,4,D,0.0,P10809,9.94,/4PJ1-alt-1_assembled,17.69344982501772
266,7,G,0.0,P10809,10.87,/4PJ1-alt-1_assembled,39.6762208197367
267,48,L,0.0,P10809,9.73,/4PJ1-alt-1_assembled,56.565422925435435
268,51,A,0.0,P10809,8.32,/4PJ1-alt-1_assembled,29.35504175514303
269,58,J,0.0,P10809,9.76,/4PJ1-alt-1_assembled,51.87397789607467
270,63,F,0.0,P10809,10.24,/4PJ1-alt-1_assembled,76.53757462185695
271,65,B,0.0,P10809,10.74,/4PJ1-alt-1_assembled,51.069730176755684
272,67,G,0.0,P10809,10.22,/4PJ1-alt-1_assembled,36.72731251556708
273,72,D,0.0,P10809,9.28,/4PJ1-alt-1_assembled,12.867963509103795
274,101,K,0.0,P10809,10.25,/4PJ1-alt-1_assembled,61.65899181445568
275,106,D,0.0,P10809,8.32,/4PJ1-alt-1_assembled,29.891206901355687
276,132,B,0.0,P10809,10.08,/4PJ1-alt-1_assembled,69.1653038614329
277,133,J,0.0,P10809,10.29,/4PJ1-alt-1_assembled,67.69084970934809
278,136,A,0.0,P10809,10.0,/4PJ1-alt-1_assembled,68.22701485556075
279,156,B,0.0,P10809,9.7,/4PJ1-alt-1_assembled,51.33781274986202
280,167,F,0.0,P10809,10.54,/4PJ1-alt-1_assembled,69.29934514798606
281,168,A,0.0,P10809,10.33,/4PJ1-alt-1_assembled,69.29934514798606
282,172,E,0.0,P10809,10.14,/4PJ1-alt-1_assembled,75.73332690253795
283,178,M,0.0,P10809,9.36,/4PJ1-alt-1_assembled,66.21639555726327
284,181,B,0.0,P10809,10.34,/4PJ1-alt-1_assembled,93.42677672755568
285,194,B,0.0,P10809,9.3,/4PJ1-alt-1_assembled,28.416752749270877
286,209,A,0.0,P10809,10.4,/4PJ1-alt-1_assembled,83.37368023606834
287,212,I,0.0,P10809,10.3,/4PJ1-alt-1_assembled,40.61450982560885
288,225,M,0.0,P10809,10.24,/4PJ1-alt-1_assembled,75.46524432943163
289,226,E,0.0,P10809,10.68,/4PJ1-alt-1_assembled,59.51433122960505
290,245,G,0.0,P10809,9.83,/4PJ1-alt-1_assembled,38.60389052731138
291,268,M,0.0,P10809,8.73,/4PJ1-alt-1_assembled,27.076339883739234
292,277,A,0.0,P10809,9.69,/4PJ1-alt-1_assembled,55.493092633010114
293,286,B,0.0,P10809,9.1,/4PJ1-alt-1_assembled,54.28672105403163
294,290,B,0.0,P10809,7.66,/4PJ1-alt-1_assembled,36.86135380212025
295,320,K,0.0,P10809,9.0,/4PJ1-alt-1_assembled,34.180528071056955
296,323,B,0.0,P10809,10.27,/4PJ1-alt-1_assembled,61.25686795479619
297,328,L,0.0,P10809,9.69,/4PJ1-alt-1_assembled,46.37828514739493
298,335,G,0.0,P10809,10.34,/4PJ1-alt-1_assembled,55.627133919563285
299,337,B,0.0,P10809,9.78,/4PJ1-alt-1_assembled,65.41214783794427
300,340,C,0.0,P10809,10.36,/4PJ1-alt-1_assembled,81.36306093777087
301,345,K,0.0,P10809,8.84,/4PJ1-alt-1_assembled,47.71869801292657
302,363,A,0.0,P10809,10.05,/4PJ1-alt-1_assembled,46.37828514739493
303,365,C,0.0,P10809,9.2,/4PJ1-alt-1_assembled,49.193152165011384
304,372,L,0.0,P10809,8.22,/4PJ1-alt-1_assembled,5.763775321786074
305,381,B,0.0,P10809,10.49,/4PJ1-alt-1_assembled,48.65698701879872
306,393,C,0.0,P10809,10.64,/4PJ1-alt-1_assembled,26.67421602407974
307,394,C,0.0,P10809,10.96,/4PJ1-alt-1_assembled,24.26147286612278
308,438,H,0.0,P10809,10.79,/4PJ1-alt-1_assembled,63.93769368585948
309,445,G,0.0,P10809,11.23,/4PJ1-alt-1_assembled,27.478463743398727
310,449,M,0.0,P10809,9.86,/4PJ1-alt-1_assembled,9.516931345274681
311,457,C,0.0,P10809,8.55,/4PJ1-alt-1_assembled,78.41415263360125
312,469,L,0.0,P10809,10.19,/4PJ1-alt-1_assembled,57.77179450441391
313,492,G,0.0,P10809,10.58,/4PJ1-alt-1_assembled,61.793033101008845
314,499,K,0.0,P10809,11.03,/4PJ1-alt-1_assembled,20.240234269527843
315,109,N,0.0,P10809,9.22,/4PJ1-alt-1_assembled,15.280706667060755
316,17,A,0.0,P63261,9.92,/5JLH-alt-1_assembled,24.797638012335437
317,49,E,0.0,P63261,10.36,/5JLH-alt-1_assembled,75.33120304287846
318,60,E,0.0,P63261,10.63,/5JLH-alt-1_assembled,36.995395088673405
319,67,A,0.0,P63261,10.24,/5JLH-alt-1_assembled,73.7227076042405
320,83,A,0.0,P63261,10.03,/5JLH-alt-1_assembled,35.38689965003544
321,112,A,0.0,P63261,9.53,/5JLH-alt-1_assembled,45.97616128773543
322,117,D,0.0,P63261,10.16,/5JLH-alt-1_assembled,49.05911087845821
323,190,E,0.0,P63261,8.7,/5JLH-alt-1_assembled,57.36967064475442
324,212,A,0.0,P63261,9.23,/5JLH-alt-1_assembled,13.002004795656958
325,214,A,0.0,P63261,10.55,/5JLH-alt-1_assembled,47.98678058603289
326,237,B,0.0,P63261,8.98,/5JLH-alt-1_assembled,44.63574842220379
327,283,B,0.0,P63261,10.03,/5JLH-alt-1_assembled,52.27610175573416
328,290,B,0.0,P63261,10.43,/5JLH-alt-1_assembled,67.02064327658226
329,314,B,0.0,P63261,9.79,/5JLH-alt-1_assembled,41.954922691140496
330,325,B,0.0,P63261,10.34,/5JLH-alt-1_assembled,101.87137778040504
331,327,A,0.0,P63261,10.09,/5JLH-alt-1_assembled,79.62052421257974
332,335,A,0.0,P63261,9.86,/5JLH-alt-1_assembled,46.91445029360759
333,358,A,0.0,P63261,11.44,/5JLH-alt-1_assembled,28.014628889611387
334,372,B,0.0,P63261,10.74,/5JLH-alt-1_assembled,47.04849158016075
335,19,A,0.0,Q99832,9.98,/6NR8-alt-1_assembled,47.31657415326708
336,26,A,0.0,Q99832,9.55,/6NR8-alt-1_assembled,47.04849158016075
337,28,A,0.0,Q99832,10.58,/6NR8-alt-1_assembled,70.10359286730505
338,41,A,0.0,Q99832,10.21,/6NR8-alt-1_assembled,29.62312432824936
339,42,A,0.0,Q99832,9.78,/6NR8-alt-1_assembled,54.420762340584794
340,73,A,0.0,Q99832,10.36,/6NR8-alt-1_assembled,20.106192982974676
341,83,A,0.0,Q99832,9.64,/6NR8-alt-1_assembled,63.53556982619998
342,85,A,0.0,Q99832,10.83,/6NR8-alt-1_assembled,62.195156960668335
343,92,A,0.0,Q99832,10.32,/6NR8-alt-1_assembled,62.06111567411517
344,98,A,0.0,Q99832,10.45,/6NR8-alt-1_assembled,35.38689965003544
345,106,A,0.0,Q99832,10.68,/6NR8-alt-1_assembled,57.77179450441391
346,43,B,0.0,Q99832,10.07,/6NR8-alt-1_assembled,48.65698701879872
347,62,B,0.0,Q99832,10.7,/6NR8-alt-1_assembled,50.667606317096194
348,69,B,0.0,Q99832,11.49,/6NR8-alt-1_assembled,34.44861064416328
349,84,B,0.0,Q99832,10.64,/6NR8-alt-1_assembled,66.61851941692277
350,94,B,0.0,Q99832,10.36,/6NR8-alt-1_assembled,26.272092164420243
351,99,B,0.0,Q99832,10.55,/6NR8-alt-1_assembled,73.58866631768731
352,111,B,0.0,Q99832,10.63,/6NR8-alt-1_assembled,47.45061543982024
353,113,B,0.0,Q99832,9.67,/6NR8-alt-1_assembled,29.48908304169619
354,121,B,0.0,Q99832,10.48,/6NR8-alt-1_assembled,45.30595485496961
355,51,C,0.0,Q99832,10.58,/6NR8-alt-1_assembled,73.320583744581
356,52,C,0.0,Q99832,9.8,/6NR8-alt-1_assembled,14.610500234294932
357,59,C,0.0,Q99832,10.1,/6NR8-alt-1_assembled,31.63374362654683
358,61,C,0.0,Q99832,10.56,/6NR8-alt-1_assembled,64.33981754551897
359,70,C,0.0,Q99832,9.52,/6NR8-alt-1_assembled,44.76978970875695
360,71,C,0.0,Q99832,10.35,/6NR8-alt-1_assembled,36.057106082801255
361,75,C,0.0,Q99832,10.05,/6NR8-alt-1_assembled,62.32919824722151
362,82,C,0.0,Q99832,10.42,/6NR8-alt-1_assembled,47.45061543982024
363,89,C,0.0,Q99832,10.56,/6NR8-alt-1_assembled,35.25285836348227
364,93,C,0.0,Q99832,8.84,/6NR8-alt-1_assembled,9.516931345274681
365,94,C,0.0,Q99832,10.04,/6NR8-alt-1_assembled,12.599880935997465
366,95,C,0.0,Q99832,10.77,/6NR8-alt-1_assembled,52.142060469181004
367,114,C,0.0,Q99832,8.59,/6NR8-alt-1_assembled,43.8315007028848
368,122,C,0.0,Q99832,10.95,/6NR8-alt-1_assembled,28.14867017616455
369,146,C,0.0,Q99832,10.41,/6NR8-alt-1_assembled,70.90784058662405
370,153,C,0.0,Q99832,10.85,/6NR8-alt-1_assembled,57.905835790967075
371,40,H,0.0,Q99832,7.96,/6NR8-alt-1_assembled,10.589261637699996
372,46,P,0.0,Q99832,8.72,/6NR8-alt-1_assembled,11.661591930125315
373,72,P,0.0,Q99832,8.92,/6NR8-alt-1_assembled,40.34642725250252
374,82,P,0.0,Q99832,9.29,/6NR8-alt-1_assembled,34.31456935761012
375,119,P,0.0,Q99832,9.67,/6NR8-alt-1_assembled,63.93769368585948
376,120,P,0.0,Q99832,10.1,/6NR8-alt-1_assembled,80.02264807223922
377,135,H,0.0,Q99832,10.62,/6NR8-alt-1_assembled,74.92907918321897
378,154,H,0.0,Q99832,10.29,/6NR8-alt-1_assembled,41.41875754492783
379,170,P,0.0,Q99832,11.16,/6NR8-alt-1_assembled,9.248848772168353
380,176,P,0.0,Q99832,9.74,/6NR8-alt-1_assembled,39.542179533183536
381,181,P,0.0,Q99832,10.22,/6NR8-alt-1_assembled,51.60589532296834
382,191,H,0.0,Q99832,10.49,/6NR8-alt-1_assembled,80.55881321845189
383,203,H,0.0,Q99832,10.51,/6NR8-alt-1_assembled,29.757165614802524
384,204,P,0.0,Q99832,8.73,/6NR8-alt-1_assembled,3.485073450382278
385,222,H,0.0,Q99832,10.4,/6NR8-alt-1_assembled,9.114807485615188
386,223,H,0.0,Q99832,10.92,/6NR8-alt-1_assembled,51.33781274986202
387,230,H,0.0,Q99832,10.25,/6NR8-alt-1_assembled,41.016633685268346
388,236,P,0.0,Q99832,10.09,/6NR8-alt-1_assembled,62.19515696066834
389,248,H,0.0,Q99832,8.95,/6NR8-alt-1_assembled,16.621119532592402
390,250,P,0.0,Q99832,10.15,/6NR8-alt-1_assembled,41.68684011803417
391,263,H,0.0,Q99832,9.9,/6NR8-alt-1_assembled,26.808257310632904
392,272,P,0.0,Q99832,10.5,/6NR8-alt-1_assembled,15.816871813273412
393,274,H,0.0,Q99832,10.29,/6NR8-alt-1_assembled,17.291325965358222
394,276,P,0.0,Q99832,10.09,/6NR8-alt-1_assembled,71.17592315973036
395,278,H,0.0,Q99832,8.43,/6NR8-alt-1_assembled,23.457225146803793
396,284,H,0.0,Q99832,10.36,/6NR8-alt-1_assembled,56.56542292543543
397,342,P,0.0,Q99832,10.41,/6NR8-alt-1_assembled,45.03787228186328
398,347,P,0.0,Q99832,10.42,/6NR8-alt-1_assembled,89.67362070406708
399,358,P,0.0,Q99832,9.81,/6NR8-alt-1_assembled,48.92506959190506
400,402,H,0.0,Q99832,10.13,/6NR8-alt-1_assembled,53.61651462126581
401,441,H,0.0,Q99832,9.75,/6NR8-alt-1_assembled,43.69745941633164
402,500,P,0.0,Q99832,10.17,/6NR8-alt-1_assembled,24.261472866122773
403,29,R,0.0,Q99832,10.11,/6NR8-alt-1_assembled,58.57604222373289
404,42,J,0.0,Q99832,9.33,/6NR8-alt-1_assembled,18.899821403996196
405,55,R,0.0,Q99832,7.35,/6NR8-alt-1_assembled,6.299940467998732
406,65,J,0.0,Q99832,10.87,/6NR8-alt-1_assembled,57.50371193130758
407,79,R,0.0,Q99832,9.12,/6NR8-alt-1_assembled,23.591266433356957
408,96,R,0.0,Q99832,10.38,/6NR8-alt-1_assembled,42.75917041045949
409,122,R,0.0,Q99832,9.23,/6NR8-alt-1_assembled,35.118817076929105
410,126,R,0.0,Q99832,8.46,/6NR8-alt-1_assembled,27.076339883739237
411,139,R,0.0,Q99832,10.91,/6NR8-alt-1_assembled,51.069730176755684
412,143,J,0.0,Q99832,8.45,/6NR8-alt-1_assembled,13.672211228422782
413,174,R,0.0,Q99832,10.44,/6NR8-alt-1_assembled,27.88058760305822
414,193,R,0.0,Q99832,9.82,/6NR8-alt-1_assembled,28.684835322377207
415,209,J,0.0,Q99832,8.89,/6NR8-alt-1_assembled,29.221000468589864
416,212,R,0.0,Q99832,11.07,/6NR8-alt-1_assembled,26.004009591313917
417,213,R,0.0,Q99832,8.37,/6NR8-alt-1_assembled,4.423362456254429
418,232,J,0.0,Q99832,9.63,/6NR8-alt-1_assembled,11.125426783912655
419,243,R,0.0,Q99832,10.21,/6NR8-alt-1_assembled,65.27810655139112
420,245,R,0.0,Q99832,9.9,/6NR8-alt-1_assembled,38.73793181386455
421,257,J,0.0,Q99832,9.7,/6NR8-alt-1_assembled,50.93568889020252
422,288,J,0.0,Q99832,9.73,/6NR8-alt-1_assembled,45.70807871462911
423,291,R,0.0,Q99832,9.41,/6NR8-alt-1_assembled,36.99539508867341
424,292,R,0.0,Q99832,10.13,/6NR8-alt-1_assembled,46.37828514739492
425,302,R,0.0,Q99832,10.37,/6NR8-alt-1_assembled,49.99739988433036
426,319,J,0.0,Q99832,10.05,/6NR8-alt-1_assembled,58.5760422237329
427,321,J,0.0,Q99832,10.28,/6NR8-alt-1_assembled,68.36105614211391
428,326,R,0.0,Q99832,10.67,/6NR8-alt-1_assembled,46.646367720501246
429,338,J,0.0,Q99832,9.21,/6NR8-alt-1_assembled,35.9230647962481
430,343,J,0.0,Q99832,10.07,/6NR8-alt-1_assembled,48.92506959190506
431,372,R,0.0,Q99832,10.4,/6NR8-alt-1_assembled,41.016633685268346
432,375,J,0.0,Q99832,8.28,/6NR8-alt-1_assembled,14.074335088082275
433,384,J,0.0,Q99832,10.59,/6NR8-alt-1_assembled,43.69745941633164
434,395,J,0.0,Q99832,9.17,/6NR8-alt-1_assembled,48.65698701879872
435,417,R,0.0,Q99832,9.05,/6NR8-alt-1_assembled,34.98477579037594
436,418,J,0.0,Q99832,9.71,/6NR8-alt-1_assembled,47.9867805860329
437,489,J,0.0,Q99832,8.86,/6NR8-alt-1_assembled,8.3105597662962
438,497,J,0.0,Q99832,9.93,/6NR8-alt-1_assembled,41.28471625837467
439,59,R,0.0,Q99832,7.17,/6NR8-alt-1_assembled,1.8765780117443034
440,41,L,0.0,Q99832,8.1,/6NR8-alt-1_assembled,7.908435906636706
441,55,T,0.0,Q99832,9.48,/6NR8-alt-1_assembled,22.921060000591133
442,58,L,0.0,Q99832,5.56,/6NR8-alt-1_assembled,0.4021238596594936
443,79,T,0.0,Q99832,9.84,/6NR8-alt-1_assembled,67.15468456313543
444,104,T,0.0,Q99832,9.85,/6NR8-alt-1_assembled,38.603890527311385
445,127,L,0.0,Q99832,9.26,/6NR8-alt-1_assembled,14.610500234294932
446,129,L,0.0,Q99832,9.01,/6NR8-alt-1_assembled,20.7763994157405
447,138,L,0.0,Q99832,11.0,/6NR8-alt-1_assembled,33.37628035173797
448,159,T,0.0,Q99832,12.58,/6NR8-alt-1_assembled,5.763775321786074
449,180,L,0.0,Q99832,8.6,/6NR8-alt-1_assembled,22.652977427484803
450,181,L,0.0,Q99832,9.75,/6NR8-alt-1_assembled,56.833505498541754
451,197,T,0.0,Q99832,10.38,/6NR8-alt-1_assembled,78.81627649326074
452,199,L,0.0,Q99832,9.57,/6NR8-alt-1_assembled,36.593271229013915
453,222,L,0.0,Q99832,9.42,/6NR8-alt-1_assembled,16.487078246039236
454,223,T,0.0,Q99832,9.87,/6NR8-alt-1_assembled,32.706073918972145
455,241,L,0.0,Q99832,10.1,/6NR8-alt-1_assembled,31.633743626546828
456,251,L,0.0,Q99832,10.34,/6NR8-alt-1_assembled,29.489083041696198
457,258,T,0.0,Q99832,10.42,/6NR8-alt-1_assembled,81.76518479743036
458,261,L,0.0,Q99832,10.16,/6NR8-alt-1_assembled,40.078344679396196
459,265,L,0.0,Q99832,10.23,/6NR8-alt-1_assembled,62.46323953377467
460,272,L,0.0,Q99832,10.38,/6NR8-alt-1_assembled,59.11220736994555
461,273,L,0.0,Q99832,11.01,/6NR8-alt-1_assembled,23.45722514680379
462,278,L,0.0,Q99832,9.63,/6NR8-alt-1_assembled,2.6808257310632904
463,280,L,0.0,Q99832,10.35,/6NR8-alt-1_assembled,31.767784913099995
464,287,T,0.0,Q99832,10.81,/6NR8-alt-1_assembled,40.34642725250252
465,295,L,0.0,Q99832,9.3,/6NR8-alt-1_assembled,35.118817076929105
466,307,L,0.0,Q99832,10.47,/6NR8-alt-1_assembled,72.65037731181518
467,317,L,0.0,Q99832,10.09,/6NR8-alt-1_assembled,41.28471625837467
468,359,T,0.0,Q99832,10.25,/6NR8-alt-1_assembled,43.69745941633163
469,365,L,0.0,Q99832,10.25,/6NR8-alt-1_assembled,73.320583744581
470,377,T,0.0,Q99832,9.07,/6NR8-alt-1_assembled,3.082949590722784
471,381,L,0.0,Q99832,8.68,/6NR8-alt-1_assembled,13.002004795656958
472,388,T,0.0,Q99832,9.51,/6NR8-alt-1_assembled,21.714688421612653
473,399,T,0.0,Q99832,8.91,/6NR8-alt-1_assembled,0.0
474,424,T,0.0,Q99832,8.79,/6NR8-alt-1_assembled,28.014628889611387
475,426,L,0.0,Q99832,9.64,/6NR8-alt-1_assembled,30.963537193781004
476,430,L,0.0,Q99832,10.12,/6NR8-alt-1_assembled,81.6311435108772
477,449,T,0.0,Q99832,9.04,/6NR8-alt-1_assembled,18.09557368467721
478,465,T,0.0,Q99832,8.23,/6NR8-alt-1_assembled,33.91244549795063
479,501,L,0.0,Q99832,8.52,/6NR8-alt-1_assembled,8.310559766296201
480,502,L,0.0,Q99832,9.94,/6NR8-alt-1_assembled,33.51032163829113
481,55,M,0.0,Q99832,10.05,/6NR8-alt-1_assembled,55.22501005990379
482,67,U,0.0,Q99832,9.72,/6NR8-alt-1_assembled,42.22300526424682
483,77,M,0.0,Q99832,8.94,/6NR8-alt-1_assembled,20.7763994157405
484,84,M,0.0,Q99832,9.15,/6NR8-alt-1_assembled,20.7763994157405
485,106,U,0.0,Q99832,8.03,/6NR8-alt-1_assembled,17.42536725191139
486,109,M,0.0,Q99832,9.23,/6NR8-alt-1_assembled,23.457225146803793
487,135,U,0.0,Q99832,9.66,/6NR8-alt-1_assembled,32.84011520552531
488,137,M,0.0,Q99832,9.3,/6NR8-alt-1_assembled,28.14867017616455
489,144,U,0.0,Q99832,8.62,/6NR8-alt-1_assembled,11.795633216678478
490,145,M,0.0,Q99832,10.32,/6NR8-alt-1_assembled,74.66099661011265
491,148,M,0.0,Q99832,9.18,/6NR8-alt-1_assembled,28.684835322377207
492,153,M,0.0,Q99832,10.49,/6NR8-alt-1_assembled,45.842120001182266
493,157,U,0.0,Q99832,8.93,/6NR8-alt-1_assembled,38.871973100417705
494,166,M,0.0,Q99832,8.0,/6NR8-alt-1_assembled,51.605895322968344
495,172,M,0.0,Q99832,9.84,/6NR8-alt-1_assembled,33.108197778631634
496,177,M,0.0,Q99832,10.36,/6NR8-alt-1_assembled,38.60389052731138
497,193,U,0.0,Q99832,9.23,/6NR8-alt-1_assembled,34.18052807105695
498,198,M,0.0,Q99832,7.04,/6NR8-alt-1_assembled,3.619114736935442
499,199,M,0.0,Q99832,9.53,/6NR8-alt-1_assembled,17.961532398124046
500,217,M,0.0,Q99832,9.74,/6NR8-alt-1_assembled,38.067725381098725
501,218,M,0.0,Q99832,10.19,/6NR8-alt-1_assembled,66.35043684381644
502,230,U,0.0,Q99832,10.4,/6NR8-alt-1_assembled,41.016633685268346
503,231,U,0.0,Q99832,10.48,/6NR8-alt-1_assembled,54.822886200244284
504,236,M,0.0,Q99832,9.86,/6NR8-alt-1_assembled,34.44861064416328
505,247,M,0.0,Q99832,9.28,/6NR8-alt-1_assembled,44.23362456254429
506,250,M,0.0,Q99832,9.44,/6NR8-alt-1_assembled,37.53156023488607
507,280,M,0.0,Q99832,9.22,/6NR8-alt-1_assembled,29.891206901355687
508,287,M,0.0,Q99832,9.61,/6NR8-alt-1_assembled,38.60389052731138
509,292,M,0.0,Q99832,9.99,/6NR8-alt-1_assembled,25.467844445101257
510,320,M,0.0,Q99832,10.23,/6NR8-alt-1_assembled,52.81226690194683
511,366,M,0.0,Q99832,9.94,/6NR8-alt-1_assembled,44.367665849097456
512,368,M,0.0,Q99832,10.31,/6NR8-alt-1_assembled,43.56341812977847
513,401,U,0.0,Q99832,10.44,/6NR8-alt-1_assembled,76.6716159084101
514,418,U,0.0,Q99832,8.97,/6NR8-alt-1_assembled,21.31256456195316
515,430,M,0.0,Q99832,9.53,/6NR8-alt-1_assembled,47.58465672637341
516,440,U,0.0,Q99832,8.89,/6NR8-alt-1_assembled,36.72731251556708
517,463,M,0.0,Q99832,8.82,/6NR8-alt-1_assembled,28.14867017616455
518,277,U,0.0,Q99832,9.49,/6NR8-alt-1_assembled,48.92506959190506
519,16,N,0.0,Q99832,8.61,/6NR8-alt-1_assembled,8.846724912508858
520,20,N,0.0,Q99832,10.06,/6NR8-alt-1_assembled,31.767784913099995
521,37,N,0.0,Q99832,10.32,/6NR8-alt-1_assembled,46.37828514739492
522,62,N,0.0,Q99832,10.24,/6NR8-alt-1_assembled,44.769789708756946
523,84,V,0.0,Q99832,9.41,/6NR8-alt-1_assembled,37.26347766177974
524,138,V,0.0,Q99832,10.45,/6NR8-alt-1_assembled,33.778404211397465
525,152,V,0.0,Q99832,9.99,/6NR8-alt-1_assembled,39.2740969600772
526,171,V,0.0,Q99832,11.5,/6NR8-alt-1_assembled,0.9382890058721516
527,181,N,0.0,Q99832,11.13,/6NR8-alt-1_assembled,27.344422456845564
528,206,V,0.0,Q99832,11.14,/6NR8-alt-1_assembled,27.344422456845564
529,224,V,0.0,Q99832,9.55,/6NR8-alt-1_assembled,18.229614971230376
530,225,N,0.0,Q99832,10.29,/6NR8-alt-1_assembled,34.180528071056955
531,235,N,0.0,Q99832,10.24,/6NR8-alt-1_assembled,55.22501005990378
532,238,V,0.0,Q99832,10.0,/6NR8-alt-1_assembled,44.23362456254429
533,270,N,0.0,Q99832,10.22,/6NR8-alt-1_assembled,58.844124796839225
534,281,N,0.0,Q99832,10.97,/6NR8-alt-1_assembled,45.97616128773544
535,296,N,0.0,Q99832,10.16,/6NR8-alt-1_assembled,44.23362456254429
536,307,N,0.0,Q99832,10.4,/6NR8-alt-1_assembled,72.24825345215568
537,318,N,0.0,Q99832,10.11,/6NR8-alt-1_assembled,69.1653038614329
538,326,N,0.0,Q99832,8.52,/6NR8-alt-1_assembled,35.520940936588595
539,364,V,0.0,Q99832,10.3,/6NR8-alt-1_assembled,41.016633685268346
540,367,N,0.0,Q99832,10.17,/6NR8-alt-1_assembled,40.61450982560885
541,400,V,0.0,Q99832,8.23,/6NR8-alt-1_assembled,23.859349006463283
542,406,N,0.0,Q99832,8.18,/6NR8-alt-1_assembled,4.0212385965949355
543,421,N,0.0,Q99832,8.29,/6NR8-alt-1_assembled,8.712683625955693
544,439,N,0.0,Q99832,5.43,/6NR8-alt-1_assembled,16.218995672932905
545,440,V,0.0,Q99832,8.66,/6NR8-alt-1_assembled,23.323183860250627
546,459,V,0.0,Q99832,9.85,/6NR8-alt-1_assembled,58.97816608339238
547,466,V,0.0,Q99832,8.39,/6NR8-alt-1_assembled,15.146665380507589
548,476,V,0.0,Q99832,10.88,/6NR8-alt-1_assembled,22.652977427484803
549,490,N,0.0,Q99832,10.41,/6NR8-alt-1_assembled,21.982770994718983
550,504,N,0.0,Q99832,10.36,/6NR8-alt-1_assembled,28.416752749270884
551,509,V,0.0,Q99832,9.72,/6NR8-alt-1_assembled,47.85273929947974
552,254,V,0.0,Q99832,10.27,/6NR8-alt-1_assembled,40.480468539055686
553,260,V,0.0,Q99832,10.44,/6NR8-alt-1_assembled,86.05450596713163
554,35,K,0.0,Q99832,11.0,/6NR8-alt-1_assembled,39.54217953318354
555,42,S,0.0,Q99832,9.9,/6NR8-alt-1_assembled,37.531560234886065
556,89,K,0.0,Q99832,10.41,/6NR8-alt-1_assembled,39.81026210628986
557,96,S,0.0,Q99832,10.68,/6NR8-alt-1_assembled,62.99940467998732
558,150,K,0.0,Q99832,10.34,/6NR8-alt-1_assembled,45.30595485496961
559,160,K,0.0,Q99832,10.41,/6NR8-alt-1_assembled,75.33120304287847
560,170,K,0.0,Q99832,10.54,/6NR8-alt-1_assembled,47.718698012926566
561,176,K,0.0,Q99832,8.08,/6NR8-alt-1_assembled,21.178523275399993
562,210,K,0.0,Q99832,10.38,/6NR8-alt-1_assembled,58.30795965062657
563,214,K,0.0,Q99832,10.5,/6NR8-alt-1_assembled,41.016633685268346
564,223,K,0.0,Q99832,9.53,/6NR8-alt-1_assembled,42.08896397769366
565,226,K,0.0,Q99832,10.63,/6NR8-alt-1_assembled,28.95291789548354
566,232,K,0.0,Q99832,7.74,/6NR8-alt-1_assembled,1.3404128655316452
567,241,K,0.0,Q99832,10.4,/6NR8-alt-1_assembled,51.47185403641518
568,242,K,0.0,Q99832,9.51,/6NR8-alt-1_assembled,18.229614971230376
569,247,S,0.0,Q99832,9.89,/6NR8-alt-1_assembled,44.23362456254429
570,259,S,0.0,Q99832,10.33,/6NR8-alt-1_assembled,29.489083041696198
571,261,S,0.0,Q99832,10.33,/6NR8-alt-1_assembled,67.15468456313543
572,263,K,0.0,Q99832,10.4,/6NR8-alt-1_assembled,74.7950378966658
573,265,S,0.0,Q99832,10.05,/6NR8-alt-1_assembled,83.64176280917468
574,275,K,0.0,Q99832,10.36,/6NR8-alt-1_assembled,60.72070280858353
575,279,K,0.0,Q99832,10.23,/6NR8-alt-1_assembled,69.70146900764556
576,282,K,0.0,Q99832,9.19,/6NR8-alt-1_assembled,31.767784913099995
577,284,S,0.0,Q99832,11.5,/6NR8-alt-1_assembled,55.090968773350625
578,293,K,0.0,Q99832,10.32,/6NR8-alt-1_assembled,39.81026210628987
579,352,S,0.0,Q99832,10.45,/6NR8-alt-1_assembled,13.136046082210125
580,368,K,0.0,Q99832,10.14,/6NR8-alt-1_assembled,41.954922691140496
581,370,K,0.0,Q99832,10.15,/6NR8-alt-1_assembled,41.954922691140496
582,378,K,0.0,Q99832,10.35,/6NR8-alt-1_assembled,47.04849158016075
583,392,K,0.0,Q99832,10.32,/6NR8-alt-1_assembled,72.78441859836833
584,399,K,0.0,Q99832,10.08,/6NR8-alt-1_assembled,19.167903977102526
585,439,K,0.0,Q99832,10.51,/6NR8-alt-1_assembled,52.67822561539366
586,483,K,0.0,Q99832,10.14,/6NR8-alt-1_assembled,58.71008351028607
587,496,K,0.0,Q99832,9.9,/6NR8-alt-1_assembled,45.03787228186329
588,502,K,0.0,Q99832,10.42,/6NR8-alt-1_assembled,40.74855111216202
589,513,K,0.0,Q99832,11.74,/6NR8-alt-1_assembled,21.580647135059486
590,514,K,0.0,Q99832,9.45,/6NR8-alt-1_assembled,51.20377146330885
591,535,K,0.0,Q99832,9.81,/6NR8-alt-1_assembled,16.353036959486072
592,25,S,0.0,Q99832,9.36,/6NR8-alt-1_assembled,37.26347766177974
593,59,S,0.0,Q99832,7.51,/6NR8-alt-1_assembled,11.393509357018985
594,529,S,0.0,Q99832,9.9,/6NR8-alt-1_assembled,14.476458947741769
595,22,D,0.0,Q99832,9.56,/6NR8-alt-1_assembled,20.508316842634173
596,25,D,0.0,Q99832,9.72,/6NR8-alt-1_assembled,65.81427169760379
597,37,D,0.0,Q99832,10.32,/6NR8-alt-1_assembled,62.865363393434166
598,43,D,0.0,Q99832,10.88,/6NR8-alt-1_assembled,24.931679298888604
599,44,D,0.0,Q99832,10.12,/6NR8-alt-1_assembled,49.59527602467087
600,45,D,0.0,Q99832,10.35,/6NR8-alt-1_assembled,69.96955158075188
601,91,D,0.0,Q99832,11.23,/6NR8-alt-1_assembled,13.404128655316452
602,92,D,0.0,Q99832,10.63,/6NR8-alt-1_assembled,46.37828514739493
603,116,D,0.0,Q99832,10.01,/6NR8-alt-1_assembled,46.37828514739492
604,19,E,0.0,Q99832,10.39,/6NR8-alt-1_assembled,39.006014386970875
605,37,E,0.0,Q99832,10.09,/6NR8-alt-1_assembled,48.65698701879872
606,42,E,0.0,Q99832,9.39,/6NR8-alt-1_assembled,19.83811040986835
607,47,E,0.0,Q99832,9.0,/6NR8-alt-1_assembled,25.73592701820759
608,55,E,0.0,Q99832,10.33,/6NR8-alt-1_assembled,77.34182234117594
609,60,E,0.0,Q99832,9.61,/6NR8-alt-1_assembled,22.921060000591133
610,100,E,0.0,Q99832,9.59,/6NR8-alt-1_assembled,20.508316842634173
611,104,E,0.0,Q99832,11.39,/6NR8-alt-1_assembled,55.76117520611644
612,106,E,0.0,Q99832,7.88,/6NR8-alt-1_assembled,21.982770994718983
613,112,E,0.0,Q99832,10.37,/6NR8-alt-1_assembled,72.24825345215568
614,116,E,0.0,Q99832,10.02,/6NR8-alt-1_assembled,52.142060469181004
615,124,E,0.0,Q99832,11.22,/6NR8-alt-1_assembled,34.98477579037594
616,128,E,0.0,Q99832,10.0,/6NR8-alt-1_assembled,8.980766199062023
617,15,F,0.0,Q99832,10.53,/6NR8-alt-1_assembled,49.46123473811771
618,21,F,0.0,Q99832,10.25,/6NR8-alt-1_assembled,57.23562935820125
619,25,F,0.0,Q99832,10.57,/6NR8-alt-1_assembled,53.75055590781897
620,32,F,0.0,Q99832,8.26,/6NR8-alt-1_assembled,10.857344210806327
621,44,F,0.0,Q99832,8.68,/6NR8-alt-1_assembled,20.910440702293666
622,66,F,0.0,Q99832,10.73,/6NR8-alt-1_assembled,51.87397789607468
623,78,F,0.0,Q99832,9.81,/6NR8-alt-1_assembled,67.2887258496886
624,88,F,0.0,Q99832,10.38,/6NR8-alt-1_assembled,54.152679767478475
625,33,O,0.0,Q99832,8.06,/6NR8-alt-1_assembled,21.84872970816582
626,43,O,0.0,Q99832,8.68,/6NR8-alt-1_assembled,4.959527602467087
627,63,G,0.0,Q99832,10.74,/6NR8-alt-1_assembled,51.87397789607467
628,73,G,0.0,Q99832,10.44,/6NR8-alt-1_assembled,50.66760631709619
629,84,O,0.0,Q99832,10.78,/6NR8-alt-1_assembled,53.48247333471265
630,102,G,0.0,Q99832,10.19,/6NR8-alt-1_assembled,60.4526202354772
631,109,G,0.0,Q99832,10.61,/6NR8-alt-1_assembled,47.9867805860329
632,111,O,0.0,Q99832,5.56,/6NR8-alt-1_assembled,7.908435906636706
633,126,O,0.0,Q99832,9.77,/6NR8-alt-1_assembled,51.87397789607467
634,153,G,0.0,Q99832,9.96,/6NR8-alt-1_assembled,33.51032163829113
635,159,G,0.0,Q99832,9.62,/6NR8-alt-1_assembled,22.921060000591133
636,180,G,0.0,Q99832,9.25,/6NR8-alt-1_assembled,43.8315007028848
637,199,G,0.0,Q99832,9.3,/6NR8-alt-1_assembled,17.023243392251896
638,227,G,0.0,Q99832,10.01,/6NR8-alt-1_assembled,40.88259239871518
639,233,G,0.0,Q99832,10.19,/6NR8-alt-1_assembled,35.92306479624809
640,243,O,0.0,Q99832,7.78,/6NR8-alt-1_assembled,26.138050877867084
641,245,G,0.0,Q99832,9.76,/6NR8-alt-1_assembled,72.9184598849215
642,259,G,0.0,Q99832,10.22,/6NR8-alt-1_assembled,40.61450982560885
643,272,O,0.0,Q99832,9.33,/6NR8-alt-1_assembled,48.3889044456924
644,277,O,0.0,Q99832,10.19,/6NR8-alt-1_assembled,29.221000468589867
645,298,O,0.0,Q99832,9.77,/6NR8-alt-1_assembled,18.765780117443033
646,313,G,0.0,Q99832,10.38,/6NR8-alt-1_assembled,31.90182619965316
647,317,G,0.0,Q99832,9.67,/6NR8-alt-1_assembled,57.36967064475442
648,321,G,0.0,Q99832,8.09,/6NR8-alt-1_assembled,12.197757076337972
649,365,G,0.0,Q99832,9.49,/6NR8-alt-1_assembled,20.37427555608101
650,368,O,0.0,Q99832,10.12,/6NR8-alt-1_assembled,42.22300526424682
651,400,O,0.0,Q99832,9.62,/6NR8-alt-1_assembled,25.46784444510126
652,406,G,0.0,Q99832,9.81,/6NR8-alt-1_assembled,46.24424386084176
653,466,G,0.0,Q99832,10.17,/6NR8-alt-1_assembled,56.029257779222775
654,481,G,0.0,Q99832,10.03,/6NR8-alt-1_assembled,55.76117520611645
655,484,O,0.0,Q99832,7.82,/6NR8-alt-1_assembled,1.6084954386379744
656,494,G,0.0,Q99832,9.19,/6NR8-alt-1_assembled,46.37828514739493
657,499,O,0.0,Q99832,9.05,/6NR8-alt-1_assembled,18.229614971230376
658,510,O,0.0,Q99832,10.61,/6NR8-alt-1_assembled,24.127431579569617
659,512,O,0.0,Q99832,9.2,/6NR8-alt-1_assembled,18.229614971230372
660,515,O,0.0,Q99832,9.52,/6NR8-alt-1_assembled,45.97616128773544
661,247,O,0.0,Q99832,10.34,/6NR8-alt-1_assembled,32.57203263241898
662,532,O,0.0,Q99832,9.47,/6NR8-alt-1_assembled,34.180528071056955
663,21,I,0.0,Q99832,10.28,/6NR8-alt-1_assembled,72.65037731181518
664,31,I,0.0,Q99832,10.33,/6NR8-alt-1_assembled,59.782413802711375
665,48,Q,0.0,Q99832,8.57,/6NR8-alt-1_assembled,9.650972631827845
666,78,I,0.0,Q99832,9.54,/6NR8-alt-1_assembled,37.66560152143923
667,128,Q,0.0,Q99832,10.46,/6NR8-alt-1_assembled,41.41875754492784
668,138,Q,0.0,Q99832,9.76,/6NR8-alt-1_assembled,40.74855111216201
669,139,I,0.0,Q99832,10.2,/6NR8-alt-1_assembled,54.152679767478475
670,163,Q,0.0,Q99832,10.62,/6NR8-alt-1_assembled,31.901826199653158
671,181,Q,0.0,Q99832,9.03,/6NR8-alt-1_assembled,17.827491111570883
672,191,Q,0.0,Q99832,10.18,/6NR8-alt-1_assembled,61.52495052790252
673,196,I,0.0,Q99832,9.1,/6NR8-alt-1_assembled,41.95492269114049
674,197,I,0.0,Q99832,9.29,/6NR8-alt-1_assembled,57.50371193130758
675,203,I,0.0,Q99832,9.91,/6NR8-alt-1_assembled,36.72731251556708
676,222,I,0.0,Q99832,8.83,/6NR8-alt-1_assembled,21.58064713505949
677,234,Q,0.0,Q99832,10.08,/6NR8-alt-1_assembled,49.99739988433036
678,248,I,0.0,Q99832,8.39,/6NR8-alt-1_assembled,22.921060000591133
679,249,Q,0.0,Q99832,8.85,/6NR8-alt-1_assembled,56.83350549854176
680,286,Q,0.0,Q99832,10.24,/6NR8-alt-1_assembled,58.844124796839225
681,294,Q,0.0,Q99832,9.8,/6NR8-alt-1_assembled,69.43338643453923
682,317,I,0.0,Q99832,9.88,/6NR8-alt-1_assembled,65.81427169760379
683,353,I,0.0,Q99832,9.37,/6NR8-alt-1_assembled,38.73793181386455
684,354,Q,0.0,Q99832,10.56,/6NR8-alt-1_assembled,47.45061543982024
685,367,Q,0.0,Q99832,9.51,/6NR8-alt-1_assembled,47.04849158016074
686,370,Q,0.0,Q99832,9.07,/6NR8-alt-1_assembled,0.13404128655316452
687,381,I,0.0,Q99832,9.59,/6NR8-alt-1_assembled,41.552798831481
688,425,I,0.0,Q99832,10.25,/6NR8-alt-1_assembled,25.199761871994927
689,427,Q,0.0,Q99832,8.69,/6NR8-alt-1_assembled,39.944303392843025
690,469,Q,0.0,Q99832,7.41,/6NR8-alt-1_assembled,1.2063715789784806
691,491,Q,0.0,Q99832,10.49,/6NR8-alt-1_assembled,55.09096877335061
692,502,I,0.0,Q99832,12.66,/6NR8-alt-1_assembled,15.146665380507592
693,507,I,0.0,Q99832,9.67,/6NR8-alt-1_assembled,44.50170713565062
694,15,Q,0.0,Q99832,10.4,/6NR8-alt-1_assembled,40.21238596594936
695,6,A,74.41,P62807,10.45,/AF-P62807-F1-model_v1,98.52034561657592
696,12,A,77.73,P62807,10.48,/AF-P62807-F1-model_v1,107.63515310219111
697,13,A,77.83,P62807,10.48,/AF-P62807-F1-model_v1,96.24164374517213
698,16,A,76.26,P62807,10.48,/AF-P62807-F1-model_v1,95.97356117206581
699,17,A,77.26,P62807,10.47,/AF-P62807-F1-model_v1,97.98418047036327
700,21,A,74.52,P62807,10.47,/AF-P62807-F1-model_v1,96.24164374517213
701,44,A,95.2,P62807,10.47,/AF-P62807-F1-model_v1,93.694859300662
702,47,A,97.63,P62807,10.35,/AF-P62807-F1-model_v1,36.191147369354425
703,58,A,97.06,P62807,10.46,/AF-P62807-F1-model_v1,108.70748339461643
704,86,A,96.92,P62807,10.46,/AF-P62807-F1-model_v1,104.95432737112782
705,109,A,95.4,P62807,11.15,/AF-P62807-F1-model_v1,75.86736818909112
706,117,A,92.27,P62807,11.47,/AF-P62807-F1-model_v1,69.43338643453922
707,121,A,92.78,P62807,10.39,/AF-P62807-F1-model_v1,106.42878152321263
708,37,B,0.0,P62807,10.5,/5GT0-alt-1_assembled,89.40553813096074
709,79,A,0.0,P62807,10.18,/5GT0-alt-1_assembled,40.74855111216202
710,115,B,0.0,P62807,9.71,/5GT0-alt-1_assembled,66.08235427071011
711,122,A,0.0,P62807,10.22,/5GT0-alt-1_assembled,52.008019182627834
712,56,B,0.0,P62807,10.5,/5GT0-alt-1_assembled,92.89061158134302
713,31,C,0.0,P62807,8.11,/5GT0-alt-1_assembled,52.946308188499984
714,44,C,0.0,P62807,8.9,/5GT0-alt-1_assembled,30.695454620674674
715,59,C,0.0,P62807,11.5,/5GT0-alt-1_assembled,68.09297356900758
716,77,D,0.0,P62807,9.68,/5GT0-alt-1_assembled,70.23763415385821
717,79,C,0.0,P62807,10.36,/5GT0-alt-1_assembled,55.89521649266961
718,91,D,0.0,P62807,9.53,/5GT0-alt-1_assembled,49.8633585977772
719,20,D,0.0,P62807,10.31,/5GT0-alt-1_assembled,103.74795579214934
720,15,F,0.0,P62807,9.8,/5GT0-alt-1_assembled,52.81226690194683
721,36,E,0.0,P62807,9.56,/5GT0-alt-1_assembled,81.76518479743035
722,74,F,0.0,P62807,10.52,/5GT0-alt-1_assembled,80.55881321845189
723,95,E,0.0,P62807,9.65,/5GT0-alt-1_assembled,75.73332690253795
724,118,E,0.0,P62807,10.33,/5GT0-alt-1_assembled,84.58005181504683
725,119,E,0.0,P62807,10.45,/5GT0-alt-1_assembled,88.06512526542909
726,75,F,0.0,P62807,9.73,/5GT0-alt-1_assembled,19.704069123315186
727,30,G,0.0,P62807,10.9,/5GT0-alt-1_assembled,70.77379930007086
728,34,H,0.0,P62807,10.04,/5GT0-alt-1_assembled,81.09497836466454
729,43,H,0.0,P62807,9.94,/5GT0-alt-1_assembled,38.60389052731138
730,46,H,0.0,P62807,9.34,/5GT0-alt-1_assembled,29.35504175514303
731,57,G,0.0,P62807,8.65,/5GT0-alt-1_assembled,35.25285836348227
732,85,H,0.0,P62807,9.71,/5GT0-alt-1_assembled,78.01202877394175
733,108,H,0.0,P62807,10.7,/5GT0-alt-1_assembled,75.1971617563253
734,116,H,0.0,P62807,10.63,/5GT0-alt-1_assembled,66.75256070347594
735,120,H,0.0,P62807,10.23,/5GT0-alt-1_assembled,47.71869801292657
736,125,G,0.0,P62807,10.59,/5GT0-alt-1_assembled,91.55019871581138
737,52,A,81.33,P67809,11.51,/AF-P67809-F1-model_v1,54.420762340584794
738,53,A,90.77,P67809,10.42,/AF-P67809-F1-model_v1,83.37368023606834
739,58,A,92.8,P67809,10.66,/AF-P67809-F1-model_v1,89.67362070406708
740,64,A,95.88,P67809,11.42,/AF-P67809-F1-model_v1,79.21840035292024
741,81,A,91.81,P67809,10.45,/AF-P67809-F1-model_v1,103.34583193248986
742,92,A,90.96,P67809,10.28,/AF-P67809-F1-model_v1,78.5481939201544
743,93,A,90.16,P67809,10.25,/AF-P67809-F1-model_v1,72.65037731181516
744,98,A,88.83,P67809,10.95,/AF-P67809-F1-model_v1,17.157284678805063
745,118,A,87.58,P67809,10.52,/AF-P67809-F1-model_v1,109.77981368704175
746,137,A,90.3,P67809,11.39,/AF-P67809-F1-model_v1,92.22040514857719
747,25,A,0.0,P60709,10.64,/6NBW-alt1B_assembled/6NBW-alt1A_assembled,54.956927486797454
748,37,A,0.0,P60709,10.21,/6NBW-alt1B_assembled/6NBW-alt1A_assembled,33.108197778631634
749,53,A,0.0,P60709,10.32,/6NBW-alt1B_assembled/6NBW-alt1A_assembled,95.9735611720658
750,69,A,0.0,P60709,10.36,/6NBW-alt1B_assembled/6NBW-alt1A_assembled,73.320583744581
751,90,A,0.0,P60709,9.97,/6NBW-alt1B_assembled/6NBW-alt1A_assembled,36.191147369354425
752,104,A,0.0,P60709,9.54,/6NBW-alt1B_assembled/6NBW-alt1A_assembled,25.46784444510126
753,107,A,0.0,P60709,10.66,/6NBW-alt1B_assembled/6NBW-alt1A_assembled,52.008019182627834
754,115,A,0.0,P60709,10.35,/6NBW-alt1B_assembled/6NBW-alt1A_assembled,53.61651462126581
755,125,A,0.0,P60709,10.71,/6NBW-alt1B_assembled/6NBW-alt1A_assembled,63.93769368585948
756,126,A,0.0,P60709,10.98,/6NBW-alt1B_assembled/6NBW-alt1A_assembled,19.033862690549363
757,18,A,0.0,P60709,10.63,/3BYH-alt-1_assembled,19.972151696421513
758,50,A,0.0,P60709,9.01,/3BYH-alt-1_assembled,40.614509825608856
759,61,A,0.0,P60709,10.21,/3BYH-alt-1_assembled,60.98878538168986
760,68,A,0.0,P60709,9.39,/3BYH-alt-1_assembled,21.982770994718983
761,84,A,0.0,P60709,9.93,/3BYH-alt-1_assembled,33.91244549795062
762,113,A,0.0,P60709,11.17,/3BYH-alt-1_assembled,60.58666152203037
763,118,A,0.0,P60709,9.78,/3BYH-alt-1_assembled,45.97616128773543
764,191,A,0.0,P60709,10.52,/3BYH-alt-1_assembled,73.45462503113416
765,213,A,0.0,P60709,9.99,/3BYH-alt-1_assembled,10.857344210806328
766,215,A,0.0,P60709,11.74,/3BYH-alt-1_assembled,44.09958327599113
767,238,A,0.0,P60709,10.12,/3BYH-alt-1_assembled,41.15067497182151
768,284,A,0.0,P60709,9.76,/3BYH-alt-1_assembled,36.593271229013915
769,291,A,0.0,P60709,11.48,/3BYH-alt-1_assembled,49.193152165011384
770,315,A,0.0,P60709,10.38,/3BYH-alt-1_assembled,37.129436375226575
771,326,A,0.0,P60709,9.99,/3BYH-alt-1_assembled,65.27810655139112
772,328,A,0.0,P60709,10.31,/3BYH-alt-1_assembled,65.54618912449746
773,336,A,0.0,P60709,9.29,/3BYH-alt-1_assembled,62.865363393434166
774,359,A,0.0,P60709,10.3,/3BYH-alt-1_assembled,32.84011520552531
775,373,A,0.0,P60709,10.63,/3BYH-alt-1_assembled,47.31657415326708
776,430,B,0.0,P60709,9.73,/3BYH-alt-1_assembled,59.916455089264545
777,439,B,0.0,P60709,10.46,/3BYH-alt-1_assembled,86.59067111334429
778,443,B,0.0,P60709,10.3,/3BYH-alt-1_assembled,62.865363393434166
779,447,B,0.0,P60709,10.39,/3BYH-alt-1_assembled,80.8268957915582
780,452,B,0.0,P60709,9.98,/3BYH-alt-1_assembled,33.242239065184805
781,461,B,0.0,P60709,10.16,/3BYH-alt-1_assembled,61.12282666824302
782,464,B,0.0,P60709,9.65,/3BYH-alt-1_assembled,57.50371193130758
783,467,B,0.0,P60709,10.28,/3BYH-alt-1_assembled,75.73332690253795
784,483,B,0.0,P60709,10.28,/3BYH-alt-1_assembled,59.11220736994555
785,484,B,0.0,P60709,10.29,/3BYH-alt-1_assembled,87.52896011921644
786,503,B,0.0,P60709,10.11,/3BYH-alt-1_assembled,50.131441170883534
787,521,B,0.0,P60709,9.68,/3BYH-alt-1_assembled,30.025248187908854
788,528,B,0.0,P60709,10.45,/3BYH-alt-1_assembled,86.72471239989744
789,537,B,0.0,P60709,10.14,/3BYH-alt-1_assembled,59.782413802711375
790,564,B,0.0,P60709,11.28,/3BYH-alt-1_assembled,62.061115674115186
791,571,B,0.0,P60709,10.49,/3BYH-alt-1_assembled,26.40613345097341
792,584,B,0.0,P60709,10.43,/3BYH-alt-1_assembled,72.2482534521557
793,602,B,0.0,P60709,6.16,/3BYH-alt-1_assembled,10.187137778040505
794,11,B,0.0,P12277,11.27,/3B6R-alt-1_assembled,23.72530771991012
795,32,A,0.0,P12277,10.61,/3B6R-alt-1_assembled,56.833505498541754
796,45,A,0.0,P12277,10.44,/3B6R-alt-1_assembled,45.43999614152277
797,86,B,0.0,P12277,11.74,/3B6R-alt-1_assembled,45.43999614152277
798,101,B,0.0,P12277,10.75,/3B6R-alt-1_assembled,64.6079001186253
799,107,B,0.0,P12277,10.63,/3B6R-alt-1_assembled,69.96955158075187
800,156,A,0.0,P12277,10.52,/3B6R-alt-1_assembled,70.10359286730505
801,177,B,0.0,P12277,10.4,/3B6R-alt-1_assembled,65.81427169760379
802,196,A,0.0,P12277,10.23,/3B6R-alt-1_assembled,60.31857894892403
803,223,B,0.0,P12277,9.94,/3B6R-alt-1_assembled,32.30395005931265
804,242,B,0.0,P12277,10.41,/3B6R-alt-1_assembled,80.8268957915582
805,247,A,0.0,P12277,10.37,/3B6R-alt-1_assembled,51.605895322968344
806,265,B,0.0,P12277,10.64,/3B6R-alt-1_assembled,67.82489099590126
807,267,B,0.0,P12277,8.93,/3B6R-alt-1_assembled,23.725307719910116
808,298,A,0.0,P12277,10.18,/3B6R-alt-1_assembled,44.903830995310116
809,307,B,0.0,P12277,10.6,/3B6R-alt-1_assembled,51.605895322968344
810,313,B,0.0,P12277,10.4,/3B6R-alt-1_assembled,68.49509742866707
811,319,A,0.0,P12277,9.12,/3B6R-alt-1_assembled,37.7996428079924
812,358,B,0.0,P12277,10.36,/3B6R-alt-1_assembled,53.884597194372134
813,381,B,0.0,P12277,10.01,/3B6R-alt-1_assembled,73.45462503113416
814,304,B,0.0,P12277,10.44,/3B6R-alt-1_assembled,85.11621696125948
815,11,B,0.0,P12277,11.31,/3DRB-alt-1_assembled,22.78701871403797
816,32,A,0.0,P12277,11.4,/3DRB-alt-1_assembled,54.55480362713796
817,45,A,0.0,P12277,10.41,/3DRB-alt-1_assembled,47.85273929947974
818,86,A,0.0,P12277,11.79,/3DRB-alt-1_assembled,49.193152165011384
819,101,B,0.0,P12277,10.61,/3DRB-alt-1_assembled,51.73993660952151
820,107,B,0.0,P12277,10.42,/3DRB-alt-1_assembled,84.31196924194049
821,156,B,0.0,P12277,10.08,/3DRB-alt-1_assembled,33.51032163829113
822,177,A,0.0,P12277,10.46,/3DRB-alt-1_assembled,94.36506573342783
823,196,A,0.0,P12277,10.23,/3DRB-alt-1_assembled,57.50371193130758
824,223,B,0.0,P12277,10.03,/3DRB-alt-1_assembled,34.04648678450379
825,242,A,0.0,P12277,10.37,/3DRB-alt-1_assembled,112.32659813155189
826,247,A,0.0,P12277,10.31,/3DRB-alt-1_assembled,56.2973403523291
827,265,A,0.0,P12277,10.75,/3DRB-alt-1_assembled,79.62052421257974
828,267,B,0.0,P12277,10.59,/3DRB-alt-1_assembled,53.88459719437214
829,298,B,0.0,P12277,9.85,/3DRB-alt-1_assembled,40.61450982560885
830,304,A,0.0,P12277,8.9,/3DRB-alt-1_assembled,39.81026210628986
831,307,B,0.0,P12277,9.87,/3DRB-alt-1_assembled,50.39952374398986
832,313,B,0.0,P12277,10.47,/3DRB-alt-1_assembled,71.8461295924962
833,319,A,0.0,P12277,9.12,/3DRB-alt-1_assembled,44.23362456254429
834,358,B,0.0,P12277,10.48,/3DRB-alt-1_assembled,59.380289943051885
835,381,A,0.0,P12277,10.17,/3DRB-alt-1_assembled,61.39090924134935
836,4,B,0.0,P00338,9.84,/5W8J-alt1B_assembled/5W8J-alt1A_assembled,67.28872584968859
837,13,A,0.0,P00338,10.46,/5W8J-alt1B_assembled/5W8J-alt1A_assembled,97.58205661070377
838,21,A,0.0,P00338,9.52,/5W8J-alt1B_assembled/5W8J-alt1A_assembled,1.0723302924253162
839,41,A,0.0,P00338,9.02,/5W8J-alt1B_assembled/5W8J-alt1A_assembled,8.57864233940253
840,56,B,0.0,P00338,9.96,/5W8J-alt1B_assembled/5W8J-alt1A_assembled,44.63574842220379
841,75,B,0.0,P00338,10.17,/5W8J-alt1B_assembled/5W8J-alt1A_assembled,58.84412479683923
842,80,A,0.0,P00338,10.5,/5W8J-alt1B_assembled/5W8J-alt1A_assembled,52.008019182627834
843,89,A,0.0,P00338,8.32,/5W8J-alt1B_assembled/5W8J-alt1A_assembled,50.131441170883534
844,117,A,0.0,P00338,9.37,/5W8J-alt1B_assembled/5W8J-alt1A_assembled,40.61450982560885
845,125,A,0.0,P00338,10.36,/5W8J-alt1B_assembled/5W8J-alt1A_assembled,70.23763415385821
846,131,B,0.0,P00338,7.77,/5W8J-alt1B_assembled/5W8J-alt1A_assembled,22.921060000591133
847,148,A,0.0,P00338,9.06,/5W8J-alt1B_assembled/5W8J-alt1A_assembled,31.901826199653158
848,154,A,0.0,P00338,7.87,/5W8J-alt1B_assembled/5W8J-alt1A_assembled,19.167903977102526
849,211,A,0.0,P00338,9.35,/5W8J-alt1B_assembled/5W8J-alt1A_assembled,50.93568889020252
850,221,A,0.0,P00338,10.68,/5W8J-alt1B_assembled/5W8J-alt1A_assembled,77.8779874873886
851,223,A,0.0,P00338,10.23,/5W8J-alt1B_assembled/5W8J-alt1A_assembled,35.78902350969493
852,227,C,0.0,P00338,10.1,/5W8J-alt1B_assembled/5W8J-alt1A_assembled,61.52495052790252
853,231,A,0.0,P00338,10.35,/5W8J-alt1B_assembled/5W8J-alt1A_assembled,47.85273929947974
854,242,D,0.0,P00338,10.45,/5W8J-alt1B_assembled/5W8J-alt1A_assembled,101.33521263419239
855,244,A,0.0,P00338,9.76,/5W8J-alt1B_assembled/5W8J-alt1A_assembled,11.393509357018983
856,264,A,0.0,P00338,9.24,/5W8J-alt1B_assembled/5W8J-alt1A_assembled,62.06111567411518
857,277,A,0.0,P00338,11.12,/5W8J-alt1B_assembled/5W8J-alt1A_assembled,46.11020257428859
858,283,A,0.0,P00338,10.39,/5W8J-alt1B_assembled/5W8J-alt1A_assembled,92.35444643513037
859,316,D,0.0,P00338,11.08,/5W8J-alt1B_assembled/5W8J-alt1A_assembled,43.429376843225306
860,317,D,0.0,P00338,10.44,/5W8J-alt1B_assembled/5W8J-alt1A_assembled,93.02465286789618
861,327,A,0.0,P00338,10.43,/5W8J-alt1B_assembled/5W8J-alt1A_assembled,73.18654245802784
862,58,B,0.0,P00338,10.41,/5W8J-alt1B_assembled/5W8J-alt1A_assembled,71.98017087904935
863,304,C,0.0,P00338,9.73,/5W8J-alt1B_assembled/5W8J-alt1A_assembled,40.61450982560885
864,22,H,0.0,P00338,8.04,/6SBV-alt1B_assembled/6SBV-alt1A_assembled,0.0
865,57,C,0.0,P00338,7.8,/6SBV-alt1B_assembled/6SBV-alt1A_assembled,22.25085356782531
866,81,E,0.0,P00338,10.48,/6SBV-alt1B_assembled/6SBV-alt1A_assembled,52.008019182627834
867,90,E,0.0,P00338,6.62,/6SBV-alt1B_assembled/6SBV-alt1A_assembled,14.342417661188605
868,118,E,0.0,P00338,9.88,/6SBV-alt1B_assembled/6SBV-alt1A_assembled,31.76778491309999
869,126,F,0.0,P00338,10.4,/6SBV-alt1B_assembled/6SBV-alt1A_assembled,76.0014094756443
870,132,E,0.0,P00338,5.1,/6SBV-alt1B_assembled/6SBV-alt1A_assembled,1.8765780117443032
871,149,E,0.0,P00338,9.94,/6SBV-alt1B_assembled/6SBV-alt1A_assembled,38.33580795420505
872,155,E,0.0,P00338,8.34,/6SBV-alt1B_assembled/6SBV-alt1A_assembled,18.63173883088987
873,212,H,0.0,P00338,8.69,/6SBV-alt1B_assembled/6SBV-alt1A_assembled,33.37628035173796
874,222,E,0.0,P00338,10.6,/6SBV-alt1B_assembled/6SBV-alt1A_assembled,61.658991814455675
875,224,E,0.0,P00338,10.32,/6SBV-alt1B_assembled/6SBV-alt1A_assembled,60.58666152203037
876,228,H,0.0,P00338,10.31,/6SBV-alt1B_assembled/6SBV-alt1A_assembled,47.45061543982024
877,232,G,0.0,P00338,10.86,/6SBV-alt1B_assembled/6SBV-alt1A_assembled,54.822886200244284
878,243,H,0.0,P00338,10.04,/6SBV-alt1B_assembled/6SBV-alt1A_assembled,63.66961111275315
879,245,F,0.0,P00338,9.47,/6SBV-alt1B_assembled/6SBV-alt1A_assembled,28.14867017616455
880,265,B,0.0,P00338,9.04,/6SBV-alt1B_assembled/6SBV-alt1A_assembled,29.757165614802524
881,278,E,0.0,P00338,10.62,/6SBV-alt1B_assembled/6SBV-alt1A_assembled,49.193152165011384
882,284,E,0.0,P00338,10.27,/6SBV-alt1B_assembled/6SBV-alt1A_assembled,71.98017087904935
883,305,A,0.0,P00338,9.72,/6SBV-alt1B_assembled/6SBV-alt1A_assembled,41.82088140458733
884,317,F,0.0,P00338,9.83,/6SBV-alt1B_assembled/6SBV-alt1A_assembled,26.808257310632904
885,318,H,0.0,P00338,9.75,/6SBV-alt1B_assembled/6SBV-alt1A_assembled,49.99739988433036
886,328,A,0.0,P00338,10.26,/6SBV-alt1B_assembled/6SBV-alt1A_assembled,41.552798831481
887,14,F,0.0,P00338,10.25,/6SBV-alt1B_assembled/6SBV-alt1A_assembled,74.52695532355948
888,42,D,0.0,P00338,8.9,/6SBV-alt1B_assembled/6SBV-alt1A_assembled,16.487078246039236
889,59,B,0.0,P00338,10.22,/6SBV-alt1B_assembled/6SBV-alt1A_assembled,50.80164760364935
890,76,D,0.0,P00338,7.59,/6SBV-alt1B_assembled/6SBV-alt1A_assembled,20.24023426952784
891,5,C,0.0,P00338,10.39,/6SBV-alt1B_assembled/6SBV-alt1A_assembled,77.8779874873886
892,87,A,91.65,Q12931,10.47,/AF-Q12931-F1-model_v1,98.78842818968226
893,95,A,85.46,Q12931,10.41,/AF-Q12931-F1-model_v1,74.7950378966658
894,96,A,88.09,Q12931,11.09,/AF-Q12931-F1-model_v1,73.85674889079365
895,109,A,93.86,Q12931,11.9,/AF-Q12931-F1-model_v1,59.51433122960505
896,126,A,92.63,Q12931,8.91,/AF-Q12931-F1-model_v1,19.83811040986835
897,130,A,89.57,Q12931,10.33,/AF-Q12931-F1-model_v1,46.24424386084176
898,151,A,95.37,Q12931,10.4,/AF-Q12931-F1-model_v1,73.45462503113416
899,181,A,85.83,Q12931,11.36,/AF-Q12931-F1-model_v1,66.75256070347594
900,196,A,79.11,Q12931,10.76,/AF-Q12931-F1-model_v1,65.0100239782848
901,252,A,98.59,Q12931,9.87,/AF-Q12931-F1-model_v1,35.5209409365886
902,258,A,96.51,Q12931,9.69,/AF-Q12931-F1-model_v1,28.550794035824044
903,262,A,95.83,Q12931,10.16,/AF-Q12931-F1-model_v1,39.944303392843025
904,276,A,88.49,Q12931,13.3,/AF-Q12931-F1-model_v1,39.14005567352404
905,304,A,95.07,Q12931,10.66,/AF-Q12931-F1-model_v1,99.45863462244807
906,324,A,96.37,Q12931,10.84,/AF-Q12931-F1-model_v1,90.87999228304554
907,332,A,95.88,Q12931,9.62,/AF-Q12931-F1-model_v1,30.963537193781008
908,349,A,93.47,Q12931,11.44,/AF-Q12931-F1-model_v1,77.60990491428225
909,369,A,83.24,Q12931,9.33,/AF-Q12931-F1-model_v1,47.31657415326708
910,375,A,85.4,Q12931,10.17,/AF-Q12931-F1-model_v1,100.66500620142656
911,382,A,92.1,Q12931,10.36,/AF-Q12931-F1-model_v1,72.65037731181518
912,413,A,93.43,Q12931,10.26,/AF-Q12931-F1-model_v1,67.02064327658226
913,424,A,98.19,Q12931,10.48,/AF-Q12931-F1-model_v1,79.08435906636706
914,431,A,96.98,Q12931,10.4,/AF-Q12931-F1-model_v1,89.40553813096074
915,432,A,97.64,Q12931,10.42,/AF-Q12931-F1-model_v1,92.08636386202403
916,436,A,97.96,Q12931,9.88,/AF-Q12931-F1-model_v1,56.029257779222775
917,439,A,97.46,Q12931,11.58,/AF-Q12931-F1-model_v1,85.11621696125947
918,461,A,98.36,Q12931,9.08,/AF-Q12931-F1-model_v1,8.712683625955695
919,466,A,98.3,Q12931,11.29,/AF-Q12931-F1-model_v1,51.33781274986201
920,518,A,87.5,Q12931,10.08,/AF-Q12931-F1-model_v1,56.029257779222775
921,519,A,78.29,Q12931,9.33,/AF-Q12931-F1-model_v1,44.50170713565062
922,520,A,83.29,Q12931,12.47,/AF-Q12931-F1-model_v1,17.157284678805055
923,544,A,95.81,Q12931,10.54,/AF-Q12931-F1-model_v1,99.19055204934175
924,545,A,97.22,Q12931,11.18,/AF-Q12931-F1-model_v1,27.344422456845564
925,546,A,97.39,Q12931,11.25,/AF-Q12931-F1-model_v1,66.8866019900291
926,560,A,82.86,Q12931,10.83,/AF-Q12931-F1-model_v1,59.38028994305189
927,577,A,92.21,Q12931,10.7,/AF-Q12931-F1-model_v1,77.34182234117594
928,598,A,94.19,Q12931,10.34,/AF-Q12931-F1-model_v1,45.03787228186328
929,652,A,95.02,Q12931,10.28,/AF-Q12931-F1-model_v1,36.191147369354425
930,653,A,94.82,Q12931,10.29,/AF-Q12931-F1-model_v1,61.65899181445568
931,699,A,93.16,Q12931,11.47,/AF-Q12931-F1-model_v1,47.58465672637341
932,6,A,72.46,Q8N257,10.47,/AF-Q8N257-F1-model_v1,99.72671719555441
933,12,A,76.05,Q8N257,10.48,/AF-Q8N257-F1-model_v1,109.77981368704175
934,13,A,76.38,Q8N257,10.48,/AF-Q8N257-F1-model_v1,100.5309649148734
935,16,A,75.19,Q8N257,10.48,/AF-Q8N257-F1-model_v1,97.17993275104428
936,17,A,76.05,Q8N257,10.47,/AF-Q8N257-F1-model_v1,94.9012308796405
937,21,A,72.82,Q8N257,10.47,/AF-Q8N257-F1-model_v1,96.77780889138478
938,44,A,95.59,Q8N257,10.46,/AF-Q8N257-F1-model_v1,95.9735611720658
939,47,A,97.69,Q8N257,10.35,/AF-Q8N257-F1-model_v1,35.38689965003543
940,58,A,97.18,Q8N257,10.46,/AF-Q8N257-F1-model_v1,110.45002011980756
941,86,A,96.97,Q8N257,10.46,/AF-Q8N257-F1-model_v1,104.01603836525567
942,109,A,95.39,Q8N257,11.15,/AF-Q8N257-F1-model_v1,74.92907918321896
943,117,A,92.7,Q8N257,11.47,/AF-Q8N257-F1-model_v1,65.94831298415694
944,121,A,93.41,Q8N257,10.4,/AF-Q8N257-F1-model_v1,109.51173111393541
945,60,A,90.95,Q6PEY2,9.97,/AF-Q6PEY2-F1-model_v1,42.088963977693666
946,96,A,89.74,Q6PEY2,10.5,/AF-Q6PEY2-F1-model_v1,107.76919438874427
947,112,A,95.28,Q6PEY2,10.07,/AF-Q6PEY2-F1-model_v1,61.25686795479619
948,124,A,96.73,Q6PEY2,11.49,/AF-Q6PEY2-F1-model_v1,79.7545654991329
949,163,A,91.27,Q6PEY2,10.46,/AF-Q6PEY2-F1-model_v1,107.09898795597846
950,164,A,93.82,Q6PEY2,10.07,/AF-Q6PEY2-F1-model_v1,52.81226690194683
951,166,A,95.88,Q6PEY2,9.45,/AF-Q6PEY2-F1-model_v1,10.455220351146831
952,280,A,82.81,Q6PEY2,10.53,/AF-Q6PEY2-F1-model_v1,46.91445029360759
953,304,A,91.13,Q6PEY2,11.45,/AF-Q6PEY2-F1-model_v1,34.98477579037594
954,311,A,91.73,Q6PEY2,11.17,/AF-Q6PEY2-F1-model_v1,16.21899567293291
955,326,A,95.33,Q6PEY2,10.59,/AF-Q6PEY2-F1-model_v1,93.42677672755568
956,336,A,89.86,Q6PEY2,9.96,/AF-Q6PEY2-F1-model_v1,40.61450982560885
957,338,A,90.65,Q6PEY2,10.14,/AF-Q6PEY2-F1-model_v1,58.1739183640734
958,352,A,91.48,Q6PEY2,11.42,/AF-Q6PEY2-F1-model_v1,39.94430339284303
959,370,A,90.12,Q6PEY2,10.36,/AF-Q6PEY2-F1-model_v1,97.17993275104428
960,394,A,93.22,Q6PEY2,9.86,/AF-Q6PEY2-F1-model_v1,51.605895322968344
961,401,A,95.88,Q6PEY2,10.4,/AF-Q6PEY2-F1-model_v1,85.51834082091897
962,430,A,91.09,Q6PEY2,11.65,/AF-Q6PEY2-F1-model_v1,75.73332690253795
963,20,A,98.63,P68032,11.28,/AF-P68032-F1-model_v1,29.221000468589864
964,52,A,83.15,P68032,11.48,/AF-P68032-F1-model_v1,57.77179450441391
965,63,A,92.32,P68032,11.21,/AF-P68032-F1-model_v1,34.582651930716445
966,70,A,96.9,P68032,10.31,/AF-P68032-F1-model_v1,89.40553813096074
967,86,A,98.3,P68032,10.53,/AF-P68032-F1-model_v1,32.30395005931265
968,115,A,96.52,P68032,10.35,/AF-P68032-F1-model_v1,96.64376760483162
969,120,A,98.4,P68032,10.42,/AF-P68032-F1-model_v1,40.61450982560885
970,193,A,97.52,P68032,10.46,/AF-P68032-F1-model_v1,83.23963894951517
971,215,A,98.59,P68032,9.58,/AF-P68032-F1-model_v1,12.867963509103795
972,217,A,98.33,P68032,11.37,/AF-P68032-F1-model_v1,67.15468456313543
973,240,A,98.1,P68032,10.17,/AF-P68032-F1-model_v1,70.10359286730505
974,286,A,98.34,P68032,10.2,/AF-P68032-F1-model_v1,60.854744095136695
975,293,A,97.64,P68032,10.55,/AF-P68032-F1-model_v1,99.45863462244807
976,317,A,98.63,P68032,11.04,/AF-P68032-F1-model_v1,44.50170713565062
977,328,A,96.21,P68032,10.41,/AF-P68032-F1-model_v1,100.26288234176707
978,330,A,98.4,P68032,9.96,/AF-P68032-F1-model_v1,66.21639555726327
979,338,A,97.12,P68032,11.3,/AF-P68032-F1-model_v1,66.8866019900291
980,361,A,97.69,P68032,10.63,/AF-P68032-F1-model_v1,36.45922994246075
981,375,A,94.16,P68032,11.14,/AF-P68032-F1-model_v1,26.942298597186067
982,19,A,98.54,P63267,11.67,/AF-P63267-F1-model_v1,25.73592701820759
983,51,A,84.63,P63267,11.49,/AF-P63267-F1-model_v1,53.34843204815948
984,62,A,92.0,P63267,11.21,/AF-P63267-F1-model_v1,35.118817076929105
985,69,A,96.96,P63267,10.31,/AF-P63267-F1-model_v1,87.39491883266328
986,85,A,98.29,P63267,10.47,/AF-P63267-F1-model_v1,32.03586748620632
987,114,A,96.73,P63267,10.36,/AF-P63267-F1-model_v1,97.71609789725694
988,119,A,98.43,P63267,10.37,/AF-P63267-F1-model_v1,39.542179533183536
989,192,A,97.71,P63267,10.46,/AF-P63267-F1-model_v1,86.72471239989746
990,214,A,98.62,P63267,9.53,/AF-P63267-F1-model_v1,12.867963509103793
991,216,A,98.37,P63267,11.36,/AF-P63267-F1-model_v1,68.7631800017734
992,239,A,98.16,P63267,10.17,/AF-P63267-F1-model_v1,65.68023041105062
993,285,A,98.34,P63267,10.2,/AF-P63267-F1-model_v1,59.38028994305189
994,292,A,97.63,P63267,10.55,/AF-P63267-F1-model_v1,93.694859300662
995,316,A,98.66,P63267,10.99,/AF-P63267-F1-model_v1,42.75917041045948
996,327,A,96.19,P63267,10.41,/AF-P63267-F1-model_v1,102.80966678627719
997,329,A,98.39,P63267,9.94,/AF-P63267-F1-model_v1,67.69084970934809
998,337,A,97.04,P63267,11.26,/AF-P63267-F1-model_v1,68.22701485556075
999,360,A,97.84,P63267,10.75,/AF-P63267-F1-model_v1,32.303950059312655
1000,374,A,94.15,P63267,11.26,/AF-P63267-F1-model_v1,31.231619766887338
1001,17,A,0.0,O60506,10.48,/6KOR-alt-1_assembled,57.23562935820125
1002,19,A,0.0,O60506,10.21,/6KOR-alt-1_assembled,27.746546316505054
1003,21,A,0.0,O60506,10.64,/6KOR-alt-1_assembled,33.91244549795063
1004,30,A,0.0,O60506,10.85,/6KOR-alt-1_assembled,39.006014386970875
1005,47,A,0.0,O60506,10.36,/6KOR-alt-1_assembled,100.12884105521391
1006,48,A,0.0,O60506,10.02,/6KOR-alt-1_assembled,65.27810655139112
1007,49,A,0.0,O60506,10.33,/6KOR-alt-1_assembled,34.58265193071645
1008,62,A,0.0,O60506,10.46,/6KOR-alt-1_assembled,67.2887258496886
1009,75,A,0.0,O60506,9.74,/6KOR-alt-1_assembled,43.831500702884796
1010,77,A,0.0,O60506,10.31,/6KOR-alt-1_assembled,67.55680842279492
1011,101,A,0.0,O60506,9.95,/6KOR-alt-1_assembled,34.44861064416328
1012,103,A,0.0,O60506,10.63,/6KOR-alt-1_assembled,36.72731251556708
1013,121,A,0.0,O60506,10.37,/6KOR-alt-1_assembled,79.21840035292024
1014,128,A,0.0,O60506,10.72,/6KOR-alt-1_assembled,73.85674889079365
1015,133,A,0.0,O60506,10.21,/6KOR-alt-1_assembled,56.69946421198859
1016,134,A,0.0,O60506,10.13,/6KOR-alt-1_assembled,20.10619298297468
1017,136,A,0.0,O60506,11.25,/6KOR-alt-1_assembled,78.54819392015442
1018,151,A,0.0,O60506,10.57,/6KOR-alt-1_assembled,76.93969848151644
1019,159,A,0.0,O60506,10.39,/6KOR-alt-1_assembled,67.42276713624176
1020,172,A,0.0,O60506,10.4,/6KOR-alt-1_assembled,103.34583193248986
1021,18,A,90.66,Q6FI81,10.05,/AF-Q6FI81-F1-model_v1,78.14607006049492
1022,26,A,94.27,Q6FI81,10.55,/AF-Q6FI81-F1-model_v1,86.72471239989744
1023,31,A,92.34,Q6FI81,10.33,/AF-Q6FI81-F1-model_v1,84.31196924194049
1024,48,A,89.7,Q6FI81,10.39,/AF-Q6FI81-F1-model_v1,107.36707052908478
1025,56,A,91.8,Q6FI81,10.44,/AF-Q6FI81-F1-model_v1,96.50972631827847
1026,96,A,95.52,Q6FI81,9.21,/AF-Q6FI81-F1-model_v1,31.63374362654683
1027,108,A,87.52,Q6FI81,10.41,/AF-Q6FI81-F1-model_v1,107.63515310219111
1028,110,A,92.97,Q6FI81,10.49,/AF-Q6FI81-F1-model_v1,30.695454620674674
1029,114,A,94.45,Q6FI81,10.21,/AF-Q6FI81-F1-model_v1,94.36506573342783
1030,128,A,95.35,Q6FI81,10.55,/AF-Q6FI81-F1-model_v1,87.12683625955694
1031,162,A,96.16,Q6FI81,10.82,/AF-Q6FI81-F1-model_v1,56.6994642119886
1032,163,A,95.56,Q6FI81,9.5,/AF-Q6FI81-F1-model_v1,22.78701871403797
1033,175,A,74.85,Q6FI81,10.46,/AF-Q6FI81-F1-model_v1,95.83951988551263
1034,225,A,81.85,Q6FI81,11.08,/AF-Q6FI81-F1-model_v1,62.59728082032783
1035,226,A,79.34,Q6FI81,10.46,/AF-Q6FI81-F1-model_v1,88.86937298474808
1036,244,A,71.81,Q6FI81,10.45,/AF-Q6FI81-F1-model_v1,85.3842995343658
1037,247,A,71.37,Q6FI81,10.48,/AF-Q6FI81-F1-model_v1,100.79904748797972
1038,259,A,75.61,Q6FI81,10.4,/AF-Q6FI81-F1-model_v1,92.08636386202403
1039,297,A,72.47,Q6FI81,10.45,/AF-Q6FI81-F1-model_v1,91.95232257547086
1040,14,A,71.73,P62750,10.47,/AF-P62750-F1-model_v1,97.98418047036327
1041,18,A,83.43,P62750,10.44,/AF-P62750-F1-model_v1,86.72471239989744
1042,20,A,83.61,P62750,10.39,/AF-P62750-F1-model_v1,71.71208830594303
1043,23,A,82.94,P62750,10.42,/AF-P62750-F1-model_v1,86.45662982679113
1044,25,A,84.54,P62750,10.43,/AF-P62750-F1-model_v1,79.08435906636706
1045,26,A,81.46,P62750,10.41,/AF-P62750-F1-model_v1,78.54819392015442
1046,30,A,71.07,P62750,10.41,/AF-P62750-F1-model_v1,75.1971617563253
1047,37,A,71.84,P62750,10.42,/AF-P62750-F1-model_v1,84.71409310159999
1048,38,A,79.72,P62750,10.47,/AF-P62750-F1-model_v1,95.30335473929998
1049,39,A,82.49,P62750,10.45,/AF-P62750-F1-model_v1,96.50972631827847
1050,50,A,94.33,P62750,10.47,/AF-P62750-F1-model_v1,97.04589146449112
1051,59,A,95.46,P62750,10.47,/AF-P62750-F1-model_v1,97.71609789725694
1052,63,A,94.67,P62750,10.42,/AF-P62750-F1-model_v1,105.75857509044681
1053,70,A,90.68,P62750,10.41,/AF-P62750-F1-model_v1,102.27350164006452
1054,78,A,95.95,P62750,11.45,/AF-P62750-F1-model_v1,55.895216492669604
1055,88,A,96.72,P62750,10.45,/AF-P62750-F1-model_v1,73.72270760424048
1056,89,A,97.06,P62750,10.34,/AF-P62750-F1-model_v1,65.14406526483796
1057,103,A,96.53,P62750,10.57,/AF-P62750-F1-model_v1,111.65639169878605
1058,106,A,98.02,P62750,10.18,/AF-P62750-F1-model_v1,78.81627649326073
1059,110,A,97.39,P62750,10.18,/AF-P62750-F1-model_v1,73.85674889079365
1060,114,A,96.17,P62750,11.62,/AF-P62750-F1-model_v1,72.65037731181518
1061,115,A,95.77,P62750,10.28,/AF-P62750-F1-model_v1,88.33320783853542
1062,123,A,97.54,P62750,10.33,/AF-P62750-F1-model_v1,83.5077215226215
1063,134,A,98.36,P62750,9.91,/AF-P62750-F1-model_v1,22.384894854378476
1064,135,A,98.31,P62750,10.3,/AF-P62750-F1-model_v1,26.808257310632907
1065,152,A,92.1,P62750,10.49,/AF-P62750-F1-model_v1,102.13946035351137
1066,3,B,0.0,P15311,10.36,/1NI2-alt-1_assembled,75.06312046977214
1067,27,B,0.0,P15311,11.11,/1NI2-alt-1_assembled,57.50371193130758
1068,35,A,0.0,P15311,10.34,/1NI2-alt-1_assembled,76.93969848151644
1069,53,B,0.0,P15311,11.35,/1NI2-alt-1_assembled,39.542179533183536
1070,60,A,0.0,P15311,9.43,/1NI2-alt-1_assembled,57.369670644754414
1071,63,B,0.0,P15311,10.27,/1NI2-alt-1_assembled,64.74194140517847
1072,64,A,0.0,P15311,10.18,/1NI2-alt-1_assembled,53.34843204815948
1073,72,A,0.0,P15311,10.45,/1NI2-alt-1_assembled,94.09698316032149
1074,79,B,0.0,P15311,9.91,/1NI2-alt-1_assembled,60.318578948924035
1075,83,A,0.0,P15311,8.11,/1NI2-alt-1_assembled,21.714688421612653
1076,100,A,0.0,P15311,11.12,/1NI2-alt-1_assembled,40.480468539055686
1077,107,B,0.0,P15311,9.36,/1NI2-alt-1_assembled,29.623124328249357
1078,133,B,0.0,P15311,11.18,/1NI2-alt-1_assembled,50.131441170883534
1079,139,A,0.0,P15311,10.61,/1NI2-alt-1_assembled,95.5714373124063
1080,143,A,0.0,P15311,10.42,/1NI2-alt-1_assembled,76.2694920487506
1081,184,A,0.0,P15311,9.96,/1NI2-alt-1_assembled,55.76117520611644
1082,193,B,0.0,P15311,11.48,/1NI2-alt-1_assembled,39.27409696007721
1083,209,A,0.0,P15311,10.67,/1NI2-alt-1_assembled,59.11220736994555
1084,211,A,0.0,P15311,10.35,/1NI2-alt-1_assembled,92.48848772168353
1085,212,B,0.0,P15311,10.27,/1NI2-alt-1_assembled,82.83751508985569
1086,230,B,0.0,P15311,10.58,/1NI2-alt-1_assembled,31.901826199653158
1087,233,A,0.0,P15311,9.49,/1NI2-alt-1_assembled,42.357046550799986
1088,237,A,0.0,P15311,10.32,/1NI2-alt-1_assembled,77.34182234117594
1089,253,A,0.0,P15311,10.35,/1NI2-alt-1_assembled,68.22701485556074
1090,254,B,0.0,P15311,10.46,/1NI2-alt-1_assembled,67.02064327658226
1091,262,B,0.0,P15311,10.22,/1NI2-alt-1_assembled,66.08235427071011
1092,263,A,0.0,P15311,10.39,/1NI2-alt-1_assembled,93.02465286789618
1093,278,B,0.0,P15311,10.19,/1NI2-alt-1_assembled,71.98017087904935
1094,296,A,0.0,P15311,10.45,/1NI2-alt-1_assembled,70.50571672696454
1095,6,A,0.0,O75531,9.66,/1CI4-alt-1_assembled,51.87397789607466
1096,18,B,0.0,O75531,10.9,/1CI4-alt-1_assembled,21.98277099471898
1097,33,A,0.0,O75531,10.45,/1CI4-alt-1_assembled,79.7545654991329
1098,41,A,0.0,O75531,10.63,/1CI4-alt-1_assembled,43.965541989437966
1099,54,B,0.0,O75531,10.27,/1CI4-alt-1_assembled,32.169908772759484
1100,64,B,0.0,O75531,10.53,/1CI4-alt-1_assembled,72.11421216560251
1101,72,A,0.0,O75531,10.98,/1CI4-alt-1_assembled,77.4758636277291
1102,6,A,0.0,O75531,10.16,/1QCK-alt-3_assembled/1QCK-alt-10_assembled/1QCK-alt-2_assembled/1QCK-alt-12_assembled/1QCK-alt-13_assembled/1QCK-alt-1_assembled/1QCK-alt-5_assembled/1QCK-alt-17_assembled/1QCK-alt-16_assembled/1QCK-alt-4_assembled/1QCK-alt-6_assembled/1QCK-alt-14_assembled/1QCK-alt-7_assembled/1QCK-alt-18_assembled/1QCK-alt-19_assembled/1QCK-alt-9_assembled/1QCK-alt-8_assembled/1QCK-alt-21_assembled/1QCK-alt-20_assembled,67.02064327658226
1103,18,B,0.0,O75531,10.19,/1QCK-alt-3_assembled/1QCK-alt-10_assembled/1QCK-alt-2_assembled/1QCK-alt-12_assembled/1QCK-alt-13_assembled/1QCK-alt-1_assembled/1QCK-alt-5_assembled/1QCK-alt-17_assembled/1QCK-alt-16_assembled/1QCK-alt-4_assembled/1QCK-alt-6_assembled/1QCK-alt-14_assembled/1QCK-alt-7_assembled/1QCK-alt-18_assembled/1QCK-alt-19_assembled/1QCK-alt-9_assembled/1QCK-alt-8_assembled/1QCK-alt-21_assembled/1QCK-alt-20_assembled,37.12943637522657
1104,32,A,0.0,O75531,10.26,/1QCK-alt-3_assembled/1QCK-alt-10_assembled/1QCK-alt-2_assembled/1QCK-alt-12_assembled/1QCK-alt-13_assembled/1QCK-alt-1_assembled/1QCK-alt-5_assembled/1QCK-alt-17_assembled/1QCK-alt-16_assembled/1QCK-alt-4_assembled/1QCK-alt-6_assembled/1QCK-alt-14_assembled/1QCK-alt-7_assembled/1QCK-alt-18_assembled/1QCK-alt-19_assembled/1QCK-alt-9_assembled/1QCK-alt-8_assembled/1QCK-alt-21_assembled/1QCK-alt-20_assembled,66.75256070347594
1105,33,B,0.0,O75531,10.19,/1QCK-alt-3_assembled/1QCK-alt-10_assembled/1QCK-alt-2_assembled/1QCK-alt-12_assembled/1QCK-alt-13_assembled/1QCK-alt-1_assembled/1QCK-alt-5_assembled/1QCK-alt-17_assembled/1QCK-alt-16_assembled/1QCK-alt-4_assembled/1QCK-alt-6_assembled/1QCK-alt-14_assembled/1QCK-alt-7_assembled/1QCK-alt-18_assembled/1QCK-alt-19_assembled/1QCK-alt-9_assembled/1QCK-alt-8_assembled/1QCK-alt-21_assembled/1QCK-alt-20_assembled,41.82088140458733
1106,41,B,0.0,O75531,10.51,/1QCK-alt-3_assembled/1QCK-alt-10_assembled/1QCK-alt-2_assembled/1QCK-alt-12_assembled/1QCK-alt-13_assembled/1QCK-alt-1_assembled/1QCK-alt-5_assembled/1QCK-alt-17_assembled/1QCK-alt-16_assembled/1QCK-alt-4_assembled/1QCK-alt-6_assembled/1QCK-alt-14_assembled/1QCK-alt-7_assembled/1QCK-alt-18_assembled/1QCK-alt-19_assembled/1QCK-alt-9_assembled/1QCK-alt-8_assembled/1QCK-alt-21_assembled/1QCK-alt-20_assembled,32.706073918972145
1107,54,A,0.0,O75531,9.14,/1QCK-alt-3_assembled/1QCK-alt-10_assembled/1QCK-alt-2_assembled/1QCK-alt-12_assembled/1QCK-alt-13_assembled/1QCK-alt-1_assembled/1QCK-alt-5_assembled/1QCK-alt-17_assembled/1QCK-alt-16_assembled/1QCK-alt-4_assembled/1QCK-alt-6_assembled/1QCK-alt-14_assembled/1QCK-alt-7_assembled/1QCK-alt-18_assembled/1QCK-alt-19_assembled/1QCK-alt-9_assembled/1QCK-alt-8_assembled/1QCK-alt-21_assembled/1QCK-alt-20_assembled,29.221000468589867
1108,64,B,0.0,O75531,10.32,/1QCK-alt-3_assembled/1QCK-alt-10_assembled/1QCK-alt-2_assembled/1QCK-alt-12_assembled/1QCK-alt-13_assembled/1QCK-alt-1_assembled/1QCK-alt-5_assembled/1QCK-alt-17_assembled/1QCK-alt-16_assembled/1QCK-alt-4_assembled/1QCK-alt-6_assembled/1QCK-alt-14_assembled/1QCK-alt-7_assembled/1QCK-alt-18_assembled/1QCK-alt-19_assembled/1QCK-alt-9_assembled/1QCK-alt-8_assembled/1QCK-alt-21_assembled/1QCK-alt-20_assembled,59.38028994305189
1109,72,B,0.0,O75531,10.14,/1QCK-alt-3_assembled/1QCK-alt-10_assembled/1QCK-alt-2_assembled/1QCK-alt-12_assembled/1QCK-alt-13_assembled/1QCK-alt-1_assembled/1QCK-alt-5_assembled/1QCK-alt-17_assembled/1QCK-alt-16_assembled/1QCK-alt-4_assembled/1QCK-alt-6_assembled/1QCK-alt-14_assembled/1QCK-alt-7_assembled/1QCK-alt-18_assembled/1QCK-alt-19_assembled/1QCK-alt-9_assembled/1QCK-alt-8_assembled/1QCK-alt-21_assembled/1QCK-alt-20_assembled,73.05250117147466
1110,53,B,0.0,O75531,10.69,/1QCK-alt-6_assembled/1QCK-alt-9_assembled,46.24424386084176
1111,19,A,85.07,P60981,10.19,/AF-P60981-F1-model_v1,65.41214783794429
1112,30,A,83.7,P60981,10.41,/AF-P60981-F1-model_v1,83.5077215226215
1113,31,A,85.8,P60981,11.58,/AF-P60981-F1-model_v1,76.93969848151644
1114,33,A,90.08,P60981,10.8,/AF-P60981-F1-model_v1,36.593271229013915
1115,34,A,90.94,P60981,10.26,/AF-P60981-F1-model_v1,20.642358129187336
1116,44,A,83.6,P60981,10.27,/AF-P60981-F1-model_v1,69.70146900764556
1117,45,A,86.86,P60981,10.45,/AF-P60981-F1-model_v1,91.01403356959872
1118,53,A,87.32,P60981,10.05,/AF-P60981-F1-model_v1,55.359051346456944
1119,69,A,86.57,P60981,10.57,/AF-P60981-F1-model_v1,101.60329520729871
1120,78,A,87.56,P60981,10.51,/AF-P60981-F1-model_v1,110.98618526602023
1121,92,A,86.08,P60981,10.39,/AF-P60981-F1-model_v1,80.42477193189872
1122,96,A,89.55,P60981,10.47,/AF-P60981-F1-model_v1,90.87999228304555
1123,112,A,87.84,P60981,10.45,/AF-P60981-F1-model_v1,108.8415246811696
1124,114,A,88.95,P60981,10.28,/AF-P60981-F1-model_v1,47.04849158016074
1125,121,A,89.25,P60981,10.78,/AF-P60981-F1-model_v1,52.544184328840494
1126,125,A,87.69,P60981,11.52,/AF-P60981-F1-model_v1,52.544184328840494
1127,126,A,88.89,P60981,10.5,/AF-P60981-F1-model_v1,99.45863462244807
1128,127,A,88.34,P60981,10.61,/AF-P60981-F1-model_v1,76.0014094756443
1129,132,A,81.89,P60981,11.5,/AF-P60981-F1-model_v1,86.18854725368479
1130,151,A,85.59,P60981,10.96,/AF-P60981-F1-model_v1,59.380289943051885
1131,20,A,98.59,P68133,11.31,/AF-P68133-F1-model_v1,28.014628889611384
1132,52,A,83.77,P68133,11.5,/AF-P68133-F1-model_v1,62.59728082032783
1133,63,A,92.07,P68133,11.26,/AF-P68133-F1-model_v1,36.32518865590759
1134,70,A,97.22,P68133,10.29,/AF-P68133-F1-model_v1,85.92046468057848
1135,86,A,98.31,P68133,10.71,/AF-P68133-F1-model_v1,30.695454620674674
1136,115,A,96.9,P68133,10.34,/AF-P68133-F1-model_v1,101.87137778040504
1137,120,A,98.48,P68133,10.4,/AF-P68133-F1-model_v1,42.62512912390632
1138,193,A,96.8,P68133,10.46,/AF-P68133-F1-model_v1,82.16730865708985
1139,215,A,98.44,P68133,9.62,/AF-P68133-F1-model_v1,15.950913099826579
1140,217,A,98.17,P68133,11.37,/AF-P68133-F1-model_v1,67.69084970934809
1141,240,A,97.87,P68133,10.17,/AF-P68133-F1-model_v1,65.94831298415694
1142,286,A,98.23,P68133,10.21,/AF-P68133-F1-model_v1,59.64837251615822
1143,293,A,97.43,P68133,10.55,/AF-P68133-F1-model_v1,97.04589146449112
1144,317,A,98.43,P68133,10.96,/AF-P68133-F1-model_v1,51.203771463308854
1145,328,A,95.7,P68133,10.41,/AF-P68133-F1-model_v1,102.67562549972402
1146,330,A,98.22,P68133,9.94,/AF-P68133-F1-model_v1,70.90784058662403
1147,338,A,96.9,P68133,11.29,/AF-P68133-F1-model_v1,74.25887275045315
1148,361,A,97.71,P68133,10.33,/AF-P68133-F1-model_v1,44.23362456254429
1149,375,A,94.16,P68133,11.14,/AF-P68133-F1-model_v1,27.88058760305822
1150,19,A,98.53,Q562R1,11.69,/AF-Q562R1-F1-model_v1,27.076339883739237
1151,51,A,84.42,Q562R1,11.55,/AF-Q562R1-F1-model_v1,51.73993660952151
1152,62,A,91.68,Q562R1,11.28,/AF-Q562R1-F1-model_v1,32.706073918972145
1153,69,A,96.72,Q562R1,10.31,/AF-Q562R1-F1-model_v1,84.84813438815314
1154,85,A,97.96,Q562R1,10.48,/AF-Q562R1-F1-model_v1,41.552798831481
1155,114,A,96.46,Q562R1,10.34,/AF-Q562R1-F1-model_v1,100.66500620142656
1156,119,A,98.36,Q562R1,10.33,/AF-Q562R1-F1-model_v1,41.954922691140496
1157,192,A,96.71,Q562R1,10.44,/AF-Q562R1-F1-model_v1,98.65438690312908
1158,214,A,98.33,Q562R1,9.71,/AF-Q562R1-F1-model_v1,18.36365625778354
1159,216,A,98.02,Q562R1,11.37,/AF-Q562R1-F1-model_v1,66.4844781303696
1160,285,A,98.31,Q562R1,10.21,/AF-Q562R1-F1-model_v1,58.71008351028606
1161,292,A,97.32,Q562R1,10.53,/AF-Q562R1-F1-model_v1,102.67562549972403
1162,316,A,98.28,Q562R1,11.16,/AF-Q562R1-F1-model_v1,49.05911087845821
1163,327,A,95.74,Q562R1,10.39,/AF-Q562R1-F1-model_v1,101.06713006108606
1164,329,A,98.12,Q562R1,9.93,/AF-Q562R1-F1-model_v1,63.267487253093655
1165,337,A,96.88,Q562R1,11.29,/AF-Q562R1-F1-model_v1,66.75256070347594
1166,360,A,97.6,Q562R1,10.44,/AF-Q562R1-F1-model_v1,44.23362456254429
1167,374,A,93.68,Q562R1,11.28,/AF-Q562R1-F1-model_v1,30.829495907227837
1168,20,A,98.56,P62736,11.65,/AF-P62736-F1-model_v1,25.601885731654427
1169,52,A,84.64,P62736,11.48,/AF-P62736-F1-model_v1,56.43138163888227
1170,63,A,91.9,P62736,11.19,/AF-P62736-F1-model_v1,26.540174737526577
1171,70,A,96.82,P62736,10.33,/AF-P62736-F1-model_v1,89.27149684440758
1172,86,A,98.28,P62736,10.4,/AF-P62736-F1-model_v1,31.901826199653158
1173,115,A,96.67,P62736,10.36,/AF-P62736-F1-model_v1,96.64376760483162
1174,120,A,98.44,P62736,10.39,/AF-P62736-F1-model_v1,40.61450982560885
1175,193,A,97.4,P62736,10.45,/AF-P62736-F1-model_v1,84.04388666883415
1176,215,A,98.57,P62736,9.52,/AF-P62736-F1-model_v1,12.197757076337972
1177,217,A,98.31,P62736,11.36,/AF-P62736-F1-model_v1,69.83551029419871
1178,240,A,98.08,P62736,10.17,/AF-P62736-F1-model_v1,68.62913871522024
1179,286,A,98.28,P62736,10.2,/AF-P62736-F1-model_v1,60.98878538168986
1180,293,A,97.44,P62736,10.55,/AF-P62736-F1-model_v1,97.98418047036327
1181,317,A,98.62,P62736,11.17,/AF-P62736-F1-model_v1,46.780409007054416
1182,328,A,95.92,P62736,10.41,/AF-P62736-F1-model_v1,99.86075848210757
1183,330,A,98.36,P62736,9.94,/AF-P62736-F1-model_v1,64.20577625896581
1184,338,A,97.17,P62736,11.28,/AF-P62736-F1-model_v1,66.48447813036961
1185,361,A,97.68,P62736,10.56,/AF-P62736-F1-model_v1,34.582651930716445
1186,375,A,94.12,P62736,11.24,/AF-P62736-F1-model_v1,29.35504175514303
1187,153,A,70.2,P29966,10.47,/AF-P29966-F1-model_v1,100.66500620142656
1188,155,A,73.61,P29966,10.45,/AF-P29966-F1-model_v1,104.41816222491516
1189,156,A,76.42,P29966,10.46,/AF-P29966-F1-model_v1,103.61391450559617
1190,162,A,72.92,P29966,10.45,/AF-P29966-F1-model_v1,114.873382576062
1191,172,A,70.61,P29966,10.44,/AF-P29966-F1-model_v1,82.70347380330251
1192,173,A,83.71,P48668,10.38,/AF-P48668-F1-model_v1,77.34182234117594
1193,180,A,88.36,P48668,10.32,/AF-P48668-F1-model_v1,75.33120304287846
1194,189,A,93.42,P48668,10.44,/AF-P48668-F1-model_v1,86.32258854023794
1195,194,A,88.63,P48668,10.41,/AF-P48668-F1-model_v1,75.1971617563253
1196,250,A,97.9,P48668,12.22,/AF-P48668-F1-model_v1,56.16329906577594
1197,252,A,98.07,P48668,11.34,/AF-P48668-F1-model_v1,67.95893228245441
1198,259,A,97.4,P48668,11.09,/AF-P48668-F1-model_v1,60.854744095136695
1199,271,A,97.76,P48668,10.4,/AF-P48668-F1-model_v1,86.32258854023794
1200,272,A,97.75,P48668,10.37,/AF-P48668-F1-model_v1,85.65238210747214
1201,281,A,98.22,P48668,10.4,/AF-P48668-F1-model_v1,86.72471239989744
1202,287,A,97.86,P48668,10.98,/AF-P48668-F1-model_v1,61.793033101008845
1203,338,A,92.43,P48668,10.33,/AF-P48668-F1-model_v1,67.42276713624176
1204,359,A,94.88,P48668,11.38,/AF-P48668-F1-model_v1,53.482473334712644
1205,378,A,97.38,P48668,10.43,/AF-P48668-F1-model_v1,79.3524416394734
1206,399,A,97.05,P48668,11.06,/AF-P48668-F1-model_v1,80.29073064534555
1207,400,A,96.73,P48668,10.38,/AF-P48668-F1-model_v1,98.2522630434696
1208,421,A,97.39,P48668,10.41,/AF-P48668-F1-model_v1,84.84813438815314
1209,424,A,96.65,P48668,10.4,/AF-P48668-F1-model_v1,92.22040514857719
1210,426,A,96.52,P48668,10.64,/AF-P48668-F1-model_v1,83.90984538228099
1211,436,A,97.26,P48668,10.44,/AF-P48668-F1-model_v1,81.6311435108772
1212,438,A,96.43,P48668,10.2,/AF-P48668-F1-model_v1,52.81226690194681
1213,446,A,96.25,P48668,11.12,/AF-P48668-F1-model_v1,65.94831298415694
1214,455,A,96.15,P48668,11.39,/AF-P48668-F1-model_v1,65.14406526483796
1215,467,A,87.72,P48668,10.44,/AF-P48668-F1-model_v1,74.25887275045315
1216,34,A,0.0,P10412,10.44,/3TZD-alt1C_assembled/3TZD-alt1B_assembled/3TZD-alt1A_assembled,80.96093707811137
1217,44,A,0.0,P10412,10.67,/3TZD-alt1C_assembled/3TZD-alt1B_assembled/3TZD-alt1A_assembled,73.58866631768734
1218,50,A,0.0,P10412,11.08,/3TZD-alt1C_assembled/3TZD-alt1B_assembled/3TZD-alt1A_assembled,10.05309649148734
1219,52,A,0.0,P10412,10.44,/3TZD-alt1C_assembled/3TZD-alt1B_assembled/3TZD-alt1A_assembled,66.61851941692277
1220,81,A,0.0,P10412,10.35,/3TZD-alt1C_assembled,87.12683625955694
1221,31,B,0.0,P10412,8.3,/7K5Y-alt-1_assembled,56.16329906577593
1222,44,F,0.0,P10412,9.09,/7K5Y-alt-1_assembled,29.086959182036704
1223,59,B,0.0,P10412,10.39,/7K5Y-alt-1_assembled,27.746546316505054
1224,77,B,0.0,P10412,9.44,/7K5Y-alt-1_assembled,44.367665849097456
1225,79,F,0.0,P10412,10.68,/7K5Y-alt-1_assembled,41.552798831481
1226,91,F,0.0,P10412,10.7,/7K5Y-alt-1_assembled,58.978166083392395
1227,13,G,0.0,P10412,10.48,/7K5Y-alt-1_assembled,76.40353333530378
1228,15,C,0.0,P10412,10.0,/7K5Y-alt-1_assembled,46.37828514739493
1229,36,C,0.0,P10412,8.81,/7K5Y-alt-1_assembled,57.503711931307585
1230,74,G,0.0,P10412,10.38,/7K5Y-alt-1_assembled,69.03126257487973
1231,75,C,0.0,P10412,10.49,/7K5Y-alt-1_assembled,29.35504175514303
1232,95,G,0.0,P10412,9.75,/7K5Y-alt-1_assembled,64.47385883207212
1233,118,C,0.0,P10412,10.46,/7K5Y-alt-1_assembled,88.46724912508859
1234,34,H,0.0,P10412,10.34,/7K5Y-alt-1_assembled,74.12483146389998
1235,43,D,0.0,P10412,10.07,/7K5Y-alt-1_assembled,36.05710608280126
1236,46,D,0.0,P10412,9.94,/7K5Y-alt-1_assembled,25.333803158548093
1237,57,D,0.0,P10412,10.15,/7K5Y-alt-1_assembled,74.92907918321896
1238,85,H,0.0,P10412,9.48,/7K5Y-alt-1_assembled,75.06312046977214
1239,108,D,0.0,P10412,10.62,/7K5Y-alt-1_assembled,50.667606317096194
1240,116,H,0.0,P10412,10.54,/7K5Y-alt-1_assembled,69.29934514798606
1241,120,H,0.0,P10412,10.21,/7K5Y-alt-1_assembled,50.39952374398986
1242,45,K,0.0,P10412,10.56,/7K5Y-alt-1_assembled,71.4440057328367
1243,51,K,0.0,P10412,10.38,/7K5Y-alt-1_assembled,64.74194140517847
1244,62,K,0.0,P10412,9.82,/7K5Y-alt-1_assembled,23.591266433356957
1245,63,K,0.0,P10412,11.26,/7K5Y-alt-1_assembled,41.016633685268346
1246,74,K,0.0,P10412,11.34,/7K5Y-alt-1_assembled,54.82288620024429
1247,80,K,0.0,P10412,10.76,/7K5Y-alt-1_assembled,31.63374362654683
1248,84,K,0.0,P10412,10.51,/7K5Y-alt-1_assembled,70.77379930007086
1249,89,K,0.0,P10412,10.5,/7K5Y-alt-1_assembled,57.77179450441391
1250,96,K,0.0,P10412,10.89,/7K5Y-alt-1_assembled,46.37828514739493
1251,105,K,0.0,P10412,10.26,/7K5Y-alt-1_assembled,51.605895322968344
1252,108,K,0.0,P10412,10.08,/7K5Y-alt-1_assembled,73.99079017734681
1253,109,K,0.0,P10412,10.41,/7K5Y-alt-1_assembled,83.37368023606834
1254,37,A,0.0,P10412,11.62,/7K5Y-alt-1_assembled,63.26748725309366
1255,56,A,0.0,P10412,11.15,/7K5Y-alt-1_assembled,50.66760631709619
1256,64,A,0.0,P10412,9.61,/7K5Y-alt-1_assembled,33.10819777863164
1257,79,E,0.0,P10412,10.0,/7K5Y-alt-1_assembled,22.116812281272146
1258,115,E,0.0,P10412,10.3,/7K5Y-alt-1_assembled,57.63775321786075
1259,122,E,0.0,P10412,8.88,/7K5Y-alt-1_assembled,46.646367720501246
1260,46,A,94.46,P10412,11.32,/AF-P10412-F1-model_v1,86.59067111334429
1261,52,A,88.77,P10412,10.4,/AF-P10412-F1-model_v1,102.54158421317086
1262,63,A,96.05,P10412,9.96,/AF-P10412-F1-model_v1,65.01002397828479
1263,64,A,96.33,P10412,10.41,/AF-P10412-F1-model_v1,106.83090538287212
1264,75,A,94.05,P10412,10.44,/AF-P10412-F1-model_v1,93.82890058721517
1265,81,A,96.18,P10412,10.29,/AF-P10412-F1-model_v1,78.81627649326074
1266,85,A,95.95,P10412,10.39,/AF-P10412-F1-model_v1,104.28412093836201
1267,90,A,93.87,P10412,10.34,/AF-P10412-F1-model_v1,109.91385497359491
1268,97,A,94.72,P10412,10.29,/AF-P10412-F1-model_v1,81.89922608398352
1269,106,A,94.85,P10412,10.09,/AF-P10412-F1-model_v1,56.6994642119886
1270,109,A,75.97,P10412,10.41,/AF-P10412-F1-model_v1,98.6543869031291
1271,173,A,84.77,P02538,10.38,/AF-P02538-F1-model_v1,74.12483146389998
1272,180,A,89.49,P02538,10.32,/AF-P02538-F1-model_v1,71.84612959249618
1273,189,A,93.33,P02538,10.43,/AF-P02538-F1-model_v1,82.56943251674934
1274,194,A,88.78,P02538,10.41,/AF-P02538-F1-model_v1,77.0737397680696
1275,250,A,97.34,P02538,11.73,/AF-P02538-F1-model_v1,65.01002397828479
1276,252,A,97.66,P02538,11.33,/AF-P02538-F1-model_v1,67.42276713624175
1277,259,A,96.51,P02538,11.19,/AF-P02538-F1-model_v1,76.53757462185695
1278,271,A,97.59,P02538,10.4,/AF-P02538-F1-model_v1,84.17792795538733
1279,272,A,97.65,P02538,10.38,/AF-P02538-F1-model_v1,89.5395794175139
1280,281,A,98.01,P02538,10.4,/AF-P02538-F1-model_v1,82.30134994364302
1281,287,A,97.61,P02538,10.31,/AF-P02538-F1-model_v1,68.7631800017734
1282,338,A,92.02,P02538,10.36,/AF-P02538-F1-model_v1,70.37167544041137
1283,359,A,94.85,P02538,11.4,/AF-P02538-F1-model_v1,53.21439076160632
1284,378,A,96.99,P02538,10.43,/AF-P02538-F1-model_v1,83.90984538228099
1285,399,A,96.9,P02538,10.77,/AF-P02538-F1-model_v1,80.82689579155821
1286,400,A,96.31,P02538,10.39,/AF-P02538-F1-model_v1,99.72671719555441
1287,421,A,97.42,P02538,11.06,/AF-P02538-F1-model_v1,62.731322106880995
1288,424,A,96.62,P02538,10.4,/AF-P02538-F1-model_v1,85.51834082091897
1289,426,A,96.08,P02538,11.06,/AF-P02538-F1-model_v1,70.23763415385821
1290,436,A,97.21,P02538,10.44,/AF-P02538-F1-model_v1,78.9503177798139
1291,438,A,96.38,P02538,10.28,/AF-P02538-F1-model_v1,55.62713391956328
1292,446,A,96.38,P02538,11.15,/AF-P02538-F1-model_v1,64.07173497241264
1293,455,A,96.2,P02538,11.43,/AF-P02538-F1-model_v1,65.81427169760377
1294,467,A,87.91,P02538,10.44,/AF-P02538-F1-model_v1,77.34182234117593
1295,53,A,92.29,Q58FF7,10.39,/AF-Q58FF7-F1-model_v1,72.78441859836833
1296,64,A,92.43,Q58FF7,11.3,/AF-Q58FF7-F1-model_v1,29.086959182036704
1297,69,A,91.61,Q58FF7,10.56,/AF-Q58FF7-F1-model_v1,86.45662982679113
1298,72,A,95.77,Q58FF7,12.11,/AF-Q58FF7-F1-model_v1,24.26147286612278
1299,95,A,92.47,Q58FF7,10.37,/AF-Q58FF7-F1-model_v1,49.59527602467087
1300,121,A,85.61,Q58FF7,11.25,/AF-Q58FF7-F1-model_v1,32.97415649207847
1301,127,A,96.62,Q58FF7,10.09,/AF-Q58FF7-F1-model_v1,26.808257310632904
1302,159,A,96.35,Q58FF7,10.53,/AF-Q58FF7-F1-model_v1,36.593271229013915
1303,165,A,87.83,Q58FF7,10.36,/AF-Q58FF7-F1-model_v1,36.86135380212025
1304,178,A,90.39,Q58FF7,11.57,/AF-Q58FF7-F1-model_v1,44.23362456254429
1305,182,A,86.13,Q58FF7,10.28,/AF-Q58FF7-F1-model_v1,102.94370807283036
1306,183,A,80.89,Q58FF7,11.32,/AF-Q58FF7-F1-model_v1,55.895216492669604
1307,241,A,86.22,Q58FF7,10.96,/AF-Q58FF7-F1-model_v1,86.18854725368479
1308,248,A,93.01,Q58FF7,10.5,/AF-Q58FF7-F1-model_v1,45.439996141522776
1309,261,A,93.41,Q58FF7,10.36,/AF-Q58FF7-F1-model_v1,98.92246947623542
1310,289,A,83.49,Q58FF7,10.46,/AF-Q58FF7-F1-model_v1,109.24364854082907
1311,290,A,83.18,Q58FF7,11.21,/AF-Q58FF7-F1-model_v1,61.658991814455675
1312,291,A,81.4,Q58FF7,11.15,/AF-Q58FF7-F1-model_v1,63.53556982619999
1313,292,A,82.17,Q58FF7,12.51,/AF-Q58FF7-F1-model_v1,44.903830995310116
1314,296,A,83.35,Q58FF7,9.34,/AF-Q58FF7-F1-model_v1,35.5209409365886
1315,350,A,83.88,Q58FF7,10.07,/AF-Q58FF7-F1-model_v1,49.59527602467088
1316,354,A,85.0,Q58FF7,10.48,/AF-Q58FF7-F1-model_v1,93.42677672755568
1317,364,A,95.38,Q58FF7,10.45,/AF-Q58FF7-F1-model_v1,97.85013918381011
1318,378,A,90.84,Q58FF7,10.11,/AF-Q58FF7-F1-model_v1,58.039877077520245
1319,399,A,86.77,Q58FF7,10.43,/AF-Q58FF7-F1-model_v1,90.87999228304555
1320,404,A,86.64,Q58FF7,10.05,/AF-Q58FF7-F1-model_v1,28.952917895483537
1321,411,A,93.74,Q58FF7,9.52,/AF-Q58FF7-F1-model_v1,36.72731251556708
1322,423,A,87.34,Q58FF7,11.62,/AF-Q58FF7-F1-model_v1,49.46123473811771
1323,424,A,91.73,Q58FF7,10.66,/AF-Q58FF7-F1-model_v1,68.36105614211391
1324,425,A,91.33,Q58FF7,10.85,/AF-Q58FF7-F1-model_v1,77.8779874873886
1325,430,A,94.45,Q58FF7,11.31,/AF-Q58FF7-F1-model_v1,59.24624865649872
1326,432,A,95.39,Q58FF7,11.1,/AF-Q58FF7-F1-model_v1,43.69745941633163
1327,438,A,96.22,Q58FF7,11.51,/AF-Q58FF7-F1-model_v1,66.35043684381645
1328,441,A,96.91,Q58FF7,10.98,/AF-Q58FF7-F1-model_v1,30.293330761015184
1329,446,A,89.85,Q58FF7,10.44,/AF-Q58FF7-F1-model_v1,96.64376760483162
1330,447,A,91.27,Q58FF7,10.33,/AF-Q58FF7-F1-model_v1,52.67822561539366
1331,450,A,95.07,Q58FF7,10.35,/AF-Q58FF7-F1-model_v1,69.1653038614329
1332,480,A,84.75,Q58FF7,11.16,/AF-Q58FF7-F1-model_v1,47.18253286671391
1333,496,A,87.5,Q58FF7,11.51,/AF-Q58FF7-F1-model_v1,69.43338643453923
1334,497,A,93.72,Q58FF7,9.84,/AF-Q58FF7-F1-model_v1,27.2103811702924
1335,514,A,93.86,Q58FF7,10.56,/AF-Q58FF7-F1-model_v1,68.89722128832656
1336,519,A,89.77,Q58FF7,10.38,/AF-Q58FF7-F1-model_v1,73.58866631768733
1337,522,A,87.56,Q58FF7,10.66,/AF-Q58FF7-F1-model_v1,82.56943251674934
1338,525,A,90.89,Q58FF7,10.36,/AF-Q58FF7-F1-model_v1,48.52294573224556
1339,558,A,86.2,Q58FF7,10.41,/AF-Q58FF7-F1-model_v1,69.83551029419871
1340,27,A,89.07,P46459,10.44,/AF-P46459-F1-model_v1,77.74394620083542
1341,50,A,92.74,P46459,10.39,/AF-P46459-F1-model_v1,42.75917041045949
1342,68,A,89.34,P46459,10.32,/AF-P46459-F1-model_v1,69.43338643453922
1343,87,A,81.67,P46459,10.49,/AF-P46459-F1-model_v1,86.18854725368479
1344,89,A,83.09,P46459,10.6,/AF-P46459-F1-model_v1,76.0014094756443
1345,104,A,79.39,P46459,11.36,/AF-P46459-F1-model_v1,57.10158807164808
1346,105,A,79.21,P46459,10.47,/AF-P46459-F1-model_v1,93.56081801410883
1347,116,A,90.71,P46459,10.62,/AF-P46459-F1-model_v1,71.84612959249618
1348,143,A,87.75,P46459,12.25,/AF-P46459-F1-model_v1,27.478463743398727
1349,150,A,91.15,P46459,12.21,/AF-P46459-F1-model_v1,41.150674971821516
1350,171,A,87.03,P46459,11.61,/AF-P46459-F1-model_v1,68.89722128832656
1351,187,A,87.38,P46459,9.73,/AF-P46459-F1-model_v1,22.921060000591133
1352,198,A,79.57,P46459,10.62,/AF-P46459-F1-model_v1,87.6630014057696
1353,200,A,79.28,P46459,10.07,/AF-P46459-F1-model_v1,44.903830995310116
1354,225,A,85.89,P46459,10.69,/AF-P46459-F1-model_v1,105.89261637699997
1355,251,A,80.53,P46459,10.29,/AF-P46459-F1-model_v1,72.65037731181518
1356,254,A,87.29,P46459,9.26,/AF-P46459-F1-model_v1,21.178523275399993
1357,266,A,90.31,P46459,8.85,/AF-P46459-F1-model_v1,21.58064713505949
1358,275,A,78.83,P46459,10.25,/AF-P46459-F1-model_v1,93.02465286789618
1359,283,A,90.37,P46459,10.79,/AF-P46459-F1-model_v1,47.18253286671391
1360,293,A,81.29,P46459,10.43,/AF-P46459-F1-model_v1,78.01202877394175
1361,304,A,92.01,P46459,10.43,/AF-P46459-F1-model_v1,78.81627649326074
1362,335,A,83.16,P46459,10.24,/AF-P46459-F1-model_v1,86.32258854023794
1363,357,A,87.72,P46459,10.9,/AF-P46459-F1-model_v1,21.982770994718983
1364,392,A,91.69,P46459,10.0,/AF-P46459-F1-model_v1,46.51232643394809
1365,401,A,89.27,P46459,10.62,/AF-P46459-F1-model_v1,91.55019871581138
1366,427,A,92.94,P46459,10.58,/AF-P46459-F1-model_v1,90.34382713683289
1367,434,A,78.59,P46459,9.73,/AF-P46459-F1-model_v1,46.24424386084176
1368,489,A,73.7,P46459,11.33,/AF-P46459-F1-model_v1,72.516336025262
1369,509,A,91.04,P46459,10.5,/AF-P46459-F1-model_v1,70.6397580135177
1370,529,A,91.73,P46459,10.37,/AF-P46459-F1-model_v1,75.46524432943163
1371,549,A,94.17,P46459,8.65,/AF-P46459-F1-model_v1,7.238229473870884
1372,555,A,92.06,P46459,11.53,/AF-P46459-F1-model_v1,25.065720585441767
1373,566,A,89.2,P46459,9.64,/AF-P46459-F1-model_v1,75.46524432943164
1374,572,A,87.56,P46459,11.11,/AF-P46459-F1-model_v1,41.552798831481
1375,581,A,94.18,P46459,10.8,/AF-P46459-F1-model_v1,15.548789240167086
1376,586,A,92.69,P46459,10.65,/AF-P46459-F1-model_v1,76.53757462185695
1377,587,A,89.62,P46459,10.48,/AF-P46459-F1-model_v1,101.73733649385187
1378,594,A,79.62,P46459,11.1,/AF-P46459-F1-model_v1,78.9503177798139
1379,631,A,91.9,P46459,10.35,/AF-P46459-F1-model_v1,81.09497836466454
1380,632,A,92.95,P46459,10.26,/AF-P46459-F1-model_v1,71.84612959249618
1381,639,A,93.25,P46459,11.11,/AF-P46459-F1-model_v1,17.961532398124046
1382,649,A,93.18,P46459,11.39,/AF-P46459-F1-model_v1,41.552798831481
1383,687,A,90.58,P46459,10.47,/AF-P46459-F1-model_v1,86.59067111334429
1384,689,A,90.59,P46459,10.44,/AF-P46459-F1-model_v1,91.14807485615188
1385,699,A,82.57,P46459,10.51,/AF-P46459-F1-model_v1,87.12683625955694
1386,701,A,84.39,P46459,10.02,/AF-P46459-F1-model_v1,58.97816608339239
1387,702,A,85.05,P46459,10.52,/AF-P46459-F1-model_v1,97.17993275104428
1388,708,A,92.41,P46459,10.3,/AF-P46459-F1-model_v1,83.37368023606834
1389,709,A,92.41,P46459,11.27,/AF-P46459-F1-model_v1,40.480468539055686
1390,728,A,92.51,P46459,10.4,/AF-P46459-F1-model_v1,52.008019182627834
1391,20,A,77.88,O00567,10.41,/AF-O00567-F1-model_v1,86.18854725368479
1392,41,A,82.69,O00567,10.42,/AF-O00567-F1-model_v1,76.6716159084101
1393,99,A,90.99,O00567,10.56,/AF-O00567-F1-model_v1,86.18854725368479
1394,134,A,79.79,O00567,10.44,/AF-O00567-F1-model_v1,103.21179064593669
1395,143,A,92.16,O00567,10.39,/AF-O00567-F1-model_v1,94.63314830653417
1396,156,A,89.75,O00567,11.24,/AF-O00567-F1-model_v1,63.13344596654049
1397,158,A,84.18,O00567,10.55,/AF-O00567-F1-model_v1,104.95432737112783
1398,180,A,95.23,O00567,10.49,/AF-O00567-F1-model_v1,91.68424000236453
1399,202,A,87.23,O00567,10.49,/AF-O00567-F1-model_v1,98.78842818968226
1400,227,A,76.23,O00567,10.08,/AF-O00567-F1-model_v1,39.14005567352404
1401,230,A,79.54,O00567,10.47,/AF-O00567-F1-model_v1,73.99079017734681
1402,240,A,84.15,O00567,10.71,/AF-O00567-F1-model_v1,59.64837251615821
1403,242,A,85.65,O00567,10.59,/AF-O00567-F1-model_v1,68.62913871522024
1404,288,A,90.56,O00567,10.51,/AF-O00567-F1-model_v1,61.92707438756201
1405,320,A,94.96,O00567,10.39,/AF-O00567-F1-model_v1,85.11621696125948
1406,333,A,87.39,O00567,10.43,/AF-O00567-F1-model_v1,112.86276327776451
1407,340,A,92.29,O00567,10.4,/AF-O00567-F1-model_v1,86.72471239989744
1408,347,A,84.12,O00567,10.36,/AF-O00567-F1-model_v1,85.51834082091898
1409,363,A,87.64,O00567,10.46,/AF-O00567-F1-model_v1,94.49910701998098
1410,365,A,89.09,O00567,10.33,/AF-O00567-F1-model_v1,38.87197310041771
1411,375,A,93.51,O00567,8.4,/AF-O00567-F1-model_v1,10.321179064593668
1412,396,A,90.93,O00567,11.45,/AF-O00567-F1-model_v1,24.9316792988886
1413,416,A,82.34,O00567,10.44,/AF-O00567-F1-model_v1,92.35444643513037
1414,422,A,83.11,O00567,10.39,/AF-O00567-F1-model_v1,93.82890058721517
1415,438,A,79.96,O00567,11.39,/AF-O00567-F1-model_v1,79.88860678568606
1416,441,A,79.66,O00567,10.39,/AF-O00567-F1-model_v1,90.07574456372656
1417,444,A,75.9,O00567,10.63,/AF-O00567-F1-model_v1,86.18854725368479
1418,445,A,78.19,O00567,10.39,/AF-O00567-F1-model_v1,91.01403356959871
1419,448,A,75.33,O00567,10.42,/AF-O00567-F1-model_v1,80.02264807223922
1420,449,A,77.71,O00567,10.39,/AF-O00567-F1-model_v1,97.31397403759743
1421,451,A,76.73,O00567,10.42,/AF-O00567-F1-model_v1,88.86937298474808
1422,452,A,77.42,O00567,10.4,/AF-O00567-F1-model_v1,82.70347380330251
1423,56,A,0.0,Q01813,11.05,/4XZ2-alt-1_assembled,52.142060469181004
1424,109,A,0.0,Q01813,10.5,/4XZ2-alt-1_assembled,56.83350549854177
1425,139,B,0.0,Q01813,10.05,/4XZ2-alt-1_assembled,45.439996141522776
1426,156,A,0.0,Q01813,10.42,/4XZ2-alt-1_assembled,60.31857894892404
1427,161,A,0.0,Q01813,9.88,/4XZ2-alt-1_assembled,25.065720585441767
1428,255,B,0.0,Q01813,8.07,/4XZ2-alt-1_assembled,4.557403742807594
1429,263,A,0.0,Q01813,10.36,/4XZ2-alt-1_assembled,72.9184598849215
1430,264,B,0.0,Q01813,10.0,/4XZ2-alt-1_assembled,30.829495907227837
1431,281,B,0.0,Q01813,10.01,/4XZ2-alt-1_assembled,53.34843204815949
1432,287,B,0.0,Q01813,10.01,/4XZ2-alt-1_assembled,41.820881404587325
1433,289,B,0.0,Q01813,10.33,/4XZ2-alt-1_assembled,59.916455089264545
1434,369,B,0.0,Q01813,10.29,/4XZ2-alt-1_assembled,55.49309263301011
1435,395,B,0.0,Q01813,9.85,/4XZ2-alt-1_assembled,57.503711931307585
1436,400,A,0.0,Q01813,9.99,/4XZ2-alt-1_assembled,28.68483532237721
1437,408,B,0.0,Q01813,9.64,/4XZ2-alt-1_assembled,28.014628889611384
1438,455,B,0.0,Q01813,11.36,/4XZ2-alt-1_assembled,53.21439076160631
1439,459,A,0.0,Q01813,10.1,/4XZ2-alt-1_assembled,47.71869801292658
1440,480,A,0.0,Q01813,10.67,/4XZ2-alt-1_assembled,38.067725381098725
1441,486,A,0.0,Q01813,10.56,/4XZ2-alt-1_assembled,84.44601052849364
1442,524,A,0.0,Q01813,10.41,/4XZ2-alt-1_assembled,72.11421216560251
1443,567,A,0.0,Q01813,6.6,/4XZ2-alt-1_assembled,25.333803158548093
1444,574,B,0.0,Q01813,10.37,/4XZ2-alt-1_assembled,59.782413802711375
1445,625,A,0.0,Q01813,10.09,/4XZ2-alt-1_assembled,23.99339029301645
1446,627,A,0.0,Q01813,11.27,/4XZ2-alt-1_assembled,49.32719345156455
1447,659,A,0.0,Q01813,10.73,/4XZ2-alt-1_assembled,51.47185403641518
1448,666,A,0.0,Q01813,11.36,/4XZ2-alt-1_assembled,36.057106082801255
1449,688,A,0.0,Q01813,8.09,/4XZ2-alt-1_assembled,49.32719345156455
1450,700,B,0.0,Q01813,10.95,/4XZ2-alt-1_assembled,28.416752749270877
1451,702,B,0.0,Q01813,10.35,/4XZ2-alt-1_assembled,61.927074387562016
1452,709,B,0.0,Q01813,10.03,/4XZ2-alt-1_assembled,55.627133919563285
1453,710,B,0.0,Q01813,10.33,/4XZ2-alt-1_assembled,59.916455089264545
1454,724,B,0.0,Q01813,9.69,/4XZ2-alt-1_assembled,42.62512912390632
1455,736,A,0.0,Q01813,10.16,/4XZ2-alt-1_assembled,55.895216492669604
1456,737,A,0.0,Q01813,10.42,/4XZ2-alt-1_assembled,87.12683625955694
1457,747,B,0.0,Q01813,10.37,/4XZ2-alt-1_assembled,41.82088140458733
1458,753,A,0.0,Q01813,8.65,/4XZ2-alt-1_assembled,34.58265193071645
1459,759,A,0.0,Q01813,10.15,/4XZ2-alt-1_assembled,73.05250117147466
1460,15,D,0.0,Q01813,10.42,/4XYJ-alt-1_assembled,38.33580795420505
1461,25,C,0.0,Q01813,9.38,/4XYJ-alt-1_assembled,42.22300526424682
1462,56,G,0.0,Q01813,10.59,/4XYJ-alt-1_assembled,57.23562935820125
1463,109,G,0.0,Q01813,10.44,/4XYJ-alt-1_assembled,64.87598269173162
1464,139,D,0.0,Q01813,10.12,/4XYJ-alt-1_assembled,69.70146900764556
1465,156,C,0.0,Q01813,10.29,/4XYJ-alt-1_assembled,77.8779874873886
1466,161,H,0.0,Q01813,10.11,/4XYJ-alt-1_assembled,68.49509742866707
1467,255,A,0.0,Q01813,8.23,/4XYJ-alt-1_assembled,33.10819777863164
1468,263,H,0.0,Q01813,9.91,/4XYJ-alt-1_assembled,61.25686795479619
1469,264,H,0.0,Q01813,9.26,/4XYJ-alt-1_assembled,28.952917895483537
1470,281,G,0.0,Q01813,10.24,/4XYJ-alt-1_assembled,60.18453766237087
1471,287,C,0.0,Q01813,10.12,/4XYJ-alt-1_assembled,32.169908772759484
1472,289,H,0.0,Q01813,10.04,/4XYJ-alt-1_assembled,35.9230647962481
1473,369,E,0.0,Q01813,10.6,/4XYJ-alt-1_assembled,49.193152165011384
1474,395,D,0.0,Q01813,9.09,/4XYJ-alt-1_assembled,51.203771463308854
1475,400,C,0.0,Q01813,8.61,/4XYJ-alt-1_assembled,23.99339029301645
1476,408,A,0.0,Q01813,10.93,/4XYJ-alt-1_assembled,41.28471625837467
1477,455,D,0.0,Q01813,10.94,/4XYJ-alt-1_assembled,44.09958327599113
1478,459,F,0.0,Q01813,10.06,/4XYJ-alt-1_assembled,52.946308188499984
1479,480,D,0.0,Q01813,9.39,/4XYJ-alt-1_assembled,34.44861064416328
1480,486,C,0.0,Q01813,10.47,/4XYJ-alt-1_assembled,93.29273544100252
1481,524,G,0.0,Q01813,10.4,/4XYJ-alt-1_assembled,93.15869415444934
1482,567,C,0.0,Q01813,7.39,/4XYJ-alt-1_assembled,34.180528071056955
1483,574,E,0.0,Q01813,9.1,/4XYJ-alt-1_assembled,16.48707824603924
1484,625,A,0.0,Q01813,9.57,/4XYJ-alt-1_assembled,22.116812281272146
1485,627,E,0.0,Q01813,10.48,/4XYJ-alt-1_assembled,49.99739988433037
1486,659,E,0.0,Q01813,10.18,/4XYJ-alt-1_assembled,50.93568889020253
1487,666,F,0.0,Q01813,9.55,/4XYJ-alt-1_assembled,36.32518865590758
1488,688,D,0.0,Q01813,6.48,/4XYJ-alt-1_assembled,43.29533555667214
1489,700,H,0.0,Q01813,9.63,/4XYJ-alt-1_assembled,25.601885731654427
1490,702,A,0.0,Q01813,8.81,/4XYJ-alt-1_assembled,43.027252983565816
1491,709,A,0.0,Q01813,9.2,/4XYJ-alt-1_assembled,39.676220819736706
1492,710,C,0.0,Q01813,9.68,/4XYJ-alt-1_assembled,27.07633988373923
1493,724,D,0.0,Q01813,9.93,/4XYJ-alt-1_assembled,68.36105614211391
1494,736,F,0.0,Q01813,10.08,/4XYJ-alt-1_assembled,61.92707438756201
1495,737,C,0.0,Q01813,10.21,/4XYJ-alt-1_assembled,82.97155637640884
1496,747,E,0.0,Q01813,10.13,/4XYJ-alt-1_assembled,76.6716159084101
1497,753,H,0.0,Q01813,10.2,/4XYJ-alt-1_assembled,73.320583744581
1498,759,G,0.0,Q01813,8.36,/4XYJ-alt-1_assembled,25.065720585441767
1499,763,F,0.0,Q01813,9.19,/4XYJ-alt-1_assembled,42.62512912390632
1500,765,A,0.0,Q01813,9.71,/4XYJ-alt-1_assembled,82.97155637640884
1501,9,A,90.86,Q9ULV4,10.23,/AF-Q9ULV4-F1-model_v1,58.844124796839225
1502,19,A,95.71,Q9ULV4,10.43,/AF-Q9ULV4-F1-model_v1,94.0969831603215
1503,65,A,94.83,Q9ULV4,10.11,/AF-Q9ULV4-F1-model_v1,57.905835790967075
1504,71,A,91.41,Q9ULV4,10.21,/AF-Q9ULV4-F1-model_v1,63.669611112753145
1505,131,A,98.25,Q9ULV4,10.53,/AF-Q9ULV4-F1-model_v1,69.29934514798606
1506,194,A,96.49,Q9ULV4,11.13,/AF-Q9ULV4-F1-model_v1,51.20377146330885
1507,196,A,95.23,Q9ULV4,10.1,/AF-Q9ULV4-F1-model_v1,48.79102830535189
1508,197,A,97.25,Q9ULV4,11.42,/AF-Q9ULV4-F1-model_v1,37.665601521439235
1509,205,A,97.51,Q9ULV4,11.16,/AF-Q9ULV4-F1-model_v1,72.38229473870885
1510,212,A,97.74,Q9ULV4,10.13,/AF-Q9ULV4-F1-model_v1,26.40613345097341
1511,214,A,95.18,Q9ULV4,11.55,/AF-Q9ULV4-F1-model_v1,71.98017087904935
1512,251,A,95.75,Q9ULV4,10.41,/AF-Q9ULV4-F1-model_v1,99.59267590900124
1513,285,A,91.49,Q9ULV4,7.32,/AF-Q9ULV4-F1-model_v1,28.81887660893037
1514,311,A,92.36,Q9ULV4,10.48,/AF-Q9ULV4-F1-model_v1,113.13084585087086
1515,322,A,95.88,Q9ULV4,10.48,/AF-Q9ULV4-F1-model_v1,22.652977427484803
1516,329,A,92.11,Q9ULV4,11.53,/AF-Q9ULV4-F1-model_v1,80.55881321845189
1517,337,A,98.03,Q9ULV4,8.73,/AF-Q9ULV4-F1-model_v1,0.5361651462126581
1518,342,A,96.11,Q9ULV4,12.06,/AF-Q9ULV4-F1-model_v1,20.240234269527843
1519,353,A,84.61,Q9ULV4,10.47,/AF-Q9ULV4-F1-model_v1,99.19055204934175
1520,381,A,98.05,Q9ULV4,11.61,/AF-Q9ULV4-F1-model_v1,56.16329906577593
1521,391,A,88.8,Q9ULV4,10.68,/AF-Q9ULV4-F1-model_v1,62.329198247221505
1522,398,A,76.51,Q9ULV4,10.54,/AF-Q9ULV4-F1-model_v1,114.73934128950884
1523,403,A,86.8,Q9ULV4,10.52,/AF-Q9ULV4-F1-model_v1,107.50111181563796
1524,406,A,72.2,Q9ULV4,10.41,/AF-Q9ULV4-F1-model_v1,97.31397403759745
1525,440,A,79.36,Q9ULV4,10.42,/AF-Q9ULV4-F1-model_v1,85.92046468057845
1526,446,A,90.54,Q9ULV4,10.44,/AF-Q9ULV4-F1-model_v1,83.5077215226215
1527,449,A,91.74,Q9ULV4,10.43,/AF-Q9ULV4-F1-model_v1,84.17792795538733
1528,452,A,90.49,Q9ULV4,10.4,/AF-Q9ULV4-F1-model_v1,79.48648292602655
1529,464,A,90.64,Q9ULV4,10.39,/AF-Q9ULV4-F1-model_v1,80.69285450500504
1530,471,A,84.51,Q9ULV4,10.41,/AF-Q9ULV4-F1-model_v1,77.34182234117593
1531,5,A,0.0,Q00796,10.43,/1PL8-alt1B_assembled/1PL8-alt1A_assembled,80.8268957915582
1532,62,B,0.0,Q00796,10.32,/1PL8-alt1B_assembled/1PL8-alt1A_assembled,77.20778105462277
1533,63,A,0.0,Q00796,10.59,/1PL8-alt1B_assembled/1PL8-alt1A_assembled,68.49509742866707
1534,77,B,0.0,Q00796,11.3,/1PL8-alt1B_assembled/1PL8-alt1A_assembled,53.080349475053154
1535,83,D,0.0,Q00796,10.26,/1PL8-alt1B_assembled/1PL8-alt1A_assembled,66.61851941692277
1536,86,C,0.0,Q00796,11.3,/1PL8-alt1B_assembled/1PL8-alt1A_assembled,67.55680842279492
1537,106,A,0.0,Q00796,10.43,/1PL8-alt1B_assembled/1PL8-alt1A_assembled,63.40152853964682
1538,133,B,0.0,Q00796,10.23,/1PL8-alt1B_assembled/1PL8-alt1A_assembled,39.944303392843025
1539,141,C,0.0,Q00796,10.01,/1PL8-alt1B_assembled/1PL8-alt1A_assembled,46.24424386084176
1540,174,B,0.0,Q00796,10.13,/1PL8-alt1B_assembled/1PL8-alt1A_assembled,16.88920210569873
1541,192,B,0.0,Q00796,10.11,/1PL8-alt1B_assembled/1PL8-alt1A_assembled,24.663596725782273
1542,211,D,0.0,Q00796,9.98,/1PL8-alt1B_assembled/1PL8-alt1A_assembled,32.30395005931265
1543,213,A,0.0,Q00796,9.17,/1PL8-alt1B_assembled/1PL8-alt1A_assembled,38.46984924075822
1544,225,B,0.0,Q00796,10.45,/1PL8-alt1B_assembled/1PL8-alt1A_assembled,84.31196924194049
1545,234,D,0.0,Q00796,9.43,/1PL8-alt1B_assembled/1PL8-alt1A_assembled,11.661591930125315
1546,242,B,0.0,Q00796,10.66,/1PL8-alt1B_assembled/1PL8-alt1A_assembled,26.406133450973414
1547,294,C,0.0,Q00796,10.2,/1PL8-alt1B_assembled/1PL8-alt1A_assembled,52.67822561539366
1548,313,B,0.0,Q00796,10.11,/1PL8-alt1B_assembled/1PL8-alt1A_assembled,54.956927486797454
1549,318,B,0.0,Q00796,10.71,/1PL8-alt1B_assembled/1PL8-alt1A_assembled,56.69946421198859
1550,329,B,0.0,Q00796,10.45,/1PL8-alt1B_assembled/1PL8-alt1A_assembled,54.68884491369113
1551,338,D,0.0,Q00796,10.78,/1PL8-alt1B_assembled/1PL8-alt1A_assembled,36.727312515567085
1552,339,A,0.0,Q00796,10.38,/1PL8-alt1B_assembled/1PL8-alt1A_assembled,73.58866631768733
1553,344,D,0.0,Q00796,12.21,/1PL8-alt1B_assembled/1PL8-alt1A_assembled,14.878582807401262
1554,348,A,0.0,Q00796,9.74,/1PL8-alt1B_assembled/1PL8-alt1A_assembled,1.742536725191139
1555,5,A,0.0,Q00796,10.43,/1PL6-alt1A_assembled/1PL6-alt1B_assembled,81.89922608398354
1556,62,A,0.0,Q00796,10.34,/1PL6-alt1A_assembled/1PL6-alt1B_assembled,78.5481939201544
1557,63,A,0.0,Q00796,10.54,/1PL6-alt1A_assembled/1PL6-alt1B_assembled,69.56742772109239
1558,77,B,0.0,Q00796,11.23,/1PL6-alt1A_assembled/1PL6-alt1B_assembled,54.55480362713796
1559,83,A,0.0,Q00796,10.44,/1PL6-alt1A_assembled/1PL6-alt1B_assembled,84.17792795538733
1560,86,B,0.0,Q00796,11.31,/1PL6-alt1A_assembled/1PL6-alt1B_assembled,64.74194140517847
1561,106,B,0.0,Q00796,10.96,/1PL6-alt1A_assembled/1PL6-alt1B_assembled,48.12082187258606
1562,133,C,0.0,Q00796,10.26,/1PL6-alt1A_assembled/1PL6-alt1B_assembled,39.40813824663037
1563,141,B,0.0,Q00796,10.09,/1PL6-alt1A_assembled/1PL6-alt1B_assembled,45.7080787146291
1564,174,B,0.0,Q00796,10.17,/1PL6-alt1A_assembled/1PL6-alt1B_assembled,22.921060000591133
1565,192,C,0.0,Q00796,10.11,/1PL6-alt1A_assembled/1PL6-alt1B_assembled,24.66359672578227
1566,211,A,0.0,Q00796,10.05,/1PL6-alt1A_assembled/1PL6-alt1B_assembled,29.489083041696198
1567,213,D,0.0,Q00796,9.32,/1PL6-alt1A_assembled/1PL6-alt1B_assembled,40.078344679396196
1568,225,C,0.0,Q00796,10.42,/1PL6-alt1A_assembled/1PL6-alt1B_assembled,91.4161574292582
1569,234,D,0.0,Q00796,9.49,/1PL6-alt1A_assembled/1PL6-alt1B_assembled,11.125426783912655
1570,242,B,0.0,Q00796,10.79,/1PL6-alt1A_assembled/1PL6-alt1B_assembled,29.62312432824936
1571,294,B,0.0,Q00796,10.24,/1PL6-alt1A_assembled/1PL6-alt1B_assembled,41.41875754492784
1572,313,C,0.0,Q00796,10.13,/1PL6-alt1A_assembled/1PL6-alt1B_assembled,57.10158807164809
1573,318,B,0.0,Q00796,10.72,/1PL6-alt1A_assembled/1PL6-alt1B_assembled,56.16329906577593
1574,329,B,0.0,Q00796,10.46,/1PL6-alt1A_assembled/1PL6-alt1B_assembled,56.833505498541754
1575,338,D,0.0,Q00796,10.83,/1PL6-alt1A_assembled/1PL6-alt1B_assembled,39.006014386970875
1576,339,A,0.0,Q00796,10.4,/1PL6-alt1A_assembled/1PL6-alt1B_assembled,76.6716159084101
1577,344,A,0.0,Q00796,11.89,/1PL6-alt1A_assembled/1PL6-alt1B_assembled,18.765780117443036
1578,348,A,0.0,Q00796,9.72,/1PL6-alt1A_assembled/1PL6-alt1B_assembled,1.4744541520848098
1579,122,A,89.06,Q53GS9,9.61,/AF-Q53GS9-F1-model_v1,44.367665849097456
1580,141,A,93.74,Q53GS9,10.58,/AF-Q53GS9-F1-model_v1,80.29073064534555
1581,149,A,90.12,Q53GS9,10.44,/AF-Q53GS9-F1-model_v1,101.60329520729871
1582,171,A,93.75,Q53GS9,11.64,/AF-Q53GS9-F1-model_v1,45.842120001182266
1583,194,A,90.23,Q53GS9,11.01,/AF-Q53GS9-F1-model_v1,65.27810655139112
1584,199,A,90.26,Q53GS9,10.73,/AF-Q53GS9-F1-model_v1,88.46724912508859
1585,207,A,85.92,Q53GS9,10.41,/AF-Q53GS9-F1-model_v1,93.82890058721517
1586,210,A,86.62,Q53GS9,10.39,/AF-Q53GS9-F1-model_v1,98.92246947623542
1587,231,A,85.57,Q53GS9,10.33,/AF-Q53GS9-F1-model_v1,78.14607006049492
1588,260,A,85.76,Q53GS9,10.56,/AF-Q53GS9-F1-model_v1,78.1460700604949
1589,263,A,78.04,Q53GS9,10.46,/AF-Q53GS9-F1-model_v1,110.7181026929139
1590,283,A,93.21,Q53GS9,12.7,/AF-Q53GS9-F1-model_v1,19.167903977102526
1591,291,A,88.0,Q53GS9,11.15,/AF-Q53GS9-F1-model_v1,40.74855111216202
1592,308,A,90.62,Q53GS9,10.42,/AF-Q53GS9-F1-model_v1,103.61391450559617
1593,309,A,88.01,Q53GS9,10.34,/AF-Q53GS9-F1-model_v1,89.67362070406708
1594,315,A,87.61,Q53GS9,10.37,/AF-Q53GS9-F1-model_v1,89.94170327717339
1595,341,A,72.99,Q53GS9,10.2,/AF-Q53GS9-F1-model_v1,80.4247719318987
1596,342,A,82.42,Q53GS9,10.59,/AF-Q53GS9-F1-model_v1,99.86075848210757
1597,358,A,90.17,Q53GS9,10.45,/AF-Q53GS9-F1-model_v1,62.731322106880995
1598,359,A,87.57,Q53GS9,12.68,/AF-Q53GS9-F1-model_v1,17.559408538464552
1599,370,A,80.12,Q53GS9,10.13,/AF-Q53GS9-F1-model_v1,34.046486784503784
1600,421,A,90.2,Q53GS9,9.68,/AF-Q53GS9-F1-model_v1,26.004009591313917
1601,428,A,87.33,Q53GS9,10.92,/AF-Q53GS9-F1-model_v1,52.81226690194681
1602,431,A,81.44,Q53GS9,10.96,/AF-Q53GS9-F1-model_v1,62.329198247221505
1603,434,A,75.58,Q53GS9,10.52,/AF-Q53GS9-F1-model_v1,85.51834082091897
1604,439,A,91.58,Q53GS9,10.02,/AF-Q53GS9-F1-model_v1,49.59527602467088
1605,445,A,91.04,Q53GS9,9.69,/AF-Q53GS9-F1-model_v1,72.78441859836835
1606,455,A,91.77,Q53GS9,10.28,/AF-Q53GS9-F1-model_v1,71.84612959249618
1607,459,A,83.6,Q53GS9,10.41,/AF-Q53GS9-F1-model_v1,91.68424000236453
1608,466,A,90.19,Q53GS9,9.9,/AF-Q53GS9-F1-model_v1,16.88920210569873
1609,493,A,78.73,Q53GS9,10.44,/AF-Q53GS9-F1-model_v1,93.82890058721517
1610,508,A,85.99,Q53GS9,10.41,/AF-Q53GS9-F1-model_v1,88.73533169819493
1611,525,A,94.01,Q53GS9,10.58,/AF-Q53GS9-F1-model_v1,72.78441859836835
1612,553,A,95.9,Q53GS9,11.06,/AF-Q53GS9-F1-model_v1,51.87397789607466
1613,131,A,83.72,Q9Y2R4,10.36,/AF-Q9Y2R4-F1-model_v1,73.05250117147466
1614,137,A,89.74,Q9Y2R4,11.39,/AF-Q9Y2R4-F1-model_v1,55.22501005990378
1615,139,A,91.36,Q9Y2R4,10.28,/AF-Q9Y2R4-F1-model_v1,89.13745555785441
1616,146,A,93.09,Q9Y2R4,10.35,/AF-Q9Y2R4-F1-model_v1,82.03326737053669
1617,148,A,91.04,Q9Y2R4,11.39,/AF-Q9Y2R4-F1-model_v1,63.93769368585947
1618,171,A,89.79,Q9Y2R4,10.47,/AF-Q9Y2R4-F1-model_v1,98.25226304346961
1619,215,A,92.05,Q9Y2R4,9.79,/AF-Q9Y2R4-F1-model_v1,23.859349006463283
1620,228,A,90.13,Q9Y2R4,10.37,/AF-Q9Y2R4-F1-model_v1,85.92046468057848
1621,233,A,85.97,Q9Y2R4,10.26,/AF-Q9Y2R4-F1-model_v1,78.9503177798139
1622,256,A,93.24,Q9Y2R4,10.57,/AF-Q9Y2R4-F1-model_v1,40.74855111216202
1623,284,A,74.32,Q9Y2R4,10.49,/AF-Q9Y2R4-F1-model_v1,71.57804701938986
1624,285,A,81.58,Q9Y2R4,10.37,/AF-Q9Y2R4-F1-model_v1,84.71409310159999
1625,301,A,87.1,Q9Y2R4,10.36,/AF-Q9Y2R4-F1-model_v1,86.59067111334429
1626,322,A,82.14,Q9Y2R4,11.3,/AF-Q9Y2R4-F1-model_v1,38.33580795420505
1627,346,A,89.47,Q9Y2R4,10.55,/AF-Q9Y2R4-F1-model_v1,70.37167544041137
1628,365,A,90.79,Q9Y2R4,11.31,/AF-Q9Y2R4-F1-model_v1,63.803652399306316
1629,399,A,93.41,Q9Y2R4,9.56,/AF-Q9Y2R4-F1-model_v1,6.836105614211391
1630,408,A,88.23,Q9Y2R4,10.45,/AF-Q9Y2R4-F1-model_v1,79.62052421257974
1631,409,A,88.81,Q9Y2R4,11.52,/AF-Q9Y2R4-F1-model_v1,70.77379930007086
1632,426,A,93.42,Q9Y2R4,11.36,/AF-Q9Y2R4-F1-model_v1,56.565422925435435
1633,462,A,89.19,Q9Y2R4,10.33,/AF-Q9Y2R4-F1-model_v1,75.5992856159848
1634,479,A,74.54,Q9Y2R4,10.36,/AF-Q9Y2R4-F1-model_v1,93.15869415444934
1635,509,A,86.08,Q9Y2R4,10.46,/AF-Q9Y2R4-F1-model_v1,111.65639169878605
1636,511,A,92.84,Q9Y2R4,12.33,/AF-Q9Y2R4-F1-model_v1,37.93368409454556
1637,521,A,86.05,Q9Y2R4,11.33,/AF-Q9Y2R4-F1-model_v1,48.79102830535189
1638,543,A,77.42,Q9Y2R4,11.28,/AF-Q9Y2R4-F1-model_v1,42.893211697012646
1639,547,A,73.76,Q9Y2R4,10.33,/AF-Q9Y2R4-F1-model_v1,111.79043298533921
1640,551,A,73.06,Q9Y2R4,10.46,/AF-Q9Y2R4-F1-model_v1,111.79043298533921
1641,553,A,73.67,Q9Y2R4,9.42,/AF-Q9Y2R4-F1-model_v1,70.50571672696455
1642,554,A,71.66,Q9Y2R4,11.23,/AF-Q9Y2R4-F1-model_v1,87.12683625955695
1643,555,A,74.77,Q9Y2R4,10.42,/AF-Q9Y2R4-F1-model_v1,103.34583193248986
1644,558,A,71.57,Q9Y2R4,10.34,/AF-Q9Y2R4-F1-model_v1,73.7227076042405
1645,559,A,75.18,Q9Y2R4,11.52,/AF-Q9Y2R4-F1-model_v1,83.105597662962
1646,571,A,70.45,Q9Y2R4,10.55,/AF-Q9Y2R4-F1-model_v1,104.15007965180882
1647,576,A,70.95,Q9Y2R4,10.37,/AF-Q9Y2R4-F1-model_v1,84.31196924194049
1648,578,A,75.56,Q9Y2R4,10.41,/AF-Q9Y2R4-F1-model_v1,91.68424000236453
1649,580,A,72.6,Q9Y2R4,10.42,/AF-Q9Y2R4-F1-model_v1,86.45662982679113
1650,582,A,72.58,Q9Y2R4,11.12,/AF-Q9Y2R4-F1-model_v1,73.18654245802783
1651,583,A,71.79,Q9Y2R4,10.42,/AF-Q9Y2R4-F1-model_v1,91.14807485615188
1652,42,A,80.83,P55265,10.47,/AF-P55265-F1-model_v1,66.35043684381644
1653,48,A,79.98,P55265,10.4,/AF-P55265-F1-model_v1,53.34843204815948
1654,145,A,88.17,P55265,11.58,/AF-P55265-F1-model_v1,61.39090924134935
1655,154,A,83.22,P55265,10.27,/AF-P55265-F1-model_v1,63.93769368585947
1656,164,A,87.74,P55265,10.33,/AF-P55265-F1-model_v1,65.01002397828479
1657,169,A,90.61,P55265,10.3,/AF-P55265-F1-model_v1,59.11220736994556
1658,170,A,90.42,P55265,10.43,/AF-P55265-F1-model_v1,93.15869415444934
1659,181,A,88.68,P55265,10.44,/AF-P55265-F1-model_v1,81.89922608398352
1660,182,A,88.15,P55265,11.38,/AF-P55265-F1-model_v1,46.780409007054416
1661,184,A,88.58,P55265,11.16,/AF-P55265-F1-model_v1,45.17191356841645
1662,187,A,91.12,P55265,11.37,/AF-P55265-F1-model_v1,35.38689965003544
1663,196,A,91.13,P55265,11.39,/AF-P55265-F1-model_v1,32.03586748620632
1664,300,A,92.25,P55265,11.27,/AF-P55265-F1-model_v1,29.489083041696194
1665,302,A,93.24,P55265,11.38,/AF-P55265-F1-model_v1,43.56341812977847
1666,320,A,91.25,P55265,10.32,/AF-P55265-F1-model_v1,67.42276713624176
1667,326,A,88.51,P55265,10.29,/AF-P55265-F1-model_v1,68.09297356900757
1668,358,A,88.47,P55265,10.25,/AF-P55265-F1-model_v1,76.0014094756443
1669,359,A,92.41,P55265,11.77,/AF-P55265-F1-model_v1,27.344422456845564
1670,366,A,82.0,P55265,11.57,/AF-P55265-F1-model_v1,70.10359286730505
1671,494,A,87.46,P55265,10.62,/AF-P55265-F1-model_v1,85.25025824781264
1672,495,A,89.95,P55265,12.8,/AF-P55265-F1-model_v1,24.395514152675943
1673,502,A,88.16,P55265,12.28,/AF-P55265-F1-model_v1,31.633743626546828
1674,536,A,95.95,P55265,11.57,/AF-P55265-F1-model_v1,45.842120001182266
1675,554,A,93.97,P55265,10.03,/AF-P55265-F1-model_v1,45.03787228186328
1676,555,A,93.38,P55265,10.38,/AF-P55265-F1-model_v1,77.34182234117594
1677,558,A,96.46,P55265,9.71,/AF-P55265-F1-model_v1,35.118817076929105
1678,564,A,95.79,P55265,10.19,/AF-P55265-F1-model_v1,51.47185403641517
1679,574,A,85.65,P55265,10.69,/AF-P55265-F1-model_v1,69.03126257487973
1680,576,A,77.0,P55265,10.54,/AF-P55265-F1-model_v1,94.36506573342783
1681,613,A,73.64,P55265,11.32,/AF-P55265-F1-model_v1,63.80365239930631
1682,637,A,89.46,P55265,10.22,/AF-P55265-F1-model_v1,74.7950378966658
1683,645,A,88.82,P55265,11.13,/AF-P55265-F1-model_v1,64.20577625896581
1684,665,A,91.25,P55265,10.3,/AF-P55265-F1-model_v1,80.69285450500504
1685,666,A,90.99,P55265,10.38,/AF-P55265-F1-model_v1,84.71409310159999
1686,669,A,94.44,P55265,9.75,/AF-P55265-F1-model_v1,47.718698012926566
1687,678,A,86.59,P55265,11.55,/AF-P55265-F1-model_v1,64.87598269173164
1688,745,A,92.84,P55265,10.35,/AF-P55265-F1-model_v1,74.25887275045315
1689,757,A,86.27,P55265,11.44,/AF-P55265-F1-model_v1,49.32719345156455
1690,763,A,87.81,P55265,11.34,/AF-P55265-F1-model_v1,26.808257310632907
1691,777,A,92.43,P55265,10.31,/AF-P55265-F1-model_v1,56.02925777922277
1692,778,A,92.15,P55265,10.42,/AF-P55265-F1-model_v1,101.73733649385187
1693,781,A,93.9,P55265,10.12,/AF-P55265-F1-model_v1,65.27810655139112
1694,875,A,96.3,P55265,9.91,/AF-P55265-F1-model_v1,26.942298597186067
1695,876,A,93.37,P55265,10.46,/AF-P55265-F1-model_v1,91.81828128891772
1696,895,A,85.86,P55265,10.62,/AF-P55265-F1-model_v1,75.33120304287846
1697,902,A,92.84,P55265,10.56,/AF-P55265-F1-model_v1,84.84813438815314
1698,929,A,93.4,P55265,11.07,/AF-P55265-F1-model_v1,62.06111567411517
1699,936,A,88.89,P55265,10.52,/AF-P55265-F1-model_v1,92.48848772168353
1700,944,A,85.69,P55265,10.44,/AF-P55265-F1-model_v1,107.76919438874428
1701,948,A,93.94,P55265,10.85,/AF-P55265-F1-model_v1,32.706073918972145
1702,952,A,96.27,P55265,10.0,/AF-P55265-F1-model_v1,27.612505029951894
1703,953,A,94.42,P55265,10.56,/AF-P55265-F1-model_v1,100.66500620142656
1704,974,A,73.02,P55265,10.6,/AF-P55265-F1-model_v1,65.54618912449746
1705,996,A,83.75,P55265,10.41,/AF-P55265-F1-model_v1,109.51173111393543
1706,999,A,90.26,P55265,10.19,/AF-P55265-F1-model_v1,64.74194140517847
1707,19,B,0.0,P49005,10.21,/3E0J-alt-1_assembled,58.30795965062657
1708,24,B,0.0,P49005,10.25,/3E0J-alt-1_assembled,60.318578948924035
1709,38,B,0.0,P49005,9.28,/3E0J-alt-1_assembled,16.88920210569873
1710,48,B,0.0,P49005,11.51,/3E0J-alt-1_assembled,20.910440702293666
1711,50,B,0.0,P49005,10.69,/3E0J-alt-1_assembled,65.14406526483796
1712,76,B,0.0,P49005,10.63,/3E0J-alt-1_assembled,48.65698701879872
1713,84,D,0.0,P49005,10.53,/3E0J-alt-1_assembled,73.58866631768733
1714,89,B,0.0,P49005,10.88,/3E0J-alt-1_assembled,45.97616128773544
1715,91,B,0.0,P49005,10.23,/3E0J-alt-1_assembled,70.23763415385821
1716,105,D,0.0,P49005,10.2,/3E0J-alt-1_assembled,30.427372047568348
1717,109,B,0.0,P49005,10.46,/3E0J-alt-1_assembled,82.97155637640884
1718,123,D,0.0,P49005,10.62,/3E0J-alt-1_assembled,46.51232643394809
1719,131,D,0.0,P49005,10.31,/3E0J-alt-1_assembled,58.442000937179735
1720,19,A,0.0,P49005,10.21,/3E0J-alt-1_assembled,54.956927486797454
1721,24,C,0.0,P49005,10.25,/3E0J-alt-1_assembled,62.99940467998733
1722,38,C,0.0,P49005,9.27,/3E0J-alt-1_assembled,15.414747953613922
1723,48,C,0.0,P49005,11.5,/3E0J-alt-1_assembled,20.37427555608101
1724,50,A,0.0,P49005,10.68,/3E0J-alt-1_assembled,65.81427169760379
1725,76,A,0.0,P49005,10.64,/3E0J-alt-1_assembled,48.79102830535189
1726,84,A,0.0,P49005,10.53,/3E0J-alt-1_assembled,73.18654245802782
1727,89,A,0.0,P49005,10.94,/3E0J-alt-1_assembled,43.96554198943796
1728,91,A,0.0,P49005,10.23,/3E0J-alt-1_assembled,72.11421216560251
1729,105,C,0.0,P49005,10.19,/3E0J-alt-1_assembled,27.344422456845564
1730,109,A,0.0,P49005,10.46,/3E0J-alt-1_assembled,88.60129041164176
1731,123,C,0.0,P49005,10.62,/3E0J-alt-1_assembled,49.19315216501138
1732,131,A,0.0,P49005,10.31,/3E0J-alt-1_assembled,57.503711931307585
1733,48,A,70.85,P49790,10.43,/AF-P49790-F1-model_v1,89.80766199062023
1734,317,A,82.31,P49790,10.42,/AF-P49790-F1-model_v1,116.07975415504049
1735,672,A,94.39,P49790,10.55,/AF-P49790-F1-model_v1,80.15668935879239
1736,677,A,94.52,P49790,10.38,/AF-P49790-F1-model_v1,80.4247719318987
1737,685,A,90.57,P49790,10.07,/AF-P49790-F1-model_v1,33.91244549795062
1738,720,A,73.44,P49790,11.14,/AF-P49790-F1-model_v1,70.23763415385822
1739,736,A,94.31,P49790,10.42,/AF-P49790-F1-model_v1,80.4247719318987
1740,741,A,95.98,P49790,11.51,/AF-P49790-F1-model_v1,57.90583579096707
1741,749,A,93.05,P49790,10.01,/AF-P49790-F1-model_v1,23.859349006463283
1742,791,A,74.3,P49790,11.11,/AF-P49790-F1-model_v1,72.24825345215568
1743,812,A,95.3,P49790,10.22,/AF-P49790-F1-model_v1,41.552798831481
1744,820,A,92.14,P49790,10.15,/AF-P49790-F1-model_v1,35.252858363482275
1745,849,A,72.14,P49790,11.11,/AF-P49790-F1-model_v1,63.803652399306316
1746,850,A,73.75,P49790,11.47,/AF-P49790-F1-model_v1,62.19515696066834
1747,865,A,94.27,P49790,10.5,/AF-P49790-F1-model_v1,85.51834082091897
1748,870,A,95.8,P49790,11.12,/AF-P49790-F1-model_v1,58.039877077520245
1749,878,A,90.29,P49790,10.07,/AF-P49790-F1-model_v1,26.272092164420247
1750,142,A,87.29,Q6S8J3,10.38,/AF-Q6S8J3-F1-model_v1,89.67362070406708
1751,151,A,76.94,Q6S8J3,10.48,/AF-Q6S8J3-F1-model_v1,101.33521263419237
1752,155,A,82.97,Q6S8J3,10.4,/AF-Q6S8J3-F1-model_v1,77.20778105462277
1753,168,A,90.93,Q6S8J3,11.48,/AF-Q6S8J3-F1-model_v1,54.55480362713796
1754,169,A,92.96,Q6S8J3,9.94,/AF-Q6S8J3-F1-model_v1,47.18253286671391
1755,171,A,88.59,Q6S8J3,11.42,/AF-Q6S8J3-F1-model_v1,80.15668935879239
1756,173,A,91.87,Q6S8J3,10.37,/AF-Q6S8J3-F1-model_v1,80.69285450500504
1757,190,A,92.36,Q6S8J3,10.65,/AF-Q6S8J3-F1-model_v1,90.87999228304555
1758,205,A,91.67,Q6S8J3,11.33,/AF-Q6S8J3-F1-model_v1,41.954922691140496
1759,206,A,94.35,Q6S8J3,10.27,/AF-Q6S8J3-F1-model_v1,80.96093707811137
1760,212,A,95.86,Q6S8J3,6.92,/AF-Q6S8J3-F1-model_v1,0.26808257310632905
1761,252,A,94.1,Q6S8J3,9.87,/AF-Q6S8J3-F1-model_v1,83.37368023606834
1762,256,A,96.23,Q6S8J3,10.04,/AF-Q6S8J3-F1-model_v1,86.45662982679113
1763,268,A,95.29,Q6S8J3,10.16,/AF-Q6S8J3-F1-model_v1,49.05911087845821
1764,270,A,92.01,Q6S8J3,10.43,/AF-Q6S8J3-F1-model_v1,72.516336025262
1765,284,A,93.22,Q6S8J3,9.68,/AF-Q6S8J3-F1-model_v1,27.076339883739237
1766,289,A,95.46,Q6S8J3,10.45,/AF-Q6S8J3-F1-model_v1,74.25887275045315
1767,293,A,94.77,Q6S8J3,10.12,/AF-Q6S8J3-F1-model_v1,84.58005181504682
1768,294,A,94.27,Q6S8J3,10.27,/AF-Q6S8J3-F1-model_v1,67.42276713624176
1769,295,A,92.51,Q6S8J3,10.45,/AF-Q6S8J3-F1-model_v1,88.06512526542909
1770,361,A,85.82,Q6S8J3,10.2,/AF-Q6S8J3-F1-model_v1,88.60129041164176
1771,363,A,83.79,Q6S8J3,10.49,/AF-Q6S8J3-F1-model_v1,98.92246947623542
1772,629,A,76.91,Q6S8J3,10.42,/AF-Q6S8J3-F1-model_v1,69.96955158075188
1773,639,A,74.3,Q6S8J3,10.41,/AF-Q6S8J3-F1-model_v1,75.1971617563253
1774,640,A,75.42,Q6S8J3,10.39,/AF-Q6S8J3-F1-model_v1,72.9184598849215
1775,642,A,77.58,Q6S8J3,10.41,/AF-Q6S8J3-F1-model_v1,76.40353333530379
1776,666,A,85.72,Q6S8J3,10.54,/AF-Q6S8J3-F1-model_v1,62.3291982472215
1777,674,A,85.57,Q6S8J3,10.41,/AF-Q6S8J3-F1-model_v1,70.50571672696454
1778,675,A,85.26,Q6S8J3,10.64,/AF-Q6S8J3-F1-model_v1,79.21840035292024
1779,684,A,79.79,Q6S8J3,10.43,/AF-Q6S8J3-F1-model_v1,80.8268957915582
1780,685,A,79.63,Q6S8J3,10.44,/AF-Q6S8J3-F1-model_v1,85.65238210747214
1781,686,A,75.94,Q6S8J3,10.42,/AF-Q6S8J3-F1-model_v1,86.05450596713163
1782,692,A,70.12,Q6S8J3,10.39,/AF-Q6S8J3-F1-model_v1,94.36506573342783
1783,718,A,98.28,Q6S8J3,11.63,/AF-Q6S8J3-F1-model_v1,19.43598655020886
1784,750,A,78.57,Q6S8J3,11.2,/AF-Q6S8J3-F1-model_v1,59.916455089264545
1785,756,A,93.1,Q6S8J3,10.53,/AF-Q6S8J3-F1-model_v1,74.7950378966658
1786,761,A,88.01,Q6S8J3,11.52,/AF-Q6S8J3-F1-model_v1,23.323183860250627
1787,768,A,92.94,Q6S8J3,10.31,/AF-Q6S8J3-F1-model_v1,88.06512526542909
1788,784,A,97.22,Q6S8J3,10.19,/AF-Q6S8J3-F1-model_v1,38.067725381098725
1789,813,A,94.43,Q6S8J3,10.28,/AF-Q6S8J3-F1-model_v1,116.61591930125314
1790,818,A,97.78,Q6S8J3,10.24,/AF-Q6S8J3-F1-model_v1,51.20377146330885
1791,891,A,95.37,Q6S8J3,10.44,/AF-Q6S8J3-F1-model_v1,84.71409310159999
1792,913,A,97.51,Q6S8J3,9.64,/AF-Q6S8J3-F1-model_v1,11.661591930125313
1793,915,A,96.77,Q6S8J3,11.41,/AF-Q6S8J3-F1-model_v1,57.905835790967075
1794,938,A,96.68,Q6S8J3,10.19,/AF-Q6S8J3-F1-model_v1,69.43338643453922
1795,984,A,97.49,Q6S8J3,10.21,/AF-Q6S8J3-F1-model_v1,59.51433122960505
1796,991,A,89.78,Q6S8J3,10.53,/AF-Q6S8J3-F1-model_v1,105.75857509044681
1797,13,B,0.0,O95671,10.26,/2P5X-alt-1_assembled,43.965541989437966
1798,41,B,0.0,O95671,9.95,/2P5X-alt-1_assembled,60.18453766237088
1799,43,A,0.0,O95671,10.45,/2P5X-alt-1_assembled,88.86937298474808
1800,45,B,0.0,O95671,10.12,/2P5X-alt-1_assembled,79.7545654991329
1801,48,A,0.0,O95671,10.25,/2P5X-alt-1_assembled,44.76978970875695
1802,63,A,0.0,O95671,10.85,/2P5X-alt-1_assembled,32.43799134586581
1803,65,A,0.0,O95671,7.9,/2P5X-alt-1_assembled,28.41675274927088
1804,76,A,0.0,O95671,10.44,/2P5X-alt-1_assembled,85.92046468057846
1805,100,B,0.0,O95671,6.64,/2P5X-alt-1_assembled,47.718698012926566
1806,104,A,0.0,O95671,10.29,/2P5X-alt-1_assembled,61.390909241349355
1807,133,B,0.0,O95671,10.49,/2P5X-alt-1_assembled,73.45462503113416
1808,149,B,0.0,O95671,10.94,/2P5X-alt-1_assembled,54.4207623405848
1809,151,A,0.0,O95671,11.18,/2P5X-alt-1_assembled,35.118817076929105
1810,172,B,0.0,O95671,9.49,/2P5X-alt-1_assembled,12.4658396494443
1811,206,B,0.0,O95671,10.4,/2P5X-alt-1_assembled,56.69946421198859
1812,210,A,0.0,O95671,10.13,/2P5X-alt-1_assembled,65.01002397828479
1813,9,A,82.35,O95671,10.65,/AF-O95671-F1-model_v1,60.452620235477205
1814,13,A,90.44,O95671,11.43,/AF-O95671-F1-model_v1,57.10158807164809
1815,41,A,94.87,O95671,10.22,/AF-O95671-F1-model_v1,68.62913871522024
1816,43,A,86.95,O95671,10.44,/AF-O95671-F1-model_v1,91.28211614270504
1817,45,A,84.99,O95671,10.43,/AF-O95671-F1-model_v1,93.2927354410025
1818,48,A,90.15,O95671,12.28,/AF-O95671-F1-model_v1,38.73793181386455
1819,63,A,97.88,O95671,12.37,/AF-O95671-F1-model_v1,28.952917895483537
1820,65,A,97.57,O95671,11.31,/AF-O95671-F1-model_v1,14.744541520848099
1821,76,A,89.04,O95671,11.41,/AF-O95671-F1-model_v1,73.320583744581
1822,100,A,94.44,O95671,9.76,/AF-O95671-F1-model_v1,71.17592315973036
1823,104,A,96.76,O95671,10.16,/AF-O95671-F1-model_v1,55.62713391956328
1824,133,A,80.68,O95671,10.46,/AF-O95671-F1-model_v1,77.74394620083541
1825,149,A,98.0,O95671,11.61,/AF-O95671-F1-model_v1,50.265482457436704
1826,151,A,97.92,O95671,11.44,/AF-O95671-F1-model_v1,40.48046853905569
1827,172,A,93.82,O95671,10.28,/AF-O95671-F1-model_v1,10.187137778040505
1828,206,A,90.46,O95671,10.4,/AF-O95671-F1-model_v1,71.30996444628353
1829,210,A,87.39,O95671,10.17,/AF-O95671-F1-model_v1,64.47385883207214
1830,299,A,96.83,O95671,9.69,/AF-O95671-F1-model_v1,46.37828514739493
1831,306,A,96.93,O95671,11.32,/AF-O95671-F1-model_v1,68.22701485556075
1832,308,A,97.44,O95671,9.75,/AF-O95671-F1-model_v1,55.493092633010114
1833,314,A,95.7,O95671,11.52,/AF-O95671-F1-model_v1,23.591266433356957
1834,320,A,97.62,O95671,10.5,/AF-O95671-F1-model_v1,81.36306093777087
1835,327,A,96.69,O95671,10.35,/AF-O95671-F1-model_v1,42.22300526424682
1836,350,A,97.78,O95671,12.59,/AF-O95671-F1-model_v1,52.008019182627834
1837,408,A,71.27,O95671,10.45,/AF-O95671-F1-model_v1,104.95432737112782
1838,437,A,92.61,O95671,9.84,/AF-O95671-F1-model_v1,46.24424386084176
1839,534,A,96.06,O95671,11.13,/AF-O95671-F1-model_v1,44.23362456254429
1840,537,A,97.48,O95671,9.99,/AF-O95671-F1-model_v1,57.23562935820125
1841,547,A,93.38,O95671,10.48,/AF-O95671-F1-model_v1,86.72471239989744
1842,563,A,88.12,O95671,11.31,/AF-O95671-F1-model_v1,43.16129427011898
1843,583,A,96.1,O95671,10.81,/AF-O95671-F1-model_v1,41.28471625837467
1844,618,A,96.88,O95671,9.89,/AF-O95671-F1-model_v1,18.095573684677213
1845,46,A,90.86,Q8N142,11.33,/AF-Q8N142-F1-model_v1,21.848729708165816
1846,48,A,87.18,Q8N142,8.77,/AF-Q8N142-F1-model_v1,53.482473334712644
1847,78,A,85.92,Q8N142,10.6,/AF-Q8N142-F1-model_v1,59.24624865649872
1848,93,A,95.31,Q8N142,10.43,/AF-Q8N142-F1-model_v1,94.90123087964048
1849,115,A,96.11,Q8N142,11.5,/AF-Q8N142-F1-model_v1,71.0418818731772
1850,118,A,95.33,Q8N142,10.53,/AF-Q8N142-F1-model_v1,93.29273544100252
1851,119,A,94.63,Q8N142,10.85,/AF-Q8N142-F1-model_v1,30.695454620674674
1852,122,A,93.69,Q8N142,11.48,/AF-Q8N142-F1-model_v1,63.93769368585948
1853,126,A,96.61,Q8N142,11.62,/AF-Q8N142-F1-model_v1,80.42477193189872
1854,158,A,71.47,Q8N142,10.46,/AF-Q8N142-F1-model_v1,82.7034738033025
1855,164,A,89.73,Q8N142,10.38,/AF-Q8N142-F1-model_v1,74.7950378966658
1856,165,A,93.46,Q8N142,10.07,/AF-Q8N142-F1-model_v1,62.99940467998733
1857,174,A,98.52,Q8N142,9.28,/AF-Q8N142-F1-model_v1,49.32719345156455
1858,197,A,98.63,Q8N142,11.41,/AF-Q8N142-F1-model_v1,43.56341812977847
1859,219,A,98.01,Q8N142,10.45,/AF-Q8N142-F1-model_v1,88.19916655198227
1860,222,A,97.79,Q8N142,10.49,/AF-Q8N142-F1-model_v1,71.30996444628352
1861,248,A,96.34,Q8N142,10.19,/AF-Q8N142-F1-model_v1,59.24624865649872
1862,249,A,97.54,Q8N142,11.55,/AF-Q8N142-F1-model_v1,69.83551029419873
1863,299,A,98.37,Q8N142,10.23,/AF-Q8N142-F1-model_v1,0.5361651462126581
1864,336,A,90.93,Q8N142,10.35,/AF-Q8N142-F1-model_v1,90.07574456372656
1865,363,A,97.54,Q8N142,8.1,/AF-Q8N142-F1-model_v1,46.64636772050125
1866,374,A,98.78,Q8N142,10.54,/AF-Q8N142-F1-model_v1,46.64636772050126
1867,380,A,98.32,Q8N142,11.46,/AF-Q8N142-F1-model_v1,41.41875754492784
1868,384,A,97.48,Q8N142,10.45,/AF-Q8N142-F1-model_v1,91.14807485615188
1869,398,A,97.49,Q8N142,10.42,/AF-Q8N142-F1-model_v1,79.88860678568605
1870,410,A,97.8,Q8N142,10.38,/AF-Q8N142-F1-model_v1,74.92907918321897
1871,442,A,98.58,Q8N142,11.02,/AF-Q8N142-F1-model_v1,17.961532398124046
1872,448,A,84.58,Q8N142,10.27,/AF-Q8N142-F1-model_v1,98.11822175691643
1873,56,A,94.75,Q8N3F8,11.39,/AF-Q8N3F8-F1-model_v1,60.18453766237087
1874,72,A,83.51,Q8N3F8,11.43,/AF-Q8N3F8-F1-model_v1,71.30996444628353
1875,670,A,84.54,Q8N3F8,11.26,/AF-Q8N3F8-F1-model_v1,36.72731251556708
1876,672,A,83.49,Q8N3F8,10.48,/AF-Q8N3F8-F1-model_v1,82.03326737053669
1877,708,A,91.3,Q8N3F8,10.22,/AF-Q8N3F8-F1-model_v1,79.62052421257972
1878,727,A,85.07,Q8N3F8,11.42,/AF-Q8N3F8-F1-model_v1,75.73332690253795
1879,732,A,87.25,Q8N3F8,8.73,/AF-Q8N3F8-F1-model_v1,68.89722128832656
1880,747,A,89.23,Q8N3F8,8.8,/AF-Q8N3F8-F1-model_v1,48.79102830535189
1881,768,A,88.38,Q8N3F8,11.18,/AF-Q8N3F8-F1-model_v1,52.544184328840494
1882,771,A,88.72,Q8N3F8,10.42,/AF-Q8N3F8-F1-model_v1,94.49910701998098
1883,782,A,96.58,Q8N3F8,10.43,/AF-Q8N3F8-F1-model_v1,84.31196924194049
1884,40,A,85.51,O00471,10.45,/AF-O00471-F1-model_v1,103.07774935938352
1885,63,A,93.44,O00471,10.33,/AF-O00471-F1-model_v1,84.98217567470631
1886,66,A,95.22,O00471,10.4,/AF-O00471-F1-model_v1,79.08435906636707
1887,73,A,95.8,O00471,10.4,/AF-O00471-F1-model_v1,66.61851941692278
1888,76,A,95.44,O00471,10.37,/AF-O00471-F1-model_v1,72.11421216560251
1889,80,A,95.58,O00471,10.41,/AF-O00471-F1-model_v1,86.45662982679113
1890,81,A,94.9,O00471,10.42,/AF-O00471-F1-model_v1,84.98217567470631
1891,87,A,95.47,O00471,10.41,/AF-O00471-F1-model_v1,92.89061158134302
1892,109,A,88.94,O00471,10.36,/AF-O00471-F1-model_v1,60.4526202354772
1893,132,A,84.95,O00471,10.84,/AF-O00471-F1-model_v1,50.39952374398986
1894,135,A,84.71,O00471,10.67,/AF-O00471-F1-model_v1,74.25887275045315
1895,155,A,75.32,O00471,10.81,/AF-O00471-F1-model_v1,46.91445029360759
1896,157,A,74.88,O00471,10.98,/AF-O00471-F1-model_v1,42.491087837353156
1897,165,A,86.49,O00471,12.29,/AF-O00471-F1-model_v1,30.42737204756835
1898,182,A,82.74,O00471,9.92,/AF-O00471-F1-model_v1,17.96153239812405
1899,184,A,84.72,O00471,11.36,/AF-O00471-F1-model_v1,34.582651930716445
1900,188,A,84.37,O00471,9.74,/AF-O00471-F1-model_v1,36.191147369354425
1901,223,A,79.4,O00471,10.41,/AF-O00471-F1-model_v1,87.12683625955694
1902,234,A,89.5,O00471,10.52,/AF-O00471-F1-model_v1,83.37368023606834
1903,259,A,89.28,O00471,10.34,/AF-O00471-F1-model_v1,72.11421216560251
1904,274,A,92.16,O00471,10.58,/AF-O00471-F1-model_v1,52.41014304228733
1905,283,A,90.91,O00471,10.11,/AF-O00471-F1-model_v1,60.98878538168986
1906,289,A,92.83,O00471,10.48,/AF-O00471-F1-model_v1,88.33320783853542
1907,297,A,75.29,O00471,10.49,/AF-O00471-F1-model_v1,112.72872199121136
1908,305,A,94.17,O00471,11.38,/AF-O00471-F1-model_v1,76.2694920487506
1909,320,A,91.97,O00471,10.47,/AF-O00471-F1-model_v1,102.13946035351137
1910,330,A,88.89,O00471,10.21,/AF-O00471-F1-model_v1,53.482473334712644
1911,336,A,94.26,O00471,10.5,/AF-O00471-F1-model_v1,81.09497836466454
1912,339,A,93.27,O00471,10.53,/AF-O00471-F1-model_v1,108.8415246811696
1913,358,A,97.41,O00471,10.53,/AF-O00471-F1-model_v1,64.33981754551898
1914,372,A,81.23,O00471,11.22,/AF-O00471-F1-model_v1,35.9230647962481
1915,424,A,97.24,O00471,10.53,/AF-O00471-F1-model_v1,53.21439076160632
1916,498,A,95.35,O00471,10.61,/AF-O00471-F1-model_v1,89.67362070406708
1917,513,A,89.82,O00471,11.23,/AF-O00471-F1-model_v1,41.68684011803417
1918,520,A,94.72,O00471,10.33,/AF-O00471-F1-model_v1,60.586661522030354
1919,521,A,94.85,O00471,10.34,/AF-O00471-F1-model_v1,23.591266433356957
1920,522,A,95.02,O00471,10.84,/AF-O00471-F1-model_v1,70.77379930007086
1921,531,A,93.24,O00471,11.98,/AF-O00471-F1-model_v1,23.859349006463283
1922,548,A,93.6,O00471,10.5,/AF-O00471-F1-model_v1,76.6716159084101
1923,556,A,90.38,O00471,10.59,/AF-O00471-F1-model_v1,72.24825345215567
1924,557,A,86.84,O00471,10.4,/AF-O00471-F1-model_v1,88.33320783853543
1925,561,A,88.93,O00471,10.37,/AF-O00471-F1-model_v1,80.96093707811137
1926,578,A,94.96,O00471,11.28,/AF-O00471-F1-model_v1,42.89321169701265
1927,585,A,93.41,O00471,10.36,/AF-O00471-F1-model_v1,79.08435906636706
1928,589,A,91.05,O00471,11.06,/AF-O00471-F1-model_v1,38.201766667651896
1929,591,A,92.87,O00471,10.05,/AF-O00471-F1-model_v1,36.86135380212024
1930,597,A,91.48,O00471,10.49,/AF-O00471-F1-model_v1,110.18193754670125
1931,640,A,95.35,O00471,10.81,/AF-O00471-F1-model_v1,66.35043684381644
1932,643,A,95.51,O00471,10.33,/AF-O00471-F1-model_v1,75.1971617563253
1933,646,A,93.69,O00471,10.47,/AF-O00471-F1-model_v1,83.23963894951517
1934,672,A,85.41,O00471,10.33,/AF-O00471-F1-model_v1,62.731322106881
1935,685,A,86.08,O00471,10.55,/AF-O00471-F1-model_v1,93.69485930066199
1936,2,A,71.41,Q68EM7,10.46,/AF-Q68EM7-F1-model_v1,99.05651076278859
1937,3,A,77.58,Q68EM7,10.47,/AF-Q68EM7-F1-model_v1,93.694859300662
1938,9,A,73.16,Q68EM7,10.42,/AF-Q68EM7-F1-model_v1,72.24825345215568
1939,48,A,95.64,Q68EM7,10.33,/AF-Q68EM7-F1-model_v1,75.86736818909111
1940,67,A,90.25,Q68EM7,11.49,/AF-Q68EM7-F1-model_v1,72.78441859836835
1941,68,A,90.79,Q68EM7,10.14,/AF-Q68EM7-F1-model_v1,69.03126257487973
1942,92,A,92.26,Q68EM7,11.41,/AF-Q68EM7-F1-model_v1,52.142060469181004
1943,117,A,95.74,Q68EM7,11.51,/AF-Q68EM7-F1-model_v1,76.80565719496327
1944,136,A,96.16,Q68EM7,10.38,/AF-Q68EM7-F1-model_v1,77.74394620083544
1945,139,A,94.78,Q68EM7,10.18,/AF-Q68EM7-F1-model_v1,70.6397580135177
1946,160,A,83.4,Q68EM7,10.36,/AF-Q68EM7-F1-model_v1,67.95893228245441
1947,172,A,84.55,Q68EM7,10.38,/AF-Q68EM7-F1-model_v1,80.29073064534555
1948,177,A,92.14,Q68EM7,10.9,/AF-Q68EM7-F1-model_v1,56.431381638882264
1949,186,A,95.71,Q68EM7,11.41,/AF-Q68EM7-F1-model_v1,51.87397789607466
1950,191,A,93.84,Q68EM7,11.38,/AF-Q68EM7-F1-model_v1,37.7996428079924
1951,204,A,95.03,Q68EM7,11.58,/AF-Q68EM7-F1-model_v1,41.28471625837467
1952,210,A,96.56,Q68EM7,10.52,/AF-Q68EM7-F1-model_v1,69.56742772109239
1953,225,A,98.33,Q68EM7,11.65,/AF-Q68EM7-F1-model_v1,52.81226690194683
1954,232,A,96.01,Q68EM7,10.63,/AF-Q68EM7-F1-model_v1,114.33721742984935
1955,243,A,72.15,Q68EM7,10.38,/AF-Q68EM7-F1-model_v1,98.92246947623542
1956,259,A,87.34,Q68EM7,10.45,/AF-Q68EM7-F1-model_v1,98.11822175691643
1957,282,A,94.69,Q68EM7,10.44,/AF-Q68EM7-F1-model_v1,84.9821756747063
1958,295,A,90.69,Q68EM7,11.37,/AF-Q68EM7-F1-model_v1,51.20377146330885
1959,297,A,92.37,Q68EM7,10.42,/AF-Q68EM7-F1-model_v1,84.84813438815314
1960,298,A,92.19,Q68EM7,11.34,/AF-Q68EM7-F1-model_v1,60.05049637581771
1961,300,A,93.16,Q68EM7,10.84,/AF-Q68EM7-F1-model_v1,27.2103811702924
1962,325,A,95.22,Q68EM7,8.73,/AF-Q68EM7-F1-model_v1,28.952917895483534
1963,355,A,94.55,Q68EM7,10.63,/AF-Q68EM7-F1-model_v1,60.050496375817715
1964,356,A,94.66,Q68EM7,9.57,/AF-Q68EM7-F1-model_v1,13.94029380152911
1965,366,A,96.36,Q68EM7,11.27,/AF-Q68EM7-F1-model_v1,49.193152165011384
1966,380,A,96.8,Q68EM7,10.71,/AF-Q68EM7-F1-model_v1,13.94029380152911
1967,384,A,95.65,Q68EM7,9.96,/AF-Q68EM7-F1-model_v1,50.39952374398986
1968,393,A,96.92,Q68EM7,10.63,/AF-Q68EM7-F1-model_v1,46.91445029360759
1969,9,A,0.0,P37802,10.33,/1WYM-alt-19_assembled/1WYM-alt-18_assembled/1WYM-alt-8_assembled/1WYM-alt-9_assembled/1WYM-alt-20_assembled/1WYM-alt-10_assembled/1WYM-alt-7_assembled/1WYM-alt-6_assembled/1WYM-alt-11_assembled/1WYM-alt-13_assembled/1WYM-alt-4_assembled/1WYM-alt-5_assembled/1WYM-alt-12_assembled/1WYM-alt-16_assembled/1WYM-alt-1_assembled/1WYM-alt-17_assembled/1WYM-alt-15_assembled/1WYM-alt-2_assembled/1WYM-alt-3_assembled/1WYM-alt-14_assembled,83.23963894951517
1970,12,A,0.0,P37802,9.78,/1WYM-alt-19_assembled/1WYM-alt-18_assembled/1WYM-alt-8_assembled/1WYM-alt-9_assembled/1WYM-alt-20_assembled/1WYM-alt-10_assembled/1WYM-alt-7_assembled/1WYM-alt-6_assembled/1WYM-alt-11_assembled/1WYM-alt-13_assembled/1WYM-alt-4_assembled/1WYM-alt-5_assembled/1WYM-alt-12_assembled/1WYM-alt-16_assembled/1WYM-alt-1_assembled/1WYM-alt-17_assembled/1WYM-alt-15_assembled/1WYM-alt-2_assembled/1WYM-alt-3_assembled/1WYM-alt-14_assembled,69.56742772109239
1971,32,A,0.0,P37802,10.48,/1WYM-alt-19_assembled/1WYM-alt-18_assembled/1WYM-alt-8_assembled/1WYM-alt-9_assembled/1WYM-alt-20_assembled/1WYM-alt-10_assembled/1WYM-alt-7_assembled/1WYM-alt-6_assembled/1WYM-alt-11_assembled/1WYM-alt-13_assembled/1WYM-alt-4_assembled/1WYM-alt-5_assembled/1WYM-alt-12_assembled/1WYM-alt-16_assembled/1WYM-alt-1_assembled/1WYM-alt-17_assembled/1WYM-alt-15_assembled/1WYM-alt-2_assembled/1WYM-alt-3_assembled/1WYM-alt-14_assembled,59.380289943051885
1972,49,A,0.0,P37802,9.73,/1WYM-alt-19_assembled/1WYM-alt-18_assembled/1WYM-alt-8_assembled/1WYM-alt-9_assembled/1WYM-alt-20_assembled/1WYM-alt-10_assembled/1WYM-alt-7_assembled/1WYM-alt-6_assembled/1WYM-alt-11_assembled/1WYM-alt-13_assembled/1WYM-alt-4_assembled/1WYM-alt-5_assembled/1WYM-alt-12_assembled/1WYM-alt-16_assembled/1WYM-alt-1_assembled/1WYM-alt-17_assembled/1WYM-alt-15_assembled/1WYM-alt-2_assembled/1WYM-alt-3_assembled/1WYM-alt-14_assembled,27.61250502995189
1973,70,A,0.0,P37802,10.14,/1WYM-alt-19_assembled/1WYM-alt-18_assembled/1WYM-alt-8_assembled/1WYM-alt-9_assembled/1WYM-alt-20_assembled/1WYM-alt-10_assembled/1WYM-alt-7_assembled/1WYM-alt-6_assembled/1WYM-alt-11_assembled/1WYM-alt-13_assembled/1WYM-alt-4_assembled/1WYM-alt-5_assembled/1WYM-alt-12_assembled/1WYM-alt-16_assembled/1WYM-alt-1_assembled/1WYM-alt-17_assembled/1WYM-alt-15_assembled/1WYM-alt-2_assembled/1WYM-alt-3_assembled/1WYM-alt-14_assembled,83.23963894951518
1974,71,A,0.0,P37802,10.16,/1WYM-alt-19_assembled/1WYM-alt-18_assembled/1WYM-alt-8_assembled/1WYM-alt-9_assembled/1WYM-alt-20_assembled/1WYM-alt-10_assembled/1WYM-alt-7_assembled/1WYM-alt-6_assembled/1WYM-alt-11_assembled/1WYM-alt-13_assembled/1WYM-alt-4_assembled/1WYM-alt-5_assembled/1WYM-alt-12_assembled/1WYM-alt-16_assembled/1WYM-alt-1_assembled/1WYM-alt-17_assembled/1WYM-alt-15_assembled/1WYM-alt-2_assembled/1WYM-alt-3_assembled/1WYM-alt-14_assembled,95.97356117206581
1975,80,A,0.0,P37802,10.05,/1WYM-alt-19_assembled/1WYM-alt-18_assembled/1WYM-alt-8_assembled/1WYM-alt-9_assembled/1WYM-alt-20_assembled/1WYM-alt-10_assembled/1WYM-alt-7_assembled/1WYM-alt-6_assembled/1WYM-alt-11_assembled/1WYM-alt-13_assembled/1WYM-alt-4_assembled/1WYM-alt-5_assembled/1WYM-alt-12_assembled/1WYM-alt-16_assembled/1WYM-alt-1_assembled/1WYM-alt-17_assembled/1WYM-alt-15_assembled/1WYM-alt-2_assembled/1WYM-alt-3_assembled/1WYM-alt-14_assembled,54.28672105403163
1976,112,A,0.0,P37802,10.45,/1WYM-alt-19_assembled/1WYM-alt-18_assembled/1WYM-alt-8_assembled/1WYM-alt-9_assembled/1WYM-alt-20_assembled/1WYM-alt-10_assembled/1WYM-alt-7_assembled/1WYM-alt-6_assembled/1WYM-alt-11_assembled/1WYM-alt-13_assembled/1WYM-alt-4_assembled/1WYM-alt-5_assembled/1WYM-alt-12_assembled/1WYM-alt-16_assembled/1WYM-alt-1_assembled/1WYM-alt-17_assembled/1WYM-alt-15_assembled/1WYM-alt-2_assembled/1WYM-alt-3_assembled/1WYM-alt-14_assembled,74.7950378966658
1977,145,A,0.0,P37802,9.98,/1WYM-alt-19_assembled/1WYM-alt-18_assembled/1WYM-alt-8_assembled/1WYM-alt-9_assembled/1WYM-alt-20_assembled/1WYM-alt-10_assembled/1WYM-alt-7_assembled/1WYM-alt-6_assembled/1WYM-alt-11_assembled/1WYM-alt-13_assembled/1WYM-alt-4_assembled/1WYM-alt-5_assembled/1WYM-alt-12_assembled/1WYM-alt-16_assembled/1WYM-alt-1_assembled/1WYM-alt-17_assembled/1WYM-alt-15_assembled/1WYM-alt-2_assembled/1WYM-alt-3_assembled/1WYM-alt-14_assembled,61.65899181445568
1978,146,A,0.0,P37802,9.89,/1WYM-alt-19_assembled/1WYM-alt-18_assembled/1WYM-alt-8_assembled/1WYM-alt-9_assembled/1WYM-alt-20_assembled/1WYM-alt-10_assembled/1WYM-alt-7_assembled/1WYM-alt-6_assembled/1WYM-alt-11_assembled/1WYM-alt-13_assembled/1WYM-alt-4_assembled/1WYM-alt-5_assembled/1WYM-alt-12_assembled/1WYM-alt-16_assembled/1WYM-alt-1_assembled/1WYM-alt-17_assembled/1WYM-alt-15_assembled/1WYM-alt-2_assembled/1WYM-alt-3_assembled/1WYM-alt-14_assembled,65.81427169760377
1979,148,A,0.0,P37802,10.04,/1WYM-alt-19_assembled/1WYM-alt-18_assembled/1WYM-alt-8_assembled/1WYM-alt-9_assembled/1WYM-alt-20_assembled/1WYM-alt-10_assembled/1WYM-alt-7_assembled/1WYM-alt-6_assembled/1WYM-alt-11_assembled/1WYM-alt-13_assembled/1WYM-alt-4_assembled/1WYM-alt-5_assembled/1WYM-alt-12_assembled/1WYM-alt-16_assembled/1WYM-alt-1_assembled/1WYM-alt-17_assembled/1WYM-alt-15_assembled/1WYM-alt-2_assembled/1WYM-alt-3_assembled/1WYM-alt-14_assembled,65.01002397828479
1980,154,A,72.2,P35527,10.43,/AF-P35527-F1-model_v1,94.499107019981
1981,170,A,91.99,P35527,10.4,/AF-P35527-F1-model_v1,80.15668935879239
1982,184,A,89.66,P35527,11.45,/AF-P35527-F1-model_v1,68.49509742866707
1983,191,A,72.49,P35527,11.13,/AF-P35527-F1-model_v1,62.731322106880995
1984,212,A,96.04,P35527,11.05,/AF-P35527-F1-model_v1,68.7631800017734
1985,224,A,96.13,P35527,10.8,/AF-P35527-F1-model_v1,88.06512526542909
1986,242,A,95.86,P35527,10.51,/AF-P35527-F1-model_v1,122.7818184826987
1987,271,A,95.71,P35527,10.52,/AF-P35527-F1-model_v1,73.85674889079365
1988,289,A,94.63,P35527,10.3,/AF-P35527-F1-model_v1,70.6397580135177
1989,290,A,94.41,P35527,10.41,/AF-P35527-F1-model_v1,76.13545076219745
1990,293,A,89.42,P35527,10.44,/AF-P35527-F1-model_v1,83.90984538228099
1991,321,A,81.62,P35527,10.42,/AF-P35527-F1-model_v1,72.9184598849215
1992,336,A,92.98,P35527,10.41,/AF-P35527-F1-model_v1,69.29934514798606
1993,339,A,93.23,P35527,10.49,/AF-P35527-F1-model_v1,73.85674889079365
1994,368,A,93.44,P35527,10.33,/AF-P35527-F1-model_v1,72.78441859836835
1995,390,A,92.37,P35527,10.31,/AF-P35527-F1-model_v1,104.01603836525567
1996,391,A,92.66,P35527,10.79,/AF-P35527-F1-model_v1,96.91185017793795
1997,396,A,92.7,P35527,10.43,/AF-P35527-F1-model_v1,93.42677672755568
1998,402,A,96.03,P35527,10.39,/AF-P35527-F1-model_v1,94.63314830653415
1999,444,A,96.02,P35527,11.39,/AF-P35527-F1-model_v1,55.62713391956328
2000,449,A,91.31,P35527,10.4,/AF-P35527-F1-model_v1,82.16730865708985
2001,41,A,92.66,P07900,10.46,/AF-P07900-F1-model_v1,48.65698701879872
2002,58,A,92.32,P07900,8.93,/AF-P07900-F1-model_v1,17.961532398124046
2003,69,A,93.57,P07900,11.2,/AF-P07900-F1-model_v1,28.684835322377207
2004,74,A,93.79,P07900,10.56,/AF-P07900-F1-model_v1,86.85875368645061
2005,84,A,92.22,P07900,10.46,/AF-P07900-F1-model_v1,81.36306093777088
2006,100,A,96.65,P07900,10.42,/AF-P07900-F1-model_v1,63.26748725309365
2007,112,A,85.71,P07900,10.19,/AF-P07900-F1-model_v1,47.58465672637341
2008,116,A,84.24,P07900,10.63,/AF-P07900-F1-model_v1,69.70146900764556
2009,147,A,96.96,P07900,11.18,/AF-P07900-F1-model_v1,32.30395005931265
2010,153,A,97.66,P07900,9.96,/AF-P07900-F1-model_v1,27.746546316505054
2011,185,A,97.91,P07900,10.13,/AF-P07900-F1-model_v1,37.531560234886065
2012,191,A,96.54,P07900,9.34,/AF-P07900-F1-model_v1,34.98477579037594
2013,204,A,94.73,P07900,12.12,/AF-P07900-F1-model_v1,38.33580795420506
2014,208,A,90.16,P07900,9.98,/AF-P07900-F1-model_v1,75.46524432943164
2015,209,A,88.12,P07900,11.19,/AF-P07900-F1-model_v1,57.50371193130758
2016,224,A,84.86,P07900,12.91,/AF-P07900-F1-model_v1,40.61450982560885
2017,228,A,77.19,P07900,11.45,/AF-P07900-F1-model_v1,53.75055590781898
2018,281,A,77.76,P07900,11.65,/AF-P07900-F1-model_v1,69.70146900764556
2019,283,A,82.17,P07900,11.03,/AF-P07900-F1-model_v1,63.803652399306316
2020,292,A,86.83,P07900,10.57,/AF-P07900-F1-model_v1,82.16730865708986
2021,294,A,86.75,P07900,10.41,/AF-P07900-F1-model_v1,105.89261637699997
2022,314,A,93.53,P07900,11.36,/AF-P07900-F1-model_v1,44.36766584909746
2023,327,A,97.69,P07900,10.81,/AF-P07900-F1-model_v1,32.57203263241898
2024,356,A,83.33,P07900,10.72,/AF-P07900-F1-model_v1,64.20577625896581
2025,357,A,83.5,P07900,10.87,/AF-P07900-F1-model_v1,63.40152853964682
2026,358,A,84.95,P07900,11.61,/AF-P07900-F1-model_v1,46.91445029360759
2027,362,A,91.16,P07900,8.87,/AF-P07900-F1-model_v1,49.193152165011384
2028,407,A,84.84,P07900,10.45,/AF-P07900-F1-model_v1,102.13946035351137
2029,410,A,88.63,P07900,10.51,/AF-P07900-F1-model_v1,106.56282280976579
2030,414,A,94.11,P07900,10.34,/AF-P07900-F1-model_v1,97.71609789725693
2031,418,A,97.12,P07900,10.4,/AF-P07900-F1-model_v1,79.08435906636707
2032,419,A,97.75,P07900,11.32,/AF-P07900-F1-model_v1,45.30595485496961
2033,431,A,93.62,P07900,11.53,/AF-P07900-F1-model_v1,78.28011134704809
2034,435,A,96.73,P07900,10.76,/AF-P07900-F1-model_v1,82.97155637640884
2035,436,A,96.86,P07900,11.4,/AF-P07900-F1-model_v1,72.9184598849215
2036,443,A,97.71,P07900,10.42,/AF-P07900-F1-model_v1,82.03326737053669
2037,446,A,98.46,P07900,13.85,/AF-P07900-F1-model_v1,5.361651462126581
2038,457,A,95.86,P07900,10.79,/AF-P07900-F1-model_v1,91.55019871581138
2039,458,A,96.44,P07900,10.27,/AF-P07900-F1-model_v1,91.95232257547087
2040,478,A,96.04,P07900,10.65,/AF-P07900-F1-model_v1,95.5714373124063
2041,485,A,92.48,P07900,10.12,/AF-P07900-F1-model_v1,38.067725381098725
2042,489,A,91.17,P07900,10.47,/AF-P07900-F1-model_v1,100.1288410552139
2043,499,A,95.43,P07900,11.42,/AF-P07900-F1-model_v1,35.118817076929105
2044,513,A,91.35,P07900,10.07,/AF-P07900-F1-model_v1,57.50371193130758
2045,534,A,93.07,P07900,10.38,/AF-P07900-F1-model_v1,93.0246528678962
2046,539,A,95.22,P07900,10.28,/AF-P07900-F1-model_v1,48.3889044456924
2047,546,A,94.08,P07900,9.51,/AF-P07900-F1-model_v1,42.491087837353156
2048,558,A,85.18,P07900,10.63,/AF-P07900-F1-model_v1,68.49509742866707
2049,559,A,90.58,P07900,10.63,/AF-P07900-F1-model_v1,74.3929140370063
2050,560,A,89.85,P07900,11.7,/AF-P07900-F1-model_v1,64.20577625896581
2051,564,A,93.31,P07900,10.66,/AF-P07900-F1-model_v1,35.78902350969493
2052,565,A,93.73,P07900,11.3,/AF-P07900-F1-model_v1,53.080349475053154
2053,567,A,94.02,P07900,11.09,/AF-P07900-F1-model_v1,45.17191356841644
2054,573,A,94.3,P07900,11.5,/AF-P07900-F1-model_v1,69.43338643453923
2055,576,A,95.13,P07900,10.14,/AF-P07900-F1-model_v1,34.716693217269615
2056,581,A,87.54,P07900,10.55,/AF-P07900-F1-model_v1,91.4161574292582
2057,582,A,89.78,P07900,10.21,/AF-P07900-F1-model_v1,48.52294573224556
2058,585,A,94.32,P07900,10.71,/AF-P07900-F1-model_v1,65.81427169760379
2059,615,A,86.46,P07900,11.14,/AF-P07900-F1-model_v1,42.893211697012646
2060,631,A,87.36,P07900,11.51,/AF-P07900-F1-model_v1,69.16530386143289
2061,632,A,93.37,P07900,9.87,/AF-P07900-F1-model_v1,28.014628889611384
2062,649,A,90.85,P07900,10.54,/AF-P07900-F1-model_v1,55.35905134645695
2063,654,A,80.04,P07900,10.49,/AF-P07900-F1-model_v1,69.56742772109239
2064,657,A,80.7,P07900,10.66,/AF-P07900-F1-model_v1,88.33320783853543
2065,660,A,86.57,P07900,10.39,/AF-P07900-F1-model_v1,70.90784058662403
2066,693,A,85.81,P07900,10.43,/AF-P07900-F1-model_v1,71.57804701938986
2067,417,A,0.0,P61224,10.48,/6OQ4-alt1A_assembled/6OQ4-alt1B_assembled,91.14807485615188
2068,421,A,0.0,P61224,10.11,/6OQ4-alt1A_assembled/6OQ4-alt1B_assembled,72.65037731181518
2069,437,A,0.0,P61224,10.64,/6OQ4-alt1A_assembled/6OQ4-alt1B_assembled,66.8866019900291
2070,475,A,0.0,P61224,8.95,/6OQ4-alt1A_assembled/6OQ4-alt1B_assembled,37.93368409454556
2071,479,A,0.0,P61224,10.02,/6OQ4-alt1A_assembled/6OQ4-alt1B_assembled,27.2103811702924
2072,520,A,0.0,P61224,9.49,/6OQ4-alt1A_assembled/6OQ4-alt1B_assembled,46.780409007054416
2073,541,A,0.0,P61224,10.71,/6OQ4-alt1A_assembled/6OQ4-alt1B_assembled,43.69745941633163
2074,550,A,0.0,P61224,10.06,/6OQ4-alt1A_assembled/6OQ4-alt1B_assembled,34.85073450382278
2075,569,A,0.0,P61224,10.46,/6OQ4-alt1A_assembled/6OQ4-alt1B_assembled,130.95833696244173
2076,570,A,0.0,P61224,10.58,/6OQ4-alt1A_assembled/6OQ4-alt1B_assembled,64.20577625896581
2077,572,A,0.0,P61224,10.55,/6OQ4-alt1A_assembled/6OQ4-alt1B_assembled,97.04589146449112
2078,582,A,0.0,P61224,10.56,/6OQ4-alt1A_assembled/6OQ4-alt1B_assembled,59.916455089264545
2079,589,A,0.0,P61224,9.17,/6OQ4-alt1A_assembled/6OQ4-alt1B_assembled,21.84872970816582
2080,591,A,0.0,P61224,10.59,/6OQ4-alt1A_assembled/6OQ4-alt1B_assembled,81.36306093777087
2081,593,A,0.0,P61224,9.99,/6OQ4-alt1A_assembled/6OQ4-alt1B_assembled,47.31657415326708
2082,606,A,0.0,P61224,10.31,/6OQ4-alt1A_assembled/6OQ4-alt1B_assembled,63.669611112753145
2083,616,A,0.0,P61224,9.67,/6OQ4-alt1A_assembled/6OQ4-alt1B_assembled,33.37628035173797
2084,647,A,0.0,P61224,10.35,/6OQ4-alt1A_assembled/6OQ4-alt1B_assembled,80.29073064534555
2085,654,A,0.0,P61224,10.42,/6OQ4-alt1A_assembled/6OQ4-alt1B_assembled,75.06312046977214
2086,665,A,0.0,P61224,7.37,/6OQ4-alt1A_assembled/6OQ4-alt1B_assembled,31.767784913099995
2087,675,A,0.0,P61224,9.43,/6OQ4-alt1A_assembled/6OQ4-alt1B_assembled,20.64235812918734
2088,682,A,0.0,P61224,10.33,/6OQ4-alt1A_assembled/6OQ4-alt1B_assembled,71.71208830594301
2089,705,A,0.0,P61224,10.37,/6OQ4-alt1A_assembled/6OQ4-alt1B_assembled,80.15668935879239
2090,713,A,0.0,P61224,10.15,/6OQ4-alt1A_assembled/6OQ4-alt1B_assembled,54.68884491369113
2091,720,A,0.0,P61224,10.19,/6OQ4-alt1A_assembled/6OQ4-alt1B_assembled,70.37167544041137
2092,724,A,0.0,P61224,9.92,/6OQ4-alt1A_assembled/6OQ4-alt1B_assembled,68.09297356900758
2093,5,B,0.0,P61224,10.54,/6OQ4-alt1A_assembled/6OQ4-alt1B_assembled,44.903830995310116
2094,16,B,0.0,P61224,9.79,/6OQ4-alt1A_assembled/6OQ4-alt1B_assembled,12.867963509103795
2095,31,B,0.0,P61224,9.72,/6OQ4-alt1A_assembled/6OQ4-alt1B_assembled,45.842120001182266
2096,42,B,0.0,P61224,9.31,/6OQ4-alt1A_assembled/6OQ4-alt1B_assembled,34.44861064416329
2097,73,B,0.0,P61224,10.63,/6OQ4-alt1A_assembled/6OQ4-alt1B_assembled,65.54618912449745
2098,104,B,0.0,P61224,7.67,/6OQ4-alt1A_assembled/6OQ4-alt1B_assembled,10.589261637699998
2099,117,B,0.0,P61224,9.35,/6OQ4-alt1A_assembled/6OQ4-alt1B_assembled,28.282711462717714
2100,128,B,0.0,P61224,10.61,/6OQ4-alt1A_assembled/6OQ4-alt1B_assembled,65.0100239782848
2101,149,B,0.0,P61224,11.04,/6OQ4-alt1A_assembled/6OQ4-alt1B_assembled,57.10158807164809
2102,151,B,0.0,P61224,9.58,/6OQ4-alt1A_assembled/6OQ4-alt1B_assembled,55.62713391956328
2103,46,A,0.0,P11021,10.28,/5EXW-alt1B_assembled/5EXW-alt1A_assembled,56.83350549854176
2104,81,B,0.0,P11021,8.53,/5EXW-alt1B_assembled/5EXW-alt1A_assembled,14.476458947741769
2105,96,A,0.0,P11021,12.42,/5EXW-alt1B_assembled/5EXW-alt1A_assembled,13.672211228422782
2106,113,B,0.0,P11021,10.2,/5EXW-alt1B_assembled/5EXW-alt1A_assembled,58.44200093717973
2107,118,B,0.0,P11021,10.26,/5EXW-alt1B_assembled/5EXW-alt1A_assembled,54.018638480925304
2108,122,A,0.0,P11021,9.11,/5EXW-alt1B_assembled/5EXW-alt1A_assembled,41.016633685268346
2109,123,B,0.0,P11021,10.38,/5EXW-alt1B_assembled/5EXW-alt1A_assembled,62.86536339343416
2110,125,B,0.0,P11021,11.29,/5EXW-alt1B_assembled/5EXW-alt1A_assembled,48.52294573224556
2111,138,B,0.0,P11021,10.2,/5EXW-alt1B_assembled/5EXW-alt1A_assembled,43.29533555667214
2112,152,A,0.0,P11021,10.04,/5EXW-alt1B_assembled/5EXW-alt1A_assembled,13.538169941869617
2113,154,B,0.0,P11021,10.89,/5EXW-alt1B_assembled/5EXW-alt1A_assembled,19.167903977102526
2114,163,A,0.0,P11021,10.06,/5EXW-alt1B_assembled/5EXW-alt1A_assembled,49.72931731122404
2115,164,B,0.0,P11021,9.9,/5EXW-alt1B_assembled/5EXW-alt1A_assembled,55.49309263301012
2116,185,A,0.0,P11021,9.44,/5EXW-alt1B_assembled/5EXW-alt1A_assembled,37.129436375226575
2117,213,B,0.0,P11021,3.39,/5EXW-alt1B_assembled/5EXW-alt1A_assembled,2.6808257310632904
2118,218,B,0.0,P11021,9.02,/5EXW-alt1B_assembled/5EXW-alt1A_assembled,37.531560234886065
2119,268,A,0.0,P11021,10.28,/5EXW-alt1B_assembled/5EXW-alt1A_assembled,100.66500620142656
2120,271,A,0.0,P11021,10.36,/5EXW-alt1B_assembled/5EXW-alt1A_assembled,79.08435906636707
2121,272,B,0.0,P11021,10.09,/5EXW-alt1B_assembled/5EXW-alt1A_assembled,63.267487253093655
2122,273,A,0.0,P11021,10.47,/5EXW-alt1B_assembled/5EXW-alt1A_assembled,88.19916655198227
2123,276,B,0.0,P11021,11.44,/5EXW-alt1B_assembled/5EXW-alt1A_assembled,25.19976187199493
2124,280,B,0.0,P11021,10.47,/5EXW-alt1B_assembled/5EXW-alt1A_assembled,74.7950378966658
2125,287,B,0.0,P11021,10.12,/5EXW-alt1B_assembled/5EXW-alt1A_assembled,58.978166083392395
2126,294,B,0.0,P11021,10.06,/5EXW-alt1B_assembled/5EXW-alt1A_assembled,51.47185403641518
2127,296,B,0.0,P11021,9.34,/5EXW-alt1B_assembled/5EXW-alt1A_assembled,14.074335088082274
2128,326,B,0.0,P11021,10.4,/5EXW-alt1B_assembled/5EXW-alt1A_assembled,39.006014386970875
2129,340,B,0.0,P11021,10.08,/5EXW-alt1B_assembled/5EXW-alt1A_assembled,65.54618912449746
2130,344,B,0.0,P11021,10.86,/5EXW-alt1B_assembled/5EXW-alt1A_assembled,53.48247333471265
2131,352,A,0.0,P11021,10.5,/5EXW-alt1B_assembled/5EXW-alt1A_assembled,106.9649466694253
2132,353,A,0.0,P11021,9.98,/5EXW-alt1B_assembled/5EXW-alt1A_assembled,53.21439076160631
2133,370,B,0.0,P11021,10.27,/5EXW-alt1B_assembled/5EXW-alt1A_assembled,21.04448198884683
2134,376,A,0.0,P11021,10.93,/5EXW-alt1B_assembled/5EXW-alt1A_assembled,58.039877077520245
2135,382,B,0.0,P11021,8.25,/5EXW-alt1B_assembled/5EXW-alt1A_assembled,26.540174737526577
2136,46,A,0.0,P11021,10.1,/5F0X-alt1B_assembled/5F0X-alt1A_assembled,34.98477579037594
2137,81,B,0.0,P11021,10.85,/5F0X-alt1B_assembled/5F0X-alt1A_assembled,45.17191356841644
2138,96,B,0.0,P11021,9.16,/5F0X-alt1B_assembled/5F0X-alt1A_assembled,17.961532398124046
2139,113,B,0.0,P11021,10.1,/5F0X-alt1B_assembled/5F0X-alt1A_assembled,57.771794504413904
2140,118,B,0.0,P11021,10.33,/5F0X-alt1B_assembled/5F0X-alt1A_assembled,65.81427169760377
2141,122,B,0.0,P11021,10.17,/5F0X-alt1B_assembled/5F0X-alt1A_assembled,53.884597194372134
2142,123,A,0.0,P11021,10.34,/5F0X-alt1B_assembled/5F0X-alt1A_assembled,77.74394620083542
2143,125,B,0.0,P11021,10.38,/5F0X-alt1B_assembled/5F0X-alt1A_assembled,32.169908772759484
2144,138,B,0.0,P11021,9.97,/5F0X-alt1B_assembled/5F0X-alt1A_assembled,40.61450982560885
2145,152,B,0.0,P11021,10.06,/5F0X-alt1B_assembled/5F0X-alt1A_assembled,10.723302924253161
2146,154,B,0.0,P11021,9.81,/5F0X-alt1B_assembled/5F0X-alt1A_assembled,18.095573684677213
2147,163,B,0.0,P11021,8.61,/5F0X-alt1B_assembled/5F0X-alt1A_assembled,24.395514152675943
2148,164,A,0.0,P11021,10.16,/5F0X-alt1B_assembled/5F0X-alt1A_assembled,79.08435906636707
2149,185,B,0.0,P11021,9.67,/5F0X-alt1B_assembled/5F0X-alt1A_assembled,42.491087837353156
2150,213,A,0.0,P11021,10.33,/5F0X-alt1B_assembled,34.44861064416328
2151,218,B,0.0,P11021,8.07,/5F0X-alt1B_assembled/5F0X-alt1A_assembled,28.014628889611384
2152,268,B,0.0,P11021,9.77,/5F0X-alt1B_assembled/5F0X-alt1A_assembled,39.40813824663037
2153,271,B,0.0,P11021,10.13,/5F0X-alt1B_assembled/5F0X-alt1A_assembled,43.69745941633163
2154,272,B,0.0,P11021,10.3,/5F0X-alt1B_assembled/5F0X-alt1A_assembled,79.62052421257972
2155,273,B,0.0,P11021,11.21,/5F0X-alt1B_assembled/5F0X-alt1A_assembled,52.54418432884049
2156,276,A,0.0,P11021,10.57,/5F0X-alt1B_assembled/5F0X-alt1A_assembled,45.17191356841644
2157,280,B,0.0,P11021,10.49,/5F0X-alt1B_assembled/5F0X-alt1A_assembled,71.98017087904935
2158,287,B,0.0,P11021,8.68,/5F0X-alt1B_assembled/5F0X-alt1A_assembled,26.272092164420247
2159,294,B,0.0,P11021,10.4,/5F0X-alt1B_assembled/5F0X-alt1A_assembled,67.42276713624176
2160,296,B,0.0,P11021,9.47,/5F0X-alt1B_assembled/5F0X-alt1A_assembled,29.489083041696194
2161,326,A,0.0,P11021,10.64,/5F0X-alt1B_assembled/5F0X-alt1A_assembled,47.18253286671391
2162,340,B,0.0,P11021,10.3,/5F0X-alt1B_assembled/5F0X-alt1A_assembled,91.28211614270506
2163,344,A,0.0,P11021,9.98,/5F0X-alt1B_assembled/5F0X-alt1A_assembled,68.22701485556074
2164,352,B,0.0,P11021,10.52,/5F0X-alt1B_assembled/5F0X-alt1A_assembled,90.20978585027973
2165,353,A,0.0,P11021,9.99,/5F0X-alt1B_assembled/5F0X-alt1A_assembled,51.47185403641518
2166,370,B,0.0,P11021,10.34,/5F0X-alt1B_assembled/5F0X-alt1A_assembled,25.601885731654427
2167,376,B,0.0,P11021,11.3,/5F0X-alt1B_assembled/5F0X-alt1A_assembled,45.97616128773543
2168,382,B,0.0,P11021,9.22,/5F0X-alt1B_assembled/5F0X-alt1A_assembled,48.65698701879872
2169,34,A,0.0,P08133,10.53,/1M9I-alt-1_assembled,64.07173497241264
2170,40,A,0.0,P08133,10.39,/1M9I-alt-1_assembled,36.32518865590759
2171,63,A,0.0,P08133,10.4,/1M9I-alt-1_assembled,62.19515696066834
2172,68,A,0.0,P08133,11.16,/1M9I-alt-1_assembled,42.62512912390632
2173,75,A,0.0,P08133,10.06,/1M9I-alt-1_assembled,50.131441170883534
2174,81,A,0.0,P08133,11.38,/1M9I-alt-1_assembled,48.254863159139234
2175,99,A,0.0,P08133,9.98,/1M9I-alt-1_assembled,28.818876608930374
2176,102,A,0.0,P08133,10.3,/1M9I-alt-1_assembled,32.97415649207848
2177,113,A,0.0,P08133,11.52,/1M9I-alt-1_assembled,61.39090924134935
2178,135,A,0.0,P08133,10.29,/1M9I-alt-1_assembled,60.05049637581771
2179,156,A,0.0,P08133,10.11,/1M9I-alt-1_assembled,54.152679767478475
2180,191,A,0.0,P08133,10.4,/1M9I-alt-1_assembled,50.93568889020252
2181,208,A,0.0,P08133,9.41,/1M9I-alt-1_assembled,49.72931731122404
2182,220,A,0.0,P08133,10.97,/1M9I-alt-1_assembled,59.11220736994556
2183,224,A,0.0,P08133,10.13,/1M9I-alt-1_assembled,25.73592701820759
2184,240,A,0.0,P08133,10.39,/1M9I-alt-1_assembled,66.8866019900291
2185,247,A,0.0,P08133,12.75,/1M9I-alt-1_assembled,28.952917895483537
2186,262,A,0.0,P08133,10.05,/1M9I-alt-1_assembled,9.919055204934175
2187,265,A,0.0,P08133,8.81,/1M9I-alt-1_assembled,20.10619298297468
2188,296,A,0.0,P08133,12.63,/1M9I-alt-1_assembled,19.570027836762023
2189,299,A,0.0,P08133,9.47,/1M9I-alt-1_assembled,45.17191356841644
2190,306,A,0.0,P08133,10.54,/1M9I-alt-1_assembled,62.59728082032783
2191,314,A,0.0,P08133,10.09,/1M9I-alt-1_assembled,42.22300526424683
2192,315,A,0.0,P08133,10.43,/1M9I-alt-1_assembled,37.93368409454556
2193,319,A,0.0,P08133,11.01,/1M9I-alt-1_assembled,34.85073450382277
2194,354,A,0.0,P08133,10.29,/1M9I-alt-1_assembled,58.1739183640734
2195,370,A,0.0,P08133,11.27,/1M9I-alt-1_assembled,55.62713391956328
2196,374,A,0.0,P08133,10.43,/1M9I-alt-1_assembled,80.8268957915582
2197,377,A,0.0,P08133,9.93,/1M9I-alt-1_assembled,60.72070280858353
2198,406,A,0.0,P08133,10.72,/1M9I-alt-1_assembled,51.87397789607468
2199,418,A,0.0,P08133,10.13,/1M9I-alt-1_assembled,49.193152165011384
2200,442,A,0.0,P08133,7.58,/1M9I-alt-1_assembled,40.34642725250252
2201,445,A,0.0,P08133,11.05,/1M9I-alt-1_assembled,21.714688421612657
2202,446,A,0.0,P08133,10.58,/1M9I-alt-1_assembled,41.28471625837467
2203,456,A,0.0,P08133,6.21,/1M9I-alt-1_assembled,36.59327122901392
2204,478,A,0.0,P08133,10.78,/1M9I-alt-1_assembled,47.71869801292657
2205,483,A,0.0,P08133,10.16,/1M9I-alt-1_assembled,43.429376843225306
2206,540,A,0.0,P08133,9.78,/1M9I-alt-1_assembled,26.13805087786708
2207,568,A,0.0,P08133,10.68,/1M9I-alt-1_assembled,59.380289943051885
2208,579,A,0.0,P08133,11.23,/1M9I-alt-1_assembled,30.695454620674674
2209,580,A,0.0,P08133,10.66,/1M9I-alt-1_assembled,46.64636772050126
2210,598,A,0.0,P08133,10.36,/1M9I-alt-1_assembled,36.057106082801255
2211,600,A,0.0,P08133,9.24,/1M9I-alt-1_assembled,22.652977427484803
2212,607,A,0.0,P08133,10.56,/1M9I-alt-1_assembled,10.991385497359492
2213,610,A,0.0,P08133,9.65,/1M9I-alt-1_assembled,56.833505498541754
2214,613,A,0.0,P08133,9.86,/1M9I-alt-1_assembled,42.49108783735315
2215,620,A,0.0,P08133,9.6,/1M9I-alt-1_assembled,54.28672105403163
2216,644,A,0.0,P08133,10.96,/1M9I-alt-1_assembled,15.950913099826579
2217,647,A,0.0,P08133,9.68,/1M9I-alt-1_assembled,40.88259239871518
2218,663,A,0.0,P08133,11.78,/1M9I-alt-1_assembled,30.025248187908854
2219,5,A,94.72,P39023,10.42,/AF-P39023-F1-model_v1,82.56943251674934
2220,20,A,97.81,P39023,10.38,/AF-P39023-F1-model_v1,97.71609789725694
2221,28,A,97.55,P39023,9.86,/AF-P39023-F1-model_v1,80.02264807223924
2222,30,A,97.25,P39023,10.24,/AF-P39023-F1-model_v1,99.99479976866073
2223,34,A,96.09,P39023,10.44,/AF-P39023-F1-model_v1,116.07975415504049
2224,39,A,96.43,P39023,11.45,/AF-P39023-F1-model_v1,72.38229473870885
2225,50,A,98.55,P39023,8.91,/AF-P39023-F1-model_v1,16.084954386379742
2226,66,A,97.33,P39023,10.48,/AF-P39023-F1-model_v1,96.10760245861897
2227,69,A,95.02,P39023,11.64,/AF-P39023-F1-model_v1,62.731322106880995
2228,70,A,96.58,P39023,10.35,/AF-P39023-F1-model_v1,68.62913871522024
2229,103,A,97.02,P39023,11.32,/AF-P39023-F1-model_v1,37.26347766177974
2230,115,A,96.93,P39023,10.38,/AF-P39023-F1-model_v1,33.6443629248443
2231,120,A,95.16,P39023,10.46,/AF-P39023-F1-model_v1,116.21379544159365
2232,124,A,96.2,P39023,10.45,/AF-P39023-F1-model_v1,87.79704269232276
2233,126,A,96.48,P39023,10.46,/AF-P39023-F1-model_v1,104.01603836525567
2234,127,A,95.79,P39023,10.32,/AF-P39023-F1-model_v1,53.482473334712644
2235,128,A,95.83,P39023,10.42,/AF-P39023-F1-model_v1,75.86736818909112
2236,132,A,93.24,P39023,10.45,/AF-P39023-F1-model_v1,95.16931345274682
2237,135,A,92.94,P39023,10.36,/AF-P39023-F1-model_v1,79.21840035292024
2238,136,A,93.37,P39023,10.31,/AF-P39023-F1-model_v1,77.4758636277291
2239,143,A,95.1,P39023,11.51,/AF-P39023-F1-model_v1,46.1102025742886
2240,144,A,96.23,P39023,10.43,/AF-P39023-F1-model_v1,80.55881321845189
2241,148,A,96.56,P39023,10.37,/AF-P39023-F1-model_v1,82.43539123019619
2242,154,A,96.99,P39023,11.17,/AF-P39023-F1-model_v1,47.9867805860329
2243,155,A,97.03,P39023,11.08,/AF-P39023-F1-model_v1,76.26949204875062
2244,176,A,96.58,P39023,10.19,/AF-P39023-F1-model_v1,84.44601052849364
2245,177,A,96.95,P39023,9.34,/AF-P39023-F1-model_v1,42.62512912390632
2246,193,A,98.44,P39023,10.63,/AF-P39023-F1-model_v1,16.218995672932905
2247,224,A,98.27,P39023,10.33,/AF-P39023-F1-model_v1,104.82028608457466
2248,226,A,98.36,P39023,10.14,/AF-P39023-F1-model_v1,78.81627649326074
2249,229,A,98.35,P39023,10.3,/AF-P39023-F1-model_v1,55.22501005990378
2250,238,A,96.63,P39023,10.42,/AF-P39023-F1-model_v1,86.18854725368479
2251,239,A,97.37,P39023,10.07,/AF-P39023-F1-model_v1,65.54618912449746
2252,243,A,96.86,P39023,10.46,/AF-P39023-F1-model_v1,80.02264807223922
2253,250,A,97.22,P39023,10.01,/AF-P39023-F1-model_v1,38.067725381098725
2254,272,A,98.38,P39023,9.51,/AF-P39023-F1-model_v1,26.67421602407974
2255,282,A,98.31,P39023,11.05,/AF-P39023-F1-model_v1,27.612505029951894
2256,283,A,98.29,P39023,8.7,/AF-P39023-F1-model_v1,5.361651462126581
2257,286,A,97.95,P39023,8.98,/AF-P39023-F1-model_v1,38.469849240758215
2258,294,A,84.09,P39023,10.42,/AF-P39023-F1-model_v1,71.57804701938986
2259,297,A,88.23,P39023,10.45,/AF-P39023-F1-model_v1,95.97356117206581
2260,300,A,91.74,P39023,10.68,/AF-P39023-F1-model_v1,62.329198247221505
2261,312,A,94.37,P39023,9.94,/AF-P39023-F1-model_v1,3.216990877275949
2262,334,A,98.39,P39023,9.41,/AF-P39023-F1-model_v1,33.77840421139746
2263,341,A,96.25,P39023,9.58,/AF-P39023-F1-model_v1,43.96554198943796
2264,342,A,97.94,P39023,10.02,/AF-P39023-F1-model_v1,58.978166083392395
2265,349,A,98.29,P39023,10.3,/AF-P39023-F1-model_v1,27.746546316505054
2266,356,A,95.0,P39023,10.41,/AF-P39023-F1-model_v1,103.74795579214934
2267,362,A,96.11,P39023,10.5,/AF-P39023-F1-model_v1,97.17993275104428
2268,366,A,97.12,P39023,12.72,/AF-P39023-F1-model_v1,16.353036959486072
2269,373,A,97.09,P39023,9.85,/AF-P39023-F1-model_v1,26.138050877867087
2270,385,A,96.17,P39023,10.16,/AF-P39023-F1-model_v1,61.52495052790252
2271,386,A,95.2,P39023,10.54,/AF-P39023-F1-model_v1,89.67362070406708
2272,393,A,96.36,P39023,10.45,/AF-P39023-F1-model_v1,81.09497836466454
2273,394,A,95.22,P39023,10.61,/AF-P39023-F1-model_v1,71.8461295924962
2274,399,A,92.02,P39023,10.44,/AF-P39023-F1-model_v1,81.22901965121771
2275,14,A,0.0,O43390,9.99,/2DK2-alt-5_assembled/2DK2-alt-19_assembled/2DK2-alt-18_assembled/2DK2-alt-4_assembled/2DK2-alt-6_assembled/2DK2-alt-7_assembled/2DK2-alt-3_assembled/2DK2-alt-2_assembled/2DK2-alt-20_assembled/2DK2-alt-1_assembled/2DK2-alt-10_assembled/2DK2-alt-11_assembled/2DK2-alt-13_assembled/2DK2-alt-12_assembled/2DK2-alt-16_assembled/2DK2-alt-17_assembled/2DK2-alt-9_assembled/2DK2-alt-15_assembled/2DK2-alt-14_assembled/2DK2-alt-8_assembled,79.21840035292023
2276,16,A,0.0,O43390,10.0,/2DK2-alt-5_assembled/2DK2-alt-19_assembled/2DK2-alt-18_assembled/2DK2-alt-4_assembled/2DK2-alt-6_assembled/2DK2-alt-7_assembled/2DK2-alt-3_assembled/2DK2-alt-2_assembled/2DK2-alt-20_assembled/2DK2-alt-1_assembled/2DK2-alt-10_assembled/2DK2-alt-11_assembled/2DK2-alt-13_assembled/2DK2-alt-12_assembled/2DK2-alt-16_assembled/2DK2-alt-17_assembled/2DK2-alt-9_assembled/2DK2-alt-15_assembled/2DK2-alt-14_assembled/2DK2-alt-8_assembled,75.46524432943163
2277,34,A,0.0,O43390,10.41,/2DK2-alt-5_assembled/2DK2-alt-19_assembled/2DK2-alt-18_assembled/2DK2-alt-4_assembled/2DK2-alt-6_assembled/2DK2-alt-7_assembled/2DK2-alt-3_assembled/2DK2-alt-2_assembled/2DK2-alt-20_assembled/2DK2-alt-1_assembled/2DK2-alt-10_assembled/2DK2-alt-11_assembled/2DK2-alt-13_assembled/2DK2-alt-12_assembled/2DK2-alt-16_assembled/2DK2-alt-17_assembled/2DK2-alt-9_assembled/2DK2-alt-15_assembled/2DK2-alt-14_assembled/2DK2-alt-8_assembled,91.8182812889177
2278,41,A,0.0,O43390,10.29,/2DK2-alt-5_assembled/2DK2-alt-19_assembled/2DK2-alt-18_assembled/2DK2-alt-4_assembled/2DK2-alt-6_assembled/2DK2-alt-7_assembled/2DK2-alt-3_assembled/2DK2-alt-2_assembled/2DK2-alt-20_assembled/2DK2-alt-1_assembled/2DK2-alt-10_assembled/2DK2-alt-11_assembled/2DK2-alt-13_assembled/2DK2-alt-12_assembled/2DK2-alt-16_assembled/2DK2-alt-17_assembled/2DK2-alt-9_assembled/2DK2-alt-15_assembled/2DK2-alt-14_assembled/2DK2-alt-8_assembled,97.31397403759745
2279,46,A,0.0,O43390,9.95,/2DK2-alt-5_assembled/2DK2-alt-19_assembled/2DK2-alt-18_assembled/2DK2-alt-4_assembled/2DK2-alt-6_assembled/2DK2-alt-7_assembled/2DK2-alt-3_assembled/2DK2-alt-2_assembled/2DK2-alt-20_assembled/2DK2-alt-1_assembled/2DK2-alt-10_assembled/2DK2-alt-11_assembled/2DK2-alt-13_assembled/2DK2-alt-12_assembled/2DK2-alt-16_assembled/2DK2-alt-17_assembled/2DK2-alt-9_assembled/2DK2-alt-15_assembled/2DK2-alt-14_assembled/2DK2-alt-8_assembled,60.184537662370865
2280,47,A,0.0,O43390,10.14,/2DK2-alt-5_assembled/2DK2-alt-19_assembled/2DK2-alt-18_assembled/2DK2-alt-4_assembled/2DK2-alt-6_assembled/2DK2-alt-7_assembled/2DK2-alt-3_assembled/2DK2-alt-2_assembled/2DK2-alt-20_assembled/2DK2-alt-1_assembled/2DK2-alt-10_assembled/2DK2-alt-11_assembled/2DK2-alt-13_assembled/2DK2-alt-12_assembled/2DK2-alt-16_assembled/2DK2-alt-17_assembled/2DK2-alt-9_assembled/2DK2-alt-15_assembled/2DK2-alt-14_assembled/2DK2-alt-8_assembled,48.52294573224556
2281,49,A,0.0,O43390,10.58,/2DK2-alt-5_assembled/2DK2-alt-19_assembled/2DK2-alt-18_assembled/2DK2-alt-4_assembled/2DK2-alt-6_assembled/2DK2-alt-7_assembled/2DK2-alt-3_assembled/2DK2-alt-2_assembled/2DK2-alt-20_assembled/2DK2-alt-1_assembled/2DK2-alt-10_assembled/2DK2-alt-11_assembled/2DK2-alt-13_assembled/2DK2-alt-12_assembled/2DK2-alt-16_assembled/2DK2-alt-17_assembled/2DK2-alt-9_assembled/2DK2-alt-15_assembled/2DK2-alt-14_assembled/2DK2-alt-8_assembled,101.87137778040504
2282,64,A,0.0,O43390,10.24,/2DK2-alt-5_assembled/2DK2-alt-19_assembled/2DK2-alt-18_assembled/2DK2-alt-4_assembled/2DK2-alt-6_assembled/2DK2-alt-7_assembled/2DK2-alt-3_assembled/2DK2-alt-2_assembled/2DK2-alt-20_assembled/2DK2-alt-1_assembled/2DK2-alt-10_assembled/2DK2-alt-11_assembled/2DK2-alt-13_assembled/2DK2-alt-12_assembled/2DK2-alt-16_assembled/2DK2-alt-17_assembled/2DK2-alt-9_assembled/2DK2-alt-15_assembled/2DK2-alt-14_assembled/2DK2-alt-8_assembled,88.60129041164176
2283,72,A,0.0,O43390,10.34,/2DK2-alt-5_assembled/2DK2-alt-19_assembled/2DK2-alt-18_assembled/2DK2-alt-4_assembled/2DK2-alt-6_assembled/2DK2-alt-7_assembled/2DK2-alt-3_assembled/2DK2-alt-2_assembled/2DK2-alt-20_assembled/2DK2-alt-1_assembled/2DK2-alt-10_assembled/2DK2-alt-11_assembled/2DK2-alt-13_assembled/2DK2-alt-12_assembled/2DK2-alt-16_assembled/2DK2-alt-17_assembled/2DK2-alt-9_assembled/2DK2-alt-15_assembled/2DK2-alt-14_assembled/2DK2-alt-8_assembled,77.0737397680696
2284,85,A,0.0,O43390,10.22,/2DK2-alt-5_assembled/2DK2-alt-19_assembled/2DK2-alt-18_assembled/2DK2-alt-4_assembled/2DK2-alt-6_assembled/2DK2-alt-7_assembled/2DK2-alt-3_assembled/2DK2-alt-2_assembled/2DK2-alt-20_assembled/2DK2-alt-1_assembled/2DK2-alt-10_assembled/2DK2-alt-11_assembled/2DK2-alt-13_assembled/2DK2-alt-12_assembled/2DK2-alt-16_assembled/2DK2-alt-17_assembled/2DK2-alt-9_assembled/2DK2-alt-15_assembled/2DK2-alt-14_assembled/2DK2-alt-8_assembled,112.72872199121137
2285,89,A,0.0,O43390,9.92,/2DK2-alt-5_assembled/2DK2-alt-19_assembled/2DK2-alt-18_assembled/2DK2-alt-4_assembled/2DK2-alt-6_assembled/2DK2-alt-7_assembled/2DK2-alt-3_assembled/2DK2-alt-2_assembled/2DK2-alt-20_assembled/2DK2-alt-1_assembled/2DK2-alt-10_assembled/2DK2-alt-11_assembled/2DK2-alt-13_assembled/2DK2-alt-12_assembled/2DK2-alt-16_assembled/2DK2-alt-17_assembled/2DK2-alt-9_assembled/2DK2-alt-15_assembled/2DK2-alt-14_assembled/2DK2-alt-8_assembled,71.84612959249617
2286,90,A,0.0,O43390,10.29,/2DK2-alt-5_assembled/2DK2-alt-19_assembled/2DK2-alt-18_assembled/2DK2-alt-4_assembled/2DK2-alt-6_assembled/2DK2-alt-7_assembled/2DK2-alt-3_assembled/2DK2-alt-2_assembled/2DK2-alt-20_assembled/2DK2-alt-1_assembled/2DK2-alt-10_assembled/2DK2-alt-11_assembled/2DK2-alt-13_assembled/2DK2-alt-12_assembled/2DK2-alt-16_assembled/2DK2-alt-17_assembled/2DK2-alt-9_assembled/2DK2-alt-15_assembled/2DK2-alt-14_assembled/2DK2-alt-8_assembled,99.05651076278858
2287,122,A,97.68,P13861,8.16,/AF-P13861-F1-model_v1,1.3404128655316452
2288,135,A,89.94,P13861,11.54,/AF-P13861-F1-model_v1,82.16730865708985
2289,141,A,88.06,P13861,10.9,/AF-P13861-F1-model_v1,82.56943251674934
2290,161,A,98.39,P13861,10.57,/AF-P13861-F1-model_v1,95.1693134527468
2291,190,A,91.89,P13861,10.41,/AF-P13861-F1-model_v1,77.4758636277291
2292,243,A,91.13,P13861,11.23,/AF-P13861-F1-model_v1,48.12082187258606
2293,247,A,91.28,P13861,11.52,/AF-P13861-F1-model_v1,74.12483146389998
2294,248,A,91.97,P13861,12.27,/AF-P13861-F1-model_v1,41.82088140458733
2295,250,A,93.2,P13861,10.61,/AF-P13861-F1-model_v1,102.54158421317086
2296,263,A,86.86,P13861,10.45,/AF-P13861-F1-model_v1,95.70547859895947
2297,272,A,96.47,P13861,10.36,/AF-P13861-F1-model_v1,55.895216492669604
2298,280,A,96.96,P13861,10.62,/AF-P13861-F1-model_v1,77.4758636277291
2299,283,A,98.42,P13861,11.49,/AF-P13861-F1-model_v1,88.60129041164176
2300,294,A,95.35,P13861,10.53,/AF-P13861-F1-model_v1,88.60129041164177
2301,332,A,96.28,P13861,10.38,/AF-P13861-F1-model_v1,78.81627649326074
2302,345,A,91.05,P13861,10.36,/AF-P13861-F1-model_v1,69.29934514798606
2303,358,A,97.65,P13861,11.85,/AF-P13861-F1-model_v1,37.933684094545555
2304,379,A,86.15,P13861,11.62,/AF-P13861-F1-model_v1,46.51232643394809
2305,391,A,75.8,P13861,11.32,/AF-P13861-F1-model_v1,56.43138163888226
2306,36,A,70.67,P05023,10.99,/AF-P05023-F1-model_v1,35.78902350969493
2307,37,A,70.93,P05023,10.57,/AF-P05023-F1-model_v1,80.8268957915582
2308,45,A,92.05,P05023,11.7,/AF-P05023-F1-model_v1,33.644362924844295
2309,54,A,92.23,P05023,11.33,/AF-P05023-F1-model_v1,42.088963977693666
2310,91,A,84.16,P05023,11.3,/AF-P05023-F1-model_v1,46.91445029360759
2311,177,A,90.95,P05023,11.01,/AF-P05023-F1-model_v1,45.03787228186328
2312,194,A,90.49,P05023,10.45,/AF-P05023-F1-model_v1,63.13344596654049
2313,212,A,89.74,P05023,11.3,/AF-P05023-F1-model_v1,38.33580795420505
2314,349,A,88.77,P05023,10.13,/AF-P05023-F1-model_v1,100.39692362832022
2315,354,A,89.7,P05023,11.22,/AF-P05023-F1-model_v1,63.26748725309365
2316,359,A,79.75,P05023,8.19,/AF-P05023-F1-model_v1,38.201766667651896
2317,377,A,92.67,P05023,12.17,/AF-P05023-F1-model_v1,6.702064327658227
2318,413,A,86.93,P05023,10.88,/AF-P05023-F1-model_v1,37.3975189483329
2319,444,A,87.78,P05023,10.37,/AF-P05023-F1-model_v1,75.73332690253795
2320,458,A,94.58,P05023,8.06,/AF-P05023-F1-model_v1,17.15728467880506
2321,468,A,92.01,P05023,10.76,/AF-P05023-F1-model_v1,83.37368023606834
2322,476,A,94.23,P05023,10.62,/AF-P05023-F1-model_v1,30.963537193781004
2323,487,A,87.44,P05023,10.33,/AF-P05023-F1-model_v1,55.62713391956328
2324,494,A,93.57,P05023,11.26,/AF-P05023-F1-model_v1,65.41214783794429
2325,508,A,96.55,P05023,10.44,/AF-P05023-F1-model_v1,10.321179064593668
2326,526,A,92.65,P05023,10.44,/AF-P05023-F1-model_v1,84.71409310159999
2327,535,A,91.04,P05023,11.48,/AF-P05023-F1-model_v1,39.810262106289855
2328,605,A,95.12,P05023,11.47,/AF-P05023-F1-model_v1,68.09297356900757
2329,612,A,97.04,P05023,8.97,/AF-P05023-F1-model_v1,33.91244549795063
2330,625,A,93.61,P05023,10.59,/AF-P05023-F1-model_v1,25.869968304760754
2331,629,A,93.36,P05023,10.04,/AF-P05023-F1-model_v1,65.81427169760377
2332,661,A,93.2,P05023,10.45,/AF-P05023-F1-model_v1,83.64176280917466
2333,671,A,85.16,P05023,11.56,/AF-P05023-F1-model_v1,62.59728082032784
2334,683,A,93.35,P05023,10.75,/AF-P05023-F1-model_v1,57.10158807164809
2335,698,A,93.1,P05023,12.83,/AF-P05023-F1-model_v1,7.3722707604240485
2336,726,A,87.73,P05023,10.1,/AF-P05023-F1-model_v1,64.07173497241264
2337,727,A,91.78,P05023,10.16,/AF-P05023-F1-model_v1,41.552798831481
2338,743,A,82.45,P05023,9.79,/AF-P05023-F1-model_v1,25.601885731654427
2339,773,A,96.25,P05023,9.42,/AF-P05023-F1-model_v1,8.846724912508858
2340,774,A,96.68,P05023,9.84,/AF-P05023-F1-model_v1,7.774394620083543
2341,833,A,93.15,P05023,11.53,/AF-P05023-F1-model_v1,87.52896011921644
2342,840,A,91.06,P05023,10.38,/AF-P05023-F1-model_v1,111.12022655257338
2343,843,A,93.71,P05023,10.32,/AF-P05023-F1-model_v1,40.61450982560885
2344,912,A,94.14,P05023,12.7,/AF-P05023-F1-model_v1,11.393509357018985
2345,938,A,96.82,P05023,10.19,/AF-P05023-F1-model_v1,9.248848772168351
2346,950,A,93.77,P05023,10.39,/AF-P05023-F1-model_v1,96.10760245861897
2347,952,A,96.27,P05023,10.44,/AF-P05023-F1-model_v1,102.94370807283036
2348,984,A,92.15,P05023,10.37,/AF-P05023-F1-model_v1,59.78241380271138
2349,42,A,86.28,Q9Y285,10.66,/AF-Q9Y285-F1-model_v1,63.133445966540485
2350,59,A,82.79,Q9Y285,11.4,/AF-Q9Y285-F1-model_v1,53.080349475053154
2351,101,A,82.44,Q9Y285,10.42,/AF-Q9Y285-F1-model_v1,79.21840035292024
2352,106,A,85.35,Q9Y285,9.39,/AF-Q9Y285-F1-model_v1,35.65498222314176
2353,111,A,86.84,Q9Y285,10.45,/AF-Q9Y285-F1-model_v1,83.90984538228099
2354,117,A,82.79,Q9Y285,10.42,/AF-Q9Y285-F1-model_v1,83.77580409572784
2355,150,A,81.96,Q9Y285,10.24,/AF-Q9Y285-F1-model_v1,68.09297356900757
2356,154,A,85.7,Q9Y285,10.46,/AF-Q9Y285-F1-model_v1,100.1288410552139
2357,161,A,86.05,Q9Y285,10.42,/AF-Q9Y285-F1-model_v1,77.4758636277291
2358,163,A,86.0,Q9Y285,10.51,/AF-Q9Y285-F1-model_v1,89.67362070406706
2359,171,A,87.46,Q9Y285,10.42,/AF-Q9Y285-F1-model_v1,76.2694920487506
2360,177,A,89.19,Q9Y285,10.33,/AF-Q9Y285-F1-model_v1,36.72731251556708
2361,208,A,80.66,Q9Y285,10.38,/AF-Q9Y285-F1-model_v1,67.42276713624176
2362,229,A,88.7,Q9Y285,9.26,/AF-Q9Y285-F1-model_v1,10.589261637699998
2363,297,A,97.69,Q9Y285,10.27,/AF-Q9Y285-F1-model_v1,52.544184328840494
2364,311,A,94.83,Q9Y285,10.32,/AF-Q9Y285-F1-model_v1,57.63775321786074
2365,315,A,96.89,Q9Y285,10.52,/AF-Q9Y285-F1-model_v1,77.74394620083544
2366,321,A,96.94,Q9Y285,11.05,/AF-Q9Y285-F1-model_v1,49.595276024670866
2367,342,A,93.25,Q9Y285,10.31,/AF-Q9Y285-F1-model_v1,81.6311435108772
2368,343,A,90.13,Q9Y285,10.4,/AF-Q9Y285-F1-model_v1,93.02465286789618
2369,349,A,98.21,Q9Y285,10.11,/AF-Q9Y285-F1-model_v1,59.38028994305188
2370,397,A,88.27,Q9Y285,11.17,/AF-Q9Y285-F1-model_v1,26.27209216442025
2371,406,A,96.06,Q9Y285,11.51,/AF-Q9Y285-F1-model_v1,62.59728082032783
2372,427,A,84.71,Q9Y285,10.45,/AF-Q9Y285-F1-model_v1,97.31397403759743
2373,428,A,89.0,Q9Y285,10.18,/AF-Q9Y285-F1-model_v1,79.08435906636707
2374,468,A,77.72,Q9Y285,9.16,/AF-Q9Y285-F1-model_v1,51.33781274986201
2375,481,A,80.67,Q9Y285,10.12,/AF-Q9Y285-F1-model_v1,83.10559766296201
2376,20,A,0.0,Q9UIJ7,9.22,/6ZJE-alt1A_assembled/6ZJE-alt1C_assembled/6ZJE-alt1B_assembled,22.921060000591133
2377,34,A,0.0,Q9UIJ7,10.42,/6ZJE-alt1A_assembled/6ZJE-alt1C_assembled/6ZJE-alt1B_assembled,58.03987707752024
2378,57,A,0.0,Q9UIJ7,10.66,/6ZJE-alt1A_assembled/6ZJE-alt1C_assembled/6ZJE-alt1B_assembled,69.96955158075188
2379,64,A,0.0,Q9UIJ7,10.37,/6ZJE-alt1A_assembled/6ZJE-alt1C_assembled/6ZJE-alt1B_assembled,75.46524432943163
2380,80,A,0.0,Q9UIJ7,10.36,/6ZJE-alt1A_assembled/6ZJE-alt1C_assembled/6ZJE-alt1B_assembled,75.06312046977214
2381,122,A,0.0,Q9UIJ7,10.29,/6ZJE-alt1A_assembled/6ZJE-alt1C_assembled/6ZJE-alt1B_assembled,45.43999614152277
2382,146,A,0.0,Q9UIJ7,10.62,/6ZJE-alt1A_assembled/6ZJE-alt1C_assembled/6ZJE-alt1B_assembled,81.49710222432404
2383,165,A,0.0,Q9UIJ7,10.58,/6ZJE-alt1A_assembled/6ZJE-alt1C_assembled/6ZJE-alt1B_assembled,52.27610175573417
2384,171,A,0.0,Q9UIJ7,10.24,/6ZJE-alt1A_assembled/6ZJE-alt1C_assembled/6ZJE-alt1B_assembled,65.94831298415696
2385,174,A,0.0,Q9UIJ7,11.29,/6ZJE-alt1A_assembled/6ZJE-alt1C_assembled/6ZJE-alt1B_assembled,73.18654245802783
2386,181,A,0.0,Q9UIJ7,10.53,/6ZJE-alt1A_assembled/6ZJE-alt1C_assembled/6ZJE-alt1B_assembled,80.69285450500504
2387,189,A,0.0,Q9UIJ7,10.38,/6ZJE-alt1A_assembled/6ZJE-alt1C_assembled/6ZJE-alt1B_assembled,93.15869415444935
2388,190,A,0.0,Q9UIJ7,10.09,/6ZJE-alt1A_assembled/6ZJE-alt1C_assembled/6ZJE-alt1B_assembled,75.46524432943163
2389,203,A,0.0,Q9UIJ7,10.71,/6ZJE-alt1A_assembled/6ZJE-alt1C_assembled/6ZJE-alt1B_assembled,97.31397403759745
2390,215,A,0.0,Q9UIJ7,7.47,/6ZJE-alt1A_assembled/6ZJE-alt1C_assembled/6ZJE-alt1B_assembled,22.921060000591133
2391,150,A,81.5,Q9BXP5,10.38,/AF-Q9BXP5-F1-model_v1,49.193152165011384
2392,153,A,85.43,Q9BXP5,10.47,/AF-Q9BXP5-F1-model_v1,93.96294187376833
2393,170,A,89.53,Q9BXP5,10.47,/AF-Q9BXP5-F1-model_v1,86.05450596713163
2394,176,A,86.84,Q9BXP5,9.94,/AF-Q9BXP5-F1-model_v1,43.8315007028848
2395,192,A,88.67,Q9BXP5,11.45,/AF-Q9BXP5-F1-model_v1,31.231619766887334
2396,200,A,85.31,Q9BXP5,10.2,/AF-Q9BXP5-F1-model_v1,51.069730176755684
2397,208,A,88.62,Q9BXP5,10.62,/AF-Q9BXP5-F1-model_v1,92.75657029478984
2398,242,A,89.7,Q9BXP5,9.92,/AF-Q9BXP5-F1-model_v1,43.429376843225306
2399,248,A,91.43,Q9BXP5,11.0,/AF-Q9BXP5-F1-model_v1,29.221000468589864
2400,256,A,89.92,Q9BXP5,9.44,/AF-Q9BXP5-F1-model_v1,19.704069123315186
2401,413,A,81.76,Q9BXP5,10.45,/AF-Q9BXP5-F1-model_v1,107.23302924253161
2402,419,A,90.75,Q9BXP5,10.87,/AF-Q9BXP5-F1-model_v1,57.905835790967075
2403,442,A,95.01,Q9BXP5,10.39,/AF-Q9BXP5-F1-model_v1,90.07574456372657
2404,476,A,94.83,Q9BXP5,10.42,/AF-Q9BXP5-F1-model_v1,81.2290196512177
2405,514,A,92.02,Q9BXP5,11.35,/AF-Q9BXP5-F1-model_v1,26.942298597186074
2406,522,A,95.13,Q9BXP5,10.39,/AF-Q9BXP5-F1-model_v1,95.30335473929998
2407,526,A,92.97,Q9BXP5,10.94,/AF-Q9BXP5-F1-model_v1,67.82489099590126
2408,559,A,89.77,Q9BXP5,10.29,/AF-Q9BXP5-F1-model_v1,64.47385883207214
2409,604,A,91.51,Q9BXP5,10.68,/AF-Q9BXP5-F1-model_v1,93.15869415444935
2410,607,A,93.02,Q9BXP5,10.5,/AF-Q9BXP5-F1-model_v1,61.25686795479619
2411,611,A,94.05,Q9BXP5,11.07,/AF-Q9BXP5-F1-model_v1,66.48447813036961
2412,664,A,95.17,Q9BXP5,10.67,/AF-Q9BXP5-F1-model_v1,89.67362070406708
2413,669,A,93.04,Q9BXP5,9.85,/AF-Q9BXP5-F1-model_v1,45.03787228186329
2414,687,A,86.91,Q9BXP5,11.24,/AF-Q9BXP5-F1-model_v1,52.27610175573417
2415,691,A,91.62,Q9BXP5,10.75,/AF-Q9BXP5-F1-model_v1,48.38890444569239
2416,699,A,94.14,Q9BXP5,11.31,/AF-Q9BXP5-F1-model_v1,52.410143042287324
2417,710,A,90.54,Q9BXP5,10.47,/AF-Q9BXP5-F1-model_v1,90.61190970993923
2418,712,A,92.57,Q9BXP5,10.41,/AF-Q9BXP5-F1-model_v1,73.7227076042405
2419,720,A,93.71,Q9BXP5,10.27,/AF-Q9BXP5-F1-model_v1,63.40152853964682
2420,721,A,94.01,Q9BXP5,10.37,/AF-Q9BXP5-F1-model_v1,67.02064327658226
2421,723,A,93.17,Q9BXP5,10.44,/AF-Q9BXP5-F1-model_v1,90.07574456372657
2422,730,A,94.45,Q9BXP5,10.51,/AF-Q9BXP5-F1-model_v1,78.01202877394175
2423,735,A,93.89,Q9BXP5,10.36,/AF-Q9BXP5-F1-model_v1,73.05250117147466
2424,739,A,93.52,Q9BXP5,10.48,/AF-Q9BXP5-F1-model_v1,58.30795965062657
2425,744,A,93.84,Q9BXP5,10.53,/AF-Q9BXP5-F1-model_v1,72.516336025262
2426,745,A,92.71,Q9BXP5,11.56,/AF-Q9BXP5-F1-model_v1,64.74194140517847
2427,758,A,81.9,Q9BXP5,11.41,/AF-Q9BXP5-F1-model_v1,82.97155637640884
2428,31,A,91.29,Q9NW13,10.14,/AF-Q9NW13-F1-model_v1,53.482473334712644
2429,39,A,80.73,Q9NW13,12.4,/AF-Q9NW13-F1-model_v1,51.069730176755684
2430,42,A,78.53,Q9NW13,10.46,/AF-Q9NW13-F1-model_v1,92.48848772168353
2431,63,A,90.49,Q9NW13,10.44,/AF-Q9NW13-F1-model_v1,86.05450596713163
2432,72,A,88.5,Q9NW13,10.44,/AF-Q9NW13-F1-model_v1,82.70347380330251
2433,79,A,83.47,Q9NW13,10.42,/AF-Q9NW13-F1-model_v1,95.97356117206581
2434,80,A,77.95,Q9NW13,10.39,/AF-Q9NW13-F1-model_v1,101.20117134763922
2435,113,A,80.84,Q9NW13,10.42,/AF-Q9NW13-F1-model_v1,98.11822175691643
2436,124,A,89.55,Q9NW13,10.39,/AF-Q9NW13-F1-model_v1,83.10559766296201
2437,131,A,93.71,Q9NW13,10.5,/AF-Q9NW13-F1-model_v1,87.12683625955694
2438,148,A,86.13,Q9NW13,10.12,/AF-Q9NW13-F1-model_v1,55.09096877335062
2439,152,A,85.4,Q9NW13,11.04,/AF-Q9NW13-F1-model_v1,67.69084970934809
2440,162,A,90.79,Q9NW13,10.52,/AF-Q9NW13-F1-model_v1,79.88860678568606
2441,169,A,93.97,Q9NW13,10.44,/AF-Q9NW13-F1-model_v1,73.05250117147467
2442,172,A,93.38,Q9NW13,10.42,/AF-Q9NW13-F1-model_v1,87.93108397887593
2443,177,A,91.38,Q9NW13,10.21,/AF-Q9NW13-F1-model_v1,54.554803627137964
2444,180,A,87.88,Q9NW13,11.48,/AF-Q9NW13-F1-model_v1,40.61450982560885
2445,192,A,83.47,Q9NW13,10.47,/AF-Q9NW13-F1-model_v1,95.9735611720658
2446,194,A,82.18,Q9NW13,10.45,/AF-Q9NW13-F1-model_v1,88.73533169819493
2447,196,A,82.39,Q9NW13,10.24,/AF-Q9NW13-F1-model_v1,85.11621696125947
2448,335,A,90.89,Q9NW13,11.34,/AF-Q9NW13-F1-model_v1,38.067725381098725
2449,362,A,90.79,Q9NW13,11.54,/AF-Q9NW13-F1-model_v1,54.152679767478475
2450,376,A,91.39,Q9NW13,10.11,/AF-Q9NW13-F1-model_v1,38.46984924075822
2451,391,A,90.26,Q9NW13,10.91,/AF-Q9NW13-F1-model_v1,60.4526202354772
2452,406,A,85.2,Q9NW13,10.06,/AF-Q9NW13-F1-model_v1,48.92506959190506
2453,413,A,90.54,Q9NW13,10.31,/AF-Q9NW13-F1-model_v1,98.78842818968225
2454,425,A,82.05,Q9NW13,10.52,/AF-Q9NW13-F1-model_v1,92.22040514857719
2455,453,A,91.01,Q9NW13,10.46,/AF-Q9NW13-F1-model_v1,101.33521263419237
2456,465,A,92.32,Q9NW13,10.04,/AF-Q9NW13-F1-model_v1,58.71008351028607
2457,473,A,93.93,Q9NW13,10.03,/AF-Q9NW13-F1-model_v1,23.323183860250627
2458,476,A,94.35,Q9NW13,10.13,/AF-Q9NW13-F1-model_v1,90.74595099649238
2459,478,A,92.98,Q9NW13,10.36,/AF-Q9NW13-F1-model_v1,88.06512526542909
2460,496,A,90.6,Q9NW13,10.28,/AF-Q9NW13-F1-model_v1,65.94831298415696
2461,501,A,93.85,Q9NW13,10.41,/AF-Q9NW13-F1-model_v1,112.9968045643177
2462,505,A,93.35,Q9NW13,10.43,/AF-Q9NW13-F1-model_v1,94.0969831603215
2463,515,A,78.95,Q9NW13,10.48,/AF-Q9NW13-F1-model_v1,101.33521263419237
2464,520,A,93.71,Q9NW13,11.42,/AF-Q9NW13-F1-model_v1,60.18453766237087
2465,529,A,80.5,Q9NW13,10.58,/AF-Q9NW13-F1-model_v1,92.35444643513036
2466,536,A,75.55,Q9NW13,11.28,/AF-Q9NW13-F1-model_v1,62.731322106880995
2467,555,A,93.8,Q9NW13,11.07,/AF-Q9NW13-F1-model_v1,26.540174737526577
2468,571,A,84.86,Q9NW13,10.32,/AF-Q9NW13-F1-model_v1,77.34182234117594
2469,584,A,91.98,Q9NW13,10.51,/AF-Q9NW13-F1-model_v1,109.91385497359491
2470,586,A,91.83,Q9NW13,10.45,/AF-Q9NW13-F1-model_v1,102.27350164006452
2471,588,A,90.66,Q9NW13,10.46,/AF-Q9NW13-F1-model_v1,90.34382713683289
2472,598,A,89.2,Q9NW13,10.35,/AF-Q9NW13-F1-model_v1,89.00341427130124
2473,665,A,75.83,Q9NW13,10.59,/AF-Q9NW13-F1-model_v1,73.99079017734682
2474,666,A,73.6,Q9NW13,11.14,/AF-Q9NW13-F1-model_v1,49.86335859777721
2475,738,A,83.99,Q9NW13,10.45,/AF-Q9NW13-F1-model_v1,80.29073064534555
2476,740,A,79.32,Q9NW13,10.48,/AF-Q9NW13-F1-model_v1,87.93108397887593
2477,55,A,87.28,Q02539,10.45,/AF-Q02539-F1-model_v1,112.1925568449987
2478,66,A,94.1,Q02539,9.9,/AF-Q02539-F1-model_v1,46.51232643394809
2479,67,A,94.15,Q02539,10.42,/AF-Q02539-F1-model_v1,114.20317614329616
2480,78,A,93.07,Q02539,10.44,/AF-Q02539-F1-model_v1,104.41816222491516
2481,84,A,95.08,Q02539,10.32,/AF-Q02539-F1-model_v1,77.34182234117593
2482,88,A,95.3,Q02539,10.42,/AF-Q02539-F1-model_v1,112.72872199121136
2483,93,A,92.78,Q02539,10.34,/AF-Q02539-F1-model_v1,112.05851555844555
2484,100,A,93.07,Q02539,10.43,/AF-Q02539-F1-model_v1,95.83951988551263
2485,109,A,93.78,Q02539,10.23,/AF-Q02539-F1-model_v1,58.71008351028606
2486,112,A,79.5,Q02539,10.43,/AF-Q02539-F1-model_v1,105.35645123078731
2487,1965,A,0.0,P15924,10.69,/5DZZ-alt-1_assembled,62.99940467998733
2488,1973,A,0.0,P15924,10.15,/5DZZ-alt-1_assembled,51.47185403641517
2489,1974,A,0.0,P15924,11.4,/5DZZ-alt-1_assembled,67.15468456313543
2490,1988,A,0.0,P15924,11.55,/5DZZ-alt-1_assembled,61.52495052790252
2491,1993,A,0.0,P15924,9.85,/5DZZ-alt-1_assembled,35.5209409365886
2492,1996,A,0.0,P15924,10.43,/5DZZ-alt-1_assembled,78.01202877394175
2493,1998,A,0.0,P15924,10.38,/5DZZ-alt-1_assembled,77.60990491428225
2494,1999,A,0.0,P15924,10.65,/5DZZ-alt-1_assembled,56.16329906577593
2495,2026,A,0.0,P15924,10.55,/5DZZ-alt-1_assembled,93.02465286789618
2496,2028,A,0.0,P15924,10.67,/5DZZ-alt-1_assembled,18.497697544336702
2497,2035,A,0.0,P15924,11.17,/5DZZ-alt-1_assembled,28.952917895483537
2498,2037,A,0.0,P15924,10.42,/5DZZ-alt-1_assembled,57.23562935820125
2499,2038,A,0.0,P15924,10.37,/5DZZ-alt-1_assembled,88.86937298474808
2500,2066,A,0.0,P15924,8.6,/5DZZ-alt-1_assembled,42.491087837353156
2501,2091,A,0.0,P15924,10.37,/5DZZ-alt-1_assembled,60.854744095136695
2502,2103,A,0.0,P15924,10.35,/5DZZ-alt-1_assembled,76.93969848151644
2503,2112,A,0.0,P15924,11.01,/5DZZ-alt-1_assembled,56.2973403523291
2504,2113,A,0.0,P15924,10.71,/5DZZ-alt-1_assembled,68.22701485556074
2505,2145,A,0.0,P15924,10.7,/5DZZ-alt-1_assembled,70.37167544041137
2506,2170,A,0.0,P15924,10.01,/5DZZ-alt-1_assembled,36.45922994246075
2507,2178,A,0.0,P15924,10.57,/5DZZ-alt-1_assembled,102.4075429266177
2508,2179,A,0.0,P15924,10.38,/5DZZ-alt-1_assembled,105.89261637699998
2509,2180,A,0.0,P15924,10.13,/5DZZ-alt-1_assembled,89.27149684440758
2510,2187,A,0.0,P15924,9.39,/5DZZ-alt-1_assembled,27.210381170292397
2511,2205,A,0.0,P15924,10.7,/5DZZ-alt-1_assembled,72.65037731181516
2512,2251,A,0.0,P15924,10.87,/5DZZ-alt-1_assembled,56.96754678509492
2513,2269,A,0.0,P15924,10.74,/5DZZ-alt-1_assembled,66.75256070347594
2514,2271,A,0.0,P15924,10.94,/5DZZ-alt-1_assembled,38.201766667651896
2515,2279,A,0.0,P15924,11.32,/5DZZ-alt-1_assembled,46.64636772050125
2516,2317,A,0.0,P15924,11.59,/5DZZ-alt-1_assembled,52.946308188499984
2517,2326,A,0.0,P15924,11.18,/5DZZ-alt-1_assembled,32.84011520552531
2518,2328,A,0.0,P15924,10.47,/5DZZ-alt-1_assembled,70.77379930007086
2519,2356,A,0.0,P15924,10.5,/5DZZ-alt-1_assembled,52.008019182627834
2520,2361,A,0.0,P15924,10.48,/5DZZ-alt-1_assembled,70.23763415385821
2521,2381,A,0.0,P15924,10.67,/5DZZ-alt-1_assembled,63.267487253093655
2522,2393,A,0.0,P15924,10.33,/5DZZ-alt-1_assembled,87.66300140576959
2523,2413,A,0.0,P15924,10.41,/5DZZ-alt-1_assembled,43.16129427011898
2524,2430,A,0.0,P15924,10.82,/5DZZ-alt-1_assembled,22.11681228127215
2525,2435,A,0.0,P15924,10.4,/5DZZ-alt-1_assembled,70.10359286730504
2526,2447,A,0.0,P15924,10.62,/5DZZ-alt-1_assembled,77.60990491428227
2527,5,A,91.21,Q969X6,10.17,/AF-Q969X6-F1-model_v1,57.23562935820125
2528,53,A,95.07,Q969X6,9.16,/AF-Q969X6-F1-model_v1,33.242239065184805
2529,94,A,94.91,Q969X6,10.77,/AF-Q969X6-F1-model_v1,44.23362456254429
2530,126,A,98.4,Q969X6,10.1,/AF-Q969X6-F1-model_v1,14.476458947741769
2531,134,A,95.81,Q969X6,10.41,/AF-Q969X6-F1-model_v1,67.15468456313543
2532,145,A,92.54,Q969X6,10.57,/AF-Q969X6-F1-model_v1,106.29474023665946
2533,174,A,96.4,Q969X6,10.52,/AF-Q969X6-F1-model_v1,89.13745555785441
2534,181,A,95.14,Q969X6,9.99,/AF-Q969X6-F1-model_v1,49.32719345156454
2535,195,A,87.06,Q969X6,10.45,/AF-Q969X6-F1-model_v1,83.23963894951518
2536,217,A,95.03,Q969X6,11.27,/AF-Q969X6-F1-model_v1,20.508316842634173
2537,230,A,93.86,Q969X6,10.11,/AF-Q969X6-F1-model_v1,47.98678058603291
2538,275,A,88.77,Q969X6,10.37,/AF-Q969X6-F1-model_v1,71.57804701938986
2539,281,A,85.1,Q969X6,10.4,/AF-Q969X6-F1-model_v1,92.89061158134302
2540,329,A,92.83,Q969X6,9.66,/AF-Q969X6-F1-model_v1,57.63775321786075
2541,342,A,91.67,Q969X6,12.37,/AF-Q969X6-F1-model_v1,65.14406526483796
2542,343,A,92.34,Q969X6,10.65,/AF-Q969X6-F1-model_v1,63.669611112753145
2543,368,A,85.17,Q969X6,10.47,/AF-Q969X6-F1-model_v1,91.68424000236453
2544,377,A,92.7,Q969X6,11.26,/AF-Q969X6-F1-model_v1,51.73993660952151
2545,386,A,95.34,Q969X6,10.36,/AF-Q969X6-F1-model_v1,80.02264807223924
2546,388,A,87.48,Q969X6,10.32,/AF-Q969X6-F1-model_v1,114.4712587164025
2547,428,A,93.37,Q969X6,10.35,/AF-Q969X6-F1-model_v1,91.68424000236453
2548,432,A,82.98,Q969X6,10.46,/AF-Q969X6-F1-model_v1,100.39692362832022
2549,451,A,95.96,Q969X6,10.14,/AF-Q969X6-F1-model_v1,43.56341812977847
2550,472,A,91.65,Q969X6,10.4,/AF-Q969X6-F1-model_v1,82.16730865708985
2551,514,A,93.68,Q969X6,10.37,/AF-Q969X6-F1-model_v1,71.71208830594303
2552,517,A,94.2,Q969X6,10.22,/AF-Q969X6-F1-model_v1,64.74194140517847
2553,558,A,96.82,Q969X6,10.34,/AF-Q969X6-F1-model_v1,47.31657415326708
2554,569,A,93.77,Q969X6,10.44,/AF-Q969X6-F1-model_v1,93.82890058721517
2555,591,A,88.69,Q969X6,11.31,/AF-Q969X6-F1-model_v1,59.91645508926454
2556,609,A,93.52,Q969X6,10.18,/AF-Q969X6-F1-model_v1,10.32117906459367
2557,617,A,82.13,Q969X6,10.46,/AF-Q969X6-F1-model_v1,95.70547859895947
2558,642,A,91.37,Q969X6,10.66,/AF-Q969X6-F1-model_v1,58.71008351028606
2559,645,A,90.13,Q969X6,10.56,/AF-Q969X6-F1-model_v1,55.35905134645695
2560,648,A,94.5,Q969X6,10.41,/AF-Q969X6-F1-model_v1,81.2290196512177
2561,56,A,90.78,Q63ZY6,9.68,/AF-Q63ZY6-F1-model_v1,5.093568889020252
2562,65,A,91.61,Q63ZY6,10.39,/AF-Q63ZY6-F1-model_v1,92.48848772168353
2563,69,A,90.95,Q63ZY6,11.44,/AF-Q63ZY6-F1-model_v1,68.36105614211391
2564,226,A,88.49,Q63ZY6,10.45,/AF-Q63ZY6-F1-model_v1,99.59267590900124
2565,30,A,91.9,Q96PC5,10.73,/AF-Q96PC5-F1-model_v1,19.301945263655693
2566,31,A,92.2,Q96PC5,11.26,/AF-Q96PC5-F1-model_v1,51.06973017675569
2567,62,A,92.17,Q96PC5,10.36,/AF-Q96PC5-F1-model_v1,69.83551029419871
2568,71,A,93.83,Q96PC5,10.02,/AF-Q96PC5-F1-model_v1,10.455220351146833
2569,84,A,90.38,Q96PC5,11.66,/AF-Q96PC5-F1-model_v1,19.30194526365569
2570,86,A,82.13,Q96PC5,10.47,/AF-Q96PC5-F1-model_v1,89.9417032771734
2571,112,A,81.91,Q96PC5,10.43,/AF-Q96PC5-F1-model_v1,92.08636386202403
2572,684,A,74.93,Q96PC5,10.41,/AF-Q96PC5-F1-model_v1,76.80565719496327
2573,685,A,77.46,Q96PC5,10.4,/AF-Q96PC5-F1-model_v1,69.56742772109239
2574,697,A,76.09,Q96PC5,10.37,/AF-Q96PC5-F1-model_v1,80.82689579155821
2575,699,A,82.19,Q96PC5,11.07,/AF-Q96PC5-F1-model_v1,63.93769368585947
2576,703,A,81.79,Q96PC5,10.37,/AF-Q96PC5-F1-model_v1,81.09497836466454
2577,709,A,70.78,Q96PC5,10.4,/AF-Q96PC5-F1-model_v1,80.29073064534555
2578,741,A,85.77,Q96PC5,10.43,/AF-Q96PC5-F1-model_v1,81.76518479743035
2579,758,A,89.01,Q96PC5,10.43,/AF-Q96PC5-F1-model_v1,82.83751508985569
2580,761,A,86.1,Q96PC5,10.97,/AF-Q96PC5-F1-model_v1,58.978166083392395
2581,764,A,85.53,Q96PC5,10.35,/AF-Q96PC5-F1-model_v1,67.15468456313542
2582,766,A,86.94,Q96PC5,12.61,/AF-Q96PC5-F1-model_v1,49.32719345156455
2583,779,A,91.95,Q96PC5,10.52,/AF-Q96PC5-F1-model_v1,92.62252900823668
2584,789,A,90.97,Q96PC5,12.46,/AF-Q96PC5-F1-model_v1,56.43138163888226
2585,792,A,89.89,Q96PC5,10.24,/AF-Q96PC5-F1-model_v1,86.85875368645061
2586,799,A,90.9,Q96PC5,10.42,/AF-Q96PC5-F1-model_v1,111.5223504122329
2587,803,A,86.23,Q96PC5,10.39,/AF-Q96PC5-F1-model_v1,107.76919438874428
2588,813,A,90.81,Q96PC5,12.53,/AF-Q96PC5-F1-model_v1,56.6994642119886
2589,817,A,92.98,Q96PC5,10.53,/AF-Q96PC5-F1-model_v1,95.83951988551264
2590,831,A,91.97,Q96PC5,10.18,/AF-Q96PC5-F1-model_v1,55.35905134645695
2591,841,A,91.14,Q96PC5,10.41,/AF-Q96PC5-F1-model_v1,82.56943251674934
2592,849,A,91.57,Q96PC5,11.03,/AF-Q96PC5-F1-model_v1,51.47185403641518
2593,851,A,92.13,Q96PC5,10.41,/AF-Q96PC5-F1-model_v1,77.20778105462277
2594,858,A,92.87,Q96PC5,10.99,/AF-Q96PC5-F1-model_v1,48.3889044456924
2595,868,A,91.86,Q96PC5,11.04,/AF-Q96PC5-F1-model_v1,60.98878538168986
2596,873,A,88.79,Q96PC5,11.1,/AF-Q96PC5-F1-model_v1,65.94831298415694
2597,881,A,73.88,Q96PC5,10.97,/AF-Q96PC5-F1-model_v1,56.2973403523291
2598,923,A,71.93,Q96PC5,10.44,/AF-Q96PC5-F1-model_v1,83.105597662962
2599,929,A,89.52,Q96PC5,10.43,/AF-Q96PC5-F1-model_v1,89.27149684440758
2600,935,A,92.43,Q96PC5,10.41,/AF-Q96PC5-F1-model_v1,72.516336025262
2601,953,A,93.43,Q96PC5,10.39,/AF-Q96PC5-F1-model_v1,72.516336025262
2602,955,A,93.54,Q96PC5,11.6,/AF-Q96PC5-F1-model_v1,67.6908497093481
2603,963,A,95.07,Q96PC5,10.41,/AF-Q96PC5-F1-model_v1,64.33981754551897
2604,985,A,94.98,Q96PC5,10.4,/AF-Q96PC5-F1-model_v1,83.64176280917466
2605,989,A,95.5,Q96PC5,10.23,/AF-Q96PC5-F1-model_v1,82.16730865708985
2606,12,C,0.0,P22392,6.97,/3BBF-alt1B_assembled/3BBF-alt1A_assembled,12.331798362891137
2607,26,B,0.0,P22392,7.73,/3BBF-alt1B_assembled/3BBF-alt1A_assembled,72.9184598849215
2608,49,E,0.0,P22392,10.24,/3BBF-alt1B_assembled/3BBF-alt1A_assembled,58.17391836407341
2609,56,A,0.0,P22392,10.29,/3BBF-alt1B_assembled/3BBF-alt1A_assembled,57.63775321786075
2610,66,A,0.0,P22392,10.28,/3BBF-alt1B_assembled/3BBF-alt1A_assembled,85.3842995343658
2611,85,E,0.0,P22392,9.76,/3BBF-alt1B_assembled/3BBF-alt1A_assembled,71.30996444628353
2612,100,A,0.0,P22392,10.06,/3BBF-alt1B_assembled/3BBF-alt1A_assembled,81.89922608398354
2613,124,B,0.0,P22392,10.4,/3BBF-alt1B_assembled/3BBF-alt1A_assembled,85.25025824781264
2614,128,A,0.0,P22392,9.91,/3BBF-alt1B_assembled/3BBF-alt1A_assembled,45.97616128773542
2615,135,A,0.0,P22392,10.61,/3BBF-alt1B_assembled/3BBF-alt1A_assembled,58.844124796839225
2616,143,B,0.0,P22392,10.37,/3BBF-alt1B_assembled/3BBF-alt1A_assembled,57.23562935820125
2617,12,F,0.0,P22392,7.51,/3BBC-alt1B_assembled/3BBC-alt1A_assembled,13.270087368763289
2618,26,F,0.0,P22392,8.29,/3BBC-alt1B_assembled/3BBC-alt1A_assembled,61.25686795479619
2619,49,B,0.0,P22392,10.59,/3BBC-alt1B_assembled/3BBC-alt1A_assembled,41.28471625837467
2620,56,B,0.0,P22392,10.38,/3BBC-alt1B_assembled/3BBC-alt1A_assembled,58.30795965062657
2621,66,B,0.0,P22392,10.35,/3BBC-alt1B_assembled/3BBC-alt1A_assembled,76.93969848151643
2622,85,C,0.0,P22392,10.06,/3BBC-alt1B_assembled/3BBC-alt1A_assembled,65.41214783794429
2623,100,F,0.0,P22392,10.13,/3BBC-alt1B_assembled/3BBC-alt1A_assembled,79.48648292602657
2624,124,D,0.0,P22392,10.16,/3BBC-alt1B_assembled/3BBC-alt1A_assembled,87.66300140576959
2625,128,A,0.0,P22392,9.99,/3BBC-alt1B_assembled/3BBC-alt1A_assembled,55.493092633010114
2626,135,A,0.0,P22392,10.68,/3BBC-alt1B_assembled/3BBC-alt1A_assembled,90.61190970993923
2627,143,E,0.0,P22392,10.31,/3BBC-alt1B_assembled/3BBC-alt1A_assembled,58.442000937179735
2628,12,D,0.0,P22392,7.37,/3BBB-alt1B_assembled/3BBB-alt1A_assembled,13.672211228422782
2629,26,B,0.0,P22392,8.79,/3BBB-alt1B_assembled/3BBB-alt1A_assembled,69.96955158075188
2630,49,E,0.0,P22392,10.55,/3BBB-alt1B_assembled/3BBB-alt1A_assembled,43.429376843225306
2631,56,A,0.0,P22392,10.37,/3BBB-alt1B_assembled/3BBB-alt1A_assembled,57.63775321786075
2632,66,E,0.0,P22392,10.31,/3BBB-alt1B_assembled/3BBB-alt1A_assembled,83.77580409572784
2633,85,F,0.0,P22392,9.49,/3BBB-alt1B_assembled/3BBB-alt1A_assembled,63.401528539646826
2634,100,A,0.0,P22392,10.3,/3BBB-alt1B_assembled/3BBB-alt1A_assembled,83.5077215226215
2635,124,F,0.0,P22392,10.33,/3BBB-alt1B_assembled/3BBB-alt1A_assembled,87.79704269232278
2636,128,D,0.0,P22392,9.87,/3BBB-alt1B_assembled/3BBB-alt1A_assembled,50.80164760364936
2637,135,A,0.0,P22392,10.56,/3BBB-alt1B_assembled/3BBB-alt1A_assembled,114.73934128950884
2638,143,B,0.0,P22392,10.55,/3BBB-alt1B_assembled/3BBB-alt1A_assembled,93.02465286789618
2639,12,A,0.0,P15531,7.44,/1UCN-alt-1_assembled,15.146665380507592
2640,26,C,0.0,P15531,10.49,/1UCN-alt-1_assembled,73.45462503113416
2641,39,A,0.0,P15531,10.46,/1UCN-alt-1_assembled,21.178523275399996
2642,49,C,0.0,P15531,10.63,/1UCN-alt-1_assembled,75.46524432943163
2643,56,B,0.0,P15531,10.44,/1UCN-alt-1_assembled,62.59728082032783
2644,66,A,0.0,P15531,10.35,/1UCN-alt-1_assembled,84.9821756747063
2645,85,A,0.0,P15531,9.73,/1UCN-alt-1_assembled,59.78241380271138
2646,100,B,0.0,P15531,10.19,/1UCN-alt-1_assembled,81.36306093777087
2647,128,A,0.0,P15531,10.81,/1UCN-alt-1_assembled,64.07173497241264
2648,12,C,0.0,P15531,7.06,/2HVD-alt-1_assembled,10.321179064593668
2649,26,B,0.0,P15531,10.38,/2HVD-alt-1_assembled,72.9184598849215
2650,39,A,0.0,P15531,10.34,/2HVD-alt-1_assembled,66.35043684381644
2651,49,A,0.0,P15531,10.19,/2HVD-alt-1_assembled,56.967546785094925
2652,56,C,0.0,P15531,9.98,/2HVD-alt-1_assembled,69.96955158075188
2653,66,C,0.0,P15531,10.38,/2HVD-alt-1_assembled,90.61190970993923
2654,85,C,0.0,P15531,10.07,/2HVD-alt-1_assembled,63.937693685859486
2655,100,B,0.0,P15531,9.69,/2HVD-alt-1_assembled,75.5992856159848
2656,128,B,0.0,P15531,10.42,/2HVD-alt-1_assembled,39.40813824663037
2657,12,C,0.0,P15531,7.71,/3L7U-alt-1_assembled,19.83811040986835
2658,26,C,0.0,P15531,10.47,/3L7U-alt-1_assembled,84.84813438815314
2659,39,A,0.0,P15531,10.54,/3L7U-alt-1_assembled,24.127431579569613
2660,49,A,0.0,P15531,10.71,/3L7U-alt-1_assembled,70.10359286730505
2661,56,B,0.0,P15531,10.38,/3L7U-alt-1_assembled,54.956927486797454
2662,66,C,0.0,P15531,10.39,/3L7U-alt-1_assembled,83.64176280917465
2663,85,B,0.0,P15531,10.44,/3L7U-alt-1_assembled,88.19916655198224
2664,100,B,0.0,P15531,10.24,/3L7U-alt-1_assembled,80.8268957915582
2665,128,C,0.0,P15531,10.44,/3L7U-alt-1_assembled,48.656987018798716
2666,56,G,0.0,P62805,10.33,/2CV5-alt-1_assembled,56.565422925435435
2667,79,C,0.0,P62805,9.82,/2CV5-alt-1_assembled,28.68483532237721
2668,115,G,0.0,P62805,9.64,/2CV5-alt-1_assembled,84.58005181504682
2669,122,G,0.0,P62805,9.43,/2CV5-alt-1_assembled,56.6994642119886
2670,37,G,0.0,P62805,10.02,/2CV5-alt-1_assembled,26.004009591313917
2671,13,E,0.0,P62805,10.77,/2CV5-alt-1_assembled,72.24825345215568
2672,15,E,0.0,P62805,10.11,/2CV5-alt-1_assembled,53.88459719437214
2673,36,I,0.0,P62805,9.83,/2CV5-alt-1_assembled,64.60790011862531
2674,74,I,0.0,P62805,10.61,/2CV5-alt-1_assembled,71.98017087904935
2675,95,E,0.0,P62805,9.63,/2CV5-alt-1_assembled,77.8779874873886
2676,118,I,0.0,P62805,10.43,/2CV5-alt-1_assembled,88.73533169819493
2677,31,D,0.0,P62805,9.48,/2CV5-alt-1_assembled,61.52495052790252
2678,44,D,0.0,P62805,9.03,/2CV5-alt-1_assembled,30.159289474462017
2679,59,D,0.0,P62805,11.09,/2CV5-alt-1_assembled,63.40152853964682
2680,77,H,0.0,P62805,9.41,/2CV5-alt-1_assembled,63.40152853964682
2681,91,H,0.0,P62805,9.93,/2CV5-alt-1_assembled,62.329198247221505
2682,20,H,0.0,P62805,10.34,/2CV5-alt-1_assembled,106.42878152321265
2683,31,J,0.0,P62805,8.77,/2CV5-alt-1_assembled,58.978166083392395
2684,40,J,0.0,P62805,10.42,/2CV5-alt-1_assembled,52.27610175573416
2685,43,J,0.0,P62805,9.79,/2CV5-alt-1_assembled,31.365661053440498
2686,54,F,0.0,P62805,10.29,/2CV5-alt-1_assembled,88.86937298474808
2687,82,J,0.0,P62805,10.32,/2CV5-alt-1_assembled,87.39491883266327
2688,105,J,0.0,P62805,9.91,/2CV5-alt-1_assembled,64.60790011862531
2689,113,F,0.0,P62805,10.62,/2CV5-alt-1_assembled,75.86736818909112
2690,117,J,0.0,P62805,10.28,/2CV5-alt-1_assembled,55.35905134645695
2691,122,F,0.0,P62805,10.36,/2CV5-alt-1_assembled,56.967546785094925
2692,56,A,0.0,P62805,10.85,/4H9N-alt1B_assembled/4H9N-alt1A_assembled,13.806252514975945
2693,64,A,0.0,P62805,8.18,/4H9N-alt1B_assembled/4H9N-alt1A_assembled,20.37427555608101
2694,79,A,0.0,P62805,10.8,/4H9N-alt1B_assembled/4H9N-alt1A_assembled,41.68684011803417
2695,31,B,0.0,P62805,10.06,/4H9N-alt1B_assembled/4H9N-alt1A_assembled,71.4440057328367
2696,44,B,0.0,P62805,10.07,/4H9N-alt1B_assembled/4H9N-alt1A_assembled,28.684835322377207
2697,59,B,0.0,P62805,11.53,/4H9N-alt1B_assembled/4H9N-alt1A_assembled,44.501707135650626
2698,77,B,0.0,P62805,10.43,/4H9N-alt1B_assembled/4H9N-alt1A_assembled,80.8268957915582
2699,91,B,0.0,P62805,10.68,/4H9N-alt1B_assembled/4H9N-alt1A_assembled,22.116812281272146
2700,208,C,0.0,P62805,10.34,/4H9N-alt1B_assembled/4H9N-alt1A_assembled,62.329198247221505
2701,229,C,0.0,P62805,11.09,/4H9N-alt1B_assembled/4H9N-alt1A_assembled,15.012624093954425
2702,231,C,0.0,P62805,9.73,/4H9N-alt1B_assembled/4H9N-alt1A_assembled,40.61450982560885
2703,243,C,0.0,P62805,10.55,/4H9N-alt1B_assembled/4H9N-alt1A_assembled,48.3889044456924
2704,277,C,0.0,P62805,9.83,/4H9N-alt1B_assembled/4H9N-alt1A_assembled,74.52695532355948
2705,295,C,0.0,P62805,9.92,/4H9N-alt1B_assembled/4H9N-alt1A_assembled,87.26087754611011
2706,378,C,0.0,P62805,10.24,/4H9N-alt1B_assembled/4H9N-alt1A_assembled,59.38028994305189
2707,385,C,0.0,P62805,10.43,/4H9N-alt1B_assembled/4H9N-alt1A_assembled,74.7950378966658
2708,31,F,0.0,P62805,7.03,/7K63-alt-1_assembled,36.45922994246075
2709,44,F,0.0,P62805,8.76,/7K63-alt-1_assembled,20.508316842634173
2710,59,B,0.0,P62805,10.7,/7K63-alt-1_assembled,28.014628889611384
2711,77,F,0.0,P62805,9.64,/7K63-alt-1_assembled,41.82088140458733
2712,91,F,0.0,P62805,11.68,/7K63-alt-1_assembled,31.901826199653154
2713,37,A,0.0,P62805,11.49,/7K63-alt-1_assembled,49.46123473811771
2714,56,A,0.0,P62805,10.16,/7K63-alt-1_assembled,71.98017087904935
2715,79,A,0.0,P62805,9.35,/7K63-alt-1_assembled,23.591266433356957
2716,115,E,0.0,P62805,8.24,/7K63-alt-1_assembled,53.34843204815948
2717,122,E,0.0,P62805,8.73,/7K63-alt-1_assembled,33.644362924844295
2718,13,C,0.0,P62805,10.6,/7K63-alt-1_assembled,52.544184328840494
2719,36,C,0.0,P62805,8.43,/7K63-alt-1_assembled,51.87397789607466
2720,74,C,0.0,P62805,10.32,/7K63-alt-1_assembled,63.53556982619999
2721,75,C,0.0,P62805,10.42,/7K63-alt-1_assembled,29.489083041696198
2722,95,G,0.0,P62805,9.14,/7K63-alt-1_assembled,52.544184328840494
2723,118,C,0.0,P62805,10.51,/7K63-alt-1_assembled,87.52896011921644
2724,15,G,0.0,P62805,10.34,/7K63-alt-1_assembled,58.71008351028606
2725,34,D,0.0,P62805,10.49,/7K63-alt-1_assembled,75.06312046977214
2726,43,D,0.0,P62805,10.02,/7K63-alt-1_assembled,36.86135380212025
2727,46,D,0.0,P62805,9.81,/7K63-alt-1_assembled,27.076339883739234
2728,57,H,0.0,P62805,10.11,/7K63-alt-1_assembled,54.55480362713796
2729,85,H,0.0,P62805,9.58,/7K63-alt-1_assembled,66.08235427071011
2730,108,D,0.0,P62805,10.43,/7K63-alt-1_assembled,54.68884491369112
2731,116,D,0.0,P62805,10.6,/7K63-alt-1_assembled,76.0014094756443
2732,120,H,0.0,P62805,10.25,/7K63-alt-1_assembled,53.48247333471265
2733,46,K,0.0,P62805,10.34,/7K63-alt-1_assembled,64.20577625896581
2734,68,K,0.0,P62805,9.6,/7K63-alt-1_assembled,15.816871813273414
2735,74,K,0.0,P62805,10.57,/7K63-alt-1_assembled,43.965541989437966
2736,75,K,0.0,P62805,10.86,/7K63-alt-1_assembled,52.946308188499984
2737,89,K,0.0,P62805,10.97,/7K63-alt-1_assembled,30.963537193781008
2738,93,K,0.0,P62805,10.18,/7K63-alt-1_assembled,59.380289943051885
2739,105,K,0.0,P62805,11.25,/7K63-alt-1_assembled,40.74855111216202
2740,114,K,0.0,P62805,10.53,/7K63-alt-1_assembled,28.14867017616455
2741,118,K,0.0,P62805,10.35,/7K63-alt-1_assembled,86.99279497300378
2742,29,D,0.0,P09211,10.47,/6Y1E-alt1A_assembled/6Y1E-alt1B_assembled,69.03126257487973
2743,44,B,0.0,P09211,10.02,/6Y1E-alt1A_assembled/6Y1E-alt1B_assembled,65.54618912449746
2744,54,A,0.0,P09211,10.2,/6Y1E-alt1A_assembled/6Y1E-alt1B_assembled,32.303950059312655
2745,102,B,0.0,P09211,9.87,/6Y1E-alt1A_assembled/6Y1E-alt1B_assembled,73.18654245802782
2746,115,C,0.0,P09211,10.22,/6Y1E-alt1A_assembled/6Y1E-alt1B_assembled,38.60389052731138
2747,120,C,0.0,P09211,10.38,/6Y1E-alt1A_assembled/6Y1E-alt1B_assembled,66.8866019900291
2748,127,A,0.0,P09211,10.15,/6Y1E-alt1A_assembled/6Y1E-alt1B_assembled,89.80766199062023
2749,140,A,0.0,P09211,8.9,/6Y1E-alt1A_assembled/6Y1E-alt1B_assembled,57.63775321786075
2750,188,D,0.0,P09211,7.86,/6Y1E-alt1A_assembled/6Y1E-alt1B_assembled,15.682830526720249
2751,190,A,0.0,P09211,10.36,/6Y1E-alt1A_assembled/6Y1E-alt1B_assembled,70.6397580135177
2752,208,C,0.0,P09211,10.93,/6Y1E-alt1A_assembled/6Y1E-alt1B_assembled,38.46984924075822
2753,81,C,0.0,P09211,11.01,/6Y1E-alt1A_assembled/6Y1E-alt1B_assembled,65.27810655139112
2754,29,B,0.0,P09211,10.39,/2A2R-alt1B_assembled/2A2R-alt1A_assembled,90.47786842338607
2755,44,B,0.0,P09211,10.08,/2A2R-alt1B_assembled/2A2R-alt1A_assembled,71.8461295924962
2756,54,A,0.0,P09211,10.12,/2A2R-alt1B_assembled/2A2R-alt1A_assembled,30.02524818790885
2757,81,A,0.0,P09211,11.73,/2A2R-alt1B_assembled/2A2R-alt1A_assembled,55.62713391956328
2758,102,A,0.0,P09211,10.16,/2A2R-alt1B_assembled/2A2R-alt1A_assembled,69.70146900764556
2759,115,B,0.0,P09211,11.62,/2A2R-alt1B_assembled/2A2R-alt1A_assembled,41.68684011803417
2760,120,B,0.0,P09211,10.38,/2A2R-alt1B_assembled/2A2R-alt1A_assembled,78.81627649326074
2761,127,A,0.0,P09211,10.38,/2A2R-alt1B_assembled/2A2R-alt1A_assembled,97.98418047036327
2762,140,A,0.0,P09211,10.16,/2A2R-alt1B_assembled/2A2R-alt1A_assembled,71.57804701938986
2763,188,B,0.0,P09211,10.4,/2A2R-alt1B_assembled/2A2R-alt1A_assembled,67.2887258496886
2764,190,B,0.0,P09211,10.38,/2A2R-alt1B_assembled/2A2R-alt1A_assembled,73.7227076042405
2765,208,A,0.0,P09211,11.33,/2A2R-alt1B_assembled/2A2R-alt1A_assembled,37.3975189483329
2766,28,D,0.0,P0A6B4,9.86,/4XBJ-alt1B_assembled/4XBJ-alt1A_assembled,36.593271229013915
2767,34,C,0.0,P0A6B4,6.25,/4XBJ-alt1B_assembled/4XBJ-alt1A_assembled,3.4850734503822776
2768,73,B,0.0,P0A6B4,8.22,/4XBJ-alt1B_assembled/4XBJ-alt1A_assembled,11.795633216678477
2769,122,C,0.0,P0A6B4,5.04,/4XBJ-alt1B_assembled/4XBJ-alt1A_assembled,19.301945263655693
2770,167,C,0.0,P0A6B4,10.41,/4XBJ-alt1B_assembled/4XBJ-alt1A_assembled,97.31397403759745
2771,173,D,0.0,P0A6B4,10.36,/4XBJ-alt1B_assembled/4XBJ-alt1A_assembled,82.70347380330253
2772,185,A,0.0,P0A6B4,10.34,/4XBJ-alt1B_assembled/4XBJ-alt1A_assembled,8.712683625955695
2773,248,D,0.0,P0A6B4,10.36,/4XBJ-alt1B_assembled/4XBJ-alt1A_assembled,66.8866019900291
2774,317,C,0.0,P0A6B4,10.37,/4XBJ-alt1B_assembled/4XBJ-alt1A_assembled,77.4758636277291
2775,339,A,0.0,P0A6B4,10.41,/4XBJ-alt1B_assembled/4XBJ-alt1A_assembled,96.64376760483162
2776,148,D,0.0,P0A6B4,10.3,/4XBJ-alt1B_assembled/4XBJ-alt1A_assembled,58.17391836407341
2777,356,D,0.0,P0A6B4,10.19,/4XBJ-alt1B_assembled/4XBJ-alt1A_assembled,66.48447813036961
2778,28,A,0.0,P0A6B4,10.36,/4WR3-alt1B_assembled/4WR3-alt1A_assembled,60.720702808583525
2779,34,B,0.0,P0A6B4,10.01,/4WR3-alt1B_assembled/4WR3-alt1A_assembled,24.261472866122777
2780,73,A,0.0,P0A6B4,9.64,/4WR3-alt1B_assembled/4WR3-alt1A_assembled,18.8998214039962
2781,122,C,0.0,P0A6B4,6.72,/4WR3-alt1B_assembled/4WR3-alt1A_assembled,30.963537193781004
2782,148,D,0.0,P0A6B4,10.43,/4WR3-alt1B_assembled/4WR3-alt1A_assembled,95.70547859895946
2783,167,B,0.0,P0A6B4,10.44,/4WR3-alt1B_assembled/4WR3-alt1A_assembled,95.57143731240632
2784,173,A,0.0,P0A6B4,10.44,/4WR3-alt1B_assembled/4WR3-alt1A_assembled,92.89061158134301
2785,185,A,0.0,P0A6B4,10.31,/4WR3-alt1B_assembled/4WR3-alt1A_assembled,9.650972631827845
2786,248,C,0.0,P0A6B4,10.64,/4WR3-alt1B_assembled/4WR3-alt1A_assembled,58.30795965062657
2787,317,D,0.0,P0A6B4,10.29,/4WR3-alt1B_assembled/4WR3-alt1A_assembled,66.08235427071011
2788,339,A,0.0,P0A6B4,10.41,/4WR3-alt1B_assembled/4WR3-alt1A_assembled,101.33521263419237
2789,356,D,0.0,P0A6B4,10.26,/4WR3-alt1B_assembled/4WR3-alt1A_assembled,57.23562935820125
2790,23,G,0.0,P0C2C2,10.37,/1BXN-alt-1_assembled,44.36766584909746
2791,34,C,0.0,P0C2C2,10.55,/1BXN-alt-1_assembled,53.080349475053154
2792,85,G,0.0,P0C2C2,9.94,/1BXN-alt-1_assembled,28.81887660893037
2793,130,C,0.0,P0C2C2,10.41,/1BXN-alt-1_assembled,84.71409310159999
2794,133,G,0.0,P0C2C2,10.06,/1BXN-alt-1_assembled,42.22300526424682
2795,148,E,0.0,P0C2C2,10.02,/1BXN-alt-1_assembled,53.21439076160631
2796,166,G,0.0,P0C2C2,9.62,/1BXN-alt-1_assembled,3.216990877275949
2797,177,G,0.0,P0C2C2,9.75,/1BXN-alt-1_assembled,49.05911087845822
2798,179,C,0.0,P0C2C2,9.69,/1BXN-alt-1_assembled,16.35303695948607
2799,196,C,0.0,P0C2C2,6.67,/1BXN-alt-1_assembled,13.002004795656958
2800,203,A,0.0,P0C2C2,8.46,/1BXN-alt-1_assembled,9.650972631827846
2801,229,G,0.0,P0C2C2,7.16,/1BXN-alt-1_assembled,34.44861064416328
2802,238,G,0.0,P0C2C2,7.01,/1BXN-alt-1_assembled,0.13404128655316452
2803,260,A,0.0,P0C2C2,6.81,/1BXN-alt-1_assembled,7.908435906636707
2804,306,A,0.0,P0C2C2,9.24,/1BXN-alt-1_assembled,45.97616128773544
2805,317,C,0.0,P0C2C2,9.58,/1BXN-alt-1_assembled,7.104188187317719
2806,335,C,0.0,P0C2C2,10.29,/1BXN-alt-1_assembled,43.429376843225306
2807,374,C,0.0,P0C2C2,7.96,/1BXN-alt-1_assembled,33.242239065184805
2808,21,B,0.0,P0C2C2,10.32,/1BXN-alt-1_assembled,64.74194140517847
2809,39,B,0.0,P10724,10.21,/1BD0-alt-1_assembled,12.063715789784807
2810,76,B,0.0,P10724,9.71,/1BD0-alt-1_assembled,34.58265193071645
2811,129,A,0.0,P10724,6.11,/1BD0-alt-1_assembled,8.310559766296201
2812,140,A,0.0,P10724,11.48,/1BD0-alt-1_assembled,28.282711462717714
2813,146,B,0.0,P10724,10.69,/1BD0-alt-1_assembled,42.08896397769366
2814,234,B,0.0,P10724,10.42,/1BD0-alt-1_assembled,45.03787228186329
2815,242,B,0.0,P10724,11.3,/1BD0-alt-1_assembled,51.47185403641517
2816,255,B,0.0,P10724,7.82,/1BD0-alt-1_assembled,9.382890058721516
2817,256,B,0.0,P10724,10.64,/1BD0-alt-1_assembled,36.191147369354425
2818,262,B,0.0,P10724,10.06,/1BD0-alt-1_assembled,30.427372047568348
2819,303,B,0.0,P10724,10.38,/1BD0-alt-1_assembled,34.046486784503784
2820,328,A,0.0,P10724,9.81,/1BD0-alt-1_assembled,46.24424386084176
2821,372,A,0.0,P10724,10.62,/1BD0-alt-1_assembled,90.61190970993923
2822,39,B,0.0,P10724,9.47,/1SFT-alt-1_assembled,17.827491111570883
2823,76,B,0.0,P10724,9.73,/1SFT-alt-1_assembled,36.72731251556708
2824,129,B,0.0,P10724,5.71,/1SFT-alt-1_assembled,10.05309649148734
2825,140,B,0.0,P10724,10.89,/1SFT-alt-1_assembled,24.127431579569617
2826,146,A,0.0,P10724,10.51,/1SFT-alt-1_assembled,62.59728082032783
2827,234,A,0.0,P10724,10.65,/1SFT-alt-1_assembled,64.74194140517847
2828,242,B,0.0,P10724,10.41,/1SFT-alt-1_assembled,41.820881404587325
2829,255,B,0.0,P10724,6.95,/1SFT-alt-1_assembled,13.270087368763289
2830,256,A,0.0,P10724,11.02,/1SFT-alt-1_assembled,39.94430339284303
2831,262,A,0.0,P10724,10.12,/1SFT-alt-1_assembled,40.34642725250252
2832,303,B,0.0,P10724,10.32,/1SFT-alt-1_assembled,62.46323953377467
2833,328,A,0.0,P10724,9.95,/1SFT-alt-1_assembled,50.80164760364936
2834,372,B,0.0,P10724,10.61,/1SFT-alt-1_assembled,78.9503177798139
2835,30,B,0.0,P14489,10.19,/1E3U-alt1B_assembled/1E3U-alt1A_assembled,64.07173497241264
2836,45,C,0.0,P14489,9.71,/1E3U-alt1B_assembled/1E3U-alt1A_assembled,39.81026210628987
2837,49,C,0.0,P14489,10.22,/1E3U-alt1B_assembled/1E3U-alt1A_assembled,64.60790011862531
2838,61,C,0.0,P14489,10.34,/1E3U-alt1B_assembled/1E3U-alt1A_assembled,61.12282666824302
2839,70,A,0.0,P14489,5.7,/1E3U-alt1B_assembled/1E3U-alt1A_assembled,5.62973403523291
2840,84,A,0.0,P14489,10.31,/1E3U-alt1B_assembled/1E3U-alt1A_assembled,91.28211614270505
2841,91,B,0.0,P14489,10.51,/1E3U-alt1B_assembled/1E3U-alt1A_assembled,95.16931345274682
2842,100,A,0.0,P14489,10.36,/1E3U-alt1B_assembled/1E3U-alt1A_assembled,90.74595099649238
2843,134,A,0.0,P14489,9.91,/1E3U-alt1B_assembled/1E3U-alt1A_assembled,53.214390761606325
2844,137,C,0.0,P14489,10.03,/1E3U-alt1B_assembled/1E3U-alt1A_assembled,52.41014304228733
2845,138,C,0.0,P14489,9.63,/1E3U-alt1B_assembled/1E3U-alt1A_assembled,34.180528071056955
2846,152,B,0.0,P14489,10.66,/1E3U-alt1B_assembled/1E3U-alt1A_assembled,47.04849158016075
2847,177,B,0.0,P14489,10.39,/1E3U-alt1B_assembled/1E3U-alt1A_assembled,79.7545654991329
2848,205,B,0.0,P14489,5.07,/1E3U-alt1B_assembled/1E3U-alt1A_assembled,2.4127431579569616
2849,228,B,0.0,P14489,9.35,/1E3U-alt1B_assembled/1E3U-alt1A_assembled,36.057106082801255
2850,246,C,0.0,P14489,10.44,/1E3U-alt1B_assembled/1E3U-alt1A_assembled,37.3975189483329
2851,251,C,0.0,P14489,8.12,/1E3U-alt1B_assembled/1E3U-alt1A_assembled,56.6994642119886
2852,256,A,0.0,P14489,10.49,/1E3U-alt1B_assembled/1E3U-alt1A_assembled,64.74194140517847
2853,95,C,0.0,P14489,10.33,/1E3U-alt1B_assembled/1E3U-alt1A_assembled,64.74194140517847
2854,182,C,0.0,P14489,6.58,/1E3U-alt1B_assembled/1E3U-alt1A_assembled,14.744541520848099
2855,189,C,0.0,P14489,4.32,/1E3U-alt1B_assembled/1E3U-alt1A_assembled,5.361651462126581
2856,30,D,0.0,P14489,10.43,/1E3U-alt1B_assembled/1E3U-alt1A_assembled,59.11220736994555
2857,45,D,0.0,P14489,10.59,/1E3U-alt1B_assembled/1E3U-alt1A_assembled,68.09297356900758
2858,49,D,0.0,P14489,10.43,/1E3U-alt1B_assembled/1E3U-alt1A_assembled,101.87137778040506
2859,61,D,0.0,P14489,10.17,/1E3U-alt1B_assembled/1E3U-alt1A_assembled,81.49710222432404
2860,70,D,0.0,P14489,7.11,/1E3U-alt1B_assembled/1E3U-alt1A_assembled,15.816871813273416
2861,84,D,0.0,P14489,10.11,/1E3U-alt1B_assembled/1E3U-alt1A_assembled,93.02465286789618
2862,91,D,0.0,P14489,10.45,/1E3U-alt1B_assembled/1E3U-alt1A_assembled,80.02264807223922
2863,95,D,0.0,P14489,9.72,/1E3U-alt1B_assembled/1E3U-alt1A_assembled,40.480468539055686
2864,100,D,0.0,P14489,10.32,/1E3U-alt1B_assembled/1E3U-alt1A_assembled,95.16931345274682
2865,134,D,0.0,P14489,9.99,/1E3U-alt1B_assembled/1E3U-alt1A_assembled,74.52695532355948
2866,137,D,0.0,P14489,10.38,/1E3U-alt1B_assembled/1E3U-alt1A_assembled,80.8268957915582
2867,138,D,0.0,P14489,9.71,/1E3U-alt1B_assembled/1E3U-alt1A_assembled,57.36967064475442
2868,152,D,0.0,P14489,10.85,/1E3U-alt1B_assembled/1E3U-alt1A_assembled,55.76117520611644
2869,177,D,0.0,P14489,10.41,/1E3U-alt1B_assembled/1E3U-alt1A_assembled,77.8779874873886
2870,205,D,0.0,P14489,4.29,/1E3U-alt1B_assembled/1E3U-alt1A_assembled,10.991385497359492
2871,228,D,0.0,P14489,10.17,/1E3U-alt1B_assembled/1E3U-alt1A_assembled,29.757165614802524
2872,246,D,0.0,P14489,10.13,/1E3U-alt1B_assembled/1E3U-alt1A_assembled,24.663596725782273
2873,251,D,0.0,P14489,7.74,/1E3U-alt1B_assembled/1E3U-alt1A_assembled,55.22501005990378
2874,256,D,0.0,P14489,11.16,/1E3U-alt1B_assembled/1E3U-alt1A_assembled,58.30795965062657
2875,30,A,0.0,P14489,10.44,/1EWZ-alt-1_assembled,84.58005181504682
2876,45,A,0.0,P14489,10.87,/1EWZ-alt-1_assembled,60.4526202354772
2877,49,A,0.0,P14489,10.46,/1EWZ-alt-1_assembled,82.70347380330251
2878,61,D,0.0,P14489,10.14,/1EWZ-alt-1_assembled,60.72070280858354
2879,70,A,0.0,P14489,6.78,/1EWZ-alt-1_assembled,4.557403742807594
2880,84,D,0.0,P14489,10.31,/1EWZ-alt-1_assembled,74.7950378966658
2881,91,D,0.0,P14489,10.48,/1EWZ-alt-1_assembled,53.884597194372134
2882,95,D,0.0,P14489,10.26,/1EWZ-alt-1_assembled,89.00341427130124
2883,134,A,0.0,P14489,9.98,/1EWZ-alt-1_assembled,64.87598269173164
2884,137,D,0.0,P14489,10.37,/1EWZ-alt-1_assembled,76.93969848151644
2885,138,D,0.0,P14489,10.13,/1EWZ-alt-1_assembled,39.2740969600772
2886,152,A,0.0,P14489,10.48,/1EWZ-alt-1_assembled,67.42276713624176
2887,177,A,0.0,P14489,10.38,/1EWZ-alt-1_assembled,63.40152853964682
2888,189,A,0.0,P14489,9.86,/1EWZ-alt-1_assembled,5.361651462126582
2889,205,D,0.0,P14489,4.93,/1EWZ-alt-1_assembled,8.980766199062023
2890,228,D,0.0,P14489,9.99,/1EWZ-alt-1_assembled,36.32518865590758
2891,246,A,0.0,P14489,10.43,/1EWZ-alt-1_assembled,41.28471625837467
2892,251,D,0.0,P14489,7.83,/1EWZ-alt-1_assembled,49.729317311224044
2893,256,B,0.0,P14489,10.56,/1EWZ-alt-1_assembled,63.40152853964682
2894,100,B,0.0,P14489,10.28,/1EWZ-alt-1_assembled,74.7950378966658
2895,182,C,0.0,P14489,9.85,/1EWZ-alt-1_assembled,34.716693217269615
2896,2,A,0.0,P69996,10.47,/1E9Y-alt-1_assembled,87.26087754611011
2897,6,A,0.0,P69996,10.37,/1E9Y-alt-1_assembled,59.78241380271138
2898,10,A,0.0,P69996,9.91,/1E9Y-alt-1_assembled,34.44861064416328
2899,21,A,0.0,P69996,10.93,/1E9Y-alt-1_assembled,48.92506959190506
2900,22,A,0.0,P69996,10.69,/1E9Y-alt-1_assembled,59.78241380271138
2901,24,A,0.0,P69996,10.4,/1E9Y-alt-1_assembled,44.09958327599113
2902,26,A,0.0,P69996,10.39,/1E9Y-alt-1_assembled,84.58005181504682
2903,29,A,0.0,P69996,10.38,/1E9Y-alt-1_assembled,52.544184328840494
2904,51,A,0.0,P69996,10.39,/1E9Y-alt-1_assembled,72.65037731181516
2905,52,A,0.0,P69996,11.78,/1E9Y-alt-1_assembled,30.427372047568348
2906,66,A,0.0,P69996,10.82,/1E9Y-alt-1_assembled,61.12282666824302
2907,92,A,0.0,P69996,10.55,/1E9Y-alt-1_assembled,48.92506959190506
2908,105,A,0.0,P69996,10.5,/1E9Y-alt-1_assembled,84.44601052849364
2909,114,A,0.0,P69996,10.4,/1E9Y-alt-1_assembled,68.89722128832656
2910,124,A,0.0,P69996,10.03,/1E9Y-alt-1_assembled,41.016633685268346
2911,125,A,0.0,P69996,10.3,/1E9Y-alt-1_assembled,65.54618912449745
2912,130,A,0.0,P69996,11.16,/1E9Y-alt-1_assembled,76.53757462185695
2913,132,A,0.0,P69996,10.54,/1E9Y-alt-1_assembled,54.28672105403163
2914,160,A,0.0,P69996,10.95,/1E9Y-alt-1_assembled,60.0504963758177
2915,164,A,0.0,P69996,10.58,/1E9Y-alt-1_assembled,14.476458947741769
2916,182,A,0.0,P69996,10.72,/1E9Y-alt-1_assembled,35.38689965003543
2917,211,A,0.0,P69996,10.77,/1E9Y-alt-1_assembled,23.859349006463283
2918,212,A,0.0,P69996,11.49,/1E9Y-alt-1_assembled,56.029257779222775
2919,219,A,0.0,P69996,11.26,/1E9Y-alt-1_assembled,28.550794035824044
2920,227,A,0.0,P69996,10.57,/1E9Y-alt-1_assembled,57.10158807164808
2921,234,A,0.0,P69996,10.73,/1E9Y-alt-1_assembled,63.535569826199975
2922,237,A,0.0,P69996,10.21,/1E9Y-alt-1_assembled,77.0737397680696
2923,2,A,0.0,P69996,10.47,/1E9Z-alt-1_assembled,89.80766199062023
2924,6,A,0.0,P69996,10.43,/1E9Z-alt-1_assembled,65.01002397828479
2925,10,A,0.0,P69996,9.83,/1E9Z-alt-1_assembled,32.706073918972145
2926,21,A,0.0,P69996,10.86,/1E9Z-alt-1_assembled,42.62512912390632
2927,22,A,0.0,P69996,10.48,/1E9Z-alt-1_assembled,58.71008351028606
2928,24,A,0.0,P69996,9.91,/1E9Z-alt-1_assembled,39.542179533183536
2929,26,A,0.0,P69996,10.34,/1E9Z-alt-1_assembled,66.35043684381644
2930,29,A,0.0,P69996,10.36,/1E9Z-alt-1_assembled,49.99739988433037
2931,51,A,0.0,P69996,10.35,/1E9Z-alt-1_assembled,75.1971617563253
2932,52,A,0.0,P69996,11.78,/1E9Z-alt-1_assembled,37.129436375226575
2933,66,A,0.0,P69996,11.03,/1E9Z-alt-1_assembled,59.11220736994556
2934,92,A,0.0,P69996,10.63,/1E9Z-alt-1_assembled,53.34843204815948
2935,105,A,0.0,P69996,10.49,/1E9Z-alt-1_assembled,88.60129041164176
2936,114,A,0.0,P69996,10.4,/1E9Z-alt-1_assembled,68.89722128832656
2937,124,A,0.0,P69996,9.61,/1E9Z-alt-1_assembled,26.27209216442025
2938,125,A,0.0,P69996,10.08,/1E9Z-alt-1_assembled,52.41014304228733
2939,130,A,0.0,P69996,11.48,/1E9Z-alt-1_assembled,73.05250117147466
2940,132,A,0.0,P69996,10.51,/1E9Z-alt-1_assembled,56.431381638882264
2941,160,A,0.0,P69996,11.59,/1E9Z-alt-1_assembled,57.50371193130758
2942,164,A,0.0,P69996,10.47,/1E9Z-alt-1_assembled,12.331798362891137
2943,182,A,0.0,P69996,10.7,/1E9Z-alt-1_assembled,37.3975189483329
2944,211,A,0.0,P69996,10.7,/1E9Z-alt-1_assembled,20.776399415740503
2945,212,A,0.0,P69996,11.34,/1E9Z-alt-1_assembled,64.07173497241264
2946,219,A,0.0,P69996,10.33,/1E9Z-alt-1_assembled,31.767784913099987
2947,227,A,0.0,P69996,10.57,/1E9Z-alt-1_assembled,86.32258854023794
2948,234,A,0.0,P69996,10.76,/1E9Z-alt-1_assembled,62.999404679987336
2949,237,A,0.0,P69996,10.23,/1E9Z-alt-1_assembled,71.98017087904935
2950,18,A,0.0,Q5L1E2,10.6,/2OEJ-alt-1_assembled,72.24825345215568
2951,19,B,0.0,Q5L1E2,10.3,/2OEJ-alt-1_assembled,26.540174737526577
2952,68,A,0.0,Q5L1E2,10.55,/2OEJ-alt-1_assembled,33.37628035173796
2953,71,A,0.0,Q5L1E2,10.64,/2OEJ-alt-1_assembled,50.66760631709619
2954,76,A,0.0,Q5L1E2,10.4,/2OEJ-alt-1_assembled,38.73793181386455
2955,117,B,0.0,Q5L1E2,10.72,/2OEJ-alt-1_assembled,13.136046082210122
2956,147,B,0.0,Q5L1E2,11.01,/2OEJ-alt-1_assembled,36.45922994246075
2957,162,B,0.0,Q5L1E2,10.68,/2OEJ-alt-1_assembled,28.550794035824044
2958,163,A,0.0,Q5L1E2,10.34,/2OEJ-alt-1_assembled,51.87397789607467
2959,173,B,0.0,Q5L1E2,8.81,/2OEJ-alt-1_assembled,1.4744541520848098
2960,188,B,0.0,Q5L1E2,10.48,/2OEJ-alt-1_assembled,68.7631800017734
2961,194,A,0.0,Q5L1E2,9.92,/2OEJ-alt-1_assembled,41.954922691140496
2962,206,B,0.0,Q5L1E2,9.86,/2OEJ-alt-1_assembled,36.32518865590759
2963,222,A,0.0,Q5L1E2,10.36,/2OEJ-alt-1_assembled,76.0014094756443
2964,224,B,0.0,Q5L1E2,9.62,/2OEJ-alt-1_assembled,17.69344982501772
2965,226,B,0.0,Q5L1E2,10.68,/2OEJ-alt-1_assembled,21.982770994718983
2966,287,B,0.0,Q5L1E2,8.86,/2OEJ-alt-1_assembled,15.280706667060757
2967,401,A,0.0,Q5L1E2,10.12,/2OEJ-alt-1_assembled,32.97415649207848
2968,45,B,0.0,Q5L1E2,10.94,/2OEJ-alt-1_assembled,39.542179533183536
2969,47,B,0.0,Q5L1E2,11.03,/2OEJ-alt-1_assembled,22.652977427484807
2970,98,B,0.0,Q5L1E2,8.41,/2OEJ-alt-1_assembled,26.54017473752657
2971,81,A,0.0,Q70AC7,10.27,/1RQE-alt1B_assembled/1RQE-alt1A_assembled,60.854744095136695
2972,114,A,0.0,Q70AC7,11.85,/1RQE-alt1B_assembled/1RQE-alt1A_assembled,12.867963509103795
2973,143,A,0.0,Q70AC7,11.25,/1RQE-alt1B_assembled/1RQE-alt1A_assembled,40.21238596594936
2974,144,A,0.0,Q70AC7,10.57,/1RQE-alt1B_assembled/1RQE-alt1A_assembled,79.21840035292024
2975,147,A,0.0,Q70AC7,10.3,/1RQE-alt1B_assembled/1RQE-alt1A_assembled,31.3656610534405
2976,168,A,0.0,Q70AC7,10.36,/1RQE-alt1B_assembled/1RQE-alt1A_assembled,70.23763415385821
2977,184,A,0.0,Q70AC7,10.31,/1RQE-alt1B_assembled/1RQE-alt1A_assembled,19.83811040986835
2978,191,A,0.0,Q70AC7,10.21,/1RQE-alt1B_assembled/1RQE-alt1A_assembled,61.256867954796185
2979,200,A,0.0,Q70AC7,11.95,/1RQE-alt1B_assembled/1RQE-alt1A_assembled,27.61250502995189
2980,203,A,0.0,Q70AC7,9.8,/1RQE-alt1B_assembled/1RQE-alt1A_assembled,5.62973403523291
2981,209,A,0.0,Q70AC7,10.31,/1RQE-alt1B_assembled/1RQE-alt1A_assembled,76.26949204875062
2982,229,A,0.0,Q70AC7,11.36,/1RQE-alt1B_assembled/1RQE-alt1A_assembled,42.35704655079999
2983,277,A,0.0,Q70AC7,10.66,/1RQE-alt1B_assembled/1RQE-alt1A_assembled,45.43999614152277
2984,283,A,0.0,Q70AC7,10.21,/1RQE-alt1B_assembled/1RQE-alt1A_assembled,70.23763415385821
2985,288,A,0.0,Q70AC7,11.42,/1RQE-alt1B_assembled/1RQE-alt1A_assembled,24.26147286612278
2986,290,A,0.0,Q70AC7,10.54,/1RQE-alt1B_assembled/1RQE-alt1A_assembled,60.05049637581771
2987,291,A,0.0,Q70AC7,10.94,/1RQE-alt1B_assembled/1RQE-alt1A_assembled,57.905835790967075
2988,295,A,0.0,Q70AC7,10.37,/1RQE-alt1B_assembled/1RQE-alt1A_assembled,85.51834082091897
2989,304,A,0.0,Q70AC7,10.44,/1RQE-alt1B_assembled/1RQE-alt1A_assembled,91.55019871581138
2990,327,A,0.0,Q70AC7,10.77,/1RQE-alt1B_assembled/1RQE-alt1A_assembled,46.91445029360759
2991,340,A,0.0,Q70AC7,10.43,/1RQE-alt1B_assembled/1RQE-alt1A_assembled,74.25887275045315
2992,369,A,0.0,Q70AC7,10.4,/1RQE-alt1B_assembled/1RQE-alt1A_assembled,71.0418818731772
2993,393,A,0.0,Q70AC7,10.61,/1RQE-alt1B_assembled/1RQE-alt1A_assembled,86.05450596713163
2994,396,A,0.0,Q70AC7,10.7,/1RQE-alt1B_assembled/1RQE-alt1A_assembled,72.24825345215568
2995,404,A,0.0,Q70AC7,11.43,/1RQE-alt1B_assembled/1RQE-alt1A_assembled,49.46123473811771
2996,405,A,0.0,Q70AC7,10.52,/1RQE-alt1B_assembled/1RQE-alt1A_assembled,86.32258854023796
2997,421,A,0.0,Q70AC7,11.5,/1RQE-alt1B_assembled/1RQE-alt1A_assembled,75.1971617563253
2998,424,A,0.0,Q70AC7,10.43,/1RQE-alt1B_assembled/1RQE-alt1A_assembled,92.08636386202403
2999,430,A,0.0,Q70AC7,10.53,/1RQE-alt1B_assembled/1RQE-alt1A_assembled,66.48447813036961
3000,471,A,0.0,Q70AC7,10.53,/1RQE-alt1B_assembled/1RQE-alt1A_assembled,82.30134994364302
3001,9,A,98.49,P05020,10.48,/AF-P05020-F1-model_v1,57.905835790967075
3002,27,A,98.69,P05020,11.5,/AF-P05020-F1-model_v1,70.50571672696455
3003,103,A,98.55,P05020,7.73,/AF-P05020-F1-model_v1,2.8148670176164554
3004,132,A,98.76,P05020,10.41,/AF-P05020-F1-model_v1,89.80766199062023
3005,173,A,98.9,P05020,9.17,/AF-P05020-F1-model_v1,45.43999614152277
3006,182,A,98.94,P05020,11.53,/AF-P05020-F1-model_v1,66.35043684381644
3007,227,A,98.87,P05020,9.71,/AF-P05020-F1-model_v1,4.825486315913923
3008,260,A,98.58,P05020,8.98,/AF-P05020-F1-model_v1,2.546784444510126
3009,347,A,94.81,P05020,11.59,/AF-P05020-F1-model_v1,57.77179450441392
3010,68,B,0.0,P22188,9.96,/7B53-alt1A_assembled/7B53-alt1B_assembled,31.365661053440498
3011,120,A,0.0,P22188,8.92,/7B53-alt1A_assembled/7B53-alt1B_assembled,16.218995672932905
3012,151,B,0.0,P22188,10.12,/7B53-alt1A_assembled/7B53-alt1B_assembled,57.369670644754414
3013,198,A,0.0,P22188,9.57,/7B53-alt1A_assembled/7B53-alt1B_assembled,43.4293768432253
3014,225,B,0.0,P22188,8.65,/7B53-alt1A_assembled/7B53-alt1B_assembled,23.0551012871443
3015,252,B,0.0,P22188,10.2,/7B53-alt1A_assembled/7B53-alt1B_assembled,46.37828514739493
3016,275,A,0.0,P22188,10.25,/7B53-alt1A_assembled/7B53-alt1B_assembled,26.27209216442025
3017,331,B,0.0,P22188,10.04,/7B53-alt1A_assembled/7B53-alt1B_assembled,63.669611112753145
3018,351,B,0.0,P22188,10.3,/7B53-alt1A_assembled/7B53-alt1B_assembled,64.07173497241266
3019,367,A,0.0,P22188,9.5,/7B53-alt1A_assembled/7B53-alt1B_assembled,71.71208830594303
3020,379,A,0.0,P22188,10.51,/7B53-alt1A_assembled/7B53-alt1B_assembled,77.74394620083542
3021,392,A,0.0,P22188,10.67,/7B53-alt1A_assembled/7B53-alt1B_assembled,62.59728082032783
3022,394,A,0.0,P22188,9.93,/7B53-alt1A_assembled/7B53-alt1B_assembled,30.963537193781008
3023,439,A,0.0,P22188,9.82,/7B53-alt1A_assembled/7B53-alt1B_assembled,48.38890444569239
3024,456,B,0.0,P22188,10.45,/7B53-alt1A_assembled/7B53-alt1B_assembled,104.6862447980215
3025,466,A,0.0,P22188,9.08,/7B53-alt1A_assembled/7B53-alt1B_assembled,1.0723302924253162
3026,68,B,0.0,P22188,10.62,/7B60-alt1A_assembled/7B60-alt1B_assembled,75.86736818909114
3027,120,B,0.0,P22188,7.93,/7B60-alt1A_assembled/7B60-alt1B_assembled,11.527550643572148
3028,151,A,0.0,P22188,10.21,/7B60-alt1A_assembled/7B60-alt1B_assembled,66.8866019900291
3029,198,A,0.0,P22188,9.53,/7B60-alt1A_assembled/7B60-alt1B_assembled,32.706073918972145
3030,225,B,0.0,P22188,8.92,/7B60-alt1A_assembled/7B60-alt1B_assembled,46.780409007054416
3031,252,A,0.0,P22188,10.32,/7B60-alt1A_assembled/7B60-alt1B_assembled,63.803652399306316
3032,275,A,0.0,P22188,10.16,/7B60-alt1A_assembled/7B60-alt1B_assembled,28.14867017616455
3033,331,A,0.0,P22188,9.03,/7B60-alt1A_assembled/7B60-alt1B_assembled,26.540174737526574
3034,351,B,0.0,P22188,7.55,/7B60-alt1A_assembled/7B60-alt1B_assembled,14.878582807401262
3035,367,A,0.0,P22188,10.29,/7B60-alt1A_assembled/7B60-alt1B_assembled,47.718698012926566
3036,379,B,0.0,P22188,10.58,/7B60-alt1A_assembled/7B60-alt1B_assembled,93.29273544100252
3037,392,B,0.0,P22188,10.73,/7B60-alt1A_assembled/7B60-alt1B_assembled,61.39090924134935
3038,394,A,0.0,P22188,9.97,/7B60-alt1A_assembled/7B60-alt1B_assembled,29.89120690135569
3039,439,A,0.0,P22188,9.65,/7B60-alt1A_assembled/7B60-alt1B_assembled,29.891206901355687
3040,456,B,0.0,P22188,10.28,/7B60-alt1A_assembled/7B60-alt1B_assembled,81.6311435108772
3041,466,B,0.0,P22188,9.0,/7B60-alt1A_assembled/7B60-alt1B_assembled,1.8765780117443032
3042,34,A,0.0,P39377,10.79,/1YBQ-alt1B_assembled/1YBQ-alt1A_assembled,45.43999614152277
3043,119,A,0.0,P39377,10.45,/1YBQ-alt1B_assembled/1YBQ-alt1A_assembled,21.178523275399996
3044,150,A,0.0,P39377,10.49,/1YBQ-alt1B_assembled/1YBQ-alt1A_assembled,60.0504963758177
3045,162,A,0.0,P39377,7.45,/1YBQ-alt1B_assembled/1YBQ-alt1A_assembled,5.62973403523291
3046,194,A,0.0,P39377,7.19,/1YBQ-alt1B_assembled/1YBQ-alt1A_assembled,11.929674503231643
3047,206,A,0.0,P39377,10.44,/1YBQ-alt1B_assembled/1YBQ-alt1A_assembled,94.90123087964048
3048,207,A,0.0,P39377,10.36,/1YBQ-alt1B_assembled/1YBQ-alt1A_assembled,86.99279497300378
3049,225,A,0.0,P39377,9.27,/1YBQ-alt1B_assembled/1YBQ-alt1A_assembled,28.952917895483537
3050,247,A,0.0,P39377,10.44,/1YBQ-alt1B_assembled/1YBQ-alt1A_assembled,81.09497836466454
3051,319,A,0.0,P39377,10.58,/1YBQ-alt1B_assembled/1YBQ-alt1A_assembled,63.803652399306316
3052,345,A,0.0,P39377,11.19,/1YBQ-alt1B_assembled/1YBQ-alt1A_assembled,3.619114736935442
3053,373,A,0.0,P39377,10.17,/1YBQ-alt1B_assembled/1YBQ-alt1A_assembled,61.65899181445569
3054,377,A,0.0,P39377,10.78,/1YBQ-alt1B_assembled/1YBQ-alt1A_assembled,58.71008351028607
3055,380,A,0.0,P39377,10.58,/1YBQ-alt1B_assembled/1YBQ-alt1A_assembled,77.74394620083542
3056,384,A,0.0,P39377,10.31,/1YBQ-alt1B_assembled/1YBQ-alt1A_assembled,63.803652399306316
3057,34,B,0.0,P39377,9.73,/1YBQ-alt1B_assembled/1YBQ-alt1A_assembled,22.384894854378473
3058,119,B,0.0,P39377,9.84,/1YBQ-alt1B_assembled/1YBQ-alt1A_assembled,20.910440702293663
3059,150,B,0.0,P39377,7.69,/1YBQ-alt1B_assembled/1YBQ-alt1A_assembled,22.921060000591133
3060,162,B,0.0,P39377,7.15,/1YBQ-alt1B_assembled/1YBQ-alt1A_assembled,3.8871973100417714
3061,194,B,0.0,P39377,8.1,/1YBQ-alt1B_assembled/1YBQ-alt1A_assembled,16.21899567293291
3062,206,B,0.0,P39377,10.36,/1YBQ-alt1B_assembled/1YBQ-alt1A_assembled,84.71409310159999
3063,207,B,0.0,P39377,10.23,/1YBQ-alt1B_assembled/1YBQ-alt1A_assembled,71.8461295924962
3064,225,B,0.0,P39377,9.39,/1YBQ-alt1B_assembled/1YBQ-alt1A_assembled,29.35504175514303
3065,247,B,0.0,P39377,10.86,/1YBQ-alt1B_assembled/1YBQ-alt1A_assembled,56.56542292543543
3066,319,B,0.0,P39377,10.55,/1YBQ-alt1B_assembled/1YBQ-alt1A_assembled,90.47786842338604
3067,345,B,0.0,P39377,10.79,/1YBQ-alt1B_assembled/1YBQ-alt1A_assembled,11.661591930125313
3068,373,B,0.0,P39377,9.64,/1YBQ-alt1B_assembled/1YBQ-alt1A_assembled,46.91445029360759
3069,377,B,0.0,P39377,10.55,/1YBQ-alt1B_assembled/1YBQ-alt1A_assembled,72.516336025262
3070,380,B,0.0,P39377,10.55,/1YBQ-alt1B_assembled/1YBQ-alt1A_assembled,77.0737397680696
3071,384,B,0.0,P39377,10.81,/1YBQ-alt1B_assembled/1YBQ-alt1A_assembled,58.1739183640734
3072,499,B,0.0,P11498,9.88,/3BG9-alt-1_assembled,27.34442245684556
3073,519,A,0.0,P11498,10.44,/3BG9-alt-1_assembled,86.85875368645061
3074,588,A,0.0,P11498,10.64,/3BG9-alt-1_assembled,37.3975189483329
3075,589,D,0.0,P11498,10.08,/3BG9-alt-1_assembled,58.442000937179735
3076,600,A,0.0,P11498,10.33,/3BG9-alt-1_assembled,58.30795965062657
3077,661,B,0.0,P11498,11.27,/3BG9-alt-1_assembled,34.44861064416328
3078,667,D,0.0,P11498,10.03,/3BG9-alt-1_assembled,32.706073918972145
3079,717,A,0.0,P11498,8.63,/3BG9-alt-1_assembled,23.72530771991012
3080,741,B,0.0,P11498,8.35,/3BG9-alt-1_assembled,20.508316842634173
3081,748,B,0.0,P11498,9.17,/3BG9-alt-1_assembled,15.012624093954425
3082,855,A,0.0,P11498,9.46,/3BG9-alt-1_assembled,37.93368409454556
3083,886,C,0.0,P11498,10.57,/3BG9-alt-1_assembled,64.47385883207214
3084,888,B,0.0,P11498,11.54,/3BG9-alt-1_assembled,41.016633685268346
3085,891,B,0.0,P11498,11.04,/3BG9-alt-1_assembled,14.208376374635439
3086,892,D,0.0,P11498,10.07,/3BG9-alt-1_assembled,62.731322106880995
3087,906,D,0.0,P11498,9.31,/3BG9-alt-1_assembled,1.2063715789784808
3088,912,A,0.0,P11498,8.79,/3BG9-alt-1_assembled,65.41214783794429
3089,966,D,0.0,P11498,10.25,/3BG9-alt-1_assembled,43.56341812977847
3090,969,A,0.0,P11498,10.59,/3BG9-alt-1_assembled,32.706073918972145
3091,992,A,0.0,P11498,10.48,/3BG9-alt-1_assembled,86.18854725368479
3092,1021,B,0.0,P11498,10.18,/3BG9-alt-1_assembled,30.695454620674678
3093,1043,B,0.0,P11498,10.42,/3BG9-alt-1_assembled,45.17191356841644
3094,1056,A,0.0,P11498,9.44,/3BG9-alt-1_assembled,29.75716561480252
3095,1061,D,0.0,P11498,10.93,/3BG9-alt-1_assembled,41.418757544927836
3096,1090,A,0.0,P11498,9.03,/3BG9-alt-1_assembled,50.533565030543016
3097,1460,A,0.0,P27708,10.42,/4C6B-alt1A_assembled/4C6B-alt1B_assembled,86.05450596713163
3098,1482,A,0.0,P27708,10.41,/4C6B-alt1A_assembled/4C6B-alt1B_assembled,82.03326737053669
3099,1521,A,0.0,P27708,11.29,/4C6B-alt1A_assembled/4C6B-alt1B_assembled,69.1653038614329
3100,1556,A,0.0,P27708,9.78,/4C6B-alt1A_assembled/4C6B-alt1B_assembled,9.114807485615188
3101,1618,A,0.0,P27708,10.51,/4C6B-alt1A_assembled/4C6B-alt1B_assembled,47.18253286671391
3102,1625,A,0.0,P27708,10.33,/4C6B-alt1A_assembled/4C6B-alt1B_assembled,83.64176280917466
3103,1628,A,0.0,P27708,10.43,/4C6B-alt1A_assembled/4C6B-alt1B_assembled,39.944303392843025
3104,1657,A,0.0,P27708,9.53,/4C6B-alt1A_assembled/4C6B-alt1B_assembled,54.15267976747847
3105,1695,A,0.0,P27708,7.64,/4C6B-alt1A_assembled/4C6B-alt1B_assembled,0.8042477193189872
3106,1768,A,0.0,P27708,10.07,/4C6B-alt1A_assembled/4C6B-alt1B_assembled,35.38689965003544
3107,1778,A,0.0,P27708,10.48,/4C6B-alt1A_assembled/4C6B-alt1B_assembled,88.19916655198227
3108,1780,A,0.0,P27708,10.38,/4C6B-alt1A_assembled/4C6B-alt1B_assembled,54.956927486797454
3109,1811,A,0.0,P27708,10.96,/4C6B-alt1A_assembled/4C6B-alt1B_assembled,45.57403742807595
3110,4,D,0.0,P06733,10.35,/2PSN-alt-1_assembled,74.66099661011265
3111,27,C,0.0,P06733,10.53,/2PSN-alt-1_assembled,53.08034947505315
3112,53,C,0.0,P06733,10.43,/2PSN-alt-1_assembled,94.23102444687467
3113,59,B,0.0,P06733,9.05,/2PSN-alt-1_assembled,53.21439076160631
3114,63,C,0.0,P06733,10.48,/2PSN-alt-1_assembled,60.31857894892403
3115,70,B,0.0,P06733,10.58,/2PSN-alt-1_assembled,72.78441859836835
3116,79,D,0.0,P06733,10.34,/2PSN-alt-1_assembled,62.731322106881
3117,80,C,0.0,P06733,10.42,/2PSN-alt-1_assembled,74.7950378966658
3118,88,C,0.0,P06733,10.6,/2PSN-alt-1_assembled,72.78441859836833
3119,91,D,0.0,P06733,11.18,/2PSN-alt-1_assembled,65.81427169760379
3120,102,C,0.0,P06733,10.14,/2PSN-alt-1_assembled,11.25946807046582
3121,104,C,0.0,P06733,10.31,/2PSN-alt-1_assembled,47.45061543982024
3122,119,D,0.0,P06733,10.71,/2PSN-alt-1_assembled,22.78701871403797
3123,125,C,0.0,P06733,10.58,/2PSN-alt-1_assembled,30.829495907227837
3124,161,A,0.0,P06733,10.53,/2PSN-alt-1_assembled,67.82489099590126
3125,192,C,0.0,P06733,10.01,/2PSN-alt-1_assembled,69.96955158075187
3126,196,C,0.0,P06733,9.45,/2PSN-alt-1_assembled,48.79102830535189
3127,198,C,0.0,P06733,11.35,/2PSN-alt-1_assembled,49.59527602467088
3128,201,C,0.0,P06733,8.21,/2PSN-alt-1_assembled,24.797638012335437
3129,220,D,0.0,P06733,10.69,/2PSN-alt-1_assembled,72.11421216560251
3130,227,D,0.0,P06733,8.77,/2PSN-alt-1_assembled,39.81026210628986
3131,232,D,0.0,P06733,9.9,/2PSN-alt-1_assembled,46.51232643394809
3132,238,B,0.0,P06733,10.8,/2PSN-alt-1_assembled,34.58265193071645
3133,255,D,0.0,P06733,10.11,/2PSN-alt-1_assembled,50.53356503054303
3134,261,B,0.0,P06733,6.24,/2PSN-alt-1_assembled,5.897816608339239
3135,280,B,0.0,P06733,10.03,/2PSN-alt-1_assembled,41.82088140458733
3136,284,D,0.0,P06733,10.17,/2PSN-alt-1_assembled,58.1739183640734
3137,305,A,0.0,P06733,11.5,/2PSN-alt-1_assembled,60.854744095136695
3138,325,B,0.0,P06733,11.24,/2PSN-alt-1_assembled,64.74194140517847
3139,329,D,0.0,P06733,10.2,/2PSN-alt-1_assembled,44.09958327599112
3140,334,B,0.0,P06733,10.41,/2PSN-alt-1_assembled,80.02264807223922
3141,342,B,0.0,P06733,11.91,/2PSN-alt-1_assembled,11.795633216678477
3142,357,C,0.0,P06733,8.73,/2PSN-alt-1_assembled,35.654982223141765
3143,393,C,0.0,P06733,16.83,/2PSN-alt-1_assembled,3.351032163829113
3144,405,A,0.0,P06733,9.94,/2PSN-alt-1_assembled,3.7531560234886063
3145,419,B,0.0,P06733,10.41,/2PSN-alt-1_assembled,89.00341427130125
3146,421,B,0.0,P06733,10.95,/2PSN-alt-1_assembled,36.19114736935442
3147,433,C,0.0,P06733,11.01,/2PSN-alt-1_assembled,43.295335556672136
3148,4,A,0.0,P06733,10.35,/3B97-alt-1_assembled,76.80565719496326
3149,27,C,0.0,P06733,10.53,/3B97-alt-1_assembled,55.89521649266961
3150,53,C,0.0,P06733,10.43,/3B97-alt-1_assembled,94.76718959308732
3151,59,B,0.0,P06733,9.06,/3B97-alt-1_assembled,53.214390761606325
3152,63,C,0.0,P06733,10.47,/3B97-alt-1_assembled,57.50371193130758
3153,70,B,0.0,P06733,10.58,/3B97-alt-1_assembled,73.7227076042405
3154,79,D,0.0,P06733,10.33,/3B97-alt-1_assembled,58.844124796839225
3155,80,C,0.0,P06733,10.41,/3B97-alt-1_assembled,74.12483146389998
3156,88,C,0.0,P06733,10.6,/3B97-alt-1_assembled,72.24825345215567
3157,91,D,0.0,P06733,11.1,/3B97-alt-1_assembled,65.81427169760377
3158,102,C,0.0,P06733,10.14,/3B97-alt-1_assembled,11.795633216678478
3159,104,C,0.0,P06733,10.31,/3B97-alt-1_assembled,48.12082187258606
3160,119,D,0.0,P06733,10.71,/3B97-alt-1_assembled,23.591266433356957
3161,125,C,0.0,P06733,10.57,/3B97-alt-1_assembled,32.84011520552531
3162,161,A,0.0,P06733,10.52,/3B97-alt-1_assembled,67.82489099590126
3163,192,C,0.0,P06733,10.01,/3B97-alt-1_assembled,67.02064327658226
3164,196,C,0.0,P06733,9.44,/3B97-alt-1_assembled,49.86335859777721
3165,198,C,0.0,P06733,11.33,/3B97-alt-1_assembled,49.05911087845821
3166,201,C,0.0,P06733,8.18,/3B97-alt-1_assembled,23.323183860250627
3167,220,C,0.0,P06733,10.7,/3B97-alt-1_assembled,60.720702808583525
3168,227,D,0.0,P06733,8.72,/3B97-alt-1_assembled,41.552798831481
3169,232,D,0.0,P06733,9.89,/3B97-alt-1_assembled,46.24424386084176
3170,238,B,0.0,P06733,10.73,/3B97-alt-1_assembled,34.716693217269615
3171,255,D,0.0,P06733,10.11,/3B97-alt-1_assembled,48.12082187258606
3172,261,B,0.0,P06733,6.24,/3B97-alt-1_assembled,6.1658991814455675
3173,280,B,0.0,P06733,10.03,/3B97-alt-1_assembled,42.22300526424682
3174,284,D,0.0,P06733,10.1,/3B97-alt-1_assembled,57.63775321786075
3175,305,A,0.0,P06733,11.5,/3B97-alt-1_assembled,62.06111567411517
3176,325,B,0.0,P06733,11.24,/3B97-alt-1_assembled,65.41214783794429
3177,329,D,0.0,P06733,10.19,/3B97-alt-1_assembled,44.09958327599114
3178,334,D,0.0,P06733,10.41,/3B97-alt-1_assembled,91.01403356959871
3179,342,B,0.0,P06733,11.9,/3B97-alt-1_assembled,11.393509357018983
3180,357,C,0.0,P06733,8.77,/3B97-alt-1_assembled,34.71669321726961
3181,393,C,0.0,P06733,16.83,/3B97-alt-1_assembled,3.0829495907227837
3182,405,A,0.0,P06733,9.94,/3B97-alt-1_assembled,3.619114736935442
3183,419,B,0.0,P06733,10.41,/3B97-alt-1_assembled,88.73533169819493
3184,421,B,0.0,P06733,10.94,/3B97-alt-1_assembled,36.057106082801255
3185,433,C,0.0,P06733,10.97,/3B97-alt-1_assembled,39.81026210628987
3186,22,C,0.0,Q15181,10.3,/6C45-alt-1_assembled,25.869968304760754
3187,25,B,0.0,Q15181,10.39,/6C45-alt-1_assembled,74.7950378966658
3188,41,D,0.0,Q15181,10.48,/6C45-alt-1_assembled,82.30134994364303
3189,57,D,0.0,Q15181,13.48,/6C45-alt-1_assembled,33.77840421139746
3190,63,B,0.0,Q15181,10.15,/6C45-alt-1_assembled,41.552798831481006
3191,70,D,0.0,Q15181,10.34,/6C45-alt-1_assembled,34.71669321726961
3192,74,A,0.0,Q15181,10.0,/6C45-alt-1_assembled,53.21439076160631
3193,75,C,0.0,Q15181,10.37,/6C45-alt-1_assembled,84.44601052849364
3194,77,A,0.0,Q15181,9.86,/6C45-alt-1_assembled,59.91645508926454
3195,109,D,0.0,Q15181,9.16,/6C45-alt-1_assembled,24.26147286612278
3196,128,C,0.0,Q15181,11.45,/6C45-alt-1_assembled,45.842120001182266
3197,139,C,0.0,Q15181,9.4,/6C45-alt-1_assembled,28.014628889611387
3198,155,D,0.0,Q15181,13.55,/6C45-alt-1_assembled,5.897816608339239
3199,194,A,0.0,Q15181,10.97,/6C45-alt-1_assembled,11.527550643572148
3200,199,C,0.0,Q15181,10.16,/6C45-alt-1_assembled,50.131441170883534
3201,211,A,0.0,Q15181,8.39,/6C45-alt-1_assembled,11.795633216678478
3202,213,D,0.0,Q15181,10.44,/6C45-alt-1_assembled,38.33580795420506
3203,221,D,0.0,Q15181,10.35,/6C45-alt-1_assembled,52.544184328840494
3204,228,B,0.0,Q15181,10.54,/6C45-alt-1_assembled,53.75055590781898
3205,233,A,0.0,Q15181,10.36,/6C45-alt-1_assembled,71.4440057328367
3206,234,A,0.0,Q15181,10.11,/6C45-alt-1_assembled,65.94831298415696
3207,238,D,0.0,Q15181,9.86,/6C45-alt-1_assembled,70.6397580135177
3208,253,C,0.0,Q15181,10.31,/6C45-alt-1_assembled,39.2740969600772
3209,288,A,0.0,Q15181,10.63,/6C45-alt-1_assembled,75.46524432943161
3210,88,B,0.0,Q15181,6.98,/6C45-alt-1_assembled,6.2999404679987325
3211,176,B,0.0,Q15181,10.22,/6C45-alt-1_assembled,62.06111567411517
3212,179,B,0.0,Q15181,8.51,/6C45-alt-1_assembled,19.16790397710253
3213,282,C,0.0,Q15181,10.54,/6C45-alt-1_assembled,71.57804701938986
3214,22,A,0.0,Q15181,10.08,/7BTN-alt-1_assembled,30.695454620674674
3215,25,A,0.0,Q15181,10.49,/7BTN-alt-1_assembled,87.12683625955694
3216,41,A,0.0,Q15181,10.51,/7BTN-alt-1_assembled,91.55019871581136
3217,57,A,0.0,Q15181,13.68,/7BTN-alt-1_assembled,29.757165614802524
3218,63,A,0.0,Q15181,10.32,/7BTN-alt-1_assembled,78.81627649326074
3219,70,A,0.0,Q15181,10.61,/7BTN-alt-1_assembled,43.429376843225306
3220,74,A,0.0,Q15181,10.0,/7BTN-alt-1_assembled,69.29934514798606
3221,75,A,0.0,Q15181,10.39,/7BTN-alt-1_assembled,86.32258854023796
3222,77,A,0.0,Q15181,10.38,/7BTN-alt-1_assembled,96.91185017793795
3223,88,A,0.0,Q15181,10.0,/7BTN-alt-1_assembled,64.74194140517847
3224,109,A,0.0,Q15181,10.55,/7BTN-alt-1_assembled,62.3291982472215
3225,128,A,0.0,Q15181,11.86,/7BTN-alt-1_assembled,59.11220736994555
3226,139,A,0.0,Q15181,9.28,/7BTN-alt-1_assembled,26.808257310632907
3227,155,A,0.0,Q15181,17.81,/7BTN-alt-1_assembled,5.227610175573417
3228,176,A,0.0,Q15181,10.28,/7BTN-alt-1_assembled,60.4526202354772
3229,179,A,0.0,Q15181,8.93,/7BTN-alt-1_assembled,29.489083041696198
3230,194,A,0.0,Q15181,10.81,/7BTN-alt-1_assembled,15.41474795361392
3231,199,A,0.0,Q15181,10.48,/7BTN-alt-1_assembled,86.32258854023796
3232,211,A,0.0,Q15181,10.64,/7BTN-alt-1_assembled,19.972151696421513
3233,213,A,0.0,Q15181,10.43,/7BTN-alt-1_assembled,24.9316792988886
3234,221,A,0.0,Q15181,10.54,/7BTN-alt-1_assembled,60.050496375817715
3235,228,A,0.0,Q15181,9.93,/7BTN-alt-1_assembled,51.47185403641518
3236,233,A,0.0,Q15181,10.43,/7BTN-alt-1_assembled,51.47185403641518
3237,234,A,0.0,Q15181,10.19,/7BTN-alt-1_assembled,55.62713391956328
3238,238,A,0.0,Q15181,10.33,/7BTN-alt-1_assembled,41.954922691140496
3239,253,A,0.0,Q15181,10.43,/7BTN-alt-1_assembled,47.85273929947974
3240,282,A,0.0,Q15181,10.41,/7BTN-alt-1_assembled,72.38229473870885
3241,27,A,0.0,P34931,10.68,/3GDQ-alt1B_assembled/3GDQ-alt1A_assembled,93.15869415444934
3242,58,A,0.0,P34931,9.09,/3GDQ-alt1B_assembled/3GDQ-alt1A_assembled,19.704069123315186
3243,73,A,0.0,P34931,8.68,/3GDQ-alt1B_assembled/3GDQ-alt1A_assembled,11.929674503231643
3244,79,A,0.0,P34931,10.36,/3GDQ-alt1B_assembled/3GDQ-alt1A_assembled,82.16730865708985
3245,90,A,0.0,P34931,10.42,/3GDQ-alt1B_assembled/3GDQ-alt1A_assembled,89.67362070406708
3246,102,A,0.0,P34931,10.12,/3GDQ-alt1B_assembled/3GDQ-alt1A_assembled,94.36506573342783
3247,104,A,0.0,P34931,10.81,/3GDQ-alt1B_assembled/3GDQ-alt1A_assembled,21.580647135059486
3248,110,A,0.0,P34931,10.65,/3GDQ-alt1B_assembled/3GDQ-alt1A_assembled,82.56943251674934
3249,114,A,0.0,P34931,8.86,/3GDQ-alt1B_assembled/3GDQ-alt1A_assembled,36.45922994246075
3250,128,A,0.0,P34931,8.99,/3GDQ-alt1B_assembled/3GDQ-alt1A_assembled,26.13805087786708
3251,130,A,0.0,P34931,8.91,/3GDQ-alt1B_assembled/3GDQ-alt1A_assembled,5.093568889020252
3252,161,A,0.0,P34931,10.29,/3GDQ-alt1B_assembled/3GDQ-alt1A_assembled,69.70146900764556
3253,189,A,0.0,P34931,10.36,/3GDQ-alt1B_assembled/3GDQ-alt1A_assembled,103.47987321904301
3254,222,A,0.0,P34931,10.38,/3GDQ-alt1B_assembled/3GDQ-alt1A_assembled,28.282711462717714
3255,248,A,0.0,P34931,10.99,/3GDQ-alt1B_assembled/3GDQ-alt1A_assembled,48.92506959190506
3256,250,A,0.0,P34931,10.35,/3GDQ-alt1B_assembled/3GDQ-alt1A_assembled,42.893211697012646
3257,252,A,0.0,P34931,10.43,/3GDQ-alt1B_assembled/3GDQ-alt1A_assembled,90.47786842338606
3258,253,A,0.0,P34931,10.8,/3GDQ-alt1B_assembled/3GDQ-alt1A_assembled,41.418757544927836
3259,259,A,0.0,P34931,10.04,/3GDQ-alt1B_assembled/3GDQ-alt1A_assembled,63.803652399306316
3260,273,A,0.0,P34931,10.82,/3GDQ-alt1B_assembled/3GDQ-alt1A_assembled,14.878582807401262
3261,321,A,0.0,P34931,10.71,/3GDQ-alt1B_assembled/3GDQ-alt1A_assembled,32.16990877275949
3262,327,A,0.0,P34931,10.07,/3GDQ-alt1B_assembled/3GDQ-alt1A_assembled,81.22901965121771
3263,330,A,0.0,P34931,10.18,/3GDQ-alt1B_assembled/3GDQ-alt1A_assembled,27.746546316505057
3264,332,A,0.0,P34931,9.99,/3GDQ-alt1B_assembled/3GDQ-alt1A_assembled,49.46123473811771
3265,347,A,0.0,P34931,9.83,/3GDQ-alt1B_assembled/3GDQ-alt1A_assembled,37.66560152143923
3266,363,A,0.0,P34931,10.34,/3GDQ-alt1B_assembled/3GDQ-alt1A_assembled,73.7227076042405
3267,27,A,91.67,P34931,11.5,/AF-P34931-F1-model_v1,67.02064327658226
3268,58,A,96.42,P34931,11.22,/AF-P34931-F1-model_v1,38.73793181386455
3269,73,A,94.85,P34931,11.35,/AF-P34931-F1-model_v1,20.106192982974676
3270,79,A,91.91,P34931,10.0,/AF-P34931-F1-model_v1,94.23102444687467
3271,90,A,91.94,P34931,10.35,/AF-P34931-F1-model_v1,101.06713006108605
3272,102,A,90.98,P34931,9.9,/AF-P34931-F1-model_v1,20.642358129187336
3273,104,A,97.0,P34931,10.57,/AF-P34931-F1-model_v1,16.218995672932905
3274,110,A,90.41,P34931,12.11,/AF-P34931-F1-model_v1,34.85073450382278
3275,114,A,95.05,P34931,11.12,/AF-P34931-F1-model_v1,29.355041755143027
3276,128,A,97.49,P34931,10.9,/AF-P34931-F1-model_v1,32.84011520552531
3277,130,A,97.69,P34931,9.42,/AF-P34931-F1-model_v1,23.72530771991012
3278,161,A,92.84,P34931,10.05,/AF-P34931-F1-model_v1,56.163299065775945
3279,189,A,72.59,P34931,10.36,/AF-P34931-F1-model_v1,61.92707438756201
3280,222,A,95.69,P34931,11.03,/AF-P34931-F1-model_v1,35.38689965003543
3281,248,A,97.54,P34931,11.76,/AF-P34931-F1-model_v1,47.98678058603291
3282,250,A,96.94,P34931,11.0,/AF-P34931-F1-model_v1,32.57203263241898
3283,252,A,96.33,P34931,10.18,/AF-P34931-F1-model_v1,77.20778105462277
3284,253,A,96.36,P34931,11.31,/AF-P34931-F1-model_v1,36.191147369354425
3285,259,A,91.24,P34931,9.78,/AF-P34931-F1-model_v1,55.49309263301011
3286,273,A,98.28,P34931,11.36,/AF-P34931-F1-model_v1,28.41675274927088
3287,321,A,94.62,P34931,10.74,/AF-P34931-F1-model_v1,33.37628035173797
3288,327,A,96.06,P34931,10.43,/AF-P34931-F1-model_v1,93.56081801410883
3289,330,A,95.96,P34931,9.66,/AF-P34931-F1-model_v1,42.08896397769366
3290,332,A,95.82,P34931,10.54,/AF-P34931-F1-model_v1,62.3291982472215
3291,347,A,98.09,P34931,10.13,/AF-P34931-F1-model_v1,52.410143042287324
3292,363,A,89.68,P34931,10.09,/AF-P34931-F1-model_v1,61.927074387562016
3293,386,A,82.58,P34931,10.45,/AF-P34931-F1-model_v1,87.66300140576959
3294,389,A,78.16,P34931,11.69,/AF-P34931-F1-model_v1,54.82288620024429
3295,417,A,93.0,P34931,10.38,/AF-P34931-F1-model_v1,93.82890058721517
3296,425,A,94.49,P34931,10.55,/AF-P34931-F1-model_v1,76.13545076219745
3297,453,A,86.92,P34931,10.59,/AF-P34931-F1-model_v1,80.69285450500504
3298,495,A,89.62,P34931,11.35,/AF-P34931-F1-model_v1,36.593271229013915
3299,499,A,78.44,P34931,10.19,/AF-P34931-F1-model_v1,49.72931731122404
3300,514,A,81.27,P34931,11.29,/AF-P34931-F1-model_v1,83.90984538228099
3301,526,A,88.93,P34931,10.68,/AF-P34931-F1-model_v1,79.08435906636707
3302,528,A,84.69,P34931,10.67,/AF-P34931-F1-model_v1,89.80766199062023
3303,537,A,89.45,P34931,10.99,/AF-P34931-F1-model_v1,17.961532398124046
3304,541,A,90.81,P34931,10.16,/AF-P34931-F1-model_v1,46.1102025742886
3305,552,A,89.31,P34931,10.23,/AF-P34931-F1-model_v1,38.33580795420505
3306,563,A,77.26,P34931,10.39,/AF-P34931-F1-model_v1,70.77379930007086
3307,569,A,87.05,P34931,10.44,/AF-P34931-F1-model_v1,34.71669321726961
3308,571,A,90.27,P34931,10.65,/AF-P34931-F1-model_v1,65.41214783794427
3309,575,A,92.01,P34931,11.97,/AF-P34931-F1-model_v1,15.41474795361392
3310,591,A,90.0,P34931,11.67,/AF-P34931-F1-model_v1,43.29533555667214
3311,597,A,92.9,P34931,10.73,/AF-P34931-F1-model_v1,29.62312432824936
3312,599,A,93.68,P34931,10.54,/AF-P34931-F1-model_v1,81.89922608398354
3313,611,A,78.93,P34931,10.5,/AF-P34931-F1-model_v1,82.16730865708985
3314,480,B,0.0,P22102,10.41,/2V9Y-alt1A_assembled/2V9Y-alt1B_assembled,80.8268957915582
3315,485,A,0.0,P22102,10.54,/2V9Y-alt1A_assembled/2V9Y-alt1B_assembled,90.07574456372656
3316,499,A,0.0,P22102,9.05,/2V9Y-alt1A_assembled/2V9Y-alt1B_assembled,0.0
3317,501,A,0.0,P22102,10.1,/2V9Y-alt1A_assembled/2V9Y-alt1B_assembled,49.193152165011384
3318,508,B,0.0,P22102,11.04,/2V9Y-alt1A_assembled/2V9Y-alt1B_assembled,31.365661053440498
3319,542,B,0.0,P22102,10.4,/2V9Y-alt1A_assembled/2V9Y-alt1B_assembled,65.14406526483796
3320,557,A,0.0,P22102,10.41,/2V9Y-alt1A_assembled/2V9Y-alt1B_assembled,89.94170327717339
3321,561,B,0.0,P22102,9.63,/2V9Y-alt1A_assembled/2V9Y-alt1B_assembled,53.21439076160632
3322,598,A,0.0,P22102,9.98,/2V9Y-alt1A_assembled/2V9Y-alt1B_assembled,53.34843204815948
3323,629,B,0.0,P22102,10.06,/2V9Y-alt1A_assembled/2V9Y-alt1B_assembled,77.0737397680696
3324,633,B,0.0,P22102,9.92,/2V9Y-alt1A_assembled/2V9Y-alt1B_assembled,74.25887275045315
3325,676,B,0.0,P22102,9.65,/2V9Y-alt1A_assembled/2V9Y-alt1B_assembled,11.259468070465818
3326,697,A,0.0,P22102,10.44,/2V9Y-alt1A_assembled/2V9Y-alt1B_assembled,108.17131824840376
3327,743,B,0.0,P22102,10.42,/2V9Y-alt1A_assembled/2V9Y-alt1B_assembled,86.45662982679113
3328,757,A,0.0,P22102,10.38,/2V9Y-alt1A_assembled/2V9Y-alt1B_assembled,83.23963894951517
3329,777,B,0.0,P22102,9.99,/2V9Y-alt1A_assembled/2V9Y-alt1B_assembled,31.633743626546824
3330,779,A,0.0,P22102,10.61,/2V9Y-alt1A_assembled/2V9Y-alt1B_assembled,83.105597662962
3331,20,A,98.33,P22102,8.82,/AF-P22102-F1-model_v1,13.002004795656958
3332,28,A,96.93,P22102,9.66,/AF-P22102-F1-model_v1,36.191147369354425
3333,44,A,96.1,P22102,10.1,/AF-P22102-F1-model_v1,38.60389052731138
3334,63,A,97.11,P22102,10.22,/AF-P22102-F1-model_v1,57.63775321786075
3335,65,A,96.53,P22102,10.34,/AF-P22102-F1-model_v1,68.22701485556074
3336,66,A,96.99,P22102,10.4,/AF-P22102-F1-model_v1,96.24164374517214
3337,107,A,92.07,P22102,9.1,/AF-P22102-F1-model_v1,38.20176666765189
3338,111,A,97.44,P22102,8.46,/AF-P22102-F1-model_v1,6.299940467998732
3339,125,A,96.95,P22102,10.34,/AF-P22102-F1-model_v1,67.42276713624176
3340,129,A,93.43,P22102,11.62,/AF-P22102-F1-model_v1,68.62913871522024
3341,148,A,92.04,P22102,11.12,/AF-P22102-F1-model_v1,14.87858280740126
3342,162,A,90.45,P22102,10.54,/AF-P22102-F1-model_v1,87.2608775461101
3343,164,A,95.39,P22102,10.13,/AF-P22102-F1-model_v1,40.21238596594936
3344,169,A,93.71,P22102,11.14,/AF-P22102-F1-model_v1,69.03126257487972
3345,178,A,78.31,P22102,10.51,/AF-P22102-F1-model_v1,87.39491883266327
3346,207,A,96.41,P22102,10.49,/AF-P22102-F1-model_v1,97.44801532415062
3347,219,A,89.79,P22102,13.26,/AF-P22102-F1-model_v1,47.98678058603291
3348,249,A,93.61,P22102,10.22,/AF-P22102-F1-model_v1,84.17792795538732
3349,251,A,97.43,P22102,10.3,/AF-P22102-F1-model_v1,63.40152853964682
3350,281,A,89.85,P22102,10.65,/AF-P22102-F1-model_v1,98.78842818968226
3351,285,A,98.08,P22102,9.97,/AF-P22102-F1-model_v1,36.057106082801255
3352,306,A,97.96,P22102,10.39,/AF-P22102-F1-model_v1,74.12483146389998
3353,342,A,95.5,P22102,10.5,/AF-P22102-F1-model_v1,76.53757462185695
3354,350,A,94.24,P22102,10.6,/AF-P22102-F1-model_v1,56.833505498541754
3355,375,A,94.55,P22102,10.39,/AF-P22102-F1-model_v1,75.73332690253795
3356,378,A,95.34,P22102,11.52,/AF-P22102-F1-model_v1,61.25686795479619
3357,404,A,97.28,P22102,11.33,/AF-P22102-F1-model_v1,42.893211697012646
3358,405,A,96.61,P22102,11.42,/AF-P22102-F1-model_v1,64.20577625896581
3359,411,A,97.4,P22102,10.42,/AF-P22102-F1-model_v1,72.78441859836835
3360,419,A,96.45,P22102,10.73,/AF-P22102-F1-model_v1,72.9184598849215
3361,438,A,78.98,P22102,11.66,/AF-P22102-F1-model_v1,71.98017087904935
3362,452,A,89.03,P22102,10.39,/AF-P22102-F1-model_v1,92.22040514857719
3363,453,A,89.82,P22102,11.42,/AF-P22102-F1-model_v1,88.46724912508859
3364,459,A,93.72,P22102,10.32,/AF-P22102-F1-model_v1,81.6311435108772
3365,467,A,89.73,P22102,10.5,/AF-P22102-F1-model_v1,96.10760245861896
3366,480,A,94.83,P22102,10.55,/AF-P22102-F1-model_v1,93.15869415444934
3367,485,A,95.27,P22102,10.54,/AF-P22102-F1-model_v1,86.32258854023796
3368,499,A,96.34,P22102,9.47,/AF-P22102-F1-model_v1,0.9382890058721516
3369,501,A,94.77,P22102,11.13,/AF-P22102-F1-model_v1,47.718698012926566
3370,508,A,94.67,P22102,11.38,/AF-P22102-F1-model_v1,39.006014386970875
3371,542,A,90.65,P22102,10.73,/AF-P22102-F1-model_v1,94.90123087964048
3372,557,A,97.06,P22102,10.44,/AF-P22102-F1-model_v1,86.85875368645061
3373,561,A,94.53,P22102,9.6,/AF-P22102-F1-model_v1,53.48247333471265
3374,598,A,95.0,P22102,10.33,/AF-P22102-F1-model_v1,53.75055590781898
3375,629,A,94.09,P22102,10.37,/AF-P22102-F1-model_v1,93.82890058721517
3376,633,A,86.26,P22102,10.05,/AF-P22102-F1-model_v1,63.40152853964682
3377,676,A,97.61,P22102,10.73,/AF-P22102-F1-model_v1,13.404128655316452
3378,697,A,93.41,P22102,10.48,/AF-P22102-F1-model_v1,92.75657029478985
3379,743,A,95.99,P22102,10.5,/AF-P22102-F1-model_v1,76.0014094756443
3380,757,A,92.27,P22102,10.45,/AF-P22102-F1-model_v1,90.87999228304555
3381,777,A,95.26,P22102,10.47,/AF-P22102-F1-model_v1,68.7631800017734
3382,779,A,95.04,P22102,11.52,/AF-P22102-F1-model_v1,58.44200093717974
3383,806,A,74.79,P22102,10.46,/AF-P22102-F1-model_v1,95.70547859895946
3384,807,A,89.89,P22102,9.35,/AF-P22102-F1-model_v1,33.91244549795062
3385,844,A,93.67,P22102,10.17,/AF-P22102-F1-model_v1,61.79303310100885
3386,852,A,95.07,P22102,9.59,/AF-P22102-F1-model_v1,38.20176666765189
3387,866,A,92.59,P22102,10.38,/AF-P22102-F1-model_v1,69.43338643453922
3388,869,A,91.0,P22102,10.44,/AF-P22102-F1-model_v1,78.68223520670757
3389,906,A,93.34,P22102,12.39,/AF-P22102-F1-model_v1,38.20176666765189
3390,910,A,95.44,P22102,10.3,/AF-P22102-F1-model_v1,66.61851941692277
3391,923,A,89.79,P22102,10.31,/AF-P22102-F1-model_v1,37.7996428079924
3392,964,A,94.91,P22102,10.23,/AF-P22102-F1-model_v1,78.9503177798139
3393,977,A,94.76,P22102,11.42,/AF-P22102-F1-model_v1,33.91244549795063
3394,46,A,94.51,P16403,11.42,/AF-P16403-F1-model_v1,88.46724912508859
3395,52,A,89.12,P16403,10.41,/AF-P16403-F1-model_v1,103.2117906459367
3396,63,A,95.92,P16403,9.96,/AF-P16403-F1-model_v1,63.26748725309366
3397,64,A,96.13,P16403,10.4,/AF-P16403-F1-model_v1,109.51173111393541
3398,75,A,93.93,P16403,10.45,/AF-P16403-F1-model_v1,96.24164374517213
3399,81,A,96.33,P16403,10.28,/AF-P16403-F1-model_v1,71.71208830594301
3400,85,A,96.04,P16403,10.39,/AF-P16403-F1-model_v1,104.68624479802148
3401,90,A,94.14,P16403,10.35,/AF-P16403-F1-model_v1,109.64577240048858
3402,97,A,94.12,P16403,10.36,/AF-P16403-F1-model_v1,89.40553813096074
3403,106,A,94.82,P16403,10.05,/AF-P16403-F1-model_v1,56.029257779222775
3404,109,A,75.03,P16403,10.43,/AF-P16403-F1-model_v1,122.11161204993289
3405,19,A,96.13,P46779,10.23,/AF-P46779-F1-model_v1,59.51433122960505
3406,22,A,95.21,P46779,10.48,/AF-P46779-F1-model_v1,104.15007965180882
3407,33,A,96.29,P46779,11.04,/AF-P46779-F1-model_v1,68.62913871522025
3408,47,A,94.84,P46779,10.05,/AF-P46779-F1-model_v1,83.64176280917468
3409,58,A,91.71,P46779,10.44,/AF-P46779-F1-model_v1,106.16069895010631
3410,65,A,95.45,P46779,9.19,/AF-P46779-F1-model_v1,18.631738830889873
3411,72,A,95.04,P46779,10.44,/AF-P46779-F1-model_v1,92.2204051485772
3412,84,A,94.61,P46779,10.36,/AF-P46779-F1-model_v1,72.78441859836835
3413,99,A,95.61,P46779,10.37,/AF-P46779-F1-model_v1,81.6311435108772
3414,101,A,93.98,P46779,10.45,/AF-P46779-F1-model_v1,104.6862447980215
3415,122,A,90.56,P46779,10.34,/AF-P46779-F1-model_v1,88.33320783853543
3416,47,A,94.11,P16402,11.21,/AF-P16402-F1-model_v1,83.37368023606834
3417,53,A,88.42,P16402,10.44,/AF-P16402-F1-model_v1,114.873382576062
3418,64,A,95.57,P16402,9.96,/AF-P16402-F1-model_v1,62.59728082032783
3419,65,A,95.72,P16402,10.4,/AF-P16402-F1-model_v1,109.37768982738226
3420,76,A,93.82,P16402,10.42,/AF-P16402-F1-model_v1,89.27149684440758
3421,82,A,95.93,P16402,10.29,/AF-P16402-F1-model_v1,69.83551029419871
3422,86,A,95.51,P16402,10.39,/AF-P16402-F1-model_v1,116.48187801469997
3423,91,A,93.31,P16402,10.34,/AF-P16402-F1-model_v1,104.82028608457466
3424,98,A,93.88,P16402,10.32,/AF-P16402-F1-model_v1,84.58005181504682
3425,107,A,94.47,P16402,9.94,/AF-P16402-F1-model_v1,57.36967064475442
3426,110,A,73.73,P16402,10.43,/AF-P16402-F1-model_v1,112.86276327776453
3427,36,A,70.6,Q96A08,10.45,/AF-Q96A08-F1-model_v1,111.52235041223288
3428,45,A,97.35,Q96A08,10.47,/AF-Q96A08-F1-model_v1,97.17993275104428
3429,48,A,98.02,Q96A08,10.37,/AF-Q96A08-F1-model_v1,32.706073918972145
3430,59,A,97.41,Q96A08,10.46,/AF-Q96A08-F1-model_v1,107.09898795597846
3431,87,A,96.44,Q96A08,10.47,/AF-Q96A08-F1-model_v1,98.38630433002277
3432,110,A,96.98,Q96A08,11.15,/AF-Q96A08-F1-model_v1,73.18654245802783
3433,118,A,96.06,Q96A08,11.47,/AF-Q96A08-F1-model_v1,74.52695532355946
3434,122,A,96.07,Q96A08,10.44,/AF-Q96A08-F1-model_v1,103.34583193248986
3435,127,A,76.46,Q96A08,10.45,/AF-Q96A08-F1-model_v1,98.11822175691643
3436,37,A,0.0,Q96A08,10.34,/5GSU-alt-1_assembled,75.86736818909112
3437,56,A,0.0,Q96A08,10.5,/5GSU-alt-1_assembled,80.15668935879239
3438,79,A,0.0,Q96A08,10.58,/5GSU-alt-1_assembled,52.142060469181004
3439,115,A,0.0,Q96A08,9.58,/5GSU-alt-1_assembled,82.56943251674934
3440,122,A,0.0,Q96A08,9.17,/5GSU-alt-1_assembled,36.32518865590759
3441,31,D,0.0,Q96A08,9.25,/5GSU-alt-1_assembled,52.67822561539366
3442,44,C,0.0,Q96A08,8.8,/5GSU-alt-1_assembled,26.942298597186067
3443,59,D,0.0,Q96A08,11.31,/5GSU-alt-1_assembled,58.1739183640734
3444,77,C,0.0,Q96A08,9.55,/5GSU-alt-1_assembled,47.71869801292657
3445,91,D,0.0,Q96A08,9.7,/5GSU-alt-1_assembled,67.69084970934809
3446,20,D,0.0,Q96A08,10.23,/5GSU-alt-1_assembled,80.69285450500504
3447,15,E,0.0,Q96A08,10.48,/5GSU-alt-1_assembled,94.499107019981
3448,17,E,0.0,Q96A08,9.93,/5GSU-alt-1_assembled,76.53757462185695
3449,38,F,0.0,Q96A08,9.82,/5GSU-alt-1_assembled,73.85674889079365
3450,76,E,0.0,Q96A08,10.34,/5GSU-alt-1_assembled,68.62913871522024
3451,97,F,0.0,Q96A08,9.63,/5GSU-alt-1_assembled,73.58866631768734
3452,120,F,0.0,Q96A08,10.45,/5GSU-alt-1_assembled,86.59067111334429
3453,28,G,0.0,Q96A08,10.63,/5GSU-alt-1_assembled,58.97816608339239
3454,32,H,0.0,Q96A08,10.27,/5GSU-alt-1_assembled,68.89722128832656
3455,41,H,0.0,Q96A08,10.22,/5GSU-alt-1_assembled,48.656987018798716
3456,44,G,0.0,Q96A08,9.56,/5GSU-alt-1_assembled,29.489083041696194
3457,55,H,0.0,Q96A08,9.66,/5GSU-alt-1_assembled,53.080349475053154
3458,83,H,0.0,Q96A08,9.45,/5GSU-alt-1_assembled,78.01202877394175
3459,106,H,0.0,Q96A08,11.46,/5GSU-alt-1_assembled,47.18253286671391
3460,114,G,0.0,Q96A08,10.35,/5GSU-alt-1_assembled,82.30134994364302
3461,118,H,0.0,Q96A08,10.12,/5GSU-alt-1_assembled,57.101588071648095
3462,123,G,0.0,Q96A08,10.62,/5GSU-alt-1_assembled,60.184537662370865
3463,33,A,92.26,O76021,10.4,/AF-O76021-F1-model_v1,93.29273544100252
3464,38,A,95.11,O76021,10.64,/AF-O76021-F1-model_v1,83.23963894951517
3465,48,A,84.65,O76021,10.41,/AF-O76021-F1-model_v1,95.70547859895947
3466,51,A,70.2,O76021,10.21,/AF-O76021-F1-model_v1,86.05450596713163
3467,72,A,85.01,O76021,10.17,/AF-O76021-F1-model_v1,48.92506959190505
3468,76,A,84.54,O76021,10.44,/AF-O76021-F1-model_v1,102.54158421317086
3469,100,A,92.6,O76021,10.31,/AF-O76021-F1-model_v1,60.318578948924035
3470,109,A,90.83,O76021,10.42,/AF-O76021-F1-model_v1,77.60990491428225
3471,116,A,92.76,O76021,10.37,/AF-O76021-F1-model_v1,101.46925392074554
3472,120,A,92.49,O76021,10.41,/AF-O76021-F1-model_v1,104.95432737112782
3473,124,A,85.98,O76021,10.44,/AF-O76021-F1-model_v1,107.23302924253161
3474,136,A,92.5,O76021,10.35,/AF-O76021-F1-model_v1,68.22701485556074
3475,137,A,92.66,O76021,10.4,/AF-O76021-F1-model_v1,93.2927354410025
3476,140,A,92.22,O76021,10.44,/AF-O76021-F1-model_v1,95.30335473929998
3477,145,A,93.5,O76021,9.88,/AF-O76021-F1-model_v1,39.140055673524046
3478,177,A,86.65,O76021,10.3,/AF-O76021-F1-model_v1,117.5542083071253
3479,178,A,87.89,O76021,10.48,/AF-O76021-F1-model_v1,39.140055673524046
3480,188,A,86.59,O76021,10.47,/AF-O76021-F1-model_v1,110.45002011980756
3481,207,A,87.52,O76021,10.53,/AF-O76021-F1-model_v1,104.41816222491516
3482,235,A,91.16,O76021,10.24,/AF-O76021-F1-model_v1,95.03527216619366
3483,240,A,84.52,O76021,10.54,/AF-O76021-F1-model_v1,80.29073064534555
3484,244,A,83.77,O76021,10.46,/AF-O76021-F1-model_v1,101.06713006108605
3485,249,A,89.22,O76021,10.22,/AF-O76021-F1-model_v1,61.52495052790252
3486,254,A,93.78,O76021,10.05,/AF-O76021-F1-model_v1,44.367665849097456
3487,257,A,85.45,O76021,10.5,/AF-O76021-F1-model_v1,74.3929140370063
3488,282,A,76.65,O76021,10.37,/AF-O76021-F1-model_v1,77.20778105462276
3489,283,A,77.87,O76021,10.45,/AF-O76021-F1-model_v1,95.16931345274682
3490,284,A,80.53,O76021,10.41,/AF-O76021-F1-model_v1,86.18854725368479
3491,285,A,81.55,O76021,10.43,/AF-O76021-F1-model_v1,85.78642339402529
3492,290,A,85.16,O76021,11.56,/AF-O76021-F1-model_v1,73.58866631768731
3493,298,A,86.75,O76021,10.32,/AF-O76021-F1-model_v1,83.64176280917466
3494,300,A,84.84,O76021,10.39,/AF-O76021-F1-model_v1,81.76518479743036
3495,303,A,84.37,O76021,10.4,/AF-O76021-F1-model_v1,83.90984538228099
3496,304,A,82.07,O76021,10.42,/AF-O76021-F1-model_v1,88.73533169819491
3497,305,A,78.78,O76021,10.68,/AF-O76021-F1-model_v1,82.03326737053669
3498,25,A,97.0,Q06210,11.05,/AF-Q06210-F1-model_v1,59.380289943051885
3499,48,A,94.73,Q06210,10.52,/AF-Q06210-F1-model_v1,95.43739602585315
3500,56,A,97.32,Q06210,10.66,/AF-Q06210-F1-model_v1,76.80565719496327
3501,61,A,98.21,Q06210,7.98,/AF-Q06210-F1-model_v1,24.127431579569613
3502,62,A,97.26,Q06210,11.38,/AF-Q06210-F1-model_v1,41.552798831481
3503,63,A,96.25,Q06210,10.5,/AF-Q06210-F1-model_v1,74.3929140370063
3504,65,A,91.62,Q06210,11.0,/AF-Q06210-F1-model_v1,53.616514621265814
3505,67,A,94.95,Q06210,10.62,/AF-Q06210-F1-model_v1,99.19055204934175
3506,75,A,93.43,Q06210,10.45,/AF-Q06210-F1-model_v1,71.4440057328367
3507,114,A,98.01,Q06210,11.32,/AF-Q06210-F1-model_v1,74.66099661011263
3508,130,A,96.18,Q06210,11.32,/AF-Q06210-F1-model_v1,88.86937298474808
3509,133,A,98.21,Q06210,10.41,/AF-Q06210-F1-model_v1,42.75917041045949
3510,134,A,98.06,Q06210,10.52,/AF-Q06210-F1-model_v1,83.37368023606834
3511,139,A,98.19,Q06210,10.23,/AF-Q06210-F1-model_v1,48.65698701879873
3512,154,A,98.76,Q06210,9.45,/AF-Q06210-F1-model_v1,4.557403742807594
3513,157,A,98.69,Q06210,11.7,/AF-Q06210-F1-model_v1,13.270087368763289
3514,190,A,98.78,Q06210,9.01,/AF-Q06210-F1-model_v1,5.227610175573417
3515,216,A,93.81,Q06210,10.42,/AF-Q06210-F1-model_v1,91.4161574292582
3516,271,A,95.16,Q06210,10.36,/AF-Q06210-F1-model_v1,68.09297356900758
3517,313,A,81.81,Q06210,10.35,/AF-Q06210-F1-model_v1,89.67362070406708
3518,336,A,90.91,Q06210,11.2,/AF-Q06210-F1-model_v1,43.29533555667214
3519,345,A,97.94,Q06210,9.27,/AF-Q06210-F1-model_v1,6.568023041105062
3520,375,A,92.65,Q06210,10.59,/AF-Q06210-F1-model_v1,91.28211614270504
3521,379,A,95.25,Q06210,10.43,/AF-Q06210-F1-model_v1,93.29273544100252
3522,455,A,97.64,Q06210,10.33,/AF-Q06210-F1-model_v1,47.45061543982024
3523,494,A,98.37,Q06210,10.73,/AF-Q06210-F1-model_v1,6.836105614211391
3524,522,A,98.4,Q06210,10.77,/AF-Q06210-F1-model_v1,57.101588071648095
3525,529,A,98.62,Q06210,10.62,/AF-Q06210-F1-model_v1,67.55680842279492
3526,536,A,98.78,Q06210,11.59,/AF-Q06210-F1-model_v1,66.08235427071011
3527,547,A,98.0,Q06210,10.56,/AF-Q06210-F1-model_v1,87.79704269232278
3528,556,A,97.38,Q06210,10.44,/AF-Q06210-F1-model_v1,99.32459333589492
3529,576,A,98.26,Q06210,12.27,/AF-Q06210-F1-model_v1,20.91044070229367
3530,578,A,97.37,Q06210,9.53,/AF-Q06210-F1-model_v1,75.46524432943163
3531,594,A,91.83,Q06210,10.29,/AF-Q06210-F1-model_v1,70.10359286730504
3532,603,A,96.01,Q06210,10.44,/AF-Q06210-F1-model_v1,76.53757462185695
3533,619,A,98.3,Q06210,10.15,/AF-Q06210-F1-model_v1,80.02264807223922
3534,640,A,97.47,Q06210,11.58,/AF-Q06210-F1-model_v1,64.87598269173164
3535,647,A,96.23,Q06210,10.45,/AF-Q06210-F1-model_v1,81.6311435108772
3536,650,A,93.41,Q06210,10.06,/AF-Q06210-F1-model_v1,78.01202877394175
3537,654,A,98.46,Q06210,11.17,/AF-Q06210-F1-model_v1,40.480468539055686
3538,694,A,82.63,Q06210,10.23,/AF-Q06210-F1-model_v1,5.62973403523291
3539,49,A,94.83,P16401,11.42,/AF-P16401-F1-model_v1,83.23963894951517
3540,55,A,90.08,P16401,10.35,/AF-P16401-F1-model_v1,100.53096491487338
3541,66,A,96.22,P16401,9.96,/AF-P16401-F1-model_v1,66.21639555726328
3542,67,A,96.43,P16401,10.41,/AF-P16401-F1-model_v1,111.52235041223288
3543,78,A,94.54,P16401,10.42,/AF-P16401-F1-model_v1,89.80766199062023
3544,84,A,96.35,P16401,10.28,/AF-P16401-F1-model_v1,77.60990491428225
3545,88,A,95.99,P16401,10.39,/AF-P16401-F1-model_v1,106.96494666942529
3546,93,A,93.73,P16401,10.35,/AF-P16401-F1-model_v1,109.24364854082908
3547,100,A,94.6,P16401,10.24,/AF-P16401-F1-model_v1,80.02264807223922
3548,109,A,95.15,P16401,10.13,/AF-P16401-F1-model_v1,55.895216492669604
3549,112,A,76.79,P16401,10.44,/AF-P16401-F1-model_v1,121.44140561716705
3550,10,A,70.15,Q92785,10.64,/AF-Q92785-F1-model_v1,69.1653038614329
3551,18,A,83.91,Q92785,10.58,/AF-Q92785-F1-model_v1,84.58005181504682
3552,59,A,77.4,Q92785,10.27,/AF-Q92785-F1-model_v1,79.08435906636706
3553,207,A,86.08,Q92785,11.52,/AF-Q92785-F1-model_v1,41.41875754492784
3554,216,A,93.36,Q92785,10.88,/AF-Q92785-F1-model_v1,67.15468456313543
3555,219,A,92.22,Q92785,10.39,/AF-Q92785-F1-model_v1,85.11621696125947
3556,281,A,96.78,Q92785,10.6,/AF-Q92785-F1-model_v1,106.9649466694253
3557,284,A,93.94,Q92785,10.34,/AF-Q92785-F1-model_v1,65.27810655139112
3558,285,A,94.07,Q92785,10.77,/AF-Q92785-F1-model_v1,79.88860678568605
3559,318,A,92.85,Q92785,11.43,/AF-Q92785-F1-model_v1,74.92907918321897
3560,328,A,97.52,Q92785,9.7,/AF-Q92785-F1-model_v1,3.0829495907227837
3561,379,A,94.67,Q92785,10.45,/AF-Q92785-F1-model_v1,84.04388666883416
3562,381,A,92.7,Q92785,10.43,/AF-Q92785-F1-model_v1,101.73733649385187
3563,110,A,89.47,Q6P158,11.79,/AF-Q6P158-F1-model_v1,43.8315007028848
3564,112,A,91.5,Q6P158,10.23,/AF-Q6P158-F1-model_v1,38.067725381098725
3565,188,A,88.49,Q6P158,9.6,/AF-Q6P158-F1-model_v1,69.43338643453922
3566,231,A,78.09,Q6P158,11.03,/AF-Q6P158-F1-model_v1,59.782413802711375
3567,256,A,88.22,Q6P158,10.38,/AF-Q6P158-F1-model_v1,82.30134994364302
3568,262,A,87.98,Q6P158,11.34,/AF-Q6P158-F1-model_v1,41.016633685268346
3569,306,A,77.59,Q6P158,10.57,/AF-Q6P158-F1-model_v1,93.42677672755568
3570,314,A,70.6,Q6P158,11.1,/AF-Q6P158-F1-model_v1,51.069730176755684
3571,322,A,77.91,Q6P158,10.75,/AF-Q6P158-F1-model_v1,70.10359286730505
3572,361,A,76.04,Q6P158,10.31,/AF-Q6P158-F1-model_v1,75.33120304287846
3573,364,A,89.98,Q6P158,10.3,/AF-Q6P158-F1-model_v1,22.921060000591133
3574,396,A,94.6,Q6P158,10.48,/AF-Q6P158-F1-model_v1,62.329198247221505
3575,423,A,86.0,Q6P158,11.5,/AF-Q6P158-F1-model_v1,62.06111567411517
3576,431,A,82.23,Q6P158,11.21,/AF-Q6P158-F1-model_v1,64.6079001186253
3577,520,A,93.96,Q6P158,10.46,/AF-Q6P158-F1-model_v1,89.27149684440758
3578,523,A,93.24,Q6P158,11.18,/AF-Q6P158-F1-model_v1,57.23562935820125
3579,528,A,91.29,Q6P158,10.41,/AF-Q6P158-F1-model_v1,56.2973403523291
3580,559,A,95.67,Q6P158,10.37,/AF-Q6P158-F1-model_v1,76.26949204875062
3581,573,A,92.0,Q6P158,10.69,/AF-Q6P158-F1-model_v1,12.331798362891135
3582,592,A,91.03,Q6P158,10.45,/AF-Q6P158-F1-model_v1,84.17792795538733
3583,615,A,93.35,Q6P158,10.22,/AF-Q6P158-F1-model_v1,99.32459333589492
3584,635,A,92.8,Q6P158,10.0,/AF-Q6P158-F1-model_v1,25.46784444510126
3585,685,A,94.83,Q6P158,9.58,/AF-Q6P158-F1-model_v1,50.80164760364936
3586,790,A,86.56,Q6P158,10.45,/AF-Q6P158-F1-model_v1,91.28211614270504
3587,801,A,87.87,Q6P158,10.14,/AF-Q6P158-F1-model_v1,48.79102830535189
3588,808,A,88.24,Q6P158,10.53,/AF-Q6P158-F1-model_v1,86.18854725368479
3589,812,A,91.85,Q6P158,10.35,/AF-Q6P158-F1-model_v1,94.90123087964048
3590,816,A,92.77,Q6P158,10.64,/AF-Q6P158-F1-model_v1,78.54819392015442
3591,825,A,92.06,Q6P158,10.33,/AF-Q6P158-F1-model_v1,57.63775321786075
3592,842,A,86.26,Q6P158,10.48,/AF-Q6P158-F1-model_v1,102.8096667862772
3593,861,A,90.4,Q6P158,10.01,/AF-Q6P158-F1-model_v1,81.36306093777087
3594,901,A,88.21,Q6P158,11.61,/AF-Q6P158-F1-model_v1,59.11220736994555
3595,908,A,94.79,Q6P158,9.86,/AF-Q6P158-F1-model_v1,1.4744541520848098
3596,933,A,95.78,Q6P158,10.33,/AF-Q6P158-F1-model_v1,19.570027836762023
3597,935,A,88.66,Q6P158,10.76,/AF-Q6P158-F1-model_v1,38.87197310041771
3598,937,A,82.36,Q6P158,10.7,/AF-Q6P158-F1-model_v1,128.00942865827213
3599,943,A,74.09,Q6P158,11.57,/AF-Q6P158-F1-model_v1,67.95893228245441
3600,962,A,92.17,Q6P158,9.71,/AF-Q6P158-F1-model_v1,30.427372047568348
3601,988,A,92.51,Q6P158,10.42,/AF-Q6P158-F1-model_v1,104.41816222491518
3602,62,C,0.0,P14618,10.09,/3GR4-alt1A_assembled/3GR4-alt1B_assembled,41.41875754492784
3603,66,B,0.0,P14618,10.61,/3GR4-alt1A_assembled/3GR4-alt1B_assembled,57.905835790967075
3604,89,D,0.0,P14618,9.96,/3GR4-alt1A_assembled/3GR4-alt1B_assembled,65.01002397828479
3605,115,B,0.0,P14618,9.4,/3GR4-alt1A_assembled/3GR4-alt1B_assembled,21.848729708165816
3606,125,A,0.0,P14618,10.37,/3GR4-alt1A_assembled/3GR4-alt1B_assembled,62.46323953377467
3607,136,C,0.0,P14618,9.83,/3GR4-alt1A_assembled/3GR4-alt1B_assembled,48.38890444569239
3608,188,B,0.0,P14618,10.01,/3GR4-alt1A_assembled/3GR4-alt1B_assembled,51.73993660952151
3609,206,B,0.0,P14618,9.73,/3GR4-alt1A_assembled/3GR4-alt1B_assembled,56.029257779222775
3610,207,A,0.0,P14618,10.15,/3GR4-alt1A_assembled/3GR4-alt1B_assembled,42.22300526424683
3611,224,B,0.0,P14618,10.69,/3GR4-alt1A_assembled/3GR4-alt1B_assembled,43.56341812977847
3612,230,D,0.0,P14618,9.28,/3GR4-alt1A_assembled/3GR4-alt1B_assembled,41.28471625837467
3613,247,D,0.0,P14618,10.02,/3GR4-alt1A_assembled/3GR4-alt1B_assembled,28.550794035824044
3614,256,D,0.0,P14618,10.31,/3GR4-alt1A_assembled/3GR4-alt1B_assembled,78.5481939201544
3615,263,C,0.0,P14618,10.35,/3GR4-alt1A_assembled/3GR4-alt1B_assembled,73.45462503113416
3616,266,D,0.0,P14618,8.98,/3GR4-alt1A_assembled/3GR4-alt1B_assembled,20.374275556081006
3617,270,C,0.0,P14618,10.3,/3GR4-alt1A_assembled/3GR4-alt1B_assembled,9.248848772168353
3618,305,C,0.0,P14618,9.22,/3GR4-alt1A_assembled/3GR4-alt1B_assembled,23.99339029301645
3619,322,B,0.0,P14618,7.47,/3GR4-alt1A_assembled/3GR4-alt1B_assembled,10.05309649148734
3620,367,A,0.0,P14618,10.17,/3GR4-alt1A_assembled/3GR4-alt1B_assembled,82.83751508985567
3621,475,D,0.0,P14618,9.68,/3GR4-alt1A_assembled/3GR4-alt1B_assembled,48.52294573224556
3622,498,B,0.0,P14618,10.46,/3GR4-alt1A_assembled/3GR4-alt1B_assembled,31.767784913099995
3623,135,C,0.0,P14618,10.21,/3GR4-alt1A_assembled/3GR4-alt1B_assembled,67.02064327658226
3624,141,C,0.0,P14618,10.15,/3GR4-alt1A_assembled/3GR4-alt1B_assembled,53.21439076160631
3625,151,D,0.0,P14618,10.38,/3GR4-alt1A_assembled/3GR4-alt1B_assembled,52.544184328840494
3626,162,B,0.0,P14618,10.19,/3GR4-alt1A_assembled/3GR4-alt1B_assembled,63.13344596654049
3627,166,B,0.0,P14618,10.45,/3GR4-alt1A_assembled/3GR4-alt1B_assembled,91.95232257547087
3628,173,D,0.0,P14618,10.27,/3GR4-alt1A_assembled/3GR4-alt1B_assembled,72.65037731181518
3629,186,B,0.0,P14618,10.37,/3GR4-alt1A_assembled/3GR4-alt1B_assembled,72.24825345215568
3630,261,C,0.0,P14618,10.43,/3GR4-alt1A_assembled/3GR4-alt1B_assembled,97.85013918381011
3631,311,D,0.0,P14618,8.33,/3GR4-alt1A_assembled/3GR4-alt1B_assembled,21.714688421612657
3632,336,D,0.0,P14618,9.84,/3GR4-alt1A_assembled/3GR4-alt1B_assembled,84.44601052849364
3633,337,C,0.0,P14618,9.87,/3GR4-alt1A_assembled/3GR4-alt1B_assembled,68.62913871522024
3634,433,D,0.0,P14618,8.77,/3GR4-alt1A_assembled/3GR4-alt1B_assembled,56.6994642119886
3635,504,C,0.0,P14618,10.3,/3GR4-alt1A_assembled/3GR4-alt1B_assembled,91.68424000236453
3636,505,D,0.0,P14618,10.17,/3GR4-alt1A_assembled/3GR4-alt1B_assembled,61.25686795479619
3637,422,D,0.0,P14618,6.48,/3GR4-alt1A_assembled/3GR4-alt1B_assembled,1.8765780117443032
3638,20,B,0.0,P17987,11.05,/7LUM-alt-1_assembled,48.65698701879872
3639,25,B,0.0,P17987,9.76,/7LUM-alt-1_assembled,30.02524818790885
3640,35,B,0.0,P17987,10.35,/7LUM-alt-1_assembled,35.25285836348227
3641,42,A,0.0,P17987,10.12,/7LUM-alt-1_assembled,37.933684094545555
3642,59,A,0.0,P17987,9.73,/7LUM-alt-1_assembled,12.063715789784807
3643,89,B,0.0,P17987,9.33,/7LUM-alt-1_assembled,31.365661053440498
3644,96,B,0.0,P17987,10.18,/7LUM-alt-1_assembled,59.380289943051885
3645,150,B,0.0,P17987,11.35,/7LUM-alt-1_assembled,52.67822561539366
3646,160,A,0.0,P17987,10.38,/7LUM-alt-1_assembled,69.83551029419871
3647,170,A,0.0,P17987,8.99,/7LUM-alt-1_assembled,35.25285836348227
3648,176,A,0.0,P17987,13.68,/7LUM-alt-1_assembled,9.248848772168353
3649,210,A,0.0,P17987,9.62,/7LUM-alt-1_assembled,36.45922994246075
3650,214,A,0.0,P17987,11.08,/7LUM-alt-1_assembled,36.86135380212024
3651,223,A,0.0,P17987,10.03,/7LUM-alt-1_assembled,46.24424386084176
3652,226,A,0.0,P17987,10.19,/7LUM-alt-1_assembled,64.20577625896581
3653,232,A,0.0,P17987,10.42,/7LUM-alt-1_assembled,47.04849158016074
3654,241,A,0.0,P17987,10.86,/7LUM-alt-1_assembled,59.916455089264545
3655,242,A,0.0,P17987,10.5,/7LUM-alt-1_assembled,66.75256070347592
3656,247,A,0.0,P17987,10.44,/7LUM-alt-1_assembled,63.93769368585948
3657,259,B,0.0,P17987,9.93,/7LUM-alt-1_assembled,44.36766584909746
3658,261,A,0.0,P17987,10.16,/7LUM-alt-1_assembled,49.99739988433036
3659,263,B,0.0,P17987,10.82,/7LUM-alt-1_assembled,67.82489099590124
3660,275,A,0.0,P17987,10.65,/7LUM-alt-1_assembled,77.34182234117593
3661,279,A,0.0,P17987,10.52,/7LUM-alt-1_assembled,69.1653038614329
3662,282,A,0.0,P17987,10.97,/7LUM-alt-1_assembled,41.68684011803417
3663,284,A,0.0,P17987,9.55,/7LUM-alt-1_assembled,37.26347766177974
3664,293,B,0.0,P17987,9.87,/7LUM-alt-1_assembled,37.3975189483329
3665,352,B,0.0,P17987,10.11,/7LUM-alt-1_assembled,29.891206901355687
3666,368,A,0.0,P17987,8.43,/7LUM-alt-1_assembled,38.33580795420505
3667,370,A,0.0,P17987,10.21,/7LUM-alt-1_assembled,31.231619766887334
3668,378,A,0.0,P17987,10.41,/7LUM-alt-1_assembled,82.70347380330251
3669,392,A,0.0,P17987,10.4,/7LUM-alt-1_assembled,69.1653038614329
3670,399,A,0.0,P17987,10.1,/7LUM-alt-1_assembled,55.35905134645695
3671,439,A,0.0,P17987,10.49,/7LUM-alt-1_assembled,84.84813438815314
3672,483,A,0.0,P17987,10.42,/7LUM-alt-1_assembled,80.96093707811136
3673,496,A,0.0,P17987,10.31,/7LUM-alt-1_assembled,55.35905134645695
3674,502,A,0.0,P17987,10.62,/7LUM-alt-1_assembled,61.12282666824303
3675,513,A,0.0,P17987,10.83,/7LUM-alt-1_assembled,52.67822561539366
3676,514,A,0.0,P17987,10.19,/7LUM-alt-1_assembled,56.029257779222775
3677,529,B,0.0,P17987,8.13,/7LUM-alt-1_assembled,14.208376374635442
3678,535,A,0.0,P17987,9.95,/7LUM-alt-1_assembled,73.72270760424048
3679,64,B,0.0,P17987,10.6,/7LUM-alt-1_assembled,61.39090924134935
3680,29,E,0.0,P17987,10.37,/7LUM-alt-1_assembled,64.20577625896581
3681,42,F,0.0,P17987,13.98,/7LUM-alt-1_assembled,23.725307719910123
3682,65,E,0.0,P17987,10.61,/7LUM-alt-1_assembled,74.3929140370063
3683,79,E,0.0,P17987,9.76,/7LUM-alt-1_assembled,64.33981754551897
3684,96,E,0.0,P17987,10.18,/7LUM-alt-1_assembled,58.03987707752024
3685,122,F,0.0,P17987,12.56,/7LUM-alt-1_assembled,46.780409007054416
3686,126,E,0.0,P17987,8.02,/7LUM-alt-1_assembled,22.250853567825317
3687,139,F,0.0,P17987,11.46,/7LUM-alt-1_assembled,36.593271229013915
3688,143,E,0.0,P17987,10.58,/7LUM-alt-1_assembled,36.32518865590759
3689,193,E,0.0,P17987,10.56,/7LUM-alt-1_assembled,54.68884491369113
3690,209,E,0.0,P17987,10.67,/7LUM-alt-1_assembled,40.078344679396196
3691,212,E,0.0,P17987,10.44,/7LUM-alt-1_assembled,59.11220736994555
3692,213,F,0.0,P17987,9.57,/7LUM-alt-1_assembled,45.17191356841644
3693,232,F,0.0,P17987,10.37,/7LUM-alt-1_assembled,72.65037731181516
3694,243,E,0.0,P17987,10.62,/7LUM-alt-1_assembled,70.90784058662405
3695,245,E,0.0,P17987,10.36,/7LUM-alt-1_assembled,63.53556982619999
3696,288,F,0.0,P17987,10.27,/7LUM-alt-1_assembled,74.92907918321896
3697,291,E,0.0,P17987,10.34,/7LUM-alt-1_assembled,56.56542292543543
3698,292,E,0.0,P17987,10.41,/7LUM-alt-1_assembled,77.0737397680696
3699,302,E,0.0,P17987,10.92,/7LUM-alt-1_assembled,39.40813824663037
3700,319,F,0.0,P17987,10.22,/7LUM-alt-1_assembled,69.1653038614329
3701,321,F,0.0,P17987,9.96,/7LUM-alt-1_assembled,54.822886200244284
3702,326,F,0.0,P17987,9.92,/7LUM-alt-1_assembled,52.67822561539366
3703,338,E,0.0,P17987,11.68,/7LUM-alt-1_assembled,41.15067497182151
3704,343,F,0.0,P17987,9.14,/7LUM-alt-1_assembled,16.88920210569873
3705,372,F,0.0,P17987,9.95,/7LUM-alt-1_assembled,51.069730176755684
3706,375,F,0.0,P17987,9.97,/7LUM-alt-1_assembled,53.34843204815948
3707,384,F,0.0,P17987,9.83,/7LUM-alt-1_assembled,80.02264807223922
3708,395,E,0.0,P17987,10.72,/7LUM-alt-1_assembled,67.15468456313543
3709,417,F,0.0,P17987,9.1,/7LUM-alt-1_assembled,23.45722514680379
3710,418,F,0.0,P17987,9.97,/7LUM-alt-1_assembled,59.11220736994556
3711,489,E,0.0,P17987,8.06,/7LUM-alt-1_assembled,19.167903977102526
3712,497,E,0.0,P17987,10.29,/7LUM-alt-1_assembled,72.516336025262
3713,531,E,0.0,P17987,8.22,/7LUM-alt-1_assembled,42.491087837353156
3714,257,F,0.0,P17987,10.15,/7LUM-alt-1_assembled,43.831500702884796
3715,15,G,0.0,P17987,10.24,/7LUM-alt-1_assembled,78.41415263360125
3716,21,G,0.0,P17987,10.56,/7LUM-alt-1_assembled,66.61851941692277
3717,31,H,0.0,P17987,9.1,/7LUM-alt-1_assembled,16.621119532592402
3718,48,H,0.0,P17987,9.21,/7LUM-alt-1_assembled,6.568023041105063
3719,78,H,0.0,P17987,10.19,/7LUM-alt-1_assembled,52.81226690194683
3720,128,H,0.0,P17987,10.48,/7LUM-alt-1_assembled,74.52695532355949
3721,138,G,0.0,P17987,10.34,/7LUM-alt-1_assembled,71.44400573283669
3722,139,G,0.0,P17987,10.21,/7LUM-alt-1_assembled,76.2694920487506
3723,163,H,0.0,P17987,11.31,/7LUM-alt-1_assembled,10.455220351146831
3724,181,G,0.0,P17987,10.21,/7LUM-alt-1_assembled,47.85273929947973
3725,191,G,0.0,P17987,10.41,/7LUM-alt-1_assembled,74.25887275045315
3726,196,G,0.0,P17987,6.75,/7LUM-alt-1_assembled,8.712683625955693
3727,197,H,0.0,P17987,9.46,/7LUM-alt-1_assembled,67.95893228245441
3728,203,H,0.0,P17987,9.96,/7LUM-alt-1_assembled,37.3975189483329
3729,222,G,0.0,P17987,10.17,/7LUM-alt-1_assembled,44.2336245625443
3730,234,G,0.0,P17987,11.45,/7LUM-alt-1_assembled,61.25686795479619
3731,286,G,0.0,P17987,10.39,/7LUM-alt-1_assembled,74.52695532355946
3732,294,G,0.0,P17987,10.49,/7LUM-alt-1_assembled,45.30595485496961
3733,317,G,0.0,P17987,10.56,/7LUM-alt-1_assembled,61.927074387562016
3734,353,H,0.0,P17987,10.42,/7LUM-alt-1_assembled,60.72070280858353
3735,354,G,0.0,P17987,8.15,/7LUM-alt-1_assembled,15.682830526720249
3736,367,G,0.0,P17987,10.58,/7LUM-alt-1_assembled,68.89722128832656
3737,370,G,0.0,P17987,10.47,/7LUM-alt-1_assembled,23.323183860250623
3738,381,H,0.0,P17987,10.12,/7LUM-alt-1_assembled,82.83751508985569
3739,425,G,0.0,P17987,10.66,/7LUM-alt-1_assembled,60.18453766237087
3740,427,G,0.0,P17987,10.24,/7LUM-alt-1_assembled,54.95692748679745
3741,469,G,0.0,P17987,10.14,/7LUM-alt-1_assembled,37.26347766177974
3742,491,G,0.0,P17987,10.69,/7LUM-alt-1_assembled,61.793033101008845
3743,502,G,0.0,P17987,11.58,/7LUM-alt-1_assembled,28.416752749270877
3744,507,H,0.0,P17987,8.9,/7LUM-alt-1_assembled,15.548789240167086
3745,527,H,0.0,P17987,10.4,/7LUM-alt-1_assembled,52.142060469181
3746,528,H,0.0,P17987,10.03,/7LUM-alt-1_assembled,60.318578948924035
3747,10,I,0.0,P17987,10.44,/7LUM-alt-1_assembled,42.088963977693666
3748,47,I,0.0,P17987,9.16,/7LUM-alt-1_assembled,14.074335088082275
3749,55,I,0.0,P17987,10.69,/7LUM-alt-1_assembled,58.844124796839225
3750,67,J,0.0,P17987,9.89,/7LUM-alt-1_assembled,56.83350549854176
3751,77,J,0.0,P17987,8.52,/7LUM-alt-1_assembled,35.78902350969493
3752,84,J,0.0,P17987,8.76,/7LUM-alt-1_assembled,29.489083041696194
3753,106,I,0.0,P17987,11.56,/7LUM-alt-1_assembled,11.929674503231642
3754,109,J,0.0,P17987,5.54,/7LUM-alt-1_assembled,25.065720585441767
3755,135,I,0.0,P17987,9.97,/7LUM-alt-1_assembled,30.82949590722784
3756,137,I,0.0,P17987,10.17,/7LUM-alt-1_assembled,63.133445966540485
3757,144,I,0.0,P17987,10.55,/7LUM-alt-1_assembled,76.26949204875062
3758,145,I,0.0,P17987,10.38,/7LUM-alt-1_assembled,76.40353333530379
3759,148,I,0.0,P17987,10.45,/7LUM-alt-1_assembled,85.92046468057846
3760,153,I,0.0,P17987,10.47,/7LUM-alt-1_assembled,57.36967064475442
3761,157,I,0.0,P17987,9.96,/7LUM-alt-1_assembled,45.7080787146291
3762,166,I,0.0,P17987,12.31,/7LUM-alt-1_assembled,9.919055204934176
3763,172,J,0.0,P17987,9.38,/7LUM-alt-1_assembled,35.118817076929105
3764,177,I,0.0,P17987,10.59,/7LUM-alt-1_assembled,59.916455089264545
3765,193,J,0.0,P17987,10.55,/7LUM-alt-1_assembled,54.4207623405848
3766,198,I,0.0,P17987,7.83,/7LUM-alt-1_assembled,7.506312046977213
3767,199,J,0.0,P17987,10.14,/7LUM-alt-1_assembled,42.491087837353156
3768,217,I,0.0,P17987,10.63,/7LUM-alt-1_assembled,59.916455089264545
3769,218,I,0.0,P17987,10.02,/7LUM-alt-1_assembled,64.33981754551898
3770,230,I,0.0,P17987,9.84,/7LUM-alt-1_assembled,18.899821403996196
3771,231,J,0.0,P17987,10.07,/7LUM-alt-1_assembled,44.63574842220379
3772,236,I,0.0,P17987,9.86,/7LUM-alt-1_assembled,49.193152165011384
3773,247,J,0.0,P17987,8.55,/7LUM-alt-1_assembled,25.467844445101257
3774,250,I,0.0,P17987,10.48,/7LUM-alt-1_assembled,31.499702339993664
3775,277,I,0.0,P17987,6.89,/7LUM-alt-1_assembled,38.06772538109873
3776,280,I,0.0,P17987,10.17,/7LUM-alt-1_assembled,32.43799134586581
3777,287,I,0.0,P17987,10.26,/7LUM-alt-1_assembled,65.68023041105062
3778,292,I,0.0,P17987,10.28,/7LUM-alt-1_assembled,30.82949590722784
3779,320,J,0.0,P17987,9.62,/7LUM-alt-1_assembled,39.6762208197367
3780,366,I,0.0,P17987,10.11,/7LUM-alt-1_assembled,76.40353333530379
3781,368,I,0.0,P17987,10.49,/7LUM-alt-1_assembled,39.00601438697088
3782,401,I,0.0,P17987,10.22,/7LUM-alt-1_assembled,54.4207623405848
3783,418,I,0.0,P17987,10.53,/7LUM-alt-1_assembled,48.25486315913923
3784,430,I,0.0,P17987,8.84,/7LUM-alt-1_assembled,43.027252983565816
3785,440,J,0.0,P17987,8.98,/7LUM-alt-1_assembled,51.47185403641518
3786,463,I,0.0,P17987,10.45,/7LUM-alt-1_assembled,76.6716159084101
3787,16,K,0.0,P17987,8.4,/7LUM-alt-1_assembled,28.55079403582404
3788,20,K,0.0,P17987,9.39,/7LUM-alt-1_assembled,39.944303392843025
3789,37,K,0.0,P17987,10.79,/7LUM-alt-1_assembled,39.542179533183536
3790,54,L,0.0,P17987,7.56,/7LUM-alt-1_assembled,6.568023041105063
3791,62,L,0.0,P17987,10.44,/7LUM-alt-1_assembled,65.27810655139112
3792,84,L,0.0,P17987,9.79,/7LUM-alt-1_assembled,42.35704655079999
3793,138,K,0.0,P17987,10.37,/7LUM-alt-1_assembled,46.37828514739493
3794,152,K,0.0,P17987,10.26,/7LUM-alt-1_assembled,65.14406526483796
3795,171,K,0.0,P17987,11.98,/7LUM-alt-1_assembled,12.063715789784808
3796,181,K,0.0,P17987,10.01,/7LUM-alt-1_assembled,62.19515696066834
3797,206,K,0.0,P17987,10.68,/7LUM-alt-1_assembled,55.22501005990378
3798,224,L,0.0,P17987,10.07,/7LUM-alt-1_assembled,59.51433122960504
3799,225,K,0.0,P17987,8.83,/7LUM-alt-1_assembled,39.81026210628987
3800,235,K,0.0,P17987,10.54,/7LUM-alt-1_assembled,88.19916655198224
3801,238,K,0.0,P17987,11.16,/7LUM-alt-1_assembled,18.765780117443036
3802,254,L,0.0,P17987,10.38,/7LUM-alt-1_assembled,74.7950378966658
3803,260,L,0.0,P17987,9.53,/7LUM-alt-1_assembled,67.55680842279492
3804,270,K,0.0,P17987,9.6,/7LUM-alt-1_assembled,44.09958327599113
3805,281,L,0.0,P17987,11.15,/7LUM-alt-1_assembled,48.3889044456924
3806,296,K,0.0,P17987,10.24,/7LUM-alt-1_assembled,71.71208830594303
3807,307,L,0.0,P17987,11.48,/7LUM-alt-1_assembled,37.531560234886065
3808,318,K,0.0,P17987,9.71,/7LUM-alt-1_assembled,59.64837251615822
3809,326,L,0.0,P17987,9.71,/7LUM-alt-1_assembled,56.16329906577593
3810,364,K,0.0,P17987,10.69,/7LUM-alt-1_assembled,56.431381638882264
3811,367,K,0.0,P17987,10.2,/7LUM-alt-1_assembled,31.3656610534405
3812,400,L,0.0,P17987,9.29,/7LUM-alt-1_assembled,43.16129427011898
3813,406,K,0.0,P17987,9.44,/7LUM-alt-1_assembled,20.508316842634173
3814,421,K,0.0,P17987,10.21,/7LUM-alt-1_assembled,35.38689965003543
3815,439,K,0.0,P17987,10.37,/7LUM-alt-1_assembled,58.844124796839225
3816,440,K,0.0,P17987,10.8,/7LUM-alt-1_assembled,36.32518865590758
3817,466,K,0.0,P17987,10.42,/7LUM-alt-1_assembled,73.320583744581
3818,476,K,0.0,P17987,10.54,/7LUM-alt-1_assembled,46.1102025742886
3819,490,K,0.0,P17987,10.9,/7LUM-alt-1_assembled,42.22300526424683
3820,504,K,0.0,P17987,12.78,/7LUM-alt-1_assembled,19.435986550208856
3821,509,L,0.0,P17987,10.83,/7LUM-alt-1_assembled,47.316574153267084
3822,528,K,0.0,P17987,10.29,/7LUM-alt-1_assembled,48.92506959190506
3823,459,L,0.0,P17987,9.79,/7LUM-alt-1_assembled,50.2654824574367
3824,5,N,0.0,P17987,9.02,/7LUM-alt-1_assembled,4.959527602467087
3825,10,M,0.0,P17987,10.17,/7LUM-alt-1_assembled,36.32518865590758
3826,41,M,0.0,P17987,10.12,/7LUM-alt-1_assembled,54.822886200244284
3827,45,M,0.0,P17987,6.36,/7LUM-alt-1_assembled,8.57864233940253
3828,55,M,0.0,P17987,10.05,/7LUM-alt-1_assembled,56.431381638882264
3829,58,N,0.0,P17987,6.68,/7LUM-alt-1_assembled,5.495692748679745
3830,79,M,0.0,P17987,10.34,/7LUM-alt-1_assembled,67.02064327658226
3831,104,M,0.0,P17987,9.42,/7LUM-alt-1_assembled,24.395514152675943
3832,127,M,0.0,P17987,8.23,/7LUM-alt-1_assembled,25.333803158548093
3833,129,M,0.0,P17987,9.74,/7LUM-alt-1_assembled,28.41675274927088
3834,138,N,0.0,P17987,10.83,/7LUM-alt-1_assembled,36.72731251556708
3835,159,N,0.0,P17987,14.66,/7LUM-alt-1_assembled,5.495692748679745
3836,180,M,0.0,P17987,9.23,/7LUM-alt-1_assembled,28.68483532237721
3837,181,N,0.0,P17987,9.65,/7LUM-alt-1_assembled,58.30795965062657
3838,197,M,0.0,P17987,8.27,/7LUM-alt-1_assembled,40.88259239871518
3839,222,M,0.0,P17987,9.56,/7LUM-alt-1_assembled,52.410143042287324
3840,223,M,0.0,P17987,9.52,/7LUM-alt-1_assembled,62.46323953377467
3841,241,M,0.0,P17987,10.62,/7LUM-alt-1_assembled,75.1971617563253
3842,258,M,0.0,P17987,11.3,/7LUM-alt-1_assembled,51.60589532296835
3843,261,M,0.0,P17987,10.03,/7LUM-alt-1_assembled,49.32719345156454
3844,265,N,0.0,P17987,9.79,/7LUM-alt-1_assembled,47.5846567263734
3845,272,M,0.0,P17987,10.69,/7LUM-alt-1_assembled,71.17592315973036
3846,273,N,0.0,P17987,11.38,/7LUM-alt-1_assembled,32.03586748620632
3847,278,M,0.0,P17987,10.61,/7LUM-alt-1_assembled,21.714688421612657
3848,280,M,0.0,P17987,10.32,/7LUM-alt-1_assembled,69.70146900764556
3849,287,M,0.0,P17987,11.66,/7LUM-alt-1_assembled,39.006014386970875
3850,295,M,0.0,P17987,10.74,/7LUM-alt-1_assembled,37.93368409454556
3851,307,M,0.0,P17987,10.35,/7LUM-alt-1_assembled,52.00801918262784
3852,317,M,0.0,P17987,10.44,/7LUM-alt-1_assembled,51.33781274986201
3853,359,N,0.0,P17987,10.27,/7LUM-alt-1_assembled,32.43799134586581
3854,365,M,0.0,P17987,10.52,/7LUM-alt-1_assembled,64.60790011862531
3855,377,M,0.0,P17987,9.43,/7LUM-alt-1_assembled,30.29333076101518
3856,381,M,0.0,P17987,10.46,/7LUM-alt-1_assembled,60.0504963758177
3857,388,M,0.0,P17987,10.26,/7LUM-alt-1_assembled,63.267487253093655
3858,399,N,0.0,P17987,9.16,/7LUM-alt-1_assembled,32.43799134586581
3859,424,M,0.0,P17987,10.53,/7LUM-alt-1_assembled,70.37167544041138
3860,426,M,0.0,P17987,10.43,/7LUM-alt-1_assembled,79.88860678568606
3861,430,M,0.0,P17987,11.49,/7LUM-alt-1_assembled,67.95893228245441
3862,449,N,0.0,P17987,11.58,/7LUM-alt-1_assembled,15.816871813273412
3863,465,M,0.0,P17987,10.91,/7LUM-alt-1_assembled,50.39952374398986
3864,501,M,0.0,P17987,10.58,/7LUM-alt-1_assembled,37.7996428079924
3865,502,M,0.0,P17987,10.54,/7LUM-alt-1_assembled,41.016633685268346
3866,33,P,0.0,P17987,11.07,/7LUM-alt-1_assembled,33.644362924844295
3867,63,P,0.0,P17987,10.33,/7LUM-alt-1_assembled,55.22501005990378
3868,73,P,0.0,P17987,10.21,/7LUM-alt-1_assembled,42.491087837353156
3869,84,O,0.0,P17987,10.6,/7LUM-alt-1_assembled,46.37828514739493
3870,102,O,0.0,P17987,9.74,/7LUM-alt-1_assembled,36.59327122901391
3871,109,P,0.0,P17987,10.88,/7LUM-alt-1_assembled,22.921060000591133
3872,111,O,0.0,P17987,7.76,/7LUM-alt-1_assembled,18.095573684677213
3873,126,P,0.0,P17987,10.08,/7LUM-alt-1_assembled,84.31196924194049
3874,153,O,0.0,P17987,9.42,/7LUM-alt-1_assembled,30.829495907227837
3875,180,O,0.0,P17987,11.34,/7LUM-alt-1_assembled,57.23562935820125
3876,199,O,0.0,P17987,10.76,/7LUM-alt-1_assembled,59.24624865649872
3877,227,O,0.0,P17987,8.86,/7LUM-alt-1_assembled,26.272092164420247
3878,233,O,0.0,P17987,10.22,/7LUM-alt-1_assembled,54.018638480925304
3879,243,P,0.0,P17987,9.52,/7LUM-alt-1_assembled,46.11020257428859
3880,247,P,0.0,P17987,9.58,/7LUM-alt-1_assembled,45.03787228186329
3881,259,P,0.0,P17987,10.99,/7LUM-alt-1_assembled,25.065720585441767
3882,272,P,0.0,P17987,10.73,/7LUM-alt-1_assembled,28.81887660893037
3883,277,P,0.0,P17987,10.62,/7LUM-alt-1_assembled,37.7996428079924
3884,298,P,0.0,P17987,9.11,/7LUM-alt-1_assembled,14.342417661188602
3885,313,O,0.0,P17987,10.58,/7LUM-alt-1_assembled,63.13344596654049
3886,317,P,0.0,P17987,9.29,/7LUM-alt-1_assembled,43.69745941633163
3887,321,P,0.0,P17987,10.11,/7LUM-alt-1_assembled,70.6397580135177
3888,365,O,0.0,P17987,10.19,/7LUM-alt-1_assembled,68.89722128832656
3889,368,O,0.0,P17987,10.29,/7LUM-alt-1_assembled,67.28872584968859
3890,400,P,0.0,P17987,8.72,/7LUM-alt-1_assembled,32.03586748620632
3891,406,O,0.0,P17987,10.25,/7LUM-alt-1_assembled,47.45061543982024
3892,466,O,0.0,P17987,10.6,/7LUM-alt-1_assembled,72.11421216560251
3893,481,O,0.0,P17987,10.43,/7LUM-alt-1_assembled,79.3524416394734
3894,484,O,0.0,P17987,9.75,/7LUM-alt-1_assembled,51.73993660952151
3895,494,O,0.0,P17987,10.13,/7LUM-alt-1_assembled,56.967546785094925
3896,499,O,0.0,P17987,10.63,/7LUM-alt-1_assembled,61.52495052790252
3897,510,O,0.0,P17987,11.64,/7LUM-alt-1_assembled,43.4293768432253
3898,512,P,0.0,P17987,9.61,/7LUM-alt-1_assembled,50.39952374398986
3899,515,P,0.0,P17987,10.7,/7LUM-alt-1_assembled,42.75917041045949
3900,532,P,0.0,P17987,9.61,/7LUM-alt-1_assembled,58.03987707752024
3901,40,C,0.0,P17987,10.84,/7LUM-alt-1_assembled,32.97415649207848
3902,46,D,0.0,P17987,9.6,/7LUM-alt-1_assembled,43.29533555667214
3903,50,D,0.0,P17987,10.53,/7LUM-alt-1_assembled,13.40412865531645
3904,72,C,0.0,P17987,9.35,/7LUM-alt-1_assembled,40.88259239871518
3905,82,C,0.0,P17987,9.31,/7LUM-alt-1_assembled,32.84011520552531
3906,119,D,0.0,P17987,9.11,/7LUM-alt-1_assembled,66.8866019900291
3907,120,D,0.0,P17987,10.08,/7LUM-alt-1_assembled,14.208376374635439
3908,135,D,0.0,P17987,10.58,/7LUM-alt-1_assembled,81.09497836466454
3909,154,C,0.0,P17987,11.42,/7LUM-alt-1_assembled,61.39090924134935
3910,170,D,0.0,P17987,13.02,/7LUM-alt-1_assembled,10.589261637699998
3911,176,D,0.0,P17987,9.79,/7LUM-alt-1_assembled,56.16329906577594
3912,181,C,0.0,P17987,10.49,/7LUM-alt-1_assembled,79.48648292602655
3913,191,C,0.0,P17987,10.27,/7LUM-alt-1_assembled,60.4526202354772
3914,203,D,0.0,P17987,10.17,/7LUM-alt-1_assembled,24.931679298888604
3915,204,D,0.0,P17987,8.53,/7LUM-alt-1_assembled,29.22100046858987
3916,222,C,0.0,P17987,9.5,/7LUM-alt-1_assembled,10.857344210806327
3917,223,D,0.0,P17987,10.25,/7LUM-alt-1_assembled,85.92046468057845
3918,230,D,0.0,P17987,9.26,/7LUM-alt-1_assembled,63.669611112753145
3919,236,C,0.0,P17987,10.16,/7LUM-alt-1_assembled,35.25285836348227
3920,248,C,0.0,P17987,5.81,/7LUM-alt-1_assembled,20.642358129187336
3921,250,C,0.0,P17987,9.7,/7LUM-alt-1_assembled,10.187137778040503
3922,263,C,0.0,P17987,10.35,/7LUM-alt-1_assembled,40.882592398715175
3923,272,D,0.0,P17987,10.18,/7LUM-alt-1_assembled,53.48247333471265
3924,274,D,0.0,P17987,8.19,/7LUM-alt-1_assembled,10.187137778040505
3925,276,D,0.0,P17987,10.73,/7LUM-alt-1_assembled,66.61851941692277
3926,278,D,0.0,P17987,7.66,/7LUM-alt-1_assembled,8.042477193189871
3927,284,C,0.0,P17987,10.42,/7LUM-alt-1_assembled,79.62052421257972
3928,342,D,0.0,P17987,10.58,/7LUM-alt-1_assembled,64.47385883207214
3929,347,C,0.0,P17987,10.38,/7LUM-alt-1_assembled,57.63775321786074
3930,358,C,0.0,P17987,8.48,/7LUM-alt-1_assembled,45.305954854969606
3931,402,C,0.0,P17987,9.8,/7LUM-alt-1_assembled,53.21439076160632
3932,431,C,0.0,P17987,10.39,/7LUM-alt-1_assembled,48.79102830535189
3933,441,D,0.0,P17987,10.23,/7LUM-alt-1_assembled,52.81226690194682
3934,500,C,0.0,P17987,12.74,/7LUM-alt-1_assembled,43.965541989437966
3935,65,A,96.16,P26639,10.94,/AF-P26639-F1-model_v1,24.931679298888604
3936,75,A,89.54,P26639,10.52,/AF-P26639-F1-model_v1,52.67822561539366
3937,78,A,91.76,P26639,11.18,/AF-P26639-F1-model_v1,55.09096877335062
3938,81,A,95.0,P26639,10.55,/AF-P26639-F1-model_v1,68.36105614211391
3939,84,A,97.26,P26639,11.51,/AF-P26639-F1-model_v1,64.74194140517847
3940,91,A,94.21,P26639,10.5,/AF-P26639-F1-model_v1,79.08435906636707
3941,99,A,95.12,P26639,11.33,/AF-P26639-F1-model_v1,38.46984924075822
3942,121,A,97.36,P26639,11.61,/AF-P26639-F1-model_v1,23.72530771991012
3943,143,A,96.5,P26639,10.51,/AF-P26639-F1-model_v1,66.8866019900291
3944,207,A,97.2,P26639,10.3,/AF-P26639-F1-model_v1,88.19916655198226
3945,208,A,97.3,P26639,10.51,/AF-P26639-F1-model_v1,70.37167544041138
3946,211,A,97.48,P26639,10.36,/AF-P26639-F1-model_v1,87.26087754611011
3947,213,A,97.24,P26639,10.38,/AF-P26639-F1-model_v1,73.58866631768733
3948,222,A,96.21,P26639,10.57,/AF-P26639-F1-model_v1,82.16730865708986
3949,223,A,95.39,P26639,10.06,/AF-P26639-F1-model_v1,25.19976187199493
3950,231,A,96.24,P26639,10.36,/AF-P26639-F1-model_v1,79.3524416394734
3951,234,A,95.18,P26639,11.43,/AF-P26639-F1-model_v1,41.418757544927836
3952,236,A,96.08,P26639,11.06,/AF-P26639-F1-model_v1,3.8871973100417714
3953,243,A,90.07,P26639,12.06,/AF-P26639-F1-model_v1,58.03987707752024
3954,271,A,95.99,P26639,8.42,/AF-P26639-F1-model_v1,28.68483532237721
3955,273,A,95.26,P26639,9.81,/AF-P26639-F1-model_v1,57.905835790967075
3956,276,A,97.09,P26639,11.21,/AF-P26639-F1-model_v1,39.00601438697088
3957,279,A,91.87,P26639,10.39,/AF-P26639-F1-model_v1,95.70547859895947
3958,288,A,81.26,P26639,11.64,/AF-P26639-F1-model_v1,61.927074387562016
3959,306,A,96.68,P26639,10.71,/AF-P26639-F1-model_v1,101.73733649385188
3960,309,A,95.8,P26639,10.48,/AF-P26639-F1-model_v1,93.42677672755568
3961,313,A,91.94,P26639,10.59,/AF-P26639-F1-model_v1,99.32459333589492
3962,319,A,87.51,P26639,10.67,/AF-P26639-F1-model_v1,93.29273544100252
3963,325,A,95.14,P26639,10.41,/AF-P26639-F1-model_v1,51.87397789607467
3964,348,A,98.23,P26639,10.4,/AF-P26639-F1-model_v1,39.81026210628986
3965,366,A,96.48,P26639,10.98,/AF-P26639-F1-model_v1,67.15468456313542
3966,403,A,94.14,P26639,10.47,/AF-P26639-F1-model_v1,88.46724912508859
3967,409,A,97.29,P26639,8.98,/AF-P26639-F1-model_v1,0.6702064327658226
3968,477,A,92.98,P26639,11.65,/AF-P26639-F1-model_v1,53.34843204815949
3969,495,A,90.67,P26639,11.44,/AF-P26639-F1-model_v1,50.80164760364936
3970,504,A,86.62,P26639,10.46,/AF-P26639-F1-model_v1,102.67562549972403
3971,517,A,91.56,P26639,10.47,/AF-P26639-F1-model_v1,90.34382713683289
3972,529,A,91.93,P26639,10.52,/AF-P26639-F1-model_v1,97.31397403759745
3973,543,A,94.72,P26639,11.42,/AF-P26639-F1-model_v1,12.73392222255063
3974,549,A,83.57,P26639,10.68,/AF-P26639-F1-model_v1,57.36967064475442
3975,583,A,88.45,P26639,10.4,/AF-P26639-F1-model_v1,81.09497836466454
3976,584,A,93.54,P26639,10.73,/AF-P26639-F1-model_v1,66.48447813036961
3977,611,A,94.83,P26639,10.47,/AF-P26639-F1-model_v1,58.44200093717973
3978,636,A,98.2,P26639,10.34,/AF-P26639-F1-model_v1,72.65037731181518
3979,645,A,96.61,P26639,10.42,/AF-P26639-F1-model_v1,93.56081801410883
3980,660,A,95.95,P26639,10.8,/AF-P26639-F1-model_v1,74.52695532355948
3981,661,A,97.15,P26639,10.4,/AF-P26639-F1-model_v1,11.393509357018985
3982,679,A,96.62,P26639,11.66,/AF-P26639-F1-model_v1,69.70146900764556
3983,681,A,97.19,P26639,10.89,/AF-P26639-F1-model_v1,39.81026210628987
3984,694,A,94.68,P26639,10.45,/AF-P26639-F1-model_v1,62.19515696066834
3985,712,A,96.38,P26639,8.72,/AF-P26639-F1-model_v1,29.62312432824936
3986,717,A,90.55,P26639,9.94,/AF-P26639-F1-model_v1,56.029257779222775
3987,17,A,98.1,Q12906,10.03,/AF-Q12906-F1-model_v1,10.455220351146833
3988,43,A,96.21,Q12906,10.72,/AF-Q12906-F1-model_v1,40.480468539055686
3989,54,A,82.44,Q12906,11.47,/AF-Q12906-F1-model_v1,71.98017087904935
3990,100,A,97.34,Q12906,10.41,/AF-Q12906-F1-model_v1,15.816871813273416
3991,105,A,97.34,Q12906,10.27,/AF-Q12906-F1-model_v1,51.47185403641517
3992,117,A,93.92,Q12906,10.49,/AF-Q12906-F1-model_v1,37.129436375226575
3993,119,A,94.75,Q12906,11.8,/AF-Q12906-F1-model_v1,10.589261637699998
3994,127,A,96.02,Q12906,9.96,/AF-Q12906-F1-model_v1,41.954922691140496
3995,143,A,93.78,Q12906,10.44,/AF-Q12906-F1-model_v1,100.12884105521388
3996,158,A,97.67,Q12906,10.47,/AF-Q12906-F1-model_v1,54.8228862002443
3997,161,A,89.78,Q12906,10.56,/AF-Q12906-F1-model_v1,86.18854725368479
3998,182,A,87.39,Q12906,11.52,/AF-Q12906-F1-model_v1,56.16329906577594
3999,202,A,97.12,Q12906,11.59,/AF-Q12906-F1-model_v1,42.62512912390632
4000,214,A,96.46,Q12906,9.44,/AF-Q12906-F1-model_v1,80.69285450500504
4001,224,A,94.64,Q12906,9.86,/AF-Q12906-F1-model_v1,67.15468456313543
4002,257,A,97.64,Q12906,9.59,/AF-Q12906-F1-model_v1,50.39952374398986
4003,297,A,90.17,Q12906,12.34,/AF-Q12906-F1-model_v1,38.603890527311385
4004,332,A,97.56,Q12906,10.23,/AF-Q12906-F1-model_v1,56.69946421198859
4005,371,A,70.42,Q12906,10.51,/AF-Q12906-F1-model_v1,114.873382576062
4006,413,A,89.31,Q12906,11.23,/AF-Q12906-F1-model_v1,37.66560152143923
4007,419,A,95.92,Q12906,11.32,/AF-Q12906-F1-model_v1,78.41415263360125
4008,450,A,94.87,Q12906,10.19,/AF-Q12906-F1-model_v1,51.73993660952151
4009,451,A,93.41,Q12906,10.41,/AF-Q12906-F1-model_v1,102.27350164006452
4010,454,A,96.23,Q12906,10.1,/AF-Q12906-F1-model_v1,46.91445029360758
4011,460,A,94.69,Q12906,10.26,/AF-Q12906-F1-model_v1,64.74194140517847
4012,523,A,84.69,Q12906,11.39,/AF-Q12906-F1-model_v1,48.79102830535189
4013,526,A,86.93,Q12906,11.48,/AF-Q12906-F1-model_v1,43.027252983565816
4014,535,A,89.9,Q12906,10.39,/AF-Q12906-F1-model_v1,38.46984924075822
4015,540,A,88.7,Q12906,11.51,/AF-Q12906-F1-model_v1,80.55881321845189
4016,553,A,86.4,Q12906,11.46,/AF-Q12906-F1-model_v1,48.92506959190506
4017,565,A,94.82,Q12906,12.71,/AF-Q12906-F1-model_v1,48.12082187258606
4018,573,A,92.89,Q12906,11.21,/AF-Q12906-F1-model_v1,50.2654824574367
4019,574,A,93.52,Q12906,10.43,/AF-Q12906-F1-model_v1,90.47786842338606
4020,577,A,96.18,Q12906,9.85,/AF-Q12906-F1-model_v1,49.99739988433036
4021,587,A,89.69,Q12906,10.23,/AF-Q12906-F1-model_v1,61.39090924134936
4022,535,A,0.0,Q12906,10.37,/3P1X-alt-1_assembled,49.72931731122404
4023,565,B,0.0,Q12906,10.86,/3P1X-alt-1_assembled,55.22501005990378
4024,573,B,0.0,Q12906,10.45,/3P1X-alt-1_assembled,70.6397580135177
4025,574,B,0.0,Q12906,10.39,/3P1X-alt-1_assembled,87.39491883266328
4026,577,B,0.0,Q12906,10.01,/3P1X-alt-1_assembled,55.35905134645695
4027,587,A,0.0,Q12906,10.32,/3P1X-alt-1_assembled,69.96955158075188
4028,526,B,0.0,Q12906,10.44,/3P1X-alt-1_assembled,96.37568503172531
4029,540,B,0.0,Q12906,10.54,/3P1X-alt-1_assembled,91.01403356959872
4030,553,B,0.0,Q12906,11.27,/3P1X-alt-1_assembled,18.36365625778354
4031,59,A,73.95,P54886,10.48,/AF-P54886-F1-model_v1,97.44801532415062
4032,68,A,91.82,P54886,10.32,/AF-P54886-F1-model_v1,74.25887275045315
4033,71,A,94.37,P54886,10.19,/AF-P54886-F1-model_v1,79.7545654991329
4034,76,A,95.06,P54886,10.54,/AF-P54886-F1-model_v1,10.723302924253163
4035,124,A,83.02,P54886,10.33,/AF-P54886-F1-model_v1,68.89722128832656
4036,199,A,89.86,P54886,10.72,/AF-P54886-F1-model_v1,54.95692748679746
4037,258,A,91.72,P54886,10.34,/AF-P54886-F1-model_v1,91.28211614270504
4038,282,A,73.06,P54886,11.67,/AF-P54886-F1-model_v1,54.018638480925304
4039,311,A,86.53,P54886,9.81,/AF-P54886-F1-model_v1,23.323183860250627
4040,313,A,86.99,P54886,11.36,/AF-P54886-F1-model_v1,68.62913871522024
4041,347,A,85.08,P54886,12.73,/AF-P54886-F1-model_v1,58.71008351028606
4042,348,A,83.01,P54886,12.33,/AF-P54886-F1-model_v1,31.365661053440498
4043,357,A,75.98,P54886,11.24,/AF-P54886-F1-model_v1,66.75256070347594
4044,408,A,97.24,P54886,10.64,/AF-P54886-F1-model_v1,80.0226480722392
4045,409,A,97.13,P54886,10.35,/AF-P54886-F1-model_v1,81.49710222432404
4046,424,A,85.42,P54886,10.55,/AF-P54886-F1-model_v1,97.4480153241506
4047,432,A,91.19,P54886,10.75,/AF-P54886-F1-model_v1,43.429376843225306
4048,462,A,96.53,P54886,10.43,/AF-P54886-F1-model_v1,80.29073064534555
4049,504,A,94.11,P54886,8.78,/AF-P54886-F1-model_v1,19.167903977102526
4050,507,A,89.2,P54886,10.14,/AF-P54886-F1-model_v1,92.48848772168353
4051,530,A,95.65,P54886,10.34,/AF-P54886-F1-model_v1,75.1971617563253
4052,550,A,86.77,P54886,10.61,/AF-P54886-F1-model_v1,106.96494666942529
4053,569,A,89.88,P54886,10.45,/AF-P54886-F1-model_v1,100.66500620142656
4054,572,A,85.41,P54886,10.41,/AF-P54886-F1-model_v1,112.86276327776454
4055,596,A,95.6,P54886,11.24,/AF-P54886-F1-model_v1,42.62512912390632
4056,605,A,98.18,P54886,9.87,/AF-P54886-F1-model_v1,10.723302924253161
4057,643,A,95.64,P54886,11.37,/AF-P54886-F1-model_v1,60.720702808583525
4058,649,A,93.17,P54886,12.24,/AF-P54886-F1-model_v1,32.97415649207848
4059,662,A,84.51,P54886,10.42,/AF-P54886-F1-model_v1,107.76919438874428
4060,690,A,98.11,P54886,11.08,/AF-P54886-F1-model_v1,66.61851941692277
4061,761,A,98.27,P54886,10.28,/AF-P54886-F1-model_v1,69.1653038614329
4062,767,A,96.47,P54886,10.4,/AF-P54886-F1-model_v1,76.40353333530379
4063,781,A,96.06,P54886,10.44,/AF-P54886-F1-model_v1,83.10559766296201
4064,5,A,0.0,P18669,11.17,/5Y2I-alt-1_assembled,53.348432048159474
4065,39,B,0.0,P18669,11.21,/5Y2I-alt-1_assembled,58.039877077520245
4066,61,B,0.0,P18669,11.83,/5Y2I-alt-1_assembled,31.09757848033417
4067,100,A,0.0,P18669,10.36,/5Y2I-alt-1_assembled,85.78642339402529
4068,106,B,0.0,P18669,10.33,/5Y2I-alt-1_assembled,66.35043684381644
4069,113,A,0.0,P18669,9.66,/5Y2I-alt-1_assembled,52.41014304228733
4070,138,A,0.0,P18669,10.62,/5Y2I-alt-1_assembled,55.09096877335062
4071,157,B,0.0,P18669,10.76,/5Y2I-alt-1_assembled,69.43338643453923
4072,176,B,0.0,P18669,10.25,/5Y2I-alt-1_assembled,50.80164760364936
4073,179,B,0.0,P18669,10.12,/5Y2I-alt-1_assembled,44.76978970875695
4074,195,B,0.0,P18669,10.09,/5Y2I-alt-1_assembled,30.025248187908854
4075,222,A,0.0,P18669,10.46,/5Y2I-alt-1_assembled,87.2608775461101
4076,225,A,0.0,P18669,10.52,/5Y2I-alt-1_assembled,76.13545076219745
4077,228,B,0.0,P18669,10.77,/5Y2I-alt-1_assembled,45.43999614152277
4078,5,A,0.0,P18669,11.33,/1YFK-alt-1_assembled,45.439996141522776
4079,39,A,0.0,P18669,10.65,/1YFK-alt-1_assembled,73.18654245802783
4080,61,A,0.0,P18669,10.86,/1YFK-alt-1_assembled,17.693449825017716
4081,100,A,0.0,P18669,9.33,/1YFK-alt-1_assembled,40.61450982560885
4082,138,A,0.0,P18669,10.51,/1YFK-alt-1_assembled,79.88860678568605
4083,157,A,0.0,P18669,10.74,/1YFK-alt-1_assembled,68.22701485556074
4084,176,A,0.0,P18669,10.37,/1YFK-alt-1_assembled,67.15468456313543
4085,179,A,0.0,P18669,10.55,/1YFK-alt-1_assembled,40.88259239871518
4086,195,B,0.0,P18669,10.17,/1YFK-alt-1_assembled,32.57203263241898
4087,222,A,0.0,P18669,10.53,/1YFK-alt-1_assembled,58.03987707752024
4088,228,A,0.0,P18669,11.5,/1YFK-alt-1_assembled,44.63574842220379
4089,241,B,0.0,P18669,10.44,/1YFK-alt-1_assembled,115.54358900882784
4090,106,B,0.0,P18669,10.34,/1YFK-alt-1_assembled,73.45462503113416
4091,225,B,0.0,P18669,10.34,/1YFK-alt-1_assembled,65.0100239782848
4092,5,A,82.58,P68104,11.33,/AF-P68104-F1-model_v1,31.633743626546824
4093,20,A,91.91,P68104,8.75,/AF-P68104-F1-model_v1,11.929674503231643
4094,30,A,82.95,P68104,10.53,/AF-P68104-F1-model_v1,67.55680842279492
4095,36,A,79.82,P68104,10.82,/AF-P68104-F1-model_v1,76.53757462185695
4096,41,A,82.67,P68104,10.56,/AF-P68104-F1-model_v1,74.92907918321897
4097,44,A,80.49,P68104,10.56,/AF-P68104-F1-model_v1,85.51834082091897
4098,55,A,76.4,P68104,11.58,/AF-P68104-F1-model_v1,31.09757848033417
4099,62,A,74.71,P68104,9.99,/AF-P68104-F1-model_v1,84.58005181504682
4100,64,A,74.75,P68104,10.71,/AF-P68104-F1-model_v1,87.52896011921644
4101,79,A,82.29,P68104,10.25,/AF-P68104-F1-model_v1,28.014628889611387
4102,84,A,85.99,P68104,10.5,/AF-P68104-F1-model_v1,70.23763415385821
4103,100,A,72.88,P68104,10.1,/AF-P68104-F1-model_v1,86.32258854023796
4104,129,A,82.03,P68104,10.39,/AF-P68104-F1-model_v1,111.92447427189236
4105,146,A,87.84,P68104,9.81,/AF-P68104-F1-model_v1,99.32459333589492
4106,154,A,96.29,P68104,10.58,/AF-P68104-F1-model_v1,32.706073918972145
4107,165,A,97.08,P68104,10.51,/AF-P68104-F1-model_v1,92.08636386202403
4108,172,A,97.24,P68104,10.54,/AF-P68104-F1-model_v1,99.05651076278859
4109,179,A,94.67,P68104,10.49,/AF-P68104-F1-model_v1,91.01403356959871
4110,180,A,89.62,P68104,10.29,/AF-P68104-F1-model_v1,84.44601052849364
4111,212,A,94.53,P68104,10.27,/AF-P68104-F1-model_v1,76.53757462185695
4112,215,A,95.22,P68104,10.4,/AF-P68104-F1-model_v1,92.2204051485772
4113,219,A,83.43,P68104,10.52,/AF-P68104-F1-model_v1,106.69686409631898
4114,244,A,91.07,P68104,10.22,/AF-P68104-F1-model_v1,42.893211697012646
4115,255,A,89.92,P68104,10.41,/AF-P68104-F1-model_v1,99.19055204934176
4116,273,A,95.45,P68104,11.42,/AF-P68104-F1-model_v1,51.87397789607467
4117,290,A,94.66,P68104,11.25,/AF-P68104-F1-model_v1,31.49970233999366
4118,313,A,85.78,P68104,10.03,/AF-P68104-F1-model_v1,61.12282666824302
4119,318,A,90.88,P68104,10.47,/AF-P68104-F1-model_v1,97.17993275104428
4120,330,A,89.79,P68104,10.3,/AF-P68104-F1-model_v1,69.43338643453922
4121,371,A,97.65,P68104,10.34,/AF-P68104-F1-model_v1,89.27149684440758
4122,376,A,96.39,P68104,11.67,/AF-P68104-F1-model_v1,46.91445029360759
4123,378,A,95.12,P68104,11.27,/AF-P68104-F1-model_v1,32.169908772759484
4124,385,A,84.66,P68104,10.45,/AF-P68104-F1-model_v1,93.96294187376833
4125,386,A,92.15,P68104,12.47,/AF-P68104-F1-model_v1,42.08896397769366
4126,392,A,95.42,P68104,10.48,/AF-P68104-F1-model_v1,98.25226304346961
4127,395,A,93.34,P68104,10.39,/AF-P68104-F1-model_v1,76.13545076219745
4128,408,A,94.9,P68104,10.31,/AF-P68104-F1-model_v1,95.70547859895947
4129,439,A,94.2,P68104,9.96,/AF-P68104-F1-model_v1,73.72270760424048
4130,443,A,92.92,P68104,11.15,/AF-P68104-F1-model_v1,36.191147369354425
4131,444,A,89.25,P68104,11.41,/AF-P68104-F1-model_v1,58.57604222373289
4132,450,A,84.69,P68104,11.35,/AF-P68104-F1-model_v1,63.26748725309365
4133,453,A,85.01,P68104,10.45,/AF-P68104-F1-model_v1,94.09698316032149
4134,457,A,82.73,P68104,10.4,/AF-P68104-F1-model_v1,90.47786842338604
4135,460,A,78.05,P68104,10.42,/AF-P68104-F1-model_v1,86.85875368645061
4136,5,A,86.13,Q05639,11.31,/AF-Q05639-F1-model_v1,29.62312432824936
4137,20,A,92.32,Q05639,8.67,/AF-Q05639-F1-model_v1,11.25946807046582
4138,30,A,83.26,Q05639,10.07,/AF-Q05639-F1-model_v1,49.99739988433036
4139,36,A,81.71,Q05639,10.97,/AF-Q05639-F1-model_v1,79.08435906636707
4140,41,A,84.62,Q05639,10.6,/AF-Q05639-F1-model_v1,78.5481939201544
4141,44,A,82.54,Q05639,10.67,/AF-Q05639-F1-model_v1,78.9503177798139
4142,55,A,80.31,Q05639,11.42,/AF-Q05639-F1-model_v1,31.63374362654683
4143,62,A,73.58,Q05639,10.01,/AF-Q05639-F1-model_v1,92.35444643513034
4144,64,A,71.34,Q05639,10.89,/AF-Q05639-F1-model_v1,88.06512526542909
4145,79,A,81.13,Q05639,10.63,/AF-Q05639-F1-model_v1,37.129436375226575
4146,84,A,89.19,Q05639,10.35,/AF-Q05639-F1-model_v1,77.20778105462277
4147,100,A,71.34,Q05639,9.45,/AF-Q05639-F1-model_v1,78.81627649326074
4148,129,A,81.52,Q05639,10.39,/AF-Q05639-F1-model_v1,105.62453380389366
4149,146,A,89.62,Q05639,9.84,/AF-Q05639-F1-model_v1,101.60329520729871
4150,154,A,96.5,Q05639,10.62,/AF-Q05639-F1-model_v1,30.829495907227837
4151,165,A,97.58,Q05639,10.51,/AF-Q05639-F1-model_v1,98.78842818968226
4152,172,A,97.51,Q05639,10.48,/AF-Q05639-F1-model_v1,99.05651076278858
4153,179,A,95.04,Q05639,10.39,/AF-Q05639-F1-model_v1,90.61190970993923
4154,180,A,89.98,Q05639,10.25,/AF-Q05639-F1-model_v1,89.67362070406706
4155,212,A,95.36,Q05639,10.32,/AF-Q05639-F1-model_v1,77.74394620083542
4156,215,A,96.05,Q05639,10.45,/AF-Q05639-F1-model_v1,95.83951988551263
4157,219,A,89.71,Q05639,10.54,/AF-Q05639-F1-model_v1,98.11822175691643
4158,244,A,91.33,Q05639,10.14,/AF-Q05639-F1-model_v1,52.008019182627834
4159,255,A,88.64,Q05639,10.41,/AF-Q05639-F1-model_v1,105.22240994423416
4160,290,A,94.65,Q05639,11.22,/AF-Q05639-F1-model_v1,34.98477579037594
4161,313,A,86.67,Q05639,10.15,/AF-Q05639-F1-model_v1,71.04188187317719
4162,318,A,92.68,Q05639,10.48,/AF-Q05639-F1-model_v1,93.694859300662
4163,330,A,90.9,Q05639,10.36,/AF-Q05639-F1-model_v1,86.59067111334429
4164,371,A,97.69,Q05639,10.35,/AF-Q05639-F1-model_v1,75.06312046977213
4165,376,A,95.98,Q05639,11.49,/AF-Q05639-F1-model_v1,31.63374362654683
4166,378,A,95.24,Q05639,11.31,/AF-Q05639-F1-model_v1,42.62512912390632
4167,385,A,85.06,Q05639,10.45,/AF-Q05639-F1-model_v1,86.72471239989744
4168,386,A,92.47,Q05639,12.49,/AF-Q05639-F1-model_v1,41.28471625837467
4169,392,A,94.66,Q05639,10.49,/AF-Q05639-F1-model_v1,109.77981368704175
4170,395,A,93.52,Q05639,10.41,/AF-Q05639-F1-model_v1,75.73332690253795
4171,408,A,94.9,Q05639,10.28,/AF-Q05639-F1-model_v1,96.10760245861897
4172,439,A,93.06,Q05639,9.92,/AF-Q05639-F1-model_v1,64.87598269173164
4173,443,A,93.37,Q05639,11.04,/AF-Q05639-F1-model_v1,31.901826199653158
4174,444,A,89.95,Q05639,11.39,/AF-Q05639-F1-model_v1,53.48247333471265
4175,450,A,87.01,Q05639,10.77,/AF-Q05639-F1-model_v1,66.21639555726327
4176,453,A,86.88,Q05639,10.44,/AF-Q05639-F1-model_v1,94.23102444687467
4177,457,A,85.09,Q05639,10.38,/AF-Q05639-F1-model_v1,91.68424000236453
4178,460,A,80.4,Q05639,10.41,/AF-Q05639-F1-model_v1,88.19916655198224
4179,282,B,0.0,P08670,10.43,/3KLT-alt-1_assembled,76.93969848151643
4180,292,D,0.0,P08670,10.44,/3KLT-alt-1_assembled,68.22701485556074
4181,294,D,0.0,P08670,10.27,/3KLT-alt-1_assembled,24.529555439229107
4182,313,A,0.0,P08670,10.27,/3KLT-alt-1_assembled,46.24424386084176
4183,334,A,0.0,P08670,9.99,/3KLT-alt-1_assembled,40.34642725250252
4184,97,A,82.39,P08670,10.31,/AF-P08670-F1-model_v1,66.48447813036961
4185,104,A,89.75,P08670,10.42,/AF-P08670-F1-model_v1,84.58005181504682
4186,120,A,95.5,P08670,10.29,/AF-P08670-F1-model_v1,62.865363393434166
4187,129,A,96.41,P08670,10.54,/AF-P08670-F1-model_v1,81.36306093777085
4188,139,A,78.72,P08670,10.35,/AF-P08670-F1-model_v1,68.89722128832656
4189,143,A,70.51,P08670,10.32,/AF-P08670-F1-model_v1,73.45462503113416
4190,168,A,95.18,P08670,10.82,/AF-P08670-F1-model_v1,80.15668935879239
4191,188,A,90.85,P08670,10.43,/AF-P08670-F1-model_v1,121.03928175750757
4192,223,A,97.56,P08670,10.37,/AF-P08670-F1-model_v1,79.3524416394734
4193,235,A,96.26,P08670,10.38,/AF-P08670-F1-model_v1,76.80565719496327
4194,236,A,97.05,P08670,10.41,/AF-P08670-F1-model_v1,83.23963894951518
4195,282,A,95.79,P08670,10.38,/AF-P08670-F1-model_v1,69.96955158075187
4196,292,A,96.66,P08670,10.87,/AF-P08670-F1-model_v1,63.267487253093655
4197,294,A,96.66,P08670,10.35,/AF-P08670-F1-model_v1,75.73332690253795
4198,313,A,95.19,P08670,10.36,/AF-P08670-F1-model_v1,76.13545076219745
4199,334,A,91.93,P08670,10.51,/AF-P08670-F1-model_v1,79.21840035292023
4200,373,A,97.86,P08670,10.34,/AF-P08670-F1-model_v1,77.4758636277291
4201,390,A,97.58,P08670,11.39,/AF-P08670-F1-model_v1,68.49509742866707
4202,402,A,92.54,P08670,10.56,/AF-P08670-F1-model_v1,79.62052421257972
4203,445,A,76.97,P08670,11.13,/AF-P08670-F1-model_v1,50.53356503054303
4204,36,A,90.99,P08238,10.46,/AF-P08238-F1-model_v1,54.15267976747846
4205,53,A,91.33,P08238,8.84,/AF-P08238-F1-model_v1,15.816871813273414
4206,64,A,90.94,P08238,11.32,/AF-P08238-F1-model_v1,23.591266433356957
4207,69,A,90.57,P08238,10.58,/AF-P08238-F1-model_v1,88.06512526542909
4208,72,A,96.42,P08238,12.06,/AF-P08238-F1-model_v1,32.169908772759484
4209,95,A,95.18,P08238,10.41,/AF-P08238-F1-model_v1,57.77179450441392
4210,107,A,79.49,P08238,10.21,/AF-P08238-F1-model_v1,44.367665849097456
4211,111,A,81.55,P08238,10.63,/AF-P08238-F1-model_v1,57.905835790967075
4212,142,A,96.25,P08238,11.23,/AF-P08238-F1-model_v1,37.3975189483329
4213,148,A,97.07,P08238,9.91,/AF-P08238-F1-model_v1,26.540174737526577
4214,180,A,97.62,P08238,10.07,/AF-P08238-F1-model_v1,55.89521649266961
4215,186,A,95.73,P08238,9.33,/AF-P08238-F1-model_v1,38.60389052731138
4216,199,A,94.37,P08238,12.27,/AF-P08238-F1-model_v1,28.818876608930374
4217,203,A,89.53,P08238,10.07,/AF-P08238-F1-model_v1,75.33120304287846
4218,204,A,86.51,P08238,11.16,/AF-P08238-F1-model_v1,60.05049637581771
4219,219,A,84.16,P08238,11.88,/AF-P08238-F1-model_v1,42.491087837353156
4220,223,A,77.42,P08238,10.77,/AF-P08238-F1-model_v1,71.17592315973036
4221,273,A,74.58,P08238,11.5,/AF-P08238-F1-model_v1,73.320583744581
4222,275,A,81.67,P08238,11.64,/AF-P08238-F1-model_v1,47.04849158016074
4223,284,A,84.55,P08238,10.58,/AF-P08238-F1-model_v1,76.93969848151644
4224,286,A,85.68,P08238,10.36,/AF-P08238-F1-model_v1,107.09898795597846
4225,306,A,92.9,P08238,11.33,/AF-P08238-F1-model_v1,45.17191356841644
4226,319,A,97.33,P08238,10.72,/AF-P08238-F1-model_v1,24.79763801233544
4227,349,A,71.61,P08238,9.4,/AF-P08238-F1-model_v1,38.20176666765189
4228,350,A,72.89,P08238,11.6,/AF-P08238-F1-model_v1,90.61190970993923
4229,354,A,91.17,P08238,8.98,/AF-P08238-F1-model_v1,40.480468539055686
4230,399,A,83.57,P08238,10.45,/AF-P08238-F1-model_v1,110.3159788332544
4231,402,A,88.43,P08238,10.44,/AF-P08238-F1-model_v1,97.8501391838101
4232,406,A,94.04,P08238,10.39,/AF-P08238-F1-model_v1,104.15007965180884
4233,410,A,96.86,P08238,10.28,/AF-P08238-F1-model_v1,72.24825345215568
4234,411,A,97.44,P08238,11.27,/AF-P08238-F1-model_v1,44.50170713565062
4235,423,A,91.93,P08238,10.74,/AF-P08238-F1-model_v1,111.5223504122329
4236,427,A,95.47,P08238,10.68,/AF-P08238-F1-model_v1,80.29073064534555
4237,428,A,95.87,P08238,11.35,/AF-P08238-F1-model_v1,66.75256070347594
4238,435,A,96.14,P08238,10.37,/AF-P08238-F1-model_v1,99.7267171955544
4239,438,A,97.88,P08238,13.33,/AF-P08238-F1-model_v1,4.557403742807594
4240,477,A,93.06,P08238,9.94,/AF-P08238-F1-model_v1,47.31657415326708
4241,481,A,92.33,P08238,10.48,/AF-P08238-F1-model_v1,95.9735611720658
4242,491,A,94.18,P08238,10.77,/AF-P08238-F1-model_v1,38.87197310041771
4243,505,A,93.68,P08238,10.23,/AF-P08238-F1-model_v1,67.95893228245441
4244,526,A,91.59,P08238,10.4,/AF-P08238-F1-model_v1,88.33320783853542
4245,531,A,95.5,P08238,10.23,/AF-P08238-F1-model_v1,43.16129427011897
4246,538,A,93.17,P08238,9.24,/AF-P08238-F1-model_v1,27.88058760305822
4247,550,A,88.99,P08238,11.63,/AF-P08238-F1-model_v1,46.37828514739493
4248,551,A,92.28,P08238,10.43,/AF-P08238-F1-model_v1,72.2482534521557
4249,552,A,91.88,P08238,11.24,/AF-P08238-F1-model_v1,58.1739183640734
4250,557,A,94.39,P08238,10.33,/AF-P08238-F1-model_v1,63.26748725309366
4251,559,A,95.47,P08238,11.03,/AF-P08238-F1-model_v1,45.305954854969606
4252,565,A,95.68,P08238,11.5,/AF-P08238-F1-model_v1,66.0823542707101
4253,568,A,95.82,P08238,10.23,/AF-P08238-F1-model_v1,33.644362924844295
4254,573,A,89.86,P08238,10.64,/AF-P08238-F1-model_v1,80.69285450500504
4255,574,A,88.9,P08238,10.27,/AF-P08238-F1-model_v1,55.62713391956328
4256,577,A,93.42,P08238,11.16,/AF-P08238-F1-model_v1,44.09958327599114
4257,607,A,83.15,P08238,11.16,/AF-P08238-F1-model_v1,42.75917041045948
4258,623,A,79.09,P08238,11.5,/AF-P08238-F1-model_v1,64.07173497241264
4259,624,A,90.61,P08238,9.62,/AF-P08238-F1-model_v1,32.303950059312655
4260,641,A,92.42,P08238,10.52,/AF-P08238-F1-model_v1,71.4440057328367
4261,646,A,81.41,P08238,10.45,/AF-P08238-F1-model_v1,86.8587536864506
4262,649,A,84.41,P08238,10.49,/AF-P08238-F1-model_v1,93.69485930066202
4263,652,A,89.14,P08238,10.37,/AF-P08238-F1-model_v1,51.73993660952151
4264,685,A,87.1,P08238,10.31,/AF-P08238-F1-model_v1,73.85674889079365
4265,27,A,95.87,Q6IS14,10.42,/AF-Q6IS14-F1-model_v1,91.14807485615188
4266,34,A,94.45,Q6IS14,10.52,/AF-Q6IS14-F1-model_v1,76.13545076219745
4267,39,A,97.67,Q6IS14,10.29,/AF-Q6IS14-F1-model_v1,80.4247719318987
4268,47,A,84.94,Q6IS14,10.46,/AF-Q6IS14-F1-model_v1,99.32459333589492
4269,50,A,78.0,Q6IS14,10.46,/AF-Q6IS14-F1-model_v1,86.99279497300378
4270,55,A,92.96,Q6IS14,10.34,/AF-Q6IS14-F1-model_v1,67.82489099590126
4271,67,A,96.19,Q6IS14,11.3,/AF-Q6IS14-F1-model_v1,73.05250117147466
4272,68,A,97.98,Q6IS14,10.7,/AF-Q6IS14-F1-model_v1,63.66961111275315
4273,85,A,92.41,Q6IS14,10.47,/AF-Q6IS14-F1-model_v1,115.14146514916833
4274,121,A,93.98,Q6IS14,10.42,/AF-Q6IS14-F1-model_v1,80.96093707811139
4275,126,A,92.93,Q6IS14,11.45,/AF-Q6IS14-F1-model_v1,41.15067497182151
4276,150,A,92.62,Q6IS14,11.03,/AF-Q6IS14-F1-model_v1,59.24624865649872
4277,5,A,0.0,P06748,10.2,/2LLH-alt-14_assembled/2LLH-alt-9_assembled/2LLH-alt-8_assembled/2LLH-alt-15_assembled/2LLH-alt-17_assembled/2LLH-alt-16_assembled/2LLH-alt-12_assembled/2LLH-alt-13_assembled/2LLH-alt-11_assembled/2LLH-alt-10_assembled/2LLH-alt-1_assembled/2LLH-alt-20_assembled/2LLH-alt-3_assembled/2LLH-alt-2_assembled/2LLH-alt-6_assembled/2LLH-alt-7_assembled/2LLH-alt-18_assembled/2LLH-alt-5_assembled/2LLH-alt-4_assembled/2LLH-alt-19_assembled,57.10158807164808
4278,6,A,0.0,P06748,10.2,/2LLH-alt-14_assembled/2LLH-alt-9_assembled/2LLH-alt-8_assembled/2LLH-alt-15_assembled/2LLH-alt-17_assembled/2LLH-alt-16_assembled/2LLH-alt-12_assembled/2LLH-alt-13_assembled/2LLH-alt-11_assembled/2LLH-alt-10_assembled/2LLH-alt-1_assembled/2LLH-alt-20_assembled/2LLH-alt-3_assembled/2LLH-alt-2_assembled/2LLH-alt-6_assembled/2LLH-alt-7_assembled/2LLH-alt-18_assembled/2LLH-alt-5_assembled/2LLH-alt-4_assembled/2LLH-alt-19_assembled,61.256867954796185
4279,9,A,0.0,P06748,10.26,/2LLH-alt-14_assembled/2LLH-alt-9_assembled/2LLH-alt-8_assembled/2LLH-alt-15_assembled/2LLH-alt-17_assembled/2LLH-alt-16_assembled/2LLH-alt-12_assembled/2LLH-alt-13_assembled/2LLH-alt-11_assembled/2LLH-alt-10_assembled/2LLH-alt-1_assembled/2LLH-alt-20_assembled/2LLH-alt-3_assembled/2LLH-alt-2_assembled/2LLH-alt-6_assembled/2LLH-alt-7_assembled/2LLH-alt-18_assembled/2LLH-alt-5_assembled/2LLH-alt-4_assembled/2LLH-alt-19_assembled,66.61851941692277
4280,12,A,0.0,P06748,10.17,/2LLH-alt-14_assembled/2LLH-alt-9_assembled/2LLH-alt-8_assembled/2LLH-alt-15_assembled/2LLH-alt-17_assembled/2LLH-alt-16_assembled/2LLH-alt-12_assembled/2LLH-alt-13_assembled/2LLH-alt-11_assembled/2LLH-alt-10_assembled/2LLH-alt-1_assembled/2LLH-alt-20_assembled/2LLH-alt-3_assembled/2LLH-alt-2_assembled/2LLH-alt-6_assembled/2LLH-alt-7_assembled/2LLH-alt-18_assembled/2LLH-alt-5_assembled/2LLH-alt-4_assembled/2LLH-alt-19_assembled,115.81167158193415
4281,15,A,0.0,P06748,10.17,/2LLH-alt-14_assembled/2LLH-alt-9_assembled/2LLH-alt-8_assembled/2LLH-alt-15_assembled/2LLH-alt-17_assembled/2LLH-alt-16_assembled/2LLH-alt-12_assembled/2LLH-alt-13_assembled/2LLH-alt-11_assembled/2LLH-alt-10_assembled/2LLH-alt-1_assembled/2LLH-alt-20_assembled/2LLH-alt-3_assembled/2LLH-alt-2_assembled/2LLH-alt-6_assembled/2LLH-alt-7_assembled/2LLH-alt-18_assembled/2LLH-alt-5_assembled/2LLH-alt-4_assembled/2LLH-alt-19_assembled,94.36506573342783
4282,24,A,0.0,P06748,10.09,/2LLH-alt-14_assembled/2LLH-alt-9_assembled/2LLH-alt-8_assembled/2LLH-alt-15_assembled/2LLH-alt-17_assembled/2LLH-alt-16_assembled/2LLH-alt-12_assembled/2LLH-alt-13_assembled/2LLH-alt-11_assembled/2LLH-alt-10_assembled/2LLH-alt-1_assembled/2LLH-alt-20_assembled/2LLH-alt-3_assembled/2LLH-alt-2_assembled/2LLH-alt-6_assembled/2LLH-alt-7_assembled/2LLH-alt-18_assembled/2LLH-alt-5_assembled/2LLH-alt-4_assembled/2LLH-alt-19_assembled,38.33580795420505
4283,26,A,0.0,P06748,10.09,/2LLH-alt-14_assembled/2LLH-alt-9_assembled/2LLH-alt-8_assembled/2LLH-alt-15_assembled/2LLH-alt-17_assembled/2LLH-alt-16_assembled/2LLH-alt-12_assembled/2LLH-alt-13_assembled/2LLH-alt-11_assembled/2LLH-alt-10_assembled/2LLH-alt-1_assembled/2LLH-alt-20_assembled/2LLH-alt-3_assembled/2LLH-alt-2_assembled/2LLH-alt-6_assembled/2LLH-alt-7_assembled/2LLH-alt-18_assembled/2LLH-alt-5_assembled/2LLH-alt-4_assembled/2LLH-alt-19_assembled,78.01202877394175
4284,33,A,0.0,P06748,10.31,/2LLH-alt-14_assembled/2LLH-alt-9_assembled/2LLH-alt-8_assembled/2LLH-alt-15_assembled/2LLH-alt-17_assembled/2LLH-alt-16_assembled/2LLH-alt-12_assembled/2LLH-alt-13_assembled/2LLH-alt-11_assembled/2LLH-alt-10_assembled/2LLH-alt-1_assembled/2LLH-alt-20_assembled/2LLH-alt-3_assembled/2LLH-alt-2_assembled/2LLH-alt-6_assembled/2LLH-alt-7_assembled/2LLH-alt-18_assembled/2LLH-alt-5_assembled/2LLH-alt-4_assembled/2LLH-alt-19_assembled,92.22040514857719
4285,39,A,0.0,P06748,10.08,/2LLH-alt-14_assembled/2LLH-alt-9_assembled/2LLH-alt-8_assembled/2LLH-alt-15_assembled/2LLH-alt-17_assembled/2LLH-alt-16_assembled/2LLH-alt-12_assembled/2LLH-alt-13_assembled/2LLH-alt-11_assembled/2LLH-alt-10_assembled/2LLH-alt-1_assembled/2LLH-alt-20_assembled/2LLH-alt-3_assembled/2LLH-alt-2_assembled/2LLH-alt-6_assembled/2LLH-alt-7_assembled/2LLH-alt-18_assembled/2LLH-alt-5_assembled/2LLH-alt-4_assembled/2LLH-alt-19_assembled,111.65639169878605
4286,43,A,0.0,P06748,10.38,/2LLH-alt-14_assembled/2LLH-alt-9_assembled/2LLH-alt-8_assembled/2LLH-alt-15_assembled/2LLH-alt-17_assembled/2LLH-alt-16_assembled/2LLH-alt-12_assembled/2LLH-alt-13_assembled/2LLH-alt-11_assembled/2LLH-alt-10_assembled/2LLH-alt-1_assembled/2LLH-alt-20_assembled/2LLH-alt-3_assembled/2LLH-alt-2_assembled/2LLH-alt-6_assembled/2LLH-alt-7_assembled/2LLH-alt-18_assembled/2LLH-alt-5_assembled/2LLH-alt-4_assembled/2LLH-alt-19_assembled,106.42878152321263
4287,49,A,0.0,P06748,10.13,/2LLH-alt-14_assembled/2LLH-alt-9_assembled/2LLH-alt-8_assembled/2LLH-alt-15_assembled/2LLH-alt-17_assembled/2LLH-alt-16_assembled/2LLH-alt-12_assembled/2LLH-alt-13_assembled/2LLH-alt-11_assembled/2LLH-alt-10_assembled/2LLH-alt-1_assembled/2LLH-alt-20_assembled/2LLH-alt-3_assembled/2LLH-alt-2_assembled/2LLH-alt-6_assembled/2LLH-alt-7_assembled/2LLH-alt-18_assembled/2LLH-alt-5_assembled/2LLH-alt-4_assembled/2LLH-alt-19_assembled,71.84612959249618
4288,68,A,0.0,P06748,9.86,/2LLH-alt-14_assembled/2LLH-alt-9_assembled/2LLH-alt-8_assembled/2LLH-alt-15_assembled/2LLH-alt-17_assembled/2LLH-alt-16_assembled/2LLH-alt-12_assembled/2LLH-alt-13_assembled/2LLH-alt-11_assembled/2LLH-alt-10_assembled/2LLH-alt-1_assembled/2LLH-alt-20_assembled/2LLH-alt-3_assembled/2LLH-alt-2_assembled/2LLH-alt-6_assembled/2LLH-alt-7_assembled/2LLH-alt-18_assembled/2LLH-alt-5_assembled/2LLH-alt-4_assembled/2LLH-alt-19_assembled,57.63775321786075
4289,53,A,0.0,P00390,10.33,/3DK8-alt1B_assembled/3DK8-alt1A_assembled,83.50772152262151
4290,66,A,0.0,P00390,10.91,/3DK8-alt1B_assembled/3DK8-alt1A_assembled,26.67421602407974
4291,67,A,0.0,P00390,10.06,/3DK8-alt1B_assembled/3DK8-alt1A_assembled,45.305954854969606
4292,100,A,0.0,P00390,11.1,/3DK8-alt1B_assembled/3DK8-alt1A_assembled,19.301945263655693
4293,102,A,0.0,P00390,10.38,/3DK8-alt1B_assembled/3DK8-alt1A_assembled,77.0737397680696
4294,120,A,0.0,P00390,10.3,/3DK8-alt1B_assembled/3DK8-alt1A_assembled,76.26949204875062
4295,137,A,0.0,P00390,10.24,/3DK8-alt1B_assembled/3DK8-alt1A_assembled,77.20778105462276
4296,145,A,0.0,P00390,10.68,/3DK8-alt1B_assembled/3DK8-alt1A_assembled,65.01002397828479
4297,146,A,0.0,P00390,11.32,/3DK8-alt1B_assembled/3DK8-alt1A_assembled,55.62713391956328
4298,212,A,0.0,P00390,10.1,/3DK8-alt1B_assembled/3DK8-alt1A_assembled,72.11421216560252
4299,221,A,0.0,P00390,10.46,/3DK8-alt1B_assembled/3DK8-alt1A_assembled,36.72731251556708
4300,247,A,0.0,P00390,11.32,/3DK8-alt1B_assembled/3DK8-alt1A_assembled,35.118817076929105
4301,252,A,0.0,P00390,10.11,/3DK8-alt1B_assembled/3DK8-alt1A_assembled,57.905835790967075
4302,255,A,0.0,P00390,10.76,/3DK8-alt1B_assembled/3DK8-alt1A_assembled,70.90784058662403
4303,256,A,0.0,P00390,10.12,/3DK8-alt1B_assembled/3DK8-alt1A_assembled,62.46323953377467
4304,302,A,0.0,P00390,10.33,/3DK8-alt1B_assembled/3DK8-alt1A_assembled,53.214390761606325
4305,310,A,0.0,P00390,10.55,/3DK8-alt1B_assembled/3DK8-alt1A_assembled,84.5800518150468
4306,324,A,0.0,P00390,10.32,/3DK8-alt1B_assembled/3DK8-alt1A_assembled,85.65238210747214
4307,335,A,0.0,P00390,10.26,/3DK8-alt1B_assembled/3DK8-alt1A_assembled,73.05250117147466
4308,348,A,0.0,P00390,9.96,/3DK8-alt1B_assembled/3DK8-alt1A_assembled,49.19315216501138
4309,357,A,0.0,P00390,10.44,/3DK8-alt1B_assembled/3DK8-alt1A_assembled,58.71008351028606
4310,361,A,0.0,P00390,10.83,/3DK8-alt1B_assembled/3DK8-alt1A_assembled,35.78902350969493
4311,390,A,0.0,P00390,10.55,/3DK8-alt1B_assembled/3DK8-alt1A_assembled,54.55480362713796
4312,397,A,0.0,P00390,11.88,/3DK8-alt1B_assembled/3DK8-alt1A_assembled,55.09096877335062
4313,412,A,0.0,P00390,11.26,/3DK8-alt1B_assembled/3DK8-alt1A_assembled,80.69285450500504
4314,414,A,0.0,P00390,10.12,/3DK8-alt1B_assembled/3DK8-alt1A_assembled,47.45061543982024
4315,416,A,0.0,P00390,10.59,/3DK8-alt1B_assembled/3DK8-alt1A_assembled,47.316574153267084
4316,420,A,0.0,P00390,11.88,/3DK8-alt1B_assembled/3DK8-alt1A_assembled,9.114807485615188
4317,426,A,0.0,P00390,10.47,/3DK8-alt1B_assembled/3DK8-alt1A_assembled,92.48848772168353
4318,429,A,0.0,P00390,10.68,/3DK8-alt1B_assembled/3DK8-alt1A_assembled,54.956927486797454
4319,452,A,0.0,P00390,10.42,/3DK8-alt1B_assembled/3DK8-alt1A_assembled,53.75055590781898
4320,457,A,0.0,P00390,11.27,/3DK8-alt1B_assembled/3DK8-alt1A_assembled,5.629734035232911
4321,53,A,0.0,P00390,10.32,/3DK9-alt1B_assembled/3DK9-alt1A_assembled,83.64176280917466
4322,66,A,0.0,P00390,10.45,/3DK9-alt1B_assembled/3DK9-alt1A_assembled,18.229614971230376
4323,67,A,0.0,P00390,10.11,/3DK9-alt1B_assembled/3DK9-alt1A_assembled,45.30595485496961
4324,100,A,0.0,P00390,11.09,/3DK9-alt1B_assembled/3DK9-alt1A_assembled,20.10619298297468
4325,102,A,0.0,P00390,10.38,/3DK9-alt1B_assembled/3DK9-alt1A_assembled,77.8779874873886
4326,120,A,0.0,P00390,10.12,/3DK9-alt1B_assembled/3DK9-alt1A_assembled,62.46323953377467
4327,137,A,0.0,P00390,10.33,/3DK9-alt1B_assembled/3DK9-alt1A_assembled,75.5992856159848
4328,145,A,0.0,P00390,10.69,/3DK9-alt1B_assembled/3DK9-alt1A_assembled,73.85674889079365
4329,146,A,0.0,P00390,11.2,/3DK9-alt1B_assembled/3DK9-alt1A_assembled,52.410143042287324
4330,212,A,0.0,P00390,10.12,/3DK9-alt1B_assembled/3DK9-alt1A_assembled,73.18654245802783
4331,221,A,0.0,P00390,10.44,/3DK9-alt1B_assembled/3DK9-alt1A_assembled,35.78902350969493
4332,247,A,0.0,P00390,11.32,/3DK9-alt1B_assembled/3DK9-alt1A_assembled,37.26347766177974
4333,252,A,0.0,P00390,10.02,/3DK9-alt1B_assembled/3DK9-alt1A_assembled,56.2973403523291
4334,255,A,0.0,P00390,10.76,/3DK9-alt1B_assembled/3DK9-alt1A_assembled,73.7227076042405
4335,256,A,0.0,P00390,10.12,/3DK9-alt1B_assembled/3DK9-alt1A_assembled,66.08235427071011
4336,302,A,0.0,P00390,10.33,/3DK9-alt1B_assembled/3DK9-alt1A_assembled,51.87397789607468
4337,310,A,0.0,P00390,10.58,/3DK9-alt1B_assembled/3DK9-alt1A_assembled,81.36306093777087
4338,324,A,0.0,P00390,10.26,/3DK9-alt1B_assembled/3DK9-alt1A_assembled,85.92046468057846
4339,335,A,0.0,P00390,10.29,/3DK9-alt1B_assembled/3DK9-alt1A_assembled,73.99079017734681
4340,348,A,0.0,P00390,9.82,/3DK9-alt1B_assembled/3DK9-alt1A_assembled,51.47185403641518
4341,357,A,0.0,P00390,10.34,/3DK9-alt1B_assembled/3DK9-alt1A_assembled,47.58465672637341
4342,361,A,0.0,P00390,11.04,/3DK9-alt1B_assembled/3DK9-alt1A_assembled,34.98477579037594
4343,390,A,0.0,P00390,10.54,/3DK9-alt1B_assembled/3DK9-alt1A_assembled,54.018638480925304
4344,397,A,0.0,P00390,11.66,/3DK9-alt1B_assembled/3DK9-alt1A_assembled,55.35905134645695
4345,412,A,0.0,P00390,11.43,/3DK9-alt1B_assembled/3DK9-alt1A_assembled,77.74394620083542
4346,414,A,0.0,P00390,10.1,/3DK9-alt1B_assembled/3DK9-alt1A_assembled,47.58465672637341
4347,416,A,0.0,P00390,10.62,/3DK9-alt1B_assembled/3DK9-alt1A_assembled,46.51232643394809
4348,420,A,0.0,P00390,11.83,/3DK9-alt1B_assembled/3DK9-alt1A_assembled,10.05309649148734
4349,426,A,0.0,P00390,10.47,/3DK9-alt1B_assembled/3DK9-alt1A_assembled,97.04589146449112
4350,429,A,0.0,P00390,10.69,/3DK9-alt1B_assembled/3DK9-alt1A_assembled,56.029257779222775
4351,452,A,0.0,P00390,10.41,/3DK9-alt1B_assembled/3DK9-alt1A_assembled,56.56542292543543
4352,457,A,0.0,P00390,11.43,/3DK9-alt1B_assembled/3DK9-alt1A_assembled,5.62973403523291
4353,16,A,0.0,P49419,10.01,/2J6L-alt1A_assembled/2J6L-alt1B_assembled,52.27610175573417
4354,66,C,0.0,P49419,10.33,/2J6L-alt1A_assembled/2J6L-alt1B_assembled,62.06111567411517
4355,67,D,0.0,P49419,9.78,/2J6L-alt1A_assembled/2J6L-alt1B_assembled,43.965541989437966
4356,82,G,0.0,P49419,9.84,/2J6L-alt1A_assembled/2J6L-alt1B_assembled,54.55480362713796
4357,97,F,0.0,P49419,9.86,/2J6L-alt1A_assembled/2J6L-alt1B_assembled,46.11020257428859
4358,111,G,0.0,P49419,9.73,/2J6L-alt1A_assembled/2J6L-alt1B_assembled,2.4127431579569616
4359,191,F,0.0,P49419,7.92,/2J6L-alt1A_assembled/2J6L-alt1B_assembled,6.702064327658226
4360,205,B,0.0,P49419,9.15,/2J6L-alt1A_assembled/2J6L-alt1B_assembled,30.025248187908854
4361,209,E,0.0,P49419,10.79,/2J6L-alt1A_assembled/2J6L-alt1B_assembled,70.77379930007088
4362,215,E,0.0,P49419,10.45,/2J6L-alt1A_assembled/2J6L-alt1B_assembled,85.65238210747214
4363,236,A,0.0,P49419,9.11,/2J6L-alt1A_assembled/2J6L-alt1B_assembled,44.50170713565062
4364,324,H,0.0,P49419,10.2,/2J6L-alt1A_assembled/2J6L-alt1B_assembled,41.15067497182151
4365,348,E,0.0,P49419,8.91,/2J6L-alt1A_assembled/2J6L-alt1B_assembled,44.23362456254429
4366,362,A,0.0,P49419,9.05,/2J6L-alt1A_assembled/2J6L-alt1B_assembled,41.016633685268346
4367,373,B,0.0,P49419,10.55,/2J6L-alt1A_assembled/2J6L-alt1B_assembled,82.30134994364303
4368,410,D,0.0,P49419,10.53,/2J6L-alt1A_assembled/2J6L-alt1B_assembled,72.78441859836833
4369,425,C,0.0,P49419,10.25,/2J6L-alt1A_assembled/2J6L-alt1B_assembled,78.9503177798139
4370,435,D,0.0,P49419,10.24,/2J6L-alt1A_assembled/2J6L-alt1B_assembled,53.61651462126581
4371,447,A,0.0,P49419,10.31,/2J6L-alt1A_assembled/2J6L-alt1B_assembled,31.633743626546828
4372,473,A,0.0,P49419,10.31,/2J6L-alt1A_assembled/2J6L-alt1B_assembled,23.993390293016454
4373,487,C,0.0,P49419,10.84,/2J6L-alt1A_assembled/2J6L-alt1B_assembled,20.7763994157405
4374,325,F,0.0,P49419,10.32,/2J6L-alt1A_assembled/2J6L-alt1B_assembled,76.80565719496327
4375,363,F,0.0,P49419,9.49,/2J6L-alt1A_assembled/2J6L-alt1B_assembled,18.229614971230376
4376,33,L,0.0,P31930,10.41,/5XTE-alt-1_assembled,67.15468456313543
4377,71,L,0.0,P31930,9.54,/5XTE-alt-1_assembled,38.603890527311385
4378,73,A,0.0,P31930,10.12,/5XTE-alt-1_assembled,51.069730176755684
4379,82,A,0.0,P31930,9.93,/5XTE-alt-1_assembled,23.189142573697463
4380,46,B,0.0,P31930,8.63,/5XTE-alt-1_assembled,16.487078246039236
4381,84,C,0.0,P31930,10.09,/5XTE-alt-1_assembled,67.95893228245441
4382,101,N,0.0,P31930,10.46,/5XTE-alt-1_assembled,75.46524432943164
4383,130,C,0.0,P31930,10.27,/5XTE-alt-1_assembled,16.218995672932905
4384,151,C,0.0,P31930,10.45,/5XTE-alt-1_assembled,73.18654245802783
4385,155,C,0.0,P31930,7.74,/5XTE-alt-1_assembled,8.310559766296201
4386,163,N,0.0,P31930,10.07,/5XTE-alt-1_assembled,37.129436375226575
4387,168,C,0.0,P31930,10.0,/5XTE-alt-1_assembled,80.96093707811137
4388,172,N,0.0,P31930,9.18,/5XTE-alt-1_assembled,29.355041755143034
4389,182,N,0.0,P31930,10.5,/5XTE-alt-1_assembled,67.69084970934809
4390,206,N,0.0,P31930,10.08,/5XTE-alt-1_assembled,51.47185403641518
4391,207,C,0.0,P31930,10.67,/5XTE-alt-1_assembled,50.2654824574367
4392,9,O,0.0,P31930,10.36,/5XTE-alt-1_assembled,61.927074387562016
4393,51,D,0.0,P31930,9.86,/5XTE-alt-1_assembled,28.684835322377207
4394,54,D,0.0,P31930,10.65,/5XTE-alt-1_assembled,39.40813824663037
4395,57,D,0.0,P31930,10.49,/5XTE-alt-1_assembled,42.49108783735315
4396,59,D,0.0,P31930,9.63,/5XTE-alt-1_assembled,48.65698701879872
4397,63,D,0.0,P31930,10.52,/5XTE-alt-1_assembled,83.23963894951518
4398,42,P,0.0,P31930,10.16,/5XTE-alt-1_assembled,59.38028994305189
4399,45,E,0.0,P31930,10.5,/5XTE-alt-1_assembled,59.24624865649872
4400,85,E,0.0,P31930,10.47,/5XTE-alt-1_assembled,63.66961111275315
4401,91,P,0.0,P31930,9.51,/5XTE-alt-1_assembled,40.88259239871518
4402,12,F,0.0,P31930,10.51,/5XTE-alt-1_assembled,74.3929140370063
4403,19,Q,0.0,P31930,10.32,/5XTE-alt-1_assembled,60.98878538168986
4404,29,F,0.0,P31930,8.88,/5XTE-alt-1_assembled,20.240234269527846
4405,45,F,0.0,P31930,10.07,/5XTE-alt-1_assembled,52.41014304228733
4406,64,F,0.0,P31930,8.11,/5XTE-alt-1_assembled,19.301945263655693
4407,72,F,0.0,P31930,8.76,/5XTE-alt-1_assembled,17.961532398124046
4408,78,Q,0.0,P31930,10.37,/5XTE-alt-1_assembled,71.84612959249618
4409,83,Q,0.0,P31930,10.68,/5XTE-alt-1_assembled,75.06312046977213
4410,96,F,0.0,P31930,10.57,/5XTE-alt-1_assembled,58.1739183640734
4411,103,F,0.0,P31930,10.36,/5XTE-alt-1_assembled,57.63775321786075
4412,111,Q,0.0,P31930,10.51,/5XTE-alt-1_assembled,72.9184598849215
4413,15,G,0.0,P31930,10.35,/5XTE-alt-1_assembled,83.37368023606834
4414,51,G,0.0,P31930,9.82,/5XTE-alt-1_assembled,27.076339883739234
4415,118,H,0.0,P31930,9.47,/5XTE-alt-1_assembled,29.757165614802524
4416,146,S,0.0,P31930,10.34,/5XTE-alt-1_assembled,33.37628035173797
4417,170,S,0.0,P31930,9.5,/5XTE-alt-1_assembled,49.86335859777721
4418,177,H,0.0,P31930,10.59,/5XTE-alt-1_assembled,58.978166083392395
4419,268,S,0.0,P31930,10.57,/5XTE-alt-1_assembled,21.982770994718983
4420,286,S,0.0,P31930,7.41,/5XTE-alt-1_assembled,7.2382294738708834
4421,291,H,0.0,P31930,11.01,/5XTE-alt-1_assembled,25.333803158548097
4422,310,S,0.0,P31930,8.55,/5XTE-alt-1_assembled,38.87197310041771
4423,318,H,0.0,P31930,9.8,/5XTE-alt-1_assembled,29.489083041696194
4424,325,S,0.0,P31930,10.54,/5XTE-alt-1_assembled,89.27149684440758
4425,315,S,0.0,P31930,6.41,/5XTE-alt-1_assembled,38.603890527311385
4426,6,T,0.0,P31930,11.13,/5XTE-alt-1_assembled,25.46784444510126
4427,12,T,0.0,P31930,10.55,/5XTE-alt-1_assembled,38.20176666765189
4428,217,I,0.0,P31930,7.05,/5XTE-alt-1_assembled,7.372270760424049
4429,227,T,0.0,P31930,8.94,/5XTE-alt-1_assembled,29.489083041696198
4430,269,I,0.0,P31930,10.01,/5XTE-alt-1_assembled,46.646367720501246
4431,287,T,0.0,P31930,9.88,/5XTE-alt-1_assembled,44.76978970875695
4432,311,I,0.0,P31930,10.13,/5XTE-alt-1_assembled,63.803652399306316
4433,375,I,0.0,P31930,10.4,/5XTE-alt-1_assembled,77.8779874873886
4434,378,T,0.0,P31930,9.96,/5XTE-alt-1_assembled,37.53156023488607
4435,42,J,0.0,P31930,10.31,/5XTE-alt-1_assembled,56.83350549854177
4436,66,U,0.0,P31930,9.13,/5XTE-alt-1_assembled,38.73793181386455
4437,92,J,0.0,P31930,10.38,/5XTE-alt-1_assembled,63.53556982619999
4438,98,U,0.0,P31930,10.24,/5XTE-alt-1_assembled,62.061115674115186
4439,109,J,0.0,P31930,10.59,/5XTE-alt-1_assembled,23.189142573697463
4440,159,J,0.0,P31930,10.39,/5XTE-alt-1_assembled,63.401528539646826
4441,162,U,0.0,P31930,8.92,/5XTE-alt-1_assembled,20.642358129187336
4442,199,J,0.0,P31930,9.79,/5XTE-alt-1_assembled,60.58666152203036
4443,231,J,0.0,P31930,10.15,/5XTE-alt-1_assembled,49.32719345156454
4444,250,J,0.0,P31930,10.49,/5XTE-alt-1_assembled,73.85674889079365
4445,300,J,0.0,P31930,9.39,/5XTE-alt-1_assembled,24.39551415267594
4446,315,U,0.0,P31930,10.31,/5XTE-alt-1_assembled,67.55680842279492
4447,352,J,0.0,P31930,10.4,/5XTE-alt-1_assembled,52.54418432884049
4448,359,J,0.0,P31930,10.17,/5XTE-alt-1_assembled,39.006014386970875
4449,375,U,0.0,P31930,8.98,/5XTE-alt-1_assembled,15.146665380507592
4450,377,J,0.0,P31930,8.33,/5XTE-alt-1_assembled,10.455220351146833
4451,379,J,0.0,P31930,10.17,/5XTE-alt-1_assembled,47.31657415326708
4452,429,J,0.0,P31930,10.19,/5XTE-alt-1_assembled,47.45061543982024
4453,430,U,0.0,P31930,10.63,/5XTE-alt-1_assembled,39.542179533183536
4454,436,J,0.0,P31930,8.18,/5XTE-alt-1_assembled,12.867963509103792
4455,85,V,0.0,P31930,10.66,/5XTE-alt-1_assembled,62.329198247221505
4456,99,V,0.0,P31930,9.38,/5XTE-alt-1_assembled,17.827491111570883
4457,102,V,0.0,P31930,10.44,/5XTE-alt-1_assembled,74.3929140370063
4458,111,K,0.0,P31930,9.96,/5XTE-alt-1_assembled,51.87397789607468
4459,134,V,0.0,P31930,8.94,/5XTE-alt-1_assembled,23.45722514680379
4460,138,K,0.0,P31930,10.4,/5XTE-alt-1_assembled,88.19916655198226
4461,142,K,0.0,P31930,10.55,/5XTE-alt-1_assembled,39.54217953318353
4462,163,K,0.0,P31930,10.31,/5XTE-alt-1_assembled,65.41214783794429
4463,210,V,0.0,P31930,10.24,/5XTE-alt-1_assembled,58.039877077520245
4464,225,K,0.0,P31930,9.61,/5XTE-alt-1_assembled,14.208376374635439
4465,248,V,0.0,P31930,10.17,/5XTE-alt-1_assembled,52.544184328840494
4466,336,V,0.0,P31930,9.94,/5XTE-alt-1_assembled,63.803652399306316
4467,364,K,0.0,P31930,9.96,/5XTE-alt-1_assembled,37.93368409454556
4468,392,V,0.0,P31930,9.83,/5XTE-alt-1_assembled,25.333803158548097
4469,447,K,0.0,P31930,9.46,/5XTE-alt-1_assembled,48.65698701879872
4470,85,A,94.87,P31930,11.71,/AF-P31930-F1-model_v1,68.49509742866708
4471,99,A,91.82,P31930,11.4,/AF-P31930-F1-model_v1,35.252858363482275
4472,102,A,91.44,P31930,10.22,/AF-P31930-F1-model_v1,67.95893228245441
4473,111,A,93.32,P31930,10.42,/AF-P31930-F1-model_v1,69.43338643453922
4474,134,A,98.32,P31930,10.19,/AF-P31930-F1-model_v1,64.20577625896581
4475,138,A,97.33,P31930,10.75,/AF-P31930-F1-model_v1,71.8461295924962
4476,142,A,97.5,P31930,12.01,/AF-P31930-F1-model_v1,34.180528071056955
4477,163,A,95.62,P31930,10.28,/AF-P31930-F1-model_v1,59.91645508926454
4478,210,A,96.75,P31930,11.4,/AF-P31930-F1-model_v1,65.54618912449746
4479,225,A,94.89,P31930,9.72,/AF-P31930-F1-model_v1,12.73392222255063
4480,248,A,97.58,P31930,10.25,/AF-P31930-F1-model_v1,74.12483146389998
4481,336,A,94.79,P31930,10.44,/AF-P31930-F1-model_v1,93.96294187376833
4482,364,A,97.25,P31930,11.35,/AF-P31930-F1-model_v1,34.582651930716445
4483,392,A,97.45,P31930,9.51,/AF-P31930-F1-model_v1,13.538169941869617
4484,447,A,97.54,P31930,12.46,/AF-P31930-F1-model_v1,56.43138163888227
4485,45,A,97.19,Q9UFN0,10.39,/AF-Q9UFN0-F1-model_v1,49.46123473811771
4486,48,A,96.84,Q9UFN0,11.44,/AF-Q9UFN0-F1-model_v1,39.40813824663037
4487,58,A,97.05,Q9UFN0,10.37,/AF-Q9UFN0-F1-model_v1,90.20978585027973
4488,89,A,97.75,Q9UFN0,11.75,/AF-Q9UFN0-F1-model_v1,39.40813824663037
4489,101,A,98.16,Q9UFN0,11.46,/AF-Q9UFN0-F1-model_v1,67.42276713624176
4490,105,A,97.32,Q9UFN0,10.48,/AF-Q9UFN0-F1-model_v1,94.9012308796405
4491,107,A,97.43,Q9UFN0,10.45,/AF-Q9UFN0-F1-model_v1,94.63314830653415
4492,123,A,96.95,Q9UFN0,11.57,/AF-Q9UFN0-F1-model_v1,62.19515696066834
4493,136,A,93.13,Q9UFN0,10.44,/AF-Q9UFN0-F1-model_v1,120.50311661129491
4494,139,A,94.51,Q9UFN0,10.41,/AF-Q9UFN0-F1-model_v1,110.85214397946706
4495,142,A,94.83,Q9UFN0,11.39,/AF-Q9UFN0-F1-model_v1,59.514331229605055
4496,154,A,95.99,Q9UFN0,10.22,/AF-Q9UFN0-F1-model_v1,59.24624865649872
4497,166,A,97.41,Q9UFN0,10.26,/AF-Q9UFN0-F1-model_v1,51.203771463308854
4498,179,A,97.64,Q9UFN0,10.55,/AF-Q9UFN0-F1-model_v1,41.41875754492784
4499,212,A,96.73,Q9UFN0,10.38,/AF-Q9UFN0-F1-model_v1,96.10760245861897
4500,247,A,83.97,Q9UFN0,10.54,/AF-Q9UFN0-F1-model_v1,79.88860678568605
4501,61,A,97.69,P07954,10.35,/AF-P07954-F1-model_v1,60.4526202354772
4502,66,A,98.31,P07954,10.2,/AF-P07954-F1-model_v1,29.221000468589864
4503,80,A,97.66,P07954,10.31,/AF-P07954-F1-model_v1,68.36105614211391
4504,94,A,98.86,P07954,10.27,/AF-P07954-F1-model_v1,63.66961111275315
4505,100,A,98.84,P07954,6.53,/AF-P07954-F1-model_v1,1.3404128655316452
4506,115,A,98.43,P07954,10.46,/AF-P07954-F1-model_v1,88.46724912508859
4507,122,A,98.81,P07954,10.37,/AF-P07954-F1-model_v1,87.52896011921644
4508,131,A,98.68,P07954,11.61,/AF-P07954-F1-model_v1,70.23763415385821
4509,172,A,98.35,P07954,10.27,/AF-P07954-F1-model_v1,45.708078714629096
4510,183,A,98.55,P07954,9.93,/AF-P07954-F1-model_v1,28.684835322377207
4511,213,A,98.86,P07954,11.39,/AF-P07954-F1-model_v1,44.903830995310116
4512,221,A,98.8,P07954,10.56,/AF-P07954-F1-model_v1,8.846724912508858
4513,223,A,98.8,P07954,11.49,/AF-P07954-F1-model_v1,71.98017087904935
4514,230,A,98.82,P07954,10.96,/AF-P07954-F1-model_v1,9.248848772168353
4515,256,A,98.88,P07954,10.47,/AF-P07954-F1-model_v1,67.15468456313542
4516,263,A,98.87,P07954,10.19,/AF-P07954-F1-model_v1,77.4758636277291
4517,292,A,98.8,P07954,11.91,/AF-P07954-F1-model_v1,45.842120001182266
4518,296,A,98.84,P07954,11.21,/AF-P07954-F1-model_v1,41.954922691140496
4519,311,A,98.68,P07954,8.97,/AF-P07954-F1-model_v1,11.661591930125315
4520,337,A,98.89,P07954,11.04,/AF-P07954-F1-model_v1,54.28672105403163
4521,371,A,96.1,P07954,10.31,/AF-P07954-F1-model_v1,56.02925777922277
4522,409,A,98.77,P07954,6.84,/AF-P07954-F1-model_v1,1.3404128655316452
4523,414,A,98.89,P07954,9.94,/AF-P07954-F1-model_v1,63.669611112753145
4524,447,A,98.47,P07954,11.24,/AF-P07954-F1-model_v1,60.98878538168985
4525,467,A,98.29,P07954,10.4,/AF-P07954-F1-model_v1,57.90583579096708
4526,470,A,98.28,P07954,10.45,/AF-P07954-F1-model_v1,63.93769368585947
4527,473,A,97.96,P07954,10.53,/AF-P07954-F1-model_v1,82.83751508985567
4528,477,A,98.23,P07954,10.37,/AF-P07954-F1-model_v1,83.5077215226215
4529,483,A,98.52,P07954,11.31,/AF-P07954-F1-model_v1,34.046486784503784
4530,502,A,97.81,P07954,10.35,/AF-P07954-F1-model_v1,38.46984924075822
4531,504,A,97.78,P07954,10.6,/AF-P07954-F1-model_v1,73.99079017734682
4532,510,A,91.07,P07954,10.51,/AF-P07954-F1-model_v1,63.80365239930631
4533,41,A,93.52,Q14568,10.41,/AF-Q14568-F1-model_v1,47.85273929947974
4534,58,A,94.03,Q14568,8.75,/AF-Q14568-F1-model_v1,22.921060000591133
4535,69,A,94.67,Q14568,11.4,/AF-Q14568-F1-model_v1,26.13805087786708
4536,74,A,94.22,Q14568,10.56,/AF-Q14568-F1-model_v1,105.22240994423416
4537,84,A,93.91,Q14568,11.26,/AF-Q14568-F1-model_v1,65.01002397828479
4538,100,A,97.48,Q14568,10.39,/AF-Q14568-F1-model_v1,56.431381638882264
4539,112,A,81.69,Q14568,10.19,/AF-Q14568-F1-model_v1,51.20377146330885
4540,116,A,83.23,Q14568,10.64,/AF-Q14568-F1-model_v1,71.57804701938986
4541,147,A,97.67,Q14568,10.5,/AF-Q14568-F1-model_v1,47.04849158016075
4542,153,A,98.23,Q14568,10.02,/AF-Q14568-F1-model_v1,32.03586748620632
4543,185,A,98.34,Q14568,10.13,/AF-Q14568-F1-model_v1,54.956927486797454
4544,191,A,97.3,Q14568,9.3,/AF-Q14568-F1-model_v1,36.59327122901391
4545,204,A,95.67,Q14568,12.23,/AF-Q14568-F1-model_v1,30.56141333412151
4546,208,A,92.27,Q14568,10.21,/AF-Q14568-F1-model_v1,79.48648292602657
4547,209,A,91.68,Q14568,11.31,/AF-Q14568-F1-model_v1,69.56742772109239
4548,224,A,83.04,Q14568,11.86,/AF-Q14568-F1-model_v1,39.81026210628987
4549,280,A,72.95,Q14568,11.63,/AF-Q14568-F1-model_v1,74.52695532355948
4550,282,A,80.69,Q14568,11.67,/AF-Q14568-F1-model_v1,57.771794504413904
4551,291,A,86.73,Q14568,10.6,/AF-Q14568-F1-model_v1,87.52896011921644
4552,293,A,83.37,Q14568,10.43,/AF-Q14568-F1-model_v1,119.96695146508225
4553,313,A,90.75,Q14568,11.41,/AF-Q14568-F1-model_v1,30.15928947446202
4554,326,A,96.41,Q14568,10.37,/AF-Q14568-F1-model_v1,83.5077215226215
4555,111,A,0.0,Q16531,10.15,/3EI2-alt1B_assembled/3EI2-alt1A_assembled,45.03787228186329
4556,135,A,0.0,Q16531,10.08,/3EI2-alt1B_assembled/3EI2-alt1A_assembled,53.61651462126581
4557,138,A,0.0,Q16531,10.48,/3EI2-alt1B_assembled/3EI2-alt1A_assembled,76.0014094756443
4558,168,A,0.0,Q16531,8.91,/3EI2-alt1B_assembled/3EI2-alt1A_assembled,39.40813824663037
4559,182,A,0.0,Q16531,11.12,/3EI2-alt1B_assembled/3EI2-alt1A_assembled,54.420762340584794
4560,199,A,0.0,Q16531,12.54,/3EI2-alt1B_assembled/3EI2-alt1A_assembled,46.51232643394809
4561,232,A,0.0,Q16531,10.36,/3EI2-alt1B_assembled/3EI2-alt1A_assembled,69.1653038614329
4562,273,A,0.0,Q16531,9.96,/3EI2-alt1B_assembled/3EI2-alt1A_assembled,45.842120001182266
4563,275,A,0.0,Q16531,9.84,/3EI2-alt1B_assembled/3EI2-alt1A_assembled,48.12082187258606
4564,278,A,0.0,Q16531,10.63,/3EI2-alt1B_assembled/3EI2-alt1A_assembled,87.26087754611011
4565,280,A,0.0,Q16531,10.21,/3EI2-alt1B_assembled/3EI2-alt1A_assembled,45.842120001182266
4566,304,A,0.0,Q16531,9.5,/3EI2-alt1B_assembled/3EI2-alt1A_assembled,14.074335088082275
4567,312,A,0.0,Q16531,10.58,/3EI2-alt1B_assembled/3EI2-alt1A_assembled,69.29934514798606
4568,314,A,0.0,Q16531,10.17,/3EI2-alt1B_assembled/3EI2-alt1A_assembled,68.7631800017734
4569,325,A,0.0,Q16531,10.01,/3EI2-alt1B_assembled/3EI2-alt1A_assembled,45.439996141522776
4570,339,A,0.0,Q16531,10.3,/3EI2-alt1B_assembled/3EI2-alt1A_assembled,15.816871813273412
4571,359,A,0.0,Q16531,10.85,/3EI2-alt1B_assembled/3EI2-alt1A_assembled,65.27810655139112
4572,378,A,0.0,Q16531,8.03,/3EI2-alt1B_assembled/3EI2-alt1A_assembled,38.73793181386455
4573,403,A,0.0,Q16531,10.2,/3EI2-alt1B_assembled/3EI2-alt1A_assembled,47.04849158016075
4574,433,A,0.0,Q16531,12.22,/3EI2-alt1B_assembled/3EI2-alt1A_assembled,40.34642725250252
4575,111,A,0.0,Q16531,10.1,/3EI3-alt1B_assembled/3EI3-alt1A_assembled,31.09757848033417
4576,135,A,0.0,Q16531,9.79,/3EI3-alt1B_assembled/3EI3-alt1A_assembled,28.01462888961138
4577,138,A,0.0,Q16531,10.4,/3EI3-alt1B_assembled/3EI3-alt1A_assembled,67.82489099590126
4578,168,A,0.0,Q16531,9.36,/3EI3-alt1B_assembled/3EI3-alt1A_assembled,48.12082187258606
4579,182,A,0.0,Q16531,11.32,/3EI3-alt1B_assembled/3EI3-alt1A_assembled,44.903830995310116
4580,199,A,0.0,Q16531,12.4,/3EI3-alt1B_assembled/3EI3-alt1A_assembled,47.04849158016074
4581,232,A,0.0,Q16531,9.49,/3EI3-alt1B_assembled/3EI3-alt1A_assembled,27.076339883739237
4582,273,A,0.0,Q16531,10.46,/3EI3-alt1B_assembled/3EI3-alt1A_assembled,49.193152165011384
4583,275,A,0.0,Q16531,9.78,/3EI3-alt1B_assembled/3EI3-alt1A_assembled,31.76778491309999
4584,278,A,0.0,Q16531,10.57,/3EI3-alt1B_assembled/3EI3-alt1A_assembled,85.92046468057846
4585,280,A,0.0,Q16531,10.24,/3EI3-alt1B_assembled/3EI3-alt1A_assembled,43.965541989437966
4586,304,A,0.0,Q16531,9.42,/3EI3-alt1B_assembled/3EI3-alt1A_assembled,11.125426783912657
4587,312,A,0.0,Q16531,10.42,/3EI3-alt1B_assembled/3EI3-alt1A_assembled,75.1971617563253
4588,314,A,0.0,Q16531,10.21,/3EI3-alt1B_assembled/3EI3-alt1A_assembled,58.5760422237329
4589,325,A,0.0,Q16531,10.27,/3EI3-alt1B_assembled/3EI3-alt1A_assembled,50.53356503054303
4590,339,A,0.0,Q16531,10.24,/3EI3-alt1B_assembled/3EI3-alt1A_assembled,15.280706667060755
4591,359,A,0.0,Q16531,11.66,/3EI3-alt1B_assembled/3EI3-alt1A_assembled,68.76318000177339
4592,378,A,0.0,Q16531,8.97,/3EI3-alt1B_assembled/3EI3-alt1A_assembled,42.62512912390632
4593,403,A,0.0,Q16531,10.21,/3EI3-alt1B_assembled/3EI3-alt1A_assembled,54.28672105403163
4594,433,A,0.0,Q16531,9.95,/3EI3-alt1B_assembled/3EI3-alt1A_assembled,41.150674971821516
4595,34,A,78.02,P35580,10.19,/AF-P35580-F1-model_v1,56.43138163888227
4596,51,A,88.31,P35580,11.2,/AF-P35580-F1-model_v1,36.72731251556708
4597,67,A,85.22,P35580,10.45,/AF-P35580-F1-model_v1,76.40353333530378
4598,68,A,87.49,P35580,10.6,/AF-P35580-F1-model_v1,61.12282666824302
4599,73,A,81.99,P35580,10.8,/AF-P35580-F1-model_v1,67.15468456313543
4600,78,A,82.5,P35580,10.74,/AF-P35580-F1-model_v1,48.65698701879872
4601,83,A,72.14,P35580,10.25,/AF-P35580-F1-model_v1,72.9184598849215
4602,86,A,87.01,P35580,10.11,/AF-P35580-F1-model_v1,39.006014386970875
4603,106,A,93.34,P35580,9.99,/AF-P35580-F1-model_v1,59.51433122960505
4604,129,A,87.86,P35580,10.79,/AF-P35580-F1-model_v1,80.96093707811137
4605,145,A,87.75,P35580,10.55,/AF-P35580-F1-model_v1,47.04849158016074
4606,146,A,79.93,P35580,12.2,/AF-P35580-F1-model_v1,23.055101287144296
4607,184,A,89.24,P35580,9.22,/AF-P35580-F1-model_v1,8.042477193189871
4608,189,A,90.56,P35580,13.37,/AF-P35580-F1-model_v1,33.91244549795063
4609,190,A,93.12,P35580,9.21,/AF-P35580-F1-model_v1,39.14005567352404
4610,232,A,90.06,P35580,10.7,/AF-P35580-F1-model_v1,17.559408538464552
4611,235,A,80.36,P35580,9.96,/AF-P35580-F1-model_v1,37.66560152143923
4612,244,A,88.45,P35580,10.26,/AF-P35580-F1-model_v1,15.950913099826579
4613,268,A,83.92,P35580,13.18,/AF-P35580-F1-model_v1,38.87197310041771
4614,276,A,85.1,P35580,11.61,/AF-P35580-F1-model_v1,85.65238210747212
4615,296,A,91.92,P35580,9.72,/AF-P35580-F1-model_v1,32.43799134586581
4616,323,A,92.93,P35580,10.52,/AF-P35580-F1-model_v1,69.29934514798606
4617,348,A,95.21,P35580,11.05,/AF-P35580-F1-model_v1,35.654982223141765
4618,362,A,89.99,P35580,10.39,/AF-P35580-F1-model_v1,76.26949204875062
4619,363,A,90.05,P35580,11.61,/AF-P35580-F1-model_v1,46.780409007054416
4620,380,A,93.65,P35580,11.31,/AF-P35580-F1-model_v1,45.97616128773544
4621,402,A,70.97,P35580,10.47,/AF-P35580-F1-model_v1,31.499702339993664
4622,410,A,84.59,P35580,10.09,/AF-P35580-F1-model_v1,67.42276713624176
4623,414,A,90.86,P35580,11.42,/AF-P35580-F1-model_v1,40.21238596594935
4624,426,A,89.26,P35580,10.15,/AF-P35580-F1-model_v1,25.869968304760754
4625,442,A,89.57,P35580,10.29,/AF-P35580-F1-model_v1,97.98418047036327
4626,482,A,91.3,P35580,9.28,/AF-P35580-F1-model_v1,19.033862690549363
4627,543,A,79.83,P35580,10.43,/AF-P35580-F1-model_v1,89.40553813096074
4628,547,A,88.14,P35580,11.05,/AF-P35580-F1-model_v1,69.29934514798606
4629,552,A,90.32,P35580,11.95,/AF-P35580-F1-model_v1,28.416752749270877
4630,562,A,92.4,P35580,10.42,/AF-P35580-F1-model_v1,45.30595485496961
4631,565,A,81.79,P35580,10.14,/AF-P35580-F1-model_v1,50.53356503054303
4632,583,A,88.8,P35580,11.45,/AF-P35580-F1-model_v1,44.76978970875695
4633,587,A,89.47,P35580,10.17,/AF-P35580-F1-model_v1,39.2740969600772
4634,594,A,80.54,P35580,11.23,/AF-P35580-F1-model_v1,30.15928947446202
4635,620,A,84.88,P35580,10.7,/AF-P35580-F1-model_v1,53.34843204815948
4636,658,A,85.22,P35580,9.9,/AF-P35580-F1-model_v1,45.439996141522776
4637,663,A,84.51,P35580,11.11,/AF-P35580-F1-model_v1,77.34182234117594
4638,685,A,83.87,P35580,9.99,/AF-P35580-F1-model_v1,25.601885731654423
4639,689,A,92.31,P35580,11.37,/AF-P35580-F1-model_v1,54.82288620024429
4640,738,A,78.96,P35580,10.13,/AF-P35580-F1-model_v1,59.64837251615822
4641,744,A,90.3,P35580,10.2,/AF-P35580-F1-model_v1,33.91244549795063
4642,767,A,92.08,P35580,11.13,/AF-P35580-F1-model_v1,52.142060469181004
4643,785,A,86.53,P35580,10.48,/AF-P35580-F1-model_v1,77.4758636277291
4644,804,A,92.0,P35580,10.62,/AF-P35580-F1-model_v1,72.516336025262
4645,808,A,92.05,P35580,10.42,/AF-P35580-F1-model_v1,74.1248314639
4646,809,A,92.31,P35580,10.42,/AF-P35580-F1-model_v1,80.15668935879239
4647,817,A,93.66,P35580,10.39,/AF-P35580-F1-model_v1,73.7227076042405
4648,828,A,89.87,P35580,10.44,/AF-P35580-F1-model_v1,84.31196924194049
4649,840,A,87.67,P35580,10.39,/AF-P35580-F1-model_v1,88.73533169819491
4650,842,A,85.71,P35580,10.36,/AF-P35580-F1-model_v1,70.10359286730505
4651,857,A,88.42,P35580,11.4,/AF-P35580-F1-model_v1,62.59728082032783
4652,863,A,87.92,P35580,11.53,/AF-P35580-F1-model_v1,56.83350549854176
4653,865,A,90.23,P35580,10.43,/AF-P35580-F1-model_v1,100.26288234176707
4654,867,A,87.1,P35580,10.36,/AF-P35580-F1-model_v1,88.06512526542909
4655,870,A,85.21,P35580,11.4,/AF-P35580-F1-model_v1,73.45462503113416
4656,881,A,81.82,P35580,11.92,/AF-P35580-F1-model_v1,33.91244549795063
4657,889,A,84.88,P35580,10.39,/AF-P35580-F1-model_v1,83.105597662962
4658,916,A,87.33,P35580,10.54,/AF-P35580-F1-model_v1,76.40353333530378
4659,917,A,86.16,P35580,11.27,/AF-P35580-F1-model_v1,49.46123473811771
4660,945,A,75.63,P35580,11.28,/AF-P35580-F1-model_v1,56.43138163888226
4661,946,A,78.57,P35580,10.28,/AF-P35580-F1-model_v1,67.69084970934809
4662,947,A,81.11,P35580,10.5,/AF-P35580-F1-model_v1,81.36306093777087
4663,9,A,74.89,Q96C19,10.4,/AF-Q96C19-F1-model_v1,83.105597662962
4664,58,A,81.98,Q96C19,11.1,/AF-Q96C19-F1-model_v1,72.9184598849215
4665,87,A,86.35,Q96C19,10.42,/AF-Q96C19-F1-model_v1,98.25226304346961
4666,92,A,87.13,Q96C19,10.71,/AF-Q96C19-F1-model_v1,102.13946035351137
4667,95,A,91.62,Q96C19,10.6,/AF-Q96C19-F1-model_v1,84.44601052849364
4668,99,A,92.59,Q96C19,10.55,/AF-Q96C19-F1-model_v1,108.30535953495693
4669,102,A,92.72,Q96C19,11.51,/AF-Q96C19-F1-model_v1,76.13545076219746
4670,118,A,93.64,Q96C19,10.62,/AF-Q96C19-F1-model_v1,78.41415263360125
4671,123,A,90.3,Q96C19,10.44,/AF-Q96C19-F1-model_v1,74.92907918321896
4672,134,A,94.06,Q96C19,10.17,/AF-Q96C19-F1-model_v1,83.90984538228099
4673,138,A,92.19,Q96C19,10.37,/AF-Q96C19-F1-model_v1,96.91185017793795
4674,147,A,92.42,Q96C19,10.73,/AF-Q96C19-F1-model_v1,48.92506959190504
4675,159,A,89.12,Q96C19,11.3,/AF-Q96C19-F1-model_v1,52.81226690194683
4676,212,A,78.81,Q96C19,10.44,/AF-Q96C19-F1-model_v1,84.71409310159999
4677,219,A,86.92,Q96C19,10.43,/AF-Q96C19-F1-model_v1,83.5077215226215
4678,220,A,88.38,Q96C19,10.43,/AF-Q96C19-F1-model_v1,83.5077215226215
4679,226,A,89.75,Q96C19,10.44,/AF-Q96C19-F1-model_v1,85.11621696125948
4680,229,A,83.72,Q96C19,10.42,/AF-Q96C19-F1-model_v1,84.04388666883415
4681,233,A,82.9,Q96C19,10.44,/AF-Q96C19-F1-model_v1,85.11621696125948
4682,6,A,94.0,O75083,10.48,/AF-O75083-F1-model_v1,50.93568889020252
4683,7,A,94.48,O75083,9.88,/AF-O75083-F1-model_v1,38.20176666765189
4684,21,A,98.14,O75083,7.12,/AF-O75083-F1-model_v1,11.527550643572148
4685,28,A,93.55,O75083,10.43,/AF-O75083-F1-model_v1,99.59267590900124
4686,38,A,97.91,O75083,10.07,/AF-O75083-F1-model_v1,51.73993660952151
4687,65,A,98.64,O75083,9.39,/AF-O75083-F1-model_v1,30.29333076101518
4688,81,A,98.36,O75083,11.32,/AF-O75083-F1-model_v1,50.667606317096194
4689,90,A,87.76,O75083,10.6,/AF-O75083-F1-model_v1,122.11161204993289
4690,95,A,97.85,O75083,10.77,/AF-O75083-F1-model_v1,53.482473334712644
4691,104,A,98.08,O75083,10.51,/AF-O75083-F1-model_v1,57.50371193130758
4692,106,A,98.53,O75083,9.19,/AF-O75083-F1-model_v1,49.99739988433037
4693,115,A,97.93,O75083,10.5,/AF-O75083-F1-model_v1,86.85875368645061
4694,126,A,95.05,O75083,9.95,/AF-O75083-F1-model_v1,50.39952374398986
4695,147,A,97.58,O75083,10.47,/AF-O75083-F1-model_v1,65.0100239782848
4696,155,A,98.57,O75083,9.11,/AF-O75083-F1-model_v1,8.712683625955695
4697,180,A,98.12,O75083,10.47,/AF-O75083-F1-model_v1,76.93969848151644
4698,182,A,97.83,O75083,10.08,/AF-O75083-F1-model_v1,36.057106082801255
4699,219,A,97.99,O75083,10.39,/AF-O75083-F1-model_v1,80.96093707811137
4700,223,A,97.77,O75083,11.64,/AF-O75083-F1-model_v1,51.20377146330885
4701,231,A,93.24,O75083,10.48,/AF-O75083-F1-model_v1,64.6079001186253
4702,256,A,98.4,O75083,10.2,/AF-O75083-F1-model_v1,36.995395088673405
4703,259,A,98.67,O75083,9.84,/AF-O75083-F1-model_v1,24.797638012335437
4704,289,A,94.13,O75083,10.36,/AF-O75083-F1-model_v1,58.44200093717973
4705,311,A,94.88,O75083,10.43,/AF-O75083-F1-model_v1,81.49710222432404
4706,317,A,95.11,O75083,11.46,/AF-O75083-F1-model_v1,32.97415649207847
4707,321,A,96.37,O75083,10.21,/AF-O75083-F1-model_v1,86.99279497300378
4708,330,A,91.56,O75083,10.44,/AF-O75083-F1-model_v1,75.33120304287846
4709,334,A,92.24,O75083,11.87,/AF-O75083-F1-model_v1,61.52495052790252
4710,362,A,91.04,O75083,10.45,/AF-O75083-F1-model_v1,105.08836865768099
4711,405,A,96.57,O75083,10.42,/AF-O75083-F1-model_v1,95.57143731240632
4712,411,A,98.05,O75083,11.63,/AF-O75083-F1-model_v1,21.98277099471898
4713,433,A,95.08,O75083,11.68,/AF-O75083-F1-model_v1,35.118817076929105
4714,437,A,95.65,O75083,11.33,/AF-O75083-F1-model_v1,34.98477579037594
4715,480,A,96.56,O75083,11.4,/AF-O75083-F1-model_v1,50.53356503054303
4716,484,A,95.35,O75083,10.17,/AF-O75083-F1-model_v1,48.52294573224556
4717,489,A,95.51,O75083,11.41,/AF-O75083-F1-model_v1,53.884597194372134
4718,511,A,97.73,O75083,10.33,/AF-O75083-F1-model_v1,51.33781274986202
4719,534,A,97.56,O75083,10.04,/AF-O75083-F1-model_v1,60.4526202354772
4720,569,A,96.36,O75083,11.21,/AF-O75083-F1-model_v1,33.778404211397465
4721,600,A,97.46,O75083,9.27,/AF-O75083-F1-model_v1,45.708078714629096
4722,109,A,96.89,Q8NBJ5,10.39,/AF-Q8NBJ5-F1-model_v1,89.80766199062023
4723,133,A,91.35,Q8NBJ5,10.44,/AF-Q8NBJ5-F1-model_v1,36.593271229013915
4724,145,A,98.39,Q8NBJ5,11.98,/AF-Q8NBJ5-F1-model_v1,49.193152165011384
4725,152,A,98.48,Q8NBJ5,11.37,/AF-Q8NBJ5-F1-model_v1,64.87598269173164
4726,185,A,98.42,Q8NBJ5,10.57,/AF-Q8NBJ5-F1-model_v1,43.56341812977847
4727,212,A,90.89,Q8NBJ5,10.39,/AF-Q8NBJ5-F1-model_v1,87.79704269232276
4728,222,A,93.19,Q8NBJ5,10.25,/AF-Q8NBJ5-F1-model_v1,86.59067111334429
4729,244,A,98.03,Q8NBJ5,10.09,/AF-Q8NBJ5-F1-model_v1,28.014628889611387
4730,274,A,95.32,Q8NBJ5,10.25,/AF-Q8NBJ5-F1-model_v1,76.53757462185695
4731,285,A,98.31,Q8NBJ5,11.26,/AF-Q8NBJ5-F1-model_v1,51.069730176755684
4732,318,A,89.92,Q8NBJ5,10.48,/AF-Q8NBJ5-F1-model_v1,97.8501391838101
4733,333,A,90.02,Q8NBJ5,9.45,/AF-Q8NBJ5-F1-model_v1,58.442000937179735
4734,337,A,98.49,Q8NBJ5,11.36,/AF-Q8NBJ5-F1-model_v1,22.384894854378473
4735,378,A,88.23,Q8NBJ5,10.23,/AF-Q8NBJ5-F1-model_v1,99.99479976866073
4736,407,A,90.09,Q8NBJ5,10.86,/AF-Q8NBJ5-F1-model_v1,10.455220351146833
4737,421,A,98.65,Q8NBJ5,10.73,/AF-Q8NBJ5-F1-model_v1,72.38229473870885
4738,430,A,98.46,Q8NBJ5,11.11,/AF-Q8NBJ5-F1-model_v1,36.191147369354425
4739,445,A,97.04,Q8NBJ5,10.55,/AF-Q8NBJ5-F1-model_v1,30.963537193781004
4740,470,A,90.8,Q8NBJ5,8.43,/AF-Q8NBJ5-F1-model_v1,6.165899181445568
4741,479,A,92.59,Q8NBJ5,11.5,/AF-Q8NBJ5-F1-model_v1,77.0737397680696
4742,508,A,98.7,Q8NBJ5,10.76,/AF-Q8NBJ5-F1-model_v1,21.84872970816582
4743,517,A,93.63,Q8NBJ5,10.14,/AF-Q8NBJ5-F1-model_v1,38.46984924075822
4744,531,A,95.13,Q8NBJ5,10.73,/AF-Q8NBJ5-F1-model_v1,51.203771463308854
4745,538,A,93.88,Q8NBJ5,10.45,/AF-Q8NBJ5-F1-model_v1,23.055101287144296
4746,583,A,78.81,Q8NBJ5,10.46,/AF-Q8NBJ5-F1-model_v1,96.37568503172528
4747,34,A,90.77,Q58FG0,10.87,/AF-Q58FG0-F1-model_v1,41.016633685268346
4748,38,A,88.9,Q58FG0,10.18,/AF-Q58FG0-F1-model_v1,68.09297356900758
4749,39,A,88.92,Q58FG0,10.3,/AF-Q58FG0-F1-model_v1,83.37368023606834
4750,54,A,77.89,Q58FG0,11.2,/AF-Q58FG0-F1-model_v1,47.58465672637341
4751,55,A,74.54,Q58FG0,10.99,/AF-Q58FG0-F1-model_v1,66.75256070347594
4752,116,A,85.66,Q58FG0,10.5,/AF-Q58FG0-F1-model_v1,76.80565719496329
4753,118,A,86.87,Q58FG0,10.43,/AF-Q58FG0-F1-model_v1,92.75657029478985
4754,151,A,90.25,Q58FG0,10.47,/AF-Q58FG0-F1-model_v1,114.4712587164025
4755,174,A,75.57,Q58FG0,10.44,/AF-Q58FG0-F1-model_v1,94.09698316032151
4756,184,A,84.5,Q58FG0,10.53,/AF-Q58FG0-F1-model_v1,103.47987321904301
4757,198,A,79.32,Q58FG0,11.62,/AF-Q58FG0-F1-model_v1,56.6994642119886
4758,212,A,82.94,Q58FG0,10.39,/AF-Q58FG0-F1-model_v1,96.91185017793796
4759,219,A,80.84,Q58FG0,10.44,/AF-Q58FG0-F1-model_v1,95.03527216619365
4760,224,A,77.8,Q58FG0,10.01,/AF-Q58FG0-F1-model_v1,26.808257310632904
4761,231,A,81.72,Q58FG0,10.2,/AF-Q58FG0-F1-model_v1,91.55019871581138
4762,243,A,78.47,Q58FG0,10.64,/AF-Q58FG0-F1-model_v1,64.47385883207214
4763,244,A,82.55,Q58FG0,10.42,/AF-Q58FG0-F1-model_v1,81.76518479743035
4764,245,A,83.52,Q58FG0,11.24,/AF-Q58FG0-F1-model_v1,65.94831298415694
4765,249,A,86.23,Q58FG0,10.29,/AF-Q58FG0-F1-model_v1,65.41214783794429
4766,250,A,85.94,Q58FG0,10.3,/AF-Q58FG0-F1-model_v1,47.58465672637341
4767,252,A,89.01,Q58FG0,11.25,/AF-Q58FG0-F1-model_v1,61.793033101008845
4768,258,A,88.89,Q58FG0,11.5,/AF-Q58FG0-F1-model_v1,58.84412479683923
4769,261,A,87.97,Q58FG0,10.4,/AF-Q58FG0-F1-model_v1,71.57804701938986
4770,266,A,84.1,Q58FG0,10.47,/AF-Q58FG0-F1-model_v1,95.16931345274682
4771,267,A,84.21,Q58FG0,10.41,/AF-Q58FG0-F1-model_v1,81.2290196512177
4772,269,A,84.13,Q58FG0,10.52,/AF-Q58FG0-F1-model_v1,103.21179064593669
4773,270,A,84.2,Q58FG0,10.54,/AF-Q58FG0-F1-model_v1,69.56742772109239
4774,286,A,77.5,Q58FG0,10.22,/AF-Q58FG0-F1-model_v1,81.6311435108772
4775,292,A,79.77,Q58FG0,10.4,/AF-Q58FG0-F1-model_v1,82.03326737053669
4776,60,A,90.94,P54707,12.19,/AF-P54707-F1-model_v1,37.66560152143923
4777,69,A,91.88,P54707,11.18,/AF-P54707-F1-model_v1,38.603890527311385
4778,99,A,73.01,P54707,10.45,/AF-P54707-F1-model_v1,117.5542083071253
4779,106,A,82.71,P54707,11.41,/AF-P54707-F1-model_v1,35.38689965003543
4780,109,A,85.64,P54707,10.42,/AF-P54707-F1-model_v1,94.76718959308732
4781,138,A,71.41,P54707,10.44,/AF-P54707-F1-model_v1,92.35444643513036
4782,192,A,92.7,P54707,11.41,/AF-P54707-F1-model_v1,56.16329906577593
4783,193,A,92.59,P54707,11.26,/AF-P54707-F1-model_v1,43.29533555667214
4784,209,A,91.01,P54707,10.72,/AF-P54707-F1-model_v1,61.927074387562016
4785,255,A,91.32,P54707,10.14,/AF-P54707-F1-model_v1,55.493092633010114
4786,296,A,81.64,P54707,11.37,/AF-P54707-F1-model_v1,64.87598269173164
4787,329,A,87.04,P54707,10.46,/AF-P54707-F1-model_v1,82.83751508985567
4788,364,A,84.89,P54707,10.47,/AF-P54707-F1-model_v1,104.01603836525567
4789,368,A,86.7,P54707,10.21,/AF-P54707-F1-model_v1,105.49049251734048
4790,369,A,83.92,P54707,11.39,/AF-P54707-F1-model_v1,66.08235427071011
4791,374,A,80.79,P54707,8.31,/AF-P54707-F1-model_v1,43.29533555667214
4792,392,A,91.92,P54707,13.2,/AF-P54707-F1-model_v1,13.136046082210123
4793,438,A,91.73,P54707,9.79,/AF-P54707-F1-model_v1,64.74194140517847
4794,449,A,87.46,P54707,10.35,/AF-P54707-F1-model_v1,69.1653038614329
4795,459,A,83.98,P54707,10.49,/AF-P54707-F1-model_v1,97.8501391838101
4796,460,A,88.35,P54707,10.38,/AF-P54707-F1-model_v1,40.74855111216202
4797,473,A,91.97,P54707,8.04,/AF-P54707-F1-model_v1,10.053096491487338
4798,487,A,89.55,P54707,10.46,/AF-P54707-F1-model_v1,86.05450596713163
4799,491,A,92.84,P54707,10.31,/AF-P54707-F1-model_v1,23.32318386025063
4800,502,A,86.3,P54707,10.34,/AF-P54707-F1-model_v1,52.27610175573417
4801,523,A,96.12,P54707,10.54,/AF-P54707-F1-model_v1,11.393509357018985
4802,532,A,92.94,P54707,9.75,/AF-P54707-F1-model_v1,24.395514152675943
4803,547,A,86.76,P54707,10.47,/AF-P54707-F1-model_v1,99.05651076278858
4804,551,A,88.91,P54707,10.44,/AF-P54707-F1-model_v1,89.40553813096074
4805,620,A,94.32,P54707,11.46,/AF-P54707-F1-model_v1,67.02064327658226
4806,627,A,96.16,P54707,8.66,/AF-P54707-F1-model_v1,24.529555439229107
4807,640,A,92.47,P54707,10.4,/AF-P54707-F1-model_v1,26.67421602407974
4808,644,A,92.45,P54707,9.99,/AF-P54707-F1-model_v1,62.3291982472215
4809,672,A,84.62,P54707,10.44,/AF-P54707-F1-model_v1,88.60129041164174
4810,676,A,91.22,P54707,10.46,/AF-P54707-F1-model_v1,89.94170327717339
4811,686,A,83.4,P54707,11.54,/AF-P54707-F1-model_v1,61.12282666824302
4812,713,A,92.72,P54707,13.05,/AF-P54707-F1-model_v1,7.372270760424049
4813,741,A,88.11,P54707,9.52,/AF-P54707-F1-model_v1,25.735927018207587
4814,742,A,91.17,P54707,10.92,/AF-P54707-F1-model_v1,12.733922222550628
4815,758,A,85.34,P54707,9.95,/AF-P54707-F1-model_v1,26.13805087786708
4816,788,A,93.89,P54707,9.51,/AF-P54707-F1-model_v1,11.929674503231642
4817,789,A,94.54,P54707,10.46,/AF-P54707-F1-model_v1,7.908435906636708
4818,797,A,92.9,P54707,13.63,/AF-P54707-F1-model_v1,3.485073450382278
4819,841,A,93.47,P54707,10.19,/AF-P54707-F1-model_v1,106.5628228097658
4820,850,A,93.13,P54707,10.41,/AF-P54707-F1-model_v1,111.65639169878605
4821,854,A,82.61,P54707,10.96,/AF-P54707-F1-model_v1,58.30795965062657
4822,856,A,86.07,P54707,10.47,/AF-P54707-F1-model_v1,99.45863462244807
4823,907,A,86.05,P54707,11.37,/AF-P54707-F1-model_v1,40.61450982560885
4824,914,A,92.36,P54707,11.05,/AF-P54707-F1-model_v1,60.854744095136695
4825,953,A,94.98,P54707,9.71,/AF-P54707-F1-model_v1,2.4127431579569616
4826,968,A,87.59,P54707,10.44,/AF-P54707-F1-model_v1,93.15869415444935
4827,45,A,88.48,Q9UJQ1,11.1,/AF-Q9UJQ1-F1-model_v1,33.242239065184805
4828,65,A,97.4,Q9UJQ1,11.4,/AF-Q9UJQ1-F1-model_v1,65.54618912449746
4829,96,A,96.38,Q9UJQ1,10.33,/AF-Q9UJQ1-F1-model_v1,68.36105614211391
4830,118,A,98.43,Q9UJQ1,11.03,/AF-Q9UJQ1-F1-model_v1,52.41014304228733
4831,123,A,96.16,Q9UJQ1,10.95,/AF-Q9UJQ1-F1-model_v1,26.27209216442025
4832,140,A,98.19,Q9UJQ1,10.15,/AF-Q9UJQ1-F1-model_v1,70.90784058662403
4833,150,A,93.29,Q9UJQ1,10.46,/AF-Q9UJQ1-F1-model_v1,80.29073064534556
4834,154,A,91.41,Q9UJQ1,10.57,/AF-Q9UJQ1-F1-model_v1,99.19055204934176
4835,161,A,95.42,Q9UJQ1,10.51,/AF-Q9UJQ1-F1-model_v1,97.8501391838101
4836,178,A,96.87,Q9UJQ1,11.5,/AF-Q9UJQ1-F1-model_v1,41.41875754492784
4837,197,A,90.62,Q9UJQ1,12.39,/AF-Q9UJQ1-F1-model_v1,19.83811040986835
4838,224,A,96.42,Q9UJQ1,10.78,/AF-Q9UJQ1-F1-model_v1,71.0418818731772
4839,261,A,87.03,Q9UJQ1,10.36,/AF-Q9UJQ1-F1-model_v1,71.4440057328367
4840,29,A,86.53,Q9ULV0,11.41,/AF-Q9ULV0-F1-model_v1,52.142060469181004
4841,32,A,81.48,Q9ULV0,10.47,/AF-Q9ULV0-F1-model_v1,87.93108397887593
4842,36,A,82.87,Q9ULV0,10.45,/AF-Q9ULV0-F1-model_v1,93.82890058721517
4843,90,A,93.62,Q9ULV0,10.92,/AF-Q9ULV0-F1-model_v1,42.491087837353156
4844,148,A,89.0,Q9ULV0,10.38,/AF-Q9ULV0-F1-model_v1,36.191147369354425
4845,155,A,87.16,Q9ULV0,10.45,/AF-Q9ULV0-F1-model_v1,96.50972631827845
4846,169,A,87.3,Q9ULV0,9.59,/AF-Q9ULV0-F1-model_v1,15.682830526720249
4847,174,A,86.27,Q9ULV0,10.06,/AF-Q9ULV0-F1-model_v1,73.99079017734682
4848,195,A,81.23,Q9ULV0,10.04,/AF-Q9ULV0-F1-model_v1,58.844124796839225
4849,210,A,85.88,Q9ULV0,10.72,/AF-Q9ULV0-F1-model_v1,10.05309649148734
4850,222,A,86.31,Q9ULV0,11.0,/AF-Q9ULV0-F1-model_v1,45.17191356841644
4851,230,A,87.63,Q9ULV0,10.44,/AF-Q9ULV0-F1-model_v1,98.2522630434696
4852,246,A,81.02,Q9ULV0,10.03,/AF-Q9ULV0-F1-model_v1,33.108197778631634
4853,275,A,86.56,Q9ULV0,10.44,/AF-Q9ULV0-F1-model_v1,93.02465286789618
4854,307,A,91.8,Q9ULV0,12.58,/AF-Q9ULV0-F1-model_v1,48.12082187258606
4855,318,A,86.02,Q9ULV0,10.41,/AF-Q9ULV0-F1-model_v1,88.73533169819493
4856,327,A,93.4,Q9ULV0,10.76,/AF-Q9ULV0-F1-model_v1,28.55079403582404
4857,380,A,79.25,Q9ULV0,11.13,/AF-Q9ULV0-F1-model_v1,43.16129427011898
4858,390,A,82.74,Q9ULV0,10.28,/AF-Q9ULV0-F1-model_v1,51.47185403641518
4859,406,A,87.49,Q9ULV0,10.77,/AF-Q9ULV0-F1-model_v1,17.961532398124042
4860,422,A,87.45,Q9ULV0,10.9,/AF-Q9ULV0-F1-model_v1,55.62713391956328
4861,429,A,81.59,Q9ULV0,10.23,/AF-Q9ULV0-F1-model_v1,82.70347380330251
4862,461,A,89.57,Q9ULV0,10.43,/AF-Q9ULV0-F1-model_v1,39.006014386970875
4863,472,A,74.77,Q9ULV0,10.7,/AF-Q9ULV0-F1-model_v1,87.66300140576959
4864,480,A,86.06,Q9ULV0,11.44,/AF-Q9ULV0-F1-model_v1,76.13545076219745
4865,503,A,84.93,Q9ULV0,10.64,/AF-Q9ULV0-F1-model_v1,100.5309649148734
4866,515,A,75.4,Q9ULV0,10.46,/AF-Q9ULV0-F1-model_v1,77.74394620083542
4867,518,A,73.81,Q9ULV0,10.48,/AF-Q9ULV0-F1-model_v1,89.40553813096074
4868,527,A,92.1,Q9ULV0,11.45,/AF-Q9ULV0-F1-model_v1,57.63775321786074
4869,540,A,91.46,Q9ULV0,9.87,/AF-Q9ULV0-F1-model_v1,36.72731251556708
4870,556,A,88.99,Q9ULV0,10.25,/AF-Q9ULV0-F1-model_v1,57.771794504413904
4871,567,A,75.79,Q9ULV0,10.9,/AF-Q9ULV0-F1-model_v1,29.489083041696194
4872,581,A,84.33,Q9ULV0,9.95,/AF-Q9ULV0-F1-model_v1,38.46984924075822
4873,584,A,82.92,Q9ULV0,10.2,/AF-Q9ULV0-F1-model_v1,75.5992856159848
4874,659,A,89.69,Q9ULV0,10.01,/AF-Q9ULV0-F1-model_v1,6.031857894892403
4875,664,A,83.48,Q9ULV0,11.4,/AF-Q9ULV0-F1-model_v1,59.648372516158204
4876,672,A,90.21,Q9ULV0,11.25,/AF-Q9ULV0-F1-model_v1,47.31657415326708
4877,712,A,80.09,Q9ULV0,11.24,/AF-Q9ULV0-F1-model_v1,51.605895322968344
4878,713,A,76.87,Q9ULV0,10.46,/AF-Q9ULV0-F1-model_v1,93.29273544100252
4879,721,A,84.03,Q9ULV0,10.21,/AF-Q9ULV0-F1-model_v1,57.77179450441391
4880,722,A,87.32,Q9ULV0,9.61,/AF-Q9ULV0-F1-model_v1,30.963537193781008
4881,734,A,80.5,Q9ULV0,10.48,/AF-Q9ULV0-F1-model_v1,94.09698316032149
4882,738,A,85.8,Q9ULV0,12.33,/AF-Q9ULV0-F1-model_v1,33.108197778631634
4883,745,A,89.37,Q9ULV0,10.72,/AF-Q9ULV0-F1-model_v1,48.12082187258606
4884,758,A,80.72,Q9ULV0,9.84,/AF-Q9ULV0-F1-model_v1,36.99539508867341
4885,763,A,86.18,Q9ULV0,9.96,/AF-Q9ULV0-F1-model_v1,47.718698012926566
4886,773,A,91.4,Q9ULV0,10.3,/AF-Q9ULV0-F1-model_v1,62.59728082032784
4887,781,A,90.67,Q9ULV0,10.41,/AF-Q9ULV0-F1-model_v1,81.6311435108772
4888,783,A,90.06,Q9ULV0,10.42,/AF-Q9ULV0-F1-model_v1,74.1248314639
4889,788,A,91.87,Q9ULV0,10.62,/AF-Q9ULV0-F1-model_v1,53.884597194372134
4890,821,A,87.95,Q9ULV0,10.42,/AF-Q9ULV0-F1-model_v1,82.30134994364302
4891,863,A,72.61,Q9ULV0,10.4,/AF-Q9ULV0-F1-model_v1,98.6543869031291
4892,869,A,75.92,Q9ULV0,10.45,/AF-Q9ULV0-F1-model_v1,84.84813438815314
4893,898,A,74.37,Q9ULV0,9.41,/AF-Q9ULV0-F1-model_v1,2.4127431579569616
4894,964,A,84.02,Q9ULV0,11.35,/AF-Q9ULV0-F1-model_v1,53.21439076160632
4895,16,A,82.28,Q9NQ94,12.3,/AF-Q9NQ94-F1-model_v1,41.552798831481
4896,39,A,92.99,Q9NQ94,11.0,/AF-Q9NQ94-F1-model_v1,27.746546316505054
4897,62,A,92.75,Q9NQ94,10.05,/AF-Q9NQ94-F1-model_v1,73.72270760424048
4898,78,A,93.85,Q9NQ94,10.51,/AF-Q9NQ94-F1-model_v1,79.48648292602655
4899,81,A,93.5,Q9NQ94,10.17,/AF-Q9NQ94-F1-model_v1,55.76117520611645
4900,106,A,91.31,Q9NQ94,10.78,/AF-Q9NQ94-F1-model_v1,54.956927486797454
4901,110,A,92.29,Q9NQ94,10.37,/AF-Q9NQ94-F1-model_v1,93.42677672755568
4902,114,A,92.42,Q9NQ94,10.29,/AF-Q9NQ94-F1-model_v1,97.04589146449112
4903,145,A,93.16,Q9NQ94,10.32,/AF-Q9NQ94-F1-model_v1,88.33320783853543
4904,147,A,92.64,Q9NQ94,11.33,/AF-Q9NQ94-F1-model_v1,35.654982223141765
4905,148,A,92.27,Q9NQ94,10.6,/AF-Q9NQ94-F1-model_v1,96.24164374517213
4906,157,A,94.23,Q9NQ94,10.24,/AF-Q9NQ94-F1-model_v1,49.05911087845821
4907,158,A,92.36,Q9NQ94,11.43,/AF-Q9NQ94-F1-model_v1,71.44400573283669
4908,175,A,84.98,Q9NQ94,8.97,/AF-Q9NQ94-F1-model_v1,37.3975189483329
4909,177,A,90.23,Q9NQ94,11.49,/AF-Q9NQ94-F1-model_v1,65.81427169760379
4910,198,A,90.39,Q9NQ94,10.52,/AF-Q9NQ94-F1-model_v1,71.30996444628353
4911,231,A,93.92,Q9NQ94,10.46,/AF-Q9NQ94-F1-model_v1,60.18453766237087
4912,249,A,92.8,Q9NQ94,10.53,/AF-Q9NQ94-F1-model_v1,81.76518479743036
4913,255,A,86.42,Q9NQ94,11.56,/AF-Q9NQ94-F1-model_v1,60.18453766237088
4914,263,A,95.07,Q9NQ94,10.38,/AF-Q9NQ94-F1-model_v1,71.84612959249618
4915,264,A,93.77,Q9NQ94,9.56,/AF-Q9NQ94-F1-model_v1,10.321179064593668
4916,284,A,95.16,Q9NQ94,10.39,/AF-Q9NQ94-F1-model_v1,86.72471239989744
4917,289,A,93.16,Q9NQ94,11.28,/AF-Q9NQ94-F1-model_v1,50.2654824574367
4918,302,A,90.43,Q9NQ94,11.07,/AF-Q9NQ94-F1-model_v1,59.51433122960505
4919,457,A,86.41,Q9NQ94,10.45,/AF-Q9NQ94-F1-model_v1,84.84813438815314
4920,482,A,89.87,Q9NQ94,10.16,/AF-Q9NQ94-F1-model_v1,36.86135380212025
4921,502,A,85.09,Q9NQ94,10.68,/AF-Q9NQ94-F1-model_v1,70.50571672696454
4922,511,A,90.55,Q9NQ94,10.27,/AF-Q9NQ94-F1-model_v1,66.35043684381644
4923,4,A,0.0,P0A7K2,11.61,/1RQU-alt-1_assembled,42.08896397769366
4924,29,B,0.0,P0A7K2,10.42,/1RQU-alt-1_assembled,78.9503177798139
4925,51,B,0.0,P0A7K2,10.36,/1RQU-alt-1_assembled,78.81627649326074
4926,59,B,0.0,P0A7K2,10.73,/1RQU-alt-1_assembled,50.80164760364936
4927,65,A,0.0,P0A7K2,10.29,/1RQU-alt-1_assembled,73.85674889079365
4928,70,A,0.0,P0A7K2,10.25,/1RQU-alt-1_assembled,71.57804701938986
4929,81,B,0.0,P0A7K2,10.42,/1RQU-alt-1_assembled,87.66300140576959
4930,84,A,0.0,P0A7K2,11.52,/1RQU-alt-1_assembled,62.865363393434166
4931,95,A,0.0,P0A7K2,10.33,/1RQU-alt-1_assembled,48.38890444569239
4932,100,B,0.0,P0A7K2,11.58,/1RQU-alt-1_assembled,64.6079001186253
4933,107,A,0.0,P0A7K2,10.99,/1RQU-alt-1_assembled,34.58265193071645
4934,108,A,0.0,P0A7K2,10.43,/1RQU-alt-1_assembled,88.73533169819493
4935,120,A,0.0,P0A7K2,10.75,/1RQU-alt-1_assembled,65.81427169760379
4936,4,B,0.0,P0A7K2,11.63,/1RQV-alt-1_assembled,38.469849240758215
4937,29,A,0.0,P0A7K2,10.42,/1RQV-alt-1_assembled,74.1248314639
4938,51,B,0.0,P0A7K2,10.35,/1RQV-alt-1_assembled,83.105597662962
4939,59,A,0.0,P0A7K2,10.73,/1RQV-alt-1_assembled,67.42276713624176
4940,65,A,0.0,P0A7K2,10.29,/1RQV-alt-1_assembled,95.83951988551263
4941,70,A,0.0,P0A7K2,10.25,/1RQV-alt-1_assembled,73.85674889079365
4942,81,A,0.0,P0A7K2,10.42,/1RQV-alt-1_assembled,108.84152468116959
4943,84,A,0.0,P0A7K2,11.52,/1RQV-alt-1_assembled,77.0737397680696
4944,95,B,0.0,P0A7K2,10.34,/1RQV-alt-1_assembled,43.027252983565816
4945,100,A,0.0,P0A7K2,11.59,/1RQV-alt-1_assembled,66.21639555726327
4946,107,A,0.0,P0A7K2,10.98,/1RQV-alt-1_assembled,39.006014386970875
4947,108,B,0.0,P0A7K2,10.43,/1RQV-alt-1_assembled,82.56943251674934
4948,120,A,0.0,P0A7K2,10.64,/1RQV-alt-1_assembled,64.33981754551897
4949,55,A,0.0,P0A6P9,10.25,/2FYM-alt1C_assembled/2FYM-alt1B_assembled/2FYM-alt1A_assembled,81.36306093777087
4950,61,C,0.0,P0A6P9,2.76,/2FYM-alt1C_assembled/2FYM-alt1B_assembled/2FYM-alt1A_assembled,16.755160819145566
4951,65,F,0.0,P0A6P9,10.51,/2FYM-alt1C_assembled/2FYM-alt1B_assembled/2FYM-alt1A_assembled,59.38028994305188
4952,81,D,0.0,P0A6P9,10.28,/2FYM-alt1C_assembled/2FYM-alt1B_assembled/2FYM-alt1A_assembled,45.439996141522776
4953,84,C,0.0,P0A6P9,9.92,/2FYM-alt1C_assembled/2FYM-alt1B_assembled/2FYM-alt1A_assembled,46.64636772050125
4954,91,D,0.0,P0A6P9,10.56,/2FYM-alt1C_assembled/2FYM-alt1B_assembled/2FYM-alt1A_assembled,69.43338643453922
4955,102,F,0.0,P0A6P9,10.19,/2FYM-alt1C_assembled/2FYM-alt1B_assembled/2FYM-alt1A_assembled,13.404128655316454
4956,104,A,0.0,P0A6P9,10.29,/2FYM-alt1C_assembled/2FYM-alt1B_assembled/2FYM-alt1A_assembled,45.305954854969606
4957,119,A,0.0,P0A6P9,10.27,/2FYM-alt1C_assembled/2FYM-alt1B_assembled/2FYM-alt1A_assembled,4.0212385965949355
4958,125,D,0.0,P0A6P9,10.44,/2FYM-alt1C_assembled/2FYM-alt1B_assembled/2FYM-alt1A_assembled,22.25085356782531
4959,142,C,0.0,P0A6P9,9.47,/2FYM-alt1C_assembled/2FYM-alt1B_assembled/2FYM-alt1A_assembled,40.480468539055686
4960,176,A,0.0,P0A6P9,10.39,/2FYM-alt1C_assembled/2FYM-alt1B_assembled/2FYM-alt1A_assembled,86.05450596713163
4961,179,A,0.0,P0A6P9,5.35,/2FYM-alt1C_assembled/2FYM-alt1B_assembled/2FYM-alt1A_assembled,27.210381170292397
4962,199,A,0.0,P0A6P9,10.41,/2FYM-alt1C_assembled/2FYM-alt1B_assembled/2FYM-alt1A_assembled,47.45061543982024
4963,230,F,0.0,P0A6P9,10.44,/2FYM-alt1C_assembled/2FYM-alt1B_assembled/2FYM-alt1A_assembled,82.97155637640884
4964,238,D,0.0,P0A6P9,10.6,/2FYM-alt1C_assembled/2FYM-alt1B_assembled/2FYM-alt1A_assembled,61.927074387562016
4965,253,A,0.0,P0A6P9,10.4,/2FYM-alt1C_assembled/2FYM-alt1B_assembled/2FYM-alt1A_assembled,78.01202877394175
4966,281,D,0.0,P0A6P9,10.05,/2FYM-alt1C_assembled/2FYM-alt1B_assembled/2FYM-alt1A_assembled,51.60589532296834
4967,305,A,0.0,P0A6P9,10.35,/2FYM-alt1C_assembled/2FYM-alt1B_assembled/2FYM-alt1A_assembled,81.2290196512177
4968,327,A,0.0,P0A6P9,10.42,/2FYM-alt1C_assembled/2FYM-alt1B_assembled/2FYM-alt1A_assembled,79.21840035292024
4969,332,C,0.0,P0A6P9,11.3,/2FYM-alt1C_assembled/2FYM-alt1B_assembled/2FYM-alt1A_assembled,63.26748725309366
4970,341,D,0.0,P0A6P9,10.1,/2FYM-alt1C_assembled/2FYM-alt1B_assembled/2FYM-alt1A_assembled,11.929674503231643
4971,356,D,0.0,P0A6P9,10.7,/2FYM-alt1C_assembled/2FYM-alt1B_assembled/2FYM-alt1A_assembled,70.6397580135177
4972,359,D,0.0,P0A6P9,8.19,/2FYM-alt1C_assembled/2FYM-alt1B_assembled/2FYM-alt1A_assembled,39.140055673524046
4973,392,C,0.0,P0A6P9,15.07,/2FYM-alt1C_assembled/2FYM-alt1B_assembled/2FYM-alt1A_assembled,7.640353333530379
4974,404,D,0.0,P0A6P9,9.08,/2FYM-alt1C_assembled/2FYM-alt1B_assembled/2FYM-alt1A_assembled,2.9489083041696196
4975,418,C,0.0,P0A6P9,10.33,/2FYM-alt1C_assembled/2FYM-alt1B_assembled/2FYM-alt1A_assembled,58.71008351028607
4976,425,A,0.0,P0A6P9,10.17,/2FYM-alt1C_assembled/2FYM-alt1B_assembled/2FYM-alt1A_assembled,65.94831298415696
4977,428,A,0.0,P0A6P9,9.96,/2FYM-alt1C_assembled/2FYM-alt1B_assembled/2FYM-alt1A_assembled,40.07834467939619
4978,2,C,0.0,P0A6P9,10.63,/2FYM-alt1C_assembled/2FYM-alt1B_assembled/2FYM-alt1A_assembled,61.793033101008845
4979,5,C,0.0,P0A6P9,8.74,/2FYM-alt1C_assembled/2FYM-alt1B_assembled/2FYM-alt1A_assembled,41.82088140458733
4980,197,C,0.0,P0A6P9,9.16,/2FYM-alt1C_assembled/2FYM-alt1B_assembled/2FYM-alt1A_assembled,56.833505498541754
4981,256,F,0.0,P0A6P9,10.43,/2FYM-alt1C_assembled/2FYM-alt1B_assembled/2FYM-alt1A_assembled,45.842120001182266
4982,265,C,0.0,P0A6P9,9.85,/2FYM-alt1C_assembled/2FYM-alt1B_assembled/2FYM-alt1A_assembled,69.5674277210924
4983,310,C,0.0,P0A6P9,10.28,/2FYM-alt1C_assembled/2FYM-alt1B_assembled/2FYM-alt1A_assembled,94.76718959308732
4984,324,D,0.0,P0A6P9,10.52,/2FYM-alt1C_assembled/2FYM-alt1B_assembled/2FYM-alt1A_assembled,69.70146900764556
4985,194,D,0.0,P0A6P9,10.03,/2FYM-alt1C_assembled/2FYM-alt1B_assembled/2FYM-alt1A_assembled,61.927074387562016
4986,2,C,0.0,P0A6P9,10.5,/6BFY-alt1B_assembled/6BFY-alt1A_assembled,66.75256070347594
4987,5,E,0.0,P0A6P9,9.86,/6BFY-alt1B_assembled/6BFY-alt1A_assembled,61.39090924134935
4988,55,B,0.0,P0A6P9,10.4,/6BFY-alt1B_assembled/6BFY-alt1A_assembled,81.49710222432404
4989,61,C,0.0,P0A6P9,9.27,/6BFY-alt1B_assembled/6BFY-alt1A_assembled,53.482473334712644
4990,65,B,0.0,P0A6P9,10.5,/6BFY-alt1B_assembled/6BFY-alt1A_assembled,67.42276713624176
4991,81,F,0.0,P0A6P9,10.16,/6BFY-alt1B_assembled/6BFY-alt1A_assembled,61.52495052790251
4992,84,B,0.0,P0A6P9,8.42,/6BFY-alt1B_assembled/6BFY-alt1A_assembled,3.887197310041771
4993,91,F,0.0,P0A6P9,11.34,/6BFY-alt1B_assembled/6BFY-alt1A_assembled,70.50571672696455
4994,102,B,0.0,P0A6P9,10.17,/6BFY-alt1B_assembled/6BFY-alt1A_assembled,11.795633216678478
4995,104,E,0.0,P0A6P9,10.38,/6BFY-alt1B_assembled/6BFY-alt1A_assembled,73.18654245802783
4996,119,D,0.0,P0A6P9,10.88,/6BFY-alt1B_assembled/6BFY-alt1A_assembled,14.074335088082274
4997,142,E,0.0,P0A6P9,10.21,/6BFY-alt1B_assembled/6BFY-alt1A_assembled,82.56943251674934
4998,176,D,0.0,P0A6P9,10.44,/6BFY-alt1B_assembled/6BFY-alt1A_assembled,82.43539123019619
4999,179,C,0.0,P0A6P9,9.76,/6BFY-alt1B_assembled/6BFY-alt1A_assembled,67.15468456313543
5000,194,C,0.0,P0A6P9,10.03,/6BFY-alt1B_assembled/6BFY-alt1A_assembled,59.24624865649872
5001,197,C,0.0,P0A6P9,10.42,/6BFY-alt1B_assembled/6BFY-alt1A_assembled,51.33781274986201
5002,199,D,0.0,P0A6P9,10.95,/6BFY-alt1B_assembled/6BFY-alt1A_assembled,29.489083041696194
5003,230,E,0.0,P0A6P9,10.4,/6BFY-alt1B_assembled/6BFY-alt1A_assembled,79.62052421257972
5004,238,A,0.0,P0A6P9,10.53,/6BFY-alt1B_assembled/6BFY-alt1A_assembled,83.23963894951518
5005,253,A,0.0,P0A6P9,10.25,/6BFY-alt1B_assembled/6BFY-alt1A_assembled,66.88660199002909
5006,256,E,0.0,P0A6P9,10.32,/6BFY-alt1B_assembled/6BFY-alt1A_assembled,39.006014386970875
5007,265,C,0.0,P0A6P9,10.33,/6BFY-alt1B_assembled/6BFY-alt1A_assembled,53.21439076160632
5008,281,F,0.0,P0A6P9,10.46,/6BFY-alt1B_assembled/6BFY-alt1A_assembled,44.903830995310116
5009,305,B,0.0,P0A6P9,10.33,/6BFY-alt1B_assembled/6BFY-alt1A_assembled,90.20978585027973
5010,310,F,0.0,P0A6P9,10.1,/6BFY-alt1B_assembled/6BFY-alt1A_assembled,68.22701485556075
5011,324,E,0.0,P0A6P9,10.58,/6BFY-alt1B_assembled/6BFY-alt1A_assembled,74.25887275045315
5012,327,E,0.0,P0A6P9,10.54,/6BFY-alt1B_assembled/6BFY-alt1A_assembled,73.18654245802783
5013,332,E,0.0,P0A6P9,10.64,/6BFY-alt1B_assembled/6BFY-alt1A_assembled,69.43338643453922
5014,341,C,0.0,P0A6P9,11.79,/6BFY-alt1B_assembled/6BFY-alt1A_assembled,6.970146900764554
5015,356,D,0.0,P0A6P9,10.51,/6BFY-alt1B_assembled/6BFY-alt1A_assembled,72.9184598849215
5016,359,E,0.0,P0A6P9,8.58,/6BFY-alt1B_assembled/6BFY-alt1A_assembled,41.28471625837468
5017,392,A,0.0,P0A6P9,16.72,/6BFY-alt1B_assembled/6BFY-alt1A_assembled,3.7531560234886063
5018,404,C,0.0,P0A6P9,10.04,/6BFY-alt1B_assembled/6BFY-alt1A_assembled,4.691445029360759
5019,418,B,0.0,P0A6P9,10.49,/6BFY-alt1B_assembled/6BFY-alt1A_assembled,88.46724912508859
5020,425,B,0.0,P0A6P9,10.25,/6BFY-alt1B_assembled/6BFY-alt1A_assembled,77.34182234117593
5021,428,D,0.0,P0A6P9,9.91,/6BFY-alt1B_assembled/6BFY-alt1A_assembled,33.37628035173796
5022,95,A,0.0,P0ACF8,11.38,/1HNR-alt-1_assembled,61.25686795479619
5023,106,A,0.0,P0ACF8,11.3,/1HNR-alt-1_assembled,72.9184598849215
5024,119,A,0.0,P0ACF8,10.24,/1HNR-alt-1_assembled,68.7631800017734
5025,120,A,0.0,P0ACF8,12.54,/1HNR-alt-1_assembled,45.84212000118227
5026,127,A,0.0,P0ACF8,11.41,/1HNR-alt-1_assembled,69.43338643453922
5027,135,A,0.0,P0ACF8,11.11,/1HNR-alt-1_assembled,88.06512526542909
5028,95,A,0.0,P0ACF8,9.94,/1HNS-alt-14_assembled/1HNS-alt-2_assembled/1HNS-alt-3_assembled/1HNS-alt-15_assembled/1HNS-alt-1_assembled/1HNS-alt-16_assembled/1HNS-alt-12_assembled/1HNS-alt-4_assembled/1HNS-alt-5_assembled/1HNS-alt-13_assembled/1HNS-alt-11_assembled/1HNS-alt-7_assembled/1HNS-alt-6_assembled/1HNS-alt-10_assembled/1HNS-alt-8_assembled/1HNS-alt-9_assembled,54.0186384809253
5029,106,A,0.0,P0ACF8,10.2,/1HNS-alt-14_assembled/1HNS-alt-2_assembled/1HNS-alt-3_assembled/1HNS-alt-15_assembled/1HNS-alt-1_assembled/1HNS-alt-16_assembled/1HNS-alt-12_assembled/1HNS-alt-4_assembled/1HNS-alt-5_assembled/1HNS-alt-13_assembled/1HNS-alt-11_assembled/1HNS-alt-7_assembled/1HNS-alt-6_assembled/1HNS-alt-10_assembled/1HNS-alt-8_assembled/1HNS-alt-9_assembled,93.694859300662
5030,119,A,0.0,P0ACF8,10.04,/1HNS-alt-14_assembled/1HNS-alt-2_assembled/1HNS-alt-3_assembled/1HNS-alt-15_assembled/1HNS-alt-1_assembled/1HNS-alt-16_assembled/1HNS-alt-12_assembled/1HNS-alt-4_assembled/1HNS-alt-5_assembled/1HNS-alt-13_assembled/1HNS-alt-11_assembled/1HNS-alt-7_assembled/1HNS-alt-6_assembled/1HNS-alt-10_assembled/1HNS-alt-8_assembled/1HNS-alt-9_assembled,68.62913871522024
5031,120,A,0.0,P0ACF8,10.29,/1HNS-alt-14_assembled/1HNS-alt-2_assembled/1HNS-alt-3_assembled/1HNS-alt-15_assembled/1HNS-alt-1_assembled/1HNS-alt-16_assembled/1HNS-alt-12_assembled/1HNS-alt-4_assembled/1HNS-alt-5_assembled/1HNS-alt-13_assembled/1HNS-alt-11_assembled/1HNS-alt-7_assembled/1HNS-alt-6_assembled/1HNS-alt-10_assembled/1HNS-alt-8_assembled/1HNS-alt-9_assembled,78.81627649326074
5032,127,A,0.0,P0ACF8,10.21,/1HNS-alt-14_assembled/1HNS-alt-2_assembled/1HNS-alt-3_assembled/1HNS-alt-15_assembled/1HNS-alt-1_assembled/1HNS-alt-16_assembled/1HNS-alt-12_assembled/1HNS-alt-4_assembled/1HNS-alt-5_assembled/1HNS-alt-13_assembled/1HNS-alt-11_assembled/1HNS-alt-7_assembled/1HNS-alt-6_assembled/1HNS-alt-10_assembled/1HNS-alt-8_assembled/1HNS-alt-9_assembled,73.05250117147466
5033,135,A,0.0,P0ACF8,10.13,/1HNS-alt-14_assembled/1HNS-alt-2_assembled/1HNS-alt-3_assembled/1HNS-alt-15_assembled/1HNS-alt-1_assembled/1HNS-alt-16_assembled/1HNS-alt-12_assembled/1HNS-alt-4_assembled/1HNS-alt-5_assembled/1HNS-alt-13_assembled/1HNS-alt-11_assembled/1HNS-alt-7_assembled/1HNS-alt-6_assembled/1HNS-alt-10_assembled/1HNS-alt-8_assembled/1HNS-alt-9_assembled,71.0418818731772
5034,3,A,0.0,P63104,10.57,/2O02-alt1A_assembled/2O02-alt1B_assembled/2O02-alt1C_assembled,31.499702339993668
5035,9,B,0.0,P63104,9.79,/2O02-alt1A_assembled/2O02-alt1B_assembled/2O02-alt1C_assembled,37.665601521439235
5036,11,B,0.0,P63104,11.12,/2O02-alt1A_assembled/2O02-alt1B_assembled/2O02-alt1C_assembled,43.027252983565816
5037,27,B,0.0,P63104,10.52,/2O02-alt1A_assembled/2O02-alt1B_assembled/2O02-alt1C_assembled,51.87397789607468
5038,49,A,0.0,P63104,8.58,/2O02-alt1A_assembled/2O02-alt1B_assembled/2O02-alt1C_assembled,59.916455089264545
5039,68,A,0.0,P63104,10.11,/2O02-alt1A_assembled/2O02-alt1B_assembled/2O02-alt1C_assembled,54.68884491369113
5040,74,A,0.0,P63104,7.93,/2O02-alt1A_assembled/2O02-alt1B_assembled/2O02-alt1C_assembled,24.26147286612278
5041,85,B,0.0,P63104,8.22,/2O02-alt1A_assembled/2O02-alt1B_assembled/2O02-alt1C_assembled,41.82088140458733
5042,103,A,0.0,P63104,9.67,/2O02-alt1A_assembled/2O02-alt1B_assembled/2O02-alt1C_assembled,42.088963977693666
5043,115,A,0.0,P63104,9.85,/2O02-alt1A_assembled/2O02-alt1B_assembled/2O02-alt1C_assembled,42.35704655079999
5044,120,A,0.0,P63104,9.85,/2O02-alt1A_assembled/2O02-alt1B_assembled/2O02-alt1C_assembled,41.41875754492784
5045,122,A,0.0,P63104,9.94,/2O02-alt1A_assembled/2O02-alt1B_assembled/2O02-alt1C_assembled,56.69946421198859
5046,138,A,0.0,P63104,9.51,/2O02-alt1A_assembled/2O02-alt1B_assembled/2O02-alt1C_assembled,55.09096877335062
5047,139,B,0.0,P63104,10.48,/2O02-alt1A_assembled/2O02-alt1B_assembled/2O02-alt1C_assembled,105.89261637699997
5048,157,A,0.0,P63104,9.97,/2O02-alt1A_assembled/2O02-alt1B_assembled/2O02-alt1C_assembled,64.47385883207214
5049,158,B,0.0,P63104,10.39,/2O02-alt1A_assembled/2O02-alt1B_assembled/2O02-alt1C_assembled,59.24624865649873
5050,187,A,0.0,P63104,9.44,/2O02-alt1A_assembled/2O02-alt1B_assembled/2O02-alt1C_assembled,61.39090924134935
5051,193,A,0.0,P63104,10.62,/2O02-alt1A_assembled/2O02-alt1B_assembled/2O02-alt1C_assembled,95.03527216619365
5052,212,A,0.0,P63104,9.56,/2O02-alt1A_assembled/2O02-alt1B_assembled/2O02-alt1C_assembled,33.242239065184805
5053,75,A,0.0,P63104,9.54,/2O02-alt1A_assembled/2O02-alt1B_assembled/2O02-alt1C_assembled,42.08896397769365
5054,7,B,0.0,P36683,10.46,/1L5J-alt-1_assembled,76.93969848151644
5055,20,A,0.0,P36683,10.09,/1L5J-alt-1_assembled,57.503711931307585
5056,35,A,0.0,P36683,10.52,/1L5J-alt-1_assembled,52.41014304228733
5057,64,B,0.0,P36683,7.55,/1L5J-alt-1_assembled,10.321179064593668
5058,73,A,0.0,P36683,10.67,/1L5J-alt-1_assembled,78.81627649326074
5059,77,A,0.0,P36683,10.43,/1L5J-alt-1_assembled,80.55881321845189
5060,85,A,0.0,P36683,10.55,/1L5J-alt-1_assembled,44.09958327599113
5061,110,B,0.0,P36683,10.64,/1L5J-alt-1_assembled,107.36707052908478
5062,117,B,0.0,P36683,10.39,/1L5J-alt-1_assembled,96.64376760483162
5063,135,A,0.0,P36683,10.92,/1L5J-alt-1_assembled,20.240234269527843
5064,137,B,0.0,P36683,10.57,/1L5J-alt-1_assembled,91.95232257547087
5065,144,A,0.0,P36683,10.41,/1L5J-alt-1_assembled,56.69946421198859
5066,165,A,0.0,P36683,10.83,/1L5J-alt-1_assembled,47.58465672637341
5067,172,B,0.0,P36683,9.68,/1L5J-alt-1_assembled,19.033862690549363
5068,203,A,0.0,P36683,10.33,/1L5J-alt-1_assembled,18.497697544336702
5069,221,B,0.0,P36683,10.78,/1L5J-alt-1_assembled,72.24825345215568
5070,229,B,0.0,P36683,10.27,/1L5J-alt-1_assembled,47.9867805860329
5071,247,B,0.0,P36683,9.3,/1L5J-alt-1_assembled,23.457225146803793
5072,267,B,0.0,P36683,13.66,/1L5J-alt-1_assembled,34.18052807105695
5073,277,A,0.0,P36683,9.83,/1L5J-alt-1_assembled,36.72731251556708
5074,313,B,0.0,P36683,10.62,/1L5J-alt-1_assembled,66.8866019900291
5075,331,B,0.0,P36683,10.37,/1L5J-alt-1_assembled,48.79102830535189
5076,356,A,0.0,P36683,10.42,/1L5J-alt-1_assembled,64.33981754551897
5077,373,A,0.0,P36683,10.4,/1L5J-alt-1_assembled,81.2290196512177
5078,387,A,0.0,P36683,11.13,/1L5J-alt-1_assembled,22.921060000591133
5079,396,A,0.0,P36683,10.44,/1L5J-alt-1_assembled,98.52034561657592
5080,407,A,0.0,P36683,10.31,/1L5J-alt-1_assembled,86.05450596713163
5081,426,A,0.0,P36683,10.3,/1L5J-alt-1_assembled,8.444601052849364
5082,537,A,0.0,P36683,10.61,/1L5J-alt-1_assembled,57.23562935820126
5083,539,A,0.0,P36683,10.43,/1L5J-alt-1_assembled,93.96294187376833
5084,559,B,0.0,P36683,10.26,/1L5J-alt-1_assembled,58.5760422237329
5085,567,B,0.0,P36683,12.54,/1L5J-alt-1_assembled,27.47846374339873
5086,568,B,0.0,P36683,10.6,/1L5J-alt-1_assembled,84.31196924194049
5087,570,B,0.0,P36683,10.68,/1L5J-alt-1_assembled,17.023243392251892
5088,571,A,0.0,P36683,10.36,/1L5J-alt-1_assembled,82.301349943643
5089,588,B,0.0,P36683,10.99,/1L5J-alt-1_assembled,46.51232643394809
5090,610,A,0.0,P36683,10.67,/1L5J-alt-1_assembled,47.18253286671391
5091,613,B,0.0,P36683,10.55,/1L5J-alt-1_assembled,68.7631800017734
5092,628,A,0.0,P36683,10.25,/1L5J-alt-1_assembled,35.118817076929105
5093,650,A,0.0,P36683,10.38,/1L5J-alt-1_assembled,94.23102444687466
5094,678,B,0.0,P36683,10.38,/1L5J-alt-1_assembled,63.13344596654049
5095,701,A,0.0,P36683,10.58,/1L5J-alt-1_assembled,83.105597662962
5096,722,A,0.0,P36683,10.22,/1L5J-alt-1_assembled,19.838110409868353
5097,728,B,0.0,P36683,10.45,/1L5J-alt-1_assembled,81.49710222432404
5098,759,B,0.0,P36683,7.89,/1L5J-alt-1_assembled,54.956927486797454
5099,819,A,0.0,P36683,10.5,/1L5J-alt-1_assembled,65.27810655139113
5100,835,A,0.0,P36683,10.41,/1L5J-alt-1_assembled,83.5077215226215
5101,855,B,0.0,P36683,10.88,/1L5J-alt-1_assembled,51.069730176755684
5102,7,A,96.66,P36683,10.83,/AF-P36683-F1-model_v1,73.05250117147466
5103,20,A,96.25,P36683,10.24,/AF-P36683-F1-model_v1,67.02064327658226
5104,35,A,97.42,P36683,11.31,/AF-P36683-F1-model_v1,34.58265193071645
5105,64,A,98.33,P36683,7.49,/AF-P36683-F1-model_v1,4.557403742807594
5106,73,A,96.68,P36683,11.63,/AF-P36683-F1-model_v1,50.53356503054303
5107,77,A,97.15,P36683,10.44,/AF-P36683-F1-model_v1,95.83951988551263
5108,85,A,97.73,P36683,11.09,/AF-P36683-F1-model_v1,40.480468539055686
5109,110,A,96.5,P36683,11.53,/AF-P36683-F1-model_v1,63.93769368585947
5110,117,A,97.89,P36683,10.44,/AF-P36683-F1-model_v1,84.17792795538733
5111,135,A,98.41,P36683,11.23,/AF-P36683-F1-model_v1,29.355041755143027
5112,137,A,97.68,P36683,11.3,/AF-P36683-F1-model_v1,61.52495052790252
5113,144,A,98.51,P36683,11.39,/AF-P36683-F1-model_v1,42.893211697012646
5114,165,A,97.91,P36683,11.57,/AF-P36683-F1-model_v1,40.88259239871518
5115,172,A,97.13,P36683,9.72,/AF-P36683-F1-model_v1,13.270087368763289
5116,203,A,94.91,P36683,10.41,/AF-P36683-F1-model_v1,20.776399415740503
5117,221,A,97.22,P36683,10.69,/AF-P36683-F1-model_v1,89.80766199062023
5118,229,A,94.81,P36683,10.28,/AF-P36683-F1-model_v1,41.28471625837467
5119,247,A,95.14,P36683,11.11,/AF-P36683-F1-model_v1,35.25285836348227
5120,267,A,96.04,P36683,12.72,/AF-P36683-F1-model_v1,44.2336245625443
5121,277,A,90.21,P36683,10.63,/AF-P36683-F1-model_v1,61.793033101008845
5122,313,A,97.13,P36683,10.62,/AF-P36683-F1-model_v1,68.89722128832656
5123,331,A,88.72,P36683,12.23,/AF-P36683-F1-model_v1,47.45061543982025
5124,356,A,97.22,P36683,10.49,/AF-P36683-F1-model_v1,84.17792795538733
5125,373,A,76.36,P36683,10.53,/AF-P36683-F1-model_v1,96.91185017793794
5126,387,A,98.7,P36683,10.89,/AF-P36683-F1-model_v1,26.272092164420243
5127,396,A,96.4,P36683,10.46,/AF-P36683-F1-model_v1,111.9244742718924
5128,407,A,98.48,P36683,10.28,/AF-P36683-F1-model_v1,86.45662982679112
5129,426,A,94.73,P36683,10.45,/AF-P36683-F1-model_v1,32.84011520552531
5130,450,A,91.92,P36683,9.55,/AF-P36683-F1-model_v1,49.86335859777721
5131,537,A,98.05,P36683,10.8,/AF-P36683-F1-model_v1,69.5674277210924
5132,539,A,93.76,P36683,10.45,/AF-P36683-F1-model_v1,89.67362070406708
5133,559,A,97.4,P36683,9.88,/AF-P36683-F1-model_v1,54.956927486797454
5134,567,A,80.08,P36683,12.77,/AF-P36683-F1-model_v1,59.91645508926454
5135,568,A,75.48,P36683,10.58,/AF-P36683-F1-model_v1,98.78842818968226
5136,570,A,83.71,P36683,11.66,/AF-P36683-F1-model_v1,27.746546316505057
5137,571,A,90.16,P36683,10.38,/AF-P36683-F1-model_v1,72.24825345215568
5138,588,A,95.54,P36683,11.25,/AF-P36683-F1-model_v1,48.3889044456924
5139,610,A,98.17,P36683,11.36,/AF-P36683-F1-model_v1,67.15468456313542
5140,613,A,98.27,P36683,10.58,/AF-P36683-F1-model_v1,56.6994642119886
5141,628,A,98.35,P36683,10.46,/AF-P36683-F1-model_v1,34.85073450382278
5142,650,A,98.23,P36683,10.41,/AF-P36683-F1-model_v1,94.63314830653417
5143,678,A,96.14,P36683,10.53,/AF-P36683-F1-model_v1,81.76518479743036
5144,701,A,98.46,P36683,11.5,/AF-P36683-F1-model_v1,79.3524416394734
5145,722,A,94.32,P36683,10.46,/AF-P36683-F1-model_v1,20.508316842634173
5146,728,A,80.43,P36683,10.46,/AF-P36683-F1-model_v1,93.02465286789618
5147,759,A,94.71,P36683,10.49,/AF-P36683-F1-model_v1,78.54819392015442
5148,819,A,98.46,P36683,11.14,/AF-P36683-F1-model_v1,37.93368409454556
5149,835,A,85.4,P36683,10.38,/AF-P36683-F1-model_v1,76.2694920487506
5150,855,A,92.23,P36683,11.31,/AF-P36683-F1-model_v1,60.05049637581771
5151,3,A,96.35,P0ACF0,11.36,/AF-P0ACF0-F1-model_v1,77.74394620083542
5152,13,A,97.63,P0ACF0,10.4,/AF-P0ACF0-F1-model_v1,97.04589146449112
5153,18,A,97.25,P0ACF0,11.5,/AF-P0ACF0-F1-model_v1,84.71409310159999
5154,22,A,98.3,P0ACF0,10.56,/AF-P0ACF0-F1-model_v1,68.49509742866707
5155,37,A,96.04,P0ACF0,10.44,/AF-P0ACF0-F1-model_v1,106.5628228097658
5156,51,A,97.73,P0ACF0,10.29,/AF-P0ACF0-F1-model_v1,56.69946421198859
5157,67,A,95.0,P0ACF0,10.45,/AF-P0ACF0-F1-model_v1,86.99279497300378
5158,70,A,93.3,P0ACF0,11.04,/AF-P0ACF0-F1-model_v1,77.0737397680696
5159,83,A,96.52,P0ACF0,10.42,/AF-P0ACF0-F1-model_v1,99.99479976866074
5160,86,A,97.18,P0ACF0,10.27,/AF-P0ACF0-F1-model_v1,71.8461295924962
5161,90,A,88.62,P0ACF0,11.06,/AF-P0ACF0-F1-model_v1,82.16730865708986
5162,9,D,0.0,P39207,6.67,/1U8W-alt-1_assembled,16.353036959486072
5163,27,C,0.0,P39207,10.55,/1U8W-alt-1_assembled,60.58666152203037
5164,33,D,0.0,P39207,9.28,/1U8W-alt-1_assembled,2.1446605848506324
5165,47,A,0.0,P39207,10.38,/1U8W-alt-1_assembled,77.8779874873886
5166,55,C,0.0,P39207,10.25,/1U8W-alt-1_assembled,45.70807871462911
5167,78,E,0.0,P39207,10.33,/1U8W-alt-1_assembled,35.5209409365886
5168,86,F,0.0,P39207,10.49,/1U8W-alt-1_assembled,20.910440702293666
5169,125,F,0.0,P39207,10.54,/1U8W-alt-1_assembled,60.854744095136695
5170,36,E,0.0,P39207,9.48,/1U8W-alt-1_assembled,39.140055673524046
5171,9,A,98.7,P39207,7.4,/AF-P39207-F1-model_v1,11.929674503231643
5172,27,A,97.36,P39207,11.34,/AF-P39207-F1-model_v1,86.32258854023794
5173,28,A,96.77,P39207,10.27,/AF-P39207-F1-model_v1,76.0014094756443
5174,33,A,98.64,P39207,10.15,/AF-P39207-F1-model_v1,5.0935688890202515
5175,36,A,98.22,P39207,9.27,/AF-P39207-F1-model_v1,41.28471625837467
5176,47,A,97.91,P39207,10.41,/AF-P39207-F1-model_v1,89.67362070406706
5177,55,A,96.82,P39207,10.39,/AF-P39207-F1-model_v1,76.13545076219745
5178,78,A,96.92,P39207,10.39,/AF-P39207-F1-model_v1,88.06512526542909
5179,86,A,98.37,P39207,10.36,/AF-P39207-F1-model_v1,108.17131824840376
5180,125,A,98.11,P39207,10.77,/AF-P39207-F1-model_v1,95.83951988551263
5181,206,B,0.0,P0CG48,10.29,/2O6V-alt-1_assembled,54.0186384809253
5182,211,B,0.0,P0CG48,11.6,/2O6V-alt-1_assembled,23.72530771991012
5183,227,B,0.0,P0CG48,8.96,/2O6V-alt-1_assembled,15.012624093954427
5184,229,B,0.0,P0CG48,9.65,/2O6V-alt-1_assembled,38.067725381098725
5185,233,B,0.0,P0CG48,10.04,/2O6V-alt-1_assembled,39.944303392843025
5186,263,B,0.0,P0CG48,10.45,/2O6V-alt-1_assembled,68.22701485556074
5187,706,F,0.0,P0CG48,10.16,/2O6V-alt-1_assembled,47.18253286671391
5188,711,F,0.0,P0CG48,11.11,/2O6V-alt-1_assembled,44.367665849097456
5189,727,F,0.0,P0CG48,9.89,/2O6V-alt-1_assembled,9.785013918381011
5190,729,F,0.0,P0CG48,10.36,/2O6V-alt-1_assembled,39.542179533183536
5191,733,F,0.0,P0CG48,10.24,/2O6V-alt-1_assembled,53.61651462126581
5192,6,A,0.0,P0CG48,10.12,/2O6V-alt-1_assembled,36.86135380212024
5193,11,A,0.0,P0CG48,10.95,/2O6V-alt-1_assembled,23.591266433356957
5194,27,A,0.0,P0CG48,10.29,/2O6V-alt-1_assembled,15.012624093954427
5195,29,A,0.0,P0CG48,10.56,/2O6V-alt-1_assembled,37.129436375226575
5196,33,A,0.0,P0CG48,9.96,/2O6V-alt-1_assembled,38.603890527311385
5197,48,A,0.0,P0CG48,10.58,/2O6V-alt-1_assembled,59.380289943051885
5198,63,A,0.0,P0CG48,10.43,/2O6V-alt-1_assembled,76.0014094756443
5199,306,C,0.0,P0CG48,10.32,/2O6V-alt-1_assembled,46.91445029360759
5200,311,C,0.0,P0CG48,11.41,/2O6V-alt-1_assembled,50.66760631709619
5201,329,C,0.0,P0CG48,10.58,/2O6V-alt-1_assembled,39.6762208197367
5202,333,C,0.0,P0CG48,10.26,/2O6V-alt-1_assembled,48.3889044456924
5203,606,E,0.0,P0CG48,10.15,/2O6V-alt-1_assembled,54.018638480925304
5204,611,E,0.0,P0CG48,10.2,/2O6V-alt-1_assembled,23.72530771991012
5205,627,E,0.0,P0CG48,9.33,/2O6V-alt-1_assembled,14.208376374635439
5206,629,E,0.0,P0CG48,10.6,/2O6V-alt-1_assembled,42.491087837353156
5207,633,E,0.0,P0CG48,10.46,/2O6V-alt-1_assembled,48.791028305351894
5208,663,E,0.0,P0CG48,10.12,/2O6V-alt-1_assembled,53.08034947505315
5209,406,D,0.0,P0CG48,10.29,/2O6V-alt-1_assembled,45.57403742807594
5210,411,D,0.0,P0CG48,11.32,/2O6V-alt-1_assembled,18.09557368467721
5211,427,D,0.0,P0CG48,10.24,/2O6V-alt-1_assembled,13.940293801529108
5212,448,D,0.0,P0CG48,10.56,/2O6V-alt-1_assembled,69.43338643453922
5213,463,D,0.0,P0CG48,10.73,/2O6V-alt-1_assembled,62.19515696066834
5214,6,A,0.0,P0CG48,10.08,/2NR2-alt-35_assembled/2NR2-alt-21_assembled/2NR2-alt-7_assembled/2NR2-alt-138_assembled/2NR2-alt-104_assembled/2NR2-alt-110_assembled/2NR2-alt-111_assembled/2NR2-alt-105_assembled/2NR2-alt-139_assembled/2NR2-alt-6_assembled/2NR2-alt-20_assembled/2NR2-alt-34_assembled/2NR2-alt-22_assembled/2NR2-alt-36_assembled/2NR2-alt-4_assembled/2NR2-alt-113_assembled/2NR2-alt-107_assembled/2NR2-alt-106_assembled/2NR2-alt-112_assembled/2NR2-alt-5_assembled/2NR2-alt-37_assembled/2NR2-alt-23_assembled/2NR2-alt-27_assembled/2NR2-alt-33_assembled/2NR2-alt-1_assembled/2NR2-alt-116_assembled/2NR2-alt-102_assembled/2NR2-alt-103_assembled/2NR2-alt-117_assembled/2NR2-alt-32_assembled/2NR2-alt-26_assembled/2NR2-alt-18_assembled/2NR2-alt-30_assembled/2NR2-alt-24_assembled/2NR2-alt-2_assembled/2NR2-alt-101_assembled/2NR2-alt-115_assembled/2NR2-alt-129_assembled/2NR2-alt-128_assembled/2NR2-alt-114_assembled/2NR2-alt-100_assembled/2NR2-alt-3_assembled/2NR2-alt-25_assembled/2NR2-alt-31_assembled/2NR2-alt-19_assembled/2NR2-alt-56_assembled/2NR2-alt-42_assembled/2NR2-alt-95_assembled/2NR2-alt-81_assembled/2NR2-alt-80_assembled/2NR2-alt-94_assembled/2NR2-alt-43_assembled/2NR2-alt-57_assembled/2NR2-alt-41_assembled/2NR2-alt-55_assembled/2NR2-alt-69_assembled/2NR2-alt-82_assembled/2NR2-alt-96_assembled/2NR2-alt-97_assembled/2NR2-alt-83_assembled/2NR2-alt-68_assembled/2NR2-alt-54_assembled/2NR2-alt-40_assembled/2NR2-alt-78_assembled/2NR2-alt-44_assembled/2NR2-alt-50_assembled/2NR2-alt-87_assembled/2NR2-alt-93_assembled/2NR2-alt-92_assembled/2NR2-alt-86_assembled/2NR2-alt-51_assembled/2NR2-alt-45_assembled/2NR2-alt-79_assembled/2NR2-alt-53_assembled/2NR2-alt-47_assembled/2NR2-alt-90_assembled/2NR2-alt-84_assembled/2NR2-alt-85_assembled/2NR2-alt-91_assembled/2NR2-alt-46_assembled/2NR2-alt-52_assembled/2NR2-alt-77_assembled/2NR2-alt-63_assembled/2NR2-alt-88_assembled/2NR2-alt-89_assembled/2NR2-alt-62_assembled/2NR2-alt-76_assembled/2NR2-alt-60_assembled/2NR2-alt-74_assembled/2NR2-alt-48_assembled/2NR2-alt-144_assembled/2NR2-alt-49_assembled/2NR2-alt-75_assembled/2NR2-alt-61_assembled/2NR2-alt-59_assembled/2NR2-alt-65_assembled/2NR2-alt-71_assembled/2NR2-alt-140_assembled/2NR2-alt-141_assembled/2NR2-alt-70_assembled/2NR2-alt-64_assembled/2NR2-alt-58_assembled/2NR2-alt-72_assembled/2NR2-alt-66_assembled/2NR2-alt-99_assembled/2NR2-alt-143_assembled/2NR2-alt-142_assembled/2NR2-alt-98_assembled/2NR2-alt-67_assembled/2NR2-alt-73_assembled/2NR2-alt-14_assembled/2NR2-alt-28_assembled/2NR2-alt-119_assembled/2NR2-alt-125_assembled/2NR2-alt-131_assembled/2NR2-alt-130_assembled/2NR2-alt-124_assembled/2NR2-alt-118_assembled/2NR2-alt-29_assembled/2NR2-alt-15_assembled/2NR2-alt-17_assembled/2NR2-alt-132_assembled/2NR2-alt-126_assembled/2NR2-alt-127_assembled/2NR2-alt-133_assembled/2NR2-alt-16_assembled/2NR2-alt-12_assembled/2NR2-alt-8_assembled/2NR2-alt-137_assembled/2NR2-alt-123_assembled/2NR2-alt-122_assembled/2NR2-alt-136_assembled/2NR2-alt-9_assembled/2NR2-alt-13_assembled/2NR2-alt-39_assembled/2NR2-alt-11_assembled/2NR2-alt-120_assembled/2NR2-alt-134_assembled/2NR2-alt-108_assembled/2NR2-alt-109_assembled/2NR2-alt-135_assembled/2NR2-alt-121_assembled/2NR2-alt-10_assembled/2NR2-alt-38_assembled,37.3975189483329
5215,11,A,0.0,P0CG48,10.29,/2NR2-alt-35_assembled/2NR2-alt-21_assembled/2NR2-alt-7_assembled/2NR2-alt-138_assembled/2NR2-alt-104_assembled/2NR2-alt-110_assembled/2NR2-alt-111_assembled/2NR2-alt-105_assembled/2NR2-alt-139_assembled/2NR2-alt-6_assembled/2NR2-alt-20_assembled/2NR2-alt-34_assembled/2NR2-alt-22_assembled/2NR2-alt-36_assembled/2NR2-alt-4_assembled/2NR2-alt-113_assembled/2NR2-alt-107_assembled/2NR2-alt-106_assembled/2NR2-alt-112_assembled/2NR2-alt-5_assembled/2NR2-alt-37_assembled/2NR2-alt-23_assembled/2NR2-alt-27_assembled/2NR2-alt-33_assembled/2NR2-alt-1_assembled/2NR2-alt-116_assembled/2NR2-alt-102_assembled/2NR2-alt-103_assembled/2NR2-alt-117_assembled/2NR2-alt-32_assembled/2NR2-alt-26_assembled/2NR2-alt-18_assembled/2NR2-alt-30_assembled/2NR2-alt-24_assembled/2NR2-alt-2_assembled/2NR2-alt-101_assembled/2NR2-alt-115_assembled/2NR2-alt-129_assembled/2NR2-alt-128_assembled/2NR2-alt-114_assembled/2NR2-alt-100_assembled/2NR2-alt-3_assembled/2NR2-alt-25_assembled/2NR2-alt-31_assembled/2NR2-alt-19_assembled/2NR2-alt-56_assembled/2NR2-alt-42_assembled/2NR2-alt-95_assembled/2NR2-alt-81_assembled/2NR2-alt-80_assembled/2NR2-alt-94_assembled/2NR2-alt-43_assembled/2NR2-alt-57_assembled/2NR2-alt-41_assembled/2NR2-alt-55_assembled/2NR2-alt-69_assembled/2NR2-alt-82_assembled/2NR2-alt-96_assembled/2NR2-alt-97_assembled/2NR2-alt-83_assembled/2NR2-alt-68_assembled/2NR2-alt-54_assembled/2NR2-alt-40_assembled/2NR2-alt-78_assembled/2NR2-alt-44_assembled/2NR2-alt-50_assembled/2NR2-alt-87_assembled/2NR2-alt-93_assembled/2NR2-alt-92_assembled/2NR2-alt-86_assembled/2NR2-alt-51_assembled/2NR2-alt-45_assembled/2NR2-alt-79_assembled/2NR2-alt-53_assembled/2NR2-alt-47_assembled/2NR2-alt-90_assembled/2NR2-alt-84_assembled/2NR2-alt-85_assembled/2NR2-alt-91_assembled/2NR2-alt-46_assembled/2NR2-alt-52_assembled/2NR2-alt-77_assembled/2NR2-alt-63_assembled/2NR2-alt-88_assembled/2NR2-alt-89_assembled/2NR2-alt-62_assembled/2NR2-alt-76_assembled/2NR2-alt-60_assembled/2NR2-alt-74_assembled/2NR2-alt-48_assembled/2NR2-alt-144_assembled/2NR2-alt-49_assembled/2NR2-alt-75_assembled/2NR2-alt-61_assembled/2NR2-alt-59_assembled/2NR2-alt-65_assembled/2NR2-alt-71_assembled/2NR2-alt-140_assembled/2NR2-alt-141_assembled/2NR2-alt-70_assembled/2NR2-alt-64_assembled/2NR2-alt-58_assembled/2NR2-alt-72_assembled/2NR2-alt-66_assembled/2NR2-alt-99_assembled/2NR2-alt-143_assembled/2NR2-alt-142_assembled/2NR2-alt-98_assembled/2NR2-alt-67_assembled/2NR2-alt-73_assembled/2NR2-alt-14_assembled/2NR2-alt-28_assembled/2NR2-alt-119_assembled/2NR2-alt-125_assembled/2NR2-alt-131_assembled/2NR2-alt-130_assembled/2NR2-alt-124_assembled/2NR2-alt-118_assembled/2NR2-alt-29_assembled/2NR2-alt-15_assembled/2NR2-alt-17_assembled/2NR2-alt-132_assembled/2NR2-alt-126_assembled/2NR2-alt-127_assembled/2NR2-alt-133_assembled/2NR2-alt-16_assembled/2NR2-alt-12_assembled/2NR2-alt-8_assembled/2NR2-alt-137_assembled/2NR2-alt-123_assembled/2NR2-alt-122_assembled/2NR2-alt-136_assembled/2NR2-alt-9_assembled/2NR2-alt-13_assembled/2NR2-alt-39_assembled/2NR2-alt-11_assembled/2NR2-alt-120_assembled/2NR2-alt-134_assembled/2NR2-alt-108_assembled/2NR2-alt-109_assembled/2NR2-alt-135_assembled/2NR2-alt-121_assembled/2NR2-alt-10_assembled/2NR2-alt-38_assembled,82.97155637640884
5216,27,A,0.0,P0CG48,9.41,/2NR2-alt-35_assembled/2NR2-alt-21_assembled/2NR2-alt-7_assembled/2NR2-alt-138_assembled/2NR2-alt-104_assembled/2NR2-alt-110_assembled/2NR2-alt-111_assembled/2NR2-alt-105_assembled/2NR2-alt-139_assembled/2NR2-alt-6_assembled/2NR2-alt-20_assembled/2NR2-alt-34_assembled/2NR2-alt-22_assembled/2NR2-alt-36_assembled/2NR2-alt-4_assembled/2NR2-alt-113_assembled/2NR2-alt-107_assembled/2NR2-alt-106_assembled/2NR2-alt-112_assembled/2NR2-alt-5_assembled/2NR2-alt-37_assembled/2NR2-alt-23_assembled/2NR2-alt-27_assembled/2NR2-alt-33_assembled/2NR2-alt-1_assembled/2NR2-alt-116_assembled/2NR2-alt-102_assembled/2NR2-alt-103_assembled/2NR2-alt-117_assembled/2NR2-alt-32_assembled/2NR2-alt-26_assembled/2NR2-alt-18_assembled/2NR2-alt-30_assembled/2NR2-alt-24_assembled/2NR2-alt-2_assembled/2NR2-alt-101_assembled/2NR2-alt-115_assembled/2NR2-alt-129_assembled/2NR2-alt-128_assembled/2NR2-alt-114_assembled/2NR2-alt-100_assembled/2NR2-alt-3_assembled/2NR2-alt-25_assembled/2NR2-alt-31_assembled/2NR2-alt-19_assembled/2NR2-alt-56_assembled/2NR2-alt-42_assembled/2NR2-alt-95_assembled/2NR2-alt-81_assembled/2NR2-alt-80_assembled/2NR2-alt-94_assembled/2NR2-alt-43_assembled/2NR2-alt-57_assembled/2NR2-alt-41_assembled/2NR2-alt-55_assembled/2NR2-alt-69_assembled/2NR2-alt-82_assembled/2NR2-alt-96_assembled/2NR2-alt-97_assembled/2NR2-alt-83_assembled/2NR2-alt-68_assembled/2NR2-alt-54_assembled/2NR2-alt-40_assembled/2NR2-alt-78_assembled/2NR2-alt-44_assembled/2NR2-alt-50_assembled/2NR2-alt-87_assembled/2NR2-alt-93_assembled/2NR2-alt-92_assembled/2NR2-alt-86_assembled/2NR2-alt-51_assembled/2NR2-alt-45_assembled/2NR2-alt-79_assembled/2NR2-alt-53_assembled/2NR2-alt-47_assembled/2NR2-alt-90_assembled/2NR2-alt-84_assembled/2NR2-alt-85_assembled/2NR2-alt-91_assembled/2NR2-alt-46_assembled/2NR2-alt-52_assembled/2NR2-alt-77_assembled/2NR2-alt-63_assembled/2NR2-alt-88_assembled/2NR2-alt-89_assembled/2NR2-alt-62_assembled/2NR2-alt-76_assembled/2NR2-alt-60_assembled/2NR2-alt-74_assembled/2NR2-alt-48_assembled/2NR2-alt-144_assembled/2NR2-alt-49_assembled/2NR2-alt-75_assembled/2NR2-alt-61_assembled/2NR2-alt-59_assembled/2NR2-alt-65_assembled/2NR2-alt-71_assembled/2NR2-alt-140_assembled/2NR2-alt-141_assembled/2NR2-alt-70_assembled/2NR2-alt-64_assembled/2NR2-alt-58_assembled/2NR2-alt-72_assembled/2NR2-alt-66_assembled/2NR2-alt-99_assembled/2NR2-alt-143_assembled/2NR2-alt-142_assembled/2NR2-alt-98_assembled/2NR2-alt-67_assembled/2NR2-alt-73_assembled/2NR2-alt-14_assembled/2NR2-alt-28_assembled/2NR2-alt-119_assembled/2NR2-alt-125_assembled/2NR2-alt-131_assembled/2NR2-alt-130_assembled/2NR2-alt-124_assembled/2NR2-alt-118_assembled/2NR2-alt-29_assembled/2NR2-alt-15_assembled/2NR2-alt-17_assembled/2NR2-alt-132_assembled/2NR2-alt-126_assembled/2NR2-alt-127_assembled/2NR2-alt-133_assembled/2NR2-alt-16_assembled/2NR2-alt-12_assembled/2NR2-alt-8_assembled/2NR2-alt-137_assembled/2NR2-alt-123_assembled/2NR2-alt-122_assembled/2NR2-alt-136_assembled/2NR2-alt-9_assembled/2NR2-alt-13_assembled/2NR2-alt-39_assembled/2NR2-alt-11_assembled/2NR2-alt-120_assembled/2NR2-alt-134_assembled/2NR2-alt-108_assembled/2NR2-alt-109_assembled/2NR2-alt-135_assembled/2NR2-alt-121_assembled/2NR2-alt-10_assembled/2NR2-alt-38_assembled,33.778404211397465
5217,29,A,0.0,P0CG48,10.18,/2NR2-alt-35_assembled/2NR2-alt-21_assembled/2NR2-alt-7_assembled/2NR2-alt-138_assembled/2NR2-alt-104_assembled/2NR2-alt-110_assembled/2NR2-alt-111_assembled/2NR2-alt-105_assembled/2NR2-alt-139_assembled/2NR2-alt-6_assembled/2NR2-alt-20_assembled/2NR2-alt-34_assembled/2NR2-alt-22_assembled/2NR2-alt-36_assembled/2NR2-alt-4_assembled/2NR2-alt-113_assembled/2NR2-alt-107_assembled/2NR2-alt-106_assembled/2NR2-alt-112_assembled/2NR2-alt-5_assembled/2NR2-alt-37_assembled/2NR2-alt-23_assembled/2NR2-alt-27_assembled/2NR2-alt-33_assembled/2NR2-alt-1_assembled/2NR2-alt-116_assembled/2NR2-alt-102_assembled/2NR2-alt-103_assembled/2NR2-alt-117_assembled/2NR2-alt-32_assembled/2NR2-alt-26_assembled/2NR2-alt-18_assembled/2NR2-alt-30_assembled/2NR2-alt-24_assembled/2NR2-alt-2_assembled/2NR2-alt-101_assembled/2NR2-alt-115_assembled/2NR2-alt-129_assembled/2NR2-alt-128_assembled/2NR2-alt-114_assembled/2NR2-alt-100_assembled/2NR2-alt-3_assembled/2NR2-alt-25_assembled/2NR2-alt-31_assembled/2NR2-alt-19_assembled/2NR2-alt-56_assembled/2NR2-alt-42_assembled/2NR2-alt-95_assembled/2NR2-alt-81_assembled/2NR2-alt-80_assembled/2NR2-alt-94_assembled/2NR2-alt-43_assembled/2NR2-alt-57_assembled/2NR2-alt-41_assembled/2NR2-alt-55_assembled/2NR2-alt-69_assembled/2NR2-alt-82_assembled/2NR2-alt-96_assembled/2NR2-alt-97_assembled/2NR2-alt-83_assembled/2NR2-alt-68_assembled/2NR2-alt-54_assembled/2NR2-alt-40_assembled/2NR2-alt-78_assembled/2NR2-alt-44_assembled/2NR2-alt-50_assembled/2NR2-alt-87_assembled/2NR2-alt-93_assembled/2NR2-alt-92_assembled/2NR2-alt-86_assembled/2NR2-alt-51_assembled/2NR2-alt-45_assembled/2NR2-alt-79_assembled/2NR2-alt-53_assembled/2NR2-alt-47_assembled/2NR2-alt-90_assembled/2NR2-alt-84_assembled/2NR2-alt-85_assembled/2NR2-alt-91_assembled/2NR2-alt-46_assembled/2NR2-alt-52_assembled/2NR2-alt-77_assembled/2NR2-alt-63_assembled/2NR2-alt-88_assembled/2NR2-alt-89_assembled/2NR2-alt-62_assembled/2NR2-alt-76_assembled/2NR2-alt-60_assembled/2NR2-alt-74_assembled/2NR2-alt-48_assembled/2NR2-alt-144_assembled/2NR2-alt-49_assembled/2NR2-alt-75_assembled/2NR2-alt-61_assembled/2NR2-alt-59_assembled/2NR2-alt-65_assembled/2NR2-alt-71_assembled/2NR2-alt-140_assembled/2NR2-alt-141_assembled/2NR2-alt-70_assembled/2NR2-alt-64_assembled/2NR2-alt-58_assembled/2NR2-alt-72_assembled/2NR2-alt-66_assembled/2NR2-alt-99_assembled/2NR2-alt-143_assembled/2NR2-alt-142_assembled/2NR2-alt-98_assembled/2NR2-alt-67_assembled/2NR2-alt-73_assembled/2NR2-alt-14_assembled/2NR2-alt-28_assembled/2NR2-alt-119_assembled/2NR2-alt-125_assembled/2NR2-alt-131_assembled/2NR2-alt-130_assembled/2NR2-alt-124_assembled/2NR2-alt-118_assembled/2NR2-alt-29_assembled/2NR2-alt-15_assembled/2NR2-alt-17_assembled/2NR2-alt-132_assembled/2NR2-alt-126_assembled/2NR2-alt-127_assembled/2NR2-alt-133_assembled/2NR2-alt-16_assembled/2NR2-alt-12_assembled/2NR2-alt-8_assembled/2NR2-alt-137_assembled/2NR2-alt-123_assembled/2NR2-alt-122_assembled/2NR2-alt-136_assembled/2NR2-alt-9_assembled/2NR2-alt-13_assembled/2NR2-alt-39_assembled/2NR2-alt-11_assembled/2NR2-alt-120_assembled/2NR2-alt-134_assembled/2NR2-alt-108_assembled/2NR2-alt-109_assembled/2NR2-alt-135_assembled/2NR2-alt-121_assembled/2NR2-alt-10_assembled/2NR2-alt-38_assembled,64.07173497241264
5218,33,A,0.0,P0CG48,10.16,/2NR2-alt-35_assembled/2NR2-alt-21_assembled/2NR2-alt-7_assembled/2NR2-alt-138_assembled/2NR2-alt-104_assembled/2NR2-alt-110_assembled/2NR2-alt-111_assembled/2NR2-alt-105_assembled/2NR2-alt-139_assembled/2NR2-alt-6_assembled/2NR2-alt-20_assembled/2NR2-alt-34_assembled/2NR2-alt-22_assembled/2NR2-alt-36_assembled/2NR2-alt-4_assembled/2NR2-alt-113_assembled/2NR2-alt-107_assembled/2NR2-alt-106_assembled/2NR2-alt-112_assembled/2NR2-alt-5_assembled/2NR2-alt-37_assembled/2NR2-alt-23_assembled/2NR2-alt-27_assembled/2NR2-alt-33_assembled/2NR2-alt-1_assembled/2NR2-alt-116_assembled/2NR2-alt-102_assembled/2NR2-alt-103_assembled/2NR2-alt-117_assembled/2NR2-alt-32_assembled/2NR2-alt-26_assembled/2NR2-alt-18_assembled/2NR2-alt-30_assembled/2NR2-alt-24_assembled/2NR2-alt-2_assembled/2NR2-alt-101_assembled/2NR2-alt-115_assembled/2NR2-alt-129_assembled/2NR2-alt-128_assembled/2NR2-alt-114_assembled/2NR2-alt-100_assembled/2NR2-alt-3_assembled/2NR2-alt-25_assembled/2NR2-alt-31_assembled/2NR2-alt-19_assembled/2NR2-alt-56_assembled/2NR2-alt-42_assembled/2NR2-alt-95_assembled/2NR2-alt-81_assembled/2NR2-alt-80_assembled/2NR2-alt-94_assembled/2NR2-alt-43_assembled/2NR2-alt-57_assembled/2NR2-alt-41_assembled/2NR2-alt-55_assembled/2NR2-alt-69_assembled/2NR2-alt-82_assembled/2NR2-alt-96_assembled/2NR2-alt-97_assembled/2NR2-alt-83_assembled/2NR2-alt-68_assembled/2NR2-alt-54_assembled/2NR2-alt-40_assembled/2NR2-alt-78_assembled/2NR2-alt-44_assembled/2NR2-alt-50_assembled/2NR2-alt-87_assembled/2NR2-alt-93_assembled/2NR2-alt-92_assembled/2NR2-alt-86_assembled/2NR2-alt-51_assembled/2NR2-alt-45_assembled/2NR2-alt-79_assembled/2NR2-alt-53_assembled/2NR2-alt-47_assembled/2NR2-alt-90_assembled/2NR2-alt-84_assembled/2NR2-alt-85_assembled/2NR2-alt-91_assembled/2NR2-alt-46_assembled/2NR2-alt-52_assembled/2NR2-alt-77_assembled/2NR2-alt-63_assembled/2NR2-alt-88_assembled/2NR2-alt-89_assembled/2NR2-alt-62_assembled/2NR2-alt-76_assembled/2NR2-alt-60_assembled/2NR2-alt-74_assembled/2NR2-alt-48_assembled/2NR2-alt-144_assembled/2NR2-alt-49_assembled/2NR2-alt-75_assembled/2NR2-alt-61_assembled/2NR2-alt-59_assembled/2NR2-alt-65_assembled/2NR2-alt-71_assembled/2NR2-alt-140_assembled/2NR2-alt-141_assembled/2NR2-alt-70_assembled/2NR2-alt-64_assembled/2NR2-alt-58_assembled/2NR2-alt-72_assembled/2NR2-alt-66_assembled/2NR2-alt-99_assembled/2NR2-alt-143_assembled/2NR2-alt-142_assembled/2NR2-alt-98_assembled/2NR2-alt-67_assembled/2NR2-alt-73_assembled/2NR2-alt-14_assembled/2NR2-alt-28_assembled/2NR2-alt-119_assembled/2NR2-alt-125_assembled/2NR2-alt-131_assembled/2NR2-alt-130_assembled/2NR2-alt-124_assembled/2NR2-alt-118_assembled/2NR2-alt-29_assembled/2NR2-alt-15_assembled/2NR2-alt-17_assembled/2NR2-alt-132_assembled/2NR2-alt-126_assembled/2NR2-alt-127_assembled/2NR2-alt-133_assembled/2NR2-alt-16_assembled/2NR2-alt-12_assembled/2NR2-alt-8_assembled/2NR2-alt-137_assembled/2NR2-alt-123_assembled/2NR2-alt-122_assembled/2NR2-alt-136_assembled/2NR2-alt-9_assembled/2NR2-alt-13_assembled/2NR2-alt-39_assembled/2NR2-alt-11_assembled/2NR2-alt-120_assembled/2NR2-alt-134_assembled/2NR2-alt-108_assembled/2NR2-alt-109_assembled/2NR2-alt-135_assembled/2NR2-alt-121_assembled/2NR2-alt-10_assembled/2NR2-alt-38_assembled,77.4758636277291
5219,48,A,0.0,P0CG48,10.12,/2NR2-alt-35_assembled/2NR2-alt-21_assembled/2NR2-alt-7_assembled/2NR2-alt-138_assembled/2NR2-alt-104_assembled/2NR2-alt-110_assembled/2NR2-alt-111_assembled/2NR2-alt-105_assembled/2NR2-alt-139_assembled/2NR2-alt-6_assembled/2NR2-alt-20_assembled/2NR2-alt-34_assembled/2NR2-alt-22_assembled/2NR2-alt-36_assembled/2NR2-alt-4_assembled/2NR2-alt-113_assembled/2NR2-alt-107_assembled/2NR2-alt-106_assembled/2NR2-alt-112_assembled/2NR2-alt-5_assembled/2NR2-alt-37_assembled/2NR2-alt-23_assembled/2NR2-alt-27_assembled/2NR2-alt-33_assembled/2NR2-alt-1_assembled/2NR2-alt-116_assembled/2NR2-alt-102_assembled/2NR2-alt-103_assembled/2NR2-alt-117_assembled/2NR2-alt-32_assembled/2NR2-alt-26_assembled/2NR2-alt-18_assembled/2NR2-alt-30_assembled/2NR2-alt-24_assembled/2NR2-alt-2_assembled/2NR2-alt-101_assembled/2NR2-alt-115_assembled/2NR2-alt-129_assembled/2NR2-alt-128_assembled/2NR2-alt-114_assembled/2NR2-alt-100_assembled/2NR2-alt-3_assembled/2NR2-alt-25_assembled/2NR2-alt-31_assembled/2NR2-alt-19_assembled/2NR2-alt-56_assembled/2NR2-alt-42_assembled/2NR2-alt-95_assembled/2NR2-alt-81_assembled/2NR2-alt-80_assembled/2NR2-alt-94_assembled/2NR2-alt-43_assembled/2NR2-alt-57_assembled/2NR2-alt-41_assembled/2NR2-alt-55_assembled/2NR2-alt-69_assembled/2NR2-alt-82_assembled/2NR2-alt-96_assembled/2NR2-alt-97_assembled/2NR2-alt-83_assembled/2NR2-alt-68_assembled/2NR2-alt-54_assembled/2NR2-alt-40_assembled/2NR2-alt-78_assembled/2NR2-alt-44_assembled/2NR2-alt-50_assembled/2NR2-alt-87_assembled/2NR2-alt-93_assembled/2NR2-alt-92_assembled/2NR2-alt-86_assembled/2NR2-alt-51_assembled/2NR2-alt-45_assembled/2NR2-alt-79_assembled/2NR2-alt-53_assembled/2NR2-alt-47_assembled/2NR2-alt-90_assembled/2NR2-alt-84_assembled/2NR2-alt-85_assembled/2NR2-alt-91_assembled/2NR2-alt-46_assembled/2NR2-alt-52_assembled/2NR2-alt-77_assembled/2NR2-alt-63_assembled/2NR2-alt-88_assembled/2NR2-alt-89_assembled/2NR2-alt-62_assembled/2NR2-alt-76_assembled/2NR2-alt-60_assembled/2NR2-alt-74_assembled/2NR2-alt-48_assembled/2NR2-alt-144_assembled/2NR2-alt-49_assembled/2NR2-alt-75_assembled/2NR2-alt-61_assembled/2NR2-alt-59_assembled/2NR2-alt-65_assembled/2NR2-alt-71_assembled/2NR2-alt-140_assembled/2NR2-alt-141_assembled/2NR2-alt-70_assembled/2NR2-alt-64_assembled/2NR2-alt-58_assembled/2NR2-alt-72_assembled/2NR2-alt-66_assembled/2NR2-alt-99_assembled/2NR2-alt-143_assembled/2NR2-alt-142_assembled/2NR2-alt-98_assembled/2NR2-alt-67_assembled/2NR2-alt-73_assembled/2NR2-alt-14_assembled/2NR2-alt-28_assembled/2NR2-alt-119_assembled/2NR2-alt-125_assembled/2NR2-alt-131_assembled/2NR2-alt-130_assembled/2NR2-alt-124_assembled/2NR2-alt-118_assembled/2NR2-alt-29_assembled/2NR2-alt-15_assembled/2NR2-alt-17_assembled/2NR2-alt-132_assembled/2NR2-alt-126_assembled/2NR2-alt-127_assembled/2NR2-alt-133_assembled/2NR2-alt-16_assembled/2NR2-alt-12_assembled/2NR2-alt-8_assembled/2NR2-alt-137_assembled/2NR2-alt-123_assembled/2NR2-alt-122_assembled/2NR2-alt-136_assembled/2NR2-alt-9_assembled/2NR2-alt-13_assembled/2NR2-alt-39_assembled/2NR2-alt-11_assembled/2NR2-alt-120_assembled/2NR2-alt-134_assembled/2NR2-alt-108_assembled/2NR2-alt-109_assembled/2NR2-alt-135_assembled/2NR2-alt-121_assembled/2NR2-alt-10_assembled/2NR2-alt-38_assembled,60.58666152203037
5220,63,A,0.0,P0CG48,10.36,/2NR2-alt-35_assembled/2NR2-alt-21_assembled/2NR2-alt-7_assembled/2NR2-alt-138_assembled/2NR2-alt-104_assembled/2NR2-alt-110_assembled/2NR2-alt-111_assembled/2NR2-alt-105_assembled/2NR2-alt-139_assembled/2NR2-alt-6_assembled/2NR2-alt-20_assembled/2NR2-alt-34_assembled/2NR2-alt-22_assembled/2NR2-alt-36_assembled/2NR2-alt-4_assembled/2NR2-alt-113_assembled/2NR2-alt-107_assembled/2NR2-alt-106_assembled/2NR2-alt-112_assembled/2NR2-alt-5_assembled/2NR2-alt-37_assembled/2NR2-alt-23_assembled/2NR2-alt-27_assembled/2NR2-alt-33_assembled/2NR2-alt-1_assembled/2NR2-alt-116_assembled/2NR2-alt-102_assembled/2NR2-alt-103_assembled/2NR2-alt-117_assembled/2NR2-alt-32_assembled/2NR2-alt-26_assembled/2NR2-alt-18_assembled/2NR2-alt-30_assembled/2NR2-alt-24_assembled/2NR2-alt-2_assembled/2NR2-alt-101_assembled/2NR2-alt-115_assembled/2NR2-alt-129_assembled/2NR2-alt-128_assembled/2NR2-alt-114_assembled/2NR2-alt-100_assembled/2NR2-alt-3_assembled/2NR2-alt-25_assembled/2NR2-alt-31_assembled/2NR2-alt-19_assembled/2NR2-alt-56_assembled/2NR2-alt-42_assembled/2NR2-alt-95_assembled/2NR2-alt-81_assembled/2NR2-alt-80_assembled/2NR2-alt-94_assembled/2NR2-alt-43_assembled/2NR2-alt-57_assembled/2NR2-alt-41_assembled/2NR2-alt-55_assembled/2NR2-alt-69_assembled/2NR2-alt-82_assembled/2NR2-alt-96_assembled/2NR2-alt-97_assembled/2NR2-alt-83_assembled/2NR2-alt-68_assembled/2NR2-alt-54_assembled/2NR2-alt-40_assembled/2NR2-alt-78_assembled/2NR2-alt-44_assembled/2NR2-alt-50_assembled/2NR2-alt-87_assembled/2NR2-alt-93_assembled/2NR2-alt-92_assembled/2NR2-alt-86_assembled/2NR2-alt-51_assembled/2NR2-alt-45_assembled/2NR2-alt-79_assembled/2NR2-alt-53_assembled/2NR2-alt-47_assembled/2NR2-alt-90_assembled/2NR2-alt-84_assembled/2NR2-alt-85_assembled/2NR2-alt-91_assembled/2NR2-alt-46_assembled/2NR2-alt-52_assembled/2NR2-alt-77_assembled/2NR2-alt-63_assembled/2NR2-alt-88_assembled/2NR2-alt-89_assembled/2NR2-alt-62_assembled/2NR2-alt-76_assembled/2NR2-alt-60_assembled/2NR2-alt-74_assembled/2NR2-alt-48_assembled/2NR2-alt-144_assembled/2NR2-alt-49_assembled/2NR2-alt-75_assembled/2NR2-alt-61_assembled/2NR2-alt-59_assembled/2NR2-alt-65_assembled/2NR2-alt-71_assembled/2NR2-alt-140_assembled/2NR2-alt-141_assembled/2NR2-alt-70_assembled/2NR2-alt-64_assembled/2NR2-alt-58_assembled/2NR2-alt-72_assembled/2NR2-alt-66_assembled/2NR2-alt-99_assembled/2NR2-alt-143_assembled/2NR2-alt-142_assembled/2NR2-alt-98_assembled/2NR2-alt-67_assembled/2NR2-alt-73_assembled/2NR2-alt-14_assembled/2NR2-alt-28_assembled/2NR2-alt-119_assembled/2NR2-alt-125_assembled/2NR2-alt-131_assembled/2NR2-alt-130_assembled/2NR2-alt-124_assembled/2NR2-alt-118_assembled/2NR2-alt-29_assembled/2NR2-alt-15_assembled/2NR2-alt-17_assembled/2NR2-alt-132_assembled/2NR2-alt-126_assembled/2NR2-alt-127_assembled/2NR2-alt-133_assembled/2NR2-alt-16_assembled/2NR2-alt-12_assembled/2NR2-alt-8_assembled/2NR2-alt-137_assembled/2NR2-alt-123_assembled/2NR2-alt-122_assembled/2NR2-alt-136_assembled/2NR2-alt-9_assembled/2NR2-alt-13_assembled/2NR2-alt-39_assembled/2NR2-alt-11_assembled/2NR2-alt-120_assembled/2NR2-alt-134_assembled/2NR2-alt-108_assembled/2NR2-alt-109_assembled/2NR2-alt-135_assembled/2NR2-alt-121_assembled/2NR2-alt-10_assembled/2NR2-alt-38_assembled,115.54358900882782
5221,25,A,83.35,P0AEQ3,10.73,/AF-P0AEQ3-F1-model_v1,85.7864233940253
5222,26,A,94.97,P0AEQ3,10.66,/AF-P0AEQ3-F1-model_v1,78.01202877394175
5223,41,A,94.67,P0AEQ3,10.6,/AF-P0AEQ3-F1-model_v1,78.54819392015442
5224,45,A,94.1,P0AEQ3,10.43,/AF-P0AEQ3-F1-model_v1,99.86075848210757
5225,59,A,98.32,P0AEQ3,10.44,/AF-P0AEQ3-F1-model_v1,101.60329520729871
5226,62,A,97.01,P0AEQ3,10.48,/AF-P0AEQ3-F1-model_v1,88.86937298474808
5227,68,A,97.78,P0AEQ3,10.26,/AF-P0AEQ3-F1-model_v1,56.16329906577594
5228,82,A,97.22,P0AEQ3,10.35,/AF-P0AEQ3-F1-model_v1,79.3524416394734
5229,98,A,97.64,P0AEQ3,10.45,/AF-P0AEQ3-F1-model_v1,68.7631800017734
5230,99,A,97.75,P0AEQ3,11.56,/AF-P0AEQ3-F1-model_v1,83.77580409572784
5231,109,A,94.95,P0AEQ3,10.39,/AF-P0AEQ3-F1-model_v1,81.49710222432402
5232,117,A,98.69,P0AEQ3,10.05,/AF-P0AEQ3-F1-model_v1,32.57203263241898
5233,124,A,97.94,P0AEQ3,10.55,/AF-P0AEQ3-F1-model_v1,87.39491883266328
5234,127,A,95.75,P0AEQ3,10.51,/AF-P0AEQ3-F1-model_v1,93.694859300662
5235,132,A,98.68,P0AEQ3,10.73,/AF-P0AEQ3-F1-model_v1,47.85273929947974
5236,137,A,97.9,P0AEQ3,10.74,/AF-P0AEQ3-F1-model_v1,10.723302924253161
5237,147,A,97.48,P0AEQ3,10.38,/AF-P0AEQ3-F1-model_v1,73.45462503113416
5238,151,A,97.94,P0AEQ3,10.59,/AF-P0AEQ3-F1-model_v1,96.37568503172528
5239,153,A,98.42,P0AEQ3,10.48,/AF-P0AEQ3-F1-model_v1,76.93969848151644
5240,188,A,94.33,P0AEQ3,10.35,/AF-P0AEQ3-F1-model_v1,108.30535953495693
5241,196,A,98.48,P0AEQ3,9.99,/AF-P0AEQ3-F1-model_v1,35.118817076929105
5242,213,A,98.25,P0AEQ3,11.2,/AF-P0AEQ3-F1-model_v1,39.006014386970875
5243,221,A,98.6,P0AEQ3,11.43,/AF-P0AEQ3-F1-model_v1,76.93969848151643
5244,227,A,98.74,P0AEQ3,11.44,/AF-P0AEQ3-F1-model_v1,75.73332690253795
5245,240,A,97.59,P0AEQ3,11.45,/AF-P0AEQ3-F1-model_v1,55.76117520611645
5246,241,A,96.88,P0AEQ3,11.28,/AF-P0AEQ3-F1-model_v1,59.24624865649872
5247,248,A,77.89,P0AEQ3,10.47,/AF-P0AEQ3-F1-model_v1,117.82229088023163
5248,4,N,0.0,P0A6F5,10.0,/1AON-alt-1_assembled,13.672211228422782
5249,7,J,0.0,P0A6F5,10.28,/1AON-alt-1_assembled,37.531560234886065
5250,15,I,0.0,P0A6F5,10.9,/1AON-alt-1_assembled,20.642358129187336
5251,28,B,0.0,P0A6F5,10.21,/1AON-alt-1_assembled,39.542179533183536
5252,34,I,0.0,P0A6F5,10.31,/1AON-alt-1_assembled,24.395514152675943
5253,42,E,0.0,P0A6F5,9.77,/1AON-alt-1_assembled,22.652977427484807
5254,51,B,0.0,P0A6F5,8.02,/1AON-alt-1_assembled,18.36365625778354
5255,65,G,0.0,P0A6F5,10.37,/1AON-alt-1_assembled,47.18253286671391
5256,75,J,0.0,P0A6F5,8.43,/1AON-alt-1_assembled,18.229614971230376
5257,80,C,0.0,P0A6F5,10.96,/1AON-alt-1_assembled,49.99739988433036
5258,105,E,0.0,P0A6F5,10.63,/1AON-alt-1_assembled,28.818876608930374
5259,117,H,0.0,P0A6F5,10.15,/1AON-alt-1_assembled,44.09958327599112
5260,122,M,0.0,P0A6F5,10.07,/1AON-alt-1_assembled,36.32518865590758
5261,132,A,0.0,P0A6F5,10.17,/1AON-alt-1_assembled,44.09958327599113
5262,142,E,0.0,P0A6F5,10.47,/1AON-alt-1_assembled,73.7227076042405
5263,160,K,0.0,P0A6F5,10.62,/1AON-alt-1_assembled,60.988785381689866
5264,168,J,0.0,P0A6F5,10.45,/1AON-alt-1_assembled,67.69084970934809
5265,171,L,0.0,P0A6F5,10.28,/1AON-alt-1_assembled,33.51032163829113
5266,207,N,0.0,P0A6F5,10.17,/1AON-alt-1_assembled,39.54217953318353
5267,242,A,0.0,P0A6F5,10.37,/1AON-alt-1_assembled,74.92907918321896
5268,245,L,0.0,P0A6F5,9.81,/1AON-alt-1_assembled,49.99739988433036
5269,272,B,0.0,P0A6F5,9.22,/1AON-alt-1_assembled,58.03987707752024
5270,277,M,0.0,P0A6F5,8.49,/1AON-alt-1_assembled,25.46784444510126
5271,286,I,0.0,P0A6F5,11.56,/1AON-alt-1_assembled,30.963537193781008
5272,311,B,0.0,P0A6F5,10.32,/1AON-alt-1_assembled,47.31657415326708
5273,321,J,0.0,P0A6F5,11.11,/1AON-alt-1_assembled,71.57804701938986
5274,327,A,0.0,P0A6F5,9.76,/1AON-alt-1_assembled,45.03787228186328
5275,364,H,0.0,P0A6F5,9.73,/1AON-alt-1_assembled,24.127431579569617
5276,371,G,0.0,P0A6F5,8.94,/1AON-alt-1_assembled,19.83811040986835
5277,380,L,0.0,P0A6F5,11.07,/1AON-alt-1_assembled,19.704069123315186
5278,390,G,0.0,P0A6F5,9.6,/1AON-alt-1_assembled,61.793033101008845
5279,392,C,0.0,P0A6F5,10.07,/1AON-alt-1_assembled,34.85073450382278
5280,393,C,0.0,P0A6F5,11.29,/1AON-alt-1_assembled,31.231619766887334
5281,425,H,0.0,P0A6F5,10.33,/1AON-alt-1_assembled,62.865363393434166
5282,441,H,0.0,P0A6F5,9.01,/1AON-alt-1_assembled,53.884597194372134
5283,470,K,0.0,P0A6F5,10.2,/1AON-alt-1_assembled,38.73793181386455
5284,498,D,0.0,P0A6F5,10.41,/1AON-alt-1_assembled,24.529555439229107
5285,225,M,0.0,P0A6F5,10.1,/1AON-alt-1_assembled,23.99339029301645
5286,226,N,0.0,P0A6F5,10.52,/1AON-alt-1_assembled,65.68023041105062
5287,13,O,0.0,P0A6F5,10.54,/1AON-alt-1_assembled,61.793033101008845
5288,15,Q,0.0,P0A6F5,10.26,/1AON-alt-1_assembled,60.72070280858353
5289,20,O,0.0,P0A6F5,9.93,/1AON-alt-1_assembled,41.418757544927836
5290,34,S,0.0,P0A6F5,9.84,/1AON-alt-1_assembled,57.23562935820125
5291,55,O,0.0,P0A6F5,9.24,/1AON-alt-1_assembled,20.776399415740503
5292,60,R,0.0,P0A6F5,10.63,/1AON-alt-1_assembled,77.0737397680696
5293,74,T,0.0,P0A6F5,9.33,/1AON-alt-1_assembled,17.15728467880506
5294,77,R,0.0,P0A6F5,10.7,/1AON-alt-1_assembled,45.97616128773543
5295,7,F,0.0,P0A6F5,8.69,/1GRL-alt-1_assembled,25.333803158548097
5296,15,E,0.0,P0A6F5,8.77,/1GRL-alt-1_assembled,10.723302924253161
5297,28,E,0.0,P0A6F5,9.12,/1GRL-alt-1_assembled,18.229614971230376
5298,42,A,0.0,P0A6F5,10.31,/1GRL-alt-1_assembled,49.8633585977772
5299,51,F,0.0,P0A6F5,7.87,/1GRL-alt-1_assembled,39.27409696007721
5300,65,B,0.0,P0A6F5,10.67,/1GRL-alt-1_assembled,51.73993660952151
5301,75,D,0.0,P0A6F5,7.26,/1GRL-alt-1_assembled,16.487078246039236
5302,80,D,0.0,P0A6F5,10.09,/1GRL-alt-1_assembled,35.38689965003544
5303,105,E,0.0,P0A6F5,10.56,/1GRL-alt-1_assembled,61.39090924134935
5304,117,D,0.0,P0A6F5,8.7,/1GRL-alt-1_assembled,21.178523275399993
5305,122,F,0.0,P0A6F5,9.36,/1GRL-alt-1_assembled,26.540174737526577
5306,132,G,0.0,P0A6F5,10.03,/1GRL-alt-1_assembled,37.3975189483329
5307,142,F,0.0,P0A6F5,10.44,/1GRL-alt-1_assembled,74.66099661011265
5308,160,G,0.0,P0A6F5,10.45,/1GRL-alt-1_assembled,43.4293768432253
5309,168,D,0.0,P0A6F5,8.13,/1GRL-alt-1_assembled,8.176518479743036
5310,171,E,0.0,P0A6F5,10.14,/1GRL-alt-1_assembled,27.478463743398727
5311,207,G,0.0,P0A6F5,9.05,/1GRL-alt-1_assembled,47.85273929947974
5312,225,A,0.0,P0A6F5,10.32,/1GRL-alt-1_assembled,64.87598269173162
5313,226,B,0.0,P0A6F5,9.35,/1GRL-alt-1_assembled,37.3975189483329
5314,242,C,0.0,P0A6F5,10.24,/1GRL-alt-1_assembled,53.75055590781898
5315,272,C,0.0,P0A6F5,7.61,/1GRL-alt-1_assembled,21.446605848506323
5316,277,F,0.0,P0A6F5,8.38,/1GRL-alt-1_assembled,30.56141333412151
5317,286,F,0.0,P0A6F5,10.05,/1GRL-alt-1_assembled,28.68483532237721
5318,311,G,0.0,P0A6F5,10.12,/1GRL-alt-1_assembled,40.61450982560885
5319,321,B,0.0,P0A6F5,10.03,/1GRL-alt-1_assembled,61.39090924134935
5320,327,B,0.0,P0A6F5,10.64,/1GRL-alt-1_assembled,71.4440057328367
5321,364,G,0.0,P0A6F5,8.66,/1GRL-alt-1_assembled,21.58064713505949
5322,371,B,0.0,P0A6F5,7.94,/1GRL-alt-1_assembled,18.8998214039962
5323,380,B,0.0,P0A6F5,10.43,/1GRL-alt-1_assembled,39.006014386970875
5324,390,G,0.0,P0A6F5,10.24,/1GRL-alt-1_assembled,53.48247333471265
5325,392,B,0.0,P0A6F5,9.26,/1GRL-alt-1_assembled,10.589261637699998
5326,393,D,0.0,P0A6F5,9.36,/1GRL-alt-1_assembled,15.548789240167084
5327,425,B,0.0,P0A6F5,10.29,/1GRL-alt-1_assembled,42.22300526424682
5328,441,B,0.0,P0A6F5,9.59,/1GRL-alt-1_assembled,62.731322106880995
5329,470,C,0.0,P0A6F5,10.37,/1GRL-alt-1_assembled,53.21439076160631
5330,498,E,0.0,P0A6F5,10.12,/1GRL-alt-1_assembled,28.014628889611387
5331,34,C,0.0,P0A6F5,10.47,/1GRL-alt-1_assembled,35.5209409365886
5332,245,F,0.0,P0A6F5,9.52,/1GRL-alt-1_assembled,29.757165614802528
5333,10,A,0.0,P61981,10.13,/3UZD-alt1A_assembled/3UZD-alt1B_assembled,45.842120001182266
5334,28,A,0.0,P61981,10.94,/3UZD-alt1A_assembled/3UZD-alt1B_assembled,25.467844445101257
5335,50,A,0.0,P61981,9.39,/3UZD-alt1A_assembled/3UZD-alt1B_assembled,63.93769368585948
5336,69,A,0.0,P61981,10.4,/3UZD-alt1A_assembled/3UZD-alt1B_assembled,89.00341427130124
5337,77,A,0.0,P61981,10.4,/3UZD-alt1A_assembled/3UZD-alt1B_assembled,81.2290196512177
5338,78,A,0.0,P61981,9.58,/3UZD-alt1A_assembled/3UZD-alt1B_assembled,2.814867017616455
5339,88,A,0.0,P61981,10.83,/3UZD-alt1A_assembled/3UZD-alt1B_assembled,60.72070280858353
5340,91,A,0.0,P61981,10.5,/3UZD-alt1A_assembled/3UZD-alt1B_assembled,86.59067111334429
5341,110,A,0.0,P61981,10.29,/3UZD-alt1A_assembled/3UZD-alt1B_assembled,68.09297356900757
5342,120,A,0.0,P61981,10.88,/3UZD-alt1A_assembled/3UZD-alt1B_assembled,30.02524818790885
5343,125,A,0.0,P61981,10.5,/3UZD-alt1A_assembled/3UZD-alt1B_assembled,33.242239065184805
5344,127,A,0.0,P61981,10.79,/3UZD-alt1A_assembled/3UZD-alt1B_assembled,28.416752749270877
5345,142,A,0.0,P61981,10.38,/3UZD-alt1A_assembled/3UZD-alt1B_assembled,78.41415263360125
5346,152,A,0.0,P61981,10.5,/3UZD-alt1A_assembled/3UZD-alt1B_assembled,83.23963894951518
5347,162,A,0.0,P61981,10.14,/3UZD-alt1A_assembled/3UZD-alt1B_assembled,46.11020257428859
5348,198,A,0.0,P61981,10.9,/3UZD-alt1A_assembled/3UZD-alt1B_assembled,73.85674889079365
5349,217,A,0.0,P61981,10.5,/3UZD-alt1A_assembled/3UZD-alt1B_assembled,102.80966678627719
5350,10,A,0.0,P61981,9.75,/6S9K-alt-1_assembled,70.90784058662403
5351,28,A,0.0,P61981,11.21,/6S9K-alt-1_assembled,57.10158807164809
5352,50,A,0.0,P61981,7.71,/6S9K-alt-1_assembled,37.7996428079924
5353,69,A,0.0,P61981,10.39,/6S9K-alt-1_assembled,73.45462503113416
5354,77,A,0.0,P61981,10.45,/6S9K-alt-1_assembled,107.90323567529745
5355,78,A,0.0,P61981,10.34,/6S9K-alt-1_assembled,90.47786842338606
5356,88,A,0.0,P61981,10.65,/6S9K-alt-1_assembled,88.60129041164176
5357,91,A,0.0,P61981,10.36,/6S9K-alt-1_assembled,105.22240994423416
5358,110,A,0.0,P61981,10.28,/6S9K-alt-1_assembled,62.731322106880995
5359,120,A,0.0,P61981,10.4,/6S9K-alt-1_assembled,48.12082187258606
5360,125,A,0.0,P61981,10.44,/6S9K-alt-1_assembled,34.04648678450379
5361,127,A,0.0,P61981,9.85,/6S9K-alt-1_assembled,36.057106082801255
5362,142,A,0.0,P61981,10.46,/6S9K-alt-1_assembled,89.5395794175139
5363,152,A,0.0,P61981,10.58,/6S9K-alt-1_assembled,94.90123087964048
5364,162,A,0.0,P61981,8.58,/6S9K-alt-1_assembled,36.32518865590758
5365,198,A,0.0,P61981,10.23,/6S9K-alt-1_assembled,53.884597194372134
5366,217,A,0.0,P61981,10.5,/6S9K-alt-1_assembled,94.23102444687467
5367,5,D,0.0,P31946,10.0,/6HEP-alt1A_assembled/6HEP-alt1B_assembled,19.033862690549363
5368,11,D,0.0,P31946,7.08,/6HEP-alt1A_assembled/6HEP-alt1B_assembled,42.75917041045948
5369,13,D,0.0,P31946,10.65,/6HEP-alt1A_assembled/6HEP-alt1B_assembled,53.75055590781898
5370,29,D,0.0,P31946,11.25,/6HEP-alt1A_assembled/6HEP-alt1B_assembled,37.129436375226575
5371,51,D,0.0,P31946,8.42,/6HEP-alt1A_assembled/6HEP-alt1B_assembled,37.665601521439235
5372,70,A,0.0,P31946,10.19,/6HEP-alt1A_assembled/6HEP-alt1B_assembled,72.11421216560251
5373,76,D,0.0,P31946,10.37,/6HEP-alt1A_assembled/6HEP-alt1B_assembled,76.80565719496327
5374,77,C,0.0,P31946,9.75,/6HEP-alt1A_assembled/6HEP-alt1B_assembled,34.85073450382278
5375,82,D,0.0,P31946,10.43,/6HEP-alt1A_assembled/6HEP-alt1B_assembled,47.45061543982025
5376,87,B,0.0,P31946,10.58,/6HEP-alt1A_assembled/6HEP-alt1B_assembled,47.45061543982024
5377,105,D,0.0,P31946,10.76,/6HEP-alt1A_assembled/6HEP-alt1B_assembled,62.99940467998733
5378,117,B,0.0,P31946,9.96,/6HEP-alt1A_assembled/6HEP-alt1B_assembled,42.49108783735315
5379,122,D,0.0,P31946,8.26,/6HEP-alt1A_assembled/6HEP-alt1B_assembled,23.457225146803793
5380,124,C,0.0,P31946,9.95,/6HEP-alt1A_assembled/6HEP-alt1B_assembled,37.129436375226575
5381,140,D,0.0,P31946,9.69,/6HEP-alt1A_assembled/6HEP-alt1B_assembled,37.3975189483329
5382,160,D,0.0,P31946,10.49,/6HEP-alt1A_assembled/6HEP-alt1B_assembled,65.27810655139113
5383,189,D,0.0,P31946,8.44,/6HEP-alt1A_assembled/6HEP-alt1B_assembled,41.01663368526834
5384,195,C,0.0,P31946,10.5,/6HEP-alt1A_assembled/6HEP-alt1B_assembled,79.48648292602657
5385,214,C,0.0,P31946,10.55,/6HEP-alt1A_assembled/6HEP-alt1B_assembled,78.1460700604949
5386,159,D,0.0,P31946,9.65,/6HEP-alt1A_assembled/6HEP-alt1B_assembled,35.118817076929105
5387,5,C,0.0,P31946,10.24,/6A5Q-alt1A_assembled/6A5Q-alt1B_assembled,15.950913099826579
5388,11,A,0.0,P31946,9.11,/6A5Q-alt1A_assembled/6A5Q-alt1B_assembled,44.36766584909746
5389,13,A,0.0,P31946,10.54,/6A5Q-alt1A_assembled/6A5Q-alt1B_assembled,66.21639555726328
5390,29,C,0.0,P31946,10.69,/6A5Q-alt1A_assembled/6A5Q-alt1B_assembled,30.427372047568348
5391,51,C,0.0,P31946,7.9,/6A5Q-alt1A_assembled/6A5Q-alt1B_assembled,45.3059548549696
5392,70,C,0.0,P31946,9.87,/6A5Q-alt1A_assembled/6A5Q-alt1B_assembled,68.36105614211391
5393,76,C,0.0,P31946,10.03,/6A5Q-alt1A_assembled/6A5Q-alt1B_assembled,77.34182234117594
5394,77,C,0.0,P31946,9.68,/6A5Q-alt1A_assembled/6A5Q-alt1B_assembled,16.353036959486072
5395,82,C,0.0,P31946,8.91,/6A5Q-alt1A_assembled/6A5Q-alt1B_assembled,6.2999404679987325
5396,87,A,0.0,P31946,10.32,/6A5Q-alt1A_assembled/6A5Q-alt1B_assembled,51.605895322968344
5397,105,C,0.0,P31946,10.63,/6A5Q-alt1A_assembled/6A5Q-alt1B_assembled,64.60790011862531
5398,117,C,0.0,P31946,10.11,/6A5Q-alt1A_assembled/6A5Q-alt1B_assembled,49.46123473811771
5399,122,C,0.0,P31946,10.44,/6A5Q-alt1A_assembled/6A5Q-alt1B_assembled,24.931679298888604
5400,124,B,0.0,P31946,10.06,/6A5Q-alt1A_assembled/6A5Q-alt1B_assembled,34.04648678450379
5401,140,C,0.0,P31946,9.34,/6A5Q-alt1A_assembled/6A5Q-alt1B_assembled,36.19114736935442
5402,159,C,0.0,P31946,9.97,/6A5Q-alt1A_assembled/6A5Q-alt1B_assembled,41.82088140458733
5403,160,C,0.0,P31946,10.21,/6A5Q-alt1A_assembled/6A5Q-alt1B_assembled,61.92707438756201
5404,189,C,0.0,P31946,10.17,/6A5Q-alt1A_assembled/6A5Q-alt1B_assembled,60.98878538168986
5405,195,C,0.0,P31946,10.35,/6A5Q-alt1A_assembled/6A5Q-alt1B_assembled,54.68884491369113
5406,214,C,0.0,P31946,10.43,/6A5Q-alt1A_assembled/6A5Q-alt1B_assembled,76.93969848151644
5407,12,A,0.0,P62258,11.43,/3UAL-alt1A_assembled/3UAL-alt1B_assembled,73.85674889079365
5408,28,A,0.0,P62258,11.07,/3UAL-alt1A_assembled/3UAL-alt1B_assembled,39.2740969600772
5409,29,A,0.0,P62258,10.41,/3UAL-alt1A_assembled/3UAL-alt1B_assembled,86.85875368645061
5410,50,A,0.0,P62258,8.91,/3UAL-alt1A_assembled/3UAL-alt1B_assembled,83.23963894951517
5411,69,A,0.0,P62258,10.39,/3UAL-alt1A_assembled/3UAL-alt1B_assembled,78.54819392015442
5412,73,A,0.0,P62258,10.51,/3UAL-alt1A_assembled/3UAL-alt1B_assembled,76.6716159084101
5413,78,A,0.0,P62258,10.48,/3UAL-alt1A_assembled/3UAL-alt1B_assembled,81.36306093777088
5414,80,A,0.0,P62258,10.38,/3UAL-alt1A_assembled/3UAL-alt1B_assembled,86.18854725368479
5415,94,A,0.0,P62258,10.57,/3UAL-alt1A_assembled/3UAL-alt1B_assembled,76.2694920487506
5416,106,A,0.0,P62258,11.53,/3UAL-alt1A_assembled/3UAL-alt1B_assembled,61.390909241349355
5417,118,A,0.0,P62258,10.49,/3UAL-alt1A_assembled/3UAL-alt1B_assembled,56.43138163888227
5418,123,A,0.0,P62258,9.65,/3UAL-alt1A_assembled/3UAL-alt1B_assembled,36.19114736935442
5419,125,A,0.0,P62258,11.03,/3UAL-alt1A_assembled/3UAL-alt1B_assembled,39.006014386970875
5420,142,A,0.0,P62258,10.72,/3UAL-alt1A_assembled/3UAL-alt1B_assembled,65.27810655139112
5421,153,A,0.0,P62258,10.29,/3UAL-alt1A_assembled/3UAL-alt1B_assembled,66.8866019900291
5422,196,A,0.0,P62258,10.62,/3UAL-alt1A_assembled/3UAL-alt1B_assembled,71.57804701938986
5423,28,D,0.0,Q04917,11.18,/2C63-alt-1_assembled,40.74855111216202
5424,50,A,0.0,Q04917,8.68,/2C63-alt-1_assembled,67.15468456313542
5425,78,A,0.0,Q04917,10.05,/2C63-alt-1_assembled,38.87197310041771
5426,83,A,0.0,Q04917,10.72,/2C63-alt-1_assembled,55.76117520611645
5427,88,A,0.0,Q04917,10.03,/2C63-alt-1_assembled,48.254863159139234
5428,91,A,0.0,Q04917,10.05,/2C63-alt-1_assembled,86.05450596713163
5429,106,A,0.0,Q04917,8.86,/2C63-alt-1_assembled,19.570027836762023
5430,110,D,0.0,Q04917,9.56,/2C63-alt-1_assembled,31.231619766887334
5431,125,C,0.0,Q04917,10.51,/2C63-alt-1_assembled,34.98477579037594
5432,127,B,0.0,Q04917,10.06,/2C63-alt-1_assembled,52.5441843288405
5433,143,C,0.0,Q04917,9.94,/2C63-alt-1_assembled,36.32518865590759
5434,155,B,0.0,Q04917,10.64,/2C63-alt-1_assembled,61.390909241349355
5435,162,A,0.0,Q04917,9.25,/2C63-alt-1_assembled,69.70146900764556
5436,198,C,0.0,Q04917,10.59,/2C63-alt-1_assembled,73.85674889079365
5437,217,A,0.0,Q04917,10.44,/2C63-alt-1_assembled,92.89061158134301
5438,120,B,0.0,Q04917,10.29,/2C63-alt-1_assembled,31.231619766887334
5439,28,A,98.46,Q04917,11.46,/AF-Q04917-F1-model_v1,46.11020257428859
5440,50,A,98.08,Q04917,9.95,/AF-Q04917-F1-model_v1,117.68824959367845
5441,69,A,96.01,Q04917,10.38,/AF-Q04917-F1-model_v1,79.48648292602655
5442,77,A,95.14,Q04917,10.46,/AF-Q04917-F1-model_v1,100.39692362832022
5443,78,A,95.73,Q04917,10.64,/AF-Q04917-F1-model_v1,56.43138163888226
5444,81,A,97.73,Q04917,10.41,/AF-Q04917-F1-model_v1,93.82890058721517
5445,83,A,97.63,Q04917,10.45,/AF-Q04917-F1-model_v1,55.76117520611644
5446,88,A,98.38,Q04917,10.8,/AF-Q04917-F1-model_v1,76.80565719496327
5447,91,A,98.08,Q04917,10.58,/AF-Q04917-F1-model_v1,101.87137778040504
5448,106,A,97.88,Q04917,10.34,/AF-Q04917-F1-model_v1,83.23963894951518
5449,110,A,95.42,Q04917,10.39,/AF-Q04917-F1-model_v1,80.4247719318987
5450,120,A,98.07,Q04917,10.88,/AF-Q04917-F1-model_v1,59.38028994305188
5451,125,A,98.71,Q04917,10.35,/AF-Q04917-F1-model_v1,43.69745941633164
5452,127,A,98.87,Q04917,11.34,/AF-Q04917-F1-model_v1,44.76978970875695
5453,142,A,91.72,Q04917,11.09,/AF-Q04917-F1-model_v1,72.11421216560251
5454,143,A,95.27,Q04917,10.17,/AF-Q04917-F1-model_v1,77.8779874873886
5455,155,A,98.64,Q04917,11.71,/AF-Q04917-F1-model_v1,63.26748725309366
5456,162,A,96.5,Q04917,10.53,/AF-Q04917-F1-model_v1,84.84813438815314
5457,198,A,98.03,Q04917,10.62,/AF-Q04917-F1-model_v1,72.11421216560251
5458,217,A,94.37,Q04917,10.55,/AF-Q04917-F1-model_v1,116.88400187435947
5459,1,A,0.0,P02925,10.4,/2DRI-alt-1_assembled,54.554803627137964
5460,20,A,0.0,P02925,11.26,/2DRI-alt-1_assembled,37.263477661779746
5461,25,A,0.0,P02925,10.48,/2DRI-alt-1_assembled,82.83751508985569
5462,29,A,0.0,P02925,11.4,/2DRI-alt-1_assembled,58.71008351028606
5463,45,A,0.0,P02925,10.25,/2DRI-alt-1_assembled,38.33580795420505
5464,59,A,0.0,P02925,10.57,/2DRI-alt-1_assembled,46.24424386084176
5465,76,A,0.0,P02925,9.95,/2DRI-alt-1_assembled,55.76117520611645
5466,94,A,0.0,P02925,10.39,/2DRI-alt-1_assembled,66.21639555726327
5467,110,A,0.0,P02925,11.39,/2DRI-alt-1_assembled,51.20377146330885
5468,118,A,0.0,P02925,10.12,/2DRI-alt-1_assembled,59.24624865649872
5469,119,A,0.0,P02925,10.25,/2DRI-alt-1_assembled,46.11020257428859
5470,125,A,0.0,P02925,11.44,/2DRI-alt-1_assembled,37.7996428079924
5471,153,A,0.0,P02925,10.38,/2DRI-alt-1_assembled,82.301349943643
5472,168,A,0.0,P02925,11.53,/2DRI-alt-1_assembled,52.946308188499984
5473,206,A,0.0,P02925,10.59,/2DRI-alt-1_assembled,33.10819777863164
5474,222,A,0.0,P02925,10.75,/2DRI-alt-1_assembled,62.46323953377467
5475,228,A,0.0,P02925,10.92,/2DRI-alt-1_assembled,54.8228862002443
5476,243,A,0.0,P02925,10.86,/2DRI-alt-1_assembled,31.901826199653158
5477,250,A,0.0,P02925,11.56,/2DRI-alt-1_assembled,38.46984924075822
5478,253,A,0.0,P02925,11.44,/2DRI-alt-1_assembled,51.33781274986201
5479,256,A,0.0,P02925,10.46,/2DRI-alt-1_assembled,91.01403356959872
5480,260,A,0.0,P02925,9.71,/2DRI-alt-1_assembled,49.46123473811771
5481,266,A,0.0,P02925,10.22,/2DRI-alt-1_assembled,64.47385883207214
5482,270,A,0.0,P02925,10.31,/2DRI-alt-1_assembled,47.9867805860329
5483,6,A,0.0,P0A9P0,10.66,/4JDR-alt-1_assembled,82.30134994364303
5484,54,A,0.0,P0A9P0,8.29,/4JDR-alt-1_assembled,7.640353333530378
5485,61,B,0.0,P0A9P0,12.23,/4JDR-alt-1_assembled,22.652977427484803
5486,67,A,0.0,P0A9P0,10.37,/4JDR-alt-1_assembled,87.39491883266328
5487,85,A,0.0,P0A9P0,10.56,/4JDR-alt-1_assembled,67.69084970934807
5488,90,B,0.0,P0A9P0,9.06,/4JDR-alt-1_assembled,23.99339029301645
5489,92,A,0.0,P0A9P0,10.53,/4JDR-alt-1_assembled,84.84813438815316
5490,106,A,0.0,P0A9P0,10.45,/4JDR-alt-1_assembled,83.105597662962
5491,109,A,0.0,P0A9P0,10.35,/4JDR-alt-1_assembled,76.93969848151644
5492,111,A,0.0,P0A9P0,10.32,/4JDR-alt-1_assembled,71.4440057328367
5493,118,A,0.0,P0A9P0,10.61,/4JDR-alt-1_assembled,48.65698701879872
5494,133,A,0.0,P0A9P0,11.42,/4JDR-alt-1_assembled,67.02064327658226
5495,172,A,0.0,P0A9P0,10.68,/4JDR-alt-1_assembled,75.1971617563253
5496,216,A,0.0,P0A9P0,10.54,/4JDR-alt-1_assembled,82.56943251674934
5497,220,B,0.0,P0A9P0,10.33,/4JDR-alt-1_assembled,81.76518479743035
5498,224,A,0.0,P0A9P0,10.32,/4JDR-alt-1_assembled,82.70347380330251
5499,228,A,0.0,P0A9P0,10.02,/4JDR-alt-1_assembled,65.14406526483796
5500,229,B,0.0,P0A9P0,10.15,/4JDR-alt-1_assembled,29.891206901355687
5501,237,A,0.0,P0A9P0,10.35,/4JDR-alt-1_assembled,69.83551029419871
5502,244,A,0.0,P0A9P0,10.71,/4JDR-alt-1_assembled,60.452620235477205
5503,255,A,0.0,P0A9P0,11.02,/4JDR-alt-1_assembled,49.46123473811771
5504,256,A,0.0,P0A9P0,10.18,/4JDR-alt-1_assembled,56.16329906577594
5505,278,A,0.0,P0A9P0,10.34,/4JDR-alt-1_assembled,50.131441170883534
5506,284,B,0.0,P0A9P0,10.6,/4JDR-alt-1_assembled,59.782413802711375
5507,299,B,0.0,P0A9P0,10.59,/4JDR-alt-1_assembled,66.75256070347594
5508,323,A,0.0,P0A9P0,9.6,/4JDR-alt-1_assembled,8.980766199062023
5509,338,A,0.0,P0A9P0,10.2,/4JDR-alt-1_assembled,52.81226690194683
5510,339,A,0.0,P0A9P0,10.48,/4JDR-alt-1_assembled,84.98217567470631
5511,345,B,0.0,P0A9P0,10.35,/4JDR-alt-1_assembled,69.03126257487972
5512,365,A,0.0,P0A9P0,9.55,/4JDR-alt-1_assembled,36.995395088673405
5513,368,A,0.0,P0A9P0,10.44,/4JDR-alt-1_assembled,80.55881321845187
5514,370,A,0.0,P0A9P0,10.5,/4JDR-alt-1_assembled,84.04388666883416
5515,398,B,0.0,P0A9P0,12.1,/4JDR-alt-1_assembled,3.4850734503822776
5516,403,A,0.0,P0A9P0,10.52,/4JDR-alt-1_assembled,64.47385883207212
5517,470,B,0.0,P0A9P0,10.37,/4JDR-alt-1_assembled,35.92306479624809
5518,472,A,0.0,P0A9P0,10.47,/4JDR-alt-1_assembled,95.70547859895947
5519,80,B,0.0,P0A9P0,10.43,/4JDR-alt-1_assembled,84.17792795538733
5520,6,A,98.39,P0A9P0,10.53,/AF-P0A9P0-F1-model_v1,89.9417032771734
5521,54,A,97.47,P0A9P0,9.89,/AF-P0A9P0-F1-model_v1,48.65698701879872
5522,61,A,96.13,P0A9P0,10.81,/AF-P0A9P0-F1-model_v1,37.66560152143923
5523,67,A,94.11,P0A9P0,10.82,/AF-P0A9P0-F1-model_v1,52.27610175573416
5524,80,A,93.69,P0A9P0,10.47,/AF-P0A9P0-F1-model_v1,108.17131824840376
5525,85,A,97.92,P0A9P0,11.56,/AF-P0A9P0-F1-model_v1,88.73533169819491
5526,90,A,97.91,P0A9P0,10.05,/AF-P0A9P0-F1-model_v1,8.980766199062025
5527,92,A,98.31,P0A9P0,10.41,/AF-P0A9P0-F1-model_v1,97.44801532415062
5528,106,A,98.25,P0A9P0,10.45,/AF-P0A9P0-F1-model_v1,90.61190970993921
5529,109,A,98.31,P0A9P0,10.44,/AF-P0A9P0-F1-model_v1,95.70547859895947
5530,111,A,98.23,P0A9P0,10.08,/AF-P0A9P0-F1-model_v1,60.720702808583525
5531,118,A,98.48,P0A9P0,10.6,/AF-P0A9P0-F1-model_v1,75.73332690253795
5532,133,A,96.39,P0A9P0,11.64,/AF-P0A9P0-F1-model_v1,72.78441859836832
5533,172,A,95.82,P0A9P0,11.69,/AF-P0A9P0-F1-model_v1,76.13545076219745
5534,216,A,97.54,P0A9P0,11.45,/AF-P0A9P0-F1-model_v1,80.29073064534555
5535,220,A,97.55,P0A9P0,10.38,/AF-P0A9P0-F1-model_v1,97.98418047036327
5536,224,A,96.38,P0A9P0,10.44,/AF-P0A9P0-F1-model_v1,99.05651076278859
5537,228,A,95.88,P0A9P0,10.26,/AF-P0A9P0-F1-model_v1,83.5077215226215
5538,229,A,96.51,P0A9P0,10.39,/AF-P0A9P0-F1-model_v1,51.069730176755684
5539,237,A,95.98,P0A9P0,11.45,/AF-P0A9P0-F1-model_v1,64.07173497241266
5540,244,A,98.26,P0A9P0,11.46,/AF-P0A9P0-F1-model_v1,39.542179533183536
5541,255,A,84.98,P0A9P0,11.47,/AF-P0A9P0-F1-model_v1,80.42477193189872
5542,256,A,83.21,P0A9P0,10.33,/AF-P0A9P0-F1-model_v1,86.85875368645061
5543,278,A,97.64,P0A9P0,10.41,/AF-P0A9P0-F1-model_v1,60.98878538168986
5544,284,A,98.45,P0A9P0,11.43,/AF-P0A9P0-F1-model_v1,61.25686795479619
5545,299,A,97.96,P0A9P0,11.38,/AF-P0A9P0-F1-model_v1,64.07173497241264
5546,323,A,98.24,P0A9P0,9.76,/AF-P0A9P0-F1-model_v1,3.216990877275949
5547,338,A,98.34,P0A9P0,10.88,/AF-P0A9P0-F1-model_v1,37.26347766177974
5548,339,A,97.39,P0A9P0,10.46,/AF-P0A9P0-F1-model_v1,108.70748339461643
5549,345,A,95.03,P0A9P0,10.22,/AF-P0A9P0-F1-model_v1,54.4207623405848
5550,365,A,96.48,P0A9P0,10.64,/AF-P0A9P0-F1-model_v1,80.8268957915582
5551,368,A,97.75,P0A9P0,12.21,/AF-P0A9P0-F1-model_v1,64.60790011862531
5552,370,A,97.44,P0A9P0,10.42,/AF-P0A9P0-F1-model_v1,70.37167544041137
5553,398,A,98.79,P0A9P0,12.45,/AF-P0A9P0-F1-model_v1,4.155279883148101
5554,403,A,96.99,P0A9P0,10.34,/AF-P0A9P0-F1-model_v1,56.69946421198859
5555,470,A,91.86,P0A9P0,11.06,/AF-P0A9P0-F1-model_v1,48.254863159139234
5556,472,A,88.84,P0A9P0,10.46,/AF-P0A9P0-F1-model_v1,95.03527216619365
5557,473,A,85.08,P0A9P0,10.46,/AF-P0A9P0-F1-model_v1,96.24164374517213
5558,474,A,79.64,P0A9P0,10.48,/AF-P0A9P0-F1-model_v1,104.95432737112782
5559,3,A,97.24,P0ACF4,11.42,/AF-P0ACF4-F1-model_v1,73.05250117147466
5560,9,A,98.43,P0ACF4,10.44,/AF-P0ACF4-F1-model_v1,93.694859300662
5561,18,A,98.37,P0ACF4,11.49,/AF-P0ACF4-F1-model_v1,76.40353333530378
5562,37,A,97.37,P0ACF4,10.44,/AF-P0ACF4-F1-model_v1,111.1202265525734
5563,53,A,96.76,P0ACF4,10.1,/AF-P0ACF4-F1-model_v1,93.69485930066202
5564,67,A,96.85,P0ACF4,10.45,/AF-P0ACF4-F1-model_v1,85.78642339402529
5565,75,A,96.68,P0ACF4,10.58,/AF-P0ACF4-F1-model_v1,88.06512526542909
5566,83,A,97.21,P0ACF4,11.07,/AF-P0ACF4-F1-model_v1,86.99279497300377
5567,86,A,97.64,P0ACF4,10.25,/AF-P0ACF4-F1-model_v1,81.49710222432404
5568,14,A,93.71,P36578,10.59,/AF-P36578-F1-model_v1,92.48848772168353
5569,20,A,94.61,P36578,11.11,/AF-P36578-F1-model_v1,58.039877077520245
5570,29,A,94.34,P36578,9.65,/AF-P36578-F1-model_v1,34.046486784503784
5571,46,A,98.48,P36578,9.78,/AF-P36578-F1-model_v1,54.8228862002443
5572,106,A,97.04,P36578,11.3,/AF-P36578-F1-model_v1,40.61450982560885
5573,120,A,98.32,P36578,10.09,/AF-P36578-F1-model_v1,64.20577625896581
5574,140,A,97.2,P36578,8.93,/AF-P36578-F1-model_v1,29.757165614802524
5575,157,A,95.9,P36578,11.52,/AF-P36578-F1-model_v1,73.32058374458099
5576,162,A,96.85,P36578,10.19,/AF-P36578-F1-model_v1,75.5992856159848
5577,163,A,97.76,P36578,10.58,/AF-P36578-F1-model_v1,84.04388666883415
5578,165,A,97.71,P36578,10.46,/AF-P36578-F1-model_v1,103.21179064593669
5579,172,A,97.39,P36578,10.19,/AF-P36578-F1-model_v1,67.42276713624175
5580,173,A,97.26,P36578,10.35,/AF-P36578-F1-model_v1,58.1739183640734
5581,175,A,97.17,P36578,10.69,/AF-P36578-F1-model_v1,57.10158807164809
5582,181,A,97.86,P36578,10.37,/AF-P36578-F1-model_v1,66.61851941692277
5583,182,A,98.16,P36578,9.76,/AF-P36578-F1-model_v1,44.63574842220379
5584,193,A,97.97,P36578,10.43,/AF-P36578-F1-model_v1,107.36707052908477
5585,195,A,97.84,P36578,10.35,/AF-P36578-F1-model_v1,66.48447813036961
5586,219,A,97.58,P36578,10.38,/AF-P36578-F1-model_v1,105.35645123078731
5587,234,A,97.49,P36578,10.4,/AF-P36578-F1-model_v1,112.9968045643177
5588,239,A,98.21,P36578,9.95,/AF-P36578-F1-model_v1,63.26748725309365
5589,259,A,97.24,P36578,10.41,/AF-P36578-F1-model_v1,34.314569357610125
5590,269,A,95.03,P36578,10.47,/AF-P36578-F1-model_v1,100.12884105521391
5591,274,A,95.97,P36578,7.83,/AF-P36578-F1-model_v1,26.272092164420243
5592,283,A,95.81,P36578,10.35,/AF-P36578-F1-model_v1,117.28612573401897
5593,294,A,97.22,P36578,10.37,/AF-P36578-F1-model_v1,75.5992856159848
5594,307,A,96.54,P36578,10.41,/AF-P36578-F1-model_v1,85.11621696125948
5595,308,A,96.49,P36578,10.41,/AF-P36578-F1-model_v1,86.45662982679113
5596,315,A,96.18,P36578,10.44,/AF-P36578-F1-model_v1,108.97556596772277
5597,316,A,95.86,P36578,10.35,/AF-P36578-F1-model_v1,72.516336025262
5598,320,A,95.13,P36578,10.45,/AF-P36578-F1-model_v1,83.64176280917466
5599,327,A,95.38,P36578,10.41,/AF-P36578-F1-model_v1,93.96294187376833
5600,333,A,95.36,P36578,10.35,/AF-P36578-F1-model_v1,82.56943251674934
5601,348,A,94.31,P36578,10.43,/AF-P36578-F1-model_v1,75.5992856159848
5602,353,A,91.89,P36578,10.45,/AF-P36578-F1-model_v1,87.26087754611011
5603,14,A,90.43,O03042,10.44,/AF-O03042-F1-model_v1,90.07574456372657
5604,18,A,95.01,O03042,10.07,/AF-O03042-F1-model_v1,52.946308188499984
5605,21,A,97.69,O03042,11.57,/AF-O03042-F1-model_v1,46.780409007054416
5606,32,A,98.52,O03042,10.37,/AF-O03042-F1-model_v1,70.90784058662403
5607,81,A,98.36,O03042,10.12,/AF-O03042-F1-model_v1,12.73392222255063
5608,128,A,98.22,O03042,10.46,/AF-O03042-F1-model_v1,101.33521263419237
5609,146,A,98.69,O03042,10.32,/AF-O03042-F1-model_v1,68.7631800017734
5610,161,A,98.64,O03042,9.54,/AF-O03042-F1-model_v1,54.152679767478475
5611,164,A,98.7,O03042,10.59,/AF-O03042-F1-model_v1,11.393509357018985
5612,175,A,98.59,O03042,10.32,/AF-O03042-F1-model_v1,46.780409007054416
5613,177,A,97.7,O03042,12.1,/AF-O03042-F1-model_v1,48.25486315913922
5614,183,A,98.75,O03042,10.47,/AF-O03042-F1-model_v1,66.21639555726328
5615,201,A,98.93,O03042,8.66,/AF-O03042-F1-model_v1,2.814867017616455
5616,227,A,98.87,O03042,10.52,/AF-O03042-F1-model_v1,58.039877077520245
5617,236,A,98.86,O03042,8.89,/AF-O03042-F1-model_v1,0.26808257310632905
5618,252,A,98.89,O03042,11.47,/AF-O03042-F1-model_v1,64.47385883207214
5619,305,A,97.26,O03042,10.21,/AF-O03042-F1-model_v1,33.242239065184805
5620,316,A,98.92,O03042,9.14,/AF-O03042-F1-model_v1,13.806252514975945
5621,334,A,96.76,O03042,9.76,/AF-O03042-F1-model_v1,64.20577625896581
5622,356,A,98.51,O03042,9.55,/AF-O03042-F1-model_v1,58.5760422237329
5623,450,A,98.45,O03042,10.59,/AF-O03042-F1-model_v1,68.49509742866707
5624,463,A,96.27,O03042,11.52,/AF-O03042-F1-model_v1,41.552798831481006
5625,474,A,92.05,O03042,11.46,/AF-O03042-F1-model_v1,37.933684094545555
5626,3,A,0.0,P0A9B2,10.4,/6UTM-alt1A_assembled/6UTM-alt1B_assembled,42.35704655079999
5627,70,A,0.0,P0A9B2,9.8,/6UTM-alt1A_assembled/6UTM-alt1B_assembled,46.64636772050126
5628,83,B,0.0,P0A9B2,10.62,/6UTM-alt1A_assembled/6UTM-alt1B_assembled,59.11220736994556
5629,107,A,0.0,P0A9B2,10.57,/6UTM-alt1A_assembled/6UTM-alt1B_assembled,44.09958327599113
5630,115,A,0.0,P0A9B2,10.98,/6UTM-alt1A_assembled/6UTM-alt1B_assembled,24.127431579569617
5631,123,A,0.0,P0A9B2,10.31,/6UTM-alt1A_assembled/6UTM-alt1B_assembled,58.03987707752024
5632,131,B,0.0,P0A9B2,9.97,/6UTM-alt1A_assembled/6UTM-alt1B_assembled,37.7996428079924
5633,137,A,0.0,P0A9B2,10.82,/6UTM-alt1A_assembled/6UTM-alt1B_assembled,70.23763415385821
5634,159,B,0.0,P0A9B2,11.31,/6UTM-alt1A_assembled/6UTM-alt1B_assembled,28.282711462717714
5635,183,A,0.0,P0A9B2,10.26,/6UTM-alt1A_assembled/6UTM-alt1B_assembled,38.46984924075822
5636,216,A,0.0,P0A9B2,10.31,/6UTM-alt1A_assembled/6UTM-alt1B_assembled,68.09297356900757
5637,224,A,0.0,P0A9B2,10.36,/6UTM-alt1A_assembled/6UTM-alt1B_assembled,42.62512912390632
5638,256,A,0.0,P0A9B2,11.54,/6UTM-alt1A_assembled/6UTM-alt1B_assembled,14.744541520848099
5639,260,A,0.0,P0A9B2,10.79,/6UTM-alt1A_assembled/6UTM-alt1B_assembled,52.27610175573417
5640,268,B,0.0,P0A9B2,10.46,/6UTM-alt1A_assembled/6UTM-alt1B_assembled,72.65037731181516
5641,295,B,0.0,P0A9B2,11.56,/6UTM-alt1A_assembled/6UTM-alt1B_assembled,49.46123473811771
5642,306,A,0.0,P0A9B2,11.15,/6UTM-alt1A_assembled/6UTM-alt1B_assembled,44.09958327599113
5643,320,B,0.0,P0A9B2,8.72,/6UTM-alt1A_assembled/6UTM-alt1B_assembled,2.0106192982974678
5644,45,B,0.0,P0A9B2,9.56,/6UTM-alt1A_assembled/6UTM-alt1B_assembled,41.82088140458733
5645,60,B,0.0,P0A9B2,10.57,/6UTM-alt1A_assembled/6UTM-alt1B_assembled,64.87598269173162
5646,114,B,0.0,P0A9B2,11.45,/6UTM-alt1A_assembled/6UTM-alt1B_assembled,60.854744095136695
5647,191,B,0.0,P0A9B2,10.41,/6UTM-alt1A_assembled/6UTM-alt1B_assembled,78.41415263360125
5648,330,B,0.0,P0A9B2,10.21,/6UTM-alt1A_assembled/6UTM-alt1B_assembled,58.039877077520245
5649,5,C,0.0,P69776,10.46,/1JCD-alt-1_assembled,44.09958327599113
5650,19,A,0.0,P69776,10.77,/1JCD-alt-1_assembled,37.531560234886065
5651,38,C,0.0,P69776,10.74,/1JCD-alt-1_assembled,82.43539123019619
5652,26,A,82.99,P69776,10.42,/AF-P69776-F1-model_v1,94.23102444687467
5653,40,A,97.45,P69776,10.38,/AF-P69776-F1-model_v1,104.28412093836201
5654,59,A,97.54,P69776,10.37,/AF-P69776-F1-model_v1,87.79704269232278
5655,75,A,84.17,P69776,10.44,/AF-P69776-F1-model_v1,89.27149684440758
5656,14,A,95.05,P21276,12.61,/AF-P21276-F1-model_v1,56.2973403523291
5657,29,A,98.6,P21276,10.89,/AF-P21276-F1-model_v1,66.08235427071011
5658,38,A,98.44,P21276,10.31,/AF-P21276-F1-model_v1,97.04589146449112
5659,48,A,95.4,P21276,10.68,/AF-P21276-F1-model_v1,43.69745941633163
5660,49,A,95.78,P21276,10.43,/AF-P21276-F1-model_v1,78.68223520670759
5661,59,A,94.95,P21276,10.4,/AF-P21276-F1-model_v1,61.39090924134935
5662,95,A,98.46,P21276,11.33,/AF-P21276-F1-model_v1,38.201766667651896
5663,101,A,95.18,P21276,11.55,/AF-P21276-F1-model_v1,40.34642725250252
5664,119,A,98.47,P21276,11.55,/AF-P21276-F1-model_v1,63.53556982619999
5665,145,A,97.9,P21276,10.44,/AF-P21276-F1-model_v1,83.23963894951515
5666,147,A,98.24,P21276,9.71,/AF-P21276-F1-model_v1,43.02725298356581
5667,150,A,98.4,P21276,10.0,/AF-P21276-F1-model_v1,43.027252983565816
5668,188,A,98.25,P21276,10.63,/AF-P21276-F1-model_v1,90.3438271368329
5669,208,A,97.44,P21276,12.46,/AF-P21276-F1-model_v1,30.963537193781004
5670,8,A,96.44,Q9FHQ6,11.4,/AF-Q9FHQ6-F1-model_v1,39.14005567352404
5671,13,A,93.24,Q9FHQ6,11.35,/AF-Q9FHQ6-F1-model_v1,72.24825345215568
5672,29,A,95.47,Q9FHQ6,10.43,/AF-Q9FHQ6-F1-model_v1,12.733922222550628
5673,31,A,96.53,Q9FHQ6,10.56,/AF-Q9FHQ6-F1-model_v1,50.66760631709619
5674,50,A,95.37,Q9FHQ6,10.42,/AF-Q9FHQ6-F1-model_v1,88.73533169819493
5675,65,A,96.61,Q9FHQ6,10.69,/AF-Q9FHQ6-F1-model_v1,74.66099661011265
5676,84,A,97.81,Q9FHQ6,10.33,/AF-Q9FHQ6-F1-model_v1,65.94831298415694
5677,89,A,95.47,Q9FHQ6,11.33,/AF-Q9FHQ6-F1-model_v1,74.3929140370063
5678,105,A,95.96,Q9FHQ6,10.41,/AF-Q9FHQ6-F1-model_v1,10.589261637699998
5679,107,A,93.38,Q9FHQ6,10.31,/AF-Q9FHQ6-F1-model_v1,38.73793181386455
5680,111,A,89.49,Q9FHQ6,10.01,/AF-Q9FHQ6-F1-model_v1,78.14607006049492
5681,126,A,96.31,Q9FHQ6,10.37,/AF-Q9FHQ6-F1-model_v1,89.40553813096074
5682,141,A,94.23,Q9FHQ6,10.6,/AF-Q9FHQ6-F1-model_v1,74.52695532355948
5683,165,A,93.19,Q9FHQ6,11.33,/AF-Q9FHQ6-F1-model_v1,58.17391836407341
5684,181,A,95.51,Q9FHQ6,10.64,/AF-Q9FHQ6-F1-model_v1,14.878582807401262
5685,183,A,93.65,Q9FHQ6,10.37,/AF-Q9FHQ6-F1-model_v1,39.140055673524046
5686,187,A,89.61,Q9FHQ6,10.0,/AF-Q9FHQ6-F1-model_v1,69.83551029419871
5687,202,A,95.61,Q9FHQ6,10.48,/AF-Q9FHQ6-F1-model_v1,90.07574456372656
5688,217,A,93.17,Q9FHQ6,10.56,/AF-Q9FHQ6-F1-model_v1,71.57804701938986
5689,241,A,92.64,Q9FHQ6,11.31,/AF-Q9FHQ6-F1-model_v1,53.080349475053154
5690,257,A,95.62,Q9FHQ6,10.39,/AF-Q9FHQ6-F1-model_v1,10.589261637699998
5691,259,A,93.03,Q9FHQ6,10.82,/AF-Q9FHQ6-F1-model_v1,46.37828514739493
5692,263,A,91.06,Q9FHQ6,10.04,/AF-Q9FHQ6-F1-model_v1,53.080349475053154
5693,294,A,92.54,Q9FHQ6,10.57,/AF-Q9FHQ6-F1-model_v1,71.98017087904935
5694,57,A,77.91,Q9M2U7,10.38,/AF-Q9M2U7-F1-model_v1,74.52695532355946
5695,71,A,70.72,Q9M2U7,10.1,/AF-Q9M2U7-F1-model_v1,54.28672105403163
5696,132,A,98.16,Q9M2U7,11.38,/AF-Q9M2U7-F1-model_v1,71.17592315973036
5697,147,A,96.04,Q9M2U7,10.42,/AF-Q9M2U7-F1-model_v1,100.5309649148734
5698,158,A,93.4,Q9M2U7,10.67,/AF-Q9M2U7-F1-model_v1,72.65037731181516
5699,197,A,97.42,Q9M2U7,10.57,/AF-Q9M2U7-F1-model_v1,78.81627649326074
5700,238,A,87.98,Q9M2U7,10.22,/AF-Q9M2U7-F1-model_v1,102.27350164006454
5701,251,A,90.18,Q9M2U7,10.4,/AF-Q9M2U7-F1-model_v1,107.50111181563796
5702,258,A,97.56,Q9M2U7,10.35,/AF-Q9M2U7-F1-model_v1,95.03527216619365
5703,264,A,97.39,Q9M2U7,10.16,/AF-Q9M2U7-F1-model_v1,82.16730865708985
5704,284,A,98.12,Q9M2U7,11.46,/AF-Q9M2U7-F1-model_v1,39.140055673524046
5705,331,A,82.91,Q9M2U7,10.35,/AF-Q9M2U7-F1-model_v1,86.72471239989744
5706,95,A,98.85,Q9SMU8,8.95,/AF-Q9SMU8-F1-model_v1,18.09557368467721
5707,114,A,98.8,Q9SMU8,9.52,/AF-Q9SMU8-F1-model_v1,3.619114736935442
5708,179,A,98.84,Q9SMU8,10.64,/AF-Q9SMU8-F1-model_v1,28.818876608930374
5709,204,A,98.85,Q9SMU8,10.95,/AF-Q9SMU8-F1-model_v1,52.67822561539366
5710,262,A,98.9,Q9SMU8,10.44,/AF-Q9SMU8-F1-model_v1,53.88459719437214
5711,268,A,98.79,Q9SMU8,11.25,/AF-Q9SMU8-F1-model_v1,46.51232643394809
5712,271,A,98.94,Q9SMU8,11.05,/AF-Q9SMU8-F1-model_v1,36.86135380212025
5713,81,A,75.96,Q9XFT3,10.47,/AF-Q9XFT3-F1-model_v1,93.42677672755568
5714,110,A,75.45,Q9XFT3,11.43,/AF-Q9XFT3-F1-model_v1,80.96093707811137
5715,128,A,95.78,Q9XFT3,10.39,/AF-Q9XFT3-F1-model_v1,80.8268957915582
5716,132,A,96.69,Q9XFT3,10.48,/AF-Q9XFT3-F1-model_v1,107.09898795597844
5717,138,A,97.77,Q9XFT3,11.61,/AF-Q9XFT3-F1-model_v1,55.89521649266961
5718,144,A,97.72,Q9XFT3,10.4,/AF-Q9XFT3-F1-model_v1,76.80565719496327
5719,156,A,95.14,Q9XFT3,11.65,/AF-Q9XFT3-F1-model_v1,73.72270760424048
5720,171,A,91.51,Q9XFT3,11.53,/AF-Q9XFT3-F1-model_v1,53.34843204815948
5721,173,A,90.17,Q9XFT3,10.46,/AF-Q9XFT3-F1-model_v1,110.85214397946706
5722,176,A,94.23,Q9XFT3,10.15,/AF-Q9XFT3-F1-model_v1,49.46123473811771
5723,177,A,94.35,Q9XFT3,10.62,/AF-Q9XFT3-F1-model_v1,98.92246947623542
5724,180,A,96.5,Q9XFT3,10.47,/AF-Q9XFT3-F1-model_v1,99.19055204934175
5725,185,A,98.08,Q9XFT3,11.41,/AF-Q9XFT3-F1-model_v1,78.14607006049492
5726,198,A,98.11,Q9XFT3,10.37,/AF-Q9XFT3-F1-model_v1,89.00341427130124
5727,199,A,98.12,Q9XFT3,11.0,/AF-Q9XFT3-F1-model_v1,68.49509742866708
5728,200,A,97.86,Q9XFT3,10.37,/AF-Q9XFT3-F1-model_v1,79.21840035292024
5729,207,A,98.43,Q9XFT3,10.9,/AF-Q9XFT3-F1-model_v1,78.41415263360125
5730,222,A,92.16,Q9XFT3,10.4,/AF-Q9XFT3-F1-model_v1,75.33120304287846
5731,88,A,75.79,Q41932,10.47,/AF-Q41932-F1-model_v1,99.59267590900124
5732,116,A,74.06,Q41932,10.75,/AF-Q41932-F1-model_v1,83.5077215226215
5733,134,A,95.73,Q41932,10.39,/AF-Q41932-F1-model_v1,81.36306093777087
5734,138,A,96.51,Q41932,11.5,/AF-Q41932-F1-model_v1,91.01403356959871
5735,144,A,97.24,Q41932,11.6,/AF-Q41932-F1-model_v1,50.39952374398986
5736,149,A,96.88,Q41932,10.38,/AF-Q41932-F1-model_v1,91.0140335695987
5737,150,A,97.01,Q41932,10.42,/AF-Q41932-F1-model_v1,65.68023041105062
5738,177,A,91.34,Q41932,10.97,/AF-Q41932-F1-model_v1,35.92306479624809
5739,179,A,90.57,Q41932,10.46,/AF-Q41932-F1-model_v1,103.61391450559618
5740,182,A,94.08,Q41932,10.07,/AF-Q41932-F1-model_v1,46.64636772050125
5741,186,A,96.23,Q41932,10.35,/AF-Q41932-F1-model_v1,80.96093707811137
5742,191,A,97.87,Q41932,10.41,/AF-Q41932-F1-model_v1,96.10760245861897
5743,206,A,97.2,Q41932,10.38,/AF-Q41932-F1-model_v1,85.92046468057846
5744,213,A,98.24,Q41932,11.03,/AF-Q41932-F1-model_v1,69.29934514798606
5745,228,A,91.82,Q41932,10.43,/AF-Q41932-F1-model_v1,74.12483146389998
5746,58,A,97.41,Q42589,10.32,/AF-Q42589-F1-model_v1,73.05250117147467
5747,65,A,89.61,Q42589,10.4,/AF-Q42589-F1-model_v1,95.43739602585313
5748,98,A,95.48,Q42589,10.45,/AF-Q42589-F1-model_v1,118.49249731299744
5749,107,A,79.87,Q42589,10.45,/AF-Q42589-F1-model_v1,131.62854339520754
5750,115,A,90.31,Q42589,10.41,/AF-Q42589-F1-model_v1,116.3478367281468
