,PDB Code,resid,carbamylated,chain,plddt,Uniprot Entry,pKa,pKa stdev,sasa,sasa stdev
0,/1U8F-alt1A_assembled/1U8F-alt1B_assembled,66.0,True,all,0.0,P04406,10.235,0.0780109882370059,52.0415267944336,6.957153797149658
1,/2LJ5-alt-78_assembled/2LJ5-alt-100_assembled/2LJ5-alt-114_assembled/2LJ5-alt-44_assembled/2LJ5-alt-50_assembled/2LJ5-alt-128_assembled/2LJ5-alt-87_assembled/2LJ5-alt-93_assembled/2LJ5-alt-276_assembled/2LJ5-alt-262_assembled/2LJ5-alt-289_assembled/2LJ5-alt-288_assembled/2LJ5-alt-263_assembled/2LJ5-alt-277_assembled/2LJ5-alt-92_assembled/2LJ5-alt-86_assembled/2LJ5-alt-129_assembled/2LJ5-alt-51_assembled/2LJ5-alt-45_assembled/2LJ5-alt-115_assembled/2LJ5-alt-101_assembled/2LJ5-alt-79_assembled/2LJ5-alt-117_assembled/2LJ5-alt-103_assembled/2LJ5-alt-53_assembled/2LJ5-alt-47_assembled/2LJ5-alt-90_assembled/2LJ5-alt-84_assembled/2LJ5-alt-301_assembled/2LJ5-alt-261_assembled/2LJ5-alt-275_assembled/2LJ5-alt-249_assembled/2LJ5-alt-248_assembled/2LJ5-alt-274_assembled/2LJ5-alt-260_assembled/2LJ5-alt-300_assembled/2LJ5-alt-85_assembled/2LJ5-alt-91_assembled/2LJ5-alt-46_assembled/2LJ5-alt-52_assembled/2LJ5-alt-102_assembled/2LJ5-alt-116_assembled/2LJ5-alt-56_assembled/2LJ5-alt-42_assembled/2LJ5-alt-112_assembled/2LJ5-alt-106_assembled/2LJ5-alt-95_assembled/2LJ5-alt-81_assembled/2LJ5-alt-258_assembled/2LJ5-alt-264_assembled/2LJ5-alt-270_assembled/2LJ5-alt-271_assembled/2LJ5-alt-265_assembled/2LJ5-alt-259_assembled/2LJ5-alt-80_assembled/2LJ5-alt-94_assembled/2LJ5-alt-107_assembled/2LJ5-alt-113_assembled/2LJ5-alt-43_assembled/2LJ5-alt-57_assembled/2LJ5-alt-139_assembled/2LJ5-alt-41_assembled/2LJ5-alt-55_assembled/2LJ5-alt-105_assembled/2LJ5-alt-111_assembled/2LJ5-alt-69_assembled/2LJ5-alt-82_assembled/2LJ5-alt-96_assembled/2LJ5-alt-273_assembled/2LJ5-alt-267_assembled/2LJ5-alt-298_assembled/2LJ5-alt-299_assembled/2LJ5-alt-266_assembled/2LJ5-alt-272_assembled/2LJ5-alt-97_assembled/2LJ5-alt-83_assembled/2LJ5-alt-68_assembled/2LJ5-alt-110_assembled/2LJ5-alt-104_assembled/2LJ5-alt-54_assembled/2LJ5-alt-40_assembled/2LJ5-alt-138_assembled/2LJ5-alt-163_assembled/2LJ5-alt-177_assembled/2LJ5-alt-27_assembled/2LJ5-alt-33_assembled/2LJ5-alt-188_assembled/2LJ5-alt-215_assembled/2LJ5-alt-201_assembled/2LJ5-alt-229_assembled/2LJ5-alt-3_assembled/2LJ5-alt-2_assembled/2LJ5-alt-228_assembled/2LJ5-alt-200_assembled/2LJ5-alt-214_assembled/2LJ5-alt-189_assembled/2LJ5-alt-32_assembled/2LJ5-alt-26_assembled/2LJ5-alt-176_assembled/2LJ5-alt-162_assembled/2LJ5-alt-174_assembled/2LJ5-alt-160_assembled/2LJ5-alt-18_assembled/2LJ5-alt-148_assembled/2LJ5-alt-30_assembled/2LJ5-alt-24_assembled/2LJ5-alt-202_assembled/2LJ5-alt-216_assembled/2LJ5-alt-1_assembled/2LJ5-alt-217_assembled/2LJ5-alt-203_assembled/2LJ5-alt-25_assembled/2LJ5-alt-31_assembled/2LJ5-alt-149_assembled/2LJ5-alt-19_assembled/2LJ5-alt-161_assembled/2LJ5-alt-175_assembled/2LJ5-alt-35_assembled/2LJ5-alt-21_assembled/2LJ5-alt-159_assembled/2LJ5-alt-171_assembled/2LJ5-alt-165_assembled/2LJ5-alt-207_assembled/2LJ5-alt-213_assembled/2LJ5-alt-5_assembled/2LJ5-alt-4_assembled/2LJ5-alt-212_assembled/2LJ5-alt-206_assembled/2LJ5-alt-164_assembled/2LJ5-alt-170_assembled/2LJ5-alt-158_assembled/2LJ5-alt-20_assembled/2LJ5-alt-34_assembled/2LJ5-alt-22_assembled/2LJ5-alt-36_assembled/2LJ5-alt-166_assembled/2LJ5-alt-172_assembled/2LJ5-alt-199_assembled/2LJ5-alt-238_assembled/2LJ5-alt-210_assembled/2LJ5-alt-204_assembled/2LJ5-alt-6_assembled/2LJ5-alt-7_assembled/2LJ5-alt-205_assembled/2LJ5-alt-211_assembled/2LJ5-alt-239_assembled/2LJ5-alt-198_assembled/2LJ5-alt-173_assembled/2LJ5-alt-167_assembled/2LJ5-alt-37_assembled/2LJ5-alt-23_assembled/2LJ5-alt-142_assembled/2LJ5-alt-156_assembled/2LJ5-alt-12_assembled/2LJ5-alt-181_assembled/2LJ5-alt-195_assembled/2LJ5-alt-234_assembled/2LJ5-alt-220_assembled/2LJ5-alt-208_assembled/2LJ5-alt-209_assembled/2LJ5-alt-221_assembled/2LJ5-alt-235_assembled/2LJ5-alt-194_assembled/2LJ5-alt-180_assembled/2LJ5-alt-13_assembled/2LJ5-alt-157_assembled/2LJ5-alt-143_assembled/2LJ5-alt-155_assembled/2LJ5-alt-39_assembled/2LJ5-alt-141_assembled/2LJ5-alt-11_assembled/2LJ5-alt-169_assembled/2LJ5-alt-196_assembled/2LJ5-alt-182_assembled/2LJ5-alt-223_assembled/2LJ5-alt-237_assembled/2LJ5-alt-9_assembled/2LJ5-alt-8_assembled/2LJ5-alt-236_assembled/2LJ5-alt-222_assembled/2LJ5-alt-183_assembled/2LJ5-alt-197_assembled/2LJ5-alt-168_assembled/2LJ5-alt-10_assembled/2LJ5-alt-140_assembled/2LJ5-alt-38_assembled/2LJ5-alt-154_assembled/2LJ5-alt-14_assembled/2LJ5-alt-178_assembled/2LJ5-alt-150_assembled/2LJ5-alt-28_assembled/2LJ5-alt-144_assembled/2LJ5-alt-193_assembled/2LJ5-alt-187_assembled/2LJ5-alt-226_assembled/2LJ5-alt-232_assembled/2LJ5-alt-233_assembled/2LJ5-alt-227_assembled/2LJ5-alt-186_assembled/2LJ5-alt-192_assembled/2LJ5-alt-145_assembled/2LJ5-alt-29_assembled/2LJ5-alt-151_assembled/2LJ5-alt-179_assembled/2LJ5-alt-15_assembled/2LJ5-alt-17_assembled/2LJ5-alt-147_assembled/2LJ5-alt-153_assembled/2LJ5-alt-184_assembled/2LJ5-alt-190_assembled/2LJ5-alt-219_assembled/2LJ5-alt-231_assembled/2LJ5-alt-225_assembled/2LJ5-alt-224_assembled/2LJ5-alt-230_assembled/2LJ5-alt-218_assembled/2LJ5-alt-191_assembled/2LJ5-alt-185_assembled/2LJ5-alt-152_assembled/2LJ5-alt-146_assembled/2LJ5-alt-16_assembled/2LJ5-alt-121_assembled/2LJ5-alt-59_assembled/2LJ5-alt-135_assembled/2LJ5-alt-65_assembled/2LJ5-alt-109_assembled/2LJ5-alt-71_assembled/2LJ5-alt-257_assembled/2LJ5-alt-243_assembled/2LJ5-alt-294_assembled/2LJ5-alt-280_assembled/2LJ5-alt-281_assembled/2LJ5-alt-295_assembled/2LJ5-alt-242_assembled/2LJ5-alt-256_assembled/2LJ5-alt-70_assembled/2LJ5-alt-108_assembled/2LJ5-alt-64_assembled/2LJ5-alt-134_assembled/2LJ5-alt-58_assembled/2LJ5-alt-120_assembled/2LJ5-alt-136_assembled/2LJ5-alt-122_assembled/2LJ5-alt-72_assembled/2LJ5-alt-66_assembled/2LJ5-alt-99_assembled/2LJ5-alt-240_assembled/2LJ5-alt-254_assembled/2LJ5-alt-268_assembled/2LJ5-alt-283_assembled/2LJ5-alt-297_assembled/2LJ5-alt-296_assembled/2LJ5-alt-282_assembled/2LJ5-alt-269_assembled/2LJ5-alt-255_assembled/2LJ5-alt-241_assembled/2LJ5-alt-98_assembled/2LJ5-alt-67_assembled/2LJ5-alt-73_assembled/2LJ5-alt-123_assembled/2LJ5-alt-137_assembled/2LJ5-alt-77_assembled/2LJ5-alt-63_assembled/2LJ5-alt-133_assembled/2LJ5-alt-127_assembled/2LJ5-alt-88_assembled/2LJ5-alt-279_assembled/2LJ5-alt-245_assembled/2LJ5-alt-251_assembled/2LJ5-alt-286_assembled/2LJ5-alt-292_assembled/2LJ5-alt-293_assembled/2LJ5-alt-287_assembled/2LJ5-alt-250_assembled/2LJ5-alt-244_assembled/2LJ5-alt-278_assembled/2LJ5-alt-89_assembled/2LJ5-alt-126_assembled/2LJ5-alt-132_assembled/2LJ5-alt-62_assembled/2LJ5-alt-76_assembled/2LJ5-alt-60_assembled/2LJ5-alt-118_assembled/2LJ5-alt-74_assembled/2LJ5-alt-124_assembled/2LJ5-alt-48_assembled/2LJ5-alt-130_assembled/2LJ5-alt-252_assembled/2LJ5-alt-246_assembled/2LJ5-alt-291_assembled/2LJ5-alt-285_assembled/2LJ5-alt-284_assembled/2LJ5-alt-290_assembled/2LJ5-alt-247_assembled/2LJ5-alt-253_assembled/2LJ5-alt-131_assembled/2LJ5-alt-49_assembled/2LJ5-alt-125_assembled/2LJ5-alt-75_assembled/2LJ5-alt-119_assembled/2LJ5-alt-61_assembled/2MBH-alt-20_assembled/2MBH-alt-19_assembled/2MBH-alt-18_assembled/2MBH-alt-9_assembled/2MBH-alt-8_assembled/2MBH-alt-1_assembled/2MBH-alt-3_assembled/2MBH-alt-2_assembled/2MBH-alt-6_assembled/2MBH-alt-7_assembled/2MBH-alt-5_assembled/2MBH-alt-4_assembled/2MBH-alt-15_assembled/2MBH-alt-14_assembled/2MBH-alt-16_assembled/2MBH-alt-17_assembled/2MBH-alt-13_assembled/2MBH-alt-12_assembled/2MBH-alt-10_assembled/2MBH-alt-11_assembled,11.0,True,all,0.0,P62987,11.148660436137066,0.3560140621675768,67.62527465820312,11.63898754119873
2,/AF-P0DMV9-F1-model_v1,539.0,True,all,90.36,P0DMV9,10.25,0.0,44.63574981689453,0.0
3,/AF-P0DMV8-F1-model_v1,539.0,True,all,90.13,P0DMV8,10.28,0.0,51.87397766113281,0.0
4,/AF-P10809-F1-model_v1,218.0,True,all,85.96,P10809,11.82,0.0,34.18052673339844,0.0
5,/AF-P10809-F1-model_v1,233.0,True,all,80.61,P10809,10.47,0.0,91.95232391357422,0.0
6,/6MRD-alt-1_assembled/4PJ1-alt-1_assembled/6MRC-alt-1_assembled,194.0,True,all,0.0,P10809,11.045999999999998,0.4118694824677293,31.44991683959961,12.22640609741211
7,/6MRD-alt-1_assembled/4PJ1-alt-1_assembled/6MRC-alt-1_assembled,209.0,True,all,0.0,P10809,10.509714285714288,0.0660875406200753,71.77335357666016,11.747254371643066
8,/5JLH-alt-1_assembled,327.0,True,all,0.0,P63261,10.092000000000002,0.0044721359549994,81.47029113769531,8.118852615356445
9,/6NR8-alt-1_assembled,418.0,True,all,0.0,Q99832,9.61,0.4610133765232123,38.03421401977539,21.262731552124023
10,/6NR8-alt-1_assembled,401.0,True,all,0.0,Q99832,10.545,0.1484924240491756,61.32389068603516,21.70496368408203
11,/AF-P62807-F1-model_v1,6.0,True,all,74.41,P62807,10.45,0.0,98.52034759521484,0.0
12,/AF-P62807-F1-model_v1,58.0,True,all,97.06,P62807,10.46,0.0,108.70748138427734,0.0
13,/5GT0-alt-1_assembled,57.0,True,all,0.0,P62807,9.555,1.2798632739476514,62.12813568115234,38.00738525390625
14,/3BYH-alt-1_assembled,328.0,True,all,0.0,P60709,10.31,0.0,65.54618835449219,0.0
15,/3B6R-alt-1_assembled/3DRB-alt-1_assembled,156.0,True,all,0.0,P12277,10.7475,0.6010754251062563,52.71173095703125,20.357622146606445
16,/5W8J-alt1B_assembled/5W8J-alt1A_assembled,41.0,True,all,0.0,P00338,10.58875,0.7914261539416407,25.36731338500977,9.759076118469238
17,/6SBV-alt1B_assembled/6SBV-alt1A_assembled,42.0,True,all,0.0,P00338,10.10875,0.96859950443927,23.21427345275879,8.019392013549805
18,/AF-Q12931-F1-model_v1,577.0,True,all,92.21,Q12931,10.7,0.0,77.3418197631836,0.0
19,/AF-Q8N257-F1-model_v1,21.0,True,all,72.82,Q8N257,10.47,0.0,96.7778091430664,0.0
20,/AF-Q8N257-F1-model_v1,58.0,True,all,97.18,Q8N257,10.46,0.0,110.45001983642578,0.0
21,/AF-Q8N257-F1-model_v1,117.0,True,all,92.7,Q8N257,11.47,0.0,65.94831085205078,0.0
22,/AF-Q6PEY2-F1-model_v1,394.0,True,all,93.22,Q6PEY2,9.86,0.0,51.60589599609375,0.0
23,/AF-P68032-F1-model_v1,330.0,True,all,98.4,P68032,9.96,0.0,66.21639251708984,0.0
24,/AF-P63267-F1-model_v1,329.0,True,all,98.39,P63267,9.94,0.0,67.69084930419922,0.0
25,/6KOR-alt-1_assembled,21.0,True,all,0.0,O60506,10.64,0.0,33.912445068359375,0.0
26,/AF-P62750-F1-model_v1,88.0,True,all,96.72,P62750,10.45,0.0,73.72270965576172,0.0
27,/1NI2-alt-1_assembled,83.0,True,all,0.0,P15311,8.215,0.1484924240491756,18.56471824645996,4.454730987548828
28,/1QCK-alt-3_assembled/1QCK-alt-10_assembled/1QCK-alt-2_assembled/1QCK-alt-12_assembled/1QCK-alt-13_assembled/1QCK-alt-1_assembled/1QCK-alt-5_assembled/1QCK-alt-17_assembled/1QCK-alt-16_assembled/1QCK-alt-4_assembled/1QCK-alt-6_assembled/1QCK-alt-14_assembled/1QCK-alt-7_assembled/1QCK-alt-18_assembled/1QCK-alt-19_assembled/1QCK-alt-9_assembled/1QCK-alt-8_assembled/1QCK-alt-21_assembled/1QCK-alt-20_assembled,18.0,True,all,0.0,O75531,10.658157894736846,0.3486875412492898,50.5688362121582,13.728803634643556
29,/AF-P60981-F1-model_v1,44.0,True,all,83.6,P60981,10.27,0.0,69.70146942138672,0.0
30,/AF-P68133-F1-model_v1,330.0,True,all,98.22,P68133,9.94,0.0,70.9078369140625,0.0
31,/AF-Q562R1-F1-model_v1,329.0,True,all,98.12,Q562R1,9.93,0.0,63.267486572265625,0.0
32,/AF-P62736-F1-model_v1,330.0,True,all,98.36,P62736,9.94,0.0,64.20578002929688,0.0
33,/AF-P48668-F1-model_v1,426.0,True,all,96.52,P48668,10.64,0.0,83.90984344482422,0.0
34,/3TZD-alt1C_assembled/3TZD-alt1B_assembled/3TZD-alt1A_assembled,34.0,True,all,0.0,P10412,10.87,0.5214403129793473,59.02284622192383,19.522380828857425
35,/AF-P10412-F1-model_v1,106.0,True,all,94.85,P10412,10.09,0.0,56.699462890625,0.0
36,/AF-P02538-F1-model_v1,426.0,True,all,96.08,P02538,11.06,0.0,70.23763275146484,0.0
37,/AF-O00567-F1-model_v1,230.0,True,all,79.54,O00567,10.47,0.0,73.99079132080078,0.0
38,/4XZ2-alt-1_assembled/4XYJ-alt-1_assembled,156.0,True,all,0.0,Q01813,10.409,0.0822529972435995,71.77910614013672,10.068921089172363
39,/AF-Q9ULV4-F1-model_v1,205.0,True,all,97.51,Q9ULV4,11.16,0.0,72.38229370117188,0.0
40,/1PL8-alt1B_assembled/1PL8-alt1A_assembled,5.0,True,all,0.0,Q00796,10.43,0.0,79.72105407714844,2.2346267700195312
41,/AF-Q53GS9-F1-model_v1,459.0,True,all,83.6,Q53GS9,10.41,0.0,91.68424224853516,0.0
42,/AF-Q9Y2R4-F1-model_v1,583.0,True,all,71.79,Q9Y2R4,10.42,0.0,91.1480712890625,0.0
43,/AF-P55265-F1-model_v1,564.0,True,all,95.79,P55265,10.19,0.0,51.47185516357422,0.0
44,/AF-Q6S8J3-F1-model_v1,295.0,True,all,92.51,Q6S8J3,10.45,0.0,88.06512451171875,0.0
45,/2P5X-alt-1_assembled/AF-O95671-F1-model_v1,100.0,True,all,31.48,O95671,8.646666666666667,1.7413021947190364,61.12282943725586,12.082321166992188
46,/AF-Q8N142-F1-model_v1,158.0,True,all,71.47,Q8N142,10.46,0.0,82.70347595214844,0.0
47,/AF-O00471-F1-model_v1,297.0,True,all,75.29,O00471,10.49,0.0,112.72872161865234,0.0
48,/AF-Q68EM7-F1-model_v1,295.0,True,all,90.69,Q68EM7,11.37,0.0,51.20376968383789,0.0
49,/1WYM-alt-19_assembled/1WYM-alt-18_assembled/1WYM-alt-8_assembled/1WYM-alt-9_assembled/1WYM-alt-20_assembled/1WYM-alt-10_assembled/1WYM-alt-7_assembled/1WYM-alt-6_assembled/1WYM-alt-11_assembled/1WYM-alt-13_assembled/1WYM-alt-4_assembled/1WYM-alt-5_assembled/1WYM-alt-12_assembled/1WYM-alt-16_assembled/1WYM-alt-1_assembled/1WYM-alt-17_assembled/1WYM-alt-15_assembled/1WYM-alt-2_assembled/1WYM-alt-3_assembled/1WYM-alt-14_assembled,80.0,True,all,0.0,P37802,10.3895,0.2223433807140846,62.42973709106445,8.870943069458008
50,/AF-P35527-F1-model_v1,321.0,True,all,81.62,P35527,10.42,0.0,72.91845703125,0.0
51,/AF-P07900-F1-model_v1,419.0,True,all,97.75,P07900,11.32,0.0,45.30595397949219,0.0
52,/6OQ4-alt1A_assembled/6OQ4-alt1B_assembled,520.0,True,all,0.0,P61224,9.98,0.6929646455628169,51.20377349853516,6.2555766105651855
53,/5EXW-alt1B_assembled/5EXW-alt1A_assembled/5F0X-alt1B_assembled/5F0X-alt1A_assembled,125.0,True,all,0.0,P11021,11.13375,0.4682471111954211,48.4726791381836,16.537353515625
54,/1M9I-alt-1_assembled,191.0,True,all,0.0,P08133,10.4,0.0,50.93568801879883,0.0
55,/AF-P39023-F1-model_v1,39.0,True,all,96.43,P39023,11.45,0.0,72.38229370117188,0.0
56,/2DK2-alt-5_assembled/2DK2-alt-19_assembled/2DK2-alt-18_assembled/2DK2-alt-4_assembled/2DK2-alt-6_assembled/2DK2-alt-7_assembled/2DK2-alt-3_assembled/2DK2-alt-2_assembled/2DK2-alt-20_assembled/2DK2-alt-1_assembled/2DK2-alt-10_assembled/2DK2-alt-11_assembled/2DK2-alt-13_assembled/2DK2-alt-12_assembled/2DK2-alt-16_assembled/2DK2-alt-17_assembled/2DK2-alt-9_assembled/2DK2-alt-15_assembled/2DK2-alt-14_assembled/2DK2-alt-8_assembled,49.0,True,all,0.0,O43390,10.655,0.0510417785534041,93.90261840820312,4.765237331390381
57,/AF-P13861-F1-model_v1,135.0,True,all,89.94,P13861,11.54,0.0,82.16730499267578,0.0
58,/AF-Q9Y285-F1-model_v1,117.0,True,all,82.79,Q9Y285,10.42,0.0,83.77580261230469,0.0
59,/6ZJE-alt1A_assembled/6ZJE-alt1C_assembled/6ZJE-alt1B_assembled,146.0,True,all,0.0,Q9UIJ7,10.836666666666666,0.3666515148384542,80.11200714111328,1.6543816328048706
60,/5DZZ-alt-1_assembled,2026.0,True,all,0.0,P15924,10.55,0.0,93.02465057373048,0.0
61,/AF-Q969X6-F1-model_v1,281.0,True,all,85.1,Q969X6,10.4,0.0,92.89060974121094,0.0
62,/AF-Q63ZY6-F1-model_v1,56.0,True,all,90.78,Q63ZY6,9.68,0.0,5.093568801879883,0.0
63,/3BBF-alt1B_assembled/3BBF-alt1A_assembled/3BBB-alt1B_assembled/3BBB-alt1A_assembled,12.0,True,all,0.0,P22392,7.334999999999998,0.2957525405087694,13.392958641052246,5.226626396179199
64,/3BBF-alt1B_assembled/3BBF-alt1A_assembled/3BBB-alt1B_assembled/3BBB-alt1A_assembled,124.0,True,all,0.0,P22392,10.455833333333333,0.0663925524023043,92.5499267578125,9.4795503616333
65,/1UCN-alt-1_assembled/2HVD-alt-1_assembled/3L7U-alt-1_assembled,12.0,True,all,0.0,P15531,6.164444444444445,2.0783954815621057,18.170040130615234,5.543749809265137
66,/6Y1E-alt1A_assembled/6Y1E-alt1B_assembled/2A2R-alt1B_assembled/2A2R-alt1A_assembled,127.0,True,all,0.0,P09211,10.345,0.0921954445729289,82.5470962524414,9.529852867126465
67,/4XBJ-alt1B_assembled/4XBJ-alt1A_assembled/4WR3-alt1B_assembled/4WR3-alt1A_assembled,122.0,True,all,0.0,P0A6B4,6.72625,0.5061208683045318,28.433504104614254,4.596625328063965
68,/1BXN-alt-1_assembled,203.0,True,all,0.0,P0C2C2,8.78,0.2258317958127241,10.455220222473145,1.879766702651977
69,/1BD0-alt-1_assembled/1SFT-alt-1_assembled,129.0,True,all,0.0,P10724,6.17,0.3899572626156188,10.790323257446287,3.516721725463867
70,/1E3U-alt1B_assembled/1E3U-alt1A_assembled/1EWZ-alt-1_assembled,70.0,True,all,0.0,P14489,7.1375,0.6071412146654636,10.957874298095703,5.878433227539063
71,/1E9Y-alt-1_assembled/1E9Z-alt-1_assembled,219.0,True,all,0.0,P69996,8.5775,2.6886102357909745,18.33014678955078,14.122285842895508
72,/2OEJ-alt-1_assembled,173.0,True,all,0.0,Q5L1E2,9.035,0.3181980515339458,1.3404128551483154,0.1895630359649658
73,/1RQE-alt1B_assembled/1RQE-alt1A_assembled,184.0,True,all,0.0,Q70AC7,10.335,0.0353553390593266,19.838109970092773,0.0
74,/AF-P05020-F1-model_v1,103.0,True,all,98.55,P05020,7.73,0.0,2.8148670196533203,0.0
75,/7B53-alt1A_assembled/7B53-alt1B_assembled/7B60-alt1A_assembled/7B60-alt1B_assembled,225.0,True,all,0.0,P22188,9.055,0.2212303260017873,26.506664276123047,8.745102882385254
76,/1YBQ-alt1B_assembled/1YBQ-alt1A_assembled,162.0,True,all,0.0,P39377,7.335,0.1445683229480095,4.791975975036621,0.9689061641693116
77,/3BG9-alt-1_assembled,741.0,True,all,0.0,P11498,8.4375,0.0618465843842652,20.273744583129883,1.051889181137085
78,/4C6B-alt1A_assembled/4C6B-alt1B_assembled,1556.0,True,all,0.0,P27708,10.195,0.5868986283848344,5.763774871826172,4.739075183868408
79,/2PSN-alt-1_assembled/3B97-alt-1_assembled,232.0,True,all,0.0,P06733,10.1,0.1418248416684666,45.33946228027344,3.617163181304932
80,/6C45-alt-1_assembled/7BTN-alt-1_assembled,199.0,True,all,0.0,Q15181,10.452000000000002,0.2174166506963068,64.60789489746094,18.42568016052246
81,/AF-P34931-F1-model_v1,114.0,True,all,95.05,P34931,11.12,0.0,29.35504150390625,0.0
82,/2V9Y-alt1A_assembled/2V9Y-alt1B_assembled/AF-P22102-F1-model_v1,633.0,True,all,17.252000000000002,P22102,10.136,0.2830724288940904,82.46219635009766,15.498848915100098
83,/AF-P16403-F1-model_v1,63.0,True,all,95.92,P16403,9.96,0.0,63.267486572265625,0.0
84,/AF-P16403-F1-model_v1,106.0,True,all,94.82,P16403,10.05,0.0,56.029258728027344,0.0
85,/AF-P46779-F1-model_v1,47.0,True,all,94.84,P46779,10.05,0.0,83.64176177978516,0.0
86,/AF-P16402-F1-model_v1,107.0,True,all,94.47,P16402,9.94,0.0,57.36967086791992,0.0
87,/AF-Q96A08-F1-model_v1/5GSU-alt-1_assembled,118.0,True,all,32.02,Q96A08,10.58,0.7709085548883219,64.25045776367188,9.124001502990724
88,/AF-Q06210-F1-model_v1,522.0,True,all,98.4,Q06210,10.77,0.0,57.10158920288086,0.0
89,/AF-P16401-F1-model_v1,109.0,True,all,95.15,P16401,10.13,0.0,55.89521789550781,0.0
90,/3GR4-alt1A_assembled/3GR4-alt1B_assembled,367.0,True,all,0.0,P14618,10.3325,0.0996780531797962,81.5306167602539,8.370186805725098
91,/7LUM-alt-1_assembled,245.0,True,all,0.0,P17987,10.7975,0.5088794880257347,55.92872619628906,8.140456199645996
92,/AF-P26639-F1-model_v1,223.0,True,all,95.39,P26639,10.06,0.0,25.19976234436035,0.0
93,/AF-Q12906-F1-model_v1,574.0,True,all,93.52,Q12906,10.43,0.0,90.47786712646484,0.0
94,/4H9N-alt1B_assembled/4H9N-alt1A_assembled/7K63-alt-1_assembled,91.0,True,all,0.0,P62805,11.677499999999998,1.4048101888392848,27.21038055419922,5.890704154968262
95,/AF-P54886-F1-model_v1,357.0,True,all,75.98,P54886,11.24,0.0,66.7525634765625,0.0
96,/AF-P68104-F1-model_v1,457.0,True,all,82.73,P68104,10.4,0.0,90.47786712646484,0.0
97,/AF-Q05639-F1-model_v1,457.0,True,all,85.09,Q05639,10.38,0.0,91.68424224853516,0.0
98,/3KLT-alt-1_assembled/AF-P08670-F1-model_v1,294.0,True,all,19.332,P08670,10.346,0.0450555213042754,33.34947204589844,23.848127365112305
99,/AF-P08238-F1-model_v1,550.0,True,all,88.99,P08238,11.63,0.0,46.3782844543457,0.0
100,/AF-Q6IS14-F1-model_v1,47.0,True,all,84.94,Q6IS14,10.46,0.0,99.32459259033205,0.0
101,/2LLH-alt-14_assembled/2LLH-alt-9_assembled/2LLH-alt-8_assembled/2LLH-alt-15_assembled/2LLH-alt-17_assembled/2LLH-alt-16_assembled/2LLH-alt-12_assembled/2LLH-alt-13_assembled/2LLH-alt-11_assembled/2LLH-alt-10_assembled/2LLH-alt-1_assembled/2LLH-alt-20_assembled/2LLH-alt-3_assembled/2LLH-alt-2_assembled/2LLH-alt-6_assembled/2LLH-alt-7_assembled/2LLH-alt-18_assembled/2LLH-alt-5_assembled/2LLH-alt-4_assembled/2LLH-alt-19_assembled,26.0,True,all,0.0,P06748,11.168,0.411628345400122,75.6327896118164,13.884209632873535
102,/3DK8-alt1B_assembled/3DK8-alt1A_assembled/3DK9-alt1B_assembled/3DK9-alt1A_assembled,137.0,True,all,0.0,P00390,10.2875,0.0549999999999998,75.36471557617188,1.7178750038146973
103,/2J6L-alt1A_assembled/2J6L-alt1B_assembled,215.0,True,all,0.0,P49419,10.463333333333336,0.0149747261825527,82.97154998779297,2.7032759189605717
104,/5XTE-alt-1_assembled/AF-P31930-F1-model_v1,85.0,True,all,18.974,P31930,10.946,0.508064956477024,57.39647674560547,14.033872604370115
105,/AF-Q9UFN0-F1-model_v1,154.0,True,all,95.99,Q9UFN0,10.22,0.0,59.24625015258789,0.0
106,/AF-Q14568-F1-model_v1,313.0,True,all,90.75,Q14568,11.41,0.0,30.159290313720703,0.0
107,/AF-Q96C19-F1-model_v1,58.0,True,all,81.98,Q96C19,11.1,0.0,72.91845703125,0.0
108,/AF-O75083-F1-model_v1,480.0,True,all,96.56,O75083,11.4,0.0,50.53356552124024,0.0
109,/AF-Q8NBJ5-F1-model_v1,517.0,True,all,93.63,Q8NBJ5,10.14,0.0,38.4698486328125,0.0
110,/AF-Q58FG0-F1-model_v1,243.0,True,all,78.47,Q58FG0,10.64,0.0,64.47386169433594,0.0
111,/AF-P54707-F1-model_v1,676.0,True,all,91.22,P54707,10.46,0.0,89.94170379638672,0.0
112,/AF-Q9UJQ1-F1-model_v1,154.0,True,all,91.41,Q9UJQ1,10.57,0.0,99.1905517578125,0.0
113,/AF-Q9ULV0-F1-model_v1,734.0,True,all,80.5,Q9ULV0,10.48,0.0,94.09698486328124,0.0
114,/AF-Q9NQ94-F1-model_v1,175.0,True,all,84.98,Q9NQ94,8.97,0.0,37.39751815795898,0.0
115,/1RQU-alt-1_assembled/1RQV-alt-1_assembled,70.0,True,all,0.0,P0A7K2,10.25,0.0,69.56742858886719,3.9958395957946777
116,/2FYM-alt1C_assembled/2FYM-alt1B_assembled/2FYM-alt1A_assembled/6BFY-alt1B_assembled/6BFY-alt1A_assembled,194.0,True,all,0.0,P0A6P9,10.011666666666663,0.1919616507595169,62.38505172729492,5.876441955566406
117,/1HNR-alt-1_assembled/1HNS-alt-14_assembled/1HNS-alt-2_assembled/1HNS-alt-3_assembled/1HNS-alt-15_assembled/1HNS-alt-1_assembled/1HNS-alt-16_assembled/1HNS-alt-12_assembled/1HNS-alt-4_assembled/1HNS-alt-5_assembled/1HNS-alt-13_assembled/1HNS-alt-11_assembled/1HNS-alt-7_assembled/1HNS-alt-6_assembled/1HNS-alt-10_assembled/1HNS-alt-8_assembled/1HNS-alt-9_assembled,120.0,True,all,0.0,P0ACF8,11.531764705882352,0.7586602936601273,61.10706329345703,15.837652206420898
118,/2O02-alt1A_assembled/2O02-alt1B_assembled/2O02-alt1C_assembled,49.0,True,all,0.0,P63104,10.335,1.0198578332297106,40.502811431884766,10.727461814880373
119,/1L5J-alt-1_assembled/AF-P36683-F1-model_v1,77.0,True,all,32.38333333333333,P36683,10.433333333333332,0.0057735026918961,96.6884536743164,16.57041358947754
120,/AF-P0ACF0-F1-model_v1,67.0,True,all,95.0,P0ACF0,10.45,0.0,86.9927978515625,0.0
121,/1U8W-alt-1_assembled/AF-P39207-F1-model_v1,9.0,True,all,14.1,P39207,7.772857142857142,0.7345682243266967,21.963621139526367,8.384611129760742
122,/2O6V-alt-1_assembled/2NR2-alt-35_assembled/2NR2-alt-21_assembled/2NR2-alt-7_assembled/2NR2-alt-138_assembled/2NR2-alt-104_assembled/2NR2-alt-110_assembled/2NR2-alt-111_assembled/2NR2-alt-105_assembled/2NR2-alt-139_assembled/2NR2-alt-6_assembled/2NR2-alt-20_assembled/2NR2-alt-34_assembled/2NR2-alt-22_assembled/2NR2-alt-36_assembled/2NR2-alt-4_assembled/2NR2-alt-113_assembled/2NR2-alt-107_assembled/2NR2-alt-106_assembled/2NR2-alt-112_assembled/2NR2-alt-5_assembled/2NR2-alt-37_assembled/2NR2-alt-23_assembled/2NR2-alt-27_assembled/2NR2-alt-33_assembled/2NR2-alt-1_assembled/2NR2-alt-116_assembled/2NR2-alt-102_assembled/2NR2-alt-103_assembled/2NR2-alt-117_assembled/2NR2-alt-32_assembled/2NR2-alt-26_assembled/2NR2-alt-18_assembled/2NR2-alt-30_assembled/2NR2-alt-24_assembled/2NR2-alt-2_assembled/2NR2-alt-101_assembled/2NR2-alt-115_assembled/2NR2-alt-129_assembled/2NR2-alt-128_assembled/2NR2-alt-114_assembled/2NR2-alt-100_assembled/2NR2-alt-3_assembled/2NR2-alt-25_assembled/2NR2-alt-31_assembled/2NR2-alt-19_assembled/2NR2-alt-56_assembled/2NR2-alt-42_assembled/2NR2-alt-95_assembled/2NR2-alt-81_assembled/2NR2-alt-80_assembled/2NR2-alt-94_assembled/2NR2-alt-43_assembled/2NR2-alt-57_assembled/2NR2-alt-41_assembled/2NR2-alt-55_assembled/2NR2-alt-69_assembled/2NR2-alt-82_assembled/2NR2-alt-96_assembled/2NR2-alt-97_assembled/2NR2-alt-83_assembled/2NR2-alt-68_assembled/2NR2-alt-54_assembled/2NR2-alt-40_assembled/2NR2-alt-78_assembled/2NR2-alt-44_assembled/2NR2-alt-50_assembled/2NR2-alt-87_assembled/2NR2-alt-93_assembled/2NR2-alt-92_assembled/2NR2-alt-86_assembled/2NR2-alt-51_assembled/2NR2-alt-45_assembled/2NR2-alt-79_assembled/2NR2-alt-53_assembled/2NR2-alt-47_assembled/2NR2-alt-90_assembled/2NR2-alt-84_assembled/2NR2-alt-85_assembled/2NR2-alt-91_assembled/2NR2-alt-46_assembled/2NR2-alt-52_assembled/2NR2-alt-77_assembled/2NR2-alt-63_assembled/2NR2-alt-88_assembled/2NR2-alt-89_assembled/2NR2-alt-62_assembled/2NR2-alt-76_assembled/2NR2-alt-60_assembled/2NR2-alt-74_assembled/2NR2-alt-48_assembled/2NR2-alt-144_assembled/2NR2-alt-49_assembled/2NR2-alt-75_assembled/2NR2-alt-61_assembled/2NR2-alt-59_assembled/2NR2-alt-65_assembled/2NR2-alt-71_assembled/2NR2-alt-140_assembled/2NR2-alt-141_assembled/2NR2-alt-70_assembled/2NR2-alt-64_assembled/2NR2-alt-58_assembled/2NR2-alt-72_assembled/2NR2-alt-66_assembled/2NR2-alt-99_assembled/2NR2-alt-143_assembled/2NR2-alt-142_assembled/2NR2-alt-98_assembled/2NR2-alt-67_assembled/2NR2-alt-73_assembled/2NR2-alt-14_assembled/2NR2-alt-28_assembled/2NR2-alt-119_assembled/2NR2-alt-125_assembled/2NR2-alt-131_assembled/2NR2-alt-130_assembled/2NR2-alt-124_assembled/2NR2-alt-118_assembled/2NR2-alt-29_assembled/2NR2-alt-15_assembled/2NR2-alt-17_assembled/2NR2-alt-132_assembled/2NR2-alt-126_assembled/2NR2-alt-127_assembled/2NR2-alt-133_assembled/2NR2-alt-16_assembled/2NR2-alt-12_assembled/2NR2-alt-8_assembled/2NR2-alt-137_assembled/2NR2-alt-123_assembled/2NR2-alt-122_assembled/2NR2-alt-136_assembled/2NR2-alt-9_assembled/2NR2-alt-13_assembled/2NR2-alt-39_assembled/2NR2-alt-11_assembled/2NR2-alt-120_assembled/2NR2-alt-134_assembled/2NR2-alt-108_assembled/2NR2-alt-109_assembled/2NR2-alt-135_assembled/2NR2-alt-121_assembled/2NR2-alt-10_assembled/2NR2-alt-38_assembled,6.0,True,all,0.0,P0CG48,10.260000000000002,0.077754956969529,70.56951141357422,12.51967430114746
123,/2O6V-alt-1_assembled/2NR2-alt-35_assembled/2NR2-alt-21_assembled/2NR2-alt-7_assembled/2NR2-alt-138_assembled/2NR2-alt-104_assembled/2NR2-alt-110_assembled/2NR2-alt-111_assembled/2NR2-alt-105_assembled/2NR2-alt-139_assembled/2NR2-alt-6_assembled/2NR2-alt-20_assembled/2NR2-alt-34_assembled/2NR2-alt-22_assembled/2NR2-alt-36_assembled/2NR2-alt-4_assembled/2NR2-alt-113_assembled/2NR2-alt-107_assembled/2NR2-alt-106_assembled/2NR2-alt-112_assembled/2NR2-alt-5_assembled/2NR2-alt-37_assembled/2NR2-alt-23_assembled/2NR2-alt-27_assembled/2NR2-alt-33_assembled/2NR2-alt-1_assembled/2NR2-alt-116_assembled/2NR2-alt-102_assembled/2NR2-alt-103_assembled/2NR2-alt-117_assembled/2NR2-alt-32_assembled/2NR2-alt-26_assembled/2NR2-alt-18_assembled/2NR2-alt-30_assembled/2NR2-alt-24_assembled/2NR2-alt-2_assembled/2NR2-alt-101_assembled/2NR2-alt-115_assembled/2NR2-alt-129_assembled/2NR2-alt-128_assembled/2NR2-alt-114_assembled/2NR2-alt-100_assembled/2NR2-alt-3_assembled/2NR2-alt-25_assembled/2NR2-alt-31_assembled/2NR2-alt-19_assembled/2NR2-alt-56_assembled/2NR2-alt-42_assembled/2NR2-alt-95_assembled/2NR2-alt-81_assembled/2NR2-alt-80_assembled/2NR2-alt-94_assembled/2NR2-alt-43_assembled/2NR2-alt-57_assembled/2NR2-alt-41_assembled/2NR2-alt-55_assembled/2NR2-alt-69_assembled/2NR2-alt-82_assembled/2NR2-alt-96_assembled/2NR2-alt-97_assembled/2NR2-alt-83_assembled/2NR2-alt-68_assembled/2NR2-alt-54_assembled/2NR2-alt-40_assembled/2NR2-alt-78_assembled/2NR2-alt-44_assembled/2NR2-alt-50_assembled/2NR2-alt-87_assembled/2NR2-alt-93_assembled/2NR2-alt-92_assembled/2NR2-alt-86_assembled/2NR2-alt-51_assembled/2NR2-alt-45_assembled/2NR2-alt-79_assembled/2NR2-alt-53_assembled/2NR2-alt-47_assembled/2NR2-alt-90_assembled/2NR2-alt-84_assembled/2NR2-alt-85_assembled/2NR2-alt-91_assembled/2NR2-alt-46_assembled/2NR2-alt-52_assembled/2NR2-alt-77_assembled/2NR2-alt-63_assembled/2NR2-alt-88_assembled/2NR2-alt-89_assembled/2NR2-alt-62_assembled/2NR2-alt-76_assembled/2NR2-alt-60_assembled/2NR2-alt-74_assembled/2NR2-alt-48_assembled/2NR2-alt-144_assembled/2NR2-alt-49_assembled/2NR2-alt-75_assembled/2NR2-alt-61_assembled/2NR2-alt-59_assembled/2NR2-alt-65_assembled/2NR2-alt-71_assembled/2NR2-alt-140_assembled/2NR2-alt-141_assembled/2NR2-alt-70_assembled/2NR2-alt-64_assembled/2NR2-alt-58_assembled/2NR2-alt-72_assembled/2NR2-alt-66_assembled/2NR2-alt-99_assembled/2NR2-alt-143_assembled/2NR2-alt-142_assembled/2NR2-alt-98_assembled/2NR2-alt-67_assembled/2NR2-alt-73_assembled/2NR2-alt-14_assembled/2NR2-alt-28_assembled/2NR2-alt-119_assembled/2NR2-alt-125_assembled/2NR2-alt-131_assembled/2NR2-alt-130_assembled/2NR2-alt-124_assembled/2NR2-alt-118_assembled/2NR2-alt-29_assembled/2NR2-alt-15_assembled/2NR2-alt-17_assembled/2NR2-alt-132_assembled/2NR2-alt-126_assembled/2NR2-alt-127_assembled/2NR2-alt-133_assembled/2NR2-alt-16_assembled/2NR2-alt-12_assembled/2NR2-alt-8_assembled/2NR2-alt-137_assembled/2NR2-alt-123_assembled/2NR2-alt-122_assembled/2NR2-alt-136_assembled/2NR2-alt-9_assembled/2NR2-alt-13_assembled/2NR2-alt-39_assembled/2NR2-alt-11_assembled/2NR2-alt-120_assembled/2NR2-alt-134_assembled/2NR2-alt-108_assembled/2NR2-alt-109_assembled/2NR2-alt-135_assembled/2NR2-alt-121_assembled/2NR2-alt-10_assembled/2NR2-alt-38_assembled,48.0,True,all,0.0,P0CG48,10.458689655172428,0.1068439618504856,99.56217956542967,13.24109172821045
124,/AF-P0AEQ3-F1-model_v1,127.0,True,all,95.75,P0AEQ3,10.51,0.0,93.69486236572266,0.0
125,/1AON-alt-1_assembled/1GRL-alt-1_assembled,34.0,True,all,0.0,P0A6F5,10.552142857142858,0.6480589658977209,32.69649887084961,15.779422760009766
126,/1AON-alt-1_assembled/1GRL-alt-1_assembled,51.0,True,all,0.0,P0A6F5,9.14,0.881629173745969,44.66128540039063,20.958227157592773
127,/1YFK-alt-1_assembled,5.0,True,all,0.0,P18669,11.385,0.0777817459305198,49.059112548828125,5.118202686309815
128,/3UZD-alt1A_assembled/3UZD-alt1B_assembled/6S9K-alt-1_assembled,50.0,True,all,0.0,P61981,8.833333333333334,0.972848052541266,54.91225051879883,14.827373504638672
129,/6HEP-alt1A_assembled/6HEP-alt1B_assembled/6A5Q-alt1A_assembled/6A5Q-alt1B_assembled,51.0,True,all,0.0,P31946,9.14357142857143,0.8360309816016402,57.628177642822266,16.091264724731445
130,/3UAL-alt1A_assembled/3UAL-alt1B_assembled,50.0,True,all,0.0,P62258,11.375,3.486036431249679,65.34512329101562,25.30666160583496
131,/2C63-alt-1_assembled/AF-Q04917-F1-model_v1,50.0,True,all,19.616,Q04917,9.196000000000002,0.4828353756716669,74.74141693115234,24.115997314453125
132,/2DRI-alt-1_assembled,45.0,True,all,0.0,P02925,10.25,0.0,38.33580780029297,0.0
133,/4JDR-alt-1_assembled/AF-P0A9P0-F1-model_v1,61.0,True,all,32.04333333333333,P0A9P0,12.093333333333334,1.220751134889226,26.98697853088379,9.302438735961914
134,/AF-P0ACF4-F1-model_v1,67.0,True,all,96.85,P0ACF4,10.45,0.0,85.78642272949219,0.0
135,/AF-P36578-F1-model_v1,294.0,True,all,97.22,P36578,10.37,0.0,75.59928894042969,0.0
136,/AF-O03042-F1-model_v1,183.0,True,all,98.75,O03042,10.47,0.0,66.21639251708984,0.0
137,/AF-O03042-F1-model_v1,356.0,True,all,98.51,O03042,9.55,0.0,58.57604217529297,0.0
138,/1JCD-alt-1_assembled,38.0,True,all,0.0,P69776,10.856666666666667,0.31182259913825,64.87598419189453,16.384323120117188
139,/AF-P69776-F1-model_v1,59.0,True,all,97.54,P69776,10.37,0.0,87.79704284667969,0.0
140,/AF-P21276-F1-model_v1,48.0,True,all,95.4,P21276,10.68,0.0,43.69746017456055,0.0
141,/AF-P21276-F1-model_v1,208.0,True,all,97.44,P21276,12.46,0.0,30.963537216186523,0.0
142,/AF-Q9M2U7-F1-model_v1,251.0,True,all,90.18,Q9M2U7,10.4,0.0,107.50111389160156,0.0
143,/AF-Q9SMU8-F1-model_v1,262.0,True,all,98.9,Q9SMU8,10.44,0.0,53.88459777832031,0.0
144,/AF-Q9SMU8-F1-model_v1,268.0,True,all,98.79,Q9SMU8,11.25,0.0,46.512325286865234,0.0
145,/AF-Q9XFT3-F1-model_v1,110.0,True,all,75.45,Q9XFT3,11.43,0.0,80.9609375,0.0
146,/AF-Q41932-F1-model_v1,116.0,True,all,74.06,Q41932,10.75,0.0,83.50772094726562,0.0
147,/AF-Q42589-F1-model_v1,65.0,True,all,89.61,Q42589,10.4,0.0,95.43739318847656,0.0
148,/AF-Q42589-F1-model_v1,115.0,True,all,90.31,Q42589,10.41,0.0,116.34783935546876,0.0
149,/1U8F-alt1A_assembled/1U8F-alt1B_assembled,3.0,False,all,0.0,P04406,10.47375,0.0914857522084332,94.56612396240234,10.00895881652832
150,/1U8F-alt1A_assembled/1U8F-alt1B_assembled,5.0,False,all,0.0,P04406,10.4325,0.1375032467149155,65.39539337158203,8.694085121154785
151,/1U8F-alt1A_assembled/1U8F-alt1B_assembled,27.0,False,all,0.0,P04406,10.81,0.2778488797889965,44.166603088378906,3.442837715148926
152,/1U8F-alt1A_assembled/1U8F-alt1B_assembled,55.0,False,all,0.0,P04406,10.1225,0.2399255837010419,56.230316162109375,7.9864325523376465
153,/1U8F-alt1A_assembled/1U8F-alt1B_assembled,61.0,False,all,0.0,P04406,10.927500000000002,0.3081163973009462,61.49143600463867,6.919421672821045
154,/1U8F-alt1A_assembled/1U8F-alt1B_assembled,84.0,False,all,0.0,P04406,10.88,0.4562580723356337,61.290374755859375,4.064883708953857
155,/1U8F-alt1A_assembled/1U8F-alt1B_assembled,86.0,False,all,0.0,P04406,10.6,0.0169030850945699,70.60624694824219,4.020439624786377
156,/1U8F-alt1A_assembled/1U8F-alt1B_assembled,107.0,False,all,0.0,P04406,10.3425,0.0423421438150829,65.57970428466797,7.088724136352539
157,/1U8F-alt1A_assembled/1U8F-alt1B_assembled,117.0,False,all,0.0,P04406,10.3325,0.2323021431547407,69.4668960571289,10.483598709106444
158,/1U8F-alt1A_assembled/1U8F-alt1B_assembled,139.0,False,all,0.0,P04406,10.325,0.107038043971024,77.30831909179688,14.026333808898926
159,/1U8F-alt1A_assembled/1U8F-alt1B_assembled,145.0,False,all,0.0,P04406,10.1725,0.1258967831201417,59.84943008422852,9.188008308410645
160,/1U8F-alt1A_assembled/1U8F-alt1B_assembled,162.0,False,all,0.0,P04406,11.1175,0.0349489423506431,43.29533386230469,2.6050753593444824
161,/1U8F-alt1A_assembled/1U8F-alt1B_assembled,186.0,False,all,0.0,P04406,9.75,0.1654431279063247,43.83149719238281,4.52348518371582
162,/1U8F-alt1A_assembled/1U8F-alt1B_assembled,194.0,False,all,0.0,P04406,10.425,0.0092582009977253,98.8889617919922,8.376623153686523
163,/1U8F-alt1A_assembled/1U8F-alt1B_assembled,215.0,False,all,0.0,P04406,10.28,0.1225910740167144,81.999755859375,7.186537265777588
164,/1U8F-alt1A_assembled/1U8F-alt1B_assembled,219.0,False,all,0.0,P04406,10.085,0.3660991278719074,69.56742858886719,10.209790229797363
165,/1U8F-alt1A_assembled/1U8F-alt1B_assembled,227.0,False,all,0.0,P04406,10.385000000000002,0.0568205194324319,44.33415603637695,1.379574179649353
166,/1U8F-alt1A_assembled/1U8F-alt1B_assembled,251.0,False,all,0.0,P04406,10.4,0.1318007153676662,62.56377029418945,3.930044412612915
167,/1U8F-alt1A_assembled/1U8F-alt1B_assembled,254.0,False,all,0.0,P04406,11.3925,0.1879779622341788,67.05415344238281,3.3642189502716064
168,/1U8F-alt1A_assembled/1U8F-alt1B_assembled,259.0,False,all,0.0,P04406,10.9,0.1258116506074521,27.076339721679688,2.391371488571167
169,/1U8F-alt1A_assembled/1U8F-alt1B_assembled,260.0,False,all,0.0,P04406,10.497500000000002,0.0388219378334319,79.38595581054688,6.641567230224609
170,/1U8F-alt1A_assembled/1U8F-alt1B_assembled,263.0,False,all,0.0,P04406,11.09,0.3769046867009522,54.21969604492188,3.276284456253052
171,/1U8F-alt1A_assembled/1U8F-alt1B_assembled,271.0,False,all,0.0,P04406,10.43,0.0075592894601843,74.69450378417969,4.674589157104492
172,/1U8F-alt1A_assembled/1U8F-alt1B_assembled,309.0,False,all,0.0,P04406,9.9525,0.6550627014699764,4.021238803863525,0.5641574263572693
173,/1U8F-alt1A_assembled/1U8F-alt1B_assembled,334.0,False,all,0.0,P04406,10.39375,0.2184973030235646,42.75917053222656,13.324617385864258
174,/2LJ5-alt-78_assembled/2LJ5-alt-100_assembled/2LJ5-alt-114_assembled/2LJ5-alt-44_assembled/2LJ5-alt-50_assembled/2LJ5-alt-128_assembled/2LJ5-alt-87_assembled/2LJ5-alt-93_assembled/2LJ5-alt-276_assembled/2LJ5-alt-262_assembled/2LJ5-alt-289_assembled/2LJ5-alt-288_assembled/2LJ5-alt-263_assembled/2LJ5-alt-277_assembled/2LJ5-alt-92_assembled/2LJ5-alt-86_assembled/2LJ5-alt-129_assembled/2LJ5-alt-51_assembled/2LJ5-alt-45_assembled/2LJ5-alt-115_assembled/2LJ5-alt-101_assembled/2LJ5-alt-79_assembled/2LJ5-alt-117_assembled/2LJ5-alt-103_assembled/2LJ5-alt-53_assembled/2LJ5-alt-47_assembled/2LJ5-alt-90_assembled/2LJ5-alt-84_assembled/2LJ5-alt-301_assembled/2LJ5-alt-261_assembled/2LJ5-alt-275_assembled/2LJ5-alt-249_assembled/2LJ5-alt-248_assembled/2LJ5-alt-274_assembled/2LJ5-alt-260_assembled/2LJ5-alt-300_assembled/2LJ5-alt-85_assembled/2LJ5-alt-91_assembled/2LJ5-alt-46_assembled/2LJ5-alt-52_assembled/2LJ5-alt-102_assembled/2LJ5-alt-116_assembled/2LJ5-alt-56_assembled/2LJ5-alt-42_assembled/2LJ5-alt-112_assembled/2LJ5-alt-106_assembled/2LJ5-alt-95_assembled/2LJ5-alt-81_assembled/2LJ5-alt-258_assembled/2LJ5-alt-264_assembled/2LJ5-alt-270_assembled/2LJ5-alt-271_assembled/2LJ5-alt-265_assembled/2LJ5-alt-259_assembled/2LJ5-alt-80_assembled/2LJ5-alt-94_assembled/2LJ5-alt-107_assembled/2LJ5-alt-113_assembled/2LJ5-alt-43_assembled/2LJ5-alt-57_assembled/2LJ5-alt-139_assembled/2LJ5-alt-41_assembled/2LJ5-alt-55_assembled/2LJ5-alt-105_assembled/2LJ5-alt-111_assembled/2LJ5-alt-69_assembled/2LJ5-alt-82_assembled/2LJ5-alt-96_assembled/2LJ5-alt-273_assembled/2LJ5-alt-267_assembled/2LJ5-alt-298_assembled/2LJ5-alt-299_assembled/2LJ5-alt-266_assembled/2LJ5-alt-272_assembled/2LJ5-alt-97_assembled/2LJ5-alt-83_assembled/2LJ5-alt-68_assembled/2LJ5-alt-110_assembled/2LJ5-alt-104_assembled/2LJ5-alt-54_assembled/2LJ5-alt-40_assembled/2LJ5-alt-138_assembled/2LJ5-alt-163_assembled/2LJ5-alt-177_assembled/2LJ5-alt-27_assembled/2LJ5-alt-33_assembled/2LJ5-alt-188_assembled/2LJ5-alt-215_assembled/2LJ5-alt-201_assembled/2LJ5-alt-229_assembled/2LJ5-alt-3_assembled/2LJ5-alt-2_assembled/2LJ5-alt-228_assembled/2LJ5-alt-200_assembled/2LJ5-alt-214_assembled/2LJ5-alt-189_assembled/2LJ5-alt-32_assembled/2LJ5-alt-26_assembled/2LJ5-alt-176_assembled/2LJ5-alt-162_assembled/2LJ5-alt-174_assembled/2LJ5-alt-160_assembled/2LJ5-alt-18_assembled/2LJ5-alt-148_assembled/2LJ5-alt-30_assembled/2LJ5-alt-24_assembled/2LJ5-alt-202_assembled/2LJ5-alt-216_assembled/2LJ5-alt-1_assembled/2LJ5-alt-217_assembled/2LJ5-alt-203_assembled/2LJ5-alt-25_assembled/2LJ5-alt-31_assembled/2LJ5-alt-149_assembled/2LJ5-alt-19_assembled/2LJ5-alt-161_assembled/2LJ5-alt-175_assembled/2LJ5-alt-35_assembled/2LJ5-alt-21_assembled/2LJ5-alt-159_assembled/2LJ5-alt-171_assembled/2LJ5-alt-165_assembled/2LJ5-alt-207_assembled/2LJ5-alt-213_assembled/2LJ5-alt-5_assembled/2LJ5-alt-4_assembled/2LJ5-alt-212_assembled/2LJ5-alt-206_assembled/2LJ5-alt-164_assembled/2LJ5-alt-170_assembled/2LJ5-alt-158_assembled/2LJ5-alt-20_assembled/2LJ5-alt-34_assembled/2LJ5-alt-22_assembled/2LJ5-alt-36_assembled/2LJ5-alt-166_assembled/2LJ5-alt-172_assembled/2LJ5-alt-199_assembled/2LJ5-alt-238_assembled/2LJ5-alt-210_assembled/2LJ5-alt-204_assembled/2LJ5-alt-6_assembled/2LJ5-alt-7_assembled/2LJ5-alt-205_assembled/2LJ5-alt-211_assembled/2LJ5-alt-239_assembled/2LJ5-alt-198_assembled/2LJ5-alt-173_assembled/2LJ5-alt-167_assembled/2LJ5-alt-37_assembled/2LJ5-alt-23_assembled/2LJ5-alt-142_assembled/2LJ5-alt-156_assembled/2LJ5-alt-12_assembled/2LJ5-alt-181_assembled/2LJ5-alt-195_assembled/2LJ5-alt-234_assembled/2LJ5-alt-220_assembled/2LJ5-alt-208_assembled/2LJ5-alt-209_assembled/2LJ5-alt-221_assembled/2LJ5-alt-235_assembled/2LJ5-alt-194_assembled/2LJ5-alt-180_assembled/2LJ5-alt-13_assembled/2LJ5-alt-157_assembled/2LJ5-alt-143_assembled/2LJ5-alt-155_assembled/2LJ5-alt-39_assembled/2LJ5-alt-141_assembled/2LJ5-alt-11_assembled/2LJ5-alt-169_assembled/2LJ5-alt-196_assembled/2LJ5-alt-182_assembled/2LJ5-alt-223_assembled/2LJ5-alt-237_assembled/2LJ5-alt-9_assembled/2LJ5-alt-8_assembled/2LJ5-alt-236_assembled/2LJ5-alt-222_assembled/2LJ5-alt-183_assembled/2LJ5-alt-197_assembled/2LJ5-alt-168_assembled/2LJ5-alt-10_assembled/2LJ5-alt-140_assembled/2LJ5-alt-38_assembled/2LJ5-alt-154_assembled/2LJ5-alt-14_assembled/2LJ5-alt-178_assembled/2LJ5-alt-150_assembled/2LJ5-alt-28_assembled/2LJ5-alt-144_assembled/2LJ5-alt-193_assembled/2LJ5-alt-187_assembled/2LJ5-alt-226_assembled/2LJ5-alt-232_assembled/2LJ5-alt-233_assembled/2LJ5-alt-227_assembled/2LJ5-alt-186_assembled/2LJ5-alt-192_assembled/2LJ5-alt-145_assembled/2LJ5-alt-29_assembled/2LJ5-alt-151_assembled/2LJ5-alt-179_assembled/2LJ5-alt-15_assembled/2LJ5-alt-17_assembled/2LJ5-alt-147_assembled/2LJ5-alt-153_assembled/2LJ5-alt-184_assembled/2LJ5-alt-190_assembled/2LJ5-alt-219_assembled/2LJ5-alt-231_assembled/2LJ5-alt-225_assembled/2LJ5-alt-224_assembled/2LJ5-alt-230_assembled/2LJ5-alt-218_assembled/2LJ5-alt-191_assembled/2LJ5-alt-185_assembled/2LJ5-alt-152_assembled/2LJ5-alt-146_assembled/2LJ5-alt-16_assembled/2LJ5-alt-121_assembled/2LJ5-alt-59_assembled/2LJ5-alt-135_assembled/2LJ5-alt-65_assembled/2LJ5-alt-109_assembled/2LJ5-alt-71_assembled/2LJ5-alt-257_assembled/2LJ5-alt-243_assembled/2LJ5-alt-294_assembled/2LJ5-alt-280_assembled/2LJ5-alt-281_assembled/2LJ5-alt-295_assembled/2LJ5-alt-242_assembled/2LJ5-alt-256_assembled/2LJ5-alt-70_assembled/2LJ5-alt-108_assembled/2LJ5-alt-64_assembled/2LJ5-alt-134_assembled/2LJ5-alt-58_assembled/2LJ5-alt-120_assembled/2LJ5-alt-136_assembled/2LJ5-alt-122_assembled/2LJ5-alt-72_assembled/2LJ5-alt-66_assembled/2LJ5-alt-99_assembled/2LJ5-alt-240_assembled/2LJ5-alt-254_assembled/2LJ5-alt-268_assembled/2LJ5-alt-283_assembled/2LJ5-alt-297_assembled/2LJ5-alt-296_assembled/2LJ5-alt-282_assembled/2LJ5-alt-269_assembled/2LJ5-alt-255_assembled/2LJ5-alt-241_assembled/2LJ5-alt-98_assembled/2LJ5-alt-67_assembled/2LJ5-alt-73_assembled/2LJ5-alt-123_assembled/2LJ5-alt-137_assembled/2LJ5-alt-77_assembled/2LJ5-alt-63_assembled/2LJ5-alt-133_assembled/2LJ5-alt-127_assembled/2LJ5-alt-88_assembled/2LJ5-alt-279_assembled/2LJ5-alt-245_assembled/2LJ5-alt-251_assembled/2LJ5-alt-286_assembled/2LJ5-alt-292_assembled/2LJ5-alt-293_assembled/2LJ5-alt-287_assembled/2LJ5-alt-250_assembled/2LJ5-alt-244_assembled/2LJ5-alt-278_assembled/2LJ5-alt-89_assembled/2LJ5-alt-126_assembled/2LJ5-alt-132_assembled/2LJ5-alt-62_assembled/2LJ5-alt-76_assembled/2LJ5-alt-60_assembled/2LJ5-alt-118_assembled/2LJ5-alt-74_assembled/2LJ5-alt-124_assembled/2LJ5-alt-48_assembled/2LJ5-alt-130_assembled/2LJ5-alt-252_assembled/2LJ5-alt-246_assembled/2LJ5-alt-291_assembled/2LJ5-alt-285_assembled/2LJ5-alt-284_assembled/2LJ5-alt-290_assembled/2LJ5-alt-247_assembled/2LJ5-alt-253_assembled/2LJ5-alt-131_assembled/2LJ5-alt-49_assembled/2LJ5-alt-125_assembled/2LJ5-alt-75_assembled/2LJ5-alt-119_assembled/2LJ5-alt-61_assembled/2MBH-alt-20_assembled/2MBH-alt-19_assembled/2MBH-alt-18_assembled/2MBH-alt-9_assembled/2MBH-alt-8_assembled/2MBH-alt-1_assembled/2MBH-alt-3_assembled/2MBH-alt-2_assembled/2MBH-alt-6_assembled/2MBH-alt-7_assembled/2MBH-alt-5_assembled/2MBH-alt-4_assembled/2MBH-alt-15_assembled/2MBH-alt-14_assembled/2MBH-alt-16_assembled/2MBH-alt-17_assembled/2MBH-alt-13_assembled/2MBH-alt-12_assembled/2MBH-alt-10_assembled/2MBH-alt-11_assembled,6.0,False,all,0.0,P62987,10.257943925233633,0.1293377723087667,56.27354049682617,11.195820808410645
175,/2LJ5-alt-78_assembled/2LJ5-alt-100_assembled/2LJ5-alt-114_assembled/2LJ5-alt-44_assembled/2LJ5-alt-50_assembled/2LJ5-alt-128_assembled/2LJ5-alt-87_assembled/2LJ5-alt-93_assembled/2LJ5-alt-276_assembled/2LJ5-alt-262_assembled/2LJ5-alt-289_assembled/2LJ5-alt-288_assembled/2LJ5-alt-263_assembled/2LJ5-alt-277_assembled/2LJ5-alt-92_assembled/2LJ5-alt-86_assembled/2LJ5-alt-129_assembled/2LJ5-alt-51_assembled/2LJ5-alt-45_assembled/2LJ5-alt-115_assembled/2LJ5-alt-101_assembled/2LJ5-alt-79_assembled/2LJ5-alt-117_assembled/2LJ5-alt-103_assembled/2LJ5-alt-53_assembled/2LJ5-alt-47_assembled/2LJ5-alt-90_assembled/2LJ5-alt-84_assembled/2LJ5-alt-301_assembled/2LJ5-alt-261_assembled/2LJ5-alt-275_assembled/2LJ5-alt-249_assembled/2LJ5-alt-248_assembled/2LJ5-alt-274_assembled/2LJ5-alt-260_assembled/2LJ5-alt-300_assembled/2LJ5-alt-85_assembled/2LJ5-alt-91_assembled/2LJ5-alt-46_assembled/2LJ5-alt-52_assembled/2LJ5-alt-102_assembled/2LJ5-alt-116_assembled/2LJ5-alt-56_assembled/2LJ5-alt-42_assembled/2LJ5-alt-112_assembled/2LJ5-alt-106_assembled/2LJ5-alt-95_assembled/2LJ5-alt-81_assembled/2LJ5-alt-258_assembled/2LJ5-alt-264_assembled/2LJ5-alt-270_assembled/2LJ5-alt-271_assembled/2LJ5-alt-265_assembled/2LJ5-alt-259_assembled/2LJ5-alt-80_assembled/2LJ5-alt-94_assembled/2LJ5-alt-107_assembled/2LJ5-alt-113_assembled/2LJ5-alt-43_assembled/2LJ5-alt-57_assembled/2LJ5-alt-139_assembled/2LJ5-alt-41_assembled/2LJ5-alt-55_assembled/2LJ5-alt-105_assembled/2LJ5-alt-111_assembled/2LJ5-alt-69_assembled/2LJ5-alt-82_assembled/2LJ5-alt-96_assembled/2LJ5-alt-273_assembled/2LJ5-alt-267_assembled/2LJ5-alt-298_assembled/2LJ5-alt-299_assembled/2LJ5-alt-266_assembled/2LJ5-alt-272_assembled/2LJ5-alt-97_assembled/2LJ5-alt-83_assembled/2LJ5-alt-68_assembled/2LJ5-alt-110_assembled/2LJ5-alt-104_assembled/2LJ5-alt-54_assembled/2LJ5-alt-40_assembled/2LJ5-alt-138_assembled/2LJ5-alt-163_assembled/2LJ5-alt-177_assembled/2LJ5-alt-27_assembled/2LJ5-alt-33_assembled/2LJ5-alt-188_assembled/2LJ5-alt-215_assembled/2LJ5-alt-201_assembled/2LJ5-alt-229_assembled/2LJ5-alt-3_assembled/2LJ5-alt-2_assembled/2LJ5-alt-228_assembled/2LJ5-alt-200_assembled/2LJ5-alt-214_assembled/2LJ5-alt-189_assembled/2LJ5-alt-32_assembled/2LJ5-alt-26_assembled/2LJ5-alt-176_assembled/2LJ5-alt-162_assembled/2LJ5-alt-174_assembled/2LJ5-alt-160_assembled/2LJ5-alt-18_assembled/2LJ5-alt-148_assembled/2LJ5-alt-30_assembled/2LJ5-alt-24_assembled/2LJ5-alt-202_assembled/2LJ5-alt-216_assembled/2LJ5-alt-1_assembled/2LJ5-alt-217_assembled/2LJ5-alt-203_assembled/2LJ5-alt-25_assembled/2LJ5-alt-31_assembled/2LJ5-alt-149_assembled/2LJ5-alt-19_assembled/2LJ5-alt-161_assembled/2LJ5-alt-175_assembled/2LJ5-alt-35_assembled/2LJ5-alt-21_assembled/2LJ5-alt-159_assembled/2LJ5-alt-171_assembled/2LJ5-alt-165_assembled/2LJ5-alt-207_assembled/2LJ5-alt-213_assembled/2LJ5-alt-5_assembled/2LJ5-alt-4_assembled/2LJ5-alt-212_assembled/2LJ5-alt-206_assembled/2LJ5-alt-164_assembled/2LJ5-alt-170_assembled/2LJ5-alt-158_assembled/2LJ5-alt-20_assembled/2LJ5-alt-34_assembled/2LJ5-alt-22_assembled/2LJ5-alt-36_assembled/2LJ5-alt-166_assembled/2LJ5-alt-172_assembled/2LJ5-alt-199_assembled/2LJ5-alt-238_assembled/2LJ5-alt-210_assembled/2LJ5-alt-204_assembled/2LJ5-alt-6_assembled/2LJ5-alt-7_assembled/2LJ5-alt-205_assembled/2LJ5-alt-211_assembled/2LJ5-alt-239_assembled/2LJ5-alt-198_assembled/2LJ5-alt-173_assembled/2LJ5-alt-167_assembled/2LJ5-alt-37_assembled/2LJ5-alt-23_assembled/2LJ5-alt-142_assembled/2LJ5-alt-156_assembled/2LJ5-alt-12_assembled/2LJ5-alt-181_assembled/2LJ5-alt-195_assembled/2LJ5-alt-234_assembled/2LJ5-alt-220_assembled/2LJ5-alt-208_assembled/2LJ5-alt-209_assembled/2LJ5-alt-221_assembled/2LJ5-alt-235_assembled/2LJ5-alt-194_assembled/2LJ5-alt-180_assembled/2LJ5-alt-13_assembled/2LJ5-alt-157_assembled/2LJ5-alt-143_assembled/2LJ5-alt-155_assembled/2LJ5-alt-39_assembled/2LJ5-alt-141_assembled/2LJ5-alt-11_assembled/2LJ5-alt-169_assembled/2LJ5-alt-196_assembled/2LJ5-alt-182_assembled/2LJ5-alt-223_assembled/2LJ5-alt-237_assembled/2LJ5-alt-9_assembled/2LJ5-alt-8_assembled/2LJ5-alt-236_assembled/2LJ5-alt-222_assembled/2LJ5-alt-183_assembled/2LJ5-alt-197_assembled/2LJ5-alt-168_assembled/2LJ5-alt-10_assembled/2LJ5-alt-140_assembled/2LJ5-alt-38_assembled/2LJ5-alt-154_assembled/2LJ5-alt-14_assembled/2LJ5-alt-178_assembled/2LJ5-alt-150_assembled/2LJ5-alt-28_assembled/2LJ5-alt-144_assembled/2LJ5-alt-193_assembled/2LJ5-alt-187_assembled/2LJ5-alt-226_assembled/2LJ5-alt-232_assembled/2LJ5-alt-233_assembled/2LJ5-alt-227_assembled/2LJ5-alt-186_assembled/2LJ5-alt-192_assembled/2LJ5-alt-145_assembled/2LJ5-alt-29_assembled/2LJ5-alt-151_assembled/2LJ5-alt-179_assembled/2LJ5-alt-15_assembled/2LJ5-alt-17_assembled/2LJ5-alt-147_assembled/2LJ5-alt-153_assembled/2LJ5-alt-184_assembled/2LJ5-alt-190_assembled/2LJ5-alt-219_assembled/2LJ5-alt-231_assembled/2LJ5-alt-225_assembled/2LJ5-alt-224_assembled/2LJ5-alt-230_assembled/2LJ5-alt-218_assembled/2LJ5-alt-191_assembled/2LJ5-alt-185_assembled/2LJ5-alt-152_assembled/2LJ5-alt-146_assembled/2LJ5-alt-16_assembled/2LJ5-alt-121_assembled/2LJ5-alt-59_assembled/2LJ5-alt-135_assembled/2LJ5-alt-65_assembled/2LJ5-alt-109_assembled/2LJ5-alt-71_assembled/2LJ5-alt-257_assembled/2LJ5-alt-243_assembled/2LJ5-alt-294_assembled/2LJ5-alt-280_assembled/2LJ5-alt-281_assembled/2LJ5-alt-295_assembled/2LJ5-alt-242_assembled/2LJ5-alt-256_assembled/2LJ5-alt-70_assembled/2LJ5-alt-108_assembled/2LJ5-alt-64_assembled/2LJ5-alt-134_assembled/2LJ5-alt-58_assembled/2LJ5-alt-120_assembled/2LJ5-alt-136_assembled/2LJ5-alt-122_assembled/2LJ5-alt-72_assembled/2LJ5-alt-66_assembled/2LJ5-alt-99_assembled/2LJ5-alt-240_assembled/2LJ5-alt-254_assembled/2LJ5-alt-268_assembled/2LJ5-alt-283_assembled/2LJ5-alt-297_assembled/2LJ5-alt-296_assembled/2LJ5-alt-282_assembled/2LJ5-alt-269_assembled/2LJ5-alt-255_assembled/2LJ5-alt-241_assembled/2LJ5-alt-98_assembled/2LJ5-alt-67_assembled/2LJ5-alt-73_assembled/2LJ5-alt-123_assembled/2LJ5-alt-137_assembled/2LJ5-alt-77_assembled/2LJ5-alt-63_assembled/2LJ5-alt-133_assembled/2LJ5-alt-127_assembled/2LJ5-alt-88_assembled/2LJ5-alt-279_assembled/2LJ5-alt-245_assembled/2LJ5-alt-251_assembled/2LJ5-alt-286_assembled/2LJ5-alt-292_assembled/2LJ5-alt-293_assembled/2LJ5-alt-287_assembled/2LJ5-alt-250_assembled/2LJ5-alt-244_assembled/2LJ5-alt-278_assembled/2LJ5-alt-89_assembled/2LJ5-alt-126_assembled/2LJ5-alt-132_assembled/2LJ5-alt-62_assembled/2LJ5-alt-76_assembled/2LJ5-alt-60_assembled/2LJ5-alt-118_assembled/2LJ5-alt-74_assembled/2LJ5-alt-124_assembled/2LJ5-alt-48_assembled/2LJ5-alt-130_assembled/2LJ5-alt-252_assembled/2LJ5-alt-246_assembled/2LJ5-alt-291_assembled/2LJ5-alt-285_assembled/2LJ5-alt-284_assembled/2LJ5-alt-290_assembled/2LJ5-alt-247_assembled/2LJ5-alt-253_assembled/2LJ5-alt-131_assembled/2LJ5-alt-49_assembled/2LJ5-alt-125_assembled/2LJ5-alt-75_assembled/2LJ5-alt-119_assembled/2LJ5-alt-61_assembled/2MBH-alt-20_assembled/2MBH-alt-19_assembled/2MBH-alt-18_assembled/2MBH-alt-9_assembled/2MBH-alt-8_assembled/2MBH-alt-1_assembled/2MBH-alt-3_assembled/2MBH-alt-2_assembled/2MBH-alt-6_assembled/2MBH-alt-7_assembled/2MBH-alt-5_assembled/2MBH-alt-4_assembled/2MBH-alt-15_assembled/2MBH-alt-14_assembled/2MBH-alt-16_assembled/2MBH-alt-17_assembled/2MBH-alt-13_assembled/2MBH-alt-12_assembled/2MBH-alt-10_assembled/2MBH-alt-11_assembled,27.0,False,all,0.0,P62987,10.55862928348909,1.034865928642352,10.618490219116213,5.066216945648193
176,/2LJ5-alt-78_assembled/2LJ5-alt-100_assembled/2LJ5-alt-114_assembled/2LJ5-alt-44_assembled/2LJ5-alt-50_assembled/2LJ5-alt-128_assembled/2LJ5-alt-87_assembled/2LJ5-alt-93_assembled/2LJ5-alt-276_assembled/2LJ5-alt-262_assembled/2LJ5-alt-289_assembled/2LJ5-alt-288_assembled/2LJ5-alt-263_assembled/2LJ5-alt-277_assembled/2LJ5-alt-92_assembled/2LJ5-alt-86_assembled/2LJ5-alt-129_assembled/2LJ5-alt-51_assembled/2LJ5-alt-45_assembled/2LJ5-alt-115_assembled/2LJ5-alt-101_assembled/2LJ5-alt-79_assembled/2LJ5-alt-117_assembled/2LJ5-alt-103_assembled/2LJ5-alt-53_assembled/2LJ5-alt-47_assembled/2LJ5-alt-90_assembled/2LJ5-alt-84_assembled/2LJ5-alt-301_assembled/2LJ5-alt-261_assembled/2LJ5-alt-275_assembled/2LJ5-alt-249_assembled/2LJ5-alt-248_assembled/2LJ5-alt-274_assembled/2LJ5-alt-260_assembled/2LJ5-alt-300_assembled/2LJ5-alt-85_assembled/2LJ5-alt-91_assembled/2LJ5-alt-46_assembled/2LJ5-alt-52_assembled/2LJ5-alt-102_assembled/2LJ5-alt-116_assembled/2LJ5-alt-56_assembled/2LJ5-alt-42_assembled/2LJ5-alt-112_assembled/2LJ5-alt-106_assembled/2LJ5-alt-95_assembled/2LJ5-alt-81_assembled/2LJ5-alt-258_assembled/2LJ5-alt-264_assembled/2LJ5-alt-270_assembled/2LJ5-alt-271_assembled/2LJ5-alt-265_assembled/2LJ5-alt-259_assembled/2LJ5-alt-80_assembled/2LJ5-alt-94_assembled/2LJ5-alt-107_assembled/2LJ5-alt-113_assembled/2LJ5-alt-43_assembled/2LJ5-alt-57_assembled/2LJ5-alt-139_assembled/2LJ5-alt-41_assembled/2LJ5-alt-55_assembled/2LJ5-alt-105_assembled/2LJ5-alt-111_assembled/2LJ5-alt-69_assembled/2LJ5-alt-82_assembled/2LJ5-alt-96_assembled/2LJ5-alt-273_assembled/2LJ5-alt-267_assembled/2LJ5-alt-298_assembled/2LJ5-alt-299_assembled/2LJ5-alt-266_assembled/2LJ5-alt-272_assembled/2LJ5-alt-97_assembled/2LJ5-alt-83_assembled/2LJ5-alt-68_assembled/2LJ5-alt-110_assembled/2LJ5-alt-104_assembled/2LJ5-alt-54_assembled/2LJ5-alt-40_assembled/2LJ5-alt-138_assembled/2LJ5-alt-163_assembled/2LJ5-alt-177_assembled/2LJ5-alt-27_assembled/2LJ5-alt-33_assembled/2LJ5-alt-188_assembled/2LJ5-alt-215_assembled/2LJ5-alt-201_assembled/2LJ5-alt-229_assembled/2LJ5-alt-3_assembled/2LJ5-alt-2_assembled/2LJ5-alt-228_assembled/2LJ5-alt-200_assembled/2LJ5-alt-214_assembled/2LJ5-alt-189_assembled/2LJ5-alt-32_assembled/2LJ5-alt-26_assembled/2LJ5-alt-176_assembled/2LJ5-alt-162_assembled/2LJ5-alt-174_assembled/2LJ5-alt-160_assembled/2LJ5-alt-18_assembled/2LJ5-alt-148_assembled/2LJ5-alt-30_assembled/2LJ5-alt-24_assembled/2LJ5-alt-202_assembled/2LJ5-alt-216_assembled/2LJ5-alt-1_assembled/2LJ5-alt-217_assembled/2LJ5-alt-203_assembled/2LJ5-alt-25_assembled/2LJ5-alt-31_assembled/2LJ5-alt-149_assembled/2LJ5-alt-19_assembled/2LJ5-alt-161_assembled/2LJ5-alt-175_assembled/2LJ5-alt-35_assembled/2LJ5-alt-21_assembled/2LJ5-alt-159_assembled/2LJ5-alt-171_assembled/2LJ5-alt-165_assembled/2LJ5-alt-207_assembled/2LJ5-alt-213_assembled/2LJ5-alt-5_assembled/2LJ5-alt-4_assembled/2LJ5-alt-212_assembled/2LJ5-alt-206_assembled/2LJ5-alt-164_assembled/2LJ5-alt-170_assembled/2LJ5-alt-158_assembled/2LJ5-alt-20_assembled/2LJ5-alt-34_assembled/2LJ5-alt-22_assembled/2LJ5-alt-36_assembled/2LJ5-alt-166_assembled/2LJ5-alt-172_assembled/2LJ5-alt-199_assembled/2LJ5-alt-238_assembled/2LJ5-alt-210_assembled/2LJ5-alt-204_assembled/2LJ5-alt-6_assembled/2LJ5-alt-7_assembled/2LJ5-alt-205_assembled/2LJ5-alt-211_assembled/2LJ5-alt-239_assembled/2LJ5-alt-198_assembled/2LJ5-alt-173_assembled/2LJ5-alt-167_assembled/2LJ5-alt-37_assembled/2LJ5-alt-23_assembled/2LJ5-alt-142_assembled/2LJ5-alt-156_assembled/2LJ5-alt-12_assembled/2LJ5-alt-181_assembled/2LJ5-alt-195_assembled/2LJ5-alt-234_assembled/2LJ5-alt-220_assembled/2LJ5-alt-208_assembled/2LJ5-alt-209_assembled/2LJ5-alt-221_assembled/2LJ5-alt-235_assembled/2LJ5-alt-194_assembled/2LJ5-alt-180_assembled/2LJ5-alt-13_assembled/2LJ5-alt-157_assembled/2LJ5-alt-143_assembled/2LJ5-alt-155_assembled/2LJ5-alt-39_assembled/2LJ5-alt-141_assembled/2LJ5-alt-11_assembled/2LJ5-alt-169_assembled/2LJ5-alt-196_assembled/2LJ5-alt-182_assembled/2LJ5-alt-223_assembled/2LJ5-alt-237_assembled/2LJ5-alt-9_assembled/2LJ5-alt-8_assembled/2LJ5-alt-236_assembled/2LJ5-alt-222_assembled/2LJ5-alt-183_assembled/2LJ5-alt-197_assembled/2LJ5-alt-168_assembled/2LJ5-alt-10_assembled/2LJ5-alt-140_assembled/2LJ5-alt-38_assembled/2LJ5-alt-154_assembled/2LJ5-alt-14_assembled/2LJ5-alt-178_assembled/2LJ5-alt-150_assembled/2LJ5-alt-28_assembled/2LJ5-alt-144_assembled/2LJ5-alt-193_assembled/2LJ5-alt-187_assembled/2LJ5-alt-226_assembled/2LJ5-alt-232_assembled/2LJ5-alt-233_assembled/2LJ5-alt-227_assembled/2LJ5-alt-186_assembled/2LJ5-alt-192_assembled/2LJ5-alt-145_assembled/2LJ5-alt-29_assembled/2LJ5-alt-151_assembled/2LJ5-alt-179_assembled/2LJ5-alt-15_assembled/2LJ5-alt-17_assembled/2LJ5-alt-147_assembled/2LJ5-alt-153_assembled/2LJ5-alt-184_assembled/2LJ5-alt-190_assembled/2LJ5-alt-219_assembled/2LJ5-alt-231_assembled/2LJ5-alt-225_assembled/2LJ5-alt-224_assembled/2LJ5-alt-230_assembled/2LJ5-alt-218_assembled/2LJ5-alt-191_assembled/2LJ5-alt-185_assembled/2LJ5-alt-152_assembled/2LJ5-alt-146_assembled/2LJ5-alt-16_assembled/2LJ5-alt-121_assembled/2LJ5-alt-59_assembled/2LJ5-alt-135_assembled/2LJ5-alt-65_assembled/2LJ5-alt-109_assembled/2LJ5-alt-71_assembled/2LJ5-alt-257_assembled/2LJ5-alt-243_assembled/2LJ5-alt-294_assembled/2LJ5-alt-280_assembled/2LJ5-alt-281_assembled/2LJ5-alt-295_assembled/2LJ5-alt-242_assembled/2LJ5-alt-256_assembled/2LJ5-alt-70_assembled/2LJ5-alt-108_assembled/2LJ5-alt-64_assembled/2LJ5-alt-134_assembled/2LJ5-alt-58_assembled/2LJ5-alt-120_assembled/2LJ5-alt-136_assembled/2LJ5-alt-122_assembled/2LJ5-alt-72_assembled/2LJ5-alt-66_assembled/2LJ5-alt-99_assembled/2LJ5-alt-240_assembled/2LJ5-alt-254_assembled/2LJ5-alt-268_assembled/2LJ5-alt-283_assembled/2LJ5-alt-297_assembled/2LJ5-alt-296_assembled/2LJ5-alt-282_assembled/2LJ5-alt-269_assembled/2LJ5-alt-255_assembled/2LJ5-alt-241_assembled/2LJ5-alt-98_assembled/2LJ5-alt-67_assembled/2LJ5-alt-73_assembled/2LJ5-alt-123_assembled/2LJ5-alt-137_assembled/2LJ5-alt-77_assembled/2LJ5-alt-63_assembled/2LJ5-alt-133_assembled/2LJ5-alt-127_assembled/2LJ5-alt-88_assembled/2LJ5-alt-279_assembled/2LJ5-alt-245_assembled/2LJ5-alt-251_assembled/2LJ5-alt-286_assembled/2LJ5-alt-292_assembled/2LJ5-alt-293_assembled/2LJ5-alt-287_assembled/2LJ5-alt-250_assembled/2LJ5-alt-244_assembled/2LJ5-alt-278_assembled/2LJ5-alt-89_assembled/2LJ5-alt-126_assembled/2LJ5-alt-132_assembled/2LJ5-alt-62_assembled/2LJ5-alt-76_assembled/2LJ5-alt-60_assembled/2LJ5-alt-118_assembled/2LJ5-alt-74_assembled/2LJ5-alt-124_assembled/2LJ5-alt-48_assembled/2LJ5-alt-130_assembled/2LJ5-alt-252_assembled/2LJ5-alt-246_assembled/2LJ5-alt-291_assembled/2LJ5-alt-285_assembled/2LJ5-alt-284_assembled/2LJ5-alt-290_assembled/2LJ5-alt-247_assembled/2LJ5-alt-253_assembled/2LJ5-alt-131_assembled/2LJ5-alt-49_assembled/2LJ5-alt-125_assembled/2LJ5-alt-75_assembled/2LJ5-alt-119_assembled/2LJ5-alt-61_assembled/2MBH-alt-20_assembled/2MBH-alt-19_assembled/2MBH-alt-18_assembled/2MBH-alt-9_assembled/2MBH-alt-8_assembled/2MBH-alt-1_assembled/2MBH-alt-3_assembled/2MBH-alt-2_assembled/2MBH-alt-6_assembled/2MBH-alt-7_assembled/2MBH-alt-5_assembled/2MBH-alt-4_assembled/2MBH-alt-15_assembled/2MBH-alt-14_assembled/2MBH-alt-16_assembled/2MBH-alt-17_assembled/2MBH-alt-13_assembled/2MBH-alt-12_assembled/2MBH-alt-10_assembled/2MBH-alt-11_assembled,29.0,False,all,0.0,P62987,10.879178885630491,0.3213755824026412,44.28786087036133,15.476856231689451
177,/2LJ5-alt-78_assembled/2LJ5-alt-100_assembled/2LJ5-alt-114_assembled/2LJ5-alt-44_assembled/2LJ5-alt-50_assembled/2LJ5-alt-128_assembled/2LJ5-alt-87_assembled/2LJ5-alt-93_assembled/2LJ5-alt-276_assembled/2LJ5-alt-262_assembled/2LJ5-alt-289_assembled/2LJ5-alt-288_assembled/2LJ5-alt-263_assembled/2LJ5-alt-277_assembled/2LJ5-alt-92_assembled/2LJ5-alt-86_assembled/2LJ5-alt-129_assembled/2LJ5-alt-51_assembled/2LJ5-alt-45_assembled/2LJ5-alt-115_assembled/2LJ5-alt-101_assembled/2LJ5-alt-79_assembled/2LJ5-alt-117_assembled/2LJ5-alt-103_assembled/2LJ5-alt-53_assembled/2LJ5-alt-47_assembled/2LJ5-alt-90_assembled/2LJ5-alt-84_assembled/2LJ5-alt-301_assembled/2LJ5-alt-261_assembled/2LJ5-alt-275_assembled/2LJ5-alt-249_assembled/2LJ5-alt-248_assembled/2LJ5-alt-274_assembled/2LJ5-alt-260_assembled/2LJ5-alt-300_assembled/2LJ5-alt-85_assembled/2LJ5-alt-91_assembled/2LJ5-alt-46_assembled/2LJ5-alt-52_assembled/2LJ5-alt-102_assembled/2LJ5-alt-116_assembled/2LJ5-alt-56_assembled/2LJ5-alt-42_assembled/2LJ5-alt-112_assembled/2LJ5-alt-106_assembled/2LJ5-alt-95_assembled/2LJ5-alt-81_assembled/2LJ5-alt-258_assembled/2LJ5-alt-264_assembled/2LJ5-alt-270_assembled/2LJ5-alt-271_assembled/2LJ5-alt-265_assembled/2LJ5-alt-259_assembled/2LJ5-alt-80_assembled/2LJ5-alt-94_assembled/2LJ5-alt-107_assembled/2LJ5-alt-113_assembled/2LJ5-alt-43_assembled/2LJ5-alt-57_assembled/2LJ5-alt-139_assembled/2LJ5-alt-41_assembled/2LJ5-alt-55_assembled/2LJ5-alt-105_assembled/2LJ5-alt-111_assembled/2LJ5-alt-69_assembled/2LJ5-alt-82_assembled/2LJ5-alt-96_assembled/2LJ5-alt-273_assembled/2LJ5-alt-267_assembled/2LJ5-alt-298_assembled/2LJ5-alt-299_assembled/2LJ5-alt-266_assembled/2LJ5-alt-272_assembled/2LJ5-alt-97_assembled/2LJ5-alt-83_assembled/2LJ5-alt-68_assembled/2LJ5-alt-110_assembled/2LJ5-alt-104_assembled/2LJ5-alt-54_assembled/2LJ5-alt-40_assembled/2LJ5-alt-138_assembled/2LJ5-alt-163_assembled/2LJ5-alt-177_assembled/2LJ5-alt-27_assembled/2LJ5-alt-33_assembled/2LJ5-alt-188_assembled/2LJ5-alt-215_assembled/2LJ5-alt-201_assembled/2LJ5-alt-229_assembled/2LJ5-alt-3_assembled/2LJ5-alt-2_assembled/2LJ5-alt-228_assembled/2LJ5-alt-200_assembled/2LJ5-alt-214_assembled/2LJ5-alt-189_assembled/2LJ5-alt-32_assembled/2LJ5-alt-26_assembled/2LJ5-alt-176_assembled/2LJ5-alt-162_assembled/2LJ5-alt-174_assembled/2LJ5-alt-160_assembled/2LJ5-alt-18_assembled/2LJ5-alt-148_assembled/2LJ5-alt-30_assembled/2LJ5-alt-24_assembled/2LJ5-alt-202_assembled/2LJ5-alt-216_assembled/2LJ5-alt-1_assembled/2LJ5-alt-217_assembled/2LJ5-alt-203_assembled/2LJ5-alt-25_assembled/2LJ5-alt-31_assembled/2LJ5-alt-149_assembled/2LJ5-alt-19_assembled/2LJ5-alt-161_assembled/2LJ5-alt-175_assembled/2LJ5-alt-35_assembled/2LJ5-alt-21_assembled/2LJ5-alt-159_assembled/2LJ5-alt-171_assembled/2LJ5-alt-165_assembled/2LJ5-alt-207_assembled/2LJ5-alt-213_assembled/2LJ5-alt-5_assembled/2LJ5-alt-4_assembled/2LJ5-alt-212_assembled/2LJ5-alt-206_assembled/2LJ5-alt-164_assembled/2LJ5-alt-170_assembled/2LJ5-alt-158_assembled/2LJ5-alt-20_assembled/2LJ5-alt-34_assembled/2LJ5-alt-22_assembled/2LJ5-alt-36_assembled/2LJ5-alt-166_assembled/2LJ5-alt-172_assembled/2LJ5-alt-199_assembled/2LJ5-alt-238_assembled/2LJ5-alt-210_assembled/2LJ5-alt-204_assembled/2LJ5-alt-6_assembled/2LJ5-alt-7_assembled/2LJ5-alt-205_assembled/2LJ5-alt-211_assembled/2LJ5-alt-239_assembled/2LJ5-alt-198_assembled/2LJ5-alt-173_assembled/2LJ5-alt-167_assembled/2LJ5-alt-37_assembled/2LJ5-alt-23_assembled/2LJ5-alt-142_assembled/2LJ5-alt-156_assembled/2LJ5-alt-12_assembled/2LJ5-alt-181_assembled/2LJ5-alt-195_assembled/2LJ5-alt-234_assembled/2LJ5-alt-220_assembled/2LJ5-alt-208_assembled/2LJ5-alt-209_assembled/2LJ5-alt-221_assembled/2LJ5-alt-235_assembled/2LJ5-alt-194_assembled/2LJ5-alt-180_assembled/2LJ5-alt-13_assembled/2LJ5-alt-157_assembled/2LJ5-alt-143_assembled/2LJ5-alt-155_assembled/2LJ5-alt-39_assembled/2LJ5-alt-141_assembled/2LJ5-alt-11_assembled/2LJ5-alt-169_assembled/2LJ5-alt-196_assembled/2LJ5-alt-182_assembled/2LJ5-alt-223_assembled/2LJ5-alt-237_assembled/2LJ5-alt-9_assembled/2LJ5-alt-8_assembled/2LJ5-alt-236_assembled/2LJ5-alt-222_assembled/2LJ5-alt-183_assembled/2LJ5-alt-197_assembled/2LJ5-alt-168_assembled/2LJ5-alt-10_assembled/2LJ5-alt-140_assembled/2LJ5-alt-38_assembled/2LJ5-alt-154_assembled/2LJ5-alt-14_assembled/2LJ5-alt-178_assembled/2LJ5-alt-150_assembled/2LJ5-alt-28_assembled/2LJ5-alt-144_assembled/2LJ5-alt-193_assembled/2LJ5-alt-187_assembled/2LJ5-alt-226_assembled/2LJ5-alt-232_assembled/2LJ5-alt-233_assembled/2LJ5-alt-227_assembled/2LJ5-alt-186_assembled/2LJ5-alt-192_assembled/2LJ5-alt-145_assembled/2LJ5-alt-29_assembled/2LJ5-alt-151_assembled/2LJ5-alt-179_assembled/2LJ5-alt-15_assembled/2LJ5-alt-17_assembled/2LJ5-alt-147_assembled/2LJ5-alt-153_assembled/2LJ5-alt-184_assembled/2LJ5-alt-190_assembled/2LJ5-alt-219_assembled/2LJ5-alt-231_assembled/2LJ5-alt-225_assembled/2LJ5-alt-224_assembled/2LJ5-alt-230_assembled/2LJ5-alt-218_assembled/2LJ5-alt-191_assembled/2LJ5-alt-185_assembled/2LJ5-alt-152_assembled/2LJ5-alt-146_assembled/2LJ5-alt-16_assembled/2LJ5-alt-121_assembled/2LJ5-alt-59_assembled/2LJ5-alt-135_assembled/2LJ5-alt-65_assembled/2LJ5-alt-109_assembled/2LJ5-alt-71_assembled/2LJ5-alt-257_assembled/2LJ5-alt-243_assembled/2LJ5-alt-294_assembled/2LJ5-alt-280_assembled/2LJ5-alt-281_assembled/2LJ5-alt-295_assembled/2LJ5-alt-242_assembled/2LJ5-alt-256_assembled/2LJ5-alt-70_assembled/2LJ5-alt-108_assembled/2LJ5-alt-64_assembled/2LJ5-alt-134_assembled/2LJ5-alt-58_assembled/2LJ5-alt-120_assembled/2LJ5-alt-136_assembled/2LJ5-alt-122_assembled/2LJ5-alt-72_assembled/2LJ5-alt-66_assembled/2LJ5-alt-99_assembled/2LJ5-alt-240_assembled/2LJ5-alt-254_assembled/2LJ5-alt-268_assembled/2LJ5-alt-283_assembled/2LJ5-alt-297_assembled/2LJ5-alt-296_assembled/2LJ5-alt-282_assembled/2LJ5-alt-269_assembled/2LJ5-alt-255_assembled/2LJ5-alt-241_assembled/2LJ5-alt-98_assembled/2LJ5-alt-67_assembled/2LJ5-alt-73_assembled/2LJ5-alt-123_assembled/2LJ5-alt-137_assembled/2LJ5-alt-77_assembled/2LJ5-alt-63_assembled/2LJ5-alt-133_assembled/2LJ5-alt-127_assembled/2LJ5-alt-88_assembled/2LJ5-alt-279_assembled/2LJ5-alt-245_assembled/2LJ5-alt-251_assembled/2LJ5-alt-286_assembled/2LJ5-alt-292_assembled/2LJ5-alt-293_assembled/2LJ5-alt-287_assembled/2LJ5-alt-250_assembled/2LJ5-alt-244_assembled/2LJ5-alt-278_assembled/2LJ5-alt-89_assembled/2LJ5-alt-126_assembled/2LJ5-alt-132_assembled/2LJ5-alt-62_assembled/2LJ5-alt-76_assembled/2LJ5-alt-60_assembled/2LJ5-alt-118_assembled/2LJ5-alt-74_assembled/2LJ5-alt-124_assembled/2LJ5-alt-48_assembled/2LJ5-alt-130_assembled/2LJ5-alt-252_assembled/2LJ5-alt-246_assembled/2LJ5-alt-291_assembled/2LJ5-alt-285_assembled/2LJ5-alt-284_assembled/2LJ5-alt-290_assembled/2LJ5-alt-247_assembled/2LJ5-alt-253_assembled/2LJ5-alt-131_assembled/2LJ5-alt-49_assembled/2LJ5-alt-125_assembled/2LJ5-alt-75_assembled/2LJ5-alt-119_assembled/2LJ5-alt-61_assembled/2MBH-alt-20_assembled/2MBH-alt-19_assembled/2MBH-alt-18_assembled/2MBH-alt-9_assembled/2MBH-alt-8_assembled/2MBH-alt-1_assembled/2MBH-alt-3_assembled/2MBH-alt-2_assembled/2MBH-alt-6_assembled/2MBH-alt-7_assembled/2MBH-alt-5_assembled/2MBH-alt-4_assembled/2MBH-alt-15_assembled/2MBH-alt-14_assembled/2MBH-alt-16_assembled/2MBH-alt-17_assembled/2MBH-alt-13_assembled/2MBH-alt-12_assembled/2MBH-alt-10_assembled/2MBH-alt-11_assembled,33.0,False,all,0.0,P62987,10.811682242990653,0.4925053666864487,60.34656524658203,13.350299835205078
178,/2LJ5-alt-78_assembled/2LJ5-alt-100_assembled/2LJ5-alt-114_assembled/2LJ5-alt-44_assembled/2LJ5-alt-50_assembled/2LJ5-alt-128_assembled/2LJ5-alt-87_assembled/2LJ5-alt-93_assembled/2LJ5-alt-276_assembled/2LJ5-alt-262_assembled/2LJ5-alt-289_assembled/2LJ5-alt-288_assembled/2LJ5-alt-263_assembled/2LJ5-alt-277_assembled/2LJ5-alt-92_assembled/2LJ5-alt-86_assembled/2LJ5-alt-129_assembled/2LJ5-alt-51_assembled/2LJ5-alt-45_assembled/2LJ5-alt-115_assembled/2LJ5-alt-101_assembled/2LJ5-alt-79_assembled/2LJ5-alt-117_assembled/2LJ5-alt-103_assembled/2LJ5-alt-53_assembled/2LJ5-alt-47_assembled/2LJ5-alt-90_assembled/2LJ5-alt-84_assembled/2LJ5-alt-301_assembled/2LJ5-alt-261_assembled/2LJ5-alt-275_assembled/2LJ5-alt-249_assembled/2LJ5-alt-248_assembled/2LJ5-alt-274_assembled/2LJ5-alt-260_assembled/2LJ5-alt-300_assembled/2LJ5-alt-85_assembled/2LJ5-alt-91_assembled/2LJ5-alt-46_assembled/2LJ5-alt-52_assembled/2LJ5-alt-102_assembled/2LJ5-alt-116_assembled/2LJ5-alt-56_assembled/2LJ5-alt-42_assembled/2LJ5-alt-112_assembled/2LJ5-alt-106_assembled/2LJ5-alt-95_assembled/2LJ5-alt-81_assembled/2LJ5-alt-258_assembled/2LJ5-alt-264_assembled/2LJ5-alt-270_assembled/2LJ5-alt-271_assembled/2LJ5-alt-265_assembled/2LJ5-alt-259_assembled/2LJ5-alt-80_assembled/2LJ5-alt-94_assembled/2LJ5-alt-107_assembled/2LJ5-alt-113_assembled/2LJ5-alt-43_assembled/2LJ5-alt-57_assembled/2LJ5-alt-139_assembled/2LJ5-alt-41_assembled/2LJ5-alt-55_assembled/2LJ5-alt-105_assembled/2LJ5-alt-111_assembled/2LJ5-alt-69_assembled/2LJ5-alt-82_assembled/2LJ5-alt-96_assembled/2LJ5-alt-273_assembled/2LJ5-alt-267_assembled/2LJ5-alt-298_assembled/2LJ5-alt-299_assembled/2LJ5-alt-266_assembled/2LJ5-alt-272_assembled/2LJ5-alt-97_assembled/2LJ5-alt-83_assembled/2LJ5-alt-68_assembled/2LJ5-alt-110_assembled/2LJ5-alt-104_assembled/2LJ5-alt-54_assembled/2LJ5-alt-40_assembled/2LJ5-alt-138_assembled/2LJ5-alt-163_assembled/2LJ5-alt-177_assembled/2LJ5-alt-27_assembled/2LJ5-alt-33_assembled/2LJ5-alt-188_assembled/2LJ5-alt-215_assembled/2LJ5-alt-201_assembled/2LJ5-alt-229_assembled/2LJ5-alt-3_assembled/2LJ5-alt-2_assembled/2LJ5-alt-228_assembled/2LJ5-alt-200_assembled/2LJ5-alt-214_assembled/2LJ5-alt-189_assembled/2LJ5-alt-32_assembled/2LJ5-alt-26_assembled/2LJ5-alt-176_assembled/2LJ5-alt-162_assembled/2LJ5-alt-174_assembled/2LJ5-alt-160_assembled/2LJ5-alt-18_assembled/2LJ5-alt-148_assembled/2LJ5-alt-30_assembled/2LJ5-alt-24_assembled/2LJ5-alt-202_assembled/2LJ5-alt-216_assembled/2LJ5-alt-1_assembled/2LJ5-alt-217_assembled/2LJ5-alt-203_assembled/2LJ5-alt-25_assembled/2LJ5-alt-31_assembled/2LJ5-alt-149_assembled/2LJ5-alt-19_assembled/2LJ5-alt-161_assembled/2LJ5-alt-175_assembled/2LJ5-alt-35_assembled/2LJ5-alt-21_assembled/2LJ5-alt-159_assembled/2LJ5-alt-171_assembled/2LJ5-alt-165_assembled/2LJ5-alt-207_assembled/2LJ5-alt-213_assembled/2LJ5-alt-5_assembled/2LJ5-alt-4_assembled/2LJ5-alt-212_assembled/2LJ5-alt-206_assembled/2LJ5-alt-164_assembled/2LJ5-alt-170_assembled/2LJ5-alt-158_assembled/2LJ5-alt-20_assembled/2LJ5-alt-34_assembled/2LJ5-alt-22_assembled/2LJ5-alt-36_assembled/2LJ5-alt-166_assembled/2LJ5-alt-172_assembled/2LJ5-alt-199_assembled/2LJ5-alt-238_assembled/2LJ5-alt-210_assembled/2LJ5-alt-204_assembled/2LJ5-alt-6_assembled/2LJ5-alt-7_assembled/2LJ5-alt-205_assembled/2LJ5-alt-211_assembled/2LJ5-alt-239_assembled/2LJ5-alt-198_assembled/2LJ5-alt-173_assembled/2LJ5-alt-167_assembled/2LJ5-alt-37_assembled/2LJ5-alt-23_assembled/2LJ5-alt-142_assembled/2LJ5-alt-156_assembled/2LJ5-alt-12_assembled/2LJ5-alt-181_assembled/2LJ5-alt-195_assembled/2LJ5-alt-234_assembled/2LJ5-alt-220_assembled/2LJ5-alt-208_assembled/2LJ5-alt-209_assembled/2LJ5-alt-221_assembled/2LJ5-alt-235_assembled/2LJ5-alt-194_assembled/2LJ5-alt-180_assembled/2LJ5-alt-13_assembled/2LJ5-alt-157_assembled/2LJ5-alt-143_assembled/2LJ5-alt-155_assembled/2LJ5-alt-39_assembled/2LJ5-alt-141_assembled/2LJ5-alt-11_assembled/2LJ5-alt-169_assembled/2LJ5-alt-196_assembled/2LJ5-alt-182_assembled/2LJ5-alt-223_assembled/2LJ5-alt-237_assembled/2LJ5-alt-9_assembled/2LJ5-alt-8_assembled/2LJ5-alt-236_assembled/2LJ5-alt-222_assembled/2LJ5-alt-183_assembled/2LJ5-alt-197_assembled/2LJ5-alt-168_assembled/2LJ5-alt-10_assembled/2LJ5-alt-140_assembled/2LJ5-alt-38_assembled/2LJ5-alt-154_assembled/2LJ5-alt-14_assembled/2LJ5-alt-178_assembled/2LJ5-alt-150_assembled/2LJ5-alt-28_assembled/2LJ5-alt-144_assembled/2LJ5-alt-193_assembled/2LJ5-alt-187_assembled/2LJ5-alt-226_assembled/2LJ5-alt-232_assembled/2LJ5-alt-233_assembled/2LJ5-alt-227_assembled/2LJ5-alt-186_assembled/2LJ5-alt-192_assembled/2LJ5-alt-145_assembled/2LJ5-alt-29_assembled/2LJ5-alt-151_assembled/2LJ5-alt-179_assembled/2LJ5-alt-15_assembled/2LJ5-alt-17_assembled/2LJ5-alt-147_assembled/2LJ5-alt-153_assembled/2LJ5-alt-184_assembled/2LJ5-alt-190_assembled/2LJ5-alt-219_assembled/2LJ5-alt-231_assembled/2LJ5-alt-225_assembled/2LJ5-alt-224_assembled/2LJ5-alt-230_assembled/2LJ5-alt-218_assembled/2LJ5-alt-191_assembled/2LJ5-alt-185_assembled/2LJ5-alt-152_assembled/2LJ5-alt-146_assembled/2LJ5-alt-16_assembled/2LJ5-alt-121_assembled/2LJ5-alt-59_assembled/2LJ5-alt-135_assembled/2LJ5-alt-65_assembled/2LJ5-alt-109_assembled/2LJ5-alt-71_assembled/2LJ5-alt-257_assembled/2LJ5-alt-243_assembled/2LJ5-alt-294_assembled/2LJ5-alt-280_assembled/2LJ5-alt-281_assembled/2LJ5-alt-295_assembled/2LJ5-alt-242_assembled/2LJ5-alt-256_assembled/2LJ5-alt-70_assembled/2LJ5-alt-108_assembled/2LJ5-alt-64_assembled/2LJ5-alt-134_assembled/2LJ5-alt-58_assembled/2LJ5-alt-120_assembled/2LJ5-alt-136_assembled/2LJ5-alt-122_assembled/2LJ5-alt-72_assembled/2LJ5-alt-66_assembled/2LJ5-alt-99_assembled/2LJ5-alt-240_assembled/2LJ5-alt-254_assembled/2LJ5-alt-268_assembled/2LJ5-alt-283_assembled/2LJ5-alt-297_assembled/2LJ5-alt-296_assembled/2LJ5-alt-282_assembled/2LJ5-alt-269_assembled/2LJ5-alt-255_assembled/2LJ5-alt-241_assembled/2LJ5-alt-98_assembled/2LJ5-alt-67_assembled/2LJ5-alt-73_assembled/2LJ5-alt-123_assembled/2LJ5-alt-137_assembled/2LJ5-alt-77_assembled/2LJ5-alt-63_assembled/2LJ5-alt-133_assembled/2LJ5-alt-127_assembled/2LJ5-alt-88_assembled/2LJ5-alt-279_assembled/2LJ5-alt-245_assembled/2LJ5-alt-251_assembled/2LJ5-alt-286_assembled/2LJ5-alt-292_assembled/2LJ5-alt-293_assembled/2LJ5-alt-287_assembled/2LJ5-alt-250_assembled/2LJ5-alt-244_assembled/2LJ5-alt-278_assembled/2LJ5-alt-89_assembled/2LJ5-alt-126_assembled/2LJ5-alt-132_assembled/2LJ5-alt-62_assembled/2LJ5-alt-76_assembled/2LJ5-alt-60_assembled/2LJ5-alt-118_assembled/2LJ5-alt-74_assembled/2LJ5-alt-124_assembled/2LJ5-alt-48_assembled/2LJ5-alt-130_assembled/2LJ5-alt-252_assembled/2LJ5-alt-246_assembled/2LJ5-alt-291_assembled/2LJ5-alt-285_assembled/2LJ5-alt-284_assembled/2LJ5-alt-290_assembled/2LJ5-alt-247_assembled/2LJ5-alt-253_assembled/2LJ5-alt-131_assembled/2LJ5-alt-49_assembled/2LJ5-alt-125_assembled/2LJ5-alt-75_assembled/2LJ5-alt-119_assembled/2LJ5-alt-61_assembled/2MBH-alt-20_assembled/2MBH-alt-19_assembled/2MBH-alt-18_assembled/2MBH-alt-9_assembled/2MBH-alt-8_assembled/2MBH-alt-1_assembled/2MBH-alt-3_assembled/2MBH-alt-2_assembled/2MBH-alt-6_assembled/2MBH-alt-7_assembled/2MBH-alt-5_assembled/2MBH-alt-4_assembled/2MBH-alt-15_assembled/2MBH-alt-14_assembled/2MBH-alt-16_assembled/2MBH-alt-17_assembled/2MBH-alt-13_assembled/2MBH-alt-12_assembled/2MBH-alt-10_assembled/2MBH-alt-11_assembled,48.0,False,all,0.0,P62987,10.425046728971967,0.320298807263748,70.40674591064453,14.400308609008787
179,/2LJ5-alt-78_assembled/2LJ5-alt-100_assembled/2LJ5-alt-114_assembled/2LJ5-alt-44_assembled/2LJ5-alt-50_assembled/2LJ5-alt-128_assembled/2LJ5-alt-87_assembled/2LJ5-alt-93_assembled/2LJ5-alt-276_assembled/2LJ5-alt-262_assembled/2LJ5-alt-289_assembled/2LJ5-alt-288_assembled/2LJ5-alt-263_assembled/2LJ5-alt-277_assembled/2LJ5-alt-92_assembled/2LJ5-alt-86_assembled/2LJ5-alt-129_assembled/2LJ5-alt-51_assembled/2LJ5-alt-45_assembled/2LJ5-alt-115_assembled/2LJ5-alt-101_assembled/2LJ5-alt-79_assembled/2LJ5-alt-117_assembled/2LJ5-alt-103_assembled/2LJ5-alt-53_assembled/2LJ5-alt-47_assembled/2LJ5-alt-90_assembled/2LJ5-alt-84_assembled/2LJ5-alt-301_assembled/2LJ5-alt-261_assembled/2LJ5-alt-275_assembled/2LJ5-alt-249_assembled/2LJ5-alt-248_assembled/2LJ5-alt-274_assembled/2LJ5-alt-260_assembled/2LJ5-alt-300_assembled/2LJ5-alt-85_assembled/2LJ5-alt-91_assembled/2LJ5-alt-46_assembled/2LJ5-alt-52_assembled/2LJ5-alt-102_assembled/2LJ5-alt-116_assembled/2LJ5-alt-56_assembled/2LJ5-alt-42_assembled/2LJ5-alt-112_assembled/2LJ5-alt-106_assembled/2LJ5-alt-95_assembled/2LJ5-alt-81_assembled/2LJ5-alt-258_assembled/2LJ5-alt-264_assembled/2LJ5-alt-270_assembled/2LJ5-alt-271_assembled/2LJ5-alt-265_assembled/2LJ5-alt-259_assembled/2LJ5-alt-80_assembled/2LJ5-alt-94_assembled/2LJ5-alt-107_assembled/2LJ5-alt-113_assembled/2LJ5-alt-43_assembled/2LJ5-alt-57_assembled/2LJ5-alt-139_assembled/2LJ5-alt-41_assembled/2LJ5-alt-55_assembled/2LJ5-alt-105_assembled/2LJ5-alt-111_assembled/2LJ5-alt-69_assembled/2LJ5-alt-82_assembled/2LJ5-alt-96_assembled/2LJ5-alt-273_assembled/2LJ5-alt-267_assembled/2LJ5-alt-298_assembled/2LJ5-alt-299_assembled/2LJ5-alt-266_assembled/2LJ5-alt-272_assembled/2LJ5-alt-97_assembled/2LJ5-alt-83_assembled/2LJ5-alt-68_assembled/2LJ5-alt-110_assembled/2LJ5-alt-104_assembled/2LJ5-alt-54_assembled/2LJ5-alt-40_assembled/2LJ5-alt-138_assembled/2LJ5-alt-163_assembled/2LJ5-alt-177_assembled/2LJ5-alt-27_assembled/2LJ5-alt-33_assembled/2LJ5-alt-188_assembled/2LJ5-alt-215_assembled/2LJ5-alt-201_assembled/2LJ5-alt-229_assembled/2LJ5-alt-3_assembled/2LJ5-alt-2_assembled/2LJ5-alt-228_assembled/2LJ5-alt-200_assembled/2LJ5-alt-214_assembled/2LJ5-alt-189_assembled/2LJ5-alt-32_assembled/2LJ5-alt-26_assembled/2LJ5-alt-176_assembled/2LJ5-alt-162_assembled/2LJ5-alt-174_assembled/2LJ5-alt-160_assembled/2LJ5-alt-18_assembled/2LJ5-alt-148_assembled/2LJ5-alt-30_assembled/2LJ5-alt-24_assembled/2LJ5-alt-202_assembled/2LJ5-alt-216_assembled/2LJ5-alt-1_assembled/2LJ5-alt-217_assembled/2LJ5-alt-203_assembled/2LJ5-alt-25_assembled/2LJ5-alt-31_assembled/2LJ5-alt-149_assembled/2LJ5-alt-19_assembled/2LJ5-alt-161_assembled/2LJ5-alt-175_assembled/2LJ5-alt-35_assembled/2LJ5-alt-21_assembled/2LJ5-alt-159_assembled/2LJ5-alt-171_assembled/2LJ5-alt-165_assembled/2LJ5-alt-207_assembled/2LJ5-alt-213_assembled/2LJ5-alt-5_assembled/2LJ5-alt-4_assembled/2LJ5-alt-212_assembled/2LJ5-alt-206_assembled/2LJ5-alt-164_assembled/2LJ5-alt-170_assembled/2LJ5-alt-158_assembled/2LJ5-alt-20_assembled/2LJ5-alt-34_assembled/2LJ5-alt-22_assembled/2LJ5-alt-36_assembled/2LJ5-alt-166_assembled/2LJ5-alt-172_assembled/2LJ5-alt-199_assembled/2LJ5-alt-238_assembled/2LJ5-alt-210_assembled/2LJ5-alt-204_assembled/2LJ5-alt-6_assembled/2LJ5-alt-7_assembled/2LJ5-alt-205_assembled/2LJ5-alt-211_assembled/2LJ5-alt-239_assembled/2LJ5-alt-198_assembled/2LJ5-alt-173_assembled/2LJ5-alt-167_assembled/2LJ5-alt-37_assembled/2LJ5-alt-23_assembled/2LJ5-alt-142_assembled/2LJ5-alt-156_assembled/2LJ5-alt-12_assembled/2LJ5-alt-181_assembled/2LJ5-alt-195_assembled/2LJ5-alt-234_assembled/2LJ5-alt-220_assembled/2LJ5-alt-208_assembled/2LJ5-alt-209_assembled/2LJ5-alt-221_assembled/2LJ5-alt-235_assembled/2LJ5-alt-194_assembled/2LJ5-alt-180_assembled/2LJ5-alt-13_assembled/2LJ5-alt-157_assembled/2LJ5-alt-143_assembled/2LJ5-alt-155_assembled/2LJ5-alt-39_assembled/2LJ5-alt-141_assembled/2LJ5-alt-11_assembled/2LJ5-alt-169_assembled/2LJ5-alt-196_assembled/2LJ5-alt-182_assembled/2LJ5-alt-223_assembled/2LJ5-alt-237_assembled/2LJ5-alt-9_assembled/2LJ5-alt-8_assembled/2LJ5-alt-236_assembled/2LJ5-alt-222_assembled/2LJ5-alt-183_assembled/2LJ5-alt-197_assembled/2LJ5-alt-168_assembled/2LJ5-alt-10_assembled/2LJ5-alt-140_assembled/2LJ5-alt-38_assembled/2LJ5-alt-154_assembled/2LJ5-alt-14_assembled/2LJ5-alt-178_assembled/2LJ5-alt-150_assembled/2LJ5-alt-28_assembled/2LJ5-alt-144_assembled/2LJ5-alt-193_assembled/2LJ5-alt-187_assembled/2LJ5-alt-226_assembled/2LJ5-alt-232_assembled/2LJ5-alt-233_assembled/2LJ5-alt-227_assembled/2LJ5-alt-186_assembled/2LJ5-alt-192_assembled/2LJ5-alt-145_assembled/2LJ5-alt-29_assembled/2LJ5-alt-151_assembled/2LJ5-alt-179_assembled/2LJ5-alt-15_assembled/2LJ5-alt-17_assembled/2LJ5-alt-147_assembled/2LJ5-alt-153_assembled/2LJ5-alt-184_assembled/2LJ5-alt-190_assembled/2LJ5-alt-219_assembled/2LJ5-alt-231_assembled/2LJ5-alt-225_assembled/2LJ5-alt-224_assembled/2LJ5-alt-230_assembled/2LJ5-alt-218_assembled/2LJ5-alt-191_assembled/2LJ5-alt-185_assembled/2LJ5-alt-152_assembled/2LJ5-alt-146_assembled/2LJ5-alt-16_assembled/2LJ5-alt-121_assembled/2LJ5-alt-59_assembled/2LJ5-alt-135_assembled/2LJ5-alt-65_assembled/2LJ5-alt-109_assembled/2LJ5-alt-71_assembled/2LJ5-alt-257_assembled/2LJ5-alt-243_assembled/2LJ5-alt-294_assembled/2LJ5-alt-280_assembled/2LJ5-alt-281_assembled/2LJ5-alt-295_assembled/2LJ5-alt-242_assembled/2LJ5-alt-256_assembled/2LJ5-alt-70_assembled/2LJ5-alt-108_assembled/2LJ5-alt-64_assembled/2LJ5-alt-134_assembled/2LJ5-alt-58_assembled/2LJ5-alt-120_assembled/2LJ5-alt-136_assembled/2LJ5-alt-122_assembled/2LJ5-alt-72_assembled/2LJ5-alt-66_assembled/2LJ5-alt-99_assembled/2LJ5-alt-240_assembled/2LJ5-alt-254_assembled/2LJ5-alt-268_assembled/2LJ5-alt-283_assembled/2LJ5-alt-297_assembled/2LJ5-alt-296_assembled/2LJ5-alt-282_assembled/2LJ5-alt-269_assembled/2LJ5-alt-255_assembled/2LJ5-alt-241_assembled/2LJ5-alt-98_assembled/2LJ5-alt-67_assembled/2LJ5-alt-73_assembled/2LJ5-alt-123_assembled/2LJ5-alt-137_assembled/2LJ5-alt-77_assembled/2LJ5-alt-63_assembled/2LJ5-alt-133_assembled/2LJ5-alt-127_assembled/2LJ5-alt-88_assembled/2LJ5-alt-279_assembled/2LJ5-alt-245_assembled/2LJ5-alt-251_assembled/2LJ5-alt-286_assembled/2LJ5-alt-292_assembled/2LJ5-alt-293_assembled/2LJ5-alt-287_assembled/2LJ5-alt-250_assembled/2LJ5-alt-244_assembled/2LJ5-alt-278_assembled/2LJ5-alt-89_assembled/2LJ5-alt-126_assembled/2LJ5-alt-132_assembled/2LJ5-alt-62_assembled/2LJ5-alt-76_assembled/2LJ5-alt-60_assembled/2LJ5-alt-118_assembled/2LJ5-alt-74_assembled/2LJ5-alt-124_assembled/2LJ5-alt-48_assembled/2LJ5-alt-130_assembled/2LJ5-alt-252_assembled/2LJ5-alt-246_assembled/2LJ5-alt-291_assembled/2LJ5-alt-285_assembled/2LJ5-alt-284_assembled/2LJ5-alt-290_assembled/2LJ5-alt-247_assembled/2LJ5-alt-253_assembled/2LJ5-alt-131_assembled/2LJ5-alt-49_assembled/2LJ5-alt-125_assembled/2LJ5-alt-75_assembled/2LJ5-alt-119_assembled/2LJ5-alt-61_assembled/2MBH-alt-20_assembled/2MBH-alt-19_assembled/2MBH-alt-18_assembled/2MBH-alt-9_assembled/2MBH-alt-8_assembled/2MBH-alt-1_assembled/2MBH-alt-3_assembled/2MBH-alt-2_assembled/2MBH-alt-6_assembled/2MBH-alt-7_assembled/2MBH-alt-5_assembled/2MBH-alt-4_assembled/2MBH-alt-15_assembled/2MBH-alt-14_assembled/2MBH-alt-16_assembled/2MBH-alt-17_assembled/2MBH-alt-13_assembled/2MBH-alt-12_assembled/2MBH-alt-10_assembled/2MBH-alt-11_assembled,63.0,False,all,0.0,P62987,10.98218068535825,0.4559854490559748,72.95768737792969,12.236650466918944
180,/AF-Q9HB71-F1-model_v1,8.0,False,all,92.43,Q9HB71,10.42,0.0,85.25025939941406,0.0
181,/AF-Q9HB71-F1-model_v1,14.0,False,all,92.99,Q9HB71,11.34,0.0,58.7100830078125,0.0
182,/AF-Q9HB71-F1-model_v1,19.0,False,all,93.08,Q9HB71,10.43,0.0,94.63314819335938,0.0
183,/AF-Q9HB71-F1-model_v1,23.0,False,all,92.78,Q9HB71,10.44,0.0,88.06512451171875,0.0
184,/AF-Q9HB71-F1-model_v1,33.0,False,all,92.02,Q9HB71,10.47,0.0,57.23563003540039,0.0
185,/AF-Q9HB71-F1-model_v1,35.0,False,all,90.93,Q9HB71,11.64,0.0,70.77379608154297,0.0
186,/AF-Q9HB71-F1-model_v1,41.0,False,all,87.59,Q9HB71,10.41,0.0,74.79503631591797,0.0
187,/AF-Q9HB71-F1-model_v1,43.0,False,all,82.57,Q9HB71,10.28,0.0,60.05049514770508,0.0
188,/AF-Q9HB71-F1-model_v1,74.0,False,all,94.06,Q9HB71,10.38,0.0,112.9968032836914,0.0
189,/AF-Q9HB71-F1-model_v1,85.0,False,all,97.52,Q9HB71,10.61,0.0,80.5588150024414,0.0
190,/AF-Q9HB71-F1-model_v1,88.0,False,all,98.16,Q9HB71,10.86,0.0,43.027252197265625,0.0
191,/AF-Q9HB71-F1-model_v1,118.0,False,all,94.09,Q9HB71,10.17,0.0,48.656986236572266,0.0
192,/AF-Q9HB71-F1-model_v1,123.0,False,all,91.82,Q9HB71,11.74,0.0,54.8228874206543,0.0
193,/AF-Q9HB71-F1-model_v1,134.0,False,all,96.89,Q9HB71,10.06,0.0,51.73993682861328,0.0
194,/AF-Q9HB71-F1-model_v1,143.0,False,all,97.17,Q9HB71,9.8,0.0,52.67822647094727,0.0
195,/AF-Q9HB71-F1-model_v1,144.0,False,all,96.72,Q9HB71,10.29,0.0,93.02465057373048,0.0
196,/AF-Q9HB71-F1-model_v1,146.0,False,all,95.62,Q9HB71,10.17,0.0,92.3544464111328,0.0
197,/AF-Q9HB71-F1-model_v1,156.0,False,all,98.16,Q9HB71,9.14,0.0,4.155280113220215,0.0
198,/AF-Q9HB71-F1-model_v1,157.0,False,all,97.21,Q9HB71,11.36,0.0,62.7313232421875,0.0
199,/AF-Q9HB71-F1-model_v1,171.0,False,all,92.02,Q9HB71,10.98,0.0,58.44200134277344,0.0
200,/AF-Q9HB71-F1-model_v1,174.0,False,all,86.11,Q9HB71,11.65,0.0,65.81427001953125,0.0
201,/AF-Q9HB71-F1-model_v1,176.0,False,all,75.74,Q9HB71,10.7,0.0,95.1693115234375,0.0
202,/AF-Q9HB71-F1-model_v1,212.0,False,all,76.83,Q9HB71,10.41,0.0,64.47386169433594,0.0
203,/AF-P0DMV9-F1-model_v1,25.0,False,all,91.83,P0DMV9,11.59,0.0,76.40353393554688,0.0
204,/AF-P0DMV9-F1-model_v1,56.0,False,all,96.77,P0DMV9,11.55,0.0,35.789024353027344,0.0
205,/AF-P0DMV9-F1-model_v1,71.0,False,all,94.2,P0DMV9,11.4,0.0,18.631738662719727,0.0
206,/AF-P0DMV9-F1-model_v1,77.0,False,all,90.85,P0DMV9,10.1,0.0,76.939697265625,0.0
207,/AF-P0DMV9-F1-model_v1,88.0,False,all,91.51,P0DMV9,10.32,0.0,80.5588150024414,0.0
208,/AF-P0DMV9-F1-model_v1,100.0,False,all,90.74,P0DMV9,10.33,0.0,15.816871643066406,0.0
209,/AF-P0DMV9-F1-model_v1,102.0,False,all,96.89,P0DMV9,12.12,0.0,27.076339721679688,0.0
210,/AF-P0DMV9-F1-model_v1,108.0,False,all,92.13,P0DMV9,12.03,0.0,34.71669387817383,0.0
211,/AF-P0DMV9-F1-model_v1,112.0,False,all,96.53,P0DMV9,9.75,0.0,28.148670196533203,0.0
212,/AF-P0DMV9-F1-model_v1,126.0,False,all,97.79,P0DMV9,10.99,0.0,35.11881637573242,0.0
213,/AF-P0DMV9-F1-model_v1,128.0,False,all,97.57,P0DMV9,9.52,0.0,25.46784400939941,0.0
214,/AF-P0DMV9-F1-model_v1,159.0,False,all,93.79,P0DMV9,10.08,0.0,57.63775253295898,0.0
215,/AF-P0DMV9-F1-model_v1,220.0,False,all,97.03,P0DMV9,11.09,0.0,42.22300338745117,0.0
216,/AF-P0DMV9-F1-model_v1,246.0,False,all,97.73,P0DMV9,11.51,0.0,64.3398208618164,0.0
217,/AF-P0DMV9-F1-model_v1,248.0,False,all,97.69,P0DMV9,11.03,0.0,45.037872314453125,0.0
218,/AF-P0DMV9-F1-model_v1,250.0,False,all,96.51,P0DMV9,10.24,0.0,78.5481948852539,0.0
219,/AF-P0DMV9-F1-model_v1,251.0,False,all,96.81,P0DMV9,11.3,0.0,31.36566162109375,0.0
220,/AF-P0DMV9-F1-model_v1,257.0,False,all,92.65,P0DMV9,9.74,0.0,50.53356552124024,0.0
221,/AF-P0DMV9-F1-model_v1,271.0,False,all,98.05,P0DMV9,11.25,0.0,33.10819625854492,0.0
222,/AF-P0DMV9-F1-model_v1,319.0,False,all,94.33,P0DMV9,10.73,0.0,42.22300338745117,0.0
223,/AF-P0DMV9-F1-model_v1,325.0,False,all,96.97,P0DMV9,10.42,0.0,89.27149963378906,0.0
224,/AF-P0DMV9-F1-model_v1,328.0,False,all,96.53,P0DMV9,9.71,0.0,50.13144302368164,0.0
225,/AF-P0DMV9-F1-model_v1,345.0,False,all,98.01,P0DMV9,10.17,0.0,54.8228874206543,0.0
226,/AF-P0DMV9-F1-model_v1,348.0,False,all,97.89,P0DMV9,10.71,0.0,81.63114166259766,0.0
227,/AF-P0DMV9-F1-model_v1,361.0,False,all,90.95,P0DMV9,10.05,0.0,65.27810668945312,0.0
228,/AF-P0DMV9-F1-model_v1,384.0,False,all,83.67,P0DMV9,10.45,0.0,94.09698486328124,0.0
229,/AF-P0DMV9-F1-model_v1,415.0,False,all,93.48,P0DMV9,10.4,0.0,99.1905517578125,0.0
230,/AF-P0DMV9-F1-model_v1,423.0,False,all,96.45,P0DMV9,10.56,0.0,67.55680847167969,0.0
231,/AF-P0DMV9-F1-model_v1,451.0,False,all,83.46,P0DMV9,10.7,0.0,80.15669250488281,0.0
232,/AF-P0DMV9-F1-model_v1,493.0,False,all,88.6,P0DMV9,11.42,0.0,40.21238708496094,0.0
233,/AF-P0DMV9-F1-model_v1,512.0,False,all,74.49,P0DMV9,10.56,0.0,98.25226593017578,0.0
234,/AF-P0DMV9-F1-model_v1,524.0,False,all,87.27,P0DMV9,10.68,0.0,79.21839904785156,0.0
235,/AF-P0DMV9-F1-model_v1,526.0,False,all,81.38,P0DMV9,10.78,0.0,78.01203155517578,0.0
236,/AF-P0DMV9-F1-model_v1,550.0,False,all,88.83,P0DMV9,10.54,0.0,42.62512969970703,0.0
237,/AF-P0DMV9-F1-model_v1,561.0,False,all,77.1,P0DMV9,10.38,0.0,63.133445739746094,0.0
238,/AF-P0DMV9-F1-model_v1,567.0,False,all,87.78,P0DMV9,10.4,0.0,38.73793029785156,0.0
239,/AF-P0DMV9-F1-model_v1,568.0,False,all,90.94,P0DMV9,10.67,0.0,66.7525634765625,0.0
240,/AF-P0DMV9-F1-model_v1,569.0,False,all,91.63,P0DMV9,10.45,0.0,71.1759262084961,0.0
241,/AF-P0DMV9-F1-model_v1,573.0,False,all,94.39,P0DMV9,12.03,0.0,14.61050033569336,0.0
242,/AF-P0DMV9-F1-model_v1,589.0,False,all,91.75,P0DMV9,11.78,0.0,41.68684005737305,0.0
243,/AF-P0DMV9-F1-model_v1,595.0,False,all,95.06,P0DMV9,11.06,0.0,25.06572151184082,0.0
244,/AF-P0DMV9-F1-model_v1,597.0,False,all,94.86,P0DMV9,10.57,0.0,78.01203155517578,0.0
245,/AF-P0DMV8-F1-model_v1,25.0,False,all,91.39,P0DMV8,11.61,0.0,73.18653869628906,0.0
246,/AF-P0DMV8-F1-model_v1,56.0,False,all,96.98,P0DMV8,11.68,0.0,43.69746017456055,0.0
247,/AF-P0DMV8-F1-model_v1,71.0,False,all,95.51,P0DMV8,11.31,0.0,15.414748191833496,0.0
248,/AF-P0DMV8-F1-model_v1,77.0,False,all,92.15,P0DMV8,10.34,0.0,85.3843002319336,0.0
249,/AF-P0DMV8-F1-model_v1,88.0,False,all,91.52,P0DMV8,10.33,0.0,82.30135345458984,0.0
250,/AF-P0DMV8-F1-model_v1,100.0,False,all,91.23,P0DMV8,10.15,0.0,21.04448127746582,0.0
251,/AF-P0DMV8-F1-model_v1,102.0,False,all,97.29,P0DMV8,10.89,0.0,27.746545791625977,0.0
252,/AF-P0DMV8-F1-model_v1,108.0,False,all,90.64,P0DMV8,12.12,0.0,35.11881637573242,0.0
253,/AF-P0DMV8-F1-model_v1,112.0,False,all,95.57,P0DMV8,11.19,0.0,28.014629364013672,0.0
254,/AF-P0DMV8-F1-model_v1,126.0,False,all,97.65,P0DMV8,11.0,0.0,38.06772613525391,0.0
255,/AF-P0DMV8-F1-model_v1,128.0,False,all,97.58,P0DMV8,9.38,0.0,23.993391036987305,0.0
256,/AF-P0DMV8-F1-model_v1,159.0,False,all,92.68,P0DMV8,10.03,0.0,69.43338775634766,0.0
257,/AF-P0DMV8-F1-model_v1,190.0,False,all,71.95,P0DMV8,9.96,0.0,79.88860321044922,0.0
258,/AF-P0DMV8-F1-model_v1,220.0,False,all,95.88,P0DMV8,11.05,0.0,37.66559982299805,0.0
259,/AF-P0DMV8-F1-model_v1,246.0,False,all,97.74,P0DMV8,11.76,0.0,46.3782844543457,0.0
260,/AF-P0DMV8-F1-model_v1,248.0,False,all,97.27,P0DMV8,11.03,0.0,29.48908233642578,0.0
261,/AF-P0DMV8-F1-model_v1,250.0,False,all,96.77,P0DMV8,10.19,0.0,77.20777893066406,0.0
262,/AF-P0DMV8-F1-model_v1,251.0,False,all,96.88,P0DMV8,11.46,0.0,48.656986236572266,0.0
263,/AF-P0DMV8-F1-model_v1,257.0,False,all,92.31,P0DMV8,9.76,0.0,54.55480194091797,0.0
264,/AF-P0DMV8-F1-model_v1,271.0,False,all,98.42,P0DMV8,11.24,0.0,28.416751861572266,0.0
265,/AF-P0DMV8-F1-model_v1,319.0,False,all,94.76,P0DMV8,10.76,0.0,38.20176696777344,0.0
266,/AF-P0DMV8-F1-model_v1,325.0,False,all,96.78,P0DMV8,10.42,0.0,87.66300201416016,0.0
267,/AF-P0DMV8-F1-model_v1,328.0,False,all,97.1,P0DMV8,9.76,0.0,43.29533386230469,0.0
268,/AF-P0DMV8-F1-model_v1,345.0,False,all,98.29,P0DMV8,10.37,0.0,55.89521789550781,0.0
269,/AF-P0DMV8-F1-model_v1,348.0,False,all,97.96,P0DMV8,11.43,0.0,60.05049514770508,0.0
270,/AF-P0DMV8-F1-model_v1,361.0,False,all,90.79,P0DMV8,10.03,0.0,62.86536407470703,0.0
271,/AF-P0DMV8-F1-model_v1,384.0,False,all,82.71,P0DMV8,10.45,0.0,103.88199615478516,0.0
272,/AF-P0DMV8-F1-model_v1,415.0,False,all,92.77,P0DMV8,10.38,0.0,109.77981567382812,0.0
273,/AF-P0DMV8-F1-model_v1,423.0,False,all,94.91,P0DMV8,10.56,0.0,62.32919692993164,0.0
274,/AF-P0DMV8-F1-model_v1,451.0,False,all,84.26,P0DMV8,10.59,0.0,71.84613037109375,0.0
275,/AF-P0DMV8-F1-model_v1,493.0,False,all,91.69,P0DMV8,11.36,0.0,36.32518768310547,0.0
276,/AF-P0DMV8-F1-model_v1,497.0,False,all,82.47,P0DMV8,10.22,0.0,42.75917053222656,0.0
277,/AF-P0DMV8-F1-model_v1,500.0,False,all,73.15,P0DMV8,10.4,0.0,91.4161605834961,0.0
278,/AF-P0DMV8-F1-model_v1,512.0,False,all,80.19,P0DMV8,11.58,0.0,84.17792510986328,0.0
279,/AF-P0DMV8-F1-model_v1,524.0,False,all,87.23,P0DMV8,10.62,0.0,82.70347595214844,0.0
280,/AF-P0DMV8-F1-model_v1,526.0,False,all,81.0,P0DMV8,10.64,0.0,116.74996185302734,0.0
281,/AF-P0DMV8-F1-model_v1,550.0,False,all,88.93,P0DMV8,10.59,0.0,49.72931671142578,0.0
282,/AF-P0DMV8-F1-model_v1,561.0,False,all,77.97,P0DMV8,10.39,0.0,65.54618835449219,0.0
283,/AF-P0DMV8-F1-model_v1,567.0,False,all,89.53,P0DMV8,10.45,0.0,37.53155899047852,0.0
284,/AF-P0DMV8-F1-model_v1,568.0,False,all,92.29,P0DMV8,10.68,0.0,72.24825286865234,0.0
285,/AF-P0DMV8-F1-model_v1,569.0,False,all,93.02,P0DMV8,10.44,0.0,75.86737060546875,0.0
286,/AF-P0DMV8-F1-model_v1,573.0,False,all,95.48,P0DMV8,12.04,0.0,12.867963790893556,0.0
287,/AF-P0DMV8-F1-model_v1,589.0,False,all,89.87,P0DMV8,11.8,0.0,49.99739837646485,0.0
288,/AF-P0DMV8-F1-model_v1,595.0,False,all,95.13,P0DMV8,11.1,0.0,24.797637939453125,0.0
289,/AF-P0DMV8-F1-model_v1,597.0,False,all,94.93,P0DMV8,10.57,0.0,82.5694351196289,0.0
290,/AF-P10809-F1-model_v1/6MRD-alt-1_assembled/4PJ1-alt-1_assembled/6MRC-alt-1_assembled,28.0,False,all,2.553888888888889,P10809,10.836388888888887,0.1995015614371802,71.72696685791016,9.8377685546875
291,/AF-P10809-F1-model_v1,31.0,False,all,94.58,P10809,10.52,0.0,45.97616195678711,0.0
292,/AF-P10809-F1-model_v1/6MRD-alt-1_assembled/4PJ1-alt-1_assembled/6MRC-alt-1_assembled,58.0,False,all,2.645277777777778,P10809,10.139166666666668,0.0981362027272008,64.91694641113281,7.721643447875977
293,/AF-P10809-F1-model_v1/6MRD-alt-1_assembled/4PJ1-alt-1_assembled/6MRC-alt-1_assembled,72.0,False,all,2.538888888888889,P10809,10.522222222222222,0.295345909653759,31.11619758605957,7.201694488525391
294,/AF-P10809-F1-model_v1,75.0,False,all,91.61,P10809,8.35,0.0,16.0849552154541,0.0
295,/AF-P10809-F1-model_v1,82.0,False,all,92.53,P10809,10.17,0.0,71.71208953857422,0.0
296,/AF-P10809-F1-model_v1,87.0,False,all,95.2,P10809,10.45,0.0,95.70547485351562,0.0
297,/AF-P10809-F1-model_v1,89.0,False,all,94.87,P10809,10.41,0.0,73.18653869628906,0.0
298,/AF-P10809-F1-model_v1,91.0,False,all,96.66,P10809,10.33,0.0,40.34642791748047,0.0
299,/AF-P10809-F1-model_v1,96.0,False,all,95.89,P10809,11.29,0.0,54.55480194091797,0.0
300,/AF-P10809-F1-model_v1,125.0,False,all,95.9,P10809,10.8,0.0,71.71208953857422,0.0
301,/AF-P10809-F1-model_v1,130.0,False,all,91.29,P10809,10.31,0.0,49.72931671142578,0.0
302,/AF-P10809-F1-model_v1/6MRD-alt-1_assembled/4PJ1-alt-1_assembled/6MRC-alt-1_assembled,133.0,False,all,2.019722222222222,P10809,10.588888888888883,0.0901357001661631,69.81688690185547,8.231122016906738
303,/AF-P10809-F1-model_v1/6MRD-alt-1_assembled/4PJ1-alt-1_assembled/6MRC-alt-1_assembled,156.0,False,all,2.6661111111111118,P10809,10.382500000000002,0.1237826436021743,78.5258560180664,10.31729793548584
304,/AF-P10809-F1-model_v1,157.0,False,all,96.82,P10809,11.04,0.0,74.9290771484375,0.0
305,/AF-P10809-F1-model_v1,160.0,False,all,94.65,P10809,10.37,0.0,96.24164581298828,0.0
306,/AF-P10809-F1-model_v1,180.0,False,all,94.23,P10809,10.32,0.0,101.06713104248048,0.0
307,/AF-P10809-F1-model_v1,191.0,False,all,89.34,P10809,10.91,0.0,49.32719421386719,0.0
308,/AF-P10809-F1-model_v1,192.0,False,all,86.42,P10809,10.38,0.0,69.83551025390625,0.0
309,/AF-P10809-F1-model_v1,196.0,False,all,71.91,P10809,10.47,0.0,122.51373291015624,0.0
310,/AF-P10809-F1-model_v1,202.0,False,all,82.48,P10809,10.28,0.0,88.86936950683594,0.0
311,/AF-P10809-F1-model_v1,205.0,False,all,83.9,P10809,10.42,0.0,105.222412109375,0.0
312,/AF-P10809-F1-model_v1,236.0,False,all,86.56,P10809,10.53,0.0,47.45061492919922,0.0
313,/AF-P10809-F1-model_v1,249.0,False,all,92.42,P10809,10.48,0.0,73.58866882324219,0.0
314,/AF-P10809-F1-model_v1,250.0,False,all,93.81,P10809,10.78,0.0,62.59728240966797,0.0
315,/AF-P10809-F1-model_v1,269.0,False,all,93.24,P10809,10.48,0.0,48.522945404052734,0.0
316,/AF-P10809-F1-model_v1,292.0,False,all,91.54,P10809,10.34,0.0,72.11421203613281,0.0
317,/AF-P10809-F1-model_v1,301.0,False,all,96.91,P10809,11.23,0.0,51.47185516357422,0.0
318,/AF-P10809-F1-model_v1,310.0,False,all,93.62,P10809,12.46,0.0,36.86135482788086,0.0
319,/AF-P10809-F1-model_v1,314.0,False,all,93.5,P10809,10.97,0.0,49.72931671142578,0.0
320,/AF-P10809-F1-model_v1,344.0,False,all,95.56,P10809,10.27,0.0,54.95692825317383,0.0
321,/AF-P10809-F1-model_v1,352.0,False,all,92.49,P10809,10.75,0.0,82.70347595214844,0.0
322,/AF-P10809-F1-model_v1,359.0,False,all,84.35,P10809,10.64,0.0,102.13945770263672,0.0
323,/AF-P10809-F1-model_v1,361.0,False,all,90.03,P10809,11.44,0.0,59.38029098510742,0.0
324,/AF-P10809-F1-model_v1,364.0,False,all,89.29,P10809,10.53,0.0,106.0266571044922,0.0
325,/AF-P10809-F1-model_v1,369.0,False,all,94.46,P10809,10.49,0.0,92.62252807617188,0.0
326,/AF-P10809-F1-model_v1,387.0,False,all,83.42,P10809,10.76,0.0,51.33781433105469,0.0
327,/AF-P10809-F1-model_v1,389.0,False,all,86.02,P10809,12.61,0.0,28.148670196533203,0.0
328,/AF-P10809-F1-model_v1,396.0,False,all,80.69,P10809,10.1,0.0,27.478464126586918,0.0
329,/AF-P10809-F1-model_v1,405.0,False,all,89.18,P10809,11.5,0.0,47.04849243164063,0.0
330,/AF-P10809-F1-model_v1,417.0,False,all,91.98,P10809,11.23,0.0,26.272092819213867,0.0
331,/AF-P10809-F1-model_v1,418.0,False,all,89.46,P10809,11.23,0.0,59.11220550537109,0.0
332,/AF-P10809-F1-model_v1,462.0,False,all,96.12,P10809,11.39,0.0,52.67822647094727,0.0
333,/AF-P10809-F1-model_v1/6MRD-alt-1_assembled/4PJ1-alt-1_assembled/6MRC-alt-1_assembled,469.0,False,all,2.6963888888888885,P10809,10.245555555555557,0.3644286678737748,64.44033813476562,9.6550874710083
334,/AF-P10809-F1-model_v1,473.0,False,all,97.95,P10809,9.75,0.0,34.448612213134766,0.0
335,/AF-P10809-F1-model_v1,481.0,False,all,97.27,P10809,10.33,0.0,90.47786712646484,0.0
336,/AF-P10809-F1-model_v1,493.0,False,all,96.38,P10809,10.18,0.0,63.66961288452149,0.0
337,/AF-P10809-F1-model_v1,516.0,False,all,93.61,P10809,10.73,0.0,62.32919692993164,0.0
338,/AF-P10809-F1-model_v1,523.0,False,all,96.34,P10809,11.28,0.0,34.046485900878906,0.0
339,/AF-P10809-F1-model_v1,551.0,False,all,72.53,P10809,10.61,0.0,67.28872680664062,0.0
340,/6MRD-alt-1_assembled/4PJ1-alt-1_assembled/6MRC-alt-1_assembled,4.0,False,all,0.0,P10809,10.093714285714285,0.0939363274428236,18.290891647338867,5.588785171508789
341,/6MRD-alt-1_assembled/4PJ1-alt-1_assembled/6MRC-alt-1_assembled,7.0,False,all,0.0,P10809,10.92571428571428,0.4088814420017682,29.1444034576416,4.7399983406066895
342,/6MRD-alt-1_assembled/4PJ1-alt-1_assembled/6MRC-alt-1_assembled,34.0,False,all,0.0,P10809,9.92114285714286,0.0578421497328228,17.241539001464844,3.0892999172210693
343,/6MRD-alt-1_assembled/4PJ1-alt-1_assembled/6MRC-alt-1_assembled,48.0,False,all,0.0,P10809,10.344857142857148,0.3532485496291897,38.44303894042969,6.746059417724609
344,/6MRD-alt-1_assembled/4PJ1-alt-1_assembled/6MRC-alt-1_assembled,51.0,False,all,0.0,P10809,8.628857142857143,0.152368968366293,24.26913070678711,3.159299612045288
345,/6MRD-alt-1_assembled/4PJ1-alt-1_assembled/6MRC-alt-1_assembled,63.0,False,all,0.0,P10809,10.190571428571426,0.0742786034088532,78.27629089355469,7.855838298797607
346,/6MRD-alt-1_assembled/4PJ1-alt-1_assembled/6MRC-alt-1_assembled,65.0,False,all,0.0,P10809,10.693428571428573,0.0794074695383714,41.05492782592773,4.409790515899658
347,/6MRD-alt-1_assembled/4PJ1-alt-1_assembled/6MRC-alt-1_assembled,67.0,False,all,0.0,P10809,10.312285714285714,0.0657573844784395,39.60345077514648,3.6573643684387207
348,/6MRD-alt-1_assembled/4PJ1-alt-1_assembled/6MRC-alt-1_assembled,101.0,False,all,0.0,P10809,10.74314285714286,0.2829754866599227,54.65820693969727,4.505871295928955
349,/6MRD-alt-1_assembled/4PJ1-alt-1_assembled/6MRC-alt-1_assembled,106.0,False,all,0.0,P10809,9.26257142857143,0.6572059523966186,35.9268913269043,7.61398983001709
350,/6MRD-alt-1_assembled/4PJ1-alt-1_assembled/6MRC-alt-1_assembled,109.0,False,all,0.0,P10809,10.571142857142856,0.5542603520143993,49.18166732788086,22.738998413085938
351,/6MRD-alt-1_assembled/4PJ1-alt-1_assembled/6MRC-alt-1_assembled,132.0,False,all,0.0,P10809,10.039142857142856,0.1000109237731035,55.91053771972656,11.40499496459961
352,/6MRD-alt-1_assembled/4PJ1-alt-1_assembled/6MRC-alt-1_assembled,136.0,False,all,0.0,P10809,10.125428571428571,0.0746104730522172,52.11141586303711,8.145832061767578
353,/6MRD-alt-1_assembled/4PJ1-alt-1_assembled/6MRC-alt-1_assembled,167.0,False,all,0.0,P10809,11.011142857142858,0.2721566528627935,54.39778900146485,7.4173264503479
354,/6MRD-alt-1_assembled/4PJ1-alt-1_assembled/6MRC-alt-1_assembled,168.0,False,all,0.0,P10809,10.33628571428572,0.0321838207695683,56.74542236328125,5.313331604003906
355,/6MRD-alt-1_assembled/4PJ1-alt-1_assembled/6MRC-alt-1_assembled,172.0,False,all,0.0,P10809,10.317142857142851,0.0806434209625175,79.68563079833984,7.00368070602417
356,/6MRD-alt-1_assembled/4PJ1-alt-1_assembled/6MRC-alt-1_assembled,178.0,False,all,0.0,P10809,9.98714285714286,0.2339755068701126,62.08027267456055,10.653400421142578
357,/6MRD-alt-1_assembled/4PJ1-alt-1_assembled/6MRC-alt-1_assembled,181.0,False,all,0.0,P10809,10.615428571428568,0.1954684096207462,84.28514862060547,6.680963039398193
358,/6MRD-alt-1_assembled/4PJ1-alt-1_assembled/6MRC-alt-1_assembled,212.0,False,all,0.0,P10809,10.381142857142857,0.135923235873857,44.09575271606445,4.5865864753723145
359,/6MRD-alt-1_assembled/4PJ1-alt-1_assembled/6MRC-alt-1_assembled,225.0,False,all,0.0,P10809,10.043714285714284,0.5152046179134344,60.870059967041016,9.226239204406738
360,/6MRD-alt-1_assembled/4PJ1-alt-1_assembled/6MRC-alt-1_assembled,226.0,False,all,0.0,P10809,10.824285714285717,0.0731752816785798,55.90670776367188,7.80677604675293
361,/6MRD-alt-1_assembled/4PJ1-alt-1_assembled/6MRC-alt-1_assembled,245.0,False,all,0.0,P10809,10.70114285714286,0.1908151465897484,43.74340438842773,6.4007086753845215
362,/6MRD-alt-1_assembled/4PJ1-alt-1_assembled/6MRC-alt-1_assembled,268.0,False,all,0.0,P10809,10.031714285714283,0.3620081711320706,52.79312133789063,16.23482894897461
363,/6MRD-alt-1_assembled/4PJ1-alt-1_assembled/6MRC-alt-1_assembled,277.0,False,all,0.0,P10809,10.12342857142857,0.2648522657805208,39.097930908203125,12.024568557739258
364,/6MRD-alt-1_assembled/4PJ1-alt-1_assembled/6MRC-alt-1_assembled,286.0,False,all,0.0,P10809,10.548000000000002,0.4610397456389455,40.26217651367188,7.912716388702393
365,/6MRD-alt-1_assembled/4PJ1-alt-1_assembled/6MRC-alt-1_assembled,290.0,False,all,0.0,P10809,9.66914285714286,0.5438661785476896,54.681190490722656,8.71825885772705
366,/6MRD-alt-1_assembled/4PJ1-alt-1_assembled/6MRC-alt-1_assembled,320.0,False,all,0.0,P10809,9.778000000000004,0.4156907787399329,50.67909622192383,13.705578804016112
367,/6MRD-alt-1_assembled/4PJ1-alt-1_assembled/6MRC-alt-1_assembled,328.0,False,all,0.0,P10809,10.138571428571426,0.3667275223244799,54.92245864868164,10.08696174621582
368,/6MRD-alt-1_assembled/4PJ1-alt-1_assembled/6MRC-alt-1_assembled,335.0,False,all,0.0,P10809,10.499714285714278,0.057725807985363,68.70957946777344,12.133479118347168
369,/6MRD-alt-1_assembled/4PJ1-alt-1_assembled/6MRC-alt-1_assembled,337.0,False,all,0.0,P10809,10.078,0.0730350439656116,58.15476608276367,8.10362434387207
370,/6MRD-alt-1_assembled/4PJ1-alt-1_assembled/6MRC-alt-1_assembled,340.0,False,all,0.0,P10809,10.453428571428567,0.0526331844071813,81.68093872070312,5.704248428344727
371,/6MRD-alt-1_assembled/4PJ1-alt-1_assembled/6MRC-alt-1_assembled,345.0,False,all,0.0,P10809,10.326285714285712,0.3741978535660583,66.4538345336914,15.60869598388672
372,/6MRD-alt-1_assembled/4PJ1-alt-1_assembled/6MRC-alt-1_assembled,363.0,False,all,0.0,P10809,10.23028571428571,0.3872488614215269,49.48421859741211,14.236261367797852
373,/6MRD-alt-1_assembled/4PJ1-alt-1_assembled/6MRC-alt-1_assembled,365.0,False,all,0.0,P10809,10.438285714285714,0.4213876635892536,44.67787551879883,15.490897178649902
374,/6MRD-alt-1_assembled/4PJ1-alt-1_assembled/6MRC-alt-1_assembled,372.0,False,all,0.0,P10809,9.462857142857144,0.5002679954053535,26.038475036621094,11.00019645690918
375,/6MRD-alt-1_assembled/4PJ1-alt-1_assembled/6MRC-alt-1_assembled,381.0,False,all,0.0,P10809,11.32314285714286,0.2255551507955873,30.82183265686035,8.690330505371094
376,/6MRD-alt-1_assembled/4PJ1-alt-1_assembled/6MRC-alt-1_assembled,393.0,False,all,0.0,P10809,10.608285714285712,0.1997128190278071,33.08522033691406,3.8950042724609375
377,/6MRD-alt-1_assembled/4PJ1-alt-1_assembled/6MRC-alt-1_assembled,394.0,False,all,0.0,P10809,11.188285714285708,0.0784963736249572,28.11802864074707,6.237143516540527
378,/6MRD-alt-1_assembled/4PJ1-alt-1_assembled/6MRC-alt-1_assembled,438.0,False,all,0.0,P10809,10.751999999999995,0.078132617275712,55.133094787597656,11.18047332763672
379,/6MRD-alt-1_assembled/4PJ1-alt-1_assembled/6MRC-alt-1_assembled,445.0,False,all,0.0,P10809,11.648285714285713,0.2808546380800795,25.207420349121094,6.193600654602051
380,/6MRD-alt-1_assembled/4PJ1-alt-1_assembled/6MRC-alt-1_assembled,449.0,False,all,0.0,P10809,9.849428571428572,0.5065334485044218,27.823137283325195,10.55864143371582
381,/6MRD-alt-1_assembled/4PJ1-alt-1_assembled/6MRC-alt-1_assembled,457.0,False,all,0.0,P10809,9.610285714285716,0.5837227671656835,74.29335021972656,4.266139507293701
382,/6MRD-alt-1_assembled/4PJ1-alt-1_assembled/6MRC-alt-1_assembled,492.0,False,all,0.0,P10809,10.665142857142854,0.0331991697780163,58.09733581542969,6.217983245849609
383,/6MRD-alt-1_assembled/4PJ1-alt-1_assembled/6MRC-alt-1_assembled,499.0,False,all,0.0,P10809,11.06742857142857,0.2598907333425161,25.37593078613281,3.5267906188964844
384,/6MRD-alt-1_assembled/6MRC-alt-1_assembled,527.0,False,all,0.0,P10809,10.408095238095235,0.107778432333146,64.89513397216797,9.091151237487791
385,/6MRD-alt-1_assembled/4PJ1-alt-1_assembled/6MRC-alt-1_assembled,8.0,False,all,0.0,P10809,10.510000000000003,0.1515605101446087,62.55132675170898,10.077611923217772
386,/6MRD-alt-1_assembled/4PJ1-alt-1_assembled/6MRC-alt-1_assembled,36.0,False,all,0.0,P10809,10.438285714285715,0.2957093735637161,71.86911010742188,16.01140594482422
387,/6MRD-alt-1_assembled/4PJ1-alt-1_assembled/6MRC-alt-1_assembled,40.0,False,all,0.0,P10809,9.949714285714284,0.1816183087797969,63.784515380859375,8.0831880569458
388,/6MRD-alt-1_assembled/4PJ1-alt-1_assembled/6MRC-alt-1_assembled,54.0,False,all,0.0,P10809,10.064,0.4615077591598061,42.96980667114258,10.295766830444336
389,/6MRD-alt-1_assembled/4PJ1-alt-1_assembled/6MRC-alt-1_assembled,56.0,False,all,0.0,P10809,10.173714285714286,0.1153533118493866,33.1771354675293,14.606280326843262
390,/6MRD-alt-1_assembled/4PJ1-alt-1_assembled/6MRC-alt-1_assembled,66.0,False,all,0.0,P10809,10.882571428571426,0.3468966862401108,70.11890411376953,7.895447254180908
391,/6MRD-alt-1_assembled/4PJ1-alt-1_assembled/6MRC-alt-1_assembled,70.0,False,all,0.0,P10809,10.509142857142862,0.210215175874786,58.94370269775391,10.677193641662598
392,/6MRD-alt-1_assembled/4PJ1-alt-1_assembled/6MRC-alt-1_assembled,80.0,False,all,0.0,P10809,10.954857142857149,0.1003338963476577,51.04291915893555,5.6331868171691895
393,/6MRD-alt-1_assembled/4PJ1-alt-1_assembled/6MRC-alt-1_assembled,86.0,False,all,0.0,P10809,11.36685714285714,0.4900406431437837,49.87485504150391,6.851576328277588
394,/6MRD-alt-1_assembled/4PJ1-alt-1_assembled/6MRC-alt-1_assembled,99.0,False,all,0.0,P10809,10.191999999999998,0.3855843540882423,27.11463928222656,4.428683757781982
395,/4PJ1-alt-1_assembled,323.0,False,all,0.0,P10809,10.622142857142858,0.2057324091528223,44.23362350463867,8.466094970703125
396,/4PJ1-alt-1_assembled,103.0,False,all,0.0,P10809,10.52,0.1402378931197511,79.31893157958984,6.181783199310303
397,/5JLH-alt-1_assembled,17.0,False,all,0.0,P63261,9.954,0.0350713558335004,21.661073684692383,2.0074892044067383
398,/5JLH-alt-1_assembled,49.0,False,all,0.0,P63261,10.54,0.1036822067666387,67.07426452636719,4.9835591316223145
399,/5JLH-alt-1_assembled,60.0,False,all,0.0,P63261,11.084,0.2756446988425498,47.155723571777344,15.225757598876951
400,/5JLH-alt-1_assembled,67.0,False,all,0.0,P63261,10.272000000000002,0.0661059755241538,65.572998046875,6.283806800842285
401,/5JLH-alt-1_assembled,83.0,False,all,0.0,P63261,10.053999999999998,0.0151657508881034,38.71112060546875,3.3822529315948486
402,/5JLH-alt-1_assembled,112.0,False,all,0.0,P63261,9.69,0.3188259713385969,46.27104949951172,10.06309986114502
403,/5JLH-alt-1_assembled,117.0,False,all,0.0,P63261,10.166,0.0054772255750515,48.44252014160156,3.2539196014404297
404,/5JLH-alt-1_assembled,190.0,False,all,0.0,P63261,9.026000000000002,0.5798965424970218,66.75255584716797,12.157550811767578
405,/5JLH-alt-1_assembled,212.0,False,all,0.0,P63261,9.258,0.025884358211089,12.465840339660645,0.8635003566741943
406,/5JLH-alt-1_assembled,214.0,False,all,0.0,P63261,10.584,0.0207364413533272,47.69188690185547,3.7548305988311768
407,/5JLH-alt-1_assembled,237.0,False,all,0.0,P63261,9.144,0.1457051817884315,56.56542205810547,9.10149097442627
408,/5JLH-alt-1_assembled,283.0,False,all,0.0,P63261,10.112,0.1127829774389737,57.0479736328125,9.473219871520996
409,/5JLH-alt-1_assembled,290.0,False,all,0.0,P63261,10.646,0.2912559012277697,71.28315734863281,4.017215251922607
410,/5JLH-alt-1_assembled,314.0,False,all,0.0,P63261,9.85,0.0612372435695795,44.555320739746094,2.858570098876953
411,/5JLH-alt-1_assembled,325.0,False,all,0.0,P63261,10.361999999999998,0.0216794833886789,101.2815933227539,3.386497735977173
412,/5JLH-alt-1_assembled,335.0,False,all,0.0,P63261,9.861999999999998,0.0044721359549994,44.9038314819336,1.3537514209747314
413,/5JLH-alt-1_assembled,358.0,False,all,0.0,P63261,11.444,0.0054772255750515,27.1031494140625,1.361690640449524
414,/5JLH-alt-1_assembled,372.0,False,all,0.0,P63261,10.768,0.0303315017762064,47.79912185668945,1.9530513286590576
415,/6NR8-alt-1_assembled,19.0,False,all,0.0,Q99832,10.185,0.2899137802864845,43.16129302978516,5.876452445983887
416,/6NR8-alt-1_assembled,26.0,False,all,0.0,Q99832,9.55,0.0,47.04849243164063,0.0
417,/6NR8-alt-1_assembled,28.0,False,all,0.0,Q99832,10.58,0.0,70.10359191894531,0.0
418,/6NR8-alt-1_assembled,41.0,False,all,0.0,Q99832,9.476666666666668,1.193077253715506,14.521140098571776,13.112317085266112
419,/6NR8-alt-1_assembled,42.0,False,all,0.0,Q99832,9.696666666666664,0.265455583227527,32.08054733276367,14.560527801513672
420,/6NR8-alt-1_assembled,73.0,False,all,0.0,Q99832,10.533333333333331,0.2343786110832933,27.121023178100582,20.939777374267575
421,/6NR8-alt-1_assembled,83.0,False,all,0.0,Q99832,9.64,0.0,63.53556823730469,0.0
422,/6NR8-alt-1_assembled,85.0,False,all,0.0,Q99832,10.83,0.0,62.19515609741211,0.0
423,/6NR8-alt-1_assembled,90.0,False,all,0.0,Q99832,10.61,0.0,46.78041076660156,0.0
424,/6NR8-alt-1_assembled,92.0,False,all,0.0,Q99832,10.475,0.2192031021678301,54.21969985961914,11.089436531066896
425,/6NR8-alt-1_assembled,97.0,False,all,0.0,Q99832,8.84,0.0,10.589262008666992,0.0
426,/6NR8-alt-1_assembled,98.0,False,all,0.0,Q99832,10.45,0.0,35.386898040771484,0.0
427,/6NR8-alt-1_assembled,106.0,False,all,0.0,Q99832,9.3125,1.5687229413337038,34.68318176269531,18.61368751525879
428,/6NR8-alt-1_assembled,43.0,False,all,0.0,Q99832,9.7725,0.9320720644528158,20.240234375,21.45414352416992
429,/6NR8-alt-1_assembled,62.0,False,all,0.0,Q99832,10.443333333333332,0.2345918441321715,43.38469314575195,8.065157890319824
430,/6NR8-alt-1_assembled,69.0,False,all,0.0,Q99832,11.49,0.0,34.448612213134766,0.0
431,/6NR8-alt-1_assembled,84.0,False,all,0.0,Q99832,10.225714285714286,0.7882651233956154,45.97616195678711,15.410085678100586
432,/6NR8-alt-1_assembled,94.0,False,all,0.0,Q99832,9.98,0.4132795663954366,14.521140098571776,10.917852401733398
433,/6NR8-alt-1_assembled,99.0,False,all,0.0,Q99832,10.55,0.0,73.58866882324219,0.0
434,/6NR8-alt-1_assembled,111.0,False,all,0.0,Q99832,8.596666666666666,2.67978232946882,23.457223892211918,21.08030891418457
435,/6NR8-alt-1_assembled,113.0,False,all,0.0,Q99832,9.67,0.0,29.48908233642578,0.0
436,/6NR8-alt-1_assembled,121.0,False,all,0.0,Q99832,10.48,0.0,45.30595397949219,0.0
437,/6NR8-alt-1_assembled,51.0,False,all,0.0,Q99832,10.58,0.0,73.32058715820312,0.0
438,/6NR8-alt-1_assembled,52.0,False,all,0.0,Q99832,9.8,0.0,14.61050033569336,0.0
439,/6NR8-alt-1_assembled,59.0,False,all,0.0,Q99832,8.222,1.1871267834565944,10.079904556274414,12.685647010803224
440,/6NR8-alt-1_assembled,61.0,False,all,0.0,Q99832,10.56,0.0,64.3398208618164,0.0
441,/6NR8-alt-1_assembled,70.0,False,all,0.0,Q99832,9.52,0.0,44.76979064941406,0.0
442,/6NR8-alt-1_assembled,71.0,False,all,0.0,Q99832,10.35,0.0,36.057106018066406,0.0
443,/6NR8-alt-1_assembled,75.0,False,all,0.0,Q99832,9.985,0.0919238815542517,45.77510070800781,23.411029815673828
444,/6NR8-alt-1_assembled,82.0,False,all,0.0,Q99832,10.173333333333334,0.7894512862319844,33.912445068359375,13.743644714355469
445,/6NR8-alt-1_assembled,89.0,False,all,0.0,Q99832,10.49,0.0754983443527076,37.84432220458984,2.3422091007232666
446,/6NR8-alt-1_assembled,93.0,False,all,0.0,Q99832,8.84,0.0,9.516931533813477,0.0
447,/6NR8-alt-1_assembled,95.0,False,all,0.0,Q99832,10.77,0.0,52.14205932617188,0.0
448,/6NR8-alt-1_assembled,114.0,False,all,0.0,Q99832,8.59,0.0,43.83150100708008,0.0
449,/6NR8-alt-1_assembled,122.0,False,all,0.0,Q99832,10.43,0.8363412381717563,35.58796310424805,10.84133529663086
450,/6NR8-alt-1_assembled,146.0,False,all,0.0,Q99832,10.41,0.0,70.9078369140625,0.0
451,/6NR8-alt-1_assembled,153.0,False,all,0.0,Q99832,10.49,0.3291656118126554,46.88764190673828,8.785788536071777
452,/6NR8-alt-1_assembled,22.0,False,all,0.0,Q99832,9.56,0.0,20.508316040039062,0.0
453,/6NR8-alt-1_assembled,25.0,False,all,0.0,Q99832,9.585,0.7831772894221762,45.54052734375,17.84423828125
454,/6NR8-alt-1_assembled,37.0,False,all,0.0,Q99832,10.4775,0.4807199461918202,53.21438980102539,7.386474132537842
455,/6NR8-alt-1_assembled,44.0,False,all,0.0,Q99832,9.455,0.5927056605094976,24.294981002807617,19.214052200317383
456,/6NR8-alt-1_assembled,45.0,False,all,0.0,Q99832,9.476666666666668,0.7876759062795642,25.82528686523437,38.35416030883789
457,/6NR8-alt-1_assembled,91.0,False,all,0.0,Q99832,11.23,0.0,13.404129028320312,0.0
458,/6NR8-alt-1_assembled,116.0,False,all,0.0,Q99832,10.015,0.0070710678118653,49.26016998291016,4.075604438781738
459,/6NR8-alt-1_assembled,47.0,False,all,0.0,Q99832,9.076666666666666,0.5093459858812408,16.353036880493164,9.007733345031738
460,/6NR8-alt-1_assembled,55.0,False,all,0.0,Q99832,9.494285714285716,1.0149689181260209,39.791114807128906,26.170387268066406
461,/6NR8-alt-1_assembled,60.0,False,all,0.0,Q99832,9.61,0.0,22.92106056213379,0.0
462,/6NR8-alt-1_assembled,100.0,False,all,0.0,Q99832,9.59,0.0,20.508316040039062,0.0
463,/6NR8-alt-1_assembled,104.0,False,all,0.0,Q99832,10.626666666666669,0.7700865752195231,45.26127243041992,9.201457977294922
464,/6NR8-alt-1_assembled,112.0,False,all,0.0,Q99832,10.37,0.0,72.24825286865234,0.0
465,/6NR8-alt-1_assembled,124.0,False,all,0.0,Q99832,11.22,0.0,34.98477554321289,0.0
466,/6NR8-alt-1_assembled,128.0,False,all,0.0,Q99832,10.340000000000002,0.2986636904613619,34.493289947509766,22.850927352905277
467,/6NR8-alt-1_assembled,15.0,False,all,0.0,Q99832,10.465,0.0919238815542504,44.83681106567383,6.539923191070557
468,/6NR8-alt-1_assembled,21.0,False,all,0.0,Q99832,10.343333333333334,0.1365039681962886,65.36746215820312,7.74235725402832
469,/6NR8-alt-1_assembled,32.0,False,all,0.0,Q99832,8.26,0.0,10.857344627380373,0.0
470,/6NR8-alt-1_assembled,58.0,False,all,0.0,Q99832,7.153333333333333,1.965714458748608,4.691444873809815,5.674238681793213
471,/6NR8-alt-1_assembled,66.0,False,all,0.0,Q99832,10.73,0.0,51.87397766113281,0.0
472,/6NR8-alt-1_assembled,78.0,False,all,0.0,Q99832,9.833333333333334,0.3056686659331206,44.81447219848633,19.888011932373047
473,/6NR8-alt-1_assembled,88.0,False,all,0.0,Q99832,10.38,0.0,54.152679443359375,0.0
474,/6NR8-alt-1_assembled,33.0,False,all,0.0,Q99832,8.68,0.876812408671319,27.74654769897461,8.34077262878418
475,/6NR8-alt-1_assembled,63.0,False,all,0.0,Q99832,10.77,0.0424264068711932,58.44200134277344,9.288588523864746
476,/6NR8-alt-1_assembled,102.0,False,all,0.0,Q99832,10.38,0.2687005768508886,55.69415283203125,6.729488372802734
477,/6NR8-alt-1_assembled,109.0,False,all,0.0,Q99832,9.8125,1.2332713948411085,24.563066482543945,17.432025909423828
478,/6NR8-alt-1_assembled,126.0,False,all,0.0,Q99832,9.1975,0.8185912696008101,38.10123443603516,16.918033599853516
479,/6NR8-alt-1_assembled,159.0,False,all,0.0,Q99832,11.305,1.528953890737062,14.34241771697998,10.140586853027344
480,/6NR8-alt-1_assembled,180.0,False,all,0.0,Q99832,9.745,1.123283876260435,40.04483413696289,12.310593605041504
481,/6NR8-alt-1_assembled,199.0,False,all,0.0,Q99832,9.911666666666664,0.5460555527294514,38.33580780029297,25.823184967041016
482,/6NR8-alt-1_assembled,227.0,False,all,0.0,Q99832,10.05,0.0565685424949238,27.880586624145508,18.38761138916016
483,/6NR8-alt-1_assembled,233.0,False,all,0.0,Q99832,10.21,0.0282842712474625,45.037872314453125,12.890284538269045
484,/6NR8-alt-1_assembled,243.0,False,all,0.0,Q99832,9.76,1.3283322877453012,47.61816787719727,23.84839630126953
485,/6NR8-alt-1_assembled,245.0,False,all,0.0,Q99832,10.02,0.2469817807045694,49.69580459594727,18.31724548339844
486,/6NR8-alt-1_assembled,247.0,False,all,0.0,Q99832,9.9,0.4084605244084182,33.26457977294922,13.198654174804688
487,/6NR8-alt-1_assembled,259.0,False,all,0.0,Q99832,10.325,0.0732575365861194,41.184181213378906,11.088153839111328
488,/6NR8-alt-1_assembled,272.0,False,all,0.0,Q99832,10.45,0.6458482793969493,48.5452880859375,19.122655868530277
489,/6NR8-alt-1_assembled,277.0,False,all,0.0,Q99832,9.5425,1.4232679532212713,31.734272003173828,19.883455276489254
490,/6NR8-alt-1_assembled,298.0,False,all,0.0,Q99832,9.915,0.2050609665440994,40.34642791748047,30.51964569091797
491,/6NR8-alt-1_assembled,313.0,False,all,0.0,Q99832,10.510000000000002,0.1838477631085022,40.94961166381836,12.795501708984377
492,/6NR8-alt-1_assembled,317.0,False,all,0.0,Q99832,10.266666666666667,0.5583069645514611,59.73773193359375,9.692089080810549
493,/6NR8-alt-1_assembled,321.0,False,all,0.0,Q99832,9.7525,1.1086139995507909,51.06972503662109,28.070049285888672
494,/6NR8-alt-1_assembled,365.0,False,all,0.0,Q99832,10.2675,0.5836879874270727,48.12082290649414,29.245792388916016
495,/6NR8-alt-1_assembled,368.0,False,all,0.0,Q99832,10.35,0.2907920218988134,41.95492172241211,7.848458766937256
496,/6NR8-alt-1_assembled,400.0,False,all,0.0,Q99832,9.2575,0.8282662615367111,30.728965759277344,11.103805541992188
497,/6NR8-alt-1_assembled,406.0,False,all,0.0,Q99832,9.905,1.350666502138852,41.68684005737305,27.425121307373047
498,/6NR8-alt-1_assembled,466.0,False,all,0.0,Q99832,9.635,0.850156848273697,39.34111785888672,17.804296493530273
499,/6NR8-alt-1_assembled,481.0,False,all,0.0,Q99832,10.22,0.2687005768508886,46.04318237304688,13.74332046508789
500,/6NR8-alt-1_assembled,484.0,False,all,0.0,Q99832,8.665,1.1950104602052651,4.289321422576904,3.791260242462158
501,/6NR8-alt-1_assembled,494.0,False,all,0.0,Q99832,9.47,0.3959797974644669,44.30064392089844,2.938227415084839
502,/6NR8-alt-1_assembled,499.0,False,all,0.0,Q99832,9.71,0.9333809511662416,31.901824951171875,19.335426330566406
503,/6NR8-alt-1_assembled,510.0,False,all,0.0,Q99832,10.9,0.4101219330881976,33.71138381958008,13.553752899169922
504,/6NR8-alt-1_assembled,512.0,False,all,0.0,Q99832,9.26,0.0848528137423864,18.028553009033203,0.2843435406684875
505,/6NR8-alt-1_assembled,515.0,False,all,0.0,Q99832,10.045,0.7424621202458754,54.6888427734375,12.32159423828125
506,/6NR8-alt-1_assembled,532.0,False,all,0.0,Q99832,9.765,0.4171930009000629,34.11350631713867,0.094781182706356
507,/6NR8-alt-1_assembled,40.0,False,all,0.0,Q99832,9.28,1.8667619023324853,25.33380508422852,20.851930618286133
508,/6NR8-alt-1_assembled,46.0,False,all,0.0,Q99832,8.75,0.0424264068711919,13.471149444580078,2.55910062789917
509,/6NR8-alt-1_assembled,50.0,False,all,0.0,Q99832,8.995000000000001,0.9404520189781084,15.347726821899414,17.345014572143555
510,/6NR8-alt-1_assembled,72.0,False,all,0.0,Q99832,9.56,0.9050966799187804,46.84742736816406,9.193803787231444
511,/6NR8-alt-1_assembled,119.0,False,all,0.0,Q99832,9.69,0.0282842712474625,61.92707443237305,2.8434462547302246
512,/6NR8-alt-1_assembled,120.0,False,all,0.0,Q99832,10.15,0.0707106781186545,67.62383270263672,17.53458023071289
513,/6NR8-alt-1_assembled,135.0,False,all,0.0,Q99832,10.6525,0.7352720584926371,48.75751876831055,18.787267684936523
514,/6NR8-alt-1_assembled,154.0,False,all,0.0,Q99832,10.38,0.1272792206135796,37.53156280517578,5.497327327728272
515,/6NR8-alt-1_assembled,170.0,False,all,0.0,Q99832,11.1025,0.762293687935737,29.45557403564453,21.74235343933105
516,/6NR8-alt-1_assembled,176.0,False,all,0.0,Q99832,9.12,0.9774797525609762,25.635395050048828,11.425463676452637
517,/6NR8-alt-1_assembled,181.0,False,all,0.0,Q99832,10.28375,0.6911261513955738,40.21238708496094,15.862404823303224
518,/6NR8-alt-1_assembled,191.0,False,all,0.0,Q99832,10.645,0.5486042896903618,64.97651672363281,12.151947021484377
519,/6NR8-alt-1_assembled,203.0,False,all,0.0,Q99832,10.3175,0.3215975746177201,31.131088256835938,4.544738292694092
520,/6NR8-alt-1_assembled,204.0,False,all,0.0,Q99832,9.94,1.7111984104714448,23.12212181091309,27.770980834960938
521,/6NR8-alt-1_assembled,222.0,False,all,0.0,Q99832,9.9,0.6636565376759279,29.69014549255371,26.69417762756348
522,/6NR8-alt-1_assembled,223.0,False,all,0.0,Q99832,10.233333333333333,0.6705420692743054,47.20487594604492,9.941280364990234
523,/6NR8-alt-1_assembled,230.0,False,all,0.0,Q99832,10.375,0.1040832999733066,48.3889045715332,18.298479080200195
524,/6NR8-alt-1_assembled,236.0,False,all,0.0,Q99832,10.045,0.2017424100183205,50.26548004150391,11.80730438232422
525,/6NR8-alt-1_assembled,248.0,False,all,0.0,Q99832,9.0325,0.879483750086758,17.123775482177734,11.240503311157228
526,/6NR8-alt-1_assembled,250.0,False,all,0.0,Q99832,9.965,0.3585619425798936,44.09958267211914,16.936298370361328
527,/6NR8-alt-1_assembled,263.0,False,all,0.0,Q99832,10.19,0.2467117075995111,45.37297821044922,37.729305267333984
528,/6NR8-alt-1_assembled,274.0,False,all,0.0,Q99832,10.815,0.7424621202458754,23.189144134521484,8.34077262878418
529,/6NR8-alt-1_assembled,276.0,False,all,0.0,Q99832,10.82,1.03237590053236,56.90052795410156,20.188461303710938
530,/6NR8-alt-1_assembled,278.0,False,all,0.0,Q99832,9.12,0.6781346965512579,11.56106185913086,11.000849723815918
531,/6NR8-alt-1_assembled,284.0,False,all,0.0,Q99832,10.9875,0.6998749888372923,56.196807861328125,19.82312393188477
532,/6NR8-alt-1_assembled,342.0,False,all,0.0,Q99832,10.505,0.1343502884254437,53.75055694580078,12.32159423828125
533,/6NR8-alt-1_assembled,347.0,False,all,0.0,Q99832,10.45,0.0424264068711932,79.35244750976562,14.596349716186523
534,/6NR8-alt-1_assembled,358.0,False,all,0.0,Q99832,10.49,0.9616652224137042,43.96554183959961,7.013829231262207
535,/6NR8-alt-1_assembled,402.0,False,all,0.0,Q99832,10.2,0.0989949493661157,65.54618835449219,16.871103286743164
536,/6NR8-alt-1_assembled,431.0,False,all,0.0,Q99832,10.260000000000002,0.9899494936611668,32.303951263427734,9.478151321411133
537,/6NR8-alt-1_assembled,441.0,False,all,0.0,Q99832,10.315,0.7990306627407993,34.448612213134766,13.07984733581543
538,/6NR8-alt-1_assembled,500.0,False,all,0.0,Q99832,10.245,0.1060660171779823,24.529556274414062,0.3791260719299316
539,/6NR8-alt-1_assembled,522.0,False,all,0.0,Q99832,10.695,0.2616295090390232,32.16990661621094,7.582518577575684
540,/6NR8-alt-1_assembled,31.0,False,all,0.0,Q99832,10.41,0.1131370849898477,53.61651611328125,8.719898223876953
541,/6NR8-alt-1_assembled,48.0,False,all,0.0,Q99832,8.7,0.1838477631085022,9.85203456878662,0.284344881772995
542,/6NR8-alt-1_assembled,138.0,False,all,0.0,Q99832,10.813333333333333,0.6976436530684323,33.73372268676758,10.087411880493164
543,/6NR8-alt-1_assembled,139.0,False,all,0.0,Q99832,10.61,0.372111094522411,51.002708435058594,9.94227409362793
544,/6NR8-alt-1_assembled,163.0,False,all,0.0,Q99832,11.015,0.5586143571373732,32.5720329284668,0.9478158354759216
545,/6NR8-alt-1_assembled,196.0,False,all,0.0,Q99832,9.42,0.4525483399593908,55.49309539794922,19.14586639404297
546,/6NR8-alt-1_assembled,197.0,False,all,0.0,Q99832,10.1775,0.6132087735836795,56.062767028808594,22.635223388671875
547,/6NR8-alt-1_assembled,234.0,False,all,0.0,Q99832,10.41,0.4666904755831215,59.91645431518555,14.027663230895996
548,/6NR8-alt-1_assembled,249.0,False,all,0.0,Q99832,9.855,1.4212846301849604,33.10819625854492,33.55265045166016
549,/6NR8-alt-1_assembled,286.0,False,all,0.0,Q99832,10.645,0.5727564927611039,60.65367889404297,2.5590999126434326
550,/6NR8-alt-1_assembled,294.0,False,all,0.0,Q99832,10.38,0.8202438661763952,53.214393615722656,22.937124252319336
551,/6NR8-alt-1_assembled,353.0,False,all,0.0,Q99832,9.88,0.7212489168102794,35.52094268798828,4.549510478973389
552,/6NR8-alt-1_assembled,354.0,False,all,0.0,Q99832,10.695,0.1909188309203675,47.51763534545898,0.094781182706356
553,/6NR8-alt-1_assembled,367.0,False,all,0.0,Q99832,10.325,0.7059036761485242,47.31657409667969,5.3269124031066895
554,/6NR8-alt-1_assembled,370.0,False,all,0.0,Q99832,9.8125,0.5111017511220247,37.12943649291992,26.212068557739254
555,/6NR8-alt-1_assembled,381.0,False,all,0.0,Q99832,9.735,0.8695017730478375,39.94430160522461,19.14773941040039
556,/6NR8-alt-1_assembled,425.0,False,all,0.0,Q99832,10.615,0.51618795026618,34.783714294433594,13.553752899169922
557,/6NR8-alt-1_assembled,427.0,False,all,0.0,Q99832,8.83,0.1979898987322341,42.62512969970703,3.791260719299317
558,/6NR8-alt-1_assembled,469.0,False,all,0.0,Q99832,8.969999999999999,2.206173157302028,17.894512176513672,23.600595474243164
559,/6NR8-alt-1_assembled,491.0,False,all,0.0,Q99832,10.52,0.0424264068711932,60.05049896240234,7.013831615447998
560,/6NR8-alt-1_assembled,502.0,False,all,0.0,Q99832,11.231666666666667,1.4357773736435142,32.10288619995117,17.75482940673828
561,/6NR8-alt-1_assembled,507.0,False,all,0.0,Q99832,9.675,0.0070710678118653,42.155982971191406,3.317354679107666
562,/6NR8-alt-1_assembled,29.0,False,all,0.0,Q99832,10.325,0.3040559159102152,70.03657531738281,16.2076358795166
563,/6NR8-alt-1_assembled,65.0,False,all,0.0,Q99832,11.17,0.4242640687119295,62.79833984375,7.487737655639648
564,/6NR8-alt-1_assembled,79.0,False,all,0.0,Q99832,9.704999999999998,0.475920161371632,46.210731506347656,25.364015579223636
565,/6NR8-alt-1_assembled,96.0,False,all,0.0,Q99832,10.5425,0.1767059704707227,53.683536529541016,9.177995681762695
566,/6NR8-alt-1_assembled,143.0,False,all,0.0,Q99832,8.725,0.3889087296526016,20.642358779907227,9.85727596282959
567,/6NR8-alt-1_assembled,174.0,False,all,0.0,Q99832,10.495,0.077781745930521,50.06442260742188,31.372676849365234
568,/6NR8-alt-1_assembled,193.0,False,all,0.0,Q99832,9.61,0.3281259920619922,37.933685302734375,11.708489418029783
569,/6NR8-alt-1_assembled,209.0,False,all,0.0,Q99832,9.815,1.3081475451951126,19.23492431640625,14.122444152832031
570,/6NR8-alt-1_assembled,212.0,False,all,0.0,Q99832,11.145,0.1060660171779823,33.778404235839844,10.994654655456545
571,/6NR8-alt-1_assembled,213.0,False,all,0.0,Q99832,8.739999999999998,0.5232590180780453,5.428671836853027,1.4217227697372437
572,/6NR8-alt-1_assembled,232.0,False,all,0.0,Q99832,8.79,1.218222749199286,19.737579345703125,30.806833267211918
573,/6NR8-alt-1_assembled,257.0,False,all,0.0,Q99832,10.01,0.4384062043356602,35.31987762451172,22.084089279174805
574,/6NR8-alt-1_assembled,288.0,False,all,0.0,Q99832,10.01,0.3959797974644657,52.67822647094727,9.857275009155272
575,/6NR8-alt-1_assembled,291.0,False,all,0.0,Q99832,9.575,0.2333452377915607,33.17521667480469,5.402546405792236
576,/6NR8-alt-1_assembled,292.0,False,all,0.0,Q99832,10.170000000000002,0.1505545305418159,41.016632080078125,12.042847633361816
577,/6NR8-alt-1_assembled,302.0,False,all,0.0,Q99832,10.475,0.1484924240491756,47.115509033203125,4.075604438781738
578,/6NR8-alt-1_assembled,319.0,False,all,0.0,Q99832,10.135000000000002,0.120208152801713,55.157989501953125,4.833856582641602
579,/6NR8-alt-1_assembled,326.0,False,all,0.0,Q99832,9.7575,1.2188895219283276,33.811912536621094,12.378514289855955
580,/6NR8-alt-1_assembled,338.0,False,all,0.0,Q99832,9.44,0.3252691193458112,29.153980255126957,9.572931289672852
581,/6NR8-alt-1_assembled,343.0,False,all,0.0,Q99832,10.175,0.1484924240491743,51.40483093261719,3.5069172382354736
582,/6NR8-alt-1_assembled,372.0,False,all,0.0,Q99832,10.43,0.0424264068711932,43.29533386230469,3.2225711345672607
583,/6NR8-alt-1_assembled,375.0,False,all,0.0,Q99832,9.185,1.2798632739476514,20.173213958740234,8.625117301940918
584,/6NR8-alt-1_assembled,384.0,False,all,0.0,Q99832,10.83,0.3394112549695431,38.938995361328125,6.729488372802734
585,/6NR8-alt-1_assembled,395.0,False,all,0.0,Q99832,9.4,0.3252691193458125,54.48778533935547,8.245992660522461
586,/6NR8-alt-1_assembled,417.0,False,all,0.0,Q99832,9.61,0.7919595949289326,42.088966369628906,10.04684066772461
587,/6NR8-alt-1_assembled,489.0,False,all,0.0,Q99832,10.045,1.6758430714121184,29.422061920166016,29.85617446899414
588,/6NR8-alt-1_assembled,497.0,False,all,0.0,Q99832,10.19,0.3676955262170044,57.36967468261719,22.747560501098636
589,/6NR8-alt-1_assembled,531.0,False,all,0.0,Q99832,8.7,1.6970562748477145,11.594571113586426,9.95205783843994
590,/6NR8-alt-1_assembled,35.0,False,all,0.0,Q99832,11.005,0.0070710678118653,37.73262023925781,2.5590999126434326
591,/6NR8-alt-1_assembled,64.0,False,all,0.0,Q99832,10.92,0.0,73.11952209472656,3.1277899742126465
592,/6NR8-alt-1_assembled,150.0,False,all,0.0,Q99832,10.34,0.0,46.24424362182617,1.326941967010498
593,/6NR8-alt-1_assembled,160.0,False,all,0.0,Q99832,10.41,0.0,75.80034637451172,0.6634736657142639
594,/6NR8-alt-1_assembled,210.0,False,all,0.0,Q99832,10.395,0.0212132034355959,60.05049896240234,2.4643187522888184
595,/6NR8-alt-1_assembled,214.0,False,all,0.0,Q99832,10.5,0.0,41.82088088989258,1.13737952709198
596,/6NR8-alt-1_assembled,226.0,False,all,0.0,Q99832,10.63,0.0,29.891206741333008,1.326941967010498
597,/6NR8-alt-1_assembled,241.0,False,all,0.0,Q99832,10.415,0.27,50.231971740722656,13.490253448486328
598,/6NR8-alt-1_assembled,242.0,False,all,0.0,Q99832,9.51,0.0,18.09557342529297,0.1895623654127121
599,/6NR8-alt-1_assembled,261.0,False,all,0.0,Q99832,10.3225,0.1158663022625644,62.36270904541016,15.12406063079834
600,/6NR8-alt-1_assembled,265.0,False,all,0.0,Q99832,10.3825,0.3019243834693269,66.38394165039062,18.64198112487793
601,/6NR8-alt-1_assembled,275.0,False,all,0.0,Q99832,10.36,0.0,65.07704162597656,6.1607985496521
602,/6NR8-alt-1_assembled,279.0,False,all,0.0,Q99832,10.275,0.0636396103067891,71.17591857910156,2.085191488265991
603,/6NR8-alt-1_assembled,282.0,False,all,0.0,Q99832,9.29,0.1414213562373102,32.97415542602539,1.706066608428955
604,/6NR8-alt-1_assembled,293.0,False,all,0.0,Q99832,10.32,0.0,40.547489166259766,1.0425983667373655
605,/6NR8-alt-1_assembled,352.0,False,all,0.0,Q99832,10.565,0.1626345596729062,13.27008819580078,0.1895630359649658
606,/6NR8-alt-1_assembled,378.0,False,all,0.0,Q99832,10.35,0.0,49.59527587890625,3.6016957759857178
607,/6NR8-alt-1_assembled,392.0,False,all,0.0,Q99832,10.325,0.0070710678118653,74.39291381835938,2.27475905418396
608,/6NR8-alt-1_assembled,399.0,False,all,0.0,Q99832,9.675,0.5551276129563965,12.298288345336914,9.44864273071289
609,/6NR8-alt-1_assembled,439.0,False,all,0.0,Q99832,8.7375,2.4142269294054914,38.16825866699219,19.256086349487305
610,/6NR8-alt-1_assembled,483.0,False,all,0.0,Q99832,10.14,0.0,56.09627532958984,3.696479558944702
611,/6NR8-alt-1_assembled,496.0,False,all,0.0,Q99832,9.95,0.0707106781186545,45.64105987548828,0.8530333638191223
612,/6NR8-alt-1_assembled,513.0,False,all,0.0,Q99832,11.74,0.0,20.37427520751953,1.706066608428955
613,/6NR8-alt-1_assembled,514.0,False,all,0.0,Q99832,9.45,0.0,52.276100158691406,1.5165042877197266
614,/6NR8-alt-1_assembled,529.0,False,all,0.0,Q99832,8.57,1.8809040379562163,21.111501693725582,9.383368492126465
615,/6NR8-alt-1_assembled,535.0,False,all,0.0,Q99832,9.965,0.2192031021678288,15.950912475585938,0.5686891078948975
616,/6NR8-alt-1_assembled,127.0,False,all,0.0,Q99832,9.675,0.5868986283848344,13.337108612060549,1.8008484840393066
617,/6NR8-alt-1_assembled,129.0,False,all,0.0,Q99832,9.425,0.5868986283848344,25.40082359313965,6.539923191070557
618,/6NR8-alt-1_assembled,251.0,False,all,0.0,Q99832,10.385,0.0636396103067891,55.49309158325195,36.77522277832031
619,/6NR8-alt-1_assembled,258.0,False,all,0.0,Q99832,10.665,0.3464823227814084,48.254859924316406,47.390750885009766
620,/6NR8-alt-1_assembled,273.0,False,all,0.0,Q99832,11.025,0.0212132034355959,26.808258056640625,4.739075183868408
621,/6NR8-alt-1_assembled,280.0,False,all,0.0,Q99832,10.145,0.6410668191902198,39.073036193847656,10.209747314453123
622,/6NR8-alt-1_assembled,287.0,False,all,0.0,Q99832,10.5675,0.8778145210312563,46.24424362182617,9.792049407958984
623,/6NR8-alt-1_assembled,295.0,False,all,0.0,Q99832,9.67,0.5232590180780441,35.52094268798828,0.56868976354599
624,/6NR8-alt-1_assembled,307.0,False,all,0.0,Q99832,10.6425,0.2783732506306351,63.53556823730469,11.78903102874756
625,/6NR8-alt-1_assembled,359.0,False,all,0.0,Q99832,10.3,0.0707106781186545,43.63043975830078,0.094781182706356
626,/6NR8-alt-1_assembled,377.0,False,all,0.0,Q99832,9.925,1.2091525958289957,13.94029426574707,15.35460376739502
627,/6NR8-alt-1_assembled,388.0,False,all,0.0,Q99832,9.865,0.5020458146424494,31.901824951171875,14.406786918640137
628,/6NR8-alt-1_assembled,424.0,False,all,0.0,Q99832,9.61,1.1596551211459385,50.46654510498047,31.75180053710937
629,/6NR8-alt-1_assembled,426.0,False,all,0.0,Q99832,9.915,0.3889087296526003,41.08365249633789,14.312005043029783
630,/6NR8-alt-1_assembled,430.0,False,all,0.0,Q99832,9.3825,0.5747680691664532,40.6815299987793,30.97668838500977
631,/6NR8-alt-1_assembled,449.0,False,all,0.0,Q99832,9.355,0.4454772721475255,14.945603370666504,4.45473051071167
632,/6NR8-alt-1_assembled,465.0,False,all,0.0,Q99832,9.425,1.6899852070358476,43.89852142333984,14.122444152832031
633,/6NR8-alt-1_assembled,501.0,False,all,0.0,Q99832,9.435,1.294005409571382,12.93498420715332,6.539923191070557
634,/6NR8-alt-1_assembled,67.0,False,all,0.0,Q99832,10.255,0.7566042558696048,42.29002380371094,0.0947838798165321
635,/6NR8-alt-1_assembled,77.0,False,all,0.0,Q99832,9.3,0.5091168824543147,23.72530746459961,4.170385360717773
636,/6NR8-alt-1_assembled,137.0,False,all,0.0,Q99832,9.525,0.3181980515339458,31.43268203735352,4.644294261932373
637,/6NR8-alt-1_assembled,144.0,False,all,0.0,Q99832,9.595,1.3788582233137685,16.218996047973633,6.255579471588135
638,/6NR8-alt-1_assembled,145.0,False,all,0.0,Q99832,10.845,0.7424621202458742,69.29934692382812,7.582518577575684
639,/6NR8-alt-1_assembled,148.0,False,all,0.0,Q99832,9.93,1.0606601717798212,25.132740020751957,5.023420333862305
640,/6NR8-alt-1_assembled,157.0,False,all,0.0,Q99832,9.41,0.6788225099390862,38.87197494506836,0.0
641,/6NR8-alt-1_assembled,166.0,False,all,0.0,Q99832,9.26,1.7819090885900994,35.65498352050781,22.55799865722656
642,/6NR8-alt-1_assembled,172.0,False,all,0.0,Q99832,9.96,0.1697056274847715,29.623123168945312,4.928637504577637
643,/6NR8-alt-1_assembled,177.0,False,all,0.0,Q99832,10.375,0.0212132034355972,45.37297439575195,9.572931289672852
644,/6NR8-alt-1_assembled,198.0,False,all,0.0,Q99832,7.949999999999999,1.286934341759516,6.232919692993164,3.696478366851807
645,/6NR8-alt-1_assembled,217.0,False,all,0.0,Q99832,9.795,0.0777817459305198,36.12412643432617,2.7486650943756104
646,/6NR8-alt-1_assembled,218.0,False,all,0.0,Q99832,10.245,0.077781745930521,62.53025817871094,5.402543544769287
647,/6NR8-alt-1_assembled,231.0,False,all,0.0,Q99832,10.95,0.6646803743153543,56.36436080932617,2.179972648620605
648,/6NR8-alt-1_assembled,320.0,False,all,0.0,Q99832,10.25,0.0282842712474612,45.70807647705078,10.04684066772461
649,/6NR8-alt-1_assembled,366.0,False,all,0.0,Q99832,10.005,0.0919238815542517,50.46654510498047,8.625117301940918
650,/6NR8-alt-1_assembled,440.0,False,all,0.0,Q99832,8.8975,0.2592778432492834,31.298641204833984,6.390552043914795
651,/6NR8-alt-1_assembled,463.0,False,all,0.0,Q99832,9.35,0.7495331880577407,40.547489166259766,17.534578323364258
652,/6NR8-alt-1_assembled,521.0,False,all,0.0,Q99832,9.705,1.3930003589374975,22.92105865478516,0.5686883926391602
653,/6NR8-alt-1_assembled,16.0,False,all,0.0,Q99832,8.61,0.0,8.846724510192871,0.0
654,/6NR8-alt-1_assembled,20.0,False,all,0.0,Q99832,10.15,0.1272792206135783,36.8613510131836,7.203393936157227
655,/6NR8-alt-1_assembled,54.0,False,all,0.0,Q99832,8.84,0.5939696961966998,1.3404128551483154,0.5686890482902527
656,/6NR8-alt-1_assembled,152.0,False,all,0.0,Q99832,10.795,1.138441917710341,44.5687255859375,7.487737655639648
657,/6NR8-alt-1_assembled,171.0,False,all,0.0,Q99832,13.035,2.170817818242701,5.830795764923096,6.919049263000488
658,/6NR8-alt-1_assembled,206.0,False,all,0.0,Q99832,11.3,0.2262741699796954,29.153980255126957,2.5590999126434326
659,/6NR8-alt-1_assembled,224.0,False,all,0.0,Q99832,9.775,0.3181980515339458,31.700763702392575,19.051082611083984
660,/6NR8-alt-1_assembled,225.0,False,all,0.0,Q99832,10.325,0.0494974746830585,36.72731018066406,3.601698398590088
661,/6NR8-alt-1_assembled,235.0,False,all,0.0,Q99832,10.36,0.1697056274847715,73.05249786376953,25.211877822875977
662,/6NR8-alt-1_assembled,238.0,False,all,0.0,Q99832,10.14,0.1979898987322328,46.31126403808594,2.938227415084839
663,/6NR8-alt-1_assembled,254.0,False,all,0.0,Q99832,9.06,1.7111984104714448,21.91575050354004,26.25447654724121
664,/6NR8-alt-1_assembled,260.0,False,all,0.0,Q99832,9.595,1.1950104602052651,52.276100158691406,47.76987838745117
665,/6NR8-alt-1_assembled,270.0,False,all,0.0,Q99832,10.32,0.141421356237309,66.01533508300781,10.141618728637695
666,/6NR8-alt-1_assembled,281.0,False,all,0.0,Q99832,11.0,0.0424264068711919,50.46654510498047,6.35036039352417
667,/6NR8-alt-1_assembled,296.0,False,all,0.0,Q99832,10.205,0.0636396103067891,47.31657409667969,4.359950542449951
668,/6NR8-alt-1_assembled,318.0,False,all,0.0,Q99832,10.185,0.1060660171779823,70.03657531738281,1.2321553230285645
669,/6NR8-alt-1_assembled,364.0,False,all,0.0,Q99832,10.535,0.3323401871576765,43.56341552734375,3.601698398590088
670,/6NR8-alt-1_assembled,421.0,False,all,0.0,Q99832,8.725,0.615182899632297,21.714689254760746,18.38761138916016
671,/6NR8-alt-1_assembled,459.0,False,all,0.0,Q99832,10.215,0.51618795026618,58.57604217529297,0.5686870813369751
672,/6NR8-alt-1_assembled,476.0,False,all,0.0,Q99832,11.105,0.3181980515339458,28.55079460144043,8.340773582458496
673,/6NR8-alt-1_assembled,490.0,False,all,0.0,Q99832,10.855,0.6293250352560277,22.317874908447266,0.4739072620868683
674,/6NR8-alt-1_assembled,504.0,False,all,0.0,Q99832,10.989999999999998,0.8909545442950497,22.585956573486328,8.245989799499512
675,/6NR8-alt-1_assembled,509.0,False,all,0.0,Q99832,9.86,0.1979898987322328,49.72931671142578,2.653883934020996
676,/AF-P62807-F1-model_v1,12.0,False,all,77.73,P62807,10.48,0.0,107.6351547241211,0.0
677,/AF-P62807-F1-model_v1/5GT0-alt-1_assembled,13.0,False,all,38.915,P62807,9.715,1.0818733752154186,50.73462677001953,64.35664367675781
678,/AF-P62807-F1-model_v1,16.0,False,all,76.26,P62807,10.48,0.0,95.97356414794922,0.0
679,/AF-P62807-F1-model_v1,17.0,False,all,77.26,P62807,10.47,0.0,97.98418426513672,0.0
680,/AF-P62807-F1-model_v1,21.0,False,all,74.52,P62807,10.47,0.0,96.24164581298828,0.0
681,/AF-P62807-F1-model_v1/5GT0-alt-1_assembled,44.0,False,all,31.73333333333333,P62807,9.326666666666666,1.0007164100449908,50.3995246887207,37.54520034790039
682,/AF-P62807-F1-model_v1,47.0,False,all,97.63,P62807,10.35,0.0,36.19114685058594,0.0
683,/AF-P62807-F1-model_v1,86.0,False,all,96.92,P62807,10.46,0.0,104.95433044433594,0.0
684,/AF-P62807-F1-model_v1,109.0,False,all,95.4,P62807,11.15,0.0,75.86737060546875,0.0
685,/AF-P62807-F1-model_v1,117.0,False,all,92.27,P62807,11.47,0.0,69.43338775634766,0.0
686,/AF-P62807-F1-model_v1,121.0,False,all,92.78,P62807,10.39,0.0,106.42877960205078,0.0
687,/5GT0-alt-1_assembled,37.0,False,all,0.0,P62807,10.575,0.1060660171779823,92.28742980957033,4.075601577758789
688,/5GT0-alt-1_assembled,56.0,False,all,0.0,P62807,10.4,0.141421356237309,80.02264404296875,18.19804573059082
689,/5GT0-alt-1_assembled,64.0,False,all,0.0,P62807,9.42,0.4242640687119295,56.766483306884766,8.056427001953125
690,/5GT0-alt-1_assembled,79.0,False,all,0.0,P62807,10.43,0.2335237318418268,52.91279983520508,9.692075729370115
691,/5GT0-alt-1_assembled,115.0,False,all,0.0,P62807,9.760000000000002,0.0707106781186545,74.12483215332031,11.373779296875
692,/5GT0-alt-1_assembled,122.0,False,all,0.0,P62807,10.22,0.0,53.08034896850586,1.5165042877197266
693,/5GT0-alt-1_assembled,31.0,False,all,0.0,P62807,8.605,0.7000357133746822,54.621826171875,2.369537591934204
694,/5GT0-alt-1_assembled,59.0,False,all,0.0,P62807,11.52,0.0282842712474612,65.54618835449219,3.6016957759857178
695,/5GT0-alt-1_assembled,77.0,False,all,0.0,P62807,9.72,0.0565685424949238,63.20046615600586,9.952055931091309
696,/5GT0-alt-1_assembled,91.0,False,all,0.0,P62807,9.7,0.240416305603426,52.276100158691406,3.4121358394622803
697,/5GT0-alt-1_assembled,20.0,False,all,0.0,P62807,10.31,0.0,103.74795532226562,0.0
698,/5GT0-alt-1_assembled,15.0,False,all,0.0,P62807,9.85,0.0707106781186545,55.157989501953125,3.317352294921875
699,/5GT0-alt-1_assembled,36.0,False,all,0.0,P62807,9.66,0.141421356237309,77.54288482666016,5.971230506896973
700,/5GT0-alt-1_assembled,74.0,False,all,0.0,P62807,10.645,0.1767766952966369,82.50241088867188,2.748659610748291
701,/5GT0-alt-1_assembled,75.0,False,all,0.0,P62807,10.01,0.3959797974644657,21.982770919799805,3.2225711345672607
702,/5GT0-alt-1_assembled,95.0,False,all,0.0,P62807,9.665,0.0212132034355959,79.15138244628906,4.833856582641602
703,/5GT0-alt-1_assembled,118.0,False,all,0.0,P62807,10.39,0.0848528137423851,86.9927978515625,3.41213321685791
704,/5GT0-alt-1_assembled,119.0,False,all,0.0,P62807,10.45,0.0,88.06512451171875,0.0
705,/5GT0-alt-1_assembled,28.0,False,all,0.0,P62807,10.58,0.0,91.95232391357422,0.0
706,/5GT0-alt-1_assembled,30.0,False,all,0.0,P62807,10.9,0.0,70.77379608154297,0.0
707,/5GT0-alt-1_assembled,34.0,False,all,0.0,P62807,10.225,0.2616295090390232,70.4386978149414,15.07025909423828
708,/5GT0-alt-1_assembled,43.0,False,all,0.0,P62807,10.18,0.3394112549695431,58.777103424072266,28.529232025146484
709,/5GT0-alt-1_assembled,46.0,False,all,0.0,P62807,9.565,0.3181980515339458,33.30925750732422,5.592108726501465
710,/5GT0-alt-1_assembled,85.0,False,all,0.0,P62807,9.95,0.3394112549695419,80.35775756835938,3.317352294921875
711,/5GT0-alt-1_assembled,108.0,False,all,0.0,P62807,10.725,0.0353553390593278,71.10890197753906,5.781668186187744
712,/5GT0-alt-1_assembled,116.0,False,all,0.0,P62807,10.655,0.0353553390593266,76.8056640625,14.217226028442385
713,/5GT0-alt-1_assembled,120.0,False,all,0.0,P62807,10.255,0.0353553390593266,56.96754455566406,13.079846382141112
714,/5GT0-alt-1_assembled,125.0,False,all,0.0,P62807,10.785,0.2757716446627539,67.28872680664062,34.31090545654297
715,/AF-P67809-F1-model_v1,52.0,False,all,81.33,P67809,11.51,0.0,54.42076110839844,0.0
716,/AF-P67809-F1-model_v1,53.0,False,all,90.77,P67809,10.42,0.0,83.3736801147461,0.0
717,/AF-P67809-F1-model_v1,58.0,False,all,92.8,P67809,10.66,0.0,89.67362213134766,0.0
718,/AF-P67809-F1-model_v1,64.0,False,all,95.88,P67809,11.42,0.0,79.21839904785156,0.0
719,/AF-P67809-F1-model_v1,81.0,False,all,91.81,P67809,10.45,0.0,103.34583282470705,0.0
720,/AF-P67809-F1-model_v1,92.0,False,all,90.96,P67809,10.28,0.0,78.5481948852539,0.0
721,/AF-P67809-F1-model_v1,93.0,False,all,90.16,P67809,10.25,0.0,72.65037536621094,0.0
722,/AF-P67809-F1-model_v1,98.0,False,all,88.83,P67809,10.95,0.0,17.157283782958984,0.0
723,/AF-P67809-F1-model_v1,118.0,False,all,87.58,P67809,10.52,0.0,109.77981567382812,0.0
724,/AF-P67809-F1-model_v1,137.0,False,all,90.3,P67809,11.39,0.0,92.22040557861328,0.0
725,/6NBW-alt1B_assembled/6NBW-alt1A_assembled,25.0,False,all,0.0,P60709,10.64,0.0,54.95692825317383,0.0
726,/6NBW-alt1B_assembled/6NBW-alt1A_assembled,37.0,False,all,0.0,P60709,10.21,0.0,33.10819625854492,0.0
727,/6NBW-alt1B_assembled/6NBW-alt1A_assembled,53.0,False,all,0.0,P60709,10.32,0.0,95.97356414794922,0.0
728,/6NBW-alt1B_assembled/6NBW-alt1A_assembled,69.0,False,all,0.0,P60709,10.36,0.0,73.32058715820312,0.0
729,/6NBW-alt1B_assembled/6NBW-alt1A_assembled,90.0,False,all,0.0,P60709,9.97,0.0,36.19114685058594,0.0
730,/6NBW-alt1B_assembled/6NBW-alt1A_assembled,104.0,False,all,0.0,P60709,9.54,0.0,25.46784400939941,0.0
731,/6NBW-alt1B_assembled/6NBW-alt1A_assembled,107.0,False,all,0.0,P60709,10.66,0.0,52.00801849365234,0.0
732,/6NBW-alt1B_assembled/6NBW-alt1A_assembled,115.0,False,all,0.0,P60709,10.35,0.0,53.61651611328125,0.0
733,/6NBW-alt1B_assembled/6NBW-alt1A_assembled,125.0,False,all,0.0,P60709,10.71,0.0,63.93769454956055,0.0
734,/6NBW-alt1B_assembled/6NBW-alt1A_assembled,126.0,False,all,0.0,P60709,10.98,0.0,19.033863067626957,0.0
735,/3BYH-alt-1_assembled,18.0,False,all,0.0,P60709,10.63,0.0,19.972150802612305,0.0
736,/3BYH-alt-1_assembled,50.0,False,all,0.0,P60709,9.01,0.0,40.61450958251953,0.0
737,/3BYH-alt-1_assembled,61.0,False,all,0.0,P60709,10.21,0.0,60.98878479003906,0.0
738,/3BYH-alt-1_assembled,68.0,False,all,0.0,P60709,9.39,0.0,21.982770919799805,0.0
739,/3BYH-alt-1_assembled,84.0,False,all,0.0,P60709,9.93,0.0,33.912445068359375,0.0
740,/3BYH-alt-1_assembled,113.0,False,all,0.0,P60709,11.17,0.0,60.58666229248047,0.0
741,/3BYH-alt-1_assembled,118.0,False,all,0.0,P60709,9.78,0.0,45.97616195678711,0.0
742,/3BYH-alt-1_assembled,191.0,False,all,0.0,P60709,10.52,0.0,73.45462799072266,0.0
743,/3BYH-alt-1_assembled,213.0,False,all,0.0,P60709,9.99,0.0,10.857344627380373,0.0
744,/3BYH-alt-1_assembled,215.0,False,all,0.0,P60709,11.74,0.0,44.09958267211914,0.0
745,/3BYH-alt-1_assembled,238.0,False,all,0.0,P60709,10.12,0.0,41.15067672729492,0.0
746,/3BYH-alt-1_assembled,284.0,False,all,0.0,P60709,9.76,0.0,36.59326934814453,0.0
747,/3BYH-alt-1_assembled,291.0,False,all,0.0,P60709,11.48,0.0,49.193153381347656,0.0
748,/3BYH-alt-1_assembled,315.0,False,all,0.0,P60709,10.38,0.0,37.12943649291992,0.0
749,/3BYH-alt-1_assembled,326.0,False,all,0.0,P60709,9.99,0.0,65.27810668945312,0.0
750,/3BYH-alt-1_assembled,336.0,False,all,0.0,P60709,9.29,0.0,62.86536407470703,0.0
751,/3BYH-alt-1_assembled,359.0,False,all,0.0,P60709,10.3,0.0,32.84011459350586,0.0
752,/3BYH-alt-1_assembled,373.0,False,all,0.0,P60709,10.63,0.0,47.31657409667969,0.0
753,/3BYH-alt-1_assembled,430.0,False,all,0.0,P60709,9.73,0.0,59.91645431518555,0.0
754,/3BYH-alt-1_assembled,439.0,False,all,0.0,P60709,10.46,0.0,86.59066772460938,0.0
755,/3BYH-alt-1_assembled,443.0,False,all,0.0,P60709,10.3,0.0,62.86536407470703,0.0
756,/3BYH-alt-1_assembled,447.0,False,all,0.0,P60709,10.39,0.0,80.82689666748047,0.0
757,/3BYH-alt-1_assembled,452.0,False,all,0.0,P60709,9.98,0.0,33.24224090576172,0.0
758,/3BYH-alt-1_assembled,461.0,False,all,0.0,P60709,10.16,0.0,61.122825622558594,0.0
759,/3BYH-alt-1_assembled,464.0,False,all,0.0,P60709,9.65,0.0,57.50371170043945,0.0
760,/3BYH-alt-1_assembled,467.0,False,all,0.0,P60709,10.28,0.0,75.73332977294922,0.0
761,/3BYH-alt-1_assembled,483.0,False,all,0.0,P60709,10.28,0.0,59.11220550537109,0.0
762,/3BYH-alt-1_assembled,484.0,False,all,0.0,P60709,10.29,0.0,87.52896118164062,0.0
763,/3BYH-alt-1_assembled,503.0,False,all,0.0,P60709,10.11,0.0,50.13144302368164,0.0
764,/3BYH-alt-1_assembled,521.0,False,all,0.0,P60709,9.68,0.0,30.02524757385254,0.0
765,/3BYH-alt-1_assembled,528.0,False,all,0.0,P60709,10.45,0.0,86.72471618652344,0.0
766,/3BYH-alt-1_assembled,535.0,False,all,0.0,P60709,9.66,0.0,30.829496383666992,0.0
767,/3BYH-alt-1_assembled,537.0,False,all,0.0,P60709,10.14,0.0,59.782413482666016,0.0
768,/3BYH-alt-1_assembled,564.0,False,all,0.0,P60709,11.28,0.0,62.06111526489258,0.0
769,/3BYH-alt-1_assembled,571.0,False,all,0.0,P60709,10.49,0.0,26.4061336517334,0.0
770,/3BYH-alt-1_assembled,584.0,False,all,0.0,P60709,10.43,0.0,72.24825286865234,0.0
771,/3BYH-alt-1_assembled,602.0,False,all,0.0,P60709,6.16,0.0,10.187137603759766,0.0
772,/3B6R-alt-1_assembled/3DRB-alt-1_assembled,11.0,False,all,0.0,P12277,11.32,0.0416333199893224,22.820528030395508,1.5569379329681396
773,/3B6R-alt-1_assembled/3DRB-alt-1_assembled,32.0,False,all,0.0,P12277,11.205,0.3966946768821923,52.77875518798828,3.694249153137207
774,/3B6R-alt-1_assembled/3DRB-alt-1_assembled,45.0,False,all,0.0,P12277,10.4575,0.0394757309410901,48.18784332275391,2.080881834030152
775,/3B6R-alt-1_assembled/3DRB-alt-1_assembled,86.0,False,all,0.0,P12277,11.8025,0.0505799696849781,47.78571701049805,2.389046430587769
776,/3B6R-alt-1_assembled/3DRB-alt-1_assembled,101.0,False,all,0.0,P12277,11.1225,0.5141578875533601,55.79468536376953,5.970859527587891
777,/3B6R-alt-1_assembled/3DRB-alt-1_assembled,107.0,False,all,0.0,P12277,10.7875,0.4040936360135684,79.65403747558594,6.927375793457031
778,/3B6R-alt-1_assembled/3DRB-alt-1_assembled,177.0,False,all,0.0,P12277,10.46,0.0489897948556632,73.99079132080078,24.53724479675293
779,/3B6R-alt-1_assembled/3DRB-alt-1_assembled,196.0,False,all,0.0,P12277,10.855,0.7217340230306453,47.68518829345703,13.020819664001465
780,/3B6R-alt-1_assembled/3DRB-alt-1_assembled,223.0,False,all,0.0,P12277,10.6775,0.8006403687049514,36.15763854980469,3.543653011322021
781,/3B6R-alt-1_assembled/3DRB-alt-1_assembled,242.0,False,all,0.0,P12277,10.4075,0.0386221007541887,96.10760498046876,18.50643920898437
782,/3B6R-alt-1_assembled/3DRB-alt-1_assembled,247.0,False,all,0.0,P12277,10.375,0.0574456264653798,49.226661682128906,6.010846614837647
783,/3B6R-alt-1_assembled/3DRB-alt-1_assembled,265.0,False,all,0.0,P12277,10.7375,0.070887234393789,72.65037536621094,7.977426052093506
784,/3B6R-alt-1_assembled/3DRB-alt-1_assembled,267.0,False,all,0.0,P12277,10.415,1.0465976622688715,43.79798889160156,14.095541954040527
785,/3B6R-alt-1_assembled/3DRB-alt-1_assembled,298.0,False,all,0.0,P12277,10.135,0.1984103491924419,46.91445159912109,7.485538482666016
786,/3B6R-alt-1_assembled/3DRB-alt-1_assembled,304.0,False,all,0.0,P12277,9.5025,1.0968553535752408,58.27444839477539,30.530902862548828
787,/3B6R-alt-1_assembled/3DRB-alt-1_assembled,307.0,False,all,0.0,P12277,10.5225,0.5129246208427382,44.06607437133789,8.755797386169434
788,/3B6R-alt-1_assembled/3DRB-alt-1_assembled,313.0,False,all,0.0,P12277,10.8975,0.5363689650480036,63.53556823730469,8.130610466003418
789,/3B6R-alt-1_assembled/3DRB-alt-1_assembled,319.0,False,all,0.0,P12277,9.499999999999998,0.4390899680020034,56.16329956054688,17.686002731323242
790,/3B6R-alt-1_assembled/3DRB-alt-1_assembled,358.0,False,all,0.0,P12277,10.5625,0.1721191447805853,73.08601379394531,19.468891143798828
791,/3B6R-alt-1_assembled/3DRB-alt-1_assembled,381.0,False,all,0.0,P12277,10.170000000000002,0.1728197519575431,67.02064514160156,15.89279842376709
792,/5W8J-alt1B_assembled/5W8J-alt1A_assembled,4.0,False,all,0.0,P00338,10.17375,0.1876880009864397,62.89887619018555,12.53918170928955
793,/5W8J-alt1B_assembled/5W8J-alt1A_assembled,13.0,False,all,0.0,P00338,10.482500000000002,0.0149999999999996,84.78111267089844,21.88898658752441
794,/5W8J-alt1B_assembled/5W8J-alt1A_assembled,21.0,False,all,0.0,P00338,9.763749999999998,0.1076950058531698,3.6526248455047607,1.314795970916748
795,/5W8J-alt1B_assembled/5W8J-alt1A_assembled,56.0,False,all,0.0,P00338,11.09375,0.4862961325894215,50.76813507080078,4.945662975311279
796,/5W8J-alt1B_assembled/5W8J-alt1A_assembled,58.0,False,all,0.0,P00338,10.67875,0.4172850173613781,63.250736236572266,4.176805019378662
797,/5W8J-alt1B_assembled/5W8J-alt1A_assembled,75.0,False,all,0.0,P00338,10.451250000000002,0.1991006565247121,59.765655517578125,1.5947742462158203
798,/5W8J-alt1B_assembled/5W8J-alt1A_assembled,80.0,False,all,0.0,P00338,10.74625,0.2733881332987432,58.86088180541992,9.684805870056152
799,/5W8J-alt1B_assembled/5W8J-alt1A_assembled,89.0,False,all,0.0,P00338,9.07,0.5388347215453522,43.865013122558594,7.471953392028809
800,/5W8J-alt1B_assembled/5W8J-alt1A_assembled,117.0,False,all,0.0,P00338,10.7925,0.7260411243763776,38.63740158081055,8.317583084106445
801,/5W8J-alt1B_assembled/5W8J-alt1A_assembled,125.0,False,all,0.0,P00338,10.84375,0.3348320474506585,67.75787353515625,5.135222911834717
802,/5W8J-alt1B_assembled/5W8J-alt1A_assembled,131.0,False,all,0.0,P00338,8.1025,0.3276212970576153,17.961532592773438,6.411602973937988
803,/5W8J-alt1B_assembled/5W8J-alt1A_assembled,148.0,False,all,0.0,P00338,10.075,0.5003898480185223,44.09958267211914,6.517218589782715
804,/5W8J-alt1B_assembled/5W8J-alt1A_assembled,154.0,False,all,0.0,P00338,9.44375,0.7267331500823199,47.4171028137207,15.41928482055664
805,/5W8J-alt1B_assembled/5W8J-alt1A_assembled,211.0,False,all,0.0,P00338,9.84625,0.2457604815378466,41.38524627685547,5.931989669799805
806,/5W8J-alt1B_assembled/5W8J-alt1A_assembled,221.0,False,all,0.0,P00338,10.87,0.2687005768508886,74.66099548339844,4.54951286315918
807,/5W8J-alt1B_assembled/5W8J-alt1A_assembled,223.0,False,all,0.0,P00338,10.345,0.1626345596729062,63.46854782104492,39.14475631713867
808,/5W8J-alt1B_assembled/5W8J-alt1A_assembled,227.0,False,all,0.0,P00338,10.7025,0.6957190524917374,53.28141021728516,12.78602123260498
809,/5W8J-alt1B_assembled/5W8J-alt1A_assembled,231.0,False,all,0.0,P00338,10.7475,0.3146823795511913,52.309608459472656,2.987999200820923
810,/5W8J-alt1B_assembled/5W8J-alt1A_assembled,242.0,False,all,0.0,P00338,10.565,0.1307123340994039,87.71327209472656,18.331823348999023
811,/5W8J-alt1B_assembled/5W8J-alt1A_assembled,244.0,False,all,0.0,P00338,9.3325,3.7805696849624586,4.037993431091309,7.897697925567627
812,/5W8J-alt1B_assembled/5W8J-alt1A_assembled,264.0,False,all,0.0,P00338,9.98375,0.7532394326222857,41.48577880859375,16.00063705444336
813,/5W8J-alt1B_assembled/5W8J-alt1A_assembled,277.0,False,all,0.0,P00338,11.28625,0.1162432793756266,45.37297058105469,7.232553005218506
814,/5W8J-alt1B_assembled/5W8J-alt1A_assembled,283.0,False,all,0.0,P00338,10.495,0.1484924240491743,91.8852996826172,0.6634682416915894
815,/5W8J-alt1B_assembled/5W8J-alt1A_assembled,304.0,False,all,0.0,P00338,9.12,1.707579740869682,44.97085189819336,36.85776519775391
816,/5W8J-alt1B_assembled/5W8J-alt1A_assembled,316.0,False,all,0.0,P00338,11.21,0.1807919087949299,44.45144271850586,7.693728923797607
817,/5W8J-alt1B_assembled/5W8J-alt1A_assembled/6SBV-alt1B_assembled/6SBV-alt1A_assembled,317.0,False,all,0.0,P00338,10.771363636363636,0.4614294090834474,54.83506774902344,25.38536834716797
818,/5W8J-alt1B_assembled/5W8J-alt1A_assembled,327.0,False,all,0.0,P00338,10.67,0.3123185187318502,56.74972915649414,8.542041778564453
819,/6SBV-alt1B_assembled/6SBV-alt1A_assembled,5.0,False,all,0.0,P00338,8.234375,3.2155683142072,48.46430206298828,32.88664245605469
820,/6SBV-alt1B_assembled/6SBV-alt1A_assembled,14.0,False,all,0.0,P00338,8.6375,2.1393597172986127,48.7240104675293,34.0584831237793
821,/6SBV-alt1B_assembled/6SBV-alt1A_assembled,22.0,False,all,0.0,P00338,9.321875,0.7335231761846385,3.359409809112549,3.293696880340576
822,/6SBV-alt1B_assembled/6SBV-alt1A_assembled,57.0,False,all,0.0,P00338,9.465625,1.301593734619217,31.734272003173828,9.731618881225586
823,/6SBV-alt1B_assembled/6SBV-alt1A_assembled,59.0,False,all,0.0,P00338,9.815,0.8970767339902794,47.19929122924805,17.227434158325195
824,/6SBV-alt1B_assembled/6SBV-alt1A_assembled,76.0,False,all,0.0,P00338,9.889375,1.064972417483195,44.40955352783203,15.275745391845703
825,/6SBV-alt1B_assembled/6SBV-alt1A_assembled,81.0,False,all,0.0,P00338,10.71625,0.2973858324354628,53.23952102661133,7.636388778686523
826,/6SBV-alt1B_assembled/6SBV-alt1A_assembled,90.0,False,all,0.0,P00338,8.695,1.8550220124480103,31.89344787597656,13.497495651245115
827,/6SBV-alt1B_assembled/6SBV-alt1A_assembled,118.0,False,all,0.0,P00338,10.508124999999998,0.4629502313064186,36.49273681640625,12.623860359191896
828,/6SBV-alt1B_assembled/6SBV-alt1A_assembled,126.0,False,all,0.0,P00338,10.545625,0.1505974214033339,64.56600952148438,13.25312614440918
829,/6SBV-alt1B_assembled/6SBV-alt1A_assembled,132.0,False,all,0.0,P00338,5.908124999999999,1.8491050763364785,8.302183151245117,4.439571857452393
830,/6SBV-alt1B_assembled/6SBV-alt1A_assembled,149.0,False,all,0.0,P00338,10.36875,0.5198188787132173,41.56117630004883,6.253563404083252
831,/6SBV-alt1B_assembled/6SBV-alt1A_assembled,155.0,False,all,0.0,P00338,9.930625,0.4575364284221896,57.30265045166016,13.605201721191406
832,/6SBV-alt1B_assembled/6SBV-alt1A_assembled,212.0,False,all,0.0,P00338,9.888125,0.5900081214130309,50.36600875854492,9.785869598388672
833,/6SBV-alt1B_assembled/6SBV-alt1A_assembled,222.0,False,all,0.0,P00338,10.733125,0.0639498501431656,63.644474029541016,2.5649309158325195
834,/6SBV-alt1B_assembled/6SBV-alt1A_assembled,224.0,False,all,0.0,P00338,10.44375,0.1034005157949738,77.66854858398438,13.58572769165039
835,/6SBV-alt1B_assembled/6SBV-alt1A_assembled,228.0,False,all,0.0,P00338,10.729375,0.6648555607548654,51.25403594970703,9.566939353942873
836,/6SBV-alt1B_assembled/6SBV-alt1A_assembled,232.0,False,all,0.0,P00338,11.029374999999996,0.4481289806889676,44.85356521606445,8.944197654724121
837,/6SBV-alt1B_assembled/6SBV-alt1A_assembled,243.0,False,all,0.0,P00338,10.419375,0.2167169813374117,58.96140670776367,14.25011920928955
838,/6SBV-alt1B_assembled/6SBV-alt1A_assembled,245.0,False,all,0.0,P00338,7.168749999999999,3.27886337013301,9.299113273620604,11.488714218139648
839,/6SBV-alt1B_assembled/6SBV-alt1A_assembled,265.0,False,all,0.0,P00338,9.76625,0.70949630020177,38.3776969909668,5.238874912261963
840,/6SBV-alt1B_assembled/6SBV-alt1A_assembled,278.0,False,all,0.0,P00338,11.16375,0.22724069471231,42.331912994384766,5.692410945892334
841,/6SBV-alt1B_assembled/6SBV-alt1A_assembled,284.0,False,all,0.0,P00338,10.40125,0.0809011742807233,79.37757110595703,8.072093963623047
842,/6SBV-alt1B_assembled/6SBV-alt1A_assembled,305.0,False,all,0.0,P00338,9.79375,0.8968528307364593,62.69780731201172,19.086305618286133
843,/6SBV-alt1B_assembled/6SBV-alt1A_assembled,318.0,False,all,0.0,P00338,10.2825,0.2304922269115958,68.5369873046875,9.60777473449707
844,/6SBV-alt1B_assembled/6SBV-alt1A_assembled,328.0,False,all,0.0,P00338,10.666875,0.4182617800692129,53.2227668762207,8.355761528015137
845,/AF-Q12931-F1-model_v1,87.0,False,all,91.65,Q12931,10.47,0.0,98.7884292602539,0.0
846,/AF-Q12931-F1-model_v1,95.0,False,all,85.46,Q12931,10.41,0.0,74.79503631591797,0.0
847,/AF-Q12931-F1-model_v1,96.0,False,all,88.09,Q12931,11.09,0.0,73.85675048828125,0.0
848,/AF-Q12931-F1-model_v1,109.0,False,all,93.86,Q12931,11.9,0.0,59.51433181762695,0.0
849,/AF-Q12931-F1-model_v1,126.0,False,all,92.63,Q12931,8.91,0.0,19.838109970092773,0.0
850,/AF-Q12931-F1-model_v1,130.0,False,all,89.57,Q12931,10.33,0.0,46.24424362182617,0.0
851,/AF-Q12931-F1-model_v1,151.0,False,all,95.37,Q12931,10.4,0.0,73.45462799072266,0.0
852,/AF-Q12931-F1-model_v1,181.0,False,all,85.83,Q12931,11.36,0.0,66.7525634765625,0.0
853,/AF-Q12931-F1-model_v1,196.0,False,all,79.11,Q12931,10.76,0.0,65.01002502441406,0.0
854,/AF-Q12931-F1-model_v1,252.0,False,all,98.59,Q12931,9.87,0.0,35.52094268798828,0.0
855,/AF-Q12931-F1-model_v1,258.0,False,all,96.51,Q12931,9.69,0.0,28.55079460144043,0.0
856,/AF-Q12931-F1-model_v1,262.0,False,all,95.83,Q12931,10.16,0.0,39.94430160522461,0.0
857,/AF-Q12931-F1-model_v1,276.0,False,all,88.49,Q12931,13.3,0.0,39.14005661010742,0.0
858,/AF-Q12931-F1-model_v1,304.0,False,all,95.07,Q12931,10.66,0.0,99.45863342285156,0.0
859,/AF-Q12931-F1-model_v1,324.0,False,all,96.37,Q12931,10.84,0.0,90.87998962402344,0.0
860,/AF-Q12931-F1-model_v1,332.0,False,all,95.88,Q12931,9.62,0.0,30.963537216186523,0.0
861,/AF-Q12931-F1-model_v1,349.0,False,all,93.47,Q12931,11.44,0.0,77.60990142822266,0.0
862,/AF-Q12931-F1-model_v1,369.0,False,all,83.24,Q12931,9.33,0.0,47.31657409667969,0.0
863,/AF-Q12931-F1-model_v1,375.0,False,all,85.4,Q12931,10.17,0.0,100.66500854492188,0.0
864,/AF-Q12931-F1-model_v1,382.0,False,all,92.1,Q12931,10.36,0.0,72.65037536621094,0.0
865,/AF-Q12931-F1-model_v1,413.0,False,all,93.43,Q12931,10.26,0.0,67.02064514160156,0.0
866,/AF-Q12931-F1-model_v1,424.0,False,all,98.19,Q12931,10.48,0.0,79.08435821533203,0.0
867,/AF-Q12931-F1-model_v1,431.0,False,all,96.98,Q12931,10.4,0.0,89.4055404663086,0.0
868,/AF-Q12931-F1-model_v1,432.0,False,all,97.64,Q12931,10.42,0.0,92.08636474609376,0.0
869,/AF-Q12931-F1-model_v1,436.0,False,all,97.96,Q12931,9.88,0.0,56.029258728027344,0.0
870,/AF-Q12931-F1-model_v1,439.0,False,all,97.46,Q12931,11.58,0.0,85.11621856689453,0.0
871,/AF-Q12931-F1-model_v1,461.0,False,all,98.36,Q12931,9.08,0.0,8.71268367767334,0.0
872,/AF-Q12931-F1-model_v1,466.0,False,all,98.3,Q12931,11.29,0.0,51.33781433105469,0.0
873,/AF-Q12931-F1-model_v1,518.0,False,all,87.5,Q12931,10.08,0.0,56.029258728027344,0.0
874,/AF-Q12931-F1-model_v1,519.0,False,all,78.29,Q12931,9.33,0.0,44.501708984375,0.0
875,/AF-Q12931-F1-model_v1,520.0,False,all,83.29,Q12931,12.47,0.0,17.157283782958984,0.0
876,/AF-Q12931-F1-model_v1,544.0,False,all,95.81,Q12931,10.54,0.0,99.1905517578125,0.0
877,/AF-Q12931-F1-model_v1,545.0,False,all,97.22,Q12931,11.18,0.0,27.344423294067383,0.0
878,/AF-Q12931-F1-model_v1,546.0,False,all,97.39,Q12931,11.25,0.0,66.88660430908203,0.0
879,/AF-Q12931-F1-model_v1,560.0,False,all,82.86,Q12931,10.83,0.0,59.38029098510742,0.0
880,/AF-Q12931-F1-model_v1,598.0,False,all,94.19,Q12931,10.34,0.0,45.037872314453125,0.0
881,/AF-Q12931-F1-model_v1,652.0,False,all,95.02,Q12931,10.28,0.0,36.19114685058594,0.0
882,/AF-Q12931-F1-model_v1,653.0,False,all,94.82,Q12931,10.29,0.0,61.658992767333984,0.0
883,/AF-Q12931-F1-model_v1,699.0,False,all,93.16,Q12931,11.47,0.0,47.58465576171875,0.0
884,/AF-Q8N257-F1-model_v1,6.0,False,all,72.46,Q8N257,10.47,0.0,99.72671508789062,0.0
885,/AF-Q8N257-F1-model_v1,12.0,False,all,76.05,Q8N257,10.48,0.0,109.77981567382812,0.0
886,/AF-Q8N257-F1-model_v1,13.0,False,all,76.38,Q8N257,10.48,0.0,100.53096771240234,0.0
887,/AF-Q8N257-F1-model_v1,16.0,False,all,75.19,Q8N257,10.48,0.0,97.179931640625,0.0
888,/AF-Q8N257-F1-model_v1,17.0,False,all,76.05,Q8N257,10.47,0.0,94.90122985839844,0.0
889,/AF-Q8N257-F1-model_v1,44.0,False,all,95.59,Q8N257,10.46,0.0,95.97356414794922,0.0
890,/AF-Q8N257-F1-model_v1,47.0,False,all,97.69,Q8N257,10.35,0.0,35.386898040771484,0.0
891,/AF-Q8N257-F1-model_v1,86.0,False,all,96.97,Q8N257,10.46,0.0,104.01603698730467,0.0
892,/AF-Q8N257-F1-model_v1,109.0,False,all,95.39,Q8N257,11.15,0.0,74.9290771484375,0.0
893,/AF-Q8N257-F1-model_v1,121.0,False,all,93.41,Q8N257,10.4,0.0,109.51173400878906,0.0
894,/AF-Q6PEY2-F1-model_v1,60.0,False,all,90.95,Q6PEY2,9.97,0.0,42.08896255493164,0.0
895,/AF-Q6PEY2-F1-model_v1,96.0,False,all,89.74,Q6PEY2,10.5,0.0,107.76919555664062,0.0
896,/AF-Q6PEY2-F1-model_v1,112.0,False,all,95.28,Q6PEY2,10.07,0.0,61.256866455078125,0.0
897,/AF-Q6PEY2-F1-model_v1,124.0,False,all,96.73,Q6PEY2,11.49,0.0,79.75456237792969,0.0
898,/AF-Q6PEY2-F1-model_v1,163.0,False,all,91.27,Q6PEY2,10.46,0.0,107.09899139404295,0.0
899,/AF-Q6PEY2-F1-model_v1,164.0,False,all,93.82,Q6PEY2,10.07,0.0,52.8122673034668,0.0
900,/AF-Q6PEY2-F1-model_v1,166.0,False,all,95.88,Q6PEY2,9.45,0.0,10.455220222473145,0.0
901,/AF-Q6PEY2-F1-model_v1,280.0,False,all,82.81,Q6PEY2,10.53,0.0,46.91445159912109,0.0
902,/AF-Q6PEY2-F1-model_v1,304.0,False,all,91.13,Q6PEY2,11.45,0.0,34.98477554321289,0.0
903,/AF-Q6PEY2-F1-model_v1,311.0,False,all,91.73,Q6PEY2,11.17,0.0,16.218996047973633,0.0
904,/AF-Q6PEY2-F1-model_v1,326.0,False,all,95.33,Q6PEY2,10.59,0.0,93.42677307128906,0.0
905,/AF-Q6PEY2-F1-model_v1,336.0,False,all,89.86,Q6PEY2,9.96,0.0,40.61450958251953,0.0
906,/AF-Q6PEY2-F1-model_v1,338.0,False,all,90.65,Q6PEY2,10.14,0.0,58.173919677734375,0.0
907,/AF-Q6PEY2-F1-model_v1,352.0,False,all,91.48,Q6PEY2,11.42,0.0,39.94430160522461,0.0
908,/AF-Q6PEY2-F1-model_v1,370.0,False,all,90.12,Q6PEY2,10.36,0.0,97.179931640625,0.0
909,/AF-Q6PEY2-F1-model_v1,401.0,False,all,95.88,Q6PEY2,10.4,0.0,85.51834106445312,0.0
910,/AF-Q6PEY2-F1-model_v1,430.0,False,all,91.09,Q6PEY2,11.65,0.0,75.73332977294922,0.0
911,/AF-P68032-F1-model_v1,20.0,False,all,98.63,P68032,11.28,0.0,29.22100067138672,0.0
912,/AF-P68032-F1-model_v1,52.0,False,all,83.15,P68032,11.48,0.0,57.77179336547852,0.0
913,/AF-P68032-F1-model_v1,63.0,False,all,92.32,P68032,11.21,0.0,34.5826530456543,0.0
914,/AF-P68032-F1-model_v1,70.0,False,all,96.9,P68032,10.31,0.0,89.4055404663086,0.0
915,/AF-P68032-F1-model_v1,86.0,False,all,98.3,P68032,10.53,0.0,32.303951263427734,0.0
916,/AF-P68032-F1-model_v1,115.0,False,all,96.52,P68032,10.35,0.0,96.64376831054688,0.0
917,/AF-P68032-F1-model_v1,120.0,False,all,98.4,P68032,10.42,0.0,40.61450958251953,0.0
918,/AF-P68032-F1-model_v1,193.0,False,all,97.52,P68032,10.46,0.0,83.23963928222656,0.0
919,/AF-P68032-F1-model_v1,215.0,False,all,98.59,P68032,9.58,0.0,12.867963790893556,0.0
920,/AF-P68032-F1-model_v1,217.0,False,all,98.33,P68032,11.37,0.0,67.1546859741211,0.0
921,/AF-P68032-F1-model_v1,240.0,False,all,98.1,P68032,10.17,0.0,70.10359191894531,0.0
922,/AF-P68032-F1-model_v1,286.0,False,all,98.34,P68032,10.2,0.0,60.85474395751953,0.0
923,/AF-P68032-F1-model_v1,293.0,False,all,97.64,P68032,10.55,0.0,99.45863342285156,0.0
924,/AF-P68032-F1-model_v1,317.0,False,all,98.63,P68032,11.04,0.0,44.501708984375,0.0
925,/AF-P68032-F1-model_v1,328.0,False,all,96.21,P68032,10.41,0.0,100.26288604736328,0.0
926,/AF-P68032-F1-model_v1,338.0,False,all,97.12,P68032,11.3,0.0,66.88660430908203,0.0
927,/AF-P68032-F1-model_v1,361.0,False,all,97.69,P68032,10.63,0.0,36.459228515625,0.0
928,/AF-P68032-F1-model_v1,375.0,False,all,94.16,P68032,11.14,0.0,26.94229888916016,0.0
929,/AF-P63267-F1-model_v1,19.0,False,all,98.54,P63267,11.67,0.0,25.73592758178711,0.0
930,/AF-P63267-F1-model_v1,51.0,False,all,84.63,P63267,11.49,0.0,53.34843063354492,0.0
931,/AF-P63267-F1-model_v1,62.0,False,all,92.0,P63267,11.21,0.0,35.11881637573242,0.0
932,/AF-P63267-F1-model_v1,69.0,False,all,96.96,P63267,10.31,0.0,87.3949203491211,0.0
933,/AF-P63267-F1-model_v1,85.0,False,all,98.29,P63267,10.47,0.0,32.035865783691406,0.0
934,/AF-P63267-F1-model_v1,114.0,False,all,96.73,P63267,10.36,0.0,97.71609497070312,0.0
935,/AF-P63267-F1-model_v1,119.0,False,all,98.43,P63267,10.37,0.0,39.542179107666016,0.0
936,/AF-P63267-F1-model_v1,192.0,False,all,97.71,P63267,10.46,0.0,86.72471618652344,0.0
937,/AF-P63267-F1-model_v1,214.0,False,all,98.62,P63267,9.53,0.0,12.867963790893556,0.0
938,/AF-P63267-F1-model_v1,216.0,False,all,98.37,P63267,11.36,0.0,68.76318359375,0.0
939,/AF-P63267-F1-model_v1,239.0,False,all,98.16,P63267,10.17,0.0,65.68022918701172,0.0
940,/AF-P63267-F1-model_v1,285.0,False,all,98.34,P63267,10.2,0.0,59.38029098510742,0.0
941,/AF-P63267-F1-model_v1,292.0,False,all,97.63,P63267,10.55,0.0,93.69486236572266,0.0
942,/AF-P63267-F1-model_v1,316.0,False,all,98.66,P63267,10.99,0.0,42.75917053222656,0.0
943,/AF-P63267-F1-model_v1,327.0,False,all,96.19,P63267,10.41,0.0,102.8096694946289,0.0
944,/AF-P63267-F1-model_v1,337.0,False,all,97.04,P63267,11.26,0.0,68.22701263427734,0.0
945,/AF-P63267-F1-model_v1,360.0,False,all,97.84,P63267,10.75,0.0,32.303951263427734,0.0
946,/AF-P63267-F1-model_v1,374.0,False,all,94.15,P63267,11.26,0.0,31.231618881225582,0.0
947,/6KOR-alt-1_assembled,17.0,False,all,0.0,O60506,10.48,0.0,57.23563003540039,0.0
948,/6KOR-alt-1_assembled,19.0,False,all,0.0,O60506,10.21,0.0,27.746545791625977,0.0
949,/6KOR-alt-1_assembled,30.0,False,all,0.0,O60506,10.85,0.0,39.00601577758789,0.0
950,/6KOR-alt-1_assembled,47.0,False,all,0.0,O60506,10.36,0.0,100.12883758544922,0.0
951,/6KOR-alt-1_assembled,48.0,False,all,0.0,O60506,10.02,0.0,65.27810668945312,0.0
952,/6KOR-alt-1_assembled,49.0,False,all,0.0,O60506,10.33,0.0,34.5826530456543,0.0
953,/6KOR-alt-1_assembled,62.0,False,all,0.0,O60506,10.46,0.0,67.28872680664062,0.0
954,/6KOR-alt-1_assembled,75.0,False,all,0.0,O60506,9.74,0.0,43.83150100708008,0.0
955,/6KOR-alt-1_assembled,77.0,False,all,0.0,O60506,10.31,0.0,67.55680847167969,0.0
956,/6KOR-alt-1_assembled,101.0,False,all,0.0,O60506,9.95,0.0,34.448612213134766,0.0
957,/6KOR-alt-1_assembled,103.0,False,all,0.0,O60506,10.63,0.0,36.72731399536133,0.0
958,/6KOR-alt-1_assembled,121.0,False,all,0.0,O60506,10.37,0.0,79.21839904785156,0.0
959,/6KOR-alt-1_assembled,128.0,False,all,0.0,O60506,10.72,0.0,73.85675048828125,0.0
960,/6KOR-alt-1_assembled,133.0,False,all,0.0,O60506,10.21,0.0,56.699462890625,0.0
961,/6KOR-alt-1_assembled,134.0,False,all,0.0,O60506,10.13,0.0,20.10619354248047,0.0
962,/6KOR-alt-1_assembled,136.0,False,all,0.0,O60506,11.25,0.0,78.5481948852539,0.0
963,/6KOR-alt-1_assembled,151.0,False,all,0.0,O60506,10.57,0.0,76.939697265625,0.0
964,/6KOR-alt-1_assembled,159.0,False,all,0.0,O60506,10.39,0.0,67.42276763916016,0.0
965,/6KOR-alt-1_assembled,172.0,False,all,0.0,O60506,10.4,0.0,103.34583282470705,0.0
966,/AF-Q6FI81-F1-model_v1,18.0,False,all,90.66,Q6FI81,10.05,0.0,78.14607238769531,0.0
967,/AF-Q6FI81-F1-model_v1,26.0,False,all,94.27,Q6FI81,10.55,0.0,86.72471618652344,0.0
968,/AF-Q6FI81-F1-model_v1,31.0,False,all,92.34,Q6FI81,10.33,0.0,84.31196594238281,0.0
969,/AF-Q6FI81-F1-model_v1,48.0,False,all,89.7,Q6FI81,10.39,0.0,107.36707305908205,0.0
970,/AF-Q6FI81-F1-model_v1,56.0,False,all,91.8,Q6FI81,10.44,0.0,96.50972747802734,0.0
971,/AF-Q6FI81-F1-model_v1,96.0,False,all,95.52,Q6FI81,9.21,0.0,31.63374328613281,0.0
972,/AF-Q6FI81-F1-model_v1,108.0,False,all,87.52,Q6FI81,10.41,0.0,107.6351547241211,0.0
973,/AF-Q6FI81-F1-model_v1,110.0,False,all,92.97,Q6FI81,10.49,0.0,30.69545555114746,0.0
974,/AF-Q6FI81-F1-model_v1,114.0,False,all,94.45,Q6FI81,10.21,0.0,94.36506652832033,0.0
975,/AF-Q6FI81-F1-model_v1,128.0,False,all,95.35,Q6FI81,10.55,0.0,87.12683868408203,0.0
976,/AF-Q6FI81-F1-model_v1,162.0,False,all,96.16,Q6FI81,10.82,0.0,56.699462890625,0.0
977,/AF-Q6FI81-F1-model_v1,163.0,False,all,95.56,Q6FI81,9.5,0.0,22.787017822265625,0.0
978,/AF-Q6FI81-F1-model_v1,175.0,False,all,74.85,Q6FI81,10.46,0.0,95.83952331542967,0.0
979,/AF-Q6FI81-F1-model_v1,225.0,False,all,81.85,Q6FI81,11.08,0.0,62.59728240966797,0.0
980,/AF-Q6FI81-F1-model_v1,226.0,False,all,79.34,Q6FI81,10.46,0.0,88.86936950683594,0.0
981,/AF-Q6FI81-F1-model_v1,244.0,False,all,71.81,Q6FI81,10.45,0.0,85.3843002319336,0.0
982,/AF-Q6FI81-F1-model_v1,247.0,False,all,71.37,Q6FI81,10.48,0.0,100.7990493774414,0.0
983,/AF-Q6FI81-F1-model_v1,259.0,False,all,75.61,Q6FI81,10.4,0.0,92.08636474609376,0.0
984,/AF-Q6FI81-F1-model_v1,297.0,False,all,72.47,Q6FI81,10.45,0.0,91.95232391357422,0.0
985,/AF-P62750-F1-model_v1,14.0,False,all,71.73,P62750,10.47,0.0,97.98418426513672,0.0
986,/AF-P62750-F1-model_v1,18.0,False,all,83.43,P62750,10.44,0.0,86.72471618652344,0.0
987,/AF-P62750-F1-model_v1,20.0,False,all,83.61,P62750,10.39,0.0,71.71208953857422,0.0
988,/AF-P62750-F1-model_v1,23.0,False,all,82.94,P62750,10.42,0.0,86.45662689208984,0.0
989,/AF-P62750-F1-model_v1,25.0,False,all,84.54,P62750,10.43,0.0,79.08435821533203,0.0
990,/AF-P62750-F1-model_v1,26.0,False,all,81.46,P62750,10.41,0.0,78.5481948852539,0.0
991,/AF-P62750-F1-model_v1,30.0,False,all,71.07,P62750,10.41,0.0,75.19715881347656,0.0
992,/AF-P62750-F1-model_v1,37.0,False,all,71.84,P62750,10.42,0.0,84.71409606933594,0.0
993,/AF-P62750-F1-model_v1,38.0,False,all,79.72,P62750,10.47,0.0,95.30335235595705,0.0
994,/AF-P62750-F1-model_v1,39.0,False,all,82.49,P62750,10.45,0.0,96.50972747802734,0.0
995,/AF-P62750-F1-model_v1,50.0,False,all,94.33,P62750,10.47,0.0,97.04589080810548,0.0
996,/AF-P62750-F1-model_v1,59.0,False,all,95.46,P62750,10.47,0.0,97.71609497070312,0.0
997,/AF-P62750-F1-model_v1,63.0,False,all,94.67,P62750,10.42,0.0,105.75857543945312,0.0
998,/AF-P62750-F1-model_v1,70.0,False,all,90.68,P62750,10.41,0.0,102.27349853515624,0.0
999,/AF-P62750-F1-model_v1,78.0,False,all,95.95,P62750,11.45,0.0,55.89521789550781,0.0
1000,/AF-P62750-F1-model_v1,89.0,False,all,97.06,P62750,10.34,0.0,65.1440658569336,0.0
1001,/AF-P62750-F1-model_v1,103.0,False,all,96.53,P62750,10.57,0.0,111.6563949584961,0.0
1002,/AF-P62750-F1-model_v1,106.0,False,all,98.02,P62750,10.18,0.0,78.81627655029297,0.0
1003,/AF-P62750-F1-model_v1,110.0,False,all,97.39,P62750,10.18,0.0,73.85675048828125,0.0
1004,/AF-P62750-F1-model_v1,114.0,False,all,96.17,P62750,11.62,0.0,72.65037536621094,0.0
1005,/AF-P62750-F1-model_v1,115.0,False,all,95.77,P62750,10.28,0.0,88.33320617675781,0.0
1006,/AF-P62750-F1-model_v1,123.0,False,all,97.54,P62750,10.33,0.0,83.50772094726562,0.0
1007,/AF-P62750-F1-model_v1,134.0,False,all,98.36,P62750,9.91,0.0,22.38489532470703,0.0
1008,/AF-P62750-F1-model_v1,135.0,False,all,98.31,P62750,10.3,0.0,26.808258056640625,0.0
1009,/AF-P62750-F1-model_v1,152.0,False,all,92.1,P62750,10.49,0.0,102.13945770263672,0.0
1010,/1NI2-alt-1_assembled,3.0,False,all,0.0,P15311,10.364999999999998,0.0070710678118653,80.29072570800781,7.392959117889404
1011,/1NI2-alt-1_assembled,27.0,False,all,0.0,P15311,11.155,0.0636396103067891,59.11220550537109,2.27475643157959
1012,/1NI2-alt-1_assembled,35.0,False,all,0.0,P15311,10.345,0.0070710678118653,73.2535629272461,5.212981224060059
1013,/1NI2-alt-1_assembled,53.0,False,all,0.0,P15311,11.465,0.1626345596729062,49.193153381347656,13.64853572845459
1014,/1NI2-alt-1_assembled,60.0,False,all,0.0,P15311,10.01,0.8202438661763952,56.83350372314453,0.7582521438598633
1015,/1NI2-alt-1_assembled,63.0,False,all,0.0,P15311,10.38,0.1555634918610409,69.90252685546875,7.298172473907471
1016,/1NI2-alt-1_assembled,64.0,False,all,0.0,P15311,10.225,0.0636396103067891,51.94099807739258,1.9904102087020876
1017,/1NI2-alt-1_assembled,72.0,False,all,0.0,P15311,10.45,0.0,92.22040557861328,2.653883934020996
1018,/1NI2-alt-1_assembled,79.0,False,all,0.0,P15311,9.92,0.0141421356237306,61.658992767333984,1.8956290483474727
1019,/1NI2-alt-1_assembled,100.0,False,all,0.0,P15311,11.16,0.0565685424949238,39.40813827514648,1.5165042877197266
1020,/1NI2-alt-1_assembled,107.0,False,all,0.0,P15311,9.364999999999998,0.0070710678118653,30.293331146240234,0.9478145241737366
1021,/1NI2-alt-1_assembled,133.0,False,all,0.0,P15311,11.295,0.1626345596729062,51.002708435058594,1.232158064842224
1022,/1NI2-alt-1_assembled,139.0,False,all,0.0,P15311,10.62,0.0141421356237319,90.61190795898438,7.013829231262207
1023,/1NI2-alt-1_assembled,143.0,False,all,0.0,P15311,10.425,0.0070710678118653,74.72801208496094,2.1799778938293457
1024,/1NI2-alt-1_assembled,184.0,False,all,0.0,P15311,10.085,0.1767766952966369,53.214393615722656,3.601698398590088
1025,/1NI2-alt-1_assembled,193.0,False,all,0.0,P15311,11.505,0.0353553390593266,44.032562255859375,6.729485511779785
1026,/1NI2-alt-1_assembled,209.0,False,all,0.0,P15311,10.675,0.0070710678118653,55.56011199951172,5.02341890335083
1027,/1NI2-alt-1_assembled,211.0,False,all,0.0,P15311,10.42,0.098994949366117,89.67362213134766,3.980820417404175
1028,/1NI2-alt-1_assembled,212.0,False,all,0.0,P15311,10.355,0.120208152801713,88.60128784179688,8.151208877563477
1029,/1NI2-alt-1_assembled,230.0,False,all,0.0,P15311,10.59,0.0141421356237306,37.933685302734375,8.53033447265625
1030,/1NI2-alt-1_assembled,233.0,False,all,0.0,P15311,9.5,0.0141421356237306,38.4698486328125,5.497327327728272
1031,/1NI2-alt-1_assembled,237.0,False,all,0.0,P15311,10.62,0.4242640687119282,66.14937591552734,15.828508377075195
1032,/1NI2-alt-1_assembled,253.0,False,all,0.0,P15311,10.445,0.1343502884254437,58.44200134277344,13.838098526000977
1033,/1NI2-alt-1_assembled,254.0,False,all,0.0,P15311,10.535,0.1060660171779811,65.47917175292969,2.179975271224976
1034,/1NI2-alt-1_assembled,262.0,False,all,0.0,P15311,10.39,0.240416305603426,70.70677185058594,6.539922714233398
1035,/1NI2-alt-1_assembled,263.0,False,all,0.0,P15311,10.44,0.0707106781186545,83.84281921386719,12.985064506530762
1036,/1NI2-alt-1_assembled,278.0,False,all,0.0,P15311,10.225,0.0494974746830585,77.67692565917969,8.056427001953125
1037,/1NI2-alt-1_assembled,296.0,False,all,0.0,P15311,10.45,0.0,72.58335876464844,2.938227415084839
1038,/1QCK-alt-3_assembled/1QCK-alt-10_assembled/1QCK-alt-2_assembled/1QCK-alt-12_assembled/1QCK-alt-13_assembled/1QCK-alt-1_assembled/1QCK-alt-5_assembled/1QCK-alt-17_assembled/1QCK-alt-16_assembled/1QCK-alt-4_assembled/1QCK-alt-6_assembled/1QCK-alt-14_assembled/1QCK-alt-7_assembled/1QCK-alt-18_assembled/1QCK-alt-19_assembled/1QCK-alt-9_assembled/1QCK-alt-8_assembled/1QCK-alt-21_assembled/1QCK-alt-20_assembled,6.0,False,all,0.0,O75531,10.39105263157895,0.0836268893030779,77.2113037109375,11.701581001281738
1039,/1QCK-alt-3_assembled/1QCK-alt-10_assembled/1QCK-alt-2_assembled/1QCK-alt-12_assembled/1QCK-alt-13_assembled/1QCK-alt-1_assembled/1QCK-alt-5_assembled/1QCK-alt-17_assembled/1QCK-alt-16_assembled/1QCK-alt-4_assembled/1QCK-alt-6_assembled/1QCK-alt-14_assembled/1QCK-alt-7_assembled/1QCK-alt-18_assembled/1QCK-alt-19_assembled/1QCK-alt-9_assembled/1QCK-alt-8_assembled/1QCK-alt-21_assembled/1QCK-alt-20_assembled,32.0,False,all,0.0,O75531,10.654210526315788,0.3110455913305989,73.84614562988281,8.292683601379395
1040,/1QCK-alt-3_assembled/1QCK-alt-10_assembled/1QCK-alt-2_assembled/1QCK-alt-12_assembled/1QCK-alt-13_assembled/1QCK-alt-1_assembled/1QCK-alt-5_assembled/1QCK-alt-17_assembled/1QCK-alt-16_assembled/1QCK-alt-4_assembled/1QCK-alt-6_assembled/1QCK-alt-14_assembled/1QCK-alt-7_assembled/1QCK-alt-18_assembled/1QCK-alt-19_assembled/1QCK-alt-9_assembled/1QCK-alt-8_assembled/1QCK-alt-21_assembled/1QCK-alt-20_assembled,33.0,False,all,0.0,O75531,10.396842105263156,0.0939265170847098,54.42781829833984,7.056690692901611
1041,/1QCK-alt-3_assembled/1QCK-alt-10_assembled/1QCK-alt-2_assembled/1QCK-alt-12_assembled/1QCK-alt-13_assembled/1QCK-alt-1_assembled/1QCK-alt-5_assembled/1QCK-alt-17_assembled/1QCK-alt-16_assembled/1QCK-alt-4_assembled/1QCK-alt-6_assembled/1QCK-alt-14_assembled/1QCK-alt-7_assembled/1QCK-alt-18_assembled/1QCK-alt-19_assembled/1QCK-alt-9_assembled/1QCK-alt-8_assembled/1QCK-alt-21_assembled/1QCK-alt-20_assembled,41.0,False,all,0.0,O75531,10.939736842105262,0.3294999228323353,36.84019088745117,5.296547889709473
1042,/1QCK-alt-3_assembled/1QCK-alt-10_assembled/1QCK-alt-2_assembled/1QCK-alt-12_assembled/1QCK-alt-13_assembled/1QCK-alt-1_assembled/1QCK-alt-5_assembled/1QCK-alt-17_assembled/1QCK-alt-16_assembled/1QCK-alt-4_assembled/1QCK-alt-6_assembled/1QCK-alt-14_assembled/1QCK-alt-7_assembled/1QCK-alt-18_assembled/1QCK-alt-19_assembled/1QCK-alt-9_assembled/1QCK-alt-8_assembled/1QCK-alt-21_assembled/1QCK-alt-20_assembled,53.0,False,all,0.0,O75531,10.512105263157894,0.3269032247469102,42.14540863037109,8.838412284851074
1043,/1QCK-alt-3_assembled/1QCK-alt-10_assembled/1QCK-alt-2_assembled/1QCK-alt-12_assembled/1QCK-alt-13_assembled/1QCK-alt-1_assembled/1QCK-alt-5_assembled/1QCK-alt-17_assembled/1QCK-alt-16_assembled/1QCK-alt-4_assembled/1QCK-alt-6_assembled/1QCK-alt-14_assembled/1QCK-alt-7_assembled/1QCK-alt-18_assembled/1QCK-alt-19_assembled/1QCK-alt-9_assembled/1QCK-alt-8_assembled/1QCK-alt-21_assembled/1QCK-alt-20_assembled,54.0,False,all,0.0,O75531,10.00157894736842,0.5216270093103933,42.3182487487793,11.085172653198242
1044,/1QCK-alt-3_assembled/1QCK-alt-10_assembled/1QCK-alt-2_assembled/1QCK-alt-12_assembled/1QCK-alt-13_assembled/1QCK-alt-1_assembled/1QCK-alt-5_assembled/1QCK-alt-17_assembled/1QCK-alt-16_assembled/1QCK-alt-4_assembled/1QCK-alt-6_assembled/1QCK-alt-14_assembled/1QCK-alt-7_assembled/1QCK-alt-18_assembled/1QCK-alt-19_assembled/1QCK-alt-9_assembled/1QCK-alt-8_assembled/1QCK-alt-21_assembled/1QCK-alt-20_assembled,64.0,False,all,0.0,O75531,10.407368421052633,0.0557350979005159,68.5233154296875,5.94955587387085
1045,/1QCK-alt-3_assembled/1QCK-alt-10_assembled/1QCK-alt-2_assembled/1QCK-alt-12_assembled/1QCK-alt-13_assembled/1QCK-alt-1_assembled/1QCK-alt-5_assembled/1QCK-alt-17_assembled/1QCK-alt-16_assembled/1QCK-alt-4_assembled/1QCK-alt-6_assembled/1QCK-alt-14_assembled/1QCK-alt-7_assembled/1QCK-alt-18_assembled/1QCK-alt-19_assembled/1QCK-alt-9_assembled/1QCK-alt-8_assembled/1QCK-alt-21_assembled/1QCK-alt-20_assembled,72.0,False,all,0.0,O75531,10.449736842105263,0.2294704460992773,83.39836883544922,13.087339401245115
1046,/AF-P60981-F1-model_v1,19.0,False,all,85.07,P60981,10.19,0.0,65.41214752197266,0.0
1047,/AF-P60981-F1-model_v1,30.0,False,all,83.7,P60981,10.41,0.0,83.50772094726562,0.0
1048,/AF-P60981-F1-model_v1,31.0,False,all,85.8,P60981,11.58,0.0,76.939697265625,0.0
1049,/AF-P60981-F1-model_v1,33.0,False,all,90.08,P60981,10.8,0.0,36.59326934814453,0.0
1050,/AF-P60981-F1-model_v1,34.0,False,all,90.94,P60981,10.26,0.0,20.642358779907227,0.0
1051,/AF-P60981-F1-model_v1,45.0,False,all,86.86,P60981,10.45,0.0,91.01403045654295,0.0
1052,/AF-P60981-F1-model_v1,53.0,False,all,87.32,P60981,10.05,0.0,55.35905075073242,0.0
1053,/AF-P60981-F1-model_v1,69.0,False,all,86.57,P60981,10.57,0.0,101.6032943725586,0.0
1054,/AF-P60981-F1-model_v1,78.0,False,all,87.56,P60981,10.51,0.0,110.9861831665039,0.0
1055,/AF-P60981-F1-model_v1,92.0,False,all,86.08,P60981,10.39,0.0,80.42477416992188,0.0
1056,/AF-P60981-F1-model_v1,96.0,False,all,89.55,P60981,10.47,0.0,90.87998962402344,0.0
1057,/AF-P60981-F1-model_v1,112.0,False,all,87.84,P60981,10.45,0.0,108.84152221679688,0.0
1058,/AF-P60981-F1-model_v1,114.0,False,all,88.95,P60981,10.28,0.0,47.04849243164063,0.0
1059,/AF-P60981-F1-model_v1,121.0,False,all,89.25,P60981,10.78,0.0,52.54418563842773,0.0
1060,/AF-P60981-F1-model_v1,125.0,False,all,87.69,P60981,11.52,0.0,52.54418563842773,0.0
1061,/AF-P60981-F1-model_v1,126.0,False,all,88.89,P60981,10.5,0.0,99.45863342285156,0.0
1062,/AF-P60981-F1-model_v1,127.0,False,all,88.34,P60981,10.61,0.0,76.00141143798828,0.0
1063,/AF-P60981-F1-model_v1,132.0,False,all,81.89,P60981,11.5,0.0,86.18854522705078,0.0
1064,/AF-P60981-F1-model_v1,151.0,False,all,85.59,P60981,10.96,0.0,59.38029098510742,0.0
1065,/AF-P68133-F1-model_v1,20.0,False,all,98.59,P68133,11.31,0.0,28.014629364013672,0.0
1066,/AF-P68133-F1-model_v1,52.0,False,all,83.77,P68133,11.5,0.0,62.59728240966797,0.0
1067,/AF-P68133-F1-model_v1,63.0,False,all,92.07,P68133,11.26,0.0,36.32518768310547,0.0
1068,/AF-P68133-F1-model_v1,70.0,False,all,97.22,P68133,10.29,0.0,85.92046356201172,0.0
1069,/AF-P68133-F1-model_v1,86.0,False,all,98.31,P68133,10.71,0.0,30.69545555114746,0.0
1070,/AF-P68133-F1-model_v1,115.0,False,all,96.9,P68133,10.34,0.0,101.87137603759766,0.0
1071,/AF-P68133-F1-model_v1,120.0,False,all,98.48,P68133,10.4,0.0,42.62512969970703,0.0
1072,/AF-P68133-F1-model_v1,193.0,False,all,96.8,P68133,10.46,0.0,82.16730499267578,0.0
1073,/AF-P68133-F1-model_v1,215.0,False,all,98.44,P68133,9.62,0.0,15.950913429260254,0.0
1074,/AF-P68133-F1-model_v1,217.0,False,all,98.17,P68133,11.37,0.0,67.69084930419922,0.0
1075,/AF-P68133-F1-model_v1,240.0,False,all,97.87,P68133,10.17,0.0,65.94831085205078,0.0
1076,/AF-P68133-F1-model_v1,286.0,False,all,98.23,P68133,10.21,0.0,59.64837265014648,0.0
1077,/AF-P68133-F1-model_v1,293.0,False,all,97.43,P68133,10.55,0.0,97.04589080810548,0.0
1078,/AF-P68133-F1-model_v1,317.0,False,all,98.43,P68133,10.96,0.0,51.20376968383789,0.0
1079,/AF-P68133-F1-model_v1,328.0,False,all,95.7,P68133,10.41,0.0,102.67562866210938,0.0
1080,/AF-P68133-F1-model_v1,338.0,False,all,96.9,P68133,11.29,0.0,74.25887298583984,0.0
1081,/AF-P68133-F1-model_v1,361.0,False,all,97.71,P68133,10.33,0.0,44.23362350463867,0.0
1082,/AF-P68133-F1-model_v1,375.0,False,all,94.16,P68133,11.14,0.0,27.88058853149414,0.0
1083,/AF-Q562R1-F1-model_v1,19.0,False,all,98.53,Q562R1,11.69,0.0,27.076339721679688,0.0
1084,/AF-Q562R1-F1-model_v1,51.0,False,all,84.42,Q562R1,11.55,0.0,51.73993682861328,0.0
1085,/AF-Q562R1-F1-model_v1,62.0,False,all,91.68,Q562R1,11.28,0.0,32.70607376098633,0.0
1086,/AF-Q562R1-F1-model_v1,69.0,False,all,96.72,Q562R1,10.31,0.0,84.84813690185547,0.0
1087,/AF-Q562R1-F1-model_v1,85.0,False,all,97.96,Q562R1,10.48,0.0,41.55279922485352,0.0
1088,/AF-Q562R1-F1-model_v1,114.0,False,all,96.46,Q562R1,10.34,0.0,100.66500854492188,0.0
1089,/AF-Q562R1-F1-model_v1,119.0,False,all,98.36,Q562R1,10.33,0.0,41.95492172241211,0.0
1090,/AF-Q562R1-F1-model_v1,192.0,False,all,96.71,Q562R1,10.44,0.0,98.65438842773438,0.0
1091,/AF-Q562R1-F1-model_v1,214.0,False,all,98.33,Q562R1,9.71,0.0,18.363656997680664,0.0
1092,/AF-Q562R1-F1-model_v1,216.0,False,all,98.02,Q562R1,11.37,0.0,66.48448181152344,0.0
1093,/AF-Q562R1-F1-model_v1,285.0,False,all,98.31,Q562R1,10.21,0.0,58.7100830078125,0.0
1094,/AF-Q562R1-F1-model_v1,292.0,False,all,97.32,Q562R1,10.53,0.0,102.67562866210938,0.0
1095,/AF-Q562R1-F1-model_v1,316.0,False,all,98.28,Q562R1,11.16,0.0,49.059112548828125,0.0
1096,/AF-Q562R1-F1-model_v1,327.0,False,all,95.74,Q562R1,10.39,0.0,101.06713104248048,0.0
1097,/AF-Q562R1-F1-model_v1,337.0,False,all,96.88,Q562R1,11.29,0.0,66.7525634765625,0.0
1098,/AF-Q562R1-F1-model_v1,360.0,False,all,97.6,Q562R1,10.44,0.0,44.23362350463867,0.0
1099,/AF-Q562R1-F1-model_v1,374.0,False,all,93.68,Q562R1,11.28,0.0,30.829496383666992,0.0
1100,/AF-P62736-F1-model_v1,20.0,False,all,98.56,P62736,11.65,0.0,25.601884841918945,0.0
1101,/AF-P62736-F1-model_v1,52.0,False,all,84.64,P62736,11.48,0.0,56.43138122558594,0.0
1102,/AF-P62736-F1-model_v1,63.0,False,all,91.9,P62736,11.19,0.0,26.54017448425293,0.0
1103,/AF-P62736-F1-model_v1,70.0,False,all,96.82,P62736,10.33,0.0,89.27149963378906,0.0
1104,/AF-P62736-F1-model_v1,86.0,False,all,98.28,P62736,10.4,0.0,31.901826858520508,0.0
1105,/AF-P62736-F1-model_v1,115.0,False,all,96.67,P62736,10.36,0.0,96.64376831054688,0.0
1106,/AF-P62736-F1-model_v1,120.0,False,all,98.44,P62736,10.39,0.0,40.61450958251953,0.0
1107,/AF-P62736-F1-model_v1,193.0,False,all,97.4,P62736,10.45,0.0,84.04388427734375,0.0
1108,/AF-P62736-F1-model_v1,215.0,False,all,98.57,P62736,9.52,0.0,12.19775676727295,0.0
1109,/AF-P62736-F1-model_v1,217.0,False,all,98.31,P62736,11.36,0.0,69.83551025390625,0.0
1110,/AF-P62736-F1-model_v1,240.0,False,all,98.08,P62736,10.17,0.0,68.62913513183594,0.0
1111,/AF-P62736-F1-model_v1,286.0,False,all,98.28,P62736,10.2,0.0,60.98878479003906,0.0
1112,/AF-P62736-F1-model_v1,293.0,False,all,97.44,P62736,10.55,0.0,97.98418426513672,0.0
1113,/AF-P62736-F1-model_v1,317.0,False,all,98.62,P62736,11.17,0.0,46.78041076660156,0.0
1114,/AF-P62736-F1-model_v1,328.0,False,all,95.92,P62736,10.41,0.0,99.86075592041016,0.0
1115,/AF-P62736-F1-model_v1,338.0,False,all,97.17,P62736,11.28,0.0,66.48448181152344,0.0
1116,/AF-P62736-F1-model_v1,361.0,False,all,97.68,P62736,10.56,0.0,34.5826530456543,0.0
1117,/AF-P62736-F1-model_v1,375.0,False,all,94.12,P62736,11.24,0.0,29.35504150390625,0.0
1118,/AF-P29966-F1-model_v1,153.0,False,all,70.2,P29966,10.47,0.0,100.66500854492188,0.0
1119,/AF-P29966-F1-model_v1,155.0,False,all,73.61,P29966,10.45,0.0,104.41815948486328,0.0
1120,/AF-P29966-F1-model_v1,156.0,False,all,76.42,P29966,10.46,0.0,103.6139144897461,0.0
1121,/AF-P29966-F1-model_v1,162.0,False,all,72.92,P29966,10.45,0.0,114.87338256835938,0.0
1122,/AF-P29966-F1-model_v1,172.0,False,all,70.61,P29966,10.44,0.0,82.70347595214844,0.0
1123,/AF-P48668-F1-model_v1,173.0,False,all,83.71,P48668,10.38,0.0,77.3418197631836,0.0
1124,/AF-P48668-F1-model_v1,180.0,False,all,88.36,P48668,10.32,0.0,75.3311996459961,0.0
1125,/AF-P48668-F1-model_v1,189.0,False,all,93.42,P48668,10.44,0.0,86.32258605957031,0.0
1126,/AF-P48668-F1-model_v1,194.0,False,all,88.63,P48668,10.41,0.0,75.19715881347656,0.0
1127,/AF-P48668-F1-model_v1,250.0,False,all,97.9,P48668,12.22,0.0,56.16329956054688,0.0
1128,/AF-P48668-F1-model_v1,252.0,False,all,98.07,P48668,11.34,0.0,67.95893096923828,0.0
1129,/AF-P48668-F1-model_v1,259.0,False,all,97.4,P48668,11.09,0.0,60.85474395751953,0.0
1130,/AF-P48668-F1-model_v1,271.0,False,all,97.76,P48668,10.4,0.0,86.32258605957031,0.0
1131,/AF-P48668-F1-model_v1,272.0,False,all,97.75,P48668,10.37,0.0,85.65238189697266,0.0
1132,/AF-P48668-F1-model_v1,281.0,False,all,98.22,P48668,10.4,0.0,86.72471618652344,0.0
1133,/AF-P48668-F1-model_v1,287.0,False,all,97.86,P48668,10.98,0.0,61.79303359985352,0.0
1134,/AF-P48668-F1-model_v1,338.0,False,all,92.43,P48668,10.33,0.0,67.42276763916016,0.0
1135,/AF-P48668-F1-model_v1,359.0,False,all,94.88,P48668,11.38,0.0,53.48247146606445,0.0
1136,/AF-P48668-F1-model_v1,378.0,False,all,97.38,P48668,10.43,0.0,79.3524398803711,0.0
1137,/AF-P48668-F1-model_v1,399.0,False,all,97.05,P48668,11.06,0.0,80.29073333740234,0.0
1138,/AF-P48668-F1-model_v1,400.0,False,all,96.73,P48668,10.38,0.0,98.25226593017578,0.0
1139,/AF-P48668-F1-model_v1,421.0,False,all,97.39,P48668,10.41,0.0,84.84813690185547,0.0
1140,/AF-P48668-F1-model_v1,424.0,False,all,96.65,P48668,10.4,0.0,92.22040557861328,0.0
1141,/AF-P48668-F1-model_v1,436.0,False,all,97.26,P48668,10.44,0.0,81.63114166259766,0.0
1142,/AF-P48668-F1-model_v1,438.0,False,all,96.43,P48668,10.2,0.0,52.8122673034668,0.0
1143,/AF-P48668-F1-model_v1,446.0,False,all,96.25,P48668,11.12,0.0,65.94831085205078,0.0
1144,/AF-P48668-F1-model_v1,455.0,False,all,96.15,P48668,11.39,0.0,65.1440658569336,0.0
1145,/AF-P48668-F1-model_v1,467.0,False,all,87.72,P48668,10.44,0.0,74.25887298583984,0.0
1146,/3TZD-alt1C_assembled/3TZD-alt1B_assembled/3TZD-alt1A_assembled,44.0,False,all,0.0,P10412,10.713333333333331,0.0665832811847935,64.29513549804688,16.213088989257812
1147,/3TZD-alt1C_assembled/3TZD-alt1B_assembled/3TZD-alt1A_assembled,50.0,False,all,0.0,P10412,11.286666666666669,0.1833939293797187,15.101984977722168,4.372978687286377
1148,/3TZD-alt1C_assembled/3TZD-alt1B_assembled/3TZD-alt1A_assembled/AF-P10412-F1-model_v1,52.0,False,all,22.1925,P10412,10.46,0.0547722557505163,76.33651733398438,17.5252685546875
1149,/3TZD-alt1C_assembled/AF-P10412-F1-model_v1,81.0,False,all,48.09,P10412,10.32,0.0424264068711932,82.9715576171875,5.876454830169678
1150,/AF-P10412-F1-model_v1,46.0,False,all,94.46,P10412,11.32,0.0,86.59066772460938,0.0
1151,/AF-P10412-F1-model_v1,63.0,False,all,96.05,P10412,9.96,0.0,65.01002502441406,0.0
1152,/AF-P10412-F1-model_v1,64.0,False,all,96.33,P10412,10.41,0.0,106.83090209960938,0.0
1153,/AF-P10412-F1-model_v1,75.0,False,all,94.05,P10412,10.44,0.0,93.8289031982422,0.0
1154,/AF-P10412-F1-model_v1,85.0,False,all,95.95,P10412,10.39,0.0,104.28411865234376,0.0
1155,/AF-P10412-F1-model_v1,90.0,False,all,93.87,P10412,10.34,0.0,109.91385650634766,0.0
1156,/AF-P10412-F1-model_v1,97.0,False,all,94.72,P10412,10.29,0.0,81.89922332763672,0.0
1157,/AF-P10412-F1-model_v1,109.0,False,all,75.97,P10412,10.41,0.0,98.65438842773438,0.0
1158,/AF-P02538-F1-model_v1,173.0,False,all,84.77,P02538,10.38,0.0,74.12483215332031,0.0
1159,/AF-P02538-F1-model_v1,180.0,False,all,89.49,P02538,10.32,0.0,71.84613037109375,0.0
1160,/AF-P02538-F1-model_v1,189.0,False,all,93.33,P02538,10.43,0.0,82.5694351196289,0.0
1161,/AF-P02538-F1-model_v1,194.0,False,all,88.78,P02538,10.41,0.0,77.07373809814453,0.0
1162,/AF-P02538-F1-model_v1,250.0,False,all,97.34,P02538,11.73,0.0,65.01002502441406,0.0
1163,/AF-P02538-F1-model_v1,252.0,False,all,97.66,P02538,11.33,0.0,67.42276763916016,0.0
1164,/AF-P02538-F1-model_v1,259.0,False,all,96.51,P02538,11.19,0.0,76.5375747680664,0.0
1165,/AF-P02538-F1-model_v1,271.0,False,all,97.59,P02538,10.4,0.0,84.17792510986328,0.0
1166,/AF-P02538-F1-model_v1,272.0,False,all,97.65,P02538,10.38,0.0,89.53958129882812,0.0
1167,/AF-P02538-F1-model_v1,281.0,False,all,98.01,P02538,10.4,0.0,82.30135345458984,0.0
1168,/AF-P02538-F1-model_v1,287.0,False,all,97.61,P02538,10.31,0.0,68.76318359375,0.0
1169,/AF-P02538-F1-model_v1,338.0,False,all,92.02,P02538,10.36,0.0,70.37167358398438,0.0
1170,/AF-P02538-F1-model_v1,359.0,False,all,94.85,P02538,11.4,0.0,53.21438980102539,0.0
1171,/AF-P02538-F1-model_v1,378.0,False,all,96.99,P02538,10.43,0.0,83.90984344482422,0.0
1172,/AF-P02538-F1-model_v1,399.0,False,all,96.9,P02538,10.77,0.0,80.82689666748047,0.0
1173,/AF-P02538-F1-model_v1,400.0,False,all,96.31,P02538,10.39,0.0,99.72671508789062,0.0
1174,/AF-P02538-F1-model_v1,421.0,False,all,97.42,P02538,11.06,0.0,62.7313232421875,0.0
1175,/AF-P02538-F1-model_v1,424.0,False,all,96.62,P02538,10.4,0.0,85.51834106445312,0.0
1176,/AF-P02538-F1-model_v1,436.0,False,all,97.21,P02538,10.44,0.0,78.9503173828125,0.0
1177,/AF-P02538-F1-model_v1,438.0,False,all,96.38,P02538,10.28,0.0,55.62713241577149,0.0
1178,/AF-P02538-F1-model_v1,446.0,False,all,96.38,P02538,11.15,0.0,64.07173156738281,0.0
1179,/AF-P02538-F1-model_v1,455.0,False,all,96.2,P02538,11.43,0.0,65.81427001953125,0.0
1180,/AF-P02538-F1-model_v1,467.0,False,all,87.91,P02538,10.44,0.0,77.3418197631836,0.0
1181,/AF-Q58FF7-F1-model_v1,53.0,False,all,92.29,Q58FF7,10.39,0.0,72.78441619873047,0.0
1182,/AF-Q58FF7-F1-model_v1,64.0,False,all,92.43,Q58FF7,11.3,0.0,29.086959838867188,0.0
1183,/AF-Q58FF7-F1-model_v1,69.0,False,all,91.61,Q58FF7,10.56,0.0,86.45662689208984,0.0
1184,/AF-Q58FF7-F1-model_v1,72.0,False,all,95.77,Q58FF7,12.11,0.0,24.261472702026367,0.0
1185,/AF-Q58FF7-F1-model_v1,95.0,False,all,92.47,Q58FF7,10.37,0.0,49.59527587890625,0.0
1186,/AF-Q58FF7-F1-model_v1,121.0,False,all,85.61,Q58FF7,11.25,0.0,32.97415542602539,0.0
1187,/AF-Q58FF7-F1-model_v1,127.0,False,all,96.62,Q58FF7,10.09,0.0,26.808258056640625,0.0
1188,/AF-Q58FF7-F1-model_v1,159.0,False,all,96.35,Q58FF7,10.53,0.0,36.59326934814453,0.0
1189,/AF-Q58FF7-F1-model_v1,165.0,False,all,87.83,Q58FF7,10.36,0.0,36.86135482788086,0.0
1190,/AF-Q58FF7-F1-model_v1,178.0,False,all,90.39,Q58FF7,11.57,0.0,44.23362350463867,0.0
1191,/AF-Q58FF7-F1-model_v1,182.0,False,all,86.13,Q58FF7,10.28,0.0,102.94371032714844,0.0
1192,/AF-Q58FF7-F1-model_v1,183.0,False,all,80.89,Q58FF7,11.32,0.0,55.89521789550781,0.0
1193,/AF-Q58FF7-F1-model_v1,241.0,False,all,86.22,Q58FF7,10.96,0.0,86.18854522705078,0.0
1194,/AF-Q58FF7-F1-model_v1,248.0,False,all,93.01,Q58FF7,10.5,0.0,45.43999481201172,0.0
1195,/AF-Q58FF7-F1-model_v1,261.0,False,all,93.41,Q58FF7,10.36,0.0,98.92247009277344,0.0
1196,/AF-Q58FF7-F1-model_v1,289.0,False,all,83.49,Q58FF7,10.46,0.0,109.24365234375,0.0
1197,/AF-Q58FF7-F1-model_v1,290.0,False,all,83.18,Q58FF7,11.21,0.0,61.658992767333984,0.0
1198,/AF-Q58FF7-F1-model_v1,291.0,False,all,81.4,Q58FF7,11.15,0.0,63.53556823730469,0.0
1199,/AF-Q58FF7-F1-model_v1,292.0,False,all,82.17,Q58FF7,12.51,0.0,44.9038314819336,0.0
1200,/AF-Q58FF7-F1-model_v1,296.0,False,all,83.35,Q58FF7,9.34,0.0,35.52094268798828,0.0
1201,/AF-Q58FF7-F1-model_v1,350.0,False,all,83.88,Q58FF7,10.07,0.0,49.59527587890625,0.0
1202,/AF-Q58FF7-F1-model_v1,354.0,False,all,85.0,Q58FF7,10.48,0.0,93.42677307128906,0.0
1203,/AF-Q58FF7-F1-model_v1,364.0,False,all,95.38,Q58FF7,10.45,0.0,97.85013580322266,0.0
1204,/AF-Q58FF7-F1-model_v1,378.0,False,all,90.84,Q58FF7,10.11,0.0,58.03987884521485,0.0
1205,/AF-Q58FF7-F1-model_v1,399.0,False,all,86.77,Q58FF7,10.43,0.0,90.87998962402344,0.0
1206,/AF-Q58FF7-F1-model_v1,404.0,False,all,86.64,Q58FF7,10.05,0.0,28.952917098999023,0.0
1207,/AF-Q58FF7-F1-model_v1,411.0,False,all,93.74,Q58FF7,9.52,0.0,36.72731399536133,0.0
1208,/AF-Q58FF7-F1-model_v1,423.0,False,all,87.34,Q58FF7,11.62,0.0,49.46123504638672,0.0
1209,/AF-Q58FF7-F1-model_v1,424.0,False,all,91.73,Q58FF7,10.66,0.0,68.36105346679688,0.0
1210,/AF-Q58FF7-F1-model_v1,425.0,False,all,91.33,Q58FF7,10.85,0.0,77.87799072265625,0.0
1211,/AF-Q58FF7-F1-model_v1,430.0,False,all,94.45,Q58FF7,11.31,0.0,59.24625015258789,0.0
1212,/AF-Q58FF7-F1-model_v1,432.0,False,all,95.39,Q58FF7,11.1,0.0,43.69746017456055,0.0
1213,/AF-Q58FF7-F1-model_v1,438.0,False,all,96.22,Q58FF7,11.51,0.0,66.35043334960938,0.0
1214,/AF-Q58FF7-F1-model_v1,441.0,False,all,96.91,Q58FF7,10.98,0.0,30.293331146240234,0.0
1215,/AF-Q58FF7-F1-model_v1,446.0,False,all,89.85,Q58FF7,10.44,0.0,96.64376831054688,0.0
1216,/AF-Q58FF7-F1-model_v1,447.0,False,all,91.27,Q58FF7,10.33,0.0,52.67822647094727,0.0
1217,/AF-Q58FF7-F1-model_v1,450.0,False,all,95.07,Q58FF7,10.35,0.0,69.1653060913086,0.0
1218,/AF-Q58FF7-F1-model_v1,480.0,False,all,84.75,Q58FF7,11.16,0.0,47.18253326416016,0.0
1219,/AF-Q58FF7-F1-model_v1,496.0,False,all,87.5,Q58FF7,11.51,0.0,69.43338775634766,0.0
1220,/AF-Q58FF7-F1-model_v1,497.0,False,all,93.72,Q58FF7,9.84,0.0,27.21038055419922,0.0
1221,/AF-Q58FF7-F1-model_v1,514.0,False,all,93.86,Q58FF7,10.56,0.0,68.89722442626953,0.0
1222,/AF-Q58FF7-F1-model_v1,519.0,False,all,89.77,Q58FF7,10.38,0.0,73.58866882324219,0.0
1223,/AF-Q58FF7-F1-model_v1,522.0,False,all,87.56,Q58FF7,10.66,0.0,82.5694351196289,0.0
1224,/AF-Q58FF7-F1-model_v1,525.0,False,all,90.89,Q58FF7,10.36,0.0,48.522945404052734,0.0
1225,/AF-Q58FF7-F1-model_v1,558.0,False,all,86.2,Q58FF7,10.41,0.0,69.83551025390625,0.0
1226,/AF-P46459-F1-model_v1,27.0,False,all,89.07,P46459,10.44,0.0,77.74394989013672,0.0
1227,/AF-P46459-F1-model_v1,50.0,False,all,92.74,P46459,10.39,0.0,42.75917053222656,0.0
1228,/AF-P46459-F1-model_v1,68.0,False,all,89.34,P46459,10.32,0.0,69.43338775634766,0.0
1229,/AF-P46459-F1-model_v1,87.0,False,all,81.67,P46459,10.49,0.0,86.18854522705078,0.0
1230,/AF-P46459-F1-model_v1,89.0,False,all,83.09,P46459,10.6,0.0,76.00141143798828,0.0
1231,/AF-P46459-F1-model_v1,104.0,False,all,79.39,P46459,11.36,0.0,57.10158920288086,0.0
1232,/AF-P46459-F1-model_v1,105.0,False,all,79.21,P46459,10.47,0.0,93.56082153320312,0.0
1233,/AF-P46459-F1-model_v1,116.0,False,all,90.71,P46459,10.62,0.0,71.84613037109375,0.0
1234,/AF-P46459-F1-model_v1,143.0,False,all,87.75,P46459,12.25,0.0,27.478464126586918,0.0
1235,/AF-P46459-F1-model_v1,150.0,False,all,91.15,P46459,12.21,0.0,41.15067672729492,0.0
1236,/AF-P46459-F1-model_v1,171.0,False,all,87.03,P46459,11.61,0.0,68.89722442626953,0.0
1237,/AF-P46459-F1-model_v1,187.0,False,all,87.38,P46459,9.73,0.0,22.92106056213379,0.0
1238,/AF-P46459-F1-model_v1,198.0,False,all,79.57,P46459,10.62,0.0,87.66300201416016,0.0
1239,/AF-P46459-F1-model_v1,200.0,False,all,79.28,P46459,10.07,0.0,44.9038314819336,0.0
1240,/AF-P46459-F1-model_v1,225.0,False,all,85.89,P46459,10.69,0.0,105.89261627197266,0.0
1241,/AF-P46459-F1-model_v1,251.0,False,all,80.53,P46459,10.29,0.0,72.65037536621094,0.0
1242,/AF-P46459-F1-model_v1,254.0,False,all,87.29,P46459,9.26,0.0,21.178524017333984,0.0
1243,/AF-P46459-F1-model_v1,266.0,False,all,90.31,P46459,8.85,0.0,21.580646514892575,0.0
1244,/AF-P46459-F1-model_v1,275.0,False,all,78.83,P46459,10.25,0.0,93.02465057373048,0.0
1245,/AF-P46459-F1-model_v1,283.0,False,all,90.37,P46459,10.79,0.0,47.18253326416016,0.0
1246,/AF-P46459-F1-model_v1,293.0,False,all,81.29,P46459,10.43,0.0,78.01203155517578,0.0
1247,/AF-P46459-F1-model_v1,304.0,False,all,92.01,P46459,10.43,0.0,78.81627655029297,0.0
1248,/AF-P46459-F1-model_v1,335.0,False,all,83.16,P46459,10.24,0.0,86.32258605957031,0.0
1249,/AF-P46459-F1-model_v1,357.0,False,all,87.72,P46459,10.9,0.0,21.982770919799805,0.0
1250,/AF-P46459-F1-model_v1,392.0,False,all,91.69,P46459,10.0,0.0,46.512325286865234,0.0
1251,/AF-P46459-F1-model_v1,401.0,False,all,89.27,P46459,10.62,0.0,91.55020141601562,0.0
1252,/AF-P46459-F1-model_v1,427.0,False,all,92.94,P46459,10.58,0.0,90.34382629394533,0.0
1253,/AF-P46459-F1-model_v1,434.0,False,all,78.59,P46459,9.73,0.0,46.24424362182617,0.0
1254,/AF-P46459-F1-model_v1,489.0,False,all,73.7,P46459,11.33,0.0,72.5163345336914,0.0
1255,/AF-P46459-F1-model_v1,509.0,False,all,91.04,P46459,10.5,0.0,70.63975524902344,0.0
1256,/AF-P46459-F1-model_v1,529.0,False,all,91.73,P46459,10.37,0.0,75.46524810791016,0.0
1257,/AF-P46459-F1-model_v1,549.0,False,all,94.17,P46459,8.65,0.0,7.238229274749756,0.0
1258,/AF-P46459-F1-model_v1,555.0,False,all,92.06,P46459,11.53,0.0,25.06572151184082,0.0
1259,/AF-P46459-F1-model_v1,566.0,False,all,89.2,P46459,9.64,0.0,75.46524810791016,0.0
1260,/AF-P46459-F1-model_v1,572.0,False,all,87.56,P46459,11.11,0.0,41.55279922485352,0.0
1261,/AF-P46459-F1-model_v1,581.0,False,all,94.18,P46459,10.8,0.0,15.548789024353027,0.0
1262,/AF-P46459-F1-model_v1,586.0,False,all,92.69,P46459,10.65,0.0,76.5375747680664,0.0
1263,/AF-P46459-F1-model_v1,587.0,False,all,89.62,P46459,10.48,0.0,101.73733520507812,0.0
1264,/AF-P46459-F1-model_v1,594.0,False,all,79.62,P46459,11.1,0.0,78.9503173828125,0.0
1265,/AF-P46459-F1-model_v1,631.0,False,all,91.9,P46459,10.35,0.0,81.09497833251953,0.0
1266,/AF-P46459-F1-model_v1,632.0,False,all,92.95,P46459,10.26,0.0,71.84613037109375,0.0
1267,/AF-P46459-F1-model_v1,639.0,False,all,93.25,P46459,11.11,0.0,17.961532592773438,0.0
1268,/AF-P46459-F1-model_v1,649.0,False,all,93.18,P46459,11.39,0.0,41.55279922485352,0.0
1269,/AF-P46459-F1-model_v1,687.0,False,all,90.58,P46459,10.47,0.0,86.59066772460938,0.0
1270,/AF-P46459-F1-model_v1,689.0,False,all,90.59,P46459,10.44,0.0,91.1480712890625,0.0
1271,/AF-P46459-F1-model_v1,699.0,False,all,82.57,P46459,10.51,0.0,87.12683868408203,0.0
1272,/AF-P46459-F1-model_v1,701.0,False,all,84.39,P46459,10.02,0.0,58.97816467285156,0.0
1273,/AF-P46459-F1-model_v1,702.0,False,all,85.05,P46459,10.52,0.0,97.179931640625,0.0
1274,/AF-P46459-F1-model_v1,708.0,False,all,92.41,P46459,10.3,0.0,83.3736801147461,0.0
1275,/AF-P46459-F1-model_v1,709.0,False,all,92.41,P46459,11.27,0.0,40.48046875,0.0
1276,/AF-P46459-F1-model_v1,728.0,False,all,92.51,P46459,10.4,0.0,52.00801849365234,0.0
1277,/AF-O00567-F1-model_v1,20.0,False,all,77.88,O00567,10.41,0.0,86.18854522705078,0.0
1278,/AF-O00567-F1-model_v1,41.0,False,all,82.69,O00567,10.42,0.0,76.67161560058594,0.0
1279,/AF-O00567-F1-model_v1,99.0,False,all,90.99,O00567,10.56,0.0,86.18854522705078,0.0
1280,/AF-O00567-F1-model_v1,134.0,False,all,79.79,O00567,10.44,0.0,103.2117919921875,0.0
1281,/AF-O00567-F1-model_v1,143.0,False,all,92.16,O00567,10.39,0.0,94.63314819335938,0.0
1282,/AF-O00567-F1-model_v1,156.0,False,all,89.75,O00567,11.24,0.0,63.133445739746094,0.0
1283,/AF-O00567-F1-model_v1,158.0,False,all,84.18,O00567,10.55,0.0,104.95433044433594,0.0
1284,/AF-O00567-F1-model_v1,180.0,False,all,95.23,O00567,10.49,0.0,91.68424224853516,0.0
1285,/AF-O00567-F1-model_v1,202.0,False,all,87.23,O00567,10.49,0.0,98.7884292602539,0.0
1286,/AF-O00567-F1-model_v1,227.0,False,all,76.23,O00567,10.08,0.0,39.14005661010742,0.0
1287,/AF-O00567-F1-model_v1,240.0,False,all,84.15,O00567,10.71,0.0,59.64837265014648,0.0
1288,/AF-O00567-F1-model_v1,242.0,False,all,85.65,O00567,10.59,0.0,68.62913513183594,0.0
1289,/AF-O00567-F1-model_v1,288.0,False,all,90.56,O00567,10.51,0.0,61.92707443237305,0.0
1290,/AF-O00567-F1-model_v1,320.0,False,all,94.96,O00567,10.39,0.0,85.11621856689453,0.0
1291,/AF-O00567-F1-model_v1,333.0,False,all,87.39,O00567,10.43,0.0,112.86276245117188,0.0
1292,/AF-O00567-F1-model_v1,340.0,False,all,92.29,O00567,10.4,0.0,86.72471618652344,0.0
1293,/AF-O00567-F1-model_v1,347.0,False,all,84.12,O00567,10.36,0.0,85.51834106445312,0.0
1294,/AF-O00567-F1-model_v1,363.0,False,all,87.64,O00567,10.46,0.0,94.49910736083984,0.0
1295,/AF-O00567-F1-model_v1,365.0,False,all,89.09,O00567,10.33,0.0,38.87197494506836,0.0
1296,/AF-O00567-F1-model_v1,375.0,False,all,93.51,O00567,8.4,0.0,10.321179389953612,0.0
1297,/AF-O00567-F1-model_v1,396.0,False,all,90.93,O00567,11.45,0.0,24.931678771972656,0.0
1298,/AF-O00567-F1-model_v1,416.0,False,all,82.34,O00567,10.44,0.0,92.3544464111328,0.0
1299,/AF-O00567-F1-model_v1,422.0,False,all,83.11,O00567,10.39,0.0,93.8289031982422,0.0
1300,/AF-O00567-F1-model_v1,438.0,False,all,79.96,O00567,11.39,0.0,79.88860321044922,0.0
1301,/AF-O00567-F1-model_v1,441.0,False,all,79.66,O00567,10.39,0.0,90.07574462890624,0.0
1302,/AF-O00567-F1-model_v1,444.0,False,all,75.9,O00567,10.63,0.0,86.18854522705078,0.0
1303,/AF-O00567-F1-model_v1,445.0,False,all,78.19,O00567,10.39,0.0,91.01403045654295,0.0
1304,/AF-O00567-F1-model_v1,448.0,False,all,75.33,O00567,10.42,0.0,80.02265167236328,0.0
1305,/AF-O00567-F1-model_v1,449.0,False,all,77.71,O00567,10.39,0.0,97.31397247314452,0.0
1306,/AF-O00567-F1-model_v1,451.0,False,all,76.73,O00567,10.42,0.0,88.86936950683594,0.0
1307,/AF-O00567-F1-model_v1,452.0,False,all,77.42,O00567,10.4,0.0,82.70347595214844,0.0
1308,/4XZ2-alt-1_assembled/4XYJ-alt-1_assembled,56.0,False,all,0.0,Q01813,11.026,0.2993028937752227,50.74803161621094,6.052903175354004
1309,/4XZ2-alt-1_assembled/4XYJ-alt-1_assembled,109.0,False,all,0.0,Q01813,10.496,0.0516827931821715,61.471336364746094,8.887744903564453
1310,/4XZ2-alt-1_assembled/4XYJ-alt-1_assembled,139.0,False,all,0.0,Q01813,10.264,0.1313350253698108,69.54061889648438,13.550153732299805
1311,/4XZ2-alt-1_assembled/4XYJ-alt-1_assembled,161.0,False,all,0.0,Q01813,10.625,0.5181644955460036,60.4526252746582,22.4643497467041
1312,/4XZ2-alt-1_assembled/4XYJ-alt-1_assembled,255.0,False,all,0.0,Q01813,8.961999999999998,0.6335929292534753,20.49491310119629,8.458053588867188
1313,/4XZ2-alt-1_assembled/4XYJ-alt-1_assembled,263.0,False,all,0.0,Q01813,10.282,0.2239940475399588,76.89947509765625,7.977940559387207
1314,/4XZ2-alt-1_assembled/4XYJ-alt-1_assembled,264.0,False,all,0.0,Q01813,10.083000000000002,0.3756786451802185,34.82392120361328,4.063610553741455
1315,/4XZ2-alt-1_assembled/4XYJ-alt-1_assembled,281.0,False,all,0.0,Q01813,10.329999999999998,0.1434495652756668,61.37751007080078,4.905272960662842
1316,/4XZ2-alt-1_assembled/4XYJ-alt-1_assembled,287.0,False,all,0.0,Q01813,10.427,0.2883304431454378,43.93873596191406,8.262085914611816
1317,/4XZ2-alt-1_assembled/4XYJ-alt-1_assembled,289.0,False,all,0.0,Q01813,10.27,0.1493690433493872,41.00322723388672,8.827625274658203
1318,/4XZ2-alt-1_assembled/4XYJ-alt-1_assembled,369.0,False,all,0.0,Q01813,10.972,0.4336870351352972,59.8092155456543,8.187570571899414
1319,/4XZ2-alt-1_assembled/4XYJ-alt-1_assembled,395.0,False,all,0.0,Q01813,9.523,0.2778908658688395,58.3481674194336,5.506417274475098
1320,/4XZ2-alt-1_assembled/4XYJ-alt-1_assembled,400.0,False,all,0.0,Q01813,9.461,0.4634759972209998,35.94987106323242,6.399072647094727
1321,/4XZ2-alt-1_assembled/4XYJ-alt-1_assembled,408.0,False,all,0.0,Q01813,10.883,0.5472161872199647,39.42154312133789,6.494342803955078
1322,/4XZ2-alt-1_assembled/4XYJ-alt-1_assembled,455.0,False,all,0.0,Q01813,11.461,0.3076596243325482,49.59527206420898,4.443400859832764
1323,/4XZ2-alt-1_assembled/4XYJ-alt-1_assembled,459.0,False,all,0.0,Q01813,10.483,0.3296142526583998,63.441741943359375,10.024370193481444
1324,/4XZ2-alt-1_assembled/4XYJ-alt-1_assembled,480.0,False,all,0.0,Q01813,10.296666666666669,0.6589005994837158,43.23576354980469,10.387142181396484
1325,/4XZ2-alt-1_assembled/4XYJ-alt-1_assembled,486.0,False,all,0.0,Q01813,10.579,0.0703088424974648,79.40605163574219,11.35642433166504
1326,/4XZ2-alt-1_assembled/4XYJ-alt-1_assembled,524.0,False,all,0.0,Q01813,10.566999999999998,0.2631032750334612,76.29630279541016,10.996978759765623
1327,/4XZ2-alt-1_assembled/4XYJ-alt-1_assembled,567.0,False,all,0.0,Q01813,8.531000000000002,1.1025873611142518,28.52398681640625,7.355544567108154
1328,/4XZ2-alt-1_assembled/4XYJ-alt-1_assembled,574.0,False,all,0.0,Q01813,9.313,1.9011519899494855,39.300907135009766,22.93440818786621
1329,/4XZ2-alt-1_assembled/4XYJ-alt-1_assembled,625.0,False,all,0.0,Q01813,9.988,0.2843237591197753,24.31509017944336,9.863593101501465
1330,/4XZ2-alt-1_assembled/4XYJ-alt-1_assembled,627.0,False,all,0.0,Q01813,10.826,0.2899501872927676,51.67292022705078,5.901961803436279
1331,/4XZ2-alt-1_assembled/4XYJ-alt-1_assembled,659.0,False,all,0.0,Q01813,10.924000000000005,0.4034077066415287,56.76648712158203,5.587109088897705
1332,/4XZ2-alt-1_assembled/4XYJ-alt-1_assembled,666.0,False,all,0.0,Q01813,10.796,0.6306645524982181,43.56342315673828,6.652734756469727
1333,/4XZ2-alt-1_assembled/4XYJ-alt-1_assembled,688.0,False,all,0.0,Q01813,8.455000000000002,0.8484004557597391,52.8926887512207,8.07176399230957
1334,/4XZ2-alt-1_assembled/4XYJ-alt-1_assembled,700.0,False,all,0.0,Q01813,10.41,0.5158165048412724,29.140575408935547,9.852048873901367
1335,/4XZ2-alt-1_assembled/4XYJ-alt-1_assembled,702.0,False,all,0.0,Q01813,10.137,0.528626101848514,72.4359130859375,12.689902305603027
1336,/4XZ2-alt-1_assembled/4XYJ-alt-1_assembled,709.0,False,all,0.0,Q01813,10.312,0.495396586360643,66.91340637207031,17.13770294189453
1337,/4XZ2-alt-1_assembled/4XYJ-alt-1_assembled,710.0,False,all,0.0,Q01813,10.513,0.3495409688275308,56.37776565551758,17.1999568939209
1338,/4XZ2-alt-1_assembled/4XYJ-alt-1_assembled,724.0,False,all,0.0,Q01813,10.261,0.2527383363612783,75.97460174560547,14.477396965026855
1339,/4XZ2-alt-1_assembled/4XYJ-alt-1_assembled,736.0,False,all,0.0,Q01813,10.23,0.1051982255870635,59.40709686279297,6.925840854644775
1340,/4XZ2-alt-1_assembled/4XYJ-alt-1_assembled,737.0,False,all,0.0,Q01813,10.403,0.1055198770111316,81.37646484375,8.14445972442627
1341,/4XZ2-alt-1_assembled/4XYJ-alt-1_assembled,747.0,False,all,0.0,Q01813,10.431,0.1425521347125713,68.28062438964844,14.914859771728516
1342,/4XZ2-alt-1_assembled/4XYJ-alt-1_assembled,753.0,False,all,0.0,Q01813,10.486,0.970832403433031,51.84716796875,10.884395599365234
1343,/4XZ2-alt-1_assembled/4XYJ-alt-1_assembled,759.0,False,all,0.0,Q01813,9.861,0.5979121079965594,44.60894012451172,17.499765396118164
1344,/4XYJ-alt-1_assembled,15.0,False,all,0.0,Q01813,10.861428571428572,0.2682305333991996,45.650634765625,8.772916793823242
1345,/4XYJ-alt-1_assembled,25.0,False,all,0.0,Q01813,9.66,0.237005123513034,47.115509033203125,11.98130702972412
1346,/4XYJ-alt-1_assembled,763.0,False,all,0.0,Q01813,9.84125,0.4080769360234486,54.52128982543945,9.990411758422852
1347,/4XYJ-alt-1_assembled,765.0,False,all,0.0,Q01813,10.01857142857143,0.2643500565177778,78.98860931396484,8.911382675170898
1348,/AF-Q9ULV4-F1-model_v1,9.0,False,all,90.86,Q9ULV4,10.23,0.0,58.84412384033203,0.0
1349,/AF-Q9ULV4-F1-model_v1,19.0,False,all,95.71,Q9ULV4,10.43,0.0,94.09698486328124,0.0
1350,/AF-Q9ULV4-F1-model_v1,65.0,False,all,94.83,Q9ULV4,10.11,0.0,57.90583419799805,0.0
1351,/AF-Q9ULV4-F1-model_v1,71.0,False,all,91.41,Q9ULV4,10.21,0.0,63.66961288452149,0.0
1352,/AF-Q9ULV4-F1-model_v1,131.0,False,all,98.25,Q9ULV4,10.53,0.0,69.29934692382812,0.0
1353,/AF-Q9ULV4-F1-model_v1,194.0,False,all,96.49,Q9ULV4,11.13,0.0,51.20376968383789,0.0
1354,/AF-Q9ULV4-F1-model_v1,196.0,False,all,95.23,Q9ULV4,10.1,0.0,48.7910270690918,0.0
1355,/AF-Q9ULV4-F1-model_v1,197.0,False,all,97.25,Q9ULV4,11.42,0.0,37.66559982299805,0.0
1356,/AF-Q9ULV4-F1-model_v1,212.0,False,all,97.74,Q9ULV4,10.13,0.0,26.4061336517334,0.0
1357,/AF-Q9ULV4-F1-model_v1,214.0,False,all,95.18,Q9ULV4,11.55,0.0,71.98017120361328,0.0
1358,/AF-Q9ULV4-F1-model_v1,251.0,False,all,95.75,Q9ULV4,10.41,0.0,99.5926742553711,0.0
1359,/AF-Q9ULV4-F1-model_v1,285.0,False,all,91.49,Q9ULV4,7.32,0.0,28.81887626647949,0.0
1360,/AF-Q9ULV4-F1-model_v1,311.0,False,all,92.36,Q9ULV4,10.48,0.0,113.13084411621094,0.0
1361,/AF-Q9ULV4-F1-model_v1,322.0,False,all,95.88,Q9ULV4,10.48,0.0,22.652976989746094,0.0
1362,/AF-Q9ULV4-F1-model_v1,329.0,False,all,92.11,Q9ULV4,11.53,0.0,80.5588150024414,0.0
1363,/AF-Q9ULV4-F1-model_v1,337.0,False,all,98.03,Q9ULV4,8.73,0.0,0.5361651182174683,0.0
1364,/AF-Q9ULV4-F1-model_v1,342.0,False,all,96.11,Q9ULV4,12.06,0.0,20.240234375,0.0
1365,/AF-Q9ULV4-F1-model_v1,353.0,False,all,84.61,Q9ULV4,10.47,0.0,99.1905517578125,0.0
1366,/AF-Q9ULV4-F1-model_v1,381.0,False,all,98.05,Q9ULV4,11.61,0.0,56.16329956054688,0.0
1367,/AF-Q9ULV4-F1-model_v1,391.0,False,all,88.8,Q9ULV4,10.68,0.0,62.32919692993164,0.0
1368,/AF-Q9ULV4-F1-model_v1,398.0,False,all,76.51,Q9ULV4,10.54,0.0,114.73934173583984,0.0
1369,/AF-Q9ULV4-F1-model_v1,403.0,False,all,86.8,Q9ULV4,10.52,0.0,107.50111389160156,0.0
1370,/AF-Q9ULV4-F1-model_v1,406.0,False,all,72.2,Q9ULV4,10.41,0.0,97.31397247314452,0.0
1371,/AF-Q9ULV4-F1-model_v1,440.0,False,all,79.36,Q9ULV4,10.42,0.0,85.92046356201172,0.0
1372,/AF-Q9ULV4-F1-model_v1,446.0,False,all,90.54,Q9ULV4,10.44,0.0,83.50772094726562,0.0
1373,/AF-Q9ULV4-F1-model_v1,449.0,False,all,91.74,Q9ULV4,10.43,0.0,84.17792510986328,0.0
1374,/AF-Q9ULV4-F1-model_v1,452.0,False,all,90.49,Q9ULV4,10.4,0.0,79.48648071289062,0.0
1375,/AF-Q9ULV4-F1-model_v1,464.0,False,all,90.64,Q9ULV4,10.39,0.0,80.69285583496094,0.0
1376,/AF-Q9ULV4-F1-model_v1,471.0,False,all,84.51,Q9ULV4,10.41,0.0,77.3418197631836,0.0
1377,/1PL8-alt1B_assembled/1PL8-alt1A_assembled,62.0,False,all,0.0,Q00796,10.34,0.0130930734141592,76.10194396972656,3.4841527938842773
1378,/1PL8-alt1B_assembled/1PL8-alt1A_assembled,63.0,False,all,0.0,Q00796,10.625,0.0220389266007739,69.90252685546875,2.3337924480438232
1379,/1PL8-alt1B_assembled/1PL8-alt1A_assembled,77.0,False,all,0.0,Q00796,11.39,0.0645865974597555,51.40483093261719,3.3705074787139893
1380,/1PL8-alt1B_assembled/1PL8-alt1A_assembled,83.0,False,all,0.0,Q00796,10.3925,0.081897148040349,80.19020080566406,10.44066333770752
1381,/1PL8-alt1B_assembled/1PL8-alt1A_assembled,86.0,False,all,0.0,Q00796,11.36,0.0389138242053605,64.37333679199219,4.193556785583496
1382,/1PL8-alt1B_assembled/1PL8-alt1A_assembled,106.0,False,all,0.0,Q00796,10.685,0.2732868717771023,55.81143569946289,9.50517463684082
1383,/1PL8-alt1B_assembled/1PL8-alt1A_assembled,133.0,False,all,0.0,Q00796,10.2975,0.0615861765565712,38.938995361328125,0.8745753169059753
1384,/1PL8-alt1B_assembled/1PL8-alt1A_assembled,141.0,False,all,0.0,Q00796,10.19625,0.1370023461738626,59.9499626159668,12.59534740447998
1385,/1PL8-alt1B_assembled/1PL8-alt1A_assembled,174.0,False,all,0.0,Q00796,10.197500000000002,0.0592211352233542,21.178524017333984,3.1394612789154053
1386,/1PL8-alt1B_assembled/1PL8-alt1A_assembled,192.0,False,all,0.0,Q00796,10.17125,0.0379614466079921,24.663597106933597,0.5361655354499817
1387,/1PL8-alt1B_assembled/1PL8-alt1A_assembled,211.0,False,all,0.0,Q00796,10.175,0.1647508942095826,31.80129623413086,2.310303211212158
1388,/1PL8-alt1B_assembled/1PL8-alt1A_assembled,213.0,False,all,0.0,Q00796,9.77,0.5641175156193711,44.63574981689453,5.538725852966309
1389,/1PL8-alt1B_assembled/1PL8-alt1A_assembled,225.0,False,all,0.0,Q00796,10.485,0.0325137333621171,82.20081329345703,7.896498203277588
1390,/1PL8-alt1B_assembled/1PL8-alt1A_assembled,234.0,False,all,0.0,Q00796,10.0275,0.5277648285796565,28.718345642089844,17.787601470947266
1391,/1PL8-alt1B_assembled/1PL8-alt1A_assembled,242.0,False,all,0.0,Q00796,10.795,0.1054243127285432,29.422061920166016,2.643221378326416
1392,/1PL8-alt1B_assembled/1PL8-alt1A_assembled,294.0,False,all,0.0,Q00796,10.21875,0.0135620268186057,46.110198974609375,4.762307167053223
1393,/1PL8-alt1B_assembled/1PL8-alt1A_assembled,313.0,False,all,0.0,Q00796,10.165,0.0392792202424784,55.82819747924805,1.5778844356536863
1394,/1PL8-alt1B_assembled/1PL8-alt1A_assembled,318.0,False,all,0.0,Q00796,10.7175,0.0070710678118653,54.85639953613281,2.3684539794921875
1395,/1PL8-alt1B_assembled/1PL8-alt1A_assembled,329.0,False,all,0.0,Q00796,10.46,0.01309307341416,56.79999542236328,1.4626561403274536
1396,/1PL8-alt1B_assembled/1PL8-alt1A_assembled,338.0,False,all,0.0,Q00796,11.0625,0.2601510550210618,42.59161758422852,5.7052531242370605
1397,/1PL8-alt1B_assembled/1PL8-alt1A_assembled,339.0,False,all,0.0,Q00796,10.3975,0.0158113883008415,72.65038299560547,2.699906349182129
1398,/1PL8-alt1B_assembled/1PL8-alt1A_assembled,344.0,False,all,0.0,Q00796,12.228750000000002,0.0124642345475819,16.654630661010742,1.3683658838272097
1399,/1PL8-alt1B_assembled/1PL8-alt1A_assembled,348.0,False,all,0.0,Q00796,9.76625,0.0176776695296633,1.3739230632781982,0.2349139899015426
1400,/AF-Q53GS9-F1-model_v1,122.0,False,all,89.06,Q53GS9,9.61,0.0,44.3676643371582,0.0
1401,/AF-Q53GS9-F1-model_v1,141.0,False,all,93.74,Q53GS9,10.58,0.0,80.29073333740234,0.0
1402,/AF-Q53GS9-F1-model_v1,149.0,False,all,90.12,Q53GS9,10.44,0.0,101.6032943725586,0.0
1403,/AF-Q53GS9-F1-model_v1,171.0,False,all,93.75,Q53GS9,11.64,0.0,45.84212112426758,0.0
1404,/AF-Q53GS9-F1-model_v1,194.0,False,all,90.23,Q53GS9,11.01,0.0,65.27810668945312,0.0
1405,/AF-Q53GS9-F1-model_v1,199.0,False,all,90.26,Q53GS9,10.73,0.0,88.46724700927734,0.0
1406,/AF-Q53GS9-F1-model_v1,207.0,False,all,85.92,Q53GS9,10.41,0.0,93.8289031982422,0.0
1407,/AF-Q53GS9-F1-model_v1,210.0,False,all,86.62,Q53GS9,10.39,0.0,98.92247009277344,0.0
1408,/AF-Q53GS9-F1-model_v1,231.0,False,all,85.57,Q53GS9,10.33,0.0,78.14607238769531,0.0
1409,/AF-Q53GS9-F1-model_v1,260.0,False,all,85.76,Q53GS9,10.56,0.0,78.14607238769531,0.0
1410,/AF-Q53GS9-F1-model_v1,263.0,False,all,78.04,Q53GS9,10.46,0.0,110.71810150146484,0.0
1411,/AF-Q53GS9-F1-model_v1,283.0,False,all,93.21,Q53GS9,12.7,0.0,19.167903900146484,0.0
1412,/AF-Q53GS9-F1-model_v1,291.0,False,all,88.0,Q53GS9,11.15,0.0,40.74855041503906,0.0
1413,/AF-Q53GS9-F1-model_v1,308.0,False,all,90.62,Q53GS9,10.42,0.0,103.6139144897461,0.0
1414,/AF-Q53GS9-F1-model_v1,309.0,False,all,88.01,Q53GS9,10.34,0.0,89.67362213134766,0.0
1415,/AF-Q53GS9-F1-model_v1,315.0,False,all,87.61,Q53GS9,10.37,0.0,89.94170379638672,0.0
1416,/AF-Q53GS9-F1-model_v1,341.0,False,all,72.99,Q53GS9,10.2,0.0,80.42477416992188,0.0
1417,/AF-Q53GS9-F1-model_v1,342.0,False,all,82.42,Q53GS9,10.59,0.0,99.86075592041016,0.0
1418,/AF-Q53GS9-F1-model_v1,358.0,False,all,90.17,Q53GS9,10.45,0.0,62.7313232421875,0.0
1419,/AF-Q53GS9-F1-model_v1,359.0,False,all,87.57,Q53GS9,12.68,0.0,17.55940818786621,0.0
1420,/AF-Q53GS9-F1-model_v1,370.0,False,all,80.12,Q53GS9,10.13,0.0,34.046485900878906,0.0
1421,/AF-Q53GS9-F1-model_v1,421.0,False,all,90.2,Q53GS9,9.68,0.0,26.00400924682617,0.0
1422,/AF-Q53GS9-F1-model_v1,428.0,False,all,87.33,Q53GS9,10.92,0.0,52.8122673034668,0.0
1423,/AF-Q53GS9-F1-model_v1,431.0,False,all,81.44,Q53GS9,10.96,0.0,62.32919692993164,0.0
1424,/AF-Q53GS9-F1-model_v1,434.0,False,all,75.58,Q53GS9,10.52,0.0,85.51834106445312,0.0
1425,/AF-Q53GS9-F1-model_v1,439.0,False,all,91.58,Q53GS9,10.02,0.0,49.59527587890625,0.0
1426,/AF-Q53GS9-F1-model_v1,445.0,False,all,91.04,Q53GS9,9.69,0.0,72.78441619873047,0.0
1427,/AF-Q53GS9-F1-model_v1,455.0,False,all,91.77,Q53GS9,10.28,0.0,71.84613037109375,0.0
1428,/AF-Q53GS9-F1-model_v1,466.0,False,all,90.19,Q53GS9,9.9,0.0,16.889202117919922,0.0
1429,/AF-Q53GS9-F1-model_v1,493.0,False,all,78.73,Q53GS9,10.44,0.0,93.8289031982422,0.0
1430,/AF-Q53GS9-F1-model_v1,508.0,False,all,85.99,Q53GS9,10.41,0.0,88.7353286743164,0.0
1431,/AF-Q53GS9-F1-model_v1,525.0,False,all,94.01,Q53GS9,10.58,0.0,72.78441619873047,0.0
1432,/AF-Q53GS9-F1-model_v1,553.0,False,all,95.9,Q53GS9,11.06,0.0,51.87397766113281,0.0
1433,/AF-Q9Y2R4-F1-model_v1,131.0,False,all,83.72,Q9Y2R4,10.36,0.0,73.05249786376953,0.0
1434,/AF-Q9Y2R4-F1-model_v1,137.0,False,all,89.74,Q9Y2R4,11.39,0.0,55.22500991821289,0.0
1435,/AF-Q9Y2R4-F1-model_v1,139.0,False,all,91.36,Q9Y2R4,10.28,0.0,89.13745880126953,0.0
1436,/AF-Q9Y2R4-F1-model_v1,146.0,False,all,93.09,Q9Y2R4,10.35,0.0,82.03326416015625,0.0
1437,/AF-Q9Y2R4-F1-model_v1,148.0,False,all,91.04,Q9Y2R4,11.39,0.0,63.93769454956055,0.0
1438,/AF-Q9Y2R4-F1-model_v1,171.0,False,all,89.79,Q9Y2R4,10.47,0.0,98.25226593017578,0.0
1439,/AF-Q9Y2R4-F1-model_v1,215.0,False,all,92.05,Q9Y2R4,9.79,0.0,23.85934829711914,0.0
1440,/AF-Q9Y2R4-F1-model_v1,228.0,False,all,90.13,Q9Y2R4,10.37,0.0,85.92046356201172,0.0
1441,/AF-Q9Y2R4-F1-model_v1,233.0,False,all,85.97,Q9Y2R4,10.26,0.0,78.9503173828125,0.0
1442,/AF-Q9Y2R4-F1-model_v1,256.0,False,all,93.24,Q9Y2R4,10.57,0.0,40.74855041503906,0.0
1443,/AF-Q9Y2R4-F1-model_v1,284.0,False,all,74.32,Q9Y2R4,10.49,0.0,71.57804870605469,0.0
1444,/AF-Q9Y2R4-F1-model_v1,285.0,False,all,81.58,Q9Y2R4,10.37,0.0,84.71409606933594,0.0
1445,/AF-Q9Y2R4-F1-model_v1,301.0,False,all,87.1,Q9Y2R4,10.36,0.0,86.59066772460938,0.0
1446,/AF-Q9Y2R4-F1-model_v1,322.0,False,all,82.14,Q9Y2R4,11.3,0.0,38.33580780029297,0.0
1447,/AF-Q9Y2R4-F1-model_v1,346.0,False,all,89.47,Q9Y2R4,10.55,0.0,70.37167358398438,0.0
1448,/AF-Q9Y2R4-F1-model_v1,365.0,False,all,90.79,Q9Y2R4,11.31,0.0,63.803653717041016,0.0
1449,/AF-Q9Y2R4-F1-model_v1,399.0,False,all,93.41,Q9Y2R4,9.56,0.0,6.836105823516846,0.0
1450,/AF-Q9Y2R4-F1-model_v1,408.0,False,all,88.23,Q9Y2R4,10.45,0.0,79.62052154541016,0.0
1451,/AF-Q9Y2R4-F1-model_v1,409.0,False,all,88.81,Q9Y2R4,11.52,0.0,70.77379608154297,0.0
1452,/AF-Q9Y2R4-F1-model_v1,426.0,False,all,93.42,Q9Y2R4,11.36,0.0,56.56542205810547,0.0
1453,/AF-Q9Y2R4-F1-model_v1,462.0,False,all,89.19,Q9Y2R4,10.33,0.0,75.59928894042969,0.0
1454,/AF-Q9Y2R4-F1-model_v1,479.0,False,all,74.54,Q9Y2R4,10.36,0.0,93.15869140625,0.0
1455,/AF-Q9Y2R4-F1-model_v1,509.0,False,all,86.08,Q9Y2R4,10.46,0.0,111.6563949584961,0.0
1456,/AF-Q9Y2R4-F1-model_v1,511.0,False,all,92.84,Q9Y2R4,12.33,0.0,37.933685302734375,0.0
1457,/AF-Q9Y2R4-F1-model_v1,521.0,False,all,86.05,Q9Y2R4,11.33,0.0,48.7910270690918,0.0
1458,/AF-Q9Y2R4-F1-model_v1,543.0,False,all,77.42,Q9Y2R4,11.28,0.0,42.893211364746094,0.0
1459,/AF-Q9Y2R4-F1-model_v1,547.0,False,all,73.76,Q9Y2R4,10.33,0.0,111.79043579101562,0.0
1460,/AF-Q9Y2R4-F1-model_v1,551.0,False,all,73.06,Q9Y2R4,10.46,0.0,111.79043579101562,0.0
1461,/AF-Q9Y2R4-F1-model_v1,553.0,False,all,73.67,Q9Y2R4,9.42,0.0,70.5057144165039,0.0
1462,/AF-Q9Y2R4-F1-model_v1,554.0,False,all,71.66,Q9Y2R4,11.23,0.0,87.12683868408203,0.0
1463,/AF-Q9Y2R4-F1-model_v1,555.0,False,all,74.77,Q9Y2R4,10.42,0.0,103.34583282470705,0.0
1464,/AF-Q9Y2R4-F1-model_v1,558.0,False,all,71.57,Q9Y2R4,10.34,0.0,73.72270965576172,0.0
1465,/AF-Q9Y2R4-F1-model_v1,559.0,False,all,75.18,Q9Y2R4,11.52,0.0,83.10559844970703,0.0
1466,/AF-Q9Y2R4-F1-model_v1,571.0,False,all,70.45,Q9Y2R4,10.55,0.0,104.15007781982422,0.0
1467,/AF-Q9Y2R4-F1-model_v1,576.0,False,all,70.95,Q9Y2R4,10.37,0.0,84.31196594238281,0.0
1468,/AF-Q9Y2R4-F1-model_v1,578.0,False,all,75.56,Q9Y2R4,10.41,0.0,91.68424224853516,0.0
1469,/AF-Q9Y2R4-F1-model_v1,580.0,False,all,72.6,Q9Y2R4,10.42,0.0,86.45662689208984,0.0
1470,/AF-Q9Y2R4-F1-model_v1,582.0,False,all,72.58,Q9Y2R4,11.12,0.0,73.18653869628906,0.0
1471,/AF-P55265-F1-model_v1,42.0,False,all,80.83,P55265,10.47,0.0,66.35043334960938,0.0
1472,/AF-P55265-F1-model_v1,48.0,False,all,79.98,P55265,10.4,0.0,53.34843063354492,0.0
1473,/AF-P55265-F1-model_v1,145.0,False,all,88.17,P55265,11.58,0.0,61.39091110229492,0.0
1474,/AF-P55265-F1-model_v1,154.0,False,all,83.22,P55265,10.27,0.0,63.93769454956055,0.0
1475,/AF-P55265-F1-model_v1,164.0,False,all,87.74,P55265,10.33,0.0,65.01002502441406,0.0
1476,/AF-P55265-F1-model_v1,169.0,False,all,90.61,P55265,10.3,0.0,59.11220550537109,0.0
1477,/AF-P55265-F1-model_v1,170.0,False,all,90.42,P55265,10.43,0.0,93.15869140625,0.0
1478,/AF-P55265-F1-model_v1,181.0,False,all,88.68,P55265,10.44,0.0,81.89922332763672,0.0
1479,/AF-P55265-F1-model_v1,182.0,False,all,88.15,P55265,11.38,0.0,46.78041076660156,0.0
1480,/AF-P55265-F1-model_v1,184.0,False,all,88.58,P55265,11.16,0.0,45.171913146972656,0.0
1481,/AF-P55265-F1-model_v1,187.0,False,all,91.12,P55265,11.37,0.0,35.386898040771484,0.0
1482,/AF-P55265-F1-model_v1,196.0,False,all,91.13,P55265,11.39,0.0,32.035865783691406,0.0
1483,/AF-P55265-F1-model_v1,300.0,False,all,92.25,P55265,11.27,0.0,29.48908233642578,0.0
1484,/AF-P55265-F1-model_v1,302.0,False,all,93.24,P55265,11.38,0.0,43.563419342041016,0.0
1485,/AF-P55265-F1-model_v1,320.0,False,all,91.25,P55265,10.32,0.0,67.42276763916016,0.0
1486,/AF-P55265-F1-model_v1,326.0,False,all,88.51,P55265,10.29,0.0,68.09297180175781,0.0
1487,/AF-P55265-F1-model_v1,358.0,False,all,88.47,P55265,10.25,0.0,76.00141143798828,0.0
1488,/AF-P55265-F1-model_v1,359.0,False,all,92.41,P55265,11.77,0.0,27.344423294067383,0.0
1489,/AF-P55265-F1-model_v1,366.0,False,all,82.0,P55265,11.57,0.0,70.10359191894531,0.0
1490,/AF-P55265-F1-model_v1,494.0,False,all,87.46,P55265,10.62,0.0,85.25025939941406,0.0
1491,/AF-P55265-F1-model_v1,495.0,False,all,89.95,P55265,12.8,0.0,24.3955135345459,0.0
1492,/AF-P55265-F1-model_v1,502.0,False,all,88.16,P55265,12.28,0.0,31.63374328613281,0.0
1493,/AF-P55265-F1-model_v1,536.0,False,all,95.95,P55265,11.57,0.0,45.84212112426758,0.0
1494,/AF-P55265-F1-model_v1,554.0,False,all,93.97,P55265,10.03,0.0,45.037872314453125,0.0
1495,/AF-P55265-F1-model_v1,555.0,False,all,93.38,P55265,10.38,0.0,77.3418197631836,0.0
1496,/AF-P55265-F1-model_v1,558.0,False,all,96.46,P55265,9.71,0.0,35.11881637573242,0.0
1497,/AF-P55265-F1-model_v1,574.0,False,all,85.65,P55265,10.69,0.0,69.03126525878906,0.0
1498,/AF-P55265-F1-model_v1,576.0,False,all,77.0,P55265,10.54,0.0,94.36506652832033,0.0
1499,/AF-P55265-F1-model_v1,613.0,False,all,73.64,P55265,11.32,0.0,63.803653717041016,0.0
1500,/AF-P55265-F1-model_v1,625.0,False,all,78.12,P55265,10.41,0.0,96.24164581298828,0.0
1501,/AF-P55265-F1-model_v1,637.0,False,all,89.46,P55265,10.22,0.0,74.79503631591797,0.0
1502,/AF-P55265-F1-model_v1,645.0,False,all,88.82,P55265,11.13,0.0,64.20578002929688,0.0
1503,/AF-P55265-F1-model_v1,665.0,False,all,91.25,P55265,10.3,0.0,80.69285583496094,0.0
1504,/AF-P55265-F1-model_v1,666.0,False,all,90.99,P55265,10.38,0.0,84.71409606933594,0.0
1505,/AF-P55265-F1-model_v1,669.0,False,all,94.44,P55265,9.75,0.0,47.71869659423828,0.0
1506,/AF-P55265-F1-model_v1,678.0,False,all,86.59,P55265,11.55,0.0,64.87598419189453,0.0
1507,/AF-P55265-F1-model_v1,745.0,False,all,92.84,P55265,10.35,0.0,74.25887298583984,0.0
1508,/AF-P55265-F1-model_v1,757.0,False,all,86.27,P55265,11.44,0.0,49.32719421386719,0.0
1509,/AF-P55265-F1-model_v1,763.0,False,all,87.81,P55265,11.34,0.0,26.808258056640625,0.0
1510,/AF-P55265-F1-model_v1,777.0,False,all,92.43,P55265,10.31,0.0,56.029258728027344,0.0
1511,/AF-P55265-F1-model_v1,778.0,False,all,92.15,P55265,10.42,0.0,101.73733520507812,0.0
1512,/AF-P55265-F1-model_v1,781.0,False,all,93.9,P55265,10.12,0.0,65.27810668945312,0.0
1513,/AF-P55265-F1-model_v1,875.0,False,all,96.3,P55265,9.91,0.0,26.94229888916016,0.0
1514,/AF-P55265-F1-model_v1,876.0,False,all,93.37,P55265,10.46,0.0,91.81828308105467,0.0
1515,/AF-P55265-F1-model_v1,895.0,False,all,85.86,P55265,10.62,0.0,75.3311996459961,0.0
1516,/AF-P55265-F1-model_v1,902.0,False,all,92.84,P55265,10.56,0.0,84.84813690185547,0.0
1517,/AF-P55265-F1-model_v1,929.0,False,all,93.4,P55265,11.07,0.0,62.06111526489258,0.0
1518,/AF-P55265-F1-model_v1,936.0,False,all,88.89,P55265,10.52,0.0,92.48848724365234,0.0
1519,/AF-P55265-F1-model_v1,944.0,False,all,85.69,P55265,10.44,0.0,107.76919555664062,0.0
1520,/AF-P55265-F1-model_v1,948.0,False,all,93.94,P55265,10.85,0.0,32.70607376098633,0.0
1521,/AF-P55265-F1-model_v1,952.0,False,all,96.27,P55265,10.0,0.0,27.612504959106445,0.0
1522,/AF-P55265-F1-model_v1,953.0,False,all,94.42,P55265,10.56,0.0,100.66500854492188,0.0
1523,/AF-P55265-F1-model_v1,974.0,False,all,73.02,P55265,10.6,0.0,65.54618835449219,0.0
1524,/AF-P55265-F1-model_v1,996.0,False,all,83.75,P55265,10.41,0.0,109.51173400878906,0.0
1525,/AF-P55265-F1-model_v1,999.0,False,all,90.26,P55265,10.19,0.0,64.741943359375,0.0
1526,/3E0J-alt-1_assembled,19.0,False,all,0.0,P49005,10.21,0.0,56.196807861328125,1.4739466905593872
1527,/3E0J-alt-1_assembled,24.0,False,all,0.0,P49005,10.2525,0.0049999999999998,60.85474395751953,1.9455235004425049
1528,/3E0J-alt-1_assembled,38.0,False,all,0.0,P49005,9.2825,0.0125830573921184,17.62643051147461,1.8717845678329468
1529,/3E0J-alt-1_assembled,48.0,False,all,0.0,P49005,11.52,0.0216024689946932,19.402477264404297,1.9187885522842407
1530,/3E0J-alt-1_assembled,50.0,False,all,0.0,P49005,10.689999999999998,0.008164965809277,67.18819427490234,2.222486019134521
1531,/3E0J-alt-1_assembled,76.0,False,all,0.0,P49005,10.6425,0.0095742710775631,49.226661682128906,1.949751734733581
1532,/3E0J-alt-1_assembled,84.0,False,all,0.0,P49005,10.5325,0.0049999999999998,72.61686706542969,0.9310799837112428
1533,/3E0J-alt-1_assembled,89.0,False,all,0.0,P49005,10.9525,0.0549999999999997,45.64105987548828,1.2786728143692017
1534,/3E0J-alt-1_assembled,91.0,False,all,0.0,P49005,10.23,0.0,71.94666290283203,1.432739019393921
1535,/3E0J-alt-1_assembled,105.0,False,all,0.0,P49005,10.2,0.0081649658092778,29.053447723388672,1.4860860109329224
1536,/3E0J-alt-1_assembled,109.0,False,all,0.0,P49005,10.46,0.0,84.74760437011719,2.620668649673462
1537,/3E0J-alt-1_assembled,123.0,False,all,0.0,P49005,10.642499999999998,0.038622100754188,47.149024963378906,1.537585973739624
1538,/3E0J-alt-1_assembled,131.0,False,all,0.0,P49005,10.315,0.0057735026918961,59.24625015258789,1.5972858667373655
1539,/AF-P49790-F1-model_v1,48.0,False,all,70.85,P49790,10.43,0.0,89.80766296386719,0.0
1540,/AF-P49790-F1-model_v1,317.0,False,all,82.31,P49790,10.42,0.0,116.07975769042967,0.0
1541,/AF-P49790-F1-model_v1,672.0,False,all,94.39,P49790,10.55,0.0,80.15669250488281,0.0
1542,/AF-P49790-F1-model_v1,677.0,False,all,94.52,P49790,10.38,0.0,80.42477416992188,0.0
1543,/AF-P49790-F1-model_v1,685.0,False,all,90.57,P49790,10.07,0.0,33.912445068359375,0.0
1544,/AF-P49790-F1-model_v1,720.0,False,all,73.44,P49790,11.14,0.0,70.23763275146484,0.0
1545,/AF-P49790-F1-model_v1,736.0,False,all,94.31,P49790,10.42,0.0,80.42477416992188,0.0
1546,/AF-P49790-F1-model_v1,741.0,False,all,95.98,P49790,11.51,0.0,57.90583419799805,0.0
1547,/AF-P49790-F1-model_v1,749.0,False,all,93.05,P49790,10.01,0.0,23.85934829711914,0.0
1548,/AF-P49790-F1-model_v1,791.0,False,all,74.3,P49790,11.11,0.0,72.24825286865234,0.0
1549,/AF-P49790-F1-model_v1,812.0,False,all,95.3,P49790,10.22,0.0,41.55279922485352,0.0
1550,/AF-P49790-F1-model_v1,820.0,False,all,92.14,P49790,10.15,0.0,35.25285720825195,0.0
1551,/AF-P49790-F1-model_v1,849.0,False,all,72.14,P49790,11.11,0.0,63.803653717041016,0.0
1552,/AF-P49790-F1-model_v1,850.0,False,all,73.75,P49790,11.47,0.0,62.19515609741211,0.0
1553,/AF-P49790-F1-model_v1,865.0,False,all,94.27,P49790,10.5,0.0,85.51834106445312,0.0
1554,/AF-P49790-F1-model_v1,870.0,False,all,95.8,P49790,11.12,0.0,58.03987884521485,0.0
1555,/AF-P49790-F1-model_v1,878.0,False,all,90.29,P49790,10.07,0.0,26.272092819213867,0.0
1556,/AF-Q6S8J3-F1-model_v1,142.0,False,all,87.29,Q6S8J3,10.38,0.0,89.67362213134766,0.0
1557,/AF-Q6S8J3-F1-model_v1,151.0,False,all,76.94,Q6S8J3,10.48,0.0,101.33521270751952,0.0
1558,/AF-Q6S8J3-F1-model_v1,155.0,False,all,82.97,Q6S8J3,10.4,0.0,77.20777893066406,0.0
1559,/AF-Q6S8J3-F1-model_v1,168.0,False,all,90.93,Q6S8J3,11.48,0.0,54.55480194091797,0.0
1560,/AF-Q6S8J3-F1-model_v1,169.0,False,all,92.96,Q6S8J3,9.94,0.0,47.18253326416016,0.0
1561,/AF-Q6S8J3-F1-model_v1,171.0,False,all,88.59,Q6S8J3,11.42,0.0,80.15669250488281,0.0
1562,/AF-Q6S8J3-F1-model_v1,173.0,False,all,91.87,Q6S8J3,10.37,0.0,80.69285583496094,0.0
1563,/AF-Q6S8J3-F1-model_v1,190.0,False,all,92.36,Q6S8J3,10.65,0.0,90.87998962402344,0.0
1564,/AF-Q6S8J3-F1-model_v1,205.0,False,all,91.67,Q6S8J3,11.33,0.0,41.95492172241211,0.0
1565,/AF-Q6S8J3-F1-model_v1,206.0,False,all,94.35,Q6S8J3,10.27,0.0,80.9609375,0.0
1566,/AF-Q6S8J3-F1-model_v1,212.0,False,all,95.86,Q6S8J3,6.92,0.0,0.2680825591087341,0.0
1567,/AF-Q6S8J3-F1-model_v1,252.0,False,all,94.1,Q6S8J3,9.87,0.0,83.3736801147461,0.0
1568,/AF-Q6S8J3-F1-model_v1,256.0,False,all,96.23,Q6S8J3,10.04,0.0,86.45662689208984,0.0
1569,/AF-Q6S8J3-F1-model_v1,268.0,False,all,95.29,Q6S8J3,10.16,0.0,49.059112548828125,0.0
1570,/AF-Q6S8J3-F1-model_v1,270.0,False,all,92.01,Q6S8J3,10.43,0.0,72.5163345336914,0.0
1571,/AF-Q6S8J3-F1-model_v1,284.0,False,all,93.22,Q6S8J3,9.68,0.0,27.076339721679688,0.0
1572,/AF-Q6S8J3-F1-model_v1,289.0,False,all,95.46,Q6S8J3,10.45,0.0,74.25887298583984,0.0
1573,/AF-Q6S8J3-F1-model_v1,293.0,False,all,94.77,Q6S8J3,10.12,0.0,84.5800552368164,0.0
1574,/AF-Q6S8J3-F1-model_v1,294.0,False,all,94.27,Q6S8J3,10.27,0.0,67.42276763916016,0.0
1575,/AF-Q6S8J3-F1-model_v1,361.0,False,all,85.82,Q6S8J3,10.2,0.0,88.60128784179688,0.0
1576,/AF-Q6S8J3-F1-model_v1,363.0,False,all,83.79,Q6S8J3,10.49,0.0,98.92247009277344,0.0
1577,/AF-Q6S8J3-F1-model_v1,629.0,False,all,76.91,Q6S8J3,10.42,0.0,69.96955108642578,0.0
1578,/AF-Q6S8J3-F1-model_v1,639.0,False,all,74.3,Q6S8J3,10.41,0.0,75.19715881347656,0.0
1579,/AF-Q6S8J3-F1-model_v1,640.0,False,all,75.42,Q6S8J3,10.39,0.0,72.91845703125,0.0
1580,/AF-Q6S8J3-F1-model_v1,642.0,False,all,77.58,Q6S8J3,10.41,0.0,76.40353393554688,0.0
1581,/AF-Q6S8J3-F1-model_v1,666.0,False,all,85.72,Q6S8J3,10.54,0.0,62.32919692993164,0.0
1582,/AF-Q6S8J3-F1-model_v1,674.0,False,all,85.57,Q6S8J3,10.41,0.0,70.5057144165039,0.0
1583,/AF-Q6S8J3-F1-model_v1,675.0,False,all,85.26,Q6S8J3,10.64,0.0,79.21839904785156,0.0
1584,/AF-Q6S8J3-F1-model_v1,684.0,False,all,79.79,Q6S8J3,10.43,0.0,80.82689666748047,0.0
1585,/AF-Q6S8J3-F1-model_v1,685.0,False,all,79.63,Q6S8J3,10.44,0.0,85.65238189697266,0.0
1586,/AF-Q6S8J3-F1-model_v1,686.0,False,all,75.94,Q6S8J3,10.42,0.0,86.05450439453125,0.0
1587,/AF-Q6S8J3-F1-model_v1,692.0,False,all,70.12,Q6S8J3,10.39,0.0,94.36506652832033,0.0
1588,/AF-Q6S8J3-F1-model_v1,718.0,False,all,98.28,Q6S8J3,11.63,0.0,19.43598747253418,0.0
1589,/AF-Q6S8J3-F1-model_v1,750.0,False,all,78.57,Q6S8J3,11.2,0.0,59.91645431518555,0.0
1590,/AF-Q6S8J3-F1-model_v1,756.0,False,all,93.1,Q6S8J3,10.53,0.0,74.79503631591797,0.0
1591,/AF-Q6S8J3-F1-model_v1,761.0,False,all,88.01,Q6S8J3,11.52,0.0,23.323183059692383,0.0
1592,/AF-Q6S8J3-F1-model_v1,768.0,False,all,92.94,Q6S8J3,10.31,0.0,88.06512451171875,0.0
1593,/AF-Q6S8J3-F1-model_v1,784.0,False,all,97.22,Q6S8J3,10.19,0.0,38.06772613525391,0.0
1594,/AF-Q6S8J3-F1-model_v1,813.0,False,all,94.43,Q6S8J3,10.28,0.0,116.6159210205078,0.0
1595,/AF-Q6S8J3-F1-model_v1,818.0,False,all,97.78,Q6S8J3,10.24,0.0,51.20376968383789,0.0
1596,/AF-Q6S8J3-F1-model_v1,891.0,False,all,95.37,Q6S8J3,10.44,0.0,84.71409606933594,0.0
1597,/AF-Q6S8J3-F1-model_v1,913.0,False,all,97.51,Q6S8J3,9.64,0.0,11.661591529846191,0.0
1598,/AF-Q6S8J3-F1-model_v1,915.0,False,all,96.77,Q6S8J3,11.41,0.0,57.90583419799805,0.0
1599,/AF-Q6S8J3-F1-model_v1,938.0,False,all,96.68,Q6S8J3,10.19,0.0,69.43338775634766,0.0
1600,/AF-Q6S8J3-F1-model_v1,984.0,False,all,97.49,Q6S8J3,10.21,0.0,59.51433181762695,0.0
1601,/AF-Q6S8J3-F1-model_v1,991.0,False,all,89.78,Q6S8J3,10.53,0.0,105.75857543945312,0.0
1602,/2P5X-alt-1_assembled/AF-O95671-F1-model_v1,13.0,False,all,30.146666666666665,O95671,11.003333333333332,0.646090808890928,47.13785171508789,8.816548347473145
1603,/2P5X-alt-1_assembled/AF-O95671-F1-model_v1,41.0,False,all,31.62333333333333,O95671,10.126666666666669,0.1530795000427346,67.1993637084961,6.420469760894775
1604,/2P5X-alt-1_assembled/AF-O95671-F1-model_v1,43.0,False,all,28.98333333333333,O95671,10.446666666666664,0.0057735026918961,88.28853607177734,3.3223133087158203
1605,/2P5X-alt-1_assembled/AF-O95671-F1-model_v1,45.0,False,all,28.33,O95671,10.553333333333333,0.5063924696649166,72.24825286865234,25.635547637939453
1606,/2P5X-alt-1_assembled/AF-O95671-F1-model_v1,48.0,False,all,30.05,O95671,11.193333333333332,1.022562141550983,43.027252197265625,3.736363887786865
1607,/2P5X-alt-1_assembled/AF-O95671-F1-model_v1,63.0,False,all,32.626666666666665,O95671,11.38,0.8580792504192135,31.27630043029785,2.0121090412139893
1608,/2P5X-alt-1_assembled/AF-O95671-F1-model_v1,65.0,False,all,32.52333333333333,O95671,9.576666666666668,1.7057061098950586,25.601884841918945,9.759273529052734
1609,/2P5X-alt-1_assembled/AF-O95671-F1-model_v1,76.0,False,all,29.680000000000003,O95671,10.96,0.4887739763939977,72.33761596679688,14.100056648254396
1610,/2P5X-alt-1_assembled/AF-O95671-F1-model_v1,104.0,False,all,32.25333333333334,O95671,10.27,0.1014889156509217,57.99519729614258,3.016178607940674
1611,/2P5X-alt-1_assembled/AF-O95671-F1-model_v1,133.0,False,all,26.89333333333333,O95671,10.506666666666668,0.056862407030773,74.16951751708984,3.276023626327514
1612,/2P5X-alt-1_assembled/AF-O95671-F1-model_v1,149.0,False,all,32.666666666666664,O95671,11.27,0.3351119216023207,48.79103088378906,6.493743419647217
1613,/2P5X-alt-1_assembled/AF-O95671-F1-model_v1,151.0,False,all,32.64,O95671,11.303333333333333,0.1305118130030125,36.90603256225586,3.0955514907836914
1614,/2P5X-alt-1_assembled/AF-O95671-F1-model_v1,172.0,False,all,31.27333333333333,O95671,10.02,0.4590206967011395,13.582850456237791,4.070826053619385
1615,/2P5X-alt-1_assembled/AF-O95671-F1-model_v1,206.0,False,all,30.15333333333333,O95671,10.403333333333334,0.0057735026918961,68.4950942993164,10.670392990112305
1616,/2P5X-alt-1_assembled/AF-O95671-F1-model_v1,210.0,False,all,29.13,O95671,10.253333333333336,0.1800925687898682,66.66320037841797,3.33849573135376
1617,/AF-O95671-F1-model_v1,9.0,False,all,82.35,O95671,10.65,0.0,60.45262145996094,0.0
1618,/AF-O95671-F1-model_v1,299.0,False,all,96.83,O95671,9.69,0.0,46.3782844543457,0.0
1619,/AF-O95671-F1-model_v1,306.0,False,all,96.93,O95671,11.32,0.0,68.22701263427734,0.0
1620,/AF-O95671-F1-model_v1,308.0,False,all,97.44,O95671,9.75,0.0,55.49309158325195,0.0
1621,/AF-O95671-F1-model_v1,314.0,False,all,95.7,O95671,11.52,0.0,23.59126663208008,0.0
1622,/AF-O95671-F1-model_v1,320.0,False,all,97.62,O95671,10.5,0.0,81.3630599975586,0.0
1623,/AF-O95671-F1-model_v1,327.0,False,all,96.69,O95671,10.35,0.0,42.22300338745117,0.0
1624,/AF-O95671-F1-model_v1,350.0,False,all,97.78,O95671,12.59,0.0,52.00801849365234,0.0
1625,/AF-O95671-F1-model_v1,408.0,False,all,71.27,O95671,10.45,0.0,104.95433044433594,0.0
1626,/AF-O95671-F1-model_v1,437.0,False,all,92.61,O95671,9.84,0.0,46.24424362182617,0.0
1627,/AF-O95671-F1-model_v1,534.0,False,all,96.06,O95671,11.13,0.0,44.23362350463867,0.0
1628,/AF-O95671-F1-model_v1,537.0,False,all,97.48,O95671,9.99,0.0,57.23563003540039,0.0
1629,/AF-O95671-F1-model_v1,547.0,False,all,93.38,O95671,10.48,0.0,86.72471618652344,0.0
1630,/AF-O95671-F1-model_v1,563.0,False,all,88.12,O95671,11.31,0.0,43.16129302978516,0.0
1631,/AF-O95671-F1-model_v1,583.0,False,all,96.1,O95671,10.81,0.0,41.28471755981445,0.0
1632,/AF-O95671-F1-model_v1,618.0,False,all,96.88,O95671,9.89,0.0,18.09557342529297,0.0
1633,/AF-Q8N142-F1-model_v1,46.0,False,all,90.86,Q8N142,11.33,0.0,21.848730087280277,0.0
1634,/AF-Q8N142-F1-model_v1,48.0,False,all,87.18,Q8N142,8.77,0.0,53.48247146606445,0.0
1635,/AF-Q8N142-F1-model_v1,78.0,False,all,85.92,Q8N142,10.6,0.0,59.24625015258789,0.0
1636,/AF-Q8N142-F1-model_v1,93.0,False,all,95.31,Q8N142,10.43,0.0,94.90122985839844,0.0
1637,/AF-Q8N142-F1-model_v1,115.0,False,all,96.11,Q8N142,11.5,0.0,71.04188537597656,0.0
1638,/AF-Q8N142-F1-model_v1,118.0,False,all,95.33,Q8N142,10.53,0.0,93.29273223876952,0.0
1639,/AF-Q8N142-F1-model_v1,119.0,False,all,94.63,Q8N142,10.85,0.0,30.69545555114746,0.0
1640,/AF-Q8N142-F1-model_v1,122.0,False,all,93.69,Q8N142,11.48,0.0,63.93769454956055,0.0
1641,/AF-Q8N142-F1-model_v1,126.0,False,all,96.61,Q8N142,11.62,0.0,80.42477416992188,0.0
1642,/AF-Q8N142-F1-model_v1,164.0,False,all,89.73,Q8N142,10.38,0.0,74.79503631591797,0.0
1643,/AF-Q8N142-F1-model_v1,165.0,False,all,93.46,Q8N142,10.07,0.0,62.99940490722656,0.0
1644,/AF-Q8N142-F1-model_v1,174.0,False,all,98.52,Q8N142,9.28,0.0,49.32719421386719,0.0
1645,/AF-Q8N142-F1-model_v1,197.0,False,all,98.63,Q8N142,11.41,0.0,43.563419342041016,0.0
1646,/AF-Q8N142-F1-model_v1,219.0,False,all,98.01,Q8N142,10.45,0.0,88.19916534423828,0.0
1647,/AF-Q8N142-F1-model_v1,222.0,False,all,97.79,Q8N142,10.49,0.0,71.30996704101562,0.0
1648,/AF-Q8N142-F1-model_v1,248.0,False,all,96.34,Q8N142,10.19,0.0,59.24625015258789,0.0
1649,/AF-Q8N142-F1-model_v1,249.0,False,all,97.54,Q8N142,11.55,0.0,69.83551025390625,0.0
1650,/AF-Q8N142-F1-model_v1,299.0,False,all,98.37,Q8N142,10.23,0.0,0.5361651182174683,0.0
1651,/AF-Q8N142-F1-model_v1,336.0,False,all,90.93,Q8N142,10.35,0.0,90.07574462890624,0.0
1652,/AF-Q8N142-F1-model_v1,363.0,False,all,97.54,Q8N142,8.1,0.0,46.646366119384766,0.0
1653,/AF-Q8N142-F1-model_v1,374.0,False,all,98.78,Q8N142,10.54,0.0,46.646366119384766,0.0
1654,/AF-Q8N142-F1-model_v1,380.0,False,all,98.32,Q8N142,11.46,0.0,41.418758392333984,0.0
1655,/AF-Q8N142-F1-model_v1,384.0,False,all,97.48,Q8N142,10.45,0.0,91.1480712890625,0.0
1656,/AF-Q8N142-F1-model_v1,398.0,False,all,97.49,Q8N142,10.42,0.0,79.88860321044922,0.0
1657,/AF-Q8N142-F1-model_v1,410.0,False,all,97.8,Q8N142,10.38,0.0,74.9290771484375,0.0
1658,/AF-Q8N142-F1-model_v1,442.0,False,all,98.58,Q8N142,11.02,0.0,17.961532592773438,0.0
1659,/AF-Q8N142-F1-model_v1,448.0,False,all,84.58,Q8N142,10.27,0.0,98.11822509765624,0.0
1660,/AF-Q8N3F8-F1-model_v1,56.0,False,all,94.75,Q8N3F8,11.39,0.0,60.18453598022461,0.0
1661,/AF-Q8N3F8-F1-model_v1,72.0,False,all,83.51,Q8N3F8,11.43,0.0,71.30996704101562,0.0
1662,/AF-Q8N3F8-F1-model_v1,670.0,False,all,84.54,Q8N3F8,11.26,0.0,36.72731399536133,0.0
1663,/AF-Q8N3F8-F1-model_v1,672.0,False,all,83.49,Q8N3F8,10.48,0.0,82.03326416015625,0.0
1664,/AF-Q8N3F8-F1-model_v1,708.0,False,all,91.3,Q8N3F8,10.22,0.0,79.62052154541016,0.0
1665,/AF-Q8N3F8-F1-model_v1,727.0,False,all,85.07,Q8N3F8,11.42,0.0,75.73332977294922,0.0
1666,/AF-Q8N3F8-F1-model_v1,732.0,False,all,87.25,Q8N3F8,8.73,0.0,68.89722442626953,0.0
1667,/AF-Q8N3F8-F1-model_v1,747.0,False,all,89.23,Q8N3F8,8.8,0.0,48.7910270690918,0.0
1668,/AF-Q8N3F8-F1-model_v1,768.0,False,all,88.38,Q8N3F8,11.18,0.0,52.54418563842773,0.0
1669,/AF-Q8N3F8-F1-model_v1,771.0,False,all,88.72,Q8N3F8,10.42,0.0,94.49910736083984,0.0
1670,/AF-Q8N3F8-F1-model_v1,782.0,False,all,96.58,Q8N3F8,10.43,0.0,84.31196594238281,0.0
1671,/AF-O00471-F1-model_v1,40.0,False,all,85.51,O00471,10.45,0.0,103.07775115966795,0.0
1672,/AF-O00471-F1-model_v1,63.0,False,all,93.44,O00471,10.33,0.0,84.982177734375,0.0
1673,/AF-O00471-F1-model_v1,66.0,False,all,95.22,O00471,10.4,0.0,79.08435821533203,0.0
1674,/AF-O00471-F1-model_v1,73.0,False,all,95.8,O00471,10.4,0.0,66.61852264404297,0.0
1675,/AF-O00471-F1-model_v1,76.0,False,all,95.44,O00471,10.37,0.0,72.11421203613281,0.0
1676,/AF-O00471-F1-model_v1,80.0,False,all,95.58,O00471,10.41,0.0,86.45662689208984,0.0
1677,/AF-O00471-F1-model_v1,81.0,False,all,94.9,O00471,10.42,0.0,84.982177734375,0.0
1678,/AF-O00471-F1-model_v1,87.0,False,all,95.47,O00471,10.41,0.0,92.89060974121094,0.0
1679,/AF-O00471-F1-model_v1,109.0,False,all,88.94,O00471,10.36,0.0,60.45262145996094,0.0
1680,/AF-O00471-F1-model_v1,132.0,False,all,84.95,O00471,10.84,0.0,50.3995246887207,0.0
1681,/AF-O00471-F1-model_v1,135.0,False,all,84.71,O00471,10.67,0.0,74.25887298583984,0.0
1682,/AF-O00471-F1-model_v1,155.0,False,all,75.32,O00471,10.81,0.0,46.91445159912109,0.0
1683,/AF-O00471-F1-model_v1,157.0,False,all,74.88,O00471,10.98,0.0,42.4910888671875,0.0
1684,/AF-O00471-F1-model_v1,165.0,False,all,86.49,O00471,12.29,0.0,30.42737197875977,0.0
1685,/AF-O00471-F1-model_v1,182.0,False,all,82.74,O00471,9.92,0.0,17.961532592773438,0.0
1686,/AF-O00471-F1-model_v1,184.0,False,all,84.72,O00471,11.36,0.0,34.5826530456543,0.0
1687,/AF-O00471-F1-model_v1,188.0,False,all,84.37,O00471,9.74,0.0,36.19114685058594,0.0
1688,/AF-O00471-F1-model_v1,223.0,False,all,79.4,O00471,10.41,0.0,87.12683868408203,0.0
1689,/AF-O00471-F1-model_v1,234.0,False,all,89.5,O00471,10.52,0.0,83.3736801147461,0.0
1690,/AF-O00471-F1-model_v1,259.0,False,all,89.28,O00471,10.34,0.0,72.11421203613281,0.0
1691,/AF-O00471-F1-model_v1,274.0,False,all,92.16,O00471,10.58,0.0,52.4101448059082,0.0
1692,/AF-O00471-F1-model_v1,283.0,False,all,90.91,O00471,10.11,0.0,60.98878479003906,0.0
1693,/AF-O00471-F1-model_v1,289.0,False,all,92.83,O00471,10.48,0.0,88.33320617675781,0.0
1694,/AF-O00471-F1-model_v1,305.0,False,all,94.17,O00471,11.38,0.0,76.26949310302734,0.0
1695,/AF-O00471-F1-model_v1,320.0,False,all,91.97,O00471,10.47,0.0,102.13945770263672,0.0
1696,/AF-O00471-F1-model_v1,330.0,False,all,88.89,O00471,10.21,0.0,53.48247146606445,0.0
1697,/AF-O00471-F1-model_v1,336.0,False,all,94.26,O00471,10.5,0.0,81.09497833251953,0.0
1698,/AF-O00471-F1-model_v1,339.0,False,all,93.27,O00471,10.53,0.0,108.84152221679688,0.0
1699,/AF-O00471-F1-model_v1,358.0,False,all,97.41,O00471,10.53,0.0,64.3398208618164,0.0
1700,/AF-O00471-F1-model_v1,372.0,False,all,81.23,O00471,11.22,0.0,35.923065185546875,0.0
1701,/AF-O00471-F1-model_v1,424.0,False,all,97.24,O00471,10.53,0.0,53.21438980102539,0.0
1702,/AF-O00471-F1-model_v1,498.0,False,all,95.35,O00471,10.61,0.0,89.67362213134766,0.0
1703,/AF-O00471-F1-model_v1,513.0,False,all,89.82,O00471,11.23,0.0,41.68684005737305,0.0
1704,/AF-O00471-F1-model_v1,520.0,False,all,94.72,O00471,10.33,0.0,60.58666229248047,0.0
1705,/AF-O00471-F1-model_v1,521.0,False,all,94.85,O00471,10.34,0.0,23.59126663208008,0.0
1706,/AF-O00471-F1-model_v1,522.0,False,all,95.02,O00471,10.84,0.0,70.77379608154297,0.0
1707,/AF-O00471-F1-model_v1,531.0,False,all,93.24,O00471,11.98,0.0,23.85934829711914,0.0
1708,/AF-O00471-F1-model_v1,548.0,False,all,93.6,O00471,10.5,0.0,76.67161560058594,0.0
1709,/AF-O00471-F1-model_v1,556.0,False,all,90.38,O00471,10.59,0.0,72.24825286865234,0.0
1710,/AF-O00471-F1-model_v1,557.0,False,all,86.84,O00471,10.4,0.0,88.33320617675781,0.0
1711,/AF-O00471-F1-model_v1,561.0,False,all,88.93,O00471,10.37,0.0,80.9609375,0.0
1712,/AF-O00471-F1-model_v1,578.0,False,all,94.96,O00471,11.28,0.0,42.893211364746094,0.0
1713,/AF-O00471-F1-model_v1,585.0,False,all,93.41,O00471,10.36,0.0,79.08435821533203,0.0
1714,/AF-O00471-F1-model_v1,589.0,False,all,91.05,O00471,11.06,0.0,38.20176696777344,0.0
1715,/AF-O00471-F1-model_v1,591.0,False,all,92.87,O00471,10.05,0.0,36.86135482788086,0.0
1716,/AF-O00471-F1-model_v1,597.0,False,all,91.48,O00471,10.49,0.0,110.18193817138672,0.0
1717,/AF-O00471-F1-model_v1,640.0,False,all,95.35,O00471,10.81,0.0,66.35043334960938,0.0
1718,/AF-O00471-F1-model_v1,643.0,False,all,95.51,O00471,10.33,0.0,75.19715881347656,0.0
1719,/AF-O00471-F1-model_v1,646.0,False,all,93.69,O00471,10.47,0.0,83.23963928222656,0.0
1720,/AF-O00471-F1-model_v1,672.0,False,all,85.41,O00471,10.33,0.0,62.7313232421875,0.0
1721,/AF-O00471-F1-model_v1,685.0,False,all,86.08,O00471,10.55,0.0,93.69486236572266,0.0
1722,/AF-Q68EM7-F1-model_v1,2.0,False,all,71.41,Q68EM7,10.46,0.0,99.05651092529295,0.0
1723,/AF-Q68EM7-F1-model_v1,3.0,False,all,77.58,Q68EM7,10.47,0.0,93.69486236572266,0.0
1724,/AF-Q68EM7-F1-model_v1,9.0,False,all,73.16,Q68EM7,10.42,0.0,72.24825286865234,0.0
1725,/AF-Q68EM7-F1-model_v1,48.0,False,all,95.64,Q68EM7,10.33,0.0,75.86737060546875,0.0
1726,/AF-Q68EM7-F1-model_v1,67.0,False,all,90.25,Q68EM7,11.49,0.0,72.78441619873047,0.0
1727,/AF-Q68EM7-F1-model_v1,68.0,False,all,90.79,Q68EM7,10.14,0.0,69.03126525878906,0.0
1728,/AF-Q68EM7-F1-model_v1,92.0,False,all,92.26,Q68EM7,11.41,0.0,52.14205932617188,0.0
1729,/AF-Q68EM7-F1-model_v1,117.0,False,all,95.74,Q68EM7,11.51,0.0,76.80565643310547,0.0
1730,/AF-Q68EM7-F1-model_v1,136.0,False,all,96.16,Q68EM7,10.38,0.0,77.74394989013672,0.0
1731,/AF-Q68EM7-F1-model_v1,139.0,False,all,94.78,Q68EM7,10.18,0.0,70.63975524902344,0.0
1732,/AF-Q68EM7-F1-model_v1,160.0,False,all,83.4,Q68EM7,10.36,0.0,67.95893096923828,0.0
1733,/AF-Q68EM7-F1-model_v1,172.0,False,all,84.55,Q68EM7,10.38,0.0,80.29073333740234,0.0
1734,/AF-Q68EM7-F1-model_v1,177.0,False,all,92.14,Q68EM7,10.9,0.0,56.43138122558594,0.0
1735,/AF-Q68EM7-F1-model_v1,186.0,False,all,95.71,Q68EM7,11.41,0.0,51.87397766113281,0.0
1736,/AF-Q68EM7-F1-model_v1,191.0,False,all,93.84,Q68EM7,11.38,0.0,37.79964447021485,0.0
1737,/AF-Q68EM7-F1-model_v1,204.0,False,all,95.03,Q68EM7,11.58,0.0,41.28471755981445,0.0
1738,/AF-Q68EM7-F1-model_v1,210.0,False,all,96.56,Q68EM7,10.52,0.0,69.56742858886719,0.0
1739,/AF-Q68EM7-F1-model_v1,225.0,False,all,98.33,Q68EM7,11.65,0.0,52.8122673034668,0.0
1740,/AF-Q68EM7-F1-model_v1,232.0,False,all,96.01,Q68EM7,10.63,0.0,114.33721923828124,0.0
1741,/AF-Q68EM7-F1-model_v1,243.0,False,all,72.15,Q68EM7,10.38,0.0,98.92247009277344,0.0
1742,/AF-Q68EM7-F1-model_v1,259.0,False,all,87.34,Q68EM7,10.45,0.0,98.11822509765624,0.0
1743,/AF-Q68EM7-F1-model_v1,282.0,False,all,94.69,Q68EM7,10.44,0.0,84.982177734375,0.0
1744,/AF-Q68EM7-F1-model_v1,297.0,False,all,92.37,Q68EM7,10.42,0.0,84.84813690185547,0.0
1745,/AF-Q68EM7-F1-model_v1,298.0,False,all,92.19,Q68EM7,11.34,0.0,60.05049514770508,0.0
1746,/AF-Q68EM7-F1-model_v1,300.0,False,all,93.16,Q68EM7,10.84,0.0,27.21038055419922,0.0
1747,/AF-Q68EM7-F1-model_v1,325.0,False,all,95.22,Q68EM7,8.73,0.0,28.952917098999023,0.0
1748,/AF-Q68EM7-F1-model_v1,355.0,False,all,94.55,Q68EM7,10.63,0.0,60.05049514770508,0.0
1749,/AF-Q68EM7-F1-model_v1,356.0,False,all,94.66,Q68EM7,9.57,0.0,13.94029426574707,0.0
1750,/AF-Q68EM7-F1-model_v1,366.0,False,all,96.36,Q68EM7,11.27,0.0,49.193153381347656,0.0
1751,/AF-Q68EM7-F1-model_v1,380.0,False,all,96.8,Q68EM7,10.71,0.0,13.94029426574707,0.0
1752,/AF-Q68EM7-F1-model_v1,384.0,False,all,95.65,Q68EM7,9.96,0.0,50.3995246887207,0.0
1753,/AF-Q68EM7-F1-model_v1,393.0,False,all,96.92,Q68EM7,10.63,0.0,46.91445159912109,0.0
1754,/1WYM-alt-19_assembled/1WYM-alt-18_assembled/1WYM-alt-8_assembled/1WYM-alt-9_assembled/1WYM-alt-20_assembled/1WYM-alt-10_assembled/1WYM-alt-7_assembled/1WYM-alt-6_assembled/1WYM-alt-11_assembled/1WYM-alt-13_assembled/1WYM-alt-4_assembled/1WYM-alt-5_assembled/1WYM-alt-12_assembled/1WYM-alt-16_assembled/1WYM-alt-1_assembled/1WYM-alt-17_assembled/1WYM-alt-15_assembled/1WYM-alt-2_assembled/1WYM-alt-3_assembled/1WYM-alt-14_assembled,9.0,False,all,0.0,P37802,10.4805,0.1675355421835523,92.85039520263672,16.012840270996094
1755,/1WYM-alt-19_assembled/1WYM-alt-18_assembled/1WYM-alt-8_assembled/1WYM-alt-9_assembled/1WYM-alt-20_assembled/1WYM-alt-10_assembled/1WYM-alt-7_assembled/1WYM-alt-6_assembled/1WYM-alt-11_assembled/1WYM-alt-13_assembled/1WYM-alt-4_assembled/1WYM-alt-5_assembled/1WYM-alt-12_assembled/1WYM-alt-16_assembled/1WYM-alt-1_assembled/1WYM-alt-17_assembled/1WYM-alt-15_assembled/1WYM-alt-2_assembled/1WYM-alt-3_assembled/1WYM-alt-14_assembled,12.0,False,all,0.0,P37802,10.3545,0.2009837647279265,91.00733947753906,20.852087020874023
1756,/1WYM-alt-19_assembled/1WYM-alt-18_assembled/1WYM-alt-8_assembled/1WYM-alt-9_assembled/1WYM-alt-20_assembled/1WYM-alt-10_assembled/1WYM-alt-7_assembled/1WYM-alt-6_assembled/1WYM-alt-11_assembled/1WYM-alt-13_assembled/1WYM-alt-4_assembled/1WYM-alt-5_assembled/1WYM-alt-12_assembled/1WYM-alt-16_assembled/1WYM-alt-1_assembled/1WYM-alt-17_assembled/1WYM-alt-15_assembled/1WYM-alt-2_assembled/1WYM-alt-3_assembled/1WYM-alt-14_assembled,32.0,False,all,0.0,P37802,10.7075,0.227107092753501,73.72941589355469,6.68065071105957
1757,/1WYM-alt-19_assembled/1WYM-alt-18_assembled/1WYM-alt-8_assembled/1WYM-alt-9_assembled/1WYM-alt-20_assembled/1WYM-alt-10_assembled/1WYM-alt-7_assembled/1WYM-alt-6_assembled/1WYM-alt-11_assembled/1WYM-alt-13_assembled/1WYM-alt-4_assembled/1WYM-alt-5_assembled/1WYM-alt-12_assembled/1WYM-alt-16_assembled/1WYM-alt-1_assembled/1WYM-alt-17_assembled/1WYM-alt-15_assembled/1WYM-alt-2_assembled/1WYM-alt-3_assembled/1WYM-alt-14_assembled,49.0,False,all,0.0,P37802,10.086,0.1312450500319714,38.04091644287109,5.476231575012207
1758,/1WYM-alt-19_assembled/1WYM-alt-18_assembled/1WYM-alt-8_assembled/1WYM-alt-9_assembled/1WYM-alt-20_assembled/1WYM-alt-10_assembled/1WYM-alt-7_assembled/1WYM-alt-6_assembled/1WYM-alt-11_assembled/1WYM-alt-13_assembled/1WYM-alt-4_assembled/1WYM-alt-5_assembled/1WYM-alt-12_assembled/1WYM-alt-16_assembled/1WYM-alt-1_assembled/1WYM-alt-17_assembled/1WYM-alt-15_assembled/1WYM-alt-2_assembled/1WYM-alt-3_assembled/1WYM-alt-14_assembled,70.0,False,all,0.0,P37802,10.3355,0.0925927699803367,78.54820251464844,7.297819137573242
1759,/1WYM-alt-19_assembled/1WYM-alt-18_assembled/1WYM-alt-8_assembled/1WYM-alt-9_assembled/1WYM-alt-20_assembled/1WYM-alt-10_assembled/1WYM-alt-7_assembled/1WYM-alt-6_assembled/1WYM-alt-11_assembled/1WYM-alt-13_assembled/1WYM-alt-4_assembled/1WYM-alt-5_assembled/1WYM-alt-12_assembled/1WYM-alt-16_assembled/1WYM-alt-1_assembled/1WYM-alt-17_assembled/1WYM-alt-15_assembled/1WYM-alt-2_assembled/1WYM-alt-3_assembled/1WYM-alt-14_assembled,71.0,False,all,0.0,P37802,10.401500000000002,0.0746412472395367,110.90576171875,9.211752891540527
1760,/1WYM-alt-19_assembled/1WYM-alt-18_assembled/1WYM-alt-8_assembled/1WYM-alt-9_assembled/1WYM-alt-20_assembled/1WYM-alt-10_assembled/1WYM-alt-7_assembled/1WYM-alt-6_assembled/1WYM-alt-11_assembled/1WYM-alt-13_assembled/1WYM-alt-4_assembled/1WYM-alt-5_assembled/1WYM-alt-12_assembled/1WYM-alt-16_assembled/1WYM-alt-1_assembled/1WYM-alt-17_assembled/1WYM-alt-15_assembled/1WYM-alt-2_assembled/1WYM-alt-3_assembled/1WYM-alt-14_assembled,112.0,False,all,0.0,P37802,10.729,0.2842885857715714,71.96675872802734,11.460244178771973
1761,/1WYM-alt-19_assembled/1WYM-alt-18_assembled/1WYM-alt-8_assembled/1WYM-alt-9_assembled/1WYM-alt-20_assembled/1WYM-alt-10_assembled/1WYM-alt-7_assembled/1WYM-alt-6_assembled/1WYM-alt-11_assembled/1WYM-alt-13_assembled/1WYM-alt-4_assembled/1WYM-alt-5_assembled/1WYM-alt-12_assembled/1WYM-alt-16_assembled/1WYM-alt-1_assembled/1WYM-alt-17_assembled/1WYM-alt-15_assembled/1WYM-alt-2_assembled/1WYM-alt-3_assembled/1WYM-alt-14_assembled,145.0,False,all,0.0,P37802,10.350499999999998,0.1226237291366087,96.13441467285156,16.42818832397461
1762,/1WYM-alt-19_assembled/1WYM-alt-18_assembled/1WYM-alt-8_assembled/1WYM-alt-9_assembled/1WYM-alt-20_assembled/1WYM-alt-10_assembled/1WYM-alt-7_assembled/1WYM-alt-6_assembled/1WYM-alt-11_assembled/1WYM-alt-13_assembled/1WYM-alt-4_assembled/1WYM-alt-5_assembled/1WYM-alt-12_assembled/1WYM-alt-16_assembled/1WYM-alt-1_assembled/1WYM-alt-17_assembled/1WYM-alt-15_assembled/1WYM-alt-2_assembled/1WYM-alt-3_assembled/1WYM-alt-14_assembled,146.0,False,all,0.0,P37802,10.332,0.2233854351375196,101.1877670288086,15.556747436523438
1763,/1WYM-alt-19_assembled/1WYM-alt-18_assembled/1WYM-alt-8_assembled/1WYM-alt-9_assembled/1WYM-alt-20_assembled/1WYM-alt-10_assembled/1WYM-alt-7_assembled/1WYM-alt-6_assembled/1WYM-alt-11_assembled/1WYM-alt-13_assembled/1WYM-alt-4_assembled/1WYM-alt-5_assembled/1WYM-alt-12_assembled/1WYM-alt-16_assembled/1WYM-alt-1_assembled/1WYM-alt-17_assembled/1WYM-alt-15_assembled/1WYM-alt-2_assembled/1WYM-alt-3_assembled/1WYM-alt-14_assembled,148.0,False,all,0.0,P37802,10.348000000000004,0.1663097933629317,90.27010345458984,18.90277099609375
1764,/AF-P35527-F1-model_v1,154.0,False,all,72.2,P35527,10.43,0.0,94.49910736083984,0.0
1765,/AF-P35527-F1-model_v1,170.0,False,all,91.99,P35527,10.4,0.0,80.15669250488281,0.0
1766,/AF-P35527-F1-model_v1,184.0,False,all,89.66,P35527,11.45,0.0,68.4950942993164,0.0
1767,/AF-P35527-F1-model_v1,191.0,False,all,72.49,P35527,11.13,0.0,62.7313232421875,0.0
1768,/AF-P35527-F1-model_v1,212.0,False,all,96.04,P35527,11.05,0.0,68.76318359375,0.0
1769,/AF-P35527-F1-model_v1,224.0,False,all,96.13,P35527,10.8,0.0,88.06512451171875,0.0
1770,/AF-P35527-F1-model_v1,242.0,False,all,95.86,P35527,10.51,0.0,122.78182220458984,0.0
1771,/AF-P35527-F1-model_v1,271.0,False,all,95.71,P35527,10.52,0.0,73.85675048828125,0.0
1772,/AF-P35527-F1-model_v1,289.0,False,all,94.63,P35527,10.3,0.0,70.63975524902344,0.0
1773,/AF-P35527-F1-model_v1,290.0,False,all,94.41,P35527,10.41,0.0,76.13545227050781,0.0
1774,/AF-P35527-F1-model_v1,293.0,False,all,89.42,P35527,10.44,0.0,83.90984344482422,0.0
1775,/AF-P35527-F1-model_v1,336.0,False,all,92.98,P35527,10.41,0.0,69.29934692382812,0.0
1776,/AF-P35527-F1-model_v1,339.0,False,all,93.23,P35527,10.49,0.0,73.85675048828125,0.0
1777,/AF-P35527-F1-model_v1,368.0,False,all,93.44,P35527,10.33,0.0,72.78441619873047,0.0
1778,/AF-P35527-F1-model_v1,390.0,False,all,92.37,P35527,10.31,0.0,104.01603698730467,0.0
1779,/AF-P35527-F1-model_v1,391.0,False,all,92.66,P35527,10.79,0.0,96.91184997558594,0.0
1780,/AF-P35527-F1-model_v1,396.0,False,all,92.7,P35527,10.43,0.0,93.42677307128906,0.0
1781,/AF-P35527-F1-model_v1,402.0,False,all,96.03,P35527,10.39,0.0,94.63314819335938,0.0
1782,/AF-P35527-F1-model_v1,444.0,False,all,96.02,P35527,11.39,0.0,55.62713241577149,0.0
1783,/AF-P35527-F1-model_v1,449.0,False,all,91.31,P35527,10.4,0.0,82.16730499267578,0.0
1784,/AF-P07900-F1-model_v1,41.0,False,all,92.66,P07900,10.46,0.0,48.656986236572266,0.0
1785,/AF-P07900-F1-model_v1,58.0,False,all,92.32,P07900,8.93,0.0,17.961532592773438,0.0
1786,/AF-P07900-F1-model_v1,69.0,False,all,93.57,P07900,11.2,0.0,28.68483543395996,0.0
1787,/AF-P07900-F1-model_v1,74.0,False,all,93.79,P07900,10.56,0.0,86.85875701904297,0.0
1788,/AF-P07900-F1-model_v1,84.0,False,all,92.22,P07900,10.46,0.0,81.3630599975586,0.0
1789,/AF-P07900-F1-model_v1,100.0,False,all,96.65,P07900,10.42,0.0,63.267486572265625,0.0
1790,/AF-P07900-F1-model_v1,112.0,False,all,85.71,P07900,10.19,0.0,47.58465576171875,0.0
1791,/AF-P07900-F1-model_v1,116.0,False,all,84.24,P07900,10.63,0.0,69.70146942138672,0.0
1792,/AF-P07900-F1-model_v1,147.0,False,all,96.96,P07900,11.18,0.0,32.303951263427734,0.0
1793,/AF-P07900-F1-model_v1,153.0,False,all,97.66,P07900,9.96,0.0,27.746545791625977,0.0
1794,/AF-P07900-F1-model_v1,185.0,False,all,97.91,P07900,10.13,0.0,37.53155899047852,0.0
1795,/AF-P07900-F1-model_v1,191.0,False,all,96.54,P07900,9.34,0.0,34.98477554321289,0.0
1796,/AF-P07900-F1-model_v1,204.0,False,all,94.73,P07900,12.12,0.0,38.33580780029297,0.0
1797,/AF-P07900-F1-model_v1,208.0,False,all,90.16,P07900,9.98,0.0,75.46524810791016,0.0
1798,/AF-P07900-F1-model_v1,209.0,False,all,88.12,P07900,11.19,0.0,57.50371170043945,0.0
1799,/AF-P07900-F1-model_v1,224.0,False,all,84.86,P07900,12.91,0.0,40.61450958251953,0.0
1800,/AF-P07900-F1-model_v1,228.0,False,all,77.19,P07900,11.45,0.0,53.75055694580078,0.0
1801,/AF-P07900-F1-model_v1,281.0,False,all,77.76,P07900,11.65,0.0,69.70146942138672,0.0
1802,/AF-P07900-F1-model_v1,283.0,False,all,82.17,P07900,11.03,0.0,63.803653717041016,0.0
1803,/AF-P07900-F1-model_v1,292.0,False,all,86.83,P07900,10.57,0.0,82.16730499267578,0.0
1804,/AF-P07900-F1-model_v1,294.0,False,all,86.75,P07900,10.41,0.0,105.89261627197266,0.0
1805,/AF-P07900-F1-model_v1,314.0,False,all,93.53,P07900,11.36,0.0,44.3676643371582,0.0
1806,/AF-P07900-F1-model_v1,327.0,False,all,97.69,P07900,10.81,0.0,32.5720329284668,0.0
1807,/AF-P07900-F1-model_v1,356.0,False,all,83.33,P07900,10.72,0.0,64.20578002929688,0.0
1808,/AF-P07900-F1-model_v1,357.0,False,all,83.5,P07900,10.87,0.0,63.40152740478516,0.0
1809,/AF-P07900-F1-model_v1,358.0,False,all,84.95,P07900,11.61,0.0,46.91445159912109,0.0
1810,/AF-P07900-F1-model_v1,362.0,False,all,91.16,P07900,8.87,0.0,49.193153381347656,0.0
1811,/AF-P07900-F1-model_v1,407.0,False,all,84.84,P07900,10.45,0.0,102.13945770263672,0.0
1812,/AF-P07900-F1-model_v1,410.0,False,all,88.63,P07900,10.51,0.0,106.56282043457033,0.0
1813,/AF-P07900-F1-model_v1,414.0,False,all,94.11,P07900,10.34,0.0,97.71609497070312,0.0
1814,/AF-P07900-F1-model_v1,418.0,False,all,97.12,P07900,10.4,0.0,79.08435821533203,0.0
1815,/AF-P07900-F1-model_v1,431.0,False,all,93.62,P07900,11.53,0.0,78.28011322021484,0.0
1816,/AF-P07900-F1-model_v1,435.0,False,all,96.73,P07900,10.76,0.0,82.9715576171875,0.0
1817,/AF-P07900-F1-model_v1,436.0,False,all,96.86,P07900,11.4,0.0,72.91845703125,0.0
1818,/AF-P07900-F1-model_v1,443.0,False,all,97.71,P07900,10.42,0.0,82.03326416015625,0.0
1819,/AF-P07900-F1-model_v1,446.0,False,all,98.46,P07900,13.85,0.0,5.361651420593262,0.0
1820,/AF-P07900-F1-model_v1,457.0,False,all,95.86,P07900,10.79,0.0,91.55020141601562,0.0
1821,/AF-P07900-F1-model_v1,458.0,False,all,96.44,P07900,10.27,0.0,91.95232391357422,0.0
1822,/AF-P07900-F1-model_v1,478.0,False,all,96.04,P07900,10.65,0.0,95.5714340209961,0.0
1823,/AF-P07900-F1-model_v1,485.0,False,all,92.48,P07900,10.12,0.0,38.06772613525391,0.0
1824,/AF-P07900-F1-model_v1,489.0,False,all,91.17,P07900,10.47,0.0,100.12883758544922,0.0
1825,/AF-P07900-F1-model_v1,499.0,False,all,95.43,P07900,11.42,0.0,35.11881637573242,0.0
1826,/AF-P07900-F1-model_v1,513.0,False,all,91.35,P07900,10.07,0.0,57.50371170043945,0.0
1827,/AF-P07900-F1-model_v1,534.0,False,all,93.07,P07900,10.38,0.0,93.02465057373048,0.0
1828,/AF-P07900-F1-model_v1,539.0,False,all,95.22,P07900,10.28,0.0,48.3889045715332,0.0
1829,/AF-P07900-F1-model_v1,546.0,False,all,94.08,P07900,9.51,0.0,42.4910888671875,0.0
1830,/AF-P07900-F1-model_v1,558.0,False,all,85.18,P07900,10.63,0.0,68.4950942993164,0.0
1831,/AF-P07900-F1-model_v1,559.0,False,all,90.58,P07900,10.63,0.0,74.39291381835938,0.0
1832,/AF-P07900-F1-model_v1,560.0,False,all,89.85,P07900,11.7,0.0,64.20578002929688,0.0
1833,/AF-P07900-F1-model_v1,564.0,False,all,93.31,P07900,10.66,0.0,35.789024353027344,0.0
1834,/AF-P07900-F1-model_v1,565.0,False,all,93.73,P07900,11.3,0.0,53.08034896850586,0.0
1835,/AF-P07900-F1-model_v1,567.0,False,all,94.02,P07900,11.09,0.0,45.171913146972656,0.0
1836,/AF-P07900-F1-model_v1,573.0,False,all,94.3,P07900,11.5,0.0,69.43338775634766,0.0
1837,/AF-P07900-F1-model_v1,576.0,False,all,95.13,P07900,10.14,0.0,34.71669387817383,0.0
1838,/AF-P07900-F1-model_v1,581.0,False,all,87.54,P07900,10.55,0.0,91.4161605834961,0.0
1839,/AF-P07900-F1-model_v1,582.0,False,all,89.78,P07900,10.21,0.0,48.522945404052734,0.0
1840,/AF-P07900-F1-model_v1,585.0,False,all,94.32,P07900,10.71,0.0,65.81427001953125,0.0
1841,/AF-P07900-F1-model_v1,615.0,False,all,86.46,P07900,11.14,0.0,42.893211364746094,0.0
1842,/AF-P07900-F1-model_v1,631.0,False,all,87.36,P07900,11.51,0.0,69.1653060913086,0.0
1843,/AF-P07900-F1-model_v1,632.0,False,all,93.37,P07900,9.87,0.0,28.014629364013672,0.0
1844,/AF-P07900-F1-model_v1,649.0,False,all,90.85,P07900,10.54,0.0,55.35905075073242,0.0
1845,/AF-P07900-F1-model_v1,654.0,False,all,80.04,P07900,10.49,0.0,69.56742858886719,0.0
1846,/AF-P07900-F1-model_v1,657.0,False,all,80.7,P07900,10.66,0.0,88.33320617675781,0.0
1847,/AF-P07900-F1-model_v1,660.0,False,all,86.57,P07900,10.39,0.0,70.9078369140625,0.0
1848,/AF-P07900-F1-model_v1,693.0,False,all,85.81,P07900,10.43,0.0,71.57804870605469,0.0
1849,/6OQ4-alt1A_assembled/6OQ4-alt1B_assembled,417.0,False,all,0.0,P61224,11.025,0.7707463914933367,70.10359191894531,29.761388778686523
1850,/6OQ4-alt1A_assembled/6OQ4-alt1B_assembled,421.0,False,all,0.0,P61224,10.285,0.2474873734152926,64.4068374633789,11.658123016357422
1851,/6OQ4-alt1A_assembled/6OQ4-alt1B_assembled,437.0,False,all,0.0,P61224,10.87,0.3252691193458112,67.28872680664062,0.5686870813369751
1852,/6OQ4-alt1A_assembled/6OQ4-alt1B_assembled,475.0,False,all,0.0,P61224,9.004999999999999,0.077781745930521,42.35704803466797,6.255579471588135
1853,/6OQ4-alt1A_assembled/6OQ4-alt1B_assembled,479.0,False,all,0.0,P61224,10.085,0.0919238815542517,30.15928840637207,4.170385360717773
1854,/6OQ4-alt1A_assembled/6OQ4-alt1B_assembled,541.0,False,all,0.0,P61224,10.920000000000002,0.2969848480983499,45.10489273071289,1.9904102087020876
1855,/6OQ4-alt1A_assembled/6OQ4-alt1B_assembled,550.0,False,all,0.0,P61224,10.095,0.0494974746830585,34.98477554321289,0.1895623654127121
1856,/6OQ4-alt1A_assembled/6OQ4-alt1B_assembled,569.0,False,all,0.0,P61224,10.510000000000002,0.0707106781186545,129.14878845214844,2.559102773666382
1857,/6OQ4-alt1A_assembled/6OQ4-alt1B_assembled,570.0,False,all,0.0,P61224,10.605,0.0353553390593278,73.78973388671875,13.553751945495604
1858,/6OQ4-alt1A_assembled/6OQ4-alt1B_assembled,572.0,False,all,0.0,P61224,10.57,0.0282842712474612,92.3544464111328,6.63470458984375
1859,/6OQ4-alt1A_assembled/6OQ4-alt1B_assembled,582.0,False,all,0.0,P61224,10.65,0.1272792206135783,67.82489013671875,11.18422031402588
1860,/6OQ4-alt1A_assembled/6OQ4-alt1B_assembled,589.0,False,all,0.0,P61224,9.23,0.0848528137423851,37.933685302734375,22.747560501098636
1861,/6OQ4-alt1A_assembled/6OQ4-alt1B_assembled,591.0,False,all,0.0,P61224,10.995,0.5727564927611039,73.2535629272461,11.468561172485352
1862,/6OQ4-alt1A_assembled/6OQ4-alt1B_assembled,593.0,False,all,0.0,P61224,10.195,0.2899137802864845,52.07503890991211,6.729485511779785
1863,/6OQ4-alt1A_assembled/6OQ4-alt1B_assembled,606.0,False,all,0.0,P61224,10.355,0.0636396103067891,63.334510803222656,0.4739086031913757
1864,/6OQ4-alt1A_assembled/6OQ4-alt1B_assembled,616.0,False,all,0.0,P61224,9.685,0.0212132034355959,34.381591796875,1.4217203855514526
1865,/6OQ4-alt1A_assembled/6OQ4-alt1B_assembled,647.0,False,all,0.0,P61224,10.375,0.0353553390593278,75.39822387695312,6.919053077697754
1866,/6OQ4-alt1A_assembled/6OQ4-alt1B_assembled,654.0,False,all,0.0,P61224,10.43,0.0141421356237306,77.54288482666016,3.506919860839844
1867,/6OQ4-alt1A_assembled/6OQ4-alt1B_assembled,665.0,False,all,0.0,P61224,8.16,1.1172287142747446,35.38690185546875,5.118202686309815
1868,/6OQ4-alt1A_assembled/6OQ4-alt1B_assembled,675.0,False,all,0.0,P61224,9.92,0.6929646455628169,22.11681365966797,2.0851926803588867
1869,/6OQ4-alt1A_assembled/6OQ4-alt1B_assembled,682.0,False,all,0.0,P61224,10.435,0.1484924240491743,80.9609375,13.079846382141112
1870,/6OQ4-alt1A_assembled/6OQ4-alt1B_assembled,705.0,False,all,0.0,P61224,10.375,0.0070710678118665,85.11621856689453,7.013829231262207
1871,/6OQ4-alt1A_assembled/6OQ4-alt1B_assembled,713.0,False,all,0.0,P61224,10.235,0.120208152801713,52.67822647094727,2.8434462547302246
1872,/6OQ4-alt1A_assembled/6OQ4-alt1B_assembled,720.0,False,all,0.0,P61224,10.245,0.077781745930521,67.69084930419922,3.7912580966949454
1873,/6OQ4-alt1A_assembled/6OQ4-alt1B_assembled,724.0,False,all,0.0,P61224,10.07,0.2121320343559647,75.06311798095703,9.857275009155272
1874,/6OQ4-alt1A_assembled/6OQ4-alt1B_assembled,5.0,False,all,0.0,P61224,10.54,0.0,44.9038314819336,0.0
1875,/6OQ4-alt1A_assembled/6OQ4-alt1B_assembled,16.0,False,all,0.0,P61224,9.795,0.0070710678118665,12.867963790893556,0.0
1876,/6OQ4-alt1A_assembled/6OQ4-alt1B_assembled,31.0,False,all,0.0,P61224,9.73,0.0141421356237306,47.31657409667969,2.085191249847412
1877,/6OQ4-alt1A_assembled/6OQ4-alt1B_assembled,42.0,False,all,0.0,P61224,9.32,0.0141421356237306,34.448612213134766,0.0
1878,/6OQ4-alt1A_assembled/6OQ4-alt1B_assembled,73.0,False,all,0.0,P61224,10.63,0.0,65.54618835449219,0.0
1879,/6OQ4-alt1A_assembled/6OQ4-alt1B_assembled,104.0,False,all,0.0,P61224,7.67,0.0,10.589262008666992,0.0
1880,/6OQ4-alt1A_assembled/6OQ4-alt1B_assembled,117.0,False,all,0.0,P61224,9.355,0.0070710678118653,28.28271102905273,0.0
1881,/6OQ4-alt1A_assembled/6OQ4-alt1B_assembled,128.0,False,all,0.0,P61224,10.61,0.0,65.01002502441406,0.0
1882,/6OQ4-alt1A_assembled/6OQ4-alt1B_assembled,149.0,False,all,0.0,P61224,11.055,0.0212132034355972,57.10158920288086,0.0
1883,/6OQ4-alt1A_assembled/6OQ4-alt1B_assembled,151.0,False,all,0.0,P61224,9.62,0.0565685424949238,62.66429901123047,9.952058792114258
1884,/5EXW-alt1B_assembled/5EXW-alt1A_assembled/5F0X-alt1B_assembled/5F0X-alt1A_assembled,46.0,False,all,0.0,P11021,10.3275,0.2025374744866456,43.17805099487305,9.16043472290039
1885,/5EXW-alt1B_assembled/5EXW-alt1A_assembled/5F0X-alt1B_assembled/5F0X-alt1A_assembled,81.0,False,all,0.0,P11021,11.46375,1.77559597640583,33.97946548461914,14.861235618591309
1886,/5EXW-alt1B_assembled/5EXW-alt1A_assembled/5F0X-alt1B_assembled/5F0X-alt1A_assembled,96.0,False,all,0.0,P11021,12.11,1.343173215082212,17.123775482177734,3.5389726161956787
1887,/5EXW-alt1B_assembled/5EXW-alt1A_assembled/5F0X-alt1B_assembled/5F0X-alt1A_assembled,113.0,False,all,0.0,P11021,10.245,0.0744503669759741,59.2294921875,1.6313713788986206
1888,/5EXW-alt1B_assembled/5EXW-alt1A_assembled/5F0X-alt1B_assembled/5F0X-alt1A_assembled,118.0,False,all,0.0,P11021,10.335,0.0389138242053606,63.55232620239258,6.731655597686768
1889,/5EXW-alt1B_assembled/5EXW-alt1A_assembled/5F0X-alt1B_assembled/5F0X-alt1A_assembled,122.0,False,all,0.0,P11021,9.97375,0.5769361811698565,48.070556640625,6.63081169128418
1890,/5EXW-alt1B_assembled/5EXW-alt1A_assembled/5F0X-alt1B_assembled/5F0X-alt1A_assembled,123.0,False,all,0.0,P11021,10.65125,0.3968244484115648,69.70146942138672,5.651577472686768
1891,/5EXW-alt1B_assembled/5EXW-alt1A_assembled/5F0X-alt1B_assembled/5F0X-alt1A_assembled,138.0,False,all,0.0,P11021,10.18375,0.1012687372433225,51.18701553344727,9.975677490234377
1892,/5EXW-alt1B_assembled/5EXW-alt1A_assembled/5F0X-alt1B_assembled/5F0X-alt1A_assembled,152.0,False,all,0.0,P11021,10.3725,0.2959126318937495,22.61946678161621,9.52966594696045
1893,/5EXW-alt1B_assembled/5EXW-alt1A_assembled/5F0X-alt1B_assembled/5F0X-alt1A_assembled,154.0,False,all,0.0,P11021,10.79375,0.5429795444713231,24.88141441345215,4.759578227996826
1894,/5EXW-alt1B_assembled/5EXW-alt1A_assembled/5F0X-alt1B_assembled/5F0X-alt1A_assembled,163.0,False,all,0.0,P11021,9.9225,0.5312451680452527,47.55114364624024,11.702953338623049
1895,/5EXW-alt1B_assembled/5EXW-alt1A_assembled/5F0X-alt1B_assembled/5F0X-alt1A_assembled,164.0,False,all,0.0,P11021,10.2875,0.2315013113199516,76.15220642089844,10.914859771728516
1896,/5EXW-alt1B_assembled/5EXW-alt1A_assembled/5F0X-alt1B_assembled/5F0X-alt1A_assembled,185.0,False,all,0.0,P11021,9.9425,0.3703955414727036,44.099586486816406,6.795623779296875
1897,/5EXW-alt1B_assembled/5EXW-alt1A_assembled/5F0X-alt1B_assembled/5F0X-alt1A_assembled,213.0,False,all,0.0,P11021,8.32875,2.7657777903718666,30.913272857666016,26.44958877563477
1898,/5EXW-alt1B_assembled/5EXW-alt1A_assembled/5F0X-alt1B_assembled/5F0X-alt1A_assembled,218.0,False,all,0.0,P11021,9.39375,0.7683365612988695,47.36684036254883,14.849475860595703
1899,/5EXW-alt1B_assembled/5EXW-alt1A_assembled/5F0X-alt1B_assembled/5F0X-alt1A_assembled,268.0,False,all,0.0,P11021,10.2825,0.2251190161416214,80.12317657470703,25.138242721557617
1900,/5EXW-alt1B_assembled/5EXW-alt1A_assembled/5F0X-alt1B_assembled/5F0X-alt1A_assembled,271.0,False,all,0.0,P11021,10.4325,0.2378324740532412,61.69249725341797,13.1972074508667
1901,/5EXW-alt1B_assembled/5EXW-alt1A_assembled/5F0X-alt1B_assembled/5F0X-alt1A_assembled,272.0,False,all,0.0,P11021,10.361249999999998,0.1227584736673717,84.76435089111328,10.023802757263184
1902,/5EXW-alt1B_assembled/5EXW-alt1A_assembled/5F0X-alt1B_assembled/5F0X-alt1A_assembled,273.0,False,all,0.0,P11021,11.08875,0.3890808766457541,64.52411651611328,15.156055450439451
1903,/5EXW-alt1B_assembled/5EXW-alt1A_assembled/5F0X-alt1B_assembled/5F0X-alt1A_assembled,276.0,False,all,0.0,P11021,11.405,0.658309523378956,41.9214096069336,9.78691577911377
1904,/5EXW-alt1B_assembled/5EXW-alt1A_assembled/5F0X-alt1B_assembled/5F0X-alt1A_assembled,280.0,False,all,0.0,P11021,10.60375,0.1147590643789971,76.65485382080078,6.980980396270752
1905,/5EXW-alt1B_assembled/5EXW-alt1A_assembled/5F0X-alt1B_assembled/5F0X-alt1A_assembled,287.0,False,all,0.0,P11021,9.94625,0.5160824269712846,43.51314926147461,10.34488582611084
1906,/5EXW-alt1B_assembled/5EXW-alt1A_assembled/5F0X-alt1B_assembled/5F0X-alt1A_assembled,294.0,False,all,0.0,P11021,10.69875,0.4607272977121526,64.08849334716797,7.883710384368896
1907,/5EXW-alt1B_assembled/5EXW-alt1A_assembled/5F0X-alt1B_assembled/5F0X-alt1A_assembled,296.0,False,all,0.0,P11021,10.35125,0.7728691905583284,28.50053024291992,6.223879337310791
1908,/5EXW-alt1B_assembled/5EXW-alt1A_assembled/5F0X-alt1B_assembled/5F0X-alt1A_assembled,326.0,False,all,0.0,P11021,10.8225,0.2932453872490699,40.26265335083008,4.8614888191223145
1909,/5EXW-alt1B_assembled/5EXW-alt1A_assembled/5F0X-alt1B_assembled/5F0X-alt1A_assembled,340.0,False,all,0.0,P11021,10.335,0.1088905085723401,95.88978576660156,17.359981536865234
1910,/5EXW-alt1B_assembled/5EXW-alt1A_assembled/5F0X-alt1B_assembled/5F0X-alt1A_assembled,344.0,False,all,0.0,P11021,10.59625,0.4208134130127373,61.692501068115234,6.300042152404785
1911,/5EXW-alt1B_assembled/5EXW-alt1A_assembled/5F0X-alt1B_assembled/5F0X-alt1A_assembled,352.0,False,all,0.0,P11021,10.66,0.2546706556655929,103.0274887084961,12.95700454711914
1912,/5EXW-alt1B_assembled/5EXW-alt1A_assembled/5F0X-alt1B_assembled/5F0X-alt1A_assembled,353.0,False,all,0.0,P11021,10.04625,0.0671751442127218,52.57769393920898,3.7944743633270255
1913,/5EXW-alt1B_assembled/5EXW-alt1A_assembled/5F0X-alt1B_assembled/5F0X-alt1A_assembled,370.0,False,all,0.0,P11021,10.423750000000002,0.0855131568824357,27.629261016845703,3.898365020751953
1914,/5EXW-alt1B_assembled/5EXW-alt1A_assembled/5F0X-alt1B_assembled/5F0X-alt1A_assembled,376.0,False,all,0.0,P11021,11.22,0.2061206304223678,51.94100189208984,4.761768817901611
1915,/5EXW-alt1B_assembled/5EXW-alt1A_assembled/5F0X-alt1B_assembled/5F0X-alt1A_assembled,382.0,False,all,0.0,P11021,9.9175,0.9813947800379388,46.462059020996094,8.704560279846191
1916,/1M9I-alt-1_assembled,34.0,False,all,0.0,P08133,10.53,0.0,64.07173156738281,0.0
1917,/1M9I-alt-1_assembled,40.0,False,all,0.0,P08133,10.39,0.0,36.32518768310547,0.0
1918,/1M9I-alt-1_assembled,63.0,False,all,0.0,P08133,10.4,0.0,62.19515609741211,0.0
1919,/1M9I-alt-1_assembled,68.0,False,all,0.0,P08133,11.16,0.0,42.62512969970703,0.0
1920,/1M9I-alt-1_assembled,75.0,False,all,0.0,P08133,10.06,0.0,50.13144302368164,0.0
1921,/1M9I-alt-1_assembled,81.0,False,all,0.0,P08133,11.38,0.0,48.25486373901367,0.0
1922,/1M9I-alt-1_assembled,99.0,False,all,0.0,P08133,9.98,0.0,28.81887626647949,0.0
1923,/1M9I-alt-1_assembled,102.0,False,all,0.0,P08133,10.3,0.0,32.97415542602539,0.0
1924,/1M9I-alt-1_assembled,113.0,False,all,0.0,P08133,11.52,0.0,61.39091110229492,0.0
1925,/1M9I-alt-1_assembled,135.0,False,all,0.0,P08133,10.29,0.0,60.05049514770508,0.0
1926,/1M9I-alt-1_assembled,156.0,False,all,0.0,P08133,10.11,0.0,54.152679443359375,0.0
1927,/1M9I-alt-1_assembled,208.0,False,all,0.0,P08133,9.41,0.0,49.72931671142578,0.0
1928,/1M9I-alt-1_assembled,220.0,False,all,0.0,P08133,10.97,0.0,59.11220550537109,0.0
1929,/1M9I-alt-1_assembled,224.0,False,all,0.0,P08133,10.13,0.0,25.73592758178711,0.0
1930,/1M9I-alt-1_assembled,240.0,False,all,0.0,P08133,10.39,0.0,66.88660430908203,0.0
1931,/1M9I-alt-1_assembled,247.0,False,all,0.0,P08133,12.75,0.0,28.952917098999023,0.0
1932,/1M9I-alt-1_assembled,262.0,False,all,0.0,P08133,10.05,0.0,9.919054985046388,0.0
1933,/1M9I-alt-1_assembled,265.0,False,all,0.0,P08133,8.81,0.0,20.10619354248047,0.0
1934,/1M9I-alt-1_assembled,296.0,False,all,0.0,P08133,12.63,0.0,19.57002830505371,0.0
1935,/1M9I-alt-1_assembled,299.0,False,all,0.0,P08133,9.47,0.0,45.171913146972656,0.0
1936,/1M9I-alt-1_assembled,306.0,False,all,0.0,P08133,10.54,0.0,62.59728240966797,0.0
1937,/1M9I-alt-1_assembled,314.0,False,all,0.0,P08133,10.09,0.0,42.22300338745117,0.0
1938,/1M9I-alt-1_assembled,315.0,False,all,0.0,P08133,10.43,0.0,37.933685302734375,0.0
1939,/1M9I-alt-1_assembled,319.0,False,all,0.0,P08133,11.01,0.0,34.85073471069336,0.0
1940,/1M9I-alt-1_assembled,354.0,False,all,0.0,P08133,10.29,0.0,58.173919677734375,0.0
1941,/1M9I-alt-1_assembled,370.0,False,all,0.0,P08133,11.27,0.0,55.62713241577149,0.0
1942,/1M9I-alt-1_assembled,374.0,False,all,0.0,P08133,10.43,0.0,80.82689666748047,0.0
1943,/1M9I-alt-1_assembled,377.0,False,all,0.0,P08133,9.93,0.0,60.720703125,0.0
1944,/1M9I-alt-1_assembled,406.0,False,all,0.0,P08133,10.72,0.0,51.87397766113281,0.0
1945,/1M9I-alt-1_assembled,418.0,False,all,0.0,P08133,10.13,0.0,49.193153381347656,0.0
1946,/1M9I-alt-1_assembled,442.0,False,all,0.0,P08133,7.58,0.0,40.34642791748047,0.0
1947,/1M9I-alt-1_assembled,445.0,False,all,0.0,P08133,11.05,0.0,21.714689254760746,0.0
1948,/1M9I-alt-1_assembled,446.0,False,all,0.0,P08133,10.58,0.0,41.28471755981445,0.0
1949,/1M9I-alt-1_assembled,456.0,False,all,0.0,P08133,6.21,0.0,36.59326934814453,0.0
1950,/1M9I-alt-1_assembled,478.0,False,all,0.0,P08133,10.78,0.0,47.71869659423828,0.0
1951,/1M9I-alt-1_assembled,483.0,False,all,0.0,P08133,10.16,0.0,43.42937850952149,0.0
1952,/1M9I-alt-1_assembled,540.0,False,all,0.0,P08133,9.78,0.0,26.138050079345703,0.0
1953,/1M9I-alt-1_assembled,568.0,False,all,0.0,P08133,10.68,0.0,59.38029098510742,0.0
1954,/1M9I-alt-1_assembled,579.0,False,all,0.0,P08133,11.23,0.0,30.69545555114746,0.0
1955,/1M9I-alt-1_assembled,580.0,False,all,0.0,P08133,10.66,0.0,46.646366119384766,0.0
1956,/1M9I-alt-1_assembled,598.0,False,all,0.0,P08133,10.36,0.0,36.057106018066406,0.0
1957,/1M9I-alt-1_assembled,600.0,False,all,0.0,P08133,9.24,0.0,22.652976989746094,0.0
1958,/1M9I-alt-1_assembled,607.0,False,all,0.0,P08133,10.56,0.0,10.991385459899902,0.0
1959,/1M9I-alt-1_assembled,610.0,False,all,0.0,P08133,9.65,0.0,56.83350372314453,0.0
1960,/1M9I-alt-1_assembled,613.0,False,all,0.0,P08133,9.86,0.0,42.4910888671875,0.0
1961,/1M9I-alt-1_assembled,620.0,False,all,0.0,P08133,9.6,0.0,54.286720275878906,0.0
1962,/1M9I-alt-1_assembled,644.0,False,all,0.0,P08133,10.96,0.0,15.950913429260254,0.0
1963,/1M9I-alt-1_assembled,647.0,False,all,0.0,P08133,9.68,0.0,40.882591247558594,0.0
1964,/1M9I-alt-1_assembled,663.0,False,all,0.0,P08133,11.78,0.0,30.02524757385254,0.0
1965,/AF-P39023-F1-model_v1,5.0,False,all,94.72,P39023,10.42,0.0,82.5694351196289,0.0
1966,/AF-P39023-F1-model_v1,20.0,False,all,97.81,P39023,10.38,0.0,97.71609497070312,0.0
1967,/AF-P39023-F1-model_v1,28.0,False,all,97.55,P39023,9.86,0.0,80.02265167236328,0.0
1968,/AF-P39023-F1-model_v1,30.0,False,all,97.25,P39023,10.24,0.0,99.99479675292967,0.0
1969,/AF-P39023-F1-model_v1,34.0,False,all,96.09,P39023,10.44,0.0,116.07975769042967,0.0
1970,/AF-P39023-F1-model_v1,50.0,False,all,98.55,P39023,8.91,0.0,16.0849552154541,0.0
1971,/AF-P39023-F1-model_v1,66.0,False,all,97.33,P39023,10.48,0.0,96.10760498046876,0.0
1972,/AF-P39023-F1-model_v1,69.0,False,all,95.02,P39023,11.64,0.0,62.7313232421875,0.0
1973,/AF-P39023-F1-model_v1,70.0,False,all,96.58,P39023,10.35,0.0,68.62913513183594,0.0
1974,/AF-P39023-F1-model_v1,103.0,False,all,97.02,P39023,11.32,0.0,37.26347732543945,0.0
1975,/AF-P39023-F1-model_v1,115.0,False,all,96.93,P39023,10.38,0.0,33.64436340332031,0.0
1976,/AF-P39023-F1-model_v1,120.0,False,all,95.16,P39023,10.46,0.0,116.21379852294922,0.0
1977,/AF-P39023-F1-model_v1,124.0,False,all,96.2,P39023,10.45,0.0,87.79704284667969,0.0
1978,/AF-P39023-F1-model_v1,126.0,False,all,96.48,P39023,10.46,0.0,104.01603698730467,0.0
1979,/AF-P39023-F1-model_v1,127.0,False,all,95.79,P39023,10.32,0.0,53.48247146606445,0.0
1980,/AF-P39023-F1-model_v1,128.0,False,all,95.83,P39023,10.42,0.0,75.86737060546875,0.0
1981,/AF-P39023-F1-model_v1,132.0,False,all,93.24,P39023,10.45,0.0,95.1693115234375,0.0
1982,/AF-P39023-F1-model_v1,135.0,False,all,92.94,P39023,10.36,0.0,79.21839904785156,0.0
1983,/AF-P39023-F1-model_v1,136.0,False,all,93.37,P39023,10.31,0.0,77.47586059570312,0.0
1984,/AF-P39023-F1-model_v1,143.0,False,all,95.1,P39023,11.51,0.0,46.11020278930664,0.0
1985,/AF-P39023-F1-model_v1,144.0,False,all,96.23,P39023,10.43,0.0,80.5588150024414,0.0
1986,/AF-P39023-F1-model_v1,148.0,False,all,96.56,P39023,10.37,0.0,82.43539428710938,0.0
1987,/AF-P39023-F1-model_v1,154.0,False,all,96.99,P39023,11.17,0.0,47.98678207397461,0.0
1988,/AF-P39023-F1-model_v1,155.0,False,all,97.03,P39023,11.08,0.0,76.26949310302734,0.0
1989,/AF-P39023-F1-model_v1,176.0,False,all,96.58,P39023,10.19,0.0,84.44600677490234,0.0
1990,/AF-P39023-F1-model_v1,177.0,False,all,96.95,P39023,9.34,0.0,42.62512969970703,0.0
1991,/AF-P39023-F1-model_v1,193.0,False,all,98.44,P39023,10.63,0.0,16.218996047973633,0.0
1992,/AF-P39023-F1-model_v1,224.0,False,all,98.27,P39023,10.33,0.0,104.8202896118164,0.0
1993,/AF-P39023-F1-model_v1,226.0,False,all,98.36,P39023,10.14,0.0,78.81627655029297,0.0
1994,/AF-P39023-F1-model_v1,229.0,False,all,98.35,P39023,10.3,0.0,55.22500991821289,0.0
1995,/AF-P39023-F1-model_v1,238.0,False,all,96.63,P39023,10.42,0.0,86.18854522705078,0.0
1996,/AF-P39023-F1-model_v1,239.0,False,all,97.37,P39023,10.07,0.0,65.54618835449219,0.0
1997,/AF-P39023-F1-model_v1,243.0,False,all,96.86,P39023,10.46,0.0,80.02265167236328,0.0
1998,/AF-P39023-F1-model_v1,250.0,False,all,97.22,P39023,10.01,0.0,38.06772613525391,0.0
1999,/AF-P39023-F1-model_v1,272.0,False,all,98.38,P39023,9.51,0.0,26.67421531677246,0.0
2000,/AF-P39023-F1-model_v1,282.0,False,all,98.31,P39023,11.05,0.0,27.612504959106445,0.0
2001,/AF-P39023-F1-model_v1,283.0,False,all,98.29,P39023,8.7,0.0,5.361651420593262,0.0
2002,/AF-P39023-F1-model_v1,286.0,False,all,97.95,P39023,8.98,0.0,38.4698486328125,0.0
2003,/AF-P39023-F1-model_v1,294.0,False,all,84.09,P39023,10.42,0.0,71.57804870605469,0.0
2004,/AF-P39023-F1-model_v1,297.0,False,all,88.23,P39023,10.45,0.0,95.97356414794922,0.0
2005,/AF-P39023-F1-model_v1,300.0,False,all,91.74,P39023,10.68,0.0,62.32919692993164,0.0
2006,/AF-P39023-F1-model_v1,312.0,False,all,94.37,P39023,9.94,0.0,3.2169909477233887,0.0
2007,/AF-P39023-F1-model_v1,334.0,False,all,98.39,P39023,9.41,0.0,33.778404235839844,0.0
2008,/AF-P39023-F1-model_v1,341.0,False,all,96.25,P39023,9.58,0.0,43.96554183959961,0.0
2009,/AF-P39023-F1-model_v1,342.0,False,all,97.94,P39023,10.02,0.0,58.97816467285156,0.0
2010,/AF-P39023-F1-model_v1,349.0,False,all,98.29,P39023,10.3,0.0,27.746545791625977,0.0
2011,/AF-P39023-F1-model_v1,356.0,False,all,95.0,P39023,10.41,0.0,103.74795532226562,0.0
2012,/AF-P39023-F1-model_v1,362.0,False,all,96.11,P39023,10.5,0.0,97.179931640625,0.0
2013,/AF-P39023-F1-model_v1,366.0,False,all,97.12,P39023,12.72,0.0,16.353036880493164,0.0
2014,/AF-P39023-F1-model_v1,373.0,False,all,97.09,P39023,9.85,0.0,26.138050079345703,0.0
2015,/AF-P39023-F1-model_v1,385.0,False,all,96.17,P39023,10.16,0.0,61.52495193481445,0.0
2016,/AF-P39023-F1-model_v1,386.0,False,all,95.2,P39023,10.54,0.0,89.67362213134766,0.0
2017,/AF-P39023-F1-model_v1,393.0,False,all,96.36,P39023,10.45,0.0,81.09497833251953,0.0
2018,/AF-P39023-F1-model_v1,394.0,False,all,95.22,P39023,10.61,0.0,71.84613037109375,0.0
2019,/AF-P39023-F1-model_v1,399.0,False,all,92.02,P39023,10.44,0.0,81.22901916503906,0.0
2020,/2DK2-alt-5_assembled/2DK2-alt-19_assembled/2DK2-alt-18_assembled/2DK2-alt-4_assembled/2DK2-alt-6_assembled/2DK2-alt-7_assembled/2DK2-alt-3_assembled/2DK2-alt-2_assembled/2DK2-alt-20_assembled/2DK2-alt-1_assembled/2DK2-alt-10_assembled/2DK2-alt-11_assembled/2DK2-alt-13_assembled/2DK2-alt-12_assembled/2DK2-alt-16_assembled/2DK2-alt-17_assembled/2DK2-alt-9_assembled/2DK2-alt-15_assembled/2DK2-alt-14_assembled/2DK2-alt-8_assembled,14.0,False,all,0.0,O43390,10.287000000000004,0.1135596295946945,91.26201629638672,9.669501304626465
2021,/2DK2-alt-5_assembled/2DK2-alt-19_assembled/2DK2-alt-18_assembled/2DK2-alt-4_assembled/2DK2-alt-6_assembled/2DK2-alt-7_assembled/2DK2-alt-3_assembled/2DK2-alt-2_assembled/2DK2-alt-20_assembled/2DK2-alt-1_assembled/2DK2-alt-10_assembled/2DK2-alt-11_assembled/2DK2-alt-13_assembled/2DK2-alt-12_assembled/2DK2-alt-16_assembled/2DK2-alt-17_assembled/2DK2-alt-9_assembled/2DK2-alt-15_assembled/2DK2-alt-14_assembled/2DK2-alt-8_assembled,16.0,False,all,0.0,O43390,10.499,0.1516887394772945,83.3870849609375,17.150388717651367
2022,/2DK2-alt-5_assembled/2DK2-alt-19_assembled/2DK2-alt-18_assembled/2DK2-alt-4_assembled/2DK2-alt-6_assembled/2DK2-alt-7_assembled/2DK2-alt-3_assembled/2DK2-alt-2_assembled/2DK2-alt-20_assembled/2DK2-alt-1_assembled/2DK2-alt-10_assembled/2DK2-alt-11_assembled/2DK2-alt-13_assembled/2DK2-alt-12_assembled/2DK2-alt-16_assembled/2DK2-alt-17_assembled/2DK2-alt-9_assembled/2DK2-alt-15_assembled/2DK2-alt-14_assembled/2DK2-alt-8_assembled,34.0,False,all,0.0,O43390,10.7745,0.370610804512028,97.15982818603516,10.538037300109863
2023,/2DK2-alt-5_assembled/2DK2-alt-19_assembled/2DK2-alt-18_assembled/2DK2-alt-4_assembled/2DK2-alt-6_assembled/2DK2-alt-7_assembled/2DK2-alt-3_assembled/2DK2-alt-2_assembled/2DK2-alt-20_assembled/2DK2-alt-1_assembled/2DK2-alt-10_assembled/2DK2-alt-11_assembled/2DK2-alt-13_assembled/2DK2-alt-12_assembled/2DK2-alt-16_assembled/2DK2-alt-17_assembled/2DK2-alt-9_assembled/2DK2-alt-15_assembled/2DK2-alt-14_assembled/2DK2-alt-8_assembled,41.0,False,all,0.0,O43390,10.482,0.0687941245961266,109.4246063232422,7.432029724121094
2024,/2DK2-alt-5_assembled/2DK2-alt-19_assembled/2DK2-alt-18_assembled/2DK2-alt-4_assembled/2DK2-alt-6_assembled/2DK2-alt-7_assembled/2DK2-alt-3_assembled/2DK2-alt-2_assembled/2DK2-alt-20_assembled/2DK2-alt-1_assembled/2DK2-alt-10_assembled/2DK2-alt-11_assembled/2DK2-alt-13_assembled/2DK2-alt-12_assembled/2DK2-alt-16_assembled/2DK2-alt-17_assembled/2DK2-alt-9_assembled/2DK2-alt-15_assembled/2DK2-alt-14_assembled/2DK2-alt-8_assembled,46.0,False,all,0.0,O43390,10.397499999999996,0.2023252982594848,82.24103546142578,8.961051940917969
2025,/2DK2-alt-5_assembled/2DK2-alt-19_assembled/2DK2-alt-18_assembled/2DK2-alt-4_assembled/2DK2-alt-6_assembled/2DK2-alt-7_assembled/2DK2-alt-3_assembled/2DK2-alt-2_assembled/2DK2-alt-20_assembled/2DK2-alt-1_assembled/2DK2-alt-10_assembled/2DK2-alt-11_assembled/2DK2-alt-13_assembled/2DK2-alt-12_assembled/2DK2-alt-16_assembled/2DK2-alt-17_assembled/2DK2-alt-9_assembled/2DK2-alt-15_assembled/2DK2-alt-14_assembled/2DK2-alt-8_assembled,47.0,False,all,0.0,O43390,10.192,0.0315561321090562,50.80835723876953,6.753434658050537
2026,/2DK2-alt-5_assembled/2DK2-alt-19_assembled/2DK2-alt-18_assembled/2DK2-alt-4_assembled/2DK2-alt-6_assembled/2DK2-alt-7_assembled/2DK2-alt-3_assembled/2DK2-alt-2_assembled/2DK2-alt-20_assembled/2DK2-alt-1_assembled/2DK2-alt-10_assembled/2DK2-alt-11_assembled/2DK2-alt-13_assembled/2DK2-alt-12_assembled/2DK2-alt-16_assembled/2DK2-alt-17_assembled/2DK2-alt-9_assembled/2DK2-alt-15_assembled/2DK2-alt-14_assembled/2DK2-alt-8_assembled,64.0,False,all,0.0,O43390,10.4215,0.0719118612571922,96.25505065917967,10.241289138793944
2027,/2DK2-alt-5_assembled/2DK2-alt-19_assembled/2DK2-alt-18_assembled/2DK2-alt-4_assembled/2DK2-alt-6_assembled/2DK2-alt-7_assembled/2DK2-alt-3_assembled/2DK2-alt-2_assembled/2DK2-alt-20_assembled/2DK2-alt-1_assembled/2DK2-alt-10_assembled/2DK2-alt-11_assembled/2DK2-alt-13_assembled/2DK2-alt-12_assembled/2DK2-alt-16_assembled/2DK2-alt-17_assembled/2DK2-alt-9_assembled/2DK2-alt-15_assembled/2DK2-alt-14_assembled/2DK2-alt-8_assembled,72.0,False,all,0.0,O43390,10.476,0.0705168886079596,89.35862731933594,6.903249740600586
2028,/2DK2-alt-5_assembled/2DK2-alt-19_assembled/2DK2-alt-18_assembled/2DK2-alt-4_assembled/2DK2-alt-6_assembled/2DK2-alt-7_assembled/2DK2-alt-3_assembled/2DK2-alt-2_assembled/2DK2-alt-20_assembled/2DK2-alt-1_assembled/2DK2-alt-10_assembled/2DK2-alt-11_assembled/2DK2-alt-13_assembled/2DK2-alt-12_assembled/2DK2-alt-16_assembled/2DK2-alt-17_assembled/2DK2-alt-9_assembled/2DK2-alt-15_assembled/2DK2-alt-14_assembled/2DK2-alt-8_assembled,85.0,False,all,0.0,O43390,10.4165,0.1188663557375078,107.0051498413086,10.956494331359863
2029,/2DK2-alt-5_assembled/2DK2-alt-19_assembled/2DK2-alt-18_assembled/2DK2-alt-4_assembled/2DK2-alt-6_assembled/2DK2-alt-7_assembled/2DK2-alt-3_assembled/2DK2-alt-2_assembled/2DK2-alt-20_assembled/2DK2-alt-1_assembled/2DK2-alt-10_assembled/2DK2-alt-11_assembled/2DK2-alt-13_assembled/2DK2-alt-12_assembled/2DK2-alt-16_assembled/2DK2-alt-17_assembled/2DK2-alt-9_assembled/2DK2-alt-15_assembled/2DK2-alt-14_assembled/2DK2-alt-8_assembled,89.0,False,all,0.0,O43390,10.411,0.1313452661779953,99.57927703857422,10.47021484375
2030,/2DK2-alt-5_assembled/2DK2-alt-19_assembled/2DK2-alt-18_assembled/2DK2-alt-4_assembled/2DK2-alt-6_assembled/2DK2-alt-7_assembled/2DK2-alt-3_assembled/2DK2-alt-2_assembled/2DK2-alt-20_assembled/2DK2-alt-1_assembled/2DK2-alt-10_assembled/2DK2-alt-11_assembled/2DK2-alt-13_assembled/2DK2-alt-12_assembled/2DK2-alt-16_assembled/2DK2-alt-17_assembled/2DK2-alt-9_assembled/2DK2-alt-15_assembled/2DK2-alt-14_assembled/2DK2-alt-8_assembled,90.0,False,all,0.0,O43390,10.4205,0.04914800418928,98.68789672851562,10.710938453674316
2031,/AF-P13861-F1-model_v1,122.0,False,all,97.68,P13861,8.16,0.0,1.3404128551483154,0.0
2032,/AF-P13861-F1-model_v1,141.0,False,all,88.06,P13861,10.9,0.0,82.5694351196289,0.0
2033,/AF-P13861-F1-model_v1,161.0,False,all,98.39,P13861,10.57,0.0,95.1693115234375,0.0
2034,/AF-P13861-F1-model_v1,190.0,False,all,91.89,P13861,10.41,0.0,77.47586059570312,0.0
2035,/AF-P13861-F1-model_v1,243.0,False,all,91.13,P13861,11.23,0.0,48.12082290649414,0.0
2036,/AF-P13861-F1-model_v1,247.0,False,all,91.28,P13861,11.52,0.0,74.12483215332031,0.0
2037,/AF-P13861-F1-model_v1,248.0,False,all,91.97,P13861,12.27,0.0,41.82088088989258,0.0
2038,/AF-P13861-F1-model_v1,250.0,False,all,93.2,P13861,10.61,0.0,102.54158782958984,0.0
2039,/AF-P13861-F1-model_v1,263.0,False,all,86.86,P13861,10.45,0.0,95.70547485351562,0.0
2040,/AF-P13861-F1-model_v1,272.0,False,all,96.47,P13861,10.36,0.0,55.89521789550781,0.0
2041,/AF-P13861-F1-model_v1,280.0,False,all,96.96,P13861,10.62,0.0,77.47586059570312,0.0
2042,/AF-P13861-F1-model_v1,283.0,False,all,98.42,P13861,11.49,0.0,88.60128784179688,0.0
2043,/AF-P13861-F1-model_v1,294.0,False,all,95.35,P13861,10.53,0.0,88.60128784179688,0.0
2044,/AF-P13861-F1-model_v1,332.0,False,all,96.28,P13861,10.38,0.0,78.81627655029297,0.0
2045,/AF-P13861-F1-model_v1,345.0,False,all,91.05,P13861,10.36,0.0,69.29934692382812,0.0
2046,/AF-P13861-F1-model_v1,358.0,False,all,97.65,P13861,11.85,0.0,37.933685302734375,0.0
2047,/AF-P13861-F1-model_v1,379.0,False,all,86.15,P13861,11.62,0.0,46.512325286865234,0.0
2048,/AF-P13861-F1-model_v1,391.0,False,all,75.8,P13861,11.32,0.0,56.43138122558594,0.0
2049,/AF-P05023-F1-model_v1,36.0,False,all,70.67,P05023,10.99,0.0,35.789024353027344,0.0
2050,/AF-P05023-F1-model_v1,37.0,False,all,70.93,P05023,10.57,0.0,80.82689666748047,0.0
2051,/AF-P05023-F1-model_v1,45.0,False,all,92.05,P05023,11.7,0.0,33.64436340332031,0.0
2052,/AF-P05023-F1-model_v1,54.0,False,all,92.23,P05023,11.33,0.0,42.08896255493164,0.0
2053,/AF-P05023-F1-model_v1,91.0,False,all,84.16,P05023,11.3,0.0,46.91445159912109,0.0
2054,/AF-P05023-F1-model_v1,177.0,False,all,90.95,P05023,11.01,0.0,45.037872314453125,0.0
2055,/AF-P05023-F1-model_v1,194.0,False,all,90.49,P05023,10.45,0.0,63.133445739746094,0.0
2056,/AF-P05023-F1-model_v1,212.0,False,all,89.74,P05023,11.3,0.0,38.33580780029297,0.0
2057,/AF-P05023-F1-model_v1,349.0,False,all,88.77,P05023,10.13,0.0,100.3969268798828,0.0
2058,/AF-P05023-F1-model_v1,354.0,False,all,89.7,P05023,11.22,0.0,63.267486572265625,0.0
2059,/AF-P05023-F1-model_v1,359.0,False,all,79.75,P05023,8.19,0.0,38.20176696777344,0.0
2060,/AF-P05023-F1-model_v1,377.0,False,all,92.67,P05023,12.17,0.0,6.702064514160156,0.0
2061,/AF-P05023-F1-model_v1,413.0,False,all,86.93,P05023,10.88,0.0,37.39751815795898,0.0
2062,/AF-P05023-F1-model_v1,444.0,False,all,87.78,P05023,10.37,0.0,75.73332977294922,0.0
2063,/AF-P05023-F1-model_v1,458.0,False,all,94.58,P05023,8.06,0.0,17.157283782958984,0.0
2064,/AF-P05023-F1-model_v1,468.0,False,all,92.01,P05023,10.76,0.0,83.3736801147461,0.0
2065,/AF-P05023-F1-model_v1,476.0,False,all,94.23,P05023,10.62,0.0,30.963537216186523,0.0
2066,/AF-P05023-F1-model_v1,487.0,False,all,87.44,P05023,10.33,0.0,55.62713241577149,0.0
2067,/AF-P05023-F1-model_v1,494.0,False,all,93.57,P05023,11.26,0.0,65.41214752197266,0.0
2068,/AF-P05023-F1-model_v1,508.0,False,all,96.55,P05023,10.44,0.0,10.321179389953612,0.0
2069,/AF-P05023-F1-model_v1,526.0,False,all,92.65,P05023,10.44,0.0,84.71409606933594,0.0
2070,/AF-P05023-F1-model_v1,535.0,False,all,91.04,P05023,11.48,0.0,39.81026077270508,0.0
2071,/AF-P05023-F1-model_v1,605.0,False,all,95.12,P05023,11.47,0.0,68.09297180175781,0.0
2072,/AF-P05023-F1-model_v1,612.0,False,all,97.04,P05023,8.97,0.0,33.912445068359375,0.0
2073,/AF-P05023-F1-model_v1,625.0,False,all,93.61,P05023,10.59,0.0,25.86996841430664,0.0
2074,/AF-P05023-F1-model_v1,629.0,False,all,93.36,P05023,10.04,0.0,65.81427001953125,0.0
2075,/AF-P05023-F1-model_v1,661.0,False,all,93.2,P05023,10.45,0.0,83.64176177978516,0.0
2076,/AF-P05023-F1-model_v1,671.0,False,all,85.16,P05023,11.56,0.0,62.59728240966797,0.0
2077,/AF-P05023-F1-model_v1,683.0,False,all,93.35,P05023,10.75,0.0,57.10158920288086,0.0
2078,/AF-P05023-F1-model_v1,698.0,False,all,93.1,P05023,12.83,0.0,7.372270584106445,0.0
2079,/AF-P05023-F1-model_v1,726.0,False,all,87.73,P05023,10.1,0.0,64.07173156738281,0.0
2080,/AF-P05023-F1-model_v1,727.0,False,all,91.78,P05023,10.16,0.0,41.55279922485352,0.0
2081,/AF-P05023-F1-model_v1,743.0,False,all,82.45,P05023,9.79,0.0,25.601884841918945,0.0
2082,/AF-P05023-F1-model_v1,773.0,False,all,96.25,P05023,9.42,0.0,8.846724510192871,0.0
2083,/AF-P05023-F1-model_v1,774.0,False,all,96.68,P05023,9.84,0.0,7.774394512176514,0.0
2084,/AF-P05023-F1-model_v1,833.0,False,all,93.15,P05023,11.53,0.0,87.52896118164062,0.0
2085,/AF-P05023-F1-model_v1,840.0,False,all,91.06,P05023,10.38,0.0,111.12022399902344,0.0
2086,/AF-P05023-F1-model_v1,843.0,False,all,93.71,P05023,10.32,0.0,40.61450958251953,0.0
2087,/AF-P05023-F1-model_v1,912.0,False,all,94.14,P05023,12.7,0.0,11.393508911132812,0.0
2088,/AF-P05023-F1-model_v1,938.0,False,all,96.82,P05023,10.19,0.0,9.248848915100098,0.0
2089,/AF-P05023-F1-model_v1,950.0,False,all,93.77,P05023,10.39,0.0,96.10760498046876,0.0
2090,/AF-P05023-F1-model_v1,952.0,False,all,96.27,P05023,10.44,0.0,102.94371032714844,0.0
2091,/AF-P05023-F1-model_v1,984.0,False,all,92.15,P05023,10.37,0.0,59.782413482666016,0.0
2092,/AF-Q9Y285-F1-model_v1,42.0,False,all,86.28,Q9Y285,10.66,0.0,63.133445739746094,0.0
2093,/AF-Q9Y285-F1-model_v1,59.0,False,all,82.79,Q9Y285,11.4,0.0,53.08034896850586,0.0
2094,/AF-Q9Y285-F1-model_v1,101.0,False,all,82.44,Q9Y285,10.42,0.0,79.21839904785156,0.0
2095,/AF-Q9Y285-F1-model_v1,106.0,False,all,85.35,Q9Y285,9.39,0.0,35.65498352050781,0.0
2096,/AF-Q9Y285-F1-model_v1,111.0,False,all,86.84,Q9Y285,10.45,0.0,83.90984344482422,0.0
2097,/AF-Q9Y285-F1-model_v1,150.0,False,all,81.96,Q9Y285,10.24,0.0,68.09297180175781,0.0
2098,/AF-Q9Y285-F1-model_v1,154.0,False,all,85.7,Q9Y285,10.46,0.0,100.12883758544922,0.0
2099,/AF-Q9Y285-F1-model_v1,161.0,False,all,86.05,Q9Y285,10.42,0.0,77.47586059570312,0.0
2100,/AF-Q9Y285-F1-model_v1,163.0,False,all,86.0,Q9Y285,10.51,0.0,89.67362213134766,0.0
2101,/AF-Q9Y285-F1-model_v1,171.0,False,all,87.46,Q9Y285,10.42,0.0,76.26949310302734,0.0
2102,/AF-Q9Y285-F1-model_v1,177.0,False,all,89.19,Q9Y285,10.33,0.0,36.72731399536133,0.0
2103,/AF-Q9Y285-F1-model_v1,208.0,False,all,80.66,Q9Y285,10.38,0.0,67.42276763916016,0.0
2104,/AF-Q9Y285-F1-model_v1,229.0,False,all,88.7,Q9Y285,9.26,0.0,10.589262008666992,0.0
2105,/AF-Q9Y285-F1-model_v1,297.0,False,all,97.69,Q9Y285,10.27,0.0,52.54418563842773,0.0
2106,/AF-Q9Y285-F1-model_v1,311.0,False,all,94.83,Q9Y285,10.32,0.0,57.63775253295898,0.0
2107,/AF-Q9Y285-F1-model_v1,315.0,False,all,96.89,Q9Y285,10.52,0.0,77.74394989013672,0.0
2108,/AF-Q9Y285-F1-model_v1,321.0,False,all,96.94,Q9Y285,11.05,0.0,49.59527587890625,0.0
2109,/AF-Q9Y285-F1-model_v1,342.0,False,all,93.25,Q9Y285,10.31,0.0,81.63114166259766,0.0
2110,/AF-Q9Y285-F1-model_v1,343.0,False,all,90.13,Q9Y285,10.4,0.0,93.02465057373048,0.0
2111,/AF-Q9Y285-F1-model_v1,349.0,False,all,98.21,Q9Y285,10.11,0.0,59.38029098510742,0.0
2112,/AF-Q9Y285-F1-model_v1,397.0,False,all,88.27,Q9Y285,11.17,0.0,26.272092819213867,0.0
2113,/AF-Q9Y285-F1-model_v1,406.0,False,all,96.06,Q9Y285,11.51,0.0,62.59728240966797,0.0
2114,/AF-Q9Y285-F1-model_v1,427.0,False,all,84.71,Q9Y285,10.45,0.0,97.31397247314452,0.0
2115,/AF-Q9Y285-F1-model_v1,428.0,False,all,89.0,Q9Y285,10.18,0.0,79.08435821533203,0.0
2116,/AF-Q9Y285-F1-model_v1,468.0,False,all,77.72,Q9Y285,9.16,0.0,51.33781433105469,0.0
2117,/AF-Q9Y285-F1-model_v1,481.0,False,all,80.67,Q9Y285,10.12,0.0,83.10559844970703,0.0
2118,/6ZJE-alt1A_assembled/6ZJE-alt1C_assembled/6ZJE-alt1B_assembled,20.0,False,all,0.0,Q9UIJ7,10.176666666666668,0.8303212229814031,35.386898040771484,22.05742835998535
2119,/6ZJE-alt1A_assembled/6ZJE-alt1C_assembled/6ZJE-alt1B_assembled,34.0,False,all,0.0,Q9UIJ7,10.453333333333331,0.0493288286231624,60.98878479003906,2.948907852172852
2120,/6ZJE-alt1A_assembled/6ZJE-alt1C_assembled/6ZJE-alt1B_assembled,57.0,False,all,0.0,Q9UIJ7,10.949999999999998,0.493659801887899,67.51212310791016,2.7086052894592285
2121,/6ZJE-alt1A_assembled/6ZJE-alt1C_assembled/6ZJE-alt1B_assembled,64.0,False,all,0.0,Q9UIJ7,10.383333333333333,0.0152752523165199,68.4504165649414,6.180938243865967
2122,/6ZJE-alt1A_assembled/6ZJE-alt1C_assembled/6ZJE-alt1B_assembled,80.0,False,all,0.0,Q9UIJ7,10.396666666666668,0.0472581562625257,74.5269546508789,0.8153385519981384
2123,/6ZJE-alt1A_assembled/6ZJE-alt1C_assembled/6ZJE-alt1B_assembled,122.0,False,all,0.0,Q9UIJ7,10.373333333333331,0.0763762615825976,44.76979064941406,2.4164650440216064
2124,/6ZJE-alt1A_assembled/6ZJE-alt1C_assembled/6ZJE-alt1B_assembled,165.0,False,all,0.0,Q9UIJ7,11.243333333333334,0.5858611894752316,45.75275802612305,6.782454013824463
2125,/6ZJE-alt1A_assembled/6ZJE-alt1C_assembled/6ZJE-alt1B_assembled,171.0,False,all,0.0,Q9UIJ7,10.296666666666669,0.0737111479583203,74.39291381835938,7.350305557250977
2126,/6ZJE-alt1A_assembled/6ZJE-alt1C_assembled/6ZJE-alt1B_assembled,174.0,False,all,0.0,Q9UIJ7,11.373333333333331,0.1115048578911851,66.26107788085938,5.998001575469971
2127,/6ZJE-alt1A_assembled/6ZJE-alt1C_assembled/6ZJE-alt1B_assembled,181.0,False,all,0.0,Q9UIJ7,10.773333333333332,0.2450170062124941,75.2865219116211,7.688797950744629
2128,/6ZJE-alt1A_assembled/6ZJE-alt1C_assembled/6ZJE-alt1B_assembled,189.0,False,all,0.0,Q9UIJ7,11.213333333333331,0.7241776945842315,65.85894775390625,24.040271759033203
2129,/6ZJE-alt1A_assembled/6ZJE-alt1C_assembled/6ZJE-alt1B_assembled,190.0,False,all,0.0,Q9UIJ7,10.393333333333333,0.2683902631120088,57.146270751953125,16.789621353149414
2130,/6ZJE-alt1A_assembled/6ZJE-alt1C_assembled/6ZJE-alt1B_assembled,203.0,False,all,0.0,Q9UIJ7,10.73,0.0264575131106453,94.49910736083984,6.943029403686523
2131,/6ZJE-alt1A_assembled/6ZJE-alt1C_assembled/6ZJE-alt1B_assembled,215.0,False,all,0.0,Q9UIJ7,9.276666666666666,1.5646192295038857,41.32939529418945,16.10411834716797
2132,/AF-Q9BXP5-F1-model_v1,150.0,False,all,81.5,Q9BXP5,10.38,0.0,49.193153381347656,0.0
2133,/AF-Q9BXP5-F1-model_v1,153.0,False,all,85.43,Q9BXP5,10.47,0.0,93.96294403076172,0.0
2134,/AF-Q9BXP5-F1-model_v1,170.0,False,all,89.53,Q9BXP5,10.47,0.0,86.05450439453125,0.0
2135,/AF-Q9BXP5-F1-model_v1,176.0,False,all,86.84,Q9BXP5,9.94,0.0,43.83150100708008,0.0
2136,/AF-Q9BXP5-F1-model_v1,192.0,False,all,88.67,Q9BXP5,11.45,0.0,31.231618881225582,0.0
2137,/AF-Q9BXP5-F1-model_v1,200.0,False,all,85.31,Q9BXP5,10.2,0.0,51.06972885131836,0.0
2138,/AF-Q9BXP5-F1-model_v1,208.0,False,all,88.62,Q9BXP5,10.62,0.0,92.7565689086914,0.0
2139,/AF-Q9BXP5-F1-model_v1,242.0,False,all,89.7,Q9BXP5,9.92,0.0,43.42937850952149,0.0
2140,/AF-Q9BXP5-F1-model_v1,248.0,False,all,91.43,Q9BXP5,11.0,0.0,29.22100067138672,0.0
2141,/AF-Q9BXP5-F1-model_v1,256.0,False,all,89.92,Q9BXP5,9.44,0.0,19.70406913757324,0.0
2142,/AF-Q9BXP5-F1-model_v1,413.0,False,all,81.76,Q9BXP5,10.45,0.0,107.2330322265625,0.0
2143,/AF-Q9BXP5-F1-model_v1,419.0,False,all,90.75,Q9BXP5,10.87,0.0,57.90583419799805,0.0
2144,/AF-Q9BXP5-F1-model_v1,442.0,False,all,95.01,Q9BXP5,10.39,0.0,90.07574462890624,0.0
2145,/AF-Q9BXP5-F1-model_v1,476.0,False,all,94.83,Q9BXP5,10.42,0.0,81.22901916503906,0.0
2146,/AF-Q9BXP5-F1-model_v1,514.0,False,all,92.02,Q9BXP5,11.35,0.0,26.94229888916016,0.0
2147,/AF-Q9BXP5-F1-model_v1,522.0,False,all,95.13,Q9BXP5,10.39,0.0,95.30335235595705,0.0
2148,/AF-Q9BXP5-F1-model_v1,526.0,False,all,92.97,Q9BXP5,10.94,0.0,67.82489013671875,0.0
2149,/AF-Q9BXP5-F1-model_v1,559.0,False,all,89.77,Q9BXP5,10.29,0.0,64.47386169433594,0.0
2150,/AF-Q9BXP5-F1-model_v1,604.0,False,all,91.51,Q9BXP5,10.68,0.0,93.15869140625,0.0
2151,/AF-Q9BXP5-F1-model_v1,607.0,False,all,93.02,Q9BXP5,10.5,0.0,61.256866455078125,0.0
2152,/AF-Q9BXP5-F1-model_v1,611.0,False,all,94.05,Q9BXP5,11.07,0.0,66.48448181152344,0.0
2153,/AF-Q9BXP5-F1-model_v1,664.0,False,all,95.17,Q9BXP5,10.67,0.0,89.67362213134766,0.0
2154,/AF-Q9BXP5-F1-model_v1,669.0,False,all,93.04,Q9BXP5,9.85,0.0,45.037872314453125,0.0
2155,/AF-Q9BXP5-F1-model_v1,687.0,False,all,86.91,Q9BXP5,11.24,0.0,52.276100158691406,0.0
2156,/AF-Q9BXP5-F1-model_v1,691.0,False,all,91.62,Q9BXP5,10.75,0.0,48.3889045715332,0.0
2157,/AF-Q9BXP5-F1-model_v1,699.0,False,all,94.14,Q9BXP5,11.31,0.0,52.4101448059082,0.0
2158,/AF-Q9BXP5-F1-model_v1,710.0,False,all,90.54,Q9BXP5,10.47,0.0,90.61190795898438,0.0
2159,/AF-Q9BXP5-F1-model_v1,712.0,False,all,92.57,Q9BXP5,10.41,0.0,73.72270965576172,0.0
2160,/AF-Q9BXP5-F1-model_v1,720.0,False,all,93.71,Q9BXP5,10.27,0.0,63.40152740478516,0.0
2161,/AF-Q9BXP5-F1-model_v1,721.0,False,all,94.01,Q9BXP5,10.37,0.0,67.02064514160156,0.0
2162,/AF-Q9BXP5-F1-model_v1,723.0,False,all,93.17,Q9BXP5,10.44,0.0,90.07574462890624,0.0
2163,/AF-Q9BXP5-F1-model_v1,730.0,False,all,94.45,Q9BXP5,10.51,0.0,78.01203155517578,0.0
2164,/AF-Q9BXP5-F1-model_v1,735.0,False,all,93.89,Q9BXP5,10.36,0.0,73.05249786376953,0.0
2165,/AF-Q9BXP5-F1-model_v1,739.0,False,all,93.52,Q9BXP5,10.48,0.0,58.30796051025391,0.0
2166,/AF-Q9BXP5-F1-model_v1,744.0,False,all,93.84,Q9BXP5,10.53,0.0,72.5163345336914,0.0
2167,/AF-Q9BXP5-F1-model_v1,745.0,False,all,92.71,Q9BXP5,11.56,0.0,64.741943359375,0.0
2168,/AF-Q9BXP5-F1-model_v1,758.0,False,all,81.9,Q9BXP5,11.41,0.0,82.9715576171875,0.0
2169,/AF-Q9NW13-F1-model_v1,31.0,False,all,91.29,Q9NW13,10.14,0.0,53.48247146606445,0.0
2170,/AF-Q9NW13-F1-model_v1,39.0,False,all,80.73,Q9NW13,12.4,0.0,51.06972885131836,0.0
2171,/AF-Q9NW13-F1-model_v1,42.0,False,all,78.53,Q9NW13,10.46,0.0,92.48848724365234,0.0
2172,/AF-Q9NW13-F1-model_v1,63.0,False,all,90.49,Q9NW13,10.44,0.0,86.05450439453125,0.0
2173,/AF-Q9NW13-F1-model_v1,72.0,False,all,88.5,Q9NW13,10.44,0.0,82.70347595214844,0.0
2174,/AF-Q9NW13-F1-model_v1,79.0,False,all,83.47,Q9NW13,10.42,0.0,95.97356414794922,0.0
2175,/AF-Q9NW13-F1-model_v1,80.0,False,all,77.95,Q9NW13,10.39,0.0,101.201171875,0.0
2176,/AF-Q9NW13-F1-model_v1,113.0,False,all,80.84,Q9NW13,10.42,0.0,98.11822509765624,0.0
2177,/AF-Q9NW13-F1-model_v1,124.0,False,all,89.55,Q9NW13,10.39,0.0,83.10559844970703,0.0
2178,/AF-Q9NW13-F1-model_v1,131.0,False,all,93.71,Q9NW13,10.5,0.0,87.12683868408203,0.0
2179,/AF-Q9NW13-F1-model_v1,148.0,False,all,86.13,Q9NW13,10.12,0.0,55.09096908569336,0.0
2180,/AF-Q9NW13-F1-model_v1,152.0,False,all,85.4,Q9NW13,11.04,0.0,67.69084930419922,0.0
2181,/AF-Q9NW13-F1-model_v1,162.0,False,all,90.79,Q9NW13,10.52,0.0,79.88860321044922,0.0
2182,/AF-Q9NW13-F1-model_v1,169.0,False,all,93.97,Q9NW13,10.44,0.0,73.05249786376953,0.0
2183,/AF-Q9NW13-F1-model_v1,172.0,False,all,93.38,Q9NW13,10.42,0.0,87.93108367919922,0.0
2184,/AF-Q9NW13-F1-model_v1,177.0,False,all,91.38,Q9NW13,10.21,0.0,54.55480194091797,0.0
2185,/AF-Q9NW13-F1-model_v1,180.0,False,all,87.88,Q9NW13,11.48,0.0,40.61450958251953,0.0
2186,/AF-Q9NW13-F1-model_v1,192.0,False,all,83.47,Q9NW13,10.47,0.0,95.97356414794922,0.0
2187,/AF-Q9NW13-F1-model_v1,194.0,False,all,82.18,Q9NW13,10.45,0.0,88.7353286743164,0.0
2188,/AF-Q9NW13-F1-model_v1,196.0,False,all,82.39,Q9NW13,10.24,0.0,85.11621856689453,0.0
2189,/AF-Q9NW13-F1-model_v1,335.0,False,all,90.89,Q9NW13,11.34,0.0,38.06772613525391,0.0
2190,/AF-Q9NW13-F1-model_v1,362.0,False,all,90.79,Q9NW13,11.54,0.0,54.152679443359375,0.0
2191,/AF-Q9NW13-F1-model_v1,376.0,False,all,91.39,Q9NW13,10.11,0.0,38.4698486328125,0.0
2192,/AF-Q9NW13-F1-model_v1,391.0,False,all,90.26,Q9NW13,10.91,0.0,60.45262145996094,0.0
2193,/AF-Q9NW13-F1-model_v1,406.0,False,all,85.2,Q9NW13,10.06,0.0,48.92506790161133,0.0
2194,/AF-Q9NW13-F1-model_v1,413.0,False,all,90.54,Q9NW13,10.31,0.0,98.7884292602539,0.0
2195,/AF-Q9NW13-F1-model_v1,425.0,False,all,82.05,Q9NW13,10.52,0.0,92.22040557861328,0.0
2196,/AF-Q9NW13-F1-model_v1,453.0,False,all,91.01,Q9NW13,10.46,0.0,101.33521270751952,0.0
2197,/AF-Q9NW13-F1-model_v1,465.0,False,all,92.32,Q9NW13,10.04,0.0,58.7100830078125,0.0
2198,/AF-Q9NW13-F1-model_v1,473.0,False,all,93.93,Q9NW13,10.03,0.0,23.323183059692383,0.0
2199,/AF-Q9NW13-F1-model_v1,476.0,False,all,94.35,Q9NW13,10.13,0.0,90.7459487915039,0.0
2200,/AF-Q9NW13-F1-model_v1,478.0,False,all,92.98,Q9NW13,10.36,0.0,88.06512451171875,0.0
2201,/AF-Q9NW13-F1-model_v1,496.0,False,all,90.6,Q9NW13,10.28,0.0,65.94831085205078,0.0
2202,/AF-Q9NW13-F1-model_v1,501.0,False,all,93.85,Q9NW13,10.41,0.0,112.9968032836914,0.0
2203,/AF-Q9NW13-F1-model_v1,505.0,False,all,93.35,Q9NW13,10.43,0.0,94.09698486328124,0.0
2204,/AF-Q9NW13-F1-model_v1,515.0,False,all,78.95,Q9NW13,10.48,0.0,101.33521270751952,0.0
2205,/AF-Q9NW13-F1-model_v1,520.0,False,all,93.71,Q9NW13,11.42,0.0,60.18453598022461,0.0
2206,/AF-Q9NW13-F1-model_v1,529.0,False,all,80.5,Q9NW13,10.58,0.0,92.3544464111328,0.0
2207,/AF-Q9NW13-F1-model_v1,536.0,False,all,75.55,Q9NW13,11.28,0.0,62.7313232421875,0.0
2208,/AF-Q9NW13-F1-model_v1,555.0,False,all,93.8,Q9NW13,11.07,0.0,26.54017448425293,0.0
2209,/AF-Q9NW13-F1-model_v1,571.0,False,all,84.86,Q9NW13,10.32,0.0,77.3418197631836,0.0
2210,/AF-Q9NW13-F1-model_v1,584.0,False,all,91.98,Q9NW13,10.51,0.0,109.91385650634766,0.0
2211,/AF-Q9NW13-F1-model_v1,586.0,False,all,91.83,Q9NW13,10.45,0.0,102.27349853515624,0.0
2212,/AF-Q9NW13-F1-model_v1,588.0,False,all,90.66,Q9NW13,10.46,0.0,90.34382629394533,0.0
2213,/AF-Q9NW13-F1-model_v1,598.0,False,all,89.2,Q9NW13,10.35,0.0,89.00341796875,0.0
2214,/AF-Q9NW13-F1-model_v1,665.0,False,all,75.83,Q9NW13,10.59,0.0,73.99079132080078,0.0
2215,/AF-Q9NW13-F1-model_v1,666.0,False,all,73.6,Q9NW13,11.14,0.0,49.86335754394531,0.0
2216,/AF-Q9NW13-F1-model_v1,738.0,False,all,83.99,Q9NW13,10.45,0.0,80.29073333740234,0.0
2217,/AF-Q9NW13-F1-model_v1,740.0,False,all,79.32,Q9NW13,10.48,0.0,87.93108367919922,0.0
2218,/AF-Q02539-F1-model_v1,55.0,False,all,87.28,Q02539,10.45,0.0,112.19255828857422,0.0
2219,/AF-Q02539-F1-model_v1,66.0,False,all,94.1,Q02539,9.9,0.0,46.512325286865234,0.0
2220,/AF-Q02539-F1-model_v1,67.0,False,all,94.15,Q02539,10.42,0.0,114.20317840576172,0.0
2221,/AF-Q02539-F1-model_v1,78.0,False,all,93.07,Q02539,10.44,0.0,104.41815948486328,0.0
2222,/AF-Q02539-F1-model_v1,84.0,False,all,95.08,Q02539,10.32,0.0,77.3418197631836,0.0
2223,/AF-Q02539-F1-model_v1,88.0,False,all,95.3,Q02539,10.42,0.0,112.72872161865234,0.0
2224,/AF-Q02539-F1-model_v1,93.0,False,all,92.78,Q02539,10.34,0.0,112.05851745605467,0.0
2225,/AF-Q02539-F1-model_v1,100.0,False,all,93.07,Q02539,10.43,0.0,95.83952331542967,0.0
2226,/AF-Q02539-F1-model_v1,109.0,False,all,93.78,Q02539,10.23,0.0,58.7100830078125,0.0
2227,/AF-Q02539-F1-model_v1,112.0,False,all,79.5,Q02539,10.43,0.0,105.35645294189452,0.0
2228,/5DZZ-alt-1_assembled,1965.0,False,all,0.0,P15924,10.69,0.0,62.99940490722656,0.0
2229,/5DZZ-alt-1_assembled,1973.0,False,all,0.0,P15924,10.15,0.0,51.47185516357422,0.0
2230,/5DZZ-alt-1_assembled,1974.0,False,all,0.0,P15924,11.4,0.0,67.1546859741211,0.0
2231,/5DZZ-alt-1_assembled,1988.0,False,all,0.0,P15924,11.55,0.0,61.52495193481445,0.0
2232,/5DZZ-alt-1_assembled,1993.0,False,all,0.0,P15924,9.85,0.0,35.52094268798828,0.0
2233,/5DZZ-alt-1_assembled,1996.0,False,all,0.0,P15924,10.43,0.0,78.01203155517578,0.0
2234,/5DZZ-alt-1_assembled,1998.0,False,all,0.0,P15924,10.38,0.0,77.60990142822266,0.0
2235,/5DZZ-alt-1_assembled,1999.0,False,all,0.0,P15924,10.65,0.0,56.16329956054688,0.0
2236,/5DZZ-alt-1_assembled,2028.0,False,all,0.0,P15924,10.67,0.0,18.497697830200195,0.0
2237,/5DZZ-alt-1_assembled,2035.0,False,all,0.0,P15924,11.17,0.0,28.952917098999023,0.0
2238,/5DZZ-alt-1_assembled,2037.0,False,all,0.0,P15924,10.42,0.0,57.23563003540039,0.0
2239,/5DZZ-alt-1_assembled,2038.0,False,all,0.0,P15924,10.37,0.0,88.86936950683594,0.0
2240,/5DZZ-alt-1_assembled,2066.0,False,all,0.0,P15924,8.6,0.0,42.4910888671875,0.0
2241,/5DZZ-alt-1_assembled,2091.0,False,all,0.0,P15924,10.37,0.0,60.85474395751953,0.0
2242,/5DZZ-alt-1_assembled,2103.0,False,all,0.0,P15924,10.35,0.0,76.939697265625,0.0
2243,/5DZZ-alt-1_assembled,2112.0,False,all,0.0,P15924,11.01,0.0,56.297340393066406,0.0
2244,/5DZZ-alt-1_assembled,2113.0,False,all,0.0,P15924,10.71,0.0,68.22701263427734,0.0
2245,/5DZZ-alt-1_assembled,2145.0,False,all,0.0,P15924,10.7,0.0,70.37167358398438,0.0
2246,/5DZZ-alt-1_assembled,2170.0,False,all,0.0,P15924,10.01,0.0,36.459228515625,0.0
2247,/5DZZ-alt-1_assembled,2178.0,False,all,0.0,P15924,10.57,0.0,102.40753936767578,0.0
2248,/5DZZ-alt-1_assembled,2179.0,False,all,0.0,P15924,10.38,0.0,105.89261627197266,0.0
2249,/5DZZ-alt-1_assembled,2180.0,False,all,0.0,P15924,10.13,0.0,89.27149963378906,0.0
2250,/5DZZ-alt-1_assembled,2187.0,False,all,0.0,P15924,9.39,0.0,27.21038055419922,0.0
2251,/5DZZ-alt-1_assembled,2205.0,False,all,0.0,P15924,10.7,0.0,72.65037536621094,0.0
2252,/5DZZ-alt-1_assembled,2251.0,False,all,0.0,P15924,10.87,0.0,56.96754837036133,0.0
2253,/5DZZ-alt-1_assembled,2269.0,False,all,0.0,P15924,10.74,0.0,66.7525634765625,0.0
2254,/5DZZ-alt-1_assembled,2271.0,False,all,0.0,P15924,10.94,0.0,38.20176696777344,0.0
2255,/5DZZ-alt-1_assembled,2279.0,False,all,0.0,P15924,11.32,0.0,46.646366119384766,0.0
2256,/5DZZ-alt-1_assembled,2317.0,False,all,0.0,P15924,11.59,0.0,52.94630813598633,0.0
2257,/5DZZ-alt-1_assembled,2326.0,False,all,0.0,P15924,11.18,0.0,32.84011459350586,0.0
2258,/5DZZ-alt-1_assembled,2328.0,False,all,0.0,P15924,10.47,0.0,70.77379608154297,0.0
2259,/5DZZ-alt-1_assembled,2356.0,False,all,0.0,P15924,10.5,0.0,52.00801849365234,0.0
2260,/5DZZ-alt-1_assembled,2361.0,False,all,0.0,P15924,10.48,0.0,70.23763275146484,0.0
2261,/5DZZ-alt-1_assembled,2381.0,False,all,0.0,P15924,10.67,0.0,63.267486572265625,0.0
2262,/5DZZ-alt-1_assembled,2393.0,False,all,0.0,P15924,10.33,0.0,87.66300201416016,0.0
2263,/5DZZ-alt-1_assembled,2413.0,False,all,0.0,P15924,10.41,0.0,43.16129302978516,0.0
2264,/5DZZ-alt-1_assembled,2430.0,False,all,0.0,P15924,10.82,0.0,22.116811752319336,0.0
2265,/5DZZ-alt-1_assembled,2435.0,False,all,0.0,P15924,10.4,0.0,70.10359191894531,0.0
2266,/5DZZ-alt-1_assembled,2447.0,False,all,0.0,P15924,10.62,0.0,77.60990142822266,0.0
2267,/AF-Q969X6-F1-model_v1,5.0,False,all,91.21,Q969X6,10.17,0.0,57.23563003540039,0.0
2268,/AF-Q969X6-F1-model_v1,53.0,False,all,95.07,Q969X6,9.16,0.0,33.24224090576172,0.0
2269,/AF-Q969X6-F1-model_v1,94.0,False,all,94.91,Q969X6,10.77,0.0,44.23362350463867,0.0
2270,/AF-Q969X6-F1-model_v1,126.0,False,all,98.4,Q969X6,10.1,0.0,14.476458549499512,0.0
2271,/AF-Q969X6-F1-model_v1,134.0,False,all,95.81,Q969X6,10.41,0.0,67.1546859741211,0.0
2272,/AF-Q969X6-F1-model_v1,145.0,False,all,92.54,Q969X6,10.57,0.0,106.29473876953124,0.0
2273,/AF-Q969X6-F1-model_v1,174.0,False,all,96.4,Q969X6,10.52,0.0,89.13745880126953,0.0
2274,/AF-Q969X6-F1-model_v1,181.0,False,all,95.14,Q969X6,9.99,0.0,49.32719421386719,0.0
2275,/AF-Q969X6-F1-model_v1,195.0,False,all,87.06,Q969X6,10.45,0.0,83.23963928222656,0.0
2276,/AF-Q969X6-F1-model_v1,217.0,False,all,95.03,Q969X6,11.27,0.0,20.508316040039062,0.0
2277,/AF-Q969X6-F1-model_v1,230.0,False,all,93.86,Q969X6,10.11,0.0,47.98678207397461,0.0
2278,/AF-Q969X6-F1-model_v1,275.0,False,all,88.77,Q969X6,10.37,0.0,71.57804870605469,0.0
2279,/AF-Q969X6-F1-model_v1,329.0,False,all,92.83,Q969X6,9.66,0.0,57.63775253295898,0.0
2280,/AF-Q969X6-F1-model_v1,342.0,False,all,91.67,Q969X6,12.37,0.0,65.1440658569336,0.0
2281,/AF-Q969X6-F1-model_v1,343.0,False,all,92.34,Q969X6,10.65,0.0,63.66961288452149,0.0
2282,/AF-Q969X6-F1-model_v1,368.0,False,all,85.17,Q969X6,10.47,0.0,91.68424224853516,0.0
2283,/AF-Q969X6-F1-model_v1,377.0,False,all,92.7,Q969X6,11.26,0.0,51.73993682861328,0.0
2284,/AF-Q969X6-F1-model_v1,386.0,False,all,95.34,Q969X6,10.36,0.0,80.02265167236328,0.0
2285,/AF-Q969X6-F1-model_v1,388.0,False,all,87.48,Q969X6,10.32,0.0,114.47126007080078,0.0
2286,/AF-Q969X6-F1-model_v1,428.0,False,all,93.37,Q969X6,10.35,0.0,91.68424224853516,0.0
2287,/AF-Q969X6-F1-model_v1,432.0,False,all,82.98,Q969X6,10.46,0.0,100.3969268798828,0.0
2288,/AF-Q969X6-F1-model_v1,451.0,False,all,95.96,Q969X6,10.14,0.0,43.563419342041016,0.0
2289,/AF-Q969X6-F1-model_v1,472.0,False,all,91.65,Q969X6,10.4,0.0,82.16730499267578,0.0
2290,/AF-Q969X6-F1-model_v1,514.0,False,all,93.68,Q969X6,10.37,0.0,71.71208953857422,0.0
2291,/AF-Q969X6-F1-model_v1,517.0,False,all,94.2,Q969X6,10.22,0.0,64.741943359375,0.0
2292,/AF-Q969X6-F1-model_v1,558.0,False,all,96.82,Q969X6,10.34,0.0,47.31657409667969,0.0
2293,/AF-Q969X6-F1-model_v1,569.0,False,all,93.77,Q969X6,10.44,0.0,93.8289031982422,0.0
2294,/AF-Q969X6-F1-model_v1,591.0,False,all,88.69,Q969X6,11.31,0.0,59.91645431518555,0.0
2295,/AF-Q969X6-F1-model_v1,609.0,False,all,93.52,Q969X6,10.18,0.0,10.321179389953612,0.0
2296,/AF-Q969X6-F1-model_v1,617.0,False,all,82.13,Q969X6,10.46,0.0,95.70547485351562,0.0
2297,/AF-Q969X6-F1-model_v1,642.0,False,all,91.37,Q969X6,10.66,0.0,58.7100830078125,0.0
2298,/AF-Q969X6-F1-model_v1,645.0,False,all,90.13,Q969X6,10.56,0.0,55.35905075073242,0.0
2299,/AF-Q969X6-F1-model_v1,648.0,False,all,94.5,Q969X6,10.41,0.0,81.22901916503906,0.0
2300,/AF-Q63ZY6-F1-model_v1,65.0,False,all,91.61,Q63ZY6,10.39,0.0,92.48848724365234,0.0
2301,/AF-Q63ZY6-F1-model_v1,69.0,False,all,90.95,Q63ZY6,11.44,0.0,68.36105346679688,0.0
2302,/AF-Q63ZY6-F1-model_v1,226.0,False,all,88.49,Q63ZY6,10.45,0.0,99.5926742553711,0.0
2303,/AF-Q96PC5-F1-model_v1,30.0,False,all,91.9,Q96PC5,10.73,0.0,19.301944732666016,0.0
2304,/AF-Q96PC5-F1-model_v1,31.0,False,all,92.2,Q96PC5,11.26,0.0,51.06972885131836,0.0
2305,/AF-Q96PC5-F1-model_v1,62.0,False,all,92.17,Q96PC5,10.36,0.0,69.83551025390625,0.0
2306,/AF-Q96PC5-F1-model_v1,71.0,False,all,93.83,Q96PC5,10.02,0.0,10.455220222473145,0.0
2307,/AF-Q96PC5-F1-model_v1,84.0,False,all,90.38,Q96PC5,11.66,0.0,19.301944732666016,0.0
2308,/AF-Q96PC5-F1-model_v1,86.0,False,all,82.13,Q96PC5,10.47,0.0,89.94170379638672,0.0
2309,/AF-Q96PC5-F1-model_v1,112.0,False,all,81.91,Q96PC5,10.43,0.0,92.08636474609376,0.0
2310,/AF-Q96PC5-F1-model_v1,684.0,False,all,74.93,Q96PC5,10.41,0.0,76.80565643310547,0.0
2311,/AF-Q96PC5-F1-model_v1,685.0,False,all,77.46,Q96PC5,10.4,0.0,69.56742858886719,0.0
2312,/AF-Q96PC5-F1-model_v1,697.0,False,all,76.09,Q96PC5,10.37,0.0,80.82689666748047,0.0
2313,/AF-Q96PC5-F1-model_v1,699.0,False,all,82.19,Q96PC5,11.07,0.0,63.93769454956055,0.0
2314,/AF-Q96PC5-F1-model_v1,703.0,False,all,81.79,Q96PC5,10.37,0.0,81.09497833251953,0.0
2315,/AF-Q96PC5-F1-model_v1,709.0,False,all,70.78,Q96PC5,10.4,0.0,80.29073333740234,0.0
2316,/AF-Q96PC5-F1-model_v1,741.0,False,all,85.77,Q96PC5,10.43,0.0,81.76518249511719,0.0
2317,/AF-Q96PC5-F1-model_v1,758.0,False,all,89.01,Q96PC5,10.43,0.0,82.83751678466797,0.0
2318,/AF-Q96PC5-F1-model_v1,761.0,False,all,86.1,Q96PC5,10.97,0.0,58.97816467285156,0.0
2319,/AF-Q96PC5-F1-model_v1,764.0,False,all,85.53,Q96PC5,10.35,0.0,67.1546859741211,0.0
2320,/AF-Q96PC5-F1-model_v1,766.0,False,all,86.94,Q96PC5,12.61,0.0,49.32719421386719,0.0
2321,/AF-Q96PC5-F1-model_v1,779.0,False,all,91.95,Q96PC5,10.52,0.0,92.62252807617188,0.0
2322,/AF-Q96PC5-F1-model_v1,789.0,False,all,90.97,Q96PC5,12.46,0.0,56.43138122558594,0.0
2323,/AF-Q96PC5-F1-model_v1,792.0,False,all,89.89,Q96PC5,10.24,0.0,86.85875701904297,0.0
2324,/AF-Q96PC5-F1-model_v1,799.0,False,all,90.9,Q96PC5,10.42,0.0,111.52235412597656,0.0
2325,/AF-Q96PC5-F1-model_v1,803.0,False,all,86.23,Q96PC5,10.39,0.0,107.76919555664062,0.0
2326,/AF-Q96PC5-F1-model_v1,813.0,False,all,90.81,Q96PC5,12.53,0.0,56.699462890625,0.0
2327,/AF-Q96PC5-F1-model_v1,817.0,False,all,92.98,Q96PC5,10.53,0.0,95.83952331542967,0.0
2328,/AF-Q96PC5-F1-model_v1,831.0,False,all,91.97,Q96PC5,10.18,0.0,55.35905075073242,0.0
2329,/AF-Q96PC5-F1-model_v1,841.0,False,all,91.14,Q96PC5,10.41,0.0,82.5694351196289,0.0
2330,/AF-Q96PC5-F1-model_v1,849.0,False,all,91.57,Q96PC5,11.03,0.0,51.47185516357422,0.0
2331,/AF-Q96PC5-F1-model_v1,851.0,False,all,92.13,Q96PC5,10.41,0.0,77.20777893066406,0.0
2332,/AF-Q96PC5-F1-model_v1,858.0,False,all,92.87,Q96PC5,10.99,0.0,48.3889045715332,0.0
2333,/AF-Q96PC5-F1-model_v1,868.0,False,all,91.86,Q96PC5,11.04,0.0,60.98878479003906,0.0
2334,/AF-Q96PC5-F1-model_v1,873.0,False,all,88.79,Q96PC5,11.1,0.0,65.94831085205078,0.0
2335,/AF-Q96PC5-F1-model_v1,881.0,False,all,73.88,Q96PC5,10.97,0.0,56.297340393066406,0.0
2336,/AF-Q96PC5-F1-model_v1,923.0,False,all,71.93,Q96PC5,10.44,0.0,83.10559844970703,0.0
2337,/AF-Q96PC5-F1-model_v1,929.0,False,all,89.52,Q96PC5,10.43,0.0,89.27149963378906,0.0
2338,/AF-Q96PC5-F1-model_v1,935.0,False,all,92.43,Q96PC5,10.41,0.0,72.5163345336914,0.0
2339,/AF-Q96PC5-F1-model_v1,953.0,False,all,93.43,Q96PC5,10.39,0.0,72.5163345336914,0.0
2340,/AF-Q96PC5-F1-model_v1,955.0,False,all,93.54,Q96PC5,11.6,0.0,67.69084930419922,0.0
2341,/AF-Q96PC5-F1-model_v1,963.0,False,all,95.07,Q96PC5,10.41,0.0,64.3398208618164,0.0
2342,/AF-Q96PC5-F1-model_v1,985.0,False,all,94.98,Q96PC5,10.4,0.0,83.64176177978516,0.0
2343,/AF-Q96PC5-F1-model_v1,989.0,False,all,95.5,Q96PC5,10.23,0.0,82.16730499267578,0.0
2344,/3BBF-alt1B_assembled/3BBF-alt1A_assembled/3BBB-alt1B_assembled/3BBB-alt1A_assembled,26.0,False,all,0.0,P22392,10.702916666666669,1.4706475331182067,55.8393669128418,7.364257335662842
2345,/3BBF-alt1B_assembled/3BBF-alt1A_assembled/3BBB-alt1B_assembled/3BBB-alt1A_assembled,31.0,False,all,0.0,P22392,8.475833333333332,0.1171738458228949,4.953942775726318,3.834994792938232
2346,/3BBF-alt1B_assembled/3BBF-alt1A_assembled/3BBB-alt1B_assembled/3BBB-alt1A_assembled,39.0,False,all,0.0,P22392,9.894999999999998,0.112288448436043,30.19279670715332,8.188809394836426
2347,/3BBF-alt1B_assembled/3BBF-alt1A_assembled/3BBB-alt1B_assembled/3BBB-alt1A_assembled,49.0,False,all,0.0,P22392,11.017500000000004,0.459718723077303,48.40565490722656,5.570212841033936
2348,/3BBF-alt1B_assembled/3BBF-alt1A_assembled/3BBB-alt1B_assembled/3BBB-alt1A_assembled,56.0,False,all,0.0,P22392,10.55125,0.2295423139925263,58.4643440246582,8.910572052001953
2349,/3BBF-alt1B_assembled/3BBF-alt1A_assembled/3BBB-alt1B_assembled/3BBB-alt1A_assembled,66.0,False,all,0.0,P22392,10.826666666666666,0.484989167666272,74.98492431640625,14.675978660583496
2350,/3BBF-alt1B_assembled/3BBF-alt1A_assembled/3BBB-alt1B_assembled/3BBB-alt1A_assembled,85.0,False,all,0.0,P22392,10.155833333333335,0.3089521795931569,75.56576538085938,8.292044639587402
2351,/3BBF-alt1B_assembled/3BBF-alt1A_assembled/3BBB-alt1B_assembled/3BBB-alt1A_assembled,100.0,False,all,0.0,P22392,10.317916666666669,0.1182105404947374,80.05615234375,4.236591339111328
2352,/3BBF-alt1B_assembled/3BBF-alt1A_assembled/3BBB-alt1B_assembled/3BBB-alt1A_assembled,128.0,False,all,0.0,P22392,10.28625,0.3175971265339294,59.240665435791016,10.21030616760254
2353,/3BBF-alt1B_assembled/3BBF-alt1A_assembled/3BBB-alt1B_assembled/3BBB-alt1A_assembled,135.0,False,all,0.0,P22392,10.779166666666669,0.1624517765681403,69.10944366455078,18.73173713684082
2354,/3BBF-alt1B_assembled/3BBF-alt1A_assembled/3BBB-alt1B_assembled/3BBB-alt1A_assembled,143.0,False,all,0.0,P22392,10.648333333333335,0.1592282110318578,69.88019561767578,12.558812141418455
2355,/1UCN-alt-1_assembled/2HVD-alt-1_assembled/3L7U-alt-1_assembled,26.0,False,all,0.0,P15531,10.033333333333337,0.8148466113324639,71.96527862548828,10.236498832702637
2356,/1UCN-alt-1_assembled/2HVD-alt-1_assembled/3L7U-alt-1_assembled,31.0,False,all,0.0,P15531,6.587777777777777,2.9026659202265157,7.3871636390686035,3.813966035842896
2357,/1UCN-alt-1_assembled/2HVD-alt-1_assembled/3L7U-alt-1_assembled,39.0,False,all,0.0,P15531,9.152222222222225,2.181340057039352,27.56782341003418,14.71038055419922
2358,/1UCN-alt-1_assembled/2HVD-alt-1_assembled/3L7U-alt-1_assembled,56.0,False,all,0.0,P15531,10.354444444444445,0.2578813249884097,64.11640930175781,8.646183013916016
2359,/1UCN-alt-1_assembled/2HVD-alt-1_assembled/3L7U-alt-1_assembled,85.0,False,all,0.0,P15531,8.97888888888889,2.2763591788448307,79.39712524414062,12.953202247619627
2360,/1UCN-alt-1_assembled/2HVD-alt-1_assembled/3L7U-alt-1_assembled,100.0,False,all,0.0,P15531,9.273333333333332,1.416845086803776,79.63542175292969,2.897775650024414
2361,/1UCN-alt-1_assembled/2HVD-alt-1_assembled/3L7U-alt-1_assembled,128.0,False,all,0.0,P15531,10.022222222222222,1.2461418235676245,59.82709503173828,15.34611701965332
2362,/1UCN-alt-1_assembled/2HVD-alt-1_assembled/3L7U-alt-1_assembled,49.0,False,all,0.0,P15531,10.073333333333332,0.8269975816167788,61.10792922973633,11.891291618347168
2363,/1UCN-alt-1_assembled/2HVD-alt-1_assembled/3L7U-alt-1_assembled,66.0,False,all,0.0,P15531,9.80777777777778,0.9045133743867168,86.44174194335938,5.886932849884033
2364,/6Y1E-alt1A_assembled/6Y1E-alt1B_assembled/2A2R-alt1B_assembled/2A2R-alt1A_assembled,29.0,False,all,0.0,P09211,10.673333333333332,0.3267841470877661,69.83551025390625,20.53160095214844
2365,/6Y1E-alt1A_assembled/6Y1E-alt1B_assembled/2A2R-alt1B_assembled/2A2R-alt1A_assembled,44.0,False,all,0.0,P09211,10.116666666666664,0.0879393730551532,62.01643753051758,6.127989768981934
2366,/6Y1E-alt1A_assembled/6Y1E-alt1B_assembled/2A2R-alt1B_assembled/2A2R-alt1A_assembled,54.0,False,all,0.0,P09211,10.355,0.2805027953190807,40.6815299987793,11.21957778930664
2367,/6Y1E-alt1A_assembled/6Y1E-alt1B_assembled/2A2R-alt1B_assembled/2A2R-alt1A_assembled,81.0,False,all,0.0,P09211,11.556666666666668,0.2961367415518882,63.17811965942383,7.099549770355225
2368,/6Y1E-alt1A_assembled/6Y1E-alt1B_assembled/2A2R-alt1B_assembled/2A2R-alt1A_assembled,102.0,False,all,0.0,P09211,10.293333333333331,0.2186043887662799,65.47917175292969,8.10428524017334
2369,/6Y1E-alt1A_assembled/6Y1E-alt1B_assembled/2A2R-alt1B_assembled/2A2R-alt1A_assembled,115.0,False,all,0.0,P09211,11.346666666666666,0.5370175777270968,42.55810928344727,8.455425262451172
2370,/6Y1E-alt1A_assembled/6Y1E-alt1B_assembled/2A2R-alt1B_assembled/2A2R-alt1A_assembled,120.0,False,all,0.0,P09211,10.465,0.0710313631113359,91.1927490234375,21.92483901977539
2371,/6Y1E-alt1A_assembled/6Y1E-alt1B_assembled/2A2R-alt1B_assembled/2A2R-alt1A_assembled,140.0,False,all,0.0,P09211,10.061666666666667,0.5530220007679019,75.46524810791016,10.725740432739258
2372,/6Y1E-alt1A_assembled/6Y1E-alt1B_assembled/2A2R-alt1B_assembled/2A2R-alt1A_assembled,188.0,False,all,0.0,P09211,9.766666666666667,1.0053252149820913,52.633544921875,20.36620330810547
2373,/6Y1E-alt1A_assembled/6Y1E-alt1B_assembled/2A2R-alt1B_assembled/2A2R-alt1A_assembled,190.0,False,all,0.0,P09211,10.383333333333333,0.0196946385566935,78.88329315185547,8.210010528564453
2374,/6Y1E-alt1A_assembled/6Y1E-alt1B_assembled/2A2R-alt1B_assembled/2A2R-alt1A_assembled,208.0,False,all,0.0,P09211,11.263333333333334,0.1565150781776942,36.10178756713867,3.0055992603302
2375,/4XBJ-alt1B_assembled/4XBJ-alt1A_assembled/4WR3-alt1B_assembled/4WR3-alt1A_assembled,28.0,False,all,0.0,P0A6B4,10.423125,0.1946524680894988,57.40317916870117,7.161787033081055
2376,/4XBJ-alt1B_assembled/4XBJ-alt1A_assembled/4WR3-alt1B_assembled/4WR3-alt1A_assembled,34.0,False,all,0.0,P0A6B4,9.7725,1.269369922441839,21.212032318115234,8.3451509475708
2377,/4XBJ-alt1B_assembled/4XBJ-alt1A_assembled/4WR3-alt1B_assembled/4WR3-alt1A_assembled,73.0,False,all,0.0,P0A6B4,9.91125,0.8185586926624951,32.37934875488281,14.273642539978027
2378,/4XBJ-alt1B_assembled/4XBJ-alt1A_assembled/4WR3-alt1B_assembled/4WR3-alt1A_assembled,167.0,False,all,0.0,P0A6B4,10.541666666666666,0.2636055363376852,99.11235809326172,12.93739414215088
2379,/4XBJ-alt1B_assembled/4XBJ-alt1A_assembled/4WR3-alt1B_assembled/4WR3-alt1A_assembled,173.0,False,all,0.0,P0A6B4,10.446875,0.0407788752501423,87.37816619873047,7.208858489990234
2380,/4XBJ-alt1B_assembled/4XBJ-alt1A_assembled/4WR3-alt1B_assembled/4WR3-alt1A_assembled,185.0,False,all,0.0,P0A6B4,10.55625,0.2199052826408073,10.35468864440918,3.210841655731201
2381,/4XBJ-alt1B_assembled/4XBJ-alt1A_assembled/4WR3-alt1B_assembled/4WR3-alt1A_assembled,248.0,False,all,0.0,P0A6B4,10.701875,0.181005294581862,58.66819381713867,6.644215106964111
2382,/4XBJ-alt1B_assembled/4XBJ-alt1A_assembled/4WR3-alt1B_assembled/4WR3-alt1A_assembled,317.0,False,all,0.0,P0A6B4,10.488124999999998,0.1243231675915638,68.98100280761719,7.520799160003662
2383,/4XBJ-alt1B_assembled/4XBJ-alt1A_assembled/4WR3-alt1B_assembled/4WR3-alt1A_assembled,339.0,False,all,0.0,P0A6B4,10.4325,0.0262043253427112,91.81829071044922,6.891686916351318
2384,/4XBJ-alt1B_assembled/4XBJ-alt1A_assembled/4WR3-alt1B_assembled/4WR3-alt1A_assembled,148.0,False,all,0.0,P0A6B4,10.435714285714289,0.0439780164862618,89.58744812011719,10.420741081237791
2385,/4XBJ-alt1B_assembled/4XBJ-alt1A_assembled/4WR3-alt1B_assembled/4WR3-alt1A_assembled,356.0,False,all,0.0,P0A6B4,10.315833333333336,0.0659832393777988,75.81153106689453,10.096861839294434
2386,/1BXN-alt-1_assembled,23.0,False,all,0.0,P0C2C2,10.4875,0.1201041214946431,48.15433120727539,5.246906757354736
2387,/1BXN-alt-1_assembled,34.0,False,all,0.0,P0C2C2,10.955,0.6529165337162167,43.36235427856445,6.995447635650635
2388,/1BXN-alt-1_assembled,85.0,False,all,0.0,P0C2C2,10.3925,0.3285701345730217,32.5720329284668,5.997504234313965
2389,/1BXN-alt-1_assembled,130.0,False,all,0.0,P0C2C2,10.43,0.0141421356237306,83.97686767578125,2.4631052017211914
2390,/1BXN-alt-1_assembled,133.0,False,all,0.0,P0C2C2,10.4925,0.299819390077871,54.253211975097656,9.825860977172852
2391,/1BXN-alt-1_assembled,148.0,False,all,0.0,P0C2C2,10.2575,0.1592430008927657,59.1792221069336,7.785555839538574
2392,/1BXN-alt-1_assembled,166.0,False,all,0.0,P0C2C2,9.7,0.3453500639447843,3.820176601409912,0.8857549428939819
2393,/1BXN-alt-1_assembled,177.0,False,all,0.0,P0C2C2,10.555,0.5386712046013471,49.226661682128906,4.988275051116943
2394,/1BXN-alt-1_assembled,179.0,False,all,0.0,P0C2C2,10.065,0.3282783371876169,26.841766357421875,7.182891845703125
2395,/1BXN-alt-1_assembled,196.0,False,all,0.0,P0C2C2,8.915,1.5123161045231253,19.67055892944336,9.849602699279783
2396,/1BXN-alt-1_assembled,229.0,False,all,0.0,P0C2C2,7.03,4.4564223318711615,26.04869079589844,22.13968086242676
2397,/1BXN-alt-1_assembled,238.0,False,all,0.0,P0C2C2,7.33,0.3011090610836326,0.2680825591087341,0.2895622849464416
2398,/1BXN-alt-1_assembled,260.0,False,all,0.0,P0C2C2,8.575,1.3909349373712636,25.836456298828125,14.922744750976562
2399,/1BXN-alt-1_assembled,306.0,False,all,0.0,P0C2C2,9.5,0.2033060090930255,56.86701965332031,7.630843162536621
2400,/1BXN-alt-1_assembled,317.0,False,all,0.0,P0C2C2,9.7425,0.1549999999999997,8.511621475219727,1.1026204824447632
2401,/1BXN-alt-1_assembled,335.0,False,all,0.0,P0C2C2,10.3775,0.1007885575516057,45.071380615234375,2.467658042907715
2402,/1BXN-alt-1_assembled,374.0,False,all,0.0,P0C2C2,9.115,0.819125550002359,43.865013122558594,8.182283401489258
2403,/1BXN-alt-1_assembled,21.0,False,all,0.0,P0C2C2,10.095,0.2725802634087807,51.538875579833984,14.091771125793455
2404,/1BD0-alt-1_assembled/1SFT-alt-1_assembled,39.0,False,all,0.0,P10724,9.95,0.3904698025029165,17.257816314697266,4.993075370788574
2405,/1BD0-alt-1_assembled/1SFT-alt-1_assembled,76.0,False,all,0.0,P10724,9.88,0.2362202362203543,35.18583679199219,1.5841081142425537
2406,/1BD0-alt-1_assembled/1SFT-alt-1_assembled,140.0,False,all,0.0,P10724,11.3125,0.5098610921940736,27.847078323364254,3.428550243377685
2407,/1BD0-alt-1_assembled/1SFT-alt-1_assembled,146.0,False,all,0.0,P10724,10.6975,0.1961929322546224,56.66595458984375,14.014155387878418
2408,/1BD0-alt-1_assembled/1SFT-alt-1_assembled,234.0,False,all,0.0,P10724,10.8775,0.4085237651185871,51.002708435058594,9.29728889465332
2409,/1BD0-alt-1_assembled/1SFT-alt-1_assembled,242.0,False,all,0.0,P10724,11.15,0.5068201521907616,55.69415664672852,11.470519065856934
2410,/1BD0-alt-1_assembled/1SFT-alt-1_assembled,255.0,False,all,0.0,P10724,7.712499999999999,0.5415025392368904,10.92436408996582,2.2918055057525635
2411,/1BD0-alt-1_assembled/1SFT-alt-1_assembled,256.0,False,all,0.0,P10724,10.945,0.2099999999999994,38.77144241333008,2.142913818359375
2412,/1BD0-alt-1_assembled/1SFT-alt-1_assembled,262.0,False,all,0.0,P10724,10.11,0.0346410161513773,34.14701843261719,5.006252288818359
2413,/1BD0-alt-1_assembled/1SFT-alt-1_assembled,303.0,False,all,0.0,P10724,10.465,0.1466287829861516,48.75751876831055,11.644567489624023
2414,/1BD0-alt-1_assembled/1SFT-alt-1_assembled,328.0,False,all,0.0,P10724,9.9525,0.1228481447424688,50.5335693359375,5.567690372467041
2415,/1BD0-alt-1_assembled/1SFT-alt-1_assembled,372.0,False,all,0.0,P10724,10.6175,0.0049999999999998,84.27845764160156,6.070333480834961
2416,/1E3U-alt1B_assembled/1E3U-alt1A_assembled/1EWZ-alt-1_assembled,30.0,False,all,0.0,P14489,10.41,0.1170469991071964,79.51085662841797,11.605812072753906
2417,/1E3U-alt1B_assembled/1E3U-alt1A_assembled/1EWZ-alt-1_assembled,45.0,False,all,0.0,P14489,10.649166666666668,0.404327912227267,60.95527267456055,10.023585319519045
2418,/1E3U-alt1B_assembled/1E3U-alt1A_assembled/1EWZ-alt-1_assembled,49.0,False,all,0.0,P14489,10.424,0.0741170245849987,86.92577362060547,12.065740585327148
2419,/1E3U-alt1B_assembled/1E3U-alt1A_assembled/1EWZ-alt-1_assembled,61.0,False,all,0.0,P14489,10.325,0.0855463723262524,63.36802291870117,8.916263580322266
2420,/1E3U-alt1B_assembled/1E3U-alt1A_assembled/1EWZ-alt-1_assembled,84.0,False,all,0.0,P14489,10.356363636363636,0.0939438904104708,87.73611450195312,8.618836402893066
2421,/1E3U-alt1B_assembled/1E3U-alt1A_assembled/1EWZ-alt-1_assembled,91.0,False,all,0.0,P14489,10.565454545454545,0.106147410365363,84.64098358154297,12.424457550048828
2422,/1E3U-alt1B_assembled/1E3U-alt1A_assembled/1EWZ-alt-1_assembled,95.0,False,all,0.0,P14489,9.284545454545457,2.3304221232916733,59.34373474121094,30.327184677124023
2423,/1E3U-alt1B_assembled/1E3U-alt1A_assembled/1EWZ-alt-1_assembled,100.0,False,all,0.0,P14489,10.427,0.1006699778704877,91.9255142211914,7.713245391845703
2424,/1E3U-alt1B_assembled/1E3U-alt1A_assembled/1EWZ-alt-1_assembled,134.0,False,all,0.0,P14489,10.073636363636362,0.179235751303847,65.11969757080078,9.703296661376951
2425,/1E3U-alt1B_assembled/1E3U-alt1A_assembled/1EWZ-alt-1_assembled,137.0,False,all,0.0,P14489,10.3675,0.1073757209733443,78.11255645751953,12.072260856628418
2426,/1E3U-alt1B_assembled/1E3U-alt1A_assembled/1EWZ-alt-1_assembled,138.0,False,all,0.0,P14489,10.136666666666668,0.2820165479778328,52.633544921875,11.55604362487793
2427,/1E3U-alt1B_assembled/1E3U-alt1A_assembled/1EWZ-alt-1_assembled,152.0,False,all,0.0,P14489,10.870000000000005,0.2766586344215555,53.73836898803711,7.986759185791016
2428,/1E3U-alt1B_assembled/1E3U-alt1A_assembled/1EWZ-alt-1_assembled,177.0,False,all,0.0,P14489,10.413333333333332,0.0360134654951406,69.26583862304688,7.300720691680908
2429,/1E3U-alt1B_assembled/1E3U-alt1A_assembled/1EWZ-alt-1_assembled,182.0,False,all,0.0,P14489,7.720909090909092,1.3579576911336713,17.279142379760742,12.93973445892334
2430,/1E3U-alt1B_assembled/1E3U-alt1A_assembled/1EWZ-alt-1_assembled,189.0,False,all,0.0,P14489,7.511666666666667,2.549773014258803,5.518033504486084,3.9795236587524414
2431,/1E3U-alt1B_assembled/1E3U-alt1A_assembled/1EWZ-alt-1_assembled,205.0,False,all,0.0,P14489,5.279166666666666,0.6973776638670083,5.931326389312744,3.14205265045166
2432,/1E3U-alt1B_assembled/1E3U-alt1A_assembled/1EWZ-alt-1_assembled,228.0,False,all,0.0,P14489,9.881666666666666,0.7944218404639066,36.58210372924805,7.444357395172119
2433,/1E3U-alt1B_assembled/1E3U-alt1A_assembled/1EWZ-alt-1_assembled,246.0,False,all,0.0,P14489,10.792727272727271,0.4627762074500138,36.27644729614258,7.616393566131592
2434,/1E3U-alt1B_assembled/1E3U-alt1A_assembled/1EWZ-alt-1_assembled,251.0,False,all,0.0,P14489,8.880833333333333,0.6262799016027221,59.59252548217773,7.665104389190674
2435,/1E3U-alt1B_assembled/1E3U-alt1A_assembled/1EWZ-alt-1_assembled,256.0,False,all,0.0,P14489,10.82,0.3623157839133251,60.7877311706543,11.41313362121582
2436,/1E9Y-alt-1_assembled/1E9Z-alt-1_assembled,2.0,False,all,0.0,P69996,9.945,1.1870832602082582,60.38560104370117,40.30112838745117
2437,/1E9Y-alt-1_assembled/1E9Z-alt-1_assembled,6.0,False,all,0.0,P69996,10.415,0.0494974746830572,52.07503890991211,10.899873733520508
2438,/1E9Y-alt-1_assembled/1E9Z-alt-1_assembled,10.0,False,all,0.0,P69996,9.555,0.1484924240491756,23.25616455078125,15.828511238098145
2439,/1E9Y-alt-1_assembled/1E9Z-alt-1_assembled,21.0,False,all,0.0,P69996,10.895,0.0494974746830585,45.77510070800781,4.454729080200195
2440,/1E9Y-alt-1_assembled/1E9Z-alt-1_assembled,22.0,False,all,0.0,P69996,10.58,0.1555634918610396,59.24624633789063,0.7582521438598633
2441,/1E9Y-alt-1_assembled/1E9Z-alt-1_assembled,24.0,False,all,0.0,P69996,10.13,0.3818376618407363,41.82088088989258,3.2225711345672607
2442,/1E9Y-alt-1_assembled/1E9Z-alt-1_assembled,26.0,False,all,0.0,P69996,10.36,0.0282842712474625,75.46524047851562,12.890289306640623
2443,/1E9Y-alt-1_assembled/1E9Z-alt-1_assembled,29.0,False,all,0.0,P69996,10.27,0.1272792206135783,51.270790100097656,1.800850510597229
2444,/1E9Y-alt-1_assembled/1E9Z-alt-1_assembled,51.0,False,all,0.0,P69996,10.37,0.0282842712474625,73.92376708984375,1.8008478879928589
2445,/1E9Y-alt-1_assembled/1E9Z-alt-1_assembled,52.0,False,all,0.0,P69996,11.78,0.0,33.778404235839844,4.739075183868408
2446,/1E9Y-alt-1_assembled/1E9Z-alt-1_assembled,66.0,False,all,0.0,P69996,10.92,0.141421356237309,60.11751556396485,1.4217231273651123
2447,/1E9Y-alt-1_assembled/1E9Z-alt-1_assembled,92.0,False,all,0.0,P69996,10.2725,0.3841332234177789,48.69049835205078,8.162497520446777
2448,/1E9Y-alt-1_assembled/1E9Z-alt-1_assembled,105.0,False,all,0.0,P69996,10.455,0.0919238815542504,86.52365112304688,2.938227415084839
2449,/1E9Y-alt-1_assembled/1E9Z-alt-1_assembled,114.0,False,all,0.0,P69996,10.745,0.2050609665440994,42.4910888671875,21.420618057250977
2450,/1E9Y-alt-1_assembled/1E9Z-alt-1_assembled,124.0,False,all,0.0,P69996,8.86,0.8909545442950497,31.767784118652344,12.13203239440918
2451,/1E9Y-alt-1_assembled/1E9Z-alt-1_assembled,125.0,False,all,0.0,P69996,9.96,0.4384062043356589,58.97816467285156,9.288585662841797
2452,/1E9Y-alt-1_assembled/1E9Z-alt-1_assembled,130.0,False,all,0.0,P69996,11.32,0.2262741699796954,74.79503631591797,2.464321613311768
2453,/1E9Y-alt-1_assembled/1E9Z-alt-1_assembled,132.0,False,all,0.0,P69996,10.525,0.0212132034355959,55.35905075073242,1.5165042877197266
2454,/1E9Y-alt-1_assembled/1E9Z-alt-1_assembled,160.0,False,all,0.0,P69996,11.27,0.4525483399593908,58.777103424072266,1.8008478879928589
2455,/1E9Y-alt-1_assembled/1E9Z-alt-1_assembled,164.0,False,all,0.0,P69996,10.325,0.2050609665440994,13.404129028320312,1.5165035724639893
2456,/1E9Y-alt-1_assembled/1E9Z-alt-1_assembled,182.0,False,all,0.0,P69996,10.675,0.0636396103067891,36.392208099365234,1.4217231273651123
2457,/1E9Y-alt-1_assembled/1E9Z-alt-1_assembled,211.0,False,all,0.0,P69996,10.735,0.0636396103067891,22.317874908447266,2.179973840713501
2458,/1E9Y-alt-1_assembled/1E9Z-alt-1_assembled,212.0,False,all,0.0,P69996,11.415,0.1060660171779823,60.05049514770508,5.686886787414551
2459,/1E9Y-alt-1_assembled/1E9Z-alt-1_assembled,227.0,False,all,0.0,P69996,10.57,0.0,71.71208953857422,20.6623649597168
2460,/1E9Y-alt-1_assembled/1E9Z-alt-1_assembled,234.0,False,all,0.0,P69996,10.745,0.0212132034355959,63.267486572265625,0.3791247308254242
2461,/1E9Y-alt-1_assembled/1E9Z-alt-1_assembled,237.0,False,all,0.0,P69996,10.21,0.0141421356237319,74.5269546508789,3.6016957759857178
2462,/1E9Y-alt-1_assembled/1E9Z-alt-1_assembled,3.0,False,all,0.0,P69996,9.485,1.0253048327204946,41.75386047363281,15.259822845458984
2463,/1E9Y-alt-1_assembled/1E9Z-alt-1_assembled,7.0,False,all,0.0,P69996,10.935,0.7000357133746822,73.2535629272461,15.638945579528809
2464,/1E9Y-alt-1_assembled/1E9Z-alt-1_assembled,20.0,False,all,0.0,P69996,10.095,0.9687362902255696,16.956222534179688,13.364192008972168
2465,/1E9Y-alt-1_assembled/1E9Z-alt-1_assembled,44.0,False,all,0.0,P69996,10.58,0.0141421356237306,15.61581039428711,10.520747184753418
2466,/1E9Y-alt-1_assembled/1E9Z-alt-1_assembled,49.0,False,all,0.0,P69996,9.505,0.3323401871576777,33.97946548461914,4.644292831420898
2467,/1E9Y-alt-1_assembled/1E9Z-alt-1_assembled,63.0,False,all,0.0,P69996,10.505,0.0353553390593266,89.87467956542969,4.075601577758789
2468,/1E9Y-alt-1_assembled/1E9Z-alt-1_assembled,83.0,False,all,0.0,P69996,8.705,0.5020458146424494,7.3722710609436035,0.9478151798248292
2469,/1E9Y-alt-1_assembled/1E9Z-alt-1_assembled,89.0,False,all,0.0,P69996,10.77,0.2121320343559647,32.30394744873047,8.90946102142334
2470,/1E9Y-alt-1_assembled/1E9Z-alt-1_assembled,98.0,False,all,0.0,P69996,9.585,1.2091525958289957,4.289320945739746,2.6538822650909424
2471,/1E9Y-alt-1_assembled/1E9Z-alt-1_assembled,102.0,False,all,0.0,P69996,10.15,0.1697056274847715,40.14536285400391,7.487737655639648
2472,/1E9Y-alt-1_assembled/1E9Z-alt-1_assembled,109.0,False,all,0.0,P69996,9.685,0.8414570696119912,51.40483093261719,15.259821891784668
2473,/1E9Y-alt-1_assembled/1E9Z-alt-1_assembled,180.0,False,all,0.0,P69996,9.68,0.0848528137423864,32.43798828125,5.876452445983887
2474,/1E9Y-alt-1_assembled/1E9Z-alt-1_assembled,198.0,False,all,0.0,P69996,8.79,0.1272792206135796,24.12743186950684,0.56868976354599
2475,/1E9Y-alt-1_assembled/1E9Z-alt-1_assembled,240.0,False,all,0.0,P69996,10.875,0.0636396103067891,60.85474395751953,0.3791247308254242
2476,/1E9Y-alt-1_assembled/1E9Z-alt-1_assembled,288.0,False,all,0.0,P69996,10.535,0.2192031021678288,33.17522048950195,5.023420333862305
2477,/1E9Y-alt-1_assembled,324.0,False,all,0.0,P69996,10.89,0.0,22.92106056213379,0.0
2478,/1E9Y-alt-1_assembled/1E9Z-alt-1_assembled,326.0,False,all,0.0,P69996,10.395,0.1484924240491756,70.37167358398438,25.401439666748047
2479,/1E9Y-alt-1_assembled/1E9Z-alt-1_assembled,329.0,False,all,0.0,P69996,10.45,0.0141421356237319,85.58535766601562,4.644288539886475
2480,/1E9Y-alt-1_assembled/1E9Z-alt-1_assembled,382.0,False,all,0.0,P69996,8.600000000000001,0.0424264068711932,20.37427520751953,0.3791260719299316
2481,/1E9Y-alt-1_assembled/1E9Z-alt-1_assembled,384.0,False,all,0.0,P69996,10.255,0.2050609665440994,5.026548385620117,1.61128568649292
2482,/1E9Y-alt-1_assembled/1E9Z-alt-1_assembled,385.0,False,all,0.0,P69996,10.86,0.098994949366117,48.85804748535156,6.729488372802734
2483,/1E9Y-alt-1_assembled/1E9Z-alt-1_assembled,391.0,False,all,0.0,P69996,10.545,0.0919238815542504,79.82158660888672,5.592105865478516
2484,/1E9Y-alt-1_assembled/1E9Z-alt-1_assembled,394.0,False,all,0.0,P69996,10.41,0.0141421356237306,69.50040435791016,10.331183433532717
2485,/1E9Y-alt-1_assembled/1E9Z-alt-1_assembled,403.0,False,all,0.0,P69996,9.92,0.3959797974644657,17.492387771606445,14.691133499145508
2486,/1E9Y-alt-1_assembled/1E9Z-alt-1_assembled,408.0,False,all,0.0,P69996,5.574999999999999,0.5020458146424487,0.0670206397771835,0.0947814956307411
2487,/1E9Y-alt-1_assembled/1E9Z-alt-1_assembled,430.0,False,all,0.0,P69996,9.08,1.0182337649086295,9.71799373626709,4.83385705947876
2488,/1E9Y-alt-1_assembled/1E9Z-alt-1_assembled,445.0,False,all,0.0,P69996,8.94,0.3535533905932738,38.73793029785156,4.170385360717773
2489,/1E9Y-alt-1_assembled/1E9Z-alt-1_assembled,451.0,False,all,0.0,P69996,8.455,0.1484924240491756,3.552093982696533,2.369537591934204
2490,/1E9Y-alt-1_assembled/1E9Z-alt-1_assembled,484.0,False,all,0.0,P69996,10.565,0.0070710678118653,87.1268310546875,2.2747535705566406
2491,/1E9Y-alt-1_assembled/1E9Z-alt-1_assembled,486.0,False,all,0.0,P69996,10.06,0.0848528137423851,17.827491760253906,1.3269405364990234
2492,/1E9Y-alt-1_assembled/1E9Z-alt-1_assembled,501.0,False,all,0.0,P69996,10.65,0.1272792206135783,57.70477294921875,5.971235752105713
2493,/1E9Y-alt-1_assembled/1E9Z-alt-1_assembled,504.0,False,all,0.0,P69996,8.629999999999999,2.1778888860545664,20.97746086120605,16.96588897705078
2494,/1E9Y-alt-1_assembled/1E9Z-alt-1_assembled,517.0,False,all,0.0,P69996,11.055,0.4171930009000629,42.02194213867188,4.075604438781738
2495,/1E9Y-alt-1_assembled/1E9Z-alt-1_assembled,524.0,False,all,0.0,P69996,6.92,0.2121320343559647,1.2733922004699707,0.8530334830284119
2496,/1E9Y-alt-1_assembled/1E9Z-alt-1_assembled,525.0,False,all,0.0,P69996,10.34,0.1272792206135783,66.4174575805664,13.74332046508789
2497,/1E9Y-alt-1_assembled/1E9Z-alt-1_assembled,550.0,False,all,0.0,P69996,10.355,0.2474873734152913,69.1653060913086,0.1895623654127121
2498,/1E9Y-alt-1_assembled/1E9Z-alt-1_assembled,555.0,False,all,0.0,P69996,10.52,0.1555634918610409,70.7738037109375,0.5686925053596497
2499,/1E9Y-alt-1_assembled/1E9Z-alt-1_assembled,559.0,False,all,0.0,P69996,10.335,0.2474873734152913,75.66630554199219,4.075606822967529
2500,/2OEJ-alt-1_assembled,18.0,False,all,0.0,Q5L1E2,10.9,0.4242640687119282,68.36105346679688,5.4973249435424805
2501,/2OEJ-alt-1_assembled,19.0,False,all,0.0,Q5L1E2,10.435,0.1909188309203675,23.72530746459961,3.980823040008545
2502,/2OEJ-alt-1_assembled,45.0,False,all,0.0,Q5L1E2,8.555,3.372899346259832,25.53486442565918,19.80933380126953
2503,/2OEJ-alt-1_assembled,47.0,False,all,0.0,Q5L1E2,10.645,0.5444722215136413,21.84872817993164,1.137378215789795
2504,/2OEJ-alt-1_assembled,68.0,False,all,0.0,Q5L1E2,10.555,0.0070710678118653,31.834806442260746,2.179975271224976
2505,/2OEJ-alt-1_assembled,71.0,False,all,0.0,Q5L1E2,10.695,0.0777817459305198,55.76117706298828,7.203393936157227
2506,/2OEJ-alt-1_assembled,76.0,False,all,0.0,Q5L1E2,10.425,0.0353553390593266,41.82088088989258,4.359950542449951
2507,/2OEJ-alt-1_assembled,98.0,False,all,0.0,Q5L1E2,9.29,1.2445079348883237,38.4698486328125,16.87110710144043
2508,/2OEJ-alt-1_assembled,117.0,False,all,0.0,Q5L1E2,10.760000000000002,0.0565685424949238,14.208375930786133,1.5165035724639893
2509,/2OEJ-alt-1_assembled,147.0,False,all,0.0,Q5L1E2,11.435,0.6010407640085651,47.31657409667969,15.354604721069336
2510,/2OEJ-alt-1_assembled,162.0,False,all,0.0,Q5L1E2,10.985,0.4313351365237935,31.097579956054688,3.6016969680786133
2511,/2OEJ-alt-1_assembled,163.0,False,all,0.0,Q5L1E2,10.46,0.1697056274847715,56.96754455566406,7.203393936157227
2512,/2OEJ-alt-1_assembled,188.0,False,all,0.0,Q5L1E2,10.5,0.0282842712474612,67.69085693359375,1.5165042877197266
2513,/2OEJ-alt-1_assembled,194.0,False,all,0.0,Q5L1E2,10.075,0.2192031021678301,49.059112548828125,10.04684066772461
2514,/2OEJ-alt-1_assembled,206.0,False,all,0.0,Q5L1E2,10.035,0.2474873734152926,39.542179107666016,4.54951286315918
2515,/2OEJ-alt-1_assembled,217.0,False,all,0.0,Q5L1E2,7.21,4.058792924010783,20.039173126220703,16.207637786865234
2516,/2OEJ-alt-1_assembled,222.0,False,all,0.0,Q5L1E2,10.495,0.1909188309203688,72.71739959716797,4.644294261932373
2517,/2OEJ-alt-1_assembled,224.0,False,all,0.0,Q5L1E2,9.785,0.2333452377915607,23.658287048339844,8.435554504394531
2518,/2OEJ-alt-1_assembled,226.0,False,all,0.0,Q5L1E2,10.775,0.1343502884254437,39.87728118896485,25.306659698486328
2519,/2OEJ-alt-1_assembled,287.0,False,all,0.0,Q5L1E2,10.025,1.6475588001646555,27.74654769897461,17.62936019897461
2520,/2OEJ-alt-1_assembled,401.0,False,all,0.0,Q5L1E2,10.25,0.1838477631085034,40.27940368652344,10.331183433532717
2521,/1RQE-alt1B_assembled/1RQE-alt1A_assembled,81.0,False,all,0.0,Q70AC7,10.27,0.0,60.85474395751953,0.0
2522,/1RQE-alt1B_assembled/1RQE-alt1A_assembled,114.0,False,all,0.0,Q70AC7,11.85,0.0,12.867963790893556,0.0
2523,/1RQE-alt1B_assembled/1RQE-alt1A_assembled,143.0,False,all,0.0,Q70AC7,11.25,0.0,40.21238708496094,0.0
2524,/1RQE-alt1B_assembled/1RQE-alt1A_assembled,144.0,False,all,0.0,Q70AC7,10.57,0.0,79.21839904785156,0.0
2525,/1RQE-alt1B_assembled/1RQE-alt1A_assembled,147.0,False,all,0.0,Q70AC7,10.3,0.0,31.36566162109375,0.0
2526,/1RQE-alt1B_assembled/1RQE-alt1A_assembled,168.0,False,all,0.0,Q70AC7,10.36,0.0,70.23763275146484,0.0
2527,/1RQE-alt1B_assembled/1RQE-alt1A_assembled,191.0,False,all,0.0,Q70AC7,10.21,0.0,61.256866455078125,0.0
2528,/1RQE-alt1B_assembled/1RQE-alt1A_assembled,200.0,False,all,0.0,Q70AC7,11.95,0.0,27.612504959106445,0.0
2529,/1RQE-alt1B_assembled/1RQE-alt1A_assembled,203.0,False,all,0.0,Q70AC7,9.8,0.0,5.629734039306641,0.0
2530,/1RQE-alt1B_assembled/1RQE-alt1A_assembled,209.0,False,all,0.0,Q70AC7,10.31,0.0,76.26949310302734,0.0
2531,/1RQE-alt1B_assembled/1RQE-alt1A_assembled,229.0,False,all,0.0,Q70AC7,11.36,0.0,42.35704803466797,0.0
2532,/1RQE-alt1B_assembled/1RQE-alt1A_assembled,277.0,False,all,0.0,Q70AC7,10.66,0.0,45.43999481201172,0.0
2533,/1RQE-alt1B_assembled/1RQE-alt1A_assembled,283.0,False,all,0.0,Q70AC7,10.21,0.0,70.23763275146484,0.0
2534,/1RQE-alt1B_assembled/1RQE-alt1A_assembled,288.0,False,all,0.0,Q70AC7,11.42,0.0,24.261472702026367,0.0
2535,/1RQE-alt1B_assembled/1RQE-alt1A_assembled,290.0,False,all,0.0,Q70AC7,10.54,0.0,60.05049514770508,0.0
2536,/1RQE-alt1B_assembled/1RQE-alt1A_assembled,291.0,False,all,0.0,Q70AC7,10.94,0.0,57.90583419799805,0.0
2537,/1RQE-alt1B_assembled/1RQE-alt1A_assembled,295.0,False,all,0.0,Q70AC7,10.37,0.0,85.51834106445312,0.0
2538,/1RQE-alt1B_assembled/1RQE-alt1A_assembled,304.0,False,all,0.0,Q70AC7,10.44,0.0,91.55020141601562,0.0
2539,/1RQE-alt1B_assembled/1RQE-alt1A_assembled,327.0,False,all,0.0,Q70AC7,10.77,0.0,46.91445159912109,0.0
2540,/1RQE-alt1B_assembled/1RQE-alt1A_assembled,340.0,False,all,0.0,Q70AC7,10.43,0.0,74.25887298583984,0.0
2541,/1RQE-alt1B_assembled/1RQE-alt1A_assembled,369.0,False,all,0.0,Q70AC7,10.4,0.0,71.04188537597656,0.0
2542,/1RQE-alt1B_assembled/1RQE-alt1A_assembled,393.0,False,all,0.0,Q70AC7,10.61,0.0,86.05450439453125,0.0
2543,/1RQE-alt1B_assembled/1RQE-alt1A_assembled,396.0,False,all,0.0,Q70AC7,10.7,0.0,72.24825286865234,0.0
2544,/1RQE-alt1B_assembled/1RQE-alt1A_assembled,404.0,False,all,0.0,Q70AC7,11.43,0.0,49.46123504638672,0.0
2545,/1RQE-alt1B_assembled/1RQE-alt1A_assembled,405.0,False,all,0.0,Q70AC7,10.52,0.0,86.32258605957031,0.0
2546,/1RQE-alt1B_assembled/1RQE-alt1A_assembled,421.0,False,all,0.0,Q70AC7,11.5,0.0,75.19715881347656,0.0
2547,/1RQE-alt1B_assembled/1RQE-alt1A_assembled,424.0,False,all,0.0,Q70AC7,10.43,0.0,92.08636474609376,0.0
2548,/1RQE-alt1B_assembled/1RQE-alt1A_assembled,430.0,False,all,0.0,Q70AC7,10.53,0.0,66.48448181152344,0.0
2549,/1RQE-alt1B_assembled/1RQE-alt1A_assembled,471.0,False,all,0.0,Q70AC7,10.53,0.0,82.30135345458984,0.0
2550,/AF-P05020-F1-model_v1,9.0,False,all,98.49,P05020,10.48,0.0,57.90583419799805,0.0
2551,/AF-P05020-F1-model_v1,27.0,False,all,98.69,P05020,11.5,0.0,70.5057144165039,0.0
2552,/AF-P05020-F1-model_v1,132.0,False,all,98.76,P05020,10.41,0.0,89.80766296386719,0.0
2553,/AF-P05020-F1-model_v1,173.0,False,all,98.9,P05020,9.17,0.0,45.43999481201172,0.0
2554,/AF-P05020-F1-model_v1,182.0,False,all,98.94,P05020,11.53,0.0,66.35043334960938,0.0
2555,/AF-P05020-F1-model_v1,227.0,False,all,98.87,P05020,9.71,0.0,4.825486183166504,0.0
2556,/AF-P05020-F1-model_v1,260.0,False,all,98.58,P05020,8.98,0.0,2.5467844009399414,0.0
2557,/AF-P05020-F1-model_v1,347.0,False,all,94.81,P05020,11.59,0.0,57.77179336547852,0.0
2558,/7B53-alt1A_assembled/7B53-alt1B_assembled/7B60-alt1A_assembled/7B60-alt1B_assembled,68.0,False,all,0.0,P22188,10.780000000000005,0.4412320413180737,64.12199401855469,16.66629409790039
2559,/7B53-alt1A_assembled/7B53-alt1B_assembled/7B60-alt1A_assembled/7B60-alt1B_assembled,120.0,False,all,0.0,P22188,9.60875,0.8856383896054062,26.456398010253903,13.034229278564451
2560,/7B53-alt1A_assembled/7B53-alt1B_assembled/7B60-alt1A_assembled/7B60-alt1B_assembled,151.0,False,all,0.0,P22188,10.27875,0.0915637950907924,68.41132354736328,8.433176040649414
2561,/7B53-alt1A_assembled/7B53-alt1B_assembled/7B60-alt1A_assembled/7B60-alt1B_assembled,198.0,False,all,0.0,P22188,9.8675,0.2977414986191882,49.71256256103516,9.169398307800291
2562,/7B53-alt1A_assembled/7B53-alt1B_assembled/7B60-alt1A_assembled/7B60-alt1B_assembled,252.0,False,all,0.0,P22188,10.35625,0.0694750726108707,69.36636352539062,12.132665634155272
2563,/7B53-alt1A_assembled/7B53-alt1B_assembled/7B60-alt1A_assembled/7B60-alt1B_assembled,275.0,False,all,0.0,P22188,10.396249999999998,0.1679232392663813,42.641883850097656,10.77140998840332
2564,/7B53-alt1A_assembled/7B53-alt1B_assembled/7B60-alt1A_assembled/7B60-alt1B_assembled,331.0,False,all,0.0,P22188,10.03875,0.4378987978321674,61.54169845581055,20.5079345703125
2565,/7B53-alt1A_assembled/7B53-alt1B_assembled/7B60-alt1A_assembled/7B60-alt1B_assembled,351.0,False,all,0.0,P22188,9.925,0.9623334735348836,50.701114654541016,17.51480484008789
2566,/7B53-alt1A_assembled/7B53-alt1B_assembled/7B60-alt1A_assembled/7B60-alt1B_assembled,367.0,False,all,0.0,P22188,10.3075,0.3738124052057587,62.329193115234375,10.55223274230957
2567,/7B53-alt1A_assembled/7B53-alt1B_assembled/7B60-alt1A_assembled/7B60-alt1B_assembled,379.0,False,all,0.0,P22188,10.6,0.0542481072744214,84.81462860107422,14.304471969604492
2568,/7B53-alt1A_assembled/7B53-alt1B_assembled/7B60-alt1A_assembled/7B60-alt1B_assembled,392.0,False,all,0.0,P22188,10.87,0.1542724862054151,62.63079071044922,1.3010588884353638
2569,/7B53-alt1A_assembled/7B53-alt1B_assembled/7B60-alt1A_assembled/7B60-alt1B_assembled,394.0,False,all,0.0,P22188,10.19125,0.3659600875973852,31.36565971374512,5.945927143096924
2570,/7B53-alt1A_assembled/7B53-alt1B_assembled/7B60-alt1A_assembled/7B60-alt1B_assembled,439.0,False,all,0.0,P22188,10.18625,0.395905381914128,49.39421081542969,13.91744327545166
2571,/7B53-alt1A_assembled/7B53-alt1B_assembled/7B60-alt1A_assembled/7B60-alt1B_assembled,456.0,False,all,0.0,P22188,10.496250000000002,0.2469203168172738,83.97686767578125,15.404337882995604
2572,/7B53-alt1A_assembled/7B53-alt1B_assembled/7B60-alt1A_assembled/7B60-alt1B_assembled,466.0,False,all,0.0,P22188,9.14625,0.1195153905211735,2.4630086421966557,1.468239426612854
2573,/1YBQ-alt1B_assembled/1YBQ-alt1A_assembled,34.0,False,all,0.0,P39377,10.37,0.5616641938620143,41.05014419555664,12.625225067138672
2574,/1YBQ-alt1B_assembled/1YBQ-alt1A_assembled,119.0,False,all,0.0,P39377,10.42,0.4468407620916725,21.68117904663086,1.1907566785812378
2575,/1YBQ-alt1B_assembled/1YBQ-alt1A_assembled,150.0,False,all,0.0,P39377,9.5275,1.5271842281357757,40.91610336303711,17.3555850982666
2576,/1YBQ-alt1B_assembled/1YBQ-alt1A_assembled,194.0,False,all,0.0,P39377,7.939999999999999,0.7589905576926936,16.721649169921875,7.02183198928833
2577,/1YBQ-alt1B_assembled/1YBQ-alt1A_assembled,206.0,False,all,0.0,P39377,10.409999999999998,0.0382970843102534,90.61190795898438,5.124046802520752
2578,/1YBQ-alt1B_assembled/1YBQ-alt1A_assembled,207.0,False,all,0.0,P39377,10.3175,0.0613052471924979,79.35244750976562,8.822999954223633
2579,/1YBQ-alt1B_assembled/1YBQ-alt1A_assembled,225.0,False,all,0.0,P39377,9.3725,0.104043260233424,32.63905334472656,4.045738220214844
2580,/1YBQ-alt1B_assembled/1YBQ-alt1A_assembled,247.0,False,all,0.0,P39377,10.7175,0.338858377497149,66.3504409790039,17.50047492980957
2581,/1YBQ-alt1B_assembled/1YBQ-alt1A_assembled,319.0,False,all,0.0,P39377,10.5775,0.0206155281280878,74.66099548339844,13.1747407913208
2582,/1YBQ-alt1B_assembled/1YBQ-alt1A_assembled,345.0,False,all,0.0,P39377,11.12,0.2219609575278202,6.668553829193115,3.8622734546661377
2583,/1YBQ-alt1B_assembled/1YBQ-alt1A_assembled,373.0,False,all,0.0,P39377,10.03,0.2608958923913264,58.60955429077149,7.888627052307129
2584,/1YBQ-alt1B_assembled/1YBQ-alt1A_assembled,377.0,False,all,0.0,P39377,10.7175,0.1120639698267609,65.74724578857422,8.128767967224121
2585,/1YBQ-alt1B_assembled/1YBQ-alt1A_assembled,380.0,False,all,0.0,P39377,10.5675,0.0149999999999996,76.83916473388672,1.3988993167877195
2586,/1YBQ-alt1B_assembled/1YBQ-alt1A_assembled,384.0,False,all,0.0,P39377,10.735,0.567890834580027,60.31857681274414,4.170387268066406
2587,/3BG9-alt-1_assembled,499.0,False,all,0.0,P11498,9.905,0.0264575131106453,28.584304809570312,1.1550123691558838
2588,/3BG9-alt-1_assembled,519.0,False,all,0.0,P11498,10.44,0.0,87.22736358642578,2.262545108795166
2589,/3BG9-alt-1_assembled,588.0,False,all,0.0,P11498,10.6825,0.0377491721763536,40.51398086547852,4.159420490264893
2590,/3BG9-alt-1_assembled,589.0,False,all,0.0,P11498,10.0975,0.0125830573921176,57.5372200012207,2.094865322113037
2591,/3BG9-alt-1_assembled,600.0,False,all,0.0,P11498,10.3425,0.0095742710775631,57.269142150878906,5.751163959503174
2592,/3BG9-alt-1_assembled,661.0,False,all,0.0,P11498,11.3775,0.077190241179396,37.36400985717773,2.474928140640259
2593,/3BG9-alt-1_assembled,667.0,False,all,0.0,P11498,10.0525,0.0221735578260839,35.38690185546875,2.313911199569702
2594,/3BG9-alt-1_assembled,717.0,False,all,0.0,P11498,8.642500000000002,0.0189296944860005,23.356693267822266,0.5176956057548523
2595,/3BG9-alt-1_assembled,748.0,False,all,0.0,P11498,9.235,0.0826639784509148,16.855690002441406,3.689383029937744
2596,/3BG9-alt-1_assembled,855.0,False,all,0.0,P11498,9.6225,0.1517399090549349,35.051795959472656,3.442713499069214
2597,/3BG9-alt-1_assembled,886.0,False,all,0.0,P11498,10.58,0.008164965809277,62.49674987792969,1.650306224822998
2598,/3BG9-alt-1_assembled,888.0,False,all,0.0,P11498,11.61,0.0804155872120992,36.82784271240234,4.524926662445068
2599,/3BG9-alt-1_assembled,891.0,False,all,0.0,P11498,11.125,0.102143689640297,14.007314682006836,1.102620005607605
2600,/3BG9-alt-1_assembled,892.0,False,all,0.0,P11498,10.1025,0.0275378527364305,62.7313232421875,2.0851950645446777
2601,/3BG9-alt-1_assembled,906.0,False,all,0.0,P11498,9.5125,0.1424488212189439,1.5414748191833496,0.2566695511341095
2602,/3BG9-alt-1_assembled,912.0,False,all,0.0,P11498,8.84,0.0743863786814043,66.4174575805664,0.8857554793357849
2603,/3BG9-alt-1_assembled,966.0,False,all,0.0,P11498,10.2775,0.0250000000000002,46.84742736816406,3.138779640197754
2604,/3BG9-alt-1_assembled,969.0,False,all,0.0,P11498,10.625,0.0238047614284765,33.30925750732422,3.0771172046661377
2605,/3BG9-alt-1_assembled,992.0,False,all,0.0,P11498,10.482500000000002,0.0049999999999998,84.14441680908203,2.1651570796966557
2606,/3BG9-alt-1_assembled,1021.0,False,all,0.0,P11498,10.25,0.0496655480858375,34.61616516113281,3.20836877822876
2607,/3BG9-alt-1_assembled,1043.0,False,all,0.0,P11498,10.4475,0.0221735578260839,46.84742736816406,2.855006217956543
2608,/3BG9-alt-1_assembled,1056.0,False,all,0.0,P11498,9.489999999999998,0.0391578004149023,30.863006591796875,1.861759066581726
2609,/3BG9-alt-1_assembled,1061.0,False,all,0.0,P11498,11.0625,0.1481834448693014,37.53155899047852,3.94303297996521
2610,/3BG9-alt-1_assembled,1090.0,False,all,0.0,P11498,9.09,0.0761577310586387,44.53521728515625,4.452881813049316
2611,/4C6B-alt1A_assembled/4C6B-alt1B_assembled,1460.0,False,all,0.0,P27708,10.435,0.0212132034355959,88.86936950683594,3.980825901031494
2612,/4C6B-alt1A_assembled/4C6B-alt1B_assembled,1482.0,False,all,0.0,P27708,10.49,0.1131370849898477,84.91515350341797,4.075606822967529
2613,/4C6B-alt1A_assembled/4C6B-alt1B_assembled,1521.0,False,all,0.0,P27708,11.38,0.1272792206135796,70.50572204589844,1.8956290483474727
2614,/4C6B-alt1A_assembled/4C6B-alt1B_assembled,1618.0,False,all,0.0,P27708,10.545,0.0494974746830585,51.67291641235352,6.35036039352417
2615,/4C6B-alt1A_assembled/4C6B-alt1B_assembled,1625.0,False,all,0.0,P27708,10.335,0.0070710678118653,81.69816589355469,2.7486650943756104
2616,/4C6B-alt1A_assembled/4C6B-alt1B_assembled,1628.0,False,all,0.0,P27708,10.715,0.4030508652763322,38.00070190429688,2.74866247177124
2617,/4C6B-alt1A_assembled/4C6B-alt1B_assembled,1657.0,False,all,0.0,P27708,9.95,0.5939696961966998,64.20578002929688,14.217226028442385
2618,/4C6B-alt1A_assembled/4C6B-alt1B_assembled,1695.0,False,all,0.0,P27708,7.744999999999999,0.1484924240491749,5.227610111236572,6.255578994750977
2619,/4C6B-alt1A_assembled/4C6B-alt1B_assembled,1768.0,False,all,0.0,P27708,10.24,0.240416305603426,46.512325286865234,15.73373031616211
2620,/4C6B-alt1A_assembled/4C6B-alt1B_assembled,1778.0,False,all,0.0,P27708,10.505,0.0353553390593266,91.21509552001952,4.265169143676758
2621,/4C6B-alt1A_assembled/4C6B-alt1B_assembled,1780.0,False,all,0.0,P27708,10.495,0.1626345596729049,54.35374450683594,0.8530333638191223
2622,/4C6B-alt1A_assembled/4C6B-alt1B_assembled,1811.0,False,all,0.0,P27708,11.25,0.4101219330881964,44.70276641845703,1.232158064842224
2623,/2PSN-alt-1_assembled/3B97-alt-1_assembled,4.0,False,all,0.0,P06733,10.36,0.0092582009977253,68.09297180175781,8.092109680175781
2624,/2PSN-alt-1_assembled/3B97-alt-1_assembled,27.0,False,all,0.0,P06733,10.5575,0.0237546987833084,51.15350341796875,2.9208691120147705
2625,/2PSN-alt-1_assembled/3B97-alt-1_assembled,53.0,False,all,0.0,P06733,10.445000000000002,0.0092582009977253,92.90736389160156,3.405686378479004
2626,/2PSN-alt-1_assembled/3B97-alt-1_assembled,59.0,False,all,0.0,P06733,9.15125,0.0800780868902344,56.24707412719727,4.894638538360596
2627,/2PSN-alt-1_assembled/3B97-alt-1_assembled,63.0,False,all,0.0,P06733,10.5025,0.0249284690951639,61.759521484375,3.935266494750977
2628,/2PSN-alt-1_assembled/3B97-alt-1_assembled,70.0,False,all,0.0,P06733,10.6175,0.0301188123461544,70.23763275146484,2.609997034072876
2629,/2PSN-alt-1_assembled/3B97-alt-1_assembled,79.0,False,all,0.0,P06733,10.35875,0.0164208056179609,59.27975463867188,5.847445011138916
2630,/2PSN-alt-1_assembled/3B97-alt-1_assembled,80.0,False,all,0.0,P06733,10.4275,0.010350983390135,75.41497039794922,0.8889495134353638
2631,/2PSN-alt-1_assembled/3B97-alt-1_assembled,88.0,False,all,0.0,P06733,10.675,0.092736184954957,66.90335845947266,5.41663122177124
2632,/2PSN-alt-1_assembled/3B97-alt-1_assembled,91.0,False,all,0.0,P06733,11.3075,0.1270264314452483,62.71456146240234,3.056978940963745
2633,/2PSN-alt-1_assembled/3B97-alt-1_assembled,102.0,False,all,0.0,P06733,10.20625,0.0462717130498905,10.74005889892578,1.208364725112915
2634,/2PSN-alt-1_assembled/3B97-alt-1_assembled,104.0,False,all,0.0,P06733,10.35,0.0272554057547698,50.56707382202149,3.4834156036376958
2635,/2PSN-alt-1_assembled/3B97-alt-1_assembled,119.0,False,all,0.0,P06733,10.797500000000005,0.0681909084849292,25.082475662231445,1.7860900163650513
2636,/2PSN-alt-1_assembled/3B97-alt-1_assembled,125.0,False,all,0.0,P06733,10.68875,0.0953845599964391,28.2827091217041,2.8380239009857178
2637,/2PSN-alt-1_assembled/3B97-alt-1_assembled,161.0,False,all,0.0,P06733,10.60125,0.0479396942597082,71.34347534179688,2.70061993598938
2638,/2PSN-alt-1_assembled/3B97-alt-1_assembled,192.0,False,all,0.0,P06733,10.0375,0.0225198325291924,64.50736999511719,2.9591176509857178
2639,/2PSN-alt-1_assembled/3B97-alt-1_assembled,196.0,False,all,0.0,P06733,9.63,0.1375292176749572,60.251556396484375,10.106443405151367
2640,/2PSN-alt-1_assembled/3B97-alt-1_assembled,198.0,False,all,0.0,P06733,11.7175,0.3520044642574053,50.667606353759766,3.501238346099853
2641,/2PSN-alt-1_assembled/3B97-alt-1_assembled,201.0,False,all,0.0,P06733,8.727500000000001,0.8952852697803725,36.27492141723633,9.950817108154297
2642,/2PSN-alt-1_assembled/3B97-alt-1_assembled,220.0,False,all,0.0,P06733,10.7225,0.0249284690951647,64.18901824951172,5.511054992675781
2643,/2PSN-alt-1_assembled/3B97-alt-1_assembled,227.0,False,all,0.0,P06733,10.105,0.839914961681921,51.10323715209961,7.75613260269165
2644,/2PSN-alt-1_assembled/3B97-alt-1_assembled,238.0,False,all,0.0,P06733,11.09625,0.3073823816867657,34.13026428222656,4.078241348266602
2645,/2PSN-alt-1_assembled/3B97-alt-1_assembled,255.0,False,all,0.0,P06733,10.1475,0.0231455024943141,54.48778533935547,3.565887212753296
2646,/2PSN-alt-1_assembled/3B97-alt-1_assembled,261.0,False,all,0.0,P06733,6.415,0.1886038933093073,8.344070434570312,2.394321918487549
2647,/2PSN-alt-1_assembled/3B97-alt-1_assembled,280.0,False,all,0.0,P06733,10.14,0.1575708457442924,51.555625915527344,9.345595359802246
2648,/2PSN-alt-1_assembled/3B97-alt-1_assembled,284.0,False,all,0.0,P06733,10.37625,0.152684314846025,73.23680877685547,9.989175796508787
2649,/2PSN-alt-1_assembled/3B97-alt-1_assembled,305.0,False,all,0.0,P06733,11.5275,0.0254950975679639,65.11055755615234,5.723220348358154
2650,/2PSN-alt-1_assembled/3B97-alt-1_assembled,325.0,False,all,0.0,P06733,11.35625,0.0819298480408696,64.85922241210938,2.927450895309448
2651,/2PSN-alt-1_assembled/3B97-alt-1_assembled,329.0,False,all,0.0,P06733,10.2825,0.0592211352233549,45.95940399169922,1.6011985540390017
2652,/2PSN-alt-1_assembled/3B97-alt-1_assembled,334.0,False,all,0.0,P06733,10.41625,0.0051754916950675,87.02630615234375,4.359799861907959
2653,/2PSN-alt-1_assembled/3B97-alt-1_assembled,342.0,False,all,0.0,P06733,12.003750000000002,0.071701265181107,11.728612899780272,2.2691073417663574
2654,/2PSN-alt-1_assembled/3B97-alt-1_assembled,357.0,False,all,0.0,P06733,9.785,0.6405577926419176,40.4134521484375,3.60383415222168
2655,/2PSN-alt-1_assembled/3B97-alt-1_assembled,393.0,False,all,0.0,P06733,16.925,0.066975475255607,3.1332154273986816,0.1421722918748855
2656,/2PSN-alt-1_assembled/3B97-alt-1_assembled,405.0,False,all,0.0,P06733,10.02375,0.0542316460064735,3.535338878631592,0.8291930556297302
2657,/2PSN-alt-1_assembled/3B97-alt-1_assembled,419.0,False,all,0.0,P06733,10.42125,0.0083452296039626,89.82441711425781,4.752292156219482
2658,/2PSN-alt-1_assembled/3B97-alt-1_assembled,421.0,False,all,0.0,P06733,11.1225,0.144987684206034,41.1339225769043,3.4319636821746826
2659,/2PSN-alt-1_assembled/3B97-alt-1_assembled,433.0,False,all,0.0,P06733,10.99,0.0282842712474612,41.55279541015625,2.4643187522888184
2660,/6C45-alt-1_assembled/7BTN-alt-1_assembled,22.0,False,all,0.0,Q15181,10.52,0.3779550237792849,28.22909164428711,7.2985453605651855
2661,/6C45-alt-1_assembled/7BTN-alt-1_assembled,25.0,False,all,0.0,Q15181,10.444,0.0444971909225739,72.59675598144531,9.089937210083008
2662,/6C45-alt-1_assembled/7BTN-alt-1_assembled,41.0,False,all,0.0,Q15181,10.698,0.3473758771129625,82.51582336425781,5.517391681671143
2663,/6C45-alt-1_assembled/7BTN-alt-1_assembled,57.0,False,all,0.0,Q15181,13.904000000000002,0.4559385923564705,31.178003311157227,3.105595350265503
2664,/6C45-alt-1_assembled/7BTN-alt-1_assembled,63.0,False,all,0.0,Q15181,10.286,0.0986407623652614,66.37724304199219,14.351621627807615
2665,/6C45-alt-1_assembled/7BTN-alt-1_assembled,70.0,False,all,0.0,Q15181,10.522,0.1207062550160513,36.11072540283203,4.506460189819336
2666,/6C45-alt-1_assembled/7BTN-alt-1_assembled,74.0,False,all,0.0,Q15181,10.314,0.3073759912550099,60.13092041015625,7.955777168273926
2667,/6C45-alt-1_assembled/7BTN-alt-1_assembled,75.0,False,all,0.0,Q15181,10.425999999999998,0.0554977477020463,78.62861633300781,7.452020168304443
2668,/6C45-alt-1_assembled/7BTN-alt-1_assembled,77.0,False,all,0.0,Q15181,10.242,0.2553820667157353,76.48396301269531,14.19876194000244
2669,/6C45-alt-1_assembled/7BTN-alt-1_assembled,88.0,False,all,0.0,Q15181,6.472,3.0941509336165227,25.33380508422852,26.55929374694824
2670,/6C45-alt-1_assembled/7BTN-alt-1_assembled,109.0,False,all,0.0,Q15181,10.236,0.6031832225783476,69.00445556640625,29.534500122070312
2671,/6C45-alt-1_assembled/7BTN-alt-1_assembled,128.0,False,all,0.0,Q15181,11.686,0.1656200470957549,50.64080047607422,5.197794437408447
2672,/6C45-alt-1_assembled/7BTN-alt-1_assembled,139.0,False,all,0.0,Q15181,9.592,0.251336427920825,33.93925476074219,7.927383422851562
2673,/6C45-alt-1_assembled/7BTN-alt-1_assembled,155.0,False,all,0.0,Q15181,15.9,2.288361859496875,6.970147132873535,1.825620532035828
2674,/6C45-alt-1_assembled/7BTN-alt-1_assembled,176.0,False,all,0.0,Q15181,9.106,2.738526976314092,49.11272811889648,25.953105926513672
2675,/6C45-alt-1_assembled/7BTN-alt-1_assembled,179.0,False,all,0.0,Q15181,9.196,1.4674229110927766,23.10871696472168,4.788670539855957
2676,/6C45-alt-1_assembled/7BTN-alt-1_assembled,194.0,False,all,0.0,Q15181,11.13,0.2436185543015962,16.594310760498047,7.130946159362793
2677,/6C45-alt-1_assembled/7BTN-alt-1_assembled,211.0,False,all,0.0,Q15181,9.892,0.8732525407921812,31.151195526123047,14.861244201660156
2678,/6C45-alt-1_assembled/7BTN-alt-1_assembled,213.0,False,all,0.0,Q15181,10.576,0.1517563837207519,32.70607376098633,4.985723495483398
2679,/6C45-alt-1_assembled/7BTN-alt-1_assembled,221.0,False,all,0.0,Q15181,10.678,0.2236515146382874,57.235633850097656,5.400050640106201
2680,/6C45-alt-1_assembled/7BTN-alt-1_assembled,228.0,False,all,0.0,Q15181,10.544,0.3974040764763239,51.98120880126953,2.763982057571411
2681,/6C45-alt-1_assembled/7BTN-alt-1_assembled,233.0,False,all,0.0,Q15181,10.386,0.0296647939483827,60.74751663208008,11.02215576171875
2682,/6C45-alt-1_assembled/7BTN-alt-1_assembled,234.0,False,all,0.0,Q15181,10.276,0.1223928102463545,65.09044647216797,5.840110778808594
2683,/6C45-alt-1_assembled/7BTN-alt-1_assembled,238.0,False,all,0.0,Q15181,10.338,0.3182294769502035,47.66508102416992,15.730188369750977
2684,/6C45-alt-1_assembled/7BTN-alt-1_assembled,253.0,False,all,0.0,Q15181,10.384,0.0589915248150102,40.07834243774414,7.730360507965088
2685,/6C45-alt-1_assembled/7BTN-alt-1_assembled,282.0,False,all,0.0,Q15181,8.693999999999999,3.821835946243637,56.538612365722656,26.03480529785156
2686,/6C45-alt-1_assembled,288.0,False,all,0.0,Q15181,10.63,0.0,75.46524810791016,0.0
2687,/AF-P34931-F1-model_v1,27.0,False,all,91.67,P34931,11.5,0.0,67.02064514160156,0.0
2688,/AF-P34931-F1-model_v1,58.0,False,all,96.42,P34931,11.22,0.0,38.73793029785156,0.0
2689,/AF-P34931-F1-model_v1,73.0,False,all,94.85,P34931,11.35,0.0,20.10619354248047,0.0
2690,/AF-P34931-F1-model_v1,79.0,False,all,91.91,P34931,10.0,0.0,94.23102569580078,0.0
2691,/AF-P34931-F1-model_v1,90.0,False,all,91.94,P34931,10.35,0.0,101.06713104248048,0.0
2692,/AF-P34931-F1-model_v1,102.0,False,all,90.98,P34931,9.9,0.0,20.642358779907227,0.0
2693,/AF-P34931-F1-model_v1,104.0,False,all,97.0,P34931,10.57,0.0,16.218996047973633,0.0
2694,/AF-P34931-F1-model_v1,110.0,False,all,90.41,P34931,12.11,0.0,34.85073471069336,0.0
2695,/AF-P34931-F1-model_v1,128.0,False,all,97.49,P34931,10.9,0.0,32.84011459350586,0.0
2696,/AF-P34931-F1-model_v1,130.0,False,all,97.69,P34931,9.42,0.0,23.72530746459961,0.0
2697,/AF-P34931-F1-model_v1,161.0,False,all,92.84,P34931,10.05,0.0,56.16329956054688,0.0
2698,/AF-P34931-F1-model_v1,189.0,False,all,72.59,P34931,10.36,0.0,61.92707443237305,0.0
2699,/AF-P34931-F1-model_v1,222.0,False,all,95.69,P34931,11.03,0.0,35.386898040771484,0.0
2700,/AF-P34931-F1-model_v1,248.0,False,all,97.54,P34931,11.76,0.0,47.98678207397461,0.0
2701,/AF-P34931-F1-model_v1,250.0,False,all,96.94,P34931,11.0,0.0,32.5720329284668,0.0
2702,/AF-P34931-F1-model_v1,252.0,False,all,96.33,P34931,10.18,0.0,77.20777893066406,0.0
2703,/AF-P34931-F1-model_v1,253.0,False,all,96.36,P34931,11.31,0.0,36.19114685058594,0.0
2704,/AF-P34931-F1-model_v1,259.0,False,all,91.24,P34931,9.78,0.0,55.49309158325195,0.0
2705,/AF-P34931-F1-model_v1,273.0,False,all,98.28,P34931,11.36,0.0,28.416751861572266,0.0
2706,/AF-P34931-F1-model_v1,321.0,False,all,94.62,P34931,10.74,0.0,33.37628173828125,0.0
2707,/AF-P34931-F1-model_v1,327.0,False,all,96.06,P34931,10.43,0.0,93.56082153320312,0.0
2708,/AF-P34931-F1-model_v1,330.0,False,all,95.96,P34931,9.66,0.0,42.08896255493164,0.0
2709,/AF-P34931-F1-model_v1,332.0,False,all,95.82,P34931,10.54,0.0,62.32919692993164,0.0
2710,/AF-P34931-F1-model_v1,347.0,False,all,98.09,P34931,10.13,0.0,52.4101448059082,0.0
2711,/AF-P34931-F1-model_v1,363.0,False,all,89.68,P34931,10.09,0.0,61.92707443237305,0.0
2712,/AF-P34931-F1-model_v1,386.0,False,all,82.58,P34931,10.45,0.0,87.66300201416016,0.0
2713,/AF-P34931-F1-model_v1,389.0,False,all,78.16,P34931,11.69,0.0,54.8228874206543,0.0
2714,/AF-P34931-F1-model_v1,417.0,False,all,93.0,P34931,10.38,0.0,93.8289031982422,0.0
2715,/AF-P34931-F1-model_v1,425.0,False,all,94.49,P34931,10.55,0.0,76.13545227050781,0.0
2716,/AF-P34931-F1-model_v1,453.0,False,all,86.92,P34931,10.59,0.0,80.69285583496094,0.0
2717,/AF-P34931-F1-model_v1,495.0,False,all,89.62,P34931,11.35,0.0,36.59326934814453,0.0
2718,/AF-P34931-F1-model_v1,499.0,False,all,78.44,P34931,10.19,0.0,49.72931671142578,0.0
2719,/AF-P34931-F1-model_v1,514.0,False,all,81.27,P34931,11.29,0.0,83.90984344482422,0.0
2720,/AF-P34931-F1-model_v1,526.0,False,all,88.93,P34931,10.68,0.0,79.08435821533203,0.0
2721,/AF-P34931-F1-model_v1,528.0,False,all,84.69,P34931,10.67,0.0,89.80766296386719,0.0
2722,/AF-P34931-F1-model_v1,537.0,False,all,89.45,P34931,10.99,0.0,17.961532592773438,0.0
2723,/AF-P34931-F1-model_v1,541.0,False,all,90.81,P34931,10.16,0.0,46.11020278930664,0.0
2724,/AF-P34931-F1-model_v1,552.0,False,all,89.31,P34931,10.23,0.0,38.33580780029297,0.0
2725,/AF-P34931-F1-model_v1,563.0,False,all,77.26,P34931,10.39,0.0,70.77379608154297,0.0
2726,/AF-P34931-F1-model_v1,569.0,False,all,87.05,P34931,10.44,0.0,34.71669387817383,0.0
2727,/AF-P34931-F1-model_v1,571.0,False,all,90.27,P34931,10.65,0.0,65.41214752197266,0.0
2728,/AF-P34931-F1-model_v1,575.0,False,all,92.01,P34931,11.97,0.0,15.414748191833496,0.0
2729,/AF-P34931-F1-model_v1,591.0,False,all,90.0,P34931,11.67,0.0,43.29533386230469,0.0
2730,/AF-P34931-F1-model_v1,597.0,False,all,92.9,P34931,10.73,0.0,29.623125076293945,0.0
2731,/AF-P34931-F1-model_v1,599.0,False,all,93.68,P34931,10.54,0.0,81.89922332763672,0.0
2732,/AF-P34931-F1-model_v1,611.0,False,all,78.93,P34931,10.5,0.0,82.16730499267578,0.0
2733,/2V9Y-alt1A_assembled/2V9Y-alt1B_assembled/AF-P22102-F1-model_v1,480.0,False,all,18.966,P22102,10.466,0.0512835256198326,91.20169067382812,9.210695266723633
2734,/2V9Y-alt1A_assembled/2V9Y-alt1B_assembled/AF-P22102-F1-model_v1,485.0,False,all,19.054,P22102,10.554,0.0207364413533278,87.36810302734375,3.3178956508636475
2735,/2V9Y-alt1A_assembled/2V9Y-alt1B_assembled/AF-P22102-F1-model_v1,499.0,False,all,19.268,P22102,9.232,0.1667932852365466,0.6433981657028198,0.778132438659668
2736,/2V9Y-alt1A_assembled/2V9Y-alt1B_assembled/AF-P22102-F1-model_v1,501.0,False,all,18.954,P22102,10.496,0.4570886128531319,49.43442535400391,7.827023506164551
2737,/2V9Y-alt1A_assembled/2V9Y-alt1B_assembled/AF-P22102-F1-model_v1,508.0,False,all,18.934,P22102,11.38,0.2152905014161103,38.84516525268555,4.889659404754639
2738,/2V9Y-alt1A_assembled/2V9Y-alt1B_assembled/AF-P22102-F1-model_v1,542.0,False,all,18.130000000000003,P22102,10.64,0.2820460955234091,71.49761962890625,13.231986045837402
2739,/2V9Y-alt1A_assembled/2V9Y-alt1B_assembled/AF-P22102-F1-model_v1,557.0,False,all,19.412,P22102,10.452,0.0408656334834051,82.64985656738281,6.029326438903809
2740,/2V9Y-alt1A_assembled/2V9Y-alt1B_assembled/AF-P22102-F1-model_v1,561.0,False,all,18.906,P22102,9.834,0.3084315158993964,61.980690002441406,17.13255500793457
2741,/2V9Y-alt1A_assembled/2V9Y-alt1B_assembled/AF-P22102-F1-model_v1,598.0,False,all,19.0,P22102,10.192,0.1451550894732938,54.8228874206543,3.5298948287963867
2742,/2V9Y-alt1A_assembled/2V9Y-alt1B_assembled/AF-P22102-F1-model_v1,629.0,False,all,18.818,P22102,10.218,0.123166553901617,73.82994079589844,14.092643737792969
2743,/2V9Y-alt1A_assembled/2V9Y-alt1B_assembled/AF-P22102-F1-model_v1,676.0,False,all,19.522,P22102,10.338,0.4184136709047636,10.830535888671877,2.5421948432922363
2744,/2V9Y-alt1A_assembled/2V9Y-alt1B_assembled/AF-P22102-F1-model_v1,697.0,False,all,18.682,P22102,10.478,0.0286356421265526,91.33573150634766,15.771539688110352
2745,/2V9Y-alt1A_assembled/2V9Y-alt1B_assembled/AF-P22102-F1-model_v1,743.0,False,all,19.198,P22102,10.498,0.0749666592559651,78.92350769042969,6.976844787597656
2746,/2V9Y-alt1A_assembled/2V9Y-alt1B_assembled/AF-P22102-F1-model_v1,757.0,False,all,18.454,P22102,10.419999999999998,0.0324037034920386,85.57196044921875,5.042695999145508
2747,/2V9Y-alt1A_assembled/2V9Y-alt1B_assembled/AF-P22102-F1-model_v1,777.0,False,all,19.052,P22102,10.354,0.2173246419530009,57.42329025268555,15.525257110595703
2748,/2V9Y-alt1A_assembled/2V9Y-alt1B_assembled/AF-P22102-F1-model_v1,779.0,False,all,19.008000000000003,P22102,10.818,0.3928994782383909,77.52947998046875,14.259686470031738
2749,/AF-P22102-F1-model_v1,20.0,False,all,98.33,P22102,8.82,0.0,13.002004623413086,0.0
2750,/AF-P22102-F1-model_v1,28.0,False,all,96.93,P22102,9.66,0.0,36.19114685058594,0.0
2751,/AF-P22102-F1-model_v1,44.0,False,all,96.1,P22102,10.1,0.0,38.60388946533203,0.0
2752,/AF-P22102-F1-model_v1,63.0,False,all,97.11,P22102,10.22,0.0,57.63775253295898,0.0
2753,/AF-P22102-F1-model_v1,65.0,False,all,96.53,P22102,10.34,0.0,68.22701263427734,0.0
2754,/AF-P22102-F1-model_v1,66.0,False,all,96.99,P22102,10.4,0.0,96.24164581298828,0.0
2755,/AF-P22102-F1-model_v1,107.0,False,all,92.07,P22102,9.1,0.0,38.20176696777344,0.0
2756,/AF-P22102-F1-model_v1,111.0,False,all,97.44,P22102,8.46,0.0,6.299940586090088,0.0
2757,/AF-P22102-F1-model_v1,125.0,False,all,96.95,P22102,10.34,0.0,67.42276763916016,0.0
2758,/AF-P22102-F1-model_v1,129.0,False,all,93.43,P22102,11.62,0.0,68.62913513183594,0.0
2759,/AF-P22102-F1-model_v1,148.0,False,all,92.04,P22102,11.12,0.0,14.878582954406738,0.0
2760,/AF-P22102-F1-model_v1,162.0,False,all,90.45,P22102,10.54,0.0,87.26087951660156,0.0
2761,/AF-P22102-F1-model_v1,164.0,False,all,95.39,P22102,10.13,0.0,40.21238708496094,0.0
2762,/AF-P22102-F1-model_v1,169.0,False,all,93.71,P22102,11.14,0.0,69.03126525878906,0.0
2763,/AF-P22102-F1-model_v1,178.0,False,all,78.31,P22102,10.51,0.0,87.3949203491211,0.0
2764,/AF-P22102-F1-model_v1,207.0,False,all,96.41,P22102,10.49,0.0,97.44801330566406,0.0
2765,/AF-P22102-F1-model_v1,219.0,False,all,89.79,P22102,13.26,0.0,47.98678207397461,0.0
2766,/AF-P22102-F1-model_v1,249.0,False,all,93.61,P22102,10.22,0.0,84.17792510986328,0.0
2767,/AF-P22102-F1-model_v1,251.0,False,all,97.43,P22102,10.3,0.0,63.40152740478516,0.0
2768,/AF-P22102-F1-model_v1,281.0,False,all,89.85,P22102,10.65,0.0,98.7884292602539,0.0
2769,/AF-P22102-F1-model_v1,285.0,False,all,98.08,P22102,9.97,0.0,36.057106018066406,0.0
2770,/AF-P22102-F1-model_v1,306.0,False,all,97.96,P22102,10.39,0.0,74.12483215332031,0.0
2771,/AF-P22102-F1-model_v1,342.0,False,all,95.5,P22102,10.5,0.0,76.5375747680664,0.0
2772,/AF-P22102-F1-model_v1,350.0,False,all,94.24,P22102,10.6,0.0,56.83350372314453,0.0
2773,/AF-P22102-F1-model_v1,375.0,False,all,94.55,P22102,10.39,0.0,75.73332977294922,0.0
2774,/AF-P22102-F1-model_v1,378.0,False,all,95.34,P22102,11.52,0.0,61.256866455078125,0.0
2775,/AF-P22102-F1-model_v1,404.0,False,all,97.28,P22102,11.33,0.0,42.893211364746094,0.0
2776,/AF-P22102-F1-model_v1,405.0,False,all,96.61,P22102,11.42,0.0,64.20578002929688,0.0
2777,/AF-P22102-F1-model_v1,411.0,False,all,97.4,P22102,10.42,0.0,72.78441619873047,0.0
2778,/AF-P22102-F1-model_v1,419.0,False,all,96.45,P22102,10.73,0.0,72.91845703125,0.0
2779,/AF-P22102-F1-model_v1,438.0,False,all,78.98,P22102,11.66,0.0,71.98017120361328,0.0
2780,/AF-P22102-F1-model_v1,452.0,False,all,89.03,P22102,10.39,0.0,92.22040557861328,0.0
2781,/AF-P22102-F1-model_v1,453.0,False,all,89.82,P22102,11.42,0.0,88.46724700927734,0.0
2782,/AF-P22102-F1-model_v1,459.0,False,all,93.72,P22102,10.32,0.0,81.63114166259766,0.0
2783,/AF-P22102-F1-model_v1,467.0,False,all,89.73,P22102,10.5,0.0,96.10760498046876,0.0
2784,/AF-P22102-F1-model_v1,806.0,False,all,74.79,P22102,10.46,0.0,95.70547485351562,0.0
2785,/AF-P22102-F1-model_v1,807.0,False,all,89.89,P22102,9.35,0.0,33.912445068359375,0.0
2786,/AF-P22102-F1-model_v1,844.0,False,all,93.67,P22102,10.17,0.0,61.79303359985352,0.0
2787,/AF-P22102-F1-model_v1,852.0,False,all,95.07,P22102,9.59,0.0,38.20176696777344,0.0
2788,/AF-P22102-F1-model_v1,866.0,False,all,92.59,P22102,10.38,0.0,69.43338775634766,0.0
2789,/AF-P22102-F1-model_v1,869.0,False,all,91.0,P22102,10.44,0.0,78.68223571777344,0.0
2790,/AF-P22102-F1-model_v1,906.0,False,all,93.34,P22102,12.39,0.0,38.20176696777344,0.0
2791,/AF-P22102-F1-model_v1,910.0,False,all,95.44,P22102,10.3,0.0,66.61852264404297,0.0
2792,/AF-P22102-F1-model_v1,923.0,False,all,89.79,P22102,10.31,0.0,37.79964447021485,0.0
2793,/AF-P22102-F1-model_v1,964.0,False,all,94.91,P22102,10.23,0.0,78.9503173828125,0.0
2794,/AF-P22102-F1-model_v1,977.0,False,all,94.76,P22102,11.42,0.0,33.912445068359375,0.0
2795,/AF-P16403-F1-model_v1,46.0,False,all,94.51,P16403,11.42,0.0,88.46724700927734,0.0
2796,/AF-P16403-F1-model_v1,52.0,False,all,89.12,P16403,10.41,0.0,103.2117919921875,0.0
2797,/AF-P16403-F1-model_v1,64.0,False,all,96.13,P16403,10.4,0.0,109.51173400878906,0.0
2798,/AF-P16403-F1-model_v1,75.0,False,all,93.93,P16403,10.45,0.0,96.24164581298828,0.0
2799,/AF-P16403-F1-model_v1,81.0,False,all,96.33,P16403,10.28,0.0,71.71208953857422,0.0
2800,/AF-P16403-F1-model_v1,85.0,False,all,96.04,P16403,10.39,0.0,104.68624114990234,0.0
2801,/AF-P16403-F1-model_v1,90.0,False,all,94.14,P16403,10.35,0.0,109.6457748413086,0.0
2802,/AF-P16403-F1-model_v1,97.0,False,all,94.12,P16403,10.36,0.0,89.4055404663086,0.0
2803,/AF-P16403-F1-model_v1,109.0,False,all,75.03,P16403,10.43,0.0,122.11161041259766,0.0
2804,/AF-P46779-F1-model_v1,19.0,False,all,96.13,P46779,10.23,0.0,59.51433181762695,0.0
2805,/AF-P46779-F1-model_v1,22.0,False,all,95.21,P46779,10.48,0.0,104.15007781982422,0.0
2806,/AF-P46779-F1-model_v1,33.0,False,all,96.29,P46779,11.04,0.0,68.62913513183594,0.0
2807,/AF-P46779-F1-model_v1,58.0,False,all,91.71,P46779,10.44,0.0,106.16069793701172,0.0
2808,/AF-P46779-F1-model_v1,65.0,False,all,95.45,P46779,9.19,0.0,18.631738662719727,0.0
2809,/AF-P46779-F1-model_v1,72.0,False,all,95.04,P46779,10.44,0.0,92.22040557861328,0.0
2810,/AF-P46779-F1-model_v1,84.0,False,all,94.61,P46779,10.36,0.0,72.78441619873047,0.0
2811,/AF-P46779-F1-model_v1,99.0,False,all,95.61,P46779,10.37,0.0,81.63114166259766,0.0
2812,/AF-P46779-F1-model_v1,101.0,False,all,93.98,P46779,10.45,0.0,104.68624114990234,0.0
2813,/AF-P46779-F1-model_v1,122.0,False,all,90.56,P46779,10.34,0.0,88.33320617675781,0.0
2814,/AF-P16402-F1-model_v1,47.0,False,all,94.11,P16402,11.21,0.0,83.3736801147461,0.0
2815,/AF-P16402-F1-model_v1,53.0,False,all,88.42,P16402,10.44,0.0,114.87338256835938,0.0
2816,/AF-P16402-F1-model_v1,64.0,False,all,95.57,P16402,9.96,0.0,62.59728240966797,0.0
2817,/AF-P16402-F1-model_v1,65.0,False,all,95.72,P16402,10.4,0.0,109.37769317626952,0.0
2818,/AF-P16402-F1-model_v1,76.0,False,all,93.82,P16402,10.42,0.0,89.27149963378906,0.0
2819,/AF-P16402-F1-model_v1,82.0,False,all,95.93,P16402,10.29,0.0,69.83551025390625,0.0
2820,/AF-P16402-F1-model_v1,86.0,False,all,95.51,P16402,10.39,0.0,116.48188018798828,0.0
2821,/AF-P16402-F1-model_v1,91.0,False,all,93.31,P16402,10.34,0.0,104.8202896118164,0.0
2822,/AF-P16402-F1-model_v1,98.0,False,all,93.88,P16402,10.32,0.0,84.5800552368164,0.0
2823,/AF-P16402-F1-model_v1,110.0,False,all,73.73,P16402,10.43,0.0,112.86276245117188,0.0
2824,/AF-Q96A08-F1-model_v1,36.0,False,all,70.6,Q96A08,10.45,0.0,111.52235412597656,0.0
2825,/AF-Q96A08-F1-model_v1,45.0,False,all,97.35,Q96A08,10.47,0.0,97.179931640625,0.0
2826,/AF-Q96A08-F1-model_v1,48.0,False,all,98.02,Q96A08,10.37,0.0,32.70607376098633,0.0
2827,/AF-Q96A08-F1-model_v1/5GSU-alt-1_assembled,59.0,False,all,32.47,Q96A08,11.083333333333334,0.5464735431229338,73.1418685913086,29.47638893127441
2828,/AF-Q96A08-F1-model_v1,87.0,False,all,96.44,Q96A08,10.47,0.0,98.38630676269533,0.0
2829,/AF-Q96A08-F1-model_v1,110.0,False,all,96.98,Q96A08,11.15,0.0,73.18653869628906,0.0
2830,/AF-Q96A08-F1-model_v1/5GSU-alt-1_assembled,122.0,False,all,32.02333333333333,Q96A08,9.883333333333333,0.6493329911018946,63.80364990234375,35.10116195678711
2831,/AF-Q96A08-F1-model_v1,127.0,False,all,76.46,Q96A08,10.45,0.0,98.11822509765624,0.0
2832,/5GSU-alt-1_assembled,37.0,False,all,0.0,Q96A08,10.425,0.120208152801713,85.11621856689453,13.079846382141112
2833,/5GSU-alt-1_assembled,56.0,False,all,0.0,Q96A08,10.885,0.5444722215136413,73.38760375976562,9.572931289672852
2834,/5GSU-alt-1_assembled,64.0,False,all,0.0,Q96A08,9.67,0.1131370849898477,64.54087829589844,12.226810455322266
2835,/5GSU-alt-1_assembled,79.0,False,all,0.0,Q96A08,11.1675,0.4655731235083632,46.27775192260742,6.49823808670044
2836,/5GSU-alt-1_assembled,115.0,False,all,0.0,Q96A08,9.875,0.4171930009000629,77.20777893066406,7.582521438598633
2837,/5GSU-alt-1_assembled,31.0,False,all,0.0,Q96A08,9.405,0.2192031021678301,57.57073211669922,6.919047832489014
2838,/5GSU-alt-1_assembled,44.0,False,all,0.0,Q96A08,9.2375,0.4033505505967066,29.556102752685547,3.1767120361328125
2839,/5GSU-alt-1_assembled,77.0,False,all,0.0,Q96A08,9.8875,0.7968008952471541,36.12412643432617,9.965137481689451
2840,/5GSU-alt-1_assembled,91.0,False,all,0.0,Q96A08,9.87,0.240416305603426,63.80364990234375,5.497327327728272
2841,/5GSU-alt-1_assembled,20.0,False,all,0.0,Q96A08,10.23,0.0,80.69285583496094,0.0
2842,/5GSU-alt-1_assembled,15.0,False,all,0.0,Q96A08,10.48,0.0,94.49910736083984,0.0
2843,/5GSU-alt-1_assembled,17.0,False,all,0.0,Q96A08,10.17,0.3394112549695431,75.73332214355469,1.13737952709198
2844,/5GSU-alt-1_assembled,38.0,False,all,0.0,Q96A08,9.86,0.0565685424949238,80.62583923339844,9.572931289672852
2845,/5GSU-alt-1_assembled,76.0,False,all,0.0,Q96A08,10.46,0.1697056274847715,75.53226470947266,9.762499809265137
2846,/5GSU-alt-1_assembled,97.0,False,all,0.0,Q96A08,9.75,0.1697056274847703,77.60990905761719,5.686886787414551
2847,/5GSU-alt-1_assembled,120.0,False,all,0.0,Q96A08,10.46,0.0141421356237319,89.94169616699219,4.739075183868408
2848,/5GSU-alt-1_assembled,28.0,False,all,0.0,Q96A08,10.63,0.0,58.97816467285156,0.0
2849,/5GSU-alt-1_assembled,32.0,False,all,0.0,Q96A08,10.36,0.1272792206135783,75.33120727539062,9.099020957946776
2850,/5GSU-alt-1_assembled,41.0,False,all,0.0,Q96A08,10.260000000000002,0.0565685424949238,62.46324157714844,19.524991989135746
2851,/5GSU-alt-1_assembled,55.0,False,all,0.0,Q96A08,9.75,0.1272792206135783,56.4984016418457,4.833856582641602
2852,/5GSU-alt-1_assembled,83.0,False,all,0.0,Q96A08,9.855,0.5727564927611039,86.18855285644531,11.563342094421388
2853,/5GSU-alt-1_assembled,106.0,False,all,0.0,Q96A08,11.475,0.0212132034355959,57.16860961914063,14.122444152832031
2854,/5GSU-alt-1_assembled,114.0,False,all,0.0,Q96A08,10.535,0.2616295090390232,69.43338775634766,18.19805145263672
2855,/5GSU-alt-1_assembled,123.0,False,all,0.0,Q96A08,10.64,0.0282842712474625,67.35574340820312,10.141621589660645
2856,/AF-O76021-F1-model_v1,33.0,False,all,92.26,O76021,10.4,0.0,93.29273223876952,0.0
2857,/AF-O76021-F1-model_v1,38.0,False,all,95.11,O76021,10.64,0.0,83.23963928222656,0.0
2858,/AF-O76021-F1-model_v1,48.0,False,all,84.65,O76021,10.41,0.0,95.70547485351562,0.0
2859,/AF-O76021-F1-model_v1,51.0,False,all,70.2,O76021,10.21,0.0,86.05450439453125,0.0
2860,/AF-O76021-F1-model_v1,72.0,False,all,85.01,O76021,10.17,0.0,48.92506790161133,0.0
2861,/AF-O76021-F1-model_v1,76.0,False,all,84.54,O76021,10.44,0.0,102.54158782958984,0.0
2862,/AF-O76021-F1-model_v1,100.0,False,all,92.6,O76021,10.31,0.0,60.318580627441406,0.0
2863,/AF-O76021-F1-model_v1,109.0,False,all,90.83,O76021,10.42,0.0,77.60990142822266,0.0
2864,/AF-O76021-F1-model_v1,116.0,False,all,92.76,O76021,10.37,0.0,101.46925354003906,0.0
2865,/AF-O76021-F1-model_v1,120.0,False,all,92.49,O76021,10.41,0.0,104.95433044433594,0.0
2866,/AF-O76021-F1-model_v1,124.0,False,all,85.98,O76021,10.44,0.0,107.2330322265625,0.0
2867,/AF-O76021-F1-model_v1,136.0,False,all,92.5,O76021,10.35,0.0,68.22701263427734,0.0
2868,/AF-O76021-F1-model_v1,137.0,False,all,92.66,O76021,10.4,0.0,93.29273223876952,0.0
2869,/AF-O76021-F1-model_v1,140.0,False,all,92.22,O76021,10.44,0.0,95.30335235595705,0.0
2870,/AF-O76021-F1-model_v1,145.0,False,all,93.5,O76021,9.88,0.0,39.14005661010742,0.0
2871,/AF-O76021-F1-model_v1,177.0,False,all,86.65,O76021,10.3,0.0,117.55420684814452,0.0
2872,/AF-O76021-F1-model_v1,178.0,False,all,87.89,O76021,10.48,0.0,39.14005661010742,0.0
2873,/AF-O76021-F1-model_v1,188.0,False,all,86.59,O76021,10.47,0.0,110.45001983642578,0.0
2874,/AF-O76021-F1-model_v1,207.0,False,all,87.52,O76021,10.53,0.0,104.41815948486328,0.0
2875,/AF-O76021-F1-model_v1,235.0,False,all,91.16,O76021,10.24,0.0,95.03527069091795,0.0
2876,/AF-O76021-F1-model_v1,240.0,False,all,84.52,O76021,10.54,0.0,80.29073333740234,0.0
2877,/AF-O76021-F1-model_v1,244.0,False,all,83.77,O76021,10.46,0.0,101.06713104248048,0.0
2878,/AF-O76021-F1-model_v1,249.0,False,all,89.22,O76021,10.22,0.0,61.52495193481445,0.0
2879,/AF-O76021-F1-model_v1,254.0,False,all,93.78,O76021,10.05,0.0,44.3676643371582,0.0
2880,/AF-O76021-F1-model_v1,257.0,False,all,85.45,O76021,10.5,0.0,74.39291381835938,0.0
2881,/AF-O76021-F1-model_v1,282.0,False,all,76.65,O76021,10.37,0.0,77.20777893066406,0.0
2882,/AF-O76021-F1-model_v1,283.0,False,all,77.87,O76021,10.45,0.0,95.1693115234375,0.0
2883,/AF-O76021-F1-model_v1,284.0,False,all,80.53,O76021,10.41,0.0,86.18854522705078,0.0
2884,/AF-O76021-F1-model_v1,285.0,False,all,81.55,O76021,10.43,0.0,85.78642272949219,0.0
2885,/AF-O76021-F1-model_v1,290.0,False,all,85.16,O76021,11.56,0.0,73.58866882324219,0.0
2886,/AF-O76021-F1-model_v1,298.0,False,all,86.75,O76021,10.32,0.0,83.64176177978516,0.0
2887,/AF-O76021-F1-model_v1,300.0,False,all,84.84,O76021,10.39,0.0,81.76518249511719,0.0
2888,/AF-O76021-F1-model_v1,303.0,False,all,84.37,O76021,10.4,0.0,83.90984344482422,0.0
2889,/AF-O76021-F1-model_v1,304.0,False,all,82.07,O76021,10.42,0.0,88.7353286743164,0.0
2890,/AF-O76021-F1-model_v1,305.0,False,all,78.78,O76021,10.68,0.0,82.03326416015625,0.0
2891,/AF-Q06210-F1-model_v1,25.0,False,all,97.0,Q06210,11.05,0.0,59.38029098510742,0.0
2892,/AF-Q06210-F1-model_v1,48.0,False,all,94.73,Q06210,10.52,0.0,95.43739318847656,0.0
2893,/AF-Q06210-F1-model_v1,56.0,False,all,97.32,Q06210,10.66,0.0,76.80565643310547,0.0
2894,/AF-Q06210-F1-model_v1,61.0,False,all,98.21,Q06210,7.98,0.0,24.12743186950684,0.0
2895,/AF-Q06210-F1-model_v1,62.0,False,all,97.26,Q06210,11.38,0.0,41.55279922485352,0.0
2896,/AF-Q06210-F1-model_v1,63.0,False,all,96.25,Q06210,10.5,0.0,74.39291381835938,0.0
2897,/AF-Q06210-F1-model_v1,65.0,False,all,91.62,Q06210,11.0,0.0,53.61651611328125,0.0
2898,/AF-Q06210-F1-model_v1,67.0,False,all,94.95,Q06210,10.62,0.0,99.1905517578125,0.0
2899,/AF-Q06210-F1-model_v1,75.0,False,all,93.43,Q06210,10.45,0.0,71.44400787353516,0.0
2900,/AF-Q06210-F1-model_v1,114.0,False,all,98.01,Q06210,11.32,0.0,74.66099548339844,0.0
2901,/AF-Q06210-F1-model_v1,130.0,False,all,96.18,Q06210,11.32,0.0,88.86936950683594,0.0
2902,/AF-Q06210-F1-model_v1,133.0,False,all,98.21,Q06210,10.41,0.0,42.75917053222656,0.0
2903,/AF-Q06210-F1-model_v1,134.0,False,all,98.06,Q06210,10.52,0.0,83.3736801147461,0.0
2904,/AF-Q06210-F1-model_v1,139.0,False,all,98.19,Q06210,10.23,0.0,48.656986236572266,0.0
2905,/AF-Q06210-F1-model_v1,154.0,False,all,98.76,Q06210,9.45,0.0,4.557403564453125,0.0
2906,/AF-Q06210-F1-model_v1,157.0,False,all,98.69,Q06210,11.7,0.0,13.270087242126465,0.0
2907,/AF-Q06210-F1-model_v1,190.0,False,all,98.78,Q06210,9.01,0.0,5.227610111236572,0.0
2908,/AF-Q06210-F1-model_v1,216.0,False,all,93.81,Q06210,10.42,0.0,91.4161605834961,0.0
2909,/AF-Q06210-F1-model_v1,271.0,False,all,95.16,Q06210,10.36,0.0,68.09297180175781,0.0
2910,/AF-Q06210-F1-model_v1,313.0,False,all,81.81,Q06210,10.35,0.0,89.67362213134766,0.0
2911,/AF-Q06210-F1-model_v1,336.0,False,all,90.91,Q06210,11.2,0.0,43.29533386230469,0.0
2912,/AF-Q06210-F1-model_v1,345.0,False,all,97.94,Q06210,9.27,0.0,6.568023204803467,0.0
2913,/AF-Q06210-F1-model_v1,375.0,False,all,92.65,Q06210,10.59,0.0,91.28211975097656,0.0
2914,/AF-Q06210-F1-model_v1,379.0,False,all,95.25,Q06210,10.43,0.0,93.29273223876952,0.0
2915,/AF-Q06210-F1-model_v1,455.0,False,all,97.64,Q06210,10.33,0.0,47.45061492919922,0.0
2916,/AF-Q06210-F1-model_v1,494.0,False,all,98.37,Q06210,10.73,0.0,6.836105823516846,0.0
2917,/AF-Q06210-F1-model_v1,529.0,False,all,98.62,Q06210,10.62,0.0,67.55680847167969,0.0
2918,/AF-Q06210-F1-model_v1,536.0,False,all,98.78,Q06210,11.59,0.0,66.08235168457031,0.0
2919,/AF-Q06210-F1-model_v1,547.0,False,all,98.0,Q06210,10.56,0.0,87.79704284667969,0.0
2920,/AF-Q06210-F1-model_v1,556.0,False,all,97.38,Q06210,10.44,0.0,99.32459259033205,0.0
2921,/AF-Q06210-F1-model_v1,576.0,False,all,98.26,Q06210,12.27,0.0,20.91044044494629,0.0
2922,/AF-Q06210-F1-model_v1,578.0,False,all,97.37,Q06210,9.53,0.0,75.46524810791016,0.0
2923,/AF-Q06210-F1-model_v1,594.0,False,all,91.83,Q06210,10.29,0.0,70.10359191894531,0.0
2924,/AF-Q06210-F1-model_v1,603.0,False,all,96.01,Q06210,10.44,0.0,76.5375747680664,0.0
2925,/AF-Q06210-F1-model_v1,619.0,False,all,98.3,Q06210,10.15,0.0,80.02265167236328,0.0
2926,/AF-Q06210-F1-model_v1,640.0,False,all,97.47,Q06210,11.58,0.0,64.87598419189453,0.0
2927,/AF-Q06210-F1-model_v1,647.0,False,all,96.23,Q06210,10.45,0.0,81.63114166259766,0.0
2928,/AF-Q06210-F1-model_v1,650.0,False,all,93.41,Q06210,10.06,0.0,78.01203155517578,0.0
2929,/AF-Q06210-F1-model_v1,654.0,False,all,98.46,Q06210,11.17,0.0,40.48046875,0.0
2930,/AF-Q06210-F1-model_v1,694.0,False,all,82.63,Q06210,10.23,0.0,5.629734039306641,0.0
2931,/AF-P16401-F1-model_v1,49.0,False,all,94.83,P16401,11.42,0.0,83.23963928222656,0.0
2932,/AF-P16401-F1-model_v1,55.0,False,all,90.08,P16401,10.35,0.0,100.53096771240234,0.0
2933,/AF-P16401-F1-model_v1,66.0,False,all,96.22,P16401,9.96,0.0,66.21639251708984,0.0
2934,/AF-P16401-F1-model_v1,67.0,False,all,96.43,P16401,10.41,0.0,111.52235412597656,0.0
2935,/AF-P16401-F1-model_v1,78.0,False,all,94.54,P16401,10.42,0.0,89.80766296386719,0.0
2936,/AF-P16401-F1-model_v1,84.0,False,all,96.35,P16401,10.28,0.0,77.60990142822266,0.0
2937,/AF-P16401-F1-model_v1,88.0,False,all,95.99,P16401,10.39,0.0,106.9649429321289,0.0
2938,/AF-P16401-F1-model_v1,93.0,False,all,93.73,P16401,10.35,0.0,109.24365234375,0.0
2939,/AF-P16401-F1-model_v1,100.0,False,all,94.6,P16401,10.24,0.0,80.02265167236328,0.0
2940,/AF-P16401-F1-model_v1,112.0,False,all,76.79,P16401,10.44,0.0,121.44140625,0.0
2941,/AF-Q92785-F1-model_v1,10.0,False,all,70.15,Q92785,10.64,0.0,69.1653060913086,0.0
2942,/AF-Q92785-F1-model_v1,18.0,False,all,83.91,Q92785,10.58,0.0,84.5800552368164,0.0
2943,/AF-Q92785-F1-model_v1,59.0,False,all,77.4,Q92785,10.27,0.0,79.08435821533203,0.0
2944,/AF-Q92785-F1-model_v1,207.0,False,all,86.08,Q92785,11.52,0.0,41.418758392333984,0.0
2945,/AF-Q92785-F1-model_v1,216.0,False,all,93.36,Q92785,10.88,0.0,67.1546859741211,0.0
2946,/AF-Q92785-F1-model_v1,219.0,False,all,92.22,Q92785,10.39,0.0,85.11621856689453,0.0
2947,/AF-Q92785-F1-model_v1,281.0,False,all,96.78,Q92785,10.6,0.0,106.9649429321289,0.0
2948,/AF-Q92785-F1-model_v1,284.0,False,all,93.94,Q92785,10.34,0.0,65.27810668945312,0.0
2949,/AF-Q92785-F1-model_v1,285.0,False,all,94.07,Q92785,10.77,0.0,79.88860321044922,0.0
2950,/AF-Q92785-F1-model_v1,318.0,False,all,92.85,Q92785,11.43,0.0,74.9290771484375,0.0
2951,/AF-Q92785-F1-model_v1,328.0,False,all,97.52,Q92785,9.7,0.0,3.082949638366699,0.0
2952,/AF-Q92785-F1-model_v1,379.0,False,all,94.67,Q92785,10.45,0.0,84.04388427734375,0.0
2953,/AF-Q92785-F1-model_v1,381.0,False,all,92.7,Q92785,10.43,0.0,101.73733520507812,0.0
2954,/AF-Q6P158-F1-model_v1,110.0,False,all,89.47,Q6P158,11.79,0.0,43.83150100708008,0.0
2955,/AF-Q6P158-F1-model_v1,112.0,False,all,91.5,Q6P158,10.23,0.0,38.06772613525391,0.0
2956,/AF-Q6P158-F1-model_v1,188.0,False,all,88.49,Q6P158,9.6,0.0,69.43338775634766,0.0
2957,/AF-Q6P158-F1-model_v1,231.0,False,all,78.09,Q6P158,11.03,0.0,59.782413482666016,0.0
2958,/AF-Q6P158-F1-model_v1,256.0,False,all,88.22,Q6P158,10.38,0.0,82.30135345458984,0.0
2959,/AF-Q6P158-F1-model_v1,262.0,False,all,87.98,Q6P158,11.34,0.0,41.016632080078125,0.0
2960,/AF-Q6P158-F1-model_v1,306.0,False,all,77.59,Q6P158,10.57,0.0,93.42677307128906,0.0
2961,/AF-Q6P158-F1-model_v1,314.0,False,all,70.6,Q6P158,11.1,0.0,51.06972885131836,0.0
2962,/AF-Q6P158-F1-model_v1,322.0,False,all,77.91,Q6P158,10.75,0.0,70.10359191894531,0.0
2963,/AF-Q6P158-F1-model_v1,361.0,False,all,76.04,Q6P158,10.31,0.0,75.3311996459961,0.0
2964,/AF-Q6P158-F1-model_v1,364.0,False,all,89.98,Q6P158,10.3,0.0,22.92106056213379,0.0
2965,/AF-Q6P158-F1-model_v1,396.0,False,all,94.6,Q6P158,10.48,0.0,62.32919692993164,0.0
2966,/AF-Q6P158-F1-model_v1,423.0,False,all,86.0,Q6P158,11.5,0.0,62.06111526489258,0.0
2967,/AF-Q6P158-F1-model_v1,431.0,False,all,82.23,Q6P158,11.21,0.0,64.60790252685547,0.0
2968,/AF-Q6P158-F1-model_v1,520.0,False,all,93.96,Q6P158,10.46,0.0,89.27149963378906,0.0
2969,/AF-Q6P158-F1-model_v1,523.0,False,all,93.24,Q6P158,11.18,0.0,57.23563003540039,0.0
2970,/AF-Q6P158-F1-model_v1,528.0,False,all,91.29,Q6P158,10.41,0.0,56.297340393066406,0.0
2971,/AF-Q6P158-F1-model_v1,559.0,False,all,95.67,Q6P158,10.37,0.0,76.26949310302734,0.0
2972,/AF-Q6P158-F1-model_v1,573.0,False,all,92.0,Q6P158,10.69,0.0,12.331798553466797,0.0
2973,/AF-Q6P158-F1-model_v1,592.0,False,all,91.03,Q6P158,10.45,0.0,84.17792510986328,0.0
2974,/AF-Q6P158-F1-model_v1,615.0,False,all,93.35,Q6P158,10.22,0.0,99.32459259033205,0.0
2975,/AF-Q6P158-F1-model_v1,635.0,False,all,92.8,Q6P158,10.0,0.0,25.46784400939941,0.0
2976,/AF-Q6P158-F1-model_v1,685.0,False,all,94.83,Q6P158,9.58,0.0,50.8016471862793,0.0
2977,/AF-Q6P158-F1-model_v1,790.0,False,all,86.56,Q6P158,10.45,0.0,91.28211975097656,0.0
2978,/AF-Q6P158-F1-model_v1,801.0,False,all,87.87,Q6P158,10.14,0.0,48.7910270690918,0.0
2979,/AF-Q6P158-F1-model_v1,808.0,False,all,88.24,Q6P158,10.53,0.0,86.18854522705078,0.0
2980,/AF-Q6P158-F1-model_v1,812.0,False,all,91.85,Q6P158,10.35,0.0,94.90122985839844,0.0
2981,/AF-Q6P158-F1-model_v1,816.0,False,all,92.77,Q6P158,10.64,0.0,78.5481948852539,0.0
2982,/AF-Q6P158-F1-model_v1,825.0,False,all,92.06,Q6P158,10.33,0.0,57.63775253295898,0.0
2983,/AF-Q6P158-F1-model_v1,842.0,False,all,86.26,Q6P158,10.48,0.0,102.8096694946289,0.0
2984,/AF-Q6P158-F1-model_v1,861.0,False,all,90.4,Q6P158,10.01,0.0,81.3630599975586,0.0
2985,/AF-Q6P158-F1-model_v1,901.0,False,all,88.21,Q6P158,11.61,0.0,59.11220550537109,0.0
2986,/AF-Q6P158-F1-model_v1,908.0,False,all,94.79,Q6P158,9.86,0.0,1.4744541645050049,0.0
2987,/AF-Q6P158-F1-model_v1,933.0,False,all,95.78,Q6P158,10.33,0.0,19.57002830505371,0.0
2988,/AF-Q6P158-F1-model_v1,935.0,False,all,88.66,Q6P158,10.76,0.0,38.87197494506836,0.0
2989,/AF-Q6P158-F1-model_v1,937.0,False,all,82.36,Q6P158,10.7,0.0,128.00942993164062,0.0
2990,/AF-Q6P158-F1-model_v1,943.0,False,all,74.09,Q6P158,11.57,0.0,67.95893096923828,0.0
2991,/AF-Q6P158-F1-model_v1,962.0,False,all,92.17,Q6P158,9.71,0.0,30.42737197875977,0.0
2992,/AF-Q6P158-F1-model_v1,988.0,False,all,92.51,Q6P158,10.42,0.0,104.41815948486328,0.0
2993,/3GR4-alt1A_assembled/3GR4-alt1B_assembled,62.0,False,all,0.0,P14618,10.345,0.2121993671728815,46.36153030395508,9.411688804626465
2994,/3GR4-alt1A_assembled/3GR4-alt1B_assembled,66.0,False,all,0.0,P14618,11.10875,0.296090599069175,53.29816818237305,6.756962776184082
2995,/3GR4-alt1A_assembled/3GR4-alt1B_assembled,89.0,False,all,0.0,P14618,10.276249999999996,0.19935162760452,77.81096649169922,13.2110595703125
2996,/3GR4-alt1A_assembled/3GR4-alt1B_assembled,115.0,False,all,0.0,P14618,9.925,0.4054274640073467,28.651323318481445,5.311026573181152
2997,/3GR4-alt1A_assembled/3GR4-alt1B_assembled,125.0,False,all,0.0,P14618,10.4775,0.1421015733299855,62.345947265625,13.533417701721191
2998,/3GR4-alt1A_assembled/3GR4-alt1B_assembled,136.0,False,all,0.0,P14618,10.37375,0.2262702240369118,79.62052154541016,15.125553131103516
2999,/3GR4-alt1A_assembled/3GR4-alt1B_assembled,188.0,False,all,0.0,P14618,10.6375,0.4879915104647973,43.02725601196289,17.31157684326172
3000,/3GR4-alt1A_assembled/3GR4-alt1B_assembled,206.0,False,all,0.0,P14618,10.09875,0.1596816028405095,64.44035339355469,11.084343910217283
3001,/3GR4-alt1A_assembled/3GR4-alt1B_assembled,207.0,False,all,0.0,P14618,10.60625,0.3762194458405508,33.02442169189453,7.491914749145508
3002,/3GR4-alt1A_assembled/3GR4-alt1B_assembled,224.0,False,all,0.0,P14618,10.802500000000002,0.1143615819607768,43.6639518737793,4.39790153503418
3003,/3GR4-alt1A_assembled/3GR4-alt1B_assembled,230.0,False,all,0.0,P14618,10.2075,0.4385609584604111,62.56377410888672,11.247321128845217
3004,/3GR4-alt1A_assembled/3GR4-alt1B_assembled,247.0,False,all,0.0,P14618,10.37375,0.2568455622687352,39.30760955810547,8.50313663482666
3005,/3GR4-alt1A_assembled/3GR4-alt1B_assembled,256.0,False,all,0.0,P14618,10.48125,0.1138216022680104,82.3348617553711,7.204730033874512
3006,/3GR4-alt1A_assembled/3GR4-alt1B_assembled,263.0,False,all,0.0,P14618,10.691249999999998,0.2769960030655421,61.20660400390625,13.783636093139648
3007,/3GR4-alt1A_assembled/3GR4-alt1B_assembled,266.0,False,all,0.0,P14618,9.34125,0.3810675793084475,37.49805068969727,14.781183242797852
3008,/3GR4-alt1A_assembled/3GR4-alt1B_assembled,270.0,False,all,0.0,P14618,11.37375,0.5245661472656643,11.460530281066896,1.633827805519104
3009,/3GR4-alt1A_assembled/3GR4-alt1B_assembled,305.0,False,all,0.0,P14618,9.736250000000002,0.6941785999088624,21.463361740112305,20.35769462585449
3010,/3GR4-alt1A_assembled/3GR4-alt1B_assembled,311.0,False,all,0.0,P14618,9.55125,1.200302789180416,22.284364700317383,8.971400260925293
3011,/3GR4-alt1A_assembled/3GR4-alt1B_assembled,322.0,False,all,0.0,P14618,9.40375,0.8104132543691166,31.2651309967041,9.95747184753418
3012,/3GR4-alt1A_assembled/3GR4-alt1B_assembled,422.0,False,all,0.0,P14618,8.6775,1.3101117727670633,21.446605682373047,14.62428379058838
3013,/3GR4-alt1A_assembled/3GR4-alt1B_assembled,475.0,False,all,0.0,P14618,10.16,0.3263214891571107,66.9368667602539,21.047826766967773
3014,/3GR4-alt1A_assembled/3GR4-alt1B_assembled,498.0,False,all,0.0,P14618,11.03625,0.3080787237054838,32.20341873168945,11.882948875427246
3015,/3GR4-alt1A_assembled/3GR4-alt1B_assembled,135.0,False,all,0.0,P14618,10.485,0.2023610634484805,75.93438720703125,11.169992446899414
3016,/3GR4-alt1A_assembled/3GR4-alt1B_assembled,141.0,False,all,0.0,P14618,10.288333333333334,0.090866202004192,61.21218490600586,12.396801948547363
3017,/3GR4-alt1A_assembled/3GR4-alt1B_assembled,151.0,False,all,0.0,P14618,10.535,0.118785521003193,59.49199295043945,8.37148380279541
3018,/3GR4-alt1A_assembled/3GR4-alt1B_assembled,162.0,False,all,0.0,P14618,10.396666666666668,0.1290994448735808,79.86627197265625,9.75629711151123
3019,/3GR4-alt1A_assembled/3GR4-alt1B_assembled,166.0,False,all,0.0,P14618,10.6,0.2769115382211438,76.8726806640625,12.163907051086426
3020,/3GR4-alt1A_assembled/3GR4-alt1B_assembled,173.0,False,all,0.0,P14618,10.841666666666669,0.4575332410510375,60.27389526367188,11.123541831970217
3021,/3GR4-alt1A_assembled/3GR4-alt1B_assembled,186.0,False,all,0.0,P14618,10.558333333333332,0.2233756178875988,53.57183837890625,18.26558494567871
3022,/3GR4-alt1A_assembled/3GR4-alt1B_assembled,261.0,False,all,0.0,P14618,10.448333333333332,0.0147196014438802,90.45552825927734,8.944247245788574
3023,/3GR4-alt1A_assembled/3GR4-alt1B_assembled,336.0,False,all,0.0,P14618,10.326666666666666,0.2630335846744036,83.73112487792969,11.17703914642334
3024,/3GR4-alt1A_assembled/3GR4-alt1B_assembled,337.0,False,all,0.0,P14618,10.12,0.3140700558792575,70.9525146484375,14.398221015930176
3025,/3GR4-alt1A_assembled/3GR4-alt1B_assembled,433.0,False,all,0.0,P14618,9.778333333333334,0.7032614497231218,71.53336334228516,17.513748168945312
3026,/3GR4-alt1A_assembled/3GR4-alt1B_assembled,504.0,False,all,0.0,P14618,10.483333333333333,0.1224200419321388,79.39712524414062,10.84117031097412
3027,/3GR4-alt1A_assembled/3GR4-alt1B_assembled,505.0,False,all,0.0,P14618,10.428333333333333,0.1361494277133277,74.23653411865234,9.355435371398926
3028,/7LUM-alt-1_assembled,20.0,False,all,0.0,P17987,10.2625,0.962544371271614,42.55810928344727,9.120390892028809
3029,/7LUM-alt-1_assembled,25.0,False,all,0.0,P17987,9.785,0.0353553390593278,29.958227157592773,0.094781182706356
3030,/7LUM-alt-1_assembled,35.0,False,all,0.0,P17987,10.365,0.0212132034355972,35.38690185546875,0.1895650625228881
3031,/7LUM-alt-1_assembled,42.0,False,all,0.0,P17987,12.09,2.269816438980621,31.298641204833984,7.771698951721191
3032,/7LUM-alt-1_assembled,59.0,False,all,0.0,P17987,9.505,0.4997666121968001,15.34772777557373,3.4893670082092285
3033,/7LUM-alt-1_assembled,64.0,False,all,0.0,P17987,10.595,0.0070710678118653,59.91645812988281,2.0851941108703613
3034,/7LUM-alt-1_assembled,89.0,False,all,0.0,P17987,9.35,0.0282842712474612,28.617815017700195,3.88604187965393
3035,/7LUM-alt-1_assembled,96.0,False,all,0.0,P17987,10.19,0.0141421356237314,59.64837265014648,2.8935539722442627
3036,/7LUM-alt-1_assembled,150.0,False,all,0.0,P17987,11.355,0.0070710678118653,51.87397766113281,1.13737952709198
3037,/7LUM-alt-1_assembled,160.0,False,all,0.0,P17987,10.38,0.0,69.70146942138672,0.1895623654127121
3038,/7LUM-alt-1_assembled,170.0,False,all,0.0,P17987,11.015,2.320983986732064,23.25616455078125,14.636710166931152
3039,/7LUM-alt-1_assembled,176.0,False,all,0.0,P17987,11.7525,2.260462710744565,33.2087287902832,27.208593368530277
3040,/7LUM-alt-1_assembled,210.0,False,all,0.0,P17987,9.62,0.0,35.58795928955078,1.232158064842224
3041,/7LUM-alt-1_assembled,214.0,False,all,0.0,P17987,11.085,0.0070710678118653,37.46453857421875,0.8530333638191223
3042,/7LUM-alt-1_assembled,223.0,False,all,0.0,P17987,9.941666666666668,0.3272562706300164,64.4515151977539,17.192312240600586
3043,/7LUM-alt-1_assembled,226.0,False,all,0.0,P17987,10.19,0.0,64.3398208618164,0.1895623654127121
3044,/7LUM-alt-1_assembled,232.0,False,all,0.0,P17987,10.4025,0.0236290781312633,59.44731140136719,16.49325180053711
3045,/7LUM-alt-1_assembled,241.0,False,all,0.0,P17987,10.7475,0.1359840676942214,63.7701416015625,8.407551765441895
3046,/7LUM-alt-1_assembled,242.0,False,all,0.0,P17987,10.5,0.0,65.74725341796875,1.4217231273651123
3047,/7LUM-alt-1_assembled,247.0,False,all,0.0,P17987,9.573333333333332,0.8169128880527387,47.60699462890625,15.93624496459961
3048,/7LUM-alt-1_assembled,259.0,False,all,0.0,P17987,10.49,0.607234166803329,35.31987762451172,11.718969345092772
3049,/7LUM-alt-1_assembled,261.0,False,all,0.0,P17987,10.14,0.0795822425754226,48.32188034057617,3.590872287750244
3050,/7LUM-alt-1_assembled,263.0,False,all,0.0,P17987,10.6425,0.3244867742553872,54.688846588134766,16.678312301635742
3051,/7LUM-alt-1_assembled,265.0,False,all,0.0,P17987,9.39,0.5374011537017761,48.99209213256836,5.9185967445373535
3052,/7LUM-alt-1_assembled,275.0,False,all,0.0,P17987,10.65,0.0,77.20777893066406,0.1895623654127121
3053,/7LUM-alt-1_assembled,279.0,False,all,0.0,P17987,10.525,0.0070710678118653,68.29403686523438,1.2321608066558838
3054,/7LUM-alt-1_assembled,282.0,False,all,0.0,P17987,10.97,0.0,42.02194213867188,0.4739086031913757
3055,/7LUM-alt-1_assembled,284.0,False,all,0.0,P17987,9.99,0.4965883607174051,58.57604217529297,24.92399024963379
3056,/7LUM-alt-1_assembled,293.0,False,all,0.0,P17987,9.875,0.0070710678118665,38.20176696777344,1.13737952709198
3057,/7LUM-alt-1_assembled,352.0,False,all,0.0,P17987,10.125,0.0212132034355972,31.96884536743164,2.938226222991944
3058,/7LUM-alt-1_assembled,368.0,False,all,0.0,P17987,9.738333333333332,1.0135169789730545,46.80274963378906,13.819499015808104
3059,/7LUM-alt-1_assembled,370.0,False,all,0.0,P17987,10.35,0.1449137674618943,28.58430290222168,5.152460098266602
3060,/7LUM-alt-1_assembled,378.0,False,all,0.0,P17987,10.41,0.0,82.43539428710938,0.3791301250457763
3061,/7LUM-alt-1_assembled,392.0,False,all,0.0,P17987,10.405,0.0070710678118653,68.22702026367188,1.326941967010498
3062,/7LUM-alt-1_assembled,399.0,False,all,0.0,P17987,9.635000000000002,0.5427399622901067,43.462886810302734,12.314483642578123
3063,/7LUM-alt-1_assembled,439.0,False,all,0.0,P17987,10.43,0.0692820323027556,70.74028778076172,14.724777221679688
3064,/7LUM-alt-1_assembled,483.0,False,all,0.0,P17987,10.42,0.0,81.76518249511719,1.13737952709198
3065,/7LUM-alt-1_assembled,496.0,False,all,0.0,P17987,10.315,0.0070710678118653,55.22500991821289,0.1895623654127121
3066,/7LUM-alt-1_assembled,502.0,False,all,0.0,P17987,10.916666666666666,0.5148074073541162,42.17832565307617,15.80702304840088
3067,/7LUM-alt-1_assembled,513.0,False,all,0.0,P17987,10.83,0.0,51.60589599609375,1.5165042877197266
3068,/7LUM-alt-1_assembled,514.0,False,all,0.0,P17987,10.2,0.0141421356237319,56.23031997680664,0.2843435406684875
3069,/7LUM-alt-1_assembled,529.0,False,all,0.0,P17987,8.205,0.1060660171779811,13.73923110961914,0.6634702682495117
3070,/7LUM-alt-1_assembled,535.0,False,all,0.0,P17987,9.955,0.0070710678118665,73.92376708984375,0.2843435406684875
3071,/7LUM-alt-1_assembled,13.0,False,all,0.0,P17987,11.614999999999998,0.1060660171779823,47.58465576171875,0.9478145241737366
3072,/7LUM-alt-1_assembled,40.0,False,all,0.0,P17987,10.85,0.0141421356237306,32.50501251220703,0.663470983505249
3073,/7LUM-alt-1_assembled,46.0,False,all,0.0,P17987,9.625,0.0353553390593278,43.49639892578125,0.2843462526798248
3074,/7LUM-alt-1_assembled,50.0,False,all,0.0,P17987,10.56,0.0424264068711932,13.672211647033691,0.3791260719299316
3075,/7LUM-alt-1_assembled,72.0,False,all,0.0,P17987,9.37,0.0282842712474625,40.6815299987793,0.2843435406684875
3076,/7LUM-alt-1_assembled,82.0,False,all,0.0,P17987,9.36,0.0707106781186545,33.24224090576172,0.56868976354599
3077,/7LUM-alt-1_assembled,119.0,False,all,0.0,P17987,9.114999999999998,0.0070710678118653,66.21640014648438,0.9478172063827516
3078,/7LUM-alt-1_assembled,120.0,False,all,0.0,P17987,10.095,0.0212132034355959,15.079645156860352,1.2321600914001465
3079,/7LUM-alt-1_assembled,135.0,False,all,0.0,P17987,10.2775,0.3550938842991616,55.0239486694336,28.80994033813477
3080,/7LUM-alt-1_assembled,154.0,False,all,0.0,P17987,11.42,0.0,62.26217651367188,1.232158064842224
3081,/7LUM-alt-1_assembled,181.0,False,all,0.0,P17987,10.09625,0.3192373724988979,62.37946319580078,13.15848445892334
3082,/7LUM-alt-1_assembled,191.0,False,all,0.0,P17987,10.3425,0.0838152730712013,66.21640014648438,7.927723407745361
3083,/7LUM-alt-1_assembled,203.0,False,all,0.0,P17987,10.07,0.1213809430402202,30.82949447631836,7.523048400878906
3084,/7LUM-alt-1_assembled,204.0,False,all,0.0,P17987,8.555,0.0353553390593278,27.81356811523437,1.9904115200042725
3085,/7LUM-alt-1_assembled,222.0,False,all,0.0,P17987,9.743333333333334,0.3315820662621345,35.87838363647461,18.858739852905277
3086,/7LUM-alt-1_assembled,230.0,False,all,0.0,P17987,9.695,0.4875448697299565,41.485782623291016,25.086977005004883
3087,/7LUM-alt-1_assembled,236.0,False,all,0.0,P17987,10.01,0.1732050807568881,41.38524627685547,8.37972640991211
3088,/7LUM-alt-1_assembled,248.0,False,all,0.0,P17987,8.067499999999999,2.521089380935684,28.249202728271484,8.604694366455078
3089,/7LUM-alt-1_assembled,250.0,False,all,0.0,P17987,10.1425,0.4137934267240117,20.94395065307617,11.239437103271484
3090,/7LUM-alt-1_assembled,272.0,False,all,0.0,P17987,10.543333333333331,0.2668832453839442,51.31547546386719,18.740951538085938
3091,/7LUM-alt-1_assembled,274.0,False,all,0.0,P17987,8.219999999999999,0.0424264068711932,10.254158020019531,0.0947818607091903
3092,/7LUM-alt-1_assembled,276.0,False,all,0.0,P17987,10.735,0.0070710678118653,67.35574340820312,1.042593002319336
3093,/7LUM-alt-1_assembled,278.0,False,all,0.0,P17987,9.15,1.686040727068398,15.649320602416992,8.138249397277832
3094,/7LUM-alt-1_assembled,342.0,False,all,0.0,P17987,10.585,0.0070710678118653,65.41214752197266,1.3269364833831787
3095,/7LUM-alt-1_assembled,347.0,False,all,0.0,P17987,10.38,0.0,55.96223449707031,2.369537591934204
3096,/7LUM-alt-1_assembled,358.0,False,all,0.0,P17987,8.48,0.0,45.64105987548828,0.4739086031913757
3097,/7LUM-alt-1_assembled,402.0,False,all,0.0,P17987,9.83,0.0424264068711919,56.56542205810547,4.739075183868408
3098,/7LUM-alt-1_assembled,431.0,False,all,0.0,P17987,10.395,0.0070710678118653,47.986778259277344,1.1373767852783203
3099,/7LUM-alt-1_assembled,441.0,False,all,0.0,P17987,10.345,0.1626345596729062,51.60589599609375,1.706066608428955
3100,/7LUM-alt-1_assembled,500.0,False,all,0.0,P17987,12.74,0.0,43.42937469482422,0.7582521438598633
3101,/7LUM-alt-1_assembled,522.0,False,all,0.0,P17987,11.9,0.0,40.078346252441406,0.1895650625228881
3102,/7LUM-alt-1_assembled,29.0,False,all,0.0,P17987,10.37,0.0,66.01533508300781,2.5590972900390625
3103,/7LUM-alt-1_assembled,55.0,False,all,0.0,P17987,9.73,1.0405383222159572,47.38359451293945,15.62090015411377
3104,/7LUM-alt-1_assembled,65.0,False,all,0.0,P17987,10.61,0.0,73.05250549316406,1.8956290483474727
3105,/7LUM-alt-1_assembled,79.0,False,all,0.0,P17987,10.06,0.3408812109811861,65.78076171875,1.1127570867538452
3106,/7LUM-alt-1_assembled,122.0,False,all,0.0,P17987,12.58,0.0282842712474612,46.04318237304688,1.0425983667373655
3107,/7LUM-alt-1_assembled,126.0,False,all,0.0,P17987,9.06,1.195184783481896,51.17026138305664,34.81245803833008
3108,/7LUM-alt-1_assembled,139.0,False,all,0.0,P17987,10.8425,0.7304507740658046,56.09627532958984,22.52678108215332
3109,/7LUM-alt-1_assembled,143.0,False,all,0.0,P17987,10.58,0.0,35.45391845703125,1.232158064842224
3110,/7LUM-alt-1_assembled,174.0,False,all,0.0,P17987,12.21,0.0141421356237319,8.779704093933105,0.284344881772995
3111,/7LUM-alt-1_assembled,193.0,False,all,0.0,P17987,10.56,0.008164965809277,55.32554244995117,1.635724425315857
3112,/7LUM-alt-1_assembled,209.0,False,all,0.0,P17987,10.67,0.0,39.40813827514648,0.9478172063827516
3113,/7LUM-alt-1_assembled,212.0,False,all,0.0,P17987,10.44,0.0,61.122825622558594,2.8434462547302246
3114,/7LUM-alt-1_assembled,213.0,False,all,0.0,P17987,9.595,0.0353553390593266,44.83681106567383,0.4739059209823608
3115,/7LUM-alt-1_assembled,243.0,False,all,0.0,P17987,10.09,0.6128621378417822,59.58134841918945,14.293476104736328
3116,/7LUM-alt-1_assembled,257.0,False,all,0.0,P17987,10.175,0.0353553390593266,46.84742736816406,4.265166759490967
3117,/7LUM-alt-1_assembled,288.0,False,all,0.0,P17987,10.275,0.0070710678118653,74.05780792236328,1.2321608066558838
3118,/7LUM-alt-1_assembled,291.0,False,all,0.0,P17987,10.34,0.0,55.157989501953125,1.9904102087020876
3119,/7LUM-alt-1_assembled,292.0,False,all,0.0,P17987,10.345,0.0750555349946518,54.58831405639648,27.21673583984375
3120,/7LUM-alt-1_assembled,302.0,False,all,0.0,P17987,10.92,0.0,38.87197113037109,0.7582521438598633
3121,/7LUM-alt-1_assembled,319.0,False,all,0.0,P17987,10.225,0.0070710678118653,70.50572204589844,1.8956290483474727
3122,/7LUM-alt-1_assembled,321.0,False,all,0.0,P17987,10.0575,0.0780491298264538,64.1722640991211,8.80218505859375
3123,/7LUM-alt-1_assembled,326.0,False,all,0.0,P17987,9.8275,0.1309898214875235,54.05214691162109,2.510965347290039
3124,/7LUM-alt-1_assembled,338.0,False,all,0.0,P17987,11.685,0.0070710678118653,42.35704803466797,1.706066608428955
3125,/7LUM-alt-1_assembled,343.0,False,all,0.0,P17987,9.15,0.0141421356237306,21.37958526611328,6.35036039352417
3126,/7LUM-alt-1_assembled,372.0,False,all,0.0,P17987,9.985,0.0494974746830585,51.136749267578125,0.094781182706356
3127,/7LUM-alt-1_assembled,375.0,False,all,0.0,P17987,9.975,0.0070710678118653,54.35374069213867,1.4217231273651123
3128,/7LUM-alt-1_assembled,384.0,False,all,0.0,P17987,9.845,0.0212132034355959,77.74394989013672,3.2225711345672607
3129,/7LUM-alt-1_assembled,395.0,False,all,0.0,P17987,10.72,0.0,67.48979187011719,0.4739059209823608
3130,/7LUM-alt-1_assembled,417.0,False,all,0.0,P17987,9.145,0.0636396103067891,23.25616455078125,0.284344881772995
3131,/7LUM-alt-1_assembled,418.0,False,all,0.0,P17987,10.255,0.3176476034853712,53.717044830322266,6.873563766479492
3132,/7LUM-alt-1_assembled,489.0,False,all,0.0,P17987,8.06,0.0,19.36896514892578,0.284344881772995
3133,/7LUM-alt-1_assembled,497.0,False,all,0.0,P17987,10.29,0.0,72.18122863769531,0.4739059209823608
3134,/7LUM-alt-1_assembled,531.0,False,all,0.0,P17987,8.18,0.0565685424949238,41.954925537109375,0.7582521438598633
3135,/7LUM-alt-1_assembled,15.0,False,all,0.0,P17987,10.245,0.0070710678118653,76.67161560058594,2.464321613311768
3136,/7LUM-alt-1_assembled,21.0,False,all,0.0,P17987,10.58,0.0282842712474612,66.7525634765625,0.1895623654127121
3137,/7LUM-alt-1_assembled,31.0,False,all,0.0,P17987,9.11,0.0141421356237306,17.023242950439453,0.5686883926391602
3138,/7LUM-alt-1_assembled,44.0,False,all,0.0,P17987,8.93,0.0282842712474612,31.700763702392575,0.4739059209823608
3139,/7LUM-alt-1_assembled,48.0,False,all,0.0,P17987,9.35,0.1979898987322328,7.640353202819824,1.516503930091858
3140,/7LUM-alt-1_assembled,78.0,False,all,0.0,P17987,10.205,0.0212132034355972,52.209083557128906,0.8530333638191223
3141,/7LUM-alt-1_assembled,128.0,False,all,0.0,P17987,10.485,0.0070710678118653,75.93438720703125,1.9904102087020876
3142,/7LUM-alt-1_assembled,138.0,False,all,0.0,P17987,10.515,0.2482539022855433,51.40483474731445,15.011367797851562
3143,/7LUM-alt-1_assembled,163.0,False,all,0.0,P17987,11.315,0.0070710678118653,10.723302841186523,0.3791260719299316
3144,/7LUM-alt-1_assembled,196.0,False,all,0.0,P17987,6.755,0.0070710678118653,8.511621475219727,0.2843441963195801
3145,/7LUM-alt-1_assembled,197.0,False,all,0.0,P17987,8.9075,0.6633940508224859,54.52129364013672,14.84266471862793
3146,/7LUM-alt-1_assembled,234.0,False,all,0.0,P17987,11.45,0.0,61.18984603881836,0.094781182706356
3147,/7LUM-alt-1_assembled,249.0,False,all,0.0,P17987,10.19,0.0707106781186545,54.21969985961914,6.1607985496521
3148,/7LUM-alt-1_assembled,286.0,False,all,0.0,P17987,10.39,0.0,77.40884399414062,4.075606822967529
3149,/7LUM-alt-1_assembled,294.0,False,all,0.0,P17987,10.49,0.0,45.50701904296875,0.2843462526798248
3150,/7LUM-alt-1_assembled,317.0,False,all,0.0,P17987,10.118333333333332,0.6024422517276381,54.08565902709961,9.69805145263672
3151,/7LUM-alt-1_assembled,353.0,False,all,0.0,P17987,10.425,0.0070710678118653,60.9217643737793,0.2843435406684875
3152,/7LUM-alt-1_assembled,354.0,False,all,0.0,P17987,8.190000000000001,0.0565685424949238,15.347726821899414,0.4739079177379608
3153,/7LUM-alt-1_assembled,367.0,False,all,0.0,P17987,10.39,0.2193931022920582,50.33250427246094,22.45728302001953
3154,/7LUM-alt-1_assembled,381.0,False,all,0.0,P17987,10.295,0.1907004632051712,71.77910614013672,15.83220100402832
3155,/7LUM-alt-1_assembled,425.0,False,all,0.0,P17987,10.66,0.0,59.64836883544922,0.7582521438598633
3156,/7LUM-alt-1_assembled,427.0,False,all,0.0,P17987,10.24,0.0,55.157989501953125,0.2843435406684875
3157,/7LUM-alt-1_assembled,469.0,False,all,0.0,P17987,10.14,0.0,37.933685302734375,0.9478145241737366
3158,/7LUM-alt-1_assembled,491.0,False,all,0.0,P17987,10.69,0.0,60.720703125,1.5165042877197266
3159,/7LUM-alt-1_assembled,507.0,False,all,0.0,P17987,8.940000000000001,0.0565685424949238,16.017932891845703,0.6634702682495117
3160,/7LUM-alt-1_assembled,527.0,False,all,0.0,P17987,10.405,0.0070710678118653,53.013328552246094,1.2321608066558838
3161,/7LUM-alt-1_assembled,528.0,False,all,0.0,P17987,10.1675,0.1419800455463133,54.08565902709961,7.675547122955322
3162,/7LUM-alt-1_assembled,10.0,False,all,0.0,P17987,10.28,0.1256980508997653,39.60919952392578,3.4374899864196777
3163,/7LUM-alt-1_assembled,47.0,False,all,0.0,P17987,9.26,0.141421356237309,12.800943374633787,1.8008484840393066
3164,/7LUM-alt-1_assembled,67.0,False,all,0.0,P17987,9.9,0.0141421356237306,56.96754455566406,0.1895650625228881
3165,/7LUM-alt-1_assembled,77.0,False,all,0.0,P17987,8.545,0.0353553390593278,34.85073471069336,1.326941967010498
3166,/7LUM-alt-1_assembled,84.0,False,all,0.0,P17987,9.73,0.824232976772951,39.22941589355469,8.05750560760498
3167,/7LUM-alt-1_assembled,106.0,False,all,0.0,P17987,11.655,0.1343502884254437,10.656282424926758,1.8008484840393066
3168,/7LUM-alt-1_assembled,109.0,False,all,0.0,P17987,8.2925,3.030196638283837,25.668907165527344,3.129225254058838
3169,/7LUM-alt-1_assembled,137.0,False,all,0.0,P17987,10.18,0.0141421356237306,63.66961288452149,0.7582548260688782
3170,/7LUM-alt-1_assembled,144.0,False,all,0.0,P17987,10.55,0.0,75.86737060546875,0.5686870813369751
3171,/7LUM-alt-1_assembled,145.0,False,all,0.0,P17987,10.38,0.0,75.93438720703125,0.6634682416915894
3172,/7LUM-alt-1_assembled,148.0,False,all,0.0,P17987,10.45,0.0,85.1162109375,1.13737952709198
3173,/7LUM-alt-1_assembled,153.0,False,all,0.0,P17987,9.945,0.6062177826491075,43.16129302978516,15.36123275756836
3174,/7LUM-alt-1_assembled,157.0,False,all,0.0,P17987,9.96,0.0,45.43999481201172,0.3791274428367615
3175,/7LUM-alt-1_assembled,166.0,False,all,0.0,P17987,12.31,0.0,9.85203456878662,0.094781182706356
3176,/7LUM-alt-1_assembled,172.0,False,all,0.0,P17987,9.385000000000002,0.0070710678118653,35.789024353027344,0.9478145241737366
3177,/7LUM-alt-1_assembled,177.0,False,all,0.0,P17987,10.59,0.0,60.98878479003906,1.5165042877197266
3178,/7LUM-alt-1_assembled,198.0,False,all,0.0,P17987,7.835,0.0070710678118653,7.439291000366211,0.0947815179824829
3179,/7LUM-alt-1_assembled,199.0,False,all,0.0,P17987,10.368333333333332,0.3046582785132656,50.555908203125,8.335350036621094
3180,/7LUM-alt-1_assembled,217.0,False,all,0.0,P17987,10.63,0.0,60.38559722900391,0.663470983505249
3181,/7LUM-alt-1_assembled,218.0,False,all,0.0,P17987,10.02,0.0,63.334510803222656,1.421725869178772
3182,/7LUM-alt-1_assembled,231.0,False,all,0.0,P17987,10.125,0.0777817459305198,43.96554183959961,0.9478172063827516
3183,/7LUM-alt-1_assembled,277.0,False,all,0.0,P17987,8.7775,2.173972937580717,39.54218292236328,2.0121068954467773
3184,/7LUM-alt-1_assembled,280.0,False,all,0.0,P17987,10.245,0.086602540378444,52.00801849365234,21.310739517211918
3185,/7LUM-alt-1_assembled,287.0,False,all,0.0,P17987,10.96,0.8082903768654762,53.04684066772461,16.416412353515625
3186,/7LUM-alt-1_assembled,320.0,False,all,0.0,P17987,9.645,0.0353553390593278,37.79964447021485,2.653881072998047
3187,/7LUM-alt-1_assembled,366.0,False,all,0.0,P17987,10.114999999999998,0.0070710678118653,74.39291381835938,2.8434462547302246
3188,/7LUM-alt-1_assembled,401.0,False,all,0.0,P17987,10.23,0.0141421356237306,54.21969985961914,0.2843435406684875
3189,/7LUM-alt-1_assembled,430.0,False,all,0.0,P17987,10.1775,1.515681914738929,52.84577560424805,16.767263412475586
3190,/7LUM-alt-1_assembled,440.0,False,all,0.0,P17987,9.8975,1.0479305002400368,44.80329895019531,10.504583358764648
3191,/7LUM-alt-1_assembled,463.0,False,all,0.0,P17987,10.45,0.0,73.78972625732422,4.075606822967529
3192,/7LUM-alt-1_assembled,521.0,False,all,0.0,P17987,10.04,0.0141421356237319,48.72400665283203,1.0425957441329956
3193,/7LUM-alt-1_assembled,7.0,False,all,0.0,P17987,10.04,0.0565685424949238,48.72400665283203,1.0425957441329956
3194,/7LUM-alt-1_assembled,16.0,False,all,0.0,P17987,8.445,0.0636396103067891,28.28271102905273,0.3791260719299316
3195,/7LUM-alt-1_assembled,37.0,False,all,0.0,P17987,10.81,0.0282842712474625,40.547489166259766,1.4217231273651123
3196,/7LUM-alt-1_assembled,54.0,False,all,0.0,P17987,7.779999999999999,0.3111269837220812,7.372270584106445,1.1373778581619265
3197,/7LUM-alt-1_assembled,62.0,False,all,0.0,P17987,10.445,0.0070710678118653,64.4068374633789,1.2321608066558838
3198,/7LUM-alt-1_assembled,152.0,False,all,0.0,P17987,10.26,0.0,64.54087829589844,0.8530333638191223
3199,/7LUM-alt-1_assembled,171.0,False,all,0.0,P17987,11.98,0.0,12.532859802246094,0.6634702682495117
3200,/7LUM-alt-1_assembled,206.0,False,all,0.0,P17987,10.68,0.0,54.48778533935547,1.0425957441329956
3201,/7LUM-alt-1_assembled,224.0,False,all,0.0,P17987,10.075,0.0070710678118653,60.58666229248047,1.5165042877197266
3202,/7LUM-alt-1_assembled,225.0,False,all,0.0,P17987,8.83,0.0,38.134742736816406,2.369537591934204
3203,/7LUM-alt-1_assembled,235.0,False,all,0.0,P17987,10.54,0.0,86.45663452148438,2.464316129684448
3204,/7LUM-alt-1_assembled,238.0,False,all,0.0,P17987,11.16,0.0,19.503005981445312,1.0425970554351809
3205,/7LUM-alt-1_assembled,254.0,False,all,0.0,P17987,10.385000000000002,0.0070710678118653,74.12483215332031,0.9478118419647216
3206,/7LUM-alt-1_assembled,260.0,False,all,0.0,P17987,9.62,0.1272792206135796,69.36636352539062,2.559102773666382
3207,/7LUM-alt-1_assembled,270.0,False,all,0.0,P17987,9.615,0.0212132034355972,43.29533386230469,1.1373767852783203
3208,/7LUM-alt-1_assembled,281.0,False,all,0.0,P17987,11.155,0.0070710678118653,48.79103088378906,0.56868976354599
3209,/7LUM-alt-1_assembled,296.0,False,all,0.0,P17987,10.24,0.0,71.04188537597656,0.9478172063827516
3210,/7LUM-alt-1_assembled,307.0,False,all,0.0,P17987,10.9175,0.6553052723731135,44.93734359741211,7.075361251831055
3211,/7LUM-alt-1_assembled,318.0,False,all,0.0,P17987,9.735,0.0353553390593266,57.77179718017578,2.653881072998047
3212,/7LUM-alt-1_assembled,364.0,False,all,0.0,P17987,10.69,0.0,56.43138122558594,0.0
3213,/7LUM-alt-1_assembled,400.0,False,all,0.0,P17987,9.015,0.3235737937472684,37.73262023925781,5.979003429412842
3214,/7LUM-alt-1_assembled,406.0,False,all,0.0,P17987,9.845,0.4676537180435971,34.58264923095703,16.36219024658203
3215,/7LUM-alt-1_assembled,421.0,False,all,0.0,P17987,10.21,0.0,35.11881637573242,0.3791247308254242
3216,/7LUM-alt-1_assembled,459.0,False,all,0.0,P17987,9.79,0.0,50.198463439941406,0.094781182706356
3217,/7LUM-alt-1_assembled,466.0,False,all,0.0,P17987,10.515,0.1099999999999997,72.95196533203125,0.5620681643486023
3218,/7LUM-alt-1_assembled,476.0,False,all,0.0,P17987,10.54,0.0,45.43999481201172,0.9478145241737366
3219,/7LUM-alt-1_assembled,490.0,False,all,0.0,P17987,10.9,0.0,42.08896255493164,0.1895623654127121
3220,/7LUM-alt-1_assembled,504.0,False,all,0.0,P17987,12.78,0.0,20.10619354248047,0.9478145241737366
3221,/7LUM-alt-1_assembled,509.0,False,all,0.0,P17987,10.855,0.0353553390593278,48.053802490234375,1.0425957441329956
3222,/7LUM-alt-1_assembled,5.0,False,all,0.0,P17987,9.065,0.0636396103067891,5.428671836853027,0.6634706258773804
3223,/7LUM-alt-1_assembled,41.0,False,all,0.0,P17987,10.14,0.0282842712474625,55.49309539794922,0.9478145241737366
3224,/7LUM-alt-1_assembled,45.0,False,all,0.0,P17987,7.77,1.994041122946064,10.254158020019531,2.369537591934204
3225,/7LUM-alt-1_assembled,58.0,False,all,0.0,P17987,6.69,0.0141421356237312,4.423362731933594,1.516503930091858
3226,/7LUM-alt-1_assembled,104.0,False,all,0.0,P17987,9.425,0.0070710678118653,24.998699188232425,0.8530333042144775
3227,/7LUM-alt-1_assembled,127.0,False,all,0.0,P17987,8.24,0.0141421356237306,25.73592758178711,0.5686883926391602
3228,/7LUM-alt-1_assembled,129.0,False,all,0.0,P17987,9.74,0.0,28.28271102905273,0.1895623654127121
3229,/7LUM-alt-1_assembled,159.0,False,all,0.0,P17987,12.715,2.251703059168031,9.382889747619627,4.359948635101318
3230,/7LUM-alt-1_assembled,180.0,False,all,0.0,P17987,10.285,1.21820906799011,44.099586486816406,17.164613723754883
3231,/7LUM-alt-1_assembled,251.0,False,all,0.0,P17987,10.515,0.0070710678118653,78.28011322021484,0.3791247308254242
3232,/7LUM-alt-1_assembled,258.0,False,all,0.0,P17987,11.3,0.0,52.276100158691406,0.9478145241737366
3233,/7LUM-alt-1_assembled,273.0,False,all,0.0,P17987,11.385000000000002,0.0070710678118653,33.24224090576172,1.7060693502426147
3234,/7LUM-alt-1_assembled,295.0,False,all,0.0,P17987,10.74,0.0,37.19645690917969,1.0425983667373655
3235,/7LUM-alt-1_assembled,359.0,False,all,0.0,P17987,10.28,0.0141421356237306,32.63905334472656,0.2843435406684875
3236,/7LUM-alt-1_assembled,365.0,False,all,0.0,P17987,10.357499999999998,0.1876832437912347,67.18820190429688,4.490381717681885
3237,/7LUM-alt-1_assembled,377.0,False,all,0.0,P17987,9.45,0.0282842712474625,31.03055763244629,1.042595624923706
3238,/7LUM-alt-1_assembled,388.0,False,all,0.0,P17987,10.26,0.0,61.52494812011719,2.4643187522888184
3239,/7LUM-alt-1_assembled,424.0,False,all,0.0,P17987,10.53,0.0,71.2429428100586,1.2321608066558838
3240,/7LUM-alt-1_assembled,426.0,False,all,0.0,P17987,10.43,0.0,79.55349731445312,0.4739059209823608
3241,/7LUM-alt-1_assembled,449.0,False,all,0.0,P17987,11.725,0.2050609665440982,15.481768608093262,0.4739072620868683
3242,/7LUM-alt-1_assembled,465.0,False,all,0.0,P17987,10.91,0.0,50.6005859375,0.2843435406684875
3243,/7LUM-alt-1_assembled,501.0,False,all,0.0,P17987,10.58,0.0,37.73262023925781,0.0947838798165321
3244,/7LUM-alt-1_assembled,33.0,False,all,0.0,P17987,11.21,0.1979898987322328,34.11351013183594,0.663470983505249
3245,/7LUM-alt-1_assembled,43.0,False,all,0.0,P17987,8.675,0.0212132034355959,6.903126239776611,0.2843442261219024
3246,/7LUM-alt-1_assembled,63.0,False,all,0.0,P17987,10.335,0.0070710678118653,55.76117706298828,0.7582521438598633
3247,/7LUM-alt-1_assembled,73.0,False,all,0.0,P17987,10.235,0.0353553390593266,44.97085189819336,3.5069146156311035
3248,/7LUM-alt-1_assembled,102.0,False,all,0.0,P17987,9.745,0.0070710678118653,40.078346252441406,4.928640365600586
3249,/7LUM-alt-1_assembled,111.0,False,all,0.0,P17987,8.02,0.3676955262170044,18.631738662719727,0.7582521438598633
3250,/7LUM-alt-1_assembled,227.0,False,all,0.0,P17987,8.864999999999998,0.0070710678118653,26.00400924682617,0.3791260719299316
3251,/7LUM-alt-1_assembled,233.0,False,all,0.0,P17987,10.22,0.0,53.214393615722656,1.1373767852783203
3252,/7LUM-alt-1_assembled,298.0,False,all,0.0,P17987,9.17,0.0848528137423864,15.950912475585938,2.2747557163238525
3253,/7LUM-alt-1_assembled,313.0,False,all,0.0,P17987,10.585,0.0070710678118653,65.27810668945312,3.033008575439453
3254,/7LUM-alt-1_assembled,481.0,False,all,0.0,P17987,10.43,0.0,82.23432922363281,4.075606822967529
3255,/7LUM-alt-1_assembled,484.0,False,all,0.0,P17987,9.75,0.0,50.198463439941406,2.179975271224976
3256,/7LUM-alt-1_assembled,494.0,False,all,0.0,P17987,10.135000000000002,0.0070710678118653,57.83881378173828,1.232158064842224
3257,/7LUM-alt-1_assembled,499.0,False,all,0.0,P17987,10.63,0.0,63.133445739746094,2.27475643157959
3258,/7LUM-alt-1_assembled,510.0,False,all,0.0,P17987,11.64,0.0,43.563419342041016,0.1895623654127121
3259,/7LUM-alt-1_assembled,512.0,False,all,0.0,P17987,9.645,0.0494974746830585,47.45061492919922,4.170385360717773
3260,/7LUM-alt-1_assembled,515.0,False,all,0.0,P17987,10.715,0.0212132034355972,42.75917053222656,0.0
3261,/7LUM-alt-1_assembled,532.0,False,all,0.0,P17987,9.625,0.0212132034355972,58.10689926147461,0.094781182706356
3262,/AF-P26639-F1-model_v1,65.0,False,all,96.16,P26639,10.94,0.0,24.931678771972656,0.0
3263,/AF-P26639-F1-model_v1,75.0,False,all,89.54,P26639,10.52,0.0,52.67822647094727,0.0
3264,/AF-P26639-F1-model_v1,78.0,False,all,91.76,P26639,11.18,0.0,55.09096908569336,0.0
3265,/AF-P26639-F1-model_v1,81.0,False,all,95.0,P26639,10.55,0.0,68.36105346679688,0.0
3266,/AF-P26639-F1-model_v1,84.0,False,all,97.26,P26639,11.51,0.0,64.741943359375,0.0
3267,/AF-P26639-F1-model_v1,91.0,False,all,94.21,P26639,10.5,0.0,79.08435821533203,0.0
3268,/AF-P26639-F1-model_v1,99.0,False,all,95.12,P26639,11.33,0.0,38.4698486328125,0.0
3269,/AF-P26639-F1-model_v1,121.0,False,all,97.36,P26639,11.61,0.0,23.72530746459961,0.0
3270,/AF-P26639-F1-model_v1,143.0,False,all,96.5,P26639,10.51,0.0,66.88660430908203,0.0
3271,/AF-P26639-F1-model_v1,207.0,False,all,97.2,P26639,10.3,0.0,88.19916534423828,0.0
3272,/AF-P26639-F1-model_v1,208.0,False,all,97.3,P26639,10.51,0.0,70.37167358398438,0.0
3273,/AF-P26639-F1-model_v1,211.0,False,all,97.48,P26639,10.36,0.0,87.26087951660156,0.0
3274,/AF-P26639-F1-model_v1,213.0,False,all,97.24,P26639,10.38,0.0,73.58866882324219,0.0
3275,/AF-P26639-F1-model_v1,222.0,False,all,96.21,P26639,10.57,0.0,82.16730499267578,0.0
3276,/AF-P26639-F1-model_v1,231.0,False,all,96.24,P26639,10.36,0.0,79.3524398803711,0.0
3277,/AF-P26639-F1-model_v1,234.0,False,all,95.18,P26639,11.43,0.0,41.418758392333984,0.0
3278,/AF-P26639-F1-model_v1,236.0,False,all,96.08,P26639,11.06,0.0,3.887197256088257,0.0
3279,/AF-P26639-F1-model_v1,243.0,False,all,90.07,P26639,12.06,0.0,58.03987884521485,0.0
3280,/AF-P26639-F1-model_v1,271.0,False,all,95.99,P26639,8.42,0.0,28.68483543395996,0.0
3281,/AF-P26639-F1-model_v1,273.0,False,all,95.26,P26639,9.81,0.0,57.90583419799805,0.0
3282,/AF-P26639-F1-model_v1,276.0,False,all,97.09,P26639,11.21,0.0,39.00601577758789,0.0
3283,/AF-P26639-F1-model_v1,279.0,False,all,91.87,P26639,10.39,0.0,95.70547485351562,0.0
3284,/AF-P26639-F1-model_v1,288.0,False,all,81.26,P26639,11.64,0.0,61.92707443237305,0.0
3285,/AF-P26639-F1-model_v1,306.0,False,all,96.68,P26639,10.71,0.0,101.73733520507812,0.0
3286,/AF-P26639-F1-model_v1,309.0,False,all,95.8,P26639,10.48,0.0,93.42677307128906,0.0
3287,/AF-P26639-F1-model_v1,313.0,False,all,91.94,P26639,10.59,0.0,99.32459259033205,0.0
3288,/AF-P26639-F1-model_v1,319.0,False,all,87.51,P26639,10.67,0.0,93.29273223876952,0.0
3289,/AF-P26639-F1-model_v1,325.0,False,all,95.14,P26639,10.41,0.0,51.87397766113281,0.0
3290,/AF-P26639-F1-model_v1,348.0,False,all,98.23,P26639,10.4,0.0,39.81026077270508,0.0
3291,/AF-P26639-F1-model_v1,366.0,False,all,96.48,P26639,10.98,0.0,67.1546859741211,0.0
3292,/AF-P26639-F1-model_v1,403.0,False,all,94.14,P26639,10.47,0.0,88.46724700927734,0.0
3293,/AF-P26639-F1-model_v1,409.0,False,all,97.29,P26639,8.98,0.0,0.6702064275741577,0.0
3294,/AF-P26639-F1-model_v1,477.0,False,all,92.98,P26639,11.65,0.0,53.34843063354492,0.0
3295,/AF-P26639-F1-model_v1,495.0,False,all,90.67,P26639,11.44,0.0,50.8016471862793,0.0
3296,/AF-P26639-F1-model_v1,504.0,False,all,86.62,P26639,10.46,0.0,102.67562866210938,0.0
3297,/AF-P26639-F1-model_v1,517.0,False,all,91.56,P26639,10.47,0.0,90.34382629394533,0.0
3298,/AF-P26639-F1-model_v1,529.0,False,all,91.93,P26639,10.52,0.0,97.31397247314452,0.0
3299,/AF-P26639-F1-model_v1,543.0,False,all,94.72,P26639,11.42,0.0,12.733922004699709,0.0
3300,/AF-P26639-F1-model_v1,549.0,False,all,83.57,P26639,10.68,0.0,57.36967086791992,0.0
3301,/AF-P26639-F1-model_v1,583.0,False,all,88.45,P26639,10.4,0.0,81.09497833251953,0.0
3302,/AF-P26639-F1-model_v1,584.0,False,all,93.54,P26639,10.73,0.0,66.48448181152344,0.0
3303,/AF-P26639-F1-model_v1,611.0,False,all,94.83,P26639,10.47,0.0,58.44200134277344,0.0
3304,/AF-P26639-F1-model_v1,636.0,False,all,98.2,P26639,10.34,0.0,72.65037536621094,0.0
3305,/AF-P26639-F1-model_v1,645.0,False,all,96.61,P26639,10.42,0.0,93.56082153320312,0.0
3306,/AF-P26639-F1-model_v1,660.0,False,all,95.95,P26639,10.8,0.0,74.5269546508789,0.0
3307,/AF-P26639-F1-model_v1,661.0,False,all,97.15,P26639,10.4,0.0,11.393508911132812,0.0
3308,/AF-P26639-F1-model_v1,679.0,False,all,96.62,P26639,11.66,0.0,69.70146942138672,0.0
3309,/AF-P26639-F1-model_v1,681.0,False,all,97.19,P26639,10.89,0.0,39.81026077270508,0.0
3310,/AF-P26639-F1-model_v1,694.0,False,all,94.68,P26639,10.45,0.0,62.19515609741211,0.0
3311,/AF-P26639-F1-model_v1,712.0,False,all,96.38,P26639,8.72,0.0,29.623125076293945,0.0
3312,/AF-P26639-F1-model_v1,717.0,False,all,90.55,P26639,9.94,0.0,56.029258728027344,0.0
3313,/AF-Q12906-F1-model_v1,17.0,False,all,98.1,Q12906,10.03,0.0,10.455220222473145,0.0
3314,/AF-Q12906-F1-model_v1,43.0,False,all,96.21,Q12906,10.72,0.0,40.48046875,0.0
3315,/AF-Q12906-F1-model_v1,54.0,False,all,82.44,Q12906,11.47,0.0,71.98017120361328,0.0
3316,/AF-Q12906-F1-model_v1,100.0,False,all,97.34,Q12906,10.41,0.0,15.816871643066406,0.0
3317,/AF-Q12906-F1-model_v1,105.0,False,all,97.34,Q12906,10.27,0.0,51.47185516357422,0.0
3318,/AF-Q12906-F1-model_v1,117.0,False,all,93.92,Q12906,10.49,0.0,37.12943649291992,0.0
3319,/AF-Q12906-F1-model_v1,119.0,False,all,94.75,Q12906,11.8,0.0,10.589262008666992,0.0
3320,/AF-Q12906-F1-model_v1,127.0,False,all,96.02,Q12906,9.96,0.0,41.95492172241211,0.0
3321,/AF-Q12906-F1-model_v1,143.0,False,all,93.78,Q12906,10.44,0.0,100.12883758544922,0.0
3322,/AF-Q12906-F1-model_v1,158.0,False,all,97.67,Q12906,10.47,0.0,54.8228874206543,0.0
3323,/AF-Q12906-F1-model_v1,161.0,False,all,89.78,Q12906,10.56,0.0,86.18854522705078,0.0
3324,/AF-Q12906-F1-model_v1,182.0,False,all,87.39,Q12906,11.52,0.0,56.16329956054688,0.0
3325,/AF-Q12906-F1-model_v1,202.0,False,all,97.12,Q12906,11.59,0.0,42.62512969970703,0.0
3326,/AF-Q12906-F1-model_v1,214.0,False,all,96.46,Q12906,9.44,0.0,80.69285583496094,0.0
3327,/AF-Q12906-F1-model_v1,224.0,False,all,94.64,Q12906,9.86,0.0,67.1546859741211,0.0
3328,/AF-Q12906-F1-model_v1,257.0,False,all,97.64,Q12906,9.59,0.0,50.3995246887207,0.0
3329,/AF-Q12906-F1-model_v1,297.0,False,all,90.17,Q12906,12.34,0.0,38.60388946533203,0.0
3330,/AF-Q12906-F1-model_v1,332.0,False,all,97.56,Q12906,10.23,0.0,56.699462890625,0.0
3331,/AF-Q12906-F1-model_v1,371.0,False,all,70.42,Q12906,10.51,0.0,114.87338256835938,0.0
3332,/AF-Q12906-F1-model_v1,413.0,False,all,89.31,Q12906,11.23,0.0,37.66559982299805,0.0
3333,/AF-Q12906-F1-model_v1,419.0,False,all,95.92,Q12906,11.32,0.0,78.41415405273438,0.0
3334,/AF-Q12906-F1-model_v1,450.0,False,all,94.87,Q12906,10.19,0.0,51.73993682861328,0.0
3335,/AF-Q12906-F1-model_v1,451.0,False,all,93.41,Q12906,10.41,0.0,102.27349853515624,0.0
3336,/AF-Q12906-F1-model_v1,454.0,False,all,96.23,Q12906,10.1,0.0,46.91445159912109,0.0
3337,/AF-Q12906-F1-model_v1,460.0,False,all,94.69,Q12906,10.26,0.0,64.741943359375,0.0
3338,/AF-Q12906-F1-model_v1,523.0,False,all,84.69,Q12906,11.39,0.0,48.7910270690918,0.0
3339,/AF-Q12906-F1-model_v1,526.0,False,all,86.93,Q12906,11.48,0.0,43.027252197265625,0.0
3340,/AF-Q12906-F1-model_v1,535.0,False,all,89.9,Q12906,10.39,0.0,38.4698486328125,0.0
3341,/AF-Q12906-F1-model_v1,540.0,False,all,88.7,Q12906,11.51,0.0,80.5588150024414,0.0
3342,/AF-Q12906-F1-model_v1,553.0,False,all,86.4,Q12906,11.46,0.0,48.92506790161133,0.0
3343,/AF-Q12906-F1-model_v1,565.0,False,all,94.82,Q12906,12.71,0.0,48.12082290649414,0.0
3344,/AF-Q12906-F1-model_v1,573.0,False,all,92.89,Q12906,11.21,0.0,50.26548385620117,0.0
3345,/AF-Q12906-F1-model_v1,577.0,False,all,96.18,Q12906,9.85,0.0,49.99739837646485,0.0
3346,/AF-Q12906-F1-model_v1,587.0,False,all,89.69,Q12906,10.23,0.0,61.39091110229492,0.0
3347,/4H9N-alt1B_assembled/4H9N-alt1A_assembled/7K63-alt-1_assembled,56.0,False,all,0.0,P62805,10.55,0.3541186241925153,40.98312377929688,31.535783767700195
3348,/4H9N-alt1B_assembled/4H9N-alt1A_assembled/7K63-alt-1_assembled,64.0,False,all,0.0,P62805,9.177499999999998,1.2153566006183811,30.3603515625,11.73684310913086
3349,/4H9N-alt1B_assembled/4H9N-alt1A_assembled/7K63-alt-1_assembled,79.0,False,all,0.0,P62805,9.835714285714287,1.56632113717523,36.09540557861328,19.057716369628903
3350,/4H9N-alt1B_assembled/4H9N-alt1A_assembled/7K63-alt-1_assembled,122.0,False,all,0.0,P62805,10.375,1.3177885515767185,43.99905014038086,7.110823154449463
3351,/4H9N-alt1B_assembled/4H9N-alt1A_assembled/7K63-alt-1_assembled,31.0,False,all,0.0,P62805,8.88,1.4682642813880615,55.727664947509766,18.377960205078125
3352,/4H9N-alt1B_assembled/4H9N-alt1A_assembled/7K63-alt-1_assembled,44.0,False,all,0.0,P62805,9.672,0.6551869962079531,31.36566162109375,8.942172050476074
3353,/4H9N-alt1B_assembled/4H9N-alt1A_assembled/7K63-alt-1_assembled,59.0,False,all,0.0,P62805,11.1325,0.4611850676969784,37.833152770996094,8.118355751037598
3354,/4H9N-alt1B_assembled/4H9N-alt1A_assembled/7K63-alt-1_assembled,77.0,False,all,0.0,P62805,10.07,0.4196029869610874,65.34513092041016,19.044715881347656
3355,/4H9N-alt1B_assembled/4H9N-alt1A_assembled,208.0,False,all,0.0,P62805,10.36,0.0282842712474625,62.32919692993164,0.0
3356,/4H9N-alt1B_assembled/4H9N-alt1A_assembled,229.0,False,all,0.0,P62805,11.09,0.0,15.01262378692627,0.0
3357,/4H9N-alt1B_assembled/4H9N-alt1A_assembled,231.0,False,all,0.0,P62805,9.73,0.0,40.61450958251953,0.0
3358,/4H9N-alt1B_assembled/4H9N-alt1A_assembled,243.0,False,all,0.0,P62805,10.55,0.0,48.3889045715332,0.0
3359,/4H9N-alt1B_assembled/4H9N-alt1A_assembled,277.0,False,all,0.0,P62805,9.83,0.0,74.5269546508789,0.0
3360,/4H9N-alt1B_assembled/4H9N-alt1A_assembled,295.0,False,all,0.0,P62805,9.92,0.0,87.26087951660156,0.0
3361,/4H9N-alt1B_assembled/4H9N-alt1A_assembled,378.0,False,all,0.0,P62805,10.24,0.0,59.38029098510742,0.0
3362,/4H9N-alt1B_assembled/4H9N-alt1A_assembled,385.0,False,all,0.0,P62805,10.43,0.0,74.79503631591797,0.0
3363,/7K63-alt-1_assembled,37.0,False,all,0.0,P62805,11.53,0.0565685424949238,49.39421463012695,0.094781182706356
3364,/7K63-alt-1_assembled,115.0,False,all,0.0,P62805,8.835,0.8414570696119912,48.32188415527344,7.108613014221191
3365,/7K63-alt-1_assembled,20.0,False,all,0.0,P62805,10.69,0.1555634918610409,80.9609375,3.980820417404175
3366,/7K63-alt-1_assembled,13.0,False,all,0.0,P62805,10.63,0.0424264068711932,61.59197235107422,12.795499801635742
3367,/7K63-alt-1_assembled,15.0,False,all,0.0,P62805,10.15,0.2687005768508874,52.41014099121094,8.90946102142334
3368,/7K63-alt-1_assembled,36.0,False,all,0.0,P62805,9.23,1.1313708498984758,63.06642532348633,15.828511238098145
3369,/7K63-alt-1_assembled,74.0,False,all,0.0,P62805,10.413333333333334,0.140118997046558,55.85053634643555,10.439167976379396
3370,/7K63-alt-1_assembled,75.0,False,all,0.0,P62805,10.736666666666666,0.2950141239556726,35.20817565917969,15.681303024291992
3371,/7K63-alt-1_assembled,95.0,False,all,0.0,P62805,9.16,0.0282842712474612,54.01863861083984,2.085191249847412
3372,/7K63-alt-1_assembled,118.0,False,all,0.0,P62805,10.476666666666668,0.1137248140615468,85.20557403564453,3.569964647293091
3373,/7K63-alt-1_assembled,30.0,False,all,0.0,P62805,10.7,0.0141421356237319,71.91314697265625,1.9904155731201167
3374,/7K63-alt-1_assembled,34.0,False,all,0.0,P62805,10.905,0.5868986283848344,66.28341674804688,12.416375160217283
3375,/7K63-alt-1_assembled,43.0,False,all,0.0,P62805,10.17,0.1979898987322341,38.53687286376953,2.369537591934204
3376,/7K63-alt-1_assembled,46.0,False,all,0.0,P62805,10.103333333333332,0.367468819538928,41.37408065795898,19.981746673583984
3377,/7K63-alt-1_assembled,57.0,False,all,0.0,P62805,10.04,0.2330236039546213,51.96333694458008,13.06220531463623
3378,/7K63-alt-1_assembled,85.0,False,all,0.0,P62805,10.006666666666666,0.4759551799627073,62.9994010925293,9.81983757019043
3379,/7K63-alt-1_assembled,108.0,False,all,0.0,P62805,8.465,3.372899346259832,30.22630882263184,35.92218780517578
3380,/7K63-alt-1_assembled,120.0,False,all,0.0,P62805,10.195,0.0777817459305198,50.39952087402344,4.359947681427002
3381,/7K63-alt-1_assembled,116.0,False,all,0.0,P62805,10.575,0.7424621202458742,54.152679443359375,10.23640251159668
3382,/7K63-alt-1_assembled,35.0,False,all,0.0,P62805,10.54,0.0,69.1653060913086,0.0
3383,/7K63-alt-1_assembled,39.0,False,all,0.0,P62805,10.16,0.0,45.171913146972656,0.0
3384,/7K63-alt-1_assembled,40.0,False,all,0.0,P62805,4.08,0.0,8.578641891479492,0.0
3385,/7K63-alt-1_assembled,41.0,False,all,0.0,P62805,9.67,0.0,43.69746017456055,0.0
3386,/7K63-alt-1_assembled,50.0,False,all,0.0,P62805,6.49,0.0,17.157283782958984,0.0
3387,/7K63-alt-1_assembled,52.0,False,all,0.0,P62805,4.41,0.0,0.2680825591087341,0.0
3388,/7K63-alt-1_assembled,86.0,False,all,0.0,P62805,8.16,0.0,3.082949638366699,0.0
3389,/7K63-alt-1_assembled,100.0,False,all,0.0,P62805,7.59,0.0,22.652976989746094,0.0
3390,/7K63-alt-1_assembled,104.0,False,all,0.0,P62805,-2.57,0.0,1.3404128551483154,0.0
3391,/7K63-alt-1_assembled,125.0,False,all,0.0,P62805,10.0,0.0,65.54618835449219,0.0
3392,/7K63-alt-1_assembled,129.0,False,all,0.0,P62805,9.1,0.0,26.94229888916016,0.0
3393,/7K63-alt-1_assembled,130.0,False,all,0.0,P62805,10.4,0.0,77.07373809814453,0.0
3394,/7K63-alt-1_assembled,137.0,False,all,0.0,P62805,10.37,0.0,69.70146942138672,0.0
3395,/7K63-alt-1_assembled,139.0,False,all,0.0,P62805,10.2,0.0,60.720703125,0.0
3396,/7K63-alt-1_assembled,141.0,False,all,0.0,P62805,9.77,0.0,41.28471755981445,0.0
3397,/7K63-alt-1_assembled,142.0,False,all,0.0,P62805,7.79,0.0,15.816871643066406,0.0
3398,/7K63-alt-1_assembled,147.0,False,all,0.0,P62805,9.68,0.0,69.43338775634766,0.0
3399,/7K63-alt-1_assembled,149.0,False,all,0.0,P62805,10.66,0.0,8.71268367767334,0.0
3400,/7K63-alt-1_assembled,150.0,False,all,0.0,P62805,3.62,0.0,0.134041279554367,0.0
3401,/7K63-alt-1_assembled,156.0,False,all,0.0,P62805,6.08,0.0,15.816871643066406,0.0
3402,/7K63-alt-1_assembled,157.0,False,all,0.0,P62805,1.17,0.0,13.404129028320312,0.0
3403,/7K63-alt-1_assembled,159.0,False,all,0.0,P62805,4.12,0.0,7.640353202819824,0.0
3404,/7K63-alt-1_assembled,160.0,False,all,0.0,P62805,9.46,0.0,26.54017448425293,0.0
3405,/7K63-alt-1_assembled,168.0,False,all,0.0,P62805,8.96,0.0,35.923065185546875,0.0
3406,/7K63-alt-1_assembled,169.0,False,all,0.0,P62805,7.79,0.0,11.92967414855957,0.0
3407,/7K63-alt-1_assembled,172.0,False,all,0.0,P62805,8.54,0.0,19.57002830505371,0.0
3408,/7K63-alt-1_assembled,173.0,False,all,0.0,P62805,4.88,0.0,6.031857967376709,0.0
3409,/7K63-alt-1_assembled,176.0,False,all,0.0,P62805,7.94,0.0,19.43598747253418,0.0
3410,/7K63-alt-1_assembled,177.0,False,all,0.0,P62805,9.82,0.0,62.59728240966797,0.0
3411,/7K63-alt-1_assembled,179.0,False,all,0.0,P62805,9.63,0.0,25.19976234436035,0.0
3412,/7K63-alt-1_assembled,180.0,False,all,0.0,P62805,10.35,0.0,65.01002502441406,0.0
3413,/7K63-alt-1_assembled,188.0,False,all,0.0,P62805,8.84,0.0,34.18052673339844,0.0
3414,/7K63-alt-1_assembled,189.0,False,all,0.0,P62805,6.95,0.0,4.691444873809815,0.0
3415,/7K63-alt-1_assembled,191.0,False,all,0.0,P62805,2.58,0.0,0.0,0.0
3416,/7K63-alt-1_assembled,194.0,False,all,0.0,P62805,10.27,0.0,41.82088088989258,0.0
3417,/7K63-alt-1_assembled,195.0,False,all,0.0,P62805,9.61,0.0,72.65037536621094,0.0
3418,/7K63-alt-1_assembled,197.0,False,all,0.0,P62805,10.28,0.0,74.9290771484375,0.0
3419,/7K63-alt-1_assembled,200.0,False,all,0.0,P62805,-2.6,0.0,0.2680825591087341,0.0
3420,/7K63-alt-1_assembled,202.0,False,all,0.0,P62805,4.11,0.0,9.785014152526855,0.0
3421,/7K63-alt-1_assembled,203.0,False,all,0.0,P62805,8.84,0.0,29.086959838867188,0.0
3422,/7K63-alt-1_assembled,206.0,False,all,0.0,P62805,10.17,0.0,71.84613037109375,0.0
3423,/7K63-alt-1_assembled,210.0,False,all,0.0,P62805,10.29,0.0,86.32258605957031,0.0
3424,/7K63-alt-1_assembled,212.0,False,all,0.0,P62805,10.46,0.0,50.13144302368164,0.0
3425,/7K63-alt-1_assembled,215.0,False,all,0.0,P62805,6.71,0.0,24.3955135345459,0.0
3426,/7K63-alt-1_assembled,217.0,False,all,0.0,P62805,0.59,0.0,0.2680825591087341,0.0
3427,/7K63-alt-1_assembled,220.0,False,all,0.0,P62805,6.55,0.0,9.11480712890625,0.0
3428,/7K63-alt-1_assembled,222.0,False,all,0.0,P62805,4.89,0.0,7.238229274749756,0.0
3429,/7K63-alt-1_assembled,225.0,False,all,0.0,P62805,5.46,0.0,7.640353202819824,0.0
3430,/7K63-alt-1_assembled,227.0,False,all,0.0,P62805,5.32,0.0,0.0,0.0
3431,/7K63-alt-1_assembled,230.0,False,all,0.0,P62805,2.02,0.0,0.5361651182174683,0.0
3432,/7K63-alt-1_assembled,232.0,False,all,0.0,P62805,9.82,0.0,36.459228515625,0.0
3433,/7K63-alt-1_assembled,233.0,False,all,0.0,P62805,8.52,0.0,19.43598747253418,0.0
3434,/7K63-alt-1_assembled,237.0,False,all,0.0,P62805,10.31,0.0,63.66961288452149,0.0
3435,/7K63-alt-1_assembled,238.0,False,all,0.0,P62805,10.24,0.0,23.72530746459961,0.0
3436,/7K63-alt-1_assembled,239.0,False,all,0.0,P62805,10.44,0.0,79.48648071289062,0.0
3437,/7K63-alt-1_assembled,68.0,False,all,0.0,P62805,9.6,0.0,15.816871643066406,0.0
3438,/7K63-alt-1_assembled,89.0,False,all,0.0,P62805,10.97,0.0,30.963537216186523,0.0
3439,/7K63-alt-1_assembled,93.0,False,all,0.0,P62805,10.18,0.0,59.38029098510742,0.0
3440,/7K63-alt-1_assembled,105.0,False,all,0.0,P62805,11.25,0.0,40.74855041503906,0.0
3441,/7K63-alt-1_assembled,114.0,False,all,0.0,P62805,10.53,0.0,28.148670196533203,0.0
3442,/AF-P54886-F1-model_v1,59.0,False,all,73.95,P54886,10.48,0.0,97.44801330566406,0.0
3443,/AF-P54886-F1-model_v1,68.0,False,all,91.82,P54886,10.32,0.0,74.25887298583984,0.0
3444,/AF-P54886-F1-model_v1,71.0,False,all,94.37,P54886,10.19,0.0,79.75456237792969,0.0
3445,/AF-P54886-F1-model_v1,76.0,False,all,95.06,P54886,10.54,0.0,10.723302841186523,0.0
3446,/AF-P54886-F1-model_v1,124.0,False,all,83.02,P54886,10.33,0.0,68.89722442626953,0.0
3447,/AF-P54886-F1-model_v1,199.0,False,all,89.86,P54886,10.72,0.0,54.95692825317383,0.0
3448,/AF-P54886-F1-model_v1,258.0,False,all,91.72,P54886,10.34,0.0,91.28211975097656,0.0
3449,/AF-P54886-F1-model_v1,282.0,False,all,73.06,P54886,11.67,0.0,54.01863861083984,0.0
3450,/AF-P54886-F1-model_v1,311.0,False,all,86.53,P54886,9.81,0.0,23.323183059692383,0.0
3451,/AF-P54886-F1-model_v1,313.0,False,all,86.99,P54886,11.36,0.0,68.62913513183594,0.0
3452,/AF-P54886-F1-model_v1,347.0,False,all,85.08,P54886,12.73,0.0,58.7100830078125,0.0
3453,/AF-P54886-F1-model_v1,348.0,False,all,83.01,P54886,12.33,0.0,31.36566162109375,0.0
3454,/AF-P54886-F1-model_v1,408.0,False,all,97.24,P54886,10.64,0.0,80.02265167236328,0.0
3455,/AF-P54886-F1-model_v1,409.0,False,all,97.13,P54886,10.35,0.0,81.49710083007812,0.0
3456,/AF-P54886-F1-model_v1,424.0,False,all,85.42,P54886,10.55,0.0,97.44801330566406,0.0
3457,/AF-P54886-F1-model_v1,432.0,False,all,91.19,P54886,10.75,0.0,43.42937850952149,0.0
3458,/AF-P54886-F1-model_v1,462.0,False,all,96.53,P54886,10.43,0.0,80.29073333740234,0.0
3459,/AF-P54886-F1-model_v1,504.0,False,all,94.11,P54886,8.78,0.0,19.167903900146484,0.0
3460,/AF-P54886-F1-model_v1,507.0,False,all,89.2,P54886,10.14,0.0,92.48848724365234,0.0
3461,/AF-P54886-F1-model_v1,530.0,False,all,95.65,P54886,10.34,0.0,75.19715881347656,0.0
3462,/AF-P54886-F1-model_v1,550.0,False,all,86.77,P54886,10.61,0.0,106.9649429321289,0.0
3463,/AF-P54886-F1-model_v1,569.0,False,all,89.88,P54886,10.45,0.0,100.66500854492188,0.0
3464,/AF-P54886-F1-model_v1,572.0,False,all,85.41,P54886,10.41,0.0,112.86276245117188,0.0
3465,/AF-P54886-F1-model_v1,596.0,False,all,95.6,P54886,11.24,0.0,42.62512969970703,0.0
3466,/AF-P54886-F1-model_v1,605.0,False,all,98.18,P54886,9.87,0.0,10.723302841186523,0.0
3467,/AF-P54886-F1-model_v1,643.0,False,all,95.64,P54886,11.37,0.0,60.720703125,0.0
3468,/AF-P54886-F1-model_v1,649.0,False,all,93.17,P54886,12.24,0.0,32.97415542602539,0.0
3469,/AF-P54886-F1-model_v1,662.0,False,all,84.51,P54886,10.42,0.0,107.76919555664062,0.0
3470,/AF-P54886-F1-model_v1,690.0,False,all,98.11,P54886,11.08,0.0,66.61852264404297,0.0
3471,/AF-P54886-F1-model_v1,761.0,False,all,98.27,P54886,10.28,0.0,69.1653060913086,0.0
3472,/AF-P54886-F1-model_v1,767.0,False,all,96.47,P54886,10.4,0.0,76.40353393554688,0.0
3473,/AF-P54886-F1-model_v1,781.0,False,all,96.06,P54886,10.44,0.0,83.10559844970703,0.0
3474,/AF-P68104-F1-model_v1,5.0,False,all,82.58,P68104,11.33,0.0,31.63374328613281,0.0
3475,/AF-P68104-F1-model_v1,20.0,False,all,91.91,P68104,8.75,0.0,11.92967414855957,0.0
3476,/AF-P68104-F1-model_v1,30.0,False,all,82.95,P68104,10.53,0.0,67.55680847167969,0.0
3477,/AF-P68104-F1-model_v1,36.0,False,all,79.82,P68104,10.82,0.0,76.5375747680664,0.0
3478,/AF-P68104-F1-model_v1,41.0,False,all,82.67,P68104,10.56,0.0,74.9290771484375,0.0
3479,/AF-P68104-F1-model_v1,44.0,False,all,80.49,P68104,10.56,0.0,85.51834106445312,0.0
3480,/AF-P68104-F1-model_v1,55.0,False,all,76.4,P68104,11.58,0.0,31.09757804870605,0.0
3481,/AF-P68104-F1-model_v1,62.0,False,all,74.71,P68104,9.99,0.0,84.5800552368164,0.0
3482,/AF-P68104-F1-model_v1,64.0,False,all,74.75,P68104,10.71,0.0,87.52896118164062,0.0
3483,/AF-P68104-F1-model_v1,79.0,False,all,82.29,P68104,10.25,0.0,28.014629364013672,0.0
3484,/AF-P68104-F1-model_v1,84.0,False,all,85.99,P68104,10.5,0.0,70.23763275146484,0.0
3485,/AF-P68104-F1-model_v1,100.0,False,all,72.88,P68104,10.1,0.0,86.32258605957031,0.0
3486,/AF-P68104-F1-model_v1,129.0,False,all,82.03,P68104,10.39,0.0,111.92447662353516,0.0
3487,/AF-P68104-F1-model_v1,146.0,False,all,87.84,P68104,9.81,0.0,99.32459259033205,0.0
3488,/AF-P68104-F1-model_v1,154.0,False,all,96.29,P68104,10.58,0.0,32.70607376098633,0.0
3489,/AF-P68104-F1-model_v1,165.0,False,all,97.08,P68104,10.51,0.0,92.08636474609376,0.0
3490,/AF-P68104-F1-model_v1,172.0,False,all,97.24,P68104,10.54,0.0,99.05651092529295,0.0
3491,/AF-P68104-F1-model_v1,179.0,False,all,94.67,P68104,10.49,0.0,91.01403045654295,0.0
3492,/AF-P68104-F1-model_v1,180.0,False,all,89.62,P68104,10.29,0.0,84.44600677490234,0.0
3493,/AF-P68104-F1-model_v1,212.0,False,all,94.53,P68104,10.27,0.0,76.5375747680664,0.0
3494,/AF-P68104-F1-model_v1,215.0,False,all,95.22,P68104,10.4,0.0,92.22040557861328,0.0
3495,/AF-P68104-F1-model_v1,219.0,False,all,83.43,P68104,10.52,0.0,106.69686126708984,0.0
3496,/AF-P68104-F1-model_v1,244.0,False,all,91.07,P68104,10.22,0.0,42.893211364746094,0.0
3497,/AF-P68104-F1-model_v1,255.0,False,all,89.92,P68104,10.41,0.0,99.1905517578125,0.0
3498,/AF-P68104-F1-model_v1,273.0,False,all,95.45,P68104,11.42,0.0,51.87397766113281,0.0
3499,/AF-P68104-F1-model_v1,290.0,False,all,94.66,P68104,11.25,0.0,31.49970245361328,0.0
3500,/AF-P68104-F1-model_v1,313.0,False,all,85.78,P68104,10.03,0.0,61.122825622558594,0.0
3501,/AF-P68104-F1-model_v1,318.0,False,all,90.88,P68104,10.47,0.0,97.179931640625,0.0
3502,/AF-P68104-F1-model_v1,330.0,False,all,89.79,P68104,10.3,0.0,69.43338775634766,0.0
3503,/AF-P68104-F1-model_v1,371.0,False,all,97.65,P68104,10.34,0.0,89.27149963378906,0.0
3504,/AF-P68104-F1-model_v1,376.0,False,all,96.39,P68104,11.67,0.0,46.91445159912109,0.0
3505,/AF-P68104-F1-model_v1,378.0,False,all,95.12,P68104,11.27,0.0,32.1699104309082,0.0
3506,/AF-P68104-F1-model_v1,385.0,False,all,84.66,P68104,10.45,0.0,93.96294403076172,0.0
3507,/AF-P68104-F1-model_v1,386.0,False,all,92.15,P68104,12.47,0.0,42.08896255493164,0.0
3508,/AF-P68104-F1-model_v1,392.0,False,all,95.42,P68104,10.48,0.0,98.25226593017578,0.0
3509,/AF-P68104-F1-model_v1,395.0,False,all,93.34,P68104,10.39,0.0,76.13545227050781,0.0
3510,/AF-P68104-F1-model_v1,408.0,False,all,94.9,P68104,10.31,0.0,95.70547485351562,0.0
3511,/AF-P68104-F1-model_v1,439.0,False,all,94.2,P68104,9.96,0.0,73.72270965576172,0.0
3512,/AF-P68104-F1-model_v1,443.0,False,all,92.92,P68104,11.15,0.0,36.19114685058594,0.0
3513,/AF-P68104-F1-model_v1,444.0,False,all,89.25,P68104,11.41,0.0,58.57604217529297,0.0
3514,/AF-P68104-F1-model_v1,450.0,False,all,84.69,P68104,11.35,0.0,63.267486572265625,0.0
3515,/AF-P68104-F1-model_v1,453.0,False,all,85.01,P68104,10.45,0.0,94.09698486328124,0.0
3516,/AF-P68104-F1-model_v1,460.0,False,all,78.05,P68104,10.42,0.0,86.85875701904297,0.0
3517,/AF-Q05639-F1-model_v1,5.0,False,all,86.13,Q05639,11.31,0.0,29.623125076293945,0.0
3518,/AF-Q05639-F1-model_v1,20.0,False,all,92.32,Q05639,8.67,0.0,11.25946807861328,0.0
3519,/AF-Q05639-F1-model_v1,30.0,False,all,83.26,Q05639,10.07,0.0,49.99739837646485,0.0
3520,/AF-Q05639-F1-model_v1,36.0,False,all,81.71,Q05639,10.97,0.0,79.08435821533203,0.0
3521,/AF-Q05639-F1-model_v1,41.0,False,all,84.62,Q05639,10.6,0.0,78.5481948852539,0.0
3522,/AF-Q05639-F1-model_v1,44.0,False,all,82.54,Q05639,10.67,0.0,78.9503173828125,0.0
3523,/AF-Q05639-F1-model_v1,55.0,False,all,80.31,Q05639,11.42,0.0,31.63374328613281,0.0
3524,/AF-Q05639-F1-model_v1,62.0,False,all,73.58,Q05639,10.01,0.0,92.3544464111328,0.0
3525,/AF-Q05639-F1-model_v1,64.0,False,all,71.34,Q05639,10.89,0.0,88.06512451171875,0.0
3526,/AF-Q05639-F1-model_v1,79.0,False,all,81.13,Q05639,10.63,0.0,37.12943649291992,0.0
3527,/AF-Q05639-F1-model_v1,84.0,False,all,89.19,Q05639,10.35,0.0,77.20777893066406,0.0
3528,/AF-Q05639-F1-model_v1,100.0,False,all,71.34,Q05639,9.45,0.0,78.81627655029297,0.0
3529,/AF-Q05639-F1-model_v1,129.0,False,all,81.52,Q05639,10.39,0.0,105.6245346069336,0.0
3530,/AF-Q05639-F1-model_v1,146.0,False,all,89.62,Q05639,9.84,0.0,101.6032943725586,0.0
3531,/AF-Q05639-F1-model_v1,154.0,False,all,96.5,Q05639,10.62,0.0,30.829496383666992,0.0
3532,/AF-Q05639-F1-model_v1,165.0,False,all,97.58,Q05639,10.51,0.0,98.7884292602539,0.0
3533,/AF-Q05639-F1-model_v1,172.0,False,all,97.51,Q05639,10.48,0.0,99.05651092529295,0.0
3534,/AF-Q05639-F1-model_v1,179.0,False,all,95.04,Q05639,10.39,0.0,90.61190795898438,0.0
3535,/AF-Q05639-F1-model_v1,180.0,False,all,89.98,Q05639,10.25,0.0,89.67362213134766,0.0
3536,/AF-Q05639-F1-model_v1,212.0,False,all,95.36,Q05639,10.32,0.0,77.74394989013672,0.0
3537,/AF-Q05639-F1-model_v1,215.0,False,all,96.05,Q05639,10.45,0.0,95.83952331542967,0.0
3538,/AF-Q05639-F1-model_v1,219.0,False,all,89.71,Q05639,10.54,0.0,98.11822509765624,0.0
3539,/AF-Q05639-F1-model_v1,244.0,False,all,91.33,Q05639,10.14,0.0,52.00801849365234,0.0
3540,/AF-Q05639-F1-model_v1,255.0,False,all,88.64,Q05639,10.41,0.0,105.222412109375,0.0
3541,/AF-Q05639-F1-model_v1,290.0,False,all,94.65,Q05639,11.22,0.0,34.98477554321289,0.0
3542,/AF-Q05639-F1-model_v1,313.0,False,all,86.67,Q05639,10.15,0.0,71.04188537597656,0.0
3543,/AF-Q05639-F1-model_v1,318.0,False,all,92.68,Q05639,10.48,0.0,93.69486236572266,0.0
3544,/AF-Q05639-F1-model_v1,330.0,False,all,90.9,Q05639,10.36,0.0,86.59066772460938,0.0
3545,/AF-Q05639-F1-model_v1,371.0,False,all,97.69,Q05639,10.35,0.0,75.06311798095703,0.0
3546,/AF-Q05639-F1-model_v1,376.0,False,all,95.98,Q05639,11.49,0.0,31.63374328613281,0.0
3547,/AF-Q05639-F1-model_v1,378.0,False,all,95.24,Q05639,11.31,0.0,42.62512969970703,0.0
3548,/AF-Q05639-F1-model_v1,385.0,False,all,85.06,Q05639,10.45,0.0,86.72471618652344,0.0
3549,/AF-Q05639-F1-model_v1,386.0,False,all,92.47,Q05639,12.49,0.0,41.28471755981445,0.0
3550,/AF-Q05639-F1-model_v1,392.0,False,all,94.66,Q05639,10.49,0.0,109.77981567382812,0.0
3551,/AF-Q05639-F1-model_v1,395.0,False,all,93.52,Q05639,10.41,0.0,75.73332977294922,0.0
3552,/AF-Q05639-F1-model_v1,408.0,False,all,94.9,Q05639,10.28,0.0,96.10760498046876,0.0
3553,/AF-Q05639-F1-model_v1,439.0,False,all,93.06,Q05639,9.92,0.0,64.87598419189453,0.0
3554,/AF-Q05639-F1-model_v1,443.0,False,all,93.37,Q05639,11.04,0.0,31.901826858520508,0.0
3555,/AF-Q05639-F1-model_v1,444.0,False,all,89.95,Q05639,11.39,0.0,53.48247146606445,0.0
3556,/AF-Q05639-F1-model_v1,450.0,False,all,87.01,Q05639,10.77,0.0,66.21639251708984,0.0
3557,/AF-Q05639-F1-model_v1,453.0,False,all,86.88,Q05639,10.44,0.0,94.23102569580078,0.0
3558,/AF-Q05639-F1-model_v1,460.0,False,all,80.4,Q05639,10.41,0.0,88.19916534423828,0.0
3559,/3KLT-alt-1_assembled/AF-P08670-F1-model_v1,282.0,False,all,19.158,P08670,10.624,0.32191613814781,68.25382232666016,8.207989692687988
3560,/3KLT-alt-1_assembled/AF-P08670-F1-model_v1,292.0,False,all,19.332,P08670,10.59,0.1779044687465716,68.49510192871094,4.764596939086914
3561,/3KLT-alt-1_assembled/AF-P08670-F1-model_v1,313.0,False,all,19.038,P08670,10.412,0.1570668647423765,65.5193862915039,11.817471504211426
3562,/3KLT-alt-1_assembled/AF-P08670-F1-model_v1,334.0,False,all,22.9825,P08670,10.3475,0.2579890178541197,57.50371170043945,17.416427612304688
3563,/AF-P08670-F1-model_v1,97.0,False,all,82.39,P08670,10.31,0.0,66.48448181152344,0.0
3564,/AF-P08670-F1-model_v1,104.0,False,all,89.75,P08670,10.42,0.0,84.5800552368164,0.0
3565,/AF-P08670-F1-model_v1,120.0,False,all,95.5,P08670,10.29,0.0,62.86536407470703,0.0
3566,/AF-P08670-F1-model_v1,129.0,False,all,96.41,P08670,10.54,0.0,81.3630599975586,0.0
3567,/AF-P08670-F1-model_v1,139.0,False,all,78.72,P08670,10.35,0.0,68.89722442626953,0.0
3568,/AF-P08670-F1-model_v1,143.0,False,all,70.51,P08670,10.32,0.0,73.45462799072266,0.0
3569,/AF-P08670-F1-model_v1,168.0,False,all,95.18,P08670,10.82,0.0,80.15669250488281,0.0
3570,/AF-P08670-F1-model_v1,188.0,False,all,90.85,P08670,10.43,0.0,121.0392837524414,0.0
3571,/AF-P08670-F1-model_v1,223.0,False,all,97.56,P08670,10.37,0.0,79.3524398803711,0.0
3572,/AF-P08670-F1-model_v1,235.0,False,all,96.26,P08670,10.38,0.0,76.80565643310547,0.0
3573,/AF-P08670-F1-model_v1,236.0,False,all,97.05,P08670,10.41,0.0,83.23963928222656,0.0
3574,/AF-P08670-F1-model_v1,373.0,False,all,97.86,P08670,10.34,0.0,77.47586059570312,0.0
3575,/AF-P08670-F1-model_v1,390.0,False,all,97.58,P08670,11.39,0.0,68.4950942993164,0.0
3576,/AF-P08670-F1-model_v1,402.0,False,all,92.54,P08670,10.56,0.0,79.62052154541016,0.0
3577,/AF-P08670-F1-model_v1,445.0,False,all,76.97,P08670,11.13,0.0,50.53356552124024,0.0
3578,/AF-P08238-F1-model_v1,36.0,False,all,90.99,P08238,10.46,0.0,54.152679443359375,0.0
3579,/AF-P08238-F1-model_v1,53.0,False,all,91.33,P08238,8.84,0.0,15.816871643066406,0.0
3580,/AF-P08238-F1-model_v1,64.0,False,all,90.94,P08238,11.32,0.0,23.59126663208008,0.0
3581,/AF-P08238-F1-model_v1,69.0,False,all,90.57,P08238,10.58,0.0,88.06512451171875,0.0
3582,/AF-P08238-F1-model_v1,72.0,False,all,96.42,P08238,12.06,0.0,32.1699104309082,0.0
3583,/AF-P08238-F1-model_v1,95.0,False,all,95.18,P08238,10.41,0.0,57.77179336547852,0.0
3584,/AF-P08238-F1-model_v1,107.0,False,all,79.49,P08238,10.21,0.0,44.3676643371582,0.0
3585,/AF-P08238-F1-model_v1,111.0,False,all,81.55,P08238,10.63,0.0,57.90583419799805,0.0
3586,/AF-P08238-F1-model_v1,142.0,False,all,96.25,P08238,11.23,0.0,37.39751815795898,0.0
3587,/AF-P08238-F1-model_v1,148.0,False,all,97.07,P08238,9.91,0.0,26.54017448425293,0.0
3588,/AF-P08238-F1-model_v1,180.0,False,all,97.62,P08238,10.07,0.0,55.89521789550781,0.0
3589,/AF-P08238-F1-model_v1,186.0,False,all,95.73,P08238,9.33,0.0,38.60388946533203,0.0
3590,/AF-P08238-F1-model_v1,199.0,False,all,94.37,P08238,12.27,0.0,28.81887626647949,0.0
3591,/AF-P08238-F1-model_v1,203.0,False,all,89.53,P08238,10.07,0.0,75.3311996459961,0.0
3592,/AF-P08238-F1-model_v1,204.0,False,all,86.51,P08238,11.16,0.0,60.05049514770508,0.0
3593,/AF-P08238-F1-model_v1,219.0,False,all,84.16,P08238,11.88,0.0,42.4910888671875,0.0
3594,/AF-P08238-F1-model_v1,223.0,False,all,77.42,P08238,10.77,0.0,71.1759262084961,0.0
3595,/AF-P08238-F1-model_v1,273.0,False,all,74.58,P08238,11.5,0.0,73.32058715820312,0.0
3596,/AF-P08238-F1-model_v1,275.0,False,all,81.67,P08238,11.64,0.0,47.04849243164063,0.0
3597,/AF-P08238-F1-model_v1,284.0,False,all,84.55,P08238,10.58,0.0,76.939697265625,0.0
3598,/AF-P08238-F1-model_v1,286.0,False,all,85.68,P08238,10.36,0.0,107.09899139404295,0.0
3599,/AF-P08238-F1-model_v1,306.0,False,all,92.9,P08238,11.33,0.0,45.171913146972656,0.0
3600,/AF-P08238-F1-model_v1,319.0,False,all,97.33,P08238,10.72,0.0,24.797637939453125,0.0
3601,/AF-P08238-F1-model_v1,349.0,False,all,71.61,P08238,9.4,0.0,38.20176696777344,0.0
3602,/AF-P08238-F1-model_v1,350.0,False,all,72.89,P08238,11.6,0.0,90.61190795898438,0.0
3603,/AF-P08238-F1-model_v1,354.0,False,all,91.17,P08238,8.98,0.0,40.48046875,0.0
3604,/AF-P08238-F1-model_v1,399.0,False,all,83.57,P08238,10.45,0.0,110.31597900390624,0.0
3605,/AF-P08238-F1-model_v1,402.0,False,all,88.43,P08238,10.44,0.0,97.85013580322266,0.0
3606,/AF-P08238-F1-model_v1,406.0,False,all,94.04,P08238,10.39,0.0,104.15007781982422,0.0
3607,/AF-P08238-F1-model_v1,410.0,False,all,96.86,P08238,10.28,0.0,72.24825286865234,0.0
3608,/AF-P08238-F1-model_v1,411.0,False,all,97.44,P08238,11.27,0.0,44.501708984375,0.0
3609,/AF-P08238-F1-model_v1,423.0,False,all,91.93,P08238,10.74,0.0,111.52235412597656,0.0
3610,/AF-P08238-F1-model_v1,427.0,False,all,95.47,P08238,10.68,0.0,80.29073333740234,0.0
3611,/AF-P08238-F1-model_v1,428.0,False,all,95.87,P08238,11.35,0.0,66.7525634765625,0.0
3612,/AF-P08238-F1-model_v1,435.0,False,all,96.14,P08238,10.37,0.0,99.72671508789062,0.0
3613,/AF-P08238-F1-model_v1,438.0,False,all,97.88,P08238,13.33,0.0,4.557403564453125,0.0
3614,/AF-P08238-F1-model_v1,477.0,False,all,93.06,P08238,9.94,0.0,47.31657409667969,0.0
3615,/AF-P08238-F1-model_v1,481.0,False,all,92.33,P08238,10.48,0.0,95.97356414794922,0.0
3616,/AF-P08238-F1-model_v1,491.0,False,all,94.18,P08238,10.77,0.0,38.87197494506836,0.0
3617,/AF-P08238-F1-model_v1,505.0,False,all,93.68,P08238,10.23,0.0,67.95893096923828,0.0
3618,/AF-P08238-F1-model_v1,526.0,False,all,91.59,P08238,10.4,0.0,88.33320617675781,0.0
3619,/AF-P08238-F1-model_v1,531.0,False,all,95.5,P08238,10.23,0.0,43.16129302978516,0.0
3620,/AF-P08238-F1-model_v1,538.0,False,all,93.17,P08238,9.24,0.0,27.88058853149414,0.0
3621,/AF-P08238-F1-model_v1,551.0,False,all,92.28,P08238,10.43,0.0,72.24825286865234,0.0
3622,/AF-P08238-F1-model_v1,552.0,False,all,91.88,P08238,11.24,0.0,58.173919677734375,0.0
3623,/AF-P08238-F1-model_v1,557.0,False,all,94.39,P08238,10.33,0.0,63.267486572265625,0.0
3624,/AF-P08238-F1-model_v1,559.0,False,all,95.47,P08238,11.03,0.0,45.30595397949219,0.0
3625,/AF-P08238-F1-model_v1,565.0,False,all,95.68,P08238,11.5,0.0,66.08235168457031,0.0
3626,/AF-P08238-F1-model_v1,568.0,False,all,95.82,P08238,10.23,0.0,33.64436340332031,0.0
3627,/AF-P08238-F1-model_v1,573.0,False,all,89.86,P08238,10.64,0.0,80.69285583496094,0.0
3628,/AF-P08238-F1-model_v1,574.0,False,all,88.9,P08238,10.27,0.0,55.62713241577149,0.0
3629,/AF-P08238-F1-model_v1,577.0,False,all,93.42,P08238,11.16,0.0,44.09958267211914,0.0
3630,/AF-P08238-F1-model_v1,607.0,False,all,83.15,P08238,11.16,0.0,42.75917053222656,0.0
3631,/AF-P08238-F1-model_v1,623.0,False,all,79.09,P08238,11.5,0.0,64.07173156738281,0.0
3632,/AF-P08238-F1-model_v1,624.0,False,all,90.61,P08238,9.62,0.0,32.303951263427734,0.0
3633,/AF-P08238-F1-model_v1,641.0,False,all,92.42,P08238,10.52,0.0,71.44400787353516,0.0
3634,/AF-P08238-F1-model_v1,646.0,False,all,81.41,P08238,10.45,0.0,86.85875701904297,0.0
3635,/AF-P08238-F1-model_v1,649.0,False,all,84.41,P08238,10.49,0.0,93.69486236572266,0.0
3636,/AF-P08238-F1-model_v1,652.0,False,all,89.14,P08238,10.37,0.0,51.73993682861328,0.0
3637,/AF-P08238-F1-model_v1,685.0,False,all,87.1,P08238,10.31,0.0,73.85675048828125,0.0
3638,/AF-Q6IS14-F1-model_v1,27.0,False,all,95.87,Q6IS14,10.42,0.0,91.1480712890625,0.0
3639,/AF-Q6IS14-F1-model_v1,34.0,False,all,94.45,Q6IS14,10.52,0.0,76.13545227050781,0.0
3640,/AF-Q6IS14-F1-model_v1,39.0,False,all,97.67,Q6IS14,10.29,0.0,80.42477416992188,0.0
3641,/AF-Q6IS14-F1-model_v1,50.0,False,all,78.0,Q6IS14,10.46,0.0,86.9927978515625,0.0
3642,/AF-Q6IS14-F1-model_v1,55.0,False,all,92.96,Q6IS14,10.34,0.0,67.82489013671875,0.0
3643,/AF-Q6IS14-F1-model_v1,67.0,False,all,96.19,Q6IS14,11.3,0.0,73.05249786376953,0.0
3644,/AF-Q6IS14-F1-model_v1,68.0,False,all,97.98,Q6IS14,10.7,0.0,63.66961288452149,0.0
3645,/AF-Q6IS14-F1-model_v1,85.0,False,all,92.41,Q6IS14,10.47,0.0,115.14146423339844,0.0
3646,/AF-Q6IS14-F1-model_v1,121.0,False,all,93.98,Q6IS14,10.42,0.0,80.9609375,0.0
3647,/AF-Q6IS14-F1-model_v1,126.0,False,all,92.93,Q6IS14,11.45,0.0,41.15067672729492,0.0
3648,/AF-Q6IS14-F1-model_v1,150.0,False,all,92.62,Q6IS14,11.03,0.0,59.24625015258789,0.0
3649,/2LLH-alt-14_assembled/2LLH-alt-9_assembled/2LLH-alt-8_assembled/2LLH-alt-15_assembled/2LLH-alt-17_assembled/2LLH-alt-16_assembled/2LLH-alt-12_assembled/2LLH-alt-13_assembled/2LLH-alt-11_assembled/2LLH-alt-10_assembled/2LLH-alt-1_assembled/2LLH-alt-20_assembled/2LLH-alt-3_assembled/2LLH-alt-2_assembled/2LLH-alt-6_assembled/2LLH-alt-7_assembled/2LLH-alt-18_assembled/2LLH-alt-5_assembled/2LLH-alt-4_assembled/2LLH-alt-19_assembled,5.0,False,all,0.0,P06748,10.502,0.2269384335708232,86.05450439453125,11.293598175048828
3650,/2LLH-alt-14_assembled/2LLH-alt-9_assembled/2LLH-alt-8_assembled/2LLH-alt-15_assembled/2LLH-alt-17_assembled/2LLH-alt-16_assembled/2LLH-alt-12_assembled/2LLH-alt-13_assembled/2LLH-alt-11_assembled/2LLH-alt-10_assembled/2LLH-alt-1_assembled/2LLH-alt-20_assembled/2LLH-alt-3_assembled/2LLH-alt-2_assembled/2LLH-alt-6_assembled/2LLH-alt-7_assembled/2LLH-alt-18_assembled/2LLH-alt-5_assembled/2LLH-alt-4_assembled/2LLH-alt-19_assembled,6.0,False,all,0.0,P06748,10.4835,0.2370270915006621,84.88835144042969,11.53510284423828
3651,/2LLH-alt-14_assembled/2LLH-alt-9_assembled/2LLH-alt-8_assembled/2LLH-alt-15_assembled/2LLH-alt-17_assembled/2LLH-alt-16_assembled/2LLH-alt-12_assembled/2LLH-alt-13_assembled/2LLH-alt-11_assembled/2LLH-alt-10_assembled/2LLH-alt-1_assembled/2LLH-alt-20_assembled/2LLH-alt-3_assembled/2LLH-alt-2_assembled/2LLH-alt-6_assembled/2LLH-alt-7_assembled/2LLH-alt-18_assembled/2LLH-alt-5_assembled/2LLH-alt-4_assembled/2LLH-alt-19_assembled,9.0,False,all,0.0,P06748,10.432,0.0594359451758561,90.06903076171875,10.263293266296388
3652,/2LLH-alt-14_assembled/2LLH-alt-9_assembled/2LLH-alt-8_assembled/2LLH-alt-15_assembled/2LLH-alt-17_assembled/2LLH-alt-16_assembled/2LLH-alt-12_assembled/2LLH-alt-13_assembled/2LLH-alt-11_assembled/2LLH-alt-10_assembled/2LLH-alt-1_assembled/2LLH-alt-20_assembled/2LLH-alt-3_assembled/2LLH-alt-2_assembled/2LLH-alt-6_assembled/2LLH-alt-7_assembled/2LLH-alt-18_assembled/2LLH-alt-5_assembled/2LLH-alt-4_assembled/2LLH-alt-19_assembled,12.0,False,all,0.0,P06748,10.374999999999998,0.0778324786759492,90.39073944091795,12.047812461853027
3653,/2LLH-alt-14_assembled/2LLH-alt-9_assembled/2LLH-alt-8_assembled/2LLH-alt-15_assembled/2LLH-alt-17_assembled/2LLH-alt-16_assembled/2LLH-alt-12_assembled/2LLH-alt-13_assembled/2LLH-alt-11_assembled/2LLH-alt-10_assembled/2LLH-alt-1_assembled/2LLH-alt-20_assembled/2LLH-alt-3_assembled/2LLH-alt-2_assembled/2LLH-alt-6_assembled/2LLH-alt-7_assembled/2LLH-alt-18_assembled/2LLH-alt-5_assembled/2LLH-alt-4_assembled/2LLH-alt-19_assembled,15.0,False,all,0.0,P06748,10.3415,0.0838717692922387,96.69739532470705,9.182448387145996
3654,/2LLH-alt-14_assembled/2LLH-alt-9_assembled/2LLH-alt-8_assembled/2LLH-alt-15_assembled/2LLH-alt-17_assembled/2LLH-alt-16_assembled/2LLH-alt-12_assembled/2LLH-alt-13_assembled/2LLH-alt-11_assembled/2LLH-alt-10_assembled/2LLH-alt-1_assembled/2LLH-alt-20_assembled/2LLH-alt-3_assembled/2LLH-alt-2_assembled/2LLH-alt-6_assembled/2LLH-alt-7_assembled/2LLH-alt-18_assembled/2LLH-alt-5_assembled/2LLH-alt-4_assembled/2LLH-alt-19_assembled,24.0,False,all,0.0,P06748,10.758999999999997,0.4757365480577405,41.29812240600586,17.12655258178711
3655,/2LLH-alt-14_assembled/2LLH-alt-9_assembled/2LLH-alt-8_assembled/2LLH-alt-15_assembled/2LLH-alt-17_assembled/2LLH-alt-16_assembled/2LLH-alt-12_assembled/2LLH-alt-13_assembled/2LLH-alt-11_assembled/2LLH-alt-10_assembled/2LLH-alt-1_assembled/2LLH-alt-20_assembled/2LLH-alt-3_assembled/2LLH-alt-2_assembled/2LLH-alt-6_assembled/2LLH-alt-7_assembled/2LLH-alt-18_assembled/2LLH-alt-5_assembled/2LLH-alt-4_assembled/2LLH-alt-19_assembled,33.0,False,all,0.0,P06748,10.473,0.2451229551835053,97.595458984375,8.485419273376465
3656,/2LLH-alt-14_assembled/2LLH-alt-9_assembled/2LLH-alt-8_assembled/2LLH-alt-15_assembled/2LLH-alt-17_assembled/2LLH-alt-16_assembled/2LLH-alt-12_assembled/2LLH-alt-13_assembled/2LLH-alt-11_assembled/2LLH-alt-10_assembled/2LLH-alt-1_assembled/2LLH-alt-20_assembled/2LLH-alt-3_assembled/2LLH-alt-2_assembled/2LLH-alt-6_assembled/2LLH-alt-7_assembled/2LLH-alt-18_assembled/2LLH-alt-5_assembled/2LLH-alt-4_assembled/2LLH-alt-19_assembled,39.0,False,all,0.0,P06748,10.38,0.1006295969855472,118.20430755615234,7.62074613571167
3657,/2LLH-alt-14_assembled/2LLH-alt-9_assembled/2LLH-alt-8_assembled/2LLH-alt-15_assembled/2LLH-alt-17_assembled/2LLH-alt-16_assembled/2LLH-alt-12_assembled/2LLH-alt-13_assembled/2LLH-alt-11_assembled/2LLH-alt-10_assembled/2LLH-alt-1_assembled/2LLH-alt-20_assembled/2LLH-alt-3_assembled/2LLH-alt-2_assembled/2LLH-alt-6_assembled/2LLH-alt-7_assembled/2LLH-alt-18_assembled/2LLH-alt-5_assembled/2LLH-alt-4_assembled/2LLH-alt-19_assembled,43.0,False,all,0.0,P06748,10.411499999999998,0.0138696943388318,103.81497955322266,6.684192180633545
3658,/2LLH-alt-14_assembled/2LLH-alt-9_assembled/2LLH-alt-8_assembled/2LLH-alt-15_assembled/2LLH-alt-17_assembled/2LLH-alt-16_assembled/2LLH-alt-12_assembled/2LLH-alt-13_assembled/2LLH-alt-11_assembled/2LLH-alt-10_assembled/2LLH-alt-1_assembled/2LLH-alt-20_assembled/2LLH-alt-3_assembled/2LLH-alt-2_assembled/2LLH-alt-6_assembled/2LLH-alt-7_assembled/2LLH-alt-18_assembled/2LLH-alt-5_assembled/2LLH-alt-4_assembled/2LLH-alt-19_assembled,49.0,False,all,0.0,P06748,10.268500000000005,0.0651536645170475,83.75569152832031,15.475349426269531
3659,/2LLH-alt-14_assembled/2LLH-alt-9_assembled/2LLH-alt-8_assembled/2LLH-alt-15_assembled/2LLH-alt-17_assembled/2LLH-alt-16_assembled/2LLH-alt-12_assembled/2LLH-alt-13_assembled/2LLH-alt-11_assembled/2LLH-alt-10_assembled/2LLH-alt-1_assembled/2LLH-alt-20_assembled/2LLH-alt-3_assembled/2LLH-alt-2_assembled/2LLH-alt-6_assembled/2LLH-alt-7_assembled/2LLH-alt-18_assembled/2LLH-alt-5_assembled/2LLH-alt-4_assembled/2LLH-alt-19_assembled,68.0,False,all,0.0,P06748,10.2315,0.1779791531257759,85.95396423339844,19.78129768371582
3660,/3DK8-alt1B_assembled/3DK8-alt1A_assembled/3DK9-alt1B_assembled/3DK9-alt1A_assembled,53.0,False,all,0.0,P00390,10.3275,0.0049999999999998,83.57473754882812,0.077388510107994
3661,/3DK8-alt1B_assembled/3DK8-alt1A_assembled/3DK9-alt1B_assembled/3DK9-alt1A_assembled,66.0,False,all,0.0,P00390,10.82,0.2499333244420736,22.4519157409668,4.875492572784424
3662,/3DK8-alt1B_assembled/3DK8-alt1A_assembled/3DK9-alt1B_assembled/3DK9-alt1A_assembled,67.0,False,all,0.0,P00390,10.0875,0.0262995563967652,45.30595397949219,0.0
3663,/3DK8-alt1B_assembled/3DK8-alt1A_assembled/3DK9-alt1B_assembled/3DK9-alt1A_assembled,100.0,False,all,0.0,P00390,11.34,0.2843706501498822,16.017932891845703,4.269027233123779
3664,/3DK8-alt1B_assembled/3DK8-alt1A_assembled/3DK9-alt1B_assembled/3DK9-alt1A_assembled,102.0,False,all,0.0,P00390,10.4225,0.0492442890089804,72.81793212890625,5.533567428588867
3665,/3DK8-alt1B_assembled/3DK8-alt1A_assembled/3DK9-alt1B_assembled/3DK9-alt1A_assembled,120.0,False,all,0.0,P00390,10.222499999999998,0.1201041214946436,69.36636352539062,7.971045017242432
3666,/3DK8-alt1B_assembled/3DK8-alt1A_assembled/3DK9-alt1B_assembled/3DK9-alt1A_assembled,145.0,False,all,0.0,P00390,10.7825,0.1138346754435281,71.04187774658203,4.613564014434815
3667,/3DK8-alt1B_assembled/3DK8-alt1A_assembled/3DK9-alt1B_assembled/3DK9-alt1A_assembled,146.0,False,all,0.0,P00390,11.260000000000002,0.0692820323027556,51.80695724487305,3.1578023433685303
3668,/3DK8-alt1B_assembled/3DK8-alt1A_assembled/3DK9-alt1B_assembled/3DK9-alt1A_assembled,212.0,False,all,0.0,P00390,10.145,0.0443471156521668,73.85675048828125,1.6489453315734863
3669,/3DK8-alt1B_assembled/3DK8-alt1A_assembled/3DK9-alt1B_assembled/3DK9-alt1A_assembled,221.0,False,all,0.0,P00390,10.45,0.0115470053837932,36.25817108154297,0.541721761226654
3670,/3DK8-alt1B_assembled/3DK8-alt1A_assembled/3DK9-alt1B_assembled/3DK9-alt1A_assembled,247.0,False,all,0.0,P00390,11.3225,0.0049999999999998,36.19114685058594,1.2382205724716189
3671,/3DK8-alt1B_assembled/3DK8-alt1A_assembled/3DK9-alt1B_assembled/3DK9-alt1A_assembled,252.0,False,all,0.0,P00390,10.285,0.2582634314028993,57.73828125,3.796587705612183
3672,/3DK8-alt1B_assembled/3DK8-alt1A_assembled/3DK9-alt1B_assembled/3DK9-alt1A_assembled,255.0,False,all,0.0,P00390,10.8125,0.0607590871118603,67.48978424072266,5.764813423156738
3673,/3DK8-alt1B_assembled/3DK8-alt1A_assembled/3DK9-alt1B_assembled/3DK9-alt1A_assembled,256.0,False,all,0.0,P00390,10.1275,0.0150000000000005,64.23928833007812,2.5511903762817383
3674,/3DK8-alt1B_assembled/3DK8-alt1A_assembled/3DK9-alt1B_assembled/3DK9-alt1A_assembled,302.0,False,all,0.0,P00390,10.335,0.0057735026918961,60.58666229248047,9.30340576171875
3675,/3DK8-alt1B_assembled/3DK8-alt1A_assembled/3DK9-alt1B_assembled/3DK9-alt1A_assembled,310.0,False,all,0.0,P00390,10.62,0.0658280588604379,77.71043395996094,6.217528343200684
3676,/3DK8-alt1B_assembled/3DK8-alt1A_assembled/3DK9-alt1B_assembled/3DK9-alt1A_assembled,324.0,False,all,0.0,P00390,10.34,0.0627162924074229,91.11456298828124,6.223302841186523
3677,/3DK8-alt1B_assembled/3DK8-alt1A_assembled/3DK9-alt1B_assembled/3DK9-alt1A_assembled,335.0,False,all,0.0,P00390,10.3475,0.0846069343099805,80.39126586914062,7.94159460067749
3678,/3DK8-alt1B_assembled/3DK8-alt1A_assembled/3DK9-alt1B_assembled/3DK9-alt1A_assembled,348.0,False,all,0.0,P00390,9.9375,0.079320026895272,52.6112060546875,2.9090356826782227
3679,/3DK8-alt1B_assembled/3DK8-alt1A_assembled/3DK9-alt1B_assembled/3DK9-alt1A_assembled,357.0,False,all,0.0,P00390,10.6,0.2458997085534403,54.52129364013672,4.811037063598633
3680,/3DK8-alt1B_assembled/3DK8-alt1A_assembled/3DK9-alt1B_assembled/3DK9-alt1A_assembled,361.0,False,all,0.0,P00390,11.15,0.2951835587110725,36.12413024902344,1.1913857460021973
3681,/3DK8-alt1B_assembled/3DK8-alt1A_assembled/3DK9-alt1B_assembled/3DK9-alt1A_assembled,390.0,False,all,0.0,P00390,10.545,0.0057735026918971,54.286720275878906,0.3095540404319763
3682,/3DK8-alt1B_assembled/3DK8-alt1A_assembled/3DK9-alt1B_assembled/3DK9-alt1A_assembled,397.0,False,all,0.0,P00390,11.77,0.127017059221718,55.22500991821289,0.1547770202159881
3683,/3DK8-alt1B_assembled/3DK8-alt1A_assembled/3DK9-alt1B_assembled/3DK9-alt1A_assembled,412.0,False,all,0.0,P00390,11.345,0.0981495457622363,79.2184066772461,1.7025516033172607
3684,/3DK8-alt1B_assembled/3DK8-alt1A_assembled/3DK9-alt1B_assembled/3DK9-alt1A_assembled,414.0,False,all,0.0,P00390,10.11,0.0115470053837922,47.51763534545898,0.077388510107994
3685,/3DK8-alt1B_assembled/3DK8-alt1A_assembled/3DK9-alt1B_assembled/3DK9-alt1A_assembled,416.0,False,all,0.0,P00390,10.607499999999998,0.0149999999999996,46.91445159912109,0.4643332660198211
3686,/3DK8-alt1B_assembled/3DK8-alt1A_assembled/3DK9-alt1B_assembled/3DK9-alt1A_assembled,420.0,False,all,0.0,P00390,11.857500000000002,0.0262995563967662,9.583951950073242,0.541721761226654
3687,/3DK8-alt1B_assembled/3DK8-alt1A_assembled/3DK9-alt1B_assembled/3DK9-alt1A_assembled,426.0,False,all,0.0,P00390,10.47,0.0,94.7671890258789,2.631218194961548
3688,/3DK8-alt1B_assembled/3DK8-alt1A_assembled/3DK9-alt1B_assembled/3DK9-alt1A_assembled,429.0,False,all,0.0,P00390,10.6875,0.0095742710775631,55.49309539794922,0.6191102862358093
3689,/3DK8-alt1B_assembled/3DK8-alt1A_assembled/3DK9-alt1B_assembled/3DK9-alt1A_assembled,452.0,False,all,0.0,P00390,10.7075,0.3440324597088671,45.13840103149414,11.651765823364258
3690,/3DK8-alt1B_assembled/3DK8-alt1A_assembled/3DK9-alt1B_assembled/3DK9-alt1A_assembled,457.0,False,all,0.0,P00390,11.425,0.1112055154507486,5.864306449890137,0.3167272508144378
3691,/2J6L-alt1A_assembled/2J6L-alt1B_assembled,16.0,False,all,0.0,P49419,10.2725,0.1044669006591722,67.00389099121094,8.179649353027344
3692,/2J6L-alt1A_assembled/2J6L-alt1B_assembled,66.0,False,all,0.0,P49419,10.589285714285714,0.3550831817110831,66.8674545288086,7.501311779022217
3693,/2J6L-alt1A_assembled/2J6L-alt1B_assembled,67.0,False,all,0.0,P49419,10.011875,0.2466365409531471,37.53155899047852,8.387457847595215
3694,/2J6L-alt1A_assembled/2J6L-alt1B_assembled,73.0,False,all,0.0,P49419,10.95375,0.6101680096498016,64.48223876953125,10.1165189743042
3695,/2J6L-alt1A_assembled/2J6L-alt1B_assembled,82.0,False,all,0.0,P49419,9.9,0.0451663591625452,55.157989501953125,4.587268829345703
3696,/2J6L-alt1A_assembled/2J6L-alt1B_assembled,97.0,False,all,0.0,P49419,10.218125,0.1202341465641106,43.42100524902344,3.665146589279175
3697,/2J6L-alt1A_assembled/2J6L-alt1B_assembled,111.0,False,all,0.0,P49419,9.961875,0.1660609827744012,2.580294609069824,0.6372250318527222
3698,/2J6L-alt1A_assembled/2J6L-alt1B_assembled,191.0,False,all,0.0,P49419,8.12875,0.1049364887285002,7.908435821533203,0.9541128873825072
3699,/2J6L-alt1A_assembled/2J6L-alt1B_assembled,205.0,False,all,0.0,P49419,9.235,0.0541602560309062,34.6496696472168,4.092102527618408
3700,/2J6L-alt1A_assembled/2J6L-alt1B_assembled,209.0,False,all,0.0,P49419,11.413125000000004,0.2045391160634074,68.60400390625,4.11056661605835
3701,/2J6L-alt1A_assembled/2J6L-alt1B_assembled,236.0,False,all,0.0,P49419,10.025624999999998,0.4041116801083581,55.42606735229492,7.754648208618164
3702,/2J6L-alt1A_assembled/2J6L-alt1B_assembled,253.0,False,all,0.0,P49419,11.094375,0.2283847265763042,30.645193099975582,2.6357102394104004
3703,/2J6L-alt1A_assembled/2J6L-alt1B_assembled,324.0,False,all,0.0,P49419,10.235,0.0193218356615859,43.17804718017578,6.9675469398498535
3704,/2J6L-alt1A_assembled/2J6L-alt1B_assembled,348.0,False,all,0.0,P49419,9.825,0.5750594172199369,58.33309555053711,15.044522285461426
3705,/2J6L-alt1A_assembled/2J6L-alt1B_assembled,362.0,False,all,0.0,P49419,10.283125,0.682717303623298,49.5869026184082,6.026289463043213
3706,/2J6L-alt1A_assembled/2J6L-alt1B_assembled,363.0,False,all,0.0,P49419,10.220833333333331,0.5915381849402661,31.26512908935547,16.188919067382812
3707,/2J6L-alt1A_assembled/2J6L-alt1B_assembled,373.0,False,all,0.0,P49419,11.087857142857144,0.358182990865081,66.23554229736328,9.468063354492188
3708,/2J6L-alt1A_assembled/2J6L-alt1B_assembled,410.0,False,all,0.0,P49419,10.615624999999998,0.0460389327996789,65.62996673583984,10.77777099609375
3709,/2J6L-alt1A_assembled/2J6L-alt1B_assembled,425.0,False,all,0.0,P49419,10.654375,0.354325062619059,63.09993743896485,9.0192289352417
3710,/2J6L-alt1A_assembled/2J6L-alt1B_assembled,435.0,False,all,0.0,P49419,10.605624999999998,0.1448663176863415,64.27279663085938,6.526401996612549
3711,/2J6L-alt1A_assembled/2J6L-alt1B_assembled,447.0,False,all,0.0,P49419,10.38,0.0492612085384297,31.93533515930176,3.821312665939331
3712,/2J6L-alt1A_assembled/2J6L-alt1B_assembled,473.0,False,all,0.0,P49419,10.433125,0.0859239004390898,22.08330345153809,1.9950700998306277
3713,/2J6L-alt1A_assembled/2J6L-alt1B_assembled,487.0,False,all,0.0,P49419,12.1825,1.322348920166938,22.317873001098636,1.3421984910964966
3714,/2J6L-alt1A_assembled/2J6L-alt1B_assembled,325.0,False,all,0.0,P49419,10.375,0.0403555625480729,79.017333984375,6.980082511901856
3715,/5XTE-alt-1_assembled,33.0,False,all,0.0,P31930,10.415,0.0070710678118653,67.75787353515625,0.8530306220054626
3716,/5XTE-alt-1_assembled,71.0,False,all,0.0,P31930,9.755,0.3040559159102164,35.58795928955078,4.265166759490967
3717,/5XTE-alt-1_assembled,73.0,False,all,0.0,P31930,10.19,0.098994949366117,58.24093627929688,10.141621589660645
3718,/5XTE-alt-1_assembled,82.0,False,all,0.0,P31930,10.48,0.777817459305202,23.658287048339844,0.663470983505249
3719,/5XTE-alt-1_assembled,46.0,False,all,0.0,P31930,8.72,0.1272792206135783,19.435985565185547,4.170386791229248
3720,/5XTE-alt-1_assembled,84.0,False,all,0.0,P31930,10.22,0.1838477631085022,66.68553924560547,1.8008478879928589
3721,/5XTE-alt-1_assembled,101.0,False,all,0.0,P31930,10.505,0.0636396103067891,71.04188537597656,6.255579471588135
3722,/5XTE-alt-1_assembled/AF-P31930-F1-model_v1,111.0,False,all,13.331428571428573,P31930,9.742857142857144,0.9476763562474668,46.186798095703125,25.5004940032959
3723,/5XTE-alt-1_assembled,130.0,False,all,0.0,P31930,10.55,0.3959797974644669,19.63704872131348,4.833856582641602
3724,/5XTE-alt-1_assembled,151.0,False,all,0.0,P31930,10.645,0.2757716446627539,69.2323226928711,5.592105865478516
3725,/5XTE-alt-1_assembled,155.0,False,all,0.0,P31930,7.76,0.0282842712474619,6.232920169830322,2.9382266998291016
3726,/5XTE-alt-1_assembled/AF-P31930-F1-model_v1,163.0,False,all,19.124,P31930,10.272,0.1219426094521517,53.18758010864258,10.701247215270996
3727,/5XTE-alt-1_assembled,168.0,False,all,0.0,P31930,10.085,0.120208152801713,78.81627655029297,3.033008575439453
3728,/5XTE-alt-1_assembled,172.0,False,all,0.0,P31930,9.74,0.7919595949289339,32.23693084716797,4.075604438781738
3729,/5XTE-alt-1_assembled,182.0,False,all,0.0,P31930,10.505,0.0070710678118653,68.36105346679688,0.9478172063827516
3730,/5XTE-alt-1_assembled,206.0,False,all,0.0,P31930,10.16,0.1131370849898477,54.75586700439453,4.644294261932373
3731,/5XTE-alt-1_assembled,207.0,False,all,0.0,P31930,10.675,0.0070710678118653,50.6005859375,0.4739059209823608
3732,/5XTE-alt-1_assembled,9.0,False,all,0.0,P31930,10.385,0.0353553390593278,68.36105346679688,9.09902286529541
3733,/5XTE-alt-1_assembled,51.0,False,all,0.0,P31930,9.855,0.1408308678285172,28.617815017700195,1.0806753635406494
3734,/5XTE-alt-1_assembled,54.0,False,all,0.0,P31930,10.785,0.1909188309203675,40.2794075012207,1.2321608066558838
3735,/5XTE-alt-1_assembled,57.0,False,all,0.0,P31930,10.505,0.0212132034355959,40.61450958251953,2.653883934020996
3736,/5XTE-alt-1_assembled,59.0,False,all,0.0,P31930,9.765,0.1909188309203675,52.209083557128906,5.023421764373779
3737,/5XTE-alt-1_assembled,63.0,False,all,0.0,P31930,10.64,0.1697056274847715,80.9609375,3.2225711345672607
3738,/5XTE-alt-1_assembled,42.0,False,all,0.0,P31930,10.2575,0.0708872343937893,57.83881759643555,2.013596773147583
3739,/5XTE-alt-1_assembled,45.0,False,all,0.0,P31930,10.4125,0.2304162899333869,56.062767028808594,6.541410446166992
3740,/5XTE-alt-1_assembled,91.0,False,all,0.0,P31930,9.815,0.4313351365237935,53.08034896850586,17.250234603881836
3741,/5XTE-alt-1_assembled,12.0,False,all,0.0,P31930,10.5475,0.0287228132326903,56.4984016418457,22.087547302246094
3742,/5XTE-alt-1_assembled,19.0,False,all,0.0,P31930,10.39,0.098994949366117,67.62382507324219,9.38336944580078
3743,/5XTE-alt-1_assembled,29.0,False,all,0.0,P31930,9.105,0.3181980515339458,26.94229888916016,9.478150367736816
3744,/5XTE-alt-1_assembled,64.0,False,all,0.0,P31930,8.415,0.4313351365237948,17.76047134399414,2.179973840713501
3745,/5XTE-alt-1_assembled,72.0,False,all,0.0,P31930,8.99,0.3252691193458125,17.09026336669922,1.2321593761444092
3746,/5XTE-alt-1_assembled,78.0,False,all,0.0,P31930,10.375,0.0070710678118665,69.23233032226562,3.696476936340332
3747,/5XTE-alt-1_assembled,83.0,False,all,0.0,P31930,10.695,0.0212132034355972,73.99078369140625,1.5165042877197266
3748,/5XTE-alt-1_assembled,96.0,False,all,0.0,P31930,10.575,0.0070710678118653,63.66961288452149,7.772083759307861
3749,/5XTE-alt-1_assembled,103.0,False,all,0.0,P31930,10.485,0.1767766952966369,58.173919677734375,0.7582521438598633
3750,/5XTE-alt-1_assembled,110.0,False,all,0.0,P31930,10.16,0.0141421356237306,26.00400924682617,9.667713165283203
3751,/5XTE-alt-1_assembled,15.0,False,all,0.0,P31930,10.36,0.0141421356237306,81.16200256347656,3.1277899742126465
3752,/5XTE-alt-1_assembled,118.0,False,all,0.0,P31930,9.63,0.2262741699796941,31.566722869873047,2.5591013431549072
3753,/5XTE-alt-1_assembled,146.0,False,all,0.0,P31930,10.435,0.1343502884254437,36.459228515625,4.359947681427002
3754,/5XTE-alt-1_assembled,170.0,False,all,0.0,P31930,9.62,0.1697056274847715,50.198463439941406,0.4739086031913757
3755,/5XTE-alt-1_assembled,177.0,False,all,0.0,P31930,10.92,0.4666904755831215,51.80695724487305,10.141618728637695
3756,/5XTE-alt-1_assembled,268.0,False,all,0.0,P31930,10.71,0.1979898987322328,21.37958526611328,0.8530333042144775
3757,/5XTE-alt-1_assembled,286.0,False,all,0.0,P31930,7.609999999999999,0.2828427124746186,8.243538856506348,1.4217227697372437
3758,/5XTE-alt-1_assembled,291.0,False,all,0.0,P31930,11.115,0.1484924240491756,23.12212181091309,3.1277897357940674
3759,/5XTE-alt-1_assembled,307.0,False,all,0.0,P31930,7.47,0.1838477631085022,27.612504959106445,10.04684066772461
3760,/5XTE-alt-1_assembled,310.0,False,all,0.0,P31930,8.765,0.3040559159102152,44.568729400634766,8.056427001953125
3761,/5XTE-alt-1_assembled,315.0,False,all,0.0,P31930,8.775,1.9095287376732517,56.12978744506836,18.70548439025879
3762,/5XTE-alt-1_assembled,318.0,False,all,0.0,P31930,9.21,0.8343860018001271,32.63905334472656,4.4547319412231445
3763,/5XTE-alt-1_assembled,325.0,False,all,0.0,P31930,10.605,0.0919238815542517,83.17262268066406,8.625120162963867
3764,/5XTE-alt-1_assembled,6.0,False,all,0.0,P31930,11.295000000000002,0.2333452377915607,22.18383407592773,4.644292831420898
3765,/5XTE-alt-1_assembled,217.0,False,all,0.0,P31930,7.154999999999999,0.1484924240491749,7.774394512176514,0.5686891078948975
3766,/5XTE-alt-1_assembled,227.0,False,all,0.0,P31930,8.955,0.0212132034355972,27.88058853149414,2.2747552394866943
3767,/5XTE-alt-1_assembled,269.0,False,all,0.0,P31930,10.255,0.3464823227814084,41.41875457763672,7.392956733703613
3768,/5XTE-alt-1_assembled,287.0,False,all,0.0,P31930,10.105,0.3181980515339458,58.03987884521485,18.76673889160156
3769,/5XTE-alt-1_assembled,311.0,False,all,0.0,P31930,10.165,0.0494974746830572,59.313270568847656,6.35036039352417
3770,/5XTE-alt-1_assembled,375.0,False,all,0.0,P31930,9.745,0.7669202479180393,49.26017379760742,38.09108352661133
3771,/5XTE-alt-1_assembled,378.0,False,all,0.0,P31930,10.05,0.1272792206135783,45.97615814208984,11.942469596862791
3772,/5XTE-alt-1_assembled,66.0,False,all,0.0,P31930,9.195,0.0919238815542504,40.21238708496094,2.0851941108703613
3773,/5XTE-alt-1_assembled,92.0,False,all,0.0,P31930,10.39,0.0141421356237306,66.14937591552734,3.6964824199676514
3774,/5XTE-alt-1_assembled,98.0,False,all,0.0,P31930,10.27,0.0424264068711932,58.106895446777344,5.592108726501465
3775,/5XTE-alt-1_assembled,109.0,False,all,0.0,P31930,11.145,0.7848885271170674,30.96353530883789,10.994653701782228
3776,/5XTE-alt-1_assembled,159.0,False,all,0.0,P31930,10.45,0.0848528137423851,61.99409484863281,1.9904102087020876
3777,/5XTE-alt-1_assembled,162.0,False,all,0.0,P31930,9.045,0.1767766952966369,20.10619354248047,0.7582521438598633
3778,/5XTE-alt-1_assembled,199.0,False,all,0.0,P31930,9.84,0.0707106781186557,54.42076110839844,8.719898223876953
3779,/5XTE-alt-1_assembled,231.0,False,all,0.0,P31930,10.15,0.0,53.81757736206055,6.35036039352417
3780,/5XTE-alt-1_assembled,250.0,False,all,0.0,P31930,10.49,0.0,75.80035400390625,2.7486650943756104
3781,/5XTE-alt-1_assembled,300.0,False,all,0.0,P31930,9.53,0.1979898987322328,28.28271102905273,5.497328758239746
3782,/5XTE-alt-1_assembled,352.0,False,all,0.0,P31930,10.42,0.0282842712474612,56.029258728027344,4.928637504577637
3783,/5XTE-alt-1_assembled,359.0,False,all,0.0,P31930,10.32,0.2121320343559647,41.88790130615234,4.075604438781738
3784,/5XTE-alt-1_assembled,377.0,False,all,0.0,P31930,8.54,0.2969848480983499,13.002004623413086,3.6016969680786133
3785,/5XTE-alt-1_assembled,379.0,False,all,0.0,P31930,10.225,0.0777817459305198,41.48577880859375,8.245989799499512
3786,/5XTE-alt-1_assembled,429.0,False,all,0.0,P31930,10.23,0.0565685424949238,49.39421463012695,2.7486650943756104
3787,/5XTE-alt-1_assembled,430.0,False,all,0.0,P31930,10.72,0.1272792206135783,36.72731018066406,3.980823040008545
3788,/5XTE-alt-1_assembled,436.0,False,all,0.0,P31930,8.809999999999999,0.8909545442950497,19.63704872131348,9.572931289672852
3789,/5XTE-alt-1_assembled/AF-P31930-F1-model_v1,99.0,False,all,30.606666666666666,P31930,10.18,1.073498952025571,25.69124794006348,8.835886001586914
3790,/5XTE-alt-1_assembled/AF-P31930-F1-model_v1,102.0,False,all,30.48,P31930,10.373333333333331,0.1331665623695876,71.57804107666016,3.2915260791778564
3791,/5XTE-alt-1_assembled/AF-P31930-F1-model_v1,134.0,False,all,32.77333333333333,P31930,9.37,0.7104224095564552,34.13584899902344,26.403186798095703
3792,/5XTE-alt-1_assembled/AF-P31930-F1-model_v1,138.0,False,all,32.443333333333335,P31930,10.52,0.1992485884517126,83.73111724853516,10.397777557373049
3793,/5XTE-alt-1_assembled/AF-P31930-F1-model_v1,142.0,False,all,32.5,P31930,11.19,0.7464583042608606,37.53155899047852,2.921363115310669
3794,/5XTE-alt-1_assembled/AF-P31930-F1-model_v1,210.0,False,all,32.25,P31930,10.643333333333333,0.6557692683660419,60.81006240844727,4.121269226074219
3795,/5XTE-alt-1_assembled/AF-P31930-F1-model_v1,225.0,False,all,31.63,P31930,9.683333333333332,0.0635085296108595,14.297737121582031,1.610356330871582
3796,/5XTE-alt-1_assembled/AF-P31930-F1-model_v1,248.0,False,all,32.526666666666664,P31930,10.286666666666669,0.1386842937514312,63.89301681518555,10.833599090576172
3797,/5XTE-alt-1_assembled/AF-P31930-F1-model_v1,336.0,False,all,31.596666666666668,P31930,10.159999999999998,0.255342906696074,70.5057144165039,20.927188873291016
3798,/5XTE-alt-1_assembled/AF-P31930-F1-model_v1,364.0,False,all,32.416666666666664,P31930,10.466666666666669,0.7677456175930493,33.55500411987305,4.972794055938721
3799,/5XTE-alt-1_assembled/AF-P31930-F1-model_v1,392.0,False,all,32.483333333333334,P31930,9.756666666666666,0.2193931022920578,23.23382377624512,8.834870338439941
3800,/5XTE-alt-1_assembled/AF-P31930-F1-model_v1,447.0,False,all,32.513333333333335,P31930,10.53,1.6747238578344792,53.43779373168945,4.184007167816162
3801,/AF-Q9UFN0-F1-model_v1,45.0,False,all,97.19,Q9UFN0,10.39,0.0,49.46123504638672,0.0
3802,/AF-Q9UFN0-F1-model_v1,48.0,False,all,96.84,Q9UFN0,11.44,0.0,39.40813827514648,0.0
3803,/AF-Q9UFN0-F1-model_v1,58.0,False,all,97.05,Q9UFN0,10.37,0.0,90.20978546142578,0.0
3804,/AF-Q9UFN0-F1-model_v1,89.0,False,all,97.75,Q9UFN0,11.75,0.0,39.40813827514648,0.0
3805,/AF-Q9UFN0-F1-model_v1,101.0,False,all,98.16,Q9UFN0,11.46,0.0,67.42276763916016,0.0
3806,/AF-Q9UFN0-F1-model_v1,105.0,False,all,97.32,Q9UFN0,10.48,0.0,94.90122985839844,0.0
3807,/AF-Q9UFN0-F1-model_v1,107.0,False,all,97.43,Q9UFN0,10.45,0.0,94.63314819335938,0.0
3808,/AF-Q9UFN0-F1-model_v1,123.0,False,all,96.95,Q9UFN0,11.57,0.0,62.19515609741211,0.0
3809,/AF-Q9UFN0-F1-model_v1,136.0,False,all,93.13,Q9UFN0,10.44,0.0,120.50312042236328,0.0
3810,/AF-Q9UFN0-F1-model_v1,139.0,False,all,94.51,Q9UFN0,10.41,0.0,110.85214233398438,0.0
3811,/AF-Q9UFN0-F1-model_v1,142.0,False,all,94.83,Q9UFN0,11.39,0.0,59.51433181762695,0.0
3812,/AF-Q9UFN0-F1-model_v1,166.0,False,all,97.41,Q9UFN0,10.26,0.0,51.20376968383789,0.0
3813,/AF-Q9UFN0-F1-model_v1,179.0,False,all,97.64,Q9UFN0,10.55,0.0,41.418758392333984,0.0
3814,/AF-Q9UFN0-F1-model_v1,212.0,False,all,96.73,Q9UFN0,10.38,0.0,96.10760498046876,0.0
3815,/AF-Q9UFN0-F1-model_v1,247.0,False,all,83.97,Q9UFN0,10.54,0.0,79.88860321044922,0.0
3816,/AF-P07954-F1-model_v1,61.0,False,all,97.69,P07954,10.35,0.0,60.45262145996094,0.0
3817,/AF-P07954-F1-model_v1,66.0,False,all,98.31,P07954,10.2,0.0,29.22100067138672,0.0
3818,/AF-P07954-F1-model_v1,80.0,False,all,97.66,P07954,10.31,0.0,68.36105346679688,0.0
3819,/AF-P07954-F1-model_v1,94.0,False,all,98.86,P07954,10.27,0.0,63.66961288452149,0.0
3820,/AF-P07954-F1-model_v1,100.0,False,all,98.84,P07954,6.53,0.0,1.3404128551483154,0.0
3821,/AF-P07954-F1-model_v1,115.0,False,all,98.43,P07954,10.46,0.0,88.46724700927734,0.0
3822,/AF-P07954-F1-model_v1,122.0,False,all,98.81,P07954,10.37,0.0,87.52896118164062,0.0
3823,/AF-P07954-F1-model_v1,131.0,False,all,98.68,P07954,11.61,0.0,70.23763275146484,0.0
3824,/AF-P07954-F1-model_v1,172.0,False,all,98.35,P07954,10.27,0.0,45.70808029174805,0.0
3825,/AF-P07954-F1-model_v1,183.0,False,all,98.55,P07954,9.93,0.0,28.68483543395996,0.0
3826,/AF-P07954-F1-model_v1,213.0,False,all,98.86,P07954,11.39,0.0,44.9038314819336,0.0
3827,/AF-P07954-F1-model_v1,221.0,False,all,98.8,P07954,10.56,0.0,8.846724510192871,0.0
3828,/AF-P07954-F1-model_v1,223.0,False,all,98.8,P07954,11.49,0.0,71.98017120361328,0.0
3829,/AF-P07954-F1-model_v1,230.0,False,all,98.82,P07954,10.96,0.0,9.248848915100098,0.0
3830,/AF-P07954-F1-model_v1,256.0,False,all,98.88,P07954,10.47,0.0,67.1546859741211,0.0
3831,/AF-P07954-F1-model_v1,263.0,False,all,98.87,P07954,10.19,0.0,77.47586059570312,0.0
3832,/AF-P07954-F1-model_v1,292.0,False,all,98.8,P07954,11.91,0.0,45.84212112426758,0.0
3833,/AF-P07954-F1-model_v1,296.0,False,all,98.84,P07954,11.21,0.0,41.95492172241211,0.0
3834,/AF-P07954-F1-model_v1,311.0,False,all,98.68,P07954,8.97,0.0,11.661591529846191,0.0
3835,/AF-P07954-F1-model_v1,337.0,False,all,98.89,P07954,11.04,0.0,54.286720275878906,0.0
3836,/AF-P07954-F1-model_v1,371.0,False,all,96.1,P07954,10.31,0.0,56.029258728027344,0.0
3837,/AF-P07954-F1-model_v1,409.0,False,all,98.77,P07954,6.84,0.0,1.3404128551483154,0.0
3838,/AF-P07954-F1-model_v1,414.0,False,all,98.89,P07954,9.94,0.0,63.66961288452149,0.0
3839,/AF-P07954-F1-model_v1,447.0,False,all,98.47,P07954,11.24,0.0,60.98878479003906,0.0
3840,/AF-P07954-F1-model_v1,467.0,False,all,98.29,P07954,10.4,0.0,57.90583419799805,0.0
3841,/AF-P07954-F1-model_v1,470.0,False,all,98.28,P07954,10.45,0.0,63.93769454956055,0.0
3842,/AF-P07954-F1-model_v1,473.0,False,all,97.96,P07954,10.53,0.0,82.83751678466797,0.0
3843,/AF-P07954-F1-model_v1,477.0,False,all,98.23,P07954,10.37,0.0,83.50772094726562,0.0
3844,/AF-P07954-F1-model_v1,483.0,False,all,98.52,P07954,11.31,0.0,34.046485900878906,0.0
3845,/AF-P07954-F1-model_v1,502.0,False,all,97.81,P07954,10.35,0.0,38.4698486328125,0.0
3846,/AF-P07954-F1-model_v1,504.0,False,all,97.78,P07954,10.6,0.0,73.99079132080078,0.0
3847,/AF-P07954-F1-model_v1,510.0,False,all,91.07,P07954,10.51,0.0,63.803653717041016,0.0
3848,/AF-Q14568-F1-model_v1,41.0,False,all,93.52,Q14568,10.41,0.0,47.85273742675781,0.0
3849,/AF-Q14568-F1-model_v1,58.0,False,all,94.03,Q14568,8.75,0.0,22.92106056213379,0.0
3850,/AF-Q14568-F1-model_v1,69.0,False,all,94.67,Q14568,11.4,0.0,26.138050079345703,0.0
3851,/AF-Q14568-F1-model_v1,74.0,False,all,94.22,Q14568,10.56,0.0,105.222412109375,0.0
3852,/AF-Q14568-F1-model_v1,84.0,False,all,93.91,Q14568,11.26,0.0,65.01002502441406,0.0
3853,/AF-Q14568-F1-model_v1,100.0,False,all,97.48,Q14568,10.39,0.0,56.43138122558594,0.0
3854,/AF-Q14568-F1-model_v1,112.0,False,all,81.69,Q14568,10.19,0.0,51.20376968383789,0.0
3855,/AF-Q14568-F1-model_v1,116.0,False,all,83.23,Q14568,10.64,0.0,71.57804870605469,0.0
3856,/AF-Q14568-F1-model_v1,147.0,False,all,97.67,Q14568,10.5,0.0,47.04849243164063,0.0
3857,/AF-Q14568-F1-model_v1,153.0,False,all,98.23,Q14568,10.02,0.0,32.035865783691406,0.0
3858,/AF-Q14568-F1-model_v1,185.0,False,all,98.34,Q14568,10.13,0.0,54.95692825317383,0.0
3859,/AF-Q14568-F1-model_v1,191.0,False,all,97.3,Q14568,9.3,0.0,36.59326934814453,0.0
3860,/AF-Q14568-F1-model_v1,204.0,False,all,95.67,Q14568,12.23,0.0,30.561412811279297,0.0
3861,/AF-Q14568-F1-model_v1,208.0,False,all,92.27,Q14568,10.21,0.0,79.48648071289062,0.0
3862,/AF-Q14568-F1-model_v1,209.0,False,all,91.68,Q14568,11.31,0.0,69.56742858886719,0.0
3863,/AF-Q14568-F1-model_v1,224.0,False,all,83.04,Q14568,11.86,0.0,39.81026077270508,0.0
3864,/AF-Q14568-F1-model_v1,280.0,False,all,72.95,Q14568,11.63,0.0,74.5269546508789,0.0
3865,/AF-Q14568-F1-model_v1,282.0,False,all,80.69,Q14568,11.67,0.0,57.77179336547852,0.0
3866,/AF-Q14568-F1-model_v1,291.0,False,all,86.73,Q14568,10.6,0.0,87.52896118164062,0.0
3867,/AF-Q14568-F1-model_v1,293.0,False,all,83.37,Q14568,10.43,0.0,119.96694946289062,0.0
3868,/AF-Q14568-F1-model_v1,326.0,False,all,96.41,Q14568,10.37,0.0,83.50772094726562,0.0
3869,/3EI2-alt1B_assembled/3EI2-alt1A_assembled/3EI3-alt1B_assembled/3EI3-alt1A_assembled,111.0,False,all,0.0,Q16531,10.125,0.0288675134594817,38.06772613525391,8.048432350158691
3870,/3EI2-alt1B_assembled/3EI2-alt1A_assembled/3EI3-alt1B_assembled/3EI3-alt1A_assembled,135.0,False,all,0.0,Q16531,9.935,0.167431578064992,40.815574645996094,14.781255722045898
3871,/3EI2-alt1B_assembled/3EI2-alt1A_assembled/3EI3-alt1B_assembled/3EI3-alt1A_assembled,138.0,False,all,0.0,Q16531,10.44,0.0461880215351701,71.91314697265625,4.72071647644043
3872,/3EI2-alt1B_assembled/3EI2-alt1A_assembled/3EI3-alt1B_assembled/3EI3-alt1A_assembled,168.0,False,all,0.0,Q16531,9.135,0.2598076211353312,43.76448059082031,5.030271053314209
3873,/3EI2-alt1B_assembled/3EI2-alt1A_assembled/3EI3-alt1B_assembled/3EI3-alt1A_assembled,182.0,False,all,0.0,Q16531,11.22,0.1154700538379257,49.66230010986328,5.494601726531982
3874,/3EI2-alt1B_assembled/3EI2-alt1A_assembled/3EI3-alt1B_assembled/3EI3-alt1A_assembled,199.0,False,all,0.0,Q16531,12.475,0.0869865890046656,46.78041076660156,0.309556245803833
3875,/3EI2-alt1B_assembled/3EI2-alt1A_assembled/3EI3-alt1B_assembled/3EI3-alt1A_assembled,232.0,False,all,0.0,Q16531,9.925,0.502294734194974,48.12082290649414,24.30007553100586
3876,/3EI2-alt1B_assembled/3EI2-alt1A_assembled/3EI3-alt1B_assembled/3EI3-alt1A_assembled,273.0,False,all,0.0,Q16531,10.21,0.2886751345948128,47.51763916015625,1.934719443321228
3877,/3EI2-alt1B_assembled/3EI2-alt1A_assembled/3EI3-alt1B_assembled/3EI3-alt1A_assembled,275.0,False,all,0.0,Q16531,9.81,0.0346410161513778,39.94430541992188,9.441431045532228
3878,/3EI2-alt1B_assembled/3EI2-alt1A_assembled/3EI3-alt1B_assembled/3EI3-alt1A_assembled,278.0,False,all,0.0,Q16531,10.6,0.0346410161513778,86.5906753540039,0.7738894820213318
3879,/3EI2-alt1B_assembled/3EI2-alt1A_assembled/3EI3-alt1B_assembled/3EI3-alt1A_assembled,280.0,False,all,0.0,Q16531,10.225,0.0173205080756884,44.9038314819336,1.083443522453308
3880,/3EI2-alt1B_assembled/3EI2-alt1A_assembled/3EI3-alt1B_assembled/3EI3-alt1A_assembled,304.0,False,all,0.0,Q16531,9.46,0.0461880215351701,12.599881172180176,1.7025526762008667
3881,/3EI2-alt1B_assembled/3EI2-alt1A_assembled/3EI3-alt1B_assembled/3EI3-alt1A_assembled,312.0,False,all,0.0,Q16531,10.5,0.0923760430703402,72.24825286865234,3.405103206634521
3882,/3EI2-alt1B_assembled/3EI2-alt1A_assembled/3EI3-alt1B_assembled/3EI3-alt1A_assembled,314.0,False,all,0.0,Q16531,10.19,0.0230940107675855,63.66961669921875,5.881548881530762
3883,/3EI2-alt1B_assembled/3EI2-alt1A_assembled/3EI3-alt1B_assembled/3EI3-alt1A_assembled,325.0,False,all,0.0,Q16531,10.14,0.1501110699893025,47.98678207397461,2.940774440765381
3884,/3EI2-alt1B_assembled/3EI2-alt1A_assembled/3EI3-alt1B_assembled/3EI3-alt1A_assembled,339.0,False,all,0.0,Q16531,10.2725,0.0377491721763539,15.548789978027344,0.3095551431179046
3885,/3EI2-alt1B_assembled/3EI2-alt1A_assembled/3EI3-alt1B_assembled/3EI3-alt1A_assembled,359.0,False,all,0.0,Q16531,11.255,0.4676537180435971,67.02064514160156,2.0121102333068848
3886,/3EI2-alt1B_assembled/3EI2-alt1A_assembled/3EI3-alt1B_assembled/3EI3-alt1A_assembled,378.0,False,all,0.0,Q16531,8.5,0.542709253038249,40.6815299987793,2.2442755699157715
3887,/3EI2-alt1B_assembled/3EI2-alt1A_assembled/3EI3-alt1B_assembled/3EI3-alt1A_assembled,403.0,False,all,0.0,Q16531,10.205,0.0057735026918971,50.6676025390625,4.178992748260498
3888,/3EI2-alt1B_assembled/3EI2-alt1A_assembled/3EI3-alt1B_assembled/3EI3-alt1A_assembled,433.0,False,all,0.0,Q16531,11.085,1.3105851110604512,40.74855422973633,0.4643332660198211
3889,/AF-P35580-F1-model_v1,34.0,False,all,78.02,P35580,10.19,0.0,56.43138122558594,0.0
3890,/AF-P35580-F1-model_v1,51.0,False,all,88.31,P35580,11.2,0.0,36.72731399536133,0.0
3891,/AF-P35580-F1-model_v1,67.0,False,all,85.22,P35580,10.45,0.0,76.40353393554688,0.0
3892,/AF-P35580-F1-model_v1,68.0,False,all,87.49,P35580,10.6,0.0,61.122825622558594,0.0
3893,/AF-P35580-F1-model_v1,73.0,False,all,81.99,P35580,10.8,0.0,67.1546859741211,0.0
3894,/AF-P35580-F1-model_v1,78.0,False,all,82.5,P35580,10.74,0.0,48.656986236572266,0.0
3895,/AF-P35580-F1-model_v1,83.0,False,all,72.14,P35580,10.25,0.0,72.91845703125,0.0
3896,/AF-P35580-F1-model_v1,86.0,False,all,87.01,P35580,10.11,0.0,39.00601577758789,0.0
3897,/AF-P35580-F1-model_v1,106.0,False,all,93.34,P35580,9.99,0.0,59.51433181762695,0.0
3898,/AF-P35580-F1-model_v1,129.0,False,all,87.86,P35580,10.79,0.0,80.9609375,0.0
3899,/AF-P35580-F1-model_v1,145.0,False,all,87.75,P35580,10.55,0.0,47.04849243164063,0.0
3900,/AF-P35580-F1-model_v1,146.0,False,all,79.93,P35580,12.2,0.0,23.05510139465332,0.0
3901,/AF-P35580-F1-model_v1,184.0,False,all,89.24,P35580,9.22,0.0,8.04247760772705,0.0
3902,/AF-P35580-F1-model_v1,189.0,False,all,90.56,P35580,13.37,0.0,33.912445068359375,0.0
3903,/AF-P35580-F1-model_v1,190.0,False,all,93.12,P35580,9.21,0.0,39.14005661010742,0.0
3904,/AF-P35580-F1-model_v1,232.0,False,all,90.06,P35580,10.7,0.0,17.55940818786621,0.0
3905,/AF-P35580-F1-model_v1,235.0,False,all,80.36,P35580,9.96,0.0,37.66559982299805,0.0
3906,/AF-P35580-F1-model_v1,244.0,False,all,88.45,P35580,10.26,0.0,15.950913429260254,0.0
3907,/AF-P35580-F1-model_v1,268.0,False,all,83.92,P35580,13.18,0.0,38.87197494506836,0.0
3908,/AF-P35580-F1-model_v1,276.0,False,all,85.1,P35580,11.61,0.0,85.65238189697266,0.0
3909,/AF-P35580-F1-model_v1,296.0,False,all,91.92,P35580,9.72,0.0,32.437992095947266,0.0
3910,/AF-P35580-F1-model_v1,323.0,False,all,92.93,P35580,10.52,0.0,69.29934692382812,0.0
3911,/AF-P35580-F1-model_v1,348.0,False,all,95.21,P35580,11.05,0.0,35.65498352050781,0.0
3912,/AF-P35580-F1-model_v1,362.0,False,all,89.99,P35580,10.39,0.0,76.26949310302734,0.0
3913,/AF-P35580-F1-model_v1,363.0,False,all,90.05,P35580,11.61,0.0,46.78041076660156,0.0
3914,/AF-P35580-F1-model_v1,380.0,False,all,93.65,P35580,11.31,0.0,45.97616195678711,0.0
3915,/AF-P35580-F1-model_v1,402.0,False,all,70.97,P35580,10.47,0.0,31.49970245361328,0.0
3916,/AF-P35580-F1-model_v1,410.0,False,all,84.59,P35580,10.09,0.0,67.42276763916016,0.0
3917,/AF-P35580-F1-model_v1,414.0,False,all,90.86,P35580,11.42,0.0,40.21238708496094,0.0
3918,/AF-P35580-F1-model_v1,426.0,False,all,89.26,P35580,10.15,0.0,25.86996841430664,0.0
3919,/AF-P35580-F1-model_v1,442.0,False,all,89.57,P35580,10.29,0.0,97.98418426513672,0.0
3920,/AF-P35580-F1-model_v1,482.0,False,all,91.3,P35580,9.28,0.0,19.033863067626957,0.0
3921,/AF-P35580-F1-model_v1,543.0,False,all,79.83,P35580,10.43,0.0,89.4055404663086,0.0
3922,/AF-P35580-F1-model_v1,547.0,False,all,88.14,P35580,11.05,0.0,69.29934692382812,0.0
3923,/AF-P35580-F1-model_v1,552.0,False,all,90.32,P35580,11.95,0.0,28.416751861572266,0.0
3924,/AF-P35580-F1-model_v1,562.0,False,all,92.4,P35580,10.42,0.0,45.30595397949219,0.0
3925,/AF-P35580-F1-model_v1,565.0,False,all,81.79,P35580,10.14,0.0,50.53356552124024,0.0
3926,/AF-P35580-F1-model_v1,583.0,False,all,88.8,P35580,11.45,0.0,44.76979064941406,0.0
3927,/AF-P35580-F1-model_v1,587.0,False,all,89.47,P35580,10.17,0.0,39.27409744262695,0.0
3928,/AF-P35580-F1-model_v1,594.0,False,all,80.54,P35580,11.23,0.0,30.159290313720703,0.0
3929,/AF-P35580-F1-model_v1,620.0,False,all,84.88,P35580,10.7,0.0,53.34843063354492,0.0
3930,/AF-P35580-F1-model_v1,658.0,False,all,85.22,P35580,9.9,0.0,45.43999481201172,0.0
3931,/AF-P35580-F1-model_v1,663.0,False,all,84.51,P35580,11.11,0.0,77.3418197631836,0.0
3932,/AF-P35580-F1-model_v1,685.0,False,all,83.87,P35580,9.99,0.0,25.601884841918945,0.0
3933,/AF-P35580-F1-model_v1,689.0,False,all,92.31,P35580,11.37,0.0,54.8228874206543,0.0
3934,/AF-P35580-F1-model_v1,738.0,False,all,78.96,P35580,10.13,0.0,59.64837265014648,0.0
3935,/AF-P35580-F1-model_v1,744.0,False,all,90.3,P35580,10.2,0.0,33.912445068359375,0.0
3936,/AF-P35580-F1-model_v1,767.0,False,all,92.08,P35580,11.13,0.0,52.14205932617188,0.0
3937,/AF-P35580-F1-model_v1,785.0,False,all,86.53,P35580,10.48,0.0,77.47586059570312,0.0
3938,/AF-P35580-F1-model_v1,804.0,False,all,92.0,P35580,10.62,0.0,72.5163345336914,0.0
3939,/AF-P35580-F1-model_v1,808.0,False,all,92.05,P35580,10.42,0.0,74.12483215332031,0.0
3940,/AF-P35580-F1-model_v1,809.0,False,all,92.31,P35580,10.42,0.0,80.15669250488281,0.0
3941,/AF-P35580-F1-model_v1,817.0,False,all,93.66,P35580,10.39,0.0,73.72270965576172,0.0
3942,/AF-P35580-F1-model_v1,828.0,False,all,89.87,P35580,10.44,0.0,84.31196594238281,0.0
3943,/AF-P35580-F1-model_v1,840.0,False,all,87.67,P35580,10.39,0.0,88.7353286743164,0.0
3944,/AF-P35580-F1-model_v1,842.0,False,all,85.71,P35580,10.36,0.0,70.10359191894531,0.0
3945,/AF-P35580-F1-model_v1,857.0,False,all,88.42,P35580,11.4,0.0,62.59728240966797,0.0
3946,/AF-P35580-F1-model_v1,863.0,False,all,87.92,P35580,11.53,0.0,56.83350372314453,0.0
3947,/AF-P35580-F1-model_v1,865.0,False,all,90.23,P35580,10.43,0.0,100.26288604736328,0.0
3948,/AF-P35580-F1-model_v1,867.0,False,all,87.1,P35580,10.36,0.0,88.06512451171875,0.0
3949,/AF-P35580-F1-model_v1,870.0,False,all,85.21,P35580,11.4,0.0,73.45462799072266,0.0
3950,/AF-P35580-F1-model_v1,881.0,False,all,81.82,P35580,11.92,0.0,33.912445068359375,0.0
3951,/AF-P35580-F1-model_v1,889.0,False,all,84.88,P35580,10.39,0.0,83.10559844970703,0.0
3952,/AF-P35580-F1-model_v1,916.0,False,all,87.33,P35580,10.54,0.0,76.40353393554688,0.0
3953,/AF-P35580-F1-model_v1,917.0,False,all,86.16,P35580,11.27,0.0,49.46123504638672,0.0
3954,/AF-P35580-F1-model_v1,945.0,False,all,75.63,P35580,11.28,0.0,56.43138122558594,0.0
3955,/AF-P35580-F1-model_v1,946.0,False,all,78.57,P35580,10.28,0.0,67.69084930419922,0.0
3956,/AF-P35580-F1-model_v1,947.0,False,all,81.11,P35580,10.5,0.0,81.3630599975586,0.0
3957,/AF-Q96C19-F1-model_v1,9.0,False,all,74.89,Q96C19,10.4,0.0,83.10559844970703,0.0
3958,/AF-Q96C19-F1-model_v1,87.0,False,all,86.35,Q96C19,10.42,0.0,98.25226593017578,0.0
3959,/AF-Q96C19-F1-model_v1,92.0,False,all,87.13,Q96C19,10.71,0.0,102.13945770263672,0.0
3960,/AF-Q96C19-F1-model_v1,95.0,False,all,91.62,Q96C19,10.6,0.0,84.44600677490234,0.0
3961,/AF-Q96C19-F1-model_v1,99.0,False,all,92.59,Q96C19,10.55,0.0,108.30535888671876,0.0
3962,/AF-Q96C19-F1-model_v1,102.0,False,all,92.72,Q96C19,11.51,0.0,76.13545227050781,0.0
3963,/AF-Q96C19-F1-model_v1,118.0,False,all,93.64,Q96C19,10.62,0.0,78.41415405273438,0.0
3964,/AF-Q96C19-F1-model_v1,123.0,False,all,90.3,Q96C19,10.44,0.0,74.9290771484375,0.0
3965,/AF-Q96C19-F1-model_v1,134.0,False,all,94.06,Q96C19,10.17,0.0,83.90984344482422,0.0
3966,/AF-Q96C19-F1-model_v1,138.0,False,all,92.19,Q96C19,10.37,0.0,96.91184997558594,0.0
3967,/AF-Q96C19-F1-model_v1,147.0,False,all,92.42,Q96C19,10.73,0.0,48.92506790161133,0.0
3968,/AF-Q96C19-F1-model_v1,159.0,False,all,89.12,Q96C19,11.3,0.0,52.8122673034668,0.0
3969,/AF-Q96C19-F1-model_v1,212.0,False,all,78.81,Q96C19,10.44,0.0,84.71409606933594,0.0
3970,/AF-Q96C19-F1-model_v1,219.0,False,all,86.92,Q96C19,10.43,0.0,83.50772094726562,0.0
3971,/AF-Q96C19-F1-model_v1,220.0,False,all,88.38,Q96C19,10.43,0.0,83.50772094726562,0.0
3972,/AF-Q96C19-F1-model_v1,226.0,False,all,89.75,Q96C19,10.44,0.0,85.11621856689453,0.0
3973,/AF-Q96C19-F1-model_v1,229.0,False,all,83.72,Q96C19,10.42,0.0,84.04388427734375,0.0
3974,/AF-Q96C19-F1-model_v1,233.0,False,all,82.9,Q96C19,10.44,0.0,85.11621856689453,0.0
3975,/AF-O75083-F1-model_v1,6.0,False,all,94.0,O75083,10.48,0.0,50.93568801879883,0.0
3976,/AF-O75083-F1-model_v1,7.0,False,all,94.48,O75083,9.88,0.0,38.20176696777344,0.0
3977,/AF-O75083-F1-model_v1,21.0,False,all,98.14,O75083,7.12,0.0,11.52755069732666,0.0
3978,/AF-O75083-F1-model_v1,28.0,False,all,93.55,O75083,10.43,0.0,99.5926742553711,0.0
3979,/AF-O75083-F1-model_v1,38.0,False,all,97.91,O75083,10.07,0.0,51.73993682861328,0.0
3980,/AF-O75083-F1-model_v1,65.0,False,all,98.64,O75083,9.39,0.0,30.293331146240234,0.0
3981,/AF-O75083-F1-model_v1,81.0,False,all,98.36,O75083,11.32,0.0,50.667606353759766,0.0
3982,/AF-O75083-F1-model_v1,90.0,False,all,87.76,O75083,10.6,0.0,122.11161041259766,0.0
3983,/AF-O75083-F1-model_v1,95.0,False,all,97.85,O75083,10.77,0.0,53.48247146606445,0.0
3984,/AF-O75083-F1-model_v1,104.0,False,all,98.08,O75083,10.51,0.0,57.50371170043945,0.0
3985,/AF-O75083-F1-model_v1,106.0,False,all,98.53,O75083,9.19,0.0,49.99739837646485,0.0
3986,/AF-O75083-F1-model_v1,115.0,False,all,97.93,O75083,10.5,0.0,86.85875701904297,0.0
3987,/AF-O75083-F1-model_v1,126.0,False,all,95.05,O75083,9.95,0.0,50.3995246887207,0.0
3988,/AF-O75083-F1-model_v1,147.0,False,all,97.58,O75083,10.47,0.0,65.01002502441406,0.0
3989,/AF-O75083-F1-model_v1,155.0,False,all,98.57,O75083,9.11,0.0,8.71268367767334,0.0
3990,/AF-O75083-F1-model_v1,180.0,False,all,98.12,O75083,10.47,0.0,76.939697265625,0.0
3991,/AF-O75083-F1-model_v1,182.0,False,all,97.83,O75083,10.08,0.0,36.057106018066406,0.0
3992,/AF-O75083-F1-model_v1,219.0,False,all,97.99,O75083,10.39,0.0,80.9609375,0.0
3993,/AF-O75083-F1-model_v1,223.0,False,all,97.77,O75083,11.64,0.0,51.20376968383789,0.0
3994,/AF-O75083-F1-model_v1,231.0,False,all,93.24,O75083,10.48,0.0,64.60790252685547,0.0
3995,/AF-O75083-F1-model_v1,256.0,False,all,98.4,O75083,10.2,0.0,36.99539566040039,0.0
3996,/AF-O75083-F1-model_v1,259.0,False,all,98.67,O75083,9.84,0.0,24.797637939453125,0.0
3997,/AF-O75083-F1-model_v1,289.0,False,all,94.13,O75083,10.36,0.0,58.44200134277344,0.0
3998,/AF-O75083-F1-model_v1,311.0,False,all,94.88,O75083,10.43,0.0,81.49710083007812,0.0
3999,/AF-O75083-F1-model_v1,317.0,False,all,95.11,O75083,11.46,0.0,32.97415542602539,0.0
4000,/AF-O75083-F1-model_v1,321.0,False,all,96.37,O75083,10.21,0.0,86.9927978515625,0.0
4001,/AF-O75083-F1-model_v1,330.0,False,all,91.56,O75083,10.44,0.0,75.3311996459961,0.0
4002,/AF-O75083-F1-model_v1,334.0,False,all,92.24,O75083,11.87,0.0,61.52495193481445,0.0
4003,/AF-O75083-F1-model_v1,362.0,False,all,91.04,O75083,10.45,0.0,105.08837127685548,0.0
4004,/AF-O75083-F1-model_v1,405.0,False,all,96.57,O75083,10.42,0.0,95.5714340209961,0.0
4005,/AF-O75083-F1-model_v1,411.0,False,all,98.05,O75083,11.63,0.0,21.982770919799805,0.0
4006,/AF-O75083-F1-model_v1,433.0,False,all,95.08,O75083,11.68,0.0,35.11881637573242,0.0
4007,/AF-O75083-F1-model_v1,437.0,False,all,95.65,O75083,11.33,0.0,34.98477554321289,0.0
4008,/AF-O75083-F1-model_v1,484.0,False,all,95.35,O75083,10.17,0.0,48.522945404052734,0.0
4009,/AF-O75083-F1-model_v1,489.0,False,all,95.51,O75083,11.41,0.0,53.88459777832031,0.0
4010,/AF-O75083-F1-model_v1,511.0,False,all,97.73,O75083,10.33,0.0,51.33781433105469,0.0
4011,/AF-O75083-F1-model_v1,534.0,False,all,97.56,O75083,10.04,0.0,60.45262145996094,0.0
4012,/AF-O75083-F1-model_v1,569.0,False,all,96.36,O75083,11.21,0.0,33.778404235839844,0.0
4013,/AF-O75083-F1-model_v1,600.0,False,all,97.46,O75083,9.27,0.0,45.70808029174805,0.0
4014,/AF-Q8NBJ5-F1-model_v1,109.0,False,all,96.89,Q8NBJ5,10.39,0.0,89.80766296386719,0.0
4015,/AF-Q8NBJ5-F1-model_v1,133.0,False,all,91.35,Q8NBJ5,10.44,0.0,36.59326934814453,0.0
4016,/AF-Q8NBJ5-F1-model_v1,145.0,False,all,98.39,Q8NBJ5,11.98,0.0,49.193153381347656,0.0
4017,/AF-Q8NBJ5-F1-model_v1,152.0,False,all,98.48,Q8NBJ5,11.37,0.0,64.87598419189453,0.0
4018,/AF-Q8NBJ5-F1-model_v1,185.0,False,all,98.42,Q8NBJ5,10.57,0.0,43.563419342041016,0.0
4019,/AF-Q8NBJ5-F1-model_v1,212.0,False,all,90.89,Q8NBJ5,10.39,0.0,87.79704284667969,0.0
4020,/AF-Q8NBJ5-F1-model_v1,222.0,False,all,93.19,Q8NBJ5,10.25,0.0,86.59066772460938,0.0
4021,/AF-Q8NBJ5-F1-model_v1,244.0,False,all,98.03,Q8NBJ5,10.09,0.0,28.014629364013672,0.0
4022,/AF-Q8NBJ5-F1-model_v1,274.0,False,all,95.32,Q8NBJ5,10.25,0.0,76.5375747680664,0.0
4023,/AF-Q8NBJ5-F1-model_v1,285.0,False,all,98.31,Q8NBJ5,11.26,0.0,51.06972885131836,0.0
4024,/AF-Q8NBJ5-F1-model_v1,318.0,False,all,89.92,Q8NBJ5,10.48,0.0,97.85013580322266,0.0
4025,/AF-Q8NBJ5-F1-model_v1,333.0,False,all,90.02,Q8NBJ5,9.45,0.0,58.44200134277344,0.0
4026,/AF-Q8NBJ5-F1-model_v1,337.0,False,all,98.49,Q8NBJ5,11.36,0.0,22.38489532470703,0.0
4027,/AF-Q8NBJ5-F1-model_v1,378.0,False,all,88.23,Q8NBJ5,10.23,0.0,99.99479675292967,0.0
4028,/AF-Q8NBJ5-F1-model_v1,407.0,False,all,90.09,Q8NBJ5,10.86,0.0,10.455220222473145,0.0
4029,/AF-Q8NBJ5-F1-model_v1,421.0,False,all,98.65,Q8NBJ5,10.73,0.0,72.38229370117188,0.0
4030,/AF-Q8NBJ5-F1-model_v1,430.0,False,all,98.46,Q8NBJ5,11.11,0.0,36.19114685058594,0.0
4031,/AF-Q8NBJ5-F1-model_v1,445.0,False,all,97.04,Q8NBJ5,10.55,0.0,30.963537216186523,0.0
4032,/AF-Q8NBJ5-F1-model_v1,470.0,False,all,90.8,Q8NBJ5,8.43,0.0,6.165899276733398,0.0
4033,/AF-Q8NBJ5-F1-model_v1,479.0,False,all,92.59,Q8NBJ5,11.5,0.0,77.07373809814453,0.0
4034,/AF-Q8NBJ5-F1-model_v1,508.0,False,all,98.7,Q8NBJ5,10.76,0.0,21.848730087280277,0.0
4035,/AF-Q8NBJ5-F1-model_v1,531.0,False,all,95.13,Q8NBJ5,10.73,0.0,51.20376968383789,0.0
4036,/AF-Q8NBJ5-F1-model_v1,538.0,False,all,93.88,Q8NBJ5,10.45,0.0,23.05510139465332,0.0
4037,/AF-Q8NBJ5-F1-model_v1,583.0,False,all,78.81,Q8NBJ5,10.46,0.0,96.3756866455078,0.0
4038,/AF-Q58FG0-F1-model_v1,34.0,False,all,90.77,Q58FG0,10.87,0.0,41.016632080078125,0.0
4039,/AF-Q58FG0-F1-model_v1,38.0,False,all,88.9,Q58FG0,10.18,0.0,68.09297180175781,0.0
4040,/AF-Q58FG0-F1-model_v1,39.0,False,all,88.92,Q58FG0,10.3,0.0,83.3736801147461,0.0
4041,/AF-Q58FG0-F1-model_v1,54.0,False,all,77.89,Q58FG0,11.2,0.0,47.58465576171875,0.0
4042,/AF-Q58FG0-F1-model_v1,55.0,False,all,74.54,Q58FG0,10.99,0.0,66.7525634765625,0.0
4043,/AF-Q58FG0-F1-model_v1,116.0,False,all,85.66,Q58FG0,10.5,0.0,76.80565643310547,0.0
4044,/AF-Q58FG0-F1-model_v1,118.0,False,all,86.87,Q58FG0,10.43,0.0,92.7565689086914,0.0
4045,/AF-Q58FG0-F1-model_v1,151.0,False,all,90.25,Q58FG0,10.47,0.0,114.47126007080078,0.0
4046,/AF-Q58FG0-F1-model_v1,174.0,False,all,75.57,Q58FG0,10.44,0.0,94.09698486328124,0.0
4047,/AF-Q58FG0-F1-model_v1,184.0,False,all,84.5,Q58FG0,10.53,0.0,103.47987365722656,0.0
4048,/AF-Q58FG0-F1-model_v1,198.0,False,all,79.32,Q58FG0,11.62,0.0,56.699462890625,0.0
4049,/AF-Q58FG0-F1-model_v1,212.0,False,all,82.94,Q58FG0,10.39,0.0,96.91184997558594,0.0
4050,/AF-Q58FG0-F1-model_v1,219.0,False,all,80.84,Q58FG0,10.44,0.0,95.03527069091795,0.0
4051,/AF-Q58FG0-F1-model_v1,224.0,False,all,77.8,Q58FG0,10.01,0.0,26.808258056640625,0.0
4052,/AF-Q58FG0-F1-model_v1,231.0,False,all,81.72,Q58FG0,10.2,0.0,91.55020141601562,0.0
4053,/AF-Q58FG0-F1-model_v1,244.0,False,all,82.55,Q58FG0,10.42,0.0,81.76518249511719,0.0
4054,/AF-Q58FG0-F1-model_v1,245.0,False,all,83.52,Q58FG0,11.24,0.0,65.94831085205078,0.0
4055,/AF-Q58FG0-F1-model_v1,249.0,False,all,86.23,Q58FG0,10.29,0.0,65.41214752197266,0.0
4056,/AF-Q58FG0-F1-model_v1,250.0,False,all,85.94,Q58FG0,10.3,0.0,47.58465576171875,0.0
4057,/AF-Q58FG0-F1-model_v1,252.0,False,all,89.01,Q58FG0,11.25,0.0,61.79303359985352,0.0
4058,/AF-Q58FG0-F1-model_v1,258.0,False,all,88.89,Q58FG0,11.5,0.0,58.84412384033203,0.0
4059,/AF-Q58FG0-F1-model_v1,261.0,False,all,87.97,Q58FG0,10.4,0.0,71.57804870605469,0.0
4060,/AF-Q58FG0-F1-model_v1,266.0,False,all,84.1,Q58FG0,10.47,0.0,95.1693115234375,0.0
4061,/AF-Q58FG0-F1-model_v1,267.0,False,all,84.21,Q58FG0,10.41,0.0,81.22901916503906,0.0
4062,/AF-Q58FG0-F1-model_v1,269.0,False,all,84.13,Q58FG0,10.52,0.0,103.2117919921875,0.0
4063,/AF-Q58FG0-F1-model_v1,270.0,False,all,84.2,Q58FG0,10.54,0.0,69.56742858886719,0.0
4064,/AF-Q58FG0-F1-model_v1,286.0,False,all,77.5,Q58FG0,10.22,0.0,81.63114166259766,0.0
4065,/AF-Q58FG0-F1-model_v1,292.0,False,all,79.77,Q58FG0,10.4,0.0,82.03326416015625,0.0
4066,/AF-P54707-F1-model_v1,60.0,False,all,90.94,P54707,12.19,0.0,37.66559982299805,0.0
4067,/AF-P54707-F1-model_v1,69.0,False,all,91.88,P54707,11.18,0.0,38.60388946533203,0.0
4068,/AF-P54707-F1-model_v1,99.0,False,all,73.01,P54707,10.45,0.0,117.55420684814452,0.0
4069,/AF-P54707-F1-model_v1,106.0,False,all,82.71,P54707,11.41,0.0,35.386898040771484,0.0
4070,/AF-P54707-F1-model_v1,109.0,False,all,85.64,P54707,10.42,0.0,94.7671890258789,0.0
4071,/AF-P54707-F1-model_v1,138.0,False,all,71.41,P54707,10.44,0.0,92.3544464111328,0.0
4072,/AF-P54707-F1-model_v1,192.0,False,all,92.7,P54707,11.41,0.0,56.16329956054688,0.0
4073,/AF-P54707-F1-model_v1,193.0,False,all,92.59,P54707,11.26,0.0,43.29533386230469,0.0
4074,/AF-P54707-F1-model_v1,209.0,False,all,91.01,P54707,10.72,0.0,61.92707443237305,0.0
4075,/AF-P54707-F1-model_v1,255.0,False,all,91.32,P54707,10.14,0.0,55.49309158325195,0.0
4076,/AF-P54707-F1-model_v1,296.0,False,all,81.64,P54707,11.37,0.0,64.87598419189453,0.0
4077,/AF-P54707-F1-model_v1,329.0,False,all,87.04,P54707,10.46,0.0,82.83751678466797,0.0
4078,/AF-P54707-F1-model_v1,364.0,False,all,84.89,P54707,10.47,0.0,104.01603698730467,0.0
4079,/AF-P54707-F1-model_v1,368.0,False,all,86.7,P54707,10.21,0.0,105.49049377441406,0.0
4080,/AF-P54707-F1-model_v1,369.0,False,all,83.92,P54707,11.39,0.0,66.08235168457031,0.0
4081,/AF-P54707-F1-model_v1,374.0,False,all,80.79,P54707,8.31,0.0,43.29533386230469,0.0
4082,/AF-P54707-F1-model_v1,392.0,False,all,91.92,P54707,13.2,0.0,13.136046409606934,0.0
4083,/AF-P54707-F1-model_v1,438.0,False,all,91.73,P54707,9.79,0.0,64.741943359375,0.0
4084,/AF-P54707-F1-model_v1,449.0,False,all,87.46,P54707,10.35,0.0,69.1653060913086,0.0
4085,/AF-P54707-F1-model_v1,459.0,False,all,83.98,P54707,10.49,0.0,97.85013580322266,0.0
4086,/AF-P54707-F1-model_v1,460.0,False,all,88.35,P54707,10.38,0.0,40.74855041503906,0.0
4087,/AF-P54707-F1-model_v1,473.0,False,all,91.97,P54707,8.04,0.0,10.053096771240234,0.0
4088,/AF-P54707-F1-model_v1,487.0,False,all,89.55,P54707,10.46,0.0,86.05450439453125,0.0
4089,/AF-P54707-F1-model_v1,491.0,False,all,92.84,P54707,10.31,0.0,23.323183059692383,0.0
4090,/AF-P54707-F1-model_v1,502.0,False,all,86.3,P54707,10.34,0.0,52.276100158691406,0.0
4091,/AF-P54707-F1-model_v1,523.0,False,all,96.12,P54707,10.54,0.0,11.393508911132812,0.0
4092,/AF-P54707-F1-model_v1,532.0,False,all,92.94,P54707,9.75,0.0,24.3955135345459,0.0
4093,/AF-P54707-F1-model_v1,547.0,False,all,86.76,P54707,10.47,0.0,99.05651092529295,0.0
4094,/AF-P54707-F1-model_v1,551.0,False,all,88.91,P54707,10.44,0.0,89.4055404663086,0.0
4095,/AF-P54707-F1-model_v1,620.0,False,all,94.32,P54707,11.46,0.0,67.02064514160156,0.0
4096,/AF-P54707-F1-model_v1,627.0,False,all,96.16,P54707,8.66,0.0,24.529556274414062,0.0
4097,/AF-P54707-F1-model_v1,640.0,False,all,92.47,P54707,10.4,0.0,26.67421531677246,0.0
4098,/AF-P54707-F1-model_v1,644.0,False,all,92.45,P54707,9.99,0.0,62.32919692993164,0.0
4099,/AF-P54707-F1-model_v1,672.0,False,all,84.62,P54707,10.44,0.0,88.60128784179688,0.0
4100,/AF-P54707-F1-model_v1,686.0,False,all,83.4,P54707,11.54,0.0,61.122825622558594,0.0
4101,/AF-P54707-F1-model_v1,713.0,False,all,92.72,P54707,13.05,0.0,7.372270584106445,0.0
4102,/AF-P54707-F1-model_v1,741.0,False,all,88.11,P54707,9.52,0.0,25.73592758178711,0.0
4103,/AF-P54707-F1-model_v1,742.0,False,all,91.17,P54707,10.92,0.0,12.733922004699709,0.0
4104,/AF-P54707-F1-model_v1,758.0,False,all,85.34,P54707,9.95,0.0,26.138050079345703,0.0
4105,/AF-P54707-F1-model_v1,788.0,False,all,93.89,P54707,9.51,0.0,11.92967414855957,0.0
4106,/AF-P54707-F1-model_v1,789.0,False,all,94.54,P54707,10.46,0.0,7.908435821533203,0.0
4107,/AF-P54707-F1-model_v1,797.0,False,all,92.9,P54707,13.63,0.0,3.485073566436768,0.0
4108,/AF-P54707-F1-model_v1,841.0,False,all,93.47,P54707,10.19,0.0,106.56282043457033,0.0
4109,/AF-P54707-F1-model_v1,850.0,False,all,93.13,P54707,10.41,0.0,111.6563949584961,0.0
4110,/AF-P54707-F1-model_v1,854.0,False,all,82.61,P54707,10.96,0.0,58.30796051025391,0.0
4111,/AF-P54707-F1-model_v1,856.0,False,all,86.07,P54707,10.47,0.0,99.45863342285156,0.0
4112,/AF-P54707-F1-model_v1,907.0,False,all,86.05,P54707,11.37,0.0,40.61450958251953,0.0
4113,/AF-P54707-F1-model_v1,914.0,False,all,92.36,P54707,11.05,0.0,60.85474395751953,0.0
4114,/AF-P54707-F1-model_v1,953.0,False,all,94.98,P54707,9.71,0.0,2.412743091583252,0.0
4115,/AF-P54707-F1-model_v1,968.0,False,all,87.59,P54707,10.44,0.0,93.15869140625,0.0
4116,/AF-Q9UJQ1-F1-model_v1,45.0,False,all,88.48,Q9UJQ1,11.1,0.0,33.24224090576172,0.0
4117,/AF-Q9UJQ1-F1-model_v1,65.0,False,all,97.4,Q9UJQ1,11.4,0.0,65.54618835449219,0.0
4118,/AF-Q9UJQ1-F1-model_v1,96.0,False,all,96.38,Q9UJQ1,10.33,0.0,68.36105346679688,0.0
4119,/AF-Q9UJQ1-F1-model_v1,118.0,False,all,98.43,Q9UJQ1,11.03,0.0,52.4101448059082,0.0
4120,/AF-Q9UJQ1-F1-model_v1,123.0,False,all,96.16,Q9UJQ1,10.95,0.0,26.272092819213867,0.0
4121,/AF-Q9UJQ1-F1-model_v1,140.0,False,all,98.19,Q9UJQ1,10.15,0.0,70.9078369140625,0.0
4122,/AF-Q9UJQ1-F1-model_v1,150.0,False,all,93.29,Q9UJQ1,10.46,0.0,80.29073333740234,0.0
4123,/AF-Q9UJQ1-F1-model_v1,161.0,False,all,95.42,Q9UJQ1,10.51,0.0,97.85013580322266,0.0
4124,/AF-Q9UJQ1-F1-model_v1,178.0,False,all,96.87,Q9UJQ1,11.5,0.0,41.418758392333984,0.0
4125,/AF-Q9UJQ1-F1-model_v1,197.0,False,all,90.62,Q9UJQ1,12.39,0.0,19.838109970092773,0.0
4126,/AF-Q9UJQ1-F1-model_v1,224.0,False,all,96.42,Q9UJQ1,10.78,0.0,71.04188537597656,0.0
4127,/AF-Q9UJQ1-F1-model_v1,261.0,False,all,87.03,Q9UJQ1,10.36,0.0,71.44400787353516,0.0
4128,/AF-Q9ULV0-F1-model_v1,29.0,False,all,86.53,Q9ULV0,11.41,0.0,52.14205932617188,0.0
4129,/AF-Q9ULV0-F1-model_v1,32.0,False,all,81.48,Q9ULV0,10.47,0.0,87.93108367919922,0.0
4130,/AF-Q9ULV0-F1-model_v1,36.0,False,all,82.87,Q9ULV0,10.45,0.0,93.8289031982422,0.0
4131,/AF-Q9ULV0-F1-model_v1,90.0,False,all,93.62,Q9ULV0,10.92,0.0,42.4910888671875,0.0
4132,/AF-Q9ULV0-F1-model_v1,148.0,False,all,89.0,Q9ULV0,10.38,0.0,36.19114685058594,0.0
4133,/AF-Q9ULV0-F1-model_v1,155.0,False,all,87.16,Q9ULV0,10.45,0.0,96.50972747802734,0.0
4134,/AF-Q9ULV0-F1-model_v1,169.0,False,all,87.3,Q9ULV0,9.59,0.0,15.682830810546877,0.0
4135,/AF-Q9ULV0-F1-model_v1,174.0,False,all,86.27,Q9ULV0,10.06,0.0,73.99079132080078,0.0
4136,/AF-Q9ULV0-F1-model_v1,195.0,False,all,81.23,Q9ULV0,10.04,0.0,58.84412384033203,0.0
4137,/AF-Q9ULV0-F1-model_v1,210.0,False,all,85.88,Q9ULV0,10.72,0.0,10.053096771240234,0.0
4138,/AF-Q9ULV0-F1-model_v1,222.0,False,all,86.31,Q9ULV0,11.0,0.0,45.171913146972656,0.0
4139,/AF-Q9ULV0-F1-model_v1,230.0,False,all,87.63,Q9ULV0,10.44,0.0,98.25226593017578,0.0
4140,/AF-Q9ULV0-F1-model_v1,246.0,False,all,81.02,Q9ULV0,10.03,0.0,33.10819625854492,0.0
4141,/AF-Q9ULV0-F1-model_v1,275.0,False,all,86.56,Q9ULV0,10.44,0.0,93.02465057373048,0.0
4142,/AF-Q9ULV0-F1-model_v1,307.0,False,all,91.8,Q9ULV0,12.58,0.0,48.12082290649414,0.0
4143,/AF-Q9ULV0-F1-model_v1,318.0,False,all,86.02,Q9ULV0,10.41,0.0,88.7353286743164,0.0
4144,/AF-Q9ULV0-F1-model_v1,327.0,False,all,93.4,Q9ULV0,10.76,0.0,28.55079460144043,0.0
4145,/AF-Q9ULV0-F1-model_v1,380.0,False,all,79.25,Q9ULV0,11.13,0.0,43.16129302978516,0.0
4146,/AF-Q9ULV0-F1-model_v1,390.0,False,all,82.74,Q9ULV0,10.28,0.0,51.47185516357422,0.0
4147,/AF-Q9ULV0-F1-model_v1,406.0,False,all,87.49,Q9ULV0,10.77,0.0,17.961532592773438,0.0
4148,/AF-Q9ULV0-F1-model_v1,422.0,False,all,87.45,Q9ULV0,10.9,0.0,55.62713241577149,0.0
4149,/AF-Q9ULV0-F1-model_v1,429.0,False,all,81.59,Q9ULV0,10.23,0.0,82.70347595214844,0.0
4150,/AF-Q9ULV0-F1-model_v1,461.0,False,all,89.57,Q9ULV0,10.43,0.0,39.00601577758789,0.0
4151,/AF-Q9ULV0-F1-model_v1,472.0,False,all,74.77,Q9ULV0,10.7,0.0,87.66300201416016,0.0
4152,/AF-Q9ULV0-F1-model_v1,480.0,False,all,86.06,Q9ULV0,11.44,0.0,76.13545227050781,0.0
4153,/AF-Q9ULV0-F1-model_v1,503.0,False,all,84.93,Q9ULV0,10.64,0.0,100.53096771240234,0.0
4154,/AF-Q9ULV0-F1-model_v1,515.0,False,all,75.4,Q9ULV0,10.46,0.0,77.74394989013672,0.0
4155,/AF-Q9ULV0-F1-model_v1,518.0,False,all,73.81,Q9ULV0,10.48,0.0,89.4055404663086,0.0
4156,/AF-Q9ULV0-F1-model_v1,527.0,False,all,92.1,Q9ULV0,11.45,0.0,57.63775253295898,0.0
4157,/AF-Q9ULV0-F1-model_v1,540.0,False,all,91.46,Q9ULV0,9.87,0.0,36.72731399536133,0.0
4158,/AF-Q9ULV0-F1-model_v1,556.0,False,all,88.99,Q9ULV0,10.25,0.0,57.77179336547852,0.0
4159,/AF-Q9ULV0-F1-model_v1,567.0,False,all,75.79,Q9ULV0,10.9,0.0,29.48908233642578,0.0
4160,/AF-Q9ULV0-F1-model_v1,581.0,False,all,84.33,Q9ULV0,9.95,0.0,38.4698486328125,0.0
4161,/AF-Q9ULV0-F1-model_v1,584.0,False,all,82.92,Q9ULV0,10.2,0.0,75.59928894042969,0.0
4162,/AF-Q9ULV0-F1-model_v1,659.0,False,all,89.69,Q9ULV0,10.01,0.0,6.031857967376709,0.0
4163,/AF-Q9ULV0-F1-model_v1,664.0,False,all,83.48,Q9ULV0,11.4,0.0,59.64837265014648,0.0
4164,/AF-Q9ULV0-F1-model_v1,672.0,False,all,90.21,Q9ULV0,11.25,0.0,47.31657409667969,0.0
4165,/AF-Q9ULV0-F1-model_v1,712.0,False,all,80.09,Q9ULV0,11.24,0.0,51.60589599609375,0.0
4166,/AF-Q9ULV0-F1-model_v1,713.0,False,all,76.87,Q9ULV0,10.46,0.0,93.29273223876952,0.0
4167,/AF-Q9ULV0-F1-model_v1,721.0,False,all,84.03,Q9ULV0,10.21,0.0,57.77179336547852,0.0
4168,/AF-Q9ULV0-F1-model_v1,722.0,False,all,87.32,Q9ULV0,9.61,0.0,30.963537216186523,0.0
4169,/AF-Q9ULV0-F1-model_v1,738.0,False,all,85.8,Q9ULV0,12.33,0.0,33.10819625854492,0.0
4170,/AF-Q9ULV0-F1-model_v1,745.0,False,all,89.37,Q9ULV0,10.72,0.0,48.12082290649414,0.0
4171,/AF-Q9ULV0-F1-model_v1,758.0,False,all,80.72,Q9ULV0,9.84,0.0,36.99539566040039,0.0
4172,/AF-Q9ULV0-F1-model_v1,763.0,False,all,86.18,Q9ULV0,9.96,0.0,47.71869659423828,0.0
4173,/AF-Q9ULV0-F1-model_v1,773.0,False,all,91.4,Q9ULV0,10.3,0.0,62.59728240966797,0.0
4174,/AF-Q9ULV0-F1-model_v1,781.0,False,all,90.67,Q9ULV0,10.41,0.0,81.63114166259766,0.0
4175,/AF-Q9ULV0-F1-model_v1,783.0,False,all,90.06,Q9ULV0,10.42,0.0,74.12483215332031,0.0
4176,/AF-Q9ULV0-F1-model_v1,788.0,False,all,91.87,Q9ULV0,10.62,0.0,53.88459777832031,0.0
4177,/AF-Q9ULV0-F1-model_v1,821.0,False,all,87.95,Q9ULV0,10.42,0.0,82.30135345458984,0.0
4178,/AF-Q9ULV0-F1-model_v1,863.0,False,all,72.61,Q9ULV0,10.4,0.0,98.65438842773438,0.0
4179,/AF-Q9ULV0-F1-model_v1,869.0,False,all,75.92,Q9ULV0,10.45,0.0,84.84813690185547,0.0
4180,/AF-Q9ULV0-F1-model_v1,898.0,False,all,74.37,Q9ULV0,9.41,0.0,2.412743091583252,0.0
4181,/AF-Q9ULV0-F1-model_v1,964.0,False,all,84.02,Q9ULV0,11.35,0.0,53.21438980102539,0.0
4182,/AF-Q9NQ94-F1-model_v1,16.0,False,all,82.28,Q9NQ94,12.3,0.0,41.55279922485352,0.0
4183,/AF-Q9NQ94-F1-model_v1,39.0,False,all,92.99,Q9NQ94,11.0,0.0,27.746545791625977,0.0
4184,/AF-Q9NQ94-F1-model_v1,62.0,False,all,92.75,Q9NQ94,10.05,0.0,73.72270965576172,0.0
4185,/AF-Q9NQ94-F1-model_v1,78.0,False,all,93.85,Q9NQ94,10.51,0.0,79.48648071289062,0.0
4186,/AF-Q9NQ94-F1-model_v1,81.0,False,all,93.5,Q9NQ94,10.17,0.0,55.76117706298828,0.0
4187,/AF-Q9NQ94-F1-model_v1,106.0,False,all,91.31,Q9NQ94,10.78,0.0,54.95692825317383,0.0
4188,/AF-Q9NQ94-F1-model_v1,110.0,False,all,92.29,Q9NQ94,10.37,0.0,93.42677307128906,0.0
4189,/AF-Q9NQ94-F1-model_v1,114.0,False,all,92.42,Q9NQ94,10.29,0.0,97.04589080810548,0.0
4190,/AF-Q9NQ94-F1-model_v1,145.0,False,all,93.16,Q9NQ94,10.32,0.0,88.33320617675781,0.0
4191,/AF-Q9NQ94-F1-model_v1,147.0,False,all,92.64,Q9NQ94,11.33,0.0,35.65498352050781,0.0
4192,/AF-Q9NQ94-F1-model_v1,148.0,False,all,92.27,Q9NQ94,10.6,0.0,96.24164581298828,0.0
4193,/AF-Q9NQ94-F1-model_v1,157.0,False,all,94.23,Q9NQ94,10.24,0.0,49.059112548828125,0.0
4194,/AF-Q9NQ94-F1-model_v1,158.0,False,all,92.36,Q9NQ94,11.43,0.0,71.44400787353516,0.0
4195,/AF-Q9NQ94-F1-model_v1,177.0,False,all,90.23,Q9NQ94,11.49,0.0,65.81427001953125,0.0
4196,/AF-Q9NQ94-F1-model_v1,198.0,False,all,90.39,Q9NQ94,10.52,0.0,71.30996704101562,0.0
4197,/AF-Q9NQ94-F1-model_v1,231.0,False,all,93.92,Q9NQ94,10.46,0.0,60.18453598022461,0.0
4198,/AF-Q9NQ94-F1-model_v1,249.0,False,all,92.8,Q9NQ94,10.53,0.0,81.76518249511719,0.0
4199,/AF-Q9NQ94-F1-model_v1,255.0,False,all,86.42,Q9NQ94,11.56,0.0,60.18453598022461,0.0
4200,/AF-Q9NQ94-F1-model_v1,263.0,False,all,95.07,Q9NQ94,10.38,0.0,71.84613037109375,0.0
4201,/AF-Q9NQ94-F1-model_v1,264.0,False,all,93.77,Q9NQ94,9.56,0.0,10.321179389953612,0.0
4202,/AF-Q9NQ94-F1-model_v1,284.0,False,all,95.16,Q9NQ94,10.39,0.0,86.72471618652344,0.0
4203,/AF-Q9NQ94-F1-model_v1,289.0,False,all,93.16,Q9NQ94,11.28,0.0,50.26548385620117,0.0
4204,/AF-Q9NQ94-F1-model_v1,302.0,False,all,90.43,Q9NQ94,11.07,0.0,59.51433181762695,0.0
4205,/AF-Q9NQ94-F1-model_v1,457.0,False,all,86.41,Q9NQ94,10.45,0.0,84.84813690185547,0.0
4206,/AF-Q9NQ94-F1-model_v1,482.0,False,all,89.87,Q9NQ94,10.16,0.0,36.86135482788086,0.0
4207,/AF-Q9NQ94-F1-model_v1,502.0,False,all,85.09,Q9NQ94,10.68,0.0,70.5057144165039,0.0
4208,/AF-Q9NQ94-F1-model_v1,511.0,False,all,90.55,Q9NQ94,10.27,0.0,66.35043334960938,0.0
4209,/1RQU-alt-1_assembled/1RQV-alt-1_assembled,4.0,False,all,0.0,P0A7K2,11.65,0.0483045891539651,39.77675247192383,6.543242454528809
4210,/1RQU-alt-1_assembled/1RQV-alt-1_assembled,29.0,False,all,0.0,P0A7K2,10.435,0.0238047614284765,77.27479553222656,5.372251510620117
4211,/1RQU-alt-1_assembled/1RQV-alt-1_assembled,51.0,False,all,0.0,P0A7K2,10.37,0.0182574185835061,86.75822448730469,7.0329108238220215
4212,/1RQU-alt-1_assembled/1RQV-alt-1_assembled,59.0,False,all,0.0,P0A7K2,10.732500000000002,0.0049999999999998,55.292030334472656,8.153045654296875
4213,/1RQU-alt-1_assembled/1RQV-alt-1_assembled,65.0,False,all,0.0,P0A7K2,10.29,0.0,78.81627655029297,11.4629487991333
4214,/1RQU-alt-1_assembled/1RQV-alt-1_assembled,81.0,False,all,0.0,P0A7K2,10.4975,0.1550000000000002,91.4831771850586,11.741944313049316
4215,/1RQU-alt-1_assembled/1RQV-alt-1_assembled,84.0,False,all,0.0,P0A7K2,11.52,0.0,68.69615936279297,6.62612247467041
4216,/1RQU-alt-1_assembled/1RQV-alt-1_assembled,95.0,False,all,0.0,P0A7K2,10.3425,0.0189296944860005,48.087310791015625,6.641359329223633
4217,/1RQU-alt-1_assembled/1RQV-alt-1_assembled,100.0,False,all,0.0,P0A7K2,11.587500000000002,0.0049999999999998,60.08400344848633,7.806970596313477
4218,/1RQU-alt-1_assembled/1RQV-alt-1_assembled,107.0,False,all,0.0,P0A7K2,10.99,0.008164965809277,37.028907775878906,2.0747551918029785
4219,/1RQU-alt-1_assembled/1RQV-alt-1_assembled,108.0,False,all,0.0,P0A7K2,10.4325,0.0049999999999998,86.89226531982422,2.8963959217071533
4220,/1RQU-alt-1_assembled/1RQV-alt-1_assembled,120.0,False,all,0.0,P0A7K2,10.7275,0.0585234995535977,62.09462356567383,3.5113956928253174
4221,/2FYM-alt1C_assembled/2FYM-alt1B_assembled/2FYM-alt1A_assembled/6BFY-alt1B_assembled/6BFY-alt1A_assembled,55.0,False,all,0.0,P0A6P9,10.385416666666666,0.0759278356854985,90.6789321899414,9.435361862182615
4222,/2FYM-alt1C_assembled/2FYM-alt1B_assembled/2FYM-alt1A_assembled/6BFY-alt1B_assembled/6BFY-alt1A_assembled,61.0,False,all,0.0,P0A6P9,8.507916666666668,2.234899042884053,52.50509262084961,16.16607093811035
4223,/2FYM-alt1C_assembled/2FYM-alt1B_assembled/2FYM-alt1A_assembled/6BFY-alt1B_assembled/6BFY-alt1A_assembled,65.0,False,all,0.0,P0A6P9,10.546666666666669,0.0668981488446474,68.45040893554688,10.6153564453125
4224,/2FYM-alt1C_assembled/2FYM-alt1B_assembled/2FYM-alt1A_assembled/6BFY-alt1B_assembled/6BFY-alt1A_assembled,81.0,False,all,0.0,P0A6P9,10.264166666666666,0.0797777710494797,55.99574279785156,7.628457546234131
4225,/2FYM-alt1C_assembled/2FYM-alt1B_assembled/2FYM-alt1A_assembled/6BFY-alt1B_assembled/6BFY-alt1A_assembled,84.0,False,all,0.0,P0A6P9,9.452083333333336,0.9017952103716652,27.19362449645996,24.6107177734375
4226,/2FYM-alt1C_assembled/2FYM-alt1B_assembled/2FYM-alt1A_assembled/6BFY-alt1B_assembled/6BFY-alt1A_assembled,91.0,False,all,0.0,P0A6P9,11.342083333333337,0.3056991867074936,70.5057144165039,10.124217987060549
4227,/2FYM-alt1C_assembled/2FYM-alt1B_assembled/2FYM-alt1A_assembled/6BFY-alt1B_assembled/6BFY-alt1A_assembled,102.0,False,all,0.0,P0A6P9,10.304999999999998,0.1048808848170151,12.856793403625488,4.325577735900879
4228,/2FYM-alt1C_assembled/2FYM-alt1B_assembled/2FYM-alt1A_assembled/6BFY-alt1B_assembled/6BFY-alt1A_assembled,104.0,False,all,0.0,P0A6P9,10.40333333333333,0.0503610155185337,68.74642181396484,18.625694274902344
4229,/2FYM-alt1C_assembled/2FYM-alt1B_assembled/2FYM-alt1A_assembled/6BFY-alt1B_assembled/6BFY-alt1A_assembled,119.0,False,all,0.0,P0A6P9,11.004583333333333,0.5618214103266704,13.923539161682127,7.246460437774658
4230,/2FYM-alt1C_assembled/2FYM-alt1B_assembled/2FYM-alt1A_assembled/6BFY-alt1B_assembled/6BFY-alt1A_assembled,125.0,False,all,0.0,P0A6P9,11.310833333333331,0.9222558197709838,10.488731384277344,10.77129364013672
4231,/2FYM-alt1C_assembled/2FYM-alt1B_assembled/2FYM-alt1A_assembled/6BFY-alt1B_assembled/6BFY-alt1A_assembled,142.0,False,all,0.0,P0A6P9,10.17875,0.2863004274928846,73.70037078857422,15.275064468383787
4232,/2FYM-alt1C_assembled/2FYM-alt1B_assembled/2FYM-alt1A_assembled/6BFY-alt1B_assembled/6BFY-alt1A_assembled,176.0,False,all,0.0,P0A6P9,10.558750000000002,0.2457873329597727,82.98273468017578,11.055441856384276
4233,/2FYM-alt1C_assembled/2FYM-alt1B_assembled/2FYM-alt1A_assembled/6BFY-alt1B_assembled/6BFY-alt1A_assembled,179.0,False,all,0.0,P0A6P9,9.499999999999996,1.0094122267330927,63.55231857299805,13.493829727172852
4234,/2FYM-alt1C_assembled/2FYM-alt1B_assembled/2FYM-alt1A_assembled/6BFY-alt1B_assembled/6BFY-alt1A_assembled,197.0,False,all,0.0,P0A6P9,10.22666666666666,0.675211185428334,61.6031379699707,15.181665420532228
4235,/2FYM-alt1C_assembled/2FYM-alt1B_assembled/2FYM-alt1A_assembled/6BFY-alt1B_assembled/6BFY-alt1A_assembled,199.0,False,all,0.0,P0A6P9,10.975416666666666,0.3210848346068256,38.50335693359375,6.426357746124268
4236,/2FYM-alt1C_assembled/2FYM-alt1B_assembled/2FYM-alt1A_assembled/6BFY-alt1B_assembled/6BFY-alt1A_assembled,230.0,False,all,0.0,P0A6P9,10.45541666666667,0.0294853193635581,84.69175720214844,6.673056602478027
4237,/2FYM-alt1C_assembled/2FYM-alt1B_assembled/2FYM-alt1A_assembled/6BFY-alt1B_assembled/6BFY-alt1A_assembled,238.0,False,all,0.0,P0A6P9,11.104583333333336,0.5759904827615505,65.8086929321289,8.186063766479492
4238,/2FYM-alt1C_assembled/2FYM-alt1B_assembled/2FYM-alt1A_assembled/6BFY-alt1B_assembled/6BFY-alt1A_assembled,253.0,False,all,0.0,P0A6P9,10.42125,0.0653627004391314,76.93970489501953,4.610742092132568
4239,/2FYM-alt1C_assembled/2FYM-alt1B_assembled/2FYM-alt1A_assembled/6BFY-alt1B_assembled/6BFY-alt1A_assembled,281.0,False,all,0.0,P0A6P9,10.614583333333334,0.3657865755335747,58.85528945922852,9.17153263092041
4240,/2FYM-alt1C_assembled/2FYM-alt1B_assembled/2FYM-alt1A_assembled/6BFY-alt1B_assembled/6BFY-alt1A_assembled,305.0,False,all,0.0,P0A6P9,10.41291666666667,0.0466699015441958,83.88191986083984,6.527754783630371
4241,/2FYM-alt1C_assembled/2FYM-alt1B_assembled/2FYM-alt1A_assembled/6BFY-alt1B_assembled/6BFY-alt1A_assembled,327.0,False,all,0.0,P0A6P9,10.673333333333332,0.3306208476904264,70.48896026611328,10.532587051391602
4242,/2FYM-alt1C_assembled/2FYM-alt1B_assembled/2FYM-alt1A_assembled/6BFY-alt1B_assembled/6BFY-alt1A_assembled,332.0,False,all,0.0,P0A6P9,11.23666666666667,0.3349323963801165,56.16329956054688,8.348917007446289
4243,/2FYM-alt1C_assembled/2FYM-alt1B_assembled/2FYM-alt1A_assembled/6BFY-alt1B_assembled/6BFY-alt1A_assembled,341.0,False,all,0.0,P0A6P9,11.124166666666666,0.7555356099953292,10.96904468536377,3.2190942764282227
4244,/2FYM-alt1C_assembled/2FYM-alt1B_assembled/2FYM-alt1A_assembled/6BFY-alt1B_assembled/6BFY-alt1A_assembled,356.0,False,all,0.0,P0A6P9,11.026250000000005,0.3880924643297848,70.34933471679688,3.709329843521118
4245,/2FYM-alt1C_assembled/2FYM-alt1B_assembled/2FYM-alt1A_assembled/6BFY-alt1B_assembled/6BFY-alt1A_assembled,359.0,False,all,0.0,P0A6P9,8.752380952380953,0.4080061857607647,42.39534378051758,3.455599308013916
4246,/2FYM-alt1C_assembled/2FYM-alt1B_assembled/2FYM-alt1A_assembled/6BFY-alt1B_assembled/6BFY-alt1A_assembled,392.0,False,all,0.0,P0A6P9,16.38333333333333,0.7760696218581259,4.914846897125244,2.276358127593994
4247,/2FYM-alt1C_assembled/2FYM-alt1B_assembled/2FYM-alt1A_assembled/6BFY-alt1B_assembled/6BFY-alt1A_assembled,404.0,False,all,0.0,P0A6P9,9.966666666666669,0.351341115883332,4.121769905090332,0.8507409691810608
4248,/2FYM-alt1C_assembled/2FYM-alt1B_assembled/2FYM-alt1A_assembled/6BFY-alt1B_assembled/6BFY-alt1A_assembled,418.0,False,all,0.0,P0A6P9,10.512083333333331,0.1369537899428494,68.56771087646484,10.53159999847412
4249,/2FYM-alt1C_assembled/2FYM-alt1B_assembled/2FYM-alt1A_assembled/6BFY-alt1B_assembled/6BFY-alt1A_assembled,425.0,False,all,0.0,P0A6P9,10.30375,0.077896949764472,69.2825927734375,8.250683784484863
4250,/2FYM-alt1C_assembled/2FYM-alt1B_assembled/2FYM-alt1A_assembled/6BFY-alt1B_assembled/6BFY-alt1A_assembled,428.0,False,all,0.0,P0A6P9,10.025833333333331,0.1226134493887782,39.84377670288086,3.1201624870300293
4251,/2FYM-alt1C_assembled/2FYM-alt1B_assembled/2FYM-alt1A_assembled,9.0,False,all,0.0,P0A6P9,8.35,0.273861278752583,25.40082550048828,0.9544265270233154
4252,/2FYM-alt1C_assembled/2FYM-alt1B_assembled/2FYM-alt1A_assembled/6BFY-alt1B_assembled/6BFY-alt1A_assembled,2.0,False,all,0.0,P0A6P9,10.601666666666668,0.1437829246182063,66.36532592773438,6.6206536293029785
4253,/2FYM-alt1C_assembled/2FYM-alt1B_assembled/2FYM-alt1A_assembled/6BFY-alt1B_assembled/6BFY-alt1A_assembled,5.0,False,all,0.0,P0A6P9,10.022380952380953,0.6433420922177,53.49524688720703,9.438915252685549
4254,/2FYM-alt1C_assembled/2FYM-alt1B_assembled/2FYM-alt1A_assembled/6BFY-alt1B_assembled/6BFY-alt1A_assembled,256.0,False,all,0.0,P0A6P9,10.453809523809523,0.0798421060892178,50.05485534667969,7.845316410064697
4255,/2FYM-alt1C_assembled/2FYM-alt1B_assembled/2FYM-alt1A_assembled/6BFY-alt1B_assembled/6BFY-alt1A_assembled,265.0,False,all,0.0,P0A6P9,10.349444444444446,0.2787888136464216,56.18564224243164,10.17584991455078
4256,/2FYM-alt1C_assembled/2FYM-alt1B_assembled/2FYM-alt1A_assembled/6BFY-alt1B_assembled/6BFY-alt1A_assembled,310.0,False,all,0.0,P0A6P9,10.294444444444444,0.1400933395663393,79.88116455078125,9.09059715270996
4257,/2FYM-alt1C_assembled/2FYM-alt1B_assembled/2FYM-alt1A_assembled/6BFY-alt1B_assembled/6BFY-alt1A_assembled,324.0,False,all,0.0,P0A6P9,10.886666666666668,0.3671351730549903,77.63224792480469,20.53107070922852
4258,/1HNR-alt-1_assembled/1HNS-alt-14_assembled/1HNS-alt-2_assembled/1HNS-alt-3_assembled/1HNS-alt-15_assembled/1HNS-alt-1_assembled/1HNS-alt-16_assembled/1HNS-alt-12_assembled/1HNS-alt-4_assembled/1HNS-alt-5_assembled/1HNS-alt-13_assembled/1HNS-alt-11_assembled/1HNS-alt-7_assembled/1HNS-alt-6_assembled/1HNS-alt-10_assembled/1HNS-alt-8_assembled/1HNS-alt-9_assembled,95.0,False,all,0.0,P0ACF8,10.508823529411764,0.4470861543503276,97.32186126708984,24.418310165405277
4259,/1HNR-alt-1_assembled/1HNS-alt-14_assembled/1HNS-alt-2_assembled/1HNS-alt-3_assembled/1HNS-alt-15_assembled/1HNS-alt-1_assembled/1HNS-alt-16_assembled/1HNS-alt-12_assembled/1HNS-alt-4_assembled/1HNS-alt-5_assembled/1HNS-alt-13_assembled/1HNS-alt-11_assembled/1HNS-alt-7_assembled/1HNS-alt-6_assembled/1HNS-alt-10_assembled/1HNS-alt-8_assembled/1HNS-alt-9_assembled,106.0,False,all,0.0,P0ACF8,11.042941176470588,0.5206458093786307,76.41929626464844,20.251319885253903
4260,/1HNR-alt-1_assembled/1HNS-alt-14_assembled/1HNS-alt-2_assembled/1HNS-alt-3_assembled/1HNS-alt-15_assembled/1HNS-alt-1_assembled/1HNS-alt-16_assembled/1HNS-alt-12_assembled/1HNS-alt-4_assembled/1HNS-alt-5_assembled/1HNS-alt-13_assembled/1HNS-alt-11_assembled/1HNS-alt-7_assembled/1HNS-alt-6_assembled/1HNS-alt-10_assembled/1HNS-alt-8_assembled/1HNS-alt-9_assembled,119.0,False,all,0.0,P0ACF8,10.423529411764706,0.3483701547289638,86.92182922363281,17.061796188354492
4261,/1HNR-alt-1_assembled/1HNS-alt-14_assembled/1HNS-alt-2_assembled/1HNS-alt-3_assembled/1HNS-alt-15_assembled/1HNS-alt-1_assembled/1HNS-alt-16_assembled/1HNS-alt-12_assembled/1HNS-alt-4_assembled/1HNS-alt-5_assembled/1HNS-alt-13_assembled/1HNS-alt-11_assembled/1HNS-alt-7_assembled/1HNS-alt-6_assembled/1HNS-alt-10_assembled/1HNS-alt-8_assembled/1HNS-alt-9_assembled,127.0,False,all,0.0,P0ACF8,10.951176470588235,0.5200947311901598,67.10737609863281,18.37893486022949
4262,/1HNR-alt-1_assembled/1HNS-alt-14_assembled/1HNS-alt-2_assembled/1HNS-alt-3_assembled/1HNS-alt-15_assembled/1HNS-alt-1_assembled/1HNS-alt-16_assembled/1HNS-alt-12_assembled/1HNS-alt-4_assembled/1HNS-alt-5_assembled/1HNS-alt-13_assembled/1HNS-alt-11_assembled/1HNS-alt-7_assembled/1HNS-alt-6_assembled/1HNS-alt-10_assembled/1HNS-alt-8_assembled/1HNS-alt-9_assembled,135.0,False,all,0.0,P0ACF8,10.965882352941176,0.5955360906730318,83.27117919921875,18.41425132751465
4263,/2O02-alt1A_assembled/2O02-alt1B_assembled/2O02-alt1C_assembled,3.0,False,all,0.0,P63104,11.126666666666663,0.4012314377845621,34.15818786621094,3.279403686523437
4264,/2O02-alt1A_assembled/2O02-alt1B_assembled/2O02-alt1C_assembled,9.0,False,all,0.0,P63104,10.288333333333332,0.3587989223320868,47.89741897583008,17.59603500366211
4265,/2O02-alt1A_assembled/2O02-alt1B_assembled/2O02-alt1C_assembled,11.0,False,all,0.0,P63104,11.175000000000002,0.0647302093307287,39.38579940795898,6.2229905128479
4266,/2O02-alt1A_assembled/2O02-alt1B_assembled/2O02-alt1C_assembled,27.0,False,all,0.0,P63104,11.118333333333332,0.4448557818739315,41.530460357666016,12.346189498901367
4267,/2O02-alt1A_assembled/2O02-alt1B_assembled/2O02-alt1C_assembled,68.0,False,all,0.0,P63104,10.343333333333334,0.1175868473370501,73.83440399169922,9.524447441101074
4268,/2O02-alt1A_assembled/2O02-alt1B_assembled/2O02-alt1C_assembled,74.0,False,all,0.0,P63104,10.1,1.0787770854073608,72.27059173583984,36.088775634765625
4269,/2O02-alt1A_assembled/2O02-alt1B_assembled/2O02-alt1C_assembled,75.0,False,all,0.0,P63104,9.983333333333333,0.2947993668016723,60.787723541259766,17.867206573486328
4270,/2O02-alt1A_assembled/2O02-alt1B_assembled/2O02-alt1C_assembled,85.0,False,all,0.0,P63104,10.152,1.092506292888055,46.02977752685547,13.06940460205078
4271,/2O02-alt1A_assembled/2O02-alt1B_assembled/2O02-alt1C_assembled,103.0,False,all,0.0,P63104,10.278333333333334,0.3008931150203784,67.80255126953125,13.157753944396973
4272,/2O02-alt1A_assembled/2O02-alt1B_assembled/2O02-alt1C_assembled,115.0,False,all,0.0,P63104,10.204,0.2397498696558564,51.31100463867188,14.90253448486328
4273,/2O02-alt1A_assembled/2O02-alt1B_assembled/2O02-alt1C_assembled,120.0,False,all,0.0,P63104,10.371666666666666,0.4256955093334515,21.93808937072754,14.945133209228516
4274,/2O02-alt1A_assembled/2O02-alt1B_assembled/2O02-alt1C_assembled,122.0,False,all,0.0,P63104,10.826666666666668,0.5909878735360538,39.51984024047852,11.362215995788574
4275,/2O02-alt1A_assembled/2O02-alt1B_assembled/2O02-alt1C_assembled,138.0,False,all,0.0,P63104,10.105,0.301114596125794,65.0993881225586,8.368586540222168
4276,/2O02-alt1A_assembled/2O02-alt1B_assembled/2O02-alt1C_assembled,139.0,False,all,0.0,P63104,10.84666666666667,0.4113230684834813,93.4044418334961,8.66218376159668
4277,/2O02-alt1A_assembled/2O02-alt1B_assembled/2O02-alt1C_assembled,157.0,False,all,0.0,P63104,10.425,0.3318885355055212,52.54418563842773,23.51360893249512
4278,/2O02-alt1A_assembled/2O02-alt1B_assembled/2O02-alt1C_assembled,158.0,False,all,0.0,P63104,10.631666666666668,0.2104677330772264,81.07263946533203,15.894248008728027
4279,/2O02-alt1A_assembled/2O02-alt1B_assembled/2O02-alt1C_assembled,187.0,False,all,0.0,P63104,10.142,0.4074555190447177,74.58057403564453,19.437049865722656
4280,/2O02-alt1A_assembled/2O02-alt1B_assembled/2O02-alt1C_assembled,193.0,False,all,0.0,P63104,10.989999999999998,0.3004995840263343,81.87242126464844,20.23055648803711
4281,/2O02-alt1A_assembled/2O02-alt1B_assembled/2O02-alt1C_assembled,212.0,False,all,0.0,P63104,10.023333333333332,0.4906186570715253,59.64837265014648,41.61907196044922
4282,/1L5J-alt-1_assembled/AF-P36683-F1-model_v1,7.0,False,all,32.22,P36683,10.623333333333331,0.1887679351302365,77.56522369384766,4.855801582336426
4283,/1L5J-alt-1_assembled/AF-P36683-F1-model_v1,20.0,False,all,32.083333333333336,P36683,10.153333333333334,0.0776745346515403,63.93769454956055,5.573604583740234
4284,/1L5J-alt-1_assembled/AF-P36683-F1-model_v1,35.0,False,all,32.473333333333336,P36683,10.85,0.4107310555582573,52.7675895690918,18.36626625061035
4285,/1L5J-alt-1_assembled/AF-P36683-F1-model_v1,64.0,False,all,32.776666666666664,P36683,7.553333333333334,0.065064070986477,8.26587963104248,3.217921733856201
4286,/1L5J-alt-1_assembled/AF-P36683-F1-model_v1,73.0,False,all,32.22666666666667,P36683,11.136666666666668,0.4805552344250697,70.63976287841797,17.513303756713867
4287,/1L5J-alt-1_assembled/AF-P36683-F1-model_v1,85.0,False,all,32.57666666666667,P36683,10.856666666666667,0.2773685875028625,44.63574600219727,4.447667121887207
4288,/1L5J-alt-1_assembled/AF-P36683-F1-model_v1,110.0,False,all,32.166666666666664,P36683,10.94,0.510979451641648,85.16089630126953,21.731369018554688
4289,/1L5J-alt-1_assembled/AF-P36683-F1-model_v1,117.0,False,all,32.63,P36683,10.426666666666668,0.0321455025366425,87.75235748291016,7.749317646026611
4290,/1L5J-alt-1_assembled/AF-P36683-F1-model_v1,135.0,False,all,32.803333333333335,P36683,11.036666666666669,0.1686218649325566,24.440195083618164,4.599263668060303
4291,/1L5J-alt-1_assembled/AF-P36683-F1-model_v1,137.0,False,all,32.56,P36683,10.816666666666668,0.4186088070422474,80.6481704711914,16.652616500854492
4292,/1L5J-alt-1_assembled/AF-P36683-F1-model_v1,144.0,False,all,32.836666666666666,P36683,10.756666666666668,0.5493025881363872,53.03566360473633,8.895669937133789
4293,/1L5J-alt-1_assembled/AF-P36683-F1-model_v1,165.0,False,all,32.63666666666666,P36683,11.083333333333334,0.4215843134336636,47.27189254760742,6.238802433013916
4294,/1L5J-alt-1_assembled/AF-P36683-F1-model_v1,172.0,False,all,32.376666666666665,P36683,9.776666666666666,0.134288247189891,17.916852951049805,4.201148509979248
4295,/1L5J-alt-1_assembled/AF-P36683-F1-model_v1,203.0,False,all,31.636666666666667,P36683,10.453333333333331,0.149777612924406,20.37427520751953,1.7113245725631714
4296,/1L5J-alt-1_assembled/AF-P36683-F1-model_v1,221.0,False,all,32.406666666666666,P36683,10.756666666666666,0.0585946527708235,77.52054595947266,10.67656707763672
4297,/1L5J-alt-1_assembled/AF-P36683-F1-model_v1,229.0,False,all,31.60333333333333,P36683,10.286666666666669,0.0208166599946618,46.33360290527344,4.458425521850586
4298,/1L5J-alt-1_assembled/AF-P36683-F1-model_v1,247.0,False,all,31.71333333333333,P36683,9.98,0.9853425800197608,25.28912353515625,9.185821533203123
4299,/1L5J-alt-1_assembled/AF-P36683-F1-model_v1,267.0,False,all,32.013333333333335,P36683,13.5,0.7135825109964503,35.520938873291016,8.125821113586426
4300,/1L5J-alt-1_assembled/AF-P36683-F1-model_v1,277.0,False,all,30.07,P36683,10.103333333333332,0.4562163229580172,44.05490112304688,15.438817977905272
4301,/1L5J-alt-1_assembled/AF-P36683-F1-model_v1,313.0,False,all,32.376666666666665,P36683,10.633333333333333,0.0230940107675855,69.56742095947266,3.0712687969207764
4302,/1L5J-alt-1_assembled/AF-P36683-F1-model_v1,331.0,False,all,29.57333333333333,P36683,11.023333333333332,1.0461994711016318,50.176116943359375,3.622422933578491
4303,/1L5J-alt-1_assembled/AF-P36683-F1-model_v1,356.0,False,all,32.406666666666666,P36683,10.806666666666668,0.6101092798288953,68.27169799804688,14.350138664245604
4304,/1L5J-alt-1_assembled/AF-P36683-F1-model_v1,373.0,False,all,25.453333333333333,P36683,10.456666666666663,0.0665832811847935,83.59708404541016,12.302868843078612
4305,/1L5J-alt-1_assembled/AF-P36683-F1-model_v1,387.0,False,all,32.9,P36683,11.06,0.1479864858694873,24.75295829772949,1.6972683668136597
4306,/1L5J-alt-1_assembled/AF-P36683-F1-model_v1,396.0,False,all,32.13333333333333,P36683,10.446666666666667,0.0115470053837932,104.41815948486328,6.8452982902526855
4307,/1L5J-alt-1_assembled/AF-P36683-F1-model_v1,407.0,False,all,32.82666666666667,P36683,10.31,0.0300000000000002,84.89281463623047,2.368906259536743
4308,/1L5J-alt-1_assembled/AF-P36683-F1-model_v1,426.0,False,all,31.576666666666668,P36683,10.436666666666666,0.1305118130030124,18.89982032775879,12.5656099319458
4309,/1L5J-alt-1_assembled/AF-P36683-F1-model_v1,450.0,False,all,30.64,P36683,9.67,0.8563293758829014,38.82728958129883,9.559627532958984
4310,/1L5J-alt-1_assembled/AF-P36683-F1-model_v1,537.0,False,all,32.68333333333333,P36683,10.71,0.0953939201416952,64.3844985961914,6.396639347076416
4311,/1L5J-alt-1_assembled/AF-P36683-F1-model_v1,539.0,False,all,31.25333333333333,P36683,10.436666666666666,0.0115470053837922,89.22681427001953,4.974601745605469
4312,/1L5J-alt-1_assembled/AF-P36683-F1-model_v1,559.0,False,all,32.46666666666667,P36683,10.173333333333334,0.2610236260060251,64.11641693115234,12.858418464660645
4313,/1L5J-alt-1_assembled/AF-P36683-F1-model_v1,567.0,False,all,26.69333333333333,P36683,12.68,0.1228820572744455,39.18473815917969,18.004161834716797
4314,/1L5J-alt-1_assembled/AF-P36683-F1-model_v1,568.0,False,all,25.16,P36683,10.673333333333332,0.1446835627614046,87.4842758178711,10.098865509033203
4315,/1L5J-alt-1_assembled/AF-P36683-F1-model_v1,570.0,False,all,27.90333333333333,P36683,11.050000000000002,0.5322593352868507,18.810461044311523,8.190057754516602
4316,/1L5J-alt-1_assembled/AF-P36683-F1-model_v1,571.0,False,all,30.05333333333333,P36683,10.37,0.0100000000000006,75.86737060546875,5.586486339569092
4317,/1L5J-alt-1_assembled/AF-P36683-F1-model_v1,588.0,False,all,31.846666666666668,P36683,11.116666666666667,0.1301281419729541,48.34422302246094,1.8099725246429443
4318,/1L5J-alt-1_assembled/AF-P36683-F1-model_v1,610.0,False,all,32.723333333333336,P36683,11.013333333333334,0.3450120770833003,57.41434860229492,9.99514389038086
4319,/1L5J-alt-1_assembled/AF-P36683-F1-model_v1,613.0,False,all,32.75666666666667,P36683,10.590000000000002,0.0458257569495583,64.60790252685547,6.851858139038086
4320,/1L5J-alt-1_assembled/AF-P36683-F1-model_v1,628.0,False,all,32.78333333333333,P36683,10.346666666666666,0.1059874206372314,35.96774673461914,1.7078222036361694
4321,/1L5J-alt-1_assembled/AF-P36683-F1-model_v1,650.0,False,all,32.74333333333333,P36683,10.4,0.0173205080756884,94.23102569580078,0.4021224975585937
4322,/1L5J-alt-1_assembled/AF-P36683-F1-model_v1,678.0,False,all,32.04666666666667,P36683,10.463333333333331,0.0763762615825966,75.3311996459961,10.568881034851074
4323,/1L5J-alt-1_assembled/AF-P36683-F1-model_v1,701.0,False,all,32.82,P36683,10.893333333333333,0.5254839039716949,82.9715576171875,3.553989887237549
4324,/1L5J-alt-1_assembled/AF-P36683-F1-model_v1,722.0,False,all,31.44,P36683,10.333333333333334,0.1205542754668343,19.078542709350582,1.925409913063049
4325,/1L5J-alt-1_assembled/AF-P36683-F1-model_v1,728.0,False,all,26.81,P36683,10.493333333333334,0.0665832811847941,88.6459732055664,6.24312162399292
4326,/1L5J-alt-1_assembled/AF-P36683-F1-model_v1,759.0,False,all,31.57,P36683,9.37,1.3368619973654725,69.1653060913086,12.514030456542969
4327,/1L5J-alt-1_assembled/AF-P36683-F1-model_v1,819.0,False,all,32.82,P36683,10.75,0.3421987726453739,51.96333694458008,13.6862211227417
4328,/1L5J-alt-1_assembled/AF-P36683-F1-model_v1,835.0,False,all,28.46666666666667,P36683,10.413333333333334,0.0351188458428417,78.01203155517578,4.864424228668213
4329,/1L5J-alt-1_assembled/AF-P36683-F1-model_v1,855.0,False,all,30.743333333333336,P36683,11.173333333333334,0.2542308662089109,54.6441650390625,4.762396812438965
4330,/AF-P0ACF0-F1-model_v1,3.0,False,all,96.35,P0ACF0,11.36,0.0,77.74394989013672,0.0
4331,/AF-P0ACF0-F1-model_v1,13.0,False,all,97.63,P0ACF0,10.4,0.0,97.04589080810548,0.0
4332,/AF-P0ACF0-F1-model_v1,18.0,False,all,97.25,P0ACF0,11.5,0.0,84.71409606933594,0.0
4333,/AF-P0ACF0-F1-model_v1,22.0,False,all,98.3,P0ACF0,10.56,0.0,68.4950942993164,0.0
4334,/AF-P0ACF0-F1-model_v1,37.0,False,all,96.04,P0ACF0,10.44,0.0,106.56282043457033,0.0
4335,/AF-P0ACF0-F1-model_v1,51.0,False,all,97.73,P0ACF0,10.29,0.0,56.699462890625,0.0
4336,/AF-P0ACF0-F1-model_v1,70.0,False,all,93.3,P0ACF0,11.04,0.0,77.07373809814453,0.0
4337,/AF-P0ACF0-F1-model_v1,83.0,False,all,96.52,P0ACF0,10.42,0.0,99.99479675292967,0.0
4338,/AF-P0ACF0-F1-model_v1,86.0,False,all,97.18,P0ACF0,10.27,0.0,71.84613037109375,0.0
4339,/AF-P0ACF0-F1-model_v1,90.0,False,all,88.62,P0ACF0,11.06,0.0,82.16730499267578,0.0
4340,/1U8W-alt-1_assembled/AF-P39207-F1-model_v1,27.0,False,all,13.90857142857143,P39207,11.067142857142857,0.7534081294516335,67.38446807861328,9.754274368286133
4341,/1U8W-alt-1_assembled/AF-P39207-F1-model_v1,28.0,False,all,13.824285714285711,P39207,7.949999999999998,1.0334731088260916,14.591352462768556,27.133283615112305
4342,/1U8W-alt-1_assembled/AF-P39207-F1-model_v1,33.0,False,all,14.09142857142857,P39207,9.994285714285716,0.4245726142391957,4.21272611618042,1.719802737236023
4343,/1U8W-alt-1_assembled/AF-P39207-F1-model_v1,36.0,False,all,14.031428571428572,P39207,9.108571428571429,0.2789521208277251,34.620948791503906,5.324502468109131
4344,/1U8W-alt-1_assembled/AF-P39207-F1-model_v1,47.0,False,all,13.987142857142857,P39207,10.44285714285714,0.0386066858261128,74.9673843383789,8.191781997680664
4345,/1U8W-alt-1_assembled/AF-P39207-F1-model_v1,55.0,False,all,13.831428571428573,P39207,10.367142857142856,0.0525085027128262,57.79094696044922,10.08059024810791
4346,/1U8W-alt-1_assembled/AF-P39207-F1-model_v1,78.0,False,all,13.845714285714283,P39207,10.767142857142856,0.4962094411877,54.86117935180664,16.40289878845215
4347,/1U8W-alt-1_assembled/AF-P39207-F1-model_v1,86.0,False,all,14.052857142857144,P39207,10.737142857142857,0.3009825180811607,38.04857635498047,31.226865768432617
4348,/1U8W-alt-1_assembled/AF-P39207-F1-model_v1,125.0,False,all,14.015714285714283,P39207,10.911428571428573,0.4604138924717114,69.56742858886719,15.940773963928224
4349,/2O6V-alt-1_assembled/2NR2-alt-35_assembled/2NR2-alt-21_assembled/2NR2-alt-7_assembled/2NR2-alt-138_assembled/2NR2-alt-104_assembled/2NR2-alt-110_assembled/2NR2-alt-111_assembled/2NR2-alt-105_assembled/2NR2-alt-139_assembled/2NR2-alt-6_assembled/2NR2-alt-20_assembled/2NR2-alt-34_assembled/2NR2-alt-22_assembled/2NR2-alt-36_assembled/2NR2-alt-4_assembled/2NR2-alt-113_assembled/2NR2-alt-107_assembled/2NR2-alt-106_assembled/2NR2-alt-112_assembled/2NR2-alt-5_assembled/2NR2-alt-37_assembled/2NR2-alt-23_assembled/2NR2-alt-27_assembled/2NR2-alt-33_assembled/2NR2-alt-1_assembled/2NR2-alt-116_assembled/2NR2-alt-102_assembled/2NR2-alt-103_assembled/2NR2-alt-117_assembled/2NR2-alt-32_assembled/2NR2-alt-26_assembled/2NR2-alt-18_assembled/2NR2-alt-30_assembled/2NR2-alt-24_assembled/2NR2-alt-2_assembled/2NR2-alt-101_assembled/2NR2-alt-115_assembled/2NR2-alt-129_assembled/2NR2-alt-128_assembled/2NR2-alt-114_assembled/2NR2-alt-100_assembled/2NR2-alt-3_assembled/2NR2-alt-25_assembled/2NR2-alt-31_assembled/2NR2-alt-19_assembled/2NR2-alt-56_assembled/2NR2-alt-42_assembled/2NR2-alt-95_assembled/2NR2-alt-81_assembled/2NR2-alt-80_assembled/2NR2-alt-94_assembled/2NR2-alt-43_assembled/2NR2-alt-57_assembled/2NR2-alt-41_assembled/2NR2-alt-55_assembled/2NR2-alt-69_assembled/2NR2-alt-82_assembled/2NR2-alt-96_assembled/2NR2-alt-97_assembled/2NR2-alt-83_assembled/2NR2-alt-68_assembled/2NR2-alt-54_assembled/2NR2-alt-40_assembled/2NR2-alt-78_assembled/2NR2-alt-44_assembled/2NR2-alt-50_assembled/2NR2-alt-87_assembled/2NR2-alt-93_assembled/2NR2-alt-92_assembled/2NR2-alt-86_assembled/2NR2-alt-51_assembled/2NR2-alt-45_assembled/2NR2-alt-79_assembled/2NR2-alt-53_assembled/2NR2-alt-47_assembled/2NR2-alt-90_assembled/2NR2-alt-84_assembled/2NR2-alt-85_assembled/2NR2-alt-91_assembled/2NR2-alt-46_assembled/2NR2-alt-52_assembled/2NR2-alt-77_assembled/2NR2-alt-63_assembled/2NR2-alt-88_assembled/2NR2-alt-89_assembled/2NR2-alt-62_assembled/2NR2-alt-76_assembled/2NR2-alt-60_assembled/2NR2-alt-74_assembled/2NR2-alt-48_assembled/2NR2-alt-144_assembled/2NR2-alt-49_assembled/2NR2-alt-75_assembled/2NR2-alt-61_assembled/2NR2-alt-59_assembled/2NR2-alt-65_assembled/2NR2-alt-71_assembled/2NR2-alt-140_assembled/2NR2-alt-141_assembled/2NR2-alt-70_assembled/2NR2-alt-64_assembled/2NR2-alt-58_assembled/2NR2-alt-72_assembled/2NR2-alt-66_assembled/2NR2-alt-99_assembled/2NR2-alt-143_assembled/2NR2-alt-142_assembled/2NR2-alt-98_assembled/2NR2-alt-67_assembled/2NR2-alt-73_assembled/2NR2-alt-14_assembled/2NR2-alt-28_assembled/2NR2-alt-119_assembled/2NR2-alt-125_assembled/2NR2-alt-131_assembled/2NR2-alt-130_assembled/2NR2-alt-124_assembled/2NR2-alt-118_assembled/2NR2-alt-29_assembled/2NR2-alt-15_assembled/2NR2-alt-17_assembled/2NR2-alt-132_assembled/2NR2-alt-126_assembled/2NR2-alt-127_assembled/2NR2-alt-133_assembled/2NR2-alt-16_assembled/2NR2-alt-12_assembled/2NR2-alt-8_assembled/2NR2-alt-137_assembled/2NR2-alt-123_assembled/2NR2-alt-122_assembled/2NR2-alt-136_assembled/2NR2-alt-9_assembled/2NR2-alt-13_assembled/2NR2-alt-39_assembled/2NR2-alt-11_assembled/2NR2-alt-120_assembled/2NR2-alt-134_assembled/2NR2-alt-108_assembled/2NR2-alt-109_assembled/2NR2-alt-135_assembled/2NR2-alt-121_assembled/2NR2-alt-10_assembled/2NR2-alt-38_assembled,11.0,False,all,0.0,P0CG48,11.330482758620697,0.2008085428492176,69.08395385742188,8.268824577331543
4350,/2O6V-alt-1_assembled/2NR2-alt-35_assembled/2NR2-alt-21_assembled/2NR2-alt-7_assembled/2NR2-alt-138_assembled/2NR2-alt-104_assembled/2NR2-alt-110_assembled/2NR2-alt-111_assembled/2NR2-alt-105_assembled/2NR2-alt-139_assembled/2NR2-alt-6_assembled/2NR2-alt-20_assembled/2NR2-alt-34_assembled/2NR2-alt-22_assembled/2NR2-alt-36_assembled/2NR2-alt-4_assembled/2NR2-alt-113_assembled/2NR2-alt-107_assembled/2NR2-alt-106_assembled/2NR2-alt-112_assembled/2NR2-alt-5_assembled/2NR2-alt-37_assembled/2NR2-alt-23_assembled/2NR2-alt-27_assembled/2NR2-alt-33_assembled/2NR2-alt-1_assembled/2NR2-alt-116_assembled/2NR2-alt-102_assembled/2NR2-alt-103_assembled/2NR2-alt-117_assembled/2NR2-alt-32_assembled/2NR2-alt-26_assembled/2NR2-alt-18_assembled/2NR2-alt-30_assembled/2NR2-alt-24_assembled/2NR2-alt-2_assembled/2NR2-alt-101_assembled/2NR2-alt-115_assembled/2NR2-alt-129_assembled/2NR2-alt-128_assembled/2NR2-alt-114_assembled/2NR2-alt-100_assembled/2NR2-alt-3_assembled/2NR2-alt-25_assembled/2NR2-alt-31_assembled/2NR2-alt-19_assembled/2NR2-alt-56_assembled/2NR2-alt-42_assembled/2NR2-alt-95_assembled/2NR2-alt-81_assembled/2NR2-alt-80_assembled/2NR2-alt-94_assembled/2NR2-alt-43_assembled/2NR2-alt-57_assembled/2NR2-alt-41_assembled/2NR2-alt-55_assembled/2NR2-alt-69_assembled/2NR2-alt-82_assembled/2NR2-alt-96_assembled/2NR2-alt-97_assembled/2NR2-alt-83_assembled/2NR2-alt-68_assembled/2NR2-alt-54_assembled/2NR2-alt-40_assembled/2NR2-alt-78_assembled/2NR2-alt-44_assembled/2NR2-alt-50_assembled/2NR2-alt-87_assembled/2NR2-alt-93_assembled/2NR2-alt-92_assembled/2NR2-alt-86_assembled/2NR2-alt-51_assembled/2NR2-alt-45_assembled/2NR2-alt-79_assembled/2NR2-alt-53_assembled/2NR2-alt-47_assembled/2NR2-alt-90_assembled/2NR2-alt-84_assembled/2NR2-alt-85_assembled/2NR2-alt-91_assembled/2NR2-alt-46_assembled/2NR2-alt-52_assembled/2NR2-alt-77_assembled/2NR2-alt-63_assembled/2NR2-alt-88_assembled/2NR2-alt-89_assembled/2NR2-alt-62_assembled/2NR2-alt-76_assembled/2NR2-alt-60_assembled/2NR2-alt-74_assembled/2NR2-alt-48_assembled/2NR2-alt-144_assembled/2NR2-alt-49_assembled/2NR2-alt-75_assembled/2NR2-alt-61_assembled/2NR2-alt-59_assembled/2NR2-alt-65_assembled/2NR2-alt-71_assembled/2NR2-alt-140_assembled/2NR2-alt-141_assembled/2NR2-alt-70_assembled/2NR2-alt-64_assembled/2NR2-alt-58_assembled/2NR2-alt-72_assembled/2NR2-alt-66_assembled/2NR2-alt-99_assembled/2NR2-alt-143_assembled/2NR2-alt-142_assembled/2NR2-alt-98_assembled/2NR2-alt-67_assembled/2NR2-alt-73_assembled/2NR2-alt-14_assembled/2NR2-alt-28_assembled/2NR2-alt-119_assembled/2NR2-alt-125_assembled/2NR2-alt-131_assembled/2NR2-alt-130_assembled/2NR2-alt-124_assembled/2NR2-alt-118_assembled/2NR2-alt-29_assembled/2NR2-alt-15_assembled/2NR2-alt-17_assembled/2NR2-alt-132_assembled/2NR2-alt-126_assembled/2NR2-alt-127_assembled/2NR2-alt-133_assembled/2NR2-alt-16_assembled/2NR2-alt-12_assembled/2NR2-alt-8_assembled/2NR2-alt-137_assembled/2NR2-alt-123_assembled/2NR2-alt-122_assembled/2NR2-alt-136_assembled/2NR2-alt-9_assembled/2NR2-alt-13_assembled/2NR2-alt-39_assembled/2NR2-alt-11_assembled/2NR2-alt-120_assembled/2NR2-alt-134_assembled/2NR2-alt-108_assembled/2NR2-alt-109_assembled/2NR2-alt-135_assembled/2NR2-alt-121_assembled/2NR2-alt-10_assembled/2NR2-alt-38_assembled,27.0,False,all,0.0,P0CG48,10.608206896551726,0.3453534199545873,15.157753944396973,7.077292442321777
4351,/2O6V-alt-1_assembled/2NR2-alt-35_assembled/2NR2-alt-21_assembled/2NR2-alt-7_assembled/2NR2-alt-138_assembled/2NR2-alt-104_assembled/2NR2-alt-110_assembled/2NR2-alt-111_assembled/2NR2-alt-105_assembled/2NR2-alt-139_assembled/2NR2-alt-6_assembled/2NR2-alt-20_assembled/2NR2-alt-34_assembled/2NR2-alt-22_assembled/2NR2-alt-36_assembled/2NR2-alt-4_assembled/2NR2-alt-113_assembled/2NR2-alt-107_assembled/2NR2-alt-106_assembled/2NR2-alt-112_assembled/2NR2-alt-5_assembled/2NR2-alt-37_assembled/2NR2-alt-23_assembled/2NR2-alt-27_assembled/2NR2-alt-33_assembled/2NR2-alt-1_assembled/2NR2-alt-116_assembled/2NR2-alt-102_assembled/2NR2-alt-103_assembled/2NR2-alt-117_assembled/2NR2-alt-32_assembled/2NR2-alt-26_assembled/2NR2-alt-18_assembled/2NR2-alt-30_assembled/2NR2-alt-24_assembled/2NR2-alt-2_assembled/2NR2-alt-101_assembled/2NR2-alt-115_assembled/2NR2-alt-129_assembled/2NR2-alt-128_assembled/2NR2-alt-114_assembled/2NR2-alt-100_assembled/2NR2-alt-3_assembled/2NR2-alt-25_assembled/2NR2-alt-31_assembled/2NR2-alt-19_assembled/2NR2-alt-56_assembled/2NR2-alt-42_assembled/2NR2-alt-95_assembled/2NR2-alt-81_assembled/2NR2-alt-80_assembled/2NR2-alt-94_assembled/2NR2-alt-43_assembled/2NR2-alt-57_assembled/2NR2-alt-41_assembled/2NR2-alt-55_assembled/2NR2-alt-69_assembled/2NR2-alt-82_assembled/2NR2-alt-96_assembled/2NR2-alt-97_assembled/2NR2-alt-83_assembled/2NR2-alt-68_assembled/2NR2-alt-54_assembled/2NR2-alt-40_assembled/2NR2-alt-78_assembled/2NR2-alt-44_assembled/2NR2-alt-50_assembled/2NR2-alt-87_assembled/2NR2-alt-93_assembled/2NR2-alt-92_assembled/2NR2-alt-86_assembled/2NR2-alt-51_assembled/2NR2-alt-45_assembled/2NR2-alt-79_assembled/2NR2-alt-53_assembled/2NR2-alt-47_assembled/2NR2-alt-90_assembled/2NR2-alt-84_assembled/2NR2-alt-85_assembled/2NR2-alt-91_assembled/2NR2-alt-46_assembled/2NR2-alt-52_assembled/2NR2-alt-77_assembled/2NR2-alt-63_assembled/2NR2-alt-88_assembled/2NR2-alt-89_assembled/2NR2-alt-62_assembled/2NR2-alt-76_assembled/2NR2-alt-60_assembled/2NR2-alt-74_assembled/2NR2-alt-48_assembled/2NR2-alt-144_assembled/2NR2-alt-49_assembled/2NR2-alt-75_assembled/2NR2-alt-61_assembled/2NR2-alt-59_assembled/2NR2-alt-65_assembled/2NR2-alt-71_assembled/2NR2-alt-140_assembled/2NR2-alt-141_assembled/2NR2-alt-70_assembled/2NR2-alt-64_assembled/2NR2-alt-58_assembled/2NR2-alt-72_assembled/2NR2-alt-66_assembled/2NR2-alt-99_assembled/2NR2-alt-143_assembled/2NR2-alt-142_assembled/2NR2-alt-98_assembled/2NR2-alt-67_assembled/2NR2-alt-73_assembled/2NR2-alt-14_assembled/2NR2-alt-28_assembled/2NR2-alt-119_assembled/2NR2-alt-125_assembled/2NR2-alt-131_assembled/2NR2-alt-130_assembled/2NR2-alt-124_assembled/2NR2-alt-118_assembled/2NR2-alt-29_assembled/2NR2-alt-15_assembled/2NR2-alt-17_assembled/2NR2-alt-132_assembled/2NR2-alt-126_assembled/2NR2-alt-127_assembled/2NR2-alt-133_assembled/2NR2-alt-16_assembled/2NR2-alt-12_assembled/2NR2-alt-8_assembled/2NR2-alt-137_assembled/2NR2-alt-123_assembled/2NR2-alt-122_assembled/2NR2-alt-136_assembled/2NR2-alt-9_assembled/2NR2-alt-13_assembled/2NR2-alt-39_assembled/2NR2-alt-11_assembled/2NR2-alt-120_assembled/2NR2-alt-134_assembled/2NR2-alt-108_assembled/2NR2-alt-109_assembled/2NR2-alt-135_assembled/2NR2-alt-121_assembled/2NR2-alt-10_assembled/2NR2-alt-38_assembled,29.0,False,all,0.0,P0CG48,10.559034482758616,0.2291600730503894,61.918758392333984,15.946907997131348
4352,/2O6V-alt-1_assembled/2NR2-alt-35_assembled/2NR2-alt-21_assembled/2NR2-alt-7_assembled/2NR2-alt-138_assembled/2NR2-alt-104_assembled/2NR2-alt-110_assembled/2NR2-alt-111_assembled/2NR2-alt-105_assembled/2NR2-alt-139_assembled/2NR2-alt-6_assembled/2NR2-alt-20_assembled/2NR2-alt-34_assembled/2NR2-alt-22_assembled/2NR2-alt-36_assembled/2NR2-alt-4_assembled/2NR2-alt-113_assembled/2NR2-alt-107_assembled/2NR2-alt-106_assembled/2NR2-alt-112_assembled/2NR2-alt-5_assembled/2NR2-alt-37_assembled/2NR2-alt-23_assembled/2NR2-alt-27_assembled/2NR2-alt-33_assembled/2NR2-alt-1_assembled/2NR2-alt-116_assembled/2NR2-alt-102_assembled/2NR2-alt-103_assembled/2NR2-alt-117_assembled/2NR2-alt-32_assembled/2NR2-alt-26_assembled/2NR2-alt-18_assembled/2NR2-alt-30_assembled/2NR2-alt-24_assembled/2NR2-alt-2_assembled/2NR2-alt-101_assembled/2NR2-alt-115_assembled/2NR2-alt-129_assembled/2NR2-alt-128_assembled/2NR2-alt-114_assembled/2NR2-alt-100_assembled/2NR2-alt-3_assembled/2NR2-alt-25_assembled/2NR2-alt-31_assembled/2NR2-alt-19_assembled/2NR2-alt-56_assembled/2NR2-alt-42_assembled/2NR2-alt-95_assembled/2NR2-alt-81_assembled/2NR2-alt-80_assembled/2NR2-alt-94_assembled/2NR2-alt-43_assembled/2NR2-alt-57_assembled/2NR2-alt-41_assembled/2NR2-alt-55_assembled/2NR2-alt-69_assembled/2NR2-alt-82_assembled/2NR2-alt-96_assembled/2NR2-alt-97_assembled/2NR2-alt-83_assembled/2NR2-alt-68_assembled/2NR2-alt-54_assembled/2NR2-alt-40_assembled/2NR2-alt-78_assembled/2NR2-alt-44_assembled/2NR2-alt-50_assembled/2NR2-alt-87_assembled/2NR2-alt-93_assembled/2NR2-alt-92_assembled/2NR2-alt-86_assembled/2NR2-alt-51_assembled/2NR2-alt-45_assembled/2NR2-alt-79_assembled/2NR2-alt-53_assembled/2NR2-alt-47_assembled/2NR2-alt-90_assembled/2NR2-alt-84_assembled/2NR2-alt-85_assembled/2NR2-alt-91_assembled/2NR2-alt-46_assembled/2NR2-alt-52_assembled/2NR2-alt-77_assembled/2NR2-alt-63_assembled/2NR2-alt-88_assembled/2NR2-alt-89_assembled/2NR2-alt-62_assembled/2NR2-alt-76_assembled/2NR2-alt-60_assembled/2NR2-alt-74_assembled/2NR2-alt-48_assembled/2NR2-alt-144_assembled/2NR2-alt-49_assembled/2NR2-alt-75_assembled/2NR2-alt-61_assembled/2NR2-alt-59_assembled/2NR2-alt-65_assembled/2NR2-alt-71_assembled/2NR2-alt-140_assembled/2NR2-alt-141_assembled/2NR2-alt-70_assembled/2NR2-alt-64_assembled/2NR2-alt-58_assembled/2NR2-alt-72_assembled/2NR2-alt-66_assembled/2NR2-alt-99_assembled/2NR2-alt-143_assembled/2NR2-alt-142_assembled/2NR2-alt-98_assembled/2NR2-alt-67_assembled/2NR2-alt-73_assembled/2NR2-alt-14_assembled/2NR2-alt-28_assembled/2NR2-alt-119_assembled/2NR2-alt-125_assembled/2NR2-alt-131_assembled/2NR2-alt-130_assembled/2NR2-alt-124_assembled/2NR2-alt-118_assembled/2NR2-alt-29_assembled/2NR2-alt-15_assembled/2NR2-alt-17_assembled/2NR2-alt-132_assembled/2NR2-alt-126_assembled/2NR2-alt-127_assembled/2NR2-alt-133_assembled/2NR2-alt-16_assembled/2NR2-alt-12_assembled/2NR2-alt-8_assembled/2NR2-alt-137_assembled/2NR2-alt-123_assembled/2NR2-alt-122_assembled/2NR2-alt-136_assembled/2NR2-alt-9_assembled/2NR2-alt-13_assembled/2NR2-alt-39_assembled/2NR2-alt-11_assembled/2NR2-alt-120_assembled/2NR2-alt-134_assembled/2NR2-alt-108_assembled/2NR2-alt-109_assembled/2NR2-alt-135_assembled/2NR2-alt-121_assembled/2NR2-alt-10_assembled/2NR2-alt-38_assembled,33.0,False,all,0.0,P0CG48,10.447517241379318,0.2001337435958026,77.64502716064453,13.523187637329102
4353,/2O6V-alt-1_assembled/2NR2-alt-35_assembled/2NR2-alt-21_assembled/2NR2-alt-7_assembled/2NR2-alt-138_assembled/2NR2-alt-104_assembled/2NR2-alt-110_assembled/2NR2-alt-111_assembled/2NR2-alt-105_assembled/2NR2-alt-139_assembled/2NR2-alt-6_assembled/2NR2-alt-20_assembled/2NR2-alt-34_assembled/2NR2-alt-22_assembled/2NR2-alt-36_assembled/2NR2-alt-4_assembled/2NR2-alt-113_assembled/2NR2-alt-107_assembled/2NR2-alt-106_assembled/2NR2-alt-112_assembled/2NR2-alt-5_assembled/2NR2-alt-37_assembled/2NR2-alt-23_assembled/2NR2-alt-27_assembled/2NR2-alt-33_assembled/2NR2-alt-1_assembled/2NR2-alt-116_assembled/2NR2-alt-102_assembled/2NR2-alt-103_assembled/2NR2-alt-117_assembled/2NR2-alt-32_assembled/2NR2-alt-26_assembled/2NR2-alt-18_assembled/2NR2-alt-30_assembled/2NR2-alt-24_assembled/2NR2-alt-2_assembled/2NR2-alt-101_assembled/2NR2-alt-115_assembled/2NR2-alt-129_assembled/2NR2-alt-128_assembled/2NR2-alt-114_assembled/2NR2-alt-100_assembled/2NR2-alt-3_assembled/2NR2-alt-25_assembled/2NR2-alt-31_assembled/2NR2-alt-19_assembled/2NR2-alt-56_assembled/2NR2-alt-42_assembled/2NR2-alt-95_assembled/2NR2-alt-81_assembled/2NR2-alt-80_assembled/2NR2-alt-94_assembled/2NR2-alt-43_assembled/2NR2-alt-57_assembled/2NR2-alt-41_assembled/2NR2-alt-55_assembled/2NR2-alt-69_assembled/2NR2-alt-82_assembled/2NR2-alt-96_assembled/2NR2-alt-97_assembled/2NR2-alt-83_assembled/2NR2-alt-68_assembled/2NR2-alt-54_assembled/2NR2-alt-40_assembled/2NR2-alt-78_assembled/2NR2-alt-44_assembled/2NR2-alt-50_assembled/2NR2-alt-87_assembled/2NR2-alt-93_assembled/2NR2-alt-92_assembled/2NR2-alt-86_assembled/2NR2-alt-51_assembled/2NR2-alt-45_assembled/2NR2-alt-79_assembled/2NR2-alt-53_assembled/2NR2-alt-47_assembled/2NR2-alt-90_assembled/2NR2-alt-84_assembled/2NR2-alt-85_assembled/2NR2-alt-91_assembled/2NR2-alt-46_assembled/2NR2-alt-52_assembled/2NR2-alt-77_assembled/2NR2-alt-63_assembled/2NR2-alt-88_assembled/2NR2-alt-89_assembled/2NR2-alt-62_assembled/2NR2-alt-76_assembled/2NR2-alt-60_assembled/2NR2-alt-74_assembled/2NR2-alt-48_assembled/2NR2-alt-144_assembled/2NR2-alt-49_assembled/2NR2-alt-75_assembled/2NR2-alt-61_assembled/2NR2-alt-59_assembled/2NR2-alt-65_assembled/2NR2-alt-71_assembled/2NR2-alt-140_assembled/2NR2-alt-141_assembled/2NR2-alt-70_assembled/2NR2-alt-64_assembled/2NR2-alt-58_assembled/2NR2-alt-72_assembled/2NR2-alt-66_assembled/2NR2-alt-99_assembled/2NR2-alt-143_assembled/2NR2-alt-142_assembled/2NR2-alt-98_assembled/2NR2-alt-67_assembled/2NR2-alt-73_assembled/2NR2-alt-14_assembled/2NR2-alt-28_assembled/2NR2-alt-119_assembled/2NR2-alt-125_assembled/2NR2-alt-131_assembled/2NR2-alt-130_assembled/2NR2-alt-124_assembled/2NR2-alt-118_assembled/2NR2-alt-29_assembled/2NR2-alt-15_assembled/2NR2-alt-17_assembled/2NR2-alt-132_assembled/2NR2-alt-126_assembled/2NR2-alt-127_assembled/2NR2-alt-133_assembled/2NR2-alt-16_assembled/2NR2-alt-12_assembled/2NR2-alt-8_assembled/2NR2-alt-137_assembled/2NR2-alt-123_assembled/2NR2-alt-122_assembled/2NR2-alt-136_assembled/2NR2-alt-9_assembled/2NR2-alt-13_assembled/2NR2-alt-39_assembled/2NR2-alt-11_assembled/2NR2-alt-120_assembled/2NR2-alt-134_assembled/2NR2-alt-108_assembled/2NR2-alt-109_assembled/2NR2-alt-135_assembled/2NR2-alt-121_assembled/2NR2-alt-10_assembled/2NR2-alt-38_assembled,63.0,False,all,0.0,P0CG48,10.829310344827592,0.481462839186205,90.47419738769533,13.764979362487791
4354,/2O6V-alt-1_assembled,206.0,False,all,0.0,P0CG48,10.29,0.0,54.01863861083984,0.0
4355,/2O6V-alt-1_assembled,211.0,False,all,0.0,P0CG48,11.6,0.0,23.72530746459961,0.0
4356,/2O6V-alt-1_assembled,227.0,False,all,0.0,P0CG48,8.96,0.0,15.01262378692627,0.0
4357,/2O6V-alt-1_assembled,229.0,False,all,0.0,P0CG48,9.65,0.0,38.06772613525391,0.0
4358,/2O6V-alt-1_assembled,233.0,False,all,0.0,P0CG48,10.04,0.0,39.94430160522461,0.0
4359,/2O6V-alt-1_assembled,248.0,False,all,0.0,P0CG48,9.84,0.0,33.912445068359375,0.0
4360,/2O6V-alt-1_assembled,263.0,False,all,0.0,P0CG48,10.45,0.0,68.22701263427734,0.0
4361,/2O6V-alt-1_assembled,306.0,False,all,0.0,P0CG48,10.32,0.0,46.91445159912109,0.0
4362,/2O6V-alt-1_assembled,311.0,False,all,0.0,P0CG48,11.41,0.0,50.667606353759766,0.0
4363,/2O6V-alt-1_assembled,327.0,False,all,0.0,P0CG48,9.64,0.0,10.589262008666992,0.0
4364,/2O6V-alt-1_assembled,329.0,False,all,0.0,P0CG48,10.58,0.0,39.67621994018555,0.0
4365,/2O6V-alt-1_assembled,333.0,False,all,0.0,P0CG48,10.26,0.0,48.3889045715332,0.0
4366,/2O6V-alt-1_assembled,406.0,False,all,0.0,P0CG48,10.29,0.0,45.57403564453125,0.0
4367,/2O6V-alt-1_assembled,411.0,False,all,0.0,P0CG48,11.32,0.0,18.09557342529297,0.0
4368,/2O6V-alt-1_assembled,427.0,False,all,0.0,P0CG48,10.24,0.0,13.94029426574707,0.0
4369,/2O6V-alt-1_assembled,429.0,False,all,0.0,P0CG48,10.58,0.0,37.39751815795898,0.0
4370,/2O6V-alt-1_assembled,433.0,False,all,0.0,P0CG48,10.14,0.0,45.84212112426758,0.0
4371,/2O6V-alt-1_assembled,448.0,False,all,0.0,P0CG48,10.56,0.0,69.43338775634766,0.0
4372,/2O6V-alt-1_assembled,463.0,False,all,0.0,P0CG48,10.73,0.0,62.19515609741211,0.0
4373,/2O6V-alt-1_assembled,606.0,False,all,0.0,P0CG48,10.15,0.0,54.01863861083984,0.0
4374,/2O6V-alt-1_assembled,611.0,False,all,0.0,P0CG48,10.2,0.0,23.72530746459961,0.0
4375,/2O6V-alt-1_assembled,627.0,False,all,0.0,P0CG48,9.33,0.0,14.208375930786133,0.0
4376,/2O6V-alt-1_assembled,629.0,False,all,0.0,P0CG48,10.6,0.0,42.4910888671875,0.0
4377,/2O6V-alt-1_assembled,633.0,False,all,0.0,P0CG48,10.46,0.0,48.7910270690918,0.0
4378,/2O6V-alt-1_assembled,648.0,False,all,0.0,P0CG48,10.05,0.0,35.25285720825195,0.0
4379,/2O6V-alt-1_assembled,663.0,False,all,0.0,P0CG48,10.12,0.0,53.08034896850586,0.0
4380,/2O6V-alt-1_assembled,706.0,False,all,0.0,P0CG48,10.16,0.0,47.18253326416016,0.0
4381,/2O6V-alt-1_assembled,711.0,False,all,0.0,P0CG48,11.11,0.0,44.3676643371582,0.0
4382,/2O6V-alt-1_assembled,727.0,False,all,0.0,P0CG48,9.89,0.0,9.785014152526855,0.0
4383,/2O6V-alt-1_assembled,729.0,False,all,0.0,P0CG48,10.36,0.0,39.542179107666016,0.0
4384,/2O6V-alt-1_assembled,733.0,False,all,0.0,P0CG48,10.24,0.0,53.61651611328125,0.0
4385,/AF-P0AEQ3-F1-model_v1,25.0,False,all,83.35,P0AEQ3,10.73,0.0,85.78642272949219,0.0
4386,/AF-P0AEQ3-F1-model_v1,26.0,False,all,94.97,P0AEQ3,10.66,0.0,78.01203155517578,0.0
4387,/AF-P0AEQ3-F1-model_v1,41.0,False,all,94.67,P0AEQ3,10.6,0.0,78.5481948852539,0.0
4388,/AF-P0AEQ3-F1-model_v1,45.0,False,all,94.1,P0AEQ3,10.43,0.0,99.86075592041016,0.0
4389,/AF-P0AEQ3-F1-model_v1,59.0,False,all,98.32,P0AEQ3,10.44,0.0,101.6032943725586,0.0
4390,/AF-P0AEQ3-F1-model_v1,62.0,False,all,97.01,P0AEQ3,10.48,0.0,88.86936950683594,0.0
4391,/AF-P0AEQ3-F1-model_v1,68.0,False,all,97.78,P0AEQ3,10.26,0.0,56.16329956054688,0.0
4392,/AF-P0AEQ3-F1-model_v1,82.0,False,all,97.22,P0AEQ3,10.35,0.0,79.3524398803711,0.0
4393,/AF-P0AEQ3-F1-model_v1,98.0,False,all,97.64,P0AEQ3,10.45,0.0,68.76318359375,0.0
4394,/AF-P0AEQ3-F1-model_v1,99.0,False,all,97.75,P0AEQ3,11.56,0.0,83.77580261230469,0.0
4395,/AF-P0AEQ3-F1-model_v1,109.0,False,all,94.95,P0AEQ3,10.39,0.0,81.49710083007812,0.0
4396,/AF-P0AEQ3-F1-model_v1,117.0,False,all,98.69,P0AEQ3,10.05,0.0,32.5720329284668,0.0
4397,/AF-P0AEQ3-F1-model_v1,124.0,False,all,97.94,P0AEQ3,10.55,0.0,87.3949203491211,0.0
4398,/AF-P0AEQ3-F1-model_v1,132.0,False,all,98.68,P0AEQ3,10.73,0.0,47.85273742675781,0.0
4399,/AF-P0AEQ3-F1-model_v1,137.0,False,all,97.9,P0AEQ3,10.74,0.0,10.723302841186523,0.0
4400,/AF-P0AEQ3-F1-model_v1,147.0,False,all,97.48,P0AEQ3,10.38,0.0,73.45462799072266,0.0
4401,/AF-P0AEQ3-F1-model_v1,151.0,False,all,97.94,P0AEQ3,10.59,0.0,96.3756866455078,0.0
4402,/AF-P0AEQ3-F1-model_v1,153.0,False,all,98.42,P0AEQ3,10.48,0.0,76.939697265625,0.0
4403,/AF-P0AEQ3-F1-model_v1,188.0,False,all,94.33,P0AEQ3,10.35,0.0,108.30535888671876,0.0
4404,/AF-P0AEQ3-F1-model_v1,196.0,False,all,98.48,P0AEQ3,9.99,0.0,35.11881637573242,0.0
4405,/AF-P0AEQ3-F1-model_v1,213.0,False,all,98.25,P0AEQ3,11.2,0.0,39.00601577758789,0.0
4406,/AF-P0AEQ3-F1-model_v1,221.0,False,all,98.6,P0AEQ3,11.43,0.0,76.939697265625,0.0
4407,/AF-P0AEQ3-F1-model_v1,227.0,False,all,98.74,P0AEQ3,11.44,0.0,75.73332977294922,0.0
4408,/AF-P0AEQ3-F1-model_v1,240.0,False,all,97.59,P0AEQ3,11.45,0.0,55.76117706298828,0.0
4409,/AF-P0AEQ3-F1-model_v1,241.0,False,all,96.88,P0AEQ3,11.28,0.0,59.24625015258789,0.0
4410,/AF-P0AEQ3-F1-model_v1,248.0,False,all,77.89,P0AEQ3,10.47,0.0,117.8222885131836,0.0
4411,/1AON-alt-1_assembled,4.0,False,all,0.0,P0A6F5,10.177857142857144,0.1277725486003321,18.91897201538086,4.766658782958984
4412,/1AON-alt-1_assembled/1GRL-alt-1_assembled,7.0,False,all,0.0,P0A6F5,10.078095238095235,0.6296238484017187,37.06560516357422,6.295464038848877
4413,/1AON-alt-1_assembled/1GRL-alt-1_assembled,15.0,False,all,0.0,P0A6F5,10.845,0.6070420084310476,33.26139068603516,19.69948387145996
4414,/1AON-alt-1_assembled/1GRL-alt-1_assembled,28.0,False,all,0.0,P0A6F5,10.331428571428573,0.4258906633666171,32.182674407958984,6.480435848236084
4415,/1AON-alt-1_assembled/1GRL-alt-1_assembled,42.0,False,all,0.0,P0A6F5,10.285238095238093,0.1895948060369547,43.86980056762695,15.610323905944824
4416,/1AON-alt-1_assembled/1GRL-alt-1_assembled,65.0,False,all,0.0,P0A6F5,10.755238095238091,0.4469185501589639,49.071876525878906,5.003153324127197
4417,/1AON-alt-1_assembled/1GRL-alt-1_assembled,75.0,False,all,0.0,P0A6F5,8.583333333333334,0.3911052714210503,18.66365623474121,1.7553293704986572
4418,/1AON-alt-1_assembled/1GRL-alt-1_assembled,80.0,False,all,0.0,P0A6F5,10.998571428571427,0.3607531803641614,46.7357292175293,5.168909549713135
4419,/1AON-alt-1_assembled/1GRL-alt-1_assembled,105.0,False,all,0.0,P0A6F5,10.805714285714286,0.1898834228828685,54.65055465698242,18.10337257385254
4420,/1AON-alt-1_assembled/1GRL-alt-1_assembled,117.0,False,all,0.0,P0A6F5,10.410952380952384,0.8933638942889106,34.397544860839844,6.600152015686035
4421,/1AON-alt-1_assembled/1GRL-alt-1_assembled,122.0,False,all,0.0,P0A6F5,10.084761904761905,0.1855429612682479,44.73787307739258,8.536221504211426
4422,/1AON-alt-1_assembled/1GRL-alt-1_assembled,132.0,False,all,0.0,P0A6F5,10.273333333333332,0.1260687643047767,46.67828369140625,6.336894035339356
4423,/1AON-alt-1_assembled/1GRL-alt-1_assembled,142.0,False,all,0.0,P0A6F5,10.515238095238097,0.0391942658585471,72.06314849853516,5.901695251464844
4424,/1AON-alt-1_assembled/1GRL-alt-1_assembled,160.0,False,all,0.0,P0A6F5,10.77904761904762,0.2717334127762864,60.54197311401367,6.542304039001465
4425,/1AON-alt-1_assembled/1GRL-alt-1_assembled,168.0,False,all,0.0,P0A6F5,10.367142857142856,0.5431035155211467,57.44626998901367,20.29442405700684
4426,/1AON-alt-1_assembled/1GRL-alt-1_assembled,171.0,False,all,0.0,P0A6F5,10.379523809523809,0.0753973600649377,55.81862258911133,26.19310760498047
4427,/1AON-alt-1_assembled/1GRL-alt-1_assembled,207.0,False,all,0.0,P0A6F5,10.536190476190477,0.4473530618032717,54.286712646484375,12.943836212158203
4428,/1AON-alt-1_assembled/1GRL-alt-1_assembled,242.0,False,all,0.0,P0A6F5,10.48761904761905,0.1303420408734174,73.76100158691406,10.504778861999512
4429,/1AON-alt-1_assembled/1GRL-alt-1_assembled,245.0,False,all,0.0,P0A6F5,10.0125,0.25185365424765,43.7376708984375,10.170982360839844
4430,/1AON-alt-1_assembled/1GRL-alt-1_assembled,272.0,False,all,0.0,P0A6F5,9.465238095238098,0.6681588063298952,47.55274200439453,14.199136734008787
4431,/1AON-alt-1_assembled/1GRL-alt-1_assembled,277.0,False,all,0.0,P0A6F5,9.54047619047619,0.7486285874215343,38.431549072265625,8.526031494140625
4432,/1AON-alt-1_assembled/1GRL-alt-1_assembled,286.0,False,all,0.0,P0A6F5,11.38095238095238,0.6586494117655063,34.92094421386719,7.28913688659668
4433,/1AON-alt-1_assembled/1GRL-alt-1_assembled,311.0,False,all,0.0,P0A6F5,10.867142857142856,0.7328583959889038,54.816505432128906,9.207423210144045
4434,/1AON-alt-1_assembled/1GRL-alt-1_assembled,321.0,False,all,0.0,P0A6F5,10.954761904761902,0.5499328963393539,60.982398986816406,7.368794441223144
4435,/1AON-alt-1_assembled/1GRL-alt-1_assembled,327.0,False,all,0.0,P0A6F5,10.67142857142857,0.5976728679995915,55.99095916748047,7.764467716217041
4436,/1AON-alt-1_assembled/1GRL-alt-1_assembled,364.0,False,all,0.0,P0A6F5,9.857142857142858,0.5852105848080917,40.28898239135742,15.335142135620115
4437,/1AON-alt-1_assembled/1GRL-alt-1_assembled,371.0,False,all,0.0,P0A6F5,9.114761904761906,0.3801396986322141,34.78052520751953,12.959763526916504
4438,/1AON-alt-1_assembled/1GRL-alt-1_assembled,380.0,False,all,0.0,P0A6F5,11.218095238095238,0.4550782245682498,32.78905487060547,9.728893280029297
4439,/1AON-alt-1_assembled/1GRL-alt-1_assembled,390.0,False,all,0.0,P0A6F5,10.443809523809522,0.6230608011300037,56.59733581542969,5.532010555267334
4440,/1AON-alt-1_assembled/1GRL-alt-1_assembled,392.0,False,all,0.0,P0A6F5,10.408095238095235,0.4819918987661416,24.038070678710938,7.953442573547363
4441,/1AON-alt-1_assembled/1GRL-alt-1_assembled,393.0,False,all,0.0,P0A6F5,10.81857142857143,0.8997126525412752,21.523202896118164,10.088739395141602
4442,/1AON-alt-1_assembled/1GRL-alt-1_assembled,425.0,False,all,0.0,P0A6F5,10.623809523809523,0.335163783700987,46.21233367919922,14.280896186828612
4443,/1AON-alt-1_assembled/1GRL-alt-1_assembled,441.0,False,all,0.0,P0A6F5,9.516666666666666,0.4485792386338598,55.32075881958008,13.565888404846191
4444,/1AON-alt-1_assembled/1GRL-alt-1_assembled,470.0,False,all,0.0,P0A6F5,10.508571428571427,0.2300279486124614,42.84214401245117,6.385976791381836
4445,/1AON-alt-1_assembled/1GRL-alt-1_assembled,498.0,False,all,0.0,P0A6F5,10.594761904761905,0.2280705822244299,26.584856033325195,5.405925750732422
4446,/1AON-alt-1_assembled/1GRL-alt-1_assembled,225.0,False,all,0.0,P0A6F5,10.65857142857143,0.3990538259983934,34.21882247924805,15.165080070495604
4447,/1AON-alt-1_assembled/1GRL-alt-1_assembled,226.0,False,all,0.0,P0A6F5,10.71285714285714,0.7225321773130575,52.06545639038086,11.750286102294922
4448,/1AON-alt-1_assembled,13.0,False,all,0.0,P0A6F5,10.572857142857144,0.0205866345916355,57.77179336547852,3.766695737838745
4449,/1AON-alt-1_assembled,20.0,False,all,0.0,P0A6F5,9.982857142857142,0.0411154008915898,43.831504821777344,2.5608556270599365
4450,/1AON-alt-1_assembled,55.0,False,all,0.0,P0A6F5,9.392857142857142,0.092504826128926,20.12533950805664,3.4708054065704346
4451,/1AON-alt-1_assembled,60.0,False,all,0.0,P0A6F5,10.641428571428571,0.0089973541084241,77.93543243408203,3.323986291885376
4452,/1AON-alt-1_assembled,74.0,False,all,0.0,P0A6F5,9.634285714285712,0.2688157450037196,23.18914222717285,3.7706685066223145
4453,/1AON-alt-1_assembled,77.0,False,all,0.0,P0A6F5,10.9,0.147873820085459,43.563419342041016,2.2509360313415527
4454,/1YFK-alt-1_assembled,39.0,False,all,0.0,P18669,10.65,0.0,73.18653869628906,0.0
4455,/1YFK-alt-1_assembled,61.0,False,all,0.0,P18669,10.86,0.0,16.822181701660156,1.2321587800979614
4456,/1YFK-alt-1_assembled,100.0,False,all,0.0,P18669,9.36,0.0424264068711932,43.29533386230469,3.791260719299317
4457,/1YFK-alt-1_assembled,138.0,False,all,0.0,P18669,10.52,0.0141421356237306,74.25886535644531,7.96164608001709
4458,/1YFK-alt-1_assembled,157.0,False,all,0.0,P18669,10.745,0.0070710678118653,69.83551025390625,2.27475905418396
4459,/1YFK-alt-1_assembled,176.0,False,all,0.0,P18669,10.37,0.0,70.17060852050781,4.265163898468018
4460,/1YFK-alt-1_assembled,179.0,False,all,0.0,P18669,10.57,0.0282842712474612,42.42406463623047,2.179975271224976
4461,/1YFK-alt-1_assembled,195.0,False,all,0.0,P18669,10.175,0.0070710678118653,28.48377227783203,5.781672477722168
4462,/1YFK-alt-1_assembled,222.0,False,all,0.0,P18669,10.53,0.0,58.03987884521485,0.0
4463,/1YFK-alt-1_assembled,228.0,False,all,0.0,P18669,11.5,0.0,44.63574981689453,0.0
4464,/1YFK-alt-1_assembled,241.0,False,all,0.0,P18669,10.46,0.0282842712474625,100.79904174804688,20.851930618286133
4465,/1YFK-alt-1_assembled,106.0,False,all,0.0,P18669,10.34,0.0,73.45462799072266,0.0
4466,/1YFK-alt-1_assembled,225.0,False,all,0.0,P18669,10.34,0.0,65.01002502441406,0.0
4467,/3UZD-alt1A_assembled/3UZD-alt1B_assembled/6S9K-alt-1_assembled,10.0,False,all,0.0,P61981,10.090000000000002,0.3218695387886219,65.94831085205078,18.142179489135746
4468,/3UZD-alt1A_assembled/3UZD-alt1B_assembled/6S9K-alt-1_assembled,28.0,False,all,0.0,P61981,11.186666666666667,0.2358671942711268,41.95492172241211,15.859413146972656
4469,/3UZD-alt1A_assembled/3UZD-alt1B_assembled/6S9K-alt-1_assembled,69.0,False,all,0.0,P61981,10.416666666666666,0.037859388972002,87.93108367919922,13.971190452575684
4470,/3UZD-alt1A_assembled/3UZD-alt1B_assembled/6S9K-alt-1_assembled,77.0,False,all,0.0,P61981,10.42,0.0264575131106453,89.048095703125,16.408061981201172
4471,/3UZD-alt1A_assembled/3UZD-alt1B_assembled/6S9K-alt-1_assembled,78.0,False,all,0.0,P61981,10.093333333333332,0.4446721638840609,53.08034896850586,45.22597503662109
4472,/3UZD-alt1A_assembled/3UZD-alt1B_assembled/6S9K-alt-1_assembled,88.0,False,all,0.0,P61981,10.776666666666666,0.1101514109457217,72.91845703125,14.263276100158691
4473,/3UZD-alt1A_assembled/3UZD-alt1B_assembled/6S9K-alt-1_assembled,91.0,False,all,0.0,P61981,10.576666666666666,0.2635020556529554,80.29073333740234,28.606746673583984
4474,/3UZD-alt1A_assembled/3UZD-alt1B_assembled/6S9K-alt-1_assembled,110.0,False,all,0.0,P61981,10.32,0.0608276253029829,64.11641693115234,3.496223926544189
4475,/3UZD-alt1A_assembled/3UZD-alt1B_assembled/6S9K-alt-1_assembled,120.0,False,all,0.0,P61981,10.783333333333331,0.3453018003621373,36.057106018066406,10.447484970092772
4476,/3UZD-alt1A_assembled/3UZD-alt1B_assembled/6S9K-alt-1_assembled,125.0,False,all,0.0,P61981,10.506666666666666,0.0702376916856852,34.1805305480957,1.0119881629943848
4477,/3UZD-alt1A_assembled/3UZD-alt1B_assembled/6S9K-alt-1_assembled,127.0,False,all,0.0,P61981,10.533333333333331,0.5978572850884513,30.2933292388916,5.0918049812316895
4478,/3UZD-alt1A_assembled/3UZD-alt1B_assembled/6S9K-alt-1_assembled,142.0,False,all,0.0,P61981,10.47,0.0953939201416943,81.3183822631836,7.221247673034668
4479,/3UZD-alt1A_assembled/3UZD-alt1B_assembled/6S9K-alt-1_assembled,152.0,False,all,0.0,P61981,10.576666666666666,0.0750555349946515,84.08856964111328,10.41418170928955
4480,/3UZD-alt1A_assembled/3UZD-alt1B_assembled/6S9K-alt-1_assembled,162.0,False,all,0.0,P61981,9.656666666666666,0.9340413980832614,43.74213790893555,6.561636924743652
4481,/3UZD-alt1A_assembled/3UZD-alt1B_assembled/6S9K-alt-1_assembled,198.0,False,all,0.0,P61981,10.853333333333332,0.6013595707505892,64.3844985961914,10.025654792785645
4482,/3UZD-alt1A_assembled/3UZD-alt1B_assembled/6S9K-alt-1_assembled,217.0,False,all,0.0,P61981,10.52,0.0346410161513778,94.99059295654295,7.468318462371826
4483,/6HEP-alt1A_assembled/6HEP-alt1B_assembled/6A5Q-alt1A_assembled/6A5Q-alt1B_assembled,5.0,False,all,0.0,P31946,10.529285714285711,0.3477944637440179,35.6837043762207,11.933459281921388
4484,/6HEP-alt1A_assembled/6HEP-alt1B_assembled/6A5Q-alt1A_assembled/6A5Q-alt1B_assembled,11.0,False,all,0.0,P31946,9.406428571428568,0.7715579358360901,53.99949264526367,11.586730003356934
4485,/6HEP-alt1A_assembled/6HEP-alt1B_assembled/6A5Q-alt1A_assembled/6A5Q-alt1B_assembled,13.0,False,all,0.0,P31946,10.936428571428568,0.3163398158956272,48.37932968139648,10.213756561279297
4486,/6HEP-alt1A_assembled/6HEP-alt1B_assembled/6A5Q-alt1A_assembled/6A5Q-alt1B_assembled,29.0,False,all,0.0,P31946,11.627142857142855,0.3097499878047698,36.73688888549805,2.8755695819854736
4487,/6HEP-alt1A_assembled/6HEP-alt1B_assembled/6A5Q-alt1A_assembled/6A5Q-alt1B_assembled,70.0,False,all,0.0,P31946,10.215000000000002,0.185703296378159,72.13096618652344,9.117745399475098
4488,/6HEP-alt1A_assembled/6HEP-alt1B_assembled/6A5Q-alt1A_assembled/6A5Q-alt1B_assembled,76.0,False,all,0.0,P31946,10.769285714285717,0.5453786868662106,78.52904510498047,16.849618911743164
4489,/6HEP-alt1A_assembled/6HEP-alt1B_assembled/6A5Q-alt1A_assembled/6A5Q-alt1B_assembled,77.0,False,all,0.0,P31946,10.373571428571427,0.5743974386976475,43.79320526123047,17.59612274169922
4490,/6HEP-alt1A_assembled/6HEP-alt1B_assembled/6A5Q-alt1A_assembled/6A5Q-alt1B_assembled,82.0,False,all,0.0,P31946,10.904285714285717,0.7883645611762882,37.76134490966797,13.87106227874756
4491,/6HEP-alt1A_assembled/6HEP-alt1B_assembled/6A5Q-alt1A_assembled/6A5Q-alt1B_assembled,87.0,False,all,0.0,P31946,10.791428571428574,0.3846448340373862,59.32284164428711,9.812125205993652
4492,/6HEP-alt1A_assembled/6HEP-alt1B_assembled/6A5Q-alt1A_assembled/6A5Q-alt1B_assembled,105.0,False,all,0.0,P31946,10.975714285714284,0.2378012837422255,56.4122314453125,8.357137680053711
4493,/6HEP-alt1A_assembled/6HEP-alt1B_assembled/6A5Q-alt1A_assembled/6A5Q-alt1B_assembled,117.0,False,all,0.0,P31946,10.320000000000002,0.2602365787568629,47.814449310302734,7.07727575302124
4494,/6HEP-alt1A_assembled/6HEP-alt1B_assembled/6A5Q-alt1A_assembled/6A5Q-alt1B_assembled,122.0,False,all,0.0,P31946,10.575714285714286,0.8685063596216767,33.09862518310547,7.091330051422119
4495,/6HEP-alt1A_assembled/6HEP-alt1B_assembled/6A5Q-alt1A_assembled/6A5Q-alt1B_assembled,124.0,False,all,0.0,P31946,10.56857142857143,0.4486193716942466,29.297595977783203,4.72175407409668
4496,/6HEP-alt1A_assembled/6HEP-alt1B_assembled/6A5Q-alt1A_assembled/6A5Q-alt1B_assembled,140.0,False,all,0.0,P31946,9.977142857142857,0.2825006077986267,49.45166397094727,11.721638679504396
4497,/6HEP-alt1A_assembled/6HEP-alt1B_assembled/6A5Q-alt1A_assembled/6A5Q-alt1B_assembled,160.0,False,all,0.0,P31946,10.685714285714283,0.365864924332933,68.8780746459961,9.824532508850098
4498,/6HEP-alt1A_assembled/6HEP-alt1B_assembled/6A5Q-alt1A_assembled/6A5Q-alt1B_assembled,189.0,False,all,0.0,P31946,10.128571428571428,0.5932551292248964,63.05685424804688,11.23374843597412
4499,/6HEP-alt1A_assembled/6HEP-alt1B_assembled/6A5Q-alt1A_assembled/6A5Q-alt1B_assembled,195.0,False,all,0.0,P31946,10.744285714285713,0.3665790771173663,72.66952514648438,12.189749717712402
4500,/6HEP-alt1A_assembled/6HEP-alt1B_assembled/6A5Q-alt1A_assembled/6A5Q-alt1B_assembled,214.0,False,all,0.0,P31946,10.486428571428572,0.374630220614678,78.07904815673828,23.094018936157227
4501,/6HEP-alt1A_assembled/6HEP-alt1B_assembled/6A5Q-alt1A_assembled/6A5Q-alt1B_assembled,159.0,False,all,0.0,P31946,10.176666666666666,0.4397382141339288,47.17135620117188,7.9471611976623535
4502,/3UAL-alt1A_assembled/3UAL-alt1B_assembled,12.0,False,all,0.0,P62258,11.43,0.0,73.85675048828125,0.0
4503,/3UAL-alt1A_assembled/3UAL-alt1B_assembled,28.0,False,all,0.0,P62258,11.535,0.657609306503489,30.092269897460938,12.985066413879396
4504,/3UAL-alt1A_assembled/3UAL-alt1B_assembled,29.0,False,all,0.0,P62258,10.42,0.0141421356237306,87.3949203491211,0.7582494616508484
4505,/3UAL-alt1A_assembled/3UAL-alt1B_assembled,69.0,False,all,0.0,P62258,10.81,0.5939696961966998,74.05781555175781,6.35036039352417
4506,/3UAL-alt1A_assembled/3UAL-alt1B_assembled,73.0,False,all,0.0,P62258,10.51,0.0,74.39291381835938,3.2225711345672607
4507,/3UAL-alt1A_assembled/3UAL-alt1B_assembled,78.0,False,all,0.0,P62258,10.59,0.1555634918610396,81.3630599975586,0.0
4508,/3UAL-alt1A_assembled/3UAL-alt1B_assembled,80.0,False,all,0.0,P62258,10.38,0.0,86.18854522705078,0.0
4509,/3UAL-alt1A_assembled/3UAL-alt1B_assembled,94.0,False,all,0.0,P62258,10.57,0.0,76.26949310302734,0.0
4510,/3UAL-alt1A_assembled/3UAL-alt1B_assembled,106.0,False,all,0.0,P62258,11.53,0.0,61.39091110229492,0.0
4511,/3UAL-alt1A_assembled/3UAL-alt1B_assembled,118.0,False,all,0.0,P62258,10.515,0.0353553390593266,56.43138122558594,0.0
4512,/3UAL-alt1A_assembled/3UAL-alt1B_assembled,123.0,False,all,0.0,P62258,10.09,0.6222539674441611,36.19114685058594,0.0
4513,/3UAL-alt1A_assembled/3UAL-alt1B_assembled,125.0,False,all,0.0,P62258,11.03,0.0,39.00601577758789,0.0
4514,/3UAL-alt1A_assembled/3UAL-alt1B_assembled,142.0,False,all,0.0,P62258,10.72,0.0,66.7525634765625,2.085191488265991
4515,/3UAL-alt1A_assembled/3UAL-alt1B_assembled,153.0,False,all,0.0,P62258,10.29,0.0,66.88660430908203,0.0
4516,/3UAL-alt1A_assembled/3UAL-alt1B_assembled,196.0,False,all,0.0,P62258,10.62,0.0,71.57804870605469,0.0
4517,/2C63-alt-1_assembled/AF-Q04917-F1-model_v1,28.0,False,all,19.692,Q04917,11.582,0.351382981944203,43.77788543701172,2.3914263248443604
4518,/2C63-alt-1_assembled/AF-Q04917-F1-model_v1,78.0,False,all,19.146,Q04917,10.232,0.241184576621309,45.38637924194336,8.593603134155273
4519,/2C63-alt-1_assembled/AF-Q04917-F1-model_v1,83.0,False,all,19.526,Q04917,11.066,0.4571979877471029,54.8228874206543,1.7165662050247192
4520,/2C63-alt-1_assembled/AF-Q04917-F1-model_v1,88.0,False,all,19.676,Q04917,10.256,0.3092410063364823,47.61146926879883,17.038381576538086
4521,/2C63-alt-1_assembled/AF-Q04917-F1-model_v1,91.0,False,all,32.693333333333335,Q04917,10.336666666666666,0.2676440422152774,91.1033935546875,9.331365585327148
4522,/2C63-alt-1_assembled/AF-Q04917-F1-model_v1,106.0,False,all,19.576,Q04917,10.258,1.2679589898730956,35.386898040771484,27.00674057006836
4523,/2C63-alt-1_assembled/AF-Q04917-F1-model_v1,110.0,False,all,19.084,Q04917,9.99,0.3121698255757593,50.21186447143555,19.44536781311035
4524,/2C63-alt-1_assembled/AF-Q04917-F1-model_v1,125.0,False,all,19.742,Q04917,10.588,0.1942163741809636,37.12943649291992,5.821929931640625
4525,/2C63-alt-1_assembled/AF-Q04917-F1-model_v1,127.0,False,all,19.774,Q04917,10.356,0.5519782604414778,49.80974578857422,6.4594831466674805
4526,/2C63-alt-1_assembled/AF-Q04917-F1-model_v1,143.0,False,all,31.756666666666664,Q04917,10.1,0.1389244398944981,60.81006240844727,21.746660232543945
4527,/2C63-alt-1_assembled/AF-Q04917-F1-model_v1,155.0,False,all,32.88,Q04917,11.063333333333333,0.56888780381841,68.4950942993164,10.720788955688477
4528,/2C63-alt-1_assembled/AF-Q04917-F1-model_v1,162.0,False,all,19.3,Q04917,9.67,0.5124939024027502,54.635231018066406,21.68604278564453
4529,/2C63-alt-1_assembled/AF-Q04917-F1-model_v1,198.0,False,all,32.67666666666667,Q04917,10.829999999999998,0.3899999999999998,73.54398345947266,1.3018804788589478
4530,/2C63-alt-1_assembled/AF-Q04917-F1-model_v1,217.0,False,all,18.874,Q04917,10.476,0.0450555213042757,88.09193420410156,17.607280731201172
4531,/2C63-alt-1_assembled/AF-Q04917-F1-model_v1,120.0,False,all,32.69,Q04917,10.77,0.4355456348076522,47.45061874389648,14.556292533874512
4532,/AF-Q04917-F1-model_v1,69.0,False,all,96.01,Q04917,10.38,0.0,79.48648071289062,0.0
4533,/AF-Q04917-F1-model_v1,77.0,False,all,95.14,Q04917,10.46,0.0,100.3969268798828,0.0
4534,/AF-Q04917-F1-model_v1,81.0,False,all,97.73,Q04917,10.41,0.0,93.8289031982422,0.0
4535,/AF-Q04917-F1-model_v1,142.0,False,all,91.72,Q04917,11.09,0.0,72.11421203613281,0.0
4536,/2DRI-alt-1_assembled,1.0,False,all,0.0,P02925,10.4,0.0,54.55480194091797,0.0
4537,/2DRI-alt-1_assembled,20.0,False,all,0.0,P02925,11.26,0.0,37.26347732543945,0.0
4538,/2DRI-alt-1_assembled,25.0,False,all,0.0,P02925,10.48,0.0,82.83751678466797,0.0
4539,/2DRI-alt-1_assembled,29.0,False,all,0.0,P02925,11.4,0.0,58.7100830078125,0.0
4540,/2DRI-alt-1_assembled,59.0,False,all,0.0,P02925,10.57,0.0,46.24424362182617,0.0
4541,/2DRI-alt-1_assembled,76.0,False,all,0.0,P02925,9.95,0.0,55.76117706298828,0.0
4542,/2DRI-alt-1_assembled,94.0,False,all,0.0,P02925,10.39,0.0,66.21639251708984,0.0
4543,/2DRI-alt-1_assembled,110.0,False,all,0.0,P02925,11.39,0.0,51.20376968383789,0.0
4544,/2DRI-alt-1_assembled,118.0,False,all,0.0,P02925,10.12,0.0,59.24625015258789,0.0
4545,/2DRI-alt-1_assembled,119.0,False,all,0.0,P02925,10.25,0.0,46.11020278930664,0.0
4546,/2DRI-alt-1_assembled,125.0,False,all,0.0,P02925,11.44,0.0,37.79964447021485,0.0
4547,/2DRI-alt-1_assembled,153.0,False,all,0.0,P02925,10.38,0.0,82.30135345458984,0.0
4548,/2DRI-alt-1_assembled,168.0,False,all,0.0,P02925,11.53,0.0,52.94630813598633,0.0
4549,/2DRI-alt-1_assembled,206.0,False,all,0.0,P02925,10.59,0.0,33.10819625854492,0.0
4550,/2DRI-alt-1_assembled,222.0,False,all,0.0,P02925,10.75,0.0,62.46323776245117,0.0
4551,/2DRI-alt-1_assembled,228.0,False,all,0.0,P02925,10.92,0.0,54.8228874206543,0.0
4552,/2DRI-alt-1_assembled,243.0,False,all,0.0,P02925,10.86,0.0,31.901826858520508,0.0
4553,/2DRI-alt-1_assembled,250.0,False,all,0.0,P02925,11.56,0.0,38.4698486328125,0.0
4554,/2DRI-alt-1_assembled,253.0,False,all,0.0,P02925,11.44,0.0,51.33781433105469,0.0
4555,/2DRI-alt-1_assembled,256.0,False,all,0.0,P02925,10.46,0.0,91.01403045654295,0.0
4556,/2DRI-alt-1_assembled,260.0,False,all,0.0,P02925,9.71,0.0,49.46123504638672,0.0
4557,/2DRI-alt-1_assembled,266.0,False,all,0.0,P02925,10.22,0.0,64.47386169433594,0.0
4558,/2DRI-alt-1_assembled,270.0,False,all,0.0,P02925,10.31,0.0,47.98678207397461,0.0
4559,/4JDR-alt-1_assembled/AF-P0A9P0-F1-model_v1,6.0,False,all,32.79666666666667,P0A9P0,10.62,0.0781024967590669,85.92047119140625,3.836015701293945
4560,/4JDR-alt-1_assembled/AF-P0A9P0-F1-model_v1,54.0,False,all,32.49,P0A9P0,8.91,0.8586035173466278,21.13384246826172,23.83724975585937
4561,/4JDR-alt-1_assembled/AF-P0A9P0-F1-model_v1,67.0,False,all,31.37,P0A9P0,10.52,0.2598076211353322,74.25887298583984,19.15806198120117
4562,/4JDR-alt-1_assembled/AF-P0A9P0-F1-model_v1,80.0,False,all,31.23,P0A9P0,10.443333333333332,0.0230940107675855,91.1033935546875,14.86851692199707
4563,/4JDR-alt-1_assembled/AF-P0A9P0-F1-model_v1,85.0,False,all,32.64,P0A9P0,10.893333333333333,0.5773502691896258,76.6716079711914,10.855687141418455
4564,/4JDR-alt-1_assembled/AF-P0A9P0-F1-model_v1,90.0,False,all,32.63666666666666,P0A9P0,9.396666666666668,0.5658916268450467,18.721099853515625,8.444955825805664
4565,/4JDR-alt-1_assembled/AF-P0A9P0-F1-model_v1,92.0,False,all,32.77,P0A9P0,10.493333333333334,0.0723417813807018,89.4055404663086,6.985594272613525
4566,/4JDR-alt-1_assembled/AF-P0A9P0-F1-model_v1,106.0,False,all,32.75,P0A9P0,10.45,0.0,84.80345916748047,5.172904014587402
4567,/4JDR-alt-1_assembled/AF-P0A9P0-F1-model_v1,109.0,False,all,32.77,P0A9P0,10.38,0.0519615242270662,82.88219451904297,11.115191459655762
4568,/4JDR-alt-1_assembled/AF-P0A9P0-F1-model_v1,111.0,False,all,32.74333333333333,P0A9P0,10.24,0.1385640646055103,67.82489013671875,6.152773857116699
4569,/4JDR-alt-1_assembled/AF-P0A9P0-F1-model_v1,118.0,False,all,32.82666666666667,P0A9P0,10.606666666666667,0.0057735026918961,56.7888298034668,16.46108627319336
4570,/4JDR-alt-1_assembled/AF-P0A9P0-F1-model_v1,133.0,False,all,32.13,P0A9P0,11.496666666666668,0.1242309676905619,67.46744537353516,5.108242988586426
4571,/4JDR-alt-1_assembled/AF-P0A9P0-F1-model_v1,172.0,False,all,31.94,P0A9P0,11.019999999999998,0.5802585630561603,74.75035858154297,1.6543848514556885
4572,/4JDR-alt-1_assembled/AF-P0A9P0-F1-model_v1,216.0,False,all,32.513333333333335,P0A9P0,10.843333333333334,0.5253887449625595,81.40774536132812,1.140007734298706
4573,/4JDR-alt-1_assembled/AF-P0A9P0-F1-model_v1,220.0,False,all,32.516666666666666,P0A9P0,10.37,0.0360555127546401,87.0821533203125,9.442384719848633
4574,/4JDR-alt-1_assembled/AF-P0A9P0-F1-model_v1,224.0,False,all,32.126666666666665,P0A9P0,10.396666666666668,0.0665832811847935,88.42256927490234,9.21803855895996
4575,/4JDR-alt-1_assembled/AF-P0A9P0-F1-model_v1,228.0,False,all,31.96,P0A9P0,10.143333333333333,0.1201388086062674,72.02484893798828,10.009511947631836
4576,/4JDR-alt-1_assembled/AF-P0A9P0-F1-model_v1,229.0,False,all,32.17,P0A9P0,10.306666666666668,0.1357694123627755,35.342220306396484,13.832470893859863
4577,/4JDR-alt-1_assembled/AF-P0A9P0-F1-model_v1,237.0,False,all,31.993333333333336,P0A9P0,10.716666666666669,0.6350852961085881,66.03767395019531,3.289705514907837
4578,/4JDR-alt-1_assembled/AF-P0A9P0-F1-model_v1,244.0,False,all,32.75333333333334,P0A9P0,10.96,0.4330127018922193,50.84632873535156,10.558110237121582
4579,/4JDR-alt-1_assembled/AF-P0A9P0-F1-model_v1,255.0,False,all,28.326666666666668,P0A9P0,11.173333333333332,0.2569695182961078,61.07814407348633,16.867027282714844
4580,/4JDR-alt-1_assembled/AF-P0A9P0-F1-model_v1,256.0,False,all,27.736666666666665,P0A9P0,10.23,0.086602540378444,67.51212310791016,16.838239669799805
4581,/4JDR-alt-1_assembled/AF-P0A9P0-F1-model_v1,278.0,False,all,32.54666666666667,P0A9P0,10.363333333333332,0.0404145188432739,54.91224670410156,5.543433666229248
4582,/4JDR-alt-1_assembled/AF-P0A9P0-F1-model_v1,284.0,False,all,32.81666666666667,P0A9P0,10.88,0.4763402145525822,61.74835205078125,2.2522683143615723
4583,/4JDR-alt-1_assembled/AF-P0A9P0-F1-model_v1,299.0,False,all,32.65333333333333,P0A9P0,10.866666666666667,0.4450093631973754,65.41214752197266,1.3404159545898438
4584,/4JDR-alt-1_assembled/AF-P0A9P0-F1-model_v1,323.0,False,all,32.74666666666666,P0A9P0,9.673333333333332,0.0808290376865476,7.014827728271484,3.289705514907837
4585,/4JDR-alt-1_assembled/AF-P0A9P0-F1-model_v1,338.0,False,all,32.78,P0A9P0,10.433333333333335,0.3869539162915058,48.16550064086914,9.475622177124023
4586,/4JDR-alt-1_assembled/AF-P0A9P0-F1-model_v1,339.0,False,all,32.46333333333333,P0A9P0,10.476666666666668,0.0152752523165191,94.45442962646484,12.564417839050291
4587,/4JDR-alt-1_assembled/AF-P0A9P0-F1-model_v1,345.0,False,all,31.676666666666662,P0A9P0,10.313333333333333,0.08144527815247,63.98237609863281,8.284937858581543
4588,/4JDR-alt-1_assembled/AF-P0A9P0-F1-model_v1,365.0,False,all,32.160000000000004,P0A9P0,9.936666666666667,0.6101092798288956,50.7122917175293,26.11444091796875
4589,/4JDR-alt-1_assembled/AF-P0A9P0-F1-model_v1,368.0,False,all,32.583333333333336,P0A9P0,11.03,1.0219099764656383,72.06954193115234,8.024957656860352
4590,/4JDR-alt-1_assembled/AF-P0A9P0-F1-model_v1,370.0,False,all,32.48,P0A9P0,10.473333333333334,0.0461880215351701,77.07373809814453,6.8400468826293945
4591,/4JDR-alt-1_assembled/AF-P0A9P0-F1-model_v1,398.0,False,all,32.93,P0A9P0,12.223333333333334,0.1965536398374074,3.574434280395508,0.541721522808075
4592,/4JDR-alt-1_assembled/AF-P0A9P0-F1-model_v1,403.0,False,all,32.33,P0A9P0,10.46,0.1039230484541324,61.30154800415039,4.07964563369751
4593,/4JDR-alt-1_assembled/AF-P0A9P0-F1-model_v1,470.0,False,all,30.62,P0A9P0,10.776666666666666,0.36115555282085,42.3570442199707,6.183358192443848
4594,/4JDR-alt-1_assembled/AF-P0A9P0-F1-model_v1,472.0,False,all,29.613333333333333,P0A9P0,10.466666666666669,0.0057735026918961,95.30335235595705,0.3546386957168579
4595,/AF-P0A9P0-F1-model_v1,473.0,False,all,85.08,P0A9P0,10.46,0.0,96.24164581298828,0.0
4596,/AF-P0A9P0-F1-model_v1,474.0,False,all,79.64,P0A9P0,10.48,0.0,104.95433044433594,0.0
4597,/AF-P0ACF4-F1-model_v1,3.0,False,all,97.24,P0ACF4,11.42,0.0,73.05249786376953,0.0
4598,/AF-P0ACF4-F1-model_v1,9.0,False,all,98.43,P0ACF4,10.44,0.0,93.69486236572266,0.0
4599,/AF-P0ACF4-F1-model_v1,18.0,False,all,98.37,P0ACF4,11.49,0.0,76.40353393554688,0.0
4600,/AF-P0ACF4-F1-model_v1,37.0,False,all,97.37,P0ACF4,10.44,0.0,111.12022399902344,0.0
4601,/AF-P0ACF4-F1-model_v1,53.0,False,all,96.76,P0ACF4,10.1,0.0,93.69486236572266,0.0
4602,/AF-P0ACF4-F1-model_v1,75.0,False,all,96.68,P0ACF4,10.58,0.0,88.06512451171875,0.0
4603,/AF-P0ACF4-F1-model_v1,83.0,False,all,97.21,P0ACF4,11.07,0.0,86.9927978515625,0.0
4604,/AF-P0ACF4-F1-model_v1,86.0,False,all,97.64,P0ACF4,10.25,0.0,81.49710083007812,0.0
4605,/AF-P36578-F1-model_v1,14.0,False,all,93.71,P36578,10.59,0.0,92.48848724365234,0.0
4606,/AF-P36578-F1-model_v1,20.0,False,all,94.61,P36578,11.11,0.0,58.03987884521485,0.0
4607,/AF-P36578-F1-model_v1,29.0,False,all,94.34,P36578,9.65,0.0,34.046485900878906,0.0
4608,/AF-P36578-F1-model_v1,46.0,False,all,98.48,P36578,9.78,0.0,54.8228874206543,0.0
4609,/AF-P36578-F1-model_v1,106.0,False,all,97.04,P36578,11.3,0.0,40.61450958251953,0.0
4610,/AF-P36578-F1-model_v1,120.0,False,all,98.32,P36578,10.09,0.0,64.20578002929688,0.0
4611,/AF-P36578-F1-model_v1,140.0,False,all,97.2,P36578,8.93,0.0,29.75716590881348,0.0
4612,/AF-P36578-F1-model_v1,157.0,False,all,95.9,P36578,11.52,0.0,73.32058715820312,0.0
4613,/AF-P36578-F1-model_v1,162.0,False,all,96.85,P36578,10.19,0.0,75.59928894042969,0.0
4614,/AF-P36578-F1-model_v1,163.0,False,all,97.76,P36578,10.58,0.0,84.04388427734375,0.0
4615,/AF-P36578-F1-model_v1,165.0,False,all,97.71,P36578,10.46,0.0,103.2117919921875,0.0
4616,/AF-P36578-F1-model_v1,172.0,False,all,97.39,P36578,10.19,0.0,67.42276763916016,0.0
4617,/AF-P36578-F1-model_v1,173.0,False,all,97.26,P36578,10.35,0.0,58.173919677734375,0.0
4618,/AF-P36578-F1-model_v1,175.0,False,all,97.17,P36578,10.69,0.0,57.10158920288086,0.0
4619,/AF-P36578-F1-model_v1,181.0,False,all,97.86,P36578,10.37,0.0,66.61852264404297,0.0
4620,/AF-P36578-F1-model_v1,182.0,False,all,98.16,P36578,9.76,0.0,44.63574981689453,0.0
4621,/AF-P36578-F1-model_v1,193.0,False,all,97.97,P36578,10.43,0.0,107.36707305908205,0.0
4622,/AF-P36578-F1-model_v1,195.0,False,all,97.84,P36578,10.35,0.0,66.48448181152344,0.0
4623,/AF-P36578-F1-model_v1,219.0,False,all,97.58,P36578,10.38,0.0,105.35645294189452,0.0
4624,/AF-P36578-F1-model_v1,234.0,False,all,97.49,P36578,10.4,0.0,112.9968032836914,0.0
4625,/AF-P36578-F1-model_v1,239.0,False,all,98.21,P36578,9.95,0.0,63.267486572265625,0.0
4626,/AF-P36578-F1-model_v1,259.0,False,all,97.24,P36578,10.41,0.0,34.31456756591797,0.0
4627,/AF-P36578-F1-model_v1,269.0,False,all,95.03,P36578,10.47,0.0,100.12883758544922,0.0
4628,/AF-P36578-F1-model_v1,274.0,False,all,95.97,P36578,7.83,0.0,26.272092819213867,0.0
4629,/AF-P36578-F1-model_v1,283.0,False,all,95.81,P36578,10.35,0.0,117.28612518310548,0.0
4630,/AF-P36578-F1-model_v1,307.0,False,all,96.54,P36578,10.41,0.0,85.11621856689453,0.0
4631,/AF-P36578-F1-model_v1,308.0,False,all,96.49,P36578,10.41,0.0,86.45662689208984,0.0
4632,/AF-P36578-F1-model_v1,315.0,False,all,96.18,P36578,10.44,0.0,108.9755630493164,0.0
4633,/AF-P36578-F1-model_v1,316.0,False,all,95.86,P36578,10.35,0.0,72.5163345336914,0.0
4634,/AF-P36578-F1-model_v1,320.0,False,all,95.13,P36578,10.45,0.0,83.64176177978516,0.0
4635,/AF-P36578-F1-model_v1,327.0,False,all,95.38,P36578,10.41,0.0,93.96294403076172,0.0
4636,/AF-P36578-F1-model_v1,333.0,False,all,95.36,P36578,10.35,0.0,82.5694351196289,0.0
4637,/AF-P36578-F1-model_v1,348.0,False,all,94.31,P36578,10.43,0.0,75.59928894042969,0.0
4638,/AF-P36578-F1-model_v1,353.0,False,all,91.89,P36578,10.45,0.0,87.26087951660156,0.0
4639,/AF-O03042-F1-model_v1,14.0,False,all,90.43,O03042,10.44,0.0,90.07574462890624,0.0
4640,/AF-O03042-F1-model_v1,18.0,False,all,95.01,O03042,10.07,0.0,52.94630813598633,0.0
4641,/AF-O03042-F1-model_v1,21.0,False,all,97.69,O03042,11.57,0.0,46.78041076660156,0.0
4642,/AF-O03042-F1-model_v1,32.0,False,all,98.52,O03042,10.37,0.0,70.9078369140625,0.0
4643,/AF-O03042-F1-model_v1,81.0,False,all,98.36,O03042,10.12,0.0,12.733922004699709,0.0
4644,/AF-O03042-F1-model_v1,128.0,False,all,98.22,O03042,10.46,0.0,101.33521270751952,0.0
4645,/AF-O03042-F1-model_v1,146.0,False,all,98.69,O03042,10.32,0.0,68.76318359375,0.0
4646,/AF-O03042-F1-model_v1,161.0,False,all,98.64,O03042,9.54,0.0,54.152679443359375,0.0
4647,/AF-O03042-F1-model_v1,164.0,False,all,98.7,O03042,10.59,0.0,11.393508911132812,0.0
4648,/AF-O03042-F1-model_v1,175.0,False,all,98.59,O03042,10.32,0.0,46.78041076660156,0.0
4649,/AF-O03042-F1-model_v1,177.0,False,all,97.7,O03042,12.1,0.0,48.25486373901367,0.0
4650,/AF-O03042-F1-model_v1,201.0,False,all,98.93,O03042,8.66,0.0,2.8148670196533203,0.0
4651,/AF-O03042-F1-model_v1,227.0,False,all,98.87,O03042,10.52,0.0,58.03987884521485,0.0
4652,/AF-O03042-F1-model_v1,236.0,False,all,98.86,O03042,8.89,0.0,0.2680825591087341,0.0
4653,/AF-O03042-F1-model_v1,252.0,False,all,98.89,O03042,11.47,0.0,64.47386169433594,0.0
4654,/AF-O03042-F1-model_v1,305.0,False,all,97.26,O03042,10.21,0.0,33.24224090576172,0.0
4655,/AF-O03042-F1-model_v1,316.0,False,all,98.92,O03042,9.14,0.0,13.806252479553224,0.0
4656,/AF-O03042-F1-model_v1,334.0,False,all,96.76,O03042,9.76,0.0,64.20578002929688,0.0
4657,/AF-O03042-F1-model_v1,450.0,False,all,98.45,O03042,10.59,0.0,68.4950942993164,0.0
4658,/AF-O03042-F1-model_v1,463.0,False,all,96.27,O03042,11.52,0.0,41.55279922485352,0.0
4659,/AF-O03042-F1-model_v1,474.0,False,all,92.05,O03042,11.46,0.0,37.933685302734375,0.0
4660,/6UTM-alt1A_assembled/6UTM-alt1B_assembled,3.0,False,all,0.0,P0A9B2,10.48,0.0923760430703402,43.09427261352539,0.8512758612632751
4661,/6UTM-alt1A_assembled/6UTM-alt1B_assembled,70.0,False,all,0.0,P0A9B2,9.8,0.0,46.646366119384766,0.0
4662,/6UTM-alt1A_assembled/6UTM-alt1B_assembled,83.0,False,all,0.0,P0A9B2,10.704999999999998,0.0981495457622363,57.83881378173828,1.470386028289795
4663,/6UTM-alt1A_assembled/6UTM-alt1B_assembled,107.0,False,all,0.0,P0A9B2,10.805,0.2713546265191234,47.91976165771485,4.411160469055176
4664,/6UTM-alt1A_assembled/6UTM-alt1B_assembled,115.0,False,all,0.0,P0A9B2,11.025,0.0519615242270662,24.261472702026367,0.1547770202159881
4665,/6UTM-alt1A_assembled/6UTM-alt1B_assembled,123.0,False,all,0.0,P0A9B2,10.31,0.0,68.96424102783203,12.61436653137207
4666,/6UTM-alt1A_assembled/6UTM-alt1B_assembled,131.0,False,all,0.0,P0A9B2,10.0875,0.1299679447658786,36.59326934814453,1.3929997682571411
4667,/6UTM-alt1A_assembled/6UTM-alt1B_assembled,137.0,False,all,0.0,P0A9B2,11.175,0.4099186911246337,65.47917175292969,5.494601726531982
4668,/6UTM-alt1A_assembled/6UTM-alt1B_assembled,159.0,False,all,0.0,P0A9B2,11.46,0.1732050807568871,28.28271102905273,0.0
4669,/6UTM-alt1A_assembled/6UTM-alt1B_assembled,183.0,False,all,0.0,P0A9B2,10.28,0.0230940107675855,42.42406463623047,4.565937519073486
4670,/6UTM-alt1A_assembled/6UTM-alt1B_assembled,216.0,False,all,0.0,P0A9B2,10.325,0.0129099444873577,70.37167358398438,6.217165470123291
4671,/6UTM-alt1A_assembled/6UTM-alt1B_assembled,224.0,False,all,0.0,P0A9B2,10.3925,0.0377491721763539,40.61450958251953,2.321664333343506
4672,/6UTM-alt1A_assembled/6UTM-alt1B_assembled,256.0,False,all,0.0,P0A9B2,11.565,0.0288675134594817,15.883892059326172,1.315609097480774
4673,/6UTM-alt1A_assembled/6UTM-alt1B_assembled,260.0,False,all,0.0,P0A9B2,10.96,0.1962990915244737,49.93037796020508,2.708606719970703
4674,/6UTM-alt1A_assembled/6UTM-alt1B_assembled,268.0,False,all,0.0,P0A9B2,10.495,0.0404145188432729,69.56742858886719,3.559880256652832
4675,/6UTM-alt1A_assembled/6UTM-alt1B_assembled,295.0,False,all,0.0,P0A9B2,11.575,0.0173205080756884,50.5335693359375,1.2382205724716189
4676,/6UTM-alt1A_assembled/6UTM-alt1B_assembled,306.0,False,all,0.0,P0A9B2,11.1725,0.0262995563967652,44.83680725097656,0.8512758612632751
4677,/6UTM-alt1A_assembled/6UTM-alt1B_assembled,320.0,False,all,0.0,P0A9B2,8.8325,0.0749999999999992,1.8765780925750728,0.1547775715589523
4678,/6UTM-alt1A_assembled/6UTM-alt1B_assembled,45.0,False,all,0.0,P0A9B2,9.56,0.0,41.82088088989258,0.0
4679,/6UTM-alt1A_assembled/6UTM-alt1B_assembled,60.0,False,all,0.0,P0A9B2,10.57,0.0,64.87598419189453,0.0
4680,/6UTM-alt1A_assembled/6UTM-alt1B_assembled,114.0,False,all,0.0,P0A9B2,11.45,0.0,60.85474395751953,0.0
4681,/6UTM-alt1A_assembled/6UTM-alt1B_assembled,191.0,False,all,0.0,P0A9B2,10.41,0.0,78.41415405273438,0.0
4682,/6UTM-alt1A_assembled/6UTM-alt1B_assembled,330.0,False,all,0.0,P0A9B2,10.21,0.0,58.03987884521485,0.0
4683,/1JCD-alt-1_assembled,5.0,False,all,0.0,P69776,10.920000000000002,0.6505382386916236,47.18253326416016,4.359950542449951
4684,/1JCD-alt-1_assembled,19.0,False,all,0.0,P69776,10.935,0.2333452377915607,43.027252197265625,7.772083759307861
4685,/AF-P69776-F1-model_v1,26.0,False,all,82.99,P69776,10.42,0.0,94.23102569580078,0.0
4686,/AF-P69776-F1-model_v1,40.0,False,all,97.45,P69776,10.38,0.0,104.28411865234376,0.0
4687,/AF-P69776-F1-model_v1,75.0,False,all,84.17,P69776,10.44,0.0,89.27149963378906,0.0
4688,/AF-P21276-F1-model_v1,14.0,False,all,95.05,P21276,12.61,0.0,56.297340393066406,0.0
4689,/AF-P21276-F1-model_v1,29.0,False,all,98.6,P21276,10.89,0.0,66.08235168457031,0.0
4690,/AF-P21276-F1-model_v1,38.0,False,all,98.44,P21276,10.31,0.0,97.04589080810548,0.0
4691,/AF-P21276-F1-model_v1,49.0,False,all,95.78,P21276,10.43,0.0,78.68223571777344,0.0
4692,/AF-P21276-F1-model_v1,59.0,False,all,94.95,P21276,10.4,0.0,61.39091110229492,0.0
4693,/AF-P21276-F1-model_v1,95.0,False,all,98.46,P21276,11.33,0.0,38.20176696777344,0.0
4694,/AF-P21276-F1-model_v1,101.0,False,all,95.18,P21276,11.55,0.0,40.34642791748047,0.0
4695,/AF-P21276-F1-model_v1,119.0,False,all,98.47,P21276,11.55,0.0,63.53556823730469,0.0
4696,/AF-P21276-F1-model_v1,145.0,False,all,97.9,P21276,10.44,0.0,83.23963928222656,0.0
4697,/AF-P21276-F1-model_v1,147.0,False,all,98.24,P21276,9.71,0.0,43.027252197265625,0.0
4698,/AF-P21276-F1-model_v1,150.0,False,all,98.4,P21276,10.0,0.0,43.027252197265625,0.0
4699,/AF-P21276-F1-model_v1,188.0,False,all,98.25,P21276,10.63,0.0,90.34382629394533,0.0
4700,/AF-Q9FHQ6-F1-model_v1,8.0,False,all,96.44,Q9FHQ6,11.4,0.0,39.14005661010742,0.0
4701,/AF-Q9FHQ6-F1-model_v1,13.0,False,all,93.24,Q9FHQ6,11.35,0.0,72.24825286865234,0.0
4702,/AF-Q9FHQ6-F1-model_v1,29.0,False,all,95.47,Q9FHQ6,10.43,0.0,12.733922004699709,0.0
4703,/AF-Q9FHQ6-F1-model_v1,31.0,False,all,96.53,Q9FHQ6,10.56,0.0,50.667606353759766,0.0
4704,/AF-Q9FHQ6-F1-model_v1,50.0,False,all,95.37,Q9FHQ6,10.42,0.0,88.7353286743164,0.0
4705,/AF-Q9FHQ6-F1-model_v1,65.0,False,all,96.61,Q9FHQ6,10.69,0.0,74.66099548339844,0.0
4706,/AF-Q9FHQ6-F1-model_v1,84.0,False,all,97.81,Q9FHQ6,10.33,0.0,65.94831085205078,0.0
4707,/AF-Q9FHQ6-F1-model_v1,89.0,False,all,95.47,Q9FHQ6,11.33,0.0,74.39291381835938,0.0
4708,/AF-Q9FHQ6-F1-model_v1,105.0,False,all,95.96,Q9FHQ6,10.41,0.0,10.589262008666992,0.0
4709,/AF-Q9FHQ6-F1-model_v1,107.0,False,all,93.38,Q9FHQ6,10.31,0.0,38.73793029785156,0.0
4710,/AF-Q9FHQ6-F1-model_v1,111.0,False,all,89.49,Q9FHQ6,10.01,0.0,78.14607238769531,0.0
4711,/AF-Q9FHQ6-F1-model_v1,126.0,False,all,96.31,Q9FHQ6,10.37,0.0,89.4055404663086,0.0
4712,/AF-Q9FHQ6-F1-model_v1,141.0,False,all,94.23,Q9FHQ6,10.6,0.0,74.5269546508789,0.0
4713,/AF-Q9FHQ6-F1-model_v1,165.0,False,all,93.19,Q9FHQ6,11.33,0.0,58.173919677734375,0.0
4714,/AF-Q9FHQ6-F1-model_v1,181.0,False,all,95.51,Q9FHQ6,10.64,0.0,14.878582954406738,0.0
4715,/AF-Q9FHQ6-F1-model_v1,183.0,False,all,93.65,Q9FHQ6,10.37,0.0,39.14005661010742,0.0
4716,/AF-Q9FHQ6-F1-model_v1,187.0,False,all,89.61,Q9FHQ6,10.0,0.0,69.83551025390625,0.0
4717,/AF-Q9FHQ6-F1-model_v1,202.0,False,all,95.61,Q9FHQ6,10.48,0.0,90.07574462890624,0.0
4718,/AF-Q9FHQ6-F1-model_v1,217.0,False,all,93.17,Q9FHQ6,10.56,0.0,71.57804870605469,0.0
4719,/AF-Q9FHQ6-F1-model_v1,241.0,False,all,92.64,Q9FHQ6,11.31,0.0,53.08034896850586,0.0
4720,/AF-Q9FHQ6-F1-model_v1,257.0,False,all,95.62,Q9FHQ6,10.39,0.0,10.589262008666992,0.0
4721,/AF-Q9FHQ6-F1-model_v1,259.0,False,all,93.03,Q9FHQ6,10.82,0.0,46.3782844543457,0.0
4722,/AF-Q9FHQ6-F1-model_v1,263.0,False,all,91.06,Q9FHQ6,10.04,0.0,53.08034896850586,0.0
4723,/AF-Q9FHQ6-F1-model_v1,294.0,False,all,92.54,Q9FHQ6,10.57,0.0,71.98017120361328,0.0
4724,/AF-Q9M2U7-F1-model_v1,57.0,False,all,77.91,Q9M2U7,10.38,0.0,74.5269546508789,0.0
4725,/AF-Q9M2U7-F1-model_v1,71.0,False,all,70.72,Q9M2U7,10.1,0.0,54.286720275878906,0.0
4726,/AF-Q9M2U7-F1-model_v1,132.0,False,all,98.16,Q9M2U7,11.38,0.0,71.1759262084961,0.0
4727,/AF-Q9M2U7-F1-model_v1,147.0,False,all,96.04,Q9M2U7,10.42,0.0,100.53096771240234,0.0
4728,/AF-Q9M2U7-F1-model_v1,158.0,False,all,93.4,Q9M2U7,10.67,0.0,72.65037536621094,0.0
4729,/AF-Q9M2U7-F1-model_v1,197.0,False,all,97.42,Q9M2U7,10.57,0.0,78.81627655029297,0.0
4730,/AF-Q9M2U7-F1-model_v1,238.0,False,all,87.98,Q9M2U7,10.22,0.0,102.27349853515624,0.0
4731,/AF-Q9M2U7-F1-model_v1,258.0,False,all,97.56,Q9M2U7,10.35,0.0,95.03527069091795,0.0
4732,/AF-Q9M2U7-F1-model_v1,264.0,False,all,97.39,Q9M2U7,10.16,0.0,82.16730499267578,0.0
4733,/AF-Q9M2U7-F1-model_v1,284.0,False,all,98.12,Q9M2U7,11.46,0.0,39.14005661010742,0.0
4734,/AF-Q9M2U7-F1-model_v1,331.0,False,all,82.91,Q9M2U7,10.35,0.0,86.72471618652344,0.0
4735,/AF-Q9SMU8-F1-model_v1,95.0,False,all,98.85,Q9SMU8,8.95,0.0,18.09557342529297,0.0
4736,/AF-Q9SMU8-F1-model_v1,114.0,False,all,98.8,Q9SMU8,9.52,0.0,3.619114637374878,0.0
4737,/AF-Q9SMU8-F1-model_v1,179.0,False,all,98.84,Q9SMU8,10.64,0.0,28.81887626647949,0.0
4738,/AF-Q9SMU8-F1-model_v1,204.0,False,all,98.85,Q9SMU8,10.95,0.0,52.67822647094727,0.0
4739,/AF-Q9SMU8-F1-model_v1,271.0,False,all,98.94,Q9SMU8,11.05,0.0,36.86135482788086,0.0
4740,/AF-Q9XFT3-F1-model_v1,81.0,False,all,75.96,Q9XFT3,10.47,0.0,93.42677307128906,0.0
4741,/AF-Q9XFT3-F1-model_v1,128.0,False,all,95.78,Q9XFT3,10.39,0.0,80.82689666748047,0.0
4742,/AF-Q9XFT3-F1-model_v1,132.0,False,all,96.69,Q9XFT3,10.48,0.0,107.09899139404295,0.0
4743,/AF-Q9XFT3-F1-model_v1,138.0,False,all,97.77,Q9XFT3,11.61,0.0,55.89521789550781,0.0
4744,/AF-Q9XFT3-F1-model_v1,144.0,False,all,97.72,Q9XFT3,10.4,0.0,76.80565643310547,0.0
4745,/AF-Q9XFT3-F1-model_v1,156.0,False,all,95.14,Q9XFT3,11.65,0.0,73.72270965576172,0.0
4746,/AF-Q9XFT3-F1-model_v1,171.0,False,all,91.51,Q9XFT3,11.53,0.0,53.34843063354492,0.0
4747,/AF-Q9XFT3-F1-model_v1,173.0,False,all,90.17,Q9XFT3,10.46,0.0,110.85214233398438,0.0
4748,/AF-Q9XFT3-F1-model_v1,176.0,False,all,94.23,Q9XFT3,10.15,0.0,49.46123504638672,0.0
4749,/AF-Q9XFT3-F1-model_v1,177.0,False,all,94.35,Q9XFT3,10.62,0.0,98.92247009277344,0.0
4750,/AF-Q9XFT3-F1-model_v1,180.0,False,all,96.5,Q9XFT3,10.47,0.0,99.1905517578125,0.0
4751,/AF-Q9XFT3-F1-model_v1,185.0,False,all,98.08,Q9XFT3,11.41,0.0,78.14607238769531,0.0
4752,/AF-Q9XFT3-F1-model_v1,198.0,False,all,98.11,Q9XFT3,10.37,0.0,89.00341796875,0.0
4753,/AF-Q9XFT3-F1-model_v1,199.0,False,all,98.12,Q9XFT3,11.0,0.0,68.4950942993164,0.0
4754,/AF-Q9XFT3-F1-model_v1,200.0,False,all,97.86,Q9XFT3,10.37,0.0,79.21839904785156,0.0
4755,/AF-Q9XFT3-F1-model_v1,207.0,False,all,98.43,Q9XFT3,10.9,0.0,78.41415405273438,0.0
4756,/AF-Q9XFT3-F1-model_v1,222.0,False,all,92.16,Q9XFT3,10.4,0.0,75.3311996459961,0.0
4757,/AF-Q41932-F1-model_v1,88.0,False,all,75.79,Q41932,10.47,0.0,99.5926742553711,0.0
4758,/AF-Q41932-F1-model_v1,134.0,False,all,95.73,Q41932,10.39,0.0,81.3630599975586,0.0
4759,/AF-Q41932-F1-model_v1,138.0,False,all,96.51,Q41932,11.5,0.0,91.01403045654295,0.0
4760,/AF-Q41932-F1-model_v1,144.0,False,all,97.24,Q41932,11.6,0.0,50.3995246887207,0.0
4761,/AF-Q41932-F1-model_v1,149.0,False,all,96.88,Q41932,10.38,0.0,91.01403045654295,0.0
4762,/AF-Q41932-F1-model_v1,150.0,False,all,97.01,Q41932,10.42,0.0,65.68022918701172,0.0
4763,/AF-Q41932-F1-model_v1,177.0,False,all,91.34,Q41932,10.97,0.0,35.923065185546875,0.0
4764,/AF-Q41932-F1-model_v1,179.0,False,all,90.57,Q41932,10.46,0.0,103.6139144897461,0.0
4765,/AF-Q41932-F1-model_v1,182.0,False,all,94.08,Q41932,10.07,0.0,46.646366119384766,0.0
4766,/AF-Q41932-F1-model_v1,186.0,False,all,96.23,Q41932,10.35,0.0,80.9609375,0.0
4767,/AF-Q41932-F1-model_v1,191.0,False,all,97.87,Q41932,10.41,0.0,96.10760498046876,0.0
4768,/AF-Q41932-F1-model_v1,206.0,False,all,97.2,Q41932,10.38,0.0,85.92046356201172,0.0
4769,/AF-Q41932-F1-model_v1,213.0,False,all,98.24,Q41932,11.03,0.0,69.29934692382812,0.0
4770,/AF-Q41932-F1-model_v1,228.0,False,all,91.82,Q41932,10.43,0.0,74.12483215332031,0.0
4771,/AF-Q42589-F1-model_v1,58.0,False,all,97.41,Q42589,10.32,0.0,73.05249786376953,0.0
4772,/AF-Q42589-F1-model_v1,98.0,False,all,95.48,Q42589,10.45,0.0,118.49250030517578,0.0
4773,/AF-Q42589-F1-model_v1,107.0,False,all,79.87,Q42589,10.45,0.0,131.6285400390625,0.0
